/*--------------------------------*- C++ -*----------------------------------*\
  =========                 |
  \\      /  F ield         | OpenFOAM: The Open Source CFD Toolbox
   \\    /   O peration     | Website:  https://openfoam.org
    \\  /    A nd           | Version:  dev
     \\/     M anipulation  |
\*---------------------------------------------------------------------------*/
FoamFile
{
    format      ascii;
    class       volScalarField;
    location    "50";
    object      p;
}
// * * * * * * * * * * * * * * * * * * * * * * * * * * * * * * * * * * * * * //

dimensions      [0 2 -2 0 0 0 0];

internalField   nonuniform List<scalar> 
25458
(
434.867
432.464
428.378
422.954
416.179
407.787
397.615
385.438
370.607
353.83
342.293
324.541
325.103
325.267
324.854
323.824
322.043
319.323
315.38
309.785
302.8
297.478
201.306
203.725
206.125
208.402
210.669
212.903
214.961
216.67
217.79
218.129
217.88
111.61
112.803
114.045
115.442
117.05
118.878
120.909
123.125
125.495
128.178
131.465
66.142
66.8118
67.6059
68.5593
69.7055
71.0582
72.6256
74.4264
76.4676
78.7466
81.1803
23.581
23.789
24.0665
24.4243
24.8862
25.4578
26.1574
26.9926
27.9863
29.1558
30.5143
145.034
146.843
148.605
150.444
152.469
154.676
157.008
159.401
161.768
163.903
165.552
83.0846
83.956
84.9309
86.0669
87.3982
88.9371
90.6785
92.6179
94.7283
96.9852
99.3792
53.6404
54.1623
54.7997
55.5767
56.5229
57.6472
58.9649
60.488
62.2395
64.2153
66.3491
43.6768
44.0975
44.6248
45.2801
46.0887
47.0612
48.2109
49.5519
51.1067
52.8836
54.8474
36.5202
36.8649
37.3056
37.8599
38.5536
39.3936
40.396
41.5723
42.9484
44.5341
46.3134
31.0498
31.3377
31.71
32.1834
32.781
33.5097
34.3858
35.4211
36.6389
38.0532
39.6484
26.7878
27.0323
27.3527
27.7647
28.2894
28.9346
29.7161
30.6435
31.7419
33.0344
34.5127
15.1093
15.1629
15.2451
15.3532
15.4966
15.6734
15.8937
16.1563
16.4757
16.8507
17.2951
20.8351
21.0143
21.2542
21.5648
21.9685
22.4715
23.0895
23.8297
24.7129
25.7495
26.9316
18.8754
19.0331
19.2483
19.531
19.9019
20.3683
20.9438
21.6387
22.4706
23.4562
24.5985
17.1198
17.2633
17.4617
17.7233
18.0659
18.4966
19.0253
19.6619
20.4163
21.3013
22.315
15.848
15.9788
16.1617
16.4058
16.7243
17.1261
17.6175
18.2092
18.9074
19.7248
20.6581
14.9758
15.0966
15.2654
15.4906
15.7827
16.152
16.6027
17.1447
17.7829
18.5308
19.3871
14.4496
14.5582
14.708
14.908
15.1656
15.4918
15.8893
16.3665
16.9294
17.5909
18.3571
14.26
14.3555
14.4863
14.6585
14.8797
15.1592
15.5014
15.9138
16.4045
16.9864
17.6723
14.5385
14.6197
14.7292
14.8724
15.0558
15.2876
15.5732
15.9197
16.3366
16.8368
17.4324
14.8159
14.8888
14.9878
15.1176
15.2824
15.4905
15.7453
16.0549
16.4282
16.8759
17.4114
15.1976
15.2616
15.3474
15.4595
15.6013
15.7822
16.0042
16.2765
16.6051
17.0014
17.4751
15.4971
15.5494
15.6137
15.6957
15.7991
15.9379
16.1157
16.3456
16.6325
16.9916
17.4376
6.94945
6.96776
6.99215
7.02587
7.07253
7.13801
7.22476
7.34173
7.48681
7.67299
7.89461
6.70586
6.72399
6.75314
6.79036
6.84549
6.91194
7.00436
7.11359
7.26089
7.43555
7.63829
15.4209
15.4692
15.5399
15.634
15.7586
15.9155
16.111
16.3463
16.6309
16.9657
17.3632
15.929
15.9701
16.0309
16.1121
16.2189
16.3526
16.5173
16.7143
16.95
17.2269
17.5593
16.3399
16.3735
16.4179
16.4732
16.5442
16.6352
16.7514
16.8979
17.079
17.2998
17.5728
15.897
15.9319
15.9807
16.0456
16.1275
16.2323
16.3613
16.5235
16.7211
16.9601
17.2452
14.7128
14.7565
14.8216
14.9104
15.0285
15.1772
15.3668
15.5975
15.8803
16.2164
16.5893
14.5548
14.5949
14.6414
14.7066
14.7877
14.9063
15.0626
15.2808
15.5559
15.9111
16.3223
15.6893
15.7134
15.7335
15.7543
15.7758
15.8172
15.8805
15.9949
16.1555
16.3972
16.7139
18.2787
18.2805
18.2601
18.2204
18.1616
18.0874
18.0147
17.9336
17.889
17.8565
17.8955
18.2238
18.23
18.245
18.2591
18.2757
18.2809
18.2727
18.2439
18.1996
18.1467
18.1186
18.0809
18.0883
18.0949
18.1062
18.1176
18.1288
18.1222
18.098
18.0383
17.9537
17.8811
14.878
14.9052
14.9649
15.0563
15.1836
15.3368
15.5094
15.6836
15.8509
15.9927
16.1234
13.6602
13.6775
13.7086
13.7552
13.8246
13.9197
14.0437
14.1983
14.3789
14.5836
14.8111
12.3497
12.3668
12.3921
12.4275
12.4798
12.5554
12.6622
12.8123
13.0035
13.237
13.499
11.6385
11.6561
11.682
11.7163
11.7663
11.8348
11.9329
12.0731
12.2628
12.5139
12.8089
10.8097
10.8355
10.8771
10.9366
11.0175
11.1226
11.2579
11.4327
11.6557
11.9318
12.2528
10.6007
10.6254
10.6677
10.723
10.8017
10.8987
11.0282
11.1902
11.3999
11.6573
11.9517
11.4264
11.4414
11.4539
11.4719
11.4903
11.5212
11.5616
11.6269
11.7167
11.8492
12.0285
11.6994
11.7087
11.711
11.7115
11.7054
11.704
11.7014
11.7117
11.7296
11.7739
11.8528
11.3746
11.3891
11.4011
11.4128
11.4228
11.432
11.4423
11.4465
11.4618
11.4758
11.5247
10.026
10.0452
10.0765
10.1164
10.1689
10.2278
10.2922
10.3601
10.428
10.5036
10.6006
9.31927
9.33381
9.35045
9.37277
9.40166
9.43903
9.48195
9.53234
9.58439
9.64489
9.7211
7.53818
7.56021
7.59674
7.64859
7.72042
7.8113
7.92412
8.05549
8.20675
8.3736
8.55457
35.8472
35.8542
35.8801
35.914
35.966
36.0174
36.079
36.1293
36.1782
36.2074
36.212
37.6202
37.6252
37.6363
37.6519
37.6731
37.6971
37.7253
37.7522
37.7772
37.7857
37.7659
40.208
40.2149
40.2265
40.2399
40.2545
40.2702
40.2848
40.2979
40.3054
40.3
40.2627
43.2159
43.2261
43.2416
43.2618
43.283
43.3063
43.3258
43.3423
43.3465
43.3336
43.2817
48.1498
48.159
48.1722
48.1847
48.1884
48.1861
48.1666
48.1275
48.0522
47.9259
47.7072
6.41119
6.43063
6.45984
6.50279
6.55972
6.63559
6.73135
6.85206
7.00255
7.18613
7.4023
6.57707
6.59402
6.61967
6.65594
6.70505
6.76924
6.85074
6.95334
7.08071
7.23865
7.43003
6.60485
6.62195
6.64919
6.6875
6.739
6.80388
6.8832
6.9804
7.09481
7.23246
7.38902
6.62402
6.64093
6.66514
6.69723
6.73919
6.79251
6.85806
6.93997
7.03719
7.15601
7.29581
6.58143
6.599
6.6242
6.66024
6.70635
6.76677
6.83903
6.92851
7.03426
7.15928
7.30561
6.7621
6.77757
6.7984
6.82574
6.86047
6.90525
6.96
7.03118
7.11473
7.21595
7.33056
6.65579
6.67227
6.69524
6.72619
6.76509
6.81498
6.87494
6.9506
7.03822
7.14562
7.26566
6.86453
6.87915
6.89827
6.92379
6.95544
6.99766
7.04911
7.11682
7.19766
7.30023
7.41865
6.9553
6.97091
6.99238
7.02058
7.05533
7.09998
7.15301
7.22079
7.29959
7.39725
7.50376
7.09734
7.11253
7.13402
7.16297
7.2
7.24766
7.30466
7.3777
7.46124
7.56186
7.67732
7.43314
7.44614
7.46331
7.48629
7.51504
7.55463
7.60282
7.66634
7.74354
7.84009
7.95954
7.66883
7.68238
7.70236
7.7299
7.76586
7.81166
7.8678
7.93813
8.02056
8.11929
8.23222
8.38963
8.39928
8.41306
8.43068
8.4539
8.48343
8.52122
8.56866
8.62806
8.70419
8.79386
8.90679
8.91585
8.93045
8.95057
8.97766
9.01087
9.05181
9.10019
9.15897
9.22971
9.31019
9.57155
9.57846
9.5881
9.60084
9.61766
9.64009
9.66894
9.70468
9.74993
9.80517
9.87468
-289.014
-288.625
-288.105
-287.426
-286.536
-285.404
-283.991
-282.26
-280.162
-277.638
-274.646
-290.737
-290.288
-289.69
-288.913
-287.898
-286.618
-285.03
-283.099
-280.765
-277.968
-274.653
10.2454
10.2516
10.262
10.2775
10.2987
10.3265
10.3629
10.4091
10.4695
10.5462
10.6444
10.7653
10.77
10.7776
10.7866
10.7987
10.8125
10.8306
10.8509
10.8768
10.907
10.944
11.2352
11.2382
11.2437
11.2501
11.2589
11.2678
11.2794
11.2909
11.3059
11.3226
11.3463
11.7072
11.7097
11.7145
11.72
11.7262
11.7317
11.7371
11.741
11.745
11.748
11.7559
11.9925
11.9953
12.0001
12.0047
12.0089
12.0112
12.0113
12.0075
11.9997
11.9874
11.9773
12.0473
12.0506
12.0559
12.0622
12.0679
12.0733
12.0769
12.0795
12.0781
12.0729
12.067
12.0283
12.0328
12.0379
12.0431
12.0472
12.0523
12.0572
12.0645
12.0717
12.0815
12.0926
11.6875
11.6931
11.7004
11.7093
11.7192
11.732
11.747
11.7682
11.7922
11.8221
11.8491
11.3897
11.3982
11.4101
11.4257
11.4452
11.4706
11.4998
11.5379
11.5792
11.6283
11.6805
11.1765
11.1872
11.2026
11.2245
11.2513
11.2876
11.3296
11.3844
11.4479
11.5262
11.6177
11.0983
11.1104
11.1283
11.1546
11.1882
11.2332
11.2855
11.3553
11.4317
11.521
11.619
11.3703
11.3805
11.393
11.4119
11.4349
11.4704
11.5135
11.5746
11.6488
11.7431
11.8559
11.782
11.7923
11.8068
11.8299
11.8597
11.9015
11.9536
12.0232
12.1072
12.2128
12.3287
12.5019
12.5094
12.5203
12.5343
12.5533
12.5779
12.6103
12.6532
12.7074
12.7781
12.8557
12.9996
13.0085
13.0234
13.0448
13.0738
13.1092
13.1515
13.205
13.2651
13.3342
13.4094
13.7215
13.7285
13.7364
13.7481
13.7616
13.7838
13.8105
13.8492
13.8977
13.9605
14.042
14.1541
14.1642
14.1785
14.2021
14.2326
14.2744
14.3237
14.39
14.4647
14.5524
14.6507
15.0637
15.0734
15.0841
15.1026
15.1253
15.1609
15.2057
15.268
15.3466
15.4461
15.5598
15.9187
15.9338
15.9594
16.0009
16.0556
16.1265
16.2103
16.3121
16.4283
16.5634
16.7056
17.9709
17.9777
17.9867
17.996
18.0071
18.0219
18.039
18.0654
18.1012
18.152
18.2203
19.3516
19.3604
19.378
19.4004
19.4314
19.4658
19.5075
19.5541
19.6101
19.6756
19.7522
21.1433
21.146
21.1484
21.148
21.1481
21.1482
21.1519
21.1572
21.17
21.1887
21.2206
22.3896
22.393
22.3979
22.4054
22.4156
22.4278
22.444
22.4644
22.4904
22.5166
22.5505
24.1371
24.1386
24.1368
24.1341
24.1296
24.1265
24.1266
24.1315
24.1451
24.1668
24.1973
25.5593
25.5663
25.5791
25.6005
25.6261
25.6572
25.6937
25.7306
25.7774
25.8303
25.8842
27.9357
27.9393
27.9468
27.9552
27.9668
27.9768
27.9898
28.0004
28.0153
28.0244
28.0342
30.8654
30.8569
30.8445
30.8167
30.7828
30.7335
30.6825
30.6177
30.5615
30.4974
30.4516
33.7127
33.7006
33.6706
33.6238
33.5531
33.4627
33.3486
33.2105
33.0565
32.882
32.7154
35.5565
35.5436
35.5134
35.4635
35.3905
35.2912
35.1676
35.0083
34.8268
34.6156
34.3981
35.784
35.7783
35.766
35.7492
35.7201
35.6881
35.6376
35.5841
35.501
35.416
35.3055
-276.635
-276.401
-276.071
-275.634
-275.053
-274.302
-273.348
-272.159
-270.697
-268.918
-266.808
-279.417
-279.16
-278.803
-278.329
-277.701
-276.892
-275.87
-274.605
-273.059
-271.198
-269.024
-281.718
-281.442
-281.058
-280.549
-279.876
-279.013
-277.928
-276.588
-274.952
-272.978
-270.615
-284.295
-283.992
-283.579
-283.036
-282.321
-281.403
-280.249
-278.823
-277.079
-274.965
-272.437
-286.689
-286.348
-285.89
-285.293
-284.505
-283.502
-282.238
-280.69
-278.795
-276.515
-273.797
-292.125
-291.607
-290.925
-290.042
-288.895
-287.457
-285.684
-283.538
-280.955
-277.872
-274.26
52.7423
52.7502
52.7613
52.769
52.7618
52.7386
52.6831
52.5894
52.4335
52.2028
51.8727
65.4057
65.4842
65.5591
65.6145
65.6293
65.5844
65.4247
65.1083
64.552
63.6833
62.2909
68.1316
67.5586
66.8083
66.2107
65.5839
64.8444
63.9895
63.0222
61.881
60.5084
58.8634
41.0774
41.5197
42.155
42.6493
43.0777
43.535
43.9729
44.3338
44.5629
44.5966
44.4815
42.7454
42.7254
42.7446
42.75
42.6968
42.572
42.3335
41.9496
41.3514
40.4787
39.1703
24.8699
24.8929
24.9221
24.9575
24.9884
25.0187
25.031
25.025
24.9762
24.8715
24.6708
16.8194
16.8402
16.8702
16.902
16.9267
16.9495
16.959
16.9577
16.9257
16.8551
16.7014
8.08775
8.1095
8.13944
8.17878
8.22026
8.27189
8.32593
8.3907
8.45578
8.52476
8.57782
1.40542
1.42441
1.44758
1.47582
1.50363
1.53968
1.57869
1.62853
1.68174
1.73864
1.78767
-4.7449
-4.72438
-4.69786
-4.66068
-4.61981
-4.56552
-4.50325
-4.42356
-4.33189
-4.22328
-4.08577
-10.1372
-10.118
-10.0961
-10.0673
-10.0358
-9.99105
-9.93605
-9.86178
-9.77026
-9.65145
-9.50439
-15.31
-15.2869
-15.2523
-15.2065
-15.1518
-15.0833
-15.0047
-14.9078
-14.7966
-14.6587
-14.4902
-20.0619
-20.0402
-20.0101
-19.9716
-19.9239
-19.8619
-19.7856
-19.6877
-19.5689
-19.4202
-19.2418
-24.8545
-24.8286
-24.7908
-24.738
-24.6714
-24.5861
-24.4817
-24.3509
-24.1937
-24.0048
-23.7885
-28.9461
-28.9234
-28.895
-28.8562
-28.8091
-28.7437
-28.6607
-28.5532
-28.417
-28.2488
-28.0423
-32.893
-32.8672
-32.83
-32.7756
-32.7067
-32.6161
-32.5063
-32.3667
-32.2006
-31.9988
-31.7412
-36.3543
-36.3328
-36.3048
-36.2662
-36.2178
-36.1521
-36.0693
-35.9629
-35.828
-35.6592
-35.4725
-39.9062
-39.8856
-39.8566
-39.8137
-39.7621
-39.6965
-39.6165
-39.5194
-39.4005
-39.2614
-39.1179
-42.8221
-42.8083
-42.7944
-42.7749
-42.7549
-42.7244
-42.6852
-42.6319
-42.5554
-42.4566
-42.3147
-46.194
-46.1813
-46.1665
-46.1432
-46.1161
-46.0793
-46.0337
-45.9732
-45.8936
-45.7931
-45.6558
-49.4475
-49.4374
-49.4286
-49.4164
-49.4022
-49.3802
-49.3472
-49.2993
-49.2267
-49.1281
-48.9884
-53.171
-53.1581
-53.1422
-53.1205
-53.0921
-53.0542
-53.0023
-52.9349
-52.8421
-52.7233
-52.5565
-57.0064
-56.9911
-56.9715
-56.9465
-56.9126
-56.8664
-56.8028
-56.7181
-56.6026
-56.4525
-56.2493
-60.7516
-60.7324
-60.7073
-60.6751
-60.6324
-60.5765
-60.5029
-60.4086
-60.2846
-60.1312
-59.9303
-64.1194
-64.0986
-64.0714
-64.0355
-63.9892
-63.9279
-63.8478
-63.7446
-63.6075
-63.4326
-63.1953
-67.3301
-67.3105
-67.2863
-67.2554
-67.2167
-67.1649
-67.0972
-67.0085
-66.892
-66.7485
-66.5784
-70.1946
-70.1773
-70.1566
-70.1305
-70.0991
-70.0567
-70.0017
-69.9292
-69.8326
-69.7127
-69.5386
-73.2255
-73.2086
-73.1871
-73.1602
-73.1278
-73.0866
-73.0335
-72.9653
-72.8748
-72.7603
-72.602
-76.375
-76.3599
-76.3404
-76.316
-76.2862
-76.2486
-76.2003
-76.1385
-76.0563
-75.9513
-75.8041
-79.924
-79.9085
-79.8888
-79.8644
-79.8339
-79.7957
-79.7463
-79.6843
-79.6042
-79.5058
-79.367
-83.5011
-83.4841
-83.4612
-83.4304
-83.3915
-83.3409
-83.2751
-83.1926
-83.0831
-82.939
-82.735
-87.3259
-87.3074
-87.2838
-87.2537
-87.2138
-87.1616
-87.0914
-86.9991
-86.8755
-86.7124
-86.5169
-91.4151
-91.3926
-91.362
-91.3198
-91.2652
-91.1934
-91.1029
-90.9874
-90.8432
-90.6731
-90.466
-94.837
-94.8152
-94.7888
-94.7525
-94.7062
-94.6416
-94.5575
-94.4449
-94.2996
-94.1151
-93.8655
-98.3695
-98.3452
-98.3127
-98.2684
-98.2121
-98.1372
-98.0425
-97.9191
-97.7631
-97.5627
-97.3028
-101.581
-101.558
-101.531
-101.493
-101.447
-101.381
-101.296
-101.181
-101.031
-100.835
-100.578
-104.936
-104.911
-104.878
-104.834
-104.778
-104.702
-104.607
-104.48
-104.321
-104.119
-103.869
-108.052
-108.027
-107.994
-107.95
-107.895
-107.822
-107.728
-107.606
-107.45
-107.253
-107.009
-111.189
-111.164
-111.13
-111.086
-111.029
-110.957
-110.866
-110.751
-110.609
-110.436
-110.217
-114.148
-114.124
-114.091
-114.047
-113.99
-113.916
-113.822
-113.702
-113.552
-113.363
-113.113
-117.296
-117.274
-117.243
-117.2
-117.145
-117.073
-116.982
-116.868
-116.724
-116.547
-116.334
-120.62
-120.598
-120.567
-120.526
-120.472
-120.403
-120.314
-120.201
-120.057
-119.878
-119.644
-124.186
-124.162
-124.127
-124.08
-124.017
-123.935
-123.83
-123.696
-123.526
-123.311
-123.034
-127.595
-127.57
-127.537
-127.491
-127.431
-127.348
-127.242
-127.103
-126.923
-126.694
-126.406
-131.051
-131.023
-130.986
-130.933
-130.862
-130.768
-130.646
-130.487
-130.284
-130.029
-129.713
-134.252
-134.224
-134.188
-134.138
-134.072
-133.984
-133.869
-133.719
-133.527
-133.288
-132.983
-137.429
-137.399
-137.358
-137.302
-137.227
-137.128
-137
-136.834
-136.624
-136.359
-136.013
-140.413
-140.381
-140.338
-140.281
-140.205
-140.103
-139.97
-139.796
-139.574
-139.288
-138.92
-143.24
-143.207
-143.163
-143.103
-143.026
-142.922
-142.789
-142.614
-142.393
-142.11
-141.757
-145.938
-145.903
-145.856
-145.793
-145.712
-145.604
-145.468
-145.29
-145.067
-144.785
-144.437
-148.287
-148.253
-148.206
-148.143
-148.065
-147.962
-147.833
-147.668
-147.462
-147.204
-146.881
-150.772
-150.739
-150.691
-150.626
-150.543
-150.437
-150.306
-150.139
-149.934
-149.681
-149.366
-153.167
-153.137
-153.095
-153.038
-152.965
-152.869
-152.748
-152.594
-152.4
-152.158
-151.854
-156.006
-155.977
-155.935
-155.876
-155.798
-155.698
-155.572
-155.416
-155.224
-154.991
-154.694
-158.687
-158.66
-158.622
-158.573
-158.507
-158.423
-158.313
-158.175
-157.995
-157.764
-157.446
-162.012
-161.981
-161.936
-161.876
-161.794
-161.689
-161.55
-161.375
-161.15
-160.861
-160.492
-165.206
-165.175
-165.132
-165.073
-164.995
-164.889
-164.752
-164.575
-164.343
-164.048
-163.678
-168.364
-168.331
-168.287
-168.226
-168.146
-168.038
-167.897
-167.715
-167.48
-167.182
-166.802
-171.273
-171.242
-171.201
-171.147
-171.076
-170.983
-170.859
-170.698
-170.482
-170.209
-169.848
-174.257
-174.227
-174.189
-174.141
-174.079
-173.997
-173.886
-173.74
-173.541
-173.287
-172.941
-177.324
-177.294
-177.253
-177.202
-177.137
-177.055
-176.946
-176.807
-176.621
-176.386
-176.053
-180.594
-180.568
-180.534
-180.493
-180.439
-180.372
-180.278
-180.158
-179.987
-179.761
-179.427
-185.202
-185.164
-185.11
-185.043
-184.952
-184.841
-184.693
-184.51
-184.265
-183.956
-183.544
-189.768
-189.722
-189.658
-189.581
-189.477
-189.349
-189.178
-188.963
-188.679
-188.317
-187.836
-194.778
-194.727
-194.65
-194.553
-194.42
-194.257
-194.045
-193.781
-193.441
-193.017
-192.467
-199.701
-199.645
-199.571
-199.48
-199.357
-199.198
-198.986
-198.711
-198.347
-197.882
-197.267
-205.446
-205.375
-205.269
-205.127
-204.934
-204.689
-204.376
-203.984
-203.498
-202.899
-202.163
-209.713
-209.644
-209.555
-209.436
-209.278
-209.066
-208.783
-208.414
-207.937
-207.332
-206.577
-214.363
-214.286
-214.176
-214.026
-213.828
-213.567
-213.234
-212.807
-212.274
-211.612
-210.803
-218.252
-218.174
-218.063
-217.919
-217.729
-217.478
-217.156
-216.741
-216.222
-215.567
-214.754
-222.797
-222.71
-222.584
-222.413
-222.186
-221.89
-221.518
-221.049
-220.477
-219.777
-218.935
-226.439
-226.35
-226.223
-226.053
-225.828
-225.534
-225.162
-224.689
-224.104
-223.368
-222.455
-230.512
-230.419
-230.287
-230.108
-229.872
-229.565
-229.179
-228.693
-228.094
-227.353
-226.479
-233.952
-233.858
-233.725
-233.544
-233.306
-232.995
-232.601
-232.099
-231.477
-230.7
-229.73
-237.309
-237.215
-237.082
-236.904
-236.666
-236.354
-235.955
-235.442
-234.797
-233.982
-232.974
-240.36
-240.263
-240.127
-239.942
-239.697
-239.376
-238.964
-238.436
-237.769
-236.926
-235.884
-243.346
-243.246
-243.104
-242.911
-242.655
-242.315
-241.879
-241.319
-240.613
-239.722
-238.625
-246.253
-246.148
-245.996
-245.789
-245.513
-245.149
-244.683
-244.088
-243.339
-242.399
-241.246
-248.944
-248.835
-248.679
-248.47
-248.191
-247.826
-247.357
-246.756
-246.003
-245.053
-243.881
-251.109
-250.996
-250.838
-250.626
-250.342
-249.969
-249.483
-248.859
-248.064
-247.058
-245.796
-253.762
-253.638
-253.456
-253.212
-252.883
-252.456
-251.907
-251.212
-250.338
-249.255
-247.939
-255.377
-255.251
-255.08
-254.848
-254.544
-254.137
-253.614
-252.94
-252.087
-251.017
-249.701
-257.723
-257.59
-257.405
-257.158
-256.831
-256.402
-255.852
-255.151
-254.272
-253.178
-251.845
-260.281
-260.139
-259.942
-259.679
-259.33
-258.876
-258.293
-257.558
-256.643
-255.52
-254.155
-263.013
-262.858
-262.638
-262.344
-261.952
-261.443
-260.797
-259.991
-258.991
-257.766
-256.265
-266.008
-265.837
-265.6
-265.285
-264.87
-264.336
-263.657
-262.809
-261.755
-260.46
-258.894
-269.208
-269.024
-268.771
-268.441
-268.008
-267.446
-266.729
-265.82
-264.684
-263.272
-261.55
-272.865
-272.657
-272.372
-271.998
-271.505
-270.867
-270.044
-269.017
-267.725
-266.152
-264.256
-292.969
-292.355
-291.558
-290.532
-289.211
-287.564
-285.547
-283.117
-280.201
-276.73
-272.654
-293.142
-292.395
-291.436
-290.208
-288.641
-286.704
-284.349
-281.523
-278.146
-274.141
-269.477
-292.304
-291.379
-290.207
-288.725
-286.854
-284.557
-281.79
-278.485
-274.56
-269.931
-264.522
-290.017
-288.832
-287.357
-285.519
-283.231
-280.45
-277.125
-273.183
-268.53
-263.054
-256.695
-284.544
-282.96
-281.044
-278.689
-275.802
-272.325
-268.196
-263.322
-257.598
-250.902
-243.261
-275.202
-272.905
-270.324
-267.196
-263.397
-258.891
-253.591
-247.42
-240.247
-231.952
-222.607
-261.341
-257.426
-253.577
-249.122
-243.814
-237.616
-230.482
-222.345
-213.096
-202.741
-191.795
-247.513
-239.657
-231.957
-223.738
-214.378
-203.756
-191.909
-178.85
-164.63
-149.829
-135.471
-148.771
-137.856
-126.068
-114.137
-101.477
-87.9506
-73.7778
-59.2861
-44.8624
-30.8858
-17.529
245.005
246.612
247.631
247.693
246.928
245.245
242.53
238.6
232.896
224.96
218.904
-12.9849
-12.9609
-133.499
-97.7638
-77.3094
22.0575
52.4387
53.3833
1.69367
-209.656
5.61939
5.83186
6.96645
-115.923
-82.3092
61.1961
4.18068
-148.508
-96.0003
11.5275
44.543
34.7994
-14.5821
19.3539
-154.85
12.5399
-221.728
100.774
28.6795
-12.3712
12.9728
-109.897
-0.182059
2.24844
-63.9272
-2.38827
-1.78716
7.7356
-112.197
-88.1596
-128.006
-10.7027
-3.0043
-60.8657
148.371
-52.8563
-149.934
0.271862
-17.5282
-10.8914
-150.366
-136.8
3.59887
-149.371
-62.1883
31.151
7.52915
-95.2605
34.7755
58.1704
25.3454
11.8165
25.8244
-108.288
-2.13844
0.844852
-11.6801
-7.19732
4.10112
39.2951
42.6853
-144.898
-9.93859
11.196
-169.362
-2.84905
-68.7934
0.645752
28.8573
-5.68205
-55.8827
54.3555
2.45098
29.5787
17.1791
0.425253
-82.7272
58.3882
-6.69888
-0.0226739
45.1796
37.3673
36.9814
21.6599
-10.0815
0.0743558
-14.2665
16.0663
1.80279
3.16611
2.18943
31.8472
9.27898
4.50072
25.5785
2.72594
5.20688
-6.19002
-34.7472
55.1541
65.0028
4.44118
-149.749
48.7793
56.7985
-99.4193
16.4647
6.14981
51.1078
8.78227
2.6024
-79.3502
1.06147
-130.51
40.4256
-229.765
10.8561
-16.9589
47.7183
-0.368802
-2.32987
11.3331
5.1802
33.8318
-155.111
-150.902
-41.2887
43.2022
11.0244
37.4238
-40.7298
-10.2661
7.67995
9.56716
-44.6073
8.81947
-143.974
-57.3274
-36.8829
48.5972
-107.561
-18.9121
6.99215
79.5063
-84.2563
-4.81043
-7.0676
-3.41475
-7.71385
50.3451
-50.8762
-45.4533
45.0271
9.47009
24.1665
-102.689
20.4661
4.52447
20.7035
-2.78939
-169.238
31.4927
69.3868
-2.37107
1.61619
14.9133
-15.6558
23.8734
22.1711
-29.7232
-5.11218
9.73968
17.1943
19.9085
-84.0885
31.9746
-1.98849
10.6686
9.98927
89.7181
-8.04305
-5.02464
6.77295
-64.5839
-35.6128
-1.2255
27.0365
19.8749
-95.1631
-3.58451
-68.3058
19.8863
-41.4788
-129.187
-61.0117
71.6237
-152.295
-10.5666
33.454
-3.84564
-56.6914
34.3746
-61.5008
7.85859
10.3968
33.2258
2.2189
-88.7257
-13.7107
45.9495
-78.0454
34.2531
-78.7721
-12.6532
40.2849
85.7228
-1.37645
5.9523
21.8363
5.12809
-148.055
-5.09209
-74.1648
75.7576
14.3186
21.6761
28.9947
0.721438
-3.63016
-169.52
70.2069
27.3686
-18.972
-77.4762
20.7056
-79.6723
21.606
-86.0136
-14.2848
-106.986
15.6858
-145.488
9.13214
5.27757
-26.1787
89.7912
6.05989
39.1979
16.2687
21.0357
18.491
-2.559
4.71764
1.97581
9.76641
63.4572
13.2328
-20.931
-112.703
2.34744
37.1292
-24.9102
-3.80099
3.94641
6.35319
-2.44929
10.8753
3.09781
26.0908
-61.4739
77.0704
-135.8
15.276
26.5455
-22.8929
13.1405
-38.2979
32.8465
30.9545
10.6884
-172.081
-3.68366
30.5663
6.38373
-8.96896
-152.553
32.551
5.27506
-242.812
30.3853
14.9323
-107.307
8.64862
-5.19788
5.82412
9.32571
-9.35792
-114.963
-162.359
-79.0107
-2.49513
60.2233
37.6394
-17.1422
-98.2819
26.222
-127.325
14.9659
0.384029
-71.664
31.9707
2.58319
-2.45664
-95.0239
36.4539
14.6809
49.1241
1.04937
-79.7111
-38.9281
72.3806
11.4055
0.370584
53.7629
-100.178
32.1105
-39.4645
16.1806
-1.90561
-2.34504
30.8521
8.33969
-38.9919
18.4851
19.9372
0.0305533
3.69431
-92.896
17.1712
32.8391
-102.872
-76.936
265.964
-8.12305
-171.491
-89.695
-115.396
-67.7977
-76.7983
34.643
12.796
-40.5103
41.2157
-1.06498
4.23063
22.6808
-19.273
-7.16303
-94.1043
-2.63843
-6.67856
34.4791
84.9103
-8.13723
44.1545
-14.4249
-13.3166
9.83859
8.64905
9.69414
-120.967
-84.9789
-13.3982
-14.3816
14.8782
-0.650454
38.9333
-4.35697
-8.60942
21.8332
5.19777
33.5331
-12.3344
-12.58
10.0871
25.6374
262.044
-4.96365
1.26414
4.19888
12.8467
13.322
-2.64315
-53.2227
-148.776
-134.031
9.75567
15.6355
33.0924
-3.67875
-164.29
-7.32581
2.99622
53.1146
2.61568
-119.458
-35.8646
-12.8916
1.77776
-82.96
76.9561
-5.25611
8.72266
-63.0693
55.6169
-2.10133
56.3873
-83.2195
-229.248
22.9415
-136.527
7.55085
46.7169
5.73869
-20.8552
-0.211882
20.304
-61.6276
36.9276
11.0779
-1.97681
-114.869
8.79406
32.1643
-168.917
27.9958
6.14518
1.9575
-169.519
-2.02559
35.7668
-147.016
-0.345876
0.109963
-34.351
4.65526
100.12
-27.0848
1.09857
16.047
0.502968
11.5444
54.781
21.4923
11.1852
82.1136
38.4118
47.29
55.6266
27.0495
20.5391
53.0536
84.6114
-1.48893
47.1959
-1.38648
30.5598
45.94
6.78105
1.81532
1.72803
-0.63853
-7.11664
67.0623
-3.97321
18.9039
-2.32682
2.56073
-5.60278
-6.39912
-104.351
-29.6093
4.79652
17.8992
-11.8229
1.41269
20.0881
-9.15616
-38.0826
52.0394
73.0574
-4.29495
-0.863235
14.7654
25.9206
29.6626
-18.9117
56.3342
-1.04547
23.2796
-21.9818
-1.42902
91.6185
-32.5456
20.7373
36.2487
30.4962
31.6797
-2.13334
-147.486
12.5816
27.0066
10.0873
-2.55135
-14.5433
-166.667
9.63867
2.79978
-53.677
62.958
-105.719
-2.08709
8.56402
0.317858
40.1768
7.18856
-77.2235
-114.411
-249.69
3.41522
-10.3664
39.5883
7.28168
16.332
-131.86
41.3276
-3.46267
46
17.5642
-31.2893
19.1257
8.56368
6.67883
126.686
-140.735
27.4406
-31.1944
7.48768
79.689
-2.91873
-38.6416
67.8396
-10.5249
17.1887
-0.532482
61.5779
9.69279
9.19847
1.38316
-6.55581
0.328084
-175.385
50.1622
22.6401
27.1545
91.1337
1.62048
7.02164
42.9811
6.56373
43.4433
30.5408
72.1739
19.0842
-3.86689
8.34689
11.0165
-0.798876
17.6829
6.06732
-36.1199
41.1602
-69.5285
-12.4326
151.768
12.1125
-3.03116
-109.286
-146.827
-23.245
-8.564
3.33861
22.9088
20.1335
-40.2502
-0.252769
-48.293
22.9126
1.83915
53.9707
1.68404
-84.9854
1.58685
37.9574
-80.4607
1.89377
21.1745
17.519
82.1095
73.783
-19.7894
23.364
53.9203
13.3943
1.24779
-92.9143
18.4348
-100.442
8.30084
19.0275
-43.046
-9.80691
-56.6825
20.5965
25.7577
-8.35749
-67.7555
6.13158
-0.513235
50.8929
1.84623
20.0703
7.90581
9.10744
43.8425
22.1254
-104.527
61.5914
1.72184
33.8846
19.3665
-126.834
41.7187
-15.2059
-1.43139
28.596
4.62229
7.66088
-133.698
14.8464
-15.1064
23.8528
-167.174
181.408
5.26439
-68.72
24.1293
-0.65244
-39.3973
11.4851
13.5499
85.6898
0.129157
-0.738363
18.1107
66.2287
86.689
-116.129
-118.437
31.9512
-2.22807
-62.6042
22.3713
2.62799
-137.614
-6.48722
-3.87526
-59.6015
-2.82845
14.3999
2.3235
-36.0907
14.9352
-13.0002
-9.81548
23.2013
-154.551
22.026
1.08581
8.74363
0.66339
-114.702
1.14663
12.5948
-113.759
-89.67
-106.01
21.8854
-64.7485
36.7968
-3.30428
-133.132
9.76713
-144.92
-82.0989
-132.094
-176.086
-69.7614
45.6859
46.7925
5.33208
4.25738
33.7988
-154.849
-21.3284
19.2108
-155.454
47.7974
3.3017
21.9865
0.755009
0.736324
3.09698
-20.254
7.09689
12.8216
7.69506
50.254
-4.34722
-32.2557
4.66503
11.693
41.355
74.2576
0.568255
10.2364
-22.6027
-79.3794
5.45042
10.4187
87.2093
44.3095
-15.4059
3.18298
-36.7746
58.9638
3.00338
-16.9103
1.54179
-108.357
67.8765
-6.30236
-33.4859
85.0361
-6.09696
77.7804
24.1404
9.30088
15.7492
3.16109
80.7508
83.4983
-119.296
-74.1576
33.2328
-58.7321
0.0461548
22.3166
76.4437
-75.6869
-2.6328
-8.90337
8.18547
4.32066
-55.2189
-19.1994
-4.43355
70.5907
57.1838
0.20623
-131.912
16.5884
1.2055
3.5324
37.7169
-48.3672
17.9439
3.16411
-2.61167
-48.0562
-68.2883
23.5092
22.5509
20.6436
6.64798
1.44436
-63.3232
-100.229
20.795
-1.3247
-141.004
19.2614
28.7205
1.17
-128.932
-14.3416
-7.57421
19.015
-3.206
84.1956
23.434
19.6771
-14.3232
27.8102
-5.97206
-12.9505
-2.00825
19.2519
4.43553
32.0184
5.56322
5.04879
326.162
9.52699
-51.4056
2.68069
-124.873
43.405
1.95893
66.1907
24.1012
8.10275
2.50783
-0.086629
2.80964
69.0668
28.5757
3.95139
2.64044
-14.6089
7.4346
25.82
1.96105
8.63861
71.0041
-4.9877
11.6974
-4.9459
24.5351
-87.8469
285.583
32.0205
-135.384
-0.660865
4.68681
-32.9742
69.3768
6.98598
12.3176
-80.2524
19.6497
-89.8024
22.6783
7.34771
27.7265
13.7498
45.0784
19.1774
4.56307
-2.33522
-92.172
3.82443
10.3514
-26.4523
-2.48471
71.4987
22.1193
-6.74777
19.4762
195.019
-25.8399
44.1118
10.2601
-148.841
-13.087
39.021
23.7366
29.7739
-0.277849
23.1425
-38.6463
61.1173
31.8728
2.5631
-166.105
8.49176
4.05609
7.84966
-0.28411
23.6488
6.2412
-113.557
-8.93763
79.6616
-115.511
26.2836
-135.04
-23.7283
66.8492
23.2446
26.1606
15.9093
44.4897
15.1103
50.2893
32.2982
76.0912
-84.1323
-134.233
-32.6788
9.19462
-9.70323
-108.923
-221.628
-102.781
-77.825
-4.55062
-0.0497662
9.38718
-41.9932
-2.70203
17.0261
7.54416
-3.23493
81.7221
145.949
40.091
28.09
39.5314
16.2729
33.194
14.985
7.70489
251.956
-43.9666
9.34599
43.4255
-18.8427
27.3556
19.1974
-1.05486
-135.51
33.0341
31.5673
31.9148
-0.24183
-0.594595
31.8297
-19.1679
25.1635
23.4167
7.24421
4.43121
18.8213
62.0674
9.20877
-0.0955725
-90.59
-197.354
31.5326
-8.40654
-75.7434
-1.35031
-74.1593
-7.8098
-41.5604
-78.5159
-83.9182
4.04912
-120.343
6.02084
-7.61937
14.3614
-68.6505
17.4476
1.64064
10.5779
8.14078
-12.182
12.277
16.0247
57.328
9.07807
11.973
-200.525
33.8933
16.6225
101.564
16.9576
45.089
-12.0053
-0.524111
-81.645
-1.83016
1.79769
-3.99011
41.0098
59.7307
37.1149
26.9956
44.0511
69.5611
-6.28459
-232.576
72.6407
-46.2017
-11.6573
2.99635
-1.49915
-106.21
35.0362
23.0295
21.6913
-84.7981
19.7144
30.3982
-68.8519
-15.0377
-35.5623
14.976
24.3604
3.25058
4.29372
-3.66445
-106.353
45.3211
1.78375
-1.83367
-37.4057
245.453
-42.4725
10.6076
0.831058
51.9324
0.422927
4.89039
3.02681
71.7071
71.1326
18.4547
-65.966
40.3789
-82.7614
1.08198
12.8564
1.39087
7.90609
-5.48363
1.37402
16.7473
9.57238
86.7285
56.7947
-4.5445
0.950338
1.68255
-216.326
35.6845
-90.4359
-85.1342
33.1496
4.33612
7.32467
4.64809
-215.425
-8.01121
-99.344
19.0089
7.28933
3.56834
-2.54939
-0.953684
3.38894
101.903
71.1529
33.9453
6.14614
31.421
92.9744
2.55667
-1.61448
49.9698
-36.2689
-8.656
24.2061
-41.5155
43.871
-2.779
-170.656
-6.57628
-152.293
1.00145
-1.96154
2.61781
-3.12322
-90.7964
-3.62016
-40.056
-17.605
4.88037
-66.205
-14.914
13.9686
44.644
0.712033
5.94071
73.7491
-125.272
16.7416
-16.918
-63.8418
21.7857
22.637
-152.69
-82.0853
20.9286
58.2447
9.48724
10.0654
17.2833
1.60504
-89.7267
3.20155
-3.58643
-9.26576
39.2231
34.271
32.3632
32.804
5.70847
17.6434
33.3498
91.8434
-53.3709
18.6639
-91.6396
6.27515
82.9921
-175.173
85.0502
61.0134
3.86373
-72.1498
2.79306
-151.587
3.13131
24.6568
-183.361
13.4764
-61.6087
44.2378
11.8608
-16.0495
3.5782
-101.062
-32.5537
1.26253
-48.791
17.9761
-1.27901
24.1227
1.54915
-1.14269
-68.5751
-102.487
-102.089
54.3774
-77.7541
-77.4062
3.08296
43.1968
-95.8263
6.92886
-76.1992
-27.8922
-233.328
-104.26
3.65803
6.06671
15.068
-51.9602
1.99181
23.1288
-3.31043
57.3781
-37.2286
31.789
72.779
-4.98559
85.988
35.3404
8.27109
-7.98897
-80.224
-108.655
4.96632
11.0115
13.5318
8.97775
3.00924
-147.338
-2.07885
42.4238
29.2259
-9.81314
41.3228
69.6995
-83.6018
16.9169
25.3605
-9.94867
-24.2636
5.39896
12.4237
57.5266
-4.04536
70.7268
-9.50271
55.1143
31.6186
-70.3305
17.1629
-17.1442
55.7282
-6.28605
56.7789
-15.5137
-82.6442
-0.234723
-7.46058
30.198
39.459
-48.7527
3.91669
-87.1605
-129.72
50.2074
37.8274
21.0794
18.9918
6.06782
-37.2867
74.7648
23.9523
-160.92
5.98434
1.13244
42.7223
-0.895954
15.5868
-181.824
7.88908
-74.8468
84.2301
88.1329
17.7675
-54.8671
75.8478
-109.81
4.7989
-8.66545
-1.88739
1.71769
-149.43
12.6675
33.3119
222.499
-1.06451
-17.274
68.3084
5.16402
60.8241
14.0243
25.1983
-237.985
4.227
26.4378
0.871832
10.9378
-0.602055
-1.49462
-0.928485
-79.4416
10.0394
25.9813
23.5348
67.7117
29.5972
-146.377
13.239
-170.814
1.9121
-71.0443
4.06418
-106.519
9.11565
1.8519
69.2308
-137.318
-1.27278
0.0973427
-4.94883
83.8541
8.2582
2.01865
46.1606
0.966963
-103.237
18.0109
33.9172
-60.4392
4.97262
77.1201
77.7927
4.79057
-101.112
-164.51
14.6339
-4.13285
-133.691
-16.5519
-133.948
5.14246
-96.5638
1.21917
0.202449
21.2629
10.7248
30.9868
0.212479
7.42224
-74.0933
-149.546
6.47579
-4.23961
4.68442
9.9712
20.0158
133.885
-4.31462
-150.46
14.8933
15.2429
-130.59
6.76576
4.68455
30.9486
14.4177
-3.55034
23.8332
20.3873
1.72374
1.62721
-38.9785
14.922
-11.7777
-15.1836
-3.08693
-2.53035
-18.3193
91.8518
-158.608
-47.906
-26.4229
-146.669
0.497463
-1.77619
-1.11074
32.7229
10.3771
-1.29039
-58.3232
-71.6294
21.8753
-221.305
-127.361
-179.316
-4.65676
-136.034
-164.866
7.58973
-161.359
21.9894
7.52414
26.2847
-41.9474
9.24642
13.887
73.8558
-67.5649
2.41961
31.7103
30.8995
19.6129
-2.0406
13.2342
71.6108
185.871
64.3238
7.55987
0.873752
34.8071
53.7791
-5.01805
-57.1547
-132.153
-18.3762
23.5082
27.9088
-2.59575
33.7986
6.97943
-7.70874
-17.06
40.377
9.47407
-171.459
-0.440899
99.9969
12.5249
-93.3619
32.1798
-138.806
24.6293
1.87168
85.79
-38.8232
-4.87193
-13.3995
19.1865
73.3903
37.5439
-95.2354
33.8673
15.3691
-7.63017
-27.0413
21.6375
7.16511
-4.61953
-82.0485
-18.1945
20.0687
-50.0583
-98.8797
4.92892
-136.29
60.626
15.3062
-119.719
7.60106
-167.635
16.1249
4.27814
-0.0302461
-87.9683
-18.701
5.53019
7.47961
-80.0762
64.5594
-2.91735
67.4742
30.664
-249.346
22.6729
-3.53394
26.6811
47.5168
-0.433774
33.7805
8.51468
11.4869
37.0148
9.60992
-29.3788
-1.40902
-32.5936
-3.58207
-54.9311
-91.4727
-2.38421
-44.402
-25.4388
36.7272
-17.3732
23.0571
-1.89862
13.7104
-172.293
95.8303
1.07675
25.9933
-43.3259
-3.74036
-74.5282
-9.71055
46.3604
7.45555
6.60645
9.55541
-25.2282
57.0618
67.6713
99.3113
86.1215
-59.33
26.6104
-3.99496
-64.8025
-83.1968
99.301
2.19504
16.9717
-18.1471
-102.422
-2.84517
-26.3436
-143.639
-150.632
60.5274
77.2638
-3.49211
98.8184
-47.0382
73.2976
-15.2406
72.9434
86.5246
46.5856
8.3643
-25.0856
14.6273
-17.3123
-132.726
-160.523
-143.459
60.0245
4.55581
-19.3033
14.3915
-2.41453
-78.0797
23.835
7.1299
-11.7641
-166.697
5.92696
-0.812222
-80.1946
-0.342863
-0.330138
-18.622
11.4126
31.1264
-35.2209
10.1049
-3.46786
-50.9033
-36.5097
25.6524
32.8245
-1.85749
19.1451
26.6326
72.8922
-71.7912
8.10745
-63.2913
-2.68622
-76.1033
0.635845
2.66127
36.2404
-64.2354
19.3532
-3.09916
-98.6677
32.7418
6.83182
-7.42141
-93.6886
-76.6013
6.46557
0.165065
137.726
-81.4161
14.9995
6.04102
25.7861
-39.3169
17.9997
73.7578
11.9606
-0.571444
63.8179
-1.61773
56.1248
-104.846
17.9997
2.24426
1.19135
-152.928
-80.6547
34.4005
0.993882
2.55233
30.6564
-112.724
10.9177
-6.51244
53.8123
34.9394
-48.1826
22.9043
0.479838
-68.5915
89.2032
-157.625
17.5712
68.2528
51.3446
32.1651
-1.37079
-2.73448
50.8176
-119.126
32.4371
-125.62
16.9561
15.1402
-89.2303
-165.526
15.6897
1.65678
-135.899
-94.9886
20.0223
27.6509
0.119492
-12.3636
-47.5795
-176.204
1.71307
31.6354
-1.99756
-3.95823
-0.0459894
-15.8896
18.0248
-16.6784
-115.134
4.08787
-0.703702
-121.039
11.5675
28.1729
-3.57093
9.8009
-2.19187
10.9065
9.07228
90.6166
-0.923057
14.5661
23.5352
14.1969
25.231
86.216
-148.062
-144.129
42.6467
72.1663
14.9411
6.92007
-0.511573
-0.68862
-1.92859
-114.439
57.7441
14.4892
59.1671
-0.7967
66.72
-160.184
-77.8896
-58.3142
-41.5637
13.4471
-154.837
-2.97151
24.7363
17.4719
31.1098
28.1289
7.03606
14.1076
-146.895
12.246
-247.142
-9.37347
-8.43736
-134.113
17.8887
-104.746
-55.1442
22.5456
-0.349028
15.2738
8.60373
-44.3099
134.906
40.0136
-182.731
-3.84204
49.1093
-2.47907
38.5995
20.8816
1.11591
-86.9653
47.6648
13.5084
-147.151
19.1812
-0.266589
-1.39973
130.698
1.15827
-4.42896
47.1522
34.3637
28.4873
-96.4164
-127.109
13.0294
12.6775
-7.67727
-0.470026
-65.9035
21.9609
-31.8066
101.162
17.6534
-5.71835
-93.757
17.9412
-44.5504
28.5571
65.5262
-41.0106
17.8304
-35.7607
-97.8401
-0.376297
21.0745
0.645163
1.64464
43.2809
32.686
-116.531
75.7703
7.71922
84.7463
3.80491
84.9004
-10.3996
67.9488
29.3652
1.63691
-50.2048
9.76885
14.7912
14.9897
1.09821
-9.33367
42.3885
-70.0464
-7.25887
18.7065
3.15119
21.4808
67.3139
5.44496
1.94801
30.3637
36.2295
12.1316
12.5569
53.3527
9.11626
10.9077
-136.83
9.64568
-37.2088
-106.698
-132.996
54.1309
14.1975
11.9835
-0.512856
32.6736
6.07027
-96.8806
-55.5524
-132.399
19.6025
47.1758
-2.43953
1.17045
-45.2946
-34.3068
17.58
1.40821
5.22229
15.1212
0.902808
5.23318
14.166
10.8734
5.34944
-8.80714
11.4452
7.6423
-1.66991
-115.404
-2.86757
27.2135
-150.806
4.28537
9.30779
-2.92708
72.796
1.22783
4.00157
16.5534
16.0509
17.1899
17.8911
15.5316
-159.461
-1.48875
18.6743
-138.26
48.4309
0.782156
36.6995
34.9194
-4.22145
12.7189
13.1699
4.34876
1.44881
-4.7831
5.11611
3.2199
-39.8732
-6.51415
10.2335
5.34603
47.4766
-213.847
12.0831
-15.1491
1.38247
-150.041
-112.043
19.4028
-64.5349
-2.30197
17.6326
-11.9006
142.143
-48.1009
0.509498
28.8021
-0.778952
-19.0415
-116.098
25.876
19.4869
28.4059
3.26294
23.2187
-63.9552
32.2176
20.7082
-127.763
0.642567
-79.2623
8.77965
-119.901
5.47276
-6.36298
58.1483
-8.18677
11.4432
13.8972
1.58532
79.6428
-2.8538
1.88916
78.111
18.5623
36.4177
4.61516
76.792
-13.1049
39.6856
-6.57858
-3.15397
-2.30844
-11.3594
-6.33382
69.951
53.7195
-27.3645
-6.66425
15.8172
24.9061
50.261
20.9918
-3.87506
-10.5194
-86.629
7.25866
170.008
-11.697
-15.2732
-2.68057
-30.9324
-3.12432
6.97082
-62.9481
-70.3326
-114.256
33.7076
7.76415
-82.2498
15.6916
-254.61
23.0482
47.1243
23.9641
-3.63668
-0.94104
132.374
51.6573
-223.725
-23.6523
31.1282
30.4407
-110.479
39.3147
-55.5849
-0.856678
-37.3397
79.21
77.6034
80.4826
13.132
-1.41279
20.5766
53.0144
1.73379
26.075
22.9968
-148.065
0.666093
25.5017
-127.81
31.0718
25.7216
28.3078
46.9352
31.2397
-2.1567
-9.29078
45.3562
0.539705
18.3692
18.0522
75.9295
16.4396
-149.488
8.25083
-3.06673
-0.825921
-1.89748
88.3677
-2.88958
74.4596
2.69323
-147.989
-2.57382
0.195606
7.78495
-2.11938
0.974397
-43.1711
-185.993
-147.401
-130.352
33.2616
-1.98232
28.8344
65.6736
75.7347
-6.25863
-0.33433
10.3587
-4.54481
-3.19746
-185.162
25.5284
18.8096
16.7973
49.4959
54.4446
1.02278
56.8288
32.6454
28.3397
-2.31599
-125.01
-103.781
-67.5434
-241.301
-98.3091
-124.818
-76.3044
0.59917
5.25126
1.00368
10.8845
10.4155
21.1904
35.5416
-144.866
22.2357
58.2829
35.1641
33.121
-78.4989
3.2388
-70.5144
6.73356
-14.8637
16.59
-36.2039
23.9097
9.66018
68.0506
22.1222
-66.6375
22.28
15.351
147.079
6.4655
-3.10177
24.0792
14.1268
-4.1503
15.4562
15.921
-25.1784
10.1603
16.4033
15.6115
16.9638
-139.31
17.6218
-10.2317
18.3566
10.2186
-66.5597
29.495
17.8547
-8.19201
-19.4141
-106.61
21.5883
-150.141
6.88869
34.8422
15.1101
-0.214137
-8.51599
19.2231
62.4116
6.82724
77.3137
10.7092
36.0857
55.6841
-156.132
5.84986
-13.3006
25.8113
26.3723
28.3462
6.71962
17.8396
46.6291
99.1923
-81.6651
25.0755
-0.647296
42.966
-14.0605
12.3857
20.7772
-1.36968
58.5818
-31.5748
20.8695
18.6553
0.793058
1.31068
-41.144
-13.1461
20.3798
18.9273
5.46308
5.19393
-3.18756
17.3636
13.5236
-33.3103
-8.63429
11.6092
30.7933
2.02488
-0.0585449
5.63736
9.68641
-0.189224
-1.65491
25.386
-19.8461
40.3259
17.6904
37.666
34.3036
2.57583
-6.51391
35.8962
-134.428
-13.3866
18.1396
-28.4259
71.5133
3.8176
-94.1785
60.0835
48.1041
48.0662
5.70214
-48.4622
62.1717
5.23443
-3.07968
7.41785
55.4753
5.134
27.9622
1.04614
-3.75698
36.6529
33.9174
-74.3959
66.5263
-172.94
-113.152
19.2883
60.1135
1.64621
-16.704
57.7672
37.1726
3.06175
2.41763
-1.27627
29.0257
5.44873
74.7018
-20.6166
-9.87015
-52.7613
-7.28899
14.613
-8.89521
1.3412
4.1065
-27.0546
1.49371
5.48614
-47.8222
1.91324
11.126
-6.1108
8.5432
22.6876
-70.0848
-123.847
-3.44144
0.905834
4.76758
-40.764
29.7978
32.0736
4.13906
-6.67123
41.6508
-14.7192
9.46475
-91.2126
7.61675
49.4236
-73.4014
29.054
53.1952
-2.07286
40.3807
14.4849
26.9019
38.6791
6.20862
16.4339
-4.12255
34.3169
46.3346
35.2051
13.2633
18.2967
-47.5785
0.263449
-65.9267
33.8569
28.4786
-31.4012
31.0812
6.32362
20.215
87.4824
4.86916
94.5177
8.66405
59.9265
58.7254
-147.017
2.55546
71.9797
73.3854
29.0559
0.62966
3.05331
24.4538
16.9746
43.7092
12.6986
16.8137
-86.9092
-235.654
-81.2796
-6.91249
47.9164
60.515
74.0915
-42.0447
-91.7198
1.14954
33.413
-6.73402
0.0952663
8.27175
-44.0426
-100.976
71.4965
23.7259
13.2691
-17.9495
-29.2955
-61.336
11.7439
-109.106
17.6685
41.8988
-116.7
-145.903
12.768
-122.993
-141.467
15.8102
-128.48
32.1696
-12.9269
-3.97617
16.8058
71.7517
-233.6
16.6507
17.91
1.70084
38.8673
-13.6514
30.0389
-84.9354
53.8987
60.7708
-118.592
9.77528
-82.7115
0.591117
24.8312
-38.3394
-103.367
-153.609
12.4629
-85.9256
34.9316
19.0249
80.1299
32.0061
23.837
5.87207
-120.465
-64.5069
4.40755
-1.57785
0.657211
-111.288
44.0667
11.2255
30.0946
1.89604
-3.22112
-7.23415
10.6895
22.6665
3.99587
0.942045
3.96658
1.24354
22.9983
84.5768
10.5521
-8.22935
2.05828
14.1348
4.91912
-6.96316
-6.16766
-10.1078
-47.0714
5.12527
11.8713
-3.61708
0.462808
81.6659
-2.33083
20.0338
-11.5021
-124.959
-7.07597
19.1854
4.21498
53.1515
34.2534
69.6675
-241.859
-129.96
30.9836
-8.64384
13.9301
24.059
30.4305
4.76506
1.48379
42.5976
6.51343
-15.2821
45.2351
49.2809
-5.48807
-4.42798
-13.1349
11.6443
41.7761
0.039608
-2.62815
-131.115
27.8139
56.7455
-47.8088
-58.6428
10.398
8.39489
-86.7287
-10.6474
-62.2655
5.22274
-29.5042
-45.0745
18.6191
3.71469
58.6924
60.6311
18.8714
68.7466
-111.742
-64.3053
-32.8475
-25.4243
-2.65316
-159.231
51.0494
34.3452
31.9903
29.7337
-15.2072
-8.32091
-159.695
-1.72362
-57.9783
-1.33172
-9.37819
-51.7943
-31.205
-110.217
-2.78867
-132.532
-182.748
-53.6571
2.47429
-44.7503
22.789
-56.1026
21.1171
41.2833
15.5493
2.02146
0.897157
-1.88222
8.62654
-63.2269
16.4462
45.1593
-122.13
5.25695
8.8635
18.711
-4.62308
-9.25524
-51.0624
3.80813
-134.788
3.47287
13.8564
-147.885
1.35426
-125.493
17.0033
-78.008
8.3328
4.51578
-110.605
-0.0158717
-164.091
-61.7204
62.7254
-3.61161
66.8507
-3.27573
8.36088
-42.5462
-3.9946
-148.658
28.9255
-103.908
-0.810493
14.1996
10.2246
79.1274
-180.182
-1.28353
16.8391
24.3335
34.8785
72.3211
-40.0774
42.0237
-2.16398
-145.734
-38.2107
-11.6541
22.7027
10.9233
30.2307
-23.9816
0.513032
10.6504
7.24703
3.00064
8.54222
73.5541
71.7453
-130.959
19.4562
-7.2747
10.0701
-102.938
32.9246
8.47824
-174.296
-163.117
-1.40204
-58.9653
3.19389
11.5145
27.1039
14.5283
-7.5439
5.31639
22.3644
-23.3946
-6.03333
-55.6984
-159.539
18.9461
-3.93843
12.7668
15.8809
3.74881
24.3532
15.5229
15.9337
82.8331
-50.361
-95.7471
21.0286
92.4435
11.4527
1.52143
45.9666
-43.7051
-73.3849
5.82988
-178.535
-11.1079
48.6383
1.26932
6.63171
14.145
12.9736
-2.83884
-132.795
12.2974
60.5293
-104.02
5.56168
12.132
-3.76035
-1.68385
46.2395
-162.88
-98.3612
13.3347
-5.115
47.5603
-9.68474
63.1243
-35.4704
-14.807
16.8999
-0.857792
21.9889
11.1616
22.4496
-101.379
-186.948
78.7114
14.2879
6.47489
-7.84874
4.81829
-16.2074
8.80752
32.1355
88.3359
31.3735
-8.75757
15.0612
-108.613
67.1182
-37.1076
62.5564
60.9623
66.086
17.5078
27.4357
32.303
28.6931
-108.589
-6.48901
35.8166
66.607
-17.9523
-1.62532
-3.92285
6.67989
-62.463
0.242697
22.6433
6.70578
8.6977
12.5312
-34.6783
24.3101
-0.769342
-14.5487
-97.0883
1.38637
-43.1524
-49.5227
56.1148
-3.18058
-46.0806
26.7187
-0.948822
-47.1374
2.51891
12.2671
-21.6583
-11.1025
-163.413
83.9558
-5.93823
39.5282
36.1789
-3.76345
36.7099
-218.908
36.0574
-13.7083
-110.006
30.3917
14.6218
-70.9396
13.4856
-5.75251
-112.027
1.09012
-57.4686
-7.1107
-20.6234
-1.75701
30.7056
-108.113
16.409
6.94472
-103.662
6.98726
-0.778451
-93.7534
-8.5316
3.17345
60.2169
24.21
25.8661
26.405
-15.1838
37.0066
-0.929354
-14.1873
15.7126
-43.1157
4.32984
-99.1502
-5.98308
19.7911
20.8473
25.0433
-59.6352
6.35442
0.255546
71.2846
13.7791
-51.8551
-79.0185
10.986
44.3227
-11.054
-44.9999
32.4106
-1.72457
51.848
-78.1221
-153.482
-5.58811
-5.04191
6.9254
42.8387
14.3829
37.8315
208.388
24.9524
56.0196
30.1387
28.4543
-0.65883
24.4148
3.18825
-2.31736
16.2039
-38.0517
9.43107
7.43608
-117.826
10.092
6.98396
-91.9177
6.16433
-15.0555
52.1612
2.85205
-3.472
30.8534
2.97255
19.2621
6.63508
-36.8797
19.6672
5.33967
-130.013
43.1749
24.5732
2.20866
10.3122
13.809
16.0186
-26.3646
35.2819
-12.3492
6.24769
67.9502
5.58878
7.66284
10.0255
13.9931
2.99175
0.12258
-15.1606
-12.7281
11.3026
67.9951
-36.4744
11.2965
59.229
5.66044
41.0299
-3.15221
41.2975
-3.01442
-74.6358
17.0597
-46.6993
65.4994
-1.80808
-5.04622
-86.8973
-54.5196
-36.4381
54.5478
-80.6266
-36.5139
83.1131
-58.7486
29.5225
-105.997
29.4918
1.6292
12.1504
85.804
-40.8656
-30.5775
-13.8571
23.1375
8.37203
-161.078
12.4089
-1.70863
20.8482
14.4214
35.7524
5.28178
24.1119
-0.978893
1.64499
-3.05201
0.0760181
0.857055
-150.438
-137.301
-42.2437
-3.55632
83.2126
15.1391
1.75301
28.1512
70.4073
44.4635
19.8733
22.6063
183.611
51.3047
56.839
14.56
-2.95002
-55.3238
-1.90791
-130.336
-5.75136
30.7723
7.89079
-2.19759
37.7343
6.61056
13.9793
19.9042
-0.237551
21.0442
6.41157
65.5929
20.3187
-8.01791
3.84919
30.6765
9.43464
0.733899
-3.35614
32.1181
39.1512
-12.6991
4.03388
-19.3536
-151.017
35.8588
5.54328
29.2621
20.3236
7.65617
30.1767
14.2399
40.3807
51.7891
7.34975
-14.516
-4.23578
59.5197
-15.9232
-4.15634
16.2806
-96.7386
7.60354
55.2548
-42.5835
-103.66
40.4289
-38.5103
0.115119
78.7208
39.9177
-3.12032
3.737
3.36722
14.9086
1.00061
2.66109
15.3763
1.77942
10.2957
-40.9087
7.93691
-185.643
-33.8714
-74.2637
-2.54071
3.40448
-107.487
31.4817
71.3215
1.57854
75.7778
31.3604
-134.739
2.08723
-2.32616
54.1821
-1.91589
15.9301
-9.28272
37.7905
-69.9227
99.2574
78.7698
71.0266
-6.12934
33.5776
-3.94657
14.7576
-9.88304
33.3282
31.5053
56.7477
-56.1222
-177.106
-104.909
-121.641
56.7323
-122.652
-2.25655
-25.9148
27.9718
-10.4555
-2.15677
19.0191
-97.5796
-1.69269
49.5742
-132.865
48.7927
-6.94531
40.1629
-34.7002
6.38967
-12.7446
-69.4997
-90.4939
-138.331
30.7574
14.7181
-58.6732
-2.93272
-21.7147
-147.161
8.69047
-94.5537
19.0625
18.7418
42.348
10.6666
-52.5135
30.9116
26.7326
35.3625
72.9679
-114.271
16.2599
12.7522
-30.3493
59.5028
-151.48
26.211
-87.5521
-4.27233
-1.94121
-106.785
5.49215
10.0773
-156.071
52.2632
24.8976
82.5373
-12.2888
3.26304
-43.8653
-12.571
1.77017
2.24614
72.1139
38.6047
4.86223
-23.547
10.7739
58.1108
23.8871
-33.9432
76.0976
0.729902
-71.7053
-16.7037
34.8088
-28.6485
-119.233
-0.357416
-6.68608
29.1602
55.3405
-18.7713
-131.902
73.8332
-41.9995
70.2813
33.1653
81.7942
-174.875
16.014
-40.3883
18.6993
72.2296
0.632882
20.3705
-4.30651
64.2465
50.0667
38.5835
-144.494
15.1458
35.3925
-2.92074
-100.179
36.5212
96.4469
18.5413
-52.9755
-186.243
-16.8387
-2.65628
28.9416
3.42638
-66.6988
24.1403
-67.1957
-143.789
30.1412
-145.159
0.132827
3.45307
-139.742
-15.3932
-99.3563
6.25022
-2.05906
-0.528228
-0.421182
-46.2942
-2.80318
-57.0302
6.39886
-11.6188
83.9797
8.05831
15.206
58.5397
47.343
-6.32476
-2.08434
-117.195
23.3135
82.444
-35.5027
6.01923
16.018
6.98883
-145.189
-41.6919
7.39675
50.4678
-150.763
-52.9141
-0.926777
-16.9593
24.0917
6.23874
4.3215
7.49004
25.4195
28.7447
-41.1862
8.02589
14.5914
-42.2059
44.466
-25.2341
29.4154
5.94813
-155.853
-19.2114
-12.753
-161.706
16.2463
62.814
8.78379
-10.2823
14.6675
-144.777
-86.0382
5.30965
-40.4361
9.65419
11.0581
59.3663
30.654
-165.84
64.2937
26.1261
6.06218
1.42501
-117.115
2.01539
24.9057
15.7693
52.6053
-15.9109
-131.654
21.4782
1.17282
34.731
22.183
21.7387
2.3951
57.1452
-51.5221
19.8645
-158.672
-9.7867
4.10871
11.2954
-44.8994
-1.07906
-8.35033
-141.571
-3.92691
-3.62604
-37.618
-14.5124
0.338975
-40.1645
19.4138
-22.28
20.9209
-33.5848
-20.4358
0.246423
36.6405
57.8754
-17.7942
27.2765
-138.066
6.48839
-12.599
-146.154
10.3844
9.80152
7.56224
-4.93833
2.03072
-15.3303
20.5817
32.5062
33.717
0.684236
-117.502
7.88843
216.119
60.349
5.85892
3.83478
43.461
4.17095
-2.53957
18.7109
7.69482
-162.56
5.5186
-33.9016
-9.42385
-2.10206
53.0233
-110.064
15.2453
2.76097
-67.3499
-3.02593
-39.5027
54.6124
-74.8488
-140.583
-26.2023
35.5362
22.5873
13.5588
71.8665
74.7099
-114.533
23.3623
2.25928
12.7565
5.12276
11.6523
15.8343
14.4126
-54.0146
-9.18863
-154.397
65.5283
30.1508
10.4345
7.13101
-5.70511
143.46
1.42887
-143.881
-93.1557
5.36847
-1.8991
8.72611
2.79703
1.49975
19.3505
-14.6563
1.7228
0.540643
-177.936
12.747
-5.84275
35.6197
37.6185
40.4596
-13.1489
33.9362
-1.82073
39.1355
24.1007
-104.68
22.3582
-8.03898
-47.469
-0.304012
-1.50558
-2.76329
7.60465
-18.9393
-114.116
5.66996
25.7497
-113.625
1.86549
12.0311
17.3316
-200.767
-0.813435
-38.9888
-3.39176
94.1656
27.4847
38.0378
36.0646
-146.478
0.331061
-93.4638
35.7356
-35.5077
35.2095
24.2399
-148.441
4.2914
2.42348
7.54679
9.53789
16.5813
-57.1962
14.9285
-148.095
6.21815
29.6667
58.145
28.1819
-45.4358
-21.7617
53.2797
-67.492
-69.3888
-4.66051
27.1555
-2.02035
0.907669
5.58731
-24.8222
-72.7858
1.82997
11.7596
13.036
-2.48275
-1.34716
19.1819
10.7863
15.1983
56.3897
10.7308
-117.807
18.24
-59.9296
-20.2109
28.25
-60.8689
-6.67345
57.2981
5.76548
-111.259
-182.923
72.3497
85.1535
16.2975
-50.6305
84.5515
-113.157
-133.843
6.3061
0.441384
-154.815
40.5704
-15.8813
40.4936
-84.7625
54.174
29.2751
8.62539
-3.37102
50.4097
57.2359
10.4366
3.04525
29.6634
14.8138
5.80331
8.28495
-132.708
98.2399
95.7931
-57.0142
4.149
-9.35186
42.3353
0.0929593
17.7048
69.3655
52.3528
33.9631
-52.719
-62.5078
0.457375
-24.9303
41.9055
13.5165
2.43723
-4.2366
4.10406
-43.5981
28.0054
16.934
-116.835
132.517
-115.714
4.70158
-183.01
-229.595
-128.138
55.2121
28.4822
5.48539
-1.71488
13.1365
14.3802
12.9552
7.62957
83.3771
13.7611
50.3803
13.3691
-36.1197
-62.3525
-68.339
8.46626
18.9979
8.11786
20.1815
-190.177
0.887523
46.0474
48.7495
153.392
-236.236
15.1537
15.2268
42.181
37.5667
41.5107
34.6598
-1.74689
46.1361
8.87106
48.2258
45.026
-6.15501
24.2745
-40.8192
44.5146
84.9306
-3.58271
-57.4516
-1.76764
-4.62886
42.4161
227.966
13.1096
8.56172
40.3265
-38.1582
1.07629
21.2469
38.6698
9.08656
35.4248
36.9227
32.6971
45.8829
33.9811
-40.1487
33.1512
-1.57529
-35.7252
28.0831
11.9938
76.6248
59.4803
-148.953
31.4456
10.7986
-233.469
-3.37725
-0.275257
-14.1331
18.818
37.4563
2.08395
5.30405
-18.8079
-55.458
23.5228
-3.45063
68.8432
25.3676
31.5818
-15.7812
14.2321
-89.0552
6.33006
65.8608
29.6294
-25.4429
-152.701
4.78204
69.5254
-153.255
81.0055
7.31337
-47.1734
-0.268512
11.1636
-88.8622
-29.8756
30.0629
3.86623
32.3769
-180.721
5.36235
82.7753
20.6427
-1.06196
-99.8903
19.7882
2.47369
16.3703
27.8235
1.2209
62.7609
15.8668
46.1764
58.8308
-4.04476
-132.588
-14.1202
-160.293
-7.94732
25.9797
-13.6734
-158.529
11.3785
-123.012
24.1097
-70.2669
7.59871
22.184
-4.0232
48.9366
19.9527
1.18118
9.77853
75.7407
2.01898
-4.41537
15.7178
3.49188
-39.1162
27.4616
18.9036
-111.972
-80.0366
4.5809
-1.92963
5.88055
-50.3726
28.7843
39.8152
7.79916
1.21193
-0.66983
-77.5853
-108.728
12.5006
-14.076
-71.5074
-231.81
-53.6702
-3.21415
-59.6904
70.8823
-0.715353
16.1537
16.3254
70.4016
14.444
10.7492
-251.196
-11.1997
-0.860803
-13.7599
-157.973
-15.5959
-132.329
-99.6161
-71.3276
2.42912
50.4189
13.7242
59.6136
-2.50793
2.50454
2.7452
-6.88867
29.9938
18.7471
-142.778
9.32352
-6.16422
29.0882
-82.9919
-8.83542
4.22234
8.91304
-29.8463
17.1629
-1.84397
40.1962
-75.8542
21.8007
-2.36955
13.6032
73.4536
14.4007
-3.94092
86.8984
42.8832
-252.032
-3.51436
-156.836
2.00061
51.605
51.8098
-129.113
-36.7446
-101.736
-81.1742
29.6102
2.38125
9.94469
14.5669
84.3461
-4.51357
22.3965
-44.0256
4.40653
-7.98998
-52.652
-148.442
67.3834
10.8008
-110.063
54.3466
-146.892
-30.8449
-86.3693
-61.581
-77.3477
-42.9796
-2.09079
54.293
49.3662
17.3452
-23.869
7.1695
76.2015
6.21232
-0.381367
-1.41504
-3.88907
28.3654
-91.1718
-134.838
14.6004
3.93633
-136.758
8.98871
-1.62679
5.79812
40.8775
0.506207
-48.6458
26.5322
46.5332
-96.0199
-58.7219
6.24631
-175.921
14.6295
5.42061
39.8274
83.9098
-48.3152
-123.332
62.7349
4.30035
28.6674
4.39348
-108.117
0.934703
-1.74992
-100.369
62.3351
-0.108916
-60.4889
-20.3126
-8.55736
93.2701
-55.3768
48.1509
-46.8659
-151.789
-17.782
-104.355
30.8322
8.89498
-70.2221
-61.5105
19.0758
-2.60613
18.4548
24.6583
-108.538
23.6872
65.5312
13.3458
-64.7099
10.4578
-17.1364
12.9655
13.4524
-109.721
-112.205
0.43893
-98.2832
59.5367
52.759
8.28762
-73.1729
-55.2923
-7.42984
-0.330951
8.17415
-134.517
11.6796
10.3938
15.4607
-115.958
-83.0497
72.1384
-26.5695
54.4785
14.9863
16.9475
15.9652
13.7315
-29.1152
61.9396
-43.8544
60.9551
-119.287
77.3645
9.10297
5.83856
-30.5279
1.3698
9.03654
16.9723
-12.6472
23.7094
1.92019
-7.67097
4.18205
-122.387
70.0793
17.3721
-146.586
16.6096
24.8954
-106.501
45.6856
64.9345
32.3827
-81.2202
22.2537
-33.1803
17.1487
44.3412
33.224
-83.1712
13.5803
-10.1494
41.3839
11.8318
-19.8095
-13.4726
-179.691
-125.134
23.672
-153.406
-127.927
-16.4543
22.6161
-2.36597
-82.3045
81.8385
22.2076
48.2081
-71.9926
41.1149
-163.202
7.99985
8.60725
42.1577
70.1822
2.29973
17.6467
36.8709
19.3746
16.3015
72.6068
-2.49624
2.22942
-4.67174
4.23345
-3.82854
33.4411
20.0016
4.64415
-59.138
16.534
54.9007
0.209134
-13.0561
-97.9544
73.2944
-17.1991
5.36109
-2.78793
-35.3779
47.9084
-89.5642
-56.189
32.4273
29.7813
9.54159
82.4847
-1.17706
-78.8633
-76.4629
-6.77624
14.0945
-6.47896
14.2407
7.1272
65.555
-157.855
-15.5717
-54.6283
29.1734
41.7811
14.932
46.5076
-0.249693
12.374
-62.9094
15.9545
-1.19157
-3.47584
78.5687
32.8203
9.7139
32.7193
2.51891
-38.7779
-110.856
82.4865
58.186
27.3318
1.38192
45.1667
48.4279
5.8457
23.9347
-258.778
-76.4462
-24.7711
14.1313
58.7115
40.2138
79.0528
-233.759
48.5152
9.66244
14.2443
-129.917
6.68106
7.21166
-162.169
-162.725
-25.1486
-24.0857
91.7126
93.7505
34.4816
-145.572
20.7904
8.49647
6.08681
-8.77777
44.599
19.2449
8.17005
-55.6277
22.7228
-60.7287
-121.432
-68.9159
9.30314
81.9254
0.473169
3.55709
4.90279
10.6391
6.27017
58.1976
17.4375
58.3411
30.4898
13.7642
28.2205
-138.069
11.1164
28.9809
7.28192
5.72728
-143.366
40.9496
6.66917
10.8633
10.3063
35.9241
-27.6176
82.7426
3.10097
-7.97075
23.2882
13.7385
1.5932
0.100409
111.463
31.06
-84.9885
3.09749
0.734466
14.1453
3.67625
-2.0154
-75.9086
-64.5565
-21.0514
17.1701
21.2977
-40.4878
-113.002
11.2338
21.0708
-95.4201
17.7207
2.743
17.4144
-5.97695
-169.581
6.43925
-63.802
-173.974
-1.71342
1.62298
63.3168
42.5453
20.7568
10.9977
12.4958
30.0966
-2.33971
17.2488
-1.032
-149.544
15.4531
-0.0310177
1.60499
19.5072
30.0237
23.6474
-73.5498
5.6639
32.2577
15.8883
-24.8366
-175.95
16.3675
28.0927
14.8334
19.524
30.7036
20.603
30.9628
-26.5996
26.6683
-0.258193
-7.60872
6.63106
16.6125
-1.66313
18.0428
21.6901
2.27261
7.86174
-128.422
-1.30764
-28.7278
-62.3419
-10.8633
33.6833
38.346
-135.404
62.0842
6.37743
12.5889
-0.481984
-154.049
1.9643
35.8119
-7.8648
50.5064
-34.1225
-0.876248
26.1534
36.2971
11.4038
9.9733
0.915298
0.752326
-106.968
3.0776
88.6895
-1.45094
46.8929
9.0548
9.57609
12.289
-127.21
1.25802
15.6591
-34.6081
56.4276
29.1261
30.406
74.5895
64.8937
14.699
3.13057
-77.2831
85.3162
1.80002
5.34147
-6.5702
-10.7603
-15.2821
-1.04995
19.6582
-149.945
8.29726
6.12704
-128.331
-55.2048
70.1004
8.21854
57.3643
-261.888
-3.41833
13.8282
75.3343
15.358
-23.7204
-12.638
-20.2337
-0.437715
-0.66184
17.7119
2.31524
-0.806908
54.5536
7.14056
-23.1842
-109.177
-17.0339
-6.61532
35.6041
6.77216
-0.874607
38.9655
-3.13619
-111.128
-56.9267
-4.04182
-77.9801
-22.1531
3.83658
-177.625
-140.335
0.71593
-3.83823
7.6902
13.6311
15.9149
30.4514
12.2457
-32.6875
-6.60058
-14.9704
-129.202
7.33261
-87.7191
-9.67868
-49.3284
-21.9273
61.6233
13.368
39.7576
-147.232
4.51584
17.5972
-79.6808
-5.2898
-136.071
-15.6636
31.6657
-53.7287
-51.6769
24.6552
19.4521
34.2841
3.0678
4.94951
11.3781
-169.05
-120.523
69.0154
-135.014
-163.965
8.82224
8.08678
15.1294
48.8359
9.50028
26.6286
11.4193
51.4811
-99.0855
29.47
24.8459
55.3686
18.0266
15.0616
15.3751
23.5722
42.7918
-37.2709
-15.9994
1.93077
14.4483
95.6354
91.6851
-81.6258
12.0403
0.182989
-10.1935
23.5381
14.5671
2.41658
18.6688
-22.0989
-67.757
54.6628
-1.68104
76.4611
-124.6
50.4116
59.7974
-89.0733
61.7406
-16.1634
-7.43846
-146.56
53.8693
29.9363
-25.0274
8.68808
47.7788
-0.315857
66.0795
68.3895
-91.0908
-17.5896
3.70125
-109.668
-41.2203
-70.5936
4.59628
24.5499
-11.0202
26.5238
82.2936
22.3296
20.568
-12.9055
-3.54736
-77.9294
0.3125
-12.1461
11.3766
5.28298
11.3116
-22.0449
26.7809
-80.9381
85.296
-139.546
10.0787
84.713
-8.14488
39.3712
1.75455
2.70926
-11.0934
-19.7126
-22.3397
-177.795
-29.9489
30.0416
-134.573
-2.59556
-174.139
9.74084
-180.305
59.3947
-46.7014
-10.5555
-128.85
41.3022
219.863
214.584
20.7787
38.4181
7.99678
16.2066
21.1298
17.5989
64.8435
-74.847
5.15053
39.1458
-65.9751
-129.02
-0.479188
-79.7109
-5.64137
5.65815
64.9056
10.0556
0.090495
0.758089
-8.08152
-136.083
19.1841
-112.518
-59.6136
4.73545
-4.25153
-146.905
-11.7922
29.242
79.5111
8.42916
18.8499
-2.16302
7.42702
6.87544
7.61524
-178.107
16.5736
-178.777
-57.8482
-1.51977
-33.5993
-63.8355
63.7436
-153.586
79.5632
-260.786
5.53589
-86.076
9.59988
31.3218
12.3364
-76.0604
7.11452
-2.44868
18.0047
-14.6266
-54.6507
-9.96487
18.9456
-75.4696
-10.9915
33.607
-13.4799
14.5418
25.876
69.8067
15.1956
-195.352
3.02639
15.1798
1.86224
13.1709
-31.5564
23.022
-1.9905
53.2093
47.123
-20.4456
-2.30422
22.6622
-10.369
-41.0505
7.15447
20.0842
16.4527
-16.446
6.88605
-3.16863
50.7059
30.0986
18.6143
-172.294
-2.46404
-29.4237
57.1533
76.968
-0.271315
20.229
43.0792
-14.9915
-18.3317
-69.6702
20.4707
193.549
49.4448
-5.27686
5.8517
79.8606
1.66008
47.9454
-14.8566
48.9177
15.2487
47.6608
-194.508
-149.73
-133.317
39.3524
-18.6433
2.46835
31.6477
-2.266
11.6046
4.41466
39.9531
6.5253
-136.566
81.487
40.61
-1.35151
-14.5838
21.2408
-195.797
61.0021
7.18427
1.72619
8.41748
1.86899
14.622
10.6856
-33.4635
30.5445
78.6505
-29.1218
18.6204
59.1974
-13.8823
-2.89293
-6.02009
14.8222
9.44238
-155.367
15.3415
0.997313
-3.10173
-126.473
3.76548
0.367857
-0.175367
19.5515
7.00069
40.4255
13.5326
46.0677
64.0198
10.6288
-64.7468
-9.08031
16.1425
-15.4122
-4.38275
26.2625
-119.705
13.6979
-1.3889
55.0244
23.4097
70.8381
31.8041
-35.1237
-2.90673
56.4696
16.0644
47.4253
2.91085
166.194
30.9482
1.81588
4.13858
-8.97055
77.9579
6.18625
11.3597
-178.149
6.93967
-134.655
26.7853
21.3124
65.0828
-86.536
29.3792
19.2662
16.6262
-5.88315
24.0198
7.57785
27.1931
12.7818
41.041
11.3205
-153.008
-55.6901
-85.9241
44.5917
-62.4564
30.1002
-15.0548
3.15389
28.0476
38.6243
8.5197
-34.622
17.2983
18.57
0.222514
-86.7844
36.5648
-198.717
0.628268
81.558
-240.544
21.3458
16.6347
15.1414
-2.74566
-131.783
71.0508
10.0483
73.2436
-6.05572
-14.5271
60.0648
3.42802
-24.7179
47.0092
16.8677
9.58372
18.5349
25.9935
-56.6606
6.44901
-0.375939
-3.01836
16.4521
-0.310248
-143.278
-66.3507
89.8335
47.519
14.3751
76.6645
87.1706
42.6699
19.2146
22.4739
7.4094
-132.358
-101.522
0.57356
-79.5416
12.6433
-46.8969
-173.84
29.1348
58.9118
-0.785639
-142.875
0.425476
-137.487
10.4228
71.396
83.6812
3.68751
15.152
48.9141
5.88449
-5.81719
6.33485
-25.9929
29.6392
42.5098
27.4694
-0.814799
-96.965
5.21804
68.8559
-150.231
75.2862
-0.665342
-20.1948
-117.904
7.76095
22.1342
14.1186
-143.519
-81.9456
57.7744
3.52847
33.4162
4.35869
-79.3846
20.6262
-99.7648
-37.4702
-2.87905
-44.7909
-87.2337
-1.6637
11.066
1.1031
2.15586
-30.9794
47.3305
8.81471
-144.023
-7.71643
-26.2002
18.4834
49.5111
-1.21582
8.63585
-38.619
-179.966
12.3928
9.29823
63.4896
19.8823
-58.1571
0.486518
13.2595
-0.267604
71.7448
61.8811
-0.954133
-5.09111
2.64908
8.55549
-93.4072
11.0584
16.4886
-79.6925
-8.74891
-7.37402
10.4068
-143.833
15.0784
47.1943
0.0920146
-109.092
-5.25894
-46.9751
0.685249
5.94962
-57.3434
-1.447
26.0502
-95.6356
8.0332
25.406
5.53082
-1.54751
5.20933
29.0454
-129.088
15.8026
86.483
-126.773
-4.28764
-141.89
43.7855
-158.118
-10.7542
5.35641
9.00233
82.1229
-95.2024
-31.633
-23.7055
14.7937
12.2861
25.9763
6.22788
4.51949
10.4254
-136.96
-54.927
17.2043
-5.50957
72.6695
7.60736
-103.096
34.5754
43.5792
-44.8483
75.4711
34.8534
68.5575
5.7233
-6.06192
32.6726
2.24886
73.337
37.233
16.1633
-14.0184
-3.27126
6.70201
-39.3651
80.8153
77.4407
-4.31254
65.3307
25.5977
6.63986
11.6214
-109.875
-29.739
56.4929
9.5497
3.51513
29.7655
4.62477
1.10231
-15.6499
-17.1041
-6.72546
-0.528901
-131.194
-126.561
-124.986
82.959
23.6821
-129.713
45.7454
15.1661
9.51663
24.1777
15.9785
-177.897
51.7001
28.1476
17.0034
-33.6045
-84.5954
-88.3124
20.4267
4.09419
12.9974
-52.9291
-4.21079
59.3062
27.0222
56.0046
46.3029
2.18016
-22.4198
10.7734
-2.5282
19.6777
31.4804
-247.058
-219.398
-44.3535
45.976
-6.94506
-2.75401
12.0012
11.0797
-3.54196
-105.234
97.208
80.075
-7.73502
-133.401
-0.300721
8.64744
1.8779
-7.79886
-25.7618
4.30001
23.0949
-71.7223
47.7153
-147.214
4.86083
-25.4796
55.0128
-1.95093
13.9001
44.4653
9.49389
18.2411
5.15114
12.0626
49.9138
8.39429
16.8083
-114.78
5.2286
31.4552
21.8496
16.3694
74.4297
6.63586
42.4309
-173.833
-5.96086
43.1749
-79.2773
61.0197
23.3838
-148.539
-9.86218
-81.184
-13.6014
-126.646
4.52085
-132.754
69.5188
14.3017
-18.3633
1.00894
-100.602
18.714
-2.51541
61.5291
-21.3583
-58.1346
-135.988
15.4406
8.98325
3.75192
0.30239
10.0922
-6.27328
-72.3434
4.49435
-62.3588
-13.764
15.683
58.2774
29.99
-175.665
5.24265
11.9581
25.941
-223.259
1.31291
1.1224
-178.139
24.9292
-3.98895
15.3564
7.77885
66.6997
12.0358
-254.699
9.74038
-1.69864
-191.15
1.33874
7.85416
1.78767
47.814
-17.7744
11.7733
-39.5594
0.141036
-10.8133
-64.8059
60.9689
-24.2264
10.2247
-4.5586
-20.3992
26.0336
-225.214
26.7195
30.4478
142.8
-29.1614
0.85904
-107.098
-101.135
81.5955
-133.231
-68.9037
13.3061
26.3707
55.1349
-138.56
18.5577
-6.52615
-84.1647
-92.3984
81.0757
7.08257
12.6621
-10.6002
9.64554
0.510951
2.68725
22.955
23.2083
-3.17215
2.92134
67.2263
90.4194
-1.76356
-66.3739
-192.292
26.4154
16.8655
-2.27386
5.97144
-12.2372
-196.91
15.4809
14.429
-28.6494
67.0723
-70.1902
13.1163
3.69364
1.86918
25.2083
19.5281
-36.1134
16.7522
-91.0131
-128.444
-78.9628
12.094
4.95068
-113.55
-153.279
8.56054
39.1814
12.0578
80.7126
-13.9211
-23.033
2.39719
-242.932
7.82566
25.0185
9.37376
16.2388
2.36125
48.2398
-180.857
21.1675
-29.313
-132.391
-238.547
5.33661
27.7078
-163.409
81.5168
-23.3204
4.06799
11.8888
28.8114
5.14904
0.329905
-177.748
-3.20802
15.6097
-202.781
55.7013
48.4588
-61.3963
15.336
74.5175
0.286524
-132.609
-9.04295
16.0924
-131.548
0.284874
9.00434
27.14
-131.477
-33.0753
0.199183
29.4317
17.4444
1.04251
-92.9929
48.7388
-154.428
16.7919
74.2709
4.39734
3.08267
-175.588
-56.5581
-1.83754
54.4163
-85.0913
23.0208
-227.142
6.94488
-5.36725
75.0112
5.39827
35.385
64.0699
11.3177
-140.969
20.9111
46.6079
-253.537
4.33674
5.99273
-9.72138
-132.199
45.0628
2.61145
-128.373
-67.2338
81.5866
29.0362
-0.534962
-5.708
0.649631
7.50773
-27.3438
24.2857
13.3663
-3.02427
52.3787
71.939
14.5288
-70.9565
52.5766
17.533
2.09406
8.74425
-2.76669
-8.35765
-10.9163
4.29752
-15.8112
-266.957
13.2515
23.6252
-6.79856
0.807608
14.5861
29.7216
16.4042
39.4439
1.4131
27.8396
-30.0319
15.8557
-50.4389
154.147
26.7772
-248.368
1.93931
51.0644
2.08183
77.1002
-74.6566
79.5891
-9.47169
-168.572
15.0891
12.7874
97.9961
13.1742
-10.5365
34.1254
7.60982
13.9427
12.6506
56.8916
13.4585
4.65197
5.89816
-59.9634
12.146
13.6795
21.2684
47.15
-0.946994
-0.751517
-51.4686
61.6177
-5.44093
-4.66184
-132.09
49.0282
-171.314
57.4704
29.7357
-130.69
22.0012
-7.50401
8.60185
71.9138
74.7189
-35.4095
4.91509
71.805
-1.17247
-83.766
47.0185
-138.518
6.38984
63.0351
-130.771
-9.56179
39.6847
0.287877
-4.14744
13.3258
-9.27471
-249.238
-1.54882
3.01063
-97.4164
12.3301
4.0585
2.90388
29.9905
-6.58945
8.80995
45.5024
9.40982
-154.441
-51.2945
-22.1952
-63.0567
66.477
2.89483
-0.353811
43.1711
9.59092
24.1302
-142.114
9.66965
41.4796
12.4575
5.97656
33.0662
-249.849
5.77287
63.6354
-32.851
-17.5295
-0.347749
39.6092
29.4068
-4.77455
37.9686
2.80048
0.695837
36.2903
-5.4752
14.9308
-2.98364
1.71425
5.59592
33.477
34.8684
13.8442
33.1979
-3.57704
44.7331
-2.79468
104.068
-263.886
-1.39593
11.2158
32.2267
-113.587
-51.636
-2.03326
69.6341
31.7082
2.71608
-67.1164
-120.735
6.62491
-141.475
59.0902
28.5619
82.3953
82.1792
79.2551
-2.11163
0.404267
-2.80377
-12.9612
-12.926
-263.266
59.5641
-174.139
-175.937
-5.18297
6.99546
-130.184
36.2463
-85.5685
-1.89526
12.4762
13.4463
2.38104
-199.372
30.1118
1.60613
-234.043
-109.182
17.9054
-243.227
-2.88497
-86.8377
14.0515
-148.07
52.5795
-1.89553
45.9649
22.7248
28.1071
9.8469
-205.792
-6.58091
19.8814
-84.2379
49.0422
4.25884
-182.501
28.3509
37.5327
-8.40513
2.2953
46.0541
-156.2
-11.9714
13.8731
8.98503
28.4452
-17.369
1.49794
4.8577
30.4592
-128.523
12.039
26.4028
32.2189
-15.3494
-19.4807
6.61821
54.3558
-3.58656
28.9925
58.5208
22.8491
4.01321
83.8022
24.6201
-120.869
6.71609
8.24541
6.36181
22.5723
76.2166
-21.9295
-6.468
20.77
-239.5
11.5093
-108.991
83.1363
-139.09
4.69032
7.08892
8.60966
1.04903
1.41034
6.54769
81.0071
-128.936
-127.507
76.4478
-34.0268
76.5906
49.8951
78.7644
18.2557
19.4678
10.2782
3.89445
18.4989
-4.5729
72.8512
-1.77059
25.851
-142.652
4.64143
-36.5084
77.5753
-3.23208
-24.2402
75.1626
26.6346
-74.2866
10.1387
34.0497
-40.5657
26.8847
33.8782
29.6272
-69.8804
-73.225
-235.246
7.82101
-2.71724
-36.2498
27.9598
31.7422
55.3183
-65.8052
21.1965
77.5416
13.2666
37.519
23.5929
3.902
3.2667
-11.2394
4.97718
1.35659
31.825
80.9063
29.087
-140.343
-3.30377
-106.299
-31.6443
-36.8527
-1.88692
38.8327
0.0495032
9.16615
18.9541
-266.339
-129.8
-180
-138.813
-230.259
-1.0472
-114.536
7.4716
-125.314
16.1661
50.7286
-205.485
-83.9269
82.5579
-255.059
17.1923
-97.6924
42.4405
77.0464
-72.9601
-2.00819
27.9148
12.6977
18.4506
19.5475
-226.812
3.08264
7.61501
16.2407
-2.43294
4.63261
-20.7871
55.227
47.4204
3.46684
73.1962
17.7884
47.4385
-11.915
62.5208
79.7383
78.4442
-139.141
17.3501
14.8431
-225.835
-122.371
-2.47066
54.0399
63.6121
24.2537
-6.6632
-127.376
-251.077
-104.137
29.348
14.4203
-78.198
-34.2475
8.66263
11.4842
15.9677
2.49007
-76.9273
-79.1039
-28.5253
-87.0635
-23.6905
-156.062
82.9454
-148.434
-13.0171
16.1897
0.115889
5.8576
20.4362
25.9676
-1.9035
86.1732
12.0182
53.1271
-83.4842
-213.321
17.7562
-40.066
12.8691
28.19
-130.017
23.5911
1.03532
16.2858
-144.431
58.3856
-79.5643
-141.728
36.9775
-259.718
15.0358
-88.5402
-98.123
-142.996
16.6409
28.8977
-236.608
60.1834
-210.411
30.3183
67.7396
16.5396
-105.862
-133.312
-46.4359
-268.072
54.4838
94.5058
50.8188
59.2439
-155.582
9.15873
-41.6792
-39.5216
-12.8543
-120.622
6.65582
-93.1073
16.2726
-54.6691
5.113
-63.6916
-44.5029
-0.341944
-125.306
-7.69335
23.124
206.415
225.522
-128.916
-3.13325
-51.8509
-97.8673
-12.1334
75.593
15.2252
-6.69992
15.887
-150.244
1.67832
88.0353
72.4986
-60.5181
-55.5476
-248.523
2.53886
-135.243
8.18327
18.9051
79.6261
-260.66
-140.983
15.6193
-102.013
-127.12
58.4133
21.9936
-40.4812
72.8414
70.9645
78.0885
24.374
-120.379
13.9538
41.1482
1.2525
1.26913
-46.0748
0.516979
-58.3465
0.875896
-33.0311
-239.94
78.0115
39.0003
46.342
2.34619
32.0281
-106.106
-147.071
10.3241
21.4991
45.1248
1.45739
-154.649
11.5727
-2.44589
-28.3669
-4.59488
-150.509
17.1981
24.2851
-242.043
99.6954
29.2605
3.64655
-2.88665
47.5824
2.50699
7.04225
-143.225
5.53327
-139.322
0.806216
68.453
-3.81468
-109.914
-98.6849
-1.85217
83.2136
-133.744
4.71298
-175.288
-183.596
18.078
8.19292
-40.9684
-86.1279
2.56353
25.7931
-0.972802
-113.807
16.1956
-1.09
-29.0718
-59.0021
-6.62416
82.7903
-3.94459
-159.033
0.504336
35.3602
18.395
18.3591
16.8396
-117.026
-266.279
-38.0234
21.4248
83.2839
43.3421
-0.380532
-83.4519
-80.8089
-224.036
-201.306
37.6515
21.8606
1.8666
-3.40664
-104.185
-88.676
-95.6402
-120.419
-14.2169
-263.355
83.0298
1.05725
-10.5271
2.5671
-0.243646
5.74624
-1.32754
-55.5409
12.4389
31.3283
78.6895
-123.309
-20.4695
-203.387
5.97207
20.6885
2.66357
15.5112
-1.20526
-66.2964
21.7734
74.9132
-164.472
-81.9421
41.7824
-143.624
34.0798
81.3104
-81.2532
-130.11
72.4748
11.8278
8.50796
31.1204
-69.2101
3.69672
-1.71138
-126.178
12.5465
0.156048
15.8222
48.6678
7.75353
-151.153
3.39436
2.14119
-0.154554
7.23562
-131.635
64.8609
-96.3169
-257.773
19.6454
8.75234
-254.592
48.2699
-93.4323
-34.9762
20.0663
19.0763
1.53083
-89.2224
-268.137
29.5069
-204.835
6.93027
-1.36566
-136.228
1.0643
-118.797
-1.25887
27.3875
15.0714
-206.763
78.9613
12.5256
-1.83745
5.96185
1.3713
25.3363
-127.73
-115.761
15.4388
-252.501
-0.996167
51.2367
-137.363
-122.583
-6.75299
-3.74822
15.7886
-0.177743
-125.029
-57.9142
-62.5583
50.1273
19.0337
-29.3516
-71.4584
-28.4863
17.272
81.496
80.1919
-2.99385
20.39
-98.1823
0.571735
-133.671
-107.891
28.3393
6.44443
15.5703
62.8608
64.513
85.1175
-246.77
-0.511238
31.4651
-156.892
-155.029
-134.483
51.3751
53.1839
-98.1783
-124
-24.5395
7.2291
29.7203
35.2121
-157.573
-127.747
-182.104
36.351
-246.036
-156.53
-140.095
-12.3329
-149.398
15.5711
14.943
-77.6967
9.83308
-77.849
8.28797
-51.69
-265.143
-148.878
-59.0407
79.8001
-242.547
43.0329
-6.13896
-168.756
43.5487
-135.895
-255.613
-18.1846
-148.167
79.252
-144.286
-94.2883
6.77289
13.3968
-97.4482
-0.338905
2.93608
-13.1994
-140.455
-238.782
16.0371
13.6119
14.4378
0.914342
-5.35089
-138.125
78.4007
19.7173
1.89481
82.8997
82.1318
-0.156929
25.619
13.6382
-27.5783
-251.103
-159.524
-157.39
5.51163
-233.502
-7.68958
-151.711
-75.3518
28.9512
42.8169
8.22997
-122.769
-12.8662
28.055
-47.0272
5.25299
5.34525
-123.625
-260.224
-142.967
22.1404
27.612
62.5274
0.802356
-45.0286
-48.0407
-199.129
-10.8158
-5.93342
-21.6752
-245.202
-257.886
15.9419
2.49206
-217.031
16.8846
-63.7831
-161.542
-117.518
16.5638
-255.563
2.58133
77.0464
79.2514
-12.8468
-94.2035
69.1034
37.7141
-46.751
55.7634
-83.3396
-141.082
-140.728
-53.7538
-208.967
-2.25328
-76.9182
88.5056
48.6287
16.4766
20.4294
-54.799
-23.8477
15.6368
-241.309
-92.1046
3.03532
23.5974
-2.30965
-186.656
13.6481
2.99591
9.63831
-3.81439
26.8346
76.5181
79.1006
77.8186
-143.645
-237.768
12.6723
52.3594
56.0285
-1.96306
42.302
-8.31578
-248.914
-3.44657
-213.112
-149.86
-157.552
-64.7956
-61.8051
86.7283
-98.2255
0.441159
-144.991
57.3843
58.0474
-232.922
54.3071
-32.214
-100.539
6.24045
30.5922
-206.957
-245.143
81.889
-241.177
62.7175
53.6569
19.1059
-43.2779
-7.62572
190.704
197.032
3.34049
-134.163
-143.438
-55.9526
-53.1442
-241.283
-100.029
17.5479
17.8948
-157.211
16.1934
21.6476
-145.504
-26.8879
40.884
16.2714
-3.6862
-8.41078
-42.1768
-217.353
-94.0203
19.5046
-236.19
-8.64661
-21.5254
17.1332
9.15146
8.36717
-100.138
8.64613
-174.561
-173.334
-209.523
66.12
-24.3547
-230.715
19.449
83.6397
8.49711
0.062358
3.27631
18.5753
18.2138
-119.029
-229.31
-51.4596
-50.1125
36.2269
-112.45
10.0886
-89.0826
22.8509
36.9943
18.8763
27.1588
13.0561
5.75202
-220.263
-84.8607
-89.8137
-158.578
80.6481
14.8448
-101.325
-53.253
27.2752
-144.003
3.87186
-89.7788
-74.0634
-212.898
0.88149
34.0787
87.8774
-119.936
-102.51
-120.996
3.1424
-187.846
-156.572
-200.474
6.68465
-151.129
-33.5175
-90.1775
-137.586
41.3407
1.96551
56.091
1.35078
30.6089
26.8305
26.0457
24.1483
-146.121
25.473
-87.6237
1.05046
3.97449
-72.9932
-70.436
-70.3497
-191.147
18.6029
-135.221
40.302
46.0008
8.60582
24.1534
51.1473
37.2532
6.30625
-125.781
8.9956
-241.711
23.8058
-6.49393
9.20453
-59.8412
2.24917
-167.2
-146.119
-103.307
80.4888
19.0418
-5.88597
-45.307
-82.2141
-52.148
14.1242
-93.0901
0.146581
-75.4403
83.4965
6.90566
-128.363
-152.064
-155.912
-182.53
27.4853
6.36523
4.51768
0.506085
-3.25815
-4.77518
-8.91559
6.14744
7.08707
80.2606
-97.0632
22.9617
19.5991
13.3069
-170.38
-77.5594
-157.273
77.3667
-172.017
-95.9115
52.7087
57.5668
-9.10967
16.7524
-151.293
-157.534
-157.776
22.5592
87.6735
-151.566
-146.35
56.2244
-165.95
32.9508
-203.852
-237.304
-239.812
68.1596
-43.8455
-159.725
-24.0359
-146.767
194.261
183.42
179.359
180.922
-25.4438
-53.3448
19.6229
17.6867
3.77327
16.1078
16.4927
-153.895
-95.3927
16.1939
10.192
-100.993
-100.576
24.6396
74.7693
6.04428
-150.199
84.8982
83.7887
-148.621
-144.577
18.4484
18.022
36.58
-88.0657
-143.632
-126.783
11.9628
11.966
19.7718
-91.2134
18.1966
3.2081
-135.095
35.4398
11.1621
-170.447
-172.276
-129.02
-137.722
-9.04651
16.233
25.6592
25.7112
2.69973
32.5834
-122.361
-104.352
38.7995
1.87184
-68.9452
-73.4348
-125.487
-14.2781
-134.373
-137.321
-118.879
-42.9917
-112.427
46.7426
31.3903
40.5944
-91.2594
-49.9111
50.1269
4.81756
-106.46
-80.6469
-73.4462
9.66256
9.87919
-27.5174
-144.874
7.15757
-10.4611
-35.2372
-96.745
-89.831
13.9604
-41.7072
83.8603
-48.6541
-72.1884
-78.9838
-86.1939
-55.7903
27.1493
27.088
-125.636
5.05437
7.13542
-42.633
-62.6299
-68.9807
-49.1854
6.65378
22.8284
-1.87146
-10.91
-96.2092
21.2986
74.6483
5.91538
-6.15329
76.7392
59.7783
50.8311
-8.48719
-10.8225
-153.009
-158.8
87.6449
88.6123
-155.09
-156.374
-146.003
-146.802
54.8749
33.5145
34.938
-200.878
20.1635
-42.864
171.429
192.532
162.231
180.34
-53.5292
16.6348
-105.653
10.9257
-102.467
-99.4867
16.9914
16.9587
84.7334
84.6582
35.6643
18.1357
18.6724
18.2624
-124.223
-127.936
-122.489
-88.5618
12.0738
19.9067
4.44057
-139.069
35.9042
79.569
26.734
28.1192
33.3153
-74.9249
-68.119
-123.8
16.0875
-138.999
-137.899
46.4494
19.9532
20.4883
49.2412
49.8267
3.89287
9.42914
10.7745
-143.02
14.3719
16.9352
84.6135
34.9371
-134.121
26.5235
8.15267
4.19176
-47.761
-0.619561
20.6271
16.8198
76.0717
60.7028
51.0668
-11.3594
-160.245
88.5069
-148.093
15.841
16.0193
35.6277
34.5406
-200.686
-43.2412
178.899
162.765
151.169
-56.6026
-51.0772
13.765
16.4375
11.8441
-103.339
-99.9258
84.6199
-90.1217
13.1126
11.0748
-22.5824
4.50854
-139.857
4.75329
5.94796
26.1815
-169.72
29.0875
-66.7382
-75.8937
-75.4628
-139.953
45.5036
48.7882
50.6792
2.361
4.25234
10.1202
-142.468
-141.827
76.1338
14.1747
15.0349
84.6415
84.9233
34.8272
26.176
8.90781
4.7028
8.68809
16.2277
-1.76567
65.4126
17.5977
22.2774
75.1222
76.631
52.976
48.5555
1.76398
-161.379
-148.703
-148.577
4.43148
3.32453
36.6698
-197.109
184.727
167.215
155.385
-145.813
-168.117
-51.7133
12.7486
19.3244
-104.649
85.6352
13.2543
9.81825
16.0319
16.4279
66.3152
65.3098
6.04183
27.1861
25.0347
29.2391
-74.5677
-77.0931
5.50838
-140.365
45.212
50.4643
3.40119
1.83333
-144.067
9.73649
-140.109
-142.277
-147.65
-7.4107
-6.6091
14.6592
13.3986
84.8009
85.7502
26.5016
25.6581
9.74837
3.76814
-0.200148
-170.026
25.4146
16.7452
74.4228
74.4814
48.0113
46.8352
-161.426
-162.883
-149.951
-147.886
38.9621
36.1139
-196.672
45.0732
162.449
-48.3488
19.1894
10.0262
-105.087
16.3392
14.4097
8.85794
7.14942
6.56195
23.8564
26.5562
32.7875
26.153
-75.1494
6.56278
-142.153
44.2639
51.511
0.201943
4.12287
10.4608
-139.393
14.3957
86.0914
25.3244
25.3313
10.3235
4.25392
-1.72005
3.90781
27.2477
13.455
73.3682
46.0952
-162.514
-162.764
-150.671
-148.367
-170.156
38.5825
-193.558
-45.3833
10.4645
17.9606
8.72707
-106.497
14.6259
15.2771
7.57917
27.9641
23.4709
-74.2045
7.77665
-142.308
-143.838
43.9506
-0.596695
11.2686
-137.83
14.9501
86.9798
24.7966
3.3064
9.48782
5.26129
-0.539291
11.5813
26.963
72.6167
-162.467
-164.299
-147.834
-149.625
-152.048
-190.728
-193.027
-42.4926
8.63898
17.9667
8.26895
-107.346
13.8583
15.4438
7.49362
26.9078
29.0665
-74.6259
8.81806
-145.766
-140.775
43.0009
44.6843
-2.04671
72.1673
15.7075
14.718
87.2192
24.4788
3.70908
10.0477
-1.62682
13.8449
71.4781
73.1613
-160.945
-165.631
-163.544
-149.728
-146.321
-189.883
-39.4419
-42.8839
7.4697
8.99849
20.9594
-108.642
15.5121
25.5332
30.3835
-76.1635
-147.651
42.2737
44.1516
-2.36311
-2.83127
15.282
13.9407
86.9496
88.1757
24.798
23.9375
2.74107
-0.223123
-5.5213
16.8633
70.7305
70.9314
-167.284
-163.386
-145.372
-151.636
-188.893
34.3913
33.6778
-35.62
-39.3743
10.5693
21.1004
7.44762
7.78447
-109.539
-109.07
17.1475
-149.64
45.0376
41.3674
18.9471
-3.81299
-1.95144
15.0245
88.6331
86.9481
13.8881
23.6402
23.5984
3.08319
15.6567
15.4667
-2.47654
15.2414
30.9259
33.3572
15.0665
14.8322
69.4981
14.2847
14.4328
14.6729
-164.454
-168.737
-167.163
33.3184
22.622
-152.627
-145.932
-152.588
-185.765
22.7636
-32.9106
6.46654
5.17385
19.4747
23.7738
7.4714
36.7136
-109.112
-110.988
32.6671
17.5456
31.5586
32.2925
32.4611
16.0679
14.0315
-151.609
-149.507
40.5888
14.309
-170.381
15.6475
86.6253
89.8055
14.9479
23.0999
4.06424
1.99699
-1.33996
68.6343
-166.157
-168.745
-168.857
-164.198
-153.974
-145.297
-185.007
-183.378
-29.53
2.51377
24.9913
7.87651
19.9675
6.79575
-111.687
15.8629
18.2091
-151.767
-153.516
39.63
23.041
14.4566
16.4806
15.3904
27.9619
90.0294
90.292
85.849
86.4784
22.8171
2.38446
67.3606
68.9996
37.8505
-162.569
-168.657
-165.253
-181.826
64.3647
-29.4319
-27.0063
8.06471
18.2806
27.4722
14.7065
14.287
-112.856
17.6783
-153.958
39.0224
39.0606
14.5315
15.9967
89.9248
91.3238
86.0023
22.2902
23.1447
68.1275
67.0908
-164.833
-167.086
-170.447
-180.519
-27.5522
-23.3164
16.1059
8.92944
18.9746
9.45102
22.0293
-113.603
21.3845
18.4077
15.8236
42.4832
-153.974
38.1325
15.7446
85.7334
91.3377
90.294
-14.7675
22.8651
21.9524
-13.0879
-110.324
-114.943
-9.13728
-10.8126
-6.58758
-110.794
-3.25615
-129.109
65.8796
68.4679
-127.187
-1.87553
-170.145
-165.944
-172.169
-125.675
-100.285
1.01281
-99.7615
-0.390359
-16.8302
2.3861
-95.2006
-94.6209
-15.6547
-119.074
-25.0623
3.78496
20.8257
-92.857
17.516
8.08856
-117.267
-15.9878
-11.8507
-92.2628
-114.931
-87.73
-109.011
-87.0752
-123.796
-107.804
5.80454
-85.2846
-12.1119
-84.6059
-112.026
12.447
-109.936
-7.80963
-120.477
8.83014
-106.047
-82.8161
-4.90011
-7.99571
-98.0088
-4.81972
-96.9442
9.64947
-102.019
-121.813
-111.144
-156.473
-151.789
11.7613
5.01351
37.4671
-122.319
-113.222
10.9529
15.1662
-90.4942
13.6374
-72.2925
14.7252
25.6141
-103.14
-89.4908
-104.882
-82.7987
16.3764
-71.4733
15.7211
-79.8241
92.5874
91.8806
89.6545
86.5417
4.71246
13.4299
-17.6329
13.8169
-69.637
7.05601
-68.9299
21.414
23.1794
23.7354
-82.1089
13.1324
11.4529
-60.7084
14.7903
22.9526
7.45944
14.1433
11.3776
7.6235
14.7905
-56.24
-61.5944
9.71137
-80.8688
11.6697
14.2297
-82.415
-83.1108
67.5285
65.005
65.7031
69.9206
-77.9438
26.5304
-165.511
21.194
-171.962
-167.715
-123.717
22.2472
-120.325
-75.0909
5.69912
-76.9564
-74.1423
14.1303
11.4995
9.09487
13.7671
3.69702
-25.6972
18.5587
21.8267
1.69467
14.0172
18.8866
-50.8805
22.8396
10.9616
-1.91077
-115.837
-115.096
17.6162
18.6208
-103.84
18.6936
-68.7988
24.7796
13.8486
-69.7426
25.9813
-55.2933
29.293
34.129
22.7062
26.0283
-7.32134
12.7261
69.4479
18.2294
5.35387
-67.05
13.4287
20.6151
27.2045
4.34461
11.7102
-104.237
16.7902
28.5521
28.0513
-42.6058
11.4858
-48.0452
28.0995
-116.208
23.4461
13.7844
24.5873
18.8398
12.9209
-47.0164
26.228
23.2536
-83.4715
-41.9026
19.2294
26.1302
-7.61695
12.3798
-49.873
-66.1152
10.1967
34.4339
20.1084
-16.4953
14.6099
27.0729
-64.2825
23.6429
-217.233
3.42665
27.2341
-158.718
-156.676
23.1449
16.9834
37.8594
19.3393
32.3048
36.6152
34.9955
6.95003
19.4417
39.2864
-63.4071
16.76
13.4017
16.6846
29.4539
-38.6799
-44.4194
19.6307
37.0276
16.8795
16.9087
23.3881
-55.506
62.3327
21.0932
40.5029
34.9048
-9.67463
11.032
-10.2091
-80.5469
17.2865
-12.1942
14.5889
34.408
16.0395
13.1483
19.1044
86.1196
93.255
92.4023
88.1537
-105.625
-102.663
-58.8807
-40.1123
15.5052
-5.39782
22.619
-17.3753
-30.8822
17.9513
-218.574
22.8902
20.8394
12.2243
21.0614
16.6664
28.2827
27.4739
6.7078
20.976
23.9718
27.942
15.4806
-217.276
16.4829
-3.78396
24.7676
24.8616
-76.8941
20.6506
41.1112
16.7369
-102.537
16.762
17.0148
19.4284
15.0325
23.6487
26.5438
11.6981
-133.259
35.1779
-215.993
8.95433
23.6405
6.4142
8.59681
-15.0883
64.616
67.8566
66.017
25.4152
-60.9186
20.103
6.36017
13.2312
66.5166
12.9229
-10.1312
-105.341
-53.53
9.5258
18.3531
16.7435
-168.811
-171.694
18.6151
19.8204
-45.1806
17.9802
-163.709
15.1767
-29.107
18.8059
19.8302
-71.3347
-26.178
25.3232
31.5516
17.463
11.2857
-125.552
27.9938
10.3466
15.5861
9.89594
17.2191
23.8121
-58.9598
16.7351
13.9035
-53.8589
21.9541
-47.5529
-1.30141
2.52097
16.363
-55.4301
-129.849
-55.6176
-23.6945
9.92175
23.6577
13.4032
16.8844
16.6674
21.1724
16.24
-49.5408
-58.027
34.9165
10.9705
27.4592
37.8882
12.5933
19.1881
-15.4624
10.5192
-17.9148
16.5863
-80.2861
20.3539
-108.496
26.0021
-0.144969
16.6824
16.8389
10.8441
16.717
20.2537
16.8283
12.0386
43.897
-50.5343
10.7816
14.3758
20.01
23.522
-62.5083
22.8242
21.8713
-8.94341
19.8102
-117.174
-8.54387
28.4586
10.5938
5.402
2.01119
39.4731
13.3677
-42.9675
11.8461
-69.5856
30.0548
14.8069
13.3727
-85.0513
24.4017
27.589
30.6013
11.7737
25.7663
31.8043
-65.0213
20.9145
-133.197
9.76946
14.6724
10.8573
24.0967
72.5154
9.99381
14.1186
14.6998
-134.599
15.9935
-52.5032
20.7918
17.6009
20.5868
37.2673
20.9531
20.8284
20.6494
15.6379
-71.374
24.2977
29.5611
-3.24678
18.171
-104.153
-107.159
17.9668
33.2363
20.1039
14.7675
-49.8528
-129.765
36.4936
-61.5821
-125.741
-30.2886
-23.7357
9.75792
19.3692
12.0306
-31.0145
-67.0552
-69.5786
-113.877
-78.9774
14.407
12.736
16.5582
19.26
-75.3033
12.9345
-74.7376
14.2732
20.9895
-58.3194
22.5081
21.1721
29.1903
12.9056
9.44943
12.154
12.7214
-1.77043
18.2455
17.9169
12.1669
21.5267
-122.456
18.2282
17.4575
14.0152
-24.3967
20.068
38.0901
19.4416
16.6153
13.5348
17.0935
16.1968
-27.9608
-159.667
22.8584
-72.5634
17.1325
-9.07221
18.6729
-1.56014
2.15076
-208.494
13.0645
-33.3109
25.406
-113.904
27.8711
16.6846
-20.5754
-125.08
35.9585
17.153
-73.2687
-74.3015
22.0169
-159.142
-111.647
-79.1002
26.0362
22.8101
21.5233
16.5929
-34.4101
29.1751
17.0753
14.8204
12.1195
1.18802
13.9266
24.6182
-49.4315
11.2688
-106.135
13.6735
-50.6229
-36.8733
-129.411
-102.401
-52.6754
18.1297
7.91398
-54.6166
22.4916
12.2649
11.8065
17.1426
15.5922
15.9595
17.1581
16.2521
26.3707
-50.0244
-56.3427
18.3459
-137.251
-132.924
30.2387
10.5141
-113.272
-46.6234
-214.479
21.6924
12.3655
19.9329
15.0526
18.7529
-125.145
-32.0083
-14.0927
-25.0008
7.98794
-127.985
-74.94
1.7891
14.8472
93.9869
-44.9455
-140.944
-99.7986
16.6946
-115.217
19.9653
40.3055
-2.56935
-112.377
91.2014
11.7663
12.5069
24.9888
86.5393
-52.3949
40.1949
29.7413
29.3843
13.0201
12.322
19.9059
-18.6867
20.5179
17.6345
23.2011
10.9369
10.354
19.0381
16.8403
-110.563
17.2283
15.8658
19.4061
14.9495
-115.253
-25.6635
20.6225
21.0495
8.74177
16.3634
-112.39
16.048
-139.141
28.8632
23.18
29.1724
18.5947
23.2777
-120.163
-101.478
16.91
19.0382
16.7118
26.9563
21.3078
-0.216872
-130.35
16.2766
-117.189
16.7506
23.1861
33.5098
15.6942
-107.507
-113.658
-142.483
34.1198
15.8418
15.2882
24.5253
16.2846
-30.3949
-93.3849
-124.462
22.5722
-28.7298
-50.4423
-46.1722
17.4988
13.0882
17.3051
4.53432
-7.54819
-140.375
-131.16
11.1649
19.8547
-154.92
9.14988
19.7505
14.6923
-29.1679
37.0947
-123.844
41.7807
-16.5543
21.6242
15.7933
-107.427
25.5504
6.8864
-174.702
15.9966
22.9435
-121.279
23.5488
70.3676
-79.9097
-73.8828
22.954
11.3198
-1.8351
9.97267
14.472
31.4091
15.8346
-72.913
15.1624
16.8406
15.2982
-74.0027
-30.356
19.3959
16.7282
30.6654
24.8133
-141.584
-28.9583
-110.642
-171.152
64.544
-44.6745
-209.379
-73.918
66.8443
30.5702
-21.8705
-58.1527
-173.602
-94.2342
-123.902
23.7268
19.4423
29.0272
15.9013
14.7161
-83.8205
17.9669
-103.791
-163.17
21.4409
-6.78504
-96.3268
-110.922
11.0323
21.2271
16.5033
7.57235
9.46039
-170.732
23.6019
24.1349
-53.4069
18.1151
-2.3408
-67.1051
17.1956
20.7772
-29.991
4.22985
-56.3907
-169.862
-64.157
-141.071
6.37642
12.3079
25.1539
24.4157
-163.021
11.1057
-100.881
17.2603
22.3169
7.96365
16.6299
-133.698
16.7276
-87.1489
29.0646
-211.085
-55.1546
-118.911
-15.8273
15.2022
-102.854
-24.4244
29.1812
16.8493
14.1616
-16.8167
-59.0884
13.379
15.2354
13.5959
25.0645
27.5291
13.3159
23.766
-119.453
-184.852
-111.827
-53.3581
-131.51
17.3008
17.4118
-29.8778
13.7193
-22.8878
-129.069
-74.8633
26.7613
13.6077
18.6226
12.8211
-118.306
16.052
-95.7625
-20.5557
-58.5094
11.3179
32.6298
-153.404
18.5715
-40.3937
-125.703
22.5547
18.6907
7.13505
32.2489
13.4317
29.3104
39.3507
-128.076
19.4678
18.139
12.4067
-118.704
27.6149
-127.774
-121.056
25.3388
13.1019
-102.95
-117.243
-59.4434
13.3157
-134.861
-77.9479
-150.689
-172.81
-174.01
35.0302
-41.023
22.8434
17.304
26.9736
11.7979
24.0702
16.852
33.2604
-64.2746
28.5792
21.4444
-81.6608
-108.49
18.0486
-172.138
23.9532
-91.0487
17.2144
27.2979
13.9741
15.8299
-117.855
21.8071
24.5384
13.9754
-66.2192
-22.6553
15.7934
-61.6035
-32.966
19.3865
-105.807
7.02404
15.5458
-51.684
19.468
11.9723
-171.808
9.15583
15.6938
-108.941
-39.1305
-96.2759
-31.4846
20.0228
17.7936
17.3105
-118.136
-15.0171
-25.098
-137.802
14.9317
-20.5813
-18.094
10.5259
14.1461
14.3883
-103.404
-33.1446
-123.011
26.8786
-124.708
14.2067
13.1735
22.8798
14.9392
10.5689
16.9944
16.0771
15.8011
-112.043
-110.999
16.5773
16.4803
21.2918
17.1622
32.7911
17.9013
17.0024
-156.382
-108.907
16.6955
-165.061
-56.8383
17.4801
19.6954
-155.686
23.9178
19.2022
20.4246
21.1942
-106.855
12.7409
12.6353
-144.095
14.4004
10.8085
16.4553
18.9618
7.89013
-33.9766
-59.2529
8.97049
-111.369
18.8913
16.5763
12.2547
-53.9697
12.4041
19.0636
-18.4198
13.058
32.7903
-92.881
18.6914
37.719
16.9907
1.36264
-89.0771
9.07054
19.1257
16.1108
-145.739
15.0557
18.0639
45.2735
16.6578
21.05
21.3356
10.1536
14.8726
-117.995
-122.067
19.8628
-155.391
-50.9181
-72.182
14.6694
12.387
-155.684
5.99445
21.2937
-176.861
23.2919
-45.1292
-61.4064
12.9946
21.1288
-139.706
-140.898
14.9228
16.6999
13.7909
-134.596
14.3998
12.2448
17.3471
-200.158
13.9345
18.8922
16.8699
12.7166
12.8584
32.125
17.8311
-92.3873
17.1009
-11.2042
22.0984
12.3272
13.7016
13.1112
-154.829
17.9295
13.5612
28.3881
7.65578
11.7974
13.5364
20.727
16.4694
13.0344
27.9607
16.6841
-142.396
17.3534
20.362
-77.7193
27.3743
-175.1
16.7324
-145.763
-115.619
23.6252
35.0091
49.5329
-161.475
12.7144
13.906
-159.807
-0.416309
16.7685
18.8145
18.4792
-210.336
-145.592
-173.412
-50.5075
-140.3
29.4764
29.798
-162.606
21.0957
-91.6453
-129.48
-105.061
16.7403
-123.638
16.4141
-106.307
-100.478
54.2978
-61.8583
-152.292
23.1101
17.3576
13.4617
-54.4691
-123.23
16.7765
26.7133
-154.081
20.3509
15.9411
-52.8729
30.3996
-94.0504
-187.382
23.9455
10.761
14.5371
-36.4018
17.0519
25.6861
32.8041
-15.9898
9.31053
-141.077
22.0499
1.54158
15.3815
18.6562
12.2419
13.2554
-89.6403
23.7364
22.7765
-211.355
-165.712
15.2278
-147.341
17.8046
16.7283
17.3573
-81.1363
-127.847
-144.129
0.5677
28.9103
13.2759
22.0054
-150.551
53.0336
19.7641
14.8574
52.7132
-95.6436
11.2421
15.4435
20.1557
19.2748
-26.8144
13.5325
8.36753
15.6034
33.0213
86.006
16.7945
22.6934
-50.0829
25.7428
17.3936
-119.185
-70.9475
30.5431
-139.482
-49.0979
-90.3607
24.3077
18.0538
11.7662
17.3625
16.1116
14.2984
19.1445
-4.47788
-122.931
-142.52
-132.431
8.38746
-144.455
-36.9204
23.6535
13.324
-154.295
16.0389
-133.13
-144.079
17.4469
15.2185
48.1979
23.777
-35.9866
20.8699
93.6121
16.1438
29.6087
41.3979
-100.275
13.9993
-57.0965
-16.466
25.7587
39.4435
-103.215
13.567
28.0557
15.0617
50.978
33.7767
23.3991
-67.4643
25.216
-43.7036
-8.0326
-7.37179
19.14
11.7185
19.9818
27.0029
-89.8923
-89.4056
-218.067
51.3809
11.1577
20.9584
-152.152
20.3963
24.6634
30.4089
-53.1225
15.8789
-148.869
26.0364
19.2168
22.9106
-157.492
21.5235
16.9988
14.8345
33.7816
-172.849
15.7218
-228.192
-92.5126
-198.269
-100.172
23.3041
-52.705
8.81061
27.1405
15.8015
-102.763
31.7851
17.4796
-176.019
33.0287
20.2931
-84.8406
-84.1082
20.335
15.9892
14.3367
-26.318
9.59141
-71.5943
25.3187
-97.6295
0.087275
-19.5813
27.4688
-147.265
-125.362
18.3962
13.6862
-194.17
-15.3967
-164.069
16.4655
20.6889
-143.061
31.1964
3.86039
32.5832
-46.755
19.6085
14.0083
19.3542
13.5676
-84.3243
-156.772
15.8049
-153.846
16.2682
23.19
-145.714
17.9389
27.3794
-151.069
18.7234
31.3649
16.0105
-208.554
18.3322
-93.1807
13.2929
32.0889
18.5326
-218.028
-16.5621
-23.4457
-119.281
16.6866
13.6288
-77.2018
15.6699
16.7442
-95.8669
-175.696
15.9944
-163.952
15.5245
63.5414
-147.285
-50.3669
27.6761
27.6651
-121.936
16.8278
9.74196
-23.8967
16.3884
-109.861
-49.8029
-19.2766
15.7861
30.3267
22.0484
-117.048
12.666
18.5692
13.2091
31.8901
-84.9877
15.1558
-130.138
16.9142
14.0395
-92.9877
12.1718
20.0269
21.3426
-44.641
19.4537
16.9537
-171.869
31.1899
-5.21702
18.4731
33.2552
24.3511
16.3073
-221.762
11.7621
-161.474
-171.233
20.764
67.1859
16.0082
16.6726
-158.949
-189.384
12.7331
41.9032
-222.551
18.5253
19.7633
-137.368
18.6318
-169.038
19.5934
18.032
-157.739
-27.6291
-54.0989
18.6563
-214.363
33.0754
-135.806
16.4088
19.8085
-37.721
-210.775
2.07819
-147.263
-144.451
19.274
-113.11
20.0178
-162.938
44.0183
-27.2073
-184.743
-121.721
24.8611
-82.3032
-91.7624
27.0124
15.9409
16.3456
-150.88
-111.8
10.1079
-49.6611
14.4367
17.3507
15.9296
27.7687
-17.2079
-73.6743
7.40568
-25.5355
14.2122
27.8057
-56.5732
22.4769
-44.7551
-95.5402
24.2979
17.1937
31.9883
-137.686
-128.156
33.8763
-22.1075
32.2879
-63.6075
18.6904
14.9363
-199.732
18.9417
16.1618
29.8496
18.7177
-198.537
15.3938
6.19274
6.96832
37.4481
-95.9858
-74.7412
17.7944
36.521
27.454
33.5775
8.41148
-33.7817
26.458
12.5955
-43.7182
-68.1287
-66.0722
-158.088
-168.002
-66.933
17.5094
-116.135
45.4998
-99.2316
27.627
36.9959
-79.5452
-72.2198
-115.618
13.0194
-71.8558
11.8853
29.5123
48.7041
34.8039
28.6905
13.5784
14.9929
-199.176
-138.164
11.9209
35.0748
32.7003
19.5189
-108.207
19.0251
21.6432
23.0654
33.3141
-163.207
-30.5688
-165.705
13.6254
-25.9217
31.8341
17.4568
28.8005
10.5528
19.5989
17.5071
28.8919
-148.51
8.43905
17.1792
17.7562
-121.153
30.4492
16.5773
-118.291
31.0106
-137.664
59.2938
16.0217
16.7468
-2.24344
-228.76
16.7246
19.0483
29.9669
30.7745
16.7311
-119.199
17.0751
-150.566
18.8153
18.4333
31.1054
21.2826
-226.985
16.734
-82.2925
16.4278
32.7452
1.15807
46.7184
11.5893
47.4654
-70.195
11.3618
19.2248
27.6876
-104.721
42.5344
11.1294
31.6702
16.3313
-24.6045
-171.453
-169.345
11.9283
-24.346
-104.904
17.522
11.8858
2.75915
-36.4117
13.7233
-188.822
24.9636
-50.6678
-68.712
-77.5376
21.4069
19.4057
28.9808
-162.179
3.62221
-154.209
34.4313
11.3519
17.6113
-135.887
4.71588
-108.711
36.0336
14.8146
-197.837
22.6196
17.0432
17.7436
-210.703
-86.7667
-4.54266
23.4995
77.3101
17.3178
9.08655
-170.293
48.4271
28.7028
-63.5108
6.49024
15.6077
12.3392
12.1371
-87.8199
3.37055
-0.107092
-52.3405
-117.053
-118.209
54.3921
15.866
17.3698
16.0214
16.716
-160.49
-207.284
18.5002
31.6014
-141.544
16.3334
-37.863
-223.817
25.3262
-32.8604
-190.588
15.261
-160.845
-38.092
-57.9521
-156.27
9.81022
29.9096
-66.3326
-70.4889
-164.751
28.2319
-18.9924
-157.177
-12.836
15.8629
13.6682
19.1045
16.5303
-209.169
-118.451
-119.597
-136.292
-114.057
-161.899
8.36647
15.3728
-40.9955
-156.733
-25.5514
24.3275
-19.1658
-191.677
-206.269
31.0961
-16.8417
-129.453
26.5638
16.6519
14.6691
50.1105
-217.965
-53.2867
-71.6281
21.0324
-59.2019
16.4485
41.4134
14.2999
10.1652
-148.85
17.0351
-29.4274
14.8896
19.2024
-204.046
18.7094
-29.7728
-199.61
-219.465
15.52
-107.054
44.7088
-131.184
-109.536
14.5829
17.4034
-124.888
-159.286
15.819
18.8142
21.3333
-152.38
-177.857
-170.636
-134.205
18.3755
24.3072
13.6735
16.1358
7.87352
21.3944
14.5245
13.3002
14.062
-74.3645
15.8111
-196.241
16.2687
12.1256
21.8492
27.6483
-53.1446
21.4264
-0.55995
-0.439463
-62.8855
15.4044
21.5355
25.1406
14.0385
9.13948
27.1293
11.9002
-57.2706
-103.328
13.5546
-180.137
-5.57392
19.3254
-153.985
45.4841
42.8344
34.4913
-152.728
-1.92213
28.0256
-97.3003
13.176
-89.802
-121.942
-79.3388
-190.795
10.9186
13.1019
-119.884
-85.0233
24.3373
18.6574
12.6925
-197.587
4.3991
3.3984
-144.207
-126.246
-205.561
23.9034
10.738
-55.8323
17.7028
25.8805
15.7507
-16.349
15.723
96.569
-127.077
11.5934
44.7494
14.6322
24.1684
13.6895
15.9629
-159.138
12.7612
31.5912
-141.954
11.6671
23.7602
-191.765
-168.832
-63.9176
-108.277
4.69727
14.048
16.5789
-20.0469
-119.079
19.6466
16.6747
13.3351
17.085
-136.62
-152.603
30.4336
7.51425
-7.58176
20.2488
16.3954
16.5491
-38.3468
30.1534
13.8035
14.449
10.9335
12.2378
35.7701
59.8413
-221.697
14.6229
17.577
-188.249
18.2696
10.8846
29.4414
26.4624
-123.275
11.5698
6.54548
94.3696
-98.4105
25.0034
-210.778
34.134
-68.7339
32.2458
17.4938
9.3038
-41.7434
-119.83
13.1952
-147.061
21.7711
22.1021
34.6513
-42.5287
18.9882
16.8747
16.0858
23.3347
15.5387
15.9954
-44.1365
77.5509
12.8438
-106.9
20.7265
21.566
17.4256
-77.5304
21.8576
20.2393
19.054
-142.533
-87.922
103.623
-88.9934
-58.993
22.4646
17.5915
42.7256
-121.244
-97.511
29.4676
-131.283
32.1291
25.9279
17.649
87.1301
-214.11
6.81186
-135.677
-36.5037
99.2064
-76.4798
13.5491
21.3077
22.4568
-213.717
-121.249
-123.027
-84.6995
21.3688
12.4794
10.0583
12.5624
-177.152
10.7129
-88.7189
16.6182
16.9375
20.7603
14.1013
25.1479
-178.718
43.3511
17.5785
-63.422
-132.642
18.2548
30.3677
22.4087
16.2657
-192.076
48.3281
19.1223
18.6725
17.8822
18.2617
16.9612
16.2511
15.9088
16.3033
16.8874
17.0612
26.2185
-225.786
-117.686
31.5458
-12.8124
-176.715
66.0813
-163.442
16.3615
17.3351
18.8608
-98.1052
16.217
16.3544
16.5256
-26.8235
-108.057
-48.6185
-88.5047
-85.1206
-72.9913
31.1143
-76.026
-160.627
18.71
16.7814
24.9644
17.2309
16.6302
7.00947
-100.93
-101.58
25.7151
22.2928
-135.103
-126.763
-171.249
-158.052
-82.4005
-56.7801
62.5948
-148.908
22.3505
16.1426
-167.477
-78.1116
16.2107
17.3394
16.6133
13.4621
-20.228
-158.06
8.60089
-22.1898
26.7734
-173.2
-131.577
-87.6572
6.73184
0.293677
-23.9022
-132.984
16.2727
26.0784
27.2605
13.6547
15.5513
-54.2529
30.6428
-64.4001
-88.0727
-89.1504
-150.911
32.1499
-91.9616
-60.1773
14.4898
-159.672
24.1074
-87.4291
21.8022
101.245
7.01974
51.7319
41.7896
15.4863
12.2673
33.541
11.436
-52.2794
-120.502
-126.492
17.6619
16.9812
18.5094
-190.533
16.7052
15.0255
20.2654
-137.877
-75.9481
22.8107
22.0978
-230.263
-67.6422
21.1735
-18.8219
40.285
19.9545
20.4993
17.0169
13.6184
30.1643
16.5259
-38.9418
20.5445
-101.947
-33.1122
-37.1199
-233.288
105.56
-37.5434
-157.151
20.4718
25.2305
-20.9909
14.8641
100.67
-71.0585
74.1019
-22.0726
-72.2535
57.4374
-186.671
-130.549
15.1368
-28.9446
13.7634
-98.4686
-145.803
-95.6914
-29.5721
-64.5125
-69.6585
-9.99695
21.037
13.1482
-121.349
-126.976
-102.462
-195.745
-84.0105
-175.722
-99.0208
15.8502
24.8068
-47.8294
-52.8386
15.8845
-140.665
22.858
16.4193
-145.796
-1.78705
18.5672
-176.55
-102.42
-118.194
-203.541
-202.677
-213.827
-177.004
31.7646
100.571
17.1744
16.0577
-61.1595
61.5799
-98.7348
34.957
17.9858
-100.496
46.9313
-21.3252
-159.409
38.6541
-18.7377
-70.268
-172.009
-80.947
-69.5957
-117.951
-116.048
49.3421
41.7439
78.5996
17.4967
79.3358
-226.323
-144.453
-94.6179
-84.451
-125.686
-198.057
-137.695
-111.758
17.9947
-200.855
19.6652
11.7619
16.6778
-188.112
13.9758
18.7088
-106.452
12.7199
-175.885
-129.506
-95.3714
-18.2537
23.8064
12.7803
29.892
14.0106
96.035
-155.801
77.0091
-109.643
34.2051
58.4277
-38.6067
-123.823
-128.216
25.3461
22.4615
34.4258
-182.365
-194.183
-152.847
24.4872
-99.1311
-104.253
33.9576
-203.37
-189.366
19.1147
-173.74
58.2233
-87.8905
18.9348
-84.6487
-117.536
-161.553
17.9376
16.6205
26.576
19.4586
-164.227
-156.398
-157.027
-146.618
-111.641
-108.411
-109.915
-104.948
41.1483
16.9155
72.2687
-197.029
22.2359
-150.668
-131.93
-125.321
-138.113
18.1018
28.132
31.8381
-189.173
-194.872
-105.489
20.3483
-126.792
-194.513
19.7787
98.9906
-173.615
15.8339
-48.9546
23.2164
18.4503
16.0706
16.4221
16.4207
-19.6492
-154.212
72.5519
-159.162
16.5461
28.7993
-207.975
-171.943
12.74
22.2026
13.6423
103.589
-119.226
-78.2425
-180.177
-114.747
-38.6867
-46.5474
-138.428
16.7655
-181.723
117.657
32.3145
32.4537
-130.883
-125.119
71.5221
18.3178
7.69447
24.3725
21.5375
-5.69296
15.8568
15.0183
-1.93771
-6.96128
-82.266
-93.5664
-103.723
-33.9793
-116.467
-121.748
-162.792
29.8661
-23.1583
26.1645
-193.007
-139.309
83.2654
27.1018
-208.701
17.2432
27.9254
68.5459
17.9259
31.9564
39.5916
-69.4411
-86.4986
25.285
103.481
-65.7124
-133.274
-88.3817
-51.3528
65.3851
-153.043
19.3273
21.2348
16.4522
13.149
11.8598
-149.161
-176.274
-65.4999
9.53711
8.41792
2.55792
-10.8963
-59.6758
-87.0729
-89.5784
-17.719
-136.561
-145.836
-152.125
-166.514
-169.361
-172.339
17.6742
14.8997
-158.631
124.086
11.8912
-47.6542
19.1723
17.8285
26.6353
21.1798
-144.478
-180.147
17.6468
16.5818
-34.8804
15.8017
-126.894
-147.221
32.3682
-59.3564
19.5232
32.5026
-58.7316
-66.3339
17.5404
34.3936
15.7836
13.452
18.8996
36.7713
25.6544
22.6353
-174.909
-83.994
36.6595
18.7789
14.9301
-174.733
-185.446
-203.105
32.1721
21.1893
20.2546
19.2914
38.1149
-155.814
35.6856
21.2451
25.6112
16.9405
25.5485
28.7703
15.0145
18.7712
18.561
-57.0195
-67.2173
93.6949
20.151
31.3458
31.4627
-186.964
-186.673
-181.185
-160.163
-156.485
116.981
1.60653
21.6973
69.3198
58.3024
32.0384
-144.01
-112.849
-104.182
-221.762
-225.219
10.1487
22.2501
-128.173
-234.915
30.14
-193.474
104.868
21.6397
31.7899
12.5079
8.28423
1.31892
-35.8562
-38.0972
63.5128
50.6017
-158.764
-161.681
-188.742
17.7808
19.3247
20.2678
27.69
-170.121
-166.315
-157.2
29.3165
76.3537
88.9346
10.8383
95.1839
41.9668
40.136
-135.343
30.6148
28.2585
17.482
17.0653
21.3208
30.1056
-149.265
-158.612
-161.44
23.2505
27.1216
-134.921
-83.27
12.7544
12.2921
18.8404
16.1855
-228.266
-27.3379
-3.09968
23.368
46.0864
10.6973
34.9094
-68.8088
-96.7752
17.4399
22.1699
23.1821
26.5209
-9.72471
10.8783
-134.472
-81.2798
59.6724
-132.42
118.272
65.4821
-187.858
86.8829
20.7059
19.2774
25.3774
28.2124
35.2122
53.3544
-155.362
-159.586
126.144
39.3506
42.3643
43.892
-213.98
-55.1936
28.788
-105.241
17.5951
-167.24
12.4632
11.6621
11.8403
12.1899
-170.891
-149.769
-148.226
-148.6
-138.11
23.3615
24.3519
-195.208
78.2449
-212.341
-64.3023
52.4647
-209.247
29.1556
-206.71
-178.31
15.6433
-39.1622
-49.673
-86.2641
-96.506
-119.407
81.142
19.2337
-51.3673
-137.866
-136.123
-76.132
40.2295
56.2023
12.4705
25.3133
27.3243
35.405
43.5739
-192.049
-155.119
-207.164
-10.764
-196.246
-93.2315
31.8092
50.3021
20.8721
-49.9388
9.56287
64.3839
52.6266
43.8528
44.1929
94.0623
93.7826
40.8934
38.3828
36.6818
35.046
23.2335
16.3882
24.641
34.5874
38.5191
39.9579
43.0665
-0.337682
110.988
-117.904
-175.654
-193.709
-223.638
16.0805
91.2196
-32.5153
-83.4597
41.8092
30.8948
-175.037
-90.229
-34.1902
-86.1322
-88.8977
-91.9159
21.0335
16.6023
25.4972
-191.115
-206.465
-192.687
17.2084
-121.646
40.7129
-205.653
14.1709
13.2075
-162.874
-106.385
-98.588
-64.386
-35.3871
-182.603
30.0654
-128.053
56.6871
64.0802
80.2352
32.0116
-142.673
29.288
23.2888
23.5392
16.2375
34.0545
36.8749
59.9749
41.1605
-116.224
-1.00634
-96.0801
14.7142
-136.733
16.7944
24.7017
-130.759
22.2304
-30.2133
40.6367
-85.11
-48.3007
-53.6853
-127.044
27.7372
-178.635
19.224
-191.079
-203.065
-156.643
-154.717
13.7751
95.038
103.092
29.9586
-170.065
30.2654
-160.057
-9.35481
-8.90067
-51.9839
44.9789
43.047
93.5864
41.2527
39.405
39.2942
37.7445
36.1389
65.1776
71.6084
74.7646
-160.495
-187.715
-187.169
-183.151
-77.7412
-105.657
-167.24
-160.76
-156.891
-158.827
55.0988
24.7797
23.545
-106.318
18.5251
-86.9254
-134.11
-95.1881
-189.49
25.7631
-226.055
29.9212
110.066
115.22
105.506
-146.283
-64.8706
29.6083
92.7003
-170.649
21.9521
-53.8999
62.0051
-171.347
-23.7587
14.1205
-145.615
127.841
-97.6494
17.807
-208.633
-90.1243
-126.199
-137.063
22.6609
59.5927
11.702
-184.464
-189.488
-205.323
-178.739
15.2182
-230.209
100.125
81.8951
101.219
-113.762
16.9095
-22.8087
-26.2663
23.5878
23.1284
25.7403
22.4388
22.3038
-106.84
-94.0345
-90.9864
71.3357
87.3094
19.4066
33.1728
10.4655
9.94419
78.5739
-163.867
24.7359
61.224
63.2597
73.8607
74.0158
-145.814
-178.899
16.5353
18.0727
15.607
17.7511
20.5523
33.1189
55.1499
-135.507
4.68551
33.2224
-217.171
13.7493
82.2529
85.779
-122.03
27.3956
23.8099
23.186
-195.998
111.746
-152.825
106.553
27.141
73.4443
-96.3258
-13.815
-31.6351
-32.1903
-56.0745
-68.854
-77.2937
-81.5268
94.8722
94.4547
57.0243
-96.144
-32.7888
-132.579
-160.123
-177.639
88.7965
16.6219
113.519
-189.695
-186.36
-184.446
-186.976
-189.567
-186.217
-182.912
-179.411
-178.284
-172.397
-199.526
-174.238
-159.385
128.189
130.576
-27.5095
16.5981
17.0163
17.2554
31.4148
15.1212
-101.565
-82.7803
24.6352
82.2398
-214.211
-233.844
-240.134
-152.596
-176.714
-206.868
18.0221
44.9538
-36.1201
12.3299
-203.951
93.8903
64.1023
51.3213
110.733
-108.083
113.987
-198.535
-171.143
-119.12
39.3226
37.3208
36.115
-39.7387
11.5623
-0.45019
-16.16
-33.6572
-76.4843
55.4611
53.7139
51.3588
43.5303
39.5721
39.9262
-131.367
-134.073
66.4065
-141.337
-147.351
-148.833
-151.719
-148.716
-154.504
-151.321
-162.388
-164.177
-165.413
-163.067
-168.396
-171.292
-174.469
-175.403
19.5925
-84.0502
-94.9877
-115.836
-155.087
-118.398
-41.8731
-58.8441
31.2138
30.2621
-114.312
-95.5564
-141.646
14.2626
-153.911
-81.9565
23.4795
-220.909
72.4949
-123.333
-141.886
49.1211
77.0357
17.5948
-200.347
-73.0324
-229.302
91.2765
-108.507
106.647
109.13
-150.879
-62.3026
17.0548
14.1646
-167.756
-201.656
64.4346
68.3773
68.6903
55.4083
-100.612
-103.18
74.8694
73.6184
69.7131
85.9875
-150.187
-164.774
-165.53
16.576
18.2359
-187.635
-173.217
-171.321
-160.017
56.8163
133.859
-110.273
-134.892
38.49
-3.48546
3.00799
6.15493
-102.912
-201.954
-43.7859
103.576
-149.68
36.7063
51.7925
44.2011
61.9959
18.8185
-219.9
104.867
71.5897
58.7523
-123.413
-221.019
27.2267
-140.797
76.4174
-234.515
-64.2703
119.288
32.2233
108.186
-100.889
57.0432
139.128
-9.99769
49.0653
23.5847
71.3007
64.6707
19.4434
18.1713
18.4629
98.1461
109.336
-142.614
54.5284
16.8195
121.642
12.8891
-105.773
13.0444
114.575
-127.108
20.6863
59.5961
76.613
110.019
-169.325
-226.94
74.9152
-160.317
61.5768
59.5548
57.5072
55.3072
34.2872
-110.406
-112.587
19.3871
19.6413
16.061
131.864
127.505
-141.485
114.188
13.7115
89.3378
20.1474
-98.1951
-164.847
-224.287
-127.594
18.1397
-224.623
-190.949
30.786
33.2657
-209.023
15.3866
-113.098
107.867
47.9575
19.1489
-94.1542
-62.1662
-4.13156
-16.9184
76.2126
-160.701
-181.161
-160.903
-188.528
-110.173
-51.6634
-218.68
-215.523
-219.065
-225.778
20.8958
21.3439
-231.372
31.2772
-91.2451
49.0436
46.9185
46.5924
90.1245
80.9439
72.6025
61.6872
64.4847
18.9141
-105.375
39.6972
-136.851
68.9339
80.4469
-153.228
17.6999
95.7259
30.4601
-188.117
-192.195
-179.161
-178.835
-178.999
-55.9113
-165.407
-158.891
-83.4706
-151.981
-156.641
-151.143
-172.179
-172.246
-159.373
-159.936
-200.352
-197.177
-200.885
119.974
120.4
-195.773
125.425
-131.289
-142.819
-210.323
-147.362
44.5567
39.1644
112.317
34.9033
124.662
95.2977
-105.015
29.1215
36.7088
121.023
81.8768
-74.7516
58.3851
60.4336
96.8373
27.9603
-178.235
-183.177
10.5759
22.8598
-225.06
107.694
90.3182
-175.742
-76.9384
18.1303
76.4962
12.1981
-66.9451
97.2992
99.7753
103.943
-150.184
-51.4592
102.074
29.3958
27.2496
45.7354
-161.36
15.1324
15.6
-23.2055
87.3126
68.8373
71.9999
-144.268
-151.996
-161.408
93.1291
20.5842
-184.317
-184.717
-189.581
-183.563
-180.257
-179.806
-175.035
-169.766
-175.089
-161.861
-198.798
-171.201
-197.348
53.1535
119.821
-159.961
-193.408
36.6877
-213.507
34.4112
-196.982
72.0453
-89.0289
70.5545
-165.905
14.2507
82.857
-214.561
24.6772
54.084
58.1323
83.9221
90.425
-218.366
27.7227
-12.0665
-147.304
101.039
-224.085
33.0756
104.376
-125.212
-111.242
36.2488
-177.908
114.97
17.4494
-197.038
-186.94
-110.453
20.0504
-164.686
-219.309
27.8274
-207.071
46.4094
101.047
12.15
-193.355
14.4904
14.4828
58.5215
70.2975
73.518
46.8307
41.0179
45.5575
16.0012
-139.755
-151.49
-162.973
-163.428
-165.219
-163.753
-25.4905
22.3089
18.9814
17.797
17.2375
21.1262
21.1779
105.197
112.412
114.999
-145.989
-164.723
-111.365
59.961
50.8768
118.154
134.286
125.665
136.183
120.935
-124.807
42.2092
46.1422
39.3595
16.6574
-111.906
-52.3945
117.09
108.469
101.24
-185.275
-119.578
72.1287
-120.576
72.5967
-109.589
82.6825
-151.735
-147.423
-221.99
69.0733
88.8418
103.513
26.5223
18.4176
-167.807
79.3414
99.1539
26.176
44.7514
-183.761
-185.623
17.9209
-170.367
90.8062
98.8562
-219.452
-185.088
-176.543
-67.3569
-207.634
26.6212
23.9404
-32.1567
67.7711
120.177
-186.618
105.288
110.093
-164.839
-56.4146
-50.8863
104.351
99.3623
133.856
155.137
-20.051
20.5994
68.3366
38.8347
32.4919
18.062
72.0384
76.1332
13.213
-122.713
2.8977
23.9169
21.5515
107.297
107.992
-73.1122
49.0045
50.3765
139.853
122.129
13.2201
132.271
-87.8134
-136.07
67.8242
-100.066
-81.9234
-87.4499
-122.653
-74.4823
-215.374
-229.675
49.7683
19.1989
42.8425
62.5691
-148.845
83.6753
-171.578
56.3661
54.2982
52.089
47.8979
48.3969
96.6233
95.5439
87.8313
78.6647
80.2757
75.0584
69.8142
50.0972
44.3525
-141.979
56.6503
49.5504
47.876
87.1731
46.0617
44.5546
124.738
-108.475
-131.39
43.8911
35.8267
35.8829
16.0599
35.5396
111.323
96.0492
-203.083
-145.349
-98.8066
-101.493
-108.578
-216.659
33.7434
28.3195
14.8485
81.4836
112.056
84.9692
-211.495
61.818
-72.0566
33.7765
-202.371
53.8269
55.4134
51.6268
59.628
-193.255
56.8695
78.4112
84.8973
98.3118
81.8429
83.9214
89.0927
91.2108
97.0652
104.28
-103.037
90.1768
49.3406
97.2324
27.5208
97.217
82.5857
87.6968
107.428
26.0183
-36.9551
107.361
36.2177
34.3754
148.815
-35.3073
90.9469
23.1596
109.933
18.0159
12.7038
18.2193
8.00502
-16.7897
-49.4783
95.5699
-58.7935
114.808
-197.822
-66.6324
31.7737
119.854
113.912
99.3414
85.6222
-129.354
80.655
27.1489
51.0639
-109.241
134.354
125.94
88.9429
28.1425
-108.762
-44.1629
-49.3188
60.5728
65.0838
62.1965
54.7674
13.6412
75.2768
-125.57
3.09207
-4.0026
84.2239
-12.452
-22.4073
-34.4235
-47.9141
17.6603
101.286
25.7819
108.142
16.579
-57.8884
-197.784
-185.39
-168.343
-66.0963
-92.9449
52.7886
85.5295
47.0475
121.798
-157.355
121.472
123.821
134.72
126.212
129.873
44.6179
-20.565
-120.458
43.3871
41.9046
-8.55944
-18.7072
120.609
4.71562
20.9533
104.651
104.928
87.2726
-188.027
-98.1455
-136.009
16.5532
-99.5435
-109.353
-120.637
-153.959
-148.818
19.8807
-136.523
28.7424
-79.7481
-120.795
-113.338
-117.947
56.8417
45.984
35.09
-194.871
-174.165
76.2923
-146.96
56.8806
59.8012
53.4003
63.3904
-179.039
-200.332
-108.995
-114.292
28.2911
-11.6371
-39.2791
71.7734
52.524
19.6092
39.893
33.3676
103.93
72.2819
-230.113
107.774
109.201
-166.071
-155.274
-146.578
-57.6579
-55.5007
-96.6517
-42.5016
-34.9989
-173.195
-47.6128
142.869
150.558
-122.712
51.7473
33.8099
32.9767
-116.381
-1.12918
-21.1559
-40.8372
92.2708
50.6436
81.8462
-181.873
84.7817
21.6447
20.4564
17.1147
16.4182
16.2636
20.0249
28.9786
-153.757
36.7674
-184.618
-186.262
-187.817
-62.5049
-201.109
-108.206
-157.256
-159.199
-193.781
42.7493
16.6125
-143.89
-156.908
-113.585
-114.58
-172.301
-122.684
18.9977
109.037
67.1224
17.253
-79.8405
-116.506
38.0521
18.2644
-156.849
96.7442
-201.322
-108.339
-130.489
-3.99276
-32.3653
-222.008
-47.0912
93.0914
95.9574
108.749
36.9897
33.4079
-111.602
-118.867
83.9722
112.551
15.1262
-205.608
46.8186
-39.528
143.128
45.2453
13.0791
10.5441
16.6254
12.9471
63.5762
47.3456
43.3391
92.933
90.0663
77.1182
76.5722
75.8828
34.4568
33.5858
8.41452
-129.895
67.6038
70.403
30.7282
13.711
90.889
20.4419
21.4499
103.561
35.7531
-88.9419
58.498
130.913
132.182
24.1605
41.4492
126.43
119.48
120.852
-202.809
-130.962
106.103
-140.865
-132.653
87.4134
-130.307
103.271
-124.259
18.3554
-188.36
102.016
-220.097
58.7878
-69.9682
93.3503
92.3357
90.8837
-85.5198
-186.758
102.646
74.9142
-174.662
-197.095
-174.603
16.3479
-92.061
45.8271
88.6188
85.0718
53.3225
32.7301
13.3194
16.7312
70.9361
71.0827
77.2183
81.026
2.08157
18.2749
97.9185
-190.739
-181.956
-189.572
-192.274
-184.185
-148.256
-173.484
-169.354
-165.537
-162.02
-158.77
54.8608
118.108
130.697
-209.994
-135.797
-155.192
36.6981
-6.75007
114.144
-44.7846
81.6171
-113.181
16.2958
-94.7222
64.4931
68.4701
79.8832
27.5955
79.7358
-145.759
-220.242
-190.282
43.1632
-182.16
77.3764
88.01
24.0172
47.6664
26.4849
-98.6082
-115.745
20.0761
114.571
-87.8793
40.3557
43.3287
102.609
43.6842
45.5165
-36.6905
126.556
-31.3252
50.4683
27.7487
-132.387
-173.878
-161.092
16.3651
-5.84113
93.5384
92.0528
81.5436
73.2713
33.0068
-142.87
-14.4972
-12.9268
-37.2245
-33.9322
22.366
21.62
109.244
30.5797
-54.5764
37.1133
-178.016
-187.177
-188.888
-182.015
-195.174
-173.178
-181.367
-181.349
-145.078
-200.554
-201.984
-106.346
54.8265
83.7028
-158
134.14
-196.598
-209.37
123.632
-114.006
-131.073
-213.126
125.325
-49.664
106.382
82.496
-184.221
-207.158
-96.6068
-213.725
120.215
70.581
67.9888
69.8189
79.8359
84.4363
-78.4718
-162.422
-215.704
-77.8585
-217.395
-218.067
80.8451
-169.774
-204.984
108.775
-126.626
-209.895
-85.316
114.876
-163.926
-63.2415
-44.5663
31.7188
30.4166
-173.664
-179.254
99.8362
-34.9436
-26.6399
-29.3806
46.2788
42.2094
36.0931
-131.536
-135.238
30.1837
-157.31
-158.454
-159.406
-180.447
-189.572
16.773
16.8306
-186.084
-175.542
-185.03
-163.542
-206.629
-156.587
-156.593
-158.176
129.114
131.882
22.1261
-212.613
13.9946
-100.707
-118.309
-154.009
-139.343
-137.773
58.0117
23.7203
13.175
33.4578
-214.059
-63.4824
30.688
82.8131
104.917
-233.573
20.3429
-71.3691
92.121
91.8011
82.2347
74.9331
68.7984
45.6445
-161.2
83.2402
90.6129
17.0309
17.162
21.5023
-190.399
-62.8225
-189.122
-89.1978
-98.7065
-101.762
-156.669
-110.657
-112.718
-116.815
-144.091
-134.389
69.4539
112.049
-84.498
117.802
69.4614
-129.033
78.8384
-214.038
-136.49
14.4572
45.8443
-191.544
68.0065
74.3724
88.3578
-206.137
-214.42
-224.349
-105.381
105.419
38.5757
-23.5913
50.0585
69.7308
-200.674
15.4134
-17.2155
-32.6443
82.5766
59.1163
43.445
15.933
36.5743
12.7649
-136.942
61.8863
7.85128
-5.26324
7.02883
-161.817
-166.281
-172.351
-9.9011
-1.96013
-21.376
-38.5853
88.4557
93.2013
16.0478
16.4258
15.0432
18.6588
29.3455
-185.245
-69.2828
-159.721
-113.36
45.3735
45.2346
125.461
24.4145
23.3561
-35.4213
-46.8058
1.58353
-117.057
106.587
-93.7359
-107.262
-106.094
-121.91
-124.337
31.7543
29.9464
-150.603
-130.917
-90.9257
84.2241
85.6151
-78.2962
-89.1617
-120.102
12.6111
-215.015
26.86
56.6384
80.7701
16.1636
56.6147
18.4702
-205.406
77.2701
80.1592
56.1365
-74.1898
-130.578
-220.843
35.6643
83.843
-227.217
54.046
-69.4249
-94.1951
-29.7318
-95.1787
33.5136
60.4881
59.6728
53.9578
88.5168
72.2503
41.4147
-79.0705
-144.661
107.935
120.515
-64.3514
18.4602
-152.258
68.819
32.8278
-120.238
-133.915
-213.6
95.7599
9.76509
-239.801
-129.878
39.9182
106.964
109.503
111.476
112.716
51.2207
44.4596
49.2503
76.8177
95.2285
70.6001
25.2917
19.5475
78.4199
-157.611
-162.379
-47.248
-188.923
-186.926
-180.548
-103.727
41.0269
38.336
15.2103
-101.495
-100.539
-217.316
-216.789
-90.5636
-103.156
54.0748
56.884
58.2432
-225.576
-204.793
-207.465
-125.869
-123.6
-11.3814
-154.409
93.2143
99.6979
89.5181
62.7992
-84.2449
17.1684
-164.065
-194.06
85.4339
38.9937
15.3083
85.5945
52.0448
59.2661
94.3593
-130.409
6.06758
-22.4762
-73.8093
-79.8478
45.3365
77.8318
74.4548
71.9961
39.9925
35.012
-105.827
31.4252
17.2896
17.8356
17.5198
95.2304
101.523
99.7752
-185.785
-63.3863
-97.3554
-196.456
52.5008
-124.043
33.3083
31.0521
-210.291
30.1444
-0.0656393
-203.261
-97.3293
-125.708
-166.931
-112.067
80.4585
65.2457
-109.825
54.4772
56.6294
66.0655
11.3537
42.2019
16.8531
69.8756
23.4085
11.3219
-82.7798
25.3932
34.6908
-194.037
9.6244
10.4068
-70.1674
35.6459
84.5574
103.325
-234.981
83.7442
-176.139
-227.63
-28.2751
106.805
-168.687
13.6361
77.3404
77.2947
68.3625
27.9022
20.8754
-151.865
22.9305
16.4339
16.2674
16.4177
14.5119
17.2368
14.453
113.335
-75.2315
53.6758
127.729
-121.804
-88.4387
-128.865
69.8749
28.7194
20.5654
15.237
93.7401
-182.53
38.0844
-223.404
-8.42924
-51.0237
-83.8843
68.3385
68.0765
17.5069
-189.314
-73.2844
-93.6962
-162.64
-203.874
-157.011
-157.889
-142.491
26.6656
20.0579
-159.981
-169.784
-221.96
17.6806
14.262
62.732
53.3132
51.0594
50.4806
94.6382
80.7987
74.1433
74.3023
67.7976
-101.202
-107.906
-158.079
27.0498
19.1814
28.0506
-183.397
-176.754
-78.8933
-88.1581
27.7318
113.93
16.0559
-0.220207
-102.513
32.3306
-154.177
-152.471
66.7045
11.5356
-99.1198
12.6923
22.7135
22.3269
-135.174
26.3296
3.97478
-214.288
24.3624
92.5048
84.4547
112.086
-154.631
-97.0292
107.128
25.5035
-244.754
-60.7392
47.5893
80.5443
14.3197
-180.766
58.4378
35.7625
-204.308
118.585
-193.696
55.3632
32.586
83.5418
110.691
-216.907
-114.933
-45.2241
15.3081
-194.864
-139.114
-205.862
12.8952
122.565
-24.945
104.599
83.8904
30.4046
-119.929
-155.859
118.197
-99.6441
42.5301
115.715
114.008
-85.6085
-221.388
-222.583
12.7031
-175.864
-181.129
-76.7566
35.9728
-136.07
-87.6301
101.356
82.3787
-62.2811
28.8848
16.8606
49.5636
47.4306
77.0292
-150.423
-150.061
-192.911
-182.402
-192.269
-184.452
24.3642
16.8029
14.492
17.3765
-45.9164
65.2319
-0.0549449
21.904
20.4932
19.5981
16.4464
17.8833
15.2684
20.6544
26.573
14.4528
32.9712
60.4939
15.201
36.6993
17.1068
27.78
13.5803
27.154
-133.772
24.9137
-217.134
16.578
19.2907
-173.083
-112.937
15.5049
-126.475
102.934
112.92
17.35
-211.569
25.8938
-40.3396
-165.557
50.5656
-64.6594
41.3732
98.5678
23.0985
-206.619
56.7195
-104.221
-107.381
11.84
15.4555
16.2431
-179.281
-203.321
55.6357
-73.3514
-206.73
-143.682
96.5454
12.3044
42.9305
-104.184
-112.991
-148.826
13.8003
-100.414
-166.74
-99.5216
-126.138
-170.464
-139.241
-195.505
-208.226
-147.054
-20.7996
-81.5864
-156.623
-185.277
18.661
16.5197
14.5506
-192.292
104.566
-174.663
-183.121
14.8565
47.5052
-49.5193
-55.1716
19.0336
103.742
18.7838
28.6823
-160.75
-163.18
46.3552
36.7278
25.8897
-169.963
10.9601
52.4249
59.1939
62.2579
45.7363
34.9623
-219.086
28.4706
33.1513
40.9735
29.4359
59.4132
14.5985
13.9021
-43.1383
-86.962
73.5378
71.2945
-108.383
30.0345
16.9888
16.3253
15.6926
25.7463
32.6093
-0.307437
-120.817
13.2252
15.5608
-145.715
-184.994
-193.885
-203.518
78.9258
-122.254
21.7251
-67.4799
78.7096
27.9566
23.4817
47.4654
49.9736
36.019
28.0584
26.878
13.8633
-94.0829
-101.863
99.1514
62.1803
23.6368
-210.657
-141.08
35.6063
20.5461
54.3993
51.7874
34.4762
-101.57
15.101
14.7359
18.4094
21.2378
28.8846
24.0034
56.6425
40.7379
22.036
13.8592
16.6257
16.7103
14.2243
13.4932
12.97
19.9822
-106.684
77.6927
-72.5728
54.1099
22.3499
-102.944
22.0669
20.0589
11.8608
3.25528
9.20111
3.46042
-13.5651
-27.2972
-35.35
53.6648
-34.734
-31.1985
-165.914
18.8883
19.5764
21.1572
24.2734
33.8985
36.5449
-203.693
37.9079
56.8141
-18.4926
13.6147
16.5827
13.401
82.9303
-72.6265
15.5616
13.5853
-105.135
15.7099
17.8136
72.0742
-52.5816
13.5772
-168.896
11.9673
-76.5924
-217.774
-139.679
-135.274
24.4521
25.3171
-10.4758
48.2722
-156.199
-104.863
31.5648
28.9496
-160.361
20.9887
16.4323
21.0083
25.4657
-98.2003
58.8241
-148.238
23.6788
11.1568
-122.981
103.434
-64.0174
18.2949
16.6626
15.7499
-12.0163
-14.5845
66.643
-33.205
78.1627
-159.331
19.8779
-191.429
-194.778
-189.292
-158.611
41.0184
20.7517
86.9944
-158.767
19.3456
-38.819
61.3089
-34.2872
11.0241
108.491
33.5055
17.3535
-72.4214
-125.857
63.0826
-157.748
-160.768
-177.838
-184.348
-158.545
16.7359
26.9385
-193.811
-195.026
-181.75
-190.275
-184.133
-180.981
-23.4448
16.7745
115.326
111.299
13.0956
9.5219
17.0959
18.7802
-169.646
11.6277
-106.542
-172.811
-143.166
81.1487
11.4154
26.2962
-167.689
14.7422
30.8815
9.45662
14.1012
-207.295
11.7377
-62.081
-72.2043
39.7517
-107.375
-111.942
-114.546
-160.746
-171.414
5.6595
21.3369
17.9177
-194.764
28.3975
9.76948
-4.58013
-136.161
-178.321
65.9129
17.5282
140.764
21.4502
-103.542
-88.5039
32.9318
-208.234
-128.742
44.4029
-134.582
31.5583
-156.126
-169.265
-175.575
-84.0192
61.2921
24.6429
117.202
-74.5463
-170.531
19.9636
38.8719
65.7008
-177.632
-203.503
38.9366
100.645
40.7801
-100.165
33.5756
42.3422
-37.7685
26.7195
-156.106
-66.9791
83.9807
-141.291
102.92
-211.444
-88.1687
-25.5551
67.1687
20.7279
16.8749
16.7279
16.5768
19.1512
14.45
16.9365
16.9632
14.1384
147.295
16.8057
16.6581
-205.365
-66.4637
51.7519
-105.305
-161.621
-67.231
14.5366
13.5205
25.4655
-139.466
40.9018
32.2662
28.3635
-170.06
6.33007
10.1846
-67.3162
40.9029
-119.892
21.8966
21.2557
20.6587
17.5197
17.1815
-184.591
-167.098
31.2899
14.7069
20.0557
71.405
-164.735
-84.6278
13.743
-19.2678
40.4375
-199.128
15.7893
-149.076
64.3477
-231.823
-221.28
14.9815
15.3408
110.209
10.155
-160.13
23.6362
22.5508
21.0668
16.4226
16.7031
20.3409
22.001
29.9868
16.7762
-21.7394
-94.5789
-100.531
16.1952
14.3305
-167.944
26.0658
114.4
23.4511
-93.9649
-71.5622
-167.444
62.9983
-180.948
18.2722
-157.111
-158.511
-98.6091
19.3208
81.6074
18.72
12.6618
-172.964
15.9214
16.5601
52.5288
-120.921
22.9528
20.1469
19.6149
19.041
16.5835
16.8541
22.9066
23.9018
-178.942
17.0261
-125.412
111.65
-23.116
20.6156
-138.049
22.665
10.5566
-216.032
25.2482
32.6261
106.934
-165.196
13.879
66.6942
62.4218
-159.181
23.2761
13.2704
-180.096
38.2139
16.7173
13.8533
15.0166
58.7709
29.0662
10.3981
10.822
22.4109
29.9195
17.5811
13.7875
15.0076
-54.3661
-78.9331
52.8062
26.3368
-157.4
-127.591
-190.997
-145.59
9.23035
4.8289
-121.234
-174.484
-177.829
-114.964
-168.456
-152.525
-67.9552
60.5204
20.4703
-148.601
16.6415
-8.84254
-41.7614
15.825
-132.899
-44.7348
-172.511
82.3814
26.4143
52.0855
12.1199
113.373
21.6126
14.5007
-19.7841
-161.023
13.4163
-83.9144
-34.8145
-174.692
42.9497
67.1345
8.57035
64.3115
16.8992
-85.8861
-125.752
26.2642
18.5834
18.5222
17.2694
116.733
-201.064
-56.0881
21.1917
-123.846
28.1613
-114.408
17.484
18.279
-184.659
19.405
22.7175
8.82541
-153.883
28.5331
-142.351
16.5966
-155.598
-211.441
-51.1025
21.5849
-4.41363
-28.2835
-32.0791
-33.6885
-41.4263
-150.454
-159.81
26.479
-174.309
-178.64
13.5999
13.3519
-80.9781
-123.158
12.6271
-147.311
-109.954
-143.142
77.831
-94.4826
-97.1126
-180.025
-197.402
17.3956
-209.674
-117.104
-210.529
-76.7871
-207.084
-33.9325
64.336
-22.5142
18.5242
-112.704
28.1197
10.8068
29.62
-120.189
-191.969
13.0267
17.0208
31.4952
31.6094
34.1664
-87.5862
-121.076
-91.6093
-114.982
-104.448
51.056
53.9455
46.593
-188.999
-80.9964
-125.475
-107.49
69.4289
-150.314
29.4959
-104.273
16.5262
-212.915
-210.594
15.5131
-222.002
41.6889
-134.973
24.278
13.9685
12.4165
-119.747
25.2685
48.2989
27.3923
16.0549
10.5865
5.5954
-1.0224
37.7112
-191.823
16.8472
-111.792
18.7325
-92.1347
13.4309
-80.9566
19.4258
-20.305
-18.4513
-53.2929
15.2942
-116.944
-33.5639
14.923
-90.6285
-145.681
-158.896
-118.345
-120.166
-111.653
-87.5021
19.1081
38.3226
16.8456
16.3857
13.5215
14.0407
19.4765
-95.3416
-91.7361
-56.9713
25.3373
-35.2134
-160.541
30.8166
-27.0871
-74.8151
-223.491
-110.728
33.8633
-139.48
10.4541
12.5797
8.47362
21.6467
33.5511
-14.1589
29.0223
17.8742
-134.16
12.9364
15.5825
-38.0488
42.9142
-200.752
-172.555
-61.916
15.172
27.9
-139.288
14.0979
12.756
15.7173
-177.609
-155.596
-36.1969
-61.2007
41.4426
-103.662
29.4373
-117.241
-11.0849
-96.4843
-136.244
63.4483
-233.769
-110.874
-185.3
36.7994
-165.506
16.4476
12.2131
65.5566
17.0413
11.9441
-17.9771
57.0308
30.6822
-15.9312
-122.418
-87.0625
13.1392
-22.6784
67.5026
17.1825
-3.3852
-8.59868
-31.0174
18.9611
-190.959
-142.087
-40.8576
30.5977
1.36625
-101.127
29.4878
-89.8781
30.9708
6.19432
15.2215
14.7777
19.5498
12.9787
-4.97523
-77.3169
62.5874
15.3589
92.6009
20.3721
-32.455
32.4433
-72.1662
26.3197
-135.67
23.3159
61.2447
-47.6407
-215.729
72.5918
-194.213
-93.362
59.4187
-193.896
25.6493
6.5963
-26.2294
16.6679
-163.864
28.7714
14.3225
-140.794
12.9103
10.8243
17.7141
-158.893
-7.21563
-152.282
17.9788
-107.057
-158.29
-91.3904
16.8311
21.3768
-186.241
27.8319
14.4519
-109.452
33.9171
-84.7
44.2551
-193.104
-166.35
-35.7857
-50.425
18.2001
38.8141
14.0263
13.4808
30.65
-110.434
-91.1072
20.9755
17.2595
28.6232
11.3843
-35.9071
-89.8208
-160.157
-139.296
32.5367
-69.1422
-136.503
-197.089
18.6597
59.1836
16.5846
16.6827
14.0565
14.2648
13.6906
34.5842
29.4992
-102.355
-129.56
-84.0291
-34.7868
-82.9881
-11.7356
22.6413
74.1805
-204.439
-116.394
15.5831
-139.011
-188.522
-174.483
-71.9136
-1.79274
-130.358
-1.39576
77.3484
-159.283
-174.533
25.7156
11.8681
-50.904
-119.92
-97.4718
15.4349
-157.611
-61.3677
-63.7604
18.6583
94.7068
3.41023
14.6905
0.343818
71.3392
15.671
16.2852
-183.665
-198.898
-212.347
-75.5922
-124.38
11.532
-145.637
-213.764
-9.73584
-90.7791
16.76
-40.7853
-168.288
-66.6944
-51.9744
-3.01455
37.8696
16.8867
17.8135
19.2554
-79.9517
-86.2039
-52.513
24.3741
10.322
-70.5366
35.954
-125.236
17.6814
-129.702
70.3771
-168.192
16.3105
24.6506
1.40563
-149.864
-121.702
-52.3496
-147.49
-115.253
-237.718
13.9886
18.2586
19.3978
41.8447
-149.008
29.9724
-203.399
-195.276
-123.247
21.202
-83.6371
14.3464
33.514
-19.3554
-139.173
-107.727
14.0624
19.9969
25.0152
-63.4127
12.1795
17.7816
35.3948
-181.777
-208.65
21.2325
-26.5132
10.5117
-47.9267
-86.3538
14.0398
-108.641
-75.7301
24.6518
-185.772
11.4838
-66.1274
-75.0673
-5.24561
-98.1079
1.51696
-43.3606
30.5561
-119.496
25.7619
-61.7455
17.1166
17.7989
73.2489
-169.508
24.2202
28.6116
-148.947
16.2493
66.0006
-100.402
15.5164
12.4798
8.50074
-149.862
27.5573
11.4413
15.2731
17.5697
12.1534
-165.372
-140.57
-102.603
-163.61
14.3196
19.9077
17.4244
-200.214
-200.979
16.4652
14.6479
21.4864
10.3636
14.8927
15.7147
15.2061
-79.1442
61.6249
30.2072
-97.7338
-195.525
99.2005
-123.561
82.5655
18.0425
17.6288
35.8434
-97.9157
-185.657
26.8143
65.1052
15.0343
-145.754
16.0304
12.5724
18.1472
-202.206
-205.138
-6.32095
-146.344
17.1902
12.5583
10.5154
-197.719
-158.439
13.6326
13.3621
24.8074
-64.8188
-76.4461
18.4871
-66.2306
-19.8921
17.6332
14.5868
-35.8531
-94.8129
13.7098
35.9569
-143.168
-149.236
-163.057
-87.8809
-26.7186
-69.9251
10.3819
86.452
13.302
12.4946
12.6491
27.2507
-150.535
11.9155
9.76493
-157.653
-26.3328
15.3629
-118.118
-81.7252
8.23367
-142.895
92.0182
-22.0063
16.6408
16.1673
29.0057
-192.714
19.6172
-91.1176
17.0845
-145.828
12.1057
-90.9433
-125.266
22.1071
-109.401
89.796
-132.339
-201.175
16.4394
-87.2279
60.7097
87.5504
19.7191
-143.134
-45.8129
-212.745
13.9639
-10.984
-213.823
-143.024
68.7802
16.7095
18.0302
34.4651
-244.484
23.6474
18.3985
-50.3663
99.2766
-207.682
-85.762
-13.8216
-3.45143
16.8163
17.4246
18.2946
18.1342
11.7436
12.8006
-158.528
-155.044
22.5071
17.072
-14.5033
-71.4321
16.5075
17.4801
15.2846
10.5526
-194.699
-180.775
-26.6745
22.0674
-104.797
-123.264
16.4152
-72.323
-28.4071
21.9973
5.88036
-79.0289
31.8891
23.2559
-38.7886
-86.5355
25.8269
-45.4774
-239.014
69.3822
21.8408
119.235
5.24028
15.9019
14.7917
13.1545
30.9102
-155.278
34.0672
25.0138
118.355
16.4704
-192.359
-60.6983
25.3565
-25.3681
18.3542
23.3835
-157.013
17.3441
23.5353
-163.138
-166.652
87.2622
26.8963
-66.621
17.7088
26.7694
-52.2809
-129.81
-50.6801
-69.8094
17.1607
-80.0063
16.5627
-46.6706
18.538
-204.363
-6.17187
-69.7238
-214.961
32.1406
18.0603
-198.188
35.4792
3.4304
-130.226
15.4086
-21.6497
43.4074
21.181
20.0948
81.5962
-80.1699
-35.7361
-34.3042
90.1736
-113.737
-45.5116
15.4874
-138.896
-36.7383
-126.278
-8.75136
18.1092
25.6637
23.1928
-55.8646
14.8998
-97.8977
34.7002
-193.815
26.2955
21.9302
35.9922
-141.767
33.1328
15.179
34.3813
13.6283
74.5725
34.2255
32.1448
-133.597
-142.682
18.7226
23.7907
-93.904
26.2108
-121.844
-167.418
31.3728
-42.2886
-168.454
-160.838
22.2417
-47.592
96.8851
-123.922
25.3162
-92.7601
-2.03782
17.1335
18.2256
19.1713
82.025
-169.204
-171.895
30.2215
-160.438
22.1246
85.329
-109.591
5.12986
12.8554
-161.104
25.0003
26.2684
-139.024
-156.114
-61.6295
16.0698
-122.033
-161.739
10.3532
-155.474
19.6109
-28.7501
-104.069
20.9944
32.9004
-59.0384
-162.272
23.4608
-202.731
18.4054
22.5621
4.85174
22.5155
-117.466
10.2083
-147.199
8.88268
-144.271
30.1869
0.795421
88.5853
-40.8072
-88.571
20.7557
-199.326
21.2702
15.1657
24.1289
20.6926
12.7956
20.3804
105.126
25.2733
-157.177
13.6528
16.3962
33.4227
25.3396
10.7699
-61.8967
-61.7448
101.275
15.8001
-66.29
-202.889
12.2433
44.8381
-109.169
17.79
-194.505
-47.7038
-115.465
-2.075
-19.1815
21.5615
15.4524
16.5087
14.261
16.9542
16.9683
17.1348
15.4015
-56.6079
28.7913
13.8675
14.0406
-92.4781
-77.3712
14.1656
113.109
-143.995
24.2159
9.84742
-17.1825
19.1128
17.8429
13.2734
18.4031
23.3448
29.1382
24.25
-15.1783
83.2224
16.8331
16.1225
20.0858
25.6462
-53.6521
15.9465
15.5789
16.8838
24.7966
-148.932
19.75
-100.046
16.7258
16.7346
23.1417
26.6042
-147.207
-8.43273
-138.52
-65.0587
20.0986
-90.3526
6.19776
23.3942
30.7401
-132.231
-43.7602
20.0978
-69.7068
40.3333
-36.6321
-7.35033
29.9641
-67.7726
-164.489
21.9635
-61.6447
16.7493
-45.0545
125.418
33.271
16.6294
-67.0191
22.2575
-18.8683
-80.0813
98.2949
-27.2428
-49.4697
32.4085
34.0441
29.5387
-59.8586
31.6387
17.267
-150.497
-134.317
13.8504
28.4009
-32.567
14.3988
27.7864
19.8464
-158.96
105.352
-93.8405
19.6289
-58.5748
-21.8379
101.722
19.222
14.7233
-143.156
15.2002
33.1487
14.1163
-98.7817
40.6856
18.1582
15.0593
13.344
137.345
17.5184
-68.913
20.3726
-59.7023
129.519
-140.002
-57.902
-91.4834
14.1496
9.08718
-94.8815
-21.273
-181.845
17.843
29.2418
-90.9516
5.55764
-104.626
-25.105
24.3016
14.8361
15.355
17.1347
-57.4969
19.7743
20.5488
-168.577
-124.724
19.3983
16.2383
16.8293
24.5241
16.0195
24.2847
21.8404
-96.9598
16.8999
-130.916
136.604
114.741
15.3683
-15.1
28.0077
18.5364
-46.8034
6.03187
4.24138
-127.19
-61.1091
-91.5156
-22.2815
-113.312
20.466
42.9836
141.701
-156.959
138.166
16.2347
-128.72
16.2578
20.0561
-144.403
39.381
-123.713
-90.3316
13.6686
36.4756
24.4419
28.4996
-53.4428
-82.3225
9.98497
19.0263
-102.017
-114.317
6.38485
13.3962
-11.8168
-89.2964
-45.8562
-30.8827
-93.697
-170.804
-128.942
-60.9119
12.9765
13.6993
17.0737
121.345
15.5157
11.5817
-129.075
17.6219
24.2467
24.6469
-136.245
13.0463
18.9957
-60.9753
12.9995
-109.388
-164.909
-171.452
109.635
27.7117
25.6689
17.8754
127.559
130
-42.8973
20.7159
25.2054
-177.684
19.4032
-24.5906
-70.6977
16.6584
12.8172
12.4281
109.726
-144.303
-147.297
-145.859
-166.045
16.7905
12.376
17.2135
-58.3107
17.9569
-93.2254
18.862
-24.1652
11.3639
-12.7237
-166.452
13.4938
13.4338
-47.2865
-124.502
12.3139
-153.459
26.1299
16.8577
-150.722
18.8501
20.4803
40.8926
-148.805
-48.7191
19.8697
19.8954
-182.782
-138.8
16.5157
-113.312
-68.3948
-125.73
-128.009
-153.63
-141.823
29.1897
42.0325
20.5276
15.1823
35.7371
11.2179
-13.7242
-127.541
16.8099
15.8025
-107.866
14.1534
-123.061
-127.281
19.4106
34.2256
34.8773
16.6085
15.7645
13.2171
-13.1875
-91.851
26.2112
11.3844
22.7583
20.9579
-57.955
-147.136
-126.848
24.5984
-188.538
19.5779
-14.0003
-160.875
16.0251
-90.5787
-144.398
-17.4925
-58.955
-96.5115
11.52
16.8703
15.0474
16.7485
16.7289
19.022
-83.7425
14.6276
-123.965
-174.378
19.2603
-18.9855
-60.8392
28.7296
-156.722
16.4974
-135.008
-165.435
-176.772
-131.96
-12.2749
-30.585
-23.2148
16.7484
12.3854
-37.9293
16.5399
16.9257
18.7495
13.365
15.0568
17.5263
12.5235
14.1029
11.3529
16.5347
-28.5405
17.8518
-175.398
16.2305
-121.569
20.2364
17.4346
17.9442
-42.7207
-92.1654
19.262
-56.5714
5.55493
15.2744
-95.1332
18.3671
-47.012
-180.147
-38.8246
18.1335
13.0531
16.8261
18.4502
12.6393
-59.12
14.5292
-83.8753
20.1078
24.5517
14.2209
15.3403
18.0779
-20.4134
-37.614
-136.243
-163.723
-132.775
-162.537
19.728
15.4631
-46.5981
18.2429
-106.839
7.93168
-54.8856
-167.823
16.7852
16.9516
11.6497
22.2311
15.7548
-48.3199
23.1522
-131.945
17.5656
-133.777
-101.004
-31.8931
35.9504
13.3972
11.2078
12.7505
-31.4981
19.1816
22.6064
10.3338
-145.713
-87.714
17.0827
-177.335
-161.84
-110.87
16.6286
-58.1051
-55.2219
-84.5619
-114.27
19.3083
-20.0487
-210.032
-168.433
-10.1294
29.8825
-175.561
-121.938
18.5204
-131.028
-34.2669
-161.992
-164.103
-186.381
26.8014
-25.9743
-116.187
-99.29
9.88118
14.7532
27.7188
-21.2798
20.8608
18.6949
-122.968
13.2004
-56.1026
17.284
17.0031
-11.169
12.9347
-106.456
-82.5809
12.5842
18.1667
-18.177
-117.657
-181.464
11.6689
16.2328
19.1737
-5.98341
-166.799
-178.761
16.1161
33.5418
14.4073
-169.992
9.59627
-34.7372
-40.9072
26.3711
17.626
16.858
-172.226
18.6518
17.6321
20.5795
16.5663
13.6566
-98.8298
16.8735
-99.3732
16.9744
13.0612
-63.6811
-158.694
-37.3086
16.7481
-84.9426
-37.8308
-124.869
-32.7976
17.0585
-116.833
15.2811
9.49573
-0.0806856
15.0234
18.184
15.5893
48.3584
-106.887
18.7356
18.2746
-161.563
15.8105
40.2735
-19.454
-57.9938
-114.078
15.5971
-123.159
17.6854
-128.708
12.2684
-27.9971
-190.673
-56.1322
12.2821
13.021
26.2902
-30.2075
16.2873
21.1212
-132.673
-38.2063
10.1784
-116.198
13.2207
22.8507
25.0494
2.19072
-115.189
-84.4419
-25.2965
-0.170402
-126.168
-53.4793
14.6974
16.4788
-132.047
-82.3538
-79.9419
10.9434
12.0532
-132.129
16.9195
21.2616
15.4847
14.8558
10.7476
14.8534
-174.106
5.22663
25.5496
12.2568
-158.359
19.9807
-85.3687
-133.564
11.0208
16.169
-140.085
-167.98
27.0611
-182.372
-11.792
17.4006
20.6184
-44.8613
18.173
-113.346
14.5093
-93.3323
16.7147
-75.2613
-27.3716
30.0555
13.0703
20.9452
34.2451
14.2674
12.5463
15.7194
25.9597
-47.5628
-136.139
-43.9238
-23.9101
-131.189
38.019
1.69973
-127.498
-134.746
30.3555
37.7953
-169
15.3643
-68.7547
-168.013
-24.8651
-111.819
19.0611
-163.866
11.9658
21.0838
-171.054
-185.358
31.3087
-166.419
-115.811
17.207
-32.1258
-29.8692
11.5134
20.4297
-179.047
-43.7646
19.7767
-185.915
-22.7287
13.5043
27.6613
14.8439
-50.1017
12.9076
18.9384
25.1547
-64.494
-59.931
16.0204
2.97244
-127.324
-30.18
-96.1754
12.5766
0.884612
16.741
1.18809
-81.854
-59.2492
-206.741
16.9122
-166.299
-171.932
-73.507
18.9054
-86.4641
36.8364
24.9766
17.4111
-66.4313
-167.318
-66.0685
-6.06957
33.6098
-10.1289
17.1392
-62.2836
34.6468
15.1472
-190.229
-125.023
-95.7411
-177.692
-182.333
17.2265
-163.937
-32.5629
-12.9033
16.67
11.121
-124.732
-34.8218
-79.8036
-56.1695
-164.335
17.7934
20.3756
-112.801
17.3435
-181.219
11.2283
20.5413
15.4423
19.146
27.8285
-63.9355
-104.336
15.094
-198.236
-64.7066
1.65942
-39.9267
-115.346
-28.0911
16.9018
-126.699
-106.155
-162.716
-201.306
-43.8345
-81.7688
-189.046
30.293
-192.313
-29.2537
12.5465
-21.187
-29.0452
17.5568
28.6366
-199.093
-129.228
27.8669
10.5852
-193.013
4.11183
31.1669
26.5868
11.9133
17.123
27.2382
19.8667
10.7544
19.3285
-31.7583
8.3513
-195.94
-34.8244
29.5839
17.1991
-36.7316
18.4946
25.4086
17.7567
-81.5107
29.171
3.58833
-28.5576
22.4369
-74.1472
11.5525
19.9932
32.8318
17.1449
22.0349
44.4575
26.3736
-35.1347
-41.2464
-130.758
12.7239
16.8035
20.0042
21.6768
-166.654
31.5086
18.5487
-165.847
16.896
27.3565
6.11441
-77.3592
-41.5483
23.5113
2.70957
28.658
22.0308
17.9383
31.8732
18.9514
17.8413
-41.8276
-56.3257
-182.691
34.4004
26.3662
-32.7449
-212.594
-79.2841
64.9821
21.9909
17.5321
16.0021
-32.0044
18.6474
19.2397
25.8109
17.9832
-204.301
-169.33
31.4598
30.1085
11.26
13.0665
25.3061
9.99474
-2.19805
17.1875
-66.9591
37.3926
25.3638
2.54787
-0.477671
22.6053
-193.513
15.8308
-111.32
-35.8462
-42.0497
-86.0109
18.2331
9.92752
47.1214
-35.8193
62.4323
-33.2172
18.2545
-128.488
30.3726
-167.288
-203.537
27.2157
65.2098
16.9943
21.8166
20.4168
36.3182
17.4318
10.9478
15.7455
27.0207
-194.818
-52.5019
14.545
7.99476
19.4857
-53.3744
-179.022
-186.667
-26.9698
43.7894
-177.857
17.1056
17.1911
16.9589
-42.3063
21.5919
19.046
-27.4517
45.1616
17.3287
17.0597
-181.462
13.1124
-197.792
-18.0463
-181.274
23.1289
22.2597
12.6639
60.8297
-39.4204
20.4414
-29.6972
22.1304
-128.618
-29.6968
11.3845
29.5796
37.2828
-55.3114
27.0922
-80.6049
16.8549
17.6802
-39.039
-78.6272
23.6644
13.1556
17.3806
18.0736
-14.5821
-36.189
21.3842
41.9623
13.9759
-11.1758
-202.779
-205.233
17.0955
16.7785
-13.1739
-31.432
-193.32
16.6656
8.15536
-17.6717
20.3412
22.7824
10.6031
26.2348
18.6
-32.3579
-202.438
-39.4607
24.7168
10.8208
17.022
19.1186
-76.2509
-196.203
38.7259
25.3093
12.5733
-185.203
33.241
9.88285
-182.649
17.8392
16.802
-40.5439
-195.108
-69.6243
-71.3439
10.1942
-53.8279
-60.7609
9.06349
42.7429
-79.6119
19.9949
-58.8678
4.50846
20.7417
-169.117
22.8488
21.9825
-53.0162
5.45809
-199.696
17.9233
-37.2729
10.5282
9.32747
-28.6291
1.37514
44.5404
22.5441
13.0772
-52.6918
14.9563
12.009
14.5717
64.0939
-50.6729
15.4531
-3.92721
17.104
13.8654
20.1198
17.0351
14.0966
14.275
17.6574
-76.3927
-4.97165
-1.51632
13.0404
14.7787
-200.214
-197.201
9.05524
60.8269
35.1683
13.0665
8.28121
27.6979
23.4671
8.14529
7.17991
8.66116
32.0854
-116.67
-78.437
11.878
5.27851
11.3
28.1641
12.407
38.9959
18.6395
20.7833
30.843
13.089
18.2898
35.2303
33.2487
17.7602
17.998
37.0025
-117.566
19.3067
17.5001
13.4246
39.0093
13.9736
18.1483
39.1939
63.8032
4.32738
35.0328
6.2973
13.6112
17.2969
23.6649
25.1993
24.299
61.6185
26.3544
71.9073
18.2629
69.9295
41.2246
13.4156
63.7105
30.5379
36.6011
36.8462
10.4654
23.9747
74.1601
24.0853
11.0899
-6.03956
9.7342
4.27593
-166.467
13.4634
-2.9524
-115.934
6.31507
-168.302
39.1236
8.97249
-118.853
3.21098
-17.3032
-151.821
-9.41888
-9.22077
2.00791
-5.11664
-2.5088
7.32177
-14.5769
7.22908
-169.305
-154.368
-0.187881
-6.73418
62.6005
71.6498
7.36456
-114.158
-165.834
-2.6012
-7.50878
74.9074
3.16006
2.11741
4.31217
-0.419218
-14.8603
-10.9742
-4.10863
21.1777
-12.9985
-6.58371
-112.889
-3.53746
-15.694
0.889856
-8.25569
-154.561
0.873027
20.2507
-7.70018
-4.00504
-10.3427
90.5467
-13.7185
13.9686
-11.8961
-12.131
90.5527
21.0239
14.5527
22.3553
-20.9764
14.4695
-166.778
21.6972
-21.4889
-168.442
12.8867
-19.799
21.511
18.5794
14.7854
20.0091
14.1208
-168.156
16.0313
72.959
66.481
19.7379
21.2857
13.6366
22.1614
60.5706
16.8463
91.7441
28.2537
21.4622
64.2115
27.8161
66.7347
13.452
-147.629
17.0776
20.9061
18.7088
16.8703
-155.644
57.2461
22.4171
13.2098
91.9364
21.7653
22.1051
21.6153
-155.963
15.1719
65.1685
65.78
63.337
28.8752
36.0583
20.9125
20.6997
19.6142
18.9366
18.6695
92.3571
21.0082
-25.1901
16.0639
17.4869
20.4898
-22.8231
20.3969
93.3323
-167.337
21.541
-159.215
-170.005
62.9071
19.902
62.8385
-167.02
15.6708
19.3325
22.9728
20.3695
-172.296
17.9993
17.7404
61.9256
17.4011
20.1979
59.4804
19.3023
19.7722
16.8059
55.0505
15.2581
20.8119
21.1127
18.2957
60.5914
20.5877
16.0288
16.6071
17.1996
16.9551
20.3107
15.7552
15.3082
57.0819
15.7833
18.3352
15.6546
19.8324
14.7384
15.0101
-168.174
61.8788
61.6243
14.6749
15.0531
17.4002
58.3316
18.7992
13.8674
14.2235
13.8783
22.9129
17.5066
16.5819
18.8005
14.5588
-172.66
55.7573
16.6473
17.8298
15.1974
14.8698
16.3158
53.3267
58.1832
16.2507
15.7838
19.182
19.4527
54.5652
-164.118
16.5309
56.1224
17.9015
15.4733
-34.4341
15.9181
15.7812
17.0069
12.9832
59.4597
15.518
18.1841
18.4484
15.7842
17.1375
15.458
30.2059
31.2575
31.7041
31.0666
30.3315
32.1213
32.4453
53.6232
16.0932
54.7854
17.5812
17.3282
14.5033
12.7998
14.5668
14.8251
15.4921
41.8986
55.9807
41.6413
14.8854
51.2892
50.9183
87.2387
14.4273
14.0806
13.7715
52.4693
40.0299
59.3696
14.219
15.3991
36.0222
15.9171
58.2991
15.7652
14.637
52.113
16.2958
15.6729
14.8813
49.685
35.0152
15.5413
16.1357
-150.979
38.4662
22.2167
16.2702
15.7141
46.7498
46.2541
50.1927
13.8614
15.365
47.9485
13.6018
32.7956
15.2553
13.4202
16.0169
15.9326
14.3445
30.889
16.0573
47.3177
15.7417
28.6201
33.1983
45.0128
-151.248
22.0356
48.9887
48.5554
25.7508
13.0126
31.2086
31.9522
29.866
44.0351
26.9436
-153.03
14.4588
45.7794
-149.615
15.5363
42.8053
27.4957
44.5786
15.9894
15.8177
27.2376
29.0959
15.0998
43.6637
40.4674
12.7786
40.6717
38.7547
38.6437
37.9738
13.182
36.7195
36.714
19.0078
34.3177
38.5449
36.0902
36.7071
36.0819
-110.326
37.79
21.8667
34.3912
12.5422
31.7514
31.5802
-36.707
22.1256
22.6897
29.7827
39.8516
-111.513
29.3739
30.0512
28.3188
29.6265
21.7667
28.5058
-31.2741
17.634
26.6368
27.2776
-149.558
-33.3221
37.8996
26.9564
26.6253
26.3448
69.8071
34.9725
28.7125
24.8599
17.5129
24.6361
23.7827
25.2054
-37.5313
-36.7995
23.1134
22.6275
24.9655
67.6557
23.9144
24.4304
22.784
21.8473
69.1688
23.6023
24.1365
21.6829
31.1055
22.9014
20.9077
22.1188
20.7185
21.8881
19.928
24.4775
21.1061
20.8578
19.7256
20.0616
19.7995
17.911
27.5679
13.6608
23.972
23.958
26.0694
-112.941
14.2027
-30.8779
76.2579
89.3642
-34.6227
88.323
67.9134
-168.263
87.8428
22.2096
23.657
-39.8394
13.8795
16.8923
89.4045
72.4338
87.2117
-39.8792
-165.709
70.7937
71.1689
88.805
72.728
16.2633
88.0284
88.2638
74.9113
74.2676
15.4999
16.081
88.0554
87.8252
87.5745
87.3246
-165.481
70.3525
-105.648
74.1942
88.6411
88.6186
89.8415
16.6674
76.7311
25.6395
27.5637
29.4639
16.2873
24.7229
-48.3065
16.4364
5.68919
26.2965
22.212
6.6499
-5.09069
-6.4686
24.7723
17.5179
23.5495
24.4537
25.1806
4.64039
23.5065
24.4016
24.7456
23.8949
26.2435
-106.911
6.09331
23.807
5.10703
5.7164
-167.013
26.1806
85.0477
13.0596
-164.089
25.6483
-107.944
85.8171
85.8472
-164.097
13.6443
4.69834
79.6483
24.6923
25.1345
-165.694
-169.4
-166.373
25.3142
16.9234
86.1016
13.3915
-42.3814
-45.2749
6.72277
-166.966
76.0833
7.16195
8.26496
23.9858
74.9644
75.0098
-165.289
-152.06
-171.26
-165.187
76.8481
85.5279
15.5304
-149.948
16.8939
17.0083
87.0151
20.613
77.7976
78.5693
-150.506
-171.458
85.9684
-145.436
15.3692
-42.4732
21.5898
18.3735
-173.327
15.1159
-0.705597
74.3626
28.6289
-150.41
11.3737
17.0505
22.3289
1.58609
85.1762
78.079
23.4004
12.2849
2.03647
16.8151
16.7717
16.8729
84.8207
86.7502
15.8909
-152.373
-144.821
16.9262
16.7789
0.0658314
29.9196
-151.751
35.5601
15.3039
-152.729
48.4218
12.5005
8.94577
12.4599
16.7945
37.6572
38.9494
43.3279
11.4512
-141.136
11.2139
16.8057
40.574
11.0229
24.9378
-145.542
38.1082
15.0515
-141.579
-249.105
2.53375
25.3741
36.3319
-143.378
26.5973
21.6198
7.4678
11.0928
9.71218
13.876
9.96053
11.6074
-143.593
5.79819
9.93603
-12.1165
22.8507
13.9222
8.56055
12.7528
-146.975
-153.005
-159.902
26.5683
4.06355
47.6922
-11.8834
10.2404
-73.663
12.5876
25.3246
-158.913
26.2123
-0.15657
28.4481
8.95126
13.1182
40.6475
25.3238
44.7766
43.4556
-4.62489
11.6022
7.29259
4.34737
26.587
26.2562
82.3724
11.5328
16.6381
-159.98
16.5241
16.2883
16.4614
2.2217
17.2369
20.5724
5.18287
17.4951
19.8115
25.6578
18.7076
-156.169
-13.7723
12.2697
14.1482
25.6565
-227.459
44.3404
-158.897
18.2032
-1.63277
21.6688
24.6617
9.08343
42.605
-156.616
46.271
16.6276
16.412
56.625
-16.4194
-155.055
24.0112
81.8062
169.975
81.0381
8.59823
-42.6392
-39.6861
172.775
18.4507
-19.0995
12.065
-6.21553
-139.678
43.1383
16.2242
83.8157
-2.0002
-104.265
141.17
11.8219
8.42581
33.5511
35.0205
-70.9298
-45.765
33.7327
35.3611
3.59257
39.3789
35.1545
-147.635
-145.709
34.614
-6.4089
-83.8852
-93.5726
64.7109
23.911
20.2694
45.2746
9.94025
6.88482
17.0744
8.7962
41.8807
0.960831
28.8249
43.8622
18.6047
-9.56136
-72.4752
18.1977
161.688
19.5649
28.7569
-0.384661
-244.014
-22.2266
-24.2229
6.06977
-20.6035
-21.8816
-24.5879
-19.8899
17.0994
43.5354
40.975
24.4697
17.035
-47.8685
-27.0032
28.0898
25.8287
-48.8533
-142.502
-46.5887
38.4571
40.3079
7.35869
-1.81865
0.182245
14.2613
20.0227
-101.152
-39.5987
6.49815
18.2535
-0.869912
22.5754
23.8225
-144.226
-127.156
66.4095
7.7302
18.1562
-73.471
63.2186
-45.8
32.2504
-155.764
6.88527
36.264
21.0942
84.0356
10.0137
-50.5948
1.00863
-4.84732
-52.1783
17.8378
17.155
17.9614
38.1852
42.2278
1.66407
15.758
18.8938
0.25983
17.3168
7.90325
3.79478
26.0829
33.8801
-155.33
-154.642
-5.50908
19.0099
-45.2486
12.3796
-7.01113
7.67986
34.2539
6.19294
20.3255
41.5262
38.7376
17.4816
-149.169
25.0217
-50.6957
36.6587
78.8477
-41.6584
-145.938
-146.135
-4.11287
11.6899
-90.4425
-2.86778
-12.7495
-15.3349
10.8194
-72.9647
18.6268
16.2434
-21.6843
17.7652
-37.2879
16.9909
8.96115
-42.5366
-16.663
-10.752
17.2607
39.9747
-91.6171
78.29
23.4012
12.4495
7.87518
-161.552
6.11454
-160.787
-163.134
77.9811
17.0153
-19.5787
-23.5217
18.3016
14.0748
-114.824
7.62627
-93.1251
-156.39
11.9595
12.518
5.32398
12.1362
18.0489
7.52298
45.5088
7.58922
7.72664
4.23889
7.83374
14.8839
-84.8111
5.22461
0.201187
2.95166
76.7163
8.23539
16.5287
8.50201
58.0853
8.06869
39.6377
51.0134
-3.89167
47.0173
9.48249
43.047
40.1345
-158.696
11.0312
36.2135
11.7691
34.082
32.3931
26.9503
82.9295
30.3663
37.2211
80.0449
12.0863
26.0242
11.9028
22.6437
21.2914
11.8194
11.8414
19.9174
12.108
18.3933
17.0182
13.0129
12.5672
15.7602
14.2294
17.2161
15.7263
-158.958
22.2696
-142.282
85.3109
5.2896
97.9735
97.2311
2.45294
16.2993
-68.966
19.3986
-54.0474
2.06948
-11.5112
-19.7727
56.5299
17.391
10.5125
4.50667
-33.5994
1.18251
10.3374
81.3123
63.1909
70.1522
52.9397
-6.24739
9.71782
3.68377
143.268
141.65
83.0836
83.3885
30.727
37.3578
19.2552
36.3663
-28.085
7.19516
1.59958
9.72528
6.57296
-90.7606
8.56229
0.365923
11.3211
7.9846
-129.025
-6.9855
54.6569
11.5407
7.69484
46.5176
23.9562
-156.907
39.0988
20.4877
15.3391
-1.96228
0.557797
-48.0556
35.7645
6.11042
9.10505
9.56071
36.4457
-9.48511
36.1174
5.69206
0.146429
13.6131
20.1628
40.3605
-0.454769
-117.565
25.8558
2.94076
52.1833
-0.667566
7.93919
-146.542
57.3649
7.16953
-4.62424
7.37283
34.8847
8.09786
27.5062
6.0526
-3.61179
7.59455
-14.305
-6.45893
6.96398
-92.2135
-29.2841
18.6776
6.90736
-55.8705
35.2159
82.8715
12.5814
37.6096
54.7639
36.1606
7.81278
34.3427
3.52519
-171.393
11.383
-53.713
21.494
7.90875
-3.63832
-7.09751
-42.4935
77.5915
0.325723
-85.7978
74.5165
21.0325
0.574732
27.9753
-19.1997
-0.334335
-160.088
29.2087
5.6854
-161.569
35.5825
33.4997
10.473
24.6939
-40.1676
-79.3651
75.3945
78.606
-38.6105
19.5479
19.8415
37.2723
8.55243
21.0131
0.5372
24.2466
-119.479
53.1714
-27.4292
-68.9238
-136.143
48.6241
3.71952
44.6244
-73.9719
41.4508
-202.502
-61.0035
-0.421081
34.7446
11.9905
32.9692
16.9804
17.3604
-2.215
-140.834
25.8147
11.8433
2.47388
55.358
58.6426
13.558
12.2425
79.404
12.0861
44.2757
33.1227
8.10841
-5.97471
31.1764
30.0948
8.7908
15.3565
14.7263
44.1242
22.0589
3.88911
20.7027
11.9442
12.0636
19.368
168
17.6023
12.9576
12.6045
16.9465
72.501
0.99449
24.2419
11.091
34.2015
32.1516
17.47
80.9645
9.21929
-14.0404
49.0453
9.30463
52.1895
-18.2064
-39.964
-55.5126
17.0161
-5.47469
-156.655
46.1188
17.2193
-7.21498
41.5055
97.6315
-135.705
-2.2913
36.9944
28.634
28.8761
83.8129
-153.354
-167.817
33.3834
31.6523
23.448
9.17262
37.7249
96.4535
21.9356
0.993675
6.5988
17.7072
22.4174
63.946
3.97632
12.2427
17.5834
81.0727
10.2582
-9.68484
-0.798234
2.51023
65.4052
35.6854
14.672
4.43448
-94.8141
-13.9241
-4.4656
-100.12
9.55539
-8.19196
32.8642
30.8376
63.595
-96.4458
-129.291
-2.70004
84.2438
27.5175
50.1154
-163.519
32.564
15.1709
-160.593
77.2129
22.2671
22.562
27.178
5.82257
49.5756
32.0622
30.3657
13.4497
13.9634
138.699
42.0699
0.127825
12.293
-73.7204
1.29495
15.6353
97.622
-162.802
-53.1092
-55.5984
-4.47688
-27.5938
31.5648
29.5665
28.4575
17.7077
2.86999
49.5987
44.2056
53.9076
79.8774
-35.196
63.7851
-4.76313
-1.2111
-143.352
-21.5442
30.7696
29.1113
3.1696
-144.794
19.8159
58.3911
3.86038
1.90086
0.570558
80.5769
81.9244
-116.991
-169.46
51.8049
13.0231
-94.5721
9.65142
7.75834
30.2938
28.3226
96.6176
37.8694
98.6126
-36.8041
-239.968
-112.602
53.5084
1.21084
-118.831
-0.96424
65.0953
29.51
27.8847
-58.9591
27.2889
89.1707
-15.4166
-91.5342
18.2464
22.5597
52.6386
-143.651
9.00939
11.2783
30.6128
11.6775
29.6207
28.3889
-11.3866
29.0512
27.0996
-9.16766
7.9313
-17.0693
83.0567
-161.332
3.31379
-166.105
2.42408
-99.7924
1.53901
27.5676
16.2261
-8.42898
32.9827
21.1175
26.7704
0.440301
-0.105739
1.25228
1.52519
-1.1201
0.405442
-0.29418
-0.967483
1.03861
0.852456
0.340806
0.7121
-0.0477764
1.22801
-1.05089
0.174416
-0.301349
1.76105
-0.644919
0.0410478
-0.909718
-0.501263
1.48939
-0.0570705
-0.83254
1.67845
-130.632
-132.279
-8.32822
25.9723
26.6696
28.2755
-6.08352
-86.8596
-231.443
-107.926
-1.54418
-57.888
11.4091
-24.3805
-155.191
8.05705
2.54424
5.32796
1.77661
44.6528
39.8503
20.4152
28.1216
27.8305
25.8872
2.49332
-6.26258
22.2727
28.6175
-11.0634
-28.0475
-98.5235
-90.388
-69.7089
52.7045
-76.9623
15.4716
-27.5495
28.0369
18.0947
-78.1469
-70.931
-101.118
-95.3735
-10.666
20.4686
27.9606
18.0211
27.0586
-3.30662
-154.003
-155.416
-177.216
5.58956
-24.965
-25.2898
14.8888
10.5771
-102.972
-169.585
-133.997
-9.68505
24.2711
16.0596
-161.538
-160.7
2.46116
-0.554431
9.02182
-25.8802
26.6275
10.5713
10.6684
-75.411
77.5058
-3.40815
63.5305
0.147987
19.0484
-56.2262
-1.33603
9.91911
-188.147
-96.8292
25.4357
-124.399
86.4672
84.3462
24.8023
5.51489
7.80572
4.54068
14.7101
9.64018
15.4772
-125.407
-154.099
11.9366
-78.5203
11.8947
-1.58955
-13.0178
-38.9588
39.0576
-5.88786
-2.00824
-140.907
-97.0384
-5.63512
-146.454
-150.781
-206.567
-1.33385
17.3818
21.0789
-2.86362
-197.077
-97.7814
25.4114
9.88437
5.39837
12.5129
0.72089
28.8427
-110.345
27.0787
8.94643
-142.601
48.6579
4.86226
-160.097
16.255
-148.837
75.252
38.7357
2.96307
11.6929
15.1914
167.035
12.6339
71.3415
-159.804
4.91978
23.4549
-136.713
-0.895961
1.56251
9.70591
-136.479
-138.679
235.711
12.3847
19.0974
-92.2811
10.7426
29.5495
10.772
-59.4488
9.99016
10.6803
-1.22895
-77.3189
-60.4831
-60.5463
77.6176
27.523
-0.0974317
49.4709
28.5985
12.456
7.70909
-43.4827
-162.545
-13.8496
-156.162
8.63765
85.5744
85.4617
-0.135103
14.8299
67.1204
-51.1226
-44.5308
8.88564
78.2888
17.4496
-22.8503
-18.1649
-11.1185
-27.9391
9.1669
3.212
-6.71599
10.6677
10.1107
18.5172
0.6703
46.8983
13.9621
2.18311
10.6195
-59.6923
19.0745
-232.364
-38.8188
7.50037
-132.467
25.4057
-107.243
31.0252
1.13878
8.96977
21.5098
-177.195
19.8577
2.67487
1.87485
11.7752
17.8006
18.2878
-142.603
-69.3432
-77.4413
23.2834
-44.2334
-33.3118
64.5423
53.1119
7.46839
2.99002
31.5643
-4.39336
27.346
8.09946
32.962
-71.3731
3.3021
-25.1708
11.8891
-8.2944
5.72854
6.63765
-0.142404
-1.72159
20.2496
3.2157
-110.663
69.5311
-117.364
-187.806
20.5089
8.1708
-176.911
-47.3329
-89.9719
48.5867
-227.338
33.0885
105.796
45.9441
0.735344
-2.06273
21.6022
21.8971
-6.44527
2.0766
-82.9097
8.18866
36.7923
-174.952
2.8409
13.4668
0.141186
17.4298
25.1517
22.005
-28.5513
-103.367
19.7612
51.366
38.6255
18.1174
-18.8512
-61.5813
4.52102
-171.427
-82.7066
-231.07
19.4476
10.6458
-39.267
82.0455
38.6469
20.4323
59.4975
-143.841
-0.886853
9.47138
2.38049
-3.21196
48.3771
133.891
20.6982
26.9284
3.05672
-4.03855
66.5627
-137.269
2.84423
47.7015
-126.252
-136.896
6.07178
-54.8775
-29.8219
53.3768
-219.209
81.3169
-164.047
-183.416
-182.139
-7.38659
-47.7616
-41.116
-2.40062
0.732234
20.8669
21.1996
-262.206
-139.516
-130.151
-130.153
-43.5172
24.0181
31.9804
23.1739
0.908465
15.4802
20.141
20.4471
4.9488
-63.0269
41.2751
39.6401
31.8523
25.5488
6.75175
8.77666
1.58088
18.7644
12.8786
79.306
-1.31051
3.48549
-120.804
32.2614
3.10768
-0.535534
61.2128
16.1954
-1.14424
-1.19104
-25.4961
24.6508
-141.901
-120.032
-40.1406
-123.5
0.940048
15.7755
-59.3706
43.1495
-147.637
68.9202
-3.82759
97.0806
-5.06637
-231.18
-33.5069
-157.349
-104.02
7.80925
17.0201
24.8349
2.00689
-21.4701
-115.722
-50.4364
1.77884
90.4424
-23.9787
61.9026
-236.616
17.9154
-0.77144
18.5582
-22.5431
31.0439
13.1017
33.436
66.2959
-75.9816
-55.3024
11.3559
2.56395
44.9261
33.1604
-141.146
-182.399
20.3516
46.4369
15.2119
23.7155
-124.983
-160.633
-144.135
9.26746
-145.017
-129.266
-87.2869
30.0739
-161.248
-110.154
0.325827
22.4553
5.78137
-11.9109
25.9662
0.745984
-144.652
-99.16
-21.7393
-18.0231
-109.58
20.029
-194.674
-64.333
-1.33114
26.4133
14.4541
14.314
1.26105
-157.476
29.1727
-121.34
12.3239
-123.279
-181.356
8.52814
1.30241
-76.3881
-105.382
5.65288
6.35442
46.2908
54.2045
26.3285
39.8401
-2.3781
2.42002
-90.5232
23.0992
-179.512
27.1989
11.6286
78.3897
14.688
83.1928
-89.964
-1.54378
-130.686
-9.07889
80.3787
-95.5457
-173.39
11.6713
-130.151
74.6491
45.3273
27.0492
-100.548
-79.8888
-0.213023
58.9871
-117.244
-110.273
-244.912
5.32165
0.521287
-36.6185
-127.99
8.01268
77.3324
-39.9347
-146.104
-162.863
-4.94219
8.24118
82.5917
2.47646
9.72213
3.45591
-2.88527
30.327
21.0299
-9.5655
2.28333
-46.7711
2.33586
51.4952
1.43507
-13.1765
81.2491
-163.698
-105.165
26.7741
8.90412
-96.5454
44.6453
21.2052
3.24345
24.8314
19.9807
64.434
12.2813
71.8048
76.8338
-2.26414
-111.207
5.71038
21.5234
-1.29328
-1.87014
-0.888898
17.2244
-70.9371
-104.248
-34.479
13.9459
18.3323
10.4047
34.4847
8.55892
10.1461
4.57947
-186.15
17.7609
29.4343
-2.19668
16.5416
16.7437
83.2298
-3.9121
-25.9706
13.2435
29.4689
8.00458
19.0644
-22.8412
-132.004
8.97296
52.0082
3.32069
-125.934
-57.2587
0.0714652
-28.9615
-105.958
-60.9824
16.5213
-161.822
-120.723
-86.6906
14.293
10.8045
-5.10011
-131.717
-0.462013
-160.89
5.67993
-87.9555
15.4321
-149.036
-59.6511
82.098
69.4658
-93.5308
-221.498
91.4738
36.6929
80.7322
19.6463
90.2328
62.3168
50.7269
-127.252
15.8529
28.1983
21.3095
-0.845435
18.0433
47.2062
-138.02
-135.987
-79.1025
51.8846
-0.934735
-40.7163
19.3163
-163.875
-140.476
86.3067
-176.563
-173.776
7.85271
-5.51554
-64.6409
-246.45
2.87196
36.2335
25.4379
-80.5875
19.9602
11.344
5.76052
48.9811
16.0826
9.26732
17.0247
16.377
8.79881
79.3854
-54.0241
16.2889
-90.4291
10.9489
-136.991
-1.68351
19.2842
-159.901
31.6402
16.6539
5.21552
22.915
18.0768
1.8488
18.5862
-147.403
-173.573
17.0583
0.71972
-16.9454
5.18301
50.9231
19.0529
19.4723
65.503
-138.873
-26.7308
19.0182
-115.987
-161.162
-164.999
-34.0195
54.3927
-102.302
5.25344
9.21748
2.40789
10.3691
2.94688
5.89907
-28.5966
-172.01
-173.933
-126.297
75.0756
-102.856
75.7624
14.4619
-116.639
95.7241
26.7069
25.5607
69.0737
35.1315
21.6796
-4.45901
56.5533
17.5284
-41.8478
36.5456
-25.298
-67.6609
-39.4788
-106.726
-126.473
27.2697
56.765
58.7543
0.530157
1.21269
26.7717
37.4732
-106.839
4.05984
8.20689
76.0144
13.2907
95.5467
-4.06249
38.8114
2.11394
-141.397
34.4057
-108.101
-110.418
40.0033
22.8847
-256.259
21.3959
-237.57
-133.189
13.9482
-129.045
-107.141
13.8162
2.18769
-142.399
70.1673
-45.0103
-49.3633
-31.4639
-96.6952
-3.61645
-59.0765
-165.214
159.817
18.9861
22.586
-44.1192
25.9231
2.25132
11.9082
12.1149
-2.56819
-144.138
29.3351
12.2931
-108.53
1.66146
25.79
35.8319
23.7575
-2.91666
4.49239
-1.28404
-139.107
-143.533
-65.1925
52.7516
34.0647
-90.0168
87.028
29.0976
58.505
63.5377
-12.8313
28.3663
8.21958
33.2493
20.1574
6.14461
-2.93699
-42.5237
10.5112
12.9655
-77.9807
22.3488
9.7702
12.5905
9.38998
10.5796
54.2394
2.5774
-111.45
0.23757
-132.356
-0.94179
-140.712
17.0328
1.835
21.7682
-2.10498
6.39684
-1.54776
12.2463
84.0137
26.2108
5.36356
12.8637
9.29523
-0.445051
45.5304
15.5093
77.4818
12.7733
-19.0427
17.247
-152.004
6.87312
-162.289
-36.0581
-49.509
-85.366
-130.522
26.3244
-128.616
-155.68
17.3036
12.3735
25.3995
-146.734
23.5919
23.9047
-8.92523
-2.32738
-44.7544
51.8328
-1.0027
-178.335
1.56703
4.94672
25.4544
-89.579
-80.7478
1.24633
53.6683
32.9194
26.9632
55.8115
1.03222
56.626
13.3415
49.6244
75.733
35.7047
44.7991
-166.541
-130.862
-168.166
-153.048
-111.733
-152.55
103.344
101.717
41.475
-26.9108
122.083
3.69928
3.71786
-149.58
3.52487
-154.102
-177.738
17.797
-65.9891
9.15016
43.032
5.96852
38.9713
45.5669
1.79473
27.4906
-123.513
33.957
-9.26744
-0.744279
39.5593
22.1462
-129.788
2.06718
67.2936
-39.5121
-154.894
-111.09
-57.7645
-107.403
1.77379
-3.28588
21.3868
21.9674
20.3706
-131.836
-134.225
-169.838
2.68964
60.8585
93.7927
-24.3194
-12.7627
-166.844
-0.374536
-179.427
49.2097
-98.6475
-155.799
21.2892
-4.9519
-72.7072
1.61115
-153.97
-146.922
-149.241
-150.39
34.1355
79.1228
-4.33841
27.6835
20.6533
-32.7451
-29.6095
51.3535
29.0804
1.21624
7.47683
-141.69
-1.23386
37.6629
35.2536
5.7541
22.6941
-29.2934
18.2862
8.89187
27.8418
23.8469
7.94789
-123.122
-77.2609
-82.6487
167.225
19.1388
16.7487
-23.959
83.9931
32.6797
12.2086
-31.9703
-29.4927
-250.776
8.30066
7.96574
5.64041
-113.668
-175.488
41.6643
-111.394
34.3166
-70.393
-1.62843
-3.287
-28.2435
-164.885
47.9339
82.3599
4.18829
-17.797
82.549
-1.8335
28.1036
80.4764
33.4177
7.21278
-151.389
-31.9138
49.3372
-122.101
84.0978
64.1875
-215.713
-216.007
-187.045
0.572741
2.35383
2.91549
38.003
-63.7441
-62.8982
-35.6929
26.4313
3.93336
2.6182
-31.7031
68.0118
65.0311
-76.7232
7.31888
6.2838
45.6247
-121.826
-130.882
24.686
-160.079
26.8403
3.35966
-137.888
-9.31753
21.9257
-28.0694
-90.7313
20.2076
34.2136
-2.45111
-47.3898
-172.333
-25.6577
0.0590068
18.1736
-52.1205
6.77315
-133.89
-157.575
4.09121
-41.1047
-130.641
58.2092
2.6931
72.8908
16.4026
-100.452
-102.638
31.0255
1.45624
18.7952
30.0785
6.07133
-3.33247
-161.89
24.0233
64.4163
5.12164
24.925
16.642
-23.0131
-2.07944
0.811393
60.0944
85.1973
-133.488
8.11588
2.1388
47.1996
36.6653
81.2442
-20.8802
-146.183
1.7909
-156.387
-144.709
37.6928
15.6048
27.1395
-33.8754
2.81598
62.9046
3.02843
15.4616
88.4099
18.8794
87.624
-22.5956
3.18112
39.3667
-8.58228
-0.311666
-24.0759
-51.8138
-136.384
-10.0162
62.7948
20.8473
-30.5882
-19.5996
-61.6295
-42.8614
-31.6935
-35.9505
-154.773
80.6648
-10.1213
12.1644
-32.5916
41.0972
28.1875
-143.041
-2.20545
10.3071
-179.964
-28.2856
-10.9172
7.90887
20.2438
25.036
25.544
2.13244
-135.283
-152.625
-137.11
1.8668
-92.3032
-117.22
24.4428
-23.3158
-181.467
16.0382
-114.174
-0.00821381
-155.181
8.363
18.505
21.2632
1.68539
-119.144
13.2124
200.339
-88.304
11.1697
35.0495
16.199
-151.393
-5.05847
-38.5785
-85.4343
-57.5909
-72.389
-41.8111
46.5276
-15.947
-107.301
-15.0389
23.25
-126.3
73.8458
-155.168
-166.491
3.70743
23.6829
25.8983
-46.261
12.3262
85.6776
8.40014
-161.197
21.0705
-168.495
56.9228
-154.8
60.2729
114.925
133.544
26.3327
10.3633
36.8388
12.1329
-37.936
25.174
7.7344
-144.613
-3.60983
-179.335
-154.257
24.2603
13.6418
24.8009
-138.031
-184.547
4.73079
32.0402
-89.3003
19.0775
23.373
-7.23663
-8.46931
13.9178
-103.84
18.2449
0.298231
-97.4493
3.14558
20.035
-148.446
41.0176
1.05608
2.94921
5.7715
7.19351
1.36131
16.2442
8.12642
31.1709
21.0026
56.8228
7.35279
11.6283
65.4493
-0.531026
62.1246
-0.846891
-163.392
4.57595
-4.84368
-90.1455
13.1783
-156.752
-158.189
1.98395
-214.592
7.52419
40.8156
28.9703
-1.24168
25.5802
-6.25596
-30.4551
22.7365
14.4343
57.6461
-4.12142
26.4518
25.3224
-135.976
80.6686
81.6438
-155.404
-140.751
-138.413
12.9
4.17953
-87.9175
-87.6023
-73.9407
-14.2078
72.3703
-15.8338
16.5481
30.0065
36.5669
29.2726
31.3781
-13.5125
-226.498
0.159773
-26.654
-12.0814
-197.69
-202.971
3.76286
-183.673
33.1624
-11.7105
-23.1796
-9.11718
-150.128
11.5232
8.12863
-1.01017
80.4109
60.8091
-26.3194
0.199723
-156.497
11.6636
61.6279
0.490299
-61.0062
64.7416
40.5334
62.0763
-34.1548
-40.5365
53.2831
11.9328
17.3802
27.8605
-56.0621
10.7959
21.5845
36.624
19.3436
64.4721
19.1873
7.26301
9.25336
25.9025
-5.28675
1.24854
33.1564
22.6357
57.0171
19.8537
5.11347
-190.028
17.8368
6.14357
-182.142
-107.367
-0.11639
-120.44
27.2476
27.1729
7.09805
-147.773
-134.998
86.7436
31.7091
46.7416
-184.889
1.05995
21.7897
-20.5396
9.68262
10.1284
0.187928
21.8177
7.08628
8.35671
96.4552
-73.3523
27.9561
37.8134
8.85984
84.1096
0.800734
-0.530297
15.4041
31.2341
15.9756
26.9339
43.0703
-136.753
11.9851
21.2654
2.46295
-88.7887
3.14093
-155.439
0.35271
37.4729
5.47597
-124.893
1.2882
34.0945
26.3818
-35.6293
0.539103
89.296
3.69192
5.6864
59.5693
-191.612
-80.7044
24.2915
1.45369
14.8333
-113.861
26.1693
136.802
136.502
-6.46655
-39.4569
-75.3088
41.231
5.30529
-118.696
7.95136
-120.987
-56.679
-91.9408
-93.6663
-122.619
10.2686
-3.81749
-120.649
-14.5382
14.9483
2.19896
-74.2783
-45.0199
3.57599
-102.107
-43.0549
26.8117
3.61647
-183.741
1.54643
74.4049
-147.047
-0.619236
11.0993
24.7835
-154.923
8.38795
23.1557
62.0532
3.18749
14.3338
32.7973
35.7488
18.3721
19.3647
14.8726
-5.51846
62.3219
5.83662
-1.89096
18.4805
-96.7346
-78.0352
-53.919
-26.5181
-0.00973597
18.0557
7.19364
53.1101
48.7377
-162.932
-126.528
-1.75626
48.9283
190.809
-151.012
98.417
79.431
38.6743
16.0441
14.8822
15.081
82.4262
-173.368
16.7777
3.56698
-0.441048
75.4064
14.7284
-146.661
8.95984
-15.0402
-165.404
30.1806
-22.7164
12.7434
22.9213
15.59
-43.3125
-10.3934
23.0049
152.5
-109.219
81.8779
-16.6172
24.255
-145.137
9.83079
65.3288
-124.742
17.9009
20.1474
16.4162
16.2064
52.9549
31.4046
48.4438
5.72122
4.52709
2.78234
4.58872
-118.613
64.3924
7.80263
-107.109
26.3001
28.8561
28.6216
11.0798
-73.2145
-129.397
34.7729
-95.0562
14.9269
11.053
32.1004
87.5018
-26.3254
-80.5526
34.5953
1.59454
32.962
-81.3995
16.3311
10.8702
7.66542
-119.882
-3.84839
40.8189
41.7485
-60.1451
-13.6441
6.27636
-34.6826
6.61306
-228.425
32.7346
-2.61035
-26.5634
24.7647
-133.64
-0.379851
-3.302
-111.138
-102.285
0.58564
28.4872
3.45594
27.1782
20.2721
-1.36189
14.7671
-8.914
-7.61929
18.4109
17.3616
63.0437
-156.135
2.44124
5.09402
18.8255
25.1714
92.536
-152.75
28.0115
-131.419
10.2532
-12.5572
9.05826
84.2516
3.51575
-1.75832
72.7403
20.7045
-128.223
-103.681
52.8985
-1.19421
43.3341
-3.62859
-3.20061
32.0122
16.7089
28.4957
-101.451
-91.2118
22.7131
20.9291
-64.6276
-61.6333
27.2814
39.0227
9.94503
-12.1313
-26.6498
-4.41613
-9.76033
1.35225
34.6683
-163.199
-160.728
-3.74642
-18.5309
77.04
10.9804
25.4215
4.03351
-13.7048
26.2417
23.2303
-22.5585
-19.7958
39.0077
38.025
36.661
29.7765
-0.863029
13.3044
23.6619
-150.28
5.19896
-78.9082
88.1793
31.4058
-48.3452
16.6241
5.07654
-0.707118
2.35931
1.54805
-44.3228
-2.48014
-67.7698
56.2269
-46.924
-1.56634
70.225
38.2205
0.251813
69.7598
-246.892
-1.23181
2.79714
82.1454
-45.373
19.7196
15.0167
-11.5696
69.9359
13.8159
-7.865
17.286
-233.32
9.89426
-111.26
-2.46798
-154.469
3.16406
8.2008
-28.5563
32.7399
12.4237
36.2823
52.9021
22.9047
82.9274
-3.14923
-1.03583
6.48369
53.5267
27.9528
1.28897
3.26868
-30.8658
0.0561955
36.8103
14.5394
-76.84
25.531
-38.5952
5.16628
-76.7731
-48.3962
-117.419
-126.52
95.6989
12.7124
6.94187
15.249
-3.21928
8.64095
28.4432
11.0085
-38.9835
-9.69198
14.1258
-115.84
68.8255
0.810368
79.1488
45.6459
4.42154
43.2809
11.1736
-47.4443
-64.0869
-60.5715
-179.798
1.21486
-18.137
15.0655
-3.14456
-34.304
25.426
5.81179
6.38192
2.14502
6.09694
-1.28921
87.0009
6.14959
21.5528
50.6385
2.6618
-49.8779
-56.5339
-87.7543
30.2766
-1.54479
-64.4578
1.02724
26.8417
44.3546
-145.093
-141.756
13.6376
36.6421
27.3038
-84.5112
60.0737
67.9533
13.3058
-32.4553
81.7143
10.4704
-22.5506
91.6
90.6831
52.2133
4.09889
-137.641
-110.972
17.6503
-24.6804
4.499
12.0396
29.3657
22.5122
11.1769
-198.447
30.6967
1.49068
-53.693
-82.9457
12.8706
13.4985
11.4309
-60.6946
12.3872
-66.9387
24.2837
-142.884
4.93646
-8.31829
64.6018
-15.0279
-2.09439
-88.0237
-4.08693
3.39634
-65.9738
-8.92171
24.1738
-65.62
24.6203
90.8982
-54.8991
19.8693
0.933299
24.4138
54.9582
-5.25353
45.8471
-141.07
8.29849
-131.996
6.65021
-48.3588
7.19973
150.269
30.1722
-68.9936
-6.13732
-135.921
64.6092
-1.85867
15.9082
-148.588
8.53892
153.379
-2.79628
2.37359
61.1292
80.8497
-165.403
-20.0257
12.4585
15.5964
-126.918
-28.3528
2.56919
4.74096
20.9022
9.29918
-16.4809
-174.449
1.65068
-62.8933
5.98077
-163.724
-169.408
7.44263
10.0773
-70.4627
-140.041
-1.38733
-82.225
3.38784
-236.512
-119.687
-26.8308
63.4288
4.14084
-126.886
-107.976
-74.4263
30.1657
0.292087
6.36772
-143.979
-73.0397
7.97939
-68.0173
-13.086
-133.878
1.56842
-1.25654
-30.4217
18.4487
24.7354
14.4929
15.4145
16.4505
-140.182
84.7838
-71.6011
21.6997
-61.4581
7.76809
-159.618
-143.217
22.421
-227.257
0.470621
30.4863
24.7308
8.27067
11.8022
26.86
8.35837
12.4832
10.731
-59.4733
47.4819
12.0914
-171.982
83.488
4.25454
80.7222
33.4834
32.6891
21.818
-26.7934
10.1726
-83.4807
-172.385
-173.935
7.38285
20.6374
51.0228
17.719
5.82615
4.43545
48.1384
4.26528
-67.7503
19.194
6.26813
-107.286
-45.051
5.43133
20.8253
34.3758
-139.134
-71.598
-28.3624
-71.7636
-30.234
18.1374
-163.16
20.5567
0.166423
-115.463
-25.4304
25.4142
-1.06568
67.8341
47.6095
180.776
-27.5692
81.9782
-1.66371
26.9146
-19.1216
17.8377
-0.784134
9.20793
19.6696
67.8752
10.3974
15.2462
-94.2962
-127.643
98.3026
-0.407697
-24.9918
12.0138
4.95754
1.69714
49.7374
12.4252
-7.82719
-0.590559
33.9157
12.3146
-1.54248
-224.505
31.9598
0.318026
-22.0783
97.9365
-1.11557
5.45271
25.9055
91.0949
-11.4974
-31.6064
62.3982
109.546
-1.57365
-65.9406
2.99445
6.19922
-153.876
-5.20773
11.6
-17.4742
-260.908
-49.1545
5.73673
-17.9456
69.5575
-40.7197
-4.64484
-6.27947
-89.3736
-23.0772
16.3917
-160.703
13.146
11.9817
23.9682
-19.7562
57.6843
-51.9745
17.6203
-43.8593
0.880833
-5.60186
77.6689
21.0696
18.0517
-138.709
4.58848
6.52349
-55.223
-113.081
-104.089
-117.331
3.36795
17.2923
60.0563
66.4231
-49.7288
34.8624
-46.8948
22.9947
85.1053
4.95269
-58.4298
-133.425
-129.837
7.03928
9.26375
53.7546
5.22529
28.9867
5.1869
45.5694
-109.055
19.0577
11.6824
12.4754
17.3874
25.2086
-3.14594
15.7987
53.8532
-2.12794
-94.8259
4.14705
-50.1834
27.7722
-127.733
31.378
-167.225
-44.2606
-29.8495
-119.589
13.5975
-4.33749
-29.9684
-17.2748
7.23436
-2.23209
1.38568
-37.9444
-0.0567491
-105.271
11.7129
33.7333
-128.306
3.58864
-240.804
-128.282
15.2111
5.63435
-39.383
9.6792
2.39209
7.92635
68.3367
-115.528
-114.188
10.4617
-32.8706
79.8839
-118.322
31.337
11.1168
26.4648
10.8369
-4.84377
-14.6446
5.63077
-0.754685
-13.4584
-6.60738
67.9438
-1.95439
-103.761
-50.855
7.61237
15.4547
31.0339
15.9295
-22.3632
-74.6644
1.78931
-145.436
-66.9449
-148.227
-157.681
77.3162
1.62562
21.6126
83.8153
53.2874
20.64
-97.8177
36.8588
-0.463656
16.5938
-158.143
-125.264
21.4882
-9.63731
21.686
-19.8624
-152.706
32.5019
-153.748
35.1766
-10.6301
5.38999
-1.01221
12.4606
-56.806
-6.54424
41.3805
19.4564
6.43427
41.2131
13.1844
66.9428
-51.0293
63.0631
6.29601
27.9211
27.6613
-1.23865
-16.7787
2.92199
-46.0729
86.8789
-25.2051
4.44748
0.118561
21.278
14.2015
14.3211
11.1731
-52.1694
27.4488
9.29846
9.10137
5.72157
24.7778
21.8838
-27.1421
58.1186
39.238
12.8622
-15.1402
-36.9746
-124.446
-61.8029
54.3711
-154.013
5.20765
-1.96095
-135.523
0.617085
-10.4187
-70.7469
39.8086
13.318
-3.68767
-40.6378
28.2817
1.90424
9.05206
8.58449
97.7353
-136.908
2.78081
16.5447
3.34969
-139.254
9.81617
-91.1388
-2.99325
-45.1141
15.4014
-20.3368
2.95205
-3.55047
-207.99
55.3696
21.6442
30.358
2.45277
-135.271
-153.511
32.0727
-2.16823
-86.6955
15.7679
-147.158
0.0299276
103.774
0.933917
-91.7895
-47.8432
10.62
-77.5058
22.8173
-2.14103
17.8386
-130.485
0.00194107
23.2567
22.5395
-0.71978
7.19753
-42.2096
97.5157
-79.0382
-29.2533
5.61278
-10.1139
76.6033
5.60406
15.2136
13.5921
-3.06778
2.15152
3.49666
73.5714
-138.737
4.61654
92.9964
-137.519
-46.1662
2.02828
18.8674
12.0417
-30.8353
13.0301
24.2256
-47.0265
14.3652
96.2414
94.805
-12.6119
0.767128
-76.4984
-168.952
3.68708
-131.425
-0.74828
47.6603
-145.244
198.848
4.80417
-78.9269
-87.6012
-43.7473
5.95523
-162.508
-57.8004
15.4187
6.08903
21.8222
0.780531
27.8838
-2.65885
3.56423
0.47255
-139.678
-121.577
15.2778
-16.9353
8.01579
-15.4421
-0.100432
40.8533
-72.0561
-0.549831
16.7807
-177.444
8.0897
6.619
-37.8367
61.574
-147.455
-141.509
44.5355
4.39894
32.1309
13.2196
-113.725
-2.49223
44.8284
77.8909
9.49154
70.0178
99.4066
57.9736
15.9321
-135.96
-50.9359
-16.68
161.9
-13.5035
-79.8181
16.3866
-138.102
-134.927
3.28112
-154.099
-50.7824
-22.298
4.55628
11.4285
-103.173
12.86
-75.475
-3.6209
28.9432
-23.9271
9.14988
104.191
2.15701
84.6751
4.29304
2.77005
-109.136
-2.16437
14.5376
49.7732
-226.582
-229.934
52.9919
-3.85208
2.97654
-25.6653
82.1052
-47.3109
7.07772
90.9684
-6.2123
-5.01336
23.123
24.4535
-117.772
-81.6341
2.06498
5.0255
-2.01674
-2.71879
-1.35493
13.6541
11.4267
-179.518
36.3352
0.689639
5.04441
-10.6702
-10.8256
18.5429
18.9783
4.51261
2.82653
11.2935
-210.569
-141.885
-104.488
48.3073
-1.1234
18.3287
13.7443
-100.313
34.4523
-205.96
-111.429
-54.3163
-101.849
-35.7425
4.10419
2.5383
-56.6361
10.5822
69.1336
-4.63279
-2.57212
-43.8933
34.2926
-181.069
7.07452
-141.079
-30.4278
-132.255
-3.98714
-99.5334
18.1518
30.114
-220.162
38.2095
-148.42
-46.7976
-13.1066
-125.533
68.8196
26.255
181.939
1.84061
-12.3837
19.1409
-98.9299
35.8941
17.9599
34.1863
22.2811
12.8193
1.36215
-32.5629
21.5005
0.383894
6.28137
-0.858725
94.0493
64.9997
-19.9409
16.5403
41.0042
-94.1899
-116.992
117.851
15.3133
76.666
11.9466
-64.9602
-115.223
12.2481
-0.690131
2.11422
-4.31639
2.39916
57.8702
0.11178
26.0308
24.726
2.61608
-152.295
16.3363
18.1838
-148.456
-32.2809
-38.8766
220.936
-90.3676
4.4584
20.0609
18.1644
31.6395
-48.284
-79.9151
16.2275
11.7244
64.5139
60.6415
-88.3516
-170.875
26.042
29.1832
143.399
-140.94
-141.845
-31.7063
44.474
69.9259
-7.96492
-20.4698
10.9486
85.7275
21.5147
38.2298
1.68491
56.2644
-228.25
12.3514
-114.424
-248.628
43.6414
11.5272
-1.6782
23.056
13.5649
36.3932
27.9789
17.5176
-57.5826
9.35334
37.5088
12.8787
-0.252686
5.59868
45.0377
-175.198
17.4684
-9.78572
-49.0353
12.5922
74.3008
36.2563
13.8658
52.7056
22.7002
2.67332
46.6966
-110.156
-1.99521
-54.8315
-39.063
-42.2442
23.1568
-3.58204
15.6833
-141.039
177.305
-3.45724
17.3849
9.43103
6.53441
76.0179
3.33118
-151.993
9.65704
-126.642
-14.6635
-144.469
-134.692
-4.51608
6.389
-119.745
19.7649
4.9023
-17.7262
-13.6734
8.69939
2.59208
-156.725
6.58461
17.1428
22.5985
37.4196
39.081
21.9048
-60.7377
1.49589
7.05768
-0.4923
14.4687
-73.2316
-5.53907
5.7159
-101.837
9.23683
18.024
-39.5443
-43.7392
-19.5544
-1.05652
7.58935
39.4061
52.451
1.9313
28.8509
26.8264
-96.3225
-63.9608
-61.9298
-179.378
-4.22969
-29.819
0.794101
-13.172
2.87925
-0.16586
81.8825
77.1464
-156.289
39.1244
-147.91
-32.0961
-161.857
85.8873
-0.934321
1.36776
42.3844
20.7368
-4.11016
37.6679
-30.697
-7.99496
-85.9862
1.93536
3.80196
4.12777
-134.743
25.6026
-84.0982
23.3324
0.600683
-116.724
61.1768
39.6929
6.45484
8.74901
-7.55498
6.08688
-109.635
4.44742
-107.227
7.02499
9.99223
11.483
-76.3495
41.5565
3.27776
26.148
28.077
26.0384
-48.3681
43.9031
98.6236
-121.619
12.2224
-100.882
-4.01025
37.9425
28.9605
4.47137
2.59719
3.69513
-145.942
-1.21342
-120.192
6.94679
-118.376
-1.98703
43.3665
11.8592
-133.999
20.055
13.8531
14.1927
34.2666
44.7138
-0.00367686
17.4986
-1.75702
-213.767
-5.79868
0.157888
-124.915
-104.066
-139.398
-107.22
11.0198
1.78285
17.9507
11.7986
-50.6185
-11.776
12.8945
15.9553
-123.412
94.4293
7.90585
21.0933
3.48327
18.8845
14.4385
17.227
80.0415
38.1254
55.5216
18.7869
6.70626
-113.464
-3.0948
1.16853
38.2307
-0.233399
44.7615
-30.2957
7.31065
-16.2736
14.9648
-117.306
-137.397
5.54935
37.2444
-11.8664
53.6766
-34.0656
138.511
139.706
-1.42608
4.8267
7.12144
24.8236
0.779283
65.8869
-64.7335
-172.887
10.9199
-3.10869
41.8405
8.90785
18.7687
-0.571045
-4.72194
99.2683
99.2747
-128.237
10.8334
17.0155
-0.414372
-148.876
-23.8643
-140.626
90.4655
0.981401
223.297
-253.328
-161.483
18.4383
-10.4353
18.7264
52.0216
-114.955
-231.187
25.6909
-119.08
-96.5013
-2.20371
-97.6957
-88.4529
-1.34661
-126.811
27.0091
4.10936
-178.183
-69.1832
-59.9016
-9.90601
12.4956
-155.501
-143.929
-141.032
58.5746
-174.323
22.4158
13.8519
-150.697
2.63249
8.29624
-183.559
2.22531
-13.3055
-139.687
-158.758
-151.863
-36.4885
23.9913
-66.4559
-1.43313
25.2933
48.7806
-152.205
-134.203
68.6795
10.8301
18.0845
0.193996
34.6913
51.2427
-2.25474
12.5826
25.2788
95.7839
15.7009
11.9826
11.4524
-122.581
6.38238
-64.3993
-33.3836
16.4735
-41.6445
10.6648
9.4168
-99.8652
-0.546775
-60.865
-102.067
0.386274
1.02666
16.9362
-168.936
15.8455
38.346
-145.684
23.5042
-141.036
-9.42266
-2.74532
43.1262
14.0064
-1.11855
-0.227163
-0.757657
3.01269
-181.102
4.65035
-135.464
41.3994
15.2417
1.74658
-39.7021
-92.051
32.6988
37.9323
-21.76
82.1667
-107.821
4.31582
2.45659
23.6407
1.00601
-97.6789
5.18832
20.7994
6.66671
42.5234
31.7424
-260.867
50.8753
43.1568
-26.1658
34.9661
-19.6824
-53.568
-41.4872
46.4726
32.424
-67.7088
-63.5317
5.25212
25.2013
-100.791
10.2352
-117.95
21.4882
4.29417
-1.56577
0.605973
1.63388
27.3393
-90.3952
8.24282
154.738
8.72943
16.147
9.73961
79.8565
82.1602
42.6665
74.7014
22.6866
7.63553
32.0392
-19.6508
-116.622
-177.391
-76.5786
92.4766
99.6379
147.584
11.4871
8.73293
-75.054
1.13109
-92.5842
-0.0740988
17.9593
19.0439
12.5977
11.0669
28.5477
1.70435
-139.863
17.9354
34.3972
15.8246
29.7046
5.76837
33.0981
-28.0958
0.229295
74.6341
-184.576
-188.027
9.32343
-155.996
-155.732
28.6397
0.160285
48.0279
43.4306
164.938
0.150793
15.4518
16.7737
-93.8494
50.1867
17.5658
27.5633
20.3929
16.1095
16.4264
-0.829978
-127.593
-79.6325
-67.3536
-1.37414
18.8214
-1.93578
19.9354
16.7828
-6.78946
2.58196
87.9437
-20.9876
12.0597
10.8462
56.01
2.01235
18.2312
-1.34494
-54.6141
-60.8364
-1.00207
24.1405
-116.686
4.63978
13.2126
87.7495
-65.2944
51.956
38.4553
4.95543
-157.714
-159.615
-29.2229
-30.6298
-7.3346
-166.383
20.6229
-67.5177
88.5898
88.6345
26.4267
12.5752
84.501
14.4334
35.2216
-8.25552
-101.356
50.8462
-118.946
0.418518
62.761
-9.44508
15.7723
15.8095
21.8954
-218.17
86.0445
89.0738
-124.198
9.92095
8.91014
53.3488
65.8859
39.414
52.0487
-187.636
29.4609
25.2653
24.3364
-114.82
96.2901
69.138
-154.398
-23.2099
18.1045
22.7874
50.1038
7.98139
-1.46185
15.5409
8.10927
6.03128
64.4005
-239.242
45.6999
26.9772
92.5644
26.2875
-155.878
-5.69027
-152.448
24.04
21.7805
-143.455
-94.1199
67.9429
-114.003
-3.17518
-130.415
90.2769
-148.456
12.24
5.62116
79.663
-1.35863
-138.317
-114.681
3.05767
70.828
2.68671
31.891
3.68335
-3.6494
22.7792
-10.7312
-112.575
20.3227
-0.685233
-4.56086
-141.518
68.018
36.6208
49.2066
1.89919
-157.877
56.0858
-73.0386
39.0289
3.92701
8.05443
-67.2856
16.3198
8.20817
-1.01088
8.47549
-224.665
62.2556
52.7198
-8.18535
-1.25158
-22.9945
-20.8175
-144.019
40.8029
24.7603
57.8876
-0.508648
45.6272
43.3576
39.3345
88.1155
-117.622
7.58361
-224.798
4.95001
15.5711
-130.836
-110.725
-81.0657
6.7902
14.2969
-3.48034
21.6025
17.3884
-188.454
66.352
1.27964
14.4624
-1.12941
-90.5784
-136.781
-0.666731
-35.4152
-77.9878
15.3996
41.2972
6.5847
3.43887
22.4881
-134.792
22.4425
4.41363
79.5999
20.4629
16.0406
-40.5222
2.9333
59.9797
-146.314
-3.46258
-3.10831
42.2665
-1.38007
2.99845
73.0582
13.6446
-14.8118
35.7763
31.4523
-87.7589
2.08085
-1.58663
8.32185
38.2961
21.7765
17.5659
-177.083
1.8105
89.0355
-47.1396
7.2927
33.5594
67.3037
-6.18778
21.1869
5.09358
-0.493694
-1.93674
-20.621
12.9469
0.954365
-9.70503
10.0096
77.3351
16.4254
4.3987
1.98698
0.414137
65.7419
-1.01316
14.8562
5.87005
23.9054
18.0622
-33.74
11.0938
17.0207
1.18564
-101.598
-121.599
-121.086
13.661
3.61974
-1.14309
-27.7538
76.259
2.08801
-58.5109
0.17894
51.4443
-7.1797
-8.7183
2.45086
35.5051
-1.51931
13.252
-127.703
16.0432
66.1334
-86.3607
24.1556
-107.786
5.70863
64.9927
11.4845
-9.57294
11.8098
-109.356
-151.689
-144.409
21.5049
64.8493
-120.515
18.5373
56.2907
-113.575
11.7664
-25.359
-93.8637
71.4992
-148.165
2.79451
1.32066
-2.74047
-11.0377
7.54906
30.3216
8.43355
-11.8642
0.756732
-0.997799
-19.5688
-13.7539
5.96083
-104.051
-119.716
-92.6896
-153.929
-114.283
24.4665
1.44525
-135.041
18.7825
19.8745
6.60018
4.58208
-69.5003
69.8013
5.48042
63.5717
24.6217
74.6921
29.7896
26.587
-98.1402
-125.562
-4.16637
63.8967
24.6844
-133.655
-152.587
-0.741578
11.9845
-6.1091
4.41253
27.8158
-74.8993
20.0992
-166.637
-17.1482
39.201
2.36656
-3.14711
-19.6555
5.82323
-16.9596
32.2385
10.8016
1.39375
16.5145
65.0267
4.25713
125.136
15.8387
-131.858
-2.54311
23.7155
29.9858
36.9651
1.25467
-118.238
-241.237
38.7451
1.28324
62.5252
50.53
60.8867
5.59526
-56.3815
42.8574
34.346
-1.46425
3.44578
78.566
19.1142
25.7241
19.418
7.49358
-126.79
11.042
5.77551
-11.8779
25.4747
-83.4316
-0.533041
61.1913
24.9324
15.3036
-138.35
-4.00769
12.8865
13.6636
-7.68197
-86.1296
11.3542
14.8879
-10.458
-0.30649
-96.7077
-4.51991
-73.9367
9.94079
-21.0328
48.3108
59.0684
-8.97841
15.9331
18.4122
7.37361
-237.499
6.89054
4.02503
-122.647
-158.019
13.1734
1.91008
-0.538695
85.471
6.23733
152.472
5.18693
1.82915
75.2257
-135.565
26.1374
12.3315
10.8002
-142.68
1.23128
-1.22258
-25.6055
-103.344
17.5635
1.8158
83.658
0.442543
-35.188
-0.14892
-4.13564
-1.90976
-1.44577
58.7672
11.8228
87.3641
-95.2524
8.35076
2.78761
-9.18
-77.5
7.99055
-144.946
-70.8512
19.1839
22.7893
-98.9901
-7.02162
-29.2587
-146.016
0.48828
-22.7448
2.33397
4.71801
-3.83771
-91.731
-96.2003
4.81276
2.42164
2.0966
7.42834
8.33403
-18.3627
73.8738
-0.633185
-27.9146
-70.609
80.9936
8.84429
39.681
-106.16
9.7477
9.05177
1.82615
0.247074
12.1266
67.7279
7.57153
56.2355
88.3393
24.7677
53.5286
2.5122
37.3182
-1.73743
1.3983
-126.416
19.7351
32.2005
69.2805
-80.7082
82.7377
-63.1339
-0.782103
10.546
206.527
58.924
8.16735
14.2711
-104.33
-0.644761
0.534714
5.88505
-96.6288
-70.4348
46.7796
42.8016
37.3673
2.37909
23.7825
28.564
-19.022
-14.2528
34.4112
-123.477
-127.089
-50.7069
6.30809
-104.273
-34.7669
31.6959
26.8317
11.6125
12.359
72.2372
14.8461
44.9573
10.3251
7.01573
-3.32336
-1.69614
-139.547
5.821
-19.0871
14.5559
-77.6962
4.25679
-0.529065
-86.7962
-2.06193
40.3117
36.3938
6.01504
4.97483
31.809
25.4095
-165.979
-178.047
84.4679
2.25722
9.21501
-125.749
-87.5725
-78.6337
2.43907
-214.36
31.2808
4.21182
5.88349
9.35861
-71.2488
9.09404
7.69261
-74.4496
19.2753
2.16179
-105.449
13.1314
0.0606583
2.86962
43.979
8.3413
9.94108
-123.949
-16.1348
4.1775
34.4792
2.06068
-151.909
0.497501
-0.767315
1.60771
-83.243
11.2497
-226.092
83.6375
-102.505
33.1568
8.16177
-24.8778
-122.708
8.83862
-0.27564
-72.2604
-199.688
6.11294
69.7012
1.36873
17.9219
-122.093
-8.23088
21.9238
-126.233
167.722
-48.2847
-24.2783
12.5619
13.6549
16.6997
3.55728
54.8848
3.83791
-141.862
3.54919
2.21357
-0.331742
-101.085
4.42542
8.76578
-40.3169
4.53035
-26.161
10.7943
6.14411
39.6604
-119.428
7.76001
-146.686
16.9644
53.4289
18.6422
1.08357
15.9355
42.3833
-94.0274
53.7102
3.3585
1.44716
59.2059
16.2959
8.44879
-104.788
5.11543
13.2584
-123.092
-69.1229
-79.4526
-86.2784
-5.3959
-35.0561
-3.59795
52.5662
-154.736
17.584
-97.2855
15.4155
-119.92
17.9324
10.0422
6.63606
12.8594
54.4719
-25.9252
26.8826
6.97035
7.50241
-61.128
8.24823
96.6074
8.36788
-2.2098
18.7106
-1.47953
-142.089
-70.8546
13.9131
66.0128
-124.829
-1.50165
-1.01
-151.108
-43.0677
-36.2874
-27.5816
-34.4232
38.2996
-1.77686
56.7175
-230.867
3.93773
-1.72412
-9.21113
-8.05062
5.47854
15.1578
-40.7774
-118.386
6.52252
-5.04176
-1.26853
-21.7782
-51.4245
-1.07997
1.05234
0.563132
-0.876656
0.629123
0.22196
1.11803
-1.10716
-0.793717
-0.387502
0.0781345
0.0661321
-0.719281
0.173994
3.26755
-16.3624
-6.50702
4.86377
15.8246
12.9158
2.65527
-1.46553
-47.6203
-1.00216
4.35818
40.8671
3.31271
4.86388
-76.6816
149.032
21.7364
12.6732
-19.5676
2.94034
4.72131
-193.146
-0.106094
-3.26065
21.0233
17.1069
5.62828
39.1895
4.79703
32.5066
28.6608
-29.6528
27.5076
4.38728
26.7391
-144.59
-102.178
-154.043
-14.6396
-50.1042
-5.92035
-207.015
3.79775
-5.65703
80.7578
-0.103631
2.31606
58.9927
22.9661
4.17921
14.8388
-103.392
0.0133341
5.11839
-61.3693
6.75115
-8.1462
0.39612
-186.651
-2.14698
4.42241
-10.7576
6.45989
-5.81498
-114.303
17.2877
10.2265
10.1524
-221.129
7.30922
3.33403
8.7577
-1.69331
-116.993
79.7061
18.7311
-19.6877
30.3674
85.5084
20.8269
4.40552
-104.224
25.2424
-1.51247
-0.565647
33.3779
-2.08451
-84.8887
-45.653
-18.9158
-5.61927
5.74254
31.323
-11.1787
3.17569
-31.2999
0.42642
-100.665
-7.96998
16.1784
-64.0633
-30.8915
11.8038
-0.486232
7.76023
12.6419
21.9505
12.4292
4.15126
4.98182
-4.09558
-28.5699
12.1541
-24.2813
1.32916
13.3364
17.4036
-10.2851
-1.4766
10.3368
-105.371
-139.802
55.0845
-0.308415
-123.566
-28.3822
7.11538
36.5405
-125.679
-223.037
-74.2227
1.75428
-190.481
-89.1868
79.9591
18.3194
-66.2659
-5.89371
-141.602
30.881
61.5459
49.366
-8.4893
-1.65894
92.3424
-9.40213
46.5636
10.4868
-53.1612
3.47419
3.73614
9.28227
-69.3675
-67.8348
-132.744
33.7301
2.97911
-36.8015
-5.2556
-0.00788917
67.9245
2.37764
-125.752
-16.6293
8.43617
-3.39904
2.95557
-19.385
-56.6412
11.7128
1.9708
-0.0519905
1.7159
69.6645
-69.2622
2.10735
8.48232
-66.6602
-135.498
-125.744
-51.6355
-55.9853
-71.4033
-21.9152
-1.63944
29.7362
71.0381
3.42298
-49.887
-137.347
-23.7483
14.7862
-5.95041
2.5883
0.734107
2.21148
-66.6579
-155.493
-70.0111
5.3594
-5.03184
17.9558
3.13613
4.8752
49.2988
5.57941
43.8525
-23.1411
36.7315
1.31476
132.169
-17.2305
27.0201
2.40096
-31.2903
-96.744
3.8986
13.1077
9.37077
-141.183
-1.38732
51.7743
-3.54881
-29.1003
33.9108
4.46927
-1.19429
41.0093
-1.99952
49.5582
-27.2915
-17.9718
-25.0924
-60.562
-52.1219
20.6547
31.284
10.2466
5.93367
-90.3361
-23.9897
-67.5383
13.071
-93.2981
-32.2697
46.7181
-0.635444
-69.3845
23.0562
-65.197
11.8792
-123.48
-21.5437
21.7838
7.88618
20.3654
-21.7785
57.1012
-56.0434
-2.33492
14.1451
7.42084
-10.456
19.6055
48.7812
19.9942
-5.11715
51.2052
-2.07954
-36.9211
4.63479
5.83098
-21.9718
-29.7796
-59.0324
-62.1843
15.6619
42.9609
-139.45
-137.78
-66.3099
7.10825
-97.5189
-128.872
-136.838
-22.522
-13.1969
40.5028
23.2627
-52.5523
0.693669
-32.4374
22.3511
-73.5665
37.7157
5.80779
2.22413
2.25196
-1.28436
2.11934
-22.5703
-0.686216
15.4625
24.444
5.25396
10.9977
-168.27
-152.139
-100.841
-60.2492
2.93045
-37.2182
24.8136
-143.376
7.87904
14.0032
13.336
-157.088
4.04442
18.0687
2.19201
-152.711
34.9439
7.55111
-44.167
2.65347
0.828449
-43.3937
-13.7426
2.13433
77.554
13.5912
10.901
-145.142
34.3937
11.2996
-58.3307
3.77267
-156.47
-26.2182
-110.899
-1.82471
24.0573
-52.5971
-98.7017
9.91847
2.17882
4.41626
-28.6433
2.58452
71.6599
1.59689
5.05902
-20.5351
-174.354
12.6587
-15.2353
-83.4085
-4.80288
2.05755
31.5814
0.576585
-238.986
-39.6878
27.5576
26.9073
29.2408
3.09405
5.89736
2.42118
13.3407
6.40478
4.18765
65.5817
-25.2839
-0.140868
-50.1504
-3.23542
-151.175
-8.88569
-12.3828
-52.5003
58.9073
59.7069
3.97792
-28.5805
58.078
-26.6493
-19.4173
25.317
-67.2443
-0.9194
-33.5291
2.48604
84.0998
11.549
15.2925
-32.0141
8.4584
28.2526
1.28084
1.03123
46.7784
-1.44097
-3.02784
48.4836
-3.26079
71.3182
8.27717
-132.911
11.0526
-9.16321
70.5137
9.18587
45.6838
2.60787
3.86037
-39.1638
17.5111
-51.9382
19.9048
21.4393
55.141
5.6493
3.41699
4.51176
0.165029
-2.15878
5.84156
13.6181
-13.7931
1.52045
46.7893
-4.51116
80.3819
4.02141
-93.8335
25.5251
19.0368
-22.3926
-60.5374
3.75276
-10.3507
11.5612
2.72952
-30.1698
7.50149
-5.99233
-1.96301
69.2434
6.10092
7.53634
22.8419
27.3747
171.446
-1.38887
-51.2293
-7.85438
60.1987
32.6829
-54.0632
-0.939098
5.22334
-4.30053
-25.1533
9.71226
4.99273
-123.726
-12.246
7.75957
26.1512
6.23165
3.98999
14.6845
-70.7174
17.8506
49.79
1.23265
26.2392
57.2967
2.7203
-48.4013
4.28557
7.80697
13.186
-190.023
-2.583
2.61981
55.6101
58.3243
5.6821
-158.252
-78.2866
11.8832
20.7127
45.9327
-4.20515
-20.8853
-1.49343
-32.9366
-22.3716
-2.14038
-4.93622
34.6778
-11.2612
-55.4325
56.4542
-24.6198
45.8934
3.34483
7.70317
17.4521
22.8749
22.7267
0.942056
0.923074
0.743662
-0.25542
-1.15116
1.17048
-1.15883
0.357664
-1.10768
-0.788008
0.207936
0.521728
0.022795
1.08203
0.2851
-0.723283
-0.753457
-0.0873722
-0.154616
-0.908282
0.0228189
0.021572
0.0408411
-0.544716
6.30196
-141.403
32.4451
37.597
80.9154
-140.555
-0.921869
1.52152
-151.71
86.0019
3.54072
-137.929
22.2192
-20.2198
19.3037
50.8765
51.6358
-1.5147
-138.029
-36.0883
2.76857
-3.38936
60.6166
2.10814
-34.5653
-1.5569
25.7193
16.4791
-2.46427
-134.796
62.8182
5.66246
-130.893
72.874
12.395
63.1595
53.3966
-2.2037
43.4276
0.428105
34.9689
4.27111
3.0411
12.9908
-13.6799
19.1157
-126.464
-104.415
-66.1422
-34.2302
-121.397
34.1432
19.7511
17.8374
-0.564942
-123.414
44.4493
-26.8439
23.7139
13.94
32.7609
-77.4373
-1.02943
-2.26766
39.9233
23.0722
22.6411
21.8472
14.8321
62.4187
31.4589
-1.3807
-2.31206
35.6362
61.1219
17.9
-135.913
26.3273
16.8315
2.33488
26.3951
30.794
-1.46166
56.3237
-25.3375
21.0148
0.920822
14.3091
64.8834
2.31833
-137.53
5.52503
23.0158
-24.0923
23.1719
-130.973
6.06928
21.7944
8.666
-56.5034
16.691
-47.8169
11.3669
2.85849
11.8865
-144.303
16.9118
0.109385
81.3152
-64.0665
42.4337
4.93354
22.1413
-128.799
31.1327
-1.80193
12.7915
7.46519
-136.87
-3.97191
1.83796
-2.34248
-93.7802
-3.73322
22.4685
-153.829
-13.2705
27.955
15.5266
14.6057
4.61697
11.7645
11.116
-139.633
0.890351
7.94359
43.0897
-0.19475
-30.6629
1.6947
45.0795
-99.6598
5.41925
-0.340295
-1.35184
10.282
78.1135
74.0142
-153.4
-57.2699
68.3628
-31.2202
11.0582
12.578
23.8688
-90.8742
2.37147
18.072
9.48318
-0.296823
-2.64864
7.03689
4.70426
18.9066
5.73588
16.7027
46.63
-72.1064
-12.0872
-26.0441
49.7615
-61.2807
-3.99814
2.45948
16.2818
21.814
79.4775
-61.5091
9.77435
44.7572
5.33816
2.25689
3.89182
-136.253
-25.1109
29.9466
-75.1584
0.256598
-15.2279
-151.307
-64.8243
29.2367
1.77584
-113.537
6.28686
11.0238
8.87882
20.5848
-1.47618
4.8499
-85.7253
0.264265
-133.986
1.69369
62.9821
5.85423
63.5231
24.7995
-53.8275
-1.73219
5.28372
-49.4636
20.213
-0.358948
37.2205
61.1536
27.0418
55.8708
78.5846
-40.1745
-117.405
34.8451
66.1311
-48.9688
43.294
4.19942
-82.2893
48.4892
77.0015
18.1747
-117.284
-1.31889
43.2123
-39.8112
7.48724
3.10226
-19.8408
-12.4523
3.44815
-46.171
-55.8119
-19.0349
25.0374
-12.8639
-76.1826
39.4033
21.7196
-73.7702
17.98
0.0273483
5.76705
1.07892
-143.596
15.6929
10.182
8.85078
-92.8459
-102.443
9.10325
-14.4448
1.17486
21.2208
-66.4441
-111.62
-43.4761
0.297677
19.6444
-110.663
-138.209
4.2703
-50.49
-224.98
50.8848
-142.006
-7.29012
74.9252
-0.834815
-53.7734
-1.60682
-42.2466
42.1945
8.89355
-6.19433
-97.469
4.87556
-104.175
14.1345
1.15242
-86.5728
-45.4827
4.9948
7.91121
-1.84844
3.39585
-101.256
5.20571
-90.617
5.78873
-131.175
-16.6708
29.9043
-68.7335
-3.14514
35.1742
30.7843
11.907
30.8716
24.4398
-3.41369
33.5916
3.96353
-106.801
3.30632
22.356
7.82432
14.3729
-15.1641
-125.963
24.3837
43.7649
-4.06042
29.3981
27.0981
-99.7223
-6.92594
0.138298
34.4705
8.36791
6.77507
-44.1906
-92.3653
35.73
0.631199
-23.6084
-4.15797
23.5204
36.3526
35.1948
36.2407
-0.520661
-31.3361
60.4637
-85.4694
2.00107
20.1866
63.3123
39.365
-78.521
-17.109
-5.89821
7.1512
24.0569
-11.7763
-3.25015
-99.144
53.3589
16.911
55.5286
-24.3223
19.113
13.3132
10.9908
2.26825
8.76635
-90.9477
10.6544
-116.984
11.9278
34.3699
0.46591
-60.0185
-0.918771
-78.7778
11.9155
-149.25
51.0482
4.78663
13.6483
37.0062
-5.12909
18.2743
37.7316
12.0128
69.9698
12.2934
12.7207
-146.328
40.9966
44.0334
67.0223
-19.8767
-0.45979
17.8352
25.7975
-8.69655
-29.7081
25.0907
26.549
-6.54142
10.5515
-137.162
91.5589
-138.213
27.4306
-0.405477
0.61749
5.45936
6.35212
14.551
0.681866
-134.827
-7.85108
-29.0734
-133.166
1.94773
-9.90407
-26.1175
13.2831
5.08916
0.584159
-149.292
26.4828
-4.20912
-21.5757
-151.151
-48.607
7.46949
12.6821
1.35513
-1.33204
43.3024
17.8979
19.8166
19.4854
26.9991
2.9561
-0.956965
14.832
62.9132
-110.546
-7.50469
-87.6499
12.135
-18.5479
1.65273
50.9708
8.97935
-113.121
-0.609629
21.2697
-83.9903
36.3956
5.38836
22.5569
-61.3243
-149.718
-119.396
2.21792
-22.7293
-1.52813
54.6266
0.0201729
15.3794
0.0787567
-2.4713
11.6703
3.45567
0.0582461
39.2155
78.5362
27.4063
55.5501
-30.8818
2.28703
34.003
-132.367
29.926
21.8962
20.9946
71.6105
22.2401
15.2364
25.2489
8.76513
-146.268
19.3814
20.6466
12.2786
-88.4222
-0.451209
48.397
67.1285
14.1944
1.94319
5.58717
-81.2
-5.90201
15.707
1.87706
1.5208
17.3326
-76.1789
-8.84472
19.2489
16.999
76.0083
22.1054
69.3535
-107.165
5.25729
1.96509
14.1288
13.0265
-1.80921
62.7066
-63.8482
86.3546
-150.226
32.2286
27.6807
-140.614
38.3643
-25.037
25.4689
17.619
5.36285
-150.243
-0.920903
1.28725
-0.767506
1.21166
14.6117
7.08766
5.02162
13.9745
-148.446
68.2494
-10.4597
73.3726
0.55652
-80.8217
-0.672854
28.4928
-139.46
4.67736
-135.306
37.6594
30.8831
83.6238
11.0107
-148.282
20.0141
-48.3184
-31.9651
72.0355
36.317
2.02435
-31.9101
-144.77
-1.02068
11.3335
61.0024
11.0948
-126.383
11.6627
2.10733
-161.604
0.340965
30.1094
13.4608
16.3597
-4.53867
33.8951
-114.61
4.87256
36.789
53.9927
-87.8149
6.45663
-19.5779
19.1485
-150.312
-59.9807
-94.4552
-9.93875
-147.261
56.2525
26.4008
-29.1249
-70.9596
-84.067
26.77
32.6641
19.5069
8.58457
6.42673
73.9623
-80.3449
-23.1941
24.5771
-9.2295
-7.2995
6.11455
1.48279
-0.597799
-129.727
-85.7165
4.17215
1.76368
5.37842
-135.647
1.78113
-1.74199
9.23522
1.06357
8.27463
-27.2341
5.59525
25.2116
0.0478423
25.8617
-38.5734
26.6251
-83.8297
-147.363
19.2961
13.3281
20.4415
20.3058
17.3824
11.6894
12.4767
11.9095
12.0676
1.29264
23.8299
14.9944
-3.38478
12.0286
-139.153
6.38131
-3.26475
6.49589
51.7912
-101.536
-141.706
-34.5501
49.3383
71.7024
41.951
18.0579
6.46457
20.6017
6.40929
-101.032
-125.322
-65.262
-2.87864
-133.473
-110.587
12.039
5.8093
33.5412
-86.1756
10.3861
89.4521
35.9523
-123.621
-110.159
-39.406
-78.0411
1.0579
-82.6618
35.9199
35.5346
34.2497
-121.643
-89.3271
-3.98059
34.975
-0.321751
12.7386
2.8563
-96.3909
2.78355
-114.47
-103.579
3.95896
2.05529
2.68424
-3.96234
-128.508
1.78439
34.7156
5.14851
-119.456
4.74424
-123.117
27.7234
23.5336
-4.90023
-14.961
8.01282
-0.181341
13.431
-119.241
-107.823
16.3559
24.1156
2.31936
-29.297
-40.9593
-97.6553
-116.294
4.56404
-92.6148
-2.41776
3.73385
5.94094
-26.8248
-2.02985
-43.9202
2.48779
-142.383
-34.9948
-23.8817
17.6968
-48.4721
-5.43923
-93.6857
4.76571
4.86809
-122.119
-1.52048
10.9518
2.51349
11.9196
45.5297
37.4212
3.50424
-53.789
26.6029
-64.3663
-1.83491
-59.2739
3.76058
7.30201
5.47172
22.5557
3.54463
-63.1764
-49.4696
-114.683
-109.136
11.2467
-23.1252
-52.6941
4.86507
-113.329
15.2476
-3.39437
18.4288
9.69448
3.30383
10.4811
5.44886
24.6696
-0.131175
6.0337
57.8168
14.0352
15.1349
-26.9253
4.10235
5.35685
25.2107
-75.2949
-14.7033
-2.22337
-18.7484
-2.10414
-4.87926
15.8805
66.3931
-25.9308
38.722
-27.5649
18.6503
3.22601
-34.3852
2.23206
-119.002
-113.498
7.82184
-2.48613
21.8105
-136.779
54.5359
4.46261
-124.331
34.8705
4.32077
-1.11641
-133.257
-4.62413
3.49138
-129.028
-2.92736
-4.12039
2.77419
-139.665
-0.760215
-50.038
-23.6404
3.8945
-4.38401
5.09628
-111.122
67.0739
-50.4709
-49.7412
-57.8572
-23.8013
-51.6823
-6.48461
-50.753
-50.4842
-50.7526
-117.801
-24.5614
8.38427
-23.4633
-1.2416
-83.0421
-0.85478
13.6312
-51.9512
-129.438
79.656
8.70945
9.64056
-235.762
-0.894837
-4.64558
6.33141
-2.42302
-227.687
-90.4543
10.7691
-1.01768
66.6331
-86.0106
-63.8411
8.7436
-91.0657
-1.23154
15.0446
22.3371
-155.412
3.36596
8.02694
-23.6818
4.09398
43.8087
60.4057
-150.953
14.2475
-1.14778
12.5594
0.707395
7.15649
-132.221
3.55767
38.9032
-14.6318
-45.2489
-62.2936
-29.9279
-6.1228
-118.815
-5.43063
24.2725
-246.016
-70.8656
12.5825
0.143467
-0.387738
66.8056
-96.6215
11.945
9.64397
50.1621
13.8073
132.341
76.3191
-0.107855
93.9138
-3.61394
-136.476
47.6223
-4.88556
89.3098
12.9122
0.22669
30.8946
-209.731
-130.131
14.0703
-64.4993
-25.1457
8.51123
-2.68773
54.0119
13.4894
-7.41194
-102.177
67.7637
89.5105
30.0736
62.3869
25.1082
12.4367
-178.564
34.2051
11.5449
-4.25139
13.0314
-9.89175
-62.0562
-0.486704
6.61015
22.1173
12.8072
8.51972
-91.5769
21.5061
4.06635
-27.9836
-114.23
-26.9127
-58.4024
14.1669
-132.464
-99.0515
59.6599
-0.226066
-68.5001
7.08041
3.67816
-111.681
-150.574
46.583
42.5499
-46.4801
68.0551
12.8874
35.2865
13.1997
35.6871
0.145214
-140.977
0.94252
-21.5166
-5.75829
6.68805
-57.6698
14.9295
0.46322
34.1425
-159.159
-45.1516
-8.32652
-1.16331
7.77561
-1.0325
1.84758
54.8078
-4.99598
1.94877
-91.2187
1.44576
-3.73919
2.02029
-161.652
-2.24299
35.5101
-80.1444
18.4102
-230.384
-0.442976
34.4562
14.5081
9.4672
51.8307
82.4021
-2.50651
-138.858
-130.623
-155.026
36.8019
48.4078
63.547
52.2029
-119.636
12.9214
13.9655
-11.4657
74.7263
1.36415
-131.804
10.9964
-65.9083
93.1335
-113.1
-49.0023
14.4772
11.4976
-98.7414
13.8034
-81.4751
11.2094
13.4678
11.9286
1.46094
-0.54281
9.7405
-33.1476
-26.8887
7.04167
96.5322
14.7271
36.3301
1.79609
83.6228
39.5266
-237.127
-37.0885
33.4502
-155.191
-149.368
32.8332
59.4202
-144.866
-56.8608
-0.978509
-3.75571
4.25584
3.41188
17.912
-120.737
11.8018
13.3268
63.2197
-152.446
6.54113
-56.6796
18.35
-122.709
-67.1056
-3.18128
5.79145
42.3543
23.651
-140.276
-1.23199
-143.861
2.20191
-130.466
42.5949
29.1721
-156.072
63.9
-1.68103
3.71806
24.8188
-5.53084
23.64
-0.458489
27.073
25.7426
38.0175
7.20787
5.9264
17.7366
22.396
23.9467
65.0127
-0.840303
-68.5416
66.6601
1.5424
-11.9738
11.8234
-29.7074
-106.28
-33.4118
14.7048
-135.344
1.91253
37.3021
-45.9794
-44.8874
22.1352
36.0363
23.719
37.3129
-1.17138
12.4291
13.87
-12.7423
15.4326
-86.5492
86.7538
4.00216
-56.7221
22.0412
14.0867
-0.945732
25.5787
3.88064
-147.949
7.09943
17.0937
-0.971233
5.56294
5.03139
-101.894
-2.78993
-29.6769
19.3546
22.2404
-1.53166
0.0176082
27.2959
-5.24416
-0.310747
-45.5333
-73.2888
31.0854
52.3208
-129.863
-166.398
-92.9103
14.3251
0.81404
17.3462
5.87615
-41.4396
-17.7764
-5.42393
10.8811
39.5216
41.0245
-73.3407
11.6935
-6.81278
45.2266
8.85714
12.5298
-22.9482
-250.752
5.75795
-133.12
18.0828
0.544925
-97.3604
37.5582
13.613
-52.5329
-45.7332
-5.19898
1.99944
-105.586
33.4048
-59.3453
-6.02779
-0.772522
1.35121
-55.8916
9.30091
-155.786
-136.289
54.2013
-5.81379
-116.29
-6.80184
-139.084
-27.7616
11.5254
-1.00246
1.71288
-120.3
-1.01184
16.3424
-0.0874983
-1.94677
19.6062
-122.782
-10.7964
-154.071
7.12641
9.19268
31.8781
17.3182
-87.2997
-41.3192
-1.81529
-180.791
78.462
-94.9001
35.9697
7.41274
-44.2871
-22.8615
-14.2911
-228.629
-45.34
4.12761
-151.113
17.0697
-20.9507
77.3851
-132.618
32.5886
31.4319
35.4604
22.0825
45.8652
-94.3564
-0.778768
1.86838
7.82222
-44.429
0.226588
33.0356
17.2679
-100.849
16.601
64.8681
1.41862
-160.269
-70.0332
11.5984
-15.2163
22.6898
0.179966
-1.77519
-43.861
-2.76185
12.8157
70.2909
5.47821
51.4895
24.0328
-176.221
18.4951
27.5367
74.5794
16.4134
-85.6797
8.05598
7.37704
1.36216
-13.7483
-90.1254
-139.7
5.6631
32.633
5.03374
-37.2389
4.12119
54.2699
-18.9658
21.4425
68.8635
-122.509
20.9586
17.9745
0.699746
-1.40792
-28.293
-0.566281
51.7246
66.9392
-4.61689
-19.679
14.2439
-151.165
40.5378
41.576
13.6264
18.9498
0.958462
0.00231008
-0.0518994
67.2934
-144.961
-99.4716
17.3349
0.134952
77.1265
-126.827
-128.775
98.3078
-44.0529
54.2225
-1.08126
-0.0732796
71.9445
1.1486
-129.013
24.714
1.98138
-2.57101
22.4389
0.781819
-139.026
21.0424
-1.31451
23.7004
87.8576
12.3525
12.9108
11.9652
4.49937
-0.182234
-140.561
6.27238
1.82688
-94.3245
3.19218
39.2485
2.19669
5.81305
5.59787
29.4778
-5.53422
-47.2005
12.5492
10.7655
-3.90566
-23.4394
12.5496
-16.7198
-2.78569
-0.174249
45.5624
-0.014181
-6.82175
-5.98477
31.8129
-1.45026
2.18946
3.84088
3.95199
-58.2565
13.7732
19.891
16.9277
7.58252
-11.4589
-41.2538
15.7232
-31.6892
-93.7482
-1.16075
-3.68359
12.9026
3.62837
37.6907
-136.557
72.9095
2.6449
-6.87453
69.4011
-6.73119
-8.3992
16.8493
-9.05159
-19.4123
-93.7397
1.71377
-37.6345
2.11806
25.1476
6.59163
-134.167
-111.723
6.72
30.8519
-0.145024
-80.0225
1.48086
4.62615
-0.212595
66.5883
16.0156
25.0718
1.48679
1.34244
11.2799
-11.2224
-3.55535
12.6
10.3049
15.5646
-63.1092
6.74177
93.6072
36.3513
-59.992
11.7976
74.869
0.414647
1.05091
32.955
19.4412
-21.749
5.80831
-9.76947
3.43674
0.475346
-5.41979
18.3574
-131.314
21.295
7.52288
84.2098
9.46919
3.02616
88.7551
-101.15
0.859867
37.1749
12.4438
-7.62998
79.2112
79.5478
4.69656
-1.42961
-1.22188
40.4692
37.1816
-87.0664
1.4791
-121.572
-1.82934
-4.40582
1.51674
-88.2474
-74.7575
9.70885
-123.974
-4.75946
2.36834
10.4267
4.28233
34.9358
29.604
18.8575
-53.4169
2.35182
39.0596
-68.3779
6.02487
0.864923
28.7729
50.4616
10.0457
12.0915
5.43488
23.7301
9.45196
1.01081
-42.4465
-27.032
-0.994928
-4.86078
-2.4168
15.9276
-113.568
37.6413
34.3645
-0.298524
-3.43331
12.6033
-150.075
44.0947
-4.63529
57.2689
8.76021
-144.995
18.3451
-29.4763
91.6178
6.96577
16.6583
-5.44985
-65.1241
17.8669
11.471
0.39172
21.9825
4.60513
-28.3481
-5.73523
-242.591
3.10511
-20.9711
24.9038
8.73726
-4.62088
36.8943
-9.22442
26.1892
-115.515
0.912489
11.4442
2.96756
32.133
-3.39891
-1.33486
22.9013
-139.353
18.8518
153.554
-10.5575
9.54625
17.3798
3.12005
4.17557
89.2947
-148.01
-87.6795
-5.14868
22.7436
17.1357
28.9243
33.0171
9.87784
6.42593
16.8917
20.5319
20.6181
-37.9092
19.1451
53.963
43.2636
22.0761
-2.98038
53.5494
8.52899
-54.0376
6.84224
12.7525
19.586
-138.464
33.671
9.75139
-19.4111
4.47109
14.0356
-18.2346
-2.16643
-115.914
-68.9814
78.8714
-61.9784
3.48286
22.1851
-156.675
1.19702
1.30666
-16.6987
19.9
13.813
6.83141
23.6664
-6.36864
-3.8655
-49.4365
-5.30909
-0.858361
60.0706
21.5786
16.2698
-146.065
-0.891495
3.92559
-11.4805
-15.7801
-0.927651
-3.4473
2.7003
12.5047
-128.941
-123.978
29.0734
2.01154
4.76825
4.5122
25.5892
-149.796
0.410968
-82.1058
-120.456
-132.245
-99.6638
2.86331
-5.32904
14.151
-41.3921
9.21925
-130.286
29.5225
-111.841
20.5263
3.62353
1.37153
-124.71
-39.1168
34.3694
8.31866
4.35418
2.19248
16.855
50.4797
38.6941
35.68
-32.0066
-13.552
-72.2475
50.7387
-7.03963
-156.152
22.843
72.1754
4.82127
23.313
11.1892
11.0672
31.8319
-18.4932
-22.3913
13.6336
50.5254
-69.728
-142.966
-37.5456
-50.061
24.9677
79.8948
8.5196
9.74603
-241.58
7.18015
-35.9855
-0.561747
-111.714
-136.273
20.8429
-28.0207
-90.4308
7.33292
-103.391
-139.619
27.9033
-95.3605
21.5027
8.59541
-21.8329
5.53101
13.9035
-1.55702
-94.7159
-23.0379
-116.369
2.69116
-115.415
-74.4409
-59.4705
6.11554
24.4629
65.4246
12.0584
-0.211113
1.4693
0.202334
21.096
18.9972
-92.7231
-5.30086
3.06635
24.6049
41.1108
9.56271
-37.4388
-116.439
29.9083
24.3567
-131.163
-0.0678217
-118.937
-19.7083
14.7553
9.02382
-109.478
-32.5997
61.039
59.8692
40.1441
-141.124
8.07535
-0.144152
2.77191
-103.479
31.585
-0.0499235
-152.288
16.6415
1.41603
34.8029
-154.897
-2.02717
-37.6852
35.1005
38.1206
2.09217
33.6581
-35.4566
-120.657
-125.051
45.2761
27.6653
-7.51725
-11.0914
-136.991
-3.10627
-47.8675
7.142
-120.831
-48.9867
9.28923
28.1389
-2.67495
-141.157
-142.191
-136.443
-2.27788
-70.8409
-4.7657
-1.77131
-200.166
6.09276
60.4106
80.7399
-149.707
-1.7842
-4.52612
5.82989
-6.1465
1.98618
-110.2
9.59326
-11.4577
16.3988
22.8569
4.58927
-0.00168157
19.3965
106.881
-142.29
14.8505
-237.005
77.1156
15.5808
-72.6189
19.4637
6.858
-0.321703
-21.759
-131.62
51.0077
-110.985
-97.7391
-0.0572194
-163.517
-132.586
16.9455
-1.64204
-151.276
-245.616
-29.6109
3.85343
-54.4356
14.5557
22.212
-0.411583
-52.9839
-75.4991
18.8116
40.3261
11.2257
14.0876
2.2614
-122.082
-83.6332
25.0104
-37.4075
5.42656
-8.02364
74.4113
-154.783
83.5677
-15.5709
-44.0782
69.4949
5.81607
-110.692
41.5387
2.41123
16.6343
19.1574
50.6761
14.2503
1.14143
13.3717
77.4724
-21.3973
-134.101
-123.948
-0.886604
91.8319
4.5733
-98.7344
38.6492
21.0296
4.84739
-55.5589
10.3223
45.3254
14.8317
-244.661
2.03631
-0.0329552
2.03113
-14.857
-106.952
27.308
-80.1263
11.3496
30.737
41.646
94.7702
0.993208
204.509
12.5067
-8.11223
37.5497
29.2233
5.35132
33.7682
5.30231
78.2122
32.8869
-5.84398
1.11153
-14.5574
4.08517
2.09868
35.9065
-8.66041
-117.708
30.7025
0.224913
-27.153
-10.9833
17.8538
44.4641
6.87437
39.0738
2.60173
10.21
-33.2585
-81.8794
4.61903
56.2364
51.529
46.8126
151.569
-123.782
-11.1765
-76.3504
10.2769
-5.85742
9.73982
-55.7517
22.7481
-15.1803
-194.181
-4.04745
22.0007
-66.7381
-32.6594
0.921588
-14.0543
-4.84492
28.1756
33.1584
42.8371
10.2137
4.79487
29.0913
9.03558
41.7986
-120.379
60.904
33.5792
-135.762
1.1676
1.22543
1.54131
64.1856
30.5617
16.558
37.7258
52.4751
-140.162
3.84956
-137.839
4.05929
-72.6047
-0.88585
0.236743
5.93204
27.0688
6.08812
7.53755
12.3553
13.0943
-121.612
-0.000896832
9.73168
-9.49412
18.8348
16.5522
-14.2593
-80.3363
-0.808894
69.7709
12.7475
-10.382
-115.496
-53.9303
-2.62533
14.0729
12.2665
27.8592
54.963
33.9186
6.54967
4.61106
5.21093
-1.71143
-9.9691
15.0634
64.9202
18.4132
30.4529
17.3701
23.6542
14.1945
-7.10267
3.19399
3.89788
16.4378
18.963
-154.906
-1.28034
3.36893
49.3737
49.7341
-34.917
-140.79
-129.996
-4.33156
4.34195
49.7488
36.3417
49.2539
-43.22
-89.2042
1.44068
18.8975
-158.412
18.5633
2.2094
48.785
-0.99122
19.3445
-102.477
-121.783
-67.0877
48.9872
17.2734
3.04968
17.9557
-19.2092
29.6743
-11.4204
47.8823
2.9014
8.05534
5.51556
-225.163
11.4731
35.5774
42.3833
24.9579
28.1499
20.8908
39.7632
-137.554
10.5297
-45.0198
18.8789
18.1118
5.60348
12.278
4.00048
-87.5625
-9.40996
13.402
69.9986
1.35954
1.66648
1.76733
78.4322
91.6926
-0.922567
24.418
62.3834
62.3161
-176.803
-0.882613
56.3524
-23.1815
41.612
28.4635
-40.782
43.3797
-66.6876
13.4763
0.0602487
29.5507
1.75499
-150.994
-0.547216
-19.3808
-2.41978
-133.281
-153.837
-143.305
-0.570868
35.0447
-151.612
17.7015
6.20485
-154.991
12.2085
-122.026
15.857
24.2698
-2.4225
10.4401
-1.04089
12.8936
-0.950102
-139.461
5.33946
50.1829
34.2843
-1.0137
12.9838
11.1642
-135.548
-50.4886
5.462
-63.6107
-21.4679
-11.27
215.082
60.851
8.66783
13.7687
8.30536
-20.6052
-155.761
-125
8.97282
-115.795
-57.3757
-19.4903
-70.6211
-24.3267
-156.057
-0.389091
-153.603
21.4095
-85.5355
-214.603
31.2157
-149.32
21.0409
2.71448
-0.160907
-92.9086
18.1455
-43.1291
-56.3806
0.165232
-8.95638
-138.356
-99.5935
-97.758
-142.419
79.8028
14.436
-5.59546
8.55972
21.95
-32.6286
-7.27914
-0.7225
-19.9052
13.2106
1.31229
-79.4535
7.83231
-113.491
33.2039
-74.3381
16.8601
36.2604
-31.4672
-44.4826
7.18834
-116.631
0.774106
61.2499
43.7342
14.003
-180.447
-70.0669
4.92989
24.3378
19.4397
-0.727
-142.21
37.68
16.3703
29.2442
36.9324
11.3248
-31.0246
-146.67
-0.160918
3.23418
-16.5897
-100.069
0.0159259
9.61374
-9.73028
6.93382
2.41289
14.2221
-0.751147
-1.66102
-3.41694
1.79052
-20.7204
-141.865
72.8388
5.32722
-35.7201
-15.5067
19.4381
24.2464
-8.43009
24.9318
-1.1849
95.785
-65.8026
-93.4513
77.3072
10.6571
-112.894
-10.3144
18.3894
-0.10816
3.31187
15.8209
22.9408
-1.66909
4.76129
9.93396
-129.709
11.2489
0.248747
-99.4687
27.6491
-119.472
34.0254
-0.0468266
11.0743
28.1938
-14.0064
-93.649
0.125116
-135.744
-120.159
7.61171
-43.3878
5.64622
3.64533
-136.202
36.385
-21.3362
19.5603
3.73641
1.13462
78.9974
-0.103794
-26.2182
32.2263
-133.114
-22.9963
32.5207
1.14546
33.8628
30.1205
32.5666
-3.82259
2.477
117.511
10.4279
17.0646
10.2195
4.8164
-0.663105
6.97644
-2.92055
1.55897
-49.5959
48.56
-0.927779
-26.868
121.258
19.2839
-2.68522
19.9788
4.72798
55.9755
73.0446
10.8134
9.58595
-24.762
2.71268
17.0541
-64.7348
120.232
3.16436
44.358
55.0761
-14.5395
-44.9346
47.4664
0.97816
19.3012
-140.038
-1.79341
-1.83518
-54.2019
-42.3368
15.4
-6.91287
5.00434
27.2815
14.6405
-84.6122
3.95421
79.2538
-87.9365
-162.383
-3.58789
30.2617
-8.72172
-12.7239
6.33
-154.792
-25.5515
-1.9674
18.8373
4.57439
-138.832
20.9268
102.32
56.6656
19.1173
27.0901
3.19665
49.356
38.5667
54.6153
61.1921
29.1697
-35.2169
10.4534
41.4371
36.1229
16.6932
4.99332
5.85949
-77.448
-41.1935
-17.0742
-142.685
94.6344
-148.835
-88.195
4.30023
44.3843
-29.2504
20.0467
49.4913
-117.182
-70.0011
41.8573
-112.26
-86.2422
-17.9344
-5.025
-20.8537
21.7196
-29.4944
10.248
37.8788
-31.977
-19.273
2.34337
12.3854
-44.9533
27.9003
-75.8056
17.7533
11.6886
35.7059
16.0264
57.2119
-4.27902
-24.6809
-4.1816
56.841
23.8607
-94.4317
-144.019
-25.9464
-28.999
-143.735
-80.661
2.03158
3.11257
-49.2423
-0.134528
0.45465
1.09322
-9.52759
-253.547
-69.5678
44.265
8.26223
0.268031
-0.155873
61.387
-1.69696
33.7559
-38.5875
86.4494
-161.61
-46.2529
-144.44
-4.11029
51.5024
89.7919
1.65952
22.2091
-43.7505
62.4332
8.91714
6.62204
42.5272
0.00601811
-4.66279
-2.36744
-2.07398
-113.719
-101.855
-5.17431
67.3641
-30.599
-1.10198
0.444751
-63.6827
-145.913
70.737
-72.4147
-125.764
58.8166
-151.309
2.48546
19.0696
13.3827
10.5213
4.0479
-142.518
-144.175
0.602853
0.736323
19.2345
34.587
7.25689
59.2345
-34.2661
19.4025
71.4359
28.6329
22.925
13.9181
0.140699
12.2841
-12.0693
-107.279
12.6341
22.2185
21.6239
4.06964
1.90609
-28.9074
0.168275
-113.812
-66.1318
0.0354489
16.8197
5.29367
-57.6859
22.8336
28.2188
65.952
5.82702
6.84018
-130.459
-147.334
84.7461
5.98842
12.8322
24.5406
-97.3199
-34.6617
59.8472
12.856
-55.3884
-37.6376
-98.5351
-45.153
-51.7967
0.69301
3.14184
-0.454773
5.2524
-23.604
-100.853
-41.9665
-1.78005
44.9294
58.6045
5.17422
-121.329
-8.43959
27.801
158.197
-57.7066
-99.8788
38.2066
18.6107
37.5909
10.1868
-4.31473
19.882
-57.6428
48.627
18.5572
79.9443
5.26071
-35.053
157.816
-8.58661
-7.04639
0.329331
3.00638
-57.5336
15.2915
-4.97276
-67.8854
8.98963
-137.464
-2.75072
8.56562
9.89569
-15.383
58.7966
-136.649
-151.758
6.22046
12.1447
5.00835
-1.91331
11.5019
38.2659
19.6197
-3.91141
40.789
0.407987
17.2647
30.9029
14.1079
44.2648
-36.5669
-153.22
-18.2772
2.08805
-11.9171
1.8828
-18.533
-1.78267
60.1182
-11.2432
8.41335
78.2723
-78.1179
-60.6827
28.2149
-0.0667076
-143.075
48.6788
50.7869
-29.1911
-116.782
1.71414
-139.563
-136.522
-101.228
9.59317
-55.1696
50.754
-93.9578
-71.0584
4.98741
11.6066
-17.2788
17.062
116.109
10.0908
26.4027
-21.0528
-103.648
-1.84015
0.499366
45.8246
48.3076
47.4255
-91.6951
-0.196378
-82.3836
157.472
-0.778945
1.47888
-112.196
6.40011
3.4581
-44.218
18.1754
62.6542
-1.55326
2.97855
-239.254
76.2485
-22.1681
-120.956
66.6625
15.2364
-47.0011
3.20683
18.4736
4.52425
2.30441
-152.984
3.53748
-30.7378
25.147
17.7501
37.0501
-114.423
14.1307
30.4746
19.9087
-45.7605
82.0083
-154.386
17.4369
-0.957358
13.671
23.2722
-138.542
-147.332
2.36932
-0.368835
-1.18444
3.30105
9.32769
15.3411
-31.9849
26.1628
65.4929
-111.972
2.37525
-24.0014
-10.6017
-0.133404
-224.098
11.8307
5.25964
-0.269047
9.2209
2.95192
8.96343
-118.188
-154.908
-13.8742
-0.258235
8.68066
8.68403
-125.873
-113.813
-149.314
8.50045
5.23365
-31.0148
-33.5891
-151.24
38.6699
-152.169
19.8193
-16.9362
-65.2616
24.033
-123.283
1.2281
22.2546
-28.6795
-95.9553
-20.9043
-52.5308
20.565
-73.1028
145.442
-1.10646
-152.064
-122.219
-149.283
-28.9131
47.7516
-1.182
12.7414
78.6595
4.02437
-1.02665
-1.16325
18.233
0.974985
7.22625
-0.32946
-45.5774
10.1701
-22.1244
-103.426
11.2823
21.3411
2.83613
60.1263
-18.7391
3.92561
-152.706
-112.502
-6.27988
-0.565983
-15.637
30.8016
-95.4956
70.7985
7.0036
-159.325
1.60366
-97.2446
30.1807
20.5404
5.88323
-45.3856
-152.75
17.1083
22.6987
68.2359
3.60465
-64.3064
-57.0682
6.98696
84.6428
6.3326
-14.4874
27.9469
-124.387
10.5466
8.35908
-1.02845
-0.904936
17.7983
6.34207
12.1475
5.9817
0.606081
20.8017
-41.4899
-119.687
-236.498
73.0579
-50.9726
-143.746
0.842064
-24.0367
22.4079
25.3144
17.6426
151.311
-47.6496
-192.128
14.5414
5.58676
20.1238
2.48949
6.93118
17.31
18.6839
0.743617
-2.53252
-31.9027
-143.367
13.9958
11.7724
-47.3899
-0.138538
-1.42361
3.91178
23.7115
-82.798
3.11053
0.389006
-0.208831
-135.568
3.33205
-120.311
27.2676
-97.0028
62.7851
0.628701
-123.866
-128.418
1.34624
-140.34
-1.48393
1.13353
-150.796
19.681
4.24984
17.601
-7.04345
-126.343
4.93993
-66.5998
-114.357
-7.0866
-11.0987
1.17356
-0.301988
11.8503
60.3704
19.6636
-17.1432
16.2264
-54.4026
-108.114
-61.0827
79.5412
39.6284
-82.2379
8.31444
58.1109
26.3623
-67.0666
146.406
-1.43086
20.1066
-99.6899
15.0818
0.436319
5.61828
58.9518
16.1877
-151.843
13.8459
-244.939
26.0879
-0.972198
-1.48945
2.00912
9.72525
-39.6119
-64.9285
24.1561
38.596
-0.614302
-70.6293
9.98896
-18.7973
63.4264
-59.4979
-0.894259
1.56918
69.3308
-137.773
23.1705
3.28344
-7.02524
15.4999
5.24019
6.01359
18.1724
-0.227139
47.0118
3.69026
-61.5301
18.6089
23.7817
10.2516
14.1001
1.47629
0.696676
0.956345
13.8687
6.46946
20.7924
136.877
-1.88331
-106.537
9.72131
11.7478
19.3173
42.7092
21.8774
20.3907
-8.36551
-3.18254
14.8864
0.741627
9.62246
-16.2899
-117.881
103.838
-11.1234
-3.78564
-0.527908
20.3789
-123.463
-85.6195
-18.0299
-40.4111
-28.7491
5.71544
4.04505
-99.7653
101.994
-131.849
-67.5251
-96.6508
22.226
-137.297
-152.495
-4.50974
8.48731
-159.791
-94.8638
0.493946
14.2534
-244.92
7.67076
-49.9796
40.3326
38.9642
-133.918
-51.4397
-71.6374
-153.739
-234.909
10.1713
20.493
1.38051
0.164171
-2.67553
13.0734
27.3604
-122.018
-152.78
36.3021
0.518977
40.3929
17.4818
20.2382
21.9735
5.53469
-4.28023
-39.7356
4.49632
6.13794
80.7406
10.9971
-39.6461
11.9831
-68.2345
-2.73267
-28.1362
-57.8335
9.55413
5.12873
-26.0508
-93.563
1.5405
18.8835
0.364284
-155.443
31.4729
-142.666
19.5849
7.95632
26.9089
-155.354
-10.4671
14.9216
-107.447
-137.057
-65.8408
18.7867
0.46199
-224.97
8.80696
-134.197
-1.05442
66.6238
51.3547
-149.892
52.3557
-131.992
-32.4269
-2.48086
12.4098
-4.9746
-130.118
15.9421
13.746
-0.78958
52.0165
-16.8576
14.9079
-73.0701
-11.4119
22.6701
29.6036
-133.658
55.3652
54.7635
22.2082
9.00896
-114.589
68.33
24.6989
-185.863
24.3099
7.38941
-4.8636
-16.5078
-69.5959
21.0379
3.14859
-103.683
12.6997
57.174
-58.4963
9.46668
-265.393
-123.834
96.3135
-83.5192
10.2877
67.2416
12.1092
-88.7839
11.484
-21.5597
-69.7336
0.735519
15.2546
-7.50135
-6.94182
3.46704
7.57966
-0.12606
9.22923
-49.6272
21.4812
-68.262
4.33464
37.6477
-19.6204
-75.5448
4.66667
-92.5802
29.3728
-218.878
19.9478
-0.351885
7.27749
-249.619
-1.34805
19.9553
32.5912
-35.2862
2.67406
-0.13169
23.745
67.423
-65.3104
60.6314
23.1504
21.0598
-38.9314
2.29231
39.2004
-138.863
-48.5754
7.23524
32.9088
0.227956
-93.3467
-153.181
-155.757
12.0671
13.7881
15.92
11.2456
-3.20949
34.7379
5.38543
7.76435
42.0794
10.8963
83.4459
-143.285
13.6052
20.8076
15.2012
48.1193
-3.83592
11.5414
19.2815
56.8624
61.5155
9.48249
44.8178
7.72106
-1.05134
-150.791
6.31524
0.815159
14.5762
-103.063
50.1836
18.8274
-122.329
5.66558
21.2246
2.08146
-37.786
20.8739
25.0439
21.0892
-76.6285
-0.0291362
4.2121
18.9681
19.9574
6.32673
-8.46033
-150.897
0.302948
38.7948
-137.136
3.65374
-141.634
-5.36374
-153.224
-104.1
-1.256
-88.1821
20.689
-113.72
14.1692
-3.96269
28.8942
2.246
-21.3578
-102.15
1.13153
0.627022
-3.11344
35.4435
12.7956
-39.6737
28.8509
25.9189
-0.911855
18.6872
-90.4261
164.072
-54.5009
-9.25756
-230.073
-191.49
9.69357
-73.1654
99.5099
-12.1458
29.2266
150.255
3.34498
-22.9957
1.81145
-153.366
11.6336
60.2807
24.3616
-76.588
11.2885
28.9162
-94.6466
20.8141
25.0483
36.7293
16.3425
3.14545
2.98479
14.538
-50.8318
-5.25929
-125.385
13.0862
-256.733
-0.442341
0.12977
1.33554
8.60051
3.83764
-162.63
36.641
-10.6017
17.5185
29.2021
81.755
27.6263
-188.112
4.93947
9.54388
-157.743
1.33806
50.968
21.5425
78.2184
-120.323
-95.3699
89.6181
68.0078
-86.3701
-129.137
8.98182
79.8397
-17.577
16.367
18.4002
2.57153
38.3027
18.2688
7.29169
17.999
-117.697
22.8869
-159.725
18.4375
20.3499
34.7115
16.5709
17.8902
18.1698
8.3331
-3.34406
17.648
20.0276
19.8006
-13.439
-152.942
11.1123
-128.948
74.8638
-50.8412
-234.407
67.5004
-94.588
29.3581
-155.268
22.4333
-0.206299
11.2249
2.4223
12.3372
17.5617
3.69269
-78.0346
76.294
-1.03507
-130.379
-136.456
78.5312
2.39318
-58.705
13.6719
18.7953
20.9117
35.651
66.1829
9.95725
7.95121
7.21861
13.622
7.10001
-9.07495
4.5257
-61.1011
8.55603
7.08482
3.06358
-1.59174
-17.6331
11.4414
-229.494
21.2914
26.4556
-123.408
-153.663
28.0896
3.51659
0.0371414
14.1171
21.0188
-115.119
31.6414
86.6596
-53.3761
-204.067
15.9261
2.10529
-1.16024
27.2096
45.0036
-26.1112
13.3024
7.43208
-164.34
20.5571
1.18431
24.5679
2.0953
-149.181
19.5376
-77.9368
10.2855
-204.255
17.6736
9.99832
35.7516
-149.419
-111.321
26.9533
15.6115
20.0315
9.10676
80.9966
-9.97351
31.4147
-9.88114
51.6299
36.3458
-45.4355
-156.429
18.1962
28.8163
13.3909
66.7165
5.80302
-69.1235
1.90022
-3.33457
-80.6672
-123.471
-55.4827
10.0583
17.2387
57.4066
154.952
-219.529
-66.2929
89.0386
1.95702
-150.513
50.0655
-72.4342
23.4135
-125.592
-16.3036
-8.27038
-78.5561
49.7142
-3.83423
21.0422
28.8641
14.4942
21.9541
-71.2666
-13.7906
43.652
-118.313
22.437
21.0276
7.08402
-58.5657
3.64414
14.9636
2.96815
-18.1687
-21.7569
39.1504
-11.9187
25.3742
-1.39727
2.29389
-140.513
26.8296
12.616
-5.36784
-2.94991
0.305385
-21.0957
147.992
-10.6314
10.8117
-113.479
26.278
5.6193
19.6695
96.6271
67.6406
-90.9289
9.99773
0.991583
0.6051
-154.777
17.5743
-15.2524
0.942406
18.3712
44.0321
-195.082
-85.2998
0.171293
-18.9706
-11.298
6.6729
7.42429
21.6781
-11.1845
14.6261
0.417074
13.0736
13.7226
16.9973
19.0833
8.68607
-1.46944
19.4559
-8.27015
50.5271
-193.547
-46.044
14.8832
11.2535
60.5301
28.7795
67.7127
12.4196
-36.8597
-152.844
-17.263
19.0002
34.961
17.8917
48.8449
-32.4438
7.79853
-13.6136
-139.364
-18.2238
-12.4379
14.8741
17.4483
4.83687
36.2315
-154.315
44.9098
88.2148
4.64495
14.8312
23.5994
3.61868
-73.9141
17.8612
-11.2882
-16.5866
61.2835
21.5454
23.4734
16.716
12.8541
3.98546
3.73982
-157.285
9.54608
37.8133
-66.7032
-139.593
35.3346
22.2595
-38.8647
3.31937
-72.4281
13.4207
-13.527
5.97312
51.4054
-66.2786
1.22144
-61.0871
0.860843
-135.284
-19.0695
19.6777
-172.516
12.2058
-79.3453
3.39433
21.9311
-152.905
80.371
-133.59
15.6921
10.0465
18.2269
5.82195
2.12294
-102.172
-4.32687
42.1683
-121.788
12.3562
32.0582
0.10635
33.6503
13.7163
-43.0348
1.16021
2.905
48.1186
79.9862
27.8337
6.02867
26.6603
68.3695
22.7628
49.1254
0.568861
7.09152
5.36309
-116.371
-12.1063
-30.0223
49.476
2.00149
-55.9383
-46.2413
-120.509
19.3444
42.7742
0.581328
-33.5313
12.5824
-110.755
-63.6682
41.1344
56.1311
35.6957
-3.81708
13.9478
-0.125964
15.1389
12.5873
72.0869
-61.5014
-97.4925
-104.877
19.8487
25.4892
3.88245
22.6929
-15.9243
0.45917
1.8081
63.5844
14.5824
0.872506
-1.48954
-151.881
21.3017
-186.613
-20.4739
7.16863
10.5761
-6.34291
3.95122
9.33271
7.12888
-117.142
8.78278
-20.9721
-1.78191
76.0934
-32.54
-0.0907265
53.043
12.31
2.26047
12.912
-11.6542
13.0436
-3.59041
164.086
8.16942
0.539411
-0.782175
-6.83285
1.15105
66.6768
24.6033
10.0831
57.6243
22.9433
-18.4679
39.5431
-84.1914
-31.5273
2.48086
-1.0572
5.47158
21.2393
1.52201
-0.827336
-114.206
3.73252
40.2471
0.813297
1.43619
-34.7802
-17.7961
13.7982
-25.4969
9.15765
-130.969
39.2311
-120.319
20.2516
2.66814
-11.489
-45.4753
18.9556
14.122
14.9754
0.311208
0.564073
-46.0521
11.2171
18.5773
90.1069
5.66479
-24.7545
5.22547
7.8267
-58.3818
1.28496
-20.9998
19.9758
14.8846
7.59997
8.11784
7.72034
-1.77882
3.38789
64.9028
7.59417
-3.02479
1.6724
-0.0637393
2.7616
38.7277
-4.82323
-2.92594
15.6348
-34.2801
4.58059
-0.387145
14.3748
2.22162
-138.63
-12.7535
0.765884
81.2572
-8.20508
35.2617
37.6081
34.4628
5.6419
5.64071
-133.45
-30.1989
5.09062
6.19338
15.2984
40.0809
66.1472
-0.00439445
4.9028
1.26224
-123.482
14.2919
10.4687
1.8132
-220.808
-0.733872
1.73225
-132.341
-16.9304
33.6992
-3.4574
1.88832
4.66415
48.4751
16.6062
2.42328
-3.67133
-18.2218
36.3607
-153.373
-17.49
-152.423
-17.04
27.2125
-27.9962
-30.1897
32.8218
-28.3563
51.7703
5.97812
-2.24617
-128.499
8.02833
-4.01358
37.4558
22.0055
59.5223
3.51412
-3.19213
3.68845
-189.82
2.43754
-1.25928
31.2707
35.8887
-0.120042
6.56378
7.84521
-10.996
25.8849
-3.6791
0.683274
0.314391
56.3657
86.9124
86.1798
54.731
-139.868
2.05245
34.7106
3.0255
30.6209
66.6378
60.9241
80.0686
10.5386
-104.922
-0.385846
13.3418
-18.1465
-45.7932
-19.2565
-85.4382
9.20409
1.63646
0.347417
-9.88486
4.03785
55.807
71.3623
1.65539
-68.0187
22.1866
20.1471
40.2292
-55.9315
1.09548
-94.7062
-3.82025
-3.31305
-233.007
-129.886
38.2198
47.4869
-252.953
-77.5303
21.1754
-110.25
-61.0968
-1.07729
0.717797
18.3343
-82.8619
-20.466
4.36337
-35.2857
2.19153
-6.39883
24.2417
61.4105
0.930841
8.13341
-4.90158
0.654969
-0.84398
54.1664
81.2546
36.9144
10.293
-83.8345
-62.6631
37.6602
-44.696
-8.35733
2.29434
-103.898
-0.716857
39.3303
3.04102
3.41147
8.11842
-129.709
-54.6421
2.22678
-121.142
-22.0574
17.0864
66.0239
-29.6411
-0.80544
19.294
10.0754
-17.4163
5.78581
67.0636
-150.61
10.3545
162.428
-0.610697
19.5665
1.44734
56.9875
2.8531
-2.40385
3.68476
12.0229
-3.05074
13.7716
-31.0109
-122.139
-4.60648
62.2488
20.015
23.3087
9.95368
3.09876
18.8032
31.4119
-128.231
-42.5296
146.899
4.28167
4.46871
5.49952
-133.39
55.1925
36.3431
2.15131
-120.573
-55.2773
16.8096
7.51049
14.3943
7.63908
-2.51129
-62.2276
40.487
2.08718
73.8471
-2.30546
-18.0682
-0.0228342
4.3674
9.87938
6.53981
33.8394
-152.765
0.336246
0.486034
78.6733
26.838
-152.366
11.9006
-151.578
26.2201
8.86351
9.04494
2.79241
12.41
-5.16194
-6.14843
16.8387
0.251576
-1.73853
-75.9446
-2.14981
0.555282
-4.27918
1.67503
1.53911
-72.0476
-0.0096953
9.37302
0.0505374
-114.814
2.45895
5.52699
-104.953
20.4263
-134.865
-134.079
17.4623
4.18359
-124.701
1.20588
-11.6313
-8.45831
71.5464
47.7842
10.4407
38.1253
35.9902
5.32938
-153.947
12.2263
-99.7564
32.9613
-2.89186
0.842268
4.68746
37.1053
-26.1778
-92.0211
1.95012
66.507
-15.1832
48.505
-131.256
-81.3655
3.38793
7.92632
68.0045
3.30922
-125.763
7.08413
-27.0236
-4.21621
7.48857
-71.1716
-118.88
43.3084
-117.765
-0.00387486
-92.9224
-96.5488
-75.0196
25.9076
7.34225
34.7426
60.9455
0.972189
3.72251
-203.383
-148.483
1.55177
11.8795
51.72
19.3066
-0.98421
-0.416459
-0.474456
-64.6855
-107.489
4.97891
28.1588
2.62868
52.0269
-64.8318
19.9899
-38.8401
19.1415
13.0493
-116.806
0.278845
-110.037
12.2705
26.4778
76.7652
9.01454
8.30161
-7.52925
-2.18264
43.8537
6.37547
30.2554
11.8527
-32.4647
12.2367
-154.578
22.2056
-130.344
-35.2809
-140.186
-11.608
9.70455
7.36448
58.5517
10.032
-138.365
-97.5457
1.95591
-31.565
9.7246
25.2148
-44.9893
18.3519
-154.333
20.5009
11.0224
-18.8652
-153.821
-48.227
-2.6653
1.75238
-17.3913
3.14933
0.0881361
-5.25054
-93.8962
22.5892
2.79653
9.83621
-139.971
22.9764
3.35454
-139.5
8.86073
55.2086
9.11203
-135.025
-27.1276
33.0444
9.46046
-13.6334
1.51963
8.69606
42.4911
-118.251
5.57604
12.5887
-97.3959
3.5512
2.8682
-74.1819
-105.762
-0.902196
-142.247
3.61363
-63.3697
65.4429
12.8139
29.4861
8.61513
49.3472
-150.779
-20.1413
-28.0238
-12.6205
16.0267
-141.168
-0.272821
-150.156
25.0839
-5.3819
19.0894
0.274547
10.0518
16.0965
36.4461
-45.7029
-31.4515
-11.8652
14.5662
25.9183
-48.0514
33.7551
2.92924
1.90202
5.81682
4.56569
20.5153
-202.024
3.85582
63.433
-93.7619
52.913
54.0264
-106.335
46.8426
7.67826
33.551
-46.9598
73.7617
52.0886
29.0486
23.7296
7.7297
-0.622362
10.7401
22.3586
-18.669
8.36813
68.0179
6.61572
-0.538815
-140.599
-4.5938
54.1492
2.96165
-3.15458
1.5753
10.2135
2.2029
22.9782
2.46526
5.62292
41.6045
53.5995
-137.246
0.12056
15.617
27.5503
-21.6001
12.0338
-2.45038
0.773092
-9.56499
84.0875
16.1393
-149.655
-5.72858
-120.45
-152.659
10.5113
-18.469
-4.50733
22.265
-6.17359
14.0079
-38.8534
-1.38416
-63.6464
0.718027
72.165
-19.5459
8.65383
67.7934
-84.3215
67.7351
-2.11249
16.1207
19.0567
0.194233
15.0975
-126.27
-5.31478
-1.12359
7.71497
-3.24643
1.71971
8.3275
15.4146
19.7693
-21.7358
4.75317
11.7639
8.46234
50.0979
83.6415
0.365054
0.384232
21.1173
-138.896
-47.0811
6.91019
-1.0941
41.4458
4.88911
-41.1845
7.42679
42.4032
1.1299
-36.9973
-97.0265
22.0775
32.0053
29.345
-232.836
4.20895
9.84837
-0.7191
-4.14844
21.2078
49.1705
26.2889
-0.261685
0.629737
-60.0124
-65.9925
-46.0208
82.2516
-23.7256
64.2902
1.65451
-86.8592
-58.2989
14.1151
11.1901
3.35732
24.7691
28.4692
17.9407
-15.7131
-125.451
3.39384
46.373
0.859511
-151.66
3.61314
21.0145
68.5403
-4.41757
14.4178
46.0209
47.1485
21.224
42.4049
45.7173
3.94186
27.6386
22.713
-76.2907
18.2591
44.4892
5.71464
-10.7347
62.9435
48.1241
-27.341
17.6708
-71.7012
-129.648
-232.775
78.0149
20.6221
-1.08335
13.2057
10.2819
19.0899
19.1006
7.39894
6.57616
-25.5345
-20.7855
-126.052
-59.4731
36.0149
-49.8562
4.48626
-150.169
-1.28801
8.14415
-4.0798
-134.387
5.46113
-117.827
-113.244
18.2923
-23.5214
10.218
23.4578
-0.246002
144.732
23.0284
91.9306
1.53357
7.15551
15.8898
-151.716
-112.871
27.9681
45.6546
37.2864
-141.919
-1.47395
36.1656
28.4914
16.222
14.3526
-8.84599
-5.61462
-61.8815
-50.9302
-1.2091
17.9867
-5.77029
-36.4246
73.0174
-6.09717
-149.98
3.91526
12.0852
52.3593
0.228637
-53.558
10.439
41.3727
-88.065
9.97637
-6.37211
9.747
-5.45891
-1.98117
12.7953
-0.128665
-0.175454
-1.57185
31.581
24.3218
21.625
-2.1825
-17.061
9.8892
54.8882
-34.4836
-16.6871
-6.53823
-23.5238
37.8134
-99.714
6.98683
11.0472
-139.933
3.21517
1.60049
37.9068
-151.8
-6.19673
-31.7234
-148.555
7.56504
0.744486
-1.34457
-3.54917
-7.12609
30.6733
9.61418
3.35207
14.6779
25.9998
-65.0548
32.7797
21.9352
22.7738
8.60957
-0.933236
-14.7661
124.387
-10.487
61.4055
23.0343
-153.693
-120.346
4.28131
-140.153
52.8055
-15.2779
1.56408
2.35593
-18.5696
62.1369
-136.935
-18.8008
-7.26245
37.0616
-0.385824
-4.86793
-19.367
-46.0876
9.25127
0.673355
1.12428
0.366695
-39.3672
-17.4489
3.87996
60.8581
37.6354
-138.353
-81.6938
6.61784
6.28582
-1.42172
-17.4693
21.7448
-16.9248
1.13526
58.169
-41.1156
35.2955
-91.8983
37.2556
3.46426
-84.2209
-151.251
7.90574
17.8738
0.0827437
21.4742
10.509
-10.1528
-4.87221
6.56527
28.9812
45.969
1.5662
5.06193
28.9136
-16.0229
3.14674
56.9699
23.5172
63.5592
12.2513
1.89035
3.95543
4.44433
3.27199
-106.629
-7.59938
35.3685
3.14018
-16.7913
31.1824
-0.353787
12.1717
24.1284
23.9847
-5.68798
-43.8144
3.17373
-67.5129
38.5085
17.8312
-45.3792
-152.04
17.6486
0.527583
-49.0589
-15.5079
-17.3985
11.1397
-88.1814
-47.9794
2.67952
0.441204
-61.4226
-16.687
7.28722
38.5266
-67.0978
7.08223
42.5942
55.0472
6.00505
)
;

boundaryField
{
    frontAndBack
    {
        type            empty;
    }
    inlet
    {
        type            freestreamPressure;
        freestreamValue uniform 0;
        supersonic      false;
        value           nonuniform List<scalar> 
32
(
1.24017
1.47657
1.47028
1.43239
-0.827869
0.404611
-0.488044
0.850074
1.2002
-0.681985
1.36404
-0.591927
-0.77893
0.955047
-0.0559039
1.48389
-0.843417
1.04143
-0.399463
0.629114
-0.769431
-0.705537
0.172449
1.04554
1.37904
-0.571546
-0.831376
-0.428732
-0.259195
1.32595
0.724778
-0.457753
)
;
    }
    outlet
    {
        type            freestreamPressure;
        freestreamValue uniform 0;
        supersonic      false;
        value           nonuniform List<scalar> 
32
(
-0.0214768
0.0658528
0.0954771
-0.00933843
0.682004
-0.000503091
0.463374
0.00111674
0.215973
-0.00195938
0.0190119
-0.056608
0.00144521
-0.135086
-0.339102
0.145802
1.31163e-05
0.553844
-0.0881248
0.0015115
0.0036741
-0.258868
-0.000422447
-0.199399
0.00631612
0.0320785
0.323465
0.273304
-0.00194933
-0.000337141
-0.00417489
-0.0297194
)
;
    }
    walls
    {
        type            zeroGradient;
    }
}


// ************************************************************************* //
