/*--------------------------------*- C++ -*----------------------------------*\
  =========                 |
  \\      /  F ield         | OpenFOAM: The Open Source CFD Toolbox
   \\    /   O peration     | Website:  https://openfoam.org
    \\  /    A nd           | Version:  dev
     \\/     M anipulation  |
\*---------------------------------------------------------------------------*/
FoamFile
{
    format      ascii;
    class       volVectorField;
    location    "300";
    object      U;
}
// * * * * * * * * * * * * * * * * * * * * * * * * * * * * * * * * * * * * * //

dimensions      [0 1 -1 0 0 0 0];

internalField   nonuniform List<vector> 
25458
(
(-5.82621 15.6532 0)
(-5.44538 15.9734 -7.81447e-17)
(-4.76519 15.8082 1.44154e-19)
(-3.95709 15.6262 3.46735e-19)
(-3.02749 15.4629 2.25761e-17)
(-1.99649 15.3088 -1.64592e-19)
(-0.871074 15.1549 2.77417e-17)
(0.344959 14.9936 -5.72403e-17)
(1.65875 14.8231 4.77203e-17)
(3.06741 14.638 -2.51366e-19)
(4.44163 14.3729 -1.65662e-17)
(0.615651 0.243148 -3.67542e-19)
(0.754694 0.322672 1.38202e-16)
(0.990536 0.662713 -2.24812e-16)
(1.29495 1.09691 1.0002e-16)
(1.66483 1.58578 0)
(2.10327 2.11286 5.67172e-17)
(2.61748 2.66985 -8.10766e-19)
(3.21368 3.24814 -8.42941e-19)
(3.9048 3.84641 -9.00127e-19)
(4.70935 4.46528 -1.22902e-18)
(5.5877 5.01043 -1.07914e-18)
(7.13929 -4.0341 4.23493e-16)
(7.63707 -3.91676 -3.24998e-16)
(7.70089 -3.68501 8.99747e-17)
(7.72777 -3.37362 -6.00193e-17)
(7.76874 -3.0099 1.4185e-19)
(7.84209 -2.59954 3.48476e-17)
(7.9597 -2.14505 -2.84702e-17)
(8.13375 -1.64744 2.3879e-17)
(8.37998 -1.10496 0)
(8.71534 -0.522063 1.72728e-17)
(9.13362 0.0452759 -3.74545e-17)
(13.1908 -4.34318 1.49315e-19)
(14.7189 -4.53733 0)
(15.0651 -4.56017 1.73713e-19)
(15.108 -4.46354 3.035e-17)
(15.063 -4.31065 -2.24885e-17)
(14.9914 -4.11911 1.51092e-19)
(14.9166 -3.89331 0)
(14.8514 -3.6309 0)
(14.8045 -3.32557 3.59505e-19)
(14.7783 -2.98239 -3.12416e-19)
(14.7632 -2.65473 1.88198e-17)
(14.9941 -3.30432 0)
(17.3136 -3.64643 -5.9038e-17)
(18.1692 -3.79455 3.9581e-17)
(18.4376 -3.80441 5.17219e-20)
(18.495 -3.75357 2.10854e-17)
(18.465 -3.66773 -1.6968e-17)
(18.3949 -3.55554 1.39584e-17)
(18.3054 -3.41877 -1.16685e-17)
(18.206 -3.25657 -1.67133e-19)
(18.1018 -3.06558 -8.508e-18)
(17.9953 -2.83669 9.11254e-18)
(15.7469 -1.33979 -2.90683e-17)
(18.6051 -1.53574 1.67743e-17)
(20.2869 -1.67419 -1.20757e-20)
(21.2719 -1.75286 2.07188e-20)
(21.8183 -1.78909 0)
(22.0831 -1.79564 0)
(22.1865 -1.78209 -4.17747e-20)
(22.1983 -1.75358 0)
(22.1559 -1.71219 3.93409e-18)
(22.0803 -1.6586 -3.28242e-20)
(21.9828 -1.59307 -3.41844e-18)
(11.0876 -4.70923 3.31708e-16)
(12.0991 -4.7295 3.14229e-19)
(12.243 -4.64415 -9.05456e-17)
(12.2244 -4.46108 -1.31235e-19)
(12.1701 -4.22397 -1.66113e-19)
(12.1165 -3.94438 3.5879e-17)
(12.0798 -3.62546 -2.93589e-17)
(12.072 -3.26659 0)
(12.105 -2.86545 -3.14707e-19)
(12.1925 -2.41895 2.74636e-19)
(12.3409 -1.93978 1.27835e-18)
(14.3608 -3.82582 1.22733e-16)
(16.3667 -4.13406 6.04211e-20)
(16.961 -4.23444 -1.15614e-20)
(17.1038 -4.20153 0)
(17.1013 -4.11064 0)
(17.0434 -3.98403 1.27588e-19)
(16.964 -3.8284 1.4274e-17)
(16.8786 -3.64398 -1.20292e-17)
(16.7955 -3.42817 1.529e-19)
(16.7199 -3.17908 -2.66963e-19)
(16.6543 -2.89822 9.65683e-18)
(15.3748 -2.84809 8.33497e-20)
(17.8848 -3.18523 -5.32128e-17)
(18.9806 -3.36035 0)
(19.3868 -3.40054 -2.69189e-17)
(19.515 -3.37808 2.04744e-17)
(19.5224 -3.32077 6.70585e-20)
(19.4711 -3.23889 1.3159e-17)
(19.3888 -3.13541 -1.12462e-17)
(19.2887 -3.01052 0)
(19.1776 -2.86167 0)
(19.0608 -2.67997 2.95743e-19)
(15.5945 -2.4548 -4.14255e-17)
(18.2345 -2.76976 4.80787e-17)
(19.5284 -2.95432 -3.48052e-17)
(20.0732 -3.01505 1.19999e-20)
(20.2788 -3.01333 9.65927e-18)
(20.3291 -2.97702 -7.85313e-18)
(20.3017 -2.91738 6.50324e-18)
(20.2321 -2.83833 -5.42307e-18)
(20.1377 -2.74077 -2.27973e-20)
(20.0277 -2.62316 8.09435e-18)
(19.9085 -2.47853 4.28801e-18)
(15.7156 -2.11566 0)
(18.4399 -2.40106 2.17394e-17)
(19.8759 -2.58143 -1.59939e-17)
(20.5543 -2.65514 -4.95855e-20)
(20.8451 -2.66885 9.41874e-18)
(20.9439 -2.64818 -7.41204e-18)
(20.9446 -2.60499 0)
(20.8917 -2.54391 -5.21645e-18)
(20.8071 -2.46638 -2.36672e-20)
(20.7029 -2.37169 3.87149e-18)
(20.5865 -2.25488 0)
(15.7732 -1.82168 0)
(18.5544 -2.07625 -1.97934e-17)
(20.0943 -2.24532 2.9758e-17)
(20.894 -2.32574 9.5504e-21)
(21.2726 -2.35061 -7.63384e-21)
(21.4239 -2.34193 -7.20151e-18)
(21.4564 -2.31153 5.9614e-18)
(21.423 -2.26448 -5.00192e-18)
(21.351 -2.20275 6.45906e-20)
(21.2551 -2.12604 0)
(21.1445 -2.02947 0)
(15.7691 -1.56437 3.12571e-17)
(18.5966 -1.78937 -1.81696e-17)
(20.2173 -1.94402 -5.75789e-20)
(21.1209 -2.02598 1.0874e-17)
(21.5855 -2.05846 0)
(21.792 -2.0591 0)
(21.8586 -2.03895 0)
(21.8467 -2.00318 0)
(21.7885 -1.95413 -4.88271e-21)
(21.702 -1.89375 5.39658e-20)
(21.5982 -1.82075 0)
(14.9267 0.0518611 1.01655e-21)
(17.785 0.0719527 0)
(19.6186 0.0768696 2.2137e-19)
(20.9163 0.0784716 -1.02837e-22)
(21.9104 0.0785329 -1.55606e-19)
(22.6719 0.0779351 1.06877e-21)
(23.2281 0.0775937 1.2279e-19)
(23.5932 0.0788773 -1.05428e-19)
(23.8004 0.0826804 -1.45031e-21)
(23.8965 0.0892145 7.512e-20)
(23.9188 0.0973894 -1.50961e-19)
(15.7091 -1.14176 -1.35066e-17)
(18.5891 -1.31071 -7.76358e-18)
(20.3147 -1.43328 5.93108e-18)
(21.3639 -1.50714 0)
(21.986 -1.54605 3.96736e-18)
(22.3105 -1.55835 3.61349e-20)
(22.4529 -1.55189 3.42534e-20)
(22.4898 -1.53175 -2.20535e-18)
(22.464 -1.50053 0)
(22.3998 -1.45918 0)
(22.312 -1.4035 1.7207e-18)
(15.655 -0.966432 -2.54618e-17)
(18.5437 -1.10996 1.46031e-17)
(20.3033 -1.21641 -5.56579e-18)
(21.4058 -1.28306 -4.53978e-18)
(22.096 -1.32124 -4.08706e-20)
(22.4791 -1.33588 3.09414e-18)
(22.6613 -1.33304 -2.57129e-18)
(22.7243 -1.3171 2.136e-18)
(22.7157 -1.29043 -1.86323e-18)
(22.6627 -1.25443 -1.08438e-20)
(22.5808 -1.20833 -1.18537e-20)
(15.5951 -0.809828 0)
(18.4906 -0.929715 6.87609e-18)
(20.2753 -1.02103 -6.32825e-22)
(21.4216 -1.08031 -4.28782e-18)
(22.1692 -1.11683 2.81915e-20)
(22.6087 -1.13345 0)
(22.8324 -1.13436 -1.9035e-20)
(22.9232 -1.12321 2.12798e-18)
(22.9333 -1.10227 -1.79251e-18)
(22.8932 -1.0727 1.5549e-18)
(22.8209 -1.03368 -1.53458e-18)
(15.5294 -0.670963 -1.13711e-17)
(18.4278 -0.769663 6.47245e-18)
(20.231 -0.846913 9.89165e-21)
(21.4123 -0.898566 8.09756e-21)
(22.2073 -0.93216 -3.44383e-18)
(22.7 -0.949421 2.89212e-18)
(22.9663 -0.952803 1.0028e-21)
(23.0858 -0.945104 -3.20515e-20)
(23.115 -0.928432 0)
(23.0877 -0.90336 0)
(23.0242 -0.867968 -1.50383e-18)
(15.4569 -0.544999 -5.42171e-21)
(18.3551 -0.623684 6.16195e-21)
(20.171 -0.687565 0)
(21.3801 -0.731516 -7.30507e-21)
(22.2153 -0.76147 0)
(22.7576 -0.778491 0)
(23.0666 -0.783585 -1.16402e-18)
(23.2158 -0.778676 1.02596e-18)
(23.2649 -0.765663 0)
(23.2511 -0.745886 -2.23529e-20)
(23.1975 -0.718944 0)
(15.3829 -0.432508 0)
(18.2776 -0.493289 0)
(20.1025 -0.54479 -2.22771e-18)
(21.3338 -0.581082 1.83255e-18)
(22.2041 -0.606685 6.00568e-21)
(22.7915 -0.622271 0)
(23.1422 -0.627827 1.15152e-18)
(23.3216 -0.624487 -1.96089e-18)
(23.3916 -0.613532 1.65942e-18)
(23.3922 -0.596442 -6.88854e-19)
(23.3487 -0.575379 -7.35595e-19)
(15.3069 -0.330159 -4.96848e-18)
(18.1978 -0.374121 -2.81103e-18)
(20.0288 -0.414147 2.12346e-18)
(21.2787 -0.443211 0)
(22.1791 -0.464526 -1.5091e-18)
(22.8058 -0.478471 2.61442e-18)
(23.1967 -0.484448 -1.1137e-18)
(23.4073 -0.482893 7.25929e-21)
(23.4989 -0.47451 0)
(23.5145 -0.46029 0)
(23.4813 -0.44256 9.43271e-22)
(15.2293 -0.238511 0)
(18.1152 -0.267474 0)
(19.9502 -0.297038 -1.01934e-18)
(21.2151 -0.319214 8.34901e-19)
(22.1411 -0.336072 -1.10374e-22)
(22.8017 -0.347717 -5.02008e-21)
(23.2307 -0.353263 5.48258e-19)
(23.4731 -0.352517 -4.73335e-19)
(23.5869 -0.345795 0)
(23.6178 -0.333729 5.22181e-21)
(23.5953 -0.316893 3.59881e-19)
(15.1524 -0.154315 1.15511e-18)
(18.0317 -0.168961 -6.49158e-19)
(19.8685 -0.188659 4.89453e-19)
(21.145 -0.20425 -4.0072e-19)
(22.0924 -0.216711 -3.49921e-19)
(22.7826 -0.225863 3.03949e-19)
(23.2478 -0.230702 -2.71251e-19)
(23.5221 -0.230525 2.26156e-19)
(23.6587 -0.225292 -2.97266e-21)
(23.7051 -0.215324 1.61607e-19)
(23.693 -0.200273 6.12817e-21)
(15.0783 -0.0791824 5.59926e-19)
(17.9497 -0.081349 -3.1384e-19)
(19.7865 -0.0921132 2.26646e-22)
(21.0718 -0.101532 -1.93637e-19)
(22.037 -0.109607 1.67679e-19)
(22.7538 -0.115894 0)
(23.2525 -0.119369 1.55827e-21)
(23.5581 -0.118979 -1.08516e-19)
(23.7178 -0.114422 9.77224e-20)
(23.7804 -0.105784 0)
(23.7798 -0.0922022 -5.08324e-21)
(15.0019 -0.00953878 -2.69393e-22)
(17.8668 0.000318023 0)
(19.7023 -0.00216345 -1.44845e-20)
(20.9945 -0.00589544 1.20266e-20)
(21.9752 -0.00990904 9.80588e-21)
(22.7158 -0.0135243 -1.78855e-20)
(23.245 -0.0157707 8.34772e-21)
(23.581 -0.0153681 2.74153e-23)
(23.7643 -0.0117491 1.43062e-21)
(23.8435 -0.00506139 -3.77616e-21)
(23.854 0.00446008 1.23341e-20)
(13.8328 0.659131 -1.08976e-17)
(16.5563 0.791594 -4.20129e-21)
(18.3019 0.873581 2.16834e-18)
(19.5791 0.932411 1.74564e-18)
(20.6235 0.979542 -1.49749e-18)
(21.5166 1.01892 -7.37268e-23)
(22.2918 1.05217 -9.48314e-21)
(22.9597 1.07992 1.09284e-18)
(23.5179 1.10238 -1.97153e-18)
(23.9582 1.11958 -2.97536e-21)
(24.2742 1.13182 8.59247e-19)
(13.7914 0.675785 5.39289e-18)
(16.5097 0.811225 -2.93532e-18)
(18.2519 0.895373 0)
(19.5276 0.955861 -1.72594e-18)
(20.5719 1.0044 2.96129e-18)
(21.4665 1.04503 -1.31661e-18)
(22.245 1.07943 1.18883e-18)
(22.9181 1.10823 2.02398e-21)
(23.4837 1.13155 -9.7099e-19)
(23.9334 1.14926 8.43962e-19)
(24.2571 1.16189 -5.05989e-20)
(14.8537 0.109752 -1.01932e-21)
(17.7051 0.140235 -1.10564e-21)
(19.5361 0.1522 0)
(20.838 0.158769 3.50912e-19)
(21.8432 0.162526 -3.04739e-19)
(22.623 0.164553 -1.06761e-21)
(23.2033 0.165737 3.67991e-21)
(23.5963 0.167413 0)
(23.8278 0.170664 0)
(23.9413 0.176203 2.4488e-21)
(23.9756 0.18388 -4.78661e-21)
(14.784 0.160466 0)
(17.6262 0.199462 1.10671e-21)
(19.4542 0.217729 0)
(20.759 0.228937 0)
(21.7733 0.236344 -2.27884e-21)
(22.5688 0.24121 2.02126e-21)
(23.1708 0.244438 -7.29324e-21)
(23.5902 0.247299 0)
(23.8458 0.250938 -5.45557e-21)
(23.9769 0.256196 9.37601e-21)
(24.0234 0.263597 -2.97051e-19)
(14.7153 0.208456 0)
(17.5495 0.256151 -1.09151e-18)
(19.3734 0.280389 8.10996e-19)
(20.6797 0.295864 -6.64205e-19)
(21.7016 0.306566 5.76974e-19)
(22.5109 0.313953 -2.02181e-21)
(23.1327 0.318953 3.61184e-21)
(23.5772 0.322757 0)
(23.8564 0.326558 5.51432e-21)
(24.0054 0.331253 2.90437e-19)
(24.0643 0.337697 -2.90047e-19)
(14.6482 0.250382 1.92581e-18)
(17.4739 0.305117 2.71522e-21)
(19.2937 0.334585 -7.92867e-19)
(20.6007 0.35397 6.51327e-19)
(21.6288 0.36785 -5.63618e-19)
(22.4503 0.377851 -3.85642e-21)
(23.0904 0.384914 0)
(23.558 0.390103 -6.10916e-21)
(23.8603 0.39462 -1.06049e-20)
(24.0275 0.39941 0)
(24.0995 0.405637 -1.76021e-20)
(14.5837 0.289309 -3.77028e-18)
(17.402 0.351093 -4.54291e-23)
(19.2171 0.385469 0)
(20.5242 0.408451 -5.52537e-23)
(21.5574 0.425232 6.40761e-21)
(22.3897 0.43761 9.8392e-19)
(23.0462 0.446539 -8.72997e-19)
(23.5347 0.452962 1.21333e-20)
(23.8593 0.458078 2.42128e-22)
(24.0448 0.462895 -5.845e-19)
(24.13 0.468632 3.2795e-20)
(14.5193 0.324475 -7.24041e-21)
(17.3305 0.392451 2.05072e-18)
(19.1412 0.431223 -1.52018e-18)
(20.4482 0.457508 1.23451e-18)
(21.4859 0.477013 -1.07608e-18)
(22.3277 0.491682 -3.76595e-21)
(22.9991 0.502472 0)
(23.5066 0.510212 -1.27351e-22)
(23.8529 0.516015 6.78847e-19)
(24.0572 0.521084 -5.75197e-19)
(24.1555 0.527865 -1.76771e-20)
(14.4594 0.355227 -3.64247e-18)
(17.2627 0.428508 -2.01314e-18)
(19.0689 0.471206 2.98124e-18)
(20.3752 0.500452 -1.21014e-18)
(21.4163 0.522414 4.05982e-21)
(22.2663 0.539179 -3.61001e-21)
(22.9506 0.551719 8.38642e-19)
(23.4755 0.560808 -1.50324e-18)
(23.8423 0.567442 1.31593e-18)
(24.0646 0.572467 -1.13703e-18)
(24.1745 0.577848 5.72663e-19)
(14.399 0.384653 -3.57637e-18)
(17.1957 0.463481 -1.94847e-21)
(18.997 0.509917 0)
(20.3024 0.54194 0)
(21.3462 0.566191 -4.05444e-21)
(22.2033 0.584893 -9.10865e-19)
(22.8995 0.599037 8.26532e-19)
(23.4406 0.609358 1.13855e-20)
(23.8269 0.616822 1.00355e-20)
(24.0672 0.622319 5.61847e-19)
(24.1917 0.627491 -5.34544e-19)
(14.3442 0.409148 3.53223e-18)
(17.1326 0.491994 -1.94125e-18)
(18.9293 0.541626 1.43303e-18)
(20.2331 0.576157 0)
(21.2789 0.602583 3.90229e-21)
(22.142 0.623246 0)
(22.8487 0.639161 -6.36039e-21)
(23.4046 0.651036 7.13657e-19)
(23.8095 0.659781 -6.50214e-19)
(24.0682 0.666089 0)
(24.208 0.670049 -3.30924e-20)
(14.2905 0.432818 -6.78159e-21)
(17.0727 0.520192 -3.76643e-21)
(18.8643 0.572808 1.41175e-18)
(20.1662 0.609518 -1.14307e-18)
(21.2133 0.637729 -7.72899e-21)
(22.0815 0.659909 0)
(22.7976 0.677095 7.98086e-19)
(23.3673 0.689949 -7.11033e-19)
(23.7897 0.699301 0)
(24.0658 0.70604 0)
(24.2185 0.710351 3.29554e-20)
(14.2378 0.452996 3.36969e-21)
(17.0126 0.543801 -1.88247e-18)
(18.7997 0.599101 1.38651e-18)
(20.0997 0.637952 0)
(21.1478 0.668062 3.82917e-21)
(22.0206 0.692013 0)
(22.7453 0.710885 -6.13513e-21)
(23.3279 0.725285 1.08559e-20)
(23.7665 0.735853 9.65364e-21)
(24.0601 0.74397 0)
(24.2292 0.75283 -1.61446e-20)
(14.193 0.47073 0)
(16.9602 0.564723 0)
(18.7426 0.622455 2.63657e-21)
(20.0403 0.663221 -4.27485e-21)
(21.0889 0.695042 -3.69232e-21)
(21.9654 0.720612 -8.43149e-19)
(22.6978 0.741056 7.58333e-19)
(23.292 0.756992 -1.08616e-20)
(23.7456 0.768928 -9.6767e-21)
(24.0563 0.777596 -1.65862e-20)
(24.2398 0.784497 0)
(14.1499 0.487511 6.62765e-18)
(16.9116 0.584677 -1.81797e-18)
(18.6894 0.644555 -2.63773e-21)
(19.9849 0.686973 -1.07499e-18)
(21.0338 0.720231 9.38412e-19)
(21.9136 0.747113 -1.30001e-20)
(22.6529 0.768765 7.4927e-19)
(23.2578 0.785779 -6.84597e-19)
(23.7255 0.798638 -9.31771e-21)
(24.0521 0.808 3.29718e-20)
(24.2479 0.815153 5.05444e-19)
(14.1104 0.500084 -6.36531e-21)
(16.8654 0.599119 0)
(18.6392 0.660739 1.31423e-18)
(19.9327 0.704644 -2.1314e-18)
(20.9816 0.739299 9.17314e-19)
(21.8642 0.767559 6.43061e-21)
(22.6096 0.79059 5.78975e-21)
(23.224 0.808955 -6.41544e-19)
(23.7042 0.823057 6.18511e-19)
(24.0449 0.833294 5.03036e-19)
(24.2509 0.840387 -3.01537e-20)
(14.0807 0.511823 -3.19673e-18)
(16.829 0.613264 1.7577e-18)
(18.5985 0.676659 -1.28459e-18)
(19.8893 0.721982 4.02015e-21)
(20.9375 0.757948 -8.98094e-19)
(21.822 0.787493 7.9143e-19)
(22.572 0.811809 0)
(23.1944 0.831437 -6.68755e-19)
(23.6855 0.846759 5.61517e-19)
(24.0394 0.858215 -5.11441e-19)
(24.2592 0.866171 5.14688e-19)
(14.0541 0.525267 0)
(16.7975 0.629814 1.71152e-18)
(18.563 0.69506 -2.51714e-18)
(19.8512 0.741824 1.01204e-18)
(20.8985 0.77908 8.72891e-19)
(21.7841 0.809848 -7.71936e-19)
(22.5381 0.83534 -1.08318e-20)
(23.1676 0.856081 -6.33479e-19)
(23.6687 0.87242 5.67852e-19)
(24.0353 0.884836 1.55112e-20)
(24.2687 0.893816 -4.79076e-19)
(14.0343 0.537829 0)
(16.7713 0.64483 -1.67434e-18)
(18.5335 0.71196 1.22649e-18)
(19.819 0.760307 -9.96983e-19)
(20.8651 0.799058 8.58601e-19)
(21.7514 0.831312 0)
(22.5086 0.858325 2.13927e-20)
(23.1443 0.88062 -6.10066e-19)
(23.6548 0.898499 5.56536e-19)
(24.034 0.91257 -3.80696e-22)
(24.2803 0.924255 0)
(14.0235 0.551887 -2.86671e-21)
(16.7563 0.662235 -3.23257e-21)
(18.5145 0.731312 2.36762e-21)
(19.797 0.781065 3.82382e-21)
(20.8411 0.821038 1.66394e-18)
(21.7271 0.85443 1.57491e-21)
(22.4863 0.882532 -1.33244e-18)
(23.1269 0.905879 9.29424e-21)
(23.6454 0.92469 1.67448e-20)
(24.0349 0.939044 -3.01104e-20)
(24.2896 0.949385 2.88596e-20)
(14.0017 0.574877 -5.78429e-18)
(16.7355 0.691439 -1.71838e-21)
(18.4904 0.763194 2.3228e-18)
(19.7706 0.814607 1.87364e-18)
(20.8133 0.855785 -1.61233e-18)
(21.6993 0.890098 5.54512e-21)
(22.4607 0.918893 -1.29581e-18)
(23.106 0.942737 -3.10137e-21)
(23.632 0.961913 1.03882e-18)
(24.0313 0.976462 9.71339e-19)
(24.2978 0.985931 -9.53428e-19)
(13.9619 0.599612 -5.68269e-18)
(16.6958 0.721178 3.00814e-21)
(18.4492 0.7957 -2.2777e-18)
(19.7289 0.849055 1.83344e-18)
(20.7718 0.891733 -1.58067e-18)
(21.6592 0.927274 1.3921e-18)
(22.4239 0.9571 -1.00022e-20)
(23.0749 0.981789 -1.167e-18)
(23.6093 1.00161 -3.08879e-21)
(24.0193 1.01671 9.06137e-19)
(24.2982 1.02694 2.80008e-20)
(13.9187 0.620901 5.51209e-21)
(16.65 0.745937 -3.01183e-21)
(18.4015 0.823013 -4.33255e-21)
(19.6809 0.878274 -1.80616e-18)
(20.7245 0.922497 1.54743e-18)
(21.6139 0.959373 -1.37126e-18)
(22.3823 0.990408 -2.10923e-21)
(23.0393 1.01619 6.50427e-21)
(23.5822 1.03693 1.01687e-18)
(24.003 1.05275 -1.40601e-20)
(24.2939 1.06418 0)
(13.877 0.64007 -5.51525e-18)
(16.6045 0.768614 -1.3133e-21)
(18.3532 0.848102 2.20375e-18)
(19.6316 0.90508 3.43999e-21)
(20.6757 0.950658 1.53373e-18)
(21.5669 0.988658 -2.71311e-18)
(22.3387 1.02064 2.45638e-18)
(23.0013 1.0472 -2.21603e-18)
(23.5519 1.06851 9.9839e-19)
(23.9821 1.08436 1.40533e-20)
(24.282 1.09459 0)
(12.3602 0.904269 5.64185e-18)
(14.9249 1.09111 -5.91851e-21)
(16.5272 1.20641 9.35716e-23)
(17.706 1.2899 0)
(18.68 1.35766 -1.40503e-18)
(19.5311 1.41566 1.2201e-18)
(20.3001 1.46674 1.10295e-18)
(21.0085 1.51238 -9.82887e-19)
(21.668 1.55325 0)
(22.283 1.58964 -7.96702e-19)
(22.8525 1.62233 7.93766e-19)
(12.2975 0.905294 0)
(14.8602 1.0928 -3.06085e-18)
(16.4588 1.20815 -4.64854e-21)
(17.6359 1.29151 -7.2322e-21)
(18.6092 1.35899 1.43812e-18)
(19.4603 1.41656 -1.24942e-18)
(20.2296 1.46706 1.12817e-18)
(20.9391 1.5119 -1.0056e-18)
(21.6 1.55171 9.05595e-19)
(22.2174 1.58685 2.58611e-20)
(22.7915 1.61859 -5.07706e-20)
(12.227 0.906013 6.00794e-18)
(14.7886 1.09395 -3.1939e-18)
(16.3829 1.209 0)
(17.5583 1.29178 -1.75955e-18)
(18.5308 1.35847 1.49739e-18)
(19.3817 1.41505 0)
(20.1514 1.46437 -8.88426e-21)
(20.8617 1.50788 1.64964e-20)
(21.524 1.54614 -9.64466e-19)
(22.1431 1.57895 7.87699e-19)
(22.7191 1.60759 -7.7787e-19)
(12.1138 0.903553 -6.2807e-21)
(14.673 1.09252 6.34285e-21)
(16.2629 1.20771 0)
(17.4374 1.29062 -7.05492e-21)
(18.4104 1.35733 1.54521e-18)
(19.2628 1.41381 -1.35658e-18)
(20.0347 1.46286 0)
(20.7478 1.50591 -1.64991e-20)
(21.4138 1.5436 2.97203e-20)
(22.0378 1.57575 2.67135e-20)
(22.6194 1.60223 -8.6161e-19)
(12.0479 0.905441 6.31496e-21)
(14.6084 1.09312 6.94601e-21)
(16.1918 1.20635 0)
(17.3634 1.28627 1.94298e-18)
(18.3352 1.34928 -1.62526e-18)
(19.1875 1.40139 1.07948e-20)
(19.9602 1.44542 -1.26032e-18)
(20.6745 1.4828 1.86537e-20)
(21.342 1.51423 -3.10239e-20)
(21.9671 1.53957 9.41461e-19)
(22.5478 1.5588 8.99201e-19)
(13.7489 0.691764 -5.32433e-18)
(16.4629 0.830394 -1.11855e-21)
(18.2014 0.916552 2.11253e-18)
(19.4752 0.978473 0)
(20.5191 1.02816 0)
(21.4147 1.06976 -1.299e-18)
(22.196 1.10497 -1.08611e-20)
(22.8739 1.13444 1.05156e-18)
(23.4463 1.15829 -9.44765e-19)
(23.9045 1.17627 1.74362e-18)
(24.2377 1.18843 -1.63571e-18)
(13.7034 0.706829 -5.28388e-18)
(16.4125 0.848456 2.82157e-21)
(18.1474 0.93663 -2.09427e-18)
(19.4193 1.00009 1.68413e-18)
(20.4627 1.0511 0)
(21.3593 1.0939 -4.91444e-23)
(22.1433 1.13025 9.09713e-21)
(22.8257 1.16083 2.4573e-20)
(23.4047 1.18576 -2.96713e-20)
(23.8716 1.20489 0)
(24.2167 1.21812 8.47373e-19)
(13.6629 0.719932 5.09468e-21)
(16.3663 0.863941 2.85652e-18)
(18.0972 0.953882 -2.07561e-18)
(19.3668 1.01872 0)
(20.4092 1.07093 1.43435e-18)
(21.3063 1.11486 -1.27658e-18)
(22.0926 1.1523 1.14797e-18)
(22.7792 1.18394 -1.46152e-20)
(23.3647 1.2099 -1.88095e-18)
(23.8404 1.23001 -2.0979e-21)
(24.1969 1.24431 1.60529e-18)
(13.62 0.73299 -5.10635e-21)
(16.3199 0.879783 -2.77414e-21)
(18.0466 0.971305 2.05373e-18)
(19.3137 1.03726 -1.65298e-18)
(20.355 1.09037 0)
(21.2524 1.13505 1.24764e-18)
(22.0406 1.17313 -1.13244e-18)
(22.7312 1.2053 1.01209e-18)
(23.3226 1.23167 -1.84359e-18)
(23.8061 1.25189 8.32279e-19)
(24.1706 1.26503 -8.11178e-19)
(13.5767 0.744662 1.03565e-17)
(16.2712 0.893733 -2.81061e-18)
(17.9941 0.986921 -2.0426e-18)
(19.259 1.05421 1.64323e-18)
(20.2992 1.10853 0)
(21.1968 1.15439 1.25884e-18)
(21.9868 1.19368 -2.25107e-18)
(22.6811 1.22712 2.05673e-18)
(23.2785 1.25488 -9.22116e-19)
(23.771 1.27698 2.57653e-20)
(24.1516 1.29325 2.43562e-20)
(13.5391 0.755374 0)
(16.2282 0.906529 2.71269e-21)
(17.9471 1.00115 0)
(19.2092 1.06953 6.32379e-21)
(20.2479 1.1248 0)
(21.1454 1.17154 0)
(21.9369 1.21169 0)
(22.6346 1.24598 1.01103e-18)
(23.2378 1.2745 -9.27253e-19)
(23.7381 1.29701 7.95236e-19)
(24.1244 1.31358 -8.26046e-19)
(13.4977 0.76578 5.1019e-18)
(16.1834 0.919164 -2.71676e-21)
(17.8982 1.01505 2.00867e-18)
(19.1578 1.08433 -1.61728e-18)
(20.1951 1.14032 -1.38175e-18)
(21.0924 1.18768 2.44804e-18)
(21.8852 1.22836 -1.10228e-18)
(22.586 1.26312 0)
(23.1943 1.29202 -8.90597e-19)
(23.7015 1.31473 8.10627e-19)
(24.0957 1.3308 0)
(13.4569 0.774611 -5.09892e-18)
(16.1371 0.929686 2.76173e-18)
(17.8483 1.02688 0)
(19.1055 1.09722 6.24784e-21)
(20.1414 1.15418 1.37037e-18)
(21.0384 1.2025 -1.21773e-18)
(21.8322 1.2442 0)
(22.5358 1.28004 1.54815e-20)
(23.1488 1.31015 0)
(23.6628 1.33424 8.08867e-19)
(24.0665 1.35173 -1.55922e-18)
(13.4195 0.783483 -5.06754e-18)
(16.0951 0.940489 -2.75192e-18)
(17.8022 1.03886 3.13333e-21)
(19.0567 1.11007 3.1814e-18)
(20.0908 1.16778 -1.35897e-18)
(20.9872 1.21677 -9.41116e-21)
(21.7819 1.25911 -1.08879e-18)
(22.4879 1.29556 9.69857e-19)
(23.1054 1.32621 0)
(23.6259 1.35071 8.01613e-19)
(24.0381 1.36861 -7.50002e-19)
(13.3811 0.791526 -5.0535e-18)
(16.0523 0.950195 -6.28453e-22)
(17.7555 1.04965 1.9739e-18)
(19.0074 1.12171 0)
(20.0399 1.18017 0)
(20.9356 1.22988 1.20977e-18)
(21.7308 1.27292 -1.07972e-18)
(22.4391 1.31009 0)
(23.0605 1.3415 0)
(23.587 1.36672 0)
(24.0064 1.38499 7.48502e-19)
(13.3474 0.798601 -5.30616e-21)
(16.0132 0.958657 2.72525e-18)
(17.7126 1.05916 1.96708e-18)
(18.9617 1.13208 -3.1546e-18)
(19.9922 1.19133 1.3487e-18)
(20.887 1.24183 0)
(21.6825 1.28571 0)
(22.3926 1.32381 -9.73465e-19)
(23.0177 1.35626 -1.27696e-21)
(23.5498 1.38276 2.31541e-20)
(23.9765 1.40266 7.44537e-19)
(13.313 0.805763 -5.00177e-18)
(15.9755 0.967432 5.42074e-18)
(17.6709 1.06879 -1.95218e-18)
(18.9172 1.14229 0)
(19.9458 1.202 1.34322e-18)
(20.8395 1.25289 -1.18229e-18)
(21.6351 1.29709 -8.29828e-21)
(22.3467 1.33544 1.50272e-20)
(22.975 1.36803 0)
(23.5118 1.39448 7.58111e-19)
(23.9434 1.41392 -7.40012e-19)
(13.2776 0.811766 -5.01106e-18)
(15.9356 0.974631 2.70278e-18)
(17.6275 1.07687 0)
(18.8713 1.15109 0)
(19.898 1.21146 -1.3382e-18)
(20.7906 1.263 1.1865e-18)
(21.5861 1.3079 1.65442e-20)
(22.2991 1.34703 -5.94248e-23)
(22.9305 1.3805 8.81352e-19)
(23.4733 1.40812 -7.78919e-19)
(23.9186 1.43005 0)
(13.2452 0.817528 -4.9989e-18)
(15.8991 0.981597 -2.69527e-18)
(17.5874 1.08457 1.94011e-18)
(18.8285 1.15929 1.54744e-18)
(19.8532 1.22006 -1.32575e-18)
(20.7445 1.27196 -3.80605e-23)
(21.5398 1.3172 -8.2434e-21)
(22.2538 1.35665 -9.53364e-19)
(22.8881 1.3904 -1.44107e-20)
(23.4355 1.41795 7.73784e-19)
(23.8831 1.43938 7.60675e-19)
(13.2061 0.822558 -9.96953e-18)
(15.8572 0.987812 2.68766e-18)
(17.5419 1.09138 3.7918e-21)
(18.7806 1.16651 6.05506e-21)
(19.8035 1.22758 0)
(20.6936 1.27969 -8.38462e-24)
(21.4885 1.32506 0)
(22.2033 1.36456 -2.96641e-20)
(22.8399 1.39833 -8.57735e-19)
(23.3918 1.42603 1.54173e-18)
(23.8499 1.44688 -7.19722e-19)
(21.8385 5.10706 1.58265e-16)
(25.6347 5.92389 -8.73431e-17)
(28.176 6.53048 6.48286e-17)
(30.0281 6.98756 -5.19275e-17)
(31.4875 7.35991 -1.70329e-19)
(32.6408 7.66705 3.85545e-17)
(33.5191 7.91527 -3.34909e-17)
(34.1456 8.10793 2.90789e-17)
(34.5633 8.2537 -2.4568e-17)
(34.8351 8.36743 -2.10646e-17)
(35.0147 8.46249 2.04727e-17)
(22.2329 5.63575 0)
(26.0903 6.53137 0)
(28.6619 7.19642 -1.26706e-19)
(30.5203 7.69374 0)
(31.9596 8.09219 0)
(33.0664 8.41255 0)
(33.8776 8.66278 -5.29067e-19)
(34.429 8.84943 0)
(34.7836 8.98756 -3.8005e-19)
(35.01 9.09622 6.60816e-19)
(35.1553 9.19051 -2.04851e-17)
(13.1751 0.82738 4.88343e-21)
(15.8194 0.993718 0)
(17.5008 1.09835 1.94374e-18)
(18.7368 1.17448 -1.55068e-18)
(19.7576 1.23657 1.32312e-18)
(20.6463 1.28983 -1.1762e-18)
(21.4405 1.33655 0)
(22.1559 1.37771 1.48191e-20)
(22.795 1.41357 8.59993e-19)
(23.3518 1.44384 -7.9618e-19)
(23.8172 1.46739 -7.9334e-19)
(13.1532 0.832627 4.96934e-18)
(15.7932 1.0001 0)
(17.4705 1.10536 0)
(18.7033 1.18195 1.53743e-18)
(19.7216 1.24444 -1.30996e-18)
(20.6085 1.29803 -1.1469e-18)
(21.402 1.34504 2.06743e-18)
(22.118 1.38641 -9.38297e-19)
(22.7595 1.42236 -8.48872e-19)
(23.3206 1.45262 2.32179e-20)
(23.7894 1.47617 1.53222e-18)
(13.1269 0.836854 2.60407e-22)
(15.764 1.00517 -2.66541e-18)
(17.4381 1.11093 3.74034e-21)
(18.6683 1.18789 0)
(19.6843 1.2507 5.07874e-21)
(20.5694 1.30461 -8.99137e-21)
(21.362 1.35195 8.07027e-21)
(22.0783 1.39372 -9.31662e-19)
(22.7213 1.4301 1.68357e-18)
(23.2851 1.46075 -1.51284e-18)
(23.7565 1.48488 7.15073e-19)
(13.1006 0.840753 9.88769e-18)
(15.7345 1.00996 -5.32208e-18)
(17.4056 1.11631 1.90932e-18)
(18.6334 1.19372 1.52432e-18)
(19.6473 1.25694 -1.30231e-18)
(20.5307 1.31128 1.14332e-18)
(21.3223 1.35911 -1.02521e-18)
(22.0385 1.40142 -9.27423e-19)
(22.6827 1.43842 8.37678e-19)
(23.2487 1.46967 7.30538e-19)
(23.7228 1.49471 1.0389e-21)
(13.0759 0.844644 4.93032e-18)
(15.7072 1.01472 0)
(17.3753 1.1215 1.90431e-18)
(18.6006 1.19919 -1.50988e-18)
(19.6124 1.26261 0)
(20.4942 1.31708 0)
(21.2847 1.36501 -1.01864e-18)
(22.0005 1.40738 9.3441e-19)
(22.6453 1.44435 0)
(23.2125 1.47531 2.34387e-20)
(23.6864 1.49925 0)
(13.047 0.847515 -9.6146e-21)
(15.676 1.0182 0)
(17.3413 1.1253 -1.89938e-18)
(18.5645 1.20318 1.50521e-18)
(19.5744 1.26671 1.28026e-18)
(20.4546 1.32124 -1.1219e-18)
(21.2437 1.36918 1.022e-18)
(21.9589 1.4115 -9.3012e-19)
(22.6039 1.44837 0)
(23.1727 1.47944 2.32851e-20)
(23.6535 1.50411 0)
(13.0193 0.850834 4.57532e-21)
(15.6442 1.02241 2.65378e-18)
(17.3068 1.13015 -1.90127e-18)
(18.5279 1.20854 1.51196e-18)
(19.5359 1.27255 5.01993e-21)
(20.4143 1.32756 -1.76551e-20)
(21.2021 1.37603 1.00605e-18)
(21.9167 1.41898 -1.83202e-18)
(22.562 1.45665 8.27923e-19)
(23.1334 1.48877 -2.32845e-20)
(23.6224 1.51516 0)
(12.9961 0.853749 -4.91828e-18)
(15.6174 1.02591 -1.03303e-20)
(17.277 1.13404 0)
(18.4957 1.21273 1.50861e-18)
(19.5016 1.277 3.55643e-22)
(20.3782 1.33224 -1.10922e-18)
(21.1647 1.38094 0)
(21.8786 1.42414 -8.98257e-19)
(22.5247 1.46207 8.24441e-19)
(23.0992 1.49439 -7.42428e-19)
(23.5939 1.52101 7.25392e-19)
(12.9718 0.856403 -4.9201e-18)
(15.5904 1.02924 2.64469e-18)
(17.2471 1.13772 -1.89657e-18)
(18.4634 1.21668 3.00266e-18)
(19.4672 1.28115 -1.27735e-18)
(20.342 1.33659 1.11452e-18)
(21.127 1.38547 -1.0058e-18)
(21.8402 1.42889 -2.83945e-23)
(22.4867 1.46714 -8.22035e-19)
(23.0634 1.49979 7.16304e-19)
(23.5613 1.52619 0)
(12.9501 0.859313 -4.92245e-18)
(15.5651 1.03288 -2.64051e-18)
(17.2191 1.1419 1.89601e-18)
(18.4331 1.22131 5.87634e-21)
(19.4349 1.28623 1.27176e-18)
(20.3079 1.34214 -1.12171e-18)
(21.0916 1.39158 0)
(21.8041 1.43569 -1.41888e-20)
(22.4511 1.47484 0)
(23.0299 1.50887 2.31134e-20)
(23.5312 1.53715 0)
(12.9303 0.861726 -4.8972e-18)
(15.5432 1.03576 2.63102e-18)
(17.1944 1.14497 -3.6779e-21)
(18.4062 1.22447 -1.49741e-18)
(19.406 1.28942 4.69983e-21)
(20.2772 1.34532 1.1161e-18)
(21.0595 1.39471 -7.79882e-21)
(21.7713 1.43871 -8.88324e-19)
(22.4187 1.47766 8.28076e-19)
(22.9986 1.51121 7.11001e-19)
(23.4996 1.53843 -7.06911e-19)
(12.9039 0.863869 0)
(15.5156 1.03853 -5.13853e-21)
(17.1645 1.14795 7.36116e-21)
(18.3744 1.22754 -5.84475e-21)
(19.3725 1.2925 0)
(20.2421 1.34835 -1.11382e-18)
(21.0231 1.39766 1.00429e-18)
(21.7342 1.44155 -1.40724e-20)
(22.3816 1.48039 7.88013e-19)
(22.9628 1.51412 -7.08726e-19)
(23.47 1.54238 -2.23731e-20)
(12.8785 0.86594 0)
(15.4866 1.04117 2.63739e-18)
(17.1334 1.15106 -1.89168e-18)
(18.3416 1.23105 -3.72436e-25)
(19.3381 1.2964 -1.27143e-18)
(20.2064 1.35267 1.10725e-18)
(20.9862 1.40245 -9.99015e-19)
(21.6966 1.44694 9.01286e-19)
(22.3443 1.48651 1.27183e-20)
(22.9279 1.52115 7.57203e-19)
(23.4424 1.55094 -1.41195e-18)
(12.8572 0.8682 4.79553e-21)
(15.4625 1.04401 2.64039e-18)
(17.1066 1.15421 -1.88576e-18)
(18.3129 1.23443 5.85176e-21)
(19.3077 1.29996 1.26409e-18)
(20.1745 1.3564 -1.11349e-18)
(20.9532 1.40633 0)
(21.6631 1.45098 8.85104e-19)
(22.3115 1.49076 -8.12115e-19)
(22.8977 1.5255 -4.67361e-23)
(23.4169 1.55536 -7.16908e-19)
(12.8344 0.870171 9.81894e-18)
(15.4374 1.04653 -2.63406e-18)
(17.0791 1.15699 0)
(18.2835 1.23741 -1.49518e-18)
(19.2768 1.30311 1.26702e-18)
(20.1422 1.35969 1.73801e-20)
(20.9198 1.40978 -9.94439e-19)
(21.6292 1.45462 9.10818e-19)
(22.278 1.49467 0)
(22.8658 1.52968 -2.28229e-20)
(23.3867 1.55911 -7.42057e-19)
(12.8135 0.872403 4.97848e-21)
(15.4135 1.04938 -5.27127e-18)
(17.0529 1.16027 -2.72918e-22)
(18.2555 1.24103 2.99275e-18)
(19.2471 1.30706 -1.26282e-18)
(20.1112 1.36399 1.1037e-18)
(20.8878 1.41448 -9.94185e-19)
(21.5967 1.45981 0)
(22.2459 1.50052 -7.98366e-19)
(22.8354 1.53662 -7.30191e-22)
(23.359 1.56745 -1.00332e-21)
(12.7933 0.874529 -4.91917e-18)
(15.3914 1.05203 -5.15244e-21)
(17.0284 1.16314 0)
(18.2292 1.24404 -1.49386e-18)
(19.2192 1.31015 4.66365e-21)
(20.082 1.36713 1.10922e-18)
(20.8576 1.41764 0)
(21.5661 1.46294 0)
(22.2155 1.50353 -1.33918e-23)
(22.8058 1.5395 2.27117e-20)
(23.3304 1.57022 0)
(12.7708 0.876548 4.92668e-18)
(15.3667 1.05463 0)
(17.0016 1.16606 -3.68535e-21)
(18.2008 1.24717 -5.84222e-21)
(19.1895 1.31346 -1.27552e-18)
(20.051 1.3706 1.10041e-18)
(20.8256 1.42128 -7.7487e-21)
(21.5337 1.46678 0)
(22.1835 1.50762 1.15515e-23)
(22.7763 1.54384 -4.54362e-20)
(23.3104 1.57599 -6.80546e-19)
(12.7491 0.878706 4.9411e-18)
(15.3427 1.05736 -2.63978e-18)
(16.9756 1.1691 -3.35911e-24)
(18.1731 1.25045 1.50318e-18)
(19.1604 1.31693 5.24492e-21)
(20.0208 1.37425 -1.10171e-18)
(20.7946 1.42512 9.99928e-19)
(21.5023 1.47086 -1.77451e-18)
(22.1525 1.51202 7.82286e-19)
(22.7462 1.54848 2.2713e-20)
(23.2767 1.58043 -2.27243e-20)
(12.7244 0.880501 4.94477e-18)
(15.3168 1.05966 -2.65869e-18)
(16.9474 1.17154 -9.71181e-24)
(18.1434 1.25292 1.49817e-18)
(19.1295 1.31936 5.24491e-21)
(19.9888 1.37657 -1.11896e-18)
(20.7618 1.42724 -9.91726e-19)
(21.469 1.47268 8.79472e-19)
(22.1193 1.51343 -7.94517e-19)
(22.7137 1.5495 7.26139e-19)
(23.2474 1.58089 -7.14806e-19)
(12.6981 0.88256 4.98214e-18)
(15.2875 1.06241 2.67882e-22)
(16.9162 1.17475 -1.89809e-18)
(18.1108 1.2565 5.89335e-21)
(19.0957 1.32328 -4.96521e-21)
(19.954 1.38084 -1.1163e-18)
(20.7262 1.43191 1.00409e-18)
(21.4329 1.47784 -1.40546e-20)
(22.0834 1.51921 1.26939e-20)
(22.6792 1.55612 0)
(23.2176 1.58871 4.49254e-20)
(12.6767 0.884921 4.88042e-21)
(15.2629 1.06537 5.21912e-21)
(16.8891 1.17809 0)
(18.082 1.26014 1.50607e-18)
(19.0656 1.32718 -1.27343e-18)
(19.9228 1.38498 1.12837e-18)
(20.6943 1.4363 -1.00685e-18)
(21.4008 1.48251 1.4046e-20)
(22.0518 1.5242 -8.25864e-19)
(22.6496 1.56146 7.31504e-19)
(23.1916 1.59448 -7.2183e-19)
(12.6516 0.887009 0)
(15.2365 1.06807 0)
(16.8603 1.18095 -3.75206e-21)
(18.0515 1.26307 -1.50916e-18)
(19.0338 1.33011 1.27562e-18)
(19.89 1.38785 0)
(20.6608 1.43903 -7.84237e-21)
(21.367 1.48504 -9.00909e-19)
(22.0183 1.52646 8.25408e-19)
(22.6169 1.56342 2.29385e-20)
(23.1586 1.59546 2.22455e-22)
(12.6253 0.889345 5.06667e-18)
(15.2073 1.0711 -2.70645e-18)
(16.829 1.18443 1.93319e-18)
(18.0188 1.26688 -1.53216e-18)
(18.9999 1.33421 0)
(19.8552 1.39224 -1.12887e-18)
(20.6254 1.44376 -5.1257e-22)
(21.3316 1.49019 9.06265e-19)
(21.9838 1.5322 8.05686e-19)
(22.5852 1.57018 -1.47229e-18)
(23.137 1.60465 -4.53679e-20)
(12.597 0.89145 0)
(15.1777 1.0738 0)
(16.7969 1.18728 0)
(17.9852 1.26975 0)
(18.9652 1.33703 -1.30164e-18)
(19.8197 1.39493 -3.18847e-22)
(20.5895 1.44623 1.01849e-18)
(21.2956 1.49235 9.2408e-19)
(21.9483 1.53393 1.31978e-20)
(22.5505 1.57113 -7.60475e-19)
(23.0984 1.60365 -7.86008e-19)
(12.5625 0.893371 5.15922e-18)
(15.1418 1.07642 -2.75218e-18)
(16.7587 1.19012 0)
(17.9457 1.2727 0)
(18.9248 1.34 5.08614e-21)
(19.7787 1.39787 -1.1437e-18)
(20.5481 1.44909 1.01889e-18)
(21.2545 1.49508 8.88343e-19)
(21.9085 1.53655 -8.39162e-19)
(22.5149 1.57447 -7.43184e-19)
(23.0802 1.61076 7.04434e-19)
(12.5257 0.895345 5.23553e-18)
(15.1022 1.07917 2.79117e-18)
(16.7167 1.19328 -1.98564e-18)
(17.9023 1.27617 6.1679e-21)
(18.8805 1.34374 0)
(19.7339 1.40185 0)
(20.5033 1.45334 8.10491e-21)
(21.2101 1.49965 -1.83854e-22)
(21.8655 1.54137 -8.36361e-19)
(22.4746 1.57863 7.51565e-19)
(23.0381 1.61365 7.43868e-19)
(12.4931 0.898044 5.31218e-18)
(15.0654 1.08268 -2.83021e-18)
(16.677 1.19728 -3.85179e-22)
(17.8609 1.28055 3.17184e-18)
(18.838 1.34843 -1.33499e-18)
(19.6908 1.40682 -1.16179e-18)
(20.46 1.45857 1.03429e-18)
(21.1674 1.50519 -9.38008e-19)
(21.8241 1.54743 2.59181e-20)
(22.4348 1.58515 7.84052e-19)
(22.9976 1.61836 4.67129e-20)
(12.4556 0.900216 5.31067e-21)
(15.0259 1.0855 0)
(16.6344 1.20024 0)
(17.8165 1.2835 0)
(18.7925 1.35128 -5.26483e-21)
(19.6446 1.40945 -1.20234e-18)
(20.4137 1.46087 1.04512e-18)
(21.1213 1.50697 9.76882e-19)
(21.7786 1.54847 -1.7605e-18)
(22.3895 1.58546 7.19057e-19)
(22.9504 1.61738 4.83195e-20)
(12.4095 0.902175 -1.10338e-20)
(14.9774 1.08827 2.92578e-18)
(16.5829 1.20331 4.10026e-21)
(17.7634 1.28673 0)
(18.7384 1.35455 -5.45189e-21)
(19.59 1.41272 9.32742e-21)
(20.359 1.46408 -1.66962e-22)
(21.067 1.51009 -9.78963e-19)
(21.7253 1.55146 1.76414e-18)
(22.3387 1.58854 -7.56586e-19)
(22.9096 1.62173 -4.67869e-20)
(20.1775 3.1959 7.63404e-17)
(23.725 3.7165 -4.13576e-17)
(26.1194 4.10434 1.48511e-19)
(27.8973 4.40235 4.81543e-17)
(29.3597 4.656 -2.05887e-17)
(30.6022 4.88056 3.55412e-17)
(31.6557 5.08117 -3.14936e-17)
(32.5245 5.25788 -2.8132e-17)
(33.2073 5.40949 1.15801e-19)
(33.7107 5.53647 2.165e-17)
(34.0608 5.64381 2.06704e-17)
(20.4809 3.50679 0)
(24.0713 4.07595 -8.40753e-17)
(26.4932 4.49983 6.13214e-17)
(28.2879 4.82487 0)
(29.7565 5.1001 1.60231e-19)
(30.9928 5.34165 1.43262e-19)
(32.0263 5.55465 -2.48646e-19)
(32.8616 5.73923 0)
(33.5017 5.89503 2.49788e-17)
(33.961 6.02354 -4.35675e-17)
(34.2799 6.12798 1.99691e-17)
(20.7945 3.84863 1.52954e-19)
(24.4273 4.47098 8.18346e-20)
(26.8788 4.93417 6.2387e-17)
(28.6905 5.28792 -1.73097e-19)
(30.1634 5.58515 -8.39919e-17)
(31.3897 5.84279 3.65821e-17)
(32.3974 6.06591 -3.25413e-17)
(33.1932 6.25473 2.91005e-17)
(33.7851 6.40912 2.50645e-17)
(34.198 6.53197 -2.09513e-17)
(34.478 6.63341 -2.00316e-17)
(21.1193 4.22172 -9.41134e-20)
(24.8019 4.9019 1.71106e-16)
(27.2835 5.40827 -6.31778e-17)
(29.1111 5.79376 -5.01592e-17)
(30.585 6.11516 8.53478e-17)
(31.7952 6.39019 -3.72999e-17)
(32.7694 6.62404 0)
(33.5178 6.81743 2.87413e-17)
(34.0553 6.97158 -2.5222e-17)
(34.4203 7.09401 -3.32542e-19)
(34.6654 7.19681 1.35525e-20)
(21.472 4.64079 -1.57123e-16)
(25.2088 5.38583 8.64664e-17)
(27.7202 5.93979 6.38281e-17)
(29.5613 6.35957 -9.27334e-20)
(31.031 6.70598 6.79248e-20)
(32.2174 6.99758 -3.81568e-17)
(33.149 7.23984 0)
(33.8412 7.43453 -2.90916e-17)
(34.3201 7.58559 2.51347e-17)
(34.6377 7.70446 0)
(34.8502 7.80367 -1.27759e-18)
(22.6558 6.24497 0)
(26.5827 7.23187 0)
(29.1823 7.96331 -1.32233e-19)
(31.0392 8.50451 0)
(32.4448 8.9288 1.80495e-19)
(33.488 9.25913 3.12069e-19)
(34.216 9.50644 3.4026e-17)
(34.6859 9.68431 -2.87875e-17)
(34.978 9.81499 0)
(35.1603 9.92029 -2.11437e-17)
(35.2744 10.0122 8.56403e-19)
(11.7149 0.884485 -6.94342e-18)
(14.2856 1.07375 -1.47121e-20)
(15.8608 1.18611 -2.56846e-18)
(17.0319 1.2667 2.01557e-18)
(18.006 1.33122 -1.69379e-18)
(18.8624 1.38541 1.47505e-18)
(19.6412 1.43181 -1.31002e-18)
(20.3643 1.47152 1.13674e-18)
(21.0444 1.50498 -1.02261e-18)
(21.6882 1.53303 4.62295e-21)
(22.3013 1.55642 1.86613e-18)
(11.8336 0.881985 8.06432e-18)
(14.3882 1.08692 -4.16078e-18)
(15.9768 1.20101 5.28897e-21)
(17.1721 1.27318 0)
(18.1675 1.32133 1.89463e-18)
(19.0407 1.35187 -1.65521e-18)
(19.8315 1.36777 1.46725e-18)
(20.5622 1.37079 1.60307e-20)
(21.2457 1.36166 -6.35322e-21)
(21.8881 1.33708 -4.22017e-20)
(22.4833 1.3006 -1.97448e-18)
(10.7646 1.09342 -6.91418e-18)
(13.8383 1.22583 5.98224e-18)
(15.1067 1.28226 -7.30916e-18)
(16.02 1.34113 5.4122e-18)
(16.8209 1.38256 1.09951e-20)
(17.5559 1.40686 0)
(18.2421 1.41779 0)
(18.8917 1.41569 8.22639e-18)
(19.5142 1.39889 -6.66559e-18)
(20.113 1.37014 0)
(20.6986 1.3016 -1.96942e-20)
(2.95809 -0.158561 6.91681e-17)
(4.96941 -0.807754 -1.47735e-17)
(5.78346 -1.04721 -1.75991e-17)
(6.33316 -1.12753 -1.32111e-17)
(6.81689 -1.17985 -3.4597e-19)
(7.27282 -1.22953 -2.78244e-19)
(7.72062 -1.27246 1.22036e-17)
(8.17343 -1.3082 9.84597e-18)
(8.63992 -1.3394 8.03304e-18)
(9.12207 -1.37246 -2.52727e-17)
(9.64083 -1.35744 1.10851e-17)
(3.37722 -0.71504 8.35164e-17)
(4.98732 -1.03741 -1.72565e-17)
(5.84345 -1.21295 0)
(6.55569 -1.35297 7.09728e-18)
(7.20862 -1.47089 -1.09795e-17)
(7.83735 -1.57277 8.96595e-18)
(8.46198 -1.66071 -3.82414e-18)
(9.09701 -1.73473 3.30591e-18)
(9.75445 -1.79316 -2.88338e-18)
(10.4448 -1.83156 -8.78611e-20)
(11.1717 -1.85447 7.60671e-20)
(3.49901 -0.709136 -2.53994e-20)
(5.25316 -1.05887 -1.22323e-17)
(6.17394 -1.22981 4.27898e-21)
(6.92647 -1.35963 -5.34307e-21)
(7.60602 -1.4687 8.18456e-18)
(8.25283 -1.56435 -6.75525e-18)
(8.88925 -1.64997 2.88272e-18)
(9.53084 -1.72736 -1.74839e-20)
(10.1906 -1.79749 -7.16038e-20)
(10.8808 -1.86099 2.0069e-18)
(11.6149 -1.91956 -2.14424e-18)
(4.01829 -0.807162 2.43015e-20)
(5.83928 -1.16617 0)
(6.77414 -1.33875 -1.22777e-20)
(7.53308 -1.46876 8.92704e-21)
(8.21412 -1.57745 1.40333e-20)
(8.85949 -1.67256 -1.15815e-20)
(9.49222 -1.75767 1.44157e-20)
(10.128 -1.83467 1.72193e-20)
(10.7796 -1.90461 1.73459e-18)
(11.4586 -1.96825 -1.51801e-18)
(12.1767 -2.0277 0)
(4.33349 -0.858842 6.56024e-21)
(6.21793 -1.22699 -1.1889e-17)
(7.17771 -1.4041 3.56723e-18)
(7.95416 -1.53856 2.62498e-18)
(8.64712 -1.65141 -2.0639e-18)
(9.30065 -1.75063 -1.71624e-18)
(9.93865 -1.83997 1.44735e-18)
(10.5772 -1.92142 0)
(11.2292 -1.99616 -1.15524e-18)
(11.9065 -2.06528 2.04009e-18)
(12.6221 -2.1303 5.77706e-21)
(4.68692 -0.916529 -3.94296e-21)
(6.63071 -1.29159 -1.7052e-21)
(7.6098 -1.47053 1.8598e-18)
(8.39846 -1.60615 -1.36303e-18)
(9.09883 -1.71974 -2.44293e-21)
(9.75666 -1.81953 0)
(10.3966 -1.90936 3.52936e-21)
(11.0348 -1.99124 -3.12063e-21)
(11.684 -2.06648 1.35241e-20)
(12.3551 -2.13669 -5.45989e-19)
(13.0602 -2.20159 5.66176e-19)
(4.99096 -0.963343 9.84342e-19)
(6.98463 -1.34384 4.37187e-19)
(7.98327 -1.52549 -5.37682e-19)
(8.78543 -1.6636 1.98558e-19)
(9.49499 -1.7795 1.7187e-19)
(10.1592 -1.88163 6.52026e-21)
(10.8035 -1.97396 -1.28739e-19)
(11.4444 -2.05867 1.24915e-19)
(12.0944 -2.137 6.95281e-21)
(12.7637 -2.20911 -1.02276e-19)
(13.4613 -2.27358 1.25987e-19)
(5.27783 -1.00486 0)
(7.31803 -1.3892 0)
(8.33509 -1.57251 -1.2603e-18)
(9.15003 -1.71185 6.23572e-21)
(9.8684 -1.8287 1.46217e-18)
(10.5389 -1.93166 -6.05048e-19)
(11.1876 -2.02488 0)
(11.8317 -2.11065 5.47264e-21)
(12.4841 -2.19005 9.56481e-21)
(13.1552 -2.26207 -3.2655e-19)
(13.8518 -2.32483 6.76304e-19)
(5.55321 -1.04239 0)
(7.6313 -1.4286 0)
(8.66566 -1.61326 -2.68666e-18)
(9.49277 -1.75381 1.99177e-18)
(10.2196 -1.87172 4.48952e-21)
(10.896 -1.97575 0)
(11.549 -2.07015 1.09092e-20)
(12.1964 -2.15733 4.0369e-21)
(12.8516 -2.23863 -9.45386e-21)
(13.5264 -2.31394 -1.46525e-20)
(14.2307 -2.38177 0)
(5.80548 -1.07466 0)
(7.91836 -1.46231 0)
(8.97031 -1.6482 0)
(9.80966 -1.7898 -6.8445e-21)
(10.545 -1.90849 0)
(11.2274 -2.0132 0)
(11.8846 -2.1083 4.53566e-21)
(12.5346 -2.19627 -9.36621e-21)
(13.1914 -2.27858 0)
(13.8672 -2.35598 1.45194e-20)
(14.5735 -2.42833 0)
(6.04549 -1.10321 2.1232e-20)
(8.19577 -1.4924 0)
(9.26469 -1.67892 0)
(10.1156 -1.82091 -1.9808e-21)
(10.859 -1.93979 1.39125e-20)
(11.5472 -2.04459 -1.15473e-20)
(12.2085 -2.13973 -2.2255e-18)
(12.8614 -2.22764 1.94405e-18)
(13.5196 -2.30987 0)
(14.1953 -2.38792 0)
(14.9008 -2.46285 0)
(6.28315 -1.12978 -4.59288e-20)
(8.46552 -1.51923 0)
(9.54996 -1.70612 0)
(10.4114 -1.84846 4.91189e-18)
(11.1623 -1.96756 -1.95863e-20)
(11.8563 -2.07254 5.3317e-21)
(12.5221 -2.16784 -2.80446e-18)
(13.1785 -2.25587 0)
(13.8392 -2.33811 0)
(14.5156 -2.41611 0)
(15.2186 -2.49 6.68594e-20)
(6.493 -1.15138 2.74479e-17)
(8.70605 -1.54141 -1.22873e-17)
(9.80677 -1.72917 7.68432e-18)
(10.6793 -1.87244 -5.75346e-18)
(11.4382 -1.99248 4.59645e-18)
(12.1384 -2.09853 -7.65067e-18)
(12.8093 -2.19512 6.56394e-18)
(13.4699 -2.28483 -2.87239e-18)
(14.134 -2.36941 -4.24077e-20)
(14.8125 -2.44955 0)
(15.5135 -2.52237 2.2645e-18)
(6.68663 -1.16851 0)
(8.93642 -1.55875 1.40959e-17)
(10.0534 -1.74661 -8.84701e-18)
(10.9365 -1.88963 0)
(11.7033 -2.00926 0)
(12.4097 -2.11484 0)
(13.0857 -2.21094 -2.73772e-20)
(13.7505 -2.30013 -3.22747e-18)
(14.4184 -2.3836 5.82868e-18)
(15.1013 -2.46099 -2.61649e-18)
(15.8096 -2.53443 8.61574e-20)
(6.88601 -1.18582 0)
(9.16666 -1.57447 1.63751e-20)
(10.2993 -1.76263 0)
(11.192 -1.90541 7.47876e-18)
(11.9661 -2.02489 -5.99518e-18)
(12.6788 -2.13037 -2.05283e-20)
(13.3602 -2.22635 0)
(14.0295 -2.3152 -5.78453e-20)
(14.7009 -2.39829 5.40767e-20)
(15.3859 -2.47801 -5.40036e-21)
(16.0959 -2.55878 -8.77436e-20)
(7.08053 -1.20238 0)
(9.37225 -1.58686 -1.61342e-20)
(10.5213 -1.77616 -2.25589e-20)
(11.4248 -1.91953 -3.21505e-20)
(12.2075 -2.03956 2.43788e-20)
(12.9272 -2.14567 5.49973e-18)
(13.6147 -2.24242 -4.69916e-18)
(14.2893 -2.33225 3.03644e-20)
(14.9648 -2.41671 -5.36508e-20)
(15.6515 -2.49738 4.77705e-20)
(16.3567 -2.57559 -3.37628e-18)
(7.27006 -1.21586 0)
(9.56947 -1.59427 -1.89045e-17)
(10.7355 -1.78355 1.20011e-17)
(11.6504 -1.92644 1.67074e-20)
(12.442 -2.04597 2.94057e-20)
(13.1692 -2.15154 0)
(13.8632 -2.24772 -4.20225e-20)
(14.5437 -2.33702 -3.66686e-20)
(15.2251 -2.42077 0)
(15.9179 -2.49903 5.76972e-20)
(16.6289 -2.57232 0)
(7.47149 -1.23143 2.23738e-20)
(9.76498 -1.60273 -1.90326e-20)
(10.9486 -1.79245 1.29468e-17)
(11.8743 -1.93526 -9.74134e-18)
(12.6744 -2.05461 -7.77933e-18)
(13.4085 -2.16002 6.52645e-18)
(14.1086 -2.2561 -5.5216e-18)
(14.7947 -2.34542 4.85941e-18)
(15.4817 -2.42937 4.35798e-18)
(16.1809 -2.50828 -7.70124e-18)
(16.9008 -2.58298 7.85358e-18)
(7.66309 -1.24286 -4.53618e-20)
(9.94954 -1.6071 0)
(11.151 -1.79667 0)
(12.0878 -1.93916 1.04219e-17)
(12.8965 -2.05827 -8.39485e-18)
(13.6377 -2.16346 -2.62074e-20)
(14.3438 -2.25936 -6.03195e-18)
(15.0354 -2.34855 5.27079e-18)
(15.7274 -2.43254 -6.93618e-20)
(16.4318 -2.51237 6.67508e-20)
(17.1575 -2.58872 -4.18273e-18)
(7.84857 -1.25344 -4.87791e-17)
(10.1275 -1.61175 2.29932e-17)
(11.3468 -1.80149 -1.47873e-17)
(12.2945 -1.94388 2.2245e-17)
(13.1115 -2.06284 -8.92107e-18)
(13.8596 -2.16787 0)
(14.5715 -2.26364 -6.34012e-18)
(15.2682 -2.35279 5.58767e-18)
(15.9647 -2.43693 -4.93087e-18)
(16.6735 -2.51687 4.26413e-18)
(17.4051 -2.59276 1.45306e-19)
(8.02397 -1.26013 -2.41473e-20)
(10.3031 -1.61279 2.29231e-20)
(11.5394 -1.80171 0)
(12.4979 -1.94322 0)
(13.3234 -2.06132 0)
(14.0784 -2.16546 3.19454e-20)
(14.7962 -2.26031 0)
(15.498 -2.34844 4.79106e-20)
(16.1992 -2.43143 0)
(16.912 -2.51005 7.06438e-20)
(17.6458 -2.58434 9.88896e-21)
(8.2001 -1.26727 -5.34104e-17)
(10.4788 -1.61488 3.02251e-21)
(11.7318 -1.80344 1.65516e-17)
(12.7005 -1.9444 -6.22773e-18)
(13.5337 -2.0619 5.00301e-18)
(14.295 -2.16549 -4.22024e-18)
(15.0183 -2.25988 5.80248e-20)
(15.725 -2.34776 3.14864e-21)
(16.431 -2.43067 0)
(17.1486 -2.50918 0)
(17.8857 -2.58459 -3.20499e-19)
(8.37558 -1.27211 2.79194e-17)
(10.6592 -1.61471 1.34085e-17)
(11.9268 -1.80184 -1.74496e-17)
(12.9049 -1.94153 6.60392e-18)
(13.7455 -2.05786 2.12164e-20)
(14.5129 -2.16026 -4.39328e-18)
(15.2414 -2.25336 3.75042e-18)
(15.9529 -2.3397 -5.03643e-20)
(16.6636 -2.4206 -9.4361e-20)
(17.3872 -2.49733 0)
(18.1362 -2.57453 2.69978e-18)
(8.54163 -1.27639 -2.88855e-17)
(10.8235 -1.61415 0)
(12.1066 -1.80131 9.09759e-18)
(13.0945 -1.9411 -2.9331e-20)
(13.9428 -2.05765 -5.57793e-18)
(14.7164 -2.16043 -7.25605e-20)
(15.45 -2.2541 0)
(16.1656 -2.34125 -5.60559e-20)
(16.8789 -2.42391 -2.89303e-18)
(17.6027 -2.50494 2.7555e-18)
(18.3496 -2.58346 2.81996e-18)
(8.68819 -1.27573 -2.99429e-17)
(10.9808 -1.60916 1.45355e-17)
(12.2793 -1.79474 0)
(13.2778 -1.93303 0)
(14.1346 -2.04809 5.81106e-18)
(14.9152 -2.14925 3.31566e-20)
(15.6548 -2.24109 -8.35812e-18)
(16.3753 -2.32619 7.37431e-18)
(17.0926 -2.40605 -3.34262e-18)
(17.8188 -2.48149 -9.26244e-20)
(18.5637 -2.55283 -2.95824e-18)
(8.85247 -1.27719 3.09901e-20)
(11.1506 -1.60575 1.5085e-17)
(12.4642 -1.79029 -9.92198e-18)
(13.4725 -1.9276 -2.99846e-20)
(14.3369 -2.04171 -6.03497e-18)
(15.1239 -2.14199 5.0672e-18)
(15.8692 -2.23301 0)
(16.5948 -2.3173 0)
(17.3167 -2.39634 -3.38185e-18)
(18.0472 -2.47116 3.11371e-18)
(18.7964 -2.54244 2.86799e-18)
(9.00979 -1.27695 6.39201e-17)
(11.317 -1.60125 -3.10218e-21)
(12.6446 -1.78426 -2.37692e-20)
(13.6625 -1.92028 -7.76794e-18)
(14.5346 -2.03324 6.29025e-18)
(15.3283 -2.13238 -3.62965e-21)
(16.0794 -2.22221 -9.13589e-18)
(16.8104 -2.3052 -5.93146e-20)
(17.5372 -2.38283 3.4815e-18)
(18.2716 -2.45625 0)
(19.0233 -2.52503 -3.23764e-18)
(9.16372 -1.27542 6.43218e-20)
(11.4759 -1.59502 -1.61664e-17)
(12.8183 -1.77717 1.06903e-17)
(13.846 -1.91252 8.03937e-18)
(14.7258 -2.02496 -6.49519e-18)
(15.526 -2.12374 -5.47372e-18)
(16.2828 -2.21339 4.75633e-18)
(17.0191 -2.2965 6.32697e-20)
(17.7508 -2.37461 -2.51552e-21)
(18.4897 -2.44821 -3.16581e-18)
(19.2418 -2.51598 2.18879e-19)
(9.30786 -1.27164 -3.39698e-17)
(11.6328 -1.58713 1.66763e-17)
(12.9894 -1.76745 1.78444e-20)
(14.0268 -1.90122 -8.34149e-18)
(14.9144 -2.01219 6.73721e-18)
(15.7212 -2.10952 -5.68683e-18)
(16.4838 -2.1977 0)
(17.2253 -2.27925 0)
(17.9621 -2.35528 -2.63354e-21)
(18.7071 -2.42575 -2.12425e-19)
(19.4703 -2.49401 3.25616e-18)
(9.46813 -1.26905 -3.48376e-17)
(11.8003 -1.57978 -1.72181e-17)
(13.1701 -1.7585 1.14672e-17)
(14.2164 -1.89091 -8.70232e-18)
(15.1112 -2.00067 1.40195e-17)
(15.9241 -2.09681 -5.89632e-18)
(16.6922 -2.18376 4.04852e-20)
(17.4387 -2.26383 0)
(18.1797 -2.33836 6.05449e-20)
(18.9276 -2.40956 1.08079e-19)
(19.6939 -2.48083 -4.51638e-21)
(9.6099 -1.26354 -3.57651e-17)
(11.9497 -1.56983 1.76931e-17)
(13.3336 -1.74733 2.35229e-20)
(14.3898 -1.87898 6.9822e-20)
(15.2925 -1.98825 -2.87907e-20)
(16.1123 -2.08413 0)
(16.8866 -2.17103 5.20337e-18)
(17.6386 -2.25134 -7.86529e-20)
(18.3844 -2.32654 -5.90188e-21)
(19.1349 -2.39795 -7.04564e-21)
(19.8968 -2.465 -3.57258e-18)
(9.74849 -1.25654 3.51229e-20)
(12.1003 -1.55845 3.49401e-20)
(13.498 -1.73391 -2.3313e-20)
(14.5639 -1.86377 9.21205e-18)
(15.4748 -1.97131 -1.48838e-17)
(16.3015 -2.06545 6.27767e-18)
(17.0821 -2.15049 0)
(17.84 -2.22884 -4.68317e-18)
(18.5916 -2.30183 4.16186e-18)
(19.3483 -2.36979 0)
(20.1173 -2.43096 -1.17798e-19)
(9.89223 -1.2488 7.50844e-17)
(12.2546 -1.54585 -3.74402e-17)
(13.6662 -1.7194 3.39269e-21)
(14.7419 -1.84778 1.88783e-17)
(15.6607 -1.9541 -7.67599e-18)
(16.4943 -2.04715 6.51181e-18)
(17.2811 -2.13122 -5.58466e-18)
(18.0447 -2.20871 -4.98039e-18)
(18.8017 -2.28098 8.78177e-18)
(19.5639 -2.34825 -4.02129e-18)
(20.3398 -2.40833 0)
(10.0317 -1.24056 4.05893e-20)
(12.4063 -1.53324 -3.4712e-20)
(13.8319 -1.70479 2.57203e-17)
(14.9175 -1.83149 -1.9427e-17)
(15.8444 -1.93623 7.90327e-18)
(16.6849 -2.02772 6.55082e-18)
(17.4778 -2.11021 -5.80094e-18)
(18.247 -2.18602 5.13145e-18)
(19.0092 -2.2563 -4.49661e-18)
(19.7762 -2.32112 -3.88998e-18)
(20.5557 -2.38103 4.10798e-18)
(10.1768 -1.23119 3.92743e-17)
(12.5636 -1.51905 3.42227e-20)
(14.0032 -1.68839 -1.3197e-17)
(15.0984 -1.81329 -1.00565e-17)
(16.033 -1.91645 1.62138e-17)
(16.8802 -2.00648 1.02543e-19)
(17.679 -2.08759 4.03551e-20)
(18.4536 -2.16203 -1.04096e-17)
(19.2207 -2.23092 4.62933e-18)
(19.9925 -2.29492 1.31637e-19)
(20.7779 -2.35599 0)
(10.3251 -1.22151 -4.02248e-17)
(12.7241 -1.50449 2.02075e-17)
(14.1769 -1.67142 2.69682e-20)
(15.2815 -1.79437 0)
(16.2237 -1.89576 -8.32368e-18)
(17.0776 -1.98406 6.99647e-18)
(17.8825 -2.06338 -6.09466e-18)
(18.6627 -2.13584 1.07276e-17)
(19.435 -2.20263 7.02323e-20)
(20.211 -2.26509 -4.39955e-18)
(20.9996 -2.324 0)
(10.4687 -1.21086 -4.09938e-17)
(12.8777 -1.48923 -2.06545e-17)
(14.3443 -1.65429 1.38897e-17)
(15.4584 -1.77589 -4.19307e-20)
(16.4085 -1.87625 -3.40295e-20)
(17.2692 -1.96378 -7.16884e-18)
(18.0802 -2.04255 1.24622e-17)
(18.8661 -2.11477 -5.50911e-18)
(19.6434 -2.18168 -7.5355e-20)
(20.4235 -2.24396 0)
(21.212 -2.30101 0)
(10.6068 -1.19737 -4.02614e-20)
(13.0292 -1.4705 0)
(14.5094 -1.63288 -1.42633e-17)
(15.6334 -1.75232 1.08707e-17)
(16.5916 -1.85072 8.82339e-18)
(17.4593 -1.93633 -7.54066e-18)
(18.2767 -2.01312 4.93908e-20)
(19.0684 -2.08318 5.65658e-18)
(19.8512 -2.14743 -4.95911e-18)
(20.637 -2.20619 -4.50026e-18)
(21.435 -2.26128 7.82151e-21)
(10.7492 -1.18456 0)
(13.1842 -1.45285 0)
(14.6781 -1.61281 -2.8956e-20)
(15.8119 -1.73039 1.10568e-17)
(16.7782 -1.82721 -9.00429e-18)
(17.653 -1.91141 5.85057e-20)
(18.4768 -1.98689 6.58609e-18)
(19.2745 -2.05567 -6.01657e-21)
(20.0624 -2.11883 -1.03378e-17)
(20.8512 -2.17752 9.25582e-18)
(21.6464 -2.23216 -1.64238e-19)
(10.8896 -1.1695 -4.35751e-17)
(13.3376 -1.43256 0)
(14.8452 -1.58981 -1.49332e-17)
(15.9889 -1.70525 1.13459e-17)
(16.9634 -1.80017 9.18189e-18)
(17.8455 -1.88257 -7.79457e-18)
(18.6759 -1.95627 -6.75119e-18)
(19.4799 -2.0233 5.95627e-18)
(20.274 -2.08463 5.21768e-18)
(21.069 -2.14022 -9.49589e-18)
(21.8691 -2.18932 4.99592e-18)
(11.0306 -1.15353 0)
(13.4923 -1.41115 2.24869e-17)
(15.0138 -1.56554 -1.5234e-17)
(16.1676 -1.67878 -6.74222e-22)
(17.1504 -1.77181 9.46712e-18)
(18.0397 -1.85249 -4.82613e-21)
(18.8768 -1.92457 -5.43077e-21)
(19.6869 -1.99004 -6.15043e-18)
(20.487 -2.04978 -5.43011e-18)
(21.2883 -2.10349 4.86908e-18)
(22.0967 -2.15099 5.09684e-18)
(11.1718 -1.13699 -4.52062e-17)
(13.6476 -1.38947 4.59896e-17)
(15.1833 -1.54103 -3.11657e-17)
(16.3471 -1.65197 1.18866e-17)
(17.3382 -1.74296 0)
(18.2346 -1.82171 -8.19581e-18)
(19.0782 -1.89192 1.41707e-17)
(19.8941 -1.95547 4.12277e-20)
(20.6992 -2.0132 -1.11383e-17)
(21.5051 -2.06543 4.83191e-18)
(22.3192 -2.11365 4.85487e-18)
(11.3194 -1.11856 4.6047e-17)
(13.8101 -1.36507 -2.34608e-17)
(15.3593 -1.5132 -5.81603e-20)
(16.533 -1.62146 1.21312e-17)
(17.5324 -1.71009 9.8738e-18)
(18.4361 -1.7866 2.7218e-20)
(19.2863 -1.85452 -6.30741e-20)
(20.1081 -1.91561 -1.28677e-17)
(20.9184 -1.9707 5.71692e-18)
(21.7281 -2.02085 5.351e-18)
(22.5449 -2.06702 1.50821e-19)
(11.4644 -1.10025 -4.6377e-20)
(13.9672 -1.34129 -2.38756e-17)
(15.5308 -1.48668 3.55845e-20)
(16.7149 -1.59289 1.23567e-17)
(17.7229 -1.67981 -1.00836e-17)
(18.6343 -1.75481 -2.85543e-20)
(19.4913 -1.82135 7.48462e-18)
(20.3194 -1.88121 -6.55618e-18)
(21.1351 -1.9353 1.17008e-17)
(21.9482 -1.98428 -5.24351e-18)
(22.7633 -2.02572 -1.65576e-19)
(11.6041 -1.07903 -4.7577e-17)
(14.1232 -1.31425 2.42989e-17)
(15.7014 -1.45614 1.65841e-17)
(16.8963 -1.55958 -2.52163e-17)
(17.9132 -1.64403 2.05978e-17)
(18.8324 -1.71669 -8.69977e-18)
(19.6965 -1.78091 7.64733e-18)
(20.5309 -1.83842 -6.71317e-18)
(21.3521 -1.89001 -5.88693e-18)
(22.1699 -1.93552 5.28544e-18)
(22.989 -1.97196 5.4147e-18)
(11.7532 -1.05706 4.84265e-17)
(14.2882 -1.28594 -2.47496e-17)
(15.8811 -1.42416 1.69162e-17)
(17.0867 -1.52469 -2.58107e-17)
(18.1124 -1.60654 2.09931e-17)
(19.0395 -1.67672 2.97594e-20)
(19.9106 -1.73848 -7.88579e-18)
(20.7515 -1.79342 6.9125e-18)
(21.5784 -1.84217 -6.22591e-18)
(22.4006 -1.88442 0)
(23.2224 -1.91832 0)
(11.9052 -1.03483 -4.91873e-17)
(14.4564 -1.25777 0)
(16.0638 -1.39236 0)
(17.28 -1.49007 -1.31514e-17)
(18.3146 -1.56948 4.6539e-20)
(19.2496 -1.6374 1.81911e-17)
(20.128 -1.69697 -7.87515e-18)
(20.9755 -1.74969 6.95977e-18)
(21.8082 -1.7961 -6.27357e-18)
(22.6351 -1.83594 0)
(23.4591 -1.86827 0)
(12.0583 -1.01026 -4.81998e-20)
(14.6246 -1.22666 2.5401e-20)
(16.2469 -1.35752 -1.75422e-17)
(17.4739 -1.45238 2.68211e-17)
(18.5176 -1.52932 -2.1906e-17)
(19.4606 -1.59497 1.86061e-17)
(20.3463 -1.65236 -1.62075e-17)
(21.2005 -1.70292 7.23339e-18)
(22.0388 -1.74713 6.40625e-18)
(22.8703 -1.78477 -1.14965e-17)
(23.6974 -1.81505 5.83067e-18)
(12.2089 -0.984379 1.0159e-16)
(14.7918 -1.19413 -2.61277e-17)
(16.4293 -1.32099 -1.7914e-17)
(17.6677 -1.41276 4.95248e-21)
(18.7209 -1.48703 2.22869e-17)
(19.6724 -1.5502 -9.49325e-18)
(20.5657 -1.60517 -8.26933e-18)
(21.4267 -1.65327 7.7848e-21)
(22.2709 -1.69486 1.29998e-17)
(23.1064 -1.72967 -5.97442e-18)
(23.9359 -1.75718 1.88352e-19)
(12.3639 -0.957375 0)
(14.9638 -1.16055 -2.65406e-17)
(16.6168 -1.28334 1.82118e-17)
(17.8664 -1.37189 -1.39156e-17)
(18.9292 -1.44331 1.14506e-17)
(19.8891 -1.50383 9.71452e-18)
(20.7903 -1.55621 -7.4135e-21)
(21.6582 -1.60168 -7.54748e-18)
(22.508 -1.64043 -2.79012e-21)
(23.3471 -1.67222 6.09199e-18)
(24.1774 -1.69741 -6.26577e-18)
(12.5241 -0.927838 5.2386e-17)
(15.1417 -1.12355 -1.34711e-17)
(16.8096 -1.24172 1.83553e-20)
(18.0706 -1.32675 -7.08821e-18)
(19.1432 -1.39512 5.75662e-18)
(20.112 -1.45279 -3.80564e-20)
(21.0213 -1.50235 0)
(21.8968 -1.54483 3.8185e-18)
(22.7531 -1.58043 -3.31737e-18)
(23.5963 -1.60938 -3.06781e-18)
(24.4259 -1.63136 3.10077e-18)
(12.6824 -0.898135 -2.65417e-17)
(15.3148 -1.08693 3.33599e-21)
(16.9989 -1.20108 -1.55514e-20)
(18.2718 -1.28311 7.18619e-18)
(19.3546 -1.34897 2.27832e-20)
(20.3326 -1.40441 0)
(21.2505 -1.4519 0)
(22.1339 -1.49251 6.01612e-20)
(22.9971 -1.5265 5.52281e-20)
(23.8455 -1.55318 -3.13049e-18)
(24.6741 -1.56897 7.66211e-21)
(12.8353 -0.864875 -2.69808e-17)
(15.4872 -1.04613 1.3899e-17)
(17.1878 -1.1554 -9.59582e-18)
(18.4732 -1.23361 1.47084e-17)
(19.5667 -1.29613 -6.01522e-18)
(20.5542 -1.34842 -4.05599e-20)
(21.4807 -1.39285 4.47685e-18)
(22.3715 -1.4304 -4.67365e-21)
(23.2411 -1.4612 -3.6177e-18)
(24.0954 -1.48391 0)
(24.9313 -1.49543 3.2173e-18)
(12.9985 -0.830199 -2.73474e-17)
(15.6704 -1.0033 1.41192e-17)
(17.3878 -1.10736 1.93171e-20)
(18.686 -1.18146 0)
(19.7903 -1.24028 -6.10158e-18)
(20.7874 -1.28903 5.26842e-18)
(21.7223 -1.3299 0)
(22.6204 -1.36373 6.42575e-20)
(23.4957 -1.39041 -5.7535e-20)
(24.354 -1.40897 0)
(25.1942 -1.41919 3.37481e-18)
(13.1676 -0.794684 0)
(15.8603 -0.959912 -7.19364e-22)
(17.595 -1.05875 -1.915e-20)
(18.9063 -1.12873 0)
(20.0216 -1.18392 6.19244e-18)
(21.0284 -1.22925 -1.07019e-17)
(21.9718 -1.26672 9.33086e-18)
(22.8768 -1.29705 -6.89001e-20)
(23.7569 -1.32012 -3.6587e-18)
(24.6176 -1.33565 -3.32736e-18)
(25.4594 -1.34445 3.31994e-18)
(13.3429 -0.756309 2.99891e-20)
(16.0563 -0.912916 1.46196e-17)
(17.809 -1.00624 0)
(19.1337 -1.07191 -7.74023e-18)
(20.2603 -1.12326 6.38632e-18)
(21.277 -1.16496 4.19282e-20)
(22.2289 -1.19885 -4.76006e-18)
(23.1407 -1.22548 5.10321e-21)
(24.0249 -1.24468 5.8409e-21)
(24.8854 -1.25632 3.29942e-18)
(25.7215 -1.26095 3.29759e-18)
(13.524 -0.716595 2.85037e-17)
(16.2598 -0.864502 -1.46556e-20)
(18.0307 -0.952046 1.0269e-17)
(19.3693 -1.01319 -7.89696e-18)
(20.5076 -1.06054 0)
(21.5345 -1.09846 0)
(22.4952 -1.12858 4.85846e-18)
(23.414 -1.15132 -4.3289e-18)
(24.3025 -1.1664 3.87499e-18)
(25.1631 -1.17354 1.00503e-19)
(25.9918 -1.1728 -3.50503e-18)
(13.7095 -0.674644 0)
(16.4672 -0.81337 2.93676e-20)
(18.2574 -0.895042 0)
(19.6105 -0.951579 -3.92102e-22)
(20.761 -0.994833 0)
(21.7983 -1.02888 5.6242e-18)
(22.7678 -1.0552 -4.77639e-21)
(23.6936 -1.07411 -8.8653e-18)
(24.5865 -1.0853 3.96224e-18)
(25.4477 -1.08821 0)
(26.2703 -1.08132 -3.58201e-18)
(13.8938 -0.630304 0)
(16.6771 -0.759277 -1.47073e-20)
(18.4884 -0.834468 0)
(19.857 -0.886012 1.57191e-20)
(21.02 -0.924876 -6.71103e-18)
(22.0678 -0.95482 5.77751e-18)
(23.046 -0.977167 5.05087e-18)
(23.9784 -0.992198 -4.50647e-18)
(24.8756 -0.999555 0)
(25.7375 -0.998279 -5.7407e-20)
(26.5547 -0.985437 0)
(14.1015 -0.584501 2.97224e-17)
(16.9153 -0.705928 1.53391e-20)
(18.7457 -0.774236 0)
(20.1282 -0.820038 8.31959e-18)
(21.3022 -0.853628 -6.84997e-18)
(22.3588 -0.878454 -5.86973e-18)
(23.3441 -0.895638 5.64011e-21)
(24.2818 -0.905333 4.6367e-18)
(25.1818 -0.907028 0)
(26.0432 -0.899494 5.70214e-20)
(26.8559 -0.880164 1.18013e-19)
(14.332 -0.523454 1.50465e-17)
(17.169 -0.633648 7.83799e-18)
(19.0182 -0.693972 -2.2726e-21)
(20.4135 -0.733557 -1.86368e-20)
(21.5973 -0.761829 -3.49065e-18)
(22.6619 -0.781841 0)
(23.6533 -0.794505 -2.63069e-18)
(24.5951 -0.799866 2.34825e-18)
(25.4969 -0.797377 2.13557e-18)
(26.3568 -0.785893 -4.72935e-21)
(27.1633 -0.76273 -3.79568e-18)
(14.5501 -0.454066 2.97964e-20)
(17.4097 -0.550292 1.54021e-20)
(19.2792 -0.60161 0)
(20.6884 -0.634503 0)
(21.8831 -0.657143 0)
(22.9566 -0.672113 -3.07479e-18)
(23.9551 -0.68009 2.66534e-18)
(24.902 -0.680975 0)
(25.8063 -0.674121 -2.14483e-18)
(26.6654 -0.658275 1.92816e-18)
(27.4672 -0.631022 -1.98856e-18)
(14.7698 -0.38294 -1.54656e-17)
(17.6559 -0.466297 0)
(19.5443 -0.508205 -5.67381e-18)
(20.967 -0.533849 -6.08547e-21)
(22.1724 -0.550271 3.62072e-18)
(23.2545 -0.559579 2.39981e-20)
(24.2598 -0.562191 2.11242e-20)
(25.2116 -0.557868 1.93173e-20)
(26.1181 -0.545919 -3.38127e-20)
(26.9759 -0.525181 -1.96146e-18)
(27.772 -0.493521 7.99228e-21)
(14.9954 -0.30174 -1.56369e-17)
(17.9032 -0.369758 8.11965e-21)
(19.8109 -0.401455 -5.69597e-21)
(21.2467 -0.419413 8.58925e-21)
(22.4624 -0.429357 3.67416e-18)
(23.5529 -0.432878 -3.1697e-18)
(24.565 -0.43013 -1.10288e-20)
(25.5213 -0.420736 -1.9225e-20)
(26.4295 -0.403961 2.23197e-18)
(27.2854 -0.378646 -4.00536e-18)
(28.0746 -0.34297 1.94326e-18)
(15.2103 -0.216487 -7.91528e-18)
(18.1413 -0.268327 4.1556e-18)
(20.0685 -0.289218 1.14258e-20)
(21.5182 -0.299113 2.25989e-18)
(22.745 -0.302284 -1.86576e-18)
(23.8447 -0.29976 0)
(24.8641 -0.291409 -1.40877e-18)
(25.8256 -0.27672 1.25969e-18)
(26.736 -0.25492 -1.15519e-18)
(27.59 -0.224907 1.05406e-18)
(28.3726 -0.185159 3.21528e-20)
(15.4231 -0.127643 -3.994e-18)
(18.3779 -0.16298 4.21613e-18)
(20.3248 -0.172634 -1.48954e-18)
(21.7885 -0.174039 0)
(23.0266 -0.169992 -3.75819e-21)
(24.1355 -0.16097 -3.23808e-21)
(25.1623 -0.146562 7.22345e-19)
(26.1287 -0.126135 -6.36318e-19)
(27.041 -0.0988932 8.75074e-21)
(27.8927 -0.0638195 -1.06936e-18)
(28.6675 -0.019478 -2.82454e-20)
(15.6366 -0.0336976 2.02481e-18)
(18.6161 -0.0516579 1.0671e-18)
(20.5824 -0.0494253 -1.50426e-18)
(22.0602 -0.0418554 5.82601e-19)
(23.3095 -0.0301934 3.73322e-21)
(24.4278 -0.0143218 4.19464e-19)
(25.4618 0.00645711 -3.68335e-19)
(26.4331 0.032888 3.28271e-19)
(27.3468 0.0657592 -2.85575e-19)
(28.1957 0.106058 0)
(28.9618 0.155278 0)
(15.8522 0.0647125 -2.04282e-18)
(18.856 0.0646718 -1.0804e-18)
(20.8416 0.0792475 7.59796e-19)
(22.3334 0.096151 -5.90989e-19)
(23.5942 0.115762 4.91176e-19)
(24.7218 0.138831 2.04603e-22)
(25.7631 0.16638 3.6831e-19)
(26.7391 0.199313 -6.74063e-19)
(27.6541 0.238449 2.90421e-19)
(28.5004 0.284774 -8.486e-21)
(29.2588 0.339687 0)
(16.0621 0.168013 0)
(19.089 0.186364 0)
(21.0952 0.213515 2.98683e-21)
(22.6016 0.239808 -1.19826e-18)
(23.8741 0.26727 1.00486e-18)
(25.0112 0.297241 6.80109e-21)
(26.0596 0.33097 -6.1361e-21)
(27.0395 0.369342 5.25846e-21)
(27.9547 0.41303 9.43773e-21)
(28.7967 0.463067 -5.36766e-19)
(29.5468 0.520773 2.20603e-21)
(16.2748 0.277503 0)
(19.3298 0.315772 0)
(21.3556 0.356919 6.18364e-21)
(22.8764 0.393961 0)
(24.1605 0.430731 -7.82532e-21)
(25.307 0.469274 -6.76559e-21)
(26.3621 0.511205 1.19623e-20)
(27.3454 0.557673 0)
(28.2595 0.609711 0)
(29.0956 0.668056 3.50658e-20)
(29.8429 0.72984 -1.12526e-18)
(16.4952 0.391817 0)
(19.5738 0.450063 0)
(21.62 0.505003 -6.135e-21)
(23.1555 0.552367 0)
(24.4513 0.597781 4.1101e-18)
(25.6071 0.643942 -3.56104e-18)
(26.6689 0.692745 3.14619e-18)
(27.6553 0.745394 -5.61071e-18)
(28.5674 0.802447 2.52933e-18)
(29.394 0.863228 -2.28861e-18)
(30.1173 0.92829 4.45669e-18)
(16.7093 0.512656 1.42401e-20)
(19.8148 0.592177 -9.06759e-18)
(21.8815 0.662051 0)
(23.432 0.720745 0)
(24.7397 0.775821 4.17377e-18)
(25.9049 0.830695 -3.64847e-18)
(26.973 0.88758 0)
(27.962 0.947736 2.30841e-20)
(28.8717 1.01174 -2.56717e-18)
(29.6897 1.07985 4.59385e-18)
(30.3969 1.15334 -2.19419e-18)
(16.9314 0.639807 3.43141e-22)
(20.0632 0.741503 1.76834e-20)
(22.1508 0.826914 0)
(23.7164 0.897367 -5.09364e-18)
(25.036 0.962421 4.20789e-18)
(26.2102 1.02622 -3.64551e-18)
(27.2843 1.09128 6.56524e-18)
(28.2752 1.15893 -2.96302e-18)
(29.1816 1.22969 0)
(29.9902 1.30374 0)
(30.6809 1.38129 0)
(17.1531 0.773519 -1.67405e-20)
(20.3123 0.898207 1.84853e-17)
(22.4212 0.999883 -2.63703e-17)
(24.002 1.08265 1.03358e-17)
(25.3335 1.15815 3.32834e-20)
(26.5166 1.23126 0)
(27.5961 1.3048 -5.12312e-20)
(28.5879 1.38015 -5.92264e-18)
(29.4899 1.4578 1.06298e-17)
(30.2878 1.53784 -9.48333e-18)
(30.9626 1.61928 9.46821e-18)
(17.3805 0.915345 -3.49749e-17)
(20.5682 1.06449 1.86897e-17)
(22.6985 1.18341 0)
(24.2947 1.27923 -4.07693e-20)
(25.6378 1.36578 0)
(26.8293 1.44872 -7.52721e-18)
(27.9134 1.53116 1.34706e-17)
(28.9051 1.61453 -1.20612e-17)
(29.8009 1.69922 1.57957e-20)
(30.586 1.78468 4.82658e-18)
(31.2427 1.86823 -1.45225e-19)
(17.6166 1.0649 3.40858e-20)
(20.8331 1.23938 1.88857e-17)
(22.9843 1.37634 -2.70415e-17)
(24.5955 1.48585 2.90863e-20)
(25.9501 1.58402 1.77771e-17)
(27.1496 1.67734 -7.78175e-18)
(28.2377 1.76926 6.84411e-18)
(29.2284 1.8613 -6.14252e-18)
(30.117 1.95372 0)
(30.8877 2.04528 4.88802e-18)
(31.5219 2.13326 -9.53848e-18)
(17.8513 1.2229 3.5542e-17)
(21.0939 1.42358 -3.81017e-17)
(23.2675 1.57911 2.73463e-17)
(24.8944 1.70248 -1.0719e-17)
(26.2607 1.81217 -9.02346e-18)
(27.4682 1.91548 -5.02779e-20)
(28.5598 2.01609 6.96348e-18)
(29.5482 2.11541 -9.83757e-20)
(30.4281 2.21326 5.66509e-18)
(31.1832 2.3083 -4.98279e-18)
(31.7917 2.4007 -4.92469e-18)
(18.0831 1.38976 3.58151e-17)
(21.3565 1.61856 1.92178e-17)
(23.5526 1.79425 -1.38381e-17)
(25.1956 1.9329 0)
(26.5737 2.05554 7.19688e-20)
(27.7888 2.17031 1.24197e-19)
(28.8829 2.28119 -7.05684e-18)
(29.8676 2.38956 1.39685e-20)
(30.7367 2.49519 1.14325e-17)
(31.4747 2.59741 -4.89877e-18)
(32.0646 2.69645 -4.60492e-18)
(18.3251 1.56706 3.49428e-20)
(21.63 1.82535 3.83586e-20)
(23.8487 2.02217 0)
(25.5077 2.1768 -2.19698e-17)
(26.8974 2.31284 1.84297e-17)
(28.1195 2.4393 -1.61743e-17)
(29.2151 2.56044 1.42363e-17)
(30.1945 2.67759 -1.26249e-17)
(31.0509 2.79032 1.11587e-17)
(31.7689 2.89737 1.00457e-17)
(32.3337 2.99765 -2.0265e-17)
(18.572 1.75589 7.28581e-17)
(21.9077 2.04538 -3.79601e-20)
(24.1496 2.26457 0)
(25.8249 2.43606 0)
(27.2261 2.58618 1.87344e-17)
(28.4546 2.72486 -3.27191e-17)
(29.5505 2.85657 1.46743e-17)
(30.523 2.98257 -1.00789e-19)
(31.3644 3.10222 1.80372e-19)
(32.0602 3.21397 -1.63405e-19)
(32.5984 3.31618 -1.03722e-17)
(18.8268 1.95624 -7.35124e-17)
(22.1944 2.27819 3.9658e-17)
(24.4595 2.52093 2.86233e-17)
(26.1511 2.71024 -4.51034e-17)
(27.5634 2.87527 -4.98115e-20)
(28.7976 3.02682 1.66146e-17)
(29.8924 3.16962 0)
(30.8558 3.30483 0)
(31.6799 3.43158 0)
(32.3514 3.54782 1.61954e-19)
(32.8604 3.65171 -9.83053e-18)
(19.0825 2.1705 7.39837e-17)
(22.48 2.52694 -3.99108e-17)
(24.7701 2.79467 2.89566e-17)
(26.4787 3.00261 -2.2817e-17)
(27.9024 3.18295 1.94305e-17)
(29.1416 3.34739 0)
(30.2337 3.5008 0)
(31.1855 3.6441 0)
(31.9894 3.77599 1.21167e-17)
(32.6343 3.89475 -1.09215e-17)
(33.1121 4.00121 0)
(19.3407 2.39803 7.46329e-17)
(22.7741 2.79119 -4.04775e-17)
(25.0892 3.08585 0)
(26.8151 3.3142 2.31166e-17)
(28.2497 3.51148 -1.96306e-17)
(29.4925 3.69031 0)
(30.5795 3.85571 0)
(31.5165 4.0084 2.14195e-19)
(32.2963 4.14706 -1.87068e-19)
(32.9113 4.27079 3.29771e-19)
(33.3607 4.38041 0)
(19.6131 2.64492 0)
(23.0815 3.07776 0)
(25.4226 3.40132 0)
(27.1658 3.65128 -2.34216e-17)
(28.6105 3.86624 1.99143e-17)
(29.8554 4.05971 1.71799e-17)
(30.9347 4.23679 -3.97401e-20)
(31.8533 4.39801 -2.79279e-17)
(32.6051 4.54197 5.04513e-20)
(33.1867 4.66773 3.93786e-19)
(33.6039 4.77609 1.06934e-17)
(19.8899 2.90849 7.56371e-17)
(23.3984 3.38334 -4.12577e-17)
(25.7654 3.73774 -5.91696e-20)
(27.5259 4.01094 0)
(28.98 4.24479 -7.77649e-20)
(30.225 4.45375 -1.73031e-17)
(31.2935 4.64296 4.2788e-20)
(32.1896 4.81276 1.41637e-17)
(32.9094 4.96173 1.2311e-17)
(33.4539 5.08918 -1.11405e-17)
(33.8382 5.19721 -3.19128e-19)
(23.1157 6.95317 0)
(27.1201 8.04287 0)
(29.7432 8.84838 1.30645e-19)
(31.5859 9.43546 2.16629e-19)
(32.938 9.88233 5.22405e-21)
(33.8962 10.2159 3.91968e-17)
(34.5242 10.4527 -3.36663e-17)
(34.9089 10.6177 2.76723e-17)
(35.1405 10.7391 -2.39191e-17)
(35.2798 10.838 -6.39708e-19)
(35.3621 10.9229 0)
(23.6118 7.79762 -1.63039e-16)
(27.7038 9.00746 9.13426e-17)
(30.3398 9.89643 6.89655e-17)
(32.1473 10.5305 -1.11436e-16)
(33.4177 10.9936 4.67882e-17)
(34.2625 11.32 -3.98105e-17)
(34.7774 11.539 3.32042e-17)
(35.0766 11.6879 8.64347e-19)
(35.249 11.7982 0)
(35.3446 11.8877 -1.90403e-17)
(35.3903 11.9602 1.81569e-17)
(24.147 8.82597 3.28444e-16)
(28.3329 10.1777 -2.6367e-19)
(30.9641 11.1597 -2.81449e-16)
(32.7041 11.838 2.35671e-19)
(33.8542 12.3054 9.46956e-17)
(34.5544 12.6102 -7.72227e-17)
(34.9487 12.8042 1.29156e-16)
(35.1649 12.9349 -1.08101e-16)
(35.2805 13.0323 4.56567e-17)
(35.3338 13.1107 -3.82525e-17)
(35.3406 13.17 7.73316e-17)
(24.7067 10.1057 3.30186e-16)
(28.9919 11.628 -7.47975e-19)
(31.5863 12.7098 -5.66069e-19)
(33.2076 13.4204 -1.14732e-16)
(34.1854 13.8689 9.32772e-17)
(34.7181 14.1351 -7.6703e-17)
(34.9903 14.2953 -6.20768e-17)
(35.1249 14.4009 6.2658e-19)
(35.1841 14.4777 4.41308e-17)
(35.1932 14.5372 -5.88216e-19)
(35.1552 14.5803 0)
(25.2607 11.7585 3.32991e-16)
(29.6564 13.4938 -5.58819e-19)
(32.1491 14.6771 -1.45437e-16)
(33.5717 15.3916 2.18742e-19)
(34.3176 15.7887 -9.05219e-17)
(34.6688 16.0012 7.37878e-19)
(34.8196 16.1212 1.19679e-16)
(34.8711 16.1958 -9.95652e-17)
(34.8689 16.2467 8.35591e-17)
(34.8266 16.2822 -6.98822e-17)
(34.7432 16.2929 3.59249e-17)
(25.6739 13.9986 3.31812e-16)
(30.1924 15.9535 -1.90943e-16)
(32.4622 17.2327 2.77832e-19)
(33.5747 17.8916 1.10412e-16)
(34.0515 18.1969 -8.71556e-17)
(34.2211 18.335 0)
(34.2519 18.3965 -4.29626e-19)
(34.2188 18.4192 4.61427e-17)
(34.1516 18.4179 -3.93596e-17)
(34.0537 18.3963 -3.30209e-17)
(33.9139 18.34 2.21869e-18)
(25.7001 17.3974 -3.34727e-16)
(30.3858 19.3496 0)
(32.2138 20.6683 -1.41781e-16)
(32.895 21.1836 8.41761e-19)
(33.0915 21.3441 8.07028e-17)
(33.0872 21.37 0)
(32.9993 21.3351 -5.07654e-17)
(32.8766 21.2647 4.31205e-17)
(32.7361 21.1691 3.52091e-17)
(32.5779 21.0492 -2.98796e-17)
(32.4145 20.8618 -1.92182e-18)
(24.4098 23.1084 3.62115e-16)
(29.4001 24.4296 -4.06818e-19)
(30.5106 25.4731 0)
(30.7073 25.7059 2.01362e-16)
(30.649 25.6252 -1.5424e-16)
(30.4931 25.4314 5.86296e-17)
(30.2957 25.1807 -1.84902e-18)
(30.0838 24.8846 3.49738e-17)
(29.8679 24.5468 -6.46927e-17)
(29.6579 24.1578 -8.10314e-19)
(29.5222 23.62 8.33516e-19)
(18.1346 30.6804 -1.10778e-15)
(23.2062 31.2471 2.04673e-16)
(23.6699 31.4718 1.27519e-16)
(23.6022 31.243 -1.72188e-16)
(23.4852 30.805 6.31623e-17)
(23.3642 30.2652 -2.54628e-19)
(23.2445 29.6574 -3.42222e-17)
(23.1381 28.9855 2.92052e-17)
(23.0529 28.255 3.63496e-19)
(22.9982 27.4807 0)
(23.038 26.6542 0)
(4.02549 30.8182 0)
(6.89436 31.5557 2.46705e-17)
(7.38991 31.2425 -1.529e-17)
(7.75194 30.6667 -8.39889e-18)
(8.18954 29.9811 6.29222e-18)
(8.70882 29.2201 3.68776e-18)
(9.29884 28.3917 -3.06229e-18)
(9.95484 27.4973 3.44568e-18)
(10.676 26.5377 -5.20142e-18)
(11.5046 25.5072 3.40311e-18)
(12.4885 24.3952 -2.51546e-18)
(25.9409 6.87596 -6.76556e-19)
(26.7348 1.57907 0)
(30.7911 6.53783 0)
(29.4095 21.4107 1.47614e-17)
(28.4451 7.0299 0)
(23.7664 0.472681 -2.24767e-18)
(22.7733 1.61784 1.23418e-18)
(23.4167 2.09011 0)
(25.739 3.59239 0)
(34.4682 14.0712 -1.60147e-17)
(25.5325 3.74329 -3.0165e-17)
(25.2791 2.42291 2.66877e-18)
(25.4738 3.74258 0)
(29.2165 0.849845 -7.54712e-19)
(28.632 5.98402 -4.89014e-18)
(23.089 3.73321 0)
(26.8451 2.68414 8.11725e-19)
(28.7667 -1.47791 -6.25508e-18)
(28.4723 0.705634 0)
(26.6475 1.44473 0)
(23.865 2.32325 3.86175e-18)
(24.2689 3.63225 -1.91913e-17)
(26.2848 4.20317 -1.07924e-17)
(24.7389 2.05811 -1.36244e-19)
(32.7519 10.6133 -2.14605e-18)
(25.2457 3.38819 -1.68028e-17)
(34.8064 13.7563 9.38721e-18)
(20.0609 5.26333 -4.49079e-19)
(24.2741 6.34801 1.34865e-18)
(25.7381 0.933278 9.77054e-19)
(25.2264 3.41421 -9.98737e-19)
(25.4209 -2.41903 2.55936e-19)
(25.7459 3.38961 -1.97258e-19)
(25.7933 3.14897 1.1162e-18)
(28.0955 2.60833 0)
(25.6728 2.14092 -9.65526e-21)
(25.8138 3.81906 0)
(25.4978 3.06318 -5.62419e-18)
(25.4458 -2.39825 -4.11069e-18)
(28.7236 2.11756 -1.75562e-17)
(29.8323 1.11416 9.74894e-19)
(26.5984 2.16239 0)
(25.8414 4.04358 3.68175e-18)
(25.6943 -0.664259 4.85525e-19)
(16.3696 22.9643 -6.30462e-20)
(27.719 3.97898 0)
(31.4343 5.3226 0)
(25.8311 3.40077 0)
(26.1958 6.19418 2.34732e-18)
(26.2318 3.45865 -5.05491e-17)
(31.0919 1.31936 0)
(30.727 5.4137 -6.27322e-18)
(25.7154 3.01006 2.50278e-18)
(31.2966 4.6768 0)
(25.7502 -0.700384 1.49294e-21)
(24.416 3.95468 3.75612e-18)
(25.0554 2.2268 1.85162e-19)
(29.1332 5.05773 0)
(24.2674 3.7007 2.01636e-17)
(23.2345 3.10335 0)
(21.6318 1.17565 -3.47552e-19)
(25.3815 2.18896 -2.18343e-19)
(20.8896 1.12702 7.48917e-19)
(28.9199 0.76948 0)
(26.1176 2.05781 0)
(25.8926 2.56224 3.60844e-18)
(17.7242 -2.57389 -6.71124e-20)
(22.7636 -0.468078 3.21884e-19)
(25.7104 2.99842 0)
(24.079 2.52834 -6.83463e-18)
(23.6207 6.71288 0)
(30.9318 2.70406 -2.14115e-18)
(18.0837 -2.5733 1.49468e-21)
(26.6441 1.43793 0)
(32.8276 16.8787 -7.01155e-18)
(25.8554 3.66234 0)
(28.1281 8.7891 2.57966e-18)
(25.1261 3.18817 -8.36414e-19)
(24.2997 6.24887 -1.34381e-18)
(23.3145 0.195968 -1.35261e-18)
(27.81 1.96815 4.53864e-18)
(23.1577 1.91293 -1.56829e-18)
(25.5974 4.37669 2.86018e-18)
(24.0474 11.1844 1.98431e-19)
(19.624 1.16367 7.4909e-19)
(25.4586 2.8829 -1.20611e-18)
(27.0048 -0.324528 -1.4897e-18)
(22.9041 6.51713 0)
(26.0907 3.30815 1.76842e-17)
(25.7546 3.72494 0)
(23.6295 5.58761 -3.3867e-18)
(24.1686 2.75728 0)
(24.0719 1.95679 -2.36893e-18)
(24.7113 2.34308 5.81049e-18)
(26.1522 3.862 -8.54289e-18)
(25.7533 3.67156 -4.37263e-19)
(23.4664 -0.0465098 -3.68292e-19)
(24.8852 2.46958 -1.05241e-17)
(25.735 3.61668 0)
(25.5966 2.1987 0)
(25.7749 3.16095 -2.09821e-19)
(24.38 4.00836 9.40636e-18)
(25.6201 2.25825 -3.99885e-19)
(20.7589 1.98468 7.96667e-19)
(20.7987 1.10607 -8.56101e-19)
(25.4647 2.14819 -4.38838e-20)
(25.1585 10.114 8.1061e-19)
(23.1168 0.0628902 -5.378e-19)
(27.2434 2.5667 0)
(23.1196 1.93116 2.52757e-18)
(22.8824 3.52197 1.03109e-17)
(25.6774 2.31762 3.372e-18)
(31.0362 1.35141 0)
(22.8628 1.49776 2.18034e-18)
(22.6495 10.4354 0)
(27.911 -0.410465 -1.75873e-18)
(24.7196 6.77581 1.31781e-18)
(27.4508 1.93734 -1.52174e-18)
(23.4596 2.04419 0)
(26.2029 1.34161 6.99352e-19)
(25.6321 3.9331 -3.00678e-18)
(28.5825 5.33355 0)
(25.2317 2.24665 0)
(29.9085 0.873157 0)
(24.0322 2.55442 7.03891e-18)
(34.0957 3.63665 7.41743e-18)
(24.8365 8.07965 5.74367e-20)
(25.9201 8.90328 5.84017e-19)
(23.6759 4.23219 -9.39986e-18)
(25.6232 5.23725 5.29164e-19)
(25.42 2.14849 -5.08558e-20)
(24.8538 2.26002 5.73069e-19)
(26.8704 2.62178 -8.13033e-19)
(25.0138 1.71274 0)
(32.3559 17.4359 0)
(32.4848 10.535 -3.99346e-18)
(27.405 1.49654 0)
(23.898 2.10307 2.10609e-18)
(26.6456 1.42771 0)
(24.1713 2.68803 3.15613e-18)
(26.9136 8.89587 8.12923e-19)
(26.3156 3.01031 2.01576e-17)
(26.5906 1.4115 -1.92353e-18)
(25.394 3.24664 -7.84487e-18)
(27.4628 3.59704 0)
(25.3481 2.61766 0)
(30.7334 1.11159 -2.56944e-18)
(27.8883 2.17186 0)
(27.3606 13.9296 5.21984e-19)
(22.9021 1.50521 -6.76627e-21)
(29.5957 5.07995 0)
(26.1821 6.87566 -5.73917e-18)
(25.0524 7.53876 9.75335e-20)
(22.0719 4.55703 -3.83451e-18)
(28.7326 6.19115 5.84032e-18)
(26.0104 3.27027 0)
(25.0301 0.814287 -4.86951e-19)
(25.4313 8.00839 0)
(26.0435 3.9396 -9.5768e-18)
(23.4939 2.02619 1.24084e-18)
(27.6591 3.88866 1.15895e-17)
(27.49 3.52282 0)
(23.8448 2.38532 0)
(22.9655 0.549554 1.28699e-19)
(13.4343 0.25165 2.77399e-18)
(29.0964 1.29333 7.17007e-18)
(24.8082 4.83356 -6.40704e-18)
(20.9812 1.94756 -1.72347e-19)
(24.5469 12.5469 0)
(25.8634 3.49881 2.49028e-17)
(30.7735 -0.419856 1.31277e-18)
(23.9724 11.4366 -3.89373e-19)
(22.0518 2.2428 1.52319e-18)
(26.1203 2.70355 4.75551e-18)
(25.7443 3.61784 3.96754e-19)
(21.6951 -0.157851 -5.85308e-20)
(26.0615 6.80456 2.50834e-18)
(24.6372 2.22746 5.07731e-18)
(24.2149 1.25186 -2.06318e-18)
(26.9396 19.1286 8.20947e-18)
(26.0416 3.18965 0)
(25.3898 3.22382 0)
(22.0568 1.41453 -2.86052e-19)
(24.4626 7.96531 1.24988e-19)
(28.7437 5.39618 -4.50366e-18)
(21.2657 0.51209 -6.22764e-20)
(25.8673 3.34598 -6.88709e-18)
(25.2005 2.21382 -4.09759e-19)
(24.9085 2.18378 -1.30855e-19)
(20.6494 3.40472 3.7785e-18)
(26.0949 3.58895 -1.1861e-17)
(25.9864 3.42812 1.60807e-17)
(21.8449 2.14926 8.30349e-19)
(28.1239 3.2042 -3.7883e-17)
(25.1602 0.147599 -1.15468e-18)
(25.8442 3.34458 1.03417e-18)
(24.5268 2.16992 7.63915e-19)
(19.0561 0.927965 -1.99216e-19)
(29.0562 3.13528 -1.02814e-17)
(26.0993 2.73526 0)
(28.0718 8.68494 -2.43161e-18)
(22.9317 1.16936 0)
(27.3566 3.60388 0)
(29.8419 0.845118 0)
(28.0085 2.68022 0)
(22.535 3.90121 0)
(31.3282 2.45936 0)
(26.2189 3.48344 5.1708e-17)
(21.243 0.56739 2.53994e-20)
(25.9109 3.53072 2.46215e-17)
(27.8011 1.88764 -1.32631e-17)
(24.1871 5.06472 6.91188e-18)
(27.7608 7.65113 -4.5469e-18)
(24.9786 2.33243 2.92501e-18)
(25.1816 2.21584 1.56497e-18)
(10.9846 0.0517416 -5.36548e-18)
(25.6492 3.9115 -1.02479e-17)
(28.1776 0.60107 1.75254e-18)
(26.4489 3.07197 0)
(23.6226 5.49567 0)
(28.5205 8.62435 2.32995e-18)
(24.7569 1.73148 4.46843e-19)
(28.527 6.01609 0)
(25.0818 0.638217 1.1047e-19)
(24.0458 3.06662 7.16994e-18)
(21.4498 5.12415 0)
(25.7843 3.63499 -7.67521e-18)
(25.2983 2.43119 -7.96398e-20)
(26.5277 1.73058 0)
(25.6225 3.19514 -5.86259e-18)
(31.3145 5.33814 0)
(25.9937 3.41312 -2.63033e-17)
(28.2603 7.19607 0)
(22.1994 3.02306 0)
(24.8157 6.81494 -2.50935e-19)
(26.551 1.69508 5.91583e-19)
(24.522 3.66415 0)
(24.9892 2.21851 0)
(27.1718 1.99979 4.76096e-19)
(32.9154 7.36906 1.77483e-18)
(22.0822 2.3133 -2.94466e-18)
(24.3437 1.85675 1.64026e-19)
(26.4272 4.51537 1.26171e-17)
(28.4131 2.04012 4.05531e-18)
(26.5825 1.69955 -5.88631e-19)
(28.5676 8.53296 6.43648e-19)
(23.3328 -0.0963994 -5.63174e-18)
(28.122 0.670875 -1.98113e-18)
(23.1531 -0.363898 3.86955e-19)
(29.5744 6.56788 -4.4159e-18)
(25.0911 3.75843 0)
(30.9537 2.80302 3.89353e-18)
(26.6666 1.43677 -6.15428e-19)
(25.7544 2.67205 -3.25583e-19)
(26.8743 14.0081 8.45368e-19)
(21.0476 4.80742 7.15101e-19)
(25.542 3.56842 0)
(21.5995 -0.93179 3.78418e-18)
(24.9834 2.1653 -4.85102e-19)
(26.5577 1.73489 0)
(24.8936 4.8104 -5.59174e-18)
(25.8242 4.0245 2.78558e-18)
(25.1976 1.22444 0)
(25.7287 3.60869 -2.02511e-18)
(25.3837 3.11 0)
(22.9762 3.49903 -6.39673e-20)
(21.2519 1.31995 9.7049e-20)
(26.3723 5.78549 1.0164e-18)
(28.8693 0.420091 -4.38018e-19)
(26.2276 3.0425 2.42972e-18)
(23.7484 7.64476 0)
(26.9196 2.7941 -1.0304e-17)
(26.4972 1.74091 0)
(25.4651 4.97041 0)
(24.8737 2.2866 -3.31374e-18)
(27.392 1.92626 1.53436e-19)
(25.3291 3.16422 -3.47423e-17)
(25.9532 2.28899 3.96666e-18)
(24.4104 6.22691 -2.58284e-18)
(26.9274 0.389062 1.41321e-18)
(21.9933 2.83651 0)
(28.5757 -1.63518 -4.40264e-18)
(21.6666 -0.110181 7.97083e-20)
(24.4266 1.9476 -8.84995e-19)
(26.8554 2.76063 9.24503e-18)
(24.7746 2.27002 0)
(27.1574 1.06875 0)
(24.0275 1.73227 8.0995e-19)
(24.0838 1.71174 3.85472e-19)
(23.4886 1.67229 0)
(33.0038 7.28473 -3.67395e-18)
(15.1403 -2.41598 -1.35331e-19)
(21.3754 0.938737 0)
(25.5242 3.57041 -2.29059e-17)
(26.0477 4.40685 -1.7531e-17)
(31.2987 2.36997 2.48301e-18)
(21.2478 0.551688 -2.09468e-19)
(25.4064 4.93237 2.57323e-18)
(35.3709 9.8808 -1.79249e-17)
(24.102 1.70951 1.49516e-18)
(24.9001 2.38668 3.72253e-18)
(28.9747 0.853077 0)
(24.9204 2.31301 -1.97549e-18)
(24.7131 0.741496 -1.00747e-18)
(25.4616 2.16553 8.09964e-19)
(26.7795 1.49693 0)
(26.1614 3.51552 9.17536e-18)
(29.2626 0.936052 7.28113e-19)
(32.6514 7.73582 -1.47405e-18)
(28.0577 0.745195 0)
(25.8723 3.40849 4.19765e-18)
(10.6603 -1.32683 -1.01034e-17)
(23.5602 9.50542 1.03924e-19)
(26.1902 6.07146 1.16154e-18)
(29.2157 6.60722 7.83442e-18)
(24.4247 1.93111 0)
(29.8431 1.18728 -9.25649e-19)
(24.8343 2.21785 2.49502e-19)
(25.8078 3.47492 4.83349e-18)
(27.645 0.595295 0)
(24.4006 3.41637 0)
(25.6247 3.99583 -1.56031e-18)
(25.5869 2.11355 -2.13136e-19)
(28.5412 0.778141 0)
(24.0987 5.02444 -3.2921e-18)
(24.8845 2.34214 0)
(23.6162 4.40834 0)
(27.0198 2.131 1.26453e-18)
(27.9473 0.664569 -1.85641e-18)
(20.5664 -2.81604 0)
(22.3213 5.58565 -4.52345e-21)
(25.3078 2.20577 0)
(25.8445 3.41213 -2.11447e-18)
(22.7988 1.69914 0)
(27.9544 -0.338195 1.9445e-18)
(23.5911 1.19728 -1.23124e-18)
(25.4071 0.131032 9.34932e-19)
(25.0712 1.66928 -2.51198e-18)
(22.5017 -0.500917 -2.36839e-19)
(25.5727 2.93335 3.47799e-18)
(21.0117 1.05066 -2.79278e-19)
(25.4657 3.02737 0)
(27.126 10.4483 0)
(19.3965 -1.46508 -1.31725e-19)
(24.7441 1.96491 0)
(25.7528 3.73674 -4.11443e-19)
(27.1395 1.7845 -4.58656e-19)
(29.0451 5.16304 9.57039e-18)
(24.7266 2.20564 -3.29501e-19)
(23.5557 1.2177 4.23724e-20)
(28.1978 -0.0115468 -9.11071e-19)
(26.5436 -0.716514 -7.21649e-19)
(9.35546 10.2453 -4.28609e-18)
(23.2156 0.0519118 -1.23593e-20)
(30.8553 -0.367897 -1.31277e-18)
(24.073 -2.63757 -7.33765e-18)
(29.8789 5.5842 -9.48664e-18)
(28.2297 3.25234 3.53694e-17)
(28.3501 7.16923 0)
(12.1876 -0.576644 0)
(25.0881 5.32148 -1.77859e-18)
(25.4533 0.0908372 -5.05317e-19)
(23.7152 6.32712 -1.77355e-18)
(25.855 3.33527 7.91367e-18)
(25.046 2.31852 -1.65519e-18)
(21.4677 0.171295 1.05357e-19)
(26.446 4.58747 -8.58315e-18)
(26.0493 3.62672 -2.70582e-17)
(28.8447 22.4637 0)
(25.8915 3.37329 1.0585e-17)
(23.497 0.242365 9.57856e-19)
(21.2257 0.594671 3.50919e-20)
(21.5415 5.10774 4.13494e-20)
(26.0966 3.61173 4.00529e-17)
(23.8845 3.06336 4.51829e-18)
(25.8202 8.94594 -4.8352e-19)
(26.0454 1.02985 -4.49857e-18)
(25.2442 2.20442 8.32976e-19)
(27.5003 2.20776 0)
(25.1697 2.5187 9.39206e-18)
(30.7525 8.74395 0)
(28.2185 0.741572 -8.60124e-18)
(26.2419 4.17615 1.51081e-17)
(26.7795 1.63574 -2.95569e-18)
(24.8112 2.22795 0)
(25.761 3.63688 7.31549e-18)
(21.1095 0.822803 2.27603e-21)
(25.9247 3.67085 -1.53761e-17)
(26.2255 3.08184 3.91993e-18)
(24.263 1.30413 -1.1186e-18)
(25.578 3.57237 0)
(24.3226 2.21366 -4.14956e-19)
(25.8753 18.8617 0)
(26.3972 3.06497 0)
(24.9724 1.37246 -3.33722e-18)
(24.4128 6.50693 -1.10053e-19)
(8.33068 7.74852 0)
(26.0148 3.28844 0)
(26.1471 2.30707 -4.0963e-18)
(25.679 3.14798 -6.19251e-18)
(24.7184 8.32909 0)
(25.1765 3.99107 3.53993e-19)
(25.8842 3.39929 -2.01209e-17)
(26.5668 0.360927 -2.88047e-18)
(31.287 4.88765 0)
(31.1938 7.90287 0)
(25.3203 2.70103 6.94986e-18)
(25.0912 3.72831 0)
(24.3177 4.25678 0)
(25.9368 3.38162 -2.78883e-17)
(32.7094 7.61069 -1.58777e-18)
(26.0265 3.96151 -9.67518e-18)
(25.7239 3.20124 -4.67634e-18)
(22.8085 1.66053 0)
(26.3804 2.99205 -1.84619e-18)
(30.6312 8.68434 -1.45989e-19)
(24.3205 -0.515356 7.16329e-19)
(26.3924 3.15035 0)
(25.736 3.59308 3.45732e-18)
(23.4907 -2.70892 -3.29886e-18)
(22.241 4.30294 3.40815e-18)
(25.4645 8.11802 -4.5903e-19)
(24.905 7.98646 0)
(27.9053 6.6033 3.48664e-18)
(22.7245 10.6954 0)
(27.4112 1.91875 5.50078e-19)
(23.002 6.50441 0)
(26.9949 -0.399548 0)
(34.0353 3.47628 0)
(21.7717 1.22439 8.42942e-20)
(30.2747 1.0459 0)
(25.1415 2.21252 0)
(22.9664 1.45427 0)
(25.5294 3.72668 8.91786e-18)
(26.3013 6.82865 8.95244e-19)
(27.211 1.74461 -3.15459e-21)
(21.1209 1.34942 5.20145e-20)
(28.0328 3.48963 -3.62777e-18)
(23.7316 7.73434 -8.19206e-20)
(24.8263 2.26415 0)
(25.8218 3.83785 -5.81985e-18)
(28.8857 -0.0889674 0)
(25.4387 3.01776 1.0518e-17)
(24.3166 2.04326 4.5612e-18)
(32.8777 6.96788 0)
(24.1935 12.7053 0)
(25.471 4.07759 -7.50727e-18)
(25.6794 3.76698 -1.25612e-17)
(30.5872 -0.559157 0)
(25.3849 2.14502 -1.62973e-18)
(21.0728 0.913533 -5.31982e-20)
(29.0456 -1.41469 5.76114e-18)
(27.1619 1.71038 0)
(25.8298 3.43477 2.04256e-18)
(26.9002 5.63766 -1.16293e-17)
(25.3408 2.41109 -5.41538e-18)
(20.1688 5.40057 4.22337e-19)
(26.8722 3.45832 0)
(25.7082 3.78622 9.79207e-19)
(24.8974 1.68269 2.92243e-18)
(25.8096 3.46133 -3.9302e-18)
(25.135 5.25964 0)
(23.3956 3.41125 3.25142e-18)
(26.5737 1.66131 0)
(18.5923 0.912092 -2.34612e-20)
(21.781 3.46133 -1.39249e-18)
(24.1287 3.07364 -7.2667e-18)
(23.678 4.46341 -1.66574e-17)
(22.9045 1.8195 0)
(24.3124 6.4616 7.15594e-19)
(26.6062 1.66622 1.42151e-22)
(22.7277 1.61219 6.84117e-19)
(21.5399 4.66559 1.28038e-18)
(25.7991 3.67551 0)
(22.9229 1.44746 0)
(25.7827 3.62929 0)
(21.4182 0.893718 0)
(23.6496 1.9132 3.12174e-18)
(25.5375 2.65631 0)
(25.7636 3.32367 2.01834e-18)
(25.7411 3.61106 1.11144e-17)
(25.7955 3.38665 -6.16675e-18)
(22.7291 -0.522693 0)
(22.4436 6.61692 2.06226e-18)
(26.9121 2.00056 5.66699e-19)
(24.7462 2.23226 0)
(25.8321 3.55406 1.22292e-17)
(25.709 3.55377 2.70921e-17)
(26.0618 3.20453 -4.5081e-18)
(26.0687 3.32784 -1.32687e-17)
(28.2663 -0.110604 0)
(26.709 5.73778 0)
(25.6388 3.20535 -5.03143e-18)
(18.6865 -1.81125 -6.84964e-19)
(26.6471 2.20058 1.93381e-18)
(25.7622 3.50452 1.96088e-17)
(24.7263 1.97944 -2.50626e-21)
(26.2014 3.30485 4.27599e-17)
(27.0337 1.00333 0)
(23.3058 5.88473 3.55044e-18)
(22.4794 4.30875 -1.79882e-18)
(25.9199 3.66067 0)
(27.3922 1.86977 1.81415e-18)
(24.7864 2.23509 -2.8058e-20)
(24.2573 11.6686 0)
(24.0857 7.22533 -5.47157e-19)
(26.4695 4.10853 4.28723e-17)
(22.8893 1.85853 1.16345e-18)
(25.6462 5.18024 0)
(18.3665 -1.2052 1.04724e-19)
(26.1212 8.86301 -1.72558e-18)
(25.5169 2.14378 0)
(20.5177 3.43715 -1.94453e-18)
(27.1874 1.88774 -7.2067e-18)
(18.8642 -1.41277 -9.83097e-19)
(25.0086 1.70911 0)
(23.8961 8.95194 1.50191e-19)
(24.0338 7.15977 3.7154e-19)
(25.8159 3.59542 9.34357e-18)
(31.1909 4.64223 0)
(26.1163 2.04869 -4.35353e-19)
(24.3434 1.83897 0)
(25.3608 2.93864 1.73652e-18)
(25.9734 3.13992 0)
(23.3784 -0.112365 -4.22664e-22)
(30.5305 -0.602011 -9.0637e-18)
(26.3416 2.24652 0)
(17.3683 -2.41065 0)
(27.6024 5.91267 -1.0211e-17)
(23.02 3.68238 -2.22167e-18)
(28.3385 -0.12792 -3.60746e-18)
(25.8753 3.33666 0)
(24.9444 2.32398 0)
(24.9266 2.9774 -1.13457e-18)
(24.016 2.31264 1.6003e-18)
(24.7633 1.14426 -6.27778e-19)
(28.4356 6.93736 -6.28229e-18)
(29.8417 5.47826 0)
(35.4181 10.0904 1.08731e-17)
(23.0854 2.2199 6.00639e-19)
(26.1656 3.81545 -2.79653e-17)
(23.8742 1.83132 -8.24917e-19)
(25.5152 2.66475 -1.4464e-18)
(24.9382 2.17264 0)
(30.6726 6.50028 -5.76627e-18)
(23.9968 3.70501 0)
(25.7145 5.3893 4.62971e-19)
(23.763 4.23828 8.87635e-18)
(24.5434 7.89576 2.0492e-20)
(26.7914 5.60735 1.02944e-17)
(24.7636 2.04866 -6.01584e-19)
(25.188 2.49926 2.71632e-20)
(25.0957 10.2709 -7.69817e-19)
(18.5916 11.5119 -3.40082e-18)
(29.0841 -1.39836 6.01804e-19)
(24.5244 2.14602 0)
(17.0862 -2.6392 -6.932e-19)
(26.7682 1.48892 0)
(22.0212 0.950752 -1.12716e-17)
(25.9045 3.37436 1.6565e-19)
(19.7534 -2.85009 -1.32706e-20)
(22.3829 6.68935 -1.65573e-18)
(25.0315 0.689726 8.80991e-19)
(19.963 1.15829 -6.10935e-19)
(25.5594 2.12472 3.1517e-19)
(22.6859 1.99721 -2.45422e-18)
(25.3171 2.6716 -8.4983e-18)
(24.934 7.54399 -1.10541e-19)
(25.6965 3.80111 3.99935e-18)
(25.692 6.83596 -3.09234e-19)
(25.8286 3.4067 2.38777e-18)
(31.0761 -0.202783 -5.92553e-18)
(23.1371 7.53192 0)
(24.6885 2.35798 -7.15895e-18)
(24.2087 11.9828 -5.02587e-19)
(20.9769 4.73832 8.01915e-19)
(25.5726 2.12229 6.85045e-19)
(24.0541 2.35783 2.71253e-19)
(23.5942 6.6362 -8.91585e-19)
(25.4931 3.75465 0)
(21.1593 -1.04471 8.05921e-18)
(24.4569 3.62048 -8.33994e-18)
(22.5034 3.81271 -1.61423e-18)
(20.8946 1.38723 -2.02774e-19)
(27.0871 2.01331 5.49764e-22)
(26.3856 1.4177 3.39545e-19)
(23.075 1.65323 0)
(25.8033 3.38333 8.12607e-18)
(25.0061 3.51641 1.08098e-17)
(25.3091 2.46739 0)
(25.3838 0.205855 -5.16569e-19)
(23.7664 6.22241 3.12381e-18)
(27.5684 0.593136 5.51269e-18)
(26.3579 3.18102 -2.11931e-17)
(14.035 -0.696813 1.91218e-17)
(23.7222 1.6085 0)
(25.8777 3.4992 -1.20011e-17)
(29.524 3.63476 0)
(31.172 4.90995 0)
(26.5355 5.24086 8.33286e-18)
(26.2398 3.04376 -1.68237e-17)
(25.5939 3.98726 7.21525e-18)
(24.5925 2.07623 -8.30412e-21)
(18.695 -1.67692 0)
(27.6841 14.3004 -3.11885e-18)
(23.5507 2.54299 -8.25713e-19)
(25.0887 -0.413419 -4.20468e-19)
(23.7101 0.508351 -2.67774e-18)
(25.623 4.3182 2.34367e-18)
(10.4869 -1.55735 -2.10757e-18)
(25.6832 3.79973 -6.89535e-18)
(28.6156 2.14318 1.10429e-17)
(25.774 3.32574 0)
(21.1116 0.832189 -3.28688e-21)
(28.6252 3.80587 3.40236e-18)
(25.214 2.27621 -1.77235e-18)
(26.5954 1.62756 -3.34871e-21)
(24.7229 2.20042 3.40584e-19)
(18.6597 -0.803253 5.22617e-18)
(22.0301 2.56783 0)
(26.3432 5.67012 0)
(24.5645 2.03557 2.16493e-18)
(23.414 2.12627 0)
(26.1099 2.04092 4.42414e-19)
(19.1382 -2.33464 0)
(29.0456 4.33257 1.33215e-17)
(21.6353 1.3962 1.35229e-19)
(29.3375 6.67903 0)
(27.0185 1.70374 -1.03753e-18)
(24.087 0.554093 -3.52772e-18)
(27.3748 3.8909 -1.59351e-17)
(26.138 3.8429 3.46026e-17)
(27.7067 5.88686 -5.68905e-18)
(22.8543 1.20456 0)
(24.6438 3.14849 0)
(26.1462 3.37099 -2.96631e-17)
(27.6074 0.664314 -4.10079e-20)
(25.5181 3.68092 -2.31682e-17)
(25.7571 3.91455 1.65427e-18)
(23.3781 5.81117 -1.75832e-18)
(25.7345 3.60971 -1.45334e-17)
(26.6279 1.63283 -6.06219e-19)
(23.0357 0.517327 1.51959e-19)
(26.6526 1.42751 1.12659e-18)
(23.4419 7.55046 9.01403e-19)
(24.2393 1.29339 1.27726e-19)
(29.2176 1.64462 -3.83658e-18)
(22.7335 2.03041 1.20279e-18)
(25.7379 3.61972 0)
(23.5482 1.24884 -4.3026e-20)
(20.9313 1.38885 1.76574e-19)
(29.7632 1.03273 2.00327e-18)
(23.9691 2.33606 3.30827e-18)
(26.4855 3.133 1.29422e-17)
(25.7946 3.66482 -8.03544e-18)
(24.4476 2.08379 0)
(26.3454 2.66435 0)
(22.0564 -0.337053 1.09082e-19)
(30.8163 6.64642 2.244e-18)
(24.9019 2.4048 0)
(25.8481 8.60526 3.27846e-20)
(24.6645 2.60952 6.1522e-18)
(32.7493 6.9839 1.05204e-19)
(13.7696 3.71121 -3.3974e-18)
(25.6064 3.28497 0)
(26.7764 0.137375 -9.16782e-19)
(21.4462 0.199549 0)
(25.7588 3.63077 5.31744e-18)
(27.354 1.5605 0)
(23.92 1.61581 0)
(25.1607 4.0876 0)
(21.4224 5.23263 -3.57757e-19)
(25.8346 3.386 -5.11371e-19)
(25.4606 6.7695 3.46371e-19)
(24.7257 2.14639 9.11661e-19)
(22.7433 2.63829 0)
(20.999 7.66183 3.3801e-19)
(29.6309 1.90397 -6.03865e-18)
(30.1045 7.02124 3.57186e-18)
(23.6294 1.21424 0)
(25.8335 3.74108 1.60319e-17)
(26.866 0.323097 -3.52485e-19)
(21.3225 0.281761 2.39011e-19)
(27.1646 1.80028 5.83786e-21)
(30.9411 6.25137 -1.09299e-18)
(26.0029 3.85689 2.08185e-18)
(25.9087 3.54816 -1.37927e-17)
(27.978 3.41443 -6.73678e-18)
(25.8572 3.67276 2.53834e-17)
(24.8573 2.30854 1.96164e-18)
(25.3851 2.15497 0)
(27.0601 4.59752 3.75616e-18)
(25.4218 2.17666 0)
(23.0771 -0.407866 -3.9856e-19)
(25.8206 6.79361 0)
(24.5526 1.95629 0)
(31.3253 1.63623 3.03347e-18)
(24.2089 1.22541 2.65172e-18)
(25.7767 3.50039 0)
(22.0096 -0.311536 8.01681e-20)
(25.593 5.08543 -4.68264e-19)
(29.6107 1.80627 -5.12433e-19)
(25.3188 2.22321 -1.29437e-18)
(25.2092 4.01281 -8.20708e-19)
(28.9115 0.384962 0)
(23.3452 -2.70572 3.90132e-18)
(29.5326 5.00577 -3.53362e-18)
(24.6108 2.00158 1.14939e-18)
(28.1103 3.94733 -1.69134e-17)
(21.068 0.89841 -1.56406e-19)
(25.7398 5.17009 0)
(30.1097 1.08053 -1.05029e-18)
(24.9513 1.48573 1.62652e-19)
(30.7986 1.16022 0)
(28.5209 1.7151 0)
(30.0583 1.05398 3.10157e-18)
(30.9286 -0.315337 7.00609e-18)
(22.079 -2.77914 0)
(23.6838 1.92579 -1.50466e-18)
(24.6227 1.59401 -1.99982e-18)
(25.3638 2.17225 -7.0233e-19)
(25.5121 2.32552 -4.80977e-18)
(24.2094 5.13455 0)
(31.3526 1.55924 1.55048e-18)
(24.3175 0.115472 0)
(24.7664 5.70417 0)
(32.8186 10.8618 6.83091e-18)
(23.7281 2.271 8.67443e-18)
(25.6913 3.38165 0)
(24.2855 1.3492 0)
(25.7827 3.5134 1.84678e-17)
(25.7215 3.79358 -1.43437e-18)
(25.6099 3.93093 9.61193e-18)
(24.303 0.16065 -2.31543e-20)
(24.9818 2.23388 1.3647e-18)
(25.2135 2.98029 -1.0535e-17)
(27.0224 1.688 8.82964e-19)
(23.0173 10.7655 0)
(26.5675 2.02806 1.26816e-18)
(19.9615 -2.78865 0)
(25.7356 2.66044 3.25604e-18)
(24.925 1.54498 0)
(23.8126 5.63818 -4.86686e-18)
(22.3163 3.17768 -3.55799e-18)
(24.9845 2.2228 0)
(25.3482 2.91043 0)
(26.414 6.21009 0)
(28.3674 1.21195 0)
(27.043 1.64811 1.52062e-19)
(25.2649 2.20274 -1.65823e-18)
(21.3458 4.83067 1.60193e-18)
(23.7046 1.90051 1.23169e-18)
(26.4728 3.21997 0)
(25.6875 3.49631 1.02837e-17)
(24.4192 -0.460588 -1.40993e-18)
(22.5573 1.82405 0)
(25.6701 3.63709 0)
(26.4426 3.72778 0)
(17.2636 0.192168 1.84873e-18)
(28.6922 0.459876 0)
(10.042 -0.769568 1.09201e-17)
(26.0094 3.65159 -1.24818e-18)
(19.2188 -2.74209 -5.03585e-20)
(21.4983 4.57598 2.46658e-20)
(25.9854 3.86425 6.83686e-18)
(22.1571 4.57172 3.96713e-18)
(24.6512 2.41525 3.77326e-18)
(26.3339 1.42849 3.42463e-19)
(25.0774 3.92602 -2.09921e-17)
(25.3401 2.31899 4.44855e-18)
(20.5491 1.07251 9.67724e-18)
(21.6603 5.00074 0)
(29.3046 0.748238 3.3746e-18)
(28.3559 8.75901 7.25964e-19)
(24.3503 3.38513 0)
(27.5808 0.846366 -1.89328e-19)
(25.7538 3.66422 -1.54998e-19)
(24.2603 1.33676 -1.02207e-18)
(22.0664 2.85225 -3.91604e-18)
(28.4745 4.01527 -2.36118e-17)
(25.8534 3.51035 -1.67592e-17)
(26.0995 3.83737 -1.88101e-17)
(24.7776 1.20328 1.70801e-18)
(27.0699 1.66328 -7.44435e-19)
(27.8071 2.23002 -6.56154e-18)
(26.3596 5.26296 0)
(26.0649 2.91413 -6.55713e-18)
(22.3301 6.07049 -4.26484e-19)
(23.3057 3.11398 -2.16082e-18)
(25.7477 3.71809 5.17417e-19)
(29.917 0.440328 -6.14864e-19)
(24.8594 2.42318 0)
(25.6379 4.41795 -8.75758e-19)
(25.3095 6.61985 0)
(24.0616 1.98166 4.6315e-18)
(25.2982 -0.214777 0)
(24.7272 2.15608 -8.72795e-19)
(26.0967 2.06083 4.00266e-18)
(25.8427 3.65343 0)
(27.236 8.83454 -4.82057e-19)
(26.8918 0.219617 -8.66244e-19)
(24.5276 1.93187 0)
(23.3386 -0.0195798 5.57291e-18)
(26.6171 1.5994 1.04276e-18)
(27.075 1.66132 4.61964e-19)
(24.9515 2.23181 -1.14932e-18)
(27.9293 6.45494 8.87812e-18)
(24.0625 -2.55293 -3.27147e-18)
(19.9738 1.05706 8.91925e-19)
(25.7948 3.68232 0)
(30.8048 4.26287 -9.82577e-18)
(24.0774 0.585401 1.2108e-18)
(24.5343 3.7384 1.44143e-17)
(25.7168 3.71621 -1.51235e-17)
(29.8111 0.883483 0)
(26.4469 3.16624 0)
(26.0303 4.02876 0)
(24.8329 1.99019 0)
(25.5664 6.7305 -1.55193e-18)
(21.5717 5.01002 0)
(13.329 0.00280918 -1.23881e-18)
(26.6522 1.605 -1.31453e-18)
(26.5057 2.90077 -4.79168e-18)
(24.5039 2.19014 -2.06856e-18)
(25.9958 3.635 0)
(26.454 2.91111 9.99586e-18)
(26.4116 1.75932 0)
(24.8213 1.96023 -8.20492e-20)
(25.4135 2.13567 1.07368e-18)
(24.3843 2.49163 -1.12497e-17)
(16.5379 -2.35274 0)
(25.6617 2.7077 -2.53718e-18)
(7.22601 13.3579 -2.36564e-17)
(25.1408 2.51732 0)
(25.3092 -0.346441 0)
(25.7419 3.20485 1.00571e-17)
(30.2857 6.12067 1.53296e-18)
(23.9214 3.11723 0)
(24.9221 2.24577 -1.36846e-19)
(22.5903 5.98367 1.58554e-18)
(24.6575 2.65151 -1.30931e-18)
(25.4834 2.9096 -2.45906e-18)
(25.5988 4.28148 -1.81711e-18)
(25.7555 3.40582 -8.28184e-19)
(25.6781 3.63978 -1.71039e-17)
(22.3784 2.3726 -6.65587e-19)
(24.4682 2.09788 1.72197e-18)
(21.4785 1.93113 4.62592e-19)
(23.8314 2.30188 1.68652e-18)
(25.8326 8.73051 -4.0021e-19)
(25.5198 2.85361 7.21544e-19)
(24.6029 2.71571 1.0114e-17)
(25.6934 2.11223 -1.10153e-18)
(25.4404 3.1939 0)
(22.5804 4.12931 0)
(26.5412 1.88247 0)
(24.9812 1.55498 -7.53617e-19)
(26.1064 2.92958 3.34778e-18)
(24.6322 2.43764 0)
(28.8761 6.24873 -6.9129e-18)
(7.47306 5.22333 -1.50013e-17)
(21.0278 0.974399 1.22805e-20)
(30.6541 5.35055 0)
(25.7594 3.50671 0)
(25.0728 2.33637 3.24621e-18)
(27.1785 2.58554 -5.95569e-19)
(22.3822 2.4238 -5.83863e-19)
(27.0445 1.63897 4.8981e-19)
(25.6231 2.15102 6.4504e-19)
(23.4999 -2.72168 0)
(24.7101 2.06109 1.30743e-19)
(27.3688 -0.419412 -3.01642e-18)
(23.0787 -0.293891 3.24917e-18)
(24.9917 2.33111 2.86369e-18)
(24.5747 3.62545 2.44572e-17)
(24.7743 2.26889 0)
(23.7675 4.6415 9.18963e-18)
(24.7459 2.23503 0)
(25.6648 2.87174 -2.73147e-18)
(25.8281 3.59471 -7.18698e-18)
(28.9512 3.12587 1.71862e-17)
(25.0992 8.11867 4.17141e-19)
(19.7807 1.01571 -7.6847e-19)
(24.2485 -0.0646061 -9.4506e-19)
(25.8435 3.76861 -2.58359e-17)
(22.4443 2.99863 0)
(24.5918 2.0049 -5.33881e-19)
(26.0338 3.60988 1.27995e-18)
(24.7892 1.96727 0)
(12.8572 3.80185 4.3087e-18)
(26.8112 3.49506 1.36337e-17)
(23.7098 5.65521 3.06995e-19)
(25.3596 3.17581 1.84193e-17)
(31.085 2.10952 -2.57105e-18)
(25.6163 0.8682 -1.02783e-18)
(24.1026 2.79703 -1.44111e-17)
(24.6734 4.78839 6.54579e-18)
(24.4838 3.76233 1.92922e-17)
(27.4287 1.8959 0)
(22.2159 1.17971 5.3669e-19)
(26.8176 8.85063 0)
(23.1211 2.76259 4.01477e-20)
(21.0114 0.959157 5.07118e-19)
(25.5141 5.09634 -3.24032e-19)
(30.3101 -0.72222 6.48506e-18)
(25.4309 3.4772 -1.16225e-17)
(27.0821 2.20446 0)
(24.9557 2.31946 -3.52548e-18)
(25.0333 2.2358 4.54885e-19)
(25.0649 1.70298 -6.91272e-19)
(25.5505 3.34473 0)
(29.5402 1.96205 1.08158e-18)
(25.7358 7.04784 -6.65706e-19)
(18.6198 -1.28718 0)
(29.0379 0.518908 7.91098e-19)
(17.689 -1.24706 8.33822e-19)
(30.2152 1.06398 0)
(26.5479 5.17171 -1.42975e-17)
(22.7301 2.70848 -4.00466e-20)
(24.5487 1.92331 0)
(15.4831 -0.545262 -1.761e-18)
(24.9023 2.49504 4.38028e-18)
(23.3895 7.7531 1.10612e-20)
(24.9006 2.45105 6.12611e-18)
(23.1138 7.63363 1.40315e-19)
(21.3436 0.616129 0)
(22.1601 3.08338 2.26946e-18)
(22.8233 -2.66604 -2.04515e-18)
(30.3 1.71127 1.67795e-18)
(27.2189 1.97705 5.95436e-18)
(25.4115 3.19604 0)
(26.3914 2.72457 -8.91527e-18)
(29.6613 7.06253 6.59559e-19)
(33.0128 1.90908 8.05239e-18)
(29.1659 1.7308 1.02882e-17)
(28.5279 5.20594 2.78247e-17)
(26.0421 3.05662 0)
(25.5712 2.12147 6.4821e-19)
(25.1459 2.21613 8.06762e-19)
(24.8443 -0.304642 0)
(22.545 -0.47115 2.84787e-19)
(24.7457 2.22832 0)
(25.5077 3.09068 1.39009e-17)
(25.9036 3.4272 -4.13387e-19)
(21.7598 3.52909 4.20072e-18)
(17.2244 8.56386 0)
(23.2833 1.35188 0)
(24.4421 19.5099 0)
(23.2933 1.32782 0)
(25.0559 3.90184 2.00334e-17)
(24.0043 1.72355 0)
(25.083 2.86245 4.82034e-18)
(25.4005 4.07317 6.23526e-18)
(9.68479 16.4213 1.79236e-17)
(27.0289 8.7009 0)
(25.2881 4.62142 0)
(23.8604 2.10413 0)
(26.0378 8.9441 4.06242e-20)
(24.482 2.08108 -1.60462e-18)
(24.1451 0.66315 -2.66689e-19)
(24.2173 0.700336 -8.67426e-19)
(30.3555 1.809 0)
(24.0744 1.78908 0)
(24.3898 4.24638 0)
(24.4001 3.6577 0)
(25.7775 3.38608 0)
(25.299 8.00358 0)
(24.3347 2.06994 -3.78578e-18)
(26.0493 9.05423 -1.17265e-18)
(24.6764 3.19231 1.49172e-18)
(24.182 1.30362 -1.03759e-18)
(20.3622 1.76324 0)
(25.8965 2.00114 2.17587e-18)
(21.1401 1.39453 0)
(23.0583 2.7374 -6.46498e-18)
(25.3913 3.60001 8.49222e-18)
(25.8408 3.34671 -3.20184e-19)
(29.0013 8.2441 -1.45119e-18)
(34.1514 14.66 8.10467e-18)
(24.3802 2.58233 6.44434e-18)
(26.0179 4.45305 1.09963e-17)
(28.3777 2.15539 0)
(25.7971 3.81595 0)
(27.7884 0.660052 3.35989e-18)
(26.077 3.62845 -1.51129e-17)
(27.2243 5.09368 2.91705e-18)
(28.5301 2.99702 -1.37549e-17)
(28.7523 6.10418 1.17021e-17)
(25.6371 3.5615 0)
(29.3687 0.817215 -4.21119e-18)
(25.3311 2.46492 -3.21353e-18)
(26.1182 3.35669 -2.63082e-17)
(24.8722 2.33684 -6.18665e-20)
(22.3843 -2.81749 7.45913e-19)
(24.8385 2.44914 1.92604e-19)
(25.7687 3.39671 -1.83232e-17)
(26.3073 1.35914 0)
(24.6275 1.18203 -1.95285e-18)
(26.3708 3.10028 -1.11795e-17)
(24.5079 1.2945 8.30257e-19)
(25.0858 3.27517 -9.90316e-18)
(23.0293 1.96231 0)
(25.3535 2.64845 -8.26295e-19)
(25.0333 5.89399 0)
(33.7708 17.0055 0)
(24.0578 6.27542 1.03892e-18)
(24.8291 2.32212 -1.02183e-18)
(20.0872 5.59318 1.43937e-18)
(25.0867 1.67732 2.38117e-18)
(23.3671 7.84124 4.60605e-19)
(26.5617 2.4135 0)
(25.7681 3.43324 8.79937e-18)
(28.6299 2.94494 -1.91102e-17)
(25.875 3.1286 0)
(25.7389 3.61156 -1.45628e-17)
(26.0033 3.0434 -3.08097e-18)
(23.9624 2.05274 2.32598e-18)
(22.8954 6.2617 -2.4916e-18)
(24.1077 4.68395 1.55749e-17)
(24.5014 2.08665 0)
(23.8901 2.42392 1.03822e-19)
(19.6771 -0.480934 4.13026e-18)
(16.1241 -2.48232 0)
(33.5715 2.83167 -1.04136e-18)
(22.4287 3.06883 -1.84341e-18)
(27.1328 8.6655 0)
(26.129 4.61576 9.73554e-18)
(25.709 3.34226 1.5111e-17)
(25.9573 2.61397 0)
(25.9946 -2.39882 -2.71525e-18)
(21.0748 0.876785 0)
(24.6545 2.22926 -1.30035e-18)
(21.6235 0.313451 0)
(27.0774 -0.411308 -1.55585e-18)
(19.067 0.959289 2.01177e-19)
(21.0125 1.04144 8.1478e-19)
(28.1168 7.00795 0)
(26.3643 3.71875 1.92373e-17)
(27.0762 4.29178 2.87366e-17)
(24.8086 2.22237 0)
(24.5581 2.07162 1.82916e-18)
(26.0799 1.70656 -1.64847e-18)
(25.634 3.46981 0)
(25.846 4.30264 0)
(29.5619 6.44403 -2.23001e-18)
(22.9973 1.3997 0)
(25.7363 3.61465 3.01188e-17)
(25.8842 3.28997 2.64979e-18)
(27.1189 4.5535 3.76475e-19)
(11.4047 10.5861 0)
(24.7903 -0.385623 0)
(25.233 4.6583 3.63111e-18)
(22.8158 2.47786 7.8745e-19)
(23.416 4.99979 -5.89159e-18)
(25.5399 2.45995 -3.75834e-18)
(25.5941 3.57805 2.17666e-17)
(27.5611 2.00979 -7.22199e-19)
(22.0883 1.44208 6.81325e-18)
(22.0327 2.36728 1.46843e-18)
(24.3143 0.676501 0)
(28.0219 8.8959 0)
(24.0371 3.20263 1.56642e-17)
(28.6542 8.28742 2.79826e-18)
(22.7754 2.51546 0)
(22.3413 1.57402 -3.89121e-19)
(25.7877 3.31791 3.70945e-19)
(25.7273 1.2934 -1.44603e-18)
(26.2055 2.60296 0)
(25.7394 3.63204 -1.20177e-17)
(25.0532 3.68146 3.0851e-17)
(25.3691 3.65404 3.72661e-17)
(21.3237 5.24467 0)
(22.9357 1.89307 1.2681e-18)
(26.1114 2.77456 8.66841e-18)
(26.7991 2.12577 -1.39146e-18)
(27.2009 1.79799 -4.79144e-19)
(32.1104 1.00758 0)
(24.1846 4.64132 -9.01038e-18)
(28.3007 0.67795 -9.57103e-19)
(27.0807 -0.481739 -8.39572e-19)
(21.0608 0.958943 1.01689e-21)
(22.1872 -0.436736 0)
(25.5197 2.69334 -9.80318e-19)
(25.9011 2.64067 0)
(34.878 11.786 -6.80673e-18)
(26.0152 4.35194 1.59555e-19)
(29.2896 7.26943 2.56872e-18)
(24.788 5.60323 -2.27487e-20)
(26.6334 1.42449 -6.11118e-19)
(25.6778 3.38274 0)
(25.5694 2.11705 2.20366e-19)
(25.7735 3.93145 2.32709e-18)
(17.731 -0.00210979 -5.41102e-19)
(17.1585 -1.1951 0)
(22.4038 5.52601 -1.37966e-20)
(24.1354 5.86825 3.59638e-18)
(27.5056 1.97152 1.62905e-19)
(24.0974 1.7471 5.39479e-20)
(20.6983 7.13804 -1.63484e-18)
(25.3564 6.51866 3.6586e-19)
(25.8546 3.34839 -1.091e-17)
(23.5077 4.92468 1.18604e-17)
(24.4469 -0.377779 6.86838e-19)
(26.0276 4.54515 1.56142e-17)
(22.239 1.06345 -4.50997e-19)
(21.7713 -2.80717 2.26189e-18)
(23.4606 7.4439 -9.05732e-19)
(25.8541 3.78479 3.58769e-18)
(30.1124 -0.760633 -3.5816e-18)
(25.6727 6.9522 1.82667e-18)
(31.282 2.20017 3.02323e-18)
(25.7241 3.70643 0)
(25.8222 3.74197 -5.78149e-18)
(25.7057 3.56403 2.13484e-17)
(26.8556 2.04033 -8.83345e-19)
(27.4299 -0.453498 2.34036e-18)
(27.2723 1.97821 -6.00475e-19)
(21.553 -2.82733 -1.49636e-18)
(26.4165 4.0925 -4.28754e-17)
(25.0553 2.14477 0)
(28.0196 6.83859 5.52734e-18)
(26.3814 3.61448 -1.00178e-17)
(17.8651 0.87621 -1.4927e-19)
(23.0367 1.41207 0)
(25.6759 4.23386 -2.77188e-19)
(27.6125 2.05582 9.48658e-19)
(22.3834 3.2436 4.01796e-18)
(30.3163 5.96774 0)
(25.0477 3.268 2.3624e-17)
(25.936 8.79471 -5.20705e-19)
(27.8546 7.54346 -2.95887e-18)
(24.7402 4.78454 -3.21933e-18)
(21.6247 0.365691 0)
(31.2553 1.27856 0)
(27.9609 0.58934 3.30815e-18)
(24.4707 7.35106 1.44071e-18)
(22.6054 1.80999 -1.35991e-18)
(26.7391 1.47085 0)
(26.7477 1.48227 6.01672e-19)
(25.0148 3.89685 0)
(25.7716 3.3907 0)
(28.9346 4.40271 -1.66932e-17)
(18.4365 -2.33417 0)
(25.9161 3.44105 -1.43389e-17)
(26.5339 2.17626 -5.34528e-18)
(23.4833 9.3565 8.076e-21)
(23.7369 9.51493 -1.17363e-19)
(24.3496 2.32762 0)
(24.3443 2.24408 2.71788e-18)
(25.5394 3.67834 1.0928e-17)
(24.8182 2.33586 2.46995e-19)
(23.7603 8.90729 -2.33217e-19)
(20.8384 5.19815 1.62094e-18)
(26.349 0.285304 6.852e-19)
(24.2724 0.694629 0)
(28.9958 7.99101 -3.96934e-20)
(24.8972 2.2938 2.28092e-18)
(21.6955 5.17629 -9.88012e-19)
(27.7847 -1.04206 -7.39211e-18)
(21.1133 7.81472 1.25715e-18)
(23.0858 3.83363 -4.10788e-18)
(25.6983 3.14539 6.61854e-18)
(28.3467 4.05266 2.04571e-17)
(25.7176 3.35375 -1.12456e-17)
(31.1963 1.26684 -1.94738e-19)
(25.6876 3.50589 -5.37648e-18)
(24.5015 1.98367 0)
(33.4717 16.5197 1.01969e-17)
(24.9753 2.2368 0)
(27.1187 0.483547 0)
(23.7668 1.93452 1.64524e-18)
(24.7372 8.24271 3.17675e-20)
(26.4064 3.70398 -6.99458e-18)
(25.5491 4.388 -3.46641e-18)
(29.3419 4.83185 6.7837e-18)
(26.9474 4.42254 -1.16665e-17)
(25.7684 3.50078 1.31908e-17)
(27.2426 8.75571 9.80778e-19)
(24.9179 4.72662 3.84211e-18)
(25.7754 3.62383 1.13567e-17)
(21.3499 0.273204 0)
(25.779 3.31439 0)
(26.1153 2.66451 -6.76222e-18)
(28.0873 1.28211 0)
(29.1487 1.52794 -8.51681e-19)
(28.1235 -0.078038 1.85098e-18)
(23.3119 4.79437 -5.37546e-18)
(26.6167 -0.647516 0)
(26.5594 -0.806409 0)
(25.1082 2.19434 -1.60345e-18)
(23.8553 4.59189 -7.01338e-18)
(29.1272 7.49284 0)
(27.8394 2.45165 -1.50848e-18)
(26.7509 -0.179644 6.19733e-19)
(25.7715 23.334 1.71477e-18)
(34.0904 3.65242 -2.07514e-18)
(28.2674 -0.0189318 0)
(16.4271 0.403107 1.03731e-18)
(25.6008 3.02124 0)
(25.1021 2.96884 0)
(28.1672 14.0889 2.57612e-18)
(22.6818 2.33641 0)
(24.5663 2.02223 -1.10923e-18)
(25.9091 3.41568 1.51014e-17)
(23.3008 2.41728 0)
(27.0337 10.309 2.26089e-18)
(24.0688 7.04244 -9.25905e-19)
(21.8998 2.40997 1.51519e-18)
(25.9473 3.74756 2.87189e-17)
(18.1836 -1.41208 3.7072e-18)
(24.0425 5.83366 -4.35325e-18)
(25.4744 2.8812 0)
(26.0503 3.99779 0)
(26.769 -0.597666 0)
(25.9902 -2.39218 2.90766e-18)
(25.681 3.02445 3.99643e-19)
(25.0878 2.51125 8.93044e-18)
(17.8677 0.869823 8.14185e-19)
(25.4008 3.61524 8.50813e-18)
(25.7042 3.41691 -2.42596e-17)
(31.0352 2.80396 -3.23599e-18)
(25.8193 3.54846 9.30694e-18)
(23.9397 3.89223 -5.25908e-20)
(21.0013 1.08583 2.72401e-19)
(26.2893 3.04189 -3.03166e-17)
(23.9902 3.25481 7.64556e-18)
(22.6213 3.00871 0)
(28.7306 3.90003 -1.57972e-17)
(25.0466 3.50048 -4.95709e-18)
(22.104 1.08518 1.88465e-21)
(26.1521 3.78645 -1.25784e-17)
(26.2277 8.85395 1.0206e-18)
(25.3912 2.45047 -2.30241e-18)
(25.239 3.00768 -1.71917e-17)
(22.9818 1.97655 1.95078e-18)
(26.4 2.04447 -6.78888e-20)
(22.5736 2.93891 0)
(26.2891 2.98276 0)
(22.6816 1.6576 1.32916e-18)
(13.3365 0.15878 1.73931e-18)
(28.142 1.21671 -2.17417e-18)
(24.7947 2.16039 -4.77641e-19)
(26.6736 2.63421 -8.62609e-18)
(22.6916 1.68903 -1.2884e-18)
(23.6813 0.334585 0)
(23.2833 3.75349 -3.6083e-18)
(26.1599 5.83661 0)
(28.5967 7.72486 5.13857e-18)
(27.2412 1.76341 -7.8159e-19)
(25.5562 8.15619 2.3169e-19)
(24.4679 3.39332 -1.72479e-18)
(23.8944 1.85497 3.53072e-19)
(25.2382 -0.28189 -4.52968e-19)
(17.0007 -0.00157375 1.23013e-18)
(28.8452 5.32461 9.27142e-18)
(30.0821 1.59882 -8.40032e-19)
(23.5514 2.09394 -8.17702e-19)
(21.5954 -1.10398 -6.61127e-20)
(19.9631 0.987405 3.70487e-19)
(24.8134 5.39629 -5.32741e-18)
(25.5675 2.15005 8.50797e-19)
(24.5647 -0.319478 -5.90067e-19)
(22.2808 3.03003 -4.43137e-18)
(22.9614 -0.301774 -3.1885e-18)
(31.8514 2.84169 2.52415e-18)
(25.5636 3.33701 -1.84963e-17)
(25.2293 8.11715 0)
(23.9248 3.74056 0)
(26.065 2.66811 4.18122e-18)
(24.8653 2.3771 2.93291e-18)
(30.0449 -0.591685 0)
(21.0958 1.74727 1.14003e-18)
(28.3946 5.90936 0)
(21.7052 4.37305 6.53679e-19)
(20.6862 3.27646 -4.31077e-18)
(25.0081 3.69111 -1.02218e-17)
(27.7636 9.98319 0)
(22.3006 3.98545 1.98853e-18)
(29.7048 6.96193 -2.08928e-18)
(25.5662 3.75511 -1.4698e-17)
(26.1328 3.50972 -9.02662e-18)
(26.2004 2.04554 3.73646e-19)
(25.969 3.1521 -2.38033e-18)
(31.1482 2.93082 3.35578e-20)
(24.6221 0.970158 0)
(21.0408 0.958977 -3.34457e-19)
(13.92 21.8538 -1.40114e-18)
(25.8612 3.33151 0)
(26.3592 4.47842 0)
(22.0967 2.19146 -2.74829e-20)
(25.348 2.43174 0)
(22.9365 5.29129 0)
(24.863 2.24045 0)
(25.0847 1.71002 1.24407e-18)
(34.7465 5.20786 8.99723e-18)
(25.626 2.34531 0)
(25.1265 1.71631 0)
(25.2247 1.07658 0)
(24.79 8.647 0)
(25.0682 2.21859 -1.04487e-18)
(25.8808 3.29707 -8.70003e-18)
(25.7619 3.62616 0)
(26.7057 -0.664657 -7.71159e-19)
(25.3588 3.51572 2.78027e-17)
(24.5908 2.44515 -6.0042e-20)
(24.5374 1.95901 0)
(22.7183 4.27407 -3.29886e-18)
(24.3444 1.97128 1.06068e-18)
(31.2202 5.25587 -4.15855e-18)
(21.9063 1.56056 5.86472e-19)
(33.3621 10.7053 4.80927e-18)
(25.7597 3.34272 0)
(28.2368 6.16725 4.48438e-18)
(25.3382 2.3494 -1.51333e-18)
(29.4504 3.71894 -2.79511e-18)
(25.1967 1.45896 1.75346e-18)
(25.7103 3.65972 0)
(22.6661 4.05233 -5.86888e-18)
(28.6292 -1.60775 4.62278e-18)
(25.7742 3.61865 -2.84309e-17)
(25.6991 4.26615 1.93939e-19)
(25.946 3.72824 8.26501e-18)
(21.6076 5.19621 1.29685e-18)
(25.4693 3.05868 -2.02916e-18)
(25.4473 3.0117 0)
(23.7924 3.53011 -9.37335e-18)
(26.0993 3.16025 -7.9824e-19)
(29.6032 8.16743 -1.35267e-20)
(21.6062 -0.0457383 9.66395e-20)
(21.2086 0.623211 2.51875e-20)
(21.9834 -2.82861 2.4243e-18)
(25.6185 3.29743 1.71598e-17)
(22.2371 3.66979 -9.58777e-20)
(22.0333 2.99586 0)
(25.5054 4.31058 0)
(29.0387 1.32228 -7.66272e-18)
(29.8647 -0.930865 1.72898e-17)
(25.3464 2.18833 0)
(26.9625 2.00368 -5.94051e-19)
(31.1699 7.76665 3.30064e-19)
(23.997 0.142625 0)
(30.151 1.2229 0)
(27.4717 1.94799 1.48819e-18)
(29.1631 7.36015 -4.77143e-18)
(25.7872 3.32471 -4.63023e-18)
(25.8333 3.38912 0)
(23.8385 0.479597 2.85003e-18)
(25.5417 2.16323 -2.23483e-19)
(24.0716 1.69231 -2.40106e-19)
(25.2505 2.20708 -9.04662e-20)
(25.2618 2.47876 0)
(28.2773 1.63022 8.81489e-18)
(31.3198 4.79439 1.11121e-18)
(25.5815 3.00374 -6.5884e-18)
(25.9354 3.50019 1.45012e-17)
(25.6943 3.00167 0)
(25.3724 3.2972 -3.4934e-19)
(24.3437 1.28805 -8.09814e-19)
(14.6794 -1.11059 4.41208e-18)
(25.991 3.26029 -1.08589e-17)
(31.1903 2.87125 2.21051e-18)
(25.1198 3.04227 -1.79637e-17)
(21.334 1.48373 -3.42538e-19)
(30.1271 1.57489 2.46847e-18)
(27.7567 2.37674 1.2248e-18)
(25.3828 1.30436 0)
(21.4193 0.638977 -1.31016e-19)
(24.8913 2.35423 1.99497e-18)
(25.9255 3.39058 -8.11602e-18)
(24.6655 2.34523 -3.76039e-18)
(24.8447 4.36797 -4.55546e-18)
(25.7409 3.61568 2.90618e-19)
(25.7426 3.61911 2.74537e-17)
(27.1342 5.03056 -1.17358e-17)
(24.8941 2.21806 8.4622e-19)
(26.1534 4.45932 0)
(26.2264 1.06388 3.73354e-18)
(25.9785 3.06436 3.07765e-18)
(25.8716 3.42199 -1.62421e-17)
(26.3937 4.63549 -7.33228e-18)
(20.7989 7.00992 0)
(31.7814 3.63245 0)
(24.9987 -0.466039 4.8699e-19)
(24.3961 0.0214301 8.61005e-19)
(30.961 2.23337 -2.33444e-18)
(25.0386 2.25195 1.88848e-19)
(25.6391 5.35146 -6.08702e-19)
(25.8804 3.28846 0)
(23.837 9.36537 2.22089e-20)
(25.1172 2.53186 4.73269e-19)
(15.7114 -2.40222 -1.41251e-19)
(27.6721 0.95156 0)
(28.2505 8.8226 1.38177e-18)
(24.718 2.31257 -2.20492e-18)
(33.1539 2.04927 -4.3072e-18)
(30.3917 6.17796 1.74581e-18)
(30.2063 -0.59886 1.81742e-18)
(25.9691 3.42845 0)
(30.7033 5.52218 3.32302e-18)
(30.6302 -0.527614 3.15136e-18)
(24.2524 1.37001 0)
(31.8971 2.92878 3.30683e-18)
(24.7301 2.65297 8.49495e-18)
(25.479 3.46826 0)
(24.4194 6.07484 2.66273e-18)
(25.9971 0.324004 1.67184e-18)
(25.3887 3.64453 -2.07389e-17)
(21.1875 1.56177 0)
(22.3993 4.15715 8.62994e-20)
(27.7481 0.764629 2.37996e-18)
(25.6434 3.88562 7.84657e-18)
(24.2244 5.81061 0)
(23.6649 1.18761 0)
(24.9247 3.71304 -8.34706e-19)
(25.8155 3.9427 1.40846e-18)
(25.1839 3.94415 6.85645e-18)
(22.5569 4.30805 2.58763e-20)
(11.8663 0.502157 1.16023e-17)
(22.3516 7.83112 -4.02341e-19)
(25.4766 3.48524 -2.50554e-17)
(25.0569 2.20088 0)
(21.2206 0.641681 0)
(24.4696 1.30899 0)
(26.1862 2.63498 2.85195e-18)
(25.6136 -0.357781 -1.09191e-19)
(29.9401 0.519632 -2.60798e-18)
(24.0497 0.103955 -2.14953e-20)
(24.0933 20.795 4.30355e-18)
(24.3252 1.86965 0)
(26.1615 2.05816 0)
(21.3052 0.694921 2.67618e-20)
(25.5142 3.33914 0)
(26.1108 3.41807 2.48556e-17)
(26.6819 2.57794 -6.16194e-18)
(23.6936 1.72479 -1.02465e-18)
(25.4026 3.13329 0)
(30.399 -0.630987 6.79323e-18)
(25.4233 2.13681 8.26205e-20)
(20.2071 5.72527 2.24543e-18)
(24.7254 8.69555 0)
(27.5248 -0.391775 -1.76241e-18)
(24.3503 2.62138 -7.47165e-18)
(30.7021 4.28875 9.97833e-18)
(24.6262 2.24505 0)
(24.9717 2.38776 2.92939e-18)
(21.4922 4.75278 -1.42097e-18)
(26.8015 8.7193 0)
(26.0593 3.0352 -8.66422e-18)
(25.948 7.00983 -1.66493e-19)
(24.1179 0.636818 2.48109e-19)
(22.194 5.88919 -1.13071e-19)
(24.1629 3.143 0)
(27.7057 -0.348012 0)
(23.9875 1.74232 1.10071e-18)
(25.4807 2.16452 0)
(23.9078 0.373535 0)
(26.3836 8.049 -8.77102e-19)
(24.7332 2.35594 8.0948e-18)
(25.4725 3.67831 1.83791e-17)
(18.2535 -2.5037 5.23945e-20)
(28.5652 7.85147 -2.94073e-18)
(26.5236 3.50362 1.5454e-17)
(24.6205 13.3355 -9.82916e-19)
(22.2483 -2.82984 -1.95773e-18)
(29.2682 6.46647 -1.1992e-17)
(27.58 2.02305 1.39689e-18)
(28.3274 -1.73227 0)
(22.9987 2.14883 -3.86518e-18)
(24.8662 2.21549 5.26847e-19)
(29.7736 2.037 0)
(27.06 1.66548 5.51539e-19)
(30.1117 -0.805761 6.77662e-18)
(25.0834 3.52704 1.53676e-17)
(27.0668 2.23465 0)
(25.7479 3.41581 0)
(28.8985 8.25743 -1.35829e-18)
(26.2848 5.87112 3.30931e-18)
(25.0408 8.00484 -7.94886e-19)
(26.1019 1.51463 -5.25912e-19)
(27.9044 0.591867 0)
(22.5429 6.63718 3.89227e-19)
(25.8561 3.59199 9.17799e-18)
(22.4795 6.22446 2.6946e-18)
(24.4405 3.0039 -1.2755e-17)
(34.9702 6.29305 0)
(22.3962 1.1605 3.54426e-21)
(25.8917 3.55319 0)
(20.0353 0.685037 6.27946e-19)
(23.7236 2.17577 0)
(25.79 3.38511 -3.44374e-18)
(24.0605 1.80942 0)
(25.3805 3.96982 0)
(24.9064 2.25211 -8.08426e-19)
(23.9717 1.83877 0)
(23.507 24.7235 -1.68442e-18)
(17.7364 -2.69142 0)
(25.799 3.69417 0)
(17.9286 -2.68968 0)
(25.8871 3.67786 1.56313e-17)
(25.57 -0.259729 0)
(28.752 1.29126 -3.40829e-18)
(25.8358 3.67944 2.16916e-19)
(24.8811 -0.404629 7.77277e-19)
(26.4862 6.30259 -3.65132e-18)
(21.1146 0.789901 1.936e-20)
(26.4519 3.76751 1.42898e-17)
(24.599 2.09171 1.82476e-18)
(18.2509 -2.45545 -2.63055e-20)
(21.3365 1.40541 -8.46439e-19)
(29.7436 -0.866416 3.44062e-18)
(17.7034 -1.04204 0)
(25.7657 3.53902 0)
(23.8662 18.6434 2.31328e-18)
(27.0212 8.82701 0)
(25.842 4.35517 -4.98915e-19)
(28.358 6.26525 0)
(25.9222 5.7499 1.26707e-18)
(23.7685 3.71309 0)
(26.7303 1.46426 0)
(26.6899 1.46725 0)
(25.3801 3.53064 -7.06084e-17)
(21.4121 -2.67825 -8.40382e-19)
(22.614 1.74582 1.30279e-18)
(22.1294 21.1846 0)
(20.2123 4.77568 -4.44662e-18)
(21.3515 5.55242 0)
(27.9642 2.2316 9.30595e-18)
(24.5657 2.48423 -7.43584e-18)
(25.9363 3.43919 7.98467e-18)
(28.096 4.51032 4.7059e-18)
(28.7151 8.3696 -3.12258e-18)
(20.1138 5.10963 0)
(24.6403 0.93117 0)
(24.7571 2.23834 0)
(26.3295 5.1664 9.49097e-18)
(29.5441 8.07394 -1.92019e-18)
(25.892 3.1805 0)
(26.5851 5.72315 0)
(30.8638 2.68746 0)
(31.5092 5.41545 0)
(22.9805 5.37562 1.99945e-18)
(22.0563 3.05911 0)
(25.9079 3.45632 0)
(20.2822 4.85243 1.78696e-18)
(27.2644 6.8897 3.84864e-18)
(22.1013 2.58108 -7.08367e-19)
(23.6306 -0.000546598 0)
(22.1859 5.95948 1.12443e-18)
(21.0929 7.47979 0)
(23.7433 2.12704 1.18848e-18)
(27.0289 1.64721 5.56455e-19)
(26.2712 8.10866 0)
(24.9238 2.22282 -2.58687e-19)
(26.7328 2.36821 -6.44848e-18)
(31.6324 10.168 5.28803e-18)
(31.8502 3.00915 0)
(30.6716 1.14541 3.1084e-18)
(22.9883 2.10573 2.08e-18)
(21.511 1.94318 2.17432e-19)
(26.8277 2.12477 -1.41764e-17)
(24.6294 9.58779 -3.37917e-21)
(25.6394 2.12361 -1.67167e-18)
(26.7864 -0.271681 2.03754e-18)
(24.8444 1.71746 8.38883e-19)
(20.9984 1.76391 -1.56373e-19)
(26.5328 2.46709 0)
(32.1179 2.57519 -3.38898e-18)
(27.6699 2.12523 2.05426e-18)
(25.8683 3.0462 0)
(28.4747 1.80494 4.60186e-18)
(25.7499 3.4839 7.99608e-18)
(27.3447 1.8309 -6.95765e-19)
(23.884 0.0160068 -1.00401e-18)
(25.8451 2.10764 1.22126e-19)
(24.3856 2.318 5.06909e-18)
(27.1421 1.1448 -1.37775e-18)
(25.3661 3.27282 -8.13397e-18)
(26.4386 1.66991 0)
(26.6147 0.429095 2.43603e-18)
(27.2958 2.61743 9.42298e-18)
(24.3013 7.18629 1.97679e-18)
(24.3539 3.08248 4.87535e-18)
(25.7935 4.03377 -1.04308e-18)
(24.6802 13.7759 0)
(24.5183 5.04606 0)
(22.4681 3.97972 3.6606e-18)
(28.1485 7.91026 3.63164e-18)
(25.4042 3.9394 0)
(27.8931 6.91163 -7.99618e-18)
(25.8482 3.8713 -3.78396e-18)
(28.0407 0.806612 -1.51263e-18)
(24.9223 3.09081 -1.6964e-18)
(25.2452 2.17358 9.91649e-20)
(21.7823 -0.852299 0)
(28.0862 4.28968 2.17749e-18)
(26.6644 1.54652 1.03787e-18)
(26.8379 2.03021 0)
(24.3885 -2.58129 4.32577e-18)
(24.0601 1.76313 8.17846e-19)
(24.9348 8.24265 1.74403e-19)
(26.1189 3.31774 6.33737e-18)
(27.5662 -0.334035 0)
(26.7146 -0.254808 6.4704e-19)
(26.0575 1.50148 5.2615e-19)
(25.8289 3.3822 -1.87081e-18)
(18.0425 11.0646 3.18116e-18)
(28.5233 2.03174 -2.211e-18)
(20.619 1.42815 0)
(24.8628 2.28178 -6.61545e-21)
(19.5219 0.716766 0)
(27.2904 3.53289 2.33753e-17)
(24.7315 2.21257 -6.31437e-19)
(19.4706 -0.293812 0)
(25.9116 2.09652 -6.23042e-19)
(25.7564 3.48847 -8.83322e-18)
(22.6596 6.36801 1.75651e-18)
(25.2165 2.17216 -1.48366e-18)
(22.6589 1.74008 -6.67407e-19)
(28.9301 0.886012 2.33587e-18)
(25.1104 1.68542 7.68997e-20)
(26.1887 1.78447 -8.4968e-19)
(25.9331 3.15746 0)
(31.3051 2.12053 0)
(28.4388 1.44569 -1.22043e-17)
(24.1329 1.90902 0)
(25.7204 3.72959 1.27672e-17)
(25.1435 1.1118 0)
(20.4214 0.738107 4.16627e-19)
(29.2176 0.964334 0)
(25.3284 3.14003 1.38399e-17)
(26.0845 3.28009 -1.61362e-17)
(20.1174 24.3284 0)
(24.9798 1.71267 0)
(26.4346 0.397909 0)
(20.9017 1.17575 0)
(25.7488 3.63618 8.03324e-18)
(28.2436 3.92863 1.50595e-17)
(21.0664 5.52579 0)
(31.7395 3.79811 5.34963e-18)
(26.6991 1.5569 -3.45662e-19)
(22.2865 2.34649 -6.04737e-22)
(23.4722 4.47908 -6.88342e-18)
(24.0443 1.72015 0)
(25.7846 3.56117 1.07212e-17)
(25.9155 3.28282 9.27066e-18)
(23.5269 2.1259 2.85222e-18)
(29.7079 1.68975 2.20593e-18)
(21.0448 0.947509 -2.98371e-19)
(29.7864 1.19779 -1.73209e-18)
(24.8576 5.77362 -1.12513e-18)
(24.7596 2.2501 1.38892e-18)
(28.8867 7.9937 4.13601e-20)
(33.1559 10.932 0)
(24.8059 2.27475 -4.86465e-18)
(25.7754 3.30668 -4.13977e-18)
(30.8609 6.31806 4.15285e-18)
(28.3032 0.574859 -1.22714e-18)
(24.8493 4.41974 2.15934e-20)
(21.5236 0.52281 1.24224e-19)
(25.8367 3.40089 -5.26662e-19)
(26.1521 4.67859 5.23822e-18)
(27.6076 2.19648 2.4305e-17)
(28.7042 -0.954551 1.03496e-17)
(25.4256 2.14954 0)
(24.1059 1.76227 0)
(16.4821 0.206254 4.08293e-20)
(26.5652 2.02142 -1.88177e-18)
(25.3892 2.1837 1.06782e-18)
(26.4153 3.63838 6.95478e-18)
(23.1507 0.934509 -2.22834e-19)
(26.5694 14.3541 0)
(25.5711 -2.33776 4.8991e-18)
(25.6447 3.46431 9.90537e-18)
(25.0784 3.20283 -3.9486e-19)
(30.9621 18.8444 -1.04318e-17)
(24.898 2.32028 0)
(24.5321 4.22655 1.35242e-17)
(25.8866 3.66352 2.44667e-17)
(24.951 2.33423 0)
(25.8825 3.30805 -2.08944e-18)
(25.0812 2.23488 8.27542e-19)
(25.405 3.4836 -2.13379e-17)
(20.9539 5.18632 -2.05058e-18)
(26.3205 2.16771 0)
(25.1078 2.89242 -1.44399e-17)
(24.5391 1.98619 -5.92348e-19)
(25.2798 2.19868 0)
(21.8278 1.15036 2.84939e-19)
(21.3831 4.74952 7.45519e-19)
(30.9587 1.33024 0)
(32.2301 10.7178 1.53081e-20)
(23.9229 2.14866 0)
(22.2493 6.04691 -4.72703e-19)
(24.7642 2.23531 -2.12786e-19)
(25.4377 4.09327 -1.17621e-18)
(25.5037 3.20776 2.49733e-18)
(25.7676 3.45268 0)
(26.0426 3.20708 0)
(28.8378 -0.0441869 1.03516e-18)
(22.9325 1.93748 -2.06799e-18)
(26.7124 1.47752 -8.17947e-19)
(22.7567 7.0806 -1.36285e-18)
(27.3093 1.80793 7.15919e-19)
(22.5513 5.88125 -1.592e-18)
(31.8721 3.41734 -2.85183e-18)
(28.3726 1.29123 0)
(27.8978 2.0435 4.92704e-18)
(27.0777 0.892272 -4.13457e-19)
(25.1584 4.12357 -9.65008e-18)
(31.5595 3.65051 0)
(27.3448 1.96544 6.51926e-20)
(24.5099 2.00211 0)
(21.886 0.316703 2.57165e-19)
(23.9098 10.3754 0)
(15.2417 -0.60821 -2.00487e-18)
(25.4801 3.663 -4.30951e-17)
(25.1589 3.03169 1.10198e-17)
(30.9694 2.01617 -2.54137e-18)
(25.0427 5.82436 4.37919e-19)
(35.2827 12.7278 5.96364e-18)
(26.51 2.2335 7.86162e-18)
(25.9087 5.51096 -1.69529e-18)
(30.6437 5.7052 -3.91913e-20)
(24.8933 2.07816 0)
(28.6709 0.589551 2.08844e-18)
(27.7632 4.40832 -7.46398e-18)
(23.2289 -0.109542 5.62608e-18)
(26.0642 2.5755 -3.23986e-18)
(25.0899 3.00991 5.91944e-18)
(24.8577 8.18955 -2.31316e-19)
(27.2 0.933597 4.32058e-19)
(18.2729 14.0325 -1.91485e-18)
(23.6737 1.69655 9.65876e-19)
(30.425 -0.467525 0)
(26.6887 2.01022 1.46323e-18)
(23.5847 4.63361 -5.38691e-18)
(25.9167 3.27642 -1.0819e-17)
(24.0232 1.98296 -1.32004e-18)
(24.7377 2.3037 0)
(25.7923 3.40998 0)
(23.5196 -2.6981 3.78073e-18)
(23.6127 4.97532 -5.51986e-18)
(24.9673 2.2343 0)
(30.99 2.16862 -2.57978e-18)
(24.933 3.15486 1.64869e-17)
(24.6625 3.07402 0)
(25.796 3.86031 0)
(18.571 12.0689 1.89687e-18)
(25.7126 3.73972 -1.08926e-18)
(25.9429 3.51192 8.39654e-18)
(23.6761 4.58271 9.90172e-18)
(24.2907 2.70126 0)
(16.9462 -1.11166 -3.27503e-18)
(29.1668 4.66858 -6.72439e-18)
(29.6978 0.791877 0)
(25.2301 3.34958 0)
(25.179 2.79561 0)
(26.185 3.08505 -1.851e-17)
(25.7666 3.79336 -2.19984e-18)
(28.1446 4.1801 -2.19479e-18)
(24.4415 7.23523 -1.49838e-18)
(21.3909 -2.7834 2.47967e-18)
(20.1567 5.91312 4.65547e-19)
(25.0173 1.9925 7.90417e-20)
(23.1487 0.118741 1.2032e-18)
(28.8223 1.25553 8.19846e-18)
(24.8728 2.08761 0)
(24.8417 -0.480678 0)
(24.0178 9.39361 -2.38679e-20)
(22.0566 1.60169 -2.54256e-18)
(27.2972 3.91652 8.90222e-18)
(24.9838 1.99771 0)
(26.9847 5.5624 1.56508e-17)
(29.23 7.57912 1.94615e-18)
(25.1282 2.18115 -1.22655e-18)
(24.208 1.15876 3.32873e-19)
(25.8131 3.386 0)
(25.6916 3.76004 1.13878e-17)
(23.8997 3.83025 7.14507e-18)
(21.2808 0.499959 0)
(28.966 -0.0645315 0)
(22.3324 4.29967 -1.94464e-18)
(25.4485 3.68156 0)
(21.5475 4.83448 0)
(25.6492 3.56586 1.38609e-17)
(21.5934 3.907 0)
(26.3866 2.78171 -9.3529e-18)
(22.7245 4.3805 1.36688e-18)
(24.4273 2.09161 1.90431e-18)
(25.8925 3.20072 6.5519e-19)
(25.2002 -0.403694 0)
(25.2935 4.38572 6.65069e-18)
(24.6663 7.92711 -2.1897e-20)
(24.8956 2.21238 0)
(26.015 3.13027 1.80901e-18)
(26.3405 2.79992 -8.23145e-18)
(23.316 9.04448 3.11041e-19)
(28.0721 8.0486 -1.91016e-20)
(26.0264 3.90672 8.91851e-18)
(24.829 5.30002 2.88569e-18)
(26.816 2.19577 0)
(24.2072 1.18059 7.12717e-19)
(22.6795 2.51259 0)
(26.4216 2.61157 0)
(25.7329 3.56329 -2.47771e-17)
(20.8079 0.631412 -2.93167e-19)
(23.9751 1.81963 0)
(24.9325 1.60481 -1.48893e-18)
(25.237 3.63388 2.26019e-17)
(23.4654 3.4566 -6.91893e-18)
(25.3572 2.71388 1.18733e-19)
(24.7207 1.08879 0)
(30.2853 0.969643 -2.41087e-18)
(23.1434 0.611884 -1.68104e-19)
(27.1312 4.43459 1.89141e-17)
(28.8395 0.712488 -1.79849e-19)
(30.6185 5.79866 -6.35842e-18)
(23.3304 4.9739 0)
(25.1482 3.92098 0)
(25.1919 2.73227 1.07631e-17)
(27.2204 1.74932 4.35182e-19)
(21.2578 0.56005 1.08081e-20)
(25.4759 4.04056 9.02511e-18)
(27.7838 -0.334727 0)
(25.5456 -0.351397 1.1106e-19)
(31.1054 8.00528 3.81054e-18)
(21.4933 0.120507 -1.11841e-19)
(24.801 1.56688 0)
(27.3632 1.98286 -6.45615e-20)
(25.6717 4.09371 9.44794e-19)
(27.187 6.98968 -3.75825e-18)
(27.2605 1.54308 6.52222e-18)
(24.9591 4.45174 -1.80991e-18)
(25.6694 4.02927 1.80335e-18)
(27.5736 2.20978 2.81106e-18)
(25.0697 4.38273 1.13367e-17)
(25.6755 4.15972 -1.42412e-18)
(27.3744 2.25623 0)
(24.8687 2.31752 6.38529e-20)
(24.071 1.74275 -2.07797e-19)
(27.0649 2.29032 -2.12401e-18)
(26.1761 3.32417 -2.08098e-17)
(24.8495 1.44434 -3.40133e-19)
(25.5356 1.62167 1.44568e-18)
(24.9345 3.02591 1.17206e-18)
(24.8866 -2.41328 -5.56341e-18)
(25.8578 3.72151 0)
(25.0599 1.7263 -7.43671e-19)
(31.2172 2.35574 2.57405e-18)
(26.0248 1.78667 0)
(25.3385 2.19017 -4.16437e-19)
(25.9855 3.04635 4.04628e-18)
(22.4864 4.08948 0)
(26.2906 1.92083 2.50962e-18)
(25.5945 3.77749 1.18231e-17)
(24.766 2.24611 0)
(24.7485 2.23721 0)
(24.7842 2.26123 -2.85954e-18)
(24.7942 2.2819 5.81201e-19)
(24.7485 2.22977 1.28457e-18)
(31.8169 3.47238 4.3379e-20)
(26.3999 2.03395 -2.19913e-18)
(24.792 2.31115 -1.08688e-18)
(30.5242 2.06198 0)
(23.6232 4.29372 -6.32924e-18)
(25.8065 3.38435 0)
(24.7331 1.71252 0)
(24.2764 3.2057 8.44366e-18)
(26.4338 2.14239 8.92507e-18)
(21.1994 1.60131 2.50089e-19)
(25.1582 4.31782 0)
(25.1301 7.66444 5.88238e-21)
(25.6733 3.97007 0)
(26.0205 3.20121 0)
(22.1442 -0.389085 1.23769e-19)
(25.6933 3.40721 1.80858e-17)
(27.3163 3.41508 -2.35481e-17)
(26.4445 2.24358 -9.80681e-18)
(24.9957 2.38125 -2.92038e-18)
(26.6786 2.32878 0)
(20.9235 -1.08721 0)
(34.8523 12.1129 0)
(25.2136 2.80465 7.7158e-18)
(26.4506 3.24229 0)
(24.9842 2.21832 1.21959e-18)
(31.1549 2.11206 5.37017e-18)
(29.0608 0.800891 1.45342e-18)
(24.862 4.66743 0)
(27.7366 0.832635 -7.79911e-18)
(25.8349 3.70523 -2.83821e-17)
(24.7139 6.4982 3.58558e-19)
(23.3845 -0.00682566 0)
(17.4065 8.17054 3.04134e-18)
(27.5826 1.85605 -1.36155e-17)
(24.1686 2.97494 4.45515e-19)
(24.3689 5.65088 0)
(25.7781 3.78521 8.20642e-18)
(26.4707 4.17747 1.34364e-17)
(29.096 0.563129 -2.45807e-18)
(24.5037 5.50746 2.34344e-18)
(24.7793 2.34741 4.8309e-18)
(24.502 2.45016 9.48787e-18)
(27.5408 2.12915 1.07885e-18)
(24.6338 5.36731 0)
(27.2784 0.526989 0)
(24.3795 3.27194 9.60341e-18)
(24.7507 5.23291 0)
(29.7422 0.858098 0)
(23.447 2.52308 2.81087e-19)
(26.6553 -0.8296 0)
(25.1407 2.21415 -8.04131e-19)
(30.622 8.51344 0)
(25.0549 2.21287 -7.43771e-19)
(25.9537 4.34563 -3.13649e-18)
(23.0752 5.39423 2.75634e-19)
(26.4583 2.35304 1.03031e-18)
(24.9935 2.42417 5.22692e-18)
(25.2013 2.20885 -1.17593e-19)
(25.1969 2.18133 1.21154e-18)
(21.9238 3.21009 0)
(25.8845 3.42965 0)
(25.6772 3.78143 9.52242e-18)
(22.0624 3.26218 0)
(24.8574 5.09865 2.48282e-18)
(21.1851 0.676412 8.57687e-21)
(25.6689 2.88417 0)
(22.2061 3.30289 -2.20623e-18)
(25.7618 8.52259 4.05725e-20)
(23.4425 9.06288 -3.59739e-19)
(26.5949 1.86184 0)
(22.8612 0.0794915 -2.89613e-19)
(25.8263 3.619 -1.15052e-17)
(26.017 5.67243 -4.59419e-18)
(26.261 2.69029 -3.539e-18)
(22.595 4.48911 5.16843e-18)
(23.2896 5.36481 -1.99129e-18)
(24.2764 -0.0994407 -4.95002e-19)
(26.0993 3.25631 3.02759e-17)
(22.1972 1.44581 1.10646e-18)
(19.4474 0.738809 0)
(23.6326 2.38596 0)
(22.2174 1.26516 1.07882e-18)
(25.9888 3.09376 -1.28809e-18)
(23.2117 -0.052588 0)
(28.1229 0.605869 -3.64951e-18)
(27.5252 2.48188 9.75407e-19)
(12.6607 -0.945944 -2.5931e-17)
(25.7218 8.31259 7.09286e-19)
(26.2836 4.50476 -5.31203e-18)
(25.8482 3.68184 -2.88987e-17)
(26.7596 5.85744 0)
(25.9639 3.1092 -7.5703e-18)
(25.4417 4.01227 -9.76502e-18)
(21.9235 -2.82153 2.60185e-18)
(28.1464 6.92398 0)
(29.5414 1.62036 -4.61868e-18)
(21.0611 0.866435 2.021e-19)
(25.4927 2.86173 0)
(28.6763 5.84298 1.15434e-17)
(21.8189 0.202412 -5.31456e-20)
(34.9322 6.32954 0)
(24.1816 1.27538 3.65064e-20)
(23.7624 2.31147 -2.10542e-18)
(24.5646 2.06449 -3.12058e-18)
(25.9695 3.13863 1.04161e-18)
(25.1456 2.20192 2.34231e-18)
(18.5861 13.2604 1.39783e-18)
(23.0789 7.3565 3.11851e-19)
(35.0672 11.4013 -7.16299e-18)
(26.6561 4.03933 -8.30826e-18)
(24.2151 6.04745 5.24619e-18)
(24.4136 2.11037 -1.48769e-18)
(29.4197 1.7474 0)
(23.6459 7.58811 -7.36484e-19)
(26.3357 0.19343 -1.85929e-20)
(25.7621 3.62899 0)
(27.1637 3.9755 -2.92538e-17)
(21.9779 3.27515 -1.26337e-18)
(22.1207 3.32737 2.33619e-18)
(21.8479 3.22462 7.01055e-19)
(24.6249 0.983303 -2.41186e-18)
(25.9862 2.97744 0)
(24.7685 5.1331 0)
(24.7251 1.29158 -1.44205e-21)
(26.1146 2.23844 -1.20515e-18)
(24.369 1.81055 0)
(24.6543 5.26515 0)
(31.3756 5.54783 2.39326e-20)
(27.139 1.69999 5.16002e-19)
(24.5314 5.39983 0)
(29.778 0.966545 -2.74851e-18)
(21.0631 1.0542 -2.56773e-20)
(24.1671 8.17028 0)
(24.397 5.53901 0)
(23.765 2.48329 1.90405e-18)
(24.2547 5.69319 0)
(26.0569 2.6969 0)
(26.0514 4.51112 -1.36916e-17)
(23.82 3.44982 -1.5652e-17)
(25.7488 3.63197 -8.69487e-18)
(24.8705 5.00457 5.11476e-18)
(21.9282 0.368667 -3.90518e-19)
(22.2685 3.36635 1.06428e-18)
(24.9578 4.97097 0)
(31.353 5.10012 2.86305e-19)
(24.9109 9.18027 0)
(26.0874 2.74262 0)
(25.7811 3.71823 8.96253e-18)
(25.8054 3.62031 2.50836e-18)
(21.2444 4.8441 -1.45028e-18)
(25.8548 3.85809 2.67317e-18)
(22.3558 3.33948 0)
(26.9441 2.15389 -1.90781e-18)
(30.9208 1.26177 0)
(25.8406 3.6403 0)
(25.7212 3.99697 -3.15895e-19)
(25.0847 1.29522 2.41341e-19)
(25.8181 3.63642 0)
(25.7599 3.55241 1.03448e-17)
(27.315 10.4073 0)
(30.2336 -0.456059 0)
(31.2457 5.13503 0)
(29.9665 1.17851 -2.12591e-18)
(21.0862 0.974094 -2.8408e-20)
(25.8097 3.60378 1.71705e-17)
(24.3167 6.01095 0)
(22.8013 2.59628 0)
(21.5479 10.6528 0)
(26.4177 2.29714 3.43129e-18)
(25.7553 3.43511 -3.68739e-18)
(24.7675 1.15631 -1.50439e-18)
(26.411 2.19851 -5.08482e-18)
(25.9456 3.15426 -1.04322e-18)
(31.8403 0.461606 -4.53372e-18)
(21.2135 1.19053 0)
(24.7687 2.0868 5.24197e-19)
(24.8996 5.4554 -5.16246e-18)
(23.1827 7.33172 0)
(22.9574 7.13041 1.43931e-19)
(25.716 3.75551 -1.25459e-18)
(23.2757 3.84033 5.55836e-18)
(21.0351 0.997479 0)
(21.0456 1.13562 0)
(26.3965 2.09629 -1.36893e-18)
(31.0667 8.98224 1.43598e-18)
(29.1678 1.36085 0)
(28.0983 6.23813 0)
(34.3873 4.45684 0)
(28.5222 0.64846 -4.7144e-18)
(27.0528 -2.10771 0)
(28.495 3.86005 0)
(26.3199 1.98399 -3.56043e-18)
(25.5487 3.75585 -5.61557e-19)
(25.7444 3.63373 8.45783e-18)
(20.754 1.14929 1.06957e-18)
(25.0076 2.40179 -5.11324e-18)
(24.7655 2.6574 -1.86161e-17)
(24.2443 3.13969 0)
(31.0737 4.83809 0)
(20.3037 1.10719 -8.65647e-19)
(23.2497 2.44098 7.26477e-19)
(21.1134 0.897501 -3.39561e-20)
(24.3452 3.20526 -1.27626e-17)
(26.7606 -0.35134 -6.84261e-19)
(26.1138 1.85587 -2.39764e-18)
(26.2067 -0.642652 0)
(24.7729 1.27585 -1.39078e-19)
(26.2593 4.56495 5.56136e-18)
(24.9502 2.16044 2.79634e-19)
(24.3077 -0.593424 -1.13716e-18)
(24.5537 2.04171 -1.70664e-18)
(26.0009 1.81961 1.52067e-18)
(22.7252 2.84803 0)
(24.7755 4.33719 5.38757e-18)
(28.1634 4.40381 -4.76512e-18)
(18.4699 0.687231 8.39939e-19)
(24.8593 2.33912 0)
(16.46 5.70827 -1.80506e-18)
(25.6975 1.70876 -1.45514e-18)
(25.8661 3.64048 1.16996e-17)
(21.5676 0.3919 0)
(25.1452 2.96156 1.26897e-17)
(25.9375 3.46876 0)
(24.7613 2.22864 -6.25614e-19)
(24.7597 2.24555 -1.11888e-20)
(26.3165 8.75605 -6.28851e-19)
(25.5369 2.16257 2.37566e-19)
(24.7803 2.25709 2.57714e-18)
(24.7483 2.23751 -1.54085e-18)
(24.7964 2.27465 0)
(29.0706 -1.40938 0)
(24.8026 2.29994 4.11827e-21)
(25.9988 5.33951 0)
(24.7967 2.33257 -4.26841e-18)
(25.0293 1.51877 -1.19956e-18)
(28.0356 6.69226 4.93426e-18)
(24.4926 3.95897 -5.0185e-19)
(26.7062 1.53903 6.81946e-19)
(26.4319 2.40793 1.06745e-18)
(26.0534 8.75696 -1.06071e-18)
(28.6978 0.548983 -2.81772e-18)
(24.2437 1.26017 0)
(28.6394 -1.46524 3.07946e-18)
(25.569 2.90747 4.36591e-18)
(21.0639 0.899916 -2.03416e-19)
(24.8479 2.3113 -2.06244e-18)
(25.7718 3.37836 0)
(25.5899 8.66002 0)
(24.817 1.98276 0)
(22.4629 7.79892 1.15584e-18)
(24.9737 9.25315 6.39034e-20)
(22.2135 4.22655 1.87516e-18)
(25.0861 2.49083 5.38272e-18)
(21.1422 0.819391 0)
(22.7428 8.12382 0)
(31.639 3.67485 0)
(26.5635 1.42791 3.97476e-19)
(25.8423 7.95017 -1.27741e-18)
(24.6182 4.37007 -3.01694e-18)
(24.3839 1.85373 0)
(24.3048 1.86253 2.67726e-18)
(25.5258 3.38803 1.36805e-17)
(24.9786 3.05995 1.5011e-17)
(23.781 2.41304 -3.95583e-18)
(20.2944 6.03048 -4.62663e-19)
(28.6499 5.68702 2.34035e-18)
(23.2778 0.194391 0)
(25.7625 3.53721 1.1982e-17)
(23.901 2.20201 -3.84364e-18)
(26.4733 3.0057 0)
(24.9028 2.32907 1.19605e-19)
(24.5448 12.1964 5.36361e-19)
(25.9919 3.04805 0)
(23.014 5.58863 0)
(26.9076 4.49667 0)
(24.6669 2.14734 -9.66662e-19)
(24.6983 2.14671 -9.06447e-19)
(25.7693 3.54038 -1.17055e-17)
(25.7428 3.62865 1.10409e-17)
(20.6365 -2.84934 0)
(26.1011 5.49151 0)
(24.6966 1.9838 0)
(24.7573 2.25089 1.53298e-19)
(27.0756 2.32095 -1.97389e-18)
(27.6516 2.15518 -1.61192e-18)
(26.6758 2.01262 5.92015e-21)
(24.4994 9.58012 5.91296e-20)
(25.1293 2.21798 -9.06278e-19)
(27.0027 4.22239 0)
(26.1219 3.56431 -2.94701e-17)
(25.0028 2.44825 -4.96757e-18)
(24.4469 3.26882 -8.35753e-18)
(25.7249 3.61114 3.29371e-18)
(25.7567 3.67727 1.43774e-18)
(27.4021 2.28978 2.31729e-18)
(24.8944 1.47713 -1.76822e-18)
(27.2553 1.77127 -8.19042e-19)
(19.1039 -2.40477 -9.36143e-20)
(24.4981 2.01441 -2.15957e-18)
(26.3071 6.00709 -5.38799e-18)
(21.3691 -1.18013 -5.16071e-18)
(24.9415 2.07204 -4.33323e-19)
(23.9406 1.83864 1.51869e-18)
(24.0324 1.8035 -7.79596e-19)
(25.6774 3.67273 -1.91182e-17)
(26.0693 3.35559 -2.78883e-17)
(21.1702 0.745063 -1.81885e-21)
(30.5903 5.03124 -5.75047e-18)
(26.0607 5.90878 0)
(26.6746 1.51953 1.03107e-19)
(19.0694 -2.78046 -1.7687e-18)
(22.5368 3.72929 0)
(27.6138 2.1045 0)
(27.9932 0.271137 0)
(22.7589 6.82669 0)
(23.4507 1.82281 0)
(23.1874 10.63 -9.59507e-20)
(27.6041 2.24329 1.81078e-19)
(27.4489 1.05048 -1.73444e-18)
(22.7348 2.08676 2.25783e-18)
(25.1496 2.19812 0)
(25.978 3.06041 1.00833e-18)
(25.519 3.04726 -7.8521e-18)
(22.8851 1.78811 -1.40488e-18)
(26.1827 2.54799 -1.80287e-18)
(24.5213 2.48824 0)
(25.6875 3.99804 3.44437e-19)
(25.8958 3.63791 0)
(24.0043 5.73677 0)
(24.0205 1.77619 2.39224e-18)
(28.2494 7.91265 -1.85607e-18)
(22.5541 6.16177 -3.25675e-18)
(28.4022 -1.06468 8.40264e-18)
(29.5249 1.73148 4.63532e-18)
(24.7837 2.37294 -4.59938e-19)
(22.927 5.76412 2.68219e-18)
(25.7405 3.58484 0)
(26.2255 5.64179 0)
(22.8638 6.83271 -2.00833e-18)
(24.1772 2.9998 1.31406e-17)
(25.6198 3.87387 0)
(27.174 1.78477 1.00406e-18)
(25.4609 3.23511 1.56946e-18)
(24.3252 5.88979 -1.46007e-18)
(26.6884 2.36184 1.35873e-19)
(22.3725 3.93202 -2.73532e-18)
(26.4958 4.46716 -1.76073e-17)
(26.4693 2.46313 -9.74848e-19)
(27.4207 8.94408 -1.01963e-18)
(26.0656 3.54731 -1.08728e-17)
(25.0964 4.32117 -9.25447e-18)
(26.1745 3.3546 0)
(25.7377 3.63676 3.33894e-18)
(25.674 3.20416 8.40126e-18)
(26.9977 2.6786 2.2771e-17)
(25.6772 3.91869 0)
(26.2748 2.37092 -1.21009e-18)
(27.4108 5.6092 -5.89709e-19)
(25.403 1.21121 0)
(25.2448 4.26604 0)
(26.1184 3.06299 0)
(25.4237 3.56019 9.61985e-18)
(24.5529 6.28534 -9.92444e-19)
(27.8726 0.806644 1.29726e-18)
(30.9806 8.88294 -1.45925e-18)
(25.9532 3.1834 -5.9633e-18)
(25.6874 4.05853 -4.70022e-19)
(25.3717 2.16756 -4.66629e-20)
(27.3176 3.72458 -3.32833e-17)
(24.4879 3.32624 1.72411e-18)
(24.3946 3.50317 -9.23827e-18)
(25.6795 3.16506 0)
(25.9703 4.25172 1.49902e-17)
(23.633 1.71954 -3.81951e-21)
(26.3366 3.85119 0)
(25.4372 2.17605 2.14659e-19)
(28.9877 4.84091 5.15563e-18)
(25.2274 1.37023 1.71076e-18)
(23.2072 7.23089 0)
(27.8994 0.74821 2.95372e-18)
(24.5223 3.44365 2.06695e-17)
(23.4514 2.22092 3.76994e-19)
(26.0711 2.7722 -2.98162e-19)
(23.8803 1.88432 0)
(24.7905 2.24055 2.84806e-20)
(24.3656 1.86474 1.22552e-18)
(23.9307 1.85982 -1.85026e-18)
(25.4456 4.28936 3.99629e-19)
(24.9682 4.88096 4.66147e-19)
(26.4249 2.05196 6.79601e-20)
(24.2795 2.75863 3.38939e-18)
(23.6875 2.00086 -1.69403e-18)
(24.0177 1.82166 -7.50724e-19)
(25.049 2.22733 1.09636e-18)
(24.3023 0.742205 -2.11625e-18)
(27.5952 1.96796 4.10237e-18)
(24.5125 2.67127 6.95475e-19)
(28.0611 8.99212 1.79272e-19)
(23.9683 6.96101 1.23904e-18)
(24.4978 2.5284 0)
(27.0095 1.1316 -1.22263e-18)
(24.1465 1.79328 -5.74314e-23)
(25.5834 2.681 -5.26072e-18)
(24.7626 2.39292 0)
(21.002 8.0164 -1.33349e-18)
(25.7492 2.11642 0)
(20.3658 3.80821 -2.07602e-18)
(25.2347 2.20155 4.94675e-19)
(23.1505 3.43188 -4.52024e-18)
(23.2162 2.55004 -6.34061e-19)
(31.2867 5.47855 6.62114e-18)
(25.6722 3.69359 -2.16844e-17)
(22.0573 2.4383 0)
(22.42 3.40888 1.87978e-18)
(24.2913 1.87617 -1.37429e-18)
(22.758 0.15391 0)
(25.6222 3.8468 -5.03181e-18)
(24.2373 7.99122 -4.24561e-20)
(25.0458 3.60397 0)
(23.8953 3.4242 4.48322e-18)
(24.9853 2.47097 4.76313e-18)
(24.9993 4.38696 0)
(28.8524 4.88954 7.8041e-18)
(33.3333 2.60396 -2.49809e-18)
(28.1778 0.790734 1.67287e-18)
(26.2462 2.78657 -8.2986e-18)
(23.2444 7.50615 0)
(22.788 2.00076 1.22342e-18)
(22.2502 5.55578 0)
(27.2971 1.09343 0)
(28.4972 0.820828 -4.13614e-18)
(25.6896 3.94284 0)
(21.255 0.696818 0)
(25.6383 1.0433 4.57841e-19)
(25.0574 2.19998 1.24486e-18)
(25.4222 2.70945 5.52052e-18)
(27.5054 2.02307 4.09302e-18)
(28.7946 0.863602 -2.37223e-18)
(21.8398 10.4901 7.65397e-19)
(24.2555 8.10071 0)
(24.6996 8.04694 0)
(26.5095 3.53944 -3.12367e-17)
(27.0071 1.21185 0)
(27.7886 0.994259 0)
(26.9129 1.64775 5.3298e-19)
(29.0842 0.927962 8.21908e-18)
(24.9538 2.06185 2.31605e-19)
(23.9203 2.05723 1.77812e-20)
(29.3649 1.0155 0)
(31.1463 5.05123 -4.13743e-18)
(25.2234 3.05075 1.75687e-17)
(29.6498 1.13689 1.72107e-18)
(29.2227 -1.32802 -2.43752e-18)
(24.846 2.32312 1.02609e-18)
(29.9193 1.26781 -3.86432e-18)
(24.3832 3.13851 2.43579e-18)
(23.7188 0.126035 8.57627e-20)
(26.2227 2.05413 -5.56334e-19)
(25.0428 3.78097 0)
(22.2178 2.53683 6.76445e-19)
(33.625 2.95663 1.79594e-17)
(24.9173 1.65744 -1.44477e-18)
(24.7385 2.22061 6.28377e-19)
(25.2471 7.66303 9.24782e-19)
(24.1135 3.21399 -6.71395e-18)
(26.2264 4.44304 0)
(24.384 2.05553 0)
(28.6574 2.39213 -7.97552e-18)
(23.0977 6.82735 -5.84967e-19)
(22.8711 5.95027 -2.6056e-18)
(30.5239 8.45806 0)
(24.9667 2.34895 0)
(28.6838 3.37092 -1.48006e-17)
(25.6932 4.12358 -5.62213e-19)
(21.5729 0.443186 0)
(24.3948 -0.696601 1.35118e-20)
(28.8318 0.823754 0)
(31.4124 2.72165 1.37824e-18)
(25.1879 4.26248 0)
(22.8506 -2.70435 -2.10815e-18)
(24.1294 1.92428 0)
(22.9978 1.28727 -7.47714e-19)
(21.7987 3.15934 0)
(16.046 -1.1202 -1.59874e-19)
(24.5402 2.00339 -1.14707e-18)
(22.5627 0.230078 -9.30875e-20)
(30.1968 6.99627 -3.91563e-18)
(27.8299 0.932715 -5.06267e-20)
(25.4489 5.03116 8.63484e-19)
(25.8075 3.72055 -6.2694e-18)
(24.2913 2.67573 -2.22994e-18)
(29.1246 0.895176 -5.14304e-18)
(23.5525 6.79075 0)
(25.147 2.22224 -1.38461e-18)
(24.4255 2.14392 -9.35727e-20)
(25.0281 2.20885 9.70772e-19)
(25.876 3.54652 6.46e-17)
(26.1253 3.25874 -1.98104e-17)
(25.2586 4.35351 0)
(24.7255 2.75542 -1.81129e-18)
(25.5404 4.27368 0)
(25.8894 3.17707 4.79434e-18)
(25.7099 3.02711 -5.58884e-18)
(16.3888 0.368375 -1.12772e-18)
(24.21 1.31506 0)
(21.6437 4.41132 0)
(25.3355 2.97253 0)
(22.8281 -0.479357 -3.36508e-19)
(26.7209 2.14112 7.32428e-19)
(21.8451 1.65651 -1.39465e-18)
(23.505 1.20109 8.43882e-19)
(26.1574 3.05589 0)
(26.006 3.61396 1.67783e-17)
(26.163 3.73067 -3.34125e-17)
(25.101 -0.350223 1.91751e-19)
(25.0482 8.22597 0)
(25.5424 2.16848 -4.7848e-19)
(25.9068 3.48532 -1.33062e-17)
(25.3855 3.24023 1.31041e-19)
(21.8592 3.44908 -1.01767e-20)
(24.5308 0.752685 0)
(24.7082 2.02624 1.77409e-18)
(23.5045 0.0749426 0)
(29.709 1.11878 3.31225e-18)
(26.087 3.40034 -2.28148e-17)
(24.9342 3.68038 0)
(27.5713 2.15796 3.26617e-20)
(23.2962 1.96183 0)
(23.9966 1.76748 -8.13105e-19)
(22.6429 3.93218 0)
(34.4398 4.60225 8.85772e-18)
(29.9759 1.25773 1.92704e-18)
(24.3411 4.98702 5.43879e-18)
(26.0445 4.30681 -1.46274e-17)
(20.6227 1.46765 0)
(13.9847 -0.428649 -3.63852e-18)
(24.2339 1.87104 6.77173e-19)
(25.4895 2.1485 9.40938e-20)
(25.7457 3.57616 -2.37092e-17)
(23.9364 2.24064 4.08858e-18)
(25.5339 3.37455 0)
(26.0619 6.65971 2.61776e-18)
(23.7526 1.95868 -4.38163e-18)
(23.4846 5.34508 -1.64814e-18)
(25.9721 3.63518 -2.3886e-17)
(25.9273 3.63007 0)
(26.25 4.01086 -2.48207e-17)
(25.2769 3.00326 -1.57969e-17)
(23.6122 1.71188 1.38312e-18)
(27.2303 1.76613 4.65871e-19)
(26.3557 2.21305 0)
(30.2396 2.1665 -5.54978e-18)
(20.9801 1.13951 0)
(22.6937 8.06741 -3.31489e-19)
(22.274 -2.82628 0)
(27.8885 4.40377 0)
(25.4527 2.17896 0)
(25.4499 3.24498 1.40428e-18)
(28.799 3.45329 1.52733e-17)
(26.1127 4.40249 1.27542e-17)
(28.0277 3.27557 0)
(24.987 2.22392 8.50789e-19)
(21.4112 -2.75388 -1.07573e-18)
(27.1455 7.4407 2.12222e-18)
(24.9048 4.58283 -4.37834e-18)
(24.8817 2.25467 2.22281e-18)
(23.1975 3.1601 2.44076e-18)
(22.8504 6.14578 0)
(24.7793 2.06591 6.3394e-19)
(22.3281 2.34224 -1.0313e-21)
(28.9385 0.621986 3.1527e-18)
(27.4553 0.628055 2.73213e-18)
(27.2133 1.60797 -1.09444e-17)
(26.7938 3.56504 4.37937e-17)
(25.8493 3.70647 1.141e-17)
(28.3728 -1.3561 -1.43644e-17)
(23.4986 4.58533 -2.85337e-18)
(21.191 0.655803 -3.81032e-20)
(20.9947 0.869522 1.16111e-19)
(21.4811 0.607353 1.94301e-19)
(26.3432 3.9316 -1.15282e-17)
(26.2946 2.76627 -3.18491e-18)
(32.3535 6.489 -7.68721e-19)
(25.6943 5.00801 1.7163e-18)
(26.7256 0.344675 1.29046e-18)
(27.2892 1.80123 0)
(25.67 8.10936 0)
(27.6668 4.0956 2.23693e-17)
(26.9166 4.25843 0)
(29.6918 6.24069 -4.99367e-18)
(25.7914 2.09045 9.82935e-19)
(30.0899 1.23395 0)
(33.7171 14.6907 0)
(26.2775 0.2077 6.37051e-19)
(25.6089 4.19835 1.41647e-18)
(27.1164 7.6713 -3.15912e-19)
(24.7745 3.8823 1.43515e-17)
(27.5515 8.64674 1.50692e-18)
(24.6709 2.15395 0)
(24.0021 3.12443 -1.49971e-17)
(24.7653 2.25144 1.1421e-20)
(25.6933 3.69168 0)
(25.8084 3.35053 -4.3791e-18)
(25.816 3.688 -1.29442e-17)
(25.3901 2.69398 6.1974e-18)
(28.0606 4.0682 -1.57345e-17)
(24.8092 2.28014 4.79393e-18)
(23.8279 2.28474 -6.37118e-18)
(29.5538 1.0043 0)
(25.8633 2.09965 4.65904e-19)
(25.4259 3.256 -1.40451e-18)
(21.5813 -0.0198909 0)
(25.8876 4.27772 0)
(26.2487 3.11868 -8.70358e-18)
(27.6517 1.79951 1.24807e-17)
(21.6851 1.11217 0)
(30.1566 1.16178 0)
(25.0357 2.3106 3.70629e-18)
(24.8276 2.24436 1.74447e-18)
(31.3812 5.64654 4.63518e-21)
(25.7158 3.69332 -6.08393e-18)
(29.9998 2.71477 0)
(24.9737 4.58524 1.13025e-17)
(28.5084 5.63993 0)
(25.0514 2.22667 2.08634e-18)
(24.8939 2.24718 0)
(28.9122 0.653275 -1.63929e-18)
(25.6017 2.78194 4.54132e-19)
(32.0007 2.668 0)
(27.4603 0.684234 -2.67393e-18)
(22.7407 6.11937 0)
(22.986 0.119384 -3.15318e-19)
(22.7536 2.9195 0)
(25.875 3.72267 2.8872e-19)
(27.6317 2.20522 1.93114e-18)
(27.3828 3.80074 1.59822e-17)
(25.9409 3.4169 1.69276e-17)
(31.1418 3.58745 -4.06482e-18)
(24.1831 7.00215 2.64792e-18)
(28.1977 -0.168686 0)
(25.7769 3.44934 9.10661e-18)
(24.8854 2.37444 -1.46508e-18)
(25.2905 2.7251 -7.11621e-18)
(21.3114 10.5148 0)
(33.0905 4.57239 9.64309e-19)
(25.4654 3.06924 -5.52508e-20)
(24.9449 2.72615 1.04979e-17)
(24.6338 4.83606 -7.22299e-18)
(21.2369 0.655272 0)
(22.1509 2.52423 7.04523e-19)
(25.8158 0.295873 -1.97765e-18)
(23.652 1.74961 -9.25739e-19)
(25.8283 3.69106 3.18313e-17)
(30.9922 3.82806 1.93027e-18)
(25.8957 0.378613 0)
(26.182 4.12838 3.20946e-18)
(21.5885 1.25197 -4.94539e-20)
(25.3719 2.1879 -1.40984e-18)
(20.0907 0.721374 -3.00976e-19)
(26.4909 5.81947 4.82756e-18)
(25.0594 2.25195 -1.8952e-19)
(24.901 2.31633 -4.97036e-19)
(25.438 3.94628 0)
(25.7022 3.43156 1.11595e-17)
(25.2373 2.5017 6.33959e-18)
(21.9298 2.48231 -1.13852e-18)
(21.9523 2.35246 -3.00889e-18)
(30.6684 6.7804 4.35404e-18)
(24.9214 3.12083 -3.89442e-17)
(25.9074 21.5328 -4.61467e-18)
(26.9869 1.6909 5.3285e-19)
(29.3858 5.01636 0)
(21.028 0.996519 3.24699e-19)
(24.9787 2.23713 -1.89051e-18)
(33.3975 15.074 3.43751e-18)
(32.0247 3.20298 3.10557e-18)
(25.7857 3.55267 -1.04848e-17)
(27.142 0.545374 0)
(24.9142 2.23944 -2.63579e-18)
(25.0681 2.53047 -7.83272e-18)
(24.4134 1.95803 -5.41167e-22)
(25.1399 3.10903 0)
(25.9092 5.19304 5.19889e-18)
(25.5537 3.69241 9.48077e-18)
(24.5843 1.99283 0)
(26.2056 8.61687 1.27638e-18)
(25.8054 5.54935 -1.61884e-18)
(26.7569 0.402409 -2.54212e-18)
(31.8457 3.57551 -2.93502e-18)
(24.4766 8.08128 -1.95233e-19)
(26.1668 2.06017 0)
(24.83 7.34969 1.86102e-19)
(21.52 1.47084 5.12859e-19)
(27.4145 2.17149 1.80308e-18)
(24.5135 1.97565 6.13143e-19)
(25.4659 2.16492 -1.91425e-21)
(25.5221 2.15144 5.18983e-19)
(21.8092 3.85337 -1.63699e-19)
(25.3309 -0.284171 -1.6287e-20)
(29.2319 8.21984 1.47407e-18)
(22.4578 1.24386 -1.55023e-19)
(20.4989 3.6024 4.03958e-18)
(21.5721 1.63154 5.55347e-19)
(25.7786 3.34247 9.79717e-18)
(23.8144 2.51981 6.95347e-18)
(27.4782 1.68978 -9.60426e-18)
(27.0561 0.201427 1.16655e-19)
(21.7872 1.9175 -2.18587e-19)
(28.0691 -0.939015 1.01468e-19)
(26.1364 4.35103 0)
(23.5897 4.74845 5.40684e-18)
(25.3115 2.16459 1.73983e-19)
(25.5312 3.33125 1.13776e-17)
(25.1517 3.8754 1.92823e-17)
(24.6261 1.01406 0)
(25.8785 3.44661 2.43453e-17)
(30.7677 6.75696 -4.37456e-18)
(21.9741 1.61746 -5.49558e-19)
(22.8331 6.33148 2.93506e-18)
(28.7538 0.725292 2.38795e-18)
(24.9214 2.23926 0)
(23.9944 1.01454 2.82998e-19)
(25.9179 3.46938 2.74698e-17)
(27.4375 1.94356 5.26632e-19)
(23.3331 7.58098 0)
(30.1011 -0.852334 1.32499e-17)
(29.216 4.56238 6.92638e-18)
(17.1446 0.668928 0)
(25.9597 3.61626 -4.13313e-18)
(23.7194 3.5374 1.26205e-17)
(26.1651 3.5958 -3.32205e-17)
(22.8779 5.0147 6.11207e-19)
(27.0544 4.38949 -3.98566e-17)
(26.6304 2.53281 -2.02491e-18)
(24.8471 2.40005 -4.02599e-18)
(27.2682 1.79789 -6.35949e-19)
(24.6404 2.12739 -8.60839e-19)
(25.2197 4.52461 0)
(24.7666 4.26887 0)
(29.4323 7.8769 1.69902e-18)
(30.6196 -0.325806 8.08103e-18)
(22.15 3.64789 4.16776e-18)
(25.3729 2.18655 4.84605e-19)
(25.5361 3.40294 -1.45503e-18)
(26.1095 3.44331 -5.96417e-17)
(25.5706 3.72568 1.44428e-17)
(26.3078 4.62609 0)
(24.8797 1.3207 -3.91708e-19)
(21.376 0.710943 -3.30921e-19)
(21.1708 5.49615 7.47954e-19)
(24.3262 2.02474 3.35968e-18)
(23.1225 -0.0321302 -9.92053e-19)
(25.0961 3.99328 -2.34455e-17)
(29.3655 1.84482 0)
(22.7662 4.09863 8.55839e-18)
(27.2356 3.3557 0)
(22.8276 5.70575 -2.5465e-18)
(22.9635 5.20462 -7.0161e-18)
(22.1127 10.5832 -1.2429e-18)
(24.7369 2.22003 0)
(24.558 4.3503 -3.36649e-18)
(20.931 0.660578 0)
(21.5817 0.626134 8.43541e-20)
(28.6552 0.386516 -1.84003e-18)
(25.7171 6.55838 -1.68749e-18)
(21.1962 0.655186 -9.50048e-21)
(22.7922 4.21337 2.56118e-18)
(25.9753 8.56475 0)
(25.7913 3.60766 -1.86483e-17)
(25.9014 3.65428 0)
(25.4595 3.97244 5.12183e-18)
(27.8067 7.75045 3.58194e-18)
(23.2202 2.57418 -2.812e-19)
(24.4003 7.4334 -2.69366e-19)
(25.5228 3.42294 3.71334e-17)
(27.4383 2.09536 0)
(18.6916 0.974029 -7.03146e-19)
(25.4713 0.264313 -5.07099e-19)
(24.6993 4.16399 2.66508e-18)
(27.4551 1.93298 -1.08712e-18)
(25.6296 0.82755 2.24239e-19)
(28.9781 1.64271 0)
(25.1167 2.1939 -1.27363e-18)
(24.9878 -0.241092 -1.11435e-18)
(25.4497 -0.154919 0)
(23.1773 5.31834 0)
(25.9861 3.01651 -5.7042e-18)
(26.4893 0.46938 0)
(19.9818 0.776309 5.58951e-19)
(25.7726 3.50023 1.04169e-17)
(27.2323 7.34425 -4.31125e-18)
(25.686 3.65488 9.07373e-18)
(22.0303 0.197697 8.03198e-20)
(26.4441 5.29492 -1.19953e-19)
(26.3102 3.1683 -1.88878e-17)
(31.9744 2.75764 4.10037e-19)
(21.6615 3.86157 1.37943e-18)
(25.937 4.28995 3.14949e-18)
(23.8815 5.74986 0)
(21.1651 0.725791 -3.44506e-20)
(25.9889 2.07338 0)
(21.0943 0.835322 -1.4132e-19)
(31.8948 0.970597 0)
(24.1507 4.84275 0)
(25.8047 8.3944 3.71504e-20)
(29.4226 1.9515 0)
(24.1604 1.77765 -8.01531e-19)
(24.8843 2.22851 2.39952e-19)
(28.1859 1.43699 0)
(24.7876 2.27451 0)
(26.0435 3.31957 -1.86981e-17)
(28.8891 0.540783 1.70383e-18)
(25.7231 3.69627 -3.90044e-18)
(25.5018 -0.625513 0)
(26.092 3.36885 4.34288e-17)
(26.798 2.63817 1.05124e-17)
(25.2369 2.17469 1.43246e-18)
(21.4508 0.685349 1.50718e-19)
(28.4857 -0.043848 -1.85616e-18)
(21.0357 1.45788 4.7051e-20)
(25.5369 3.10006 -1.22735e-17)
(28.1781 -0.253437 0)
(25.2929 2.48256 -5.497e-18)
(25.8112 3.35397 -1.42719e-18)
(29.0971 4.92143 0)
(26.0905 3.80331 0)
(25.6258 3.80018 0)
(22.7112 6.92484 7.63732e-19)
(24.5378 2.03119 1.69894e-18)
(24.3003 7.05987 -6.77573e-19)
(21.6091 0.548134 0)
(26.3305 4.03276 -1.75832e-18)
(24.1724 2.89346 -7.41445e-18)
(25.4908 6.51019 -1.47337e-18)
(26.302 3.9398 0)
(25.0992 3.43392 0)
(26.2871 0.43702 2.47748e-18)
(25.529 4.22331 -3.62993e-18)
(29.0489 1.73795 -6.56134e-18)
(26.3457 2.45489 -5.86055e-18)
(24.3659 1.30293 -1.35293e-18)
(18.1662 0.778398 2.80482e-19)
(24.6685 3.11174 0)
(27.7169 8.77676 5.66377e-19)
(25.507 3.70766 0)
(25.6984 4.19533 0)
(22.1315 2.45275 0)
(25.172 2.99305 0)
(25.5312 -0.174917 -1.53987e-18)
(28.5512 3.15094 1.5378e-17)
(24.9628 2.36367 0)
(23.8768 2.48967 0)
(26.0082 5.55922 2.22428e-18)
(25.0702 -0.258319 3.7371e-19)
(24.0946 1.78721 -1.45054e-18)
(25.9788 2.83452 -4.54212e-19)
(23.3787 5.30115 1.92767e-18)
(28.4569 2.26333 0)
(31.3672 2.75745 1.4319e-18)
(26.0395 3.29595 0)
(25.9098 4.19569 -1.5576e-17)
(25.1821 2.20772 0)
(23.9219 2.29783 -3.79132e-18)
(25.1324 4.00543 9.08131e-18)
(24.1522 3.27819 2.98571e-18)
(12.2286 18.7467 2.10274e-18)
(24.6385 2.74973 -1.19481e-17)
(23.0281 1.90993 0)
(23.9295 9.0926 -3.0771e-19)
(24.2731 1.8194 -3.64591e-19)
(25.7658 3.89046 -1.55551e-18)
(19.3405 0.784201 -5.55325e-20)
(25.6909 3.45278 5.77676e-18)
(25.8301 3.65816 -2.63711e-17)
(24.9978 4.71527 -3.88347e-18)
(24.3974 -0.621895 -3.98241e-19)
(25.396 2.94457 -1.4916e-17)
(23.4027 1.25827 0)
(29.3854 0.973815 0)
(25.0721 2.22814 0)
(25.471 3.72743 0)
(28.8067 1.47673 6.14741e-18)
(25.5535 3.36411 0)
(26.4215 3.4006 0)
(23.1842 6.61232 0)
(25.6668 3.6699 -3.35067e-17)
(25.7185 5.47866 2.42764e-18)
(24.3674 2.07531 0)
(25.9363 2.18765 4.55803e-20)
(24.7666 2.03801 0)
(25.594 1.53787 1.07656e-19)
(27.2313 3.25249 -2.81416e-17)
(24.7758 1.95867 0)
(25.3291 2.42851 -1.19537e-18)
(30.1392 1.76688 0)
(23.8617 4.49513 0)
(24.603 5.11255 -4.03546e-18)
(25.1722 2.18534 1.76274e-19)
(24.9726 1.49553 -1.65421e-19)
(25.1771 3.10197 0)
(25.1329 2.17024 -3.31502e-20)
(21.8812 -2.65176 9.07612e-19)
(24.2591 2.66374 -5.4135e-18)
(25.7659 8.19704 0)
(25.5594 2.65844 1.86049e-18)
(22.7235 3.88027 -2.6973e-18)
(24.4487 0.973708 -1.45554e-18)
(25.4846 2.71224 5.13482e-18)
(24.8104 2.28534 -9.81476e-21)
(24.7756 2.26685 0)
(24.9549 2.22883 1.31506e-18)
(26.2497 2.23423 2.29329e-19)
(26.6119 2.66444 -1.47753e-17)
(26.2346 4.05189 -1.20993e-17)
(25.298 2.97102 0)
(22.7163 3.00103 0)
(27.3128 2.01041 0)
(24.9326 2.34508 1.99877e-19)
(22.7839 7.00123 1.431e-18)
(25.1108 7.41187 0)
(24.6966 1.66366 1.11115e-19)
(25.869 3.65414 -3.61904e-17)
(23.6854 1.7502 0)
(25.5413 1.13844 0)
(28.3859 5.75705 7.4383e-18)
(24.7301 2.2148 0)
(27.2035 7.57263 2.98977e-19)
(22.4969 6.83325 0)
(25.8142 3.85794 7.96846e-18)
(26.1574 2.7865 -8.64285e-18)
(28.3504 0.811701 3.71975e-18)
(27.5005 8.85231 -2.03551e-18)
(27.1599 3.82332 -4.83165e-17)
(23.4036 3.33687 6.98258e-18)
(28.6132 5.06318 5.82062e-19)
(26.7035 8.70775 0)
(21.6944 4.90527 0)
(25.5664 -0.631622 -1.02171e-18)
(21.4373 0.958832 0)
(29.6191 7.7333 -3.52128e-18)
(23.6926 1.11765 -1.30991e-18)
(25.7672 3.1794 -5.11546e-18)
(25.0052 1.61638 7.41828e-19)
(21.3718 5.44248 1.80524e-18)
(26.9113 8.63333 0)
(26.8862 4.34237 1.2031e-17)
(26.2412 4.38435 0)
(24.714 2.8133 -7.85031e-18)
(25.4566 3.21696 0)
(31.8942 3.09637 0)
(21.8312 -0.263972 -2.30663e-20)
(25.9057 3.16697 0)
(18.0846 0.694761 -7.61608e-19)
(24.7753 2.2631 0)
(21.097 0.880887 1.22962e-19)
(25.6125 2.13828 0)
(21.6511 0.469701 0)
(25.8156 3.38005 5.56024e-18)
(25.7701 3.34745 1.09926e-17)
(25.882 3.47126 -1.08936e-17)
(25.8378 3.37691 0)
(27.25 1.77383 -1.01133e-18)
(31.1794 2.27666 0)
(31.8459 10.0768 1.83227e-18)
(24.5948 -0.838967 9.29297e-19)
(25.9595 3.23137 2.05113e-17)
(21.6808 4.73943 -1.29518e-18)
(25.113 3.84346 7.00444e-18)
(25.7106 3.66565 0)
(24.2164 7.24579 -1.17862e-18)
(22.6222 3.71087 -6.23912e-18)
(23.8134 4.32167 0)
(24.7296 2.01182 -3.37683e-23)
(24.7086 2.41079 3.41112e-18)
(12.63 1.75375 -2.11625e-17)
(23.2031 6.82119 0)
(23.0057 6.29055 0)
(24.934 2.49496 4.73798e-18)
(25.861 3.55303 -6.3199e-17)
(27.6239 1.01507 0)
(25.814 3.66822 3.25667e-18)
(30.4618 5.47122 4.33672e-18)
(25.9911 3.59649 0)
(24.4235 2.58157 7.13111e-18)
(25.2368 1.46458 4.959e-19)
(25.8269 3.66815 -3.5601e-18)
(21.0955 0.825608 1.42271e-19)
(25.5835 2.92769 3.72949e-18)
(25.2921 2.1977 0)
(26.6408 1.57301 7.20912e-19)
(25.104 2.22706 -1.51449e-18)
(24.8001 2.8197 1.45364e-17)
(24.9815 2.23223 0)
(22.7981 4.62287 2.55239e-18)
(24.6808 2.03001 -8.55261e-19)
(25.9141 5.38542 1.77179e-18)
(25.5727 4.00403 -2.61484e-18)
(24.3786 4.8041 0)
(25.0583 2.22745 -1.60772e-18)
(27.3441 1.83042 6.31782e-19)
(25.7595 5.06934 -1.78845e-18)
(24.0745 1.74629 -9.16651e-19)
(24.0169 2.0122 2.43868e-18)
(26.3627 3.23342 1.96402e-17)
(22.6861 0.239063 0)
(26.7386 2.67942 4.85469e-18)
(31.2415 3.21952 4.50215e-18)
(24.2284 2.86586 2.31546e-17)
(25.4101 2.45642 5.31033e-19)
(21.0868 1.10013 -3.34854e-20)
(17.8922 0.812849 -4.16844e-19)
(27.6887 2.14907 -1.89498e-18)
(24.2516 1.8817 -6.70691e-19)
(17.1417 0.69023 6.43216e-19)
(24.0426 3.36087 0)
(23.0535 7.45557 6.27292e-19)
(25.3781 2.18033 2.80697e-19)
(26.3412 3.76279 -1.92248e-17)
(25.5034 7.43445 -9.93207e-19)
(23.1831 2.70028 -8.43294e-18)
(26.4451 3.45216 2.5013e-17)
(26.7112 2.01732 -6.27252e-19)
(20.8783 1.46604 -9.1916e-20)
(28.6465 0.83661 2.1576e-18)
(25.4707 3.53355 -3.47228e-17)
(23.3788 2.31128 0)
(24.6116 -0.916845 0)
(28.6024 0.553167 2.1085e-18)
(24.0108 2.16956 -1.98354e-18)
(27.3009 3.18619 -3.51437e-17)
(25.1304 2.22899 -2.92127e-18)
(19.015 -0.687567 -5.16188e-19)
(23.513 8.17217 -9.09527e-20)
(25.8898 3.45672 -5.29553e-18)
(19.9012 0.962606 8.26376e-19)
(24.8919 2.26396 1.10428e-18)
(25.1254 3.78951 2.86258e-17)
(27.199 1.74697 4.73091e-19)
(25.6405 3.83757 5.03057e-18)
(25.0832 2.93622 9.30119e-18)
(25.7947 3.24076 -2.73365e-19)
(24.7988 2.28113 1.39085e-18)
(27.3818 3.21602 3.29276e-17)
(25.121 2.43168 -1.0983e-18)
(34.0492 11.1766 0)
(27.1943 2.73615 -9.53882e-18)
(28.3775 8.64962 0)
(25.8817 3.38512 -4.5156e-18)
(25.707 3.22732 6.13109e-19)
(29.714 7.74193 2.68941e-18)
(21.2876 0.547354 0)
(22.5598 3.5454 -1.75738e-18)
(23.7987 2.4004 -1.93495e-18)
(22.3051 3.63023 -5.64387e-18)
(24.3983 2.17429 4.65874e-18)
(30.335 1.86471 0)
(25.6877 3.70367 0)
(25.8282 3.63207 -1.2721e-17)
(23.0454 6.9141 0)
(25.8079 3.62894 0)
(23.7877 1.33792 9.54335e-19)
(26.152 3.56884 3.86277e-17)
(23.7306 1.65298 1.98572e-18)
(26.4941 -0.109995 3.15446e-18)
(20.3058 8.99292 1.48936e-18)
(22.1226 3.57397 0)
(22.4807 2.80142 4.21679e-18)
(25.9215 4.52143 0)
(24.265 4.69033 -2.84711e-18)
(25.9028 3.68951 -2.29086e-17)
(25.4371 2.17571 -4.96884e-19)
(25.2282 0.804481 -5.42611e-19)
(24.2929 4.30522 0)
(21.1016 1.02003 5.0942e-20)
(23.3175 2.3401 0)
(27.4552 0.807062 -4.62485e-18)
(32.6489 2.87656 3.91795e-18)
(29.4762 6.67307 0)
(29.5762 1.07542 1.68247e-18)
(23.3003 3.55244 -2.02403e-17)
(27.053 -2.12324 -4.34117e-18)
(25.9243 2.08348 0)
(19.3427 -2.76836 -5.34713e-19)
(24.5688 3.55605 6.09305e-19)
(26.2935 3.12393 2.73364e-17)
(25.7806 2.08914 1.44347e-19)
(24.3922 1.28841 0)
(29.2207 4.79515 -6.5234e-18)
(25.7949 3.61511 0)
(23.2456 7.01708 3.40517e-20)
(30.846 6.9346 -2.78513e-19)
(23.6985 2.58678 -3.88716e-18)
(26.0422 3.58537 0)
(23.9777 2.0153 -2.54692e-18)
(27.2359 1.82694 7.54853e-18)
(25.4433 4.24074 0)
(26.5346 2.57797 8.03097e-18)
(26.1389 -0.70754 6.93289e-19)
(28.9597 3.92289 -1.03231e-17)
(30.4006 1.27804 3.66516e-18)
(24.4516 3.54306 8.32166e-18)
(25.0453 4.84894 3.45937e-18)
(25.9129 -0.142732 -4.61675e-19)
(26.0652 2.80769 9.51521e-18)
(26.4245 5.5831 0)
(31.0015 2.31635 -2.44684e-18)
(25.3639 4.08758 -3.49809e-18)
(29.0997 3.63586 5.11938e-18)
(24.7461 2.06872 1.40756e-19)
(26.677 1.57947 0)
(23.9534 3.47908 -3.97371e-18)
(24.8314 2.26451 -1.38502e-18)
(27.386 8.51557 4.48176e-19)
(21.0318 1.04477 0)
(24.4347 5.83969 1.43181e-18)
(23.4848 1.28262 0)
(22.0066 2.4955 0)
(29.137 0.784682 3.06421e-18)
(21.9181 0.279908 -2.15761e-19)
(25.1992 4.06366 8.53617e-19)
(27.0687 2.94105 -1.11778e-17)
(22.7851 1.94675 -1.17459e-18)
(31.1639 1.36411 3.48079e-18)
(21.0793 1.18399 0)
(28.7618 2.64143 0)
(25.9473 3.45105 -8.7833e-18)
(25.808 3.58475 -1.20164e-17)
(28.4087 -0.0381737 1.85771e-18)
(22.1025 -0.401545 -5.49528e-20)
(24.999 2.24066 0)
(31.6565 3.76904 -3.76193e-20)
(23.4686 2.15314 -1.77575e-19)
(24.1941 8.27332 7.74499e-21)
(21.7194 5.08242 0)
(25.946 6.58359 -3.71776e-18)
(25.6894 3.43684 0)
(25.9816 0.26687 0)
(23.0161 -0.547642 0)
(25.7366 3.60397 0)
(25.6365 4.02672 -8.64841e-18)
(22.508 3.38553 9.09139e-19)
(24.0977 2.19582 0)
(25.6559 1.46239 2.01709e-18)
(26.879 1.28254 0)
(25.047 6.12762 0)
(23.2408 3.40012 -4.26912e-18)
(21.312 1.23595 5.77283e-20)
(27.1467 3.21076 2.98602e-17)
(22.309 4.09521 -8.45115e-19)
(27.2171 1.82675 4.12661e-19)
(28.1879 7.08352 1.53456e-18)
(26.4195 3.80389 -2.53904e-17)
(23.4979 1.25878 0)
(26.9286 3.49435 -9.74142e-18)
(29.4511 1.00748 0)
(25.7547 3.63219 -6.58462e-18)
(25.9927 4.0256 1.14238e-18)
(23.7702 1.1869 1.40516e-18)
(23.0604 6.39817 0)
(26.3862 4.75134 0)
(30.0295 1.16513 0)
(22.1243 2.65348 -1.3353e-18)
(27.6811 18.3627 -1.96917e-18)
(22.3342 2.48497 -1.80725e-18)
(21.1231 0.942813 3.35098e-20)
(18.2204 -2.04589 -1.2787e-17)
(32.5573 2.87153 -3.92296e-18)
(25.085 3.57307 -1.51328e-17)
(27.3975 1.86244 0)
(24.6984 2.15827 -6.29359e-19)
(22.2376 2.60712 6.56474e-19)
(27.4079 1.87328 -9.62495e-19)
(24.6899 2.00641 0)
(26.3071 2.45834 -2.99752e-18)
(22.6276 2.10077 -2.26481e-18)
(23.6335 2.33917 0)
(24.1105 2.64527 -9.5336e-18)
(31.097 5.29715 4.21271e-18)
(25.1281 3.46396 2.57157e-17)
(23.9944 1.81033 7.53771e-19)
(25.933 3.20051 -1.68299e-18)
(28.6218 0.714082 2.27595e-18)
(23.9468 6.29872 -1.1833e-18)
(20.2414 3.87469 0)
(24.7051 2.16691 -2.09891e-19)
(25.4995 -0.268044 -8.50988e-19)
(31.7349 0.35181 3.63954e-18)
(26.3582 4.39951 1.17288e-17)
(25.8454 3.5827 -9.14024e-18)
(24.519 3.87702 -2.66582e-17)
(25.6208 3.76706 0)
(26.1963 -0.219916 0)
(24.7013 4.22809 -5.66115e-18)
(28.078 6.39063 -9.53168e-18)
(31.0305 5.09302 2.0095e-18)
(24.37 2.02362 -1.9217e-18)
(31.1702 5.50334 -2.06428e-18)
(27.2407 1.79195 0)
(25.7065 3.21193 -3.85461e-18)
(30.7273 20.8144 -1.52978e-17)
(26.3618 3.88908 -1.37849e-17)
(29.3664 7.99485 8.50412e-19)
(25.5797 2.71039 0)
(25.8137 3.61345 1.97294e-17)
(25.5714 3.29409 8.62818e-19)
(25.7541 3.62966 7.78187e-18)
(25.219 -0.196852 -7.79708e-19)
(25.8511 3.6329 1.79222e-17)
(27.8697 3.40081 1.03035e-17)
(25.1525 2.20697 7.50488e-19)
(26.0717 5.18398 8.83712e-19)
(21.6411 4.82516 1.33116e-18)
(25.4458 3.57244 0)
(25.1223 3.50419 1.76734e-17)
(23.2112 3.59219 7.99758e-18)
(23.3084 7.19663 -5.16077e-19)
(26.02 3.56734 0)
(25.8186 3.64627 1.28618e-17)
(29.6217 1.60645 -2.4015e-18)
(13.8052 -0.17753 3.4167e-18)
(21.897 3.99318 5.8111e-19)
(27.1027 3.99598 3.08081e-17)
(25.3901 2.47225 -2.26355e-18)
(17.4574 0.742145 0)
(27.6742 2.10496 0)
(31.218 5.70068 0)
(27.1974 5.47985 9.44847e-19)
(25.2503 2.45406 1.04033e-18)
(23.4941 4.81545 -6.33779e-18)
(31.2051 2.19608 -2.73484e-18)
(25.6941 -0.103682 2.30087e-18)
(22.438 -0.455958 -2.01704e-19)
(25.7415 0.829997 -9.75294e-19)
(21.5287 0.361944 -5.61166e-20)
(25.8386 2.10715 2.18189e-19)
(25.3181 2.37993 4.29312e-18)
(24.9121 2.24498 -1.10736e-18)
(24.508 2.03444 2.07861e-18)
(24.4718 2.18325 -3.57613e-18)
(26.336 0.503329 -2.07825e-18)
(25.4502 3.51902 3.95598e-18)
(25.0804 4.50505 0)
(27.1999 5.60349 -1.0136e-18)
(23.8541 3.59868 8.61888e-18)
(26.3098 8.66196 0)
(21.5624 0.70589 -3.24963e-20)
(25.6069 2.70433 2.36472e-18)
(31.4335 1.55513 9.55492e-20)
(26.4133 4.7936 0)
(26.174 4.5743 0)
(31.8862 2.75385 -2.31285e-18)
(24.7386 2.22322 -1.49449e-18)
(22.8726 5.13934 2.6471e-18)
(26.2811 2.02165 0)
(25.632 8.5537 0)
(21.4129 1.53277 0)
(31.2392 5.90467 2.32112e-18)
(28.5815 1.2441 -8.14684e-18)
(25.5523 3.71174 0)
(24.4956 -0.804849 8.63885e-19)
(22.5126 1.35156 1.76013e-19)
(26.2908 2.01018 -5.27093e-19)
(23.1554 2.38 0)
(24.4337 2.49195 4.53403e-18)
(32.0896 2.66853 -8.49639e-19)
(22.9561 3.31449 1.26916e-17)
(19.9985 0.809412 2.89335e-19)
(25.9562 2.08733 -4.42747e-19)
(25.7452 3.58299 2.46879e-17)
(29.2623 0.826322 -1.58358e-18)
(25.7559 3.33274 -2.37875e-18)
(24.5276 2.04326 2.03752e-18)
(25.4422 2.16245 9.29087e-19)
(23.0754 7.00863 1.22404e-18)
(25.9222 9.13493 0)
(29.9553 0.946408 0)
(24.6244 1.99152 -6.78599e-19)
(25.7887 3.41925 0)
(21.1455 0.865502 -2.12394e-20)
(24.3717 11.1429 0)
(24.4233 10.8882 -1.73409e-19)
(25.1779 2.29869 2.34309e-18)
(23.1057 5.51576 2.22643e-18)
(27.7098 2.15971 -2.65059e-17)
(24.7021 2.05011 9.10923e-19)
(31.8031 3.73985 -2.80799e-18)
(25.9952 5.23624 -9.22234e-19)
(25.6722 3.2252 8.22413e-18)
(25.0763 1.75026 -1.49186e-18)
(25.7988 0.207333 -1.22508e-18)
(25.7904 3.72238 -8.94187e-18)
(25.7188 7.25078 -1.27389e-18)
(30.6997 2.142 0)
(25.9715 3.26751 7.1205e-18)
(26.2573 2.04988 -5.72658e-19)
(27.2771 3.08024 -4.34537e-18)
(26.1366 5.71419 0)
(25.3096 7.54531 -4.24995e-19)
(24.4896 -0.727652 6.11731e-21)
(23.247 1.20679 0)
(26.2162 7.64579 0)
(21.7556 0.366994 0)
(26.7641 6.83494 1.09881e-19)
(26.0708 8.65552 7.21062e-19)
(25.4352 3.30023 1.90582e-18)
(24.2105 2.56742 -3.64164e-22)
(23.1122 2.0822 3.74002e-18)
(26.6734 2.77556 -8.35296e-18)
(21.4031 1.16198 0)
(30.3941 1.35647 -1.20881e-18)
(25.5325 3.44051 -1.17516e-17)
(26.0903 5.38191 -1.21827e-18)
(31.3554 5.90133 5.96238e-19)
(25.6273 2.14824 4.63465e-19)
(23.5733 2.07398 -3.11461e-19)
(25.5155 2.92102 2.4432e-18)
(26.049 3.0905 0)
(25.6622 3.86791 7.1861e-18)
(26.4155 3.48883 -1.59881e-17)
(24.6801 1.99687 5.98102e-19)
(23.8142 10.5682 3.98834e-21)
(23.9909 6.84757 0)
(25.7337 3.70765 3.71061e-18)
(30.0262 6.94685 0)
(25.4857 3.11663 1.42785e-17)
(10.0631 0.980083 3.0494e-17)
(22.8366 2.02682 -1.16526e-18)
(25.4939 3.97008 -1.17069e-17)
(26.2168 2.80706 -1.74305e-18)
(23.5818 1.74808 0)
(27.5921 2.03716 -2.6564e-18)
(25.8443 3.53292 -9.28674e-18)
(24.8047 2.05409 -5.68086e-19)
(25.4009 4.04975 9.4523e-20)
(32.598 6.89139 1.64535e-18)
(25.2425 2.18879 0)
(26.7361 7.33426 0)
(25.8288 6.63901 1.15113e-18)
(25.9628 3.07865 -1.00702e-18)
(23.1775 6.40868 -1.10104e-18)
(29.6987 6.36125 -2.54754e-18)
(23.9276 1.31295 -4.91886e-19)
(25.7386 3.23826 8.25381e-18)
(26.3052 -0.157237 0)
(25.8338 4.20391 0)
(25.5584 0.20648 5.18849e-19)
(23.0707 6.61819 0)
(28.3473 8.44429 -1.33691e-18)
(30.6438 2.1564 -2.58509e-19)
(20.8503 -2.72585 0)
(21.1998 0.648852 0)
(24.6248 2.11927 0)
(25.2226 2.20663 4.62241e-19)
(22.4984 3.12025 9.348e-19)
(21.9842 2.62512 0)
(29.5798 2.08517 -4.3498e-18)
(24.6834 2.40213 -3.62068e-18)
(25.7409 1.37853 -3.50213e-18)
(24.6475 1.02772 0)
(25.6443 2.42794 2.49725e-20)
(22.949 1.44109 8.71531e-19)
(20.9526 1.48813 7.43418e-20)
(22.0819 0.315511 0)
(27.7956 2.35329 1.21985e-17)
(26.4372 2.51294 -5.21664e-18)
(28.4964 -1.42243 3.80149e-18)
(22.8451 4.02443 -2.68864e-18)
(23.9503 7.99147 -1.26367e-19)
(24.9164 2.32015 0)
(25.4968 3.49929 2.4993e-17)
(25.462 8.67358 -3.12333e-19)
(17.7756 16.0451 0)
(25.707 3.71759 1.12007e-17)
(30.8893 3.81137 -1.7701e-18)
(28.3472 0.64532 0)
(25.5899 2.64161 -2.35482e-18)
(25.869 3.19055 1.318e-18)
(25.3512 4.23432 0)
(25.707 3.47311 0)
(26.2374 2.05876 1.62657e-19)
(17.723 0.619283 0)
(26.4819 3.1064 -8.49278e-18)
(25.7292 3.63117 9.75762e-18)
(25.7373 3.71877 -4.78601e-18)
(32.9825 4.52856 1.87999e-18)
(19.2369 1.03176 0)
(26.5437 1.94958 3.36001e-18)
(21.171 0.78946 1.98091e-20)
(15.1782 0.704798 3.29967e-18)
(19.0445 0.799837 0)
(26.5667 2.53163 2.02376e-18)
(21.2362 0.589731 -2.80809e-20)
(25.8159 3.71265 1.36414e-17)
(24.1159 2.55041 -9.62455e-20)
(24.5266 6.02597 2.41155e-18)
(29.2346 1.8412 0)
(21.6893 0.391076 2.04524e-19)
(26.303 2.72515 -4.55685e-18)
(27.4131 5.48507 9.0369e-18)
(25.7376 4.02252 5.95061e-19)
(25.2931 2.17096 0)
(25.8583 3.5231 3.02291e-17)
(24.6051 1.33858 0)
(19.8069 -2.6668 6.7438e-19)
(29.4986 1.44676 -4.83812e-18)
(25.0876 9.96361 0)
(24.6455 4.11621 2.8564e-18)
(24.7558 -2.39325 8.32719e-18)
(25.7355 3.57098 3.15131e-17)
(25.0006 1.5628 1.39589e-18)
(24.9584 2.10961 -5.33132e-19)
(33.5125 17.9945 1.14047e-17)
(25.3925 2.5439 0)
(24.6389 -0.34327 -9.16434e-20)
(25.879 3.63141 -1.24706e-17)
(20.3689 3.65191 0)
(24.5854 3.42044 -2.92745e-17)
(24.1474 2.94838 0)
(24.062 5.62489 0)
(30.9428 2.08672 -2.53671e-18)
(25.6136 5.01205 1.21997e-18)
(28.8592 1.66005 0)
(21.2259 0.594317 1.00934e-19)
(26.8049 7.25128 -3.55449e-18)
(24.2538 3.00905 -1.09498e-17)
(24.5287 2.01062 -9.99453e-19)
(31.0621 2.18575 1.28137e-18)
(25.5128 4.35117 0)
(25.6864 3.66357 2.70085e-17)
(25.4036 4.15967 -3.03114e-18)
(25.351 3.8636 -1.34892e-17)
(24.8963 5.56803 2.40227e-18)
(27.6388 8.87324 -5.80924e-19)
(24.7576 2.24192 1.58035e-18)
(31.0376 2.02448 -3.28951e-20)
(26.1686 2.05081 3.55549e-21)
(24.4867 3.02663 0)
(23.0285 5.69352 0)
(24.3334 1.89201 4.06274e-20)
(25.0123 -0.339702 -9.61624e-19)
(26.7974 2.79591 9.76086e-18)
(23.3383 1.96304 0)
(27.9723 8.05087 0)
(26.329 -0.248995 -1.6816e-18)
(25.8748 4.38546 0)
(24.3694 1.88464 -1.31169e-18)
(27.4182 1.97395 -1.25709e-19)
(25.7765 3.52499 1.58105e-17)
(25.6618 2.40392 -1.59374e-18)
(26.5214 5.92079 -5.47277e-18)
(26.9194 0.139253 0)
(25.8226 3.00633 1.91863e-18)
(22.1253 0.239387 -2.46226e-19)
(25.1004 4.98167 0)
(25.9333 3.2406 6.54478e-18)
(24.4934 2.70914 0)
(20.2512 1.17619 0)
(22.6286 1.68852 0)
(24.5098 1.18757 0)
(23.3493 2.45884 -1.27619e-18)
(25.2559 2.71534 7.63211e-18)
(29.6971 2.11047 0)
(21.5351 0.0615994 0)
(21.2253 -2.84596 6.92773e-19)
(26.4894 4.39588 2.87299e-17)
(24.0487 8.01947 0)
(25.9091 -0.240396 -4.9433e-19)
(26.0424 3.53393 0)
(23.2939 2.57898 5.89698e-19)
(25.6014 2.62193 -8.04387e-19)
(29.6996 5.45963 -3.99985e-18)
(33.8252 10.5221 6.23447e-18)
(22.4724 3.22147 -9.44215e-19)
(21.2026 3.29599 1.70926e-18)
(24.8509 2.35461 0)
(27.4463 0.979864 -9.82248e-19)
(21.6679 4.03134 0)
(28.9163 0.512064 2.25211e-20)
(30.5778 5.15714 -5.73232e-18)
(21.4108 2.0966 1.76668e-19)
(25.7945 3.48847 2.05837e-18)
(31.5395 3.5587 -3.73273e-20)
(23.8256 5.847 2.97635e-18)
(26.2044 5.5241 0)
(23.9911 2.08798 0)
(28.7153 8.15479 1.90898e-18)
(23.4248 2.34831 6.55072e-19)
(24.3003 1.89808 0)
(24.9026 1.4378 0)
(25.9658 2.07042 -1.20261e-18)
(23.5305 4.42493 0)
(22.9183 6.72729 1.31408e-18)
(24.826 2.28899 0)
(25.6694 3.62709 0)
(24.0031 7.82453 3.37748e-20)
(25.136 3.63468 0)
(25.5507 3.58346 0)
(25.4297 3.61181 0)
(30.2568 1.6856 4.37783e-21)
(20.4033 9.51423 9.89638e-19)
(20.4081 4.26751 1.9709e-18)
(27.7545 5.65967 -6.0407e-18)
(26.6981 2.23486 1.58174e-19)
(26.1297 3.72905 2.03618e-17)
(23.9549 2.39477 6.32779e-18)
(22.924 0.200869 1.53909e-20)
(24.7593 2.24071 -1.30142e-18)
(22.6032 2.85719 -2.70768e-18)
(23.4951 2.25377 0)
(24.2257 4.85397 1.02434e-17)
(28.2438 13.6059 2.61136e-18)
(28.6365 13.4145 1.42069e-18)
(25.7884 3.49357 -1.76919e-20)
(26.3155 7.72985 -1.40474e-18)
(23.4272 8.21927 4.18736e-19)
(24.437 0.861143 -1.32536e-19)
(25.6796 3.68308 2.81551e-17)
(25.4067 8.77351 3.92243e-20)
(26.9894 1.66999 -1.17509e-18)
(25.6025 0.139014 2.38977e-18)
(24.5606 3.31007 0)
(24.8447 2.16382 -8.59179e-19)
(26.5937 -2.22914 6.70507e-18)
(18.6491 15.6981 8.09572e-20)
(26.3875 -2.27515 -2.84645e-18)
(25.5983 3.59528 -2.19139e-17)
(32.9493 3.1216 6.36778e-18)
(34.7929 5.56645 5.86127e-18)
(30.3388 5.06263 5.73183e-18)
(23.3712 3.71062 7.00081e-18)
(24.5059 2.80242 -1.5561e-17)
(25.6144 2.73602 5.94228e-18)
(25.8605 3.30727 1.41439e-17)
(24.9112 2.24619 -5.27592e-20)
(24.775 2.24707 2.41984e-18)
(24.9846 2.23686 7.96338e-19)
(25.4959 3.19013 -1.14458e-17)
(21.7394 3.90263 -2.04246e-18)
(24.8044 2.24914 -1.60287e-18)
(23.5702 2.16647 -3.37768e-18)
(24.8513 2.24798 -1.98021e-19)
(26.7168 8.93383 0)
(28.0159 9.54568 0)
(26.2249 -0.317358 1.07361e-18)
(25.4352 3.45327 1.26079e-17)
(24.8842 2.83417 8.55973e-18)
(25.0783 2.40507 6.90948e-20)
(24.6744 2.05389 0)
(30.4534 -0.308634 -8.23503e-18)
(25.8025 3.40897 0)
(23.8055 2.59068 -8.44127e-18)
(23.6476 2.09953 0)
(16.2448 6.03068 -1.05073e-18)
(35.1444 12.6649 -7.90643e-18)
(21.987 0.283994 4.53328e-19)
(19.4592 1.13016 4.57182e-19)
(23.5375 7.62625 0)
(23.7747 1.68229 9.00739e-19)
(23.2091 1.36733 1.25768e-18)
(24.2814 2.8945 -6.61815e-18)
(25.7973 3.60001 2.35192e-18)
(23.7193 2.0417 1.28488e-18)
(25.0016 2.36597 4.60831e-18)
(23.4266 1.79921 0)
(23.7865 4.41399 9.11727e-18)
(25.9539 4.20245 1.1677e-17)
(24.5712 2.09189 -5.51088e-20)
(26.97 7.64596 0)
(23.785 1.99026 2.74876e-18)
(21.1329 8.17962 0)
(25.9019 3.5247 -2.49116e-17)
(27.7829 5.75334 1.62059e-17)
(25.594 2.11285 3.13977e-19)
(25.9352 3.64634 0)
(23.8464 1.95138 0)
(9.86878 3.188 -1.37264e-17)
(24.9957 2.49654 -5.52923e-19)
(25.4543 2.93443 1.2933e-17)
(23.9038 1.9183 -3.23792e-18)
(27.2204 3.72974 1.32807e-17)
(25.5942 3.30615 -2.01793e-18)
(24.312 1.33242 1.07632e-18)
(23.9526 1.89063 0)
(25.4218 2.92223 1.41975e-17)
(24.0355 1.84984 2.76152e-18)
(23.9965 1.86686 2.09129e-20)
(24.117 1.82359 0)
(23.4821 1.76817 0)
(24.077 1.83513 -1.36588e-18)
(24.7657 -0.283437 6.90701e-19)
(24.3332 2.79205 1.36725e-17)
(25.7977 3.92421 0)
(26.9803 5.45891 0)
(24.0993 7.84003 -2.08865e-19)
(25.2629 3.61542 -1.09361e-17)
(22.2 4.67864 0)
(22.9521 5.86617 2.53774e-18)
(31.1071 2.41201 -1.23239e-18)
(24.1547 1.81652 7.39493e-19)
(24.7289 1.10734 8.89002e-19)
(34.762 5.27623 0)
(26.4247 2.04695 -1.70553e-18)
(25.7899 1.29229 0)
(26.2944 3.99668 -5.403e-18)
(24.4138 1.30286 2.17129e-18)
(23.7169 1.62712 -8.83867e-19)
(25.7511 3.35054 0)
(26.2727 2.40082 1.06379e-18)
(26.0773 7.68543 0)
(25.4327 -0.514856 5.76174e-20)
(21.058 1.26593 0)
(25.5867 6.60049 1.1063e-18)
(22.6556 2.82362 6.02708e-18)
(24.6151 2.66923 -3.91133e-18)
(24.3928 2.69839 0)
(26.3388 4.18069 1.70006e-17)
(24.9414 1.65215 -3.12717e-18)
(28.7753 2.40259 4.63346e-18)
(25.8942 2.54041 4.45065e-19)
(22.5752 6.37356 -4.18469e-19)
(24.4464 2.21277 3.05362e-18)
(26.7438 3.92329 0)
(28.4441 -1.46478 5.15097e-18)
(25.6384 3.22725 -1.90084e-17)
(22.2538 2.40707 -3.37693e-19)
(31.393 2.47831 3.5942e-19)
(21.7208 3.17229 -2.27891e-18)
(25.5395 2.8682 -6.39484e-18)
(27.6007 2.31383 6.80682e-18)
(25.7511 3.87363 -9.62125e-19)
(22.0234 0.134028 -7.68969e-20)
(28.6712 1.22422 3.2173e-18)
(26.6548 6.46042 -5.07644e-19)
(24.4528 2.62392 -6.88304e-18)
(25.6036 3.76614 -1.1374e-17)
(24.1101 1.80223 7.97152e-19)
(32.8551 3.11711 -6.27846e-18)
(25.6665 2.93708 -1.40753e-18)
(21.7827 4.40111 6.20318e-19)
(24.6584 6.19286 -1.03358e-18)
(27.3234 1.82374 0)
(29.4234 8.09427 8.10973e-21)
(21.8545 0.395953 1.31894e-19)
(25.0209 2.21192 3.29369e-19)
(25.0668 3.6527 -7.15386e-19)
(24.5241 2.56535 8.39391e-19)
(25.7871 3.4019 7.27916e-18)
(23.011 3.22638 -5.96938e-18)
(25.4298 2.16198 6.67929e-19)
(23.7686 3.8044 2.57097e-18)
(23.1967 3.68506 0)
(25.9538 3.38445 1.91438e-17)
(30.3886 4.05751 0)
(26.3389 3.63971 0)
(32.4388 6.57081 -3.25226e-18)
(26.0202 4.25338 -2.5539e-18)
(24.5877 2.51589 0)
(26.2903 3.84408 0)
(31.761 3.1514 8.73785e-20)
(25.2889 2.93913 -4.59526e-19)
(29.9146 2.79966 0)
(24.6518 2.47155 0)
(27.9749 0.918205 -1.36989e-18)
(24.798 1.35605 -8.45443e-19)
(24.7122 2.44333 -3.35497e-18)
(25.9077 3.62576 0)
(23.4376 1.85865 2.27983e-19)
(24.7685 2.42081 -6.74536e-18)
(25.6934 3.89613 -6.0755e-19)
(25.3453 2.19133 0)
(22.174 5.22154 0)
(25.6331 4.16033 -6.37687e-19)
(25.9468 3.48305 1.01446e-17)
(24.4268 0.858596 0)
(24.9666 2.22987 -1.8605e-18)
(27.3324 3.00491 1.4841e-17)
(24.5482 2.78792 1.01594e-17)
(24.7376 2.09147 -1.11715e-18)
(30.8933 17.9484 1.01722e-17)
(27.0334 -0.0740466 0)
(25.5781 3.74043 -1.52875e-17)
(25.8085 3.97024 0)
(25.4631 2.48311 -2.39063e-18)
(27.6907 2.38589 7.69825e-18)
(20.4412 0.778378 -8.56426e-19)
(23.7349 6.73475 -3.92629e-19)
(25.4843 3.21359 2.25666e-17)
(25.7065 3.7669 -3.21261e-18)
(25.5315 2.15086 -2.7891e-18)
(28.3606 1.59897 -9.66844e-18)
(29.6471 6.84132 6.40334e-18)
(24.9387 6.77527 0)
(26.3981 3.31142 -1.34484e-17)
(26.5578 -0.12592 0)
(34.8415 5.69211 -7.88435e-18)
(27.4347 8.30435 0)
(25.8889 3.48327 3.26277e-17)
(27.9287 9.62302 0)
(22.3562 2.56166 3.77549e-18)
(25.7671 3.46553 -6.97631e-18)
(25.1824 2.15888 -3.34975e-20)
(25.0051 4.51544 -6.87837e-18)
(22.5876 3.10967 0)
(24.1349 1.42634 8.70442e-19)
(25.2633 4.20718 0)
(35.1456 6.92361 -2.2213e-19)
(26.1286 4.50753 8.19938e-18)
(25.7373 3.3195 1.87381e-18)
(26.4021 3.25483 2.13442e-17)
(28.5714 -1.36955 6.93606e-18)
(25.9338 9.24161 0)
(30.0948 1.32146 4.21279e-18)
(29.2838 7.11229 -2.48104e-18)
(28.2496 6.0049 -4.18508e-18)
(25.7569 3.2255 -3.9822e-19)
(23.6334 2.6215 0)
(24.7892 2.27408 0)
(22.9135 6.06798 0)
(25.8453 3.75716 -9.50543e-18)
(25.7305 3.35584 -2.8173e-17)
(24.907 2.24986 1.41678e-19)
(26.058 3.49295 2.50311e-17)
(24.4024 4.89405 0)
(24.2658 0.735297 2.0805e-18)
(30.953 4.89355 0)
(24.5504 1.81719 -1.48503e-19)
(26.1096 3.09343 0)
(24.1981 6.86791 -6.73281e-19)
(28.7256 4.74163 0)
(26.1079 3.75361 9.3858e-18)
(20.704 1.8785 2.15909e-19)
(20.8359 1.71451 -9.58844e-19)
(26.8348 4.51021 2.52819e-17)
(24.7182 6.66122 -3.21182e-19)
(25.8727 3.05771 2.5448e-18)
(23.8809 5.52866 -6.89147e-20)
(28.1252 0.904754 -1.48982e-18)
(24.6525 2.14563 3.41107e-18)
(27.2796 2.00951 0)
(25.3194 2.1956 5.02354e-19)
(22.4155 4.25459 1.80135e-18)
(25.1147 4.2061 9.55384e-18)
(25.9169 3.50005 -5.72623e-17)
(21.2944 5.35112 1.12097e-18)
(23.6438 1.77562 0)
(35.265 13.2857 -2.00052e-17)
(26.2412 2.05521 -9.72153e-19)
(31.6997 3.60123 6.7331e-19)
(27.1964 1.74384 0)
(23.1564 7.06039 -1.13839e-18)
(23.342 5.70144 -1.93353e-18)
(29.896 1.11445 2.17225e-18)
(27.2439 1.24304 1.36948e-18)
(28.0461 -0.339057 1.97036e-18)
(28.2671 0.903983 7.94039e-18)
(23.7335 1.17379 -1.4369e-18)
(25.6764 3.70338 -1.17435e-17)
(26.6107 1.40613 1.6505e-19)
(25.2635 2.19825 0)
(21.6707 4.11548 -1.37494e-18)
(25.8643 1.21024 1.51888e-18)
(24.3307 7.91599 0)
(27.5094 2.13157 -1.16774e-17)
(25.2462 2.18165 0)
(25.8324 5.7317 0)
(27.7271 1.83468 0)
(31.0714 2.47785 -2.36672e-18)
(22.516 6.04933 0)
(24.9126 7.27422 -2.51642e-19)
(28.9658 0.743479 4.08891e-21)
(22.8408 1.72756 0)
(31.3282 5.70898 -2.44531e-18)
(27.1086 1.30157 2.52968e-18)
(28.4186 0.903973 -7.1261e-18)
(27.5996 0.789389 4.84174e-18)
(26.8609 -0.119026 -1.85928e-18)
(27.3869 1.19182 0)
(25.6171 2.82543 -1.22317e-18)
(23.2339 5.6632 -2.16498e-18)
(23.6235 2.05921 1.41569e-18)
(22.0457 0.397641 0)
(26.6277 4.35666 -1.63752e-17)
(26.2385 2.03558 -2.92669e-20)
(21.9714 2.75709 0)
(27.454 2.39324 0)
(25.7644 3.67378 -3.77873e-18)
(25.8373 3.3458 -7.95743e-18)
(25.9773 3.22235 0)
(23.802 1.16295 -1.26606e-18)
(28.5615 0.915768 0)
(30.2152 1.30407 0)
(26.7299 1.50476 1.02753e-18)
(24.8812 2.26598 0)
(30.331 1.3634 0)
(24.8146 1.2182 1.85412e-18)
(25.8992 2.79087 0)
(26.0728 2.06801 2.81685e-20)
(23.2432 1.3773 0)
(26.1142 2.40419 4.26565e-18)
(27.5338 1.14141 0)
(24.6271 3.52638 -1.10425e-17)
(23.7586 2.21062 -4.99913e-18)
(28.705 0.930447 -2.08398e-18)
(27.674 8.66433 1.62278e-18)
(25.0579 2.21627 -7.19369e-19)
(32.835 4.23086 -7.35648e-18)
(25.5591 2.15845 1.33969e-20)
(25.7344 2.12111 0)
(24.0602 3.74585 -9.4168e-18)
(21.678 4.56601 4.44262e-18)
(27.5509 3.87993 -1.3081e-17)
(29.9365 2.92284 0)
(22.7736 5.92698 0)
(27.4135 2.19591 -1.64125e-18)
(20.2463 0.678533 1.86494e-19)
(24.8754 2.25614 -1.11432e-18)
(29.3401 1.65271 0)
(23.5863 2.3116 0)
(25.8098 3.67733 1.1818e-17)
(28.8501 0.959034 9.37346e-20)
(22.355 10.3658 2.78333e-19)
(25.755 3.76737 1.84875e-18)
(25.9776 -0.160852 4.70297e-19)
(26.2851 6.25102 -2.40835e-18)
(25.9761 1.12948 -4.65431e-19)
(20.6386 9.70292 -2.66206e-18)
(27.6872 1.10423 0)
(23.2324 1.69219 -4.3239e-21)
(27.5577 1.63089 7.3238e-18)
(31.6155 5.37862 -2.42269e-18)
(26.04 7.80744 0)
(28.9894 0.988537 -2.4269e-18)
(20.5526 0.690601 1.56649e-19)
(25.3361 4.28231 6.21427e-18)
(28.1529 8.58617 0)
(27.853 1.0944 0)
(24.7047 6.41144 -8.10598e-19)
(26.5458 2.01796 7.77199e-19)
(24.7075 2.18002 0)
(24.6238 2.3713 -5.37781e-18)
(29.1329 1.02212 2.48853e-18)
(24.5898 2.10025 -1.70834e-18)
(22.8494 2.92215 6.24929e-18)
(24.3916 1.38944 4.4448e-19)
(26.9549 0.327418 3.57648e-19)
(25.0084 2.23977 0)
(23.693 -0.0331627 0)
(24.633 1.06368 9.98002e-19)
(24.5979 1.07478 -8.95787e-19)
(29.3763 1.54475 0)
(29.2677 1.06953 0)
(27.1629 1.71327 9.21327e-19)
(29.0357 2.29809 -6.53317e-18)
(23.058 2.17572 2.45074e-20)
(23.4054 4.75491 1.27263e-17)
(25.2135 2.48999 1.66616e-18)
(28.2643 1.74069 1.21048e-17)
(27.5134 8.53637 -2.02808e-18)
(26.0807 3.5008 0)
(26.3665 1.84265 7.38175e-19)
(25.3899 2.66009 8.25251e-19)
(30.2184 1.37768 -4.33647e-18)
(26.9207 1.671 0)
(26.9469 1.65693 -5.08701e-19)
(24.4273 0.83935 1.34954e-18)
(29.4096 1.10852 -5.38264e-18)
(28.6797 3.22656 -1.38379e-17)
(19.3351 -0.932676 -5.60981e-18)
(26.9485 2.86678 0)
(23.2864 4.87421 -2.12996e-18)
(26.6958 1.48401 -2.02975e-19)
(17.2947 0.651707 -1.50455e-19)
(23.4561 0.984737 4.6346e-19)
(25.1437 2.89207 6.62419e-18)
(27.0299 2.87861 0)
(22.7912 2.11441 -4.52457e-18)
(27.488 1.81029 0)
(22.913 5.54102 0)
(29.541 1.15548 3.08708e-18)
(22.0927 2.92877 2.70933e-18)
(24.982 2.23677 -3.82142e-19)
(23.536 2.42162 8.32767e-19)
(26.5336 7.88 9.69091e-19)
(25.7186 3.68098 0)
(25.2353 5.28166 -9.06015e-19)
(24.781 6.35392 2.50067e-18)
(23.8746 0.211379 0)
(24.5257 1.94689 0)
(25.7619 3.23785 6.6412e-18)
(26.2482 2.83785 1.25387e-17)
(25.6469 2.12833 5.0479e-20)
(29.675 1.22614 0)
(22.5332 2.78794 -6.7838e-18)
(25.0181 2.07667 6.58093e-19)
(30.8329 1.24393 0)
(25.0182 2.94665 -7.20451e-18)
(24.5383 2.06339 -3.96979e-18)
(30.3829 19.4516 1.42802e-17)
(23.3713 7.37253 0)
(22.8251 4.80258 0)
(20.9274 0.696722 0)
(26.9303 -0.308418 -7.10006e-19)
(24.8039 3.85228 -2.21737e-18)
(27.13 3.11546 2.70749e-17)
(24.8263 2.35811 -3.58728e-18)
(23.5246 1.73227 -1.25656e-19)
(24.0358 1.76009 -2.47543e-18)
(28.5844 2.27382 7.87401e-18)
(25.1865 3.05914 -9.57678e-18)
(26.102 4.30161 1.10312e-17)
(23.57 7.40675 0)
(25.2589 2.93561 1.61667e-17)
(26.7593 1.26417 1.0031e-18)
(26.2935 3.76459 0)
(28.9679 -0.842584 -8.47584e-18)
(29.8064 1.28801 0)
(24.6002 2.12079 1.69967e-18)
(31.456 3.53475 -2.47439e-18)
(29.9338 1.35182 3.53657e-18)
(24.1975 0.234213 -7.17209e-19)
(21.2048 1.27744 0)
(25.833 3.56545 0)
(28.5939 2.51112 7.66735e-18)
(21.7645 5.2519 -3.24578e-19)
(24.5938 2.03187 5.154e-19)
(23.6881 3.67667 0)
(26.5087 -0.206098 1.15344e-18)
(23.9753 2.13471 0)
(32.5904 6.77473 -3.61657e-18)
(25.4538 2.69199 -5.64753e-18)
(25.4217 2.74247 0)
(23.9367 4.05844 -7.48184e-18)
(22.181 2.39919 0)
(27.4137 2.12084 -1.10184e-18)
(24.7717 2.2538 3.11743e-19)
(21.1324 0.800904 -6.29614e-20)
(24.7729 2.30443 1.08195e-18)
(24.7436 2.23063 1.52678e-18)
(22.4702 3.56866 3.54542e-18)
(25.8354 3.6152 -1.37446e-17)
(25.6437 3.96441 0)
(25.9388 3.61489 2.1298e-17)
(24.938 2.23514 6.47874e-19)
(25.4494 1.04389 0)
(24.3362 3.60704 1.49122e-19)
(18.192 0.58547 0)
(26.7038 2.26261 2.35183e-18)
(27.3108 0.646169 -2.51338e-18)
(24.9044 2.16557 -2.49986e-19)
(23.2158 5.54678 -7.62671e-20)
(22.6947 0.0931804 0)
(26.2606 3.91175 1.85847e-17)
(27.8242 -0.417709 0)
(22.3368 3.10004 5.69606e-18)
(26.4638 3.63514 -3.00366e-17)
(24.8848 2.24953 1.30513e-18)
(26.6485 2.05813 9.4373e-19)
(26.8401 6.62422 -4.76611e-18)
(23.06 1.57187 3.94716e-20)
(28.3842 0.769947 5.02674e-18)
(26.9771 0.5101 2.55161e-18)
(21.2664 0.577958 -2.52376e-21)
(24.462 2.4528 -5.93308e-18)
(25.2823 4.55798 1.52938e-18)
(21.8037 3.7644 4.15958e-18)
(25.7706 3.59908 -1.40113e-17)
(28.5633 3.42723 -1.29001e-17)
(28.4636 5.46973 0)
(26.0635 3.44915 -2.11101e-17)
(25.3875 2.18527 -4.86833e-19)
(26.1996 2.7592 5.68221e-18)
(25.4814 2.17185 -2.12881e-21)
(20.5357 1.69428 -8.35867e-20)
(22.8782 3.30525 0)
(31.7158 3.21789 0)
(26.4497 3.36801 2.84962e-17)
(25.7677 -0.118411 -8.08798e-19)
(24.4882 2.89732 0)
(23.9876 3.3231 0)
(21.6382 -0.102116 -3.10039e-19)
(23.682 4.80167 5.30732e-18)
(25.3175 3.29277 -2.12361e-18)
(25.2492 3.07689 1.70238e-17)
(27.8951 8.8891 -2.14276e-18)
(25.0062 2.17961 -5.08908e-19)
(27.2991 1.81655 -6.26381e-19)
(26.0125 2.06568 0)
(22.0225 3.1242 0)
(24.3376 2.18642 1.88391e-18)
(24.1377 1.39322 -1.13798e-18)
(24.2925 4.77767 -1.10477e-17)
(25.6687 3.71438 6.00014e-18)
(26.1507 0.479818 0)
(29.8247 7.56379 -4.34794e-18)
(21.8219 4.11968 0)
(23.2526 2.72079 0)
(24.5053 2.13065 0)
(25.7769 3.43209 -9.01064e-18)
(24.8176 1.61769 1.783e-18)
(23.6767 3.6102 -1.50929e-17)
(27.6842 2.18667 -1.94399e-18)
(23.3173 0.118851 1.36952e-18)
(35.4675 10.7181 0)
(28.3467 1.47658 9.53222e-18)
(26.5444 5.59085 0)
(25.1086 4.44117 0)
(23.0657 2.05119 0)
(24.0564 2.32397 -3.92782e-18)
(22.0998 3.80483 1.0397e-18)
(34.949 13.9821 5.25974e-18)
(23.7066 2.51488 1.90522e-18)
(24.8901 9.47603 2.43029e-19)
(25.1671 3.45197 -5.69735e-17)
(30.5741 6.58966 1.97271e-18)
(22.5368 0.274645 -1.7963e-19)
(24.4664 2.41253 0)
(31.9751 3.2814 -3.85552e-19)
(31.9846 3.11029 0)
(26.6559 4.59621 -2.63113e-17)
(26.6372 4.46789 -2.98835e-17)
(20.4069 3.33189 -2.0266e-18)
(20.2593 3.39277 2.16748e-18)
(23.8621 7.59241 1.88851e-20)
(31.0862 4.71469 -3.75729e-18)
(24.8592 3.07284 0)
(25.455 3.10984 7.9417e-18)
(25.501 3.82843 0)
(26.3525 2.69833 1.09881e-17)
(23.7102 5.41504 0)
(24.8952 4.46122 -1.96119e-18)
(24.9157 2.24738 1.84257e-18)
(27.857 2.86579 8.7578e-18)
(23.608 0.329517 0)
(27.7864 6.84487 0)
(29.855 2.04744 5.95677e-19)
(26.379 -0.168895 -1.64478e-18)
(25.3727 3.73964 0)
(21.8886 3.89338 6.22478e-19)
(16.7526 0.296682 6.80936e-19)
(25.6092 3.80832 0)
(25.6873 2.95782 1.40224e-18)
(24.93 2.24673 7.69296e-19)
(24.9193 2.2426 0)
(23.2034 2.36982 -7.64632e-19)
(24.7902 2.15379 0)
(22.8824 1.95468 9.06638e-19)
(24.2639 1.90442 3.77176e-18)
(25.0157 2.22881 0)
(24.2996 1.84117 -1.33101e-18)
(30.9481 6.13563 0)
(25.2301 4.47309 3.59591e-18)
(21.4723 0.529929 -1.1089e-19)
(25.0521 7.29629 0)
(25.7578 1.62078 1.5983e-18)
(30.7071 1.40164 0)
(24.0259 2.71674 -1.50651e-17)
(25.354 2.48187 5.54932e-18)
(24.9742 2.38262 9.11644e-20)
(24.9335 2.33372 3.54195e-18)
(24.235 3.26734 2.92563e-18)
(26.6083 5.9566 0)
(21.8221 4.03851 3.70795e-18)
(22.8852 0.291209 0)
(25.5099 0.957436 4.37899e-19)
(24.0647 1.11018 -1.38374e-18)
(24.9501 2.44315 1.07106e-17)
(25.7665 3.43384 1.65775e-17)
(27.339 2.07244 2.80197e-19)
(16.6881 -0.786089 7.22378e-18)
(24.2182 1.87462 -6.55256e-19)
(28.7898 5.04872 -2.637e-17)
(25.5847 2.299 1.56006e-18)
(26.2365 2.18022 -4.26558e-19)
(25.1959 2.20885 1.18959e-19)
(25.5617 4.19285 -6.92437e-18)
(25.813 3.57261 1.29808e-18)
(28.3553 1.82119 -4.0998e-18)
(26.1107 -0.243742 -1.01239e-18)
(23.5346 -0.391917 -5.10889e-19)
(23.2487 1.3619 0)
(24.7349 2.38793 -1.849e-18)
(27.4037 1.9594 0)
(29.0781 0.757894 -2.99027e-18)
(24.8624 2.30287 0)
(23.4616 -0.0106977 -3.63255e-18)
(28.8987 1.31717 3.59046e-20)
(19.7306 1.12453 7.13383e-19)
(25.6769 3.65128 1.00658e-17)
(24.9131 2.11438 4.91873e-19)
(26.1659 2.83647 1.12874e-18)
(32.5537 18.8223 0)
(25.2423 6.2014 5.41139e-20)
(25.8896 -0.5361 1.88334e-18)
(32.733 4.19533 4.47677e-18)
(25.9916 2.86038 4.54728e-19)
(25.7324 3.63321 0)
(22.6868 2.12155 2.32568e-18)
(21.0306 -1.55191 0)
(24.316 1.3021 -1.13347e-18)
(24.9442 2.24506 -7.66457e-19)
(25.1685 2.75874 -8.31726e-18)
(24.4503 2.53427 -3.85062e-18)
(25.8048 4.22729 2.31361e-19)
(24.8516 2.47551 5.63718e-18)
(25.433 2.13541 5.94056e-19)
(31.1682 3.19868 -4.24094e-18)
(24.4916 1.17294 1.4054e-18)
(25.7339 3.96735 4.18535e-19)
(25.5773 4.87919 3.13945e-19)
(24.894 4.32238 0)
(24.1566 1.75642 -9.12138e-19)
(24.7387 3.19149 -6.33134e-19)
(28.2509 7.62185 -2.61725e-18)
(25.8504 2.56949 1.76173e-18)
(24.3577 2.53155 1.0554e-17)
(25.0178 4.63586 3.02064e-18)
(26.6716 4.41284 4.18168e-17)
(32.8576 4.3576 -3.65009e-18)
(24.8859 2.17848 0)
(21.6398 0.680455 8.92306e-20)
(24.9456 2.52439 -4.57261e-18)
(24.7703 2.28422 0)
(24.3815 2.10744 -2.16934e-19)
(24.8093 2.77544 -1.35966e-17)
(24.8643 1.71443 0)
(26.7436 4.28504 0)
(21.6486 0.599744 -1.48098e-19)
(25.7686 3.39646 2.11035e-18)
(26.1706 3.11612 9.44419e-18)
(25.5607 3.0862 1.1729e-17)
(25.0245 4.15251 0)
(26.4303 2.02397 0)
(24.9833 3.16305 -3.19125e-18)
(24.8259 3.97623 -1.07605e-17)
(25.7591 3.19955 4.26737e-18)
(25.4821 2.74386 -4.40376e-18)
(30.3827 5.70871 -3.00996e-18)
(26.3995 1.9114 8.37735e-19)
(26.5362 7.25824 7.3075e-19)
(27.847 8.78263 1.78839e-18)
(26.5526 2.29053 7.89834e-18)
(24.0856 6.16981 -9.69299e-19)
(23.7633 1.70451 0)
(30.424 2.25139 0)
(23.0549 3.57779 2.48802e-18)
(25.5573 2.61906 -5.54092e-19)
(26.6939 1.46097 0)
(24.1146 2.73175 -3.439e-19)
(31.4917 3.38834 5.23489e-18)
(24.9744 2.22237 -3.92832e-21)
(24.2299 2.7907 -1.04236e-17)
(26.0596 3.79398 1.42078e-17)
(23.1146 1.71635 -1.17775e-18)
(26.5985 0.789111 1.19207e-18)
(27.2712 1.81027 0)
(24.1752 7.76565 1.10772e-19)
(21.0849 0.848223 2.12412e-19)
(25.1677 5.01861 0)
(25.3416 3.75512 -1.25318e-17)
(25.7468 3.63032 0)
(25.8142 3.34602 0)
(28.6476 0.478167 -2.01729e-19)
(25.6319 3.78095 0)
(18.345 -0.527421 -2.14514e-19)
(25.7822 3.60429 1.37921e-17)
(23.0727 1.53049 0)
(25.4029 3.51781 6.22623e-17)
(24.7002 1.24232 -3.00103e-19)
(24.9566 6.49451 -6.32449e-19)
(30.0913 2.33061 7.98766e-18)
(25.7878 3.3485 0)
(25.1012 3.32226 0)
(27.1895 3.0511 0)
(22.9258 6.91152 7.42746e-19)
(23.7293 1.13324 1.3079e-18)
(23.6588 1.14328 1.29095e-18)
(21.9692 6.56481 0)
(22.7792 5.17106 -1.44779e-18)
(20.9804 1.53489 -3.74249e-22)
(25.6991 3.39462 0)
(28.5213 4.9265 0)
(21.5112 4.92384 0)
(25.7362 3.60114 -1.45038e-17)
(24.7171 1.04176 1.29598e-18)
(26.1944 2.65449 0)
(26.32 3.09244 2.14635e-17)
(26.3666 3.79949 2.36432e-17)
(25.7558 4.15019 1.78541e-18)
(24.7646 2.00501 -1.15348e-18)
(31.4846 5.50455 -1.2322e-18)
(21.9886 -0.347985 6.09174e-20)
(25.2455 2.19371 -3.94824e-19)
(30.9205 8.14213 -1.34807e-18)
(27.7957 9.84737 1.50548e-18)
(22.6093 4.23937 5.91878e-18)
(24.8545 1.32779 0)
(19.8967 -1.89766 7.11917e-18)
(35.0555 7.17585 0)
(25.9451 3.29136 2.92667e-19)
(24.955 2.47035 -4.84628e-18)
(22.0133 2.69734 0)
(17.5265 0.533972 1.54565e-19)
(26.7242 3.57259 1.34381e-17)
(26.1967 4.33809 0)
(26.8635 2.18855 0)
(25.9795 3.24719 5.30913e-18)
(25.3332 3.25178 7.18361e-20)
(24.8624 2.11158 -5.5022e-19)
(25.6742 3.72231 5.17775e-18)
(26.2265 2.35084 -3.97872e-19)
(23.3925 2.24918 -3.74828e-19)
(26.1551 1.39194 -8.12044e-19)
(26.4516 6.14147 1.39106e-18)
(29.3094 1.36815 -4.73844e-18)
(26.572 3.0882 0)
(26.4915 2.12963 2.9873e-18)
(21.2245 0.600468 5.61915e-20)
(25.5185 3.45802 6.7612e-19)
(17.1416 -2.47173 1.43542e-19)
(23.7338 1.70205 -1.35652e-21)
(25.8232 2.08538 0)
(29.7192 5.78704 4.65479e-18)
(25.5005 -0.52915 -5.90342e-20)
(26.6262 2.03272 1.0117e-18)
(28.478 8.42803 -7.486e-19)
(26.6068 4.00499 -1.98602e-17)
(27.037 1.67704 8.67037e-19)
(33.0257 4.93282 -2.79813e-18)
(30.5227 1.34193 2.51542e-18)
(25.8828 3.2204 -3.56658e-18)
(26.6911 2.03173 -1.02299e-18)
(25.4972 3.14061 -1.15469e-17)
(26.4841 1.93021 -1.13063e-18)
(25.0733 2.17753 0)
(23.703 1.20046 0)
(24.9391 2.24565 4.10885e-19)
(26.7332 6.7015 0)
(26.0612 3.4063 -1.59015e-17)
(23.7762 0.0879526 -8.85739e-20)
(30.5643 6.71171 0)
(25.5071 1.4593 -6.57472e-19)
(28.8665 3.83894 1.51707e-17)
(26.3329 2.84757 1.87317e-17)
(27.6588 2.49852 6.74881e-18)
(26.8929 2.33445 0)
(23.0776 3.21969 -2.70621e-18)
(25.2045 3.12821 1.44213e-17)
(23.7239 1.72587 -8.76723e-19)
(31.0566 3.6354 -1.90472e-18)
(25.6568 3.19305 0)
(24.9042 2.10723 6.46236e-19)
(22.7648 -2.76067 0)
(25.9687 3.5984 2.943e-17)
(30.3486 1.6563 -2.32078e-18)
(26.4245 3.53502 5.77831e-17)
(20.7263 0.708034 0)
(27.4605 8.73661 1.51374e-18)
(27.6115 10.0522 1.67308e-19)
(22.0964 0.776384 2.0197e-19)
(21.5098 0.106902 0)
(23.9645 1.73563 -2.18094e-19)
(22.6476 0.169607 0)
(25.99 2.08172 0)
(25.6239 2.15401 0)
(32.0764 20.2482 0)
(29.8416 3.00863 8.35108e-18)
(19.3618 -1.32718 6.02493e-18)
(30.1566 1.01427 0)
(29.5727 -1.03232 -1.58449e-17)
(25.4054 3.66011 -9.38614e-18)
(25.3883 3.98918 0)
(19.5726 1.24118 3.47047e-19)
(23.0984 11.0095 0)
(25.3599 2.7465 -1.17075e-17)
(24.1093 8.344 -4.65478e-20)
(24.9443 2.36222 -3.35742e-18)
(23.2382 6.50519 1.11953e-18)
(28.6893 0.801585 0)
(24.2683 1.86792 -6.71412e-19)
(21.6843 0.521596 -5.03248e-20)
(22.8709 7.40055 -3.46746e-19)
(24.7212 2.20143 0)
(25.1203 3.14134 0)
(24.9987 2.67914 -3.75301e-18)
(24.6863 2.72327 2.31218e-18)
(23.1759 1.4058 -2.5513e-18)
(27.3284 2.1265 1.3194e-17)
(26.6168 2.74243 -7.04822e-18)
(24.5101 2.86991 0)
(24.4829 0.858188 2.11955e-18)
(20.4881 9.20092 0)
(21.0032 4.60993 0)
(27.0935 -0.0901772 0)
(24.9161 2.34364 -2.07688e-19)
(25.6572 4.65505 -1.05678e-18)
(26.5242 2.35046 0)
(21.4878 0.161433 -3.6359e-20)
(25.153 3.38236 0)
(25.718 3.53914 1.59314e-17)
(23.2163 1.27104 -4.06061e-20)
(26.4822 5.08938 1.50318e-18)
(28.0985 1.38071 0)
(22.9806 7.05043 3.39547e-19)
(25.8103 3.6966 -1.27218e-17)
(22.2267 3.2028 0)
(29.9259 2.20368 2.93812e-18)
(23.2519 6.71137 0)
(23.1648 2.61707 5.79942e-18)
(28.8207 2.75315 7.29318e-18)
(19.7583 -1.48428 -1.26387e-17)
(26.3683 4.01747 1.75993e-18)
(26.0685 3.57319 -5.58881e-19)
(30.9672 2.38296 1.15798e-18)
(22.9485 7.47859 -3.01386e-19)
(20.8254 0.592588 3.04322e-19)
(26.9744 1.35907 2.20418e-18)
(25.3977 3.75982 0)
(23.5711 5.27036 6.20697e-18)
(25.6817 4.6029 2.14703e-18)
(22.825 3.92725 -5.54144e-18)
(22.7094 3.77333 1.36171e-17)
(28.7805 1.5864 0)
(19.2505 -2.66342 0)
(25.7195 3.06515 0)
(28.7776 0.515289 1.74938e-18)
(24.6741 -0.44596 0)
(28.1857 1.55839 0)
(25.4594 4.81184 1.54804e-18)
(24.6669 2.83226 0)
(26.1593 4.10048 -9.813e-18)
(24.4538 5.72364 0)
(21.6178 5.67028 0)
(24.7534 2.84098 6.4437e-18)
(24.6719 2.01985 -2.86732e-19)
(26.2292 4.13808 0)
(25.9564 3.2545 -7.95864e-18)
(28.4824 6.21591 5.11984e-18)
(25.1638 3.20761 3.13116e-18)
(26.2156 3.97757 2.7711e-17)
(25.2979 3.03398 3.12199e-17)
(26.298 2.54207 -1.95537e-18)
(25.3054 3.37088 -1.76282e-17)
(23.6313 -0.34142 5.04467e-19)
(23.9038 1.16952 1.20203e-18)
(28.4557 1.34966 -3.5353e-19)
(21.1339 3.2269 4.58737e-19)
(30.4651 1.26935 -3.73874e-18)
(25.4299 1.7284 0)
(21.595 3.9912 7.27253e-19)
(26.0781 3.74462 -7.67754e-18)
(23.8771 5.92414 -2.56436e-18)
(25.7316 3.62675 2.43837e-17)
(25.6414 3.81414 0)
(25.8452 7.07034 1.95829e-18)
(26.7363 2.75284 4.59403e-18)
(26.6196 3.94828 -1.19837e-17)
(33.0122 4.80212 -9.42406e-19)
(26.7086 10.4796 2.31773e-20)
(24.4733 3.83481 -1.42139e-17)
(30.4794 4.02052 -3.15329e-18)
(25.8461 3.54608 8.51065e-18)
(32.5015 2.76658 3.85281e-18)
(22.3205 0.255507 -4.61266e-21)
(33.7527 11.13 6.93626e-19)
(22.7368 1.91662 1.26157e-18)
(27.178 8.56516 -9.54545e-19)
(26.178 3.75798 2.52949e-17)
(30.0804 1.68603 -6.16164e-18)
(23.9914 2.21794 0)
(12.309 9.20104 0)
(12.7923 12.1382 4.70985e-18)
(24.9127 1.68636 -1.4974e-18)
(24.1238 3.34531 -2.98695e-18)
(25.4724 3.26184 -3.2926e-19)
(24.933 5.26671 -2.25899e-19)
(24.7175 5.43052 3.28582e-18)
(25.0175 3.34569 0)
(22.5701 6.81764 7.48872e-19)
(28.3295 1.94249 -4.08419e-18)
(25.5195 3.99191 -1.34084e-17)
(24.0858 2.16161 -2.17663e-18)
(26.8215 0.228311 1.72985e-18)
(30.1217 1.87124 -1.58615e-18)
(25.8315 3.3598 2.54829e-18)
(28.5323 8.30778 -1.92452e-18)
(25.9112 4.46993 3.78859e-18)
(26.387 2.01013 4.52175e-19)
(22.8667 2.62094 0)
(25.1842 2.54833 -5.46468e-18)
(24.6389 3.03175 -2.45573e-18)
(17.3406 0.220559 0)
(26.1496 3.30357 1.79936e-17)
(30.9386 6.66226 4.35403e-20)
(22.4329 1.32341 -8.06706e-19)
(29.4417 1.37549 1.20285e-18)
(25.7902 -0.300738 2.46071e-19)
(25.6347 2.12716 -1.15983e-18)
(26.8282 2.00052 6.64877e-19)
(31.4208 5.97778 0)
(26.4154 2.87164 8.35459e-18)
(24.5118 3.51329 -2.05502e-17)
(21.7765 3.01696 1.55288e-18)
(26.3046 2.3894 2.59214e-18)
(24.139 0.60474 1.40704e-18)
(25.8293 3.71645 8.5962e-18)
(25.3183 2.19156 -7.92607e-19)
(25.5413 3.12932 0)
(24.9523 9.72768 0)
(32.9634 4.39418 5.72467e-18)
(24.9411 5.16132 -2.15478e-18)
(31.5358 0.191033 4.82981e-18)
(27.6854 8.98892 0)
(25.8456 3.34141 0)
(26.9724 4.56425 -1.68293e-17)
(26.0869 -0.206937 1.97539e-18)
(22.6642 6.20133 0)
(31.3834 2.6308 -1.44203e-18)
(21.8242 3.08353 0)
(35.3677 9.09734 -1.11372e-17)
(25.4835 4.20813 2.14202e-18)
(27.2789 -0.138384 -7.1879e-19)
(24.9505 1.47176 -2.75214e-18)
(24.1876 1.84612 5.19713e-19)
(25.0402 2.52369 4.1157e-18)
(28.4099 2.38211 -7.17743e-18)
(25.4937 3.52503 2.4911e-17)
(26.0483 2.8333 -5.506e-18)
(24.3002 0.771657 2.20698e-18)
(25.8946 7.83254 1.15335e-18)
(27.6827 5.18302 -8.21695e-18)
(25.6333 8.74902 0)
(18.1411 0.556354 0)
(28.4506 3.22435 2.37861e-17)
(22.9484 -0.511233 -7.84787e-19)
(21.3012 0.638075 -1.39761e-20)
(26.553 2.64196 2.28334e-17)
(25.0569 4.76474 -3.10053e-18)
(24.6474 3.24793 -1.50278e-18)
(22.6359 3.61218 0)
(25.6181 2.14586 1.02306e-18)
(31.0355 -0.013981 8.59348e-18)
(25.721 3.24005 -6.1326e-19)
(24.886 2.42396 2.82476e-18)
(16.6616 0.272147 2.23416e-19)
(24.7467 7.82756 0)
(25.5248 0.359762 -1.72758e-18)
(21.5441 0.308744 -2.97113e-21)
(25.7159 4.93093 0)
(23.0033 7.28339 -1.63956e-18)
(23.4954 1.82152 -1.00101e-18)
(24.5317 0.249994 7.43685e-19)
(25.8364 3.72757 -3.23262e-18)
(21.7153 0.444295 -1.4441e-19)
(25.708 7.97982 9.43082e-19)
(27.1001 6.30505 -2.45138e-18)
(25.5006 3.41903 -3.76451e-17)
(24.7197 2.00224 0)
(25.6839 2.1228 -1.07065e-18)
(26.5315 3.08967 -1.25183e-17)
(25.1571 6.61225 -2.44015e-20)
(25.5307 10.7659 0)
(23.1501 1.74535 1.17374e-18)
(20.7253 0.743604 -3.1181e-20)
(24.7111 2.14338 1.01268e-18)
(32.4142 2.76848 -4.69614e-20)
(25.6236 2.11124 0)
(26.8577 4.1967 3.38962e-17)
(22.7669 7.4193 0)
(21.9554 2.89015 1.12999e-20)
(26.3522 2.03113 3.8946e-19)
(24.8405 2.8474 2.96279e-18)
(20.9135 -1.81114 0)
(26.3849 3.57078 -1.18137e-17)
(26.7638 2.43064 0)
(26.8073 0.107239 1.85487e-18)
(24.6659 2.0438 0)
(12.2855 3.0356 -9.58719e-18)
(23.281 6.90652 1.04218e-18)
(25.8164 5.22986 -2.35993e-18)
(25.1318 7.18871 0)
(21.6419 6.44826 6.30982e-19)
(24.8213 2.96883 -3.60812e-18)
(23.2649 7.40347 0)
(25.2924 0.696669 -2.73914e-19)
(23.3654 1.80449 9.94954e-19)
(24.7786 2.22286 9.0057e-19)
(23.7481 2.62451 1.72633e-18)
(30.6725 -0.154134 -8.23956e-18)
(31.3696 4.99057 -2.99788e-19)
(30.0267 0.564101 -2.56616e-18)
(24.0336 2.0789 -2.17408e-18)
(26.0093 8.45019 -8.49095e-19)
(25.7182 3.51715 -1.45466e-17)
(23.8576 10.9746 0)
(25.4454 2.13633 0)
(26.7994 1.51775 3.0749e-19)
(25.809 1.5403 -3.30764e-18)
(24.8619 1.67384 0)
(25.5047 3.66107 3.94258e-17)
(30.3274 1.43877 0)
(21.706 5.6343 -1.29234e-18)
(24.0286 3.45039 1.42816e-17)
(25.7773 3.60971 2.37992e-17)
(23.1508 -0.315019 0)
(18.9289 -1.29205 1.12485e-18)
(29.1387 -0.42169 1.01338e-17)
(22.7563 6.63729 7.35504e-19)
(25.4968 3.4535 7.38246e-19)
(25.7589 3.45136 -9.2447e-18)
(25.449 3.30068 0)
(27.3008 1.81371 2.91155e-20)
(25.1181 4.04759 1.93526e-17)
(24.8642 2.30266 0)
(26.6185 8.8866 -6.9937e-19)
(21.5524 0.899373 1.27425e-19)
(22.0956 3.41047 0)
(26.9176 3.62812 4.78984e-18)
(24.8078 2.44851 -1.92731e-19)
(23.0669 5.15557 4.41669e-18)
(18.2696 -2.60955 6.13193e-19)
(25.859 3.56652 -8.74056e-18)
(26.5073 2.06782 -5.80534e-18)
(25.3346 2.18863 4.95316e-19)
(26.2615 2.02426 -4.91954e-19)
(31.5712 3.40933 -2.61019e-18)
(25.601 2.14756 0)
(27.2106 1.76103 -4.94017e-19)
(25.9405 3.22374 -1.24902e-17)
(29.6029 0.214841 1.244e-18)
(25.6913 3.19992 0)
(24.7094 3.05657 0)
(25.34 3.24818 -1.87624e-18)
(24.7509 2.0335 5.79198e-19)
(26.9341 1.77588 0)
(23.8253 1.82883 0)
(20.8187 1.53583 -2.24171e-20)
(23.5088 6.40513 -7.92501e-20)
(22.8925 2.7021 0)
(23.2245 1.71269 -1.0252e-18)
(27.926 8.67984 6.09633e-19)
(26.2281 3.14902 -1.50109e-17)
(25.6025 2.13828 6.61535e-20)
(26.302 4.36378 0)
(26.0244 3.10729 0)
(21.2605 1.15404 0)
(29.7051 1.49695 1.31907e-18)
(25.4158 2.183 -4.84368e-19)
(25.7796 3.61526 -6.32469e-18)
(23.3778 3.60897 3.88897e-18)
(21.3902 0.219965 0)
(22.5773 3.45346 -1.70769e-18)
(24.0461 1.69989 0)
(19.2827 -2.80869 5.09173e-20)
(25.9436 3.10062 8.71898e-18)
(23.3096 3.46231 -1.8882e-18)
(25.0644 2.17368 5.25435e-19)
(23.1369 1.59897 -1.14698e-18)
(27.0847 1.8492 -5.08682e-19)
(14.2794 3.18306 8.19956e-18)
(24.4073 2.20775 -3.05364e-18)
(25.7381 3.6063 0)
(25.1169 7.88267 3.56328e-19)
(26.1635 3.42478 0)
(22.1579 3.48786 -2.20321e-18)
(25.5923 3.04899 0)
(25.132 2.57673 6.03358e-18)
(29.7835 -0.714852 0)
(25.8326 2.10868 -2.15063e-19)
(30.4636 3.81589 1.13722e-17)
(21.6668 1.09798 0)
(24.8223 4.22835 -8.83859e-18)
(22.7749 4.87049 -3.05062e-18)
(27.2583 -0.213636 -1.47361e-18)
(24.1969 1.76923 -8.02343e-19)
(18.1064 0.861489 -1.5278e-18)
(24.4882 1.26508 -1.23044e-18)
(25.9977 3.57631 1.39413e-17)
(24.6451 2.37864 7.32193e-18)
(25.4688 3.55654 7.08901e-18)
(21.1473 0.483986 -4.49249e-20)
(25.0515 1.62622 0)
(24.0266 2.99554 5.23445e-19)
(25.0422 6.04577 -5.98452e-19)
(31.3349 2.28961 -3.06368e-18)
(25.7053 -0.190422 8.84136e-19)
(28.8083 4.29453 0)
(23.8496 2.21894 0)
(25.9623 -0.263932 -1.0261e-20)
(20.6227 0.643271 3.07106e-19)
(26.4357 3.33384 -1.3953e-17)
(22.3046 2.42744 -9.28462e-19)
(24.5229 4.28366 1.80162e-17)
(23.716 1.67574 -2.39641e-22)
(25.4257 3.53083 -1.99611e-17)
(26.4343 0.701755 -1.58873e-18)
(24.9943 2.09707 0)
(24.7805 2.09326 -1.06357e-18)
(22.5373 -0.000392858 -2.88214e-19)
(28.8876 5.13943 -5.62223e-18)
(23.8531 7.00507 -1.30197e-18)
(30.8911 0.00901215 0)
(25.8657 3.35357 1.32629e-18)
(21.7169 5.53808 2.9021e-18)
(34.9441 14.6071 0)
(24.694 5.53641 2.5605e-20)
(25.0452 3.82117 -2.841e-18)
(25.1261 3.59293 8.05563e-19)
(25.9461 3.1373 6.77792e-18)
(30.2524 1.95379 -2.86366e-18)
(22.2675 2.4717 -6.49299e-19)
(25.0408 2.42414 -1.21931e-18)
(22.1927 2.66494 6.76823e-19)
(26.0463 3.36516 2.1759e-17)
(26.0803 6.01748 0)
(23.1355 3.53099 0)
(26.1903 2.83992 2.1096e-18)
(23.8082 -0.322942 -1.06652e-18)
(23.6313 5.08465 0)
(24.8172 2.17241 1.02476e-18)
(25.3946 3.0865 -1.12081e-17)
(24.8408 2.04945 0)
(24.4016 1.86076 -7.11367e-19)
(27.8903 2.66096 -7.88373e-18)
(26.0547 2.07063 4.28376e-19)
(25.7582 3.8528 9.61643e-19)
(25.9838 3.00864 0)
(24.9823 2.15951 7.83072e-19)
(25.2571 3.21351 1.54237e-18)
(31.219 6.06873 0)
(22.139 -2.79692 -1.58638e-18)
(20.9868 5.91256 -1.56274e-18)
(23.3287 7.09323 5.56382e-19)
(25.0002 5.33013 2.06667e-18)
(20.9204 19.8398 -1.47708e-18)
(21.2502 5.58602 7.25119e-19)
(23.8268 1.91878 -1.4534e-18)
(24.7263 2.0817 -1.00496e-18)
(24.6952 5.07689 0)
(26.4206 1.99541 1.4932e-20)
(30.3028 2.02672 -1.95707e-19)
(29.398 7.31448 -5.73467e-18)
(25.5958 3.33903 -2.05201e-19)
(26.7532 -0.513458 0)
(25.2146 2.89636 -9.0847e-18)
(27.3629 5.88964 -2.57615e-18)
(32.7881 4.57177 -8.87823e-19)
(24.3624 1.97521 0)
(22.8374 6.44405 -1.83446e-19)
(25.7652 3.63863 -7.31884e-18)
(31.0073 5.21724 1.99181e-18)
(25.7615 2.66509 -8.55093e-20)
(30.5 2.12877 0)
(25.2989 2.7598 6.5228e-18)
(22.531 3.29395 -8.99001e-19)
(21.6341 4.66109 -1.35073e-18)
(25.6893 3.23638 0)
(24.8137 2.2785 0)
(23.1943 1.69864 0)
(25.4096 4.8475 -3.27554e-18)
(25.471 8.86292 0)
(25.6048 2.738 3.93866e-19)
(26.6922 4.63202 3.2304e-17)
(21.1873 0.513913 7.71485e-20)
(23.9417 3.56097 -3.4815e-18)
(24.4586 5.33005 2.48214e-18)
(25.764 3.52419 -1.18347e-17)
(29.0072 2.20861 6.84064e-18)
(25.589 2.67771 3.7337e-18)
(22.6461 4.56901 -2.70344e-18)
(31.1758 2.4267 -2.6097e-18)
(21.9386 6.4591 -5.74431e-19)
(25.5663 3.30306 -4.18259e-19)
(26.0979 7.91297 2.04876e-18)
(29.6368 1.51772 2.57205e-18)
(24.9056 2.30434 2.13485e-18)
(24.7487 4.68418 -9.67712e-18)
(21.8291 1.63217 -1.59576e-19)
(31.0721 5.41145 -6.339e-18)
(27.0539 -0.16927 0)
(23.2573 3.29258 -3.72444e-18)
(25.6849 3.33036 0)
(24.1698 5.61093 3.36701e-18)
(25.6155 3.59596 0)
(26.6543 -0.902891 0)
(21.7493 1.31094 -9.82955e-21)
(29.2987 5.11599 -1.20874e-17)
(27.2935 2.90163 -9.16148e-18)
(25.8298 4.16053 -3.0679e-18)
(27.3177 1.02312 1.34132e-18)
(27.3729 -0.0760529 1.45371e-18)
(25.4549 2.13251 1.05671e-18)
(22.5455 1.35948 0)
(26.2225 1.6941 3.38872e-18)
(25.6588 3.84554 -3.64774e-18)
(26.5584 7.7422 0)
(23.7453 2.70735 0)
(24.9355 1.44813 -8.07249e-19)
(31.1386 5.61842 0)
(26.2109 2.97845 -8.37921e-18)
(25.1931 0.363563 0)
(24.2099 0.659852 -3.61067e-18)
(23.1203 1.67694 -1.18128e-18)
(25.877 3.32238 0)
(25.2414 2.53133 -5.70914e-18)
(27.0907 5.41147 8.61232e-19)
(32.7996 3.0018 2.07943e-18)
(24.7786 2.27306 1.44252e-18)
(26.3572 2.0015 -4.87362e-19)
(22.6151 2.05918 0)
(24.7387 1.98842 2.45418e-21)
(26.5302 0.266397 0)
(25.811 3.35574 0)
(25.1398 2.21682 -4.53569e-19)
(25.2251 2.2043 1.5776e-18)
(22.3082 2.61931 0)
(22.588 7.04059 -7.52969e-19)
(25.7825 3.82344 -5.52829e-18)
(25.4957 7.90054 0)
(25.7493 3.22221 -9.0871e-18)
(16.9164 -2.28885 9.6961e-19)
(30.0837 13.2489 5.22283e-18)
(21.9752 0.0921661 7.87098e-20)
(24.7353 2.21702 0)
(28.4953 7.65173 -4.40892e-18)
(23.5579 0.193923 -5.80251e-19)
(25.9142 5.09583 -7.13875e-18)
(25.3501 2.99901 0)
(31.1687 5.81136 -4.58248e-18)
(25.123 3.70293 8.51206e-18)
(23.2397 1.65623 1.19855e-18)
(27.2357 1.80324 0)
(28.8232 0.593723 0)
(25.9816 3.50708 -1.29953e-17)
(27.5262 3.71465 9.91728e-18)
(25.7307 3.73077 -3.04725e-18)
(27.1399 2.43568 5.59825e-19)
(27.5982 7.86311 -1.54641e-18)
(24.8232 3.10057 0)
(24.4459 1.95845 -1.51187e-18)
(29.1652 4.3943 -1.18132e-17)
(25.4523 3.49681 1.24523e-17)
(24.6279 2.8032 9.20555e-18)
(26.1896 2.04717 4.47778e-19)
(25.2893 8.78031 -3.85512e-20)
(26.3014 2.02772 -4.56972e-19)
(24.4595 2.14876 -2.7236e-18)
(30.4034 5.78274 0)
(25.0484 2.92906 3.61932e-18)
(17.7637 -2.32598 8.97553e-18)
(30.2506 4.64809 -6.34907e-20)
(25.9171 3.68706 4.92454e-18)
(30.9352 5.01311 0)
(23.3065 8.52732 -4.92604e-19)
(32.217 6.49914 2.27544e-18)
(26.4683 2.56882 -9.84088e-18)
(25.5954 3.35114 1.38971e-17)
(25.3761 3.83897 2.58923e-17)
(21.609 5.77281 -1.33195e-18)
(29.1706 8.11668 -2.36368e-18)
(26.95 4.08204 -4.82006e-17)
(26.2302 8.48916 -1.07138e-18)
(25.2587 2.19756 -1.00186e-18)
(25.0199 1.57111 -4.21522e-20)
(23.9358 1.149 -8.16008e-20)
(27.5152 2.62777 4.43687e-19)
(25.1969 2.36529 -1.00935e-18)
(25.3173 3.81331 0)
(30.2875 0.793427 -2.50403e-18)
(27.491 7.96343 -4.64202e-18)
(24.7731 2.16747 0)
(26.0479 3.24695 0)
(22.111 6.42618 5.35384e-19)
(25.397 4.2189 0)
(29.4079 7.0262 4.95758e-18)
(24.2837 3.08427 0)
(23.6113 1.77647 9.07858e-19)
(27.2777 5.80708 5.7183e-19)
(21.8945 6.64245 5.80199e-19)
(13.7138 -0.687193 2.19702e-18)
(22.6556 4.71635 0)
(24.8751 1.22541 0)
(25.9735 3.99518 0)
(24.3499 2.66734 0)
(25.8692 1.45724 1.66802e-18)
(22.3148 2.95205 -2.22289e-18)
(23.7592 1.65671 4.69834e-22)
(19.4017 1.22359 1.31274e-18)
(26.3315 3.68112 3.72427e-17)
(26.0769 2.8044 -6.72293e-18)
(25.9432 2.09066 0)
(27.1727 4.75218 1.29387e-18)
(21.672 3.10731 1.15258e-18)
(22.1637 3.15849 -4.72537e-18)
(26.3634 2.30782 3.41762e-18)
(22.8554 2.77259 -2.98265e-18)
(24.3894 1.79943 2.37344e-20)
(26.4448 1.99362 -4.89512e-19)
(25.1126 2.55311 -8.94493e-18)
(24.6108 -2.4764 -7.52578e-18)
(26.4836 8.13303 -1.00943e-18)
(23.1697 2.05672 -1.88109e-18)
(24.7742 1.16002 1.89472e-18)
(25.6768 3.42925 0)
(24.4841 3.21027 0)
(26.1113 2.05974 -4.41685e-19)
(25.3183 7.31318 -2.29936e-20)
(26.232 5.15098 -9.94234e-18)
(26.4918 3.45891 -1.58455e-17)
(25.9801 4.16828 0)
(25.7373 3.27838 -1.75466e-18)
(30.9243 7.47593 -5.08843e-18)
(30.8164 8.15713 2.51422e-18)
(29.5361 0.222338 -2.51156e-18)
(21.8672 4.17526 1.266e-18)
(24.0623 1.14079 1.56394e-18)
(31.2688 9.21109 -7.4263e-19)
(23.3932 7.26497 9.71697e-19)
(24.7518 2.24296 -3.03618e-18)
(25.0297 2.40166 -9.73327e-18)
(24.5304 5.90782 -1.02097e-19)
(24.79 2.26315 2.46808e-18)
(32.7081 2.99573 0)
(23.1455 1.7846 0)
(24.5463 4.01583 1.30042e-17)
(24.8194 2.30429 -4.08632e-21)
(26.8011 6.48854 4.95469e-18)
(27.2138 -0.123215 0)
(28.9136 4.55618 0)
(24.6942 2.18074 -1.57378e-18)
(25.7008 3.04382 5.22181e-18)
(25.1619 4.22202 0)
(27.6924 4.3109 1.97814e-17)
(25.8778 4.21968 0)
(22.8817 2.00496 0)
(24.5856 4.2103 -1.34702e-17)
(23.1204 1.97755 -2.07147e-18)
(23.3102 7.68286 -2.8708e-20)
(27.1795 1.74233 0)
(26.1971 7.92334 -1.21341e-18)
(25.0292 2.44641 3.30195e-20)
(25.8432 3.83851 -2.67937e-18)
(24.72 2.03748 -1.10784e-18)
(21.2304 0.536109 0)
(33.7425 3.74206 1.19555e-17)
(32.3543 1.26819 8.07185e-18)
(27.3021 5.41683 -8.1604e-18)
(23.5071 1.79279 -2.46456e-19)
(17.4923 -2.49403 -2.07681e-19)
(25.8436 3.9325 4.6583e-18)
(24.9395 1.54851 -1.78299e-18)
(25.291 3.8035 0)
(25.8853 3.73981 -1.53624e-17)
(29.5594 7.63124 0)
(20.3028 4.36057 0)
(21.7833 5.69617 0)
(26.0958 3.48463 1.71791e-17)
(30.861 6.84684 0)
(26.3237 2.1092 0)
(26.5676 1.72881 2.73304e-19)
(27.1109 1.85653 0)
(26.0236 4.16904 0)
(26.7536 3.97721 0)
(25.3834 2.39334 0)
(19.3269 0.816047 -7.80084e-19)
(27.1355 0.270994 0)
(23.169 1.63054 7.40113e-20)
(31.0599 2.91051 4.40353e-18)
(25.6204 3.33174 1.73166e-17)
(26.8862 1.20023 0)
(23.029 6.72081 6.12074e-19)
(25.8704 3.3094 -5.70952e-18)
(19.1877 1.04032 0)
(23.85 3.68361 0)
(25.0667 2.42407 1.20247e-18)
(24.8094 2.37606 4.64335e-19)
(25.5424 2.46573 2.54813e-18)
(26.3282 1.99429 5.48909e-19)
(23.3624 1.83483 -1.47451e-18)
(26.4703 1.97795 4.89e-19)
(25.7635 2.10565 3.15302e-20)
(30.0377 7.58716 -1.49348e-18)
(25.571 3.61043 -1.2968e-17)
(24.0955 6.80262 -1.28576e-18)
(24.3316 8.41083 9.3215e-20)
(17.5646 0.56336 -1.5489e-19)
(22.0127 6.39068 5.59889e-19)
(25.5501 2.71775 -6.5783e-18)
(23.5538 1.68918 4.80149e-19)
(30.7954 -0.40859 3.5138e-18)
(25.1836 0.893768 -4.75743e-19)
(23.3269 8.39121 0)
(26.887 -0.212942 -2.63557e-18)
(22.9895 4.96573 0)
(23.6256 0.449498 0)
(31.0719 2.33172 6.13451e-18)
(26.2294 3.31822 0)
(28.646 3.65512 9.99701e-18)
(26.6223 2.4163 -5.3959e-18)
(30.0637 2.22702 -4.7888e-18)
(26.3044 2.27604 -2.50799e-18)
(31.0353 7.55029 2.59952e-18)
(22.4037 6.00173 8.91207e-19)
(24.928 2.43785 -8.34998e-18)
(26.4173 4.35901 -1.22416e-17)
(27.1585 1.84567 0)
(29.3683 7.77357 0)
(24.9668 3.47649 2.32794e-17)
(25.8623 3.44819 2.64127e-18)
(22.7113 6.73084 4.04409e-19)
(23.5213 -0.473701 0)
(25.727 -0.28171 -2.41571e-19)
(30.2723 1.29731 -1.17605e-18)
(21.871 0.212017 -8.21322e-20)
(25.5341 2.1631 9.48599e-19)
(25.2378 10.4426 5.31343e-19)
(27.3178 1.81414 6.68307e-19)
(24.6909 1.50507 9.91599e-19)
(26.0207 3.54522 0)
(28.3643 4.29128 2.51231e-17)
(25.5866 3.71037 -2.09639e-17)
(28.0495 2.82015 1.0044e-17)
(26.2635 4.10091 2.15343e-17)
(25.5518 2.15143 0)
(23.1089 2.14252 -3.49136e-18)
(24.1798 1.78424 7.73507e-19)
(32.7843 3.98346 -8.59307e-19)
(25.9059 1.85838 1.73637e-19)
(25.3077 2.20032 4.27068e-19)
(21.2097 0.429875 0)
(34.8601 13.2408 0)
(25.8902 3.21104 4.70166e-18)
(25.7432 3.63357 6.81241e-19)
(30.7829 -0.369293 7.42752e-18)
(21.4658 0.352379 1.94293e-21)
(25.9024 3.73978 8.04157e-18)
(22.1243 0.373194 -1.50101e-19)
(25.2183 5.80381 8.38913e-19)
(22.7852 4.43216 -7.85874e-18)
(24.3717 1.20041 4.23106e-19)
(35.3534 8.49789 1.10408e-17)
(26.9882 1.71397 -7.37005e-20)
(25.8193 3.45426 -6.24517e-18)
(30.8224 -0.174466 -1.30802e-19)
(25.7508 3.56668 2.22847e-17)
(25.4505 3.59488 0)
(25.7157 3.65288 0)
(23.106 8.35938 1.37998e-18)
(26.1893 10.4266 0)
(20.5648 1.13546 0)
(26.9067 7.74546 3.46757e-18)
(25.7314 3.91755 2.24591e-19)
(26.1286 15.2833 2.61863e-19)
(27.9914 1.23757 0)
(22.8401 2.08373 -1.45469e-19)
(26.9908 2.07235 1.38341e-17)
(25.1161 5.78597 0)
(25.9269 3.71718 -2.89501e-18)
(23.9401 -0.0167015 1.05835e-18)
(24.5504 4.96452 6.26323e-20)
(34.617 15.3643 0)
(20.9831 1.15977 0)
(24.4545 3.14072 -4.33277e-18)
(17.5555 9.02368 1.33234e-18)
(26.442 8.49757 0)
(27.0568 2.11057 -1.3403e-18)
(29.5649 6.18452 1.44383e-17)
(29.2441 3.46955 -1.83741e-19)
(21.5929 3.12177 -7.99072e-19)
(30.3104 2.11036 0)
(29.0026 13.6135 -7.58178e-18)
(25.2358 2.20628 -4.60376e-19)
(24.3666 1.82935 1.87961e-19)
(22.9011 7.30455 -3.62025e-19)
(30.444 1.49931 0)
(24.9458 3.07627 5.64332e-19)
(25.7364 6.42854 7.4248e-19)
(28.5585 1.33349 1.45827e-18)
(29.0065 3.59947 9.18722e-18)
(21.8829 3.3664 -4.16896e-18)
(25.1547 1.87747 -1.60029e-18)
(22.1709 0.297758 1.67725e-19)
(26.2808 3.19428 0)
(22.0877 0.114176 -9.06224e-20)
(27.202 1.84237 0)
(25.6971 3.59641 0)
(24.7609 4.13095 0)
(24.6181 2.12877 0)
(25.876 3.53003 -2.93434e-17)
(25.7137 3.33146 -7.98369e-18)
(22.6723 2.58836 0)
(21.0892 4.58484 -1.66265e-18)
(27.2314 1.87645 0)
(21.3019 -2.83206 3.21675e-18)
(29.7194 -0.439638 -9.53545e-18)
(24.6334 3.46539 1.21749e-17)
(25.7448 2.10731 5.13383e-19)
(25.8565 3.42668 8.65093e-19)
(25.9112 2.56695 -7.94564e-19)
(26.7442 1.69811 4.30032e-18)
(29.9678 -0.284385 -1.00257e-17)
(20.2195 1.41121 0)
(25.4664 2.17293 9.92281e-19)
(26.6112 6.32585 3.74768e-18)
(22.7782 2.76156 5.37017e-18)
(28.2929 4.18385 -2.01185e-17)
(24.6992 8.8863 1.05399e-20)
(26.3003 2.23347 1.352e-18)
(26.3469 3.101 0)
(21.4853 0.384257 2.24166e-21)
(22.5771 0.769259 -4.52782e-19)
(19.9425 -2.81711 -8.06011e-19)
(19.5569 1.25105 -8.74074e-19)
(29.0124 4.66544 5.53642e-18)
(27.1792 -2.04408 4.62178e-18)
(26.9266 -0.134487 0)
(24.9635 2.39996 2.9123e-18)
(25.5716 3.68437 0)
(29.5874 2.78641 7.486e-18)
(31.4346 3.4494 -4.89911e-18)
(25.3592 1.50784 5.77799e-19)
(23.6869 1.67221 1.00022e-18)
(24.7289 1.50793 1.46764e-18)
(21.8022 5.50614 -1.11145e-20)
(26.1612 5.21362 0)
(23.5997 -0.506801 -5.4622e-19)
(25.7385 3.34627 1.99796e-17)
(34.0389 3.87528 0)
(26.219 2.03777 2.93398e-20)
(20.9783 1.20088 0)
(25.4013 3.30523 1.27935e-17)
(21.7436 0.169034 1.06541e-19)
(25.6948 3.64773 7.35581e-18)
(23.0939 1.60526 -7.70241e-20)
(31.6266 0.2665 6.99056e-19)
(24.6396 2.01282 -2.90268e-19)
(19.9427 -2.77344 1.92617e-18)
(30.0178 1.09156 -1.15263e-18)
(33.7344 3.27741 0)
(25.2348 2.41255 2.00924e-18)
(24.354 1.89907 -4.09585e-20)
(30.2856 -0.742277 -6.27175e-18)
(21.6933 3.24966 -7.81088e-19)
(23.5981 -0.589405 1.10146e-18)
(25.972 2.82144 4.54188e-18)
(24.9545 2.24486 -4.16308e-19)
(24.3216 1.90591 0)
(25.6781 2.91272 -2.73888e-18)
(24.7954 3.04014 -2.22857e-18)
(33.6475 10.7932 -6.23541e-18)
(25.7907 4.70533 -2.94783e-18)
(19.5324 1.24996 -9.11535e-20)
(31.0994 0.178637 -9.13463e-18)
(23.3492 2.53502 -5.8647e-19)
(23.7067 2.85335 -9.91593e-18)
(27.7864 7.39591 -2.83972e-18)
(24.781 2.26018 6.50287e-19)
(22.2608 5.1862 -1.505e-18)
(23.8986 2.5111 -3.03339e-18)
(28.4611 -1.69377 1.17687e-18)
(26.2005 3.26727 -2.54903e-17)
(24.8226 2.29454 -2.80746e-18)
(30.8365 7.15662 0)
(25.7439 3.74423 1.09901e-18)
(27.0133 1.74269 4.34933e-19)
(24.6014 3.361 -9.40914e-18)
(26.6917 -2.06036 3.70573e-19)
(27.0211 3.94896 2.29634e-17)
(26.2016 2.41871 -6.74346e-18)
(24.1734 1.74099 -4.73389e-23)
(24.9831 2.08993 -5.7259e-19)
(25.9369 3.24809 -1.0769e-18)
(27.9549 0.285813 0)
(23.5031 5.45212 -4.77065e-20)
(31.3628 1.7265 -3.14813e-18)
(17.4437 0.775887 -1.1215e-18)
(22.0634 6.22769 1.10425e-18)
(25.6552 3.23588 -7.97913e-18)
(27.1272 1.7972 0)
(32.7559 3.86687 9.22787e-19)
(27.8726 2.43657 4.06476e-18)
(23.0327 0.183739 -4.79339e-19)
(23.4129 2.42282 6.38923e-18)
(29.7589 13.5239 -5.27858e-18)
(18.7149 0.756642 0)
(34.5197 16.1779 0)
(25.0807 2.36404 -7.95159e-19)
(26.0239 3.33177 2.1666e-17)
(21.9893 6.28981 -1.14105e-18)
(25.9452 2.42683 3.60234e-19)
(21.0543 0.915631 0)
(22.5934 6.54411 1.98169e-19)
(24.7278 1.50008 -3.36388e-19)
(24.7521 -1.96818 7.20354e-18)
(24.6473 2.02316 2.94481e-19)
(23.4238 1.75061 -1.33663e-19)
(34.29 4.83728 -1.118e-19)
(25.6365 3.44152 0)
(27.1046 2.39273 2.33055e-18)
(26.1743 3.53957 0)
(30.2104 1.75894 1.65886e-18)
(23.4383 7.05252 -4.44729e-19)
(25.6887 3.6344 8.5811e-18)
(30.014 1.51735 2.59467e-18)
(27.9428 0.974541 5.06683e-18)
(21.8102 5.0658 -6.0755e-19)
(24.1939 1.74781 0)
(25.9423 1.38242 1.23924e-18)
(26.2767 2.59878 2.86582e-18)
(24.9534 0.990536 0)
(25.3023 2.51447 4.68265e-18)
(23.9803 -0.304011 0)
(21.2139 0.387665 0)
(25.334 2.19476 -2.9465e-20)
(25.9235 3.15339 -5.24392e-18)
(23.0686 1.76781 0)
(22.1813 6.35908 8.66813e-22)
(25.0317 1.66453 -5.80998e-21)
(26.4007 -0.268632 -1.19003e-18)
(23.4837 2.32014 -6.61684e-19)
(18.9021 1.11922 0)
(25.7525 3.21114 7.01076e-18)
(22.0916 0.0496056 8.29697e-20)
(26.3353 2.26529 5.49232e-19)
(26.0738 3.85464 1.88857e-17)
(26.2298 3.51741 -3.25198e-17)
(26.229 2.04232 0)
(25.9167 8.04719 0)
(34.9731 7.36305 0)
(25.1938 3.85304 -2.58496e-17)
(23.5516 0.369679 0)
(25.6152 7.44192 0)
(25.8061 3.40001 0)
(24.7608 2.24793 -1.56538e-18)
(24.3586 5.36155 -2.98654e-18)
(24.4191 0.79431 -2.35822e-19)
(23.6639 7.47158 2.08782e-20)
(25.6852 3.87463 0)
(24.0641 8.13077 0)
(25.4882 0.396151 8.47225e-19)
(25.6538 2.13467 0)
(27.5261 5.39231 6.90919e-20)
(16.6061 7.53351 -2.33942e-18)
(21.791 1.06321 0)
(34.5313 4.99982 0)
(25.3405 3.05103 -1.1855e-18)
(23.552 2.23119 5.25478e-18)
(25.6361 4.09387 0)
(22.2428 3.46889 -3.03218e-18)
(26.6845 -0.162106 0)
(22.0132 3.41934 0)
(23.4194 0.110339 6.02569e-19)
(32.2079 2.57305 3.54457e-18)
(25.5123 2.16288 0)
(24.9167 2.24562 -7.7862e-19)
(17.1237 -1.98116 0)
(24.856 2.25026 2.11996e-19)
(26.2436 3.35247 -1.75921e-17)
(24.2946 2.96171 -6.97873e-19)
(26.0277 2.07606 3.47208e-19)
(24.7783 2.25111 5.31114e-20)
(24.1927 1.79781 1.40824e-18)
(23.3091 2.66646 4.96129e-18)
(24.8097 2.25279 8.19602e-19)
(25.1478 2.19773 0)
(24.955 2.30703 1.84986e-18)
(25.7473 -0.384625 9.99255e-19)
(26.7625 1.49473 -6.42143e-19)
(26.7735 1.50866 9.62069e-19)
(24.64 6.08377 0)
(23.6194 1.93968 2.26955e-20)
(25.8093 3.38753 -1.81906e-17)
(25.777 3.44045 -6.18827e-18)
(27.7008 2.02371 8.72413e-18)
(22.6434 2.01192 1.27489e-18)
(26.094 3.0393 1.0808e-17)
(25.8998 4.14868 4.74585e-18)
(30.9308 7.34575 3.89905e-18)
(23.626 2.15149 -1.98416e-18)
(29.2625 -0.975714 -7.81776e-18)
(23.0731 1.99846 0)
(21.2259 0.503015 2.12735e-19)
(30.8285 7.27823 -1.21941e-18)
(18.1372 0.733029 6.09003e-19)
(26.3785 2.51407 6.58835e-18)
(26.379 1.99982 0)
(22.1402 6.52484 -5.32903e-19)
(22.315 4.86058 1.79095e-18)
(26.6542 8.51472 -1.30596e-18)
(27.6348 2.10133 0)
(22.0909 6.8807 0)
(25.5284 6.37844 0)
(29.597 12.3837 2.97659e-18)
(23.7017 2.08676 0)
(30.3636 0.844832 0)
(27.6302 2.31451 -5.21098e-19)
(22.9268 4.79041 0)
(30.0421 1.32962 -4.07422e-18)
(26.178 3.47774 0)
(24.0638 2.67026 1.00015e-17)
(25.8168 3.45739 -9.8684e-19)
(25.9133 3.74806 0)
(25.1542 2.82384 2.66159e-19)
(25.6021 8.3505 5.93952e-19)
(35.1824 7.21944 9.26429e-18)
(27.3929 1.88138 -1.82496e-18)
(25.6575 3.67893 3.04744e-17)
(23.7682 -2.58346 0)
(25.1105 5.17232 0)
(25.0518 8.799 4.60228e-20)
(25.7041 3.45864 4.93803e-18)
(24.2888 1.91307 0)
(25.6416 7.18352 6.72511e-19)
(25.4353 2.17898 -1.0366e-18)
(23.7675 2.03558 1.77492e-19)
(25.4038 2.97849 9.5909e-18)
(31.4195 2.57833 0)
(21.7313 -2.8151 2.80138e-18)
(26.2448 7.50174 0)
(22.7551 -2.81639 -5.62154e-18)
(22.7439 2.47799 0)
(24.0129 2.71436 5.99398e-19)
(25.7643 3.75844 -5.64487e-18)
(23.8286 1.98701 -2.73073e-18)
(25.3146 4.19802 -1.05784e-17)
(21.5009 0.166373 -9.37766e-21)
(30.6417 1.40795 -1.29995e-18)
(25.3897 3.16727 1.15592e-18)
(23.8889 1.9508 4.27381e-18)
(25.2237 3.9239 -1.04277e-17)
(25.8002 1.931 -2.00744e-18)
(24.3355 2.85711 -1.28388e-17)
(34.6755 5.41247 1.5593e-17)
(25.5729 3.37489 4.20997e-18)
(22.6038 6.7284 -2.77381e-18)
(27.1521 2.79392 -8.60211e-18)
(26.8635 1.63771 3.61571e-18)
(25.7625 3.66482 0)
(23.9403 1.9195 -1.05768e-18)
(21.0093 1.08049 0)
(25.7278 5.85631 0)
(23.9869 1.89502 0)
(23.79 2.66683 -2.42515e-19)
(23.0187 0.276684 4.75897e-19)
(24.0262 1.87173 -3.95831e-18)
(26.0786 3.1063 0)
(25.0046 2.65654 0)
(26.5534 2.02361 6.08868e-19)
(27.154 1.71604 0)
(23.3544 2.37444 -4.14351e-19)
(24.1028 1.84169 -1.34202e-18)
(24.0664 1.85729 3.02028e-18)
(25.5135 2.16829 -4.89846e-19)
(24.177 1.90624 1.26182e-18)
(26.9536 1.97381 0)
(23.768 4.74507 -2.36031e-18)
(26.4167 2.06118 -8.43129e-19)
(16.5388 -2.2695 1.1295e-19)
(35.4504 11.0557 0)
(25.8283 3.39098 -8.11107e-20)
(25.4044 2.18476 9.2947e-19)
(24.1429 1.83192 -1.49137e-18)
(29.9537 7.51377 4.69076e-18)
(27.3511 8.70317 0)
(25.992 3.12055 -1.00512e-20)
(22.1565 2.33025 1.36541e-18)
(24.3864 2.76367 0)
(25.715 3.43874 3.47023e-17)
(28.1539 5.06723 5.48618e-19)
(30.7872 8.90381 2.76693e-18)
(27.7257 2.24193 -6.02365e-19)
(30.5869 1.33268 -2.5597e-18)
(19.6645 -2.15603 -1.12658e-17)
(24.2807 1.8371 0)
(21.6168 3.26691 -8.07414e-19)
(21.7844 4.89692 6.3084e-19)
(21.8662 5.65889 -5.99921e-19)
(26.6574 2.00207 0)
(25.7175 3.94299 0)
(25.9112 3.32222 1.49079e-17)
(26.2714 3.80016 0)
(26.1358 5.03434 0)
(35.1843 7.74888 -6.44956e-18)
(24.0909 1.35663 -1.77034e-18)
(32.774 4.44807 4.52346e-18)
(32.8917 4.62172 -2.77531e-18)
(25.9583 3.6512 2.36056e-17)
(27.7759 2.29431 6.03454e-19)
(27.1836 -2.01605 1.17247e-17)
(21.1463 0.734048 0)
(28.7849 3.60262 1.58912e-17)
(25.7446 4.5983 0)
(24.9423 2.39755 0)
(25.4317 2.18228 0)
(25.7169 3.55127 -1.81217e-17)
(31.2342 0.151657 0)
(24.4395 2.67756 0)
(26.4044 2.02044 4.26467e-19)
(34.3088 4.13434 9.58835e-18)
(29.7441 7.47777 4.87472e-18)
(24.9969 3.55616 -1.10859e-17)
(33.3625 3.09896 0)
(26.2712 2.04424 -3.31479e-19)
(27.4104 -0.0019 2.08533e-18)
(25.1792 3.41134 3.0541e-17)
(31.0647 2.62956 -2.09203e-18)
(23.1059 1.79502 1.17794e-18)
(25.866 3.2788 0)
(23.6932 4.90889 -2.52674e-18)
(24.3047 8.30373 -1.99928e-19)
(24.48 2.12958 1.71065e-18)
(25.6287 2.14776 0)
(34.2204 15.204 0)
(26.0399 3.51123 -2.00241e-17)
(17.7592 0.654419 4.88614e-19)
(27.2542 -0.0462468 0)
(20.5106 -1.74759 0)
(25.9765 2.27722 1.33526e-18)
(33.0037 3.47317 6.257e-20)
(24.5053 2.61193 0)
(24.0006 5.52203 0)
(26.1421 3.40656 1.72449e-17)
(24.9264 2.2577 -1.91128e-18)
(23.8051 2.94238 0)
(31.7161 4.32563 -3.35967e-19)
(25.9522 6.44871 2.64009e-18)
(24.9767 2.5235 0)
(26.9937 1.66178 1.00425e-18)
(24.235 1.76147 -2.4885e-20)
(26.1686 6.44413 0)
(25.5462 3.28755 2.89259e-19)
(26.4102 2.00875 7.21014e-21)
(21.2631 0.485984 8.75913e-20)
(30.7162 7.33399 2.45376e-18)
(24.7654 8.80973 0)
(24.5693 2.55677 -8.43775e-19)
(23.9585 7.65713 -1.69429e-20)
(26.125 10.543 4.17817e-19)
(26.5016 3.99494 -2.19833e-17)
(25.5149 3.53899 5.03938e-19)
(23.202 1.93604 -2.01113e-18)
(25.892 3.56779 0)
(24.2175 1.77592 0)
(22.8621 6.63529 -7.46234e-19)
(24.7698 3.1438 1.02414e-17)
(25.5102 2.14554 -8.68604e-19)
(21.6364 4.49766 -6.68251e-19)
(24.629 2.51204 6.60327e-18)
(29.7771 1.65389 -5.39325e-20)
(25.4405 4.14149 8.28192e-18)
(25.0607 2.38506 -2.97094e-18)
(25.605 2.82186 9.59338e-20)
(24.689 2.4718 0)
(21.958 6.08925 5.89415e-19)
(26.5512 4.35152 -2.85907e-17)
(26.0038 3.83089 -2.18365e-18)
(24.7458 2.44548 6.57526e-18)
(32.9731 2.51696 -7.48076e-18)
(17.4225 0.777494 0)
(28.5061 -0.116235 1.05042e-18)
(21.5149 5.81425 1.35139e-18)
(25.4549 -1.99973 -7.19826e-18)
(23.5445 1.16983 8.45631e-19)
(25.6172 1.27874 -4.75856e-20)
(25.3971 3.78815 5.3619e-18)
(24.5394 2.44824 0)
(25.9356 3.11225 3.87991e-18)
(25.5455 3.24186 0)
(21.5502 6.52543 1.2853e-18)
(30.8067 7.53451 -1.21383e-18)
(30.7031 7.456 -1.2012e-18)
(22.2199 4.86817 0)
(27.0651 3.80412 2.36455e-17)
(21.8938 6.24726 1.17013e-18)
(23.1891 1.7364 -1.15502e-18)
(21.8028 2.94084 1.46793e-18)
(21.3682 1.4159 -2.65373e-19)
(24.7742 2.01615 2.46762e-22)
(25.3588 3.21598 -2.41387e-18)
(26.3437 2.02409 -4.20575e-19)
(24.7711 2.25882 2.2866e-18)
(25.4226 8.96532 0)
(22.0728 6.5953 5.3506e-19)
(25.8069 3.65725 0)
(21.1485 0.44357 -2.20194e-19)
(30.7008 1.78102 0)
(25.9273 2.34007 0)
(27.3145 1.82433 0)
(21.7365 6.81191 0)
(26.2223 2.06666 1.77269e-18)
(26.3001 7.85096 1.62973e-18)
(22.3002 4.6773 -9.49364e-19)
(24.6136 3.99465 -1.30406e-17)
(26.7379 -0.0867667 0)
(24.843 2.29399 0)
(21.2618 0.771683 -1.85297e-19)
(26.8896 8.51419 2.01671e-18)
(24.5708 2.41509 4.29808e-18)
(21.2315 0.731938 1.44064e-19)
(24.2443 1.8397 1.81913e-19)
(28.1004 7.66275 1.56857e-19)
(28.2914 8.56776 0)
(32.5131 1.96163 0)
(26.7993 2.48949 1.33573e-18)
(25.8653 3.47193 0)
(27.0274 5.09989 1.11719e-17)
(23.8379 1.17727 2.52702e-18)
(21.2463 0.52771 0)
(23.2689 2.04869 -4.07077e-18)
(25.9749 -0.510846 2.05425e-18)
(24.3868 8.2333 9.69421e-20)
(21.8128 6.31091 -2.37035e-18)
(17.0549 0.568609 0)
(23.9243 1.8108 7.65803e-19)
(24.2478 8.48483 -7.66368e-21)
(25.6081 3.73225 0)
(27.5905 2.07654 -5.46723e-20)
(26.0669 5.08689 0)
(25.3656 2.41706 0)
(25.7631 3.5132 -2.98002e-17)
(23.9414 7.75353 2.64654e-19)
(21.8517 5.22948 0)
(21.7006 0.915327 2.6624e-19)
(30.5554 1.56635 1.22706e-18)
(25.972 1.28874 0)
(24.2806 -2.50651 0)
(26.6219 7.33945 -7.38598e-19)
(27.1978 3.55497 2.03841e-17)
(25.8074 3.55439 -1.88153e-17)
(23.5378 9.20247 -8.30528e-21)
(25.6891 4.39881 1.17407e-18)
(25.3722 3.80687 -1.18976e-17)
(24.4728 8.53882 0)
(35.345 9.39158 5.99021e-18)
(30.5003 6.13233 0)
(33.108 4.71227 -4.94178e-18)
(30.4513 1.42697 0)
(32.0851 1.48424 0)
(25.7675 3.59636 -1.2375e-17)
(29 0.559225 -8.74865e-19)
(27.7577 2.21235 -6.76305e-19)
(30.2576 5.68822 2.87112e-18)
(25.1142 2.16261 -4.65367e-19)
(23.5305 4.26216 6.47244e-18)
(30.4515 0.0487925 -7.75154e-20)
(28.7588 4.59089 7.23102e-18)
(21.7706 4.73495 0)
(35.4186 11.6357 -1.39254e-17)
(24.9684 2.11618 5.27529e-19)
(27.9188 -0.0410201 -8.39617e-19)
(23.9086 4.30162 -4.08928e-18)
(21.8789 6.14515 -1.25311e-20)
(28.0866 0.959784 0)
(25.7436 4.72991 3.80569e-18)
(24.5365 2.91944 -8.85516e-18)
(24.7563 9.43886 3.65583e-19)
(24.9771 3.43944 4.56739e-17)
(24.4406 8.44142 -3.13429e-20)
(32.5669 1.62083 -1.00871e-17)
(25.7166 3.25994 0)
(26.3213 2.01708 3.72608e-21)
(25.5873 2.13809 4.72412e-19)
(25.8954 3.32528 1.23603e-17)
(25.8808 2.0972 -2.6389e-20)
(26.5657 3.90864 1.23415e-17)
(23.072 1.89797 0)
(20.8175 -1.28392 0)
(26.0147 2.94241 1.06787e-18)
(22.3624 5.03624 -4.4585e-18)
(24.9601 4.33607 0)
(23.7351 2.37708 4.27712e-18)
(26.3241 3.25437 0)
(22.7186 6.29421 -3.00579e-18)
(22.0182 4.61659 -2.50434e-18)
(21.759 2.87589 -3.93257e-19)
(30.4947 1.56699 0)
(19.3692 -1.57515 9.95707e-19)
(20.1236 1.41226 0)
(32.8198 1.79328 2.17355e-19)
(26.666 -2.19794 0)
(26.4549 1.82981 0)
(22.9226 7.58069 3.18347e-19)
(22.9061 4.60485 0)
(20.968 1.22544 2.58555e-19)
(22.8034 -0.199377 -4.99058e-19)
(30.3197 5.44513 -7.56657e-20)
(33.5164 3.8217 -2.13699e-17)
(29.4467 4.75049 -7.63943e-18)
(24.4381 4.74251 4.83206e-18)
(22.3083 1.53912 -2.00183e-19)
(28.2327 0.953429 -3.20219e-18)
(27.2134 1.31207 -5.16644e-18)
(25.104 2.44809 0)
(16.0718 -2.23835 -1.13496e-18)
(25.636 2.13656 2.3309e-21)
(27.1339 1.83683 -8.9189e-19)
(26.9137 -0.0421473 1.03627e-20)
(28.5782 4.77034 0)
(26.543 7.13284 -2.47945e-18)
(28.6399 1.42169 0)
(23.7045 -0.372891 9.28946e-21)
(31.6216 3.34566 2.77874e-18)
(21.7301 3.7316 -1.31744e-18)
(31.5408 5.95177 -1.31115e-18)
(25.7291 8.77285 0)
(17.2816 0.619886 -4.68231e-19)
(25.8358 3.42479 2.87874e-18)
(26.7127 2.43728 -1.45911e-18)
(24.7563 2.34057 -7.01272e-18)
(24.1349 8.45162 1.61325e-19)
(25.696 2.12433 2.57723e-18)
(21.4147 4.93094 -1.88886e-19)
(25.2001 4.36447 9.07163e-18)
(23.3045 5.47519 2.04084e-18)
(28.3754 0.952203 3.32755e-18)
(30.9313 0.412993 1.04699e-17)
(24.7641 6.2323 -1.48917e-18)
(27.3487 1.257 1.48735e-18)
(21.7929 -0.21322 2.82058e-20)
(24.1922 13.1256 0)
(30.7329 7.09325 -3.48054e-18)
(24.3023 7.80464 8.30108e-20)
(24.9596 2.24181 0)
(25.0406 2.16139 -5.40975e-19)
(30.8113 1.85455 0)
(22.7368 1.86359 1.36517e-18)
(27.0855 0.00273307 0)
(25.7074 -1.9515 0)
(23.8026 1.68565 1.01103e-18)
(35.4049 12.082 1.40824e-17)
(24.6893 9.71472 -6.64844e-20)
(28.5208 0.958649 3.66885e-18)
(27.9111 -0.114923 -8.77319e-19)
(27.0015 -1.85189 6.75343e-18)
(24.8287 2.17699 -1.55165e-18)
(24.0008 8.30761 4.68805e-20)
(35.2087 12.2224 0)
(22.6914 1.93887 1.3407e-18)
(31.5093 0.542452 0)
(24.3358 1.98592 -2.56699e-18)
(19.1459 -2.0108 0)
(18.2489 0.990037 4.48601e-19)
(25.5618 -2.45078 0)
(30.1588 1.3901 4.25444e-18)
(27.4952 1.2145 0)
(35.1138 7.95067 0)
(23.2648 2.00174 1.90519e-18)
(20.246 3.55343 -2.18086e-18)
(23.39 1.91001 0)
(19.9988 -1.31414 6.02673e-18)
(31.5978 3.49189 2.6187e-18)
(24.9078 2.31293 -2.09451e-18)
(24.6523 -0.526129 0)
(24.5982 -0.425076 -7.37614e-19)
(26.258 3.87329 -7.47891e-19)
(29.8564 3.13145 1.27958e-17)
(25.3562 2.50719 5.15585e-18)
(28.6595 0.970495 0)
(25.7203 2.11944 -5.41236e-19)
(27.7926 3.45788 0)
(26.6928 2.56757 -1.82274e-18)
(26.1748 -0.124484 0)
(27.193 6.7687 -3.4257e-18)
(25.729 4.11866 0)
(30.5868 7.50486 1.17227e-18)
(26.0949 1.2165 -3.33998e-18)
(24.5793 2.06469 1.47108e-18)
(13.5812 9.37615 -1.32134e-18)
(13.0113 13.7717 3.55515e-19)
(30.367 5.19773 2.95991e-18)
(26.1551 2.70119 -7.40941e-18)
(27.6337 1.16764 -1.70412e-18)
(28.8042 0.994114 6.56089e-18)
(26.2725 3.55845 -2.00816e-17)
(21.857 6.84095 0)
(25.3953 2.17677 -1.02267e-18)
(26.2083 2.85841 -5.42935e-18)
(25.1433 2.1737 3.28084e-20)
(31.3043 4.18729 -2.05464e-18)
(25.4689 3.22942 -4.13286e-18)
(20.7419 3.05594 -1.01729e-18)
(22.0256 6.97246 -5.43954e-19)
(27.8145 8.99678 -3.18809e-19)
(27.6002 9.09029 1.15125e-18)
(33.9568 4.10486 1.02996e-17)
(25.7187 3.47854 0)
(30.2749 1.44492 0)
(25.4229 3.74365 1.50779e-17)
(18.6761 0.53662 -5.16179e-19)
(21.7008 6.1536 6.39191e-19)
(35.4432 9.88667 0)
(27.3149 -1.86952 0)
(25.6881 2.13089 -5.3297e-19)
(28.9445 1.02207 -4.56306e-18)
(30.6183 7.26347 2.32366e-18)
(23.0179 2.06796 0)
(21.5859 0.285274 0)
(27.4197 2.17271 7.11902e-18)
(22.0442 6.77693 -5.47388e-19)
(18.8216 -2.2803 0)
(21.8634 5.94517 -1.21829e-18)
(24.4811 1.90606 6.45147e-19)
(25.7992 -2.28719 0)
(25.169 3.78123 -2.0968e-17)
(23.9515 4.46026 4.21019e-18)
(25.7827 3.44111 9.75651e-18)
(25.7918 3.25476 -4.00174e-18)
(27.1296 8.46525 -1.50629e-18)
(25.8186 3.41475 5.4636e-18)
(27.7995 1.15104 0)
(25.1177 2.25301 -2.30691e-21)
(26.6242 7.94956 -9.75448e-19)
(34.6495 5.01535 -9.19962e-18)
(21.7526 6.49325 0)
(23.5354 10.9513 -3.83738e-21)
(23.1863 8.57972 9.05615e-19)
(25.7135 3.5919 -1.22298e-17)
(24.337 4.62596 -2.16437e-19)
(29.0831 1.05189 -7.49205e-18)
(31.0032 2.46538 1.19906e-18)
(25.3529 3.11824 -5.78925e-18)
(24.6658 2.15696 -3.72851e-19)
(23.2391 8.32495 -1.5294e-18)
(25.77 3.45641 0)
(31.4886 3.05096 -2.42307e-18)
(24.1714 1.07036 -2.85162e-19)
(25.4207 7.55762 6.38733e-19)
(27.0834 1.3701 -3.43561e-18)
(25.996 3.30391 0)
(31.2085 2.50743 0)
(26.6862 1.50013 -6.93008e-19)
(24.5587 5.68103 -4.71948e-18)
(35.2703 11.7469 0)
(20.2742 6.21777 0)
(24.1448 1.69171 0)
(24.9085 2.27485 -1.0587e-18)
(27.0212 2.03259 -2.234e-19)
(22.9929 1.5024 -3.23504e-19)
(24.922 2.23738 -8.69663e-19)
(25.5604 1.78521 -1.2246e-18)
(30.7467 1.85301 -2.43203e-18)
(25.2863 6.09686 9.76468e-20)
(30.5865 2.07512 2.75192e-19)
(25.9992 2.34127 0)
(22.1957 2.27554 5.12714e-21)
(26.6422 2.03863 0)
(29.2209 1.09178 0)
(27.9986 0.0224036 -1.6951e-18)
(25.8643 3.30889 5.49007e-19)
(21.7678 4.56388 -2.84304e-18)
(30.0497 0.64332 6.80543e-19)
(24.4593 0.921908 0)
(29.981 -0.731752 7.64069e-18)
(29.2223 -0.718177 -8.6905e-18)
(24.9372 1.69163 -1.5169e-18)
(25.4505 2.75986 -4.74995e-18)
(27.2336 4.6867 -5.1639e-18)
(28.8073 5.84607 -1.51344e-17)
(25.1132 8.6923 0)
(21.4305 0.374387 2.88372e-20)
(25.7807 3.67088 6.57041e-18)
(29.3575 1.13754 8.37096e-18)
(25.2528 2.15363 -5.05117e-19)
(25.7857 3.67989 1.61551e-18)
(27.0627 2.65274 -1.18761e-17)
(27.9214 4.06651 2.98849e-17)
(26.0488 3.47276 -1.68943e-18)
(21.6446 5.47226 -1.67822e-18)
(26.9744 1.98988 -9.16089e-20)
(31.5832 1.60922 -8.5347e-19)
(25.7183 3.89762 3.67963e-19)
(21.1962 0.672923 0)
(24.8684 2.03612 0)
(24.8507 2.05728 0)
(24.4686 1.25138 1.2473e-18)
(29.4861 1.17648 0)
(35.4065 10.1754 7.00691e-18)
(26.8207 7.96319 -1.23292e-18)
(24.7881 4.64714 9.58133e-18)
(21.419 6.34283 -6.85018e-19)
(23.5202 7.12434 -4.43691e-19)
(25.7822 3.38923 0)
(27.1175 -0.185753 -6.99283e-19)
(26.9558 -0.231594 2.02975e-18)
(35.0358 12.2676 0)
(30.2139 -0.122393 -9.71751e-18)
(9.87078 -0.531288 -1.6192e-18)
(21.4091 0.192284 0)
(25.631 4.23307 -4.03346e-19)
(26.0061 2.06384 8.22553e-21)
(29.4635 5.33045 -7.3637e-18)
(27.4338 -0.0910459 1.10661e-20)
(27.7588 -0.170976 -1.18509e-18)
(29.6216 1.23865 -1.58918e-18)
(24.123 0.263704 0)
(35.2792 8.36867 -1.32251e-17)
(21.5087 5.92474 -6.62798e-19)
(25.7927 3.34737 6.87926e-18)
(23.8019 0.245656 1.20451e-18)
(25.7125 3.53118 0)
(25.2365 8.87701 3.13158e-19)
(25.071 2.35164 -1.73625e-18)
(25.8462 3.3295 -1.97503e-19)
(27.5256 8.08443 3.16384e-18)
(21.917 0.121537 -6.15901e-20)
(24.4162 2.33736 -5.99785e-18)
(21.7869 6.09662 6.04582e-19)
(29.751 1.30097 0)
(26.3905 5.47173 6.57278e-18)
(31.4384 0.32314 8.86678e-18)
(26.2795 2.02971 -4.61449e-19)
(24.6887 1.95299 6.62342e-19)
(25.7099 3.51103 -1.50222e-17)
(24.8346 2.29728 5.67188e-19)
(25.7939 3.79151 -7.08764e-18)
(26.3605 -0.0842997 -1.90826e-18)
(20.787 1.14855 2.60669e-19)
(22.2647 5.07307 1.78725e-18)
(32.3256 5.00572 0)
(28.6801 8.4998 -1.47992e-18)
(23.8218 5.43773 4.8312e-18)
(30.7241 1.31141 -4.97316e-18)
(24.1938 1.97811 -3.00534e-18)
(21.6039 6.09847 -6.38147e-19)
(28.4225 1.16894 0)
(30.1797 1.9643 1.51674e-18)
(19.0203 -1.51868 0)
(25.227 4.15865 0)
(25.4587 2.96399 -1.21291e-17)
(24.4127 4.07033 0)
(26.5671 -0.0309476 -3.01033e-18)
(21.7056 2.26909 -3.00206e-19)
(25.7964 3.58351 1.98057e-18)
(29.8783 1.36212 -3.53284e-18)
(25.2407 3.11512 -1.36798e-17)
(25.7517 3.65128 0)
(24.3887 0.783229 -1.6526e-18)
(23.1611 1.66887 -1.86554e-20)
(27.7081 2.25048 0)
(31.749 6.09288 -3.87864e-18)
(27.1405 1.70811 0)
(27.1828 1.75648 5.17687e-19)
(25.7568 3.65254 2.63602e-18)
(27.6024 2.03641 -7.32098e-21)
(31.4039 9.25851 5.06157e-20)
(22.7454 2.27758 -2.00749e-20)
(27.8532 -0.0274926 -8.11465e-19)
(34.12 4.93416 1.25425e-17)
(22.4823 0.723679 4.75168e-19)
(25.2244 5.45161 1.53614e-18)
(35.187 7.33505 -1.76658e-17)
(23.6147 1.97333 0)
(29.0621 7.89618 3.87667e-19)
(27.1503 3.39735 -2.66309e-17)
(23.3515 -0.288169 -4.41501e-20)
(24.8241 2.61923 -8.98857e-18)
(25.7369 3.62983 -7.18565e-19)
(27.9686 0.422221 5.49173e-19)
(35.2346 8.62434 2.70818e-17)
(24.4803 4.08958 -2.42931e-17)
(29.6722 -0.100938 0)
(26.3429 2.01457 4.66861e-19)
(26.8592 2.07101 -8.0312e-19)
(30.2741 1.21922 3.52251e-18)
(27.1755 1.83004 0)
(29.7184 1.76489 -5.60129e-18)
(25.787 3.66269 -1.28374e-17)
(22.507 -0.68391 -4.90583e-19)
(23.8207 1.42541 -1.19958e-18)
(31.3171 0.35444 9.23983e-18)
(21.7807 5.99431 1.227e-18)
(26.463 1.94882 2.13668e-21)
(27.275 1.86715 -2.43751e-19)
(25.5594 3.40719 -4.24186e-18)
(25.0734 2.27309 2.76541e-18)
(21.4254 0.343584 0)
(30.4712 6.5276 -1.96465e-18)
(28.9975 0.436966 -2.10392e-18)
(25.1126 3.39567 0)
(33.7659 4.19068 0)
(25.8094 3.39274 1.05439e-17)
(23.5711 2.86072 0)
(30.3838 1.5054 0)
(25.4818 -2.257 0)
(26.1348 3.12281 2.88988e-18)
(26.4756 1.9624 -7.38004e-18)
(26.7231 1.5154 6.77555e-19)
(25.1355 3.21736 1.06389e-18)
(30.2076 5.03133 5.44492e-18)
(25.9929 -0.0644094 0)
(23.7522 -2.76666 2.84956e-18)
(20.3492 -1.99197 0)
(14.4815 -0.136218 -1.19796e-18)
(27.0195 3.0087 9.37701e-18)
(26.374 -0.349659 -1.20702e-18)
(20.7754 -2.74917 0)
(25.8207 2.08954 5.62071e-19)
(21.6009 5.98831 6.63676e-19)
(21.7017 3.02879 -1.13744e-18)
(25.8993 3.403 2.01426e-17)
(24.8823 3.95361 5.15168e-19)
(22.5534 -2.55709 0)
(24.939 2.85418 -3.01799e-18)
(30.9426 7.09955 2.45454e-18)
(29.5902 5.72075 -4.29927e-18)
(21.2369 0.461969 2.09722e-19)
(26.5254 1.50545 -7.44471e-20)
(25.272 2.17961 -5.10148e-19)
(22.9941 3.40297 -1.26671e-17)
(22.8881 4.4141 1.27097e-19)
(21.3079 6.28049 6.89753e-19)
(33.0926 3.15938 1.49892e-17)
(25.8005 3.37208 -4.96283e-18)
(21.4096 0.754759 1.94637e-19)
(31.68 3.51194 -6.75559e-19)
(26.9619 -1.5973 -6.97241e-18)
(30.3905 2.16981 0)
(23.0731 1.72655 0)
(23.0289 1.78045 0)
(29.3618 8.1988 -1.61793e-18)
(30.4925 7.42809 -2.38425e-20)
(26.6621 4.29154 0)
(22.1557 0.0267628 0)
(22.0954 -1.25229 8.66935e-18)
(24.1789 1.99839 1.24077e-18)
(31.7977 4.37016 -2.08811e-18)
(30.1042 2.73049 0)
(32.9585 3.35635 -4.11857e-18)
(24.2308 2.59694 1.15438e-17)
(34.6868 5.27798 0)
(31.712 4.23304 3.36394e-19)
(30.5149 1.42313 -1.25094e-18)
(26.1248 4.94691 0)
(26.4139 -1.75907 -7.75481e-18)
(25.5684 2.15067 5.25983e-19)
(25.5278 2.16157 -5.07083e-19)
(28.4721 2.49582 1.44223e-17)
(24.9252 2.24956 -1.57963e-18)
(28.5418 3.56849 -2.61871e-17)
(26.0164 2.07737 -8.19049e-19)
(27.3452 8.39465 1.7052e-18)
(34.8416 6.81852 6.31085e-18)
(27.9297 -1.63914 0)
(25.6491 -0.460508 -9.75171e-19)
(21.7803 5.79333 0)
(32.7073 2.58038 1.12863e-17)
(23.8929 4.14095 -8.28979e-18)
(25.9997 3.66988 -1.74838e-17)
(29.4266 -0.999191 0)
(23.5288 1.70897 -5.56224e-19)
(25.284 -2.05535 0)
(34.4487 5.23869 -6.20791e-18)
(24.4688 0.284536 1.40386e-18)
(27.4344 -1.70546 0)
(21.5026 2.75265 0)
(25.948 -1.89237 0)
(28.2099 0.523582 0)
(24.9303 8.79211 -4.64591e-20)
(24.8922 2.24295 2.42311e-21)
(28.9459 1.39878 -1.11891e-19)
(25.7638 3.74457 1.05146e-18)
(27.231 2.16283 -2.05948e-18)
(26.3601 3.32196 9.58958e-18)
(26.8143 -1.92313 6.28182e-18)
(32.1514 2.00588 0)
(25.2042 2.16562 5.3434e-19)
(25.5343 2.16379 -4.929e-19)
(25.5764 2.156 4.80632e-19)
(23.8837 2.87844 1.48833e-19)
(26.2211 2.69952 7.17383e-18)
(24.4865 -2.02206 -1.83836e-18)
(21.8612 5.84886 0)
(23.4759 -0.182773 0)
(25.152 2.28696 0)
(21.5926 3.34794 2.35405e-18)
(21.5643 3.20259 2.37804e-18)
(25.7542 3.78489 0)
(15.1078 -1.97032 -1.97252e-18)
(25.0477 2.22594 -2.22451e-19)
(26.9949 2.74094 -4.76928e-19)
(34.1481 4.46554 0)
(31.5877 1.50703 0)
(31.501 1.63648 -9.50094e-20)
(25.602 3.20551 2.12885e-17)
(31.7071 1.51695 0)
(26.0868 3.52702 -1.39973e-17)
(31.2801 2.52466 0)
(28.4536 3.36506 1.87234e-17)
(13.659 -1.97176 4.80771e-19)
(23.1422 1.392 -1.28649e-18)
(25.0152 2.36276 -4.55769e-18)
(30.1689 5.90689 0)
(23.2312 -0.149185 0)
(24.2548 1.76778 1.59676e-18)
(21.73 -2.85552 0)
(15.0987 -2.31518 0)
(26.4899 1.99062 0)
(24.3438 -2.27701 -6.38553e-18)
(34.2952 5.35989 0)
(30.7174 1.7082 0)
(20.8828 1.19497 -7.89215e-19)
(12.3189 -0.319534 -3.45896e-19)
(22.8255 5.5915 0)
(25.1272 2.19122 0)
(27.1716 9.2288 1.05436e-18)
(26.1127 0.247637 -2.36397e-18)
(32.2443 0.863905 6.73539e-18)
(26.4364 2.70915 5.19777e-18)
(25.4985 9.05553 0)
(23.6675 -0.260324 0)
(33.5616 3.41458 -1.17347e-17)
(34.622 5.6934 0)
(25.2154 2.16828 0)
(27.0578 1.86615 -6.43793e-20)
(30.4558 0.447207 -1.0604e-17)
(25.0156 2.9892 1.12878e-17)
(27.8774 8.57482 1.10431e-18)
(32.4325 6.70719 4.23963e-19)
(29.0185 0.0185232 0)
(24.967 2.75053 -2.11912e-17)
(33.9154 4.53525 -1.27276e-17)
(25.5412 4.82161 0)
(21.8348 6.41994 1.76346e-18)
(21.7123 6.26361 0)
(26.6204 2.29157 3.62927e-19)
(22.4187 -2.59206 8.70915e-18)
(22.4467 5.84576 0)
(21.3752 -1.59153 0)
(19.0118 -2.77539 0)
(23.0786 6.1865 2.36655e-18)
(21.6376 -2.64999 -1.95807e-18)
(30.6052 1.63758 0)
(30.5683 1.49345 1.76096e-21)
(19.4303 -2.77334 0)
(29.9326 0.0716693 3.21567e-19)
(26.4254 2.03273 -6.45972e-19)
(21.1482 -2.70201 2.10327e-18)
(21.1074 5.86703 7.81779e-19)
(23.1992 7.70754 -6.8061e-19)
(24.5892 8.56166 3.3808e-20)
(24.3946 8.61927 0)
(27.7547 1.56527 -6.07055e-18)
(26.6796 3.90592 -2.61551e-17)
(25.0716 4.12062 -1.36338e-17)
(33.2142 2.80952 0)
(24.0426 -2.62229 0)
(25.734 3.06887 -4.61142e-18)
(20.5059 1.05867 2.84508e-19)
(25.4544 7.31189 5.15865e-19)
(28.6033 -0.702684 5.60732e-19)
(24.9086 6.38681 1.51584e-19)
(25.1094 8.88869 2.37538e-19)
(24.874 9.66038 -3.94495e-20)
(25.5896 10.5534 0)
(24.5744 2.88773 0)
(21.9486 5.99401 -1.16122e-18)
(21.6845 2.88545 0)
(21.7923 2.80572 -1.16825e-18)
(27.5067 -1.79264 -1.32402e-17)
(32.7134 2.2238 0)
(25.1996 2.86521 2.05085e-17)
(23.0047 7.65808 3.0034e-19)
(22.8116 7.60332 -7.00797e-19)
(25.7567 4.53081 5.47386e-19)
(23.5723 1.701 2.44736e-19)
(22.883 -0.214614 1.70711e-19)
(33.3086 3.47833 3.06134e-18)
(25.8805 3.71001 1.56547e-17)
(32.0775 0.922737 0)
(31.5799 5.84667 8.17636e-21)
(31.7876 4.18049 -2.78377e-18)
(23.7625 -2.76982 -3.24798e-19)
(23.2655 -2.80066 3.2322e-21)
(21.3832 5.03116 1.42933e-18)
(28.0189 0.0947179 1.60635e-18)
(25.3544 2.15323 1.88948e-18)
(30.8569 1.92922 -2.48897e-18)
(22.7895 1.84174 0)
(22.6933 1.83148 -1.91594e-18)
(32.3187 1.71971 -1.26431e-17)
(23.3182 2.08008 3.16202e-18)
(27.0766 3.26108 0)
(29.3225 5.27301 1.95174e-17)
(24.9518 9.03283 2.14198e-19)
(23.913 8.37649 6.23108e-20)
(31.6294 0.502941 -9.3925e-18)
(32.865 2.84477 1.51981e-18)
(21.9469 4.18031 0)
(33.8705 3.56264 0)
(19.9177 -0.994743 -1.71537e-19)
(20.3305 -1.42535 0)
(23.3633 -0.385106 -3.77823e-18)
(24.7326 -0.543659 0)
(26.056 3.76418 7.67881e-18)
(14.1825 8.44804 1.24715e-18)
(14.5342 14.0942 7.025e-18)
(25.6766 3.52471 0)
(28.2945 -1.75903 0)
(30.8572 3.69751 0)
(27.6457 9.21228 -1.27027e-18)
(27.4737 9.0719 -4.26901e-20)
(32.4026 2.28284 1.55904e-18)
(21.8364 -2.51353 0)
(24.7368 2.17417 -9.41331e-19)
(18.6208 0.507142 -5.53996e-19)
(31.8 4.46546 -6.88582e-19)
(25.7381 2.11749 0)
(19.1834 0.553389 5.22792e-19)
(27.2149 -1.78305 -8.66922e-20)
(26.8367 3.62027 -3.49648e-17)
(23.6319 7.09004 -3.95852e-19)
(25.2412 2.15034 5.1029e-19)
(26.8787 1.9862 -7.32679e-19)
(25.7972 10.4867 -6.91538e-19)
(27.3998 3.38112 3.79306e-17)
(31.2049 0.622117 0)
(27.711 -0.0746927 2.45604e-18)
(21.7517 0.321816 0)
(31.9467 1.75385 9.91427e-18)
(26.2896 2.86555 -9.1264e-18)
(23.4827 -0.776394 -5.66369e-19)
(25.0152 2.11038 -5.6859e-19)
(26.4478 1.97967 4.99207e-19)
(24.8157 2.27188 0)
(28.0635 0.0104837 1.69285e-18)
(24.8387 1.2692 1.73248e-18)
(29.5794 -0.847381 -1.94517e-18)
(30.3619 -0.604891 -6.70869e-18)
(30.6934 0.226334 1.03803e-17)
(22.3248 2.15363 0)
(23.8534 -0.243006 1.0668e-18)
(31.4579 1.28457 -1.13765e-17)
(22.329 0.630112 1.88492e-19)
(21.5521 5.50093 1.36614e-18)
(25.453 3.16221 0)
(23.8738 2.88405 -1.48786e-19)
(25.6304 3.74812 0)
(24.8555 2.02727 -5.86696e-19)
(24.8872 2.0533 0)
(25.3497 -2.30692 0)
(32.7619 1.86479 1.1513e-17)
(26.8402 0.534367 2.45323e-18)
(27.3111 8.93644 -5.0219e-19)
(23.8154 1.66428 0)
(29.4743 1.52994 0)
(24.8605 7.85064 0)
(27.4103 -0.166719 -7.57054e-19)
(24.7846 3.4581 1.64307e-17)
(21.1481 0.752063 3.08719e-20)
(24.8053 2.02927 0)
(23.8698 1.15571 -2.51969e-18)
(21.8745 0.0826222 -4.87864e-20)
(25.5188 3.80931 -6.35695e-18)
(30.7481 0.653464 1.58041e-19)
(29.6491 12.7381 -3.00674e-18)
(27.523 -0.0332052 0)
(31.8839 4.51341 0)
(21.6941 5.83583 0)
(20.3011 1.36251 0)
(22.7814 -2.54685 4.09846e-18)
(27.4108 8.18546 0)
(24.5943 3.87223 2.58185e-17)
(31.3793 6.41169 4.07319e-18)
(27.055 1.69593 0)
(27.8741 0.340988 -6.02706e-19)
(28.2867 6.86532 1.4815e-18)
(30.1943 0.24931 -1.02993e-17)
(25.1988 2.23717 0)
(23.8248 1.56786 0)
(21.1725 4.76211 -1.49636e-18)
(24.1842 -2.31483 -5.7451e-18)
(28.0867 -0.273628 1.00478e-18)
(30.0466 4.85635 -4.85947e-18)
(27.1521 1.73976 -5.24211e-19)
(29.4733 -0.581845 0)
(26.3241 -1.57558 8.31505e-19)
(29.4117 -0.265577 9.71765e-18)
(25.2644 5.89476 -2.81086e-19)
(25.7046 -1.72936 1.56429e-17)
(27.0149 4.13161 2.81852e-17)
(28.7384 1.39558 0)
(30.3397 1.2069 -1.20152e-18)
(23.8189 1.85335 -1.5077e-18)
(27.443 1.90008 -1.05084e-18)
(23.2167 2.08473 2.39569e-18)
(26.0139 3.19319 9.96374e-19)
(22.1362 -1.10092 -7.93325e-18)
(22.4024 -1.09693 6.58012e-19)
(21.3968 0.366464 -1.85467e-21)
(21.4539 0.292609 -3.31404e-21)
(25.2279 -1.85344 0)
(24.0632 1.2932 0)
(21.6687 -2.64693 -2.47397e-18)
(22.5662 0.0561908 2.62182e-19)
(25.6183 3.66626 1.234e-17)
(26.4483 -0.366457 1.267e-18)
(26.2817 -0.415656 1.23807e-18)
(20.7226 -2.71849 3.9771e-18)
(28.8706 -0.568506 9.80714e-18)
(23.5954 -0.159848 -5.30668e-20)
(31.049 7.16308 -4.02652e-18)
(23.4158 1.48741 -2.32502e-18)
(23.3432 1.67793 2.26039e-18)
(14.0629 -2.24834 -4.06951e-19)
(13.0282 -2.01816 0)
(23.0364 1.6969 -1.2472e-18)
(23.83 6.62656 3.44844e-19)
(22.165 -0.0376335 0)
(23.5915 -2.23494 -1.66085e-18)
(25.3917 2.76108 0)
(34.7855 5.37355 0)
(21.49 0.300526 -3.07257e-20)
(26.0518 3.43163 3.94234e-17)
(26.0904 2.06246 4.86155e-19)
(25.6316 -0.544827 0)
(25.731 3.49568 -2.62642e-17)
(29.8126 -0.917245 -1.09281e-17)
(27.7101 -1.71944 5.90432e-18)
(22.0361 -2.49078 -5.41925e-18)
(21.6923 5.93851 0)
(23.8704 0.188625 -3.13598e-18)
(26.0581 3.27697 3.06924e-18)
(18.0077 -2.71094 0)
(20.8557 -2.62404 4.9068e-18)
(18.4815 -2.70415 1.58903e-18)
(25.6122 2.1496 -4.95176e-19)
(21.5207 -2.57074 -4.44315e-18)
(25.5738 3.29516 0)
(20.1839 -2.66029 -1.11751e-18)
(21.511 3.36983 0)
(25.5285 3.22486 -9.90203e-18)
(30.159 3.26387 -4.69964e-18)
(31.312 2.60481 0)
(31.8121 5.3804 -1.39187e-18)
(28.3254 -0.83116 8.77872e-18)
(24.2732 1.75414 -8.66372e-19)
(26.5408 1.97331 0)
(26.5127 1.98983 4.63899e-19)
(25.8201 3.40749 -1.05753e-19)
(25.8232 2.08632 0)
(25.4568 9.16912 -4.28179e-19)
(25.6111 9.03084 2.67743e-20)
(26.481 1.48092 -5.30719e-19)
(21.3103 1.86834 0)
(21.6227 6.33055 -1.27517e-18)
(27.8299 -0.18994 1.65983e-18)
(24.2787 8.5926 0)
(24.4308 8.72818 9.61075e-23)
(24.5842 0.95859 1.95492e-18)
(32.5556 4.23767 3.46586e-18)
(29.3616 13.3663 -9.52512e-20)
(27.227 -1.52317 8.84339e-18)
(21.7533 2.74005 -2.08557e-20)
(27.4903 -1.14261 8.65014e-18)
(27.8751 0.0463899 -7.77009e-19)
(22.9796 7.76384 -6.14653e-19)
(22.7333 7.52185 3.81729e-19)
(22.896 -0.283828 0)
(25.0544 3.45074 -4.75362e-18)
(31.6788 5.81992 0)
(31.7557 3.89965 0)
(31.7794 4.08789 -2.73616e-18)
(22.8673 -0.799507 5.82434e-19)
(21.2836 5.0494 -1.55011e-18)
(26.6143 -1.68335 -7.89267e-18)
(30.9235 1.93442 0)
(22.7977 1.79359 1.23894e-18)
(26.8754 -1.33562 0)
(23.8061 8.33629 2.19862e-19)
(31.899 0.62525 -7.75579e-18)
(33.933 3.49859 -4.4554e-18)
(34.0738 3.79696 0)
(19.6414 -0.835307 5.29027e-18)
(24.7273 -0.628108 2.16407e-19)
(26.416 -1.51071 7.34544e-18)
(23.6846 -0.455799 4.10319e-19)
(26.1739 -1.82584 7.57812e-18)
(13.8504 7.41679 0)
(15.5018 13.0379 -7.03077e-20)
(15.3931 15.3731 2.30452e-18)
(15.0843 8.56105 -4.08318e-18)
(26.9045 2.9171 -8.4998e-18)
(27.5603 9.31553 0)
(24.77 1.98267 3.08584e-19)
(19.1419 0.495357 4.03278e-19)
(27.0318 1.86022 6.31199e-20)
(25.2767 2.15909 -5.36223e-19)
(25.3572 2.13051 5.54656e-19)
(25.931 -1.62931 0)
(27.7743 -0.0853024 4.36014e-19)
(24.9454 2.17795 5.24096e-19)
(26.4899 1.96064 -5.15314e-19)
(28.1409 0.0746774 0)
(28.0534 -0.0651556 0)
(24.1507 1.35461 -1.04921e-18)
(22.0462 6.13214 -1.61825e-18)
(25.4032 2.50435 3.92448e-18)
(27.6276 -1.64666 -7.02409e-18)
(21.4734 5.4212 -1.40161e-18)
(21.5358 5.60019 0)
(25.4668 -1.78758 -7.60937e-18)
(30.8004 1.63208 -1.31035e-18)
(24.8762 2.01379 -5.99514e-19)
(24.8988 2.06191 0)
(13.0762 -1.74366 0)
(27.3289 -0.22829 -7.73066e-19)
(24.9964 -1.91392 0)
(24.5045 -2.23921 0)
(14.6655 -2.22735 -5.9435e-19)
(21.8986 0.0115764 1.21464e-19)
(14.1515 -2.09427 0)
(27.5822 -0.0485436 0)
(23.9411 0.209137 3.1122e-18)
(27.1504 1.75416 -1.43206e-19)
(24.3785 -2.07077 0)
(12.5731 -1.88825 0)
(25.2918 3.70163 1.53183e-17)
(32.5359 4.12304 0)
(32.654 4.28066 -3.48048e-18)
(23.7517 -2.18752 -1.81879e-18)
(30.3438 1.12513 -3.91035e-18)
(25.8241 10.3008 6.37787e-19)
(13.5638 -2.12476 1.15439e-18)
(24.32 1.68316 8.35523e-19)
(21.4017 0.335772 3.39525e-20)
(25.2604 7.20133 -3.10553e-19)
(14.6968 -1.77018 1.79478e-18)
(23.3701 -2.26892 1.26885e-17)
(22.9592 -2.5197 -6.90231e-19)
(23.5417 1.52746 -3.43216e-20)
(14.4826 -2.28588 3.11195e-19)
(26.2072 -0.403487 1.21027e-18)
(26.4342 -0.447412 -6.32318e-19)
(25.6947 -2.20375 -5.28199e-18)
(15.5604 -2.51189 6.49014e-19)
(31.0432 7.28553 1.30699e-18)
(31.1583 7.09811 4.03077e-18)
(23.274 -2.30147 -4.20621e-18)
(18.8609 -2.75661 0)
(22.8544 -2.37881 0)
(23.3072 1.68183 1.10739e-18)
(21.3425 0.571713 4.02924e-20)
(24.0204 3.88783 -7.62983e-18)
(22.1511 -2.63304 -4.32034e-18)
(19.1945 -2.77921 7.1534e-19)
(23.0423 1.65541 1.24326e-18)
(22.2284 -0.0607216 -2.00914e-19)
(22.1902 -2.45802 0)
(21.5343 -2.68944 0)
(20.9226 -2.7232 0)
(26.1688 2.04488 0)
(26.0776 2.06449 4.84251e-19)
(16.6552 -2.60776 0)
(28.2411 -1.65047 7.16159e-18)
(25.5228 3.14715 -1.54256e-18)
(26.1205 4.25651 -1.34636e-17)
(17.0023 -2.69209 0)
(21.5433 -2.53238 0)
(21.1412 -2.56632 5.14112e-18)
(25.6333 2.14969 -1.52021e-20)
(17.9242 -2.69932 2.98752e-20)
(21.4894 3.45598 2.48055e-20)
(18.2774 -2.72465 -1.39395e-18)
(20.0042 -2.67828 -2.98252e-18)
(20.4876 -2.63043 1.11014e-18)
(20.6851 -2.62738 -1.46722e-18)
(18.7726 -2.72937 0)
(24.2734 1.73371 -7.79996e-19)
(24.2928 1.76151 8.25694e-19)
(30.6648 7.71071 -2.44583e-18)
(26.5856 1.97209 -5.01108e-19)
(26.5169 1.97435 4.86026e-19)
(20.1515 -2.80575 0)
(19.3585 -2.71608 -3.32392e-18)
(19.8501 -2.66859 -4.68837e-18)
(20.4995 -2.82917 -5.70232e-19)
(19.6682 0.187023 0)
(21.5276 0.278456 3.20187e-21)
(25.326 9.18399 -7.15941e-19)
(25.6997 9.11826 -3.99859e-19)
(28.905 1.46588 -3.25836e-18)
(24.3491 8.81834 7.5243e-22)
(21.9323 6.75199 5.49745e-19)
(19.2528 0.215543 -1.74003e-19)
(22.7388 -0.255364 3.26419e-19)
(21.7933 2.67067 -2.14537e-20)
(22.6192 7.53887 -3.78309e-19)
(23.0719 7.83639 2.88606e-19)
(22.8391 -0.341649 0)
(22.9846 -0.301282 5.69634e-21)
(31.7608 5.91144 0)
(31.8506 4.031 -2.85277e-18)
(21.2527 5.15404 -1.55727e-18)
(21.2156 4.96124 1.6344e-18)
(31.5266 2.98343 5.43465e-18)
(31.6027 2.98928 -2.75013e-18)
(31.6927 7.36653 0)
(30.9462 1.86062 0)
(22.8418 1.77349 1.26596e-18)
(23.7914 8.23009 -7.92557e-20)
(23.7142 8.40521 -2.85278e-19)
(31.9116 0.585445 0)
(24.7347 1.9314 -6.7973e-19)
(24.6516 -0.692062 2.12795e-19)
(15.5578 9.27297 5.51849e-18)
(14.9147 17.3152 -8.12e-19)
(16.6153 13.2034 -2.63811e-19)
(14.5794 6.84319 -4.97638e-18)
(27.6058 9.44436 -3.11793e-19)
(19.0914 0.465797 -4.15696e-19)
(29.5353 7.09727 -6.97572e-19)
(26.4646 1.96272 2.0749e-21)
(28.2047 0.0644433 -8.64628e-19)
(27.9822 -0.125326 0)
(25.0255 2.11669 0)
(25.0737 2.11025 0)
(21.4375 5.63526 0)
(21.4969 5.32066 3.517e-19)
(23.8423 1.66849 0)
(24.8731 2.07396 0)
(24.8648 2.00575 5.81018e-19)
(24.9148 2.00812 1.28063e-18)
(30.5668 7.62687 -1.17538e-18)
(30.7922 7.66317 0)
(29.8707 2.2443 0)
(27.3181 -0.308633 1.57546e-18)
(21.8729 -0.0308754 5.55514e-21)
(23.2202 -0.502204 4.24418e-18)
(27.1204 1.7383 1.36541e-19)
(30.4108 1.11765 3.87732e-18)
(23.8019 1.63865 6.12876e-20)
(21.5536 2.82583 0)
(21.3771 0.361443 -5.98356e-21)
(15.5826 -1.86015 -1.8577e-18)
(15.1381 -1.61896 0)
(26.5126 -0.463202 6.87602e-19)
(26.1285 -0.46603 -1.23659e-18)
(26.0387 -2.22218 0)
(25.39 2.157 -5.364e-19)
(31.2648 7.1569 0)
(31.158 6.97633 -1.29798e-18)
(23.2776 1.65228 -1.17701e-18)
(24.7484 1.9405 6.62817e-19)
(24.7046 1.93778 -6.51757e-19)
(23.085 1.64618 1.22195e-18)
(23.0053 1.62252 0)
(22.2485 -0.129101 2.04513e-19)
(25.997 2.08163 -4.79067e-19)
(26.1375 2.0496 -3.98507e-19)
(28.3649 -1.65058 0)
(25.7122 2.13475 -5.18721e-19)
(25.1113 2.09691 -5.78566e-19)
(21.4059 3.48261 2.59232e-20)
(23.8567 1.64762 -2.96345e-20)
(28.0025 -1.82948 -5.26392e-18)
(24.3139 1.74855 0)
(26.5591 1.95639 -1.56627e-20)
(26.6088 1.97228 2.92972e-20)
(27.2669 9.14064 1.07171e-18)
(25.2718 9.30162 3.5654e-19)
(24.3929 8.93445 2.81199e-21)
(25.2424 2.065 -6.01821e-19)
(21.7552 2.6009 -2.14071e-20)
(22.5874 7.64858 1.88927e-20)
(23.0617 7.94206 5.81904e-19)
(23.002 -0.377337 9.67603e-21)
(31.934 4.06817 2.85677e-18)
(21.1537 5.16926 1.63643e-18)
(31.0156 1.86424 -1.34996e-18)
(25.3258 2.16779 1.05428e-18)
(25.4042 2.15853 0)
(23.696 8.18378 7.50972e-20)
(23.7272 8.51952 -2.57212e-21)
(31.71 0.43994 -8.34899e-18)
(24.6679 -0.779907 -8.88642e-19)
(14.5844 6.02511 5.60391e-18)
(16.3047 9.15684 -4.98114e-18)
(17.2892 12.3894 -4.32789e-18)
(27.7414 9.47333 0)
(27.5146 9.55369 3.16176e-19)
(18.5388 0.446027 6.20156e-19)
(19.5505 0.455819 1.83626e-20)
(20.3556 0.256455 6.57056e-19)
(28.2804 0.131537 -8.43889e-19)
(27.9882 -0.201789 0)
(21.4264 5.74491 -1.41322e-18)
(27.3893 -0.325879 1.63306e-18)
(21.8233 -0.00654692 9.28537e-20)
(21.9039 -0.0973418 -2.28439e-19)
(23.5422 -0.725106 5.54194e-19)
(27.118 1.75269 -1.41427e-19)
(30.4719 1.19137 -1.39567e-18)
(26.6367 1.47851 5.9084e-19)
(26.6786 1.50221 1.28435e-18)
(21.3832 0.334751 7.30116e-20)
(32.9876 7.08995 4.12686e-18)
(16.3769 -1.56744 1.5368e-18)
(26.0525 -0.447955 -1.12161e-18)
(26.5984 -0.396222 -1.32576e-18)
(26.5133 -0.545693 0)
(31.2597 6.90746 -2.74527e-18)
(23.2868 1.61806 1.16127e-18)
(23.0146 1.57865 -3.96891e-20)
(22.9609 1.63139 0)
(22.3139 -0.152135 1.14509e-19)
(22.2119 -0.176461 -9.75986e-20)
(25.9856 2.08257 0)
(28.0414 -1.73012 -6.26645e-18)
(28.6877 -1.57736 0)
(21.5019 2.43698 2.15826e-18)
(25.7335 2.12844 5.12666e-19)
(25.763 2.12081 1.0315e-18)
(21.3395 3.4209 4.49375e-19)
(21.3891 3.57336 -1.6419e-18)
(23.8065 1.59015 0)
(24.3337 1.75561 0)
(26.5345 1.95773 1.73338e-20)
(26.6757 1.95468 -2.94535e-20)
(26.617 1.93607 0)
(25.3505 2.15148 5.22926e-19)
(25.3537 9.41409 1.09077e-19)
(22.248 2.06173 -1.46624e-18)
(24.5192 8.95553 0)
(24.3086 9.03405 -2.806e-21)
(21.8005 2.53415 1.60362e-18)
(21.673 2.59901 2.84887e-18)
(22.9478 7.99205 1.8878e-20)
(23.1547 8.0108 2.61178e-19)
(18.0976 0.223393 -3.95389e-19)
(32.0057 4.0064 3.3406e-18)
(31.0617 1.94498 1.30465e-18)
(31.0385 1.78655 4.14817e-18)
(26.9741 1.87194 -5.08097e-19)
(26.9994 1.87735 -4.96662e-19)
(23.628 8.59734 -1.72859e-21)
(31.7235 0.40334 1.64652e-17)
(13.9782 5.42086 -2.74725e-18)
(15.281 5.7294 -2.27895e-18)
(16.5723 8.58839 -3.52872e-18)
(31.5276 6.56233 0)
(32.3408 3.6489 4.85346e-20)
(27.5682 9.71686 -1.79753e-18)
(18.4793 0.41604 1.27516e-20)
(19.933 0.476765 3.80347e-19)
(28.3435 0.123909 -8.83617e-19)
(21.324 5.78651 1.06595e-18)
(21.8084 -0.0464186 3.88754e-21)
(21.9569 -0.122665 4.37723e-20)
(25.2888 2.16175 0)
(25.3978 2.13828 -1.09578e-18)
(22.1954 2.10193 0)
(22.3099 2.08644 0)
(27.0862 1.73787 -4.21203e-19)
(21.3638 0.361835 -6.28356e-20)
(21.4117 0.282837 -6.64146e-20)
(16.6552 -1.43156 0)
(26.4372 -0.615118 0)
(26.5996 -0.562462 0)
(26.9825 1.84876 4.54227e-19)
(31.2456 6.78834 0)
(23.2587 1.58676 -1.18651e-18)
(22.9214 1.59648 -1.29799e-18)
(22.2408 -0.246567 1.0685e-19)
(22.3577 -0.103726 -1.12602e-19)
(31.408 6.52143 -1.35088e-18)
(25.9021 2.09806 4.84632e-19)
(28.2106 -1.7165 5.19549e-18)
(28.8862 -1.49937 -7.23536e-19)
(31.6198 6.48006 0)
(25.7206 10.0213 -3.48383e-20)
(25.676 10.19 7.99946e-19)
(25.8051 2.11189 5.11249e-19)
(25.6691 2.14201 -3.9612e-21)
(21.4573 3.63079 0)
(21.3034 3.60794 1.64535e-18)
(24.3306 1.77631 0)
(24.3556 1.74296 2.46597e-20)
(26.645 1.91605 0)
(26.6991 1.95595 2.92943e-20)
(25.2986 9.54761 9.67314e-20)
(32.463 3.78464 4.29869e-19)
(24.171 9.0104 0)
(24.5754 9.07586 0)
(21.7669 2.46142 -1.188e-18)
(21.8808 2.54156 -3.80627e-19)
(23.1479 8.13289 1.3299e-20)
(23.254 7.97081 0)
(31.9893 3.90917 2.59794e-18)
(32.0929 4.04297 -2.61318e-18)
(31.1319 1.94976 3.42084e-18)
(30.99 1.70773 1.37927e-18)
(23.5155 8.54141 7.15626e-21)
(23.6381 8.72294 2.93318e-19)
(31.5295 0.268764 -8.3655e-18)
(23.3513 1.64548 -1.12754e-18)
(15.3757 5.08867 0)
(27.4499 9.82485 6.11997e-19)
(20.235 0.462718 4.4585e-19)
(17.8352 0.40586 -1.38741e-18)
(28.3386 0.0484544 8.91798e-19)
(25.3123 2.14403 -5.30782e-19)
(21.763 -0.0190852 5.87464e-20)
(21.9891 -0.19228 -1.16646e-19)
(27.0602 1.70653 1.19784e-18)
(27.0796 1.7535 1.32614e-19)
(24.4119 1.67242 2.57509e-20)
(21.3749 0.337799 -3.38721e-21)
(15.8758 -1.29116 0)
(17.5782 -1.38403 -7.37636e-19)
(26.4506 -0.699456 -7.05803e-19)
(26.9562 1.84359 -4.66542e-19)
(31.3391 6.71453 -1.32366e-18)
(23.2704 1.55219 -1.1899e-18)
(22.8754 1.60677 1.24284e-18)
(22.4256 -0.126743 -3.65455e-19)
(22.2102 -0.299152 8.41777e-20)
(25.8942 2.09835 -9.28872e-19)
(27.9217 -1.78344 0)
(25.8249 2.10845 0)
(21.2924 3.70517 8.08487e-19)
(24.375 1.75143 7.61629e-19)
(24.3588 1.72183 -2.53157e-20)
(26.691 1.89399 0)
(26.7604 1.93863 -2.96228e-20)
(25.3922 9.66339 0)
(25.1438 9.56371 -9.12606e-20)
(24.071 9.12335 7.51884e-20)
(24.7138 9.08811 1.46643e-19)
(21.8173 2.3978 -4.02109e-19)
(23.2495 8.20518 9.70952e-19)
(32.0565 3.84172 -5.65225e-18)
(32.1073 4.14436 2.62297e-18)
(31.178 2.03274 -3.45329e-18)
(31.0119 1.63045 -2.81558e-18)
(32.4898 3.89509 -4.27029e-19)
(23.5216 8.82038 0)
(31.5448 0.231131 0)
(27.2916 9.77459 -1.46458e-18)
(17.309 0.445904 7.37847e-19)
(20.2038 0.428478 0)
(17.7687 0.376221 -1.47064e-18)
(28.4086 0.0444572 0)
(21.7517 -0.0553589 0)
(21.7338 0.0406384 8.89049e-21)
(27.0494 1.73846 -1.40876e-19)
(21.3562 0.366677 -3.55141e-21)
(18.2044 -1.48448 0)
(26.3835 -0.76337 1.14809e-18)
(26.9568 1.81879 -5.34892e-19)
(31.3176 6.59727 2.65899e-18)
(31.4567 6.76184 -4.14507e-18)
(23.2437 1.51937 1.29581e-18)
(22.4467 -0.196377 2.59609e-19)
(25.9671 2.08625 4.78229e-19)
(28.0306 -1.79117 5.08144e-18)
(25.8966 2.09136 4.86684e-19)
(21.2048 3.74751 8.39317e-19)
(24.3985 1.73875 -7.90924e-19)
(26.7836 1.94099 2.9542e-20)
(26.7174 1.89402 1.056e-18)
(26.7935 1.91907 3.07207e-20)
(25.3319 9.8091 0)
(24.7864 9.20639 -1.50858e-19)
(24.1202 9.26286 -6.27675e-20)
(21.7862 2.32212 2.01872e-18)
(32.0347 3.74388 2.60751e-18)
(32.1966 4.18487 0)
(30.959 1.54893 -5.56437e-18)
(31.0819 1.63234 0)
(31.2509 2.03704 0)
(31.7085 0.344374 1.4253e-17)
(31.3381 0.094001 8.43395e-18)
(27.1829 9.87889 2.99245e-19)
(16.7766 0.480979 -6.11581e-19)
(20.4562 0.410671 -5.52979e-19)
(18.3856 0.353293 1.38843e-18)
(28.4798 0.115864 -1.9019e-18)
(21.785 -0.124016 0)
(21.7099 -0.0233812 0)
(27.0447 1.75501 1.40312e-19)
(21.3599 0.344695 1.42189e-19)
(21.331 0.415921 -1.05651e-19)
(26.4009 -0.848161 7.67678e-19)
(26.9298 1.81378 5.46165e-19)
(31.5541 6.68187 0)
(31.2068 6.55451 1.26745e-18)
(23.2587 1.48414 -1.14544e-18)
(23.2024 1.5213 -7.74694e-20)
(22.517 -0.21714 2.75698e-19)
(21.549 2.12051 4.41495e-19)
(25.9419 2.07764 -5.37736e-19)
(25.9185 2.08785 5.47319e-19)
(21.2 3.84948 0)
(24.4179 1.74723 0)
(26.8393 1.92411 0)
(26.7587 1.87197 1.09495e-21)
(25.4323 9.93579 0)
(24.7117 9.3239 -1.7796e-19)
(21.8396 2.26255 -2.03907e-18)
(21.7001 2.3082 -3.34488e-18)
(31.9486 3.71388 -2.78331e-18)
(32.2728 4.11792 0)
(32.0978 3.67173 2.7233e-18)
(31.0984 1.532 0)
(30.8854 1.55049 6.89944e-18)
(31.357 0.0691218 -8.14823e-18)
(27.0228 9.83211 -2.71013e-19)
(27.2131 10.0612 1.13682e-18)
(18.323 0.322132 -7.14807e-19)
(16.8093 0.581057 8.34872e-19)
(20.664 0.430448 3.23324e-19)
(28.5494 0.111694 1.90069e-18)
(21.6995 -0.0596873 0)
(21.3819 0.293821 0)
(21.3148 0.444602 -2.69434e-20)
(26.4808 -0.867929 -7.82068e-19)
(31.6758 6.72581 2.91603e-18)
(23.299 1.4834 -7.62512e-20)
(23.1743 1.48231 0)
(22.5709 -0.156156 2.67166e-19)
(22.5413 -0.280795 -2.842e-19)
(25.9865 2.06863 3.12384e-21)
(25.8678 2.1021 0)
(21.2834 3.90155 0)
(21.1111 3.90038 1.73391e-18)
(24.4135 1.76774 -2.41946e-20)
(24.4424 1.73473 0)
(26.863 1.92856 0)
(25.366 10.1014 0)
(25.5973 9.90168 -6.09331e-19)
(25.1954 2.0743 0)
(21.8119 2.18423 3.70254e-18)
(21.9236 2.27963 1.48386e-18)
(32.3655 4.15786 0)
(32.0714 3.57374 -2.66341e-18)
(30.8324 1.4745 -4.07432e-18)
(31.1784 1.52378 0)
(31.1369 -0.0592124 1.31774e-19)
(23.8833 1.65245 9.70173e-19)
(23.8995 1.63206 -9.52021e-19)
(26.8866 9.92463 1.27244e-18)
(27.0027 9.68091 0)
(16.8207 0.607195 -8.04217e-19)
(20.8307 0.41221 9.76545e-20)
(18.8958 0.308701 8.66634e-19)
(17.0277 0.685894 0)
(28.616 0.178974 0)
(28.5532 0.0375317 3.98966e-18)
(21.6624 -0.0292504 1.77294e-20)
(31.7731 6.6387 2.94831e-18)
(23.1332 1.48248 -1.16725e-18)
(23.3171 1.4488 1.12076e-18)
(24.2367 0.908491 0)
(22.6441 -0.1655 -2.65422e-19)
(22.5052 -0.343554 2.35062e-19)
(26.0095 2.06368 -5.24301e-19)
(21.0196 3.84346 -8.56469e-19)
(21.2854 4.00044 0)
(25.2834 1.70109 3.21338e-20)
(24.4616 1.74374 0)
(24.448 1.71312 -2.50994e-20)
(26.9137 1.9118 4.8039e-19)
(25.5037 1.82037 -8.7097e-19)
(25.4828 1.81372 0)
(25.493 10.2355 -1.53458e-19)
(25.4574 1.79276 0)
(23.9838 1.57757 3.00426e-20)
(23.8902 1.60609 9.61745e-19)
(25.4364 1.78577 0)
(25.4074 1.7648 0)
(21.8688 2.12856 -2.04347e-18)
(25.3352 1.72883 1.01827e-18)
(25.3554 1.73659 -3.07172e-20)
(25.3869 1.75737 9.477e-19)
(32.1299 3.49693 3.17686e-18)
(32.441 4.08496 -4.16814e-19)
(32.381 4.26812 0)
(23.3089 0.956716 -3.80803e-19)
(24.4633 1.64492 -2.63927e-20)
(31.2085 1.44811 -3.22287e-18)
(30.854 1.40092 0)
(31.2384 1.62555 0)
(31.1656 -0.0862464 0)
(24.4938 1.70984 2.50341e-20)
(26.7407 9.859 -2.88992e-19)
(18.8272 0.277598 -1.75531e-19)
(17.0963 0.672447 0)
(20.8153 0.373218 -9.80659e-20)
(20.9645 0.434389 0)
(18.107 0.838385 0)
(23.1216 0.996507 0)
(28.616 0.248891 -1.88736e-18)
(28.6881 0.17642 0)
(23.3032 0.903918 0)
(21.6344 0.037319 0)
(23.923 1.5369 3.08438e-20)
(23.9017 1.55813 -3.10048e-20)
(23.8654 1.52363 -3.18877e-20)
(25.5447 1.84687 -2.62669e-20)
(25.3026 1.70864 -3.20499e-20)
(31.9014 6.6778 1.52778e-18)
(31.7411 6.51641 -2.92347e-18)
(23.3573 1.45116 7.64795e-20)
(25.2422 1.72737 -9.06722e-19)
(32.4249 3.37375 -3.07717e-18)
(26.0716 2.04398 6.32095e-20)
(21.3676 4.0452 0)
(20.9216 3.89856 -2.71457e-18)
(25.3168 1.78955 8.68899e-19)
(24.4873 1.73164 -2.44209e-20)
(26.9358 1.88998 -5.20336e-19)
(26.9375 1.91624 4.72139e-19)
(25.4388 10.4199 0)
(21.8484 2.0497 2.90965e-18)
(32.2188 3.52004 4.62937e-20)
(32.4193 3.97408 4.19206e-19)
(32.4756 4.31254 -4.17572e-19)
(32.0977 3.39886 0)
(31.2938 1.46443 -1.59934e-18)
(30.8013 1.30582 5.30581e-18)
(30.9493 -0.216946 2.53779e-19)
(31.3506 0.034031 6.9094e-18)
(26.6078 9.94503 2.92361e-19)
(18.1985 0.260424 3.94235e-19)
(20.9727 0.473669 3.09832e-19)
(19.4612 0.962442 -6.28346e-19)
(20.9559 0.353477 9.51935e-20)
(19.3184 0.252363 -4.8991e-19)
(28.763 0.254323 1.77967e-18)
(25.5245 1.84077 -8.17034e-19)
(21.5986 0.0671991 -9.07751e-21)
(31.9338 6.80814 0)
(31.9917 6.58405 -1.57535e-18)
(23.3759 1.41967 7.64258e-20)
(24.4739 1.70028 -2.50417e-20)
(25.3593 1.73162 0)
(26.1068 2.02946 5.57037e-19)
(26.0947 2.03817 -6.68068e-20)
(23.5396 0.807469 1.65494e-18)
(20.9241 4.0153 0)
(20.821 3.83647 1.83237e-18)
(21.4444 3.99684 7.72247e-19)
(21.3754 4.13963 7.66152e-19)
(24.5063 1.74099 8.00383e-19)
(26.9828 1.89922 2.92631e-20)
(21.9095 1.99904 -1.23163e-18)
(21.7663 2.02407 -4.08145e-19)
(23.0817 1.03697 0)
(32.0106 3.3769 3.42614e-18)
(32.489 4.42668 4.1592e-19)
(32.1508 3.31832 -3.95683e-19)
(30.9823 -0.228538 -1.71146e-18)
(21.8739 1.75848 2.13509e-18)
(26.6132 10.1341 -1.36509e-18)
(26.4625 9.87167 1.78845e-18)
(21.1966 1.11965 7.95535e-19)
(20.9443 0.312223 3.10791e-19)
(21.0679 0.49856 -5.78157e-19)
(25.3942 1.75195 3.03517e-20)
(25.34 1.7242 1.01336e-18)
(28.8301 0.25091 -8.98355e-19)
(21.5918 0.0398537 -4.54918e-20)
(32.0644 6.84685 -1.62771e-18)
(23.4149 1.42281 -7.67939e-20)
(23.3562 1.38266 7.68617e-20)
(26.0525 2.05193 8.15235e-21)
(26.1524 2.01785 0)
(20.8278 3.71504 0)
(20.8266 4.08157 0)
(21.4571 4.17667 -2.29511e-18)
(24.5328 1.72921 -7.85139e-19)
(24.4989 1.76179 -7.65229e-19)
(21.7477 1.93937 -2.15108e-18)
(21.9852 2.02556 0)
(32.1131 3.22009 -2.74861e-18)
(32.4034 4.49313 0)
(32.5867 4.47527 -3.43803e-18)
(30.7795 -0.329461 -7.03931e-18)
(26.4689 9.71578 -8.72158e-19)
(26.312 9.94807 0)
(20.7957 0.290417 -8.62797e-19)
(22.9136 1.20809 -9.80511e-19)
(21.0642 0.291789 0)
(21.1819 1.12919 0)
(24.5517 1.73895 0)
(28.834 0.175452 1.06683e-18)
(24.6068 1.76849 0)
(21.5598 0.0718495 7.11808e-21)
(20.9302 0.224629 0)
(22.8334 1.09756 8.44056e-22)
(32.1005 6.98354 3.11384e-20)
(23.4367 1.39165 -7.39012e-20)
(26.1764 2.01322 -5.46571e-19)
(21.4711 4.26452 -1.50961e-18)
(20.8389 4.20421 1.78498e-18)
(20.7285 3.64223 0)
(23.1306 -1.47248 0)
(24.517 1.77103 5.08177e-22)
(24.5401 1.70737 0)
(23.053 -1.42266 0)
(28.3164 -1.30594 0)
(28.5021 -1.33959 6.39487e-18)
(22.7877 -1.53872 0)
(22.8604 -1.59519 2.72106e-20)
(22.5106 -1.7005 -2.66697e-19)
(28.1674 -1.54953 -4.01882e-18)
(22.4368 -1.47872 1.59942e-19)
(28.5135 -1.65872 -4.42005e-18)
(22.0439 1.98083 -1.58807e-18)
(21.6612 1.90862 -4.47055e-19)
(28.4478 -1.68367 0)
(22.3149 -1.50304 -9.024e-20)
(32.5963 4.59455 6.80475e-18)
(32.1632 3.13604 3.26381e-18)
(32.6725 4.40147 3.49456e-18)
(28.5291 -1.62124 0)
(27.7823 -1.38472 5.825e-18)
(22.1244 -1.45167 1.2445e-20)
(27.7163 -1.47018 -2.65989e-18)
(22.2562 -1.43386 6.82114e-20)
(23.2684 -1.29082 -5.16301e-19)
(22.0716 -1.37828 -2.69912e-20)
(27.51 -1.40931 -2.41535e-18)
(27.4461 -1.49358 2.50335e-18)
(23.2008 -1.33647 0)
(28.4741 -1.53972 3.64469e-18)
(26.3385 9.63877 0)
(21.9284 -1.38902 1.18167e-19)
(21.1547 0.317919 -3.12286e-19)
(27.3558 -1.49903 1.14801e-20)
(21.0559 0.248195 -3.67922e-19)
(24.2043 1.28658 8.85927e-19)
(28.3963 -1.56054 3.53619e-18)
(23.2091 -1.42781 0)
(22.9706 -1.46368 0)
(27.2891 -1.58263 1.18367e-20)
(28.9068 0.182375 0)
(27.0807 -1.51033 -2.25268e-18)
(28.0851 -1.56539 3.89831e-18)
(27.016 -1.5929 2.31211e-18)
(28.4589 -1.64509 0)
(28.0823 -1.49517 -3.03034e-18)
(21.926 -1.15314 0)
(26.9248 -1.59398 4.46461e-18)
(22.9584 -1.55575 -4.97648e-19)
(26.8572 -1.67577 -2.29692e-18)
(28.403 -1.28927 -3.00152e-18)
(20.8721 0.0357117 3.33052e-20)
(28.2445 -1.39335 3.02585e-18)
(22.6825 -1.57387 2.83469e-19)
(28.4395 -1.60437 2.20334e-20)
(21.5208 -1.22681 -3.31766e-19)
(27.9971 -1.50921 2.93497e-18)
(26.7665 -1.67569 0)
(22.445 -1.63599 1.58334e-19)
(22.6404 -1.66727 -3.26641e-20)
(27.6273 -1.4788 -2.57234e-18)
(22.5011 -1.54333 2.23268e-19)
(27.6009 -1.40255 2.51206e-18)
(21.494 -1.14207 6.82308e-19)
(27.8721 -1.37468 4.68289e-18)
(28.2377 -1.75272 0)
(28.254 -1.46331 -3.10164e-18)
(32.2396 7.0285 -1.64994e-18)
(31.9947 7.0803 1.59818e-18)
(20.722 0.113505 -9.42317e-20)
(21.8834 -1.31136 1.23283e-19)
(23.4753 1.39518 1.2673e-18)
(28.5138 -1.58201 -3.8614e-18)
(28.4176 -1.35854 0)
(21.3092 -1.12705 -4.74574e-20)
(21.4123 -0.14554 0)
(27.1991 -1.58694 -2.39335e-18)
(21.1271 -0.130366 0)
(26.1673 -1.81826 -5.26294e-21)
(20.7754 0.24862 0)
(25.5246 1.7646 0)
(27.8953 -1.44897 -2.74245e-18)
(27.1723 -1.50788 2.33647e-18)
(27.983 -1.43708 0)
(26.5155 -2.07377 -5.1648e-18)
(26.2295 1.99211 1.153e-18)
(26.0897 -1.89621 2.05262e-18)
(21.2448 0.00902114 0)
(26.4465 -1.9947 0)
(20.7439 4.28042 -9.43632e-19)
(20.6094 3.69664 -2.02339e-18)
(20.749 3.51402 -3.59712e-20)
(21.4067 4.32564 0)
(21.9698 -1.2286 -1.19669e-19)
(20.8916 0.0847896 4.87319e-19)
(23.3109 -1.15316 -1.02887e-18)
(21.3453 -0.305296 0)
(26.0002 -1.88869 -3.92888e-18)
(21.7958 -1.15366 2.13269e-19)
(25.8224 -2.12454 2.14434e-18)
(24.5666 1.6952 8.28973e-19)
(24.5091 1.79106 -7.46872e-19)
(25.4189 1.74829 -1.2274e-18)
(26.6951 -1.75652 0)
(21.5372 -0.414106 0)
(20.3033 -1.73662 6.53542e-20)
(25.4745 -1.99801 -1.80264e-18)
(21.2418 -0.043746 4.03466e-19)
(25.5902 1.78211 -3.40789e-20)
(21.6908 -1.23257 -2.1961e-19)
(21.1364 -0.0748066 -4.15656e-19)
(21.4255 -0.891752 -3.6242e-19)
(20.6992 -1.84122 -7.88445e-19)
(21.3324 -0.123186 0)
(25.2845 -1.88126 0)
(25.5578 -1.92344 -1.75078e-18)
(20.3013 -1.83661 3.78264e-19)
(26.4339 -2.07345 0)
(21.5921 -0.620937 0)
(21.243 -0.158441 0)
(26.6238 -1.91688 -2.42108e-18)
(26.7089 -1.83694 2.35483e-18)
(21.6453 1.81736 -4.48185e-19)
(22.0326 1.90659 2.00159e-18)
(22.1141 2.00835 0)
(21.5909 1.96632 4.04376e-18)
(26.3607 -1.99245 0)
(26.2759 1.39385 3.02217e-20)
(32.1212 3.0392 -4.44985e-20)
(25.5936 1.78833 0)
(32.6952 4.64805 -3.47762e-18)
(32.2531 3.15053 -6.71052e-18)
(28.3038 -1.7305 4.17142e-18)
(25.5733 1.77943 3.41695e-20)
(28.3082 -1.68997 -3.88634e-18)
(26.2708 -1.90733 0)
(20.7164 -1.93189 0)
(26.359 -1.9114 2.23416e-18)
(26.2577 -1.82429 0)
(21.3428 -0.243645 -3.56973e-19)
(21.2936 -1.04059 -3.01223e-19)
(25.3335 1.34006 -3.67082e-19)
(21.4406 -0.329198 0)
(21.0746 -1.92457 0)
(26.3522 9.49395 0)
(21.1579 0.227455 3.5944e-19)
(25.6112 1.7914 0)
(21.1031 -2.00723 0)
(20.8733 -0.895795 6.25119e-19)
(25.8052 1.99787 -1.3437e-18)
(25.0099 -1.8284 1.41265e-18)
(26.3457 1.8382 0)
(21.4421 -0.972755 7.35869e-19)
(21.8827 -1.87663 -4.63535e-20)
(28.9704 0.247862 0)
(28.9153 0.0956387 0)
(25.6795 2.07559 0)
(25.7731 1.97847 2.17159e-20)
(27.8315 -1.60706 5.85481e-18)
(25.7866 1.99655 0)
(25.9185 -1.96529 2.02155e-18)
(25.5084 1.76302 0)
(20.8825 -0.809643 -5.70573e-19)
(25.9202 -2.04888 -2.08449e-18)
(26.2906 1.77613 -7.99102e-19)
(25.204 -1.95391 -1.62131e-18)
(26.1639 1.7288 -2.74731e-20)
(26.0157 1.4303 0)
(26.3732 1.8321 -5.34286e-21)
(26.265 1.78532 -7.50055e-19)
(22.2085 -1.98796 2.64738e-19)
(21.5525 -0.480103 -3.17417e-19)
(21.4764 1.83888 -1.87467e-18)
(25.7464 2.02809 2.00034e-20)
(22.0836 -0.921547 0)
(25.7375 -2.11601 0)
(21.4488 -0.393506 -3.64438e-19)
(25.698 1.82925 9.16373e-19)
(26.2288 1.76938 -2.53519e-20)
(18.9928 0.821962 -1.21656e-18)
(21.6576 -0.563727 2.26449e-19)
(28.0249 -1.27698 2.66465e-18)
(25.5351 1.98924 0)
(26.2657 1.47288 -9.48387e-19)
(26.2105 1.7435 0)
(24.5686 -1.80956 1.19432e-18)
(20.685 0.0134623 -5.30542e-19)
(24.8422 -1.87842 1.35924e-18)
(26.1421 1.77637 8.30237e-19)
(28.5057 -1.40699 -3.28824e-18)
(25.5459 1.77153 0)
(21.021 0.00654891 9.08274e-19)
(25.4361 1.74993 0)
(25.7919 1.98004 6.72545e-19)
(21.0904 -0.929048 6.19961e-19)
(24.7601 -1.94788 -4.20279e-21)
(25.4654 1.75102 0)
(25.4827 1.75834 1.18517e-18)
(26.619 -1.99566 2.50489e-18)
(24.5505 -1.71775 0)
(25.8272 1.98273 6.88228e-19)
(25.3761 1.74234 0)
(22.0534 -2.08358 0)
(21.2623 -0.868527 -4.78074e-19)
(24.9322 -1.89918 -1.44559e-18)
(25.743 -2.03217 -4.86369e-19)
(20.4196 -0.0579109 1.26014e-18)
(26.0245 1.48805 1.09191e-18)
(25.6798 1.82631 -9.16613e-19)
(23.2503 -1.20028 1.02211e-18)
(21.4194 -0.203611 6.56943e-19)
(26.3354 1.50376 0)
(25.6551 -2.02182 2.37571e-18)
(26.1059 1.25248 -1.00501e-18)
(33.7055 2.86607 1.74759e-18)
(21.5051 1.00451 -2.04382e-18)
(26.3503 1.58018 -8.57183e-19)
(32.3484 6.94003 0)
(32.2731 7.17508 0)
(26.4052 1.79916 0)
(25.3752 1.12666 1.02114e-18)
(23.491 1.4297 0)
(25.7711 1.89963 0)
(25.2121 1.05984 -1.43986e-18)
(23.5002 1.36439 1.66083e-21)
(25.9721 1.44424 -1.12913e-18)
(21.0219 0.935586 -3.73753e-20)
(25.8457 1.98361 0)
(25.7234 1.52306 0)
(25.648 -1.93589 -3.68331e-18)
(25.504 2.00218 0)
(21.0807 -0.756863 5.53777e-19)
(25.4523 2.00925 0)
(26.2242 1.47832 0)
(24.3171 -1.91454 0)
(24.6592 -1.83422 -1.28172e-18)
(25.7683 1.88575 0)
(25.8945 1.48602 0)
(25.4711 2.06253 0)
(25.5384 2.01172 -2.03784e-20)
(26.3765 1.80513 7.03877e-19)
(24.0156 -2.68682 1.60202e-18)
(21.7889 1.54068 -1.8185e-18)
(26.5694 1.50604 1.56702e-18)
(25.6548 1.34226 -1.35942e-18)
(25.9866 1.50501 1.10005e-18)
(22.1066 -2.14709 0)
(20.6564 -0.0378135 -3.61455e-20)
(22.8962 -1.41045 3.41397e-19)
(26.537 -1.91574 0)
(26.2529 1.97621 -6.15989e-19)
(22.6441 -1.97673 3.75909e-19)
(21.1437 0.0337194 -4.25396e-19)
(25.9577 1.38434 0)
(26.2539 1.98538 5.21136e-19)
(20.8809 -1.17544 -5.22041e-19)
(25.698 1.84933 -2.77794e-20)
(21.43 4.41567 -1.48011e-18)
(20.6291 4.23285 1.90063e-18)
(20.7662 4.40325 -2.78119e-18)
(20.8621 3.47626 -9.48686e-19)
(27.9154 -1.59464 -3.01663e-18)
(27.8224 -1.53438 -2.84738e-18)
(25.385 -1.98406 0)
(24.4601 -1.69197 -7.40086e-21)
(20.3604 -0.815931 -1.89682e-19)
(22.1504 -1.92126 0)
(26.0382 1.20885 -2.20748e-21)
(22.9444 -2.0414 0)
(23.9556 -1.69792 -2.1762e-19)
(25.7118 2.04273 -6.45165e-19)
(33.5464 2.57596 -1.53866e-17)
(24.5263 1.80021 -7.40419e-19)
(25.6269 1.80047 0)
(24.5321 1.11069 1.01653e-18)
(24.5727 1.67239 -8.16859e-19)
(25.2112 2.1119 0)
(26.1647 1.76545 -8.26672e-19)
(26.3389 1.62128 -8.43167e-19)
(18.9095 -0.0462001 1.83273e-19)
(25.6726 1.81659 -9.77592e-19)
(26.3246 1.81991 -7.18579e-19)
(26.3144 1.58717 0)
(26.5254 1.38897 0)
(33.4675 2.43694 -7.39067e-18)
(20.0395 -0.760774 0)
(21.9339 -1.94897 0)
(26.3226 1.79369 7.40736e-19)
(26.4374 1.53159 -9.1049e-19)
(25.0173 -2.62339 3.6588e-18)
(24.6129 1.69343 -2.50016e-20)
(25.5529 1.27046 1.40432e-18)
(25.5455 1.97074 0)
(27.9347 -1.28827 -1.4297e-20)
(25.5695 1.95752 -2.20322e-20)
(25.5563 2.01603 6.6946e-19)
(26.5488 1.79728 6.18082e-19)
(25.4214 1.79202 8.87909e-19)
(26.1636 1.89399 2.25142e-20)
(25.8883 1.82858 0)
(21.124 -1.20015 -5.35212e-20)
(29.6549 -0.764324 -3.56289e-18)
(25.9474 1.60194 -1.134e-18)
(33.6272 2.72523 5.23355e-18)
(22.9962 1.0556 -1.11819e-18)
(26.2274 1.87412 7.13869e-19)
(21.7273 -1.31416 -2.25257e-19)
(20.1575 -0.0188017 -1.36494e-18)
(23.1255 -1.56483 0)
(22.1709 1.96821 0)
(21.5546 1.7805 -1.86497e-18)
(21.7199 1.76619 -3.11069e-18)
(26.3907 1.71371 7.71873e-19)
(25.0045 -2.46173 0)
(21.4978 0.0840342 3.92609e-20)
(25.4431 1.34654 3.59579e-19)
(21.0856 -0.677619 5.51487e-19)
(22.1275 2.07795 0)
(24.7836 1.43266 -2.19512e-18)
(21.9048 -2.24014 0)
(28.0517 -1.35061 0)
(23.986 -2.67753 2.49884e-18)
(24.8821 1.37564 -1.40928e-18)
(25.7511 1.99323 -2.12206e-20)
(25.1982 2.10665 5.73595e-19)
(32.3007 3.06065 3.41711e-18)
(32.7041 4.77136 0)
(21.463 0.0409877 0)
(26.1356 1.98224 0)
(24.671 -1.92526 0)
(25.7072 1.91882 0)
(32.0312 3.02881 -3.0589e-18)
(25.4427 1.79951 0)
(23.8684 -1.66312 -6.21495e-19)
(26.5348 1.82499 -6.69006e-19)
(25.8631 1.96841 0)
(26.1825 -1.5704 -1.83252e-18)
(23.7042 -1.68327 -7.73257e-19)
(26.3541 1.42952 8.84085e-19)
(25.8508 1.75129 -1.01956e-18)
(25.2189 1.09867 0)
(24.8533 1.43738 3.71801e-20)
(29.2277 -0.92481 -3.33876e-18)
(26.3053 1.62959 0)
(24.872 1.41662 -1.27434e-18)
(20.0854 -0.673762 0)
(24.8705 1.38994 0)
(21.48 -0.00957117 2.16071e-19)
(26.0691 1.90135 0)
(24.9374 -2.45004 3.99587e-22)
(25.147 2.115 -5.66696e-19)
(26.8604 1.68121 0)
(25.2149 -1.61336 0)
(25.6599 1.80671 -3.16493e-20)
(24.2285 -2.49715 -1.64958e-18)
(15.6662 0.409859 1.16898e-18)
(20.0471 0.984437 5.57863e-20)
(25.8229 1.16324 9.93934e-19)
(25.2664 -1.79282 1.53922e-18)
(29.3403 -1.02061 9.19205e-19)
(25.3083 -1.63034 2.925e-18)
(26.2403 9.41822 0)
(24.8799 1.40177 1.34602e-18)
(17.914 -0.87685 0)
(24.3382 1.08524 -1.07743e-18)
(21.1537 0.182247 0)
(25.2938 2.00156 -2.02224e-20)
(24.5865 1.70551 -2.49802e-20)
(25.3916 1.72903 1.12328e-18)
(24.2915 -2.51636 0)
(25.375 -1.89671 0)
(25.9218 1.62194 3.42725e-20)
(21.1386 -1.2921 1.15154e-19)
(26.3281 1.66184 0)
(25.6346 1.64905 1.28221e-18)
(26.8924 1.68675 6.10837e-19)
(26.1016 2.00261 5.94645e-19)
(22.8717 -1.9896 -5.14752e-19)
(20.6532 -1.64908 0)
(22.8599 -2.13696 0)
(25.4388 1.74658 1.08141e-18)
(26.6052 -1.75523 2.18928e-18)
(25.7787 1.87427 8.51906e-19)
(26.5089 -2.3236 0)
(26.3768 1.68377 -7.68249e-19)
(16.5021 0.582339 0)
(25.4862 1.99681 6.63208e-19)
(25.5423 2.11779 0)
(24.8551 1.42033 3.89219e-20)
(25.4315 2.02694 1.98174e-20)
(25.9686 1.99604 -6.73042e-19)
(25.1348 2.10875 -5.73375e-19)
(19.9498 -0.315151 -1.03857e-18)
(25.4435 1.3432 -1.52361e-18)
(24.1464 -2.5945 4.65099e-19)
(24.9381 1.48381 3.83177e-20)
(24.7772 1.48384 -1.05888e-18)
(25.7865 1.888 -8.27556e-19)
(26.1427 1.89999 -2.25498e-20)
(25.7194 -0.953671 0)
(23.9395 0.993922 1.33526e-18)
(26.0834 1.94877 -1.34629e-18)
(22.8087 -1.4471 -3.51095e-19)
(25.7003 1.83943 8.8772e-19)
(29.0441 0.245108 0)
(21.5958 -2.26967 2.37218e-19)
(25.7715 1.79168 -1.04587e-18)
(21.8324 -0.519683 -1.39706e-19)
(14.6768 0.134668 1.58712e-18)
(19.1028 0.826545 2.37821e-18)
(25.7556 1.49516 0)
(20.7264 -0.45085 4.71167e-20)
(24.621 -1.65032 1.15121e-18)
(20.6442 -1.55023 5.86381e-19)
(26.0542 -1.7263 -1.85826e-18)
(25.8109 1.77654 0)
(25.3965 1.77063 -1.83686e-18)
(24.7866 1.45332 2.16415e-18)
(25.9646 -2.43409 3.78314e-18)
(26.1649 1.87326 0)
(26.3244 1.54494 -9.25906e-19)
(25.8943 1.7674 1.05001e-18)
(26.2777 1.27834 -1.061e-19)
(26.3607 1.72141 0)
(25.9939 1.32257 8.00201e-21)
(24.7685 -2.61361 -2.37128e-18)
(26.2556 1.92394 3.51103e-20)
(29.5837 -0.860533 3.71261e-18)
(21.8692 -0.584256 0)
(25.3755 1.76287 0)
(26.0554 1.24335 -8.47534e-19)
(26.1057 1.89154 -7.24457e-19)
(21.3219 1.97499 -1.92855e-18)
(24.8417 1.35172 0)
(25.3003 1.69682 3.49547e-20)
(24.7216 1.44695 1.05334e-18)
(29.5034 -1.01703 0)
(20.3304 -0.907612 -6.06552e-19)
(24.1954 -2.60957 -4.67149e-19)
(25.9905 1.97878 0)
(25.656 2.05497 -5.97348e-19)
(26.2085 1.26802 -9.56498e-19)
(25.8585 1.50871 0)
(26.0097 1.97661 0)
(24.5391 1.60414 8.64686e-19)
(26.3627 1.34477 0)
(24.9541 1.66938 0)
(26.1459 -1.73389 -1.94293e-18)
(26.1258 1.88569 7.27206e-19)
(25.5874 1.13174 0)
(22.4793 -1.38924 -1.55266e-19)
(25.7935 2.06368 -5.975e-19)
(27.1135 -2.14868 -1.57412e-20)
(26.7573 -2.26735 4.81553e-18)
(25.6782 1.86912 0)
(25.9428 1.32779 0)
(25.9493 1.9977 6.78018e-19)
(20.6445 -0.768582 -1.67936e-19)
(25.044 -0.688953 -1.00919e-18)
(29.2552 -1.11446 0)
(25.8429 1.61284 0)
(25.4758 -2.08451 1.85097e-18)
(29.2899 -0.83162 -3.21069e-18)
(23.9677 -1.36173 0)
(23.3756 -2.03494 -7.97451e-19)
(26.951 1.60211 -7.791e-19)
(21.471 0.0886532 0)
(24.7007 1.25737 -2.78623e-18)
(23.8732 -1.94429 1.18174e-18)
(24.8062 -2.61831 0)
(26.0888 -1.56275 1.7546e-18)
(28.2351 -1.59979 -3.41668e-18)
(25.0333 -2.61907 -7.48231e-19)
(21.7013 -0.21873 5.3004e-20)
(25.0012 1.57402 0)
(25.4008 1.99147 -6.59384e-19)
(21.4111 0.115122 -3.03472e-19)
(26.1803 -2.06643 0)
(25.1611 1.63165 1.24031e-18)
(26.3931 -1.4195 -3.62788e-18)
(25.237 1.67901 0)
(25.5413 1.77239 0)
(25.4642 -1.57217 -1.5001e-18)
(26.0774 1.93395 7.04152e-19)
(25.2839 1.71987 0)
(25.5879 1.76562 0)
(25.1424 1.62498 1.179e-18)
(21.363 -1.30611 3.41155e-19)
(25.0588 1.57404 1.14846e-18)
(25.1395 1.62431 -8.49209e-20)
(22.4856 -0.625485 2.34895e-19)
(25.7262 1.92221 0)
(25.6957 1.90093 2.47501e-20)
(24.6862 1.24199 -1.3538e-18)
(26.0264 1.95924 -2.15325e-20)
(28.6337 -1.49445 7.47026e-18)
(25.8119 2.06368 -5.9776e-19)
(25.6412 2.01387 -2.04573e-20)
(26.8293 1.72981 0)
(23.3249 -2.12954 0)
(25.8816 1.96864 0)
(25.8017 1.55863 0)
(25.6199 1.80567 9.83848e-19)
(25.5942 1.89216 -2.4507e-20)
(20.8794 -1.08178 -5.50341e-19)
(25.5966 2.10475 0)
(25.4971 1.91526 2.3069e-20)
(23.7895 -1.72103 8.33809e-19)
(31.3189 0.503616 5.11585e-18)
(26.198 1.90298 0)
(25.3946 -2.50255 -2.60158e-18)
(24.913 1.73718 0)
(21.2935 -2.3552 -1.73382e-19)
(21.3656 0.129877 2.38702e-19)
(22.48 -1.06704 4.35029e-20)
(22.2983 -0.80415 -1.18882e-19)
(33.7419 3.17855 1.52917e-18)
(25.1511 1.63357 0)
(24.0514 -1.82448 0)
(26.2041 1.83623 -7.65808e-19)
(28.7399 -0.599404 2.52989e-18)
(24.1057 1.53478 2.97203e-20)
(25.2769 1.99424 6.70748e-19)
(22.8114 -2.27903 4.81683e-19)
(29.5535 0.579962 1.11568e-18)
(23.5386 1.37123 1.21227e-18)
(25.6146 1.84144 -8.75748e-19)
(25.5968 -2.43629 2.53272e-18)
(26.1847 -1.98524 0)
(26.1037 1.94439 -7.05546e-19)
(32.4238 7.2264 0)
(28.5 -1.04215 1.71194e-20)
(25.7881 -2.44064 -5.54484e-18)
(25.8725 1.83185 -9.31027e-19)
(26.1765 1.90909 -6.93121e-19)
(25.9396 1.93675 2.31457e-20)
(25.5846 1.90627 -2.3938e-20)
(24.1327 -1.76242 0)
(26.0986 1.76385 -8.84914e-19)
(25.621 1.85552 8.23008e-19)
(25.3508 1.71631 1.10605e-18)
(25.0589 1.56509 0)
(22.3533 -0.78405 1.15793e-19)
(24.7731 1.462 -1.01836e-18)
(25.8266 1.83731 9.61728e-19)
(24.9977 -0.84067 -1.01345e-18)
(21.6122 -0.692391 2.64632e-19)
(27.1709 -2.13651 -1.73983e-20)
(19.8955 -0.382335 1.07037e-18)
(25.1157 -0.620394 1.19998e-18)
(24.2289 -1.8855 1.07477e-18)
(29.0609 -1.29946 0)
(28.0616 -0.636171 0)
(25.101 -1.8476 0)
(25.6716 1.85528 0)
(22.0162 -0.426691 -4.52813e-20)
(25.2776 -1.13134 3.07982e-19)
(25.8343 1.86534 8.72694e-19)
(24.8892 1.49691 0)
(24.8834 1.47807 3.55342e-20)
(25.6397 1.88835 7.99497e-19)
(24.6263 1.38328 -1.0921e-18)
(24.9765 1.70372 0)
(25.5678 2.08226 5.92007e-19)
(25.4779 1.92837 0)
(24.1824 1.5335 -2.96821e-20)
(25.0257 -0.926328 -1.04498e-18)
(25.3704 -1.14668 9.55406e-19)
(24.3453 1.05628 1.14171e-18)
(30.1613 -0.00808189 3.9495e-18)
(29.4223 -1.05039 -3.83798e-18)
(26.1603 1.68913 2.83986e-20)
(21.7111 -0.705625 -4.74714e-19)
(28.5888 -1.02412 -2.819e-18)
(24.0197 -2.55685 -4.07121e-19)
(33.7685 3.02707 0)
(26.0457 1.95617 7.07169e-19)
(24.7974 1.42546 1.18654e-18)
(24.6588 1.69217 2.50334e-20)
(26.2217 2.0014 -5.30314e-19)
(25.762 1.92809 -7.84057e-19)
(29.5824 0.714105 0)
(24.0311 -1.63771 -6.66734e-19)
(22.7122 -2.03321 4.70938e-19)
(23.6207 -1.7384 0)
(19.3596 -0.0961013 -8.8524e-19)
(29.0807 -1.23651 0)
(26.3313 -1.74545 0)
(20.78 -2.09697 -1.80604e-19)
(25.0009 1.65832 -2.7653e-20)
(20.6787 4.49536 1.86842e-18)
(24.5804 -2.08346 -1.37328e-18)
(29.9234 -0.770379 4.09153e-18)
(27.8117 -1.22331 -2.42982e-18)
(25.2626 2.10242 5.78291e-19)
(28.2079 -1.66603 -3.55166e-18)
(25.6386 1.80945 0)
(25.7086 1.42072 0)
(22.5295 -0.592555 -2.35118e-19)
(28.6505 -0.618188 0)
(20.8877 4.44878 3.08149e-20)
(24.8689 1.46677 -1.182e-18)
(20.2747 -0.293166 0)
(26.4424 1.60225 8.10519e-19)
(21.3724 4.48005 1.56187e-18)
(24.9264 -2.16626 -1.65681e-18)
(25.2515 1.65854 3.4847e-19)
(24.0323 1.56504 9.80083e-19)
(25.514 1.75693 0)
(21.7363 -0.273665 -5.23948e-20)
(25.061 1.58103 0)
(24.6902 1.73611 -7.50457e-19)
(23.0896 -1.99367 0)
(24.5983 1.65988 0)
(25.6586 1.86495 -4.06251e-22)
(24.5179 1.81944 7.31064e-19)
(24.9493 1.49414 -1.25571e-18)
(24.9382 1.46909 3.98006e-20)
(25.7807 1.93048 2.36845e-20)
(25.2288 2.02954 0)
(28.4634 -0.97141 2.67899e-18)
(25.6416 1.87458 -8.48648e-19)
(24.4524 1.09714 -3.75014e-19)
(17.6459 -0.489546 0)
(25.1403 1.73587 0)
(28.7318 -0.915059 0)
(23.6958 -1.59037 7.52418e-19)
(26.1438 1.96634 -6.3482e-19)
(24.6664 1.90979 -2.11384e-20)
(20.2029 0.0307088 -6.30222e-19)
(25.5324 1.7977 -9.72016e-19)
(28.4704 -1.20087 5.83182e-18)
(25.5121 1.79202 2.95524e-20)
(30.3504 0.42286 2.9832e-18)
(26.2129 1.70483 -8.62109e-19)
(25.8969 1.87814 -8.43449e-19)
(26.1404 1.74082 9.05723e-19)
(25.7144 1.87674 0)
(24.1678 1.01525 -1.29198e-18)
(28.8339 -1.18537 -6.54071e-18)
(27.9024 -1.21346 -2.52351e-18)
(25.5881 1.96246 2.27492e-20)
(24.7729 1.75794 -7.41786e-19)
(26.3005 1.96283 0)
(26.0838 1.27888 -3.09224e-20)
(24.5521 1.66185 0)
(21.642 -1.89729 0)
(29.5476 -0.737763 -3.37155e-18)
(24.4375 1.12502 -1.45577e-18)
(28.8713 -0.803793 -5.63132e-18)
(25.2703 2.01942 0)
(26.0846 1.91542 0)
(26.0214 1.6149 1.02969e-18)
(24.452 1.0508 1.57343e-18)
(27.0213 -2.19646 -1.7807e-20)
(28.6427 -0.934691 2.75163e-18)
(30.1643 -0.527583 0)
(25.3667 1.73282 1.42282e-18)
(25.3652 1.88407 -2.33887e-20)
(24.7053 1.45706 -2.0838e-18)
(26.0661 1.88337 0)
(24.9764 1.72639 0)
(23.9639 -1.12096 7.59074e-19)
(27.5096 -0.843495 -3.98413e-18)
(29.3946 -0.337015 -2.77265e-18)
(25.6769 1.80861 1.04353e-18)
(23.8761 -1.08905 7.15829e-19)
(24.479 -2.45388 0)
(24.8119 -1.44658 0)
(25.6535 1.99647 -6.73128e-19)
(21.2422 -0.628282 4.36457e-19)
(25.5972 2.06638 -6.25984e-19)
(21.3348 0.994645 0)
(22.7699 -0.612112 0)
(30.4097 0.375331 -3.79614e-18)
(29.1386 -1.27044 -4.01681e-18)
(24.7823 1.34407 0)
(26.6091 1.51101 -7.39586e-19)
(31.2937 1.12588 0)
(14.6394 0.0784846 1.66004e-18)
(24.6786 1.70309 -8.21437e-19)
(25.1495 1.724 0)
(23.9047 -1.42049 -7.96934e-19)
(25.6205 1.66939 -1.27575e-18)
(29.4817 0.568971 -2.24746e-18)
(23.8314 0.934676 3.57852e-18)
(22.0558 -2.40562 0)
(26.2742 1.90039 6.67927e-19)
(25.3736 1.72329 -1.12901e-18)
(28.3731 -0.510784 -2.19044e-18)
(26.4082 1.67691 -2.46737e-20)
(21.5949 -1.39778 5.16916e-19)
(31.8158 0.623005 6.29967e-18)
(24.9566 1.69235 8.39013e-19)
(25.9602 1.9041 -7.83892e-19)
(29.2381 -0.151386 -1.90839e-18)
(26.0501 1.90565 0)
(21.497 1.93688 4.8749e-19)
(26.675 -1.42939 1.95889e-18)
(26.3538 -1.33533 2.18887e-18)
(25.8516 1.86525 8.74275e-19)
(24.8665 1.44882 -3.71235e-20)
(22.2438 -1.5943 9.29092e-20)
(24.8511 1.36444 0)
(24.9923 1.63567 -2.86161e-20)
(23.9569 1.57088 -3.00061e-20)
(26.4434 1.91866 -5.71116e-19)
(25.8385 -2.29104 -2.38894e-18)
(26.7057 1.80435 -1.17383e-18)
(25.5269 2.11607 5.62043e-19)
(26.4706 1.9149 0)
(26.3059 -1.66173 -1.96401e-18)
(23.8782 -1.85077 9.37131e-19)
(26.0415 2.01382 5.90374e-19)
(25.3638 2.05552 6.30071e-19)
(25.825 1.76873 1.0604e-18)
(25.785 1.82455 -9.41728e-19)
(30.4425 0.22888 -4.03537e-18)
(23.8729 -0.853741 6.94228e-19)
(27.6591 -1.94829 0)
(31.8753 0.908431 -1.14451e-18)
(22.2361 1.99589 1.49339e-18)
(24.2549 -2.39195 0)
(33.812 3.32444 -7.71369e-18)
(26.3355 -1.49869 2.3143e-18)
(21.5426 1.68197 1.88897e-18)
(25.3186 1.07298 -1.27692e-18)
(21.814 -2.57823 -7.89486e-19)
(25.4292 -1.73485 0)
(32.8077 4.82828 0)
(27.5537 -0.921424 2.03753e-18)
(29.4114 -0.0926517 6.58573e-19)
(25.7078 1.81157 -1.00677e-18)
(24.7171 1.7251 2.43964e-20)
(24.0553 1.54575 -9.31085e-19)
(26.6756 1.80534 1.21163e-18)
(25.3237 1.70503 -1.18199e-18)
(26.1035 -2.3681 -2.93132e-18)
(25.6428 1.83711 -8.69007e-19)
(26.9104 -2.21751 7.38081e-18)
(31.9872 2.93569 -6.04813e-18)
(26.2666 1.30426 9.55942e-19)
(22.7239 -0.658289 3.14583e-19)
(27.699 -0.67046 1.94227e-18)
(27.8072 -1.86802 -9.04226e-19)
(21.542 -0.828376 3.51849e-19)
(26.4109 1.37597 0)
(25.4335 1.9793 0)
(24.7198 1.17008 -9.30132e-19)
(24.873 1.36335 0)
(32.3918 3.07382 -4.45958e-19)
(26.2051 1.8812 -7.17488e-19)
(26.4286 1.73537 0)
(25.2059 -1.36295 1.29216e-18)
(25.6268 1.8237 9.25789e-19)
(21.1836 -2.16004 9.8861e-21)
(25.9742 -1.30347 0)
(25.5903 2.02407 -2.01026e-20)
(25.7968 1.87597 0)
(23.933 -0.795509 -6.75219e-19)
(22.2044 -0.516519 0)
(25.3365 -1.71938 -2.99806e-18)
(32.61 4.83683 0)
(25.8109 -0.961953 1.34719e-18)
(30.1433 -0.470942 0)
(21.9984 -0.926702 0)
(24.9049 1.50816 -1.08814e-18)
(25.5964 1.09421 1.23224e-18)
(26.229 1.85135 -7.54767e-19)
(31.6407 1.05101 -9.73543e-19)
(25.0034 1.52561 0)
(27.9708 -0.645824 0)
(25.6516 1.907 -8.00351e-19)
(26.0579 1.93819 0)
(21.7603 -1.07549 -2.01304e-19)
(25.3814 2.00955 8.84361e-22)
(29.8278 -0.476016 0)
(24.6924 1.51512 0)
(26.0111 -2.42956 -3.91281e-18)
(25.7856 1.78724 0)
(33.7225 3.03006 1.58988e-18)
(25.3247 -0.814916 9.6687e-19)
(28.8177 -1.119 3.18378e-18)
(22.2801 -2.3168 0)
(25.0483 1.70347 -2.66515e-20)
(27.2189 -2.08333 -3.46481e-18)
(26.2631 9.29205 6.85232e-19)
(26.2578 1.51688 9.30596e-19)
(25.3277 1.71342 7.62349e-20)
(24.8325 1.52008 -1.03352e-18)
(23.2041 -1.61352 -2.13874e-20)
(25.4958 -1.66037 1.53772e-18)
(21.5915 -0.36398 -2.34487e-19)
(24.9686 1.6581 8.75655e-19)
(25.2518 1.67605 1.17665e-18)
(26.3712 1.75027 0)
(24.1037 1.50755 0)
(24.8036 1.46542 1.07301e-18)
(25.8829 1.86404 8.41369e-19)
(29.2193 0.467055 0)
(32.8438 2.42851 1.15265e-18)
(27.3531 -2.09031 3.98346e-18)
(25.0281 -2.09587 0)
(29.4229 -0.989068 6.53984e-18)
(24.6736 1.52707 -2.94413e-20)
(24.3953 1.16313 0)
(23.7704 -2.00322 -1.43472e-20)
(24.8263 1.49837 -1.02678e-18)
(21.4159 -2.64391 -1.07263e-19)
(29.518 -0.676833 3.29949e-18)
(25.9122 -2.29487 -2.50128e-18)
(24.1565 1.52471 2.96606e-20)
(24.9151 1.55738 1.98596e-18)
(26.6949 1.63919 5.07745e-19)
(25.147 1.625 1.21077e-18)
(28.9093 -0.871012 2.8854e-18)
(24.6681 1.45542 1.01221e-18)
(27.3162 -1.8119 2.81951e-18)
(26.1146 9.47192 0)
(25.486 -1.40936 1.42646e-18)
(25.0135 1.53436 0)
(23.9093 1.58522 -3.013e-20)
(31.2179 1.06014 3.06915e-18)
(24.882 1.8832 0)
(24.5036 -1.28784 0)
(29.604 0.654255 2.34773e-18)
(24.4453 1.61115 0)
(26.0213 2.0294 0)
(22.0654 -0.480448 0)
(25.79 1.74475 -1.07647e-18)
(25.2298 1.66778 0)
(26.2432 1.65125 -8.75741e-19)
(25.5388 1.63385 -4.27067e-20)
(29.1738 -1.14402 0)
(25.4513 1.74876 -2.28552e-18)
(24.9303 1.88454 2.15914e-20)
(20.8436 -0.0717029 -1.05429e-18)
(29.0462 -0.444192 2.59018e-18)
(24.0744 1.47099 2.00162e-18)
(29.6799 0.455934 0)
(28.6578 -1.42993 -2.73258e-18)
(25.8969 1.84585 3.72209e-21)
(25.1429 1.63422 -3.3733e-20)
(28.1055 -0.551606 -2.62518e-18)
(28.732 -1.14096 6.16874e-18)
(25.5414 -1.33467 0)
(24.6451 1.26982 0)
(29.7389 -0.728771 -3.68125e-18)
(25.9035 -2.37085 8.06777e-21)
(30.1027 -0.81678 0)
(31.7293 0.544972 -6.25503e-18)
(31.8757 0.747551 -4.90149e-18)
(25.3796 1.72383 -2.78843e-18)
(24.2786 -2.19005 1.33184e-18)
(24.4229 1.60123 8.75057e-19)
(25.6083 2.02768 2.00691e-20)
(25.6771 1.78797 1.09084e-18)
(24.8402 1.44309 3.63709e-20)
(26.299 1.82787 0)
(25.4568 2.08273 5.92488e-19)
(25.7342 1.73046 1.1505e-18)
(25.7269 -1.86034 3.57948e-18)
(24.0817 1.55365 -2.98306e-20)
(25.9664 1.95025 6.92303e-19)
(26.7686 -1.43122 -2.03031e-18)
(28.3206 -1.07563 -2.68085e-18)
(24.9462 1.89458 -7.08473e-19)
(31.9882 1.11032 -5.54609e-18)
(26.4757 1.53043 -7.79186e-19)
(27.3679 -0.931229 0)
(25.0904 1.95355 2.74483e-22)
(25.8583 1.81492 0)
(26.4837 1.36357 0)
(25.2474 1.85176 0)
(29.1003 0.316073 3.2374e-18)
(26.4788 1.43884 8.4329e-19)
(26.4589 1.5657 8.21363e-19)
(25.2744 1.68713 -3.62623e-20)
(25.92 -1.38088 1.59697e-18)
(22.8743 -2.32445 -5.91418e-19)
(24.6065 1.37038 0)
(25.6645 -1.02738 0)
(23.5494 -2.37271 0)
(26.0214 2.01708 -5.92228e-19)
(28.1922 -1.01702 2.51408e-18)
(19.9044 0.0674895 0)
(25.4847 1.82763 2.66302e-20)
(25.1131 -1.34543 1.22435e-18)
(24.7451 1.76829 1.50988e-18)
(24.9272 1.51185 0)
(31.8353 0.787456 -1.16677e-18)
(21.6201 -1.06811 -3.05409e-19)
(21.0477 0.155865 -4.19875e-19)
(28.3735 -0.987405 0)
(24.1958 -2.1626 -9.5624e-21)
(27.4049 -1.72947 -2.74172e-18)
(24.019 -1.06076 0)
(25.8593 1.95238 0)
(21.2418 0.161079 0)
(25.0441 1.89619 6.71375e-19)
(29.1471 0.472335 0)
(22.9335 -1.89376 1.02762e-18)
(20.226 -2.73642 0)
(30.2694 0.376589 2.57455e-20)
(25.1199 1.72516 0)
(23.1655 -2.0415 6.82961e-19)
(23.3158 -0.926002 0)
(20.5071 0.094433 -5.47185e-19)
(25.276 1.72121 -9.18028e-19)
(25.2999 1.74258 9.1814e-19)
(27.7437 -1.6911 -3.0182e-18)
(24.1078 -1.0901 8.1068e-19)
(29.308 -0.365544 2.72272e-18)
(24.0999 1.45148 -1.04715e-18)
(27.4676 -2.03407 0)
(25.058 1.65836 9.17e-19)
(24.9057 1.53633 -1.02481e-18)
(26.0475 1.92346 2.28512e-20)
(24.6456 1.37331 1.09102e-18)
(24.8069 1.34042 0)
(25.1718 2.03207 0)
(24.4333 1.07911 3.761e-19)
(25.3454 1.87556 2.34344e-20)
(27.5614 -2.01298 0)
(28.5144 -0.882776 2.58397e-18)
(25.2447 1.95091 -2.11938e-20)
(25.3484 1.97124 6.70979e-19)
(24.6532 1.9004 2.10621e-20)
(24.4164 1.17986 -1.31683e-18)
(25.8952 1.71484 1.06423e-18)
(21.5173 -0.0205552 -2.15286e-19)
(25.1253 1.94458 -6.72095e-19)
(31.1849 0.482257 -9.31931e-19)
(28.4629 -0.495944 2.25231e-18)
(25.3277 2.09698 0)
(31.4918 0.485246 4.48691e-20)
(25.4124 -0.830265 1.38578e-19)
(25.6348 1.84636 1.74529e-18)
(25.8941 1.99991 6.42474e-19)
(30.0428 -0.890966 4.83312e-18)
(25.2194 1.71798 1.34565e-18)
(25.7262 1.86637 8.85166e-19)
(25.8685 1.93748 0)
(25.9481 1.95177 2.24242e-20)
(28.2303 -1.09002 0)
(25.1044 1.60747 -1.12856e-18)
(24.9844 1.56341 1.05221e-18)
(30.3151 -0.380773 9.80047e-19)
(25.3395 1.71505 3.35649e-20)
(24.9981 1.51351 0)
(25.1714 1.8858 7.38249e-19)
(24.2035 0.753008 0)
(26.174 1.30463 0)
(24.0535 -1.91756 0)
(25.5237 -1.49762 -1.0878e-18)
(26.0976 1.27686 -8.09074e-19)
(28.6022 -0.549252 2.97295e-18)
(24.8494 1.89167 -6.82368e-19)
(25.3309 1.99032 -6.36817e-19)
(24.8583 1.47357 1.10735e-18)
(25.2426 -1.04433 0)
(24.9361 1.53071 1.10824e-18)
(24.2463 1.01038 -1.9353e-18)
(23.3432 -1.01499 -5.11321e-19)
(21.0058 -0.0458403 4.94775e-19)
(23.9956 1.69935 -2.13112e-19)
(26.7202 -2.20582 0)
(25.679 1.8456 2.78386e-20)
(25.7765 1.58342 0)
(26.3989 1.33625 0)
(18.1587 0.802856 1.01833e-18)
(26.5747 -2.21661 -2.98253e-18)
(24.884 1.35063 -9.50821e-20)
(21.3582 0.181079 0)
(26.6051 1.44137 7.5572e-19)
(30.3997 -0.334283 -9.81419e-19)
(20.4074 -0.636792 1.83674e-19)
(24.479 1.34265 1.03273e-18)
(25.3103 1.27177 2.00257e-19)
(24.6071 1.41814 0)
(25.9709 1.96527 -6.9589e-19)
(26.0957 1.2213 0)
(24.8207 1.32426 -8.95001e-20)
(25.0602 1.69205 0)
(28.8541 -0.961652 0)
(28.9906 -1.07027 -2.13304e-20)
(24.2086 1.02283 1.50258e-18)
(31.2735 0.910241 0)
(25.1935 -0.473467 9.2598e-19)
(26.2421 -1.49192 1.33259e-18)
(24.82 1.53012 1.00517e-18)
(25.0817 1.58441 -1.21885e-18)
(31.2576 0.803128 2.76418e-18)
(19.5221 0.0569942 -5.73935e-19)
(24.652 1.92555 0)
(32.0927 1.03876 0)
(24.3084 1.4741 2.80616e-20)
(24.7507 -1.51512 0)
(24.1039 -2.7177 0)
(24.7672 1.42028 -4.09203e-20)
(24.1824 1.11463 -1.02381e-18)
(30.1688 -0.314503 8.82962e-19)
(30.0062 -0.670388 -2.97565e-18)
(24.7628 1.49389 9.9822e-19)
(25.375 2.03308 -6.28562e-19)
(20.283 -1.53257 -6.44227e-19)
(29.5911 -0.920945 -3.80363e-18)
(25.2777 1.68923 0)
(24.8431 1.46194 1.12374e-18)
(25.0711 1.97101 6.66422e-19)
(32.9843 1.85535 -5.98982e-18)
(25.2774 1.70537 -1.03515e-18)
(24.7913 1.76889 -2.37629e-20)
(24.5862 1.40569 0)
(21.0938 -1.01616 4.05497e-19)
(24.6558 1.24757 1.33895e-18)
(24.0136 1.68076 0)
(25.7006 1.95069 -2.16009e-20)
(26.5473 -2.27917 -2.41533e-18)
(25.5471 2.05752 -6.13218e-19)
(22.9752 -1.28123 -3.92253e-19)
(25.0541 1.05053 -3.71595e-20)
(25.072 1.58238 3.68987e-20)
(25.2471 1.68529 1.03958e-18)
(25.0157 1.59431 0)
(31.1017 0.419875 9.70308e-19)
(24.8122 1.70296 0)
(20.9303 -0.416027 1.13058e-18)
(23.0273 0.215176 3.00525e-18)
(21.8419 -1.001 1.95253e-19)
(24.8259 1.43123 1.13128e-18)
(25.1994 1.66298 1.34388e-18)
(25.8205 1.8915 2.57137e-20)
(24.6698 1.47911 -9.92206e-19)
(21.2426 -0.554761 -4.81258e-19)
(24.0767 1.49904 -9.85997e-19)
(25.1418 1.8963 -7.25284e-19)
(29.9169 -0.829033 0)
(24.9266 1.7707 0)
(24.2151 1.10206 1.30011e-18)
(26.4403 -1.83242 -7.0658e-21)
(26.0467 1.822 0)
(32.0084 0.953799 0)
(25.3183 2.06643 -1.20569e-21)
(29.8593 -0.948367 1.15872e-18)
(28.7825 -0.824977 2.72962e-18)
(24.2831 1.46381 -3.05336e-20)
(23.5636 1.34221 -1.18375e-18)
(22.1676 0.955008 0)
(31.3655 0.460068 -1.07156e-18)
(21.7731 -0.274752 0)
(25.2831 1.69028 -1.15939e-18)
(32.4701 7.39808 -1.63862e-18)
(22.3859 -1.17382 0)
(25.4232 2.04905 -6.19016e-19)
(24.5226 1.44354 -3.11164e-20)
(24.6735 1.59898 -8.46142e-19)
(32.9996 1.7674 7.15598e-18)
(29.9784 -0.84634 0)
(31.6574 0.420583 1.03753e-17)
(24.8411 -2.14724 0)
(30.3858 0.277701 0)
(23.0132 0.299244 -2.28995e-18)
(24.0933 1.65815 0)
(31.1233 0.000972492 -3.64498e-18)
(25.4386 1.7468 0)
(27.4243 -0.688839 -1.82911e-18)
(29.7653 0.466343 0)
(26.7266 -2.28018 -8.41327e-18)
(25.3797 2.06069 5.87937e-19)
(29.3787 -0.184745 -2.6353e-18)
(26.2525 1.26007 -2.85836e-20)
(28.2426 -0.929633 -4.89662e-18)
(26.0211 -2.44146 4.97706e-19)
(22.1948 1.31707 0)
(25.6891 -0.868963 -2.9917e-19)
(30.053 -0.874912 0)
(26.4919 1.49916 -1.32609e-21)
(24.5021 1.33002 0)
(26.8631 1.70723 3.82007e-20)
(25.3005 -0.73231 1.63169e-21)
(27.6954 -1.9744 0)
(26.4857 1.37576 -8.52905e-19)
(24.1829 1.55982 0)
(30.1228 -0.830319 -5.25749e-18)
(25.2657 1.71752 0)
(25.3244 1.88791 -7.58644e-19)
(25.1496 -1.68596 -1.42137e-18)
(15.0833 0.612813 3.18796e-18)
(27.5582 -0.759797 1.94151e-18)
(32.2049 0.875547 5.38829e-18)
(24.4873 1.84753 -1.43095e-18)
(20.0339 -0.185512 -1.8588e-19)
(25.0506 1.66943 -8.64209e-19)
(24.2785 -0.90405 8.24864e-19)
(25.4569 1.75177 0)
(24.2074 1.51577 -2.96282e-20)
(23.8733 1.55185 3.09586e-20)
(21.3794 -2.5164 1.0187e-18)
(24.9415 1.44371 -1.31828e-18)
(30.2026 -0.369982 -9.29141e-19)
(25.9434 1.92123 2.38404e-20)
(19.7315 0.910023 -1.02569e-18)
(26.536 1.88604 1.14789e-18)
(25.8527 2.04758 6.0923e-19)
(25.0778 1.57855 0)
(25.1676 1.65247 0)
(26.7172 -2.14106 0)
(25.659 1.79786 0)
(24.4024 1.56649 -8.98728e-19)
(33.5229 2.59906 8.33015e-19)
(32.0574 2.48176 -3.37613e-18)
(24.9886 1.66958 0)
(30.5439 -0.18145 2.96914e-18)
(25.5213 1.77443 -9.99234e-19)
(25.3629 2.08144 -5.9289e-19)
(25.061 2.03206 0)
(25.8422 -2.43909 0)
(29.6344 -0.0908784 6.83811e-19)
(30.2481 -0.483688 0)
(17.4712 0.693889 -2.51837e-18)
(24.0845 1.57998 -2.89957e-20)
(25.1765 1.65201 0)
(26.5067 1.4712 -1.65719e-18)
(30.6573 -0.183302 -1.02325e-18)
(22.2151 1.24187 -4.30742e-19)
(25.9958 1.1806 0)
(24.4963 1.04146 -3.20327e-18)
(22.159 1.1813 -1.78831e-18)
(27.6503 -0.753824 0)
(24.7699 1.33069 0)
(24.6858 1.44467 -1.00815e-18)
(24.6027 1.6364 -8.39841e-19)
(25.8672 2.01578 0)
(23.7696 -1.53447 7.6026e-19)
(20.514 0.875895 1.27751e-18)
(26.8539 1.53261 -6.08222e-19)
(25.2484 1.83006 -2.4254e-20)
(23.6103 1.28186 1.1604e-18)
(21.4017 4.56389 -1.52047e-18)
(25.2386 2.00493 6.19055e-19)
(26.1155 1.92493 7.00627e-19)
(25.1013 -0.540799 -9.4888e-19)
(26.4072 1.60682 1.6564e-18)
(25.6646 2.09228 1.80792e-20)
(28.8829 -1.02847 0)
(24.9036 -2.62677 0)
(25.7531 1.76871 0)
(30.0591 -0.512764 0)
(24.9688 -0.997858 1.08195e-18)
(29.1606 8.76948 9.01961e-19)
(24.2829 1.51738 2.96145e-20)
(25.7196 1.95395 -7.00914e-19)
(24.9931 1.54071 0)
(25.0275 1.88624 -6.77933e-19)
(25.3179 1.9085 7.18202e-19)
(24.7959 1.49592 -9.79902e-19)
(24.3132 1.16961 1.34444e-18)
(22.5988 -1.27375 2.36871e-19)
(29.1723 -0.795571 3.03831e-18)
(29.5775 -1.1232 4.68935e-18)
(29.7888 -0.417779 0)
(19.7636 -0.0866248 0)
(30.6312 0.429027 3.26474e-18)
(24.3085 -0.991992 2.15238e-19)
(24.4937 1.82928 7.31001e-19)
(25.1055 1.63619 9.71361e-19)
(31.1779 0.73857 9.02327e-19)
(25.5427 1.83318 8.63966e-19)
(29.9413 -0.0365157 -2.94691e-18)
(29.998 -0.78816 0)
(24.9076 1.75944 0)
(25.9252 1.18813 9.34536e-19)
(22.2544 0.951444 -1.86328e-18)
(26.4592 1.73025 0)
(23.7912 -2.34669 0)
(23.9267 0.592715 -9.41612e-19)
(20.7106 4.62726 0)
(25.3365 1.91659 2.17342e-22)
(24.0621 1.59858 0)
(25.6067 1.5164 0)
(27.9255 -0.730125 0)
(24.6192 1.27746 0)
(22.8123 -2.82073 2.34827e-18)
(23.2345 -0.885113 -4.69097e-19)
(26.1345 1.28378 3.24556e-20)
(25.6804 1.57826 4.03173e-20)
(27.3745 -2.00528 -3.33026e-18)
(21.0889 -0.522483 1.03482e-18)
(26.2357 1.73253 8.37903e-19)
(26.1496 1.22683 0)
(22.1323 1.03568 -4.73672e-19)
(25.8302 1.70851 -2.25644e-18)
(24.3774 1.58165 8.60252e-19)
(25.3907 -2.42114 0)
(26.2484 1.81955 2.35539e-20)
(24.0837 -2.45409 -1.53031e-18)
(20.4112 -2.44574 1.52409e-19)
(20.8677 -2.38012 0)
(24.177 0.781138 0)
(24.7035 1.22064 4.53112e-20)
(24.5223 1.51922 0)
(24.039 1.37405 0)
(29.1213 8.65341 9.15027e-19)
(27.2743 -0.93389 0)
(34.6333 5.68373 -6.64511e-18)
(22.1864 1.10317 1.81978e-18)
(21.7722 -0.514866 1.43596e-19)
(18.114 -0.657274 -2.57586e-18)
(30.6786 -0.236434 -1.07926e-18)
(25.4211 1.74318 0)
(24.2823 1.54351 -2.87523e-20)
(24.073 1.67371 -1.62412e-21)
(25.1823 -1.52384 -1.35504e-18)
(24.4322 1.03235 1.61229e-18)
(30.024 -0.8614 0)
(26.1328 1.83855 8.19684e-19)
(25.8404 1.99965 -6.67108e-19)
(24.5343 1.8283 7.236e-19)
(30.6759 -0.402246 4.98979e-18)
(16.7962 -0.486025 -1.87518e-19)
(24.405 1.13507 1.38243e-18)
(20.6262 -0.953362 -6.45443e-19)
(23.5723 1.27736 0)
(31.9585 0.989809 1.14404e-18)
(20.3347 0.88027 2.91022e-18)
(34.4357 4.37616 0)
(29.2952 8.79087 4.01909e-18)
(33.0332 1.99796 5.79059e-18)
(29.5936 8.58283 2.51233e-20)
(26.2966 1.85265 0)
(25.2859 -0.482243 -2.03962e-18)
(25.5272 1.21516 1.77871e-18)
(26.2047 1.77965 -7.85451e-19)
(25.404 1.73477 1.05386e-18)
(28.063 -0.794959 3.95291e-18)
(25.9404 1.73467 -1.00893e-18)
(24.8353 1.69178 8.42413e-19)
(32.1276 1.16287 0)
(23.1933 0.805701 -1.69773e-18)
(24.6188 1.67068 0)
(26.9753 -1.26692 -8.26733e-21)
(26.9194 -1.34939 4.10341e-18)
(25.7506 1.85825 2.75783e-20)
(18.9486 -0.475686 1.06331e-18)
(14.3048 0.203297 1.91466e-20)
(23.7524 -1.44236 -7.40218e-19)
(24.9516 1.45396 -8.35642e-21)
(26.2244 -1.07731 -1.85583e-19)
(24.2328 1.52497 -9.12488e-19)
(27.7866 -0.504177 1.87238e-18)
(15.849 0.466342 -1.39099e-18)
(21.7921 -2.53511 6.55992e-19)
(16.5957 0.621131 -2.07714e-18)
(29.8106 -1.00749 0)
(29.4969 -0.0628971 4.60709e-18)
(25.7166 1.89062 0)
(24.6841 1.35532 -1.20671e-18)
(33.1587 2.52014 1.29344e-18)
(23.1812 -0.931738 5.93929e-19)
(32.0289 2.84697 2.90378e-18)
(25.3303 1.96367 0)
(25.7345 1.84512 0)
(30.5497 0.377585 0)
(26.0152 1.73041 0)
(20.342 -2.10806 2.20029e-19)
(26.0641 1.64572 -9.97285e-19)
(23.5473 -2.68135 1.76915e-18)
(24.3066 1.19921 7.04119e-21)
(14.0989 -0.0245002 -8.74356e-20)
(25.682 1.83602 2.86794e-20)
(24.7525 1.42832 1.05955e-18)
(26.8954 -1.51319 -2.17516e-18)
(31.3515 0.978162 0)
(24.874 1.62234 -8.88155e-19)
(31.2083 0.946597 8.61163e-19)
(25.4679 2.14663 -6.74136e-20)
(17.3951 -0.659465 1.3673e-18)
(30.459 -0.230362 9.69084e-19)
(25.4913 1.76238 1.10162e-18)
(26.2884 1.7111 8.45129e-21)
(31.0603 0.919488 -8.1605e-19)
(24.262 0.979199 -4.05421e-19)
(23.297 0.793399 8.40809e-21)
(24.6267 1.40692 0)
(32.9125 1.64942 6.97554e-18)
(26.4347 1.88796 6.34447e-19)
(27.5154 -0.681543 0)
(21.6825 -0.323752 1.57414e-19)
(23.544 1.13628 1.38032e-18)
(25.8173 2.04758 0)
(34.5053 5.07016 6.48981e-18)
(22.6715 -2.18222 0)
(22.715 -2.41544 7.94627e-19)
(28.5784 -1.45217 -8.8869e-19)
(21.2415 0.112426 0)
(25.2214 1.67999 -3.1809e-20)
(26.264 -2.07008 0)
(24.9338 1.65776 -8.67755e-19)
(25.0264 1.80401 7.7861e-19)
(27.6468 -0.915566 -2.10543e-18)
(32.9041 4.75162 -9.13157e-19)
(26.569 1.86078 -5.84246e-19)
(31.9412 2.29999 3.39086e-18)
(25.0528 1.72628 -2.58134e-20)
(22.2908 1.96045 0)
(30.5962 -0.0764801 0)
(25.0281 -1.5772 0)
(25.8105 1.80437 9.79801e-19)
(19.2032 0.813053 5.51185e-20)
(29.2579 -0.303274 2.63412e-18)
(25.2222 1.99703 6.65007e-19)
(24.932 1.44566 1.38884e-18)
(23.0768 -2.27486 -7.99401e-19)
(25.0697 1.80374 -7.85792e-19)
(28.5124 -0.566148 -2.9203e-18)
(23.245 -2.76917 0)
(23.3929 -1.19539 5.59071e-19)
(25.4751 1.77226 0)
(23.2447 0.647553 -1.83038e-18)
(26.1429 1.9351 -6.79877e-19)
(28.2834 -1.64654 -3.64266e-18)
(25.12 1.61218 0)
(24.545 1.45542 -9.59658e-19)
(25.0872 1.62625 3.14533e-20)
(26.147 1.54998 9.48792e-19)
(29.0004 9.09929 -9.13224e-19)
(25.4235 1.80561 2.70213e-20)
(27.5837 -1.96509 -5.17678e-18)
(25.4978 2.04593 0)
(25.1025 1.66879 -9.23103e-19)
(29.3414 8.91831 -9.73255e-19)
(25.0344 1.57008 1.16307e-18)
(26.0354 2.00133 -2.33363e-20)
(23.92 0.672172 0)
(23.9629 -2.53613 1.97383e-18)
(24.4315 1.36988 1.0638e-18)
(25.5856 1.82224 -2.86214e-20)
(32.4347 2.97525 0)
(22.7847 0.177097 -6.16114e-19)
(22.6486 -0.606706 -2.89779e-19)
(25.7553 1.95954 2.24185e-20)
(23.7566 1.44326 -1.05644e-18)
(25.7243 1.81207 0)
(24.6903 1.49126 0)
(34.5911 5.11759 7.06683e-18)
(25.0465 1.55777 0)
(32.2068 5.27926 -3.08173e-18)
(32.4368 3.17839 3.9965e-18)
(23.9589 0.624174 -9.44049e-19)
(21.4478 1.63788 0)
(25.3617 1.90454 -7.50919e-19)
(25.3424 2.10154 5.78205e-19)
(31.6619 2.15521 3.11934e-18)
(32.6507 1.58137 6.56732e-20)
(25.1199 1.60901 -1.19252e-18)
(25.3181 1.12606 1.40084e-18)
(34.7404 5.75096 6.1651e-18)
(26.6749 1.69884 0)
(24.6438 1.65836 0)
(30.1931 0.0894358 -3.09836e-18)
(24.7486 1.69124 0)
(31.8216 0.944618 -5.45789e-18)
(24.5229 1.49405 2.99145e-20)
(24.7352 1.63348 -8.22413e-19)
(30.5485 -0.525232 4.05893e-20)
(23.8211 -1.14681 -7.12961e-19)
(25.2418 -1.45134 1.32078e-18)
(26.0413 2.02613 0)
(34.4557 5.2188 1.44719e-18)
(23.5068 1.16217 -2.61254e-18)
(30.0772 -0.0502901 -7.84974e-19)
(25.5646 1.9006 7.9282e-19)
(25.8808 1.98435 0)
(24.349 -1.57381 2.00748e-18)
(34.3483 5.15987 -6.0141e-18)
(22.2395 -1.12545 0)
(30.7712 0.437443 8.42153e-19)
(30.6525 0.528711 0)
(24.5886 1.55316 -2.8181e-20)
(28.0117 -1.76838 -3.5651e-18)
(25.8994 1.98415 -6.7987e-19)
(32.2972 5.34971 3.11203e-18)
(22.4256 0.809156 1.89918e-18)
(26.3856 9.23682 -7.38642e-19)
(32.1943 0.923892 -5.97549e-20)
(29.2698 -0.0621496 1.82689e-18)
(25.8804 1.8482 0)
(26.855 -0.855413 -2.06996e-18)
(27.4168 -0.847769 1.92159e-18)
(26.0286 1.82955 8.61081e-19)
(24.8344 1.59854 2.82181e-20)
(25.4387 2.14384 0)
(31.0674 1.01967 -3.63731e-18)
(26.139 -2.3379 0)
(21.665 -0.842952 -2.51067e-19)
(23.8848 -2.64991 -2.29419e-18)
(25.3475 1.74165 -9.25481e-19)
(25.635 1.99295 -6.74782e-19)
(25.3123 2.16587 0)
(24.0123 1.3945 1.10104e-18)
(23.1923 -1.70736 -5.53447e-19)
(25.2228 -2.56872 0)
(22.0319 -0.573872 -1.78809e-20)
(22.7673 -2.45711 0)
(20.6179 -1.24676 0)
(25.671 1.13951 -1.20218e-18)
(25.3704 -1.55662 8.761e-22)
(24.4256 1.57659 8.86498e-19)
(24.7124 -1.67425 1.2206e-18)
(27.6564 -0.597033 -1.21785e-20)
(25.6195 1.78627 -3.40638e-20)
(19.2864 -0.637687 2.56959e-19)
(22.9309 0.423321 1.34092e-20)
(29.3315 -1.23947 0)
(29.6645 -1.56188e-05 -2.74255e-18)
(25.6625 1.72612 3.76671e-20)
(26.1565 9.22857 -6.9352e-19)
(23.1891 0.745486 -1.73429e-18)
(25.7696 -1.44707 -3.13302e-18)
(25.7956 2.01428 6.3444e-19)
(25.3972 1.74023 -1.02898e-18)
(33.114 2.11487 -5.79718e-18)
(21.3004 0.195906 -2.2791e-21)
(25.4586 1.92148 7.27019e-19)
(23.5317 0.954484 1.50731e-18)
(25.8714 2.0469 0)
(32.9006 1.74248 -5.89835e-18)
(25.281 1.69649 1.25963e-18)
(22.1096 -0.462926 -2.63754e-20)
(18.3979 0.751394 0)
(25.7387 1.62978 1.236e-18)
(27.6987 -0.512773 -1.83804e-18)
(26.4083 -1.258 -1.74432e-18)
(25.7481 2.07921 5.87534e-19)
(25.3919 1.70107 -1.43473e-18)
(24.1319 1.54308 -2.97476e-20)
(25.208 1.7208 -1.7841e-19)
(26.7811 1.4926 6.08664e-19)
(24.119 -1.66997 7.3775e-19)
(22.9285 -0.0759671 0)
(25.0787 1.5982 -3.44532e-20)
(23.7297 -2.59218 0)
(24.5497 -2.68363 0)
(25.8679 -1.70881 0)
(31.6028 2.07859 0)
(32.6577 5.79145 -8.59804e-19)
(25.892 -1.79477 0)
(25.6708 1.91106 -7.47994e-19)
(30.311 8.18143 0)
(22.3797 0.878904 -1.85606e-18)
(27.7527 -1.30909 -2.51855e-18)
(23.5019 0.729255 1.7546e-18)
(25.511 1.69046 2.63445e-18)
(26.5292 -1.83519 0)
(26.2135 -1.6554 0)
(28.8932 -0.245907 -2.25812e-18)
(25.1156 1.62585 0)
(25.8814 -2.21232 0)
(24.9124 1.50092 0)
(19.0498 0.879022 -1.81427e-18)
(22.3011 1.02097 4.48084e-19)
(23.0868 0.823395 -4.18665e-19)
(24.0522 1.51852 9.43771e-19)
(20.6142 -1.34654 0)
(25.3063 1.70177 3.6838e-20)
(33.7123 3.86707 0)
(30.0839 -0.356674 -4.38398e-18)
(24.7972 1.40621 3.72234e-20)
(25.6832 1.7024 0)
(25.3547 1.73903 0)
(24.3483 1.25856 1.17673e-18)
(28.1587 -1.40876 -2.91637e-18)
(24.4329 1.34324 -2.28858e-18)
(25.8019 1.86355 9.05574e-19)
(25.6429 1.79656 -1.04748e-18)
(22.3038 -0.272937 0)
(31.9166 2.39679 0)
(23.7444 -2.09688 -1.93495e-18)
(32.0245 2.2917 -3.45248e-18)
(24.9337 1.56888 -9.81885e-19)
(23.1439 -2.31684 0)
(26.1191 1.61374 9.69555e-19)
(19.9406 -1.06212 -5.97129e-19)
(25.7164 1.78242 3.40578e-20)
(24.7591 1.19805 -1.57179e-18)
(25.7445 1.86923 -8.84315e-19)
(25.6387 2.05264 5.98665e-19)
(26.078 1.77498 0)
(30.8912 0.697443 8.25329e-19)
(21.3897 -1.39454 -6.42701e-19)
(19.9744 -0.960296 6.11086e-19)
(25.7304 2.0786 0)
(27.6536 -1.9945 4.31923e-18)
(23.5326 1.00134 -1.46649e-18)
(25.2965 1.97521 -6.63379e-19)
(28.0928 -1.7943 0)
(22.9335 0.342286 2.20354e-18)
(30.2464 0.280834 -2.23642e-18)
(22.5087 9.92557 -2.83439e-19)
(24.8141 1.58678 8.78926e-19)
(25.408 2.09451 -5.65712e-19)
(15.88 0.500611 1.26685e-18)
(34.4973 4.5543 -1.37381e-19)
(25.333 2.0444 0)
(24.6104 1.56459 2.81681e-20)
(26.2188 1.52504 -9.53776e-19)
(23.1879 0.619039 0)
(25.3478 2.07665 -5.96867e-19)
(29.1749 0.323199 -2.13461e-18)
(26.6628 1.78118 -6.23663e-19)
(30.2235 -0.713136 0)
(25.9834 2.03551 0)
(25.7988 2.04732 6.17207e-19)
(23.2433 0.709726 1.78843e-18)
(26.1665 1.94565 6.51128e-19)
(33.8597 3.14723 0)
(25.3171 2.03833 -6.22104e-19)
(24.6813 -2.67588 -3.27512e-18)
(26.3253 1.95789 0)
(23.7886 1.45037 1.03846e-18)
(18.1145 0.804957 3.23093e-20)
(22.2954 0.876045 1.90362e-18)
(24.934 1.50536 0)
(22.3812 1.01866 -2.22411e-18)
(25.6207 -2.35771 -2.34271e-18)
(24.8932 1.47197 0)
(26.5063 1.83104 0)
(25.9905 1.81817 -9.0179e-19)
(28.0846 -1.19012 -1.44203e-20)
(22.6142 0.897257 0)
(25.0153 1.53151 4.07477e-20)
(24.0346 1.6826 0)
(21.5398 -0.0747108 0)
(23.6668 -1.40524 0)
(31.57 0.34591 -5.05496e-18)
(31.5511 0.392397 4.9273e-18)
(25.0562 1.56237 8.28358e-20)
(23.5186 -1.88672 -1.85307e-19)
(26.4012 -2.34234 6.91715e-18)
(26.486 1.87505 5.26667e-19)
(21.8113 -0.334986 0)
(22.2655 -0.567582 1.50889e-19)
(24.2872 -1.14531 2.21771e-19)
(24.989 1.60308 -9.63999e-19)
(33.6019 5.40206 -4.51654e-18)
(25.6885 1.8 0)
(23.6314 -2.71725 1.40801e-18)
(26.0263 -1.64085 0)
(26.1223 -2.22377 -3.15515e-18)
(25.378 1.73512 -7.91799e-20)
(26.6422 1.70053 -6.75609e-19)
(25.9794 1.79312 0)
(32.2187 5.16582 -3.10333e-18)
(21.9139 1.07595 -9.09695e-19)
(29.782 -1.04473 -1.4016e-18)
(23.5995 1.34899 -1.17764e-18)
(24.7315 1.25303 1.45202e-18)
(26.6715 1.75396 0)
(30.1916 0.651652 2.69982e-18)
(22.1674 -0.536032 -2.27172e-20)
(27.5928 -1.96425 1.92127e-20)
(25.8216 1.63459 0)
(25.381 1.77613 0)
(33.9161 5.10448 0)
(24.3333 1.4577 -2.68367e-21)
(26.3669 1.93499 5.81912e-19)
(24.9789 1.88565 -2.15942e-20)
(34.3103 4.97479 -5.8858e-18)
(27.0483 -1.42966 2.18052e-18)
(22.5781 -1.36224 0)
(25.3289 1.73778 3.96881e-20)
(20.1881 1.15551 -6.98598e-19)
(26.4287 1.90505 -6.64873e-19)
(21.9285 -0.584282 0)
(32.7793 5.741 0)
(22.0137 0.713381 0)
(26.2297 1.43423 9.78414e-19)
(25.4348 -2.25324 -2.06452e-18)
(24.7704 1.20637 -8.70894e-19)
(25.3438 1.85403 2.41737e-20)
(25.049 1.57943 1.08076e-18)
(25.0473 1.57224 -1.15775e-18)
(25.4782 -2.54197 -8.31347e-19)
(22.2406 -0.743933 -6.32276e-20)
(22.4159 -0.842076 0)
(24.7752 -2.32218 -1.74593e-18)
(29.0837 0.396455 -9.42209e-19)
(28.6725 -1.2975 -3.27483e-18)
(22.7392 9.98378 0)
(25.299 1.70269 2.68329e-21)
(26.7061 1.72508 0)
(20.3073 -1.10923 7.10178e-20)
(25.3917 2.03878 0)
(32.0542 4.82171 0)
(34.201 4.92161 1.52614e-18)
(24.7685 1.70272 -1.60098e-18)
(25.7766 1.75473 -1.13184e-18)
(30.4129 0.129404 3.29284e-18)
(25.3442 1.94406 -2.1668e-20)
(23.0686 -2.64638 1.40842e-18)
(33.9715 3.32663 -7.42429e-18)
(26.3427 1.75839 -7.64397e-19)
(23.958 -1.97888 -2.47333e-19)
(33.8841 6.95793 -1.20307e-18)
(26.6544 1.83133 -1.08778e-18)
(32.1277 5.09905 0)
(24.0731 -2.22586 -1.26767e-18)
(25.1839 -2.21579 -1.85889e-18)
(30.341 -0.687965 0)
(20.0842 -0.129018 8.89552e-19)
(25.74 1.77494 0)
(28.2529 9.62535 7.76842e-19)
(28.4001 9.55729 -8.29767e-19)
(31.8115 1.42704 4.38241e-20)
(26.0236 1.80352 0)
(23.2718 -1.75502 -6.07603e-19)
(31.5011 1.73109 -2.26428e-18)
(22.9036 -1.74451 -4.31535e-19)
(25.0355 1.73767 0)
(24.7351 1.41576 3.44864e-20)
(24.7239 1.70271 0)
(26.7658 1.67202 -1.37193e-18)
(34.0591 4.09717 0)
(28.237 -1.71091 0)
(27.812 -1.9354 -3.73158e-18)
(30.1645 0.236904 2.19898e-18)
(28.5575 -1.18259 0)
(32.617 7.43737 0)
(24.8882 1.34272 0)
(26.598 1.85832 -6.01e-19)
(24.537 -1.3782 0)
(32.4577 8.00196 0)
(23.6172 -1.8322 0)
(24.3066 1.55292 2.7044e-20)
(23.3699 -0.87656 5.2652e-19)
(33.712 5.30811 4.60895e-18)
(34.0199 4.23569 5.61913e-18)
(26.1274 1.66014 2.93963e-20)
(23.304 -0.372564 1.1345e-19)
(29.7497 0.0358923 0)
(23.5566 0.70379 0)
(24.3912 1.0428 -1.54652e-18)
(24.5124 1.0599 -1.18066e-20)
(21.9658 0.804543 2.06526e-18)
(34.5929 5.48027 -1.30186e-17)
(24.9024 -2.25362 1.70212e-18)
(26.0065 -2.05609 0)
(24.2919 1.28605 2.31384e-18)
(22.7377 -2.82205 -2.50713e-18)
(24.5456 1.33105 0)
(22.2932 0.472645 0)
(25.3269 1.73382 -9.90951e-19)
(24.9283 1.45854 -1.32313e-18)
(30.5723 -0.234725 1.05629e-18)
(26.7371 1.69786 -6.54181e-19)
(23.6178 -2.15455 9.87456e-19)
(20.2862 -1.42478 4.17529e-20)
(25.6445 1.81871 -9.51659e-19)
(34.1239 5.04865 1.46588e-18)
(24.7814 1.73626 0)
(23.9391 -1.27071 0)
(33.7631 4.016 0)
(34.9396 7.8468 8.56593e-18)
(24.4538 1.00473 0)
(28.1399 -1.33716 2.84735e-18)
(22.9746 1.35236 -1.34665e-18)
(29.2457 -1.17699 4.88531e-18)
(27.0705 -2.18142 -3.9619e-18)
(24.7404 1.45925 0)
(25.0357 2.05646 0)
(29.468 0.0902843 1.52276e-19)
(31.7484 2.66933 -3.00216e-18)
(25.2374 2.17372 -5.07517e-19)
(25.9637 2.038 0)
(25.5004 1.7607 3.55786e-20)
(31.1468 1.09139 -2.78242e-18)
(33.5109 8.57038 -5.79847e-18)
(32.1094 1.65884 4.03687e-18)
(29.9572 -0.187519 -3.13964e-18)
(24.9211 1.93944 2.0438e-20)
(25.9458 1.87285 0)
(24.9701 1.59185 9.73092e-19)
(24.8968 1.65745 0)
(21.22 -1.5693 0)
(24.43 1.50054 -2.97084e-20)
(25.36 1.72664 -3.24699e-20)
(25.2036 1.65642 0)
(25.3041 1.70077 1.08342e-18)
(28.5172 9.32444 0)
(25.0742 1.75979 -2.38878e-20)
(33.6085 3.84095 -1.24603e-18)
(24.857 1.63369 8.9519e-19)
(24.9569 1.53378 0)
(23.8513 0.604573 -4.25324e-18)
(24.1852 1.63532 -8.87915e-19)
(25.2785 -0.564999 1.10601e-18)
(24.0143 0.819769 0)
(20.3714 -2.26377 1.48088e-19)
(20.7946 -2.17338 -3.24121e-20)
(25.754 -0.795241 1.55777e-18)
(25.2647 1.81797 0)
(25.6898 1.81905 0)
(26.0409 1.87009 0)
(24.9438 1.59077 -9.57356e-19)
(21.194 -1.4784 7.81233e-19)
(23.2274 0.339344 0)
(25.0448 1.55941 -3.95635e-21)
(25.4255 -1.07368 -1.2344e-18)
(28.108 -0.708815 -2.19322e-18)
(25.0488 1.6258 -3.01788e-20)
(33.6165 8.77271 5.89644e-18)
(22.6846 -1.15594 0)
(26.5261 1.42141 -8.13067e-19)
(32.3443 8.16859 -3.51152e-18)
(22.9199 1.35014 0)
(23.0494 1.31338 0)
(23.4328 1.17473 1.34412e-18)
(31.1153 0.778125 -8.62299e-19)
(22.0277 -1.78188 4.51565e-20)
(25.9597 1.23756 -1.10867e-18)
(27.0101 -2.11388 -6.44403e-18)
(25.1877 1.64899 0)
(26.2905 -2.35701 7.91246e-19)
(29.3592 0.483118 2.17854e-18)
(26.5828 -1.67353 -2.13592e-18)
(32.6058 1.44657 -4.14758e-18)
(24.8913 1.45507 -1.20725e-18)
(25.1902 1.64696 -3.61511e-20)
(29.1506 -0.177738 1.83918e-18)
(26.9554 -1.43072 -2.10164e-18)
(24.0909 1.24326 0)
(24.8268 1.79067 -7.46234e-19)
(25.1216 1.61011 0)
(33.9374 5.27477 1.00431e-17)
(22.0938 -1.06818 -7.06095e-20)
(21.3318 -1.83144 0)
(29.6535 -1.08405 0)
(29.0005 -1.26427 0)
(34.4538 7.04396 7.10219e-18)
(26.472 1.66473 0)
(21.8463 -0.456096 0)
(25.3353 -1.46778 -2.7837e-18)
(24.6743 1.55116 2.8498e-20)
(26.0283 1.85302 0)
(24.8943 1.63424 0)
(23.0596 -1.84845 -1.04963e-18)
(25.2489 2.17587 -1.63276e-20)
(19.7349 2.93567 5.70653e-19)
(29.6535 0.52619 0)
(24.774 1.36229 1.29513e-18)
(25.3867 1.37938 1.61332e-18)
(25.1098 1.70241 8.74417e-19)
(26.4501 1.70026 0)
(24.5807 1.03082 -2.45357e-19)
(26.6249 1.83311 -7.41168e-20)
(31.9666 4.76581 -2.87524e-18)
(25.0517 1.59651 1.02127e-18)
(25.9434 1.27127 1.23285e-20)
(30.5627 0.807026 -6.47754e-18)
(25.0337 1.55178 0)
(24.375 1.60636 -8.47021e-19)
(33.9679 7.29654 -9.89327e-18)
(31.6135 0.513539 1.18949e-18)
(24.9425 -2.54563 4.61728e-18)
(30.1887 9.10654 -2.47392e-18)
(22.179 -0.608397 0)
(24.8876 1.55554 9.48752e-19)
(25.4987 2.13192 1.71293e-20)
(22.3991 -2.41473 0)
(29.0075 -0.690493 2.12445e-18)
(25.8045 1.91812 0)
(24.5654 1.36863 2.19389e-18)
(25.1674 1.65341 -1.00711e-18)
(25.6614 2.10884 2.1708e-21)
(30.2108 0.425175 2.5773e-20)
(29.8889 -0.981846 0)
(23.7468 1.24988 -3.80226e-20)
(26.8856 1.54962 5.85307e-19)
(25.8547 11.5939 5.2723e-19)
(25.8391 1.92118 7.72259e-19)
(25.5133 1.78435 4.64632e-22)
(25.0779 2.14417 -6.86942e-19)
(24.2177 -2.0714 -8.96052e-21)
(25.9998 1.27315 1.11975e-18)
(25.2303 1.6914 1.02007e-18)
(24.6135 1.30056 0)
(24.8195 1.38343 -1.26203e-18)
(24.9723 1.5443 1.08398e-18)
(25.6025 1.69981 -1.28428e-18)
(22.4653 9.69181 -6.02074e-19)
(34.6353 5.3203 1.38101e-17)
(25.2548 1.68658 0)
(25.6783 1.92913 7.73844e-19)
(33.6064 5.56464 -4.51254e-18)
(25.8468 2.06257 0)
(24.7713 1.29795 1.3777e-18)
(24.0912 1.63061 -2.87503e-20)
(24.1273 1.4607 3.15097e-20)
(27.9383 -1.89519 -4.31867e-18)
(24.6937 1.16613 -1.60087e-18)
(21.9497 -1.00169 0)
(20.6289 4.72617 0)
(27.7837 -0.98526 0)
(17.2352 -0.753035 -1.53203e-18)
(33.9535 3.63344 -6.10024e-18)
(23.92 1.68166 -2.9033e-20)
(25.9831 -1.80386 3.82156e-18)
(23.6894 1.30105 1.1994e-18)
(26.7295 1.64225 1.69592e-19)
(26.8591 1.5374 0)
(23.6795 -2.56979 -9.35021e-21)
(29.1901 0.253415 0)
(24.8544 1.50138 1.01527e-18)
(30.8285 0.737657 7.89891e-19)
(24.4289 1.52617 0)
(25.7846 1.85032 -8.77201e-19)
(23.5493 1.31049 0)
(27.359 10.7832 -1.37864e-18)
(25.7876 1.94711 -7.34331e-19)
(25.4728 2.08638 -5.90662e-19)
(24.9172 1.66921 8.4807e-19)
(25.8946 1.1593 1.0845e-18)
(25.4729 1.7794 -9.54099e-19)
(24.5477 1.30625 -1.84639e-20)
(24.5844 -1.99318 1.33675e-18)
(20.9373 2.08975 -2.09409e-18)
(26.8118 1.5401 0)
(28.3319 -0.597051 0)
(25.8866 1.93776 0)
(25.8301 1.87859 -8.4633e-19)
(25.7147 2.09461 -5.53664e-19)
(26.4912 -1.67033 2.04361e-18)
(24.4503 1.56184 -9.01406e-19)
(24.6809 1.75757 7.3902e-19)
(24.798 1.80058 -2.31316e-20)
(30.0893 -0.629099 -1.00394e-18)
(29.1038 8.99843 0)
(19.8402 5.30469 -2.1309e-18)
(25.1112 -2.5927 8.73258e-19)
(25.5181 -1.08732 -1.29417e-18)
(24.5601 1.81844 -7.30016e-19)
(25.6595 2.01693 2.04245e-20)
(22.193 0.455743 2.25369e-18)
(29.3061 0.407294 -3.33746e-18)
(27.6621 -1.31743 -2.42373e-18)
(24.1152 1.66429 -7.86418e-19)
(29.9368 0.807448 0)
(22.417 -0.224304 3.09103e-18)
(24.0024 1.23871 -1.19597e-18)
(24.9187 1.79242 7.76467e-19)
(21.3342 4.64583 -7.41492e-19)
(34.3644 4.83274 0)
(22.0774 -0.564154 1.77012e-20)
(30.0416 -0.147484 3.21361e-18)
(24.1327 -2.04169 2.24039e-18)
(19.546 2.99139 3.24669e-18)
(28.654 9.38611 -2.66515e-18)
(20.9096 -0.564603 -7.04775e-19)
(26.105 1.95968 6.79337e-19)
(23.8253 0.652659 1.96559e-18)
(33.4578 2.44787 7.19594e-18)
(28.7543 -1.34092 -3.47885e-18)
(31.1818 10.2737 -3.35218e-18)
(26.9851 -1.10372 1.41025e-18)
(25.8753 1.90784 0)
(24.9522 1.54156 -3.33358e-20)
(24.909 1.43626 -1.31974e-18)
(25.1074 1.6043 -1.34982e-18)
(32.7197 3.21971 -3.91519e-18)
(26.8675 1.54648 5.45176e-19)
(27.2245 -1.0168 0)
(25.1759 1.91532 6.73741e-19)
(25.6221 1.91647 -7.58783e-19)
(25.9128 1.95301 -6.99968e-19)
(25.0007 1.62494 9.33759e-19)
(25.8429 1.8358 9.07489e-19)
(33.1444 5.41372 7.11459e-20)
(22.3906 0.732158 0)
(19.6418 -0.799265 0)
(25.5624 -2.09642 0)
(29.1023 -1.33179 0)
(24.3281 1.11168 -1.05082e-18)
(25.3236 1.73509 1.27604e-18)
(24.1756 1.22088 1.14657e-18)
(25.3546 1.71906 -2.33692e-18)
(33.9166 6.76167 -3.69155e-18)
(22.8277 1.4428 1.41571e-18)
(24.8313 1.90952 6.77246e-19)
(24.8791 1.91104 0)
(24.9765 1.91397 -6.991e-19)
(24.9354 1.94987 -1.98099e-20)
(25.1414 1.95391 6.66717e-19)
(25.2721 1.91157 -6.87194e-19)
(25.3048 1.87895 2.30918e-20)
(25.3259 1.93633 7.18496e-19)
(25.6199 1.88348 0)
(25.5358 2.07693 -6.15336e-19)
(26.0462 1.84723 -5.43412e-21)
(34.8926 6.29437 6.38403e-18)
(28.995 -0.37894 2.50733e-18)
(22.3329 -0.418476 7.99828e-19)
(23.0514 -1.33149 0)
(33.1764 6.26511 0)
(21.441 1.53137 4.93359e-19)
(31.7366 1.34791 3.76732e-18)
(25.4725 1.94784 6.82287e-19)
(25.6047 2.04735 6.24117e-19)
(26.6453 1.72965 0)
(27.787 -0.823448 5.22333e-19)
(25.3727 1.932 0)
(25.4274 1.9539 6.94086e-19)
(25.5534 1.93353 0)
(23.5768 -2.02198 -1.6879e-20)
(30.2814 9.58169 1.31953e-18)
(24.9352 -1.55725 3.69894e-21)
(27.2448 -0.695827 -1.84189e-18)
(29.0329 9.24382 -1.88427e-18)
(24.9322 -2.62785 -2.76543e-18)
(24.0206 1.63495 -9.46722e-19)
(28.4924 8.91235 3.02568e-18)
(32.9297 10.1023 1.11461e-18)
(25.7742 1.96169 6.94153e-19)
(25.6009 1.85028 2.663e-20)
(25.9779 1.86668 2.61805e-20)
(25.5803 2.06383 1.90046e-20)
(25.4559 2.12663 5.72931e-19)
(21.0001 -1.75061 3.51175e-19)
(27.1531 -2.09441 3.32892e-18)
(27.661 -1.70213 -2.9187e-18)
(23.4964 0.523626 -1.93238e-18)
(24.358 1.46836 9.73289e-19)
(30.1074 0.287316 -3.54749e-18)
(27.4869 -2.00469 -9.59583e-18)
(32.3824 2.87056 -7.34691e-18)
(29.7056 -1.06378 -1.23424e-17)
(26.8257 -1.34926 1.97924e-18)
(25.392 -1.39434 -6.99213e-22)
(22.2844 1.89513 3.72133e-19)
(30.681 -0.0247433 0)
(25.9264 1.90665 -8.1438e-19)
(25.0543 1.77115 -1.57252e-18)
(31.4645 0.321133 0)
(28.6156 8.96288 -8.35829e-19)
(24.7741 1.5631 9.19403e-19)
(24.544 1.38052 -1.06903e-18)
(25.5656 1.81707 2.8408e-20)
(25.0877 1.63649 -3.07231e-20)
(23.3669 -1.70545 6.31241e-19)
(31.571 1.80652 -4.13128e-18)
(20.9764 -1.65776 0)
(22.4437 -2.45938 0)
(25.7311 1.79913 0)
(33.2981 8.57856 4.33695e-18)
(29.5005 -0.894025 -2.54901e-20)
(29.4506 10.3479 -1.17735e-18)
(26.9532 1.5872 0)
(22.3939 -0.679831 -1.5628e-19)
(23.6191 -0.987633 1.06301e-18)
(29.9079 -0.131974 0)
(25.5323 1.90841 7.53459e-19)
(25.9785 1.84635 -8.36791e-19)
(25.9736 1.82484 -8.95284e-19)
(19.5074 -0.396505 -9.17599e-19)
(25.3235 1.84522 7.53224e-19)
(25.2661 -0.885576 0)
(23.2968 0.735369 3.47953e-18)
(25.8453 -0.803611 -1.60555e-18)
(27.0395 -1.67257 0)
(27.2995 -0.609509 0)
(29.6272 -1.12877 -1.33663e-18)
(25.7123 1.74871 -1.15634e-18)
(25.5555 -2.53464 0)
(25.6023 -0.854552 2.58495e-18)
(25.1963 1.67515 -7.76373e-20)
(31.6442 1.78594 4.1038e-18)
(26.0304 1.89175 0)
(26.9647 -1.75438 -2.4666e-18)
(23.9251 0.740701 2.31338e-18)
(20.1418 6.95617 2.29602e-18)
(26.8466 1.53022 -5.30359e-19)
(21.8628 0.811796 2.1324e-18)
(22.4451 0.662317 1.5074e-18)
(25.4554 1.76619 7.56204e-22)
(24.657 1.17014 0)
(22.5115 0.0525117 -6.3966e-19)
(18.6937 -2.10678 1.29125e-18)
(25.1503 -1.02796 1.12109e-18)
(29.1709 -0.329386 0)
(29.445 -0.552715 3.03252e-18)
(24.995 1.8956 7.11219e-19)
(25.0932 1.89637 2.18837e-20)
(25.7522 1.94238 0)
(33.816 6.45531 -9.41003e-18)
(25.0562 2.13523 0)
(25.4169 1.75299 9.94016e-19)
(25.6092 1.79688 1.01712e-18)
(29.9095 -0.65208 3.73315e-18)
(25.8384 -2.36958 5.14487e-18)
(26.136 1.9199 6.97939e-19)
(26.1643 1.92991 6.77005e-19)
(34.9727 6.37819 -1.52189e-17)
(26.0179 -0.832012 1.43898e-18)
(23.9489 0.69958 -1.99753e-18)
(23.3448 -0.789068 -5.13789e-19)
(23.0086 1.12122 0)
(24.7524 1.91492 6.66805e-19)
(25.8946 1.95328 -2.25898e-20)
(25.5196 2.07388 1.22029e-18)
(24.8795 1.53396 -3.15591e-20)
(26.1351 1.7024 -2.8455e-20)
(25.1833 2.13012 1.58207e-21)
(24.0209 -2.31578 -1.28127e-18)
(25.7734 1.13862 0)
(27.4282 -1.93688 1.57804e-20)
(24.1163 -1.33304 -8.47655e-19)
(24.3237 -1.48258 -1.97181e-18)
(34.5292 4.57679 -1.58191e-19)
(19.7576 5.49249 4.60227e-19)
(27.1386 10.82 2.69878e-18)
(32.3527 7.51111 -1.5568e-18)
(24.1163 0.854154 -4.43943e-19)
(23.8776 1.00653 3.65329e-19)
(23.4522 -1.56214 0)
(20.6123 -1.04705 6.97331e-19)
(20.184 7.17475 -3.56634e-18)
(28.3955 9.40347 1.2372e-18)
(21.1019 1.91242 -4.76816e-19)
(23.5359 -1.18431 0)
(26.271 -1.16026 -4.00648e-19)
(22.597 9.34212 -3.12093e-19)
(33.7215 7.02484 -1.15233e-18)
(29.8037 -0.0192906 0)
(25.3932 1.73454 0)
(26.4828 9.43338 8.08367e-19)
(24.8085 1.48648 4.51754e-21)
(27.8338 -0.580262 -1.95638e-18)
(30.7326 0.582344 0)
(27.4696 -1.57052 -2.56463e-18)
(23.9164 -0.710452 8.41676e-19)
(25.8253 -1.37021 1.52661e-18)
(26.1215 -1.23404 -1.57677e-18)
(22.6525 -1.82229 3.26362e-20)
(24.1633 1.068 -1.25643e-18)
(24.6616 1.28442 -1.2771e-18)
(29.3427 0.548122 2.12741e-18)
(29.6767 0.66586 0)
(30.4072 11.994 1.68783e-18)
(33.5573 3.69877 1.11977e-17)
(27.0053 -0.547245 8.49951e-19)
(32.6702 3.3215 5.41199e-20)
(27.8317 -0.899729 0)
(25.2671 1.861 0)
(26.0231 1.87484 0)
(24.7632 -2.03798 -1.43073e-18)
(25.213 -0.716208 -2.09622e-18)
(25.0155 1.7264 -8.20251e-19)
(30.4681 0.662565 5.75139e-18)
(23.8379 0.728811 -1.84929e-18)
(25.0509 1.79323 2.31928e-20)
(29.4177 -1.23607 -5.64658e-18)
(22.4169 -1.32479 1.34201e-19)
(24.8934 1.92068 0)
(33.0357 5.34078 4.79253e-18)
(29.7303 8.5853 -2.15515e-18)
(30.362 8.05585 -1.07776e-18)
(34.1987 5.5994 6.82456e-18)
(33.8669 4.04573 5.4642e-18)
(34.3161 4.65139 -1.24472e-17)
(31.8364 0.579532 -5.3083e-18)
(25.3416 1.74256 1.36228e-18)
(19.5063 3.19225 1.91934e-18)
(26.6184 1.81011 0)
(26.7691 1.69895 1.91795e-21)
(25.6356 -1.34787 0)
(22.4044 9.26038 9.98974e-19)
(27.8339 -0.738631 0)
(23.4443 1.22046 -1.26252e-18)
(24.9709 1.94192 0)
(30.3058 11.6924 3.16673e-18)
(22.1138 0.714715 2.06648e-18)
(23.4973 -1.32764 -6.30602e-19)
(30.7615 -0.346026 0)
(22.3415 0.299427 2.33675e-18)
(22.0935 -2.45412 -6.36441e-19)
(24.5674 -2.68619 -2.71492e-18)
(31.4816 0.220066 0)
(28.7162 8.88383 8.50614e-19)
(28.2812 9.332 -3.9336e-19)
(28.5874 -1.38617 0)
(28.7078 -1.07329 -3.00512e-18)
(22.7706 1.45088 0)
(23.0754 1.26952 0)
(20.2061 1.34392 -6.9101e-19)
(25.5699 1.8007 0)
(20.8592 2.18603 -2.08473e-18)
(34.8615 6.03237 8.84395e-19)
(30.6994 0.820942 -7.4774e-19)
(25.9265 -2.46672 -4.46308e-18)
(25.7084 -2.49828 7.63938e-19)
(31.3239 10.4808 3.38136e-18)
(33.601 3.57344 -1.1665e-17)
(29.6696 -0.945099 3.00913e-18)
(28.0494 -1.70239 -3.42904e-18)
(24.3508 1.12889 1.03887e-18)
(34.007 4.99014 5.28754e-18)
(24.1658 0.844577 4.61742e-19)
(21.8089 -0.394857 -1.13767e-19)
(25.3429 2.02108 1.26798e-18)
(33.856 7.71856 -1.21088e-18)
(25.2684 1.70908 1.00935e-18)
(25.5568 1.78432 1.02476e-18)
(27.3606 -2.05933 -1.69656e-20)
(24.8805 1.50467 0)
(33.6444 12.4315 6.56862e-18)
(29.8235 0.702293 4.70001e-18)
(29.8076 10.2411 0)
(21.3892 -2.56235 -6.33454e-19)
(26.4039 1.77082 0)
(24.8157 1.4574 -3.42398e-20)
(25.6013 1.76338 0)
(24.7552 1.44984 -3.31355e-20)
(19.8689 3.06445 -5.53327e-20)
(32.6717 10.035 4.20163e-18)
(20.0117 0.861803 -2.31822e-18)
(30.2829 9.25643 1.19886e-18)
(23.1441 0.843622 2.07186e-18)
(22.5936 12.8462 1.13832e-19)
(24.3989 -1.01804 6.7224e-19)
(29.3154 -0.519904 -2.8769e-18)
(29.5752 -0.427555 3.01804e-18)
(25.9953 1.8624 8.13142e-19)
(24.2836 1.38035 0)
(23.7441 1.4986 3.28956e-20)
(33.1782 4.4777 0)
(33.9587 6.37215 3.63099e-18)
(32.3513 8.67523 -3.54983e-18)
(25.816 1.14367 -1.03034e-20)
(29.9416 10.0788 -1.28819e-18)
(29.9418 8.97048 3.44427e-18)
(25.7472 1.71793 0)
(34.3412 6.70187 0)
(32.8567 2.05679 0)
(24.1755 0.726634 -2.44275e-18)
(32.0695 1.19489 1.12141e-18)
(21.7394 1.20224 1.46017e-18)
(26.8835 -1.91326 5.23791e-18)
(26.4598 1.86352 3.83937e-20)
(26.9945 -0.937159 1.78732e-18)
(28.9189 -0.713315 3.43393e-18)
(31.8341 2.40292 3.98282e-18)
(24.6952 1.58678 0)
(24.7761 1.5866 -2.79934e-20)
(23.8355 1.06474 1.7286e-18)
(24.5003 1.45716 9.84766e-19)
(32.4406 5.74859 0)
(31.853 5.11957 0)
(31.7988 4.65942 -6.88327e-19)
(32.3968 11.218 0)
(30.4759 9.57702 -2.70159e-18)
(27.4244 -2.04535 -3.68986e-18)
(27.9722 -1.71866 0)
(28.2377 -0.454059 -2.61293e-18)
(22.66 0.838212 0)
(24.3703 1.02461 1.12277e-20)
(20.059 0.433402 0)
(33.9667 5.62998 1.24927e-18)
(26.3119 1.87033 -4.25349e-20)
(29.8156 -1.02506 -5.17315e-18)
(29.6322 -0.704093 3.48385e-18)
(29.402 -0.491071 -2.92995e-18)
(30.0311 -0.455834 3.58929e-18)
(24.5884 1.47924 0)
(24.0152 1.42435 -1.04696e-18)
(23.8509 1.46471 3.26633e-20)
(33.2494 3.39049 -4.64108e-18)
(33.7968 5.04221 -4.79774e-18)
(27.5836 -1.91243 3.34921e-18)
(25.5239 1.76876 0)
(27.8058 -1.92846 1.19277e-18)
(33.833 5.37978 -3.65375e-18)
(24.3252 1.24404 0)
(20.305 6.81927 -1.74614e-18)
(32.18 1.52051 -3.1732e-18)
(21.518 -0.121345 0)
(24.9631 -1.39766 -8.84004e-19)
(24.5258 1.8465 -6.92114e-19)
(24.8977 1.89334 -6.84186e-19)
(25.2812 1.89102 7.25739e-19)
(25.2774 1.93989 -6.88698e-19)
(25.5522 1.91439 0)
(23.4139 -1.28625 -1.13195e-18)
(32.6714 11.1531 -4.57652e-18)
(21.8164 12.5196 -4.57322e-19)
(30.8641 -0.232579 0)
(24.9935 1.76016 -7.61235e-19)
(24.1125 1.61276 -9.38533e-19)
(33.4842 2.60868 -6.23851e-18)
(33.3766 9.91988 -5.95549e-18)
(24.9133 1.5277 1.01691e-18)
(24.5763 1.82759 0)
(25.0678 1.6365 3.01176e-20)
(19.3084 3.27175 -3.4095e-18)
(30.9116 9.90634 -1.50412e-18)
(26.2435 -2.14864 0)
(32.0814 0.874414 -5.27713e-18)
(28.8475 -0.183225 2.35131e-18)
(24.4123 -1.2624 9.37385e-19)
(24.8353 -1.28829 2.81515e-19)
(30.1729 -0.160148 -8.31916e-19)
(25.4375 2.10174 5.77727e-19)
(33.2545 5.19063 -3.00739e-18)
(19.0731 7.51824 -4.80528e-21)
(26.1121 1.56383 1.02912e-18)
(26.107 1.51143 0)
(28.8963 -1.45124 4.2384e-18)
(29.5301 0.44002 2.40515e-18)
(20.22 0.560398 3.14468e-18)
(24.3807 1.21803 1.24358e-18)
(19.8209 -0.0337312 7.25676e-19)
(24.3498 1.62142 0)
(26.2988 1.89467 0)
(22.6801 -1.24385 -2.30373e-19)
(25.2424 1.69739 1.31187e-18)
(26.7979 1.72708 1.57558e-21)
(22.5064 -0.70788 2.04297e-19)
(22.7473 -0.74294 -1.87218e-20)
(26.8467 -1.026 0)
(27.5049 -1.00573 2.10749e-18)
(28.1085 -0.868906 1.37296e-20)
(24.2357 -0.487415 0)
(28.8755 -0.646452 6.5695e-19)
(29.1358 -0.731083 -5.92972e-18)
(31.8391 2.03078 8.5167e-19)
(26.031 1.76395 9.06008e-19)
(23.1712 -2.18158 7.79382e-19)
(25.4763 1.07141 -1.29482e-18)
(34.1855 9.42238 -1.42402e-18)
(29.402 -1.20933 0)
(20.8513 2.61883 -5.01116e-19)
(25.7958 1.80759 -9.73015e-19)
(32.6955 1.38363 -5.41064e-18)
(25.1011 2.02481 -6.16869e-19)
(23.9116 1.26994 0)
(22.1113 12.9174 0)
(24.5661 1.44252 9.75971e-19)
(23.8127 1.42646 -1.12061e-18)
(22.364 0.397211 -2.80479e-18)
(25.4564 -2.42724 0)
(26.6813 -2.071 -2.6898e-18)
(23.5451 0.559431 0)
(19.8031 4.96631 2.76122e-19)
(28.2341 9.78118 -1.53551e-18)
(30.0486 0.909538 0)
(25.8045 -2.49374 0)
(25.0945 -1.09892 2.79324e-19)
(22.2176 8.96306 7.88657e-19)
(31.0753 0.570333 0)
(25.7865 1.91628 0)
(25.9215 1.93757 1.46098e-18)
(24.5862 1.38137 0)
(25.133 1.63505 1.04843e-18)
(24.7461 1.33511 -3.99125e-20)
(31.005 1.04762 3.23867e-18)
(31.5638 0.245316 -7.19159e-18)
(24.1757 -2.72314 -6.58588e-19)
(24.9068 1.41208 0)
(21.9841 -0.511102 0)
(22.2821 -0.648127 -7.64779e-20)
(22.9476 -0.798667 3.97126e-19)
(25.5563 -1.17343 2.64941e-18)
(27.1307 -1.01838 -1.90424e-18)
(27.2682 -1.09708 -2.02467e-18)
(23.2987 -0.53509 1.16772e-19)
(29.9467 -0.495728 -3.53153e-18)
(30.5558 -0.0248511 0)
(30.8014 -0.0217599 -4.06406e-18)
(32.0468 2.19124 -8.83018e-19)
(32.1935 2.27328 -2.79932e-18)
(32.3423 2.36062 0)
(25.6827 1.96481 7.08198e-19)
(24.9034 1.60023 9.21218e-19)
(31.6983 2.58669 -2.98044e-18)
(18.5107 6.51333 -1.96601e-18)
(20.9086 -1.37146 0)
(24.6485 -2.19538 1.50277e-18)
(24.2574 1.05948 -1.83394e-18)
(25.8002 2.07874 -5.97144e-19)
(26.3051 1.73967 1.58326e-18)
(25.7844 1.86225 -2.74637e-20)
(30.686 0.723759 -7.56617e-19)
(31.7543 0.409536 0)
(24.3266 0.986631 -1.6203e-18)
(24.3904 0.995253 3.28436e-18)
(24.1913 -1.608 -9.44863e-19)
(25.0941 1.77074 8.19436e-19)
(29.6071 0.0659416 2.41877e-18)
(30.4206 -0.389367 -1.03498e-18)
(23.639 1.25334 -1.18008e-18)
(24.0874 -2.71031 2.24121e-18)
(24.1883 0.865916 -4.57071e-19)
(23.2473 0.827676 -1.64981e-18)
(25.502 -1.24753 -1.35748e-18)
(25.9305 -1.21679 -1.5135e-18)
(24.6953 1.56292 -9.33196e-19)
(25.8608 1.67773 0)
(25.5065 1.79961 -2.8753e-20)
(25.1855 1.66223 -3.22892e-20)
(24.2813 1.07679 -1.07799e-18)
(25.7217 1.65162 -1.23176e-18)
(24.2566 1.58559 -2.79925e-20)
(26.2649 1.88343 0)
(32.6897 3.63723 4.61809e-18)
(26.9339 -1.18626 -4.3793e-18)
(23.31 1.18522 -2.79332e-18)
(24.8737 1.93723 0)
(24.8836 1.58833 0)
(33.247 7.47542 -4.75693e-19)
(33.7375 7.55891 -4.62503e-18)
(34.2134 5.78832 -6.81506e-18)
(25.9752 1.70802 -3.15656e-20)
(25.6637 1.11507 0)
(24.1977 1.0545 -3.60806e-19)
(24.2727 1.10688 -8.51917e-21)
(22.7612 0.726805 -1.83611e-18)
(30.6877 -0.347407 -1.15984e-18)
(22.5204 0.258409 2.93719e-18)
(26.0662 1.96761 6.45662e-19)
(25.7039 1.79997 0)
(24.8771 1.69197 -7.98833e-19)
(23.3656 0.348863 -2.26656e-18)
(22.6496 -0.231129 3.15138e-18)
(24.684 1.42166 -1.0298e-18)
(24.3755 1.24557 0)
(26.4866 1.85643 -3.95255e-20)
(25.4091 -1.23359 0)
(25.9818 -1.13951 3.04936e-21)
(20.6757 4.84279 0)
(24.4073 1.38434 0)
(23.8812 1.4722 -3.27188e-20)
(23.8442 1.43424 1.10271e-18)
(33.4457 4.86705 -4.34082e-18)
(33.4751 5.17353 -8.66567e-18)
(33.2573 5.33853 -5.04744e-18)
(32.168 5.50463 2.67846e-18)
(31.7939 4.75565 6.85372e-19)
(19.1387 7.83437 -2.21508e-18)
(21.5987 -1.81874 0)
(24.4062 1.48975 2.97051e-20)
(22.0386 12.1094 2.78722e-19)
(21.8148 1.26631 -1.49525e-20)
(23.1286 0.656658 -1.37334e-18)
(29.781 -0.988458 -1.15274e-18)
(27.8776 -1.85151 8.87844e-19)
(28.1922 -0.39095 -2.12422e-18)
(34.1166 3.65606 0)
(34.5402 4.76162 -7.35664e-18)
(15.2883 -0.0884194 -2.36544e-20)
(23.8602 0.682835 0)
(31.0224 8.37986 -2.73257e-18)
(34.9824 6.19457 -1.7704e-19)
(22.6289 -0.12044 -2.89829e-18)
(34.0092 7.08977 5.05357e-18)
(19.7102 4.79632 -2.59269e-18)
(14.2453 -0.38214 7.58213e-19)
(23.6821 1.26501 -2.46539e-18)
(21.2566 -0.787603 0)
(26.8913 1.55406 0)
(22.3434 -0.703727 1.27254e-19)
(24.2522 -1.05509 0)
(24.3775 -1.17188 -1.13723e-18)
(22.3516 1.98878 3.59272e-19)
(22.5723 1.37103 1.54288e-18)
(31.4001 0.832594 -9.44087e-19)
(31.6645 1.37501 0)
(33.1081 2.89359 4.75199e-18)
(25.6887 2.00276 2.08438e-20)
(24.4775 1.41978 -3.20246e-20)
(24.4308 1.4224 9.78296e-19)
(24.0439 1.43335 0)
(32.7081 5.3928 -6.158e-20)
(32.56 5.70574 0)
(31.6367 2.75386 7.24964e-19)
(25.9055 1.23507 1.16107e-18)
(19.8486 0.519939 -3.40818e-18)
(20.2969 2.67492 6.18891e-19)
(24.8795 1.44393 0)
(20.4927 4.71415 4.59589e-19)
(22.9989 1.21529 -1.44831e-18)
(23.083 1.18114 0)
(29.9604 -0.340744 0)
(23.5757 1.06425 -1.7548e-18)
(23.7632 1.10903 1.51199e-18)
(24.6524 1.51509 2.94625e-20)
(24.6079 1.4424 0)
(24.4067 1.46359 -3.06808e-20)
(23.9352 1.45803 1.03427e-18)
(32.2103 8.82864 0)
(31.7156 2.75456 2.90406e-18)
(32.1365 4.98876 0)
(24.038 1.06183 1.05043e-18)
(25.8549 1.19143 1.15151e-18)
(29.8038 -0.631501 0)
(26.3533 -2.22507 2.74603e-18)
(24.6938 1.31335 0)
(24.7395 1.35467 -3.82078e-20)
(24.7623 1.72515 1.5737e-18)
(26.3533 1.30533 0)
(35.0554 7.14983 -7.60129e-18)
(26.3986 9.11818 1.66498e-18)
(20.3708 -2.33869 4.22532e-20)
(23.4828 0.266079 -3.20975e-19)
(22.4192 0.949686 1.36388e-18)
(24.7454 1.18014 1.60418e-18)
(23.153 0.901574 1.62005e-18)
(26.0689 -1.31282 0)
(27.6909 -0.992684 0)
(25.042 1.92482 1.32413e-18)
(24.3086 1.39195 0)
(24.2579 1.39751 0)
(24.0981 1.4228 -1.06405e-18)
(22.7103 -1.72723 3.04135e-20)
(20.9227 -1.46849 -4.32157e-19)
(29.1798 -1.30052 0)
(26.2801 -2.22562 -9.17198e-21)
(22.5458 8.45427 0)
(30.0069 0.829997 -1.20006e-18)
(18.781 5.62604 -3.29081e-18)
(21.2406 1.30089 -2.18183e-18)
(33.0444 2.77451 4.70851e-18)
(20.193 2.26219 3.01472e-18)
(24.6951 1.9028 -2.10324e-20)
(24.4098 1.33072 1.41662e-19)
(24.1519 1.41343 0)
(23.9827 1.38501 -1.11451e-18)
(23.7237 1.52312 -3.30789e-20)
(21.8226 0.909635 5.26129e-19)
(31.5209 2.82688 4.88652e-18)
(31.9686 4.66383 0)
(18.465 6.84739 2.6358e-18)
(23.5771 1.58753 0)
(23.4872 1.63942 -1.05496e-18)
(23.4461 1.66935 0)
(34.5563 5.82675 1.55117e-18)
(25.1149 -2.11337 -1.71009e-18)
(26.0981 1.3139 -1.07518e-18)
(30.0191 9.11247 -2.33414e-18)
(25.6232 1.83262 -9.28085e-19)
(30.8605 -0.348469 -5.60013e-18)
(24.6878 1.27827 2.65182e-18)
(25.0084 1.54451 -1.17972e-18)
(25.0335 1.55664 0)
(24.754 1.36773 -1.17314e-18)
(31.0454 -0.221357 0)
(30.9828 0.857957 8.16627e-19)
(30.9326 0.991685 0)
(31.0086 1.15182 2.81194e-18)
(30.3293 0.659467 -6.92606e-19)
(24.3557 1.54658 8.83611e-19)
(24.3289 1.58753 9.1675e-19)
(32.5661 1.27806 6.08648e-18)
(19.8279 0.756071 4.11372e-18)
(33.3731 2.311 0)
(25.7751 -1.69787 0)
(22.9497 13.169 -1.14949e-19)
(34.5839 7.17471 6.07018e-18)
(23.8497 1.28173 0)
(33.5903 2.89114 4.50751e-18)
(33.7488 11.9607 0)
(26.3758 1.94644 -5.70211e-19)
(24.4334 -1.10692 0)
(25.003 -1.08301 -2.77499e-19)
(27.0879 -0.937686 0)
(27.6277 -1.24052 4.7257e-18)
(29.0523 -0.599582 0)
(20.5314 2.02285 1.74532e-18)
(25.5755 1.7886 0)
(25.0893 -1.50568 1.28442e-18)
(29.8364 -0.750624 0)
(29.3802 -1.1716 1.06451e-18)
(28.6666 9.54112 8.85939e-19)
(22.7319 0.850897 0)
(22.7384 12.4078 0)
(24.6402 1.15322 0)
(24.2805 1.59442 9.16789e-19)
(24.1843 1.61087 0)
(23.8813 1.69695 2.89947e-20)
(22.5392 0.888934 1.80489e-18)
(33.6975 5.14537 4.69374e-18)
(32.4125 8.3339 3.59164e-18)
(34.1618 4.74606 4.30675e-18)
(22.4675 -2.01552 -7.38467e-19)
(34.306 9.66941 -1.47712e-18)
(29.4423 9.19953 2.10621e-18)
(24.0035 1.65324 8.94748e-19)
(21.0681 -0.448766 0)
(24.037 0.780873 0)
(27.7262 10.9006 8.43164e-19)
(24.7894 1.18942 1.46014e-18)
(22.3592 2.0511 1.41689e-18)
(22.6873 1.56215 -7.44655e-19)
(22.9162 1.25579 0)
(22.8298 1.20162 0)
(20.6536 5.09908 -2.67931e-18)
(20.6591 5.35244 1.71463e-18)
(23.1262 1.27598 0)
(23.1668 1.15109 -1.43256e-18)
(23.2504 1.1264 -1.42735e-18)
(23.3339 1.10559 -3.29804e-21)
(24.5327 1.87244 0)
(25.3801 1.95923 2.13387e-20)
(24.178 1.39496 1.04701e-18)
(23.7011 1.46161 1.09351e-18)
(23.5923 1.56122 0)
(23.5447 1.58478 0)
(23.4542 1.63992 0)
(22.0885 -1.61546 0)
(19.6815 10.5443 1.53097e-18)
(30.7503 9.38895 -1.40024e-18)
(31.6659 0.372838 -3.9818e-18)
(32.6391 1.41606 -5.81904e-18)
(34.954 7.03592 6.99742e-18)
(25.0924 1.79276 7.53289e-19)
(20.2992 3.06818 -2.32773e-19)
(26.6054 9.12099 2.0788e-19)
(28.7805 8.66288 7.84674e-19)
(21.7882 -0.178687 3.77612e-18)
(23.7109 1.23894 1.27725e-18)
(32.2566 1.61104 -1.07677e-18)
(29.245 9.02872 0)
(24.1633 -1.02793 -7.91391e-19)
(27.0982 -0.774823 -4.29468e-19)
(27.2161 -1.18062 5.01794e-19)
(27.4117 -1.01017 -2.03734e-18)
(24.6672 1.88361 -7.07176e-19)
(25.1935 1.92467 7.1103e-19)
(23.8446 0.987024 -3.6594e-19)
(33.4443 3.93041 0)
(34.3372 5.87265 1.12643e-17)
(34.041 7.65964 0)
(25.5844 2.08449 0)
(31.2485 11.2074 -3.61803e-18)
(22.5293 0.676953 4.94012e-19)
(34.5568 8.3387 -5.96503e-18)
(20.4432 -0.558315 -1.82924e-19)
(24.8374 1.48962 3.76299e-20)
(30.9401 -0.226759 -3.78966e-18)
(28.1744 -1.17754 0)
(26.925 -2.18038 6.65318e-18)
(25.8064 -1.53452 1.60588e-18)
(24.234 -1.45404 -9.24014e-19)
(32.1046 0.835177 1.1185e-17)
(24.0364 1.59134 5.76163e-22)
(30.8811 7.89307 -6.02614e-19)
(22.6766 8.53676 0)
(20.8354 0.673331 -2.71409e-18)
(21.4217 7.97094 -5.88982e-19)
(23.4963 1.07514 0)
(30.2872 -0.325599 9.30424e-19)
(23.6529 1.05636 1.39634e-18)
(25.9387 1.89017 0)
(24.2317 1.38646 1.0323e-18)
(24.5663 1.34415 -1.1281e-18)
(23.7337 1.46801 1.07575e-18)
(23.6879 1.57222 -3.21694e-20)
(21.5594 1.16584 -5.08589e-19)
(23.4778 1.58251 0)
(30.8163 10.1064 -3.03982e-18)
(15.1956 0.2788 0)
(29.5407 9.07867 -2.09655e-18)
(24.5455 1.21764 -1.35331e-18)
(30.2319 0.520083 2.42503e-20)
(25.0077 1.79325 -2.37341e-20)
(24.327 1.61227 -8.75545e-19)
(29.8954 0.72278 -2.41073e-18)
(23.9654 0.833485 1.29104e-18)
(26.5013 9.06659 5.7449e-19)
(25.6659 1.44953 0)
(25.1214 -2.59853 0)
(24.9274 -1.30863 8.78847e-19)
(25.223 -1.20316 0)
(29.5295 -0.367356 3.64038e-18)
(23.7638 1.06916 -6.4346e-21)
(32.6449 2.55304 -3.09496e-18)
(24.6298 1.59999 -2.73085e-20)
(33.2911 3.27213 4.79353e-18)
(33.917 4.2021 -5.50016e-18)
(31.5439 2.34671 -3.00103e-18)
(31.4841 2.896 -2.60403e-18)
(25.1052 1.65783 9.80465e-19)
(19.7896 2.7567 -6.36169e-19)
(20.0198 7.33761 2.27775e-18)
(22.796 0.0805431 -2.54611e-18)
(32.0323 1.45822 1.03054e-18)
(23.4885 0.934231 0)
(32.2637 6.03096 -2.70967e-18)
(22.8708 -0.753683 3.63912e-19)
(22.8436 -0.654536 -3.18541e-19)
(25.1307 -1.18648 0)
(22.8897 1.30291 0)
(22.9707 1.25937 2.88005e-18)
(20.6919 5.60637 -2.58176e-18)
(23.0518 1.22256 0)
(23.1345 1.18975 0)
(23.2022 1.24318 -1.36476e-18)
(23.2159 1.16233 1.3941e-18)
(23.4083 1.25133 1.26693e-18)
(21.3424 1.36359 2.61813e-18)
(20.9105 1.49906 3.96143e-18)
(20.665 1.52797 -2.37282e-18)
(31.4611 0.794749 9.89155e-19)
(33.2476 3.63455 -1.11571e-18)
(33.4251 4.71862 0)
(33.4533 6.1429 4.2088e-18)
(29.2536 11.9417 1.32441e-18)
(30.4954 11.4579 3.23895e-18)
(32.5805 5.57642 0)
(32.2336 5.70036 3.89875e-19)
(31.9714 5.45495 3.00605e-18)
(32.0202 5.24919 -3.61574e-19)
(21.7178 0.926283 1.59793e-18)
(23.9684 1.09653 1.40625e-18)
(24.0082 1.04496 -1.08993e-18)
(30.2698 9.92747 0)
(25.5844 1.79698 -1.021e-18)
(27.1507 -0.695511 0)
(28.8938 -1.4846 4.37242e-18)
(29.3837 8.68364 -5.50977e-21)
(32.7621 1.81829 -5.14876e-18)
(23.3121 0.306825 -2.28179e-18)
(35.1726 9.31481 1.0155e-18)
(22.5453 -0.288344 -3.27326e-18)
(19.4542 5.74535 0)
(19.0519 5.59142 2.47197e-18)
(19.8237 5.85131 -2.02956e-18)
(32.2492 10.1071 0)
(28.3639 10.4527 0)
(23.8163 1.27112 -2.4932e-21)
(19.9684 2.72298 -6.08486e-19)
(31.6994 0.588182 -1.18995e-18)
(24.4705 1.59693 -8.73474e-19)
(28.0312 11.4687 9.18218e-19)
(21.3621 1.132 0)
(32.2788 2.26431 3.7654e-18)
(26.6748 12.2072 0)
(24.8512 1.53191 3.10794e-20)
(31.9755 8.58566 -8.27778e-19)
(17.5397 3.57164 3.72689e-18)
(29.5171 8.69346 0)
(25.8354 2.07652 0)
(34.0017 3.93616 -1.18066e-17)
(27.2344 -1.42458 0)
(31.2146 9.63836 -1.49189e-18)
(30.2706 0.699679 0)
(24.3575 1.49479 -9.24651e-19)
(21.8011 1.3598 -4.22015e-18)
(24.9477 1.51585 1.13158e-18)
(32.3962 1.28064 -1.30665e-18)
(32.2882 0.963624 0)
(32.9236 1.68072 1.55268e-18)
(33.5948 9.21623 0)
(25.1077 1.73681 -2.61073e-20)
(34.6562 5.0032 6.03637e-19)
(19.8119 3.79375 -5.84885e-19)
(21.2747 2.86093 -1.74781e-18)
(19.989 4.96221 0)
(30.4394 8.92389 -8.78892e-18)
(26.4553 1.89956 -5.14757e-19)
(23.5643 -1.04123 -6.19936e-19)
(26.8384 12.4935 -7.99997e-19)
(24.2575 1.42602 0)
(24.2321 1.35701 -3.44527e-21)
(24.153 1.44185 3.14076e-20)
(24.0737 1.04649 3.65156e-19)
(24.0539 0.994326 -1.50426e-18)
(30.192 9.41553 0)
(29.612 9.67987 2.2887e-18)
(29.4342 9.64459 0)
(22.0803 7.07938 0)
(20.4497 2.65547 4.35877e-20)
(25.9833 2.02253 0)
(25.8152 1.72294 1.13716e-18)
(24.9048 1.45099 1.21496e-18)
(24.8994 1.42519 2.04628e-20)
(20.0144 1.07382 3.74174e-18)
(32.7284 7.28724 -1.90854e-18)
(24.0617 1.23107 0)
(21.713 1.39424 -1.43404e-18)
(21.4441 1.31584 -5.03423e-19)
(20.8004 1.5791 6.06033e-19)
(20.9527 1.75682 -2.69392e-18)
(30.5969 0.0785471 9.00999e-19)
(32.6033 2.33564 0)
(25.5334 1.94676 -7.11662e-19)
(24.6321 1.52747 0)
(24.8106 1.56357 -9.61077e-19)
(24.544 1.40542 3.2487e-20)
(24.407 1.41088 1.05998e-18)
(23.7971 1.48092 0)
(21.858 1.08142 -1.96004e-18)
(31.9172 11.6809 -2.17875e-18)
(21.5033 -1.65512 2.19501e-19)
(26.0061 1.37491 0)
(34.3438 4.50062 1.3127e-17)
(25.2404 1.68851 1.04418e-18)
(20.6493 2.2812 -5.82912e-19)
(20.5101 2.52553 4.21716e-20)
(29.3964 0.622191 -2.11445e-18)
(25.7456 1.79707 1.05018e-18)
(23.784 0.74606 4.37198e-19)
(25.7382 1.82414 9.73675e-19)
(34.0676 6.6795 5.01188e-18)
(17.3071 0.582744 1.40218e-18)
(29.218 -1.29414 -3.614e-20)
(19.7432 6.29189 0)
(23.9413 1.24838 7.45938e-20)
(20.1928 0.768779 -8.09258e-19)
(29.8782 10.4514 0)
(23.1019 -0.887939 -1.12597e-19)
(24.0182 -0.823759 7.47856e-21)
(24.0679 -0.678857 7.08657e-19)
(25.3546 -1.30676 1.32609e-18)
(26.0757 -1.14807 3.07039e-18)
(26.5436 -1.34372 -2.29603e-18)
(26.7942 -0.937018 0)
(20.598 5.48493 -1.82924e-18)
(20.6441 5.74398 3.48711e-18)
(22.6331 9.54701 2.95923e-20)
(27.6414 -1.0778 -2.23797e-18)
(24.1462 -0.539262 0)
(29.8326 -0.321822 3.13509e-18)
(31.6527 1.68572 8.44026e-19)
(32.5812 2.44859 -1.03761e-18)
(20.0208 2.26067 2.55086e-18)
(25.527 1.96544 6.94262e-19)
(18.4422 3.14492 9.59836e-20)
(33.301 3.5208 -4.70639e-18)
(33.2696 4.00777 -5.38863e-18)
(33.231 4.245 -8.42412e-18)
(33.3722 4.42611 -3.23767e-18)
(33.5138 4.6188 -5.67343e-18)
(33.4835 5.3286 4.29314e-18)
(33.37 5.56713 7.30115e-18)
(33.2396 5.79485 -3.97439e-18)
(33.3267 6.82146 0)
(33.2058 8.01634 0)
(34.0981 5.89736 -1.29426e-18)
(32.9233 5.40811 0)
(32.0293 5.1408 3.75163e-19)
(17.5586 3.96421 0)
(18.1865 8.26184 0)
(23.5393 -2.11618 -8.90812e-19)
(25.3037 2.1161 -1.78023e-20)
(24.9885 2.12857 3.51977e-20)
(25.5289 1.7821 -3.12609e-20)
(23.0007 0.456016 -2.06665e-18)
(24.5905 1.30968 -3.73914e-20)
(26.6221 -2.30482 -3.69705e-18)
(28.8649 9.05805 3.56498e-18)
(23.6719 0.659752 1.90492e-18)
(19.6287 0.873031 -4.20013e-18)
(34.7235 7.05619 -1.26849e-17)
(34.6066 4.82004 -1.61067e-17)
(35.0277 6.25942 8.50353e-18)
(29.4951 -1.18499 -5.83443e-18)
(33.5459 9.68847 -3.81653e-18)
(34.4702 6.82001 -7.28385e-18)
(24.8909 1.80256 -7.64187e-19)
(22.497 0.952977 -1.3186e-18)
(27.0249 10.6497 -1.94377e-18)
(24.8126 1.43764 -3.56546e-20)
(34.1529 5.22645 -1.35782e-18)
(19.0425 1.36692 3.4424e-18)
(21.2492 1.17654 2.22416e-18)
(21.8005 0.72439 -2.74416e-18)
(19.5622 8.21458 1.48536e-18)
(30.0133 8.5784 -2.22673e-18)
(19.283 7.0395 2.74832e-18)
(32.7456 1.49001 6.15892e-18)
(32.8587 5.97043 -7.25864e-18)
(30.7166 9.04226 -2.58456e-18)
(22.0779 0.0195586 6.89109e-19)
(22.0497 -0.244054 7.64141e-19)
(22.044 -0.382517 3.37366e-18)
(24.4007 -1.84946 0)
(26.8913 1.57974 -6.30624e-19)
(22.4185 -0.576938 2.08681e-19)
(23.2098 -0.797809 3.70315e-19)
(24.1416 -1.1804 8.14589e-19)
(26.4866 -1.42391 1.89316e-18)
(22.5748 1.64715 1.39286e-18)
(22.6277 1.57003 1.57208e-18)
(22.7044 1.51366 0)
(22.9998 1.30909 -1.30744e-21)
(23.0631 1.13088 1.46594e-18)
(23.154 1.23702 0)
(29.7867 -0.264493 -7.81908e-19)
(29.9173 -0.284113 3.20992e-18)
(21.3424 1.47873 -2.58301e-18)
(30.3431 -0.0692514 8.66037e-19)
(30.6808 0.130378 2.75874e-18)
(30.7267 0.0808862 -2.78508e-18)
(30.966 0.404394 2.75501e-18)
(30.8287 0.392119 -8.81965e-19)
(31.1567 0.632608 0)
(31.0354 0.716405 4.26416e-18)
(31.7356 1.55949 3.56616e-18)
(31.8111 1.53555 2.77941e-18)
(31.8835 1.61739 9.28188e-19)
(31.8812 2.21383 -4.07324e-20)
(32.131 2.18074 -9.18585e-19)
(32.2327 2.06208 -9.73547e-19)
(32.43 2.35266 3.99821e-18)
(32.4933 2.45273 3.9804e-18)
(24.4544 1.40799 -1.00179e-18)
(29.4977 11.7565 1.38756e-18)
(30.007 11.6373 -1.46236e-18)
(30.9542 11.225 -1.67723e-18)
(31.4624 2.36583 1.33041e-18)
(30.9418 10.3054 1.55572e-18)
(24.2395 -2.27984 -1.36823e-18)
(25.2914 -2.14387 0)
(26.1464 1.4487 0)
(26.1463 1.4013 1.06456e-18)
(30.5628 9.40824 1.37403e-18)
(29.4854 8.93807 2.06731e-18)
(31.6221 7.87446 -3.61396e-18)
(24.6316 1.31441 -1.20232e-18)
(30.7638 -0.182641 1.08063e-18)
(28.9181 9.34596 2.8048e-18)
(16.5792 -0.56722 1.7492e-18)
(34.8218 6.44023 0)
(21.8375 16.011 6.45949e-19)
(31.0653 9.48676 0)
(30.5459 0.712979 2.91764e-18)
(21.4253 0.0444257 -2.89695e-18)
(21.2582 2.3311 -2.78778e-20)
(24.4088 1.20693 -1.29639e-18)
(34.0763 5.52315 0)
(28.387 9.12052 -2.35383e-18)
(35.2126 8.97713 -1.03476e-18)
(20.7727 8.03718 -1.49017e-18)
(28.4537 -0.34096 -5.29912e-19)
(19.516 4.77779 1.70981e-18)
(19.3937 4.9525 5.89079e-19)
(32.4051 9.70095 0)
(28.1991 10.3404 1.69413e-18)
(25.1571 2.0247 -6.242e-19)
(18.7024 -1.97709 -7.406e-19)
(32.7593 6.39979 -4.51689e-18)
(33.7556 3.73777 0)
(22.4187 2.07631 -2.44496e-18)
(22.07 8.66134 8.45939e-19)
(22.0292 9.27119 1.20373e-18)
(22.7209 9.03371 -8.61968e-19)
(27.9244 -0.890948 0)
(28.06 -0.955514 -4.76004e-18)
(20.8256 1.71661 2.82257e-18)
(20.647 1.37543 0)
(20.7725 1.14275 -3.10734e-18)
(20.0437 1.9519 1.96936e-18)
(30.9107 0.449003 8.8223e-19)
(31.8773 1.72435 -9.14395e-19)
(31.9841 2.10299 -6.14118e-18)
(24.7133 1.52721 0)
(25.7374 1.97404 -2.19007e-20)
(33.7965 7.35877 4.80028e-18)
(33.1835 7.65921 7.83022e-18)
(33.2008 8.38597 -4.28655e-18)
(32.6787 8.54634 9.46709e-19)
(21.7612 1.10347 0)
(17.2582 4.19747 3.96489e-18)
(30.5808 10.5261 1.52521e-18)
(31.8309 11.1258 6.08642e-18)
(22.4582 0.420677 5.55938e-19)
(22.2111 -1.75741 -1.27743e-19)
(21.7267 -1.64587 1.10095e-19)
(21.4663 -1.56983 0)
(30.1527 10.1005 1.29803e-18)
(34.4253 8.15772 7.28263e-18)
(24.318 -2.30477 -1.4726e-18)
(20.0539 10.799 -1.28825e-18)
(32.5834 12.4991 -1.1711e-19)
(22.8167 0.673991 3.77025e-18)
(22.9485 8.686 5.36111e-19)
(21.8926 0.210135 -6.33605e-19)
(22.4403 8.20602 -1.49353e-18)
(25.9262 2.04275 -1.88423e-20)
(34.2829 4.16531 -8.53661e-18)
(19.9191 7.76527 1.8209e-18)
(21.9016 13.4285 0)
(22.6486 15.6062 -6.83896e-19)
(31.1351 9.86533 3.22923e-18)
(34.42 4.53569 -6.79861e-18)
(23.4654 0.644758 4.67569e-19)
(30.5027 0.847295 7.41693e-19)
(21.2142 2.23254 1.42596e-18)
(35.0774 6.70836 -2.01334e-18)
(24.4712 -2.67427 5.95824e-19)
(16.9487 0.902296 -6.7661e-18)
(22.5169 -0.0596985 -6.91734e-19)
(19.5322 5.5323 2.23925e-18)
(27.7359 -1.54489 0)
(22.1663 1.46509 0)
(16.1359 2.33855 1.22079e-17)
(22.9008 -1.32 0)
(22.1164 0.880113 1.96179e-18)
(24.1188 1.22579 1.22635e-18)
(21.9368 7.91914 -4.88916e-19)
(22.2813 8.26131 0)
(24.7983 1.91719 2.09396e-20)
(24.9421 1.92227 6.90992e-19)
(24.6322 1.55182 2.83251e-20)
(19.3328 2.46464 7.15473e-19)
(18.8804 3.46933 -7.98609e-20)
(31.8742 8.90234 8.12637e-20)
(21.4161 0.549937 3.11107e-18)
(25.4972 2.11228 0)
(18.7493 7.04718 0)
(25.0687 1.60627 -1.01014e-18)
(29.9441 8.70701 2.27845e-18)
(24.704 1.34784 1.24846e-18)
(19.729 14.5875 0)
(29.6308 0.378711 0)
(26.0824 1.9791 -6.2429e-19)
(20.6277 -0.0897973 0)
(21.0583 2.1096 5.00805e-19)
(19.1617 4.30475 -3.21751e-18)
(33.2154 9.42701 4.57939e-18)
(35.0623 7.42056 -1.49036e-17)
(21.1354 2.02507 1.50588e-18)
(29.7789 -1.01438 1.23626e-17)
(22.3407 1.86341 -3.72539e-19)
(22.3955 1.77146 1.47465e-18)
(22.455 1.68537 1.47937e-18)
(22.52 1.60492 -1.4831e-18)
(23.7465 9.86049 -6.24204e-20)
(28.5179 -0.723928 0)
(28.6039 -0.865204 0)
(24.8019 1.88979 7.0441e-19)
(24.7803 1.93385 -6.68655e-19)
(25.3805 1.91224 2.26581e-20)
(17.9031 6.37378 -3.71459e-18)
(18.261 6.27386 2.17921e-18)
(32.1626 10.9983 0)
(19.3673 8.48194 -1.99087e-18)
(25.1439 1.66695 0)
(20.8787 11.1402 8.71045e-19)
(24.1838 1.00418 1.53173e-18)
(29.5726 8.82139 -2.05785e-18)
(31.0253 -0.167645 3.9227e-18)
(34.4043 4.36642 0)
(29.7034 0.605805 0)
(24.3653 1.17423 0)
(34.9427 6.78344 7.03211e-18)
(32.8415 1.92562 0)
(24.0151 1.61024 -8.98795e-19)
(23.9691 1.69209 2.24129e-19)
(33.3536 2.32733 0)
(25.4638 1.82066 -2.66862e-20)
(26.8748 -2.22845 -2.11704e-18)
(19.6129 5.91909 -2.17253e-18)
(22.4241 1.08339 1.73205e-18)
(24.1999 0.80582 1.71451e-18)
(25.568 -2.51753 0)
(24.4394 -2.6677 -5.93639e-19)
(22.6016 -0.641521 0)
(23.2462 -0.665706 6.02941e-19)
(21.6506 8.27104 -1.62121e-18)
(31.7103 1.86532 -8.32457e-19)
(33.5534 7.60473 1.2214e-18)
(32.6448 8.01824 0)
(33.9052 8.10461 -1.1162e-18)
(30.4807 9.92853 -2.80634e-18)
(25.1162 -0.939883 -1.09192e-18)
(35.0009 9.45203 7.26183e-18)
(33.8445 3.17439 0)
(35.0152 10.6865 8.15009e-18)
(33.7808 2.99512 7.92722e-18)
(24.0102 0.754924 0)
(24.0421 0.843489 -1.73188e-18)
(35.2689 9.53064 -9.91323e-18)
(23.4455 0.962986 -1.50762e-18)
(27.3618 -1.09409 2.08627e-18)
(22.734 1.4054 -1.45113e-18)
(22.8107 1.35092 0)
(22.8983 1.39504 0)
(20.958 6.49459 2.5828e-20)
(21.4813 7.12426 0)
(21.8991 7.65703 -5.10417e-19)
(22.3904 9.0602 -6.80847e-19)
(22.2274 9.37892 -3.79496e-19)
(24.5053 10.4528 -1.21176e-19)
(28.2417 -0.610662 2.18403e-18)
(22.9878 1.06787 -3.87105e-19)
(30.0452 -0.300717 0)
(21.3605 1.69645 2.51719e-20)
(20.4798 1.87901 -2.36705e-18)
(31.0484 0.464065 9.24959e-19)
(24.5878 1.45459 3.13303e-20)
(19.4299 2.26654 -3.62807e-18)
(23.9402 1.48727 1.02156e-18)
(33.2932 3.76627 -3.39984e-18)
(33.6555 4.8237 0)
(33.3975 7.12886 8.82482e-20)
(33.4448 7.44637 4.46655e-18)
(33.4795 7.80464 -5.47521e-18)
(28.1983 11.9227 -3.13653e-18)
(32.9094 8.20689 -4.01933e-18)
(32.6046 8.35991 -2.719e-18)
(29.455 11.4693 0)
(32.2904 8.48866 6.95472e-18)
(32.5486 8.71259 -9.3993e-19)
(32.1725 8.14729 3.41182e-18)
(32.8815 5.82836 0)
(32.8193 5.33445 3.97812e-18)
(32.1448 5.61917 3.7878e-19)
(32.1065 5.31938 0)
(33.8585 4.32904 -5.17221e-18)
(34.0855 6.48059 5.15262e-18)
(33.9759 4.82114 -1.04492e-17)
(17.9036 3.05248 -9.11458e-19)
(18.1506 3.90871 1.05503e-17)
(34.1673 7.82104 0)
(17.885 4.10311 -2.51243e-18)
(31.7224 11.4159 -2.06256e-18)
(32.2521 11.5999 -9.5106e-20)
(34.2187 4.61008 1.59208e-18)
(32.459 11.853 2.35941e-18)
(22.3024 0.723263 0)
(22.5875 0.613607 4.91387e-19)
(19.4464 7.92228 0)
(25.7725 1.69006 1.15659e-18)
(18.8391 10.3515 0)
(20.507 11.4525 0)
(30.1793 9.74555 1.27088e-18)
(23.3043 0.6146 1.89551e-18)
(22.4246 0.226333 -5.9279e-19)
(18.6736 5.89483 3.28299e-18)
(20.9079 2.51145 5.03095e-19)
(28.5071 9.18115 0)
(22.6205 11.733 0)
(22.4655 12.0855 -2.73672e-19)
(20.4203 8.25527 1.60101e-18)
(23.4558 0.702006 0)
(31.9945 0.789225 5.19548e-18)
(33.9174 12.6553 -3.44872e-18)
(24.9154 1.46179 1.27547e-18)
(23.7522 0.585992 -2.35783e-18)
(34.0501 3.48688 0)
(17.695 0.690388 0)
(20.3358 2.9307 2.82081e-19)
(33.0932 6.0107 -1.03991e-18)
(28.8766 10.1395 -2.0254e-18)
(24.7895 15.6521 9.59828e-19)
(21.5893 10.0446 -3.96095e-19)
(20.8208 -0.126991 5.33878e-19)
(25.9334 -1.63168 0)
(19.9648 3.52584 -2.32656e-18)
(19.6633 3.31642 -5.91458e-20)
(19.8901 5.64912 1.50262e-18)
(32.4618 10.227 4.15462e-18)
(27.7766 10.6893 0)
(20.1038 6.52406 -3.7652e-18)
(25.2991 1.73462 0)
(22.843 -0.134193 0)
(21.1793 -0.807122 2.65423e-20)
(32.3535 6.12818 -3.36767e-18)
(24.4895 1.08782 1.33758e-18)
(21.4631 -0.104856 0)
(23.5935 -1.13109 0)
(21.1136 6.71576 7.29018e-19)
(21.1357 1.4837 2.71425e-18)
(21.0493 1.67806 2.66082e-18)
(30.4714 -0.0742436 0)
(30.8528 0.0862494 2.96523e-18)
(31.8004 2.22406 -2.46501e-18)
(19.6409 2.25872 3.40473e-18)
(25.8573 1.92197 0)
(33.1979 4.11056 8.37608e-18)
(33.2882 4.52535 3.18786e-18)
(33.5612 4.92512 0)
(33.3709 5.41263 -3.16898e-18)
(33.25 5.64192 -8.05295e-18)
(33.3671 6.65067 8.33896e-18)
(33.1752 6.86901 0)
(32.9099 6.791 0)
(33.2961 7.83404 4.39626e-18)
(32.7213 8.2012 -9.41191e-19)
(34.1 6.08693 1.28635e-18)
(32.7968 5.60412 0)
(33.7484 4.29049 6.32992e-18)
(21.6877 0.734258 5.54355e-19)
(18.1388 3.58363 2.47244e-18)
(32.0492 4.92686 0)
(34.1025 8.05139 -5.16392e-18)
(22.6337 0.469864 -2.11195e-18)
(34.5766 6.03938 4.57372e-18)
(22.866 0.549077 -1.50648e-18)
(34.3024 9.14998 1.43924e-18)
(22.0154 7.183 -5.3347e-19)
(26.8708 -1.98947 -2.69551e-18)
(22.2131 6.71928 9.86775e-19)
(33.2637 12.6228 2.96209e-18)
(24.5565 1.1926 0)
(21.1248 15.5126 1.03494e-19)
(34.9128 9.79067 -7.35849e-18)
(24.3054 1.57832 -2.94293e-20)
(21.1769 0.184038 2.87887e-18)
(21.9584 1.38621 1.34296e-18)
(19.4142 0.76627 2.59993e-18)
(20.239 2.82021 -5.65394e-19)
(34.8471 7.18158 -1.58968e-19)
(24.1599 1.60307 0)
(20.9232 -2.4943 0)
(30.3442 -0.494103 -1.04979e-18)
(19.8942 4.33269 0)
(35.0572 7.99987 0)
(23.6612 1.32837 1.13951e-18)
(19.9418 6.86378 -4.64496e-19)
(30.8908 8.46862 -2.16939e-18)
(28.4425 -1.13066 -5.66549e-18)
(25.8916 1.56889 1.13761e-18)
(33.2026 6.10777 3.93858e-18)
(18.8191 4.66684 -2.06275e-18)
(25.6643 1.94328 -2.28637e-20)
(34.2753 8.67123 -5.55159e-18)
(33.9394 9.44521 -1.32684e-18)
(29.9696 8.1109 -2.14583e-18)
(24.2414 1.11847 1.60409e-18)
(33.1878 11.2242 0)
(34.218 3.99275 -5.21574e-18)
(26.2971 1.67094 1.68601e-18)
(34.6795 9.8743 -1.66496e-18)
(23.2291 11.9499 0)
(18.0106 0.425382 0)
(25.0696 16.3407 4.47213e-19)
(34.2625 12.3674 -3.68486e-18)
(24.5246 1.0109 1.55217e-18)
(26.8315 1.70329 5.86095e-19)
(22.3966 1.7085 0)
(22.0387 7.64035 9.80998e-19)
(21.7827 8.40947 0)
(23.1257 9.84864 2.85943e-19)
(23.429 10.0339 2.45527e-19)
(23.2213 10.0325 -2.93947e-19)
(24.63 9.86263 -1.02705e-19)
(30.2162 -0.214475 -8.73901e-19)
(31.016 0.612386 0)
(31.799 1.74462 0)
(31.8546 1.9299 -8.64131e-19)
(31.935 1.91352 3.59206e-18)
(31.9019 2.11521 6.00486e-18)
(26.8615 13.1372 2.68532e-18)
(24.5853 1.88049 -6.9167e-19)
(24.8456 1.91895 0)
(24.9917 1.92383 2.10753e-20)
(25.6453 1.9393 2.29049e-20)
(25.8383 1.89253 7.96661e-19)
(25.8912 1.92283 2.39891e-20)
(18.6928 2.31394 0)
(18.2957 2.63795 3.5541e-18)
(18.4102 3.43979 -3.2501e-18)
(32.0189 8.77075 0)
(32.4041 5.30284 0)
(30.7954 11.4755 -3.30608e-18)
(21.643 1.2334 5.13645e-19)
(21.6746 0.527071 2.40812e-18)
(18.4274 4.03345 -9.38488e-19)
(17.3333 4.58846 3.66463e-18)
(18.1634 5.08778 -7.49547e-19)
(17.6454 6.05579 3.97467e-18)
(18.8878 8.08291 -2.82009e-18)
(31.4068 11.4645 -1.94078e-18)
(22.3243 0.563321 0)
(22.2525 0.79961 0)
(22.48 0.510079 -2.11961e-18)
(25.3706 2.10954 -1.78512e-20)
(30.5892 10.1195 1.4772e-18)
(24.5466 -2.47183 0)
(19.2374 10.7137 1.65444e-18)
(19.7493 10.1106 2.05657e-18)
(20.2138 12.3066 -2.14068e-18)
(33.8371 8.75266 -1.25894e-18)
(30.8605 9.54875 0)
(21.8219 11.7513 0)
(30.4194 7.7915 0)
(21.8191 9.62539 3.91449e-19)
(27.8568 -1.80171 0)
(20.7135 2.4016 -4.23771e-18)
(32.6956 13.2352 2.9015e-18)
(32.5357 13.6998 0)
(34.7632 5.9604 0)
(22.0419 11.4193 0)
(20.4825 2.89755 0)
(20.241 15.4862 -1.76026e-21)
(23.3414 0.419991 2.19905e-18)
(24.3427 1.15782 -1.32411e-18)
(32.8119 6.6629 0)
(21.0865 2.4126 0)
(20.2886 8.03819 0)
(23.5251 0.62118 0)
(23.3929 15.9566 0)
(32.2603 1.05706 -3.99794e-18)
(32.346 1.15003 -1.33984e-18)
(24.3046 0.967489 0)
(33.4319 13.3649 -1.03313e-17)
(18.938 0.813072 0)
(18.4048 0.913984 1.06314e-18)
(35.0326 10.0488 7.59573e-18)
(33.9003 9.95849 -6.63392e-18)
(33.4952 8.99382 -1.17413e-18)
(28.3818 10.0647 2.60022e-18)
(33.2726 2.19962 -6.48316e-18)
(24.2318 1.62674 8.25204e-22)
(24.4703 17.0141 -5.67081e-19)
(27.3416 16.1211 3.20526e-18)
(22.0607 10.0148 3.14947e-19)
(17.1063 1.38036 5.0887e-18)
(32.597 1.60731 5.16698e-18)
(19.532 4.22342 -2.39115e-18)
(19.3962 5.34574 4.64253e-20)
(33.053 9.63973 4.29716e-18)
(27.9801 10.618 0)
(27.8397 11.296 -9.13268e-19)
(19.924 6.63967 1.9233e-18)
(20.282 6.6176 3.49496e-21)
(16.3467 1.82387 3.95927e-18)
(14.3405 0.630585 8.86301e-18)
(26.3508 11.0298 0)
(24.4989 1.53322 0)
(22.0369 9.0549 -8.16371e-19)
(23.5404 9.85964 -8.64152e-20)
(23.8591 10.0261 6.19991e-20)
(24.5498 10.2443 0)
(21.8263 9.37747 0)
(21.6293 9.24292 9.72802e-19)
(24.84 10.9411 4.27879e-19)
(29.269 -0.457046 -2.78152e-18)
(25.3695 11.6989 7.7686e-19)
(25.972 1.886 -2.53333e-20)
(24.3583 1.41473 -3.16944e-20)
(18.7688 2.78485 -7.86627e-19)
(18.5863 2.57567 0)
(28.9805 11.8115 -1.20595e-18)
(21.7953 0.525598 2.33183e-18)
(21.611 0.420145 -2.48664e-18)
(17.3927 6.92506 -6.16405e-18)
(18.7695 7.37986 0)
(25.1205 1.63566 3.21067e-20)
(18.3063 10.43 2.34951e-18)
(29.2216 9.43894 1.00485e-18)
(29.4906 -1.07731 0)
(22.0501 9.7468 -3.91999e-19)
(27.3532 -1.94753 -6.24281e-18)
(28.9442 9.5022 0)
(27.107 -1.34672 -2.12604e-18)
(31.4028 12.6956 1.01344e-19)
(28.6914 9.87754 -2.8237e-18)
(34.7278 6.81793 -1.27542e-17)
(35.0051 6.61758 0)
(21.4862 0.177094 3.45981e-18)
(24.7805 1.78977 2.31615e-20)
(23.4927 16.8388 -1.4021e-18)
(22.3085 10.1048 -3.55019e-20)
(32.6091 14.6262 2.98194e-18)
(21.0648 2.89315 0)
(33.27 8.98925 0)
(22.4608 1.62374 0)
(22.528 1.54656 -3.69448e-19)
(22.6005 1.47621 1.48469e-18)
(22.7541 1.35347 1.47156e-18)
(22.6559 1.3078 -1.52986e-18)
(20.4433 5.5072 1.7921e-18)
(20.5759 6.06237 0)
(21.0924 6.57067 2.95444e-18)
(21.6253 7.14118 0)
(21.4242 7.64865 2.26955e-18)
(21.7123 8.09934 1.58274e-18)
(22.0002 8.19538 0)
(22.9824 9.46527 -2.62342e-20)
(23.252 9.67877 -1.28879e-19)
(31.6688 8.02857 -7.43895e-19)
(21.6863 1.03018 -1.55122e-18)
(21.8524 0.623427 -5.54375e-19)
(21.9621 0.623565 5.57172e-19)
(20.2747 2.40455 -4.70111e-18)
(22.0218 0.530808 2.25689e-18)
(22.1271 0.539892 -2.18764e-18)
(18.3626 5.95487 0)
(30.4725 10.313 0)
(31.7744 12.0003 0)
(22.2645 0.63976 -5.24148e-19)
(22.7147 0.495962 0)
(22.8031 0.599875 -7.59869e-21)
(14.9496 0.418285 -1.89522e-18)
(25.788 1.67233 0)
(19.6189 11.5046 3.47114e-19)
(20.6101 11.9322 -8.53674e-19)
(34.5527 9.61968 1.59207e-18)
(32.4389 12.9002 0)
(29.6963 9.09494 1.09629e-18)
(29.7847 8.96672 -2.2272e-18)
(29.9182 8.22641 2.16308e-18)
(34.2861 4.32376 1.30403e-17)
(22.9362 0.576015 -2.42496e-18)
(23.3126 0.550792 0)
(24.5758 1.2717 0)
(20.845 2.4036 2.07751e-18)
(18.9326 4.23087 6.8854e-19)
(20.8703 2.83669 1.9072e-18)
(34.0183 3.79026 6.15169e-18)
(22.402 11.4369 0)
(28.5379 9.79958 -8.84183e-19)
(23.9611 15.5456 -1.79888e-18)
(34.5501 10.197 -4.99473e-18)
(22.015 1.13191 0)
(22.0553 1.27852 0)
(21.266 0.0372866 0)
(21.8763 1.41563 4.67017e-19)
(32.4806 1.17514 0)
(22.1035 1.4143 -1.71951e-18)
(21.1982 2.41711 0)
(20.9449 2.92077 -1.67505e-18)
(20.3246 7.61488 1.65303e-18)
(19.4214 0.485218 -9.1054e-19)
(19.1815 0.349949 5.02396e-19)
(18.924 0.50949 -5.08964e-19)
(18.6655 0.378177 -5.70752e-19)
(18.3635 0.553547 5.59071e-19)
(18.1518 1.15685 -1.0498e-18)
(30.6271 15.7417 -1.05788e-19)
(20.4254 3.17341 4.7009e-20)
(21.0096 -0.633673 -3.89409e-18)
(20.3896 7.23844 0)
(23.1639 0.299661 2.27268e-18)
(19.8374 3.24401 -7.21352e-18)
(21.1054 2.7946 0)
(20.949 9.26802 0)
(19.4403 4.57598 -1.84927e-18)
(23.7097 0.8573 0)
(27.1814 11.2181 0)
(19.7265 6.51708 0)
(23.6311 11.5106 1.46746e-19)
(23.8336 12.4618 1.82678e-19)
(15.556 2.48211 -1.22156e-17)
(26.7127 9.05491 -2.0045e-19)
(20.0348 2.56305 5.61811e-19)
(24.1484 1.23697 -2.41641e-18)
(19.5806 7.43159 0)
(26.3789 1.91796 -6.03382e-19)
(26.8692 1.61405 -6.93296e-19)
(24.6098 11.307 2.47667e-19)
(25.0968 11.5966 -4.31453e-19)
(26.3518 12.1973 -6.57735e-19)
(28.0093 12.9136 -1.07634e-18)
(19.3186 2.06733 3.72181e-18)
(28.4033 12.4273 -3.54337e-18)
(18.2145 2.94274 -3.40977e-18)
(33.86 4.76827 5.08452e-18)
(28.7189 11.9651 -1.13826e-18)
(26.1455 1.49916 0)
(19.1762 11.2242 -1.9494e-18)
(19.6353 12.0678 1.17682e-18)
(20.4227 12.8691 1.49291e-18)
(21.1106 12.0545 1.01848e-18)
(28.9442 -1.39088 0)
(21.4692 14.6204 1.65385e-19)
(26.3176 1.70136 -8.15347e-19)
(22.9725 11.7059 -2.30702e-20)
(30.7447 16.4145 -2.9003e-18)
(16.0687 1.30998 1.50482e-18)
(16.8538 1.78372 -5.12638e-18)
(20.2022 2.54585 -4.71874e-18)
(22.8973 0.0341834 0)
(30.7387 12.0285 8.02971e-20)
(24.7074 -1.17885 -1.03029e-18)
(24.9842 -1.2386 0)
(22.3381 1.79901 0)
(22.2262 8.77138 -1.19874e-18)
(22.3971 8.52128 -3.97672e-19)
(22.7502 9.21765 5.65391e-19)
(24.7636 10.1753 1.42493e-19)
(21.6594 9.01269 -9.62489e-19)
(29.4433 -0.398238 2.14408e-18)
(25.2887 11.1691 -1.3736e-18)
(25.7259 12.0858 9.87463e-19)
(20.2168 1.97355 0)
(26.1567 12.4567 6.66046e-19)
(26.6678 12.7938 8.14826e-19)
(27.2631 13.0926 -8.77737e-19)
(27.9229 13.3119 4.26154e-18)
(25.6788 1.98243 6.88034e-19)
(19.102 2.49532 0)
(24.1243 1.40354 2.09501e-18)
(18.9053 3.21603 5.90491e-18)
(25.5762 1.83084 0)
(28.3583 12.7818 1.16614e-18)
(33.8267 4.60753 4.97782e-18)
(33.4867 5.64885 -4.2627e-18)
(33.0112 8.02711 -3.94561e-18)
(28.7031 12.2807 2.36747e-18)
(29.7878 10.8536 -1.29879e-18)
(21.6182 0.639549 0)
(20.431 2.40024 4.47202e-20)
(21.8609 0.42256 -2.99559e-18)
(17.8613 3.40092 -2.7383e-18)
(31.8692 4.9132 -2.06308e-18)
(18.3554 4.83671 2.91787e-18)
(18.314 5.38366 7.38969e-19)
(17.8237 6.75132 3.09999e-18)
(18.5385 7.96373 6.08021e-19)
(18.3412 8.65546 -5.61892e-19)
(23.4131 1.67167 -2.20853e-18)
(23.4442 -1.47012 0)
(31.2555 11.7483 -1.84902e-18)
(22.0497 0.338493 4.22522e-18)
(22.1596 0.356619 -1.73947e-18)
(22.5016 -1.85839 6.07308e-19)
(23.3692 -0.487939 0)
(19.0186 9.87491 0)
(16.7205 0.600886 4.36368e-20)
(24.1461 1.01746 1.49558e-18)
(20.058 11.2546 -3.36769e-19)
(19.918 13.3483 -1.24454e-18)
(20.9848 14.0606 3.30415e-19)
(33.9513 8.96476 0)
(29.8672 9.88851 -2.46273e-18)
(32.0126 12.9998 7.23051e-18)
(25.5139 2.13328 -1.70417e-20)
(29.762 9.24358 -1.1257e-18)
(29.9929 8.3336 2.17109e-18)
(30.4884 8.01501 -2.5899e-20)
(30.6036 -0.4009 1.15936e-18)
(30.3457 -0.551111 -1.10958e-18)
(25.9783 2.00953 6.31978e-19)
(32.0382 13.8187 5.16878e-18)
(23.3568 0.644013 0)
(28.7756 9.29435 -3.00382e-20)
(31.3492 13.4355 2.19465e-18)
(31.0726 13.8219 2.27748e-18)
(31.2433 14.288 -2.33358e-18)
(21.2791 0.567633 -3.1997e-18)
(23.292 14.6005 8.87914e-19)
(23.8824 14.8749 -6.0243e-19)
(34.2818 10.2367 -4.48432e-18)
(31.4748 0.170536 1.41616e-18)
(21.5985 9.74847 4.93857e-19)
(30.8426 0.837182 -7.82421e-19)
(21.0106 0.194777 -1.62634e-20)
(20.7314 0.0676518 4.02145e-18)
(20.9403 -0.279433 0)
(20.4162 -0.0648122 0)
(31.9239 0.660123 -5.34271e-18)
(32.8309 1.59839 6.26818e-18)
(30.9011 14.7105 0)
(31.0603 15.2668 -5.037e-18)
(24.1629 1.65185 8.76239e-19)
(26.2377 17.1493 -3.7874e-18)
(27.7262 17.4191 3.93054e-18)
(21.8338 10.1862 -3.38236e-19)
(20.7982 -0.650573 4.04583e-18)
(24.1229 0.733993 -1.71858e-20)
(21.9283 -0.143634 -3.67047e-18)
(22.4108 -0.107633 -2.11361e-18)
(19.4758 3.81413 -2.47151e-18)
(21.187 1.83567 5.09944e-19)
(35.1585 7.83812 8.03504e-18)
(19.4996 5.149 1.74488e-18)
(19.5637 6.14115 2.17266e-18)
(33.1269 9.88549 3.60133e-18)
(32.6284 9.77927 -5.09976e-18)
(32.2313 9.85831 0)
(28.0166 10.417 -1.68896e-18)
(27.8701 10.2926 7.82968e-19)
(25.94 -2.45111 -2.80664e-18)
(27.4264 11.1761 2.65258e-20)
(27.0443 11.0244 -6.89311e-19)
(32.53 3.19499 3.69726e-18)
(28.0503 15.1753 0)
(15.4401 1.31873 -6.92734e-18)
(15.1382 1.94754 1.35443e-17)
(30.744 8.39857 6.32377e-18)
(22.2917 1.2293 4.32199e-19)
(22.607 0.194653 0)
(22.6953 0.231745 4.68748e-18)
(28.7666 -0.983287 0)
(22.4711 -0.816999 0)
(23.4806 -1.00378 0)
(24.5245 -1.1321 1.91353e-18)
(20.8144 4.85343 -1.56625e-18)
(22.9327 9.27987 0)
(20.3235 1.8487 0)
(32.7992 2.65946 4.31813e-18)
(20.283 2.12737 -6.08412e-19)
(24.6252 1.88205 0)
(24.7105 1.88559 -2.14967e-20)
(25.0928 1.92562 -6.53875e-19)
(25.2426 1.92286 0)
(25.2906 1.92023 6.81771e-19)
(24.3844 1.34522 4.34501e-21)
(23.9563 1.40636 0)
(30.8309 -0.0729361 0)
(23.6268 1.50823 0)
(33.481 5.81059 -4.2495e-18)
(33.5891 6.07009 3.35709e-18)
(33.693 6.34657 4.59045e-18)
(28.4709 11.8041 3.25532e-18)
(34.223 6.38356 -3.94843e-18)
(30.5507 10.9704 1.48753e-18)
(31.6235 2.58856 3.01059e-18)
(31.7629 2.83745 0)
(34.1498 8.47309 4.09829e-18)
(23.4309 1.61178 3.48073e-20)
(25.4705 2.12856 -1.92404e-20)
(32.3438 12.206 -2.48703e-18)
(32.8632 11.4185 5.22364e-18)
(30.1708 8.19313 3.40832e-18)
(30.1413 7.97438 -2.21276e-18)
(33.4809 11.3861 9.87971e-18)
(29.1159 -0.887795 0)
(24.2966 1.12371 0)
(19.6505 7.70175 0)
(22.1503 14.4634 0)
(24.3837 1.11769 1.41129e-18)
(28.756 9.14936 -8.89116e-19)
(31.1797 13.0396 -2.14856e-18)
(22.8491 0.813256 -1.74489e-18)
(24.8069 1.72546 0)
(32.8574 14.1445 -1.50902e-18)
(20.4245 7.82886 0)
(34.532 10.8011 -1.70012e-18)
(30.7661 13.0173 -1.88762e-18)
(31.4142 9.59505 -1.53092e-18)
(25.8676 16.3177 -6.37259e-19)
(27.0982 16.9695 5.61507e-18)
(33.7972 3.00658 8.51347e-18)
(27.9695 15.8229 -3.25149e-18)
(20.6689 8.2438 0)
(20.4615 7.44059 -1.6626e-18)
(17.287 0.00306613 0)
(22.1833 -0.0688518 6.88945e-19)
(22.2036 -0.483251 2.45364e-18)
(30.87 12.352 -4.64312e-20)
(31.2359 12.3566 3.96861e-18)
(21.1997 9.17126 0)
(19.069 4.70984 -3.20755e-18)
(25.2386 1.78625 0)
(33.5157 2.75598 7.53567e-18)
(22.4981 1.08207 3.39001e-21)
(27.575 14.8494 0)
(15.1267 0.639212 -3.66e-19)
(21.7193 0.0691293 2.7881e-18)
(26.8871 1.66156 -6.32408e-19)
(26.934 1.63276 0)
(21.4511 -0.0506188 0)
(21.7296 -0.330631 -1.53152e-19)
(22.4671 2.04387 -3.52562e-19)
(22.8448 1.39581 -1.41504e-18)
(22.888 1.20555 0)
(20.7512 5.85779 -8.45155e-19)
(20.9529 6.34535 -7.67221e-19)
(21.6779 7.27081 0)
(21.6697 7.53705 1.7588e-18)
(21.6814 7.80512 0)
(23.3243 1.05741 -1.81542e-18)
(23.4646 1.14567 -2.82931e-18)
(25.078 11.3244 9.66803e-19)
(29.7015 -0.29982 7.33366e-19)
(21.1313 1.35741 -2.20703e-18)
(20.9003 1.36032 3.18111e-20)
(23.62 1.12618 0)
(24.9178 12.7267 0)
(19.9344 2.41554 2.51137e-18)
(24.3832 1.37267 -1.06444e-18)
(24.334 1.37586 0)
(19.018 2.72431 2.961e-18)
(23.6922 1.51782 -1.03274e-18)
(29.6638 11.2878 0)
(21.5811 1.05691 -2.64037e-18)
(17.6939 4.69161 -1.0584e-19)
(18.1451 7.38812 0)
(23.9478 1.00758 2.90884e-18)
(23.4989 1.6115 1.10576e-18)
(18.483 7.58436 0)
(19.016 8.43089 3.17866e-20)
(18.9696 9.09942 0)
(34.4864 8.60477 0)
(31.8017 12.6548 -4.54276e-18)
(19.8643 8.25009 -1.32541e-18)
(29.618 -1.06598 -4.44219e-18)
(28.9682 -1.42145 -4.36307e-18)
(20.5379 2.7657 2.19605e-18)
(31.808 13.4001 -4.88766e-18)
(20.0264 8.0146 1.76893e-18)
(28.7104 -1.47048 0)
(25.4192 1.73979 1.1972e-18)
(32.3736 1.11513 1.42444e-18)
(20.0891 7.56814 -1.79124e-18)
(33.9547 3.32805 1.13854e-19)
(22.5917 11.1661 -2.22754e-19)
(28.5446 10.1591 -2.80724e-18)
(20.653 7.84401 1.48966e-18)
(20.6748 7.47398 -1.48889e-18)
(20.7704 7.65947 -3.64378e-19)
(28.9398 8.83115 1.75959e-18)
(32.6983 1.83922 -1.17644e-18)
(19.6827 4.093 5.27657e-20)
(20.9829 1.8811 5.63439e-19)
(33.4534 9.44539 -4.66039e-18)
(33.7052 4.13921 -1.25761e-18)
(32.6539 3.52569 2.73608e-18)
(24.8367 1.62185 -2.73208e-20)
(29.7233 10.6207 -1.28199e-18)
(22.8338 1.30153 0)
(20.9957 6.81317 -1.45594e-18)
(21.285 6.92896 -1.2325e-18)
(22.8549 8.92971 0)
(23.8383 9.69239 1.2402e-19)
(24.785 9.98468 1.51254e-19)
(24.6396 10.8161 -2.67518e-19)
(21.0318 1.55179 -2.75795e-18)
(20.7728 1.29523 3.11365e-20)
(20.5488 1.62243 0)
(20.2754 1.68625 3.22533e-18)
(25.419 12.0009 -1.42296e-18)
(24.6535 1.56344 -9.30038e-19)
(19.4654 2.63992 0)
(33.3991 3.79273 4.58884e-18)
(33.0913 4.07473 -9.22e-18)
(33.4847 4.47139 1.12838e-18)
(33.6289 4.66936 -8.10923e-20)
(33.3601 5.10691 4.24945e-18)
(32.0537 8.27437 0)
(32.9139 5.54524 -3.70516e-18)
(32.6956 5.524 0)
(32.4843 5.49716 -2.43343e-18)
(32.2793 5.46497 5.47658e-20)
(32.0846 5.42526 -3.01578e-18)
(21.6448 0.842789 0)
(18.4763 4.32497 7.51998e-19)
(18.1392 7 0)
(34.1701 4.43753 4.39173e-18)
(31.9706 12.3 0)
(32.7961 11.7093 -5.00594e-18)
(22.7281 0.576209 0)
(22.4367 -1.79519 0)
(19.4468 9.80552 -1.71731e-18)
(24.4485 -2.23951 1.43181e-18)
(21.4051 11.699 -9.51505e-19)
(30.5794 9.748 4.17868e-18)
(19.7337 -0.611863 2.25331e-19)
(29.6734 9.85872 -2.31931e-18)
(22.2464 9.60481 3.17028e-19)
(22.2038 7.28949 0)
(20.9126 2.30087 2.05808e-18)
(23.4167 0.61403 1.41978e-18)
(21.3989 9.33688 0)
(30.75 0.681772 -7.89787e-19)
(34.834 6.6789 -1.56155e-19)
(32.4609 1.20981 -1.416e-18)
(22.6444 0.963318 1.71978e-18)
(33.8599 13.0935 -1.82819e-19)
(19.6633 0.381912 4.59191e-18)
(18.6971 -0.00816623 4.53073e-18)
(23.7476 0.71865 -4.51639e-19)
(23.137 12.3181 1.89542e-19)
(24.3634 14.5537 0)
(30.3698 14.6208 -3.38061e-20)
(30.5496 9.06006 4.85194e-18)
(24.0916 0.770091 1.90697e-18)
(17.5297 1.40682 0)
(29.0008 8.62979 -9.40024e-19)
(22.1017 0.137917 0)
(21.8538 0.0900522 0)
(19.6566 3.90033 2.42891e-18)
(23.3865 13.0236 1.65208e-19)
(22.5334 1.0187 -1.72606e-18)
(27.2369 11.6629 2.43099e-18)
(16.42 0.824264 -1.54544e-18)
(26.8155 10.6591 1.25324e-18)
(22.3176 1.1577 0)
(22.9731 0.081898 -2.62861e-18)
(31.0394 7.70183 0)
(33.0371 6.31702 -9.56133e-19)
(32.2928 5.90858 -3.56541e-18)
(21.3197 0.041467 -3.12806e-19)
(22.6957 -0.777899 -3.05345e-19)
(20.721 6.00281 -8.28214e-19)
(20.8256 6.25466 0)
(21.4843 6.73875 -1.6638e-20)
(21.8393 7.79627 5.39718e-19)
(23.4584 1.10413 1.37819e-18)
(30.4273 -0.022344 2.62218e-18)
(26.2945 12.783 0)
(26.2218 13.4873 0)
(27.3955 12.7351 -1.88452e-18)
(27.1823 12.4603 9.14979e-19)
(25.9614 1.91977 7.39515e-19)
(24.3825 1.45264 3.06747e-20)
(18.7059 3.04695 8.66615e-19)
(23.9054 1.44996 0)
(28.1468 12.2268 0)
(23.6414 1.53845 0)
(33.1387 5.56011 3.94491e-18)
(33.6002 5.90051 1.10898e-18)
(33.7105 6.16879 -4.52054e-18)
(33.431 6.31019 0)
(33.9699 6.18339 1.23397e-18)
(33.0674 6.74767 0)
(33.5119 7.26608 -8.90025e-18)
(33.5918 7.97011 -4.63659e-18)
(31.8808 8.23297 -3.13873e-18)
(33.9004 4.48787 -5.28841e-18)
(34.2266 6.18359 -1.34163e-18)
(30.4436 10.7324 1.44989e-18)
(21.4941 0.652855 -4.79946e-18)
(20.5071 2.27551 4.51087e-18)
(31.9465 5.07437 0)
(17.606 5.36116 -2.58467e-18)
(34.229 8.22968 1.36115e-18)
(34.4722 6.16589 -5.92633e-18)
(18.7891 8.73639 2.86947e-18)
(30.9278 11.758 1.82005e-18)
(31.6573 10.8981 -1.96794e-18)
(34.2045 4.29411 -6.29596e-18)
(18.7468 9.48972 0)
(24.8506 -2.05875 0)
(20.1318 13.9819 9.91644e-19)
(21.2736 11.264 2.49979e-19)
(33.8301 9.20963 0)
(34.6599 9.31673 -1.61256e-18)
(29.6618 9.3773 1.11874e-18)
(34.7876 7.97179 -1.67673e-19)
(18.8106 6.40434 0)
(22.0789 7.29106 0)
(22.2598 7.18651 0)
(22.2007 6.89643 -4.94342e-19)
(20.6744 2.0437 -5.53467e-19)
(20.7223 2.62722 0)
(28.815 9.60532 0)
(33.1383 13.0645 -9.08304e-18)
(34.1562 3.9736 0)
(28.6254 9.09826 8.36148e-19)
(34.9483 8.91342 8.90335e-18)
(34.0739 3.65048 0)
(21.378 9.59656 -4.75767e-19)
(33.3497 13.9049 8.20575e-18)
(33.0948 1.94795 -1.11803e-17)
(17.7869 1.08993 0)
(31.6813 15.2538 5.9575e-18)
(33.192 2.04603 8.54033e-18)
(28.9124 8.70391 -8.71343e-19)
(19.1418 6.04251 1.83503e-18)
(31.9716 2.4848 3.29336e-18)
(28.2145 10.1522 -1.72576e-18)
(27.5034 10.9551 2.34978e-20)
(23.7248 1.31069 0)
(23.7873 1.29552 2.35241e-18)
(32.5742 3.30266 3.7197e-18)
(32.8142 3.23187 0)
(20.0491 4.38482 0)
(23.6174 -2.40483 0)
(23.7592 -0.966836 6.48591e-19)
(23.901 -0.941507 0)
(22.7419 1.25142 -1.52267e-18)
(22.9188 1.15839 0)
(23.298 1.13957 2.77781e-18)
(29.8236 -0.169567 -2.98763e-18)
(29.9126 -0.438278 0)
(23.6157 1.08144 -1.03534e-18)
(31.3196 0.764709 -2.77905e-18)
(31.4174 0.94087 -9.31398e-19)
(31.5081 1.11888 0)
(32.7721 2.77316 -5.55085e-20)
(33.0659 2.65246 -8.47369e-18)
(25.1765 1.9441 -6.96697e-19)
(25.6144 1.8975 2.44607e-20)
(33.23 3.8743 -3.19353e-18)
(33.02 5.62632 3.74747e-18)
(33.6766 7.21766 5.65213e-18)
(32.3709 5.54304 5.58503e-20)
(34.0692 4.39988 -1.00621e-19)
(31.5946 2.67342 -3.59914e-18)
(31.6027 2.83545 -2.82473e-18)
(31.8841 4.61217 0)
(17.8194 5.05491 0)
(17.8026 5.69954 -3.98896e-18)
(24.1022 1.06422 -3.60209e-19)
(34.1478 4.12465 0)
(25.1629 1.68856 -2.90263e-20)
(29.7186 8.83062 -3.25008e-18)
(30.2992 7.82658 0)
(30.264 -0.730116 5.01553e-18)
(29.7503 -0.907774 5.19439e-18)
(29.5697 -1.04195 4.21338e-18)
(22.7111 14.8738 0)
(24.3541 1.57194 2.79238e-20)
(24.6026 1.1596 0)
(23.9352 1.66242 0)
(32.4323 1.18737 8.17128e-18)
(25.7452 -1.6109 0)
(22.7085 0.0339686 0)
(21.2395 2.9535 0)
(19.5826 4.42398 2.3098e-18)
(35.2478 8.28207 8.59049e-18)
(25.9348 1.98319 6.78765e-19)
(26.217 -1.24133 0)
(20.8273 5.5795 1.72115e-18)
(20.8404 6.10565 8.24819e-19)
(21.4182 6.98555 0)
(21.8143 7.28447 0)
(22.0888 7.89481 -9.54491e-19)
(23.1753 9.50169 -2.52227e-20)
(31.6639 1.48107 0)
(20.4408 2.14003 -1.73371e-18)
(19.7452 2.0885 -6.8907e-19)
(25.0762 1.88651 -7.26069e-19)
(25.6418 1.92098 0)
(25.909 1.92249 -7.88837e-19)
(33.233 3.14424 -4.73334e-18)
(28.6632 12.9959 1.97142e-20)
(33.4167 4.1806 0)
(29.7879 11.8499 1.51163e-18)
(30.1173 11.1536 -2.89213e-18)
(30.1938 10.7101 -5.60831e-18)
(31.5762 2.50906 2.91752e-18)
(30.1562 8.56774 -2.04716e-20)
(30.094 8.0924 -1.12157e-18)
(30.2666 7.94616 2.32136e-18)
(31.7206 7.76249 7.57723e-19)
(29.3029 -1.20607 -1.05268e-18)
(22.1975 7.08665 0)
(18.8936 3.97907 -7.70994e-19)
(29.101 9.55367 -1.00732e-18)
(19.027 6.88877 -5.72007e-19)
(22.2588 6.81293 -4.833e-19)
(31.7712 14.275 -5.19087e-18)
(21.0338 2.30926 0)
(34.8755 9.22671 -8.76038e-18)
(31.3921 8.09542 0)
(25.3355 1.74663 2.92081e-20)
(23.3199 13.998 1.0787e-18)
(34.1658 9.95674 7.37647e-18)
(20.4088 0.493844 -3.08566e-18)
(19.7075 0.0925378 -3.5416e-18)
(19.1955 0.914722 8.87028e-19)
(34.6733 10.4728 1.56282e-17)
(34.9165 10.41 -7.45401e-18)
(35.1156 8.786 -5.56158e-18)
(30.6408 12.6446 -4.3487e-20)
(19.714 5.14013 0)
(23.5557 11.8382 2.98327e-19)
(26.4793 10.8511 0)
(22.2681 1.09468 0)
(22.0918 7.51068 1.01281e-18)
(34.0584 5.34381 -5.15972e-18)
(26.7988 1.67465 -6.112e-19)
(23.2648 -0.750511 -4.73358e-19)
(24.0811 -0.764359 -7.12026e-19)
(21.3173 7.79832 -1.19696e-18)
(22.5495 8.95772 3.09e-19)
(23.2926 9.35414 -1.70327e-19)
(24.6694 10.5892 0)
(23.3648 1.23844 0)
(24.8465 11.1947 -8.72342e-19)
(30.0882 -0.202391 -2.44347e-18)
(21.4552 1.20307 -1.58737e-18)
(25.1632 12.1902 -4.39785e-21)
(25.8139 12.4052 0)
(25.2124 12.5347 4.53218e-19)
(31.7299 1.66409 -3.5064e-18)
(32.0013 1.99963 3.59715e-18)
(32.2991 2.15598 9.71963e-19)
(26.0749 13.0838 0)
(25.6748 13.0189 0)
(26.6699 13.5046 -1.83288e-18)
(27.5226 13.4234 -4.33884e-18)
(19.9367 2.09775 -1.94912e-18)
(19.7471 2.42921 -3.3305e-18)
(25.262 1.88203 0)
(25.3984 1.96629 -2.12997e-20)
(24.8449 1.56445 -2.9557e-20)
(24.5001 1.40617 -1.0365e-18)
(23.9603 1.43655 -1.05043e-18)
(33.1457 3.6136 -4.31485e-18)
(28.7339 11.3963 -1.0941e-18)
(32.2068 5.81666 2.71787e-18)
(30.8231 10.9755 3.25423e-18)
(21.9768 0.431579 -4.06702e-18)
(22.1683 0.630752 5.23802e-19)
(17.9469 4.44206 -7.38823e-18)
(23.9167 0.98822 1.48106e-18)
(23.9864 0.990727 -1.86911e-18)
(24.0251 -2.10419 -1.0977e-20)
(24.6658 -2.10654 -1.46262e-18)
(19.6201 0.90252 0)
(30.7866 9.72959 1.48153e-18)
(19.8505 8.77434 0)
(29.4954 9.35243 0)
(29.9348 8.4574 -3.27298e-18)
(29.7916 8.24437 0)
(30.4476 7.66974 2.45305e-20)
(30.6389 7.83785 2.48593e-18)
(23.0657 0.560423 4.92156e-19)
(23.1913 0.552302 0)
(30.4291 -0.50361 1.11169e-18)
(28.7493 -1.54138 -4.36506e-18)
(26.9516 -1.9852 -2.81275e-18)
(20.6484 2.51631 2.15325e-18)
(20.6688 2.74299 0)
(28.8348 9.77399 1.88733e-18)
(27.1999 -1.34472 -2.19437e-18)
(29.2747 0.539367 0)
(24.7092 1.32714 0)
(34.0914 3.80776 0)
(23.4269 0.55504 -1.77071e-18)
(21.1908 0.455579 1.97532e-18)
(21.0274 2.50862 -1.92895e-18)
(25.0347 1.76015 0)
(20.9188 0.0517208 2.32266e-18)
(24.8183 1.75836 -7.67199e-19)
(32.7286 1.41849 0)
(21.1019 2.21829 0)
(21.1977 2.60081 1.86298e-18)
(20.6551 -0.453282 -4.0006e-18)
(28.7043 10.0594 2.82122e-18)
(31.1692 8.45964 -5.63132e-20)
(33.714 2.85688 -9.42178e-19)
(22.1768 -0.197939 -7.50345e-19)
(21.137 2.97507 0)
(35.1504 8.46642 -1.72126e-17)
(22.8222 8.46053 5.82869e-19)
(28.5437 10.3548 9.36855e-19)
(27.478 -1.33143 1.19682e-20)
(26.8111 11.0367 6.11524e-19)
(27.6579 -0.440385 -1.13003e-19)
(23.8623 12.0731 -4.24627e-19)
(22.2776 1.7636 0)
(22.4517 1.80714 -2.85345e-18)
(22.4784 1.503 -3.84618e-19)
(21.0773 6.27752 7.80007e-19)
(21.8819 8.07181 4.90494e-19)
(22.9752 1.16533 0)
(29.1992 11.3691 -2.39748e-18)
(31.8293 8.06799 3.13867e-18)
(19.087 3.60036 -3.49e-18)
(18.6201 5.37798 6.73974e-19)
(25.5495 -2.18043 2.0066e-18)
(25.5093 1.76705 -3.32947e-20)
(30.4195 -0.559264 1.17772e-18)
(22.2537 6.99453 1.73194e-20)
(23.1318 0.721266 1.77882e-18)
(30.8269 9.21325 1.41555e-18)
(31.2782 8.205 -2.73707e-18)
(33.947 3.4829 1.6072e-18)
(18.7042 1.00415 0)
(24.8297 1.29297 -8.87093e-20)
(35.0662 6.5143 0)
(30.9156 7.76367 0)
(22.2383 0.27358 0)
(19.3314 4.15539 2.55206e-18)
(19.2233 4.53155 5.67745e-18)
(19.1639 4.93752 6.33545e-19)
(19.1585 5.36295 -4.2559e-18)
(22.9442 8.53496 5.37632e-19)
(22.6054 1.0223 -1.68564e-18)
(22.3932 1.15097 -3.39839e-18)
(20.895 1.96936 1.59358e-18)
(20.5945 4.95739 0)
(21.9589 8.36304 -4.56747e-19)
(24.2002 10.1565 0)
(24.4539 9.90959 2.63564e-19)
(20.3971 1.57448 1.90485e-18)
(31.2966 0.656072 0)
(31.7885 1.84762 8.65308e-19)
(27.8356 12.3308 -1.97694e-18)
(33.3783 4.04119 0)
(33.3411 4.28539 3.21589e-18)
(33.4392 6.94976 -4.37705e-18)
(30.39 11.1903 -4.68069e-18)
(22.416 0.579072 -3.44013e-21)
(22.5665 0.531494 0)
(25.4168 1.74671 1.02435e-18)
(29.9838 9.73344 2.42079e-18)
(29.9074 9.56033 -1.21607e-18)
(34.689 6.12641 0)
(34.7085 6.34643 0)
(29.3841 9.47746 0)
(29.7971 8.70745 4.30217e-18)
(22.8471 13.6877 -4.35787e-19)
(21.9725 1.3007 -1.8237e-18)
(22.0269 1.43952 1.745e-18)
(34.6 4.95395 1.41661e-19)
(33.8513 3.75874 -5.67514e-18)
(33.8739 3.61898 1.18033e-17)
(31.2735 10.0459 3.23657e-18)
(31.4718 16.4717 6.06136e-18)
(21.3129 -2.41279 -4.46461e-19)
(29.5531 -1.13997 0)
(20.1567 3.123 -2.22802e-18)
(19.808 3.60979 5.32675e-18)
(20.9001 9.56199 1.21007e-18)
(21.1646 0.968069 1.78393e-18)
(29.2492 10.2857 1.09448e-18)
(25.115 2.03322 -6.15248e-19)
(32.5302 6.32483 -8.45795e-19)
(33.8437 5.55074 3.56518e-18)
(21.2519 6.7709 -1.4146e-18)
(22.6874 0.708872 0)
(24.5711 1.29584 3.73837e-20)
(20.7463 2.85176 0)
(21.4061 0.306561 -3.35081e-18)
(21.0386 0.479011 6.73736e-19)
(20.1324 3.28754 0)
(31.1753 8.64096 2.66539e-18)
(26.8541 1.55343 3.6887e-20)
(23.5603 -1.27528 6.14366e-19)
(26.365 -1.17058 2.04162e-18)
(26.7042 -1.10426 0)
(22.8016 1.25193 0)
(21.5937 7.3992 -5.70391e-19)
(21.7357 8.59835 0)
(21.8617 8.93341 0)
(23.4513 9.68637 2.19725e-20)
(23.3897 1.16496 -1.35962e-18)
(28.2461 -0.769589 0)
(23.4924 1.02921 -3.64139e-19)
(25.0744 1.94428 0)
(25.697 1.98559 0)
(24.5657 1.41774 -1.06714e-18)
(19.6677 2.60679 6.57205e-19)
(18.9584 2.28819 -7.86465e-19)
(19.3981 2.84183 -2.77655e-18)
(33.7856 7.93141 1.07833e-17)
(28.4945 11.5238 0)
(30.0346 10.903 4.1952e-18)
(33.9731 5.80984 -1.24219e-18)
(21.4774 0.423887 2.57711e-18)
(31.4204 12.0436 0)
(25.913 1.69974 0)
(26.1551 1.64599 -9.69429e-19)
(34.4379 5.74701 -5.85962e-18)
(26.2157 1.57245 -9.45364e-19)
(16.5201 0.613916 -1.13768e-18)
(34.5304 9.09055 0)
(29.7264 9.54054 -1.1459e-18)
(30.7407 7.92252 0)
(32.6322 5.92515 -2.53633e-18)
(28.1559 -1.61757 6.6422e-18)
(20.7272 2.17179 5.45449e-19)
(22.3177 13.8443 0)
(27.3028 -2.10759 0)
(21.2575 0.313281 -2.09382e-18)
(20.7393 -0.280696 3.57513e-18)
(20.3265 0.151194 0)
(24.954 1.50993 -1.17322e-18)
(22.714 0.971279 0)
(24.3704 0.976343 3.35113e-18)
(20.1101 0.207922 0)
(23.7655 0.671207 -4.77671e-19)
(24.9995 1.52949 3.82993e-20)
(28.8387 8.92463 -2.64849e-18)
(23.7195 0.811289 -4.23633e-19)
(23.8945 1.67709 -9.08897e-19)
(34.241 13.339 3.31459e-18)
(24.9232 1.43485 1.40196e-18)
(24.8827 1.42804 0)
(28.2809 9.19752 1.55673e-18)
(22.2986 -0.0293677 -6.91858e-19)
(21.1041 3.07096 -8.92506e-19)
(19.7704 4.46603 -2.32163e-18)
(35.233 7.97273 -8.59956e-18)
(19.6455 1.11259 2.34409e-18)
(32.7121 3.4323 0)
(35.2074 9.91178 1.07334e-18)
(26.6993 10.8442 -6.22935e-19)
(19.7829 7.25512 -4.74559e-19)
(32.7308 6.0183 2.67708e-18)
(26.787 1.57009 0)
(21.5989 7.67121 -1.79211e-18)
(21.6042 7.95922 5.80295e-19)
(22.1315 7.7535 4.23904e-19)
(24.0603 10.0081 0)
(24.3951 10.1119 0)
(30.9332 0.298233 -2.82887e-18)
(24.5411 1.85511 6.85914e-19)
(25.2952 1.94795 -6.83116e-19)
(25.3913 1.93953 0)
(25.4462 1.96052 -6.89596e-19)
(24.8769 1.56574 -9.82069e-19)
(25.5877 2.0445 0)
(24.9344 1.60123 9.60365e-19)
(18.6479 3.5932 3.73967e-18)
(28.9306 10.7694 1.13684e-18)
(21.8882 0.987326 0)
(18.159 5.67423 0)
(30.512 7.87761 -2.44843e-18)
(26.7594 -2.06807 0)
(29.7781 0.621362 -3.79331e-18)
(19.9357 0.030785 0)
(24.1388 1.64477 9.15508e-19)
(24.0909 0.83114 4.04319e-18)
(25.1469 1.75829 0)
(20.0342 3.01033 -2.38168e-18)
(33.7958 9.69957 1.17526e-17)
(21.8976 -0.431215 3.45411e-18)
(33.6094 2.69526 -8.39586e-18)
(22.8203 -0.791968 3.3412e-19)
(25.076 -1.25719 0)
(26.9408 -1.02084 -1.82839e-18)
(21.2448 1.53678 2.59915e-18)
(21.0177 1.29313 0)
(25.6423 2.03363 -6.55875e-19)
(33.5789 5.0805 4.4595e-18)
(28.9722 11.525 3.58973e-18)
(29.9311 11.3567 -1.43482e-18)
(32.3483 5.66481 0)
(34.0515 4.69797 5.41502e-18)
(31.6417 2.91366 2.86922e-18)
(31.876 4.81192 2.12426e-18)
(29.8126 -0.92911 0)
(24.208 1.59377 -9.32118e-19)
(24.1161 0.794597 -1.89338e-18)
(32.8096 9.58879 -7.34599e-18)
(33.1777 8.77874 -4.236e-18)
(33.5265 2.5628 8.17304e-18)
(21.3165 0.0917106 0)
(21.6564 -0.262244 0)
(22.4597 1.98516 1.40606e-18)
(22.5865 1.53305 -2.50794e-18)
(22.6594 1.46627 1.47499e-18)
(22.7549 1.50632 0)
(20.5853 5.22853 9.23353e-19)
(21.5187 6.87203 6.42676e-19)
(21.8878 7.17269 5.40974e-19)
(21.8147 7.53346 -5.36209e-19)
(22.0958 8.4808 1.12684e-20)
(27.971 -0.805035 5.54178e-19)
(28.3333 -0.91554 0)
(31.235 0.438355 -9.0923e-18)
(23.834 1.10355 -1.35731e-18)
(24.4549 1.38191 1.05036e-18)
(24.0466 1.46227 0)
(33.0863 3.71962 5.30845e-18)
(33.1132 5.85994 1.04263e-18)
(29.1724 11.1083 -1.14878e-18)
(29.6082 11.0294 2.59282e-18)
(26.0822 1.80554 -8.63774e-19)
(18.6565 3.86934 -3.82116e-18)
(25.5269 1.80574 2.86884e-20)
(21.9744 -1.70804 -3.49171e-20)
(29.9308 9.25374 -1.18721e-18)
(23.0005 0.530973 3.49667e-18)
(30.5024 -0.508349 -1.18704e-18)
(30.3059 -0.666827 0)
(22.3705 7.00409 1.53274e-20)
(24.7431 1.30198 -1.3265e-18)
(26.2975 -2.38706 0)
(24.6385 1.19277 0)
(23.8711 0.756049 1.80948e-18)
(23.9353 0.809095 4.34798e-19)
(31.9993 14.7378 0)
(24.2078 1.56833 1.83251e-18)
(19.8601 -2.18956 -3.07626e-20)
(34.4909 5.41511 4.75684e-18)
(23.4478 0.327725 0)
(20.0792 2.85219 0)
(21.1379 9.733 -1.12341e-18)
(19.3332 6.22527 5.77192e-19)
(32.5252 9.29863 0)
(26.2669 -2.39624 0)
(19.7449 7.00664 5.10098e-19)
(24.0328 1.25048 0)
(35.0849 6.5812 4.74613e-18)
(25.5426 -1.83629 1.7064e-18)
(21.6286 0.185186 -3.36587e-18)
(21.2554 2.68812 0)
(21.6076 -0.252098 -2.26643e-19)
(33.3372 6.04464 -3.12997e-18)
(21.4978 0.978868 -5.55786e-19)
(22.6207 0.382594 2.74727e-18)
(34.4816 7.90793 -1.45701e-18)
(18.6466 4.87697 -7.14407e-20)
(34.1788 8.92874 0)
(21.9256 1.15017 3.83533e-18)
(23.0675 0.629935 1.42305e-18)
(20.9227 2.72022 0)
(19.5147 6.88864 1.60765e-18)
(34.8363 7.4361 0)
(28.7867 -0.667524 -6.37922e-19)
(27.747 12.6554 2.09472e-18)
(24.9092 1.6231 -8.95717e-19)
(33.7122 4.5601 -8.5361e-20)
(31.5502 8.14498 7.39017e-19)
(34.3477 6.07264 0)
(24.9635 1.56135 -1.03124e-18)
(18.2582 4.5326 3.13881e-18)
(23.4955 -1.98123 7.75007e-19)
(19.2888 3.49213 -1.96189e-18)
(21.3229 13.4718 0)
(23.131 0.520837 1.99084e-18)
(29.2342 0.400952 0)
(30.4697 -0.572954 0)
(18.8741 6.11844 -3.11144e-18)
(27.2231 -2.02713 -1.54778e-20)
(22.0138 0.22966 -1.8631e-18)
(18.7421 4.40601 -6.97432e-19)
(19.3141 7.32563 4.51296e-21)
(26.8762 -1.75581 -2.37418e-18)
(34.4784 4.72366 0)
(34.1833 3.82279 6.91763e-18)
(24.8642 1.49318 0)
(31.9613 0.828914 0)
(32.2223 1.09167 0)
(26.4221 -1.75005 -2.11293e-18)
(23.8558 1.69303 -2.90055e-20)
(31.9279 15.8746 -5.86614e-18)
(29.0689 8.8641 -1.85007e-18)
(19.8578 4.15523 2.28133e-18)
(21.0381 2.70605 0)
(28.0863 9.86048 -3.58661e-19)
(22.9549 0.170953 4.32188e-18)
(26.7019 1.75274 0)
(22.6343 1.36404 5.05122e-21)
(22.7169 1.30472 1.50049e-18)
(20.7248 1.80824 -2.85933e-18)
(30.8109 0.13531 -9.47579e-19)
(30.9352 0.553059 0)
(33.4542 3.67608 -3.65771e-18)
(33.1515 4.34142 4.10601e-18)
(33.8449 6.08497 0)
(33.549 6.41772 0)
(23.972 1.06191 -7.44619e-21)
(25.5888 2.12145 5.55807e-19)
(25.3204 1.75118 -9.12047e-19)
(24.8552 1.70336 7.83028e-19)
(24.7998 -1.20033 -1.09568e-18)
(22.2573 8.42025 -2.6313e-20)
(25.5761 12.6465 0)
(24.6133 1.8989 6.86634e-19)
(24.7084 1.91223 6.90259e-19)
(24.627 1.62382 8.54426e-19)
(25.4912 1.95399 2.19301e-20)
(24.6101 1.49113 0)
(24.7865 1.52871 -9.62484e-19)
(24.4306 1.44861 0)
(24.0679 1.38394 0)
(24.915 1.5896 -2.93099e-20)
(23.836 1.51706 2.08728e-18)
(21.3831 1.01141 2.80889e-18)
(25.028 1.69225 -8.29965e-19)
(22.5327 0.353727 -2.80462e-18)
(25.6127 2.10628 0)
(23.269 0.44922 -5.24521e-19)
(25.229 1.67737 -1.04824e-18)
(23.3762 0.522267 -2.56131e-19)
(31.3039 8.36161 2.86723e-18)
(23.6292 0.629521 -1.93981e-18)
(34.0017 3.49053 6.82207e-18)
(24.8782 1.66889 0)
(24.7361 1.73609 -1.57581e-18)
(32.9621 6.06542 -7.12777e-20)
(30.4633 9.24742 1.31495e-18)
(25.1117 1.7593 -8.37889e-19)
(29.5492 -0.122883 -3.38111e-18)
(19.8251 4.64517 0)
(19.2149 5.79591 0)
(24.4295 1.2223 1.27568e-18)
(34.6902 7.55747 7.72666e-18)
(23.0868 0.0290669 0)
(26.9186 9.02705 -9.00537e-19)
(32.6219 6.4266 0)
(22.0221 0.885319 -4.02699e-18)
(25.8362 -1.20684 -1.45111e-18)
(23.1494 1.32016 0)
(19.0793 2.06615 7.95681e-19)
(24.0159 1.00984 3.68929e-19)
(34.6173 8.80688 0)
(21.9041 1.24008 -1.87886e-18)
(27.6237 -1.84411 3.22415e-18)
(27.6563 -1.89859 3.4645e-18)
(25.0211 1.55364 1.16662e-18)
(25.2847 1.82729 -7.85425e-19)
(24.9962 1.73774 1.60688e-18)
(32.1372 1.00285 0)
(33.0105 1.83009 -7.91296e-18)
(22.1178 1.33587 1.74424e-18)
(28.3815 8.99219 -7.89442e-19)
(33.406 2.47754 0)
(31.6704 7.60913 9.23286e-20)
(19.9783 3.35317 4.68034e-18)
(21.4871 -0.60189 0)
(21.6045 -0.360586 0)
(28.1011 -1.02948 2.43874e-18)
(28.6523 -0.776208 2.58246e-18)
(32.1075 8.44888 -2.57124e-18)
(25.0259 1.62551 -2.96213e-20)
(30.1064 10.4855 1.37358e-18)
(30.9989 -0.225005 6.52734e-18)
(26.5774 -2.31644 0)
(28.8992 -1.3553 -9.42796e-19)
(31.2894 0.0274894 -1.33211e-18)
(30.3709 0.518599 0)
(32.724 1.52067 0)
(33.1059 1.92265 4.99123e-18)
(29.2642 -1.30661 0)
(23.4522 -0.915026 0)
(26.7992 -1.10824 0)
(31.3641 1.082 0)
(32.9531 2.77274 -3.36941e-18)
(24.6526 1.58749 8.54574e-19)
(25.3831 1.98516 6.64385e-19)
(24.8577 1.55398 2.99817e-20)
(33.2639 3.02236 0)
(19.1322 3.12798 -7.54107e-20)
(33.0055 5.77115 3.80352e-18)
(33.5191 6.59271 -4.29016e-18)
(25.0211 1.66954 9.08586e-19)
(22.1607 0.797414 -2.00733e-18)
(24.7316 -2.21622 0)
(24.9839 -2.27067 -3.61126e-18)
(22.5923 0.962767 -2.62616e-18)
(20.0052 8.50385 0)
(24.2699 1.0287 1.89442e-18)
(23.2573 0.517659 0)
(31.0373 -0.0602016 3.537e-18)
(32.4134 5.87427 0)
(21.8114 0.313722 -6.35979e-19)
(22.8999 0.764068 5.02596e-21)
(23.5685 0.65096 1.89159e-18)
(31.3937 0.149733 0)
(24.8077 1.37087 0)
(22.0438 1.04633 2.39163e-18)
(20.9378 0.356721 -2.87292e-18)
(20.6513 0.253849 -8.13941e-19)
(21.4798 -0.233875 0)
(25.5911 1.71358 0)
(33.8784 3.17227 -7.12019e-18)
(24.1099 1.5876 9.50803e-19)
(23.9259 1.63757 0)
(21.9525 -0.0120257 -6.85531e-19)
(22.7223 -0.0684683 0)
(22.0189 1.52061 -1.31394e-20)
(24.5033 0.991335 -1.58227e-18)
(24.5559 1.05217 -1.56124e-18)
(24.6514 -1.24546 1.03529e-18)
(27.1389 -0.855711 4.57279e-19)
(21.8832 7.40567 5.32291e-19)
(21.8896 8.73035 4.49653e-19)
(28.3818 -0.827646 0)
(23.574 1.01989 1.44143e-18)
(24.7148 1.55096 9.25249e-19)
(24.7537 1.55124 -9.33007e-19)
(24.7907 1.55182 -9.13024e-19)
(23.8725 1.04473 0)
(23.8278 1.48772 -1.04133e-18)
(17.5295 0.710997 0)
(28.969 -1.00478 -2.10697e-20)
(24.7344 1.39462 1.13999e-18)
(25.0134 1.70369 0)
(30.7754 0.877027 7.48617e-19)
(32.5157 1.50756 5.08475e-18)
(32.7799 1.65958 5.58169e-18)
(32.8379 1.56763 -8.10322e-18)
(21.2496 2.51075 0)
(29.2925 -0.212612 -2.57726e-18)
(23.9558 0.767605 -4.603e-19)
(24.17 -2.71707 6.64208e-19)
(21.4865 8.86693 -5.54722e-19)
(23.8756 1.22512 0)
(24.1496 1.26594 2.30278e-18)
(21.259 -0.423908 -3.49578e-18)
(22.6755 1.41164 5.89037e-21)
(23.3555 1.19708 1.34185e-18)
(23.728 1.05117 0)
(23.8014 1.0472 -1.75634e-18)
(25.0453 1.63644 2.9564e-20)
(26.9959 -2.05239 0)
(26.8636 -2.23086 0)
(20.2916 8.48923 -1.59058e-18)
(20.7679 0.387722 -2.97504e-18)
(23.7295 0.642163 4.6348e-19)
(32.5234 1.22266 -1.96617e-18)
(31.5289 7.58001 2.79807e-18)
(22.4135 0.121595 0)
(24.2969 1.25731 -1.17938e-18)
(22.6224 1.63118 0)
(22.9035 9.81276 0)
(23.3798 1.11918 0)
(27.9684 -0.966258 -2.31385e-18)
(24.8254 1.55271 2.95953e-20)
(24.8009 1.51821 9.58197e-19)
(24.5225 1.41824 0)
(24.3829 1.42602 -9.73881e-19)
(23.9895 1.44511 0)
(25.8497 1.85085 -9.03819e-19)
(21.4487 0.773836 1.35e-20)
(23.5319 1.61159 0)
(24.0818 1.01314 0)
(25.1244 1.66808 -9.72734e-19)
(25.1713 2.12534 0)
(25.1078 2.12882 3.53998e-20)
(25.161 1.70024 0)
(25.1419 1.65607 3.08691e-20)
(25.1265 1.62553 3.06938e-20)
(24.2224 1.07227 1.77519e-18)
(30.0194 8.83725 -1.13975e-18)
(21.5391 8.65373 0)
(28.534 9.63319 8.74944e-19)
(22.0764 1.19644 0)
(24.3818 1.5052 9.13521e-19)
(26.3921 -2.35874 4.74502e-18)
(23.8164 0.569276 0)
(24.6989 1.76805 2.29375e-20)
(24.6894 1.20441 -4.53496e-20)
(22.1433 -1.13817 0)
(21.9365 -0.516032 0)
(22.2344 -0.6673 1.13033e-19)
(23.0775 -0.801047 0)
(23.7879 -0.82293 -6.39154e-19)
(24.231 -1.20895 0)
(22.8283 8.76517 2.24253e-20)
(24.2235 -0.645179 7.5374e-19)
(24.0676 -0.514749 0)
(31.9467 1.80838 -2.74589e-18)
(24.5893 1.52851 2.90871e-20)
(25.8157 1.93432 0)
(24.3587 1.38772 0)
(24.2051 1.40503 1.03479e-18)
(23.7752 1.50469 -3.29484e-20)
(23.6735 1.54292 0)
(34.0109 4.53107 -9.53254e-20)
(23.6246 1.56441 0)
(21.5303 0.86366 2.2604e-18)
(23.3491 -1.33532 5.72767e-19)
(25.1249 1.65715 -9.6781e-19)
(25.2368 2.12152 -5.83061e-19)
(25.1559 1.65486 -3.15885e-20)
(21.3229 12.505 4.67658e-19)
(25.9943 -2.13749 0)
(24.5879 1.33349 0)
(24.6543 1.3064 1.24505e-18)
(27.4437 -1.99298 -6.91165e-18)
(24.5317 1.2676 1.23823e-18)
(25.7823 2.07922 5.99847e-19)
(22.1106 6.69501 5.39494e-19)
(25.1754 -0.869265 0)
(24.5872 1.18389 4.34324e-20)
(31.0828 -0.165174 -6.59507e-18)
(24.7323 1.32146 3.99704e-20)
(26.4623 -1.58742 -2.48492e-18)
(34.4579 4.8783 0)
(30.4249 0.798397 2.15402e-18)
(30.13 0.381532 5.56352e-18)
(23.7689 0.791907 1.71771e-18)
(24.3022 1.62773 -8.66547e-19)
(20.3924 -2.49307 0)
(21.6833 0.305023 6.32243e-19)
(29.8505 -1.00382 1.4554e-18)
(28.1988 -0.696646 0)
(23.5381 1.09166 0)
(23.6906 1.07456 0)
(31.5908 1.2989 0)
(24.6662 1.85622 7.23605e-19)
(25.1897 1.89548 -2.22566e-20)
(25.8578 1.90759 0)
(23.9049 1.06249 0)
(26.7344 -2.25441 -3.43009e-18)
(21.323 0.799973 0)
(30.9196 0.895614 7.79396e-19)
(24.3317 1.53677 -8.98674e-19)
(24.9285 1.48835 0)
(28.8352 -1.31703 7.18358e-18)
(19.4702 3.6057 2.58063e-18)
(28.3488 10.6619 1.82685e-18)
(24.4572 1.32998 1.19568e-18)
(26.3926 1.92909 5.72455e-19)
(26.7209 1.77809 6.87247e-19)
(23.0011 -0.756614 1.65493e-20)
(23.1309 -0.756863 5.59355e-19)
(22.1946 8.00531 0)
(24.1427 -0.620213 -6.96251e-19)
(20.5841 1.77205 2.33336e-18)
(31.3526 0.615239 -3.99815e-18)
(25.834 1.93567 -1.80801e-21)
(33.2002 2.89761 -4.84098e-18)
(33.6771 4.40695 -4.78979e-18)
(33.7917 6.64214 4.62416e-18)
(31.9556 4.97179 0)
(23.5519 1.64002 0)
(24.4538 1.48574 2.97975e-20)
(21.0137 12.961 -7.09312e-19)
(32.9777 12.3454 -2.79043e-18)
(25.9642 2.02509 -6.19592e-19)
(22.7269 -2.71838 1.25808e-18)
(20.9883 0.632018 2.6361e-18)
(24.1695 -1.51643 0)
(24.9162 1.47767 0)
(19.0937 3.83882 -2.06112e-18)
(23.4155 1.0881 1.4129e-18)
(25.6427 1.97516 -6.72247e-19)
(26.0977 -1.9795 0)
(29.5591 0.371606 0)
(21.5356 1.37645 2.01832e-18)
(31.4411 1.15057 0)
(31.5845 1.19235 -3.75209e-18)
(32.5361 2.23331 -4.22911e-18)
(32.8896 2.65879 -1.12684e-18)
(31.6733 2.41776 -2.98759e-18)
(25.6032 1.86405 2.59377e-20)
(24.0699 1.41336 3.24743e-20)
(33.3879 3.28501 4.96032e-18)
(33.7728 4.88005 0)
(33.3532 5.88458 3.1427e-18)
(33.7272 5.81632 4.65639e-18)
(33.6002 6.89545 4.38679e-18)
(33.614 8.3578 -3.45858e-18)
(23.5987 -1.45937 -6.80328e-19)
(25.5327 1.78989 0)
(19.3472 9.10368 0)
(19.5785 9.4209 0)
(25.1028 1.62608 -3.21834e-20)
(20.8466 0.9319 -1.21791e-18)
(25.6452 2.10818 0)
(25.9073 2.04458 1.88833e-20)
(32.8594 6.51172 3.62454e-18)
(25.0221 1.54819 -1.21164e-18)
(28.3245 -0.440393 4.81341e-18)
(31.1312 -0.150329 -5.92196e-18)
(30.6515 0.954024 -3.49222e-18)
(21.0875 2.60589 3.11775e-20)
(25.0242 1.5394 -4.08363e-20)
(24.2321 1.60218 9.19934e-19)
(33.1301 9.19558 4.27952e-18)
(25.2564 1.76165 0)
(23.753 1.28549 0)
(24.898 1.40026 0)
(25.2609 1.68397 1.21299e-18)
(34.2705 5.29147 0)
(26.8844 1.59605 0)
(25.6898 -1.27208 0)
(26.2595 -1.32817 -4.30263e-19)
(23.2236 1.28921 1.28299e-18)
(28.3367 -0.755837 0)
(28.6074 -0.706712 -2.53052e-18)
(28.7413 -0.756998 -5.33004e-18)
(31.778 2.31889 -7.97227e-19)
(32.3199 2.46488 -3.79051e-18)
(21.6319 -1.48175 0)
(24.1371 1.0502 -1.63873e-18)
(25.5895 1.80553 9.60165e-19)
(34.0937 7.44184 1.0306e-17)
(24.137 1.62044 2.82244e-20)
(24.8174 1.27794 1.51225e-18)
(21.212 -2.23102 -5.37428e-20)
(31.487 8.59992 2.64178e-18)
(32.3138 1.4656 -3.52542e-18)
(20.8026 0.835131 -6.42252e-19)
(25.0383 1.95286 4.06649e-20)
(17.2361 6.09053 0)
(24.1562 1.09895 1.07518e-18)
(30.0097 9.41128 1.19129e-18)
(26.9734 -1.83262 -1.07091e-20)
(23.9607 1.66767 -9.20118e-19)
(32.4513 1.12993 1.86737e-18)
(27.8402 -1.90621 3.5599e-18)
(21.6768 -0.0635075 7.4702e-19)
(30.0252 0.00353553 3.01481e-18)
(23.5861 1.15208 1.3325e-18)
(31.2147 0.591083 3.81155e-18)
(32.1495 2.07497 0)
(32.4506 2.24285 -5.05679e-18)
(29.3692 10.9529 -1.19677e-18)
(21.6303 1.33595 1.97157e-18)
(23.9413 1.04431 -1.41926e-18)
(18.7651 5.13571 -2.64893e-18)
(26.0762 -2.14247 -2.35313e-18)
(33.4438 11.7425 -1.352e-17)
(26.0157 2.00444 1.96593e-20)
(22.7806 0.796854 0)
(20.4612 0.295149 3.96654e-18)
(31.7525 0.450495 4.09321e-18)
(33.3568 2.48915 -5.91374e-18)
(22.2151 0.166296 0)
(19.6475 3.51041 -2.43306e-18)
(21.7606 -0.323193 -3.22871e-18)
(25.5455 -2.48923 0)
(23.625 1.31968 3.77153e-20)
(23.4504 12.594 -3.44596e-19)
(26.8215 9.10166 8.70079e-19)
(23.9728 1.25974 -1.26759e-18)
(29.3444 -1.19973 0)
(28.5344 10.7813 9.94827e-19)
(21.3541 6.68705 2.71192e-18)
(30.3007 -0.169944 8.74934e-19)
(19.182 2.8999 -7.35712e-20)
(34.7441 8.24247 -6.50456e-18)
(29.5003 10.5632 1.18578e-18)
(23.7039 -1.02273 -5.05851e-19)
(22.1577 8.15588 0)
(24.692 1.92819 -6.62945e-19)
(25.1266 1.91613 7.11279e-19)
(25.1243 1.88637 2.20958e-20)
(25.2788 1.96727 1.33779e-18)
(25.8093 1.96515 -1.44555e-18)
(24.9725 1.62432 2.86665e-20)
(25.5034 2.09263 5.85989e-19)
(25.5194 2.0953 -5.82844e-19)
(25.0199 1.63613 0)
(17.0555 6.53628 0)
(25.482 2.11013 0)
(24.8579 1.65705 0)
(33.9088 3.91208 9.48691e-20)
(25.9401 -1.05501 1.43475e-18)
(22.5548 1.43002 0)
(28.1993 -0.856512 2.39043e-18)
(33.0623 11.9529 8.28967e-18)
(25.6007 -2.2719 0)
(24.5635 1.23264 -1.30523e-18)
(25.234 1.67465 -1.07732e-18)
(25.7533 1.81201 1.0363e-18)
(30.4062 0.707306 -4.91872e-18)
(22.7561 0.91666 -4.22426e-19)
(23.9781 1.6482 -8.92923e-19)
(23.8792 1.25872 0)
(31.7507 0.709458 -3.43211e-18)
(26.7284 1.49199 -1.10318e-18)
(21.8934 -0.454583 0)
(25.9925 -0.980695 0)
(23.1956 1.32653 0)
(28.997 -0.847717 0)
(24.611 1.87258 0)
(24.6529 1.87426 -6.72388e-19)
(24.6961 1.87579 2.14716e-20)
(25.0264 1.91517 2.12076e-20)
(25.0765 1.91581 -7.06247e-19)
(33.3481 4.9591 8.42104e-18)
(32.9966 8.38462 4.00826e-18)
(26.0553 1.70369 9.56221e-19)
(20.1579 -0.505432 0)
(25.5604 1.78054 -1.05761e-18)
(22.0176 7.40312 -1.54364e-18)
(32.507 5.96533 2.53248e-18)
(29.1359 9.72272 1.01242e-18)
(19.0775 -0.337477 1.16494e-19)
(22.5872 -2.32472 -6.81668e-19)
(22.6344 0.76726 0)
(34.1956 6.79916 0)
(24.4346 0.985814 -3.52829e-18)
(29.887 -0.965487 5.0177e-18)
(21.145 1.10205 -2.31718e-18)
(35.1552 7.5457 -1.96157e-19)
(34.9572 7.57443 5.32632e-18)
(25.2688 1.78379 -8.59429e-19)
(25.2259 1.79839 2.50782e-20)
(19.5113 6.63215 -1.57618e-18)
(24.9812 1.49432 1.34812e-18)
(31.2331 0.280558 3.20238e-18)
(24.5028 1.85584 0)
(24.5713 1.87196 0)
(24.6639 1.93447 0)
(25.2246 1.9139 -7.01895e-19)
(25.5893 1.9254 0)
(25.8239 1.90549 2.49567e-20)
(25.9089 1.9076 2.46751e-20)
(23.9689 1.49499 0)
(25.4527 2.10489 -5.74263e-19)
(23.5148 -1.41921 0)
(27.1155 -1.97341 0)
(26.9857 -2.16939 0)
(24.5276 1.29268 1.85763e-20)
(25.315 1.73844 -2.92761e-20)
(31.389 0.200231 0)
(25.7684 1.81094 -3.14304e-20)
(19.0294 5.1426 1.96369e-18)
(24.3976 1.61592 -8.89303e-19)
(27.5668 -0.600172 0)
(28.2664 8.94757 -2.92934e-18)
(32.6989 6.1571 8.08959e-19)
(21.0593 0.879839 -6.26483e-19)
(32.7357 2.55027 0)
(24.9274 1.91271 -2.10399e-20)
(31.5979 2.42429 3.43794e-20)
(31.7228 2.91813 -2.8004e-18)
(27.5726 -1.63833 0)
(24.3298 1.21471 1.23687e-18)
(21.2122 2.78075 0)
(24.2388 0.855653 0)
(20.5302 -0.339517 0)
(32.0897 1.31446 -5.43682e-18)
(26.5077 1.8902 5.93501e-19)
(26.7374 1.72539 1.27362e-18)
(22.8391 9.60964 4.69708e-19)
(29.1402 -0.574887 0)
(24.5472 1.88059 6.90995e-19)
(24.7388 1.90507 6.75505e-19)
(24.7843 1.90763 -2.09596e-20)
(24.8341 1.88159 -6.9053e-19)
(25.348 1.99697 -6.73057e-19)
(24.7355 1.56283 9.11375e-19)
(25.9217 1.89184 8.11823e-19)
(25.9289 1.87536 0)
(33.2879 6.37114 0)
(25.5499 2.09959 -1.80201e-20)
(31.3727 10.9508 5.40511e-18)
(19.5212 8.78302 0)
(22.1899 -2.54072 8.7371e-19)
(26.0626 1.98279 6.22647e-19)
(30.3103 0.56492 0)
(26.2416 1.89016 -6.8397e-19)
(24.7756 1.2653 1.50195e-18)
(32.509 1.30885 -8.38703e-18)
(26.1418 1.85914 -7.73828e-19)
(22.6073 0.0938356 6.41177e-19)
(19.3 3.93566 0)
(32.5672 6.19301 -2.58711e-18)
(24.5636 1.00482 1.22861e-18)
(21.0226 1.1556 2.37849e-18)
(22.3877 8.6917 0)
(31.6979 2.32725 7.68562e-19)
(25.9783 1.90178 0)
(24.9583 1.57051 9.99223e-19)
(33.0443 4.30066 -3.94145e-18)
(22.6672 0.63316 -4.92944e-19)
(25.6191 2.1235 5.56325e-19)
(24.6669 1.342 -1.15445e-18)
(24.5566 1.2572 -7.30099e-21)
(21.231 0.703281 0)
(23.4011 0.730166 0)
(24.8504 1.39242 1.33706e-18)
(24.8434 1.40865 -1.28881e-18)
(24.4042 1.54121 9.14871e-19)
(24.066 1.62441 2.83378e-20)
(24.3256 0.9386 1.7823e-18)
(25.2147 1.67025 -2.67849e-18)
(25.2133 1.68004 7.75276e-20)
(25.2616 -1.29086 -1.26039e-18)
(26.6496 -1.18155 -4.46462e-19)
(22.4922 1.44154 0)
(23.8051 1.007 0)
(30.8616 -0.179729 -1.14253e-18)
(28.8688 -1.41831 0)
(32.7327 1.68519 -5.44343e-18)
(30.2607 -0.540088 -3.11392e-18)
(26.8991 1.56061 -5.31268e-19)
(26.9269 1.58661 0)
(29.182 -0.483707 -2.71069e-18)
(32.3837 2.14481 1.01358e-18)
(32.9122 4.13631 2.8426e-18)
(30.8281 10.5217 -3.15589e-18)
(31.204 -0.0395879 1.3835e-18)
(31.1302 0.88176 -8.55188e-19)
(28.3874 9.88391 -2.45513e-20)
(21.2898 0.928362 -1.71893e-18)
(25.9167 1.9684 -2.18576e-20)
(30.8738 0.59589 0)
(25.385 2.11316 1.62413e-20)
(22.4042 -1.95418 -5.52157e-19)
(24.0159 -2.43 0)
(25.5174 1.81312 -8.65408e-19)
(29.3257 -1.14604 -9.86395e-19)
(23.5181 -2.66506 0)
(31.263 -0.027622 5.65569e-18)
(21.2642 8.9289 -3.68783e-20)
(24.1554 1.49756 0)
(21.9844 0.973973 8.10124e-21)
(24.6664 1.12596 0)
(19.2971 6.48039 -5.52328e-19)
(24.6231 1.85501 0)
(25.0307 1.65826 -2.80711e-20)
(23.3708 -1.61205 -6.138e-19)
(30.9493 -0.174067 4.45867e-20)
(24.6711 1.32024 0)
(26.4846 -2.14973 -1.00561e-20)
(24.2054 -1.36288 9.00608e-19)
(31.3533 0.0392418 5.73559e-18)
(21.38 -0.760219 0)
(20.9053 1.07802 -1.81041e-18)
(26.9634 1.59855 5.7726e-19)
(21.5326 1.48164 1.45194e-18)
(24.9981 2.13409 5.17032e-19)
(26.5606 -2.14788 2.76858e-18)
(29.5772 0.514382 -3.45395e-18)
(23.5997 0.731734 0)
(24.3583 1.20222 -1.27505e-18)
(24.8447 1.80165 7.38752e-19)
(25.0841 2.0492 5.78587e-19)
(19.0432 6.59647 0)
(33.6978 3.59159 5.33429e-18)
(25.1001 -2.2003 3.51231e-18)
(24.5356 1.62803 -8.23008e-19)
(29.4539 0.429009 1.1627e-18)
(25.7027 1.78565 -1.12138e-18)
(28.6203 -1.09334 0)
(25.0265 2.04793 0)
(24.6106 1.51565 0)
(33.3118 4.66712 1.05468e-18)
(24.2905 1.15253 0)
(24.3807 1.53101 -1.8535e-18)
(19.305 -2.10384 -5.76732e-19)
(32.4684 9.08211 0)
(25.9631 1.80144 9.29694e-19)
(31.8005 8.53476 0)
(25.1193 2.13302 5.21667e-19)
(30.7767 -0.235967 1.14134e-18)
(34.6036 6.70432 1.21751e-17)
(25.0573 -1.66717 0)
(24.473 1.57233 8.89216e-19)
(22.6243 -0.727899 0)
(23.8449 -0.999625 -6.98426e-19)
(24.0444 -0.911427 5.48688e-19)
(24.1318 -0.939078 1.90129e-19)
(24.5599 -1.22161 -9.82683e-19)
(30.7162 -0.0760207 0)
(31.4964 1.01155 9.3027e-19)
(25.9956 1.84112 8.42052e-19)
(33.3049 8.19205 -4.36345e-18)
(33.505 8.17333 9.0022e-18)
(25.1607 1.66559 -3.07988e-20)
(25.1998 1.65841 -3.40487e-20)
(29.0001 9.83901 0)
(29.4305 0.49263 -1.11754e-18)
(24.7512 1.38746 -1.21623e-18)
(30.0583 -0.8037 0)
(28.4717 -0.811905 -2.53084e-18)
(30.6382 0.859034 7.35192e-19)
(20.7644 1.94216 5.56671e-19)
(27.5485 -1.08394 -2.15374e-18)
(27.6827 -1.15512 -1.19883e-20)
(33.0165 4.17064 3.95614e-18)
(33.5431 3.43382 1.29326e-18)
(25.5897 1.81394 0)
(34.6567 7.81089 -7.80495e-18)
(28.9787 -0.224821 0)
(34.4137 5.54997 0)
(28.8955 10.3379 2.02112e-18)
(34.2967 5.47905 -5.62166e-18)
(27.125 11.9214 -8.00049e-19)
(20.7159 0.561422 7.25082e-19)
(23.4367 -1.84408 -5.03847e-19)
(19.213 -0.729773 -2.58834e-19)
(30.2133 8.43473 7.88063e-21)
(23.2105 0.412844 5.26421e-19)
(18.6852 -0.224977 0)
(25.6666 1.77161 3.56916e-20)
(29.0483 -0.756307 -2.87637e-18)
(33.5643 4.36448 3.54938e-18)
(25.0522 1.6057 -9.87342e-19)
(25.5702 1.80871 9.35802e-19)
(26.0785 1.68919 0)
(26.1505 1.59934 -1.16276e-20)
(26.0365 1.54437 -1.09746e-18)
(29.1814 9.28378 9.98463e-19)
(29.0295 -0.913339 -3.07179e-18)
(26.79 -2.13606 -2.98884e-18)
(28.0847 -1.75032 -2.03928e-20)
(28.1944 -0.539419 5.18239e-19)
(21.1973 -0.110086 0)
(21.0181 -0.115366 0)
(21.5266 -0.0857668 -7.41905e-19)
(32.5213 1.3464 -1.37901e-18)
(29.0289 10.0226 2.02547e-18)
(29.5263 0.0368661 -2.35803e-18)
(28.205 -1.24989 0)
(21.2563 1.65271 -4.07556e-18)
(30.8498 0.24124 2.75289e-18)
(26.0123 1.77492 2.12082e-20)
(30.2429 10.3025 0)
(25.2499 2.12579 1.75786e-20)
(34.8185 8.71274 1.66803e-18)
(32.7799 1.497 -9.13112e-18)
(25.1315 1.76986 2.52427e-20)
(35.0335 8.29127 7.32189e-18)
(21.5793 -0.527781 3.49598e-18)
(30.1266 0.928698 0)
(25.9896 1.88259 2.52868e-20)
(25.0829 1.65819 0)
(25.0351 1.57767 -1.08814e-18)
(28.0034 -1.85677 0)
(23.6549 0.709934 -4.47909e-19)
(21.3113 -0.258287 0)
(24.1586 1.57748 0)
(24.4558 1.14165 0)
(26.8008 1.51028 -6.50982e-19)
(22.1306 -0.623389 0)
(22.4573 -0.735428 -2.09265e-19)
(23.2768 1.21798 1.67623e-18)
(33.5275 4.21841 5.85685e-18)
(25.0452 2.12816 0)
(30.1266 8.3171 -3.4423e-18)
(25.6256 1.81468 -9.53817e-19)
(26.92 -2.05856 5.79394e-18)
(24.586 1.14331 1.53194e-18)
(28.6848 8.7507 -7.68162e-19)
(24.6086 1.58877 2.73249e-20)
(23.4438 -0.522129 5.11596e-19)
(23.3777 -0.409328 -1.18159e-19)
(24.7151 -2.40657 1.79196e-18)
(19.4299 -0.461282 -5.99395e-20)
(28.6621 -1.23054 2.00371e-20)
(23.9418 -2.07191 0)
(19.7954 -0.531429 -1.13375e-18)
(29.289 9.17102 -1.9901e-18)
(30.175 -0.643524 3.22054e-18)
(32.7449 9.35313 3.06204e-18)
(29.0061 -0.534113 -2.64633e-18)
(29.1337 -0.419864 2.65981e-18)
(30.2378 8.69309 1.17442e-18)
(29.3083 9.77318 0)
(26.5762 1.79123 -1.27187e-18)
(23.231 1.20712 -3.48185e-19)
(25.0847 2.11612 0)
(25.4247 2.14206 -5.44551e-19)
(25.1744 1.66403 1.03627e-18)
(25.256 1.71251 -9.83745e-19)
(25.5428 1.77645 0)
(26.941 -2.12251 0)
(29.5997 10.199 0)
(27.9081 10.107 -2.39886e-18)
(24.2069 1.4887 0)
(24.2332 -0.728224 0)
(31.7409 2.14211 -4.04729e-18)
(25.9965 1.7433 9.43818e-21)
(23.3257 -2.26428 9.02469e-19)
(26.3694 -1.58257 2.40117e-18)
(34.3315 4.18589 -7.62389e-18)
(30.2611 8.9621 2.49538e-18)
(25.9723 1.65055 0)
(29.9931 -0.612462 0)
(24.7879 1.28032 0)
(25.1093 1.60319 0)
(21.8065 -0.926348 0)
(24.6269 1.90756 -2.68596e-21)
(25.9499 1.66797 1.04711e-18)
(23.0139 -1.70203 0)
(26.1422 1.35748 -1.02863e-18)
(18.8472 -0.561224 -1.19795e-18)
(30.0692 0.430661 -5.72147e-18)
(25.1549 1.64828 0)
(25.2285 1.82039 2.4302e-20)
(22.3322 -2.76313 -3.66669e-18)
(22.5068 0.817772 1.84884e-18)
(34.3505 7.74524 0)
(33.0023 6.47154 9.46402e-19)
(24.8878 -2.53775 0)
(21.5353 -0.179229 0)
(23.7992 1.12484 -1.65716e-19)
(29.8411 -0.809573 0)
(25.2882 1.71746 9.40529e-19)
(24.8319 1.46929 3.91548e-20)
(25.3066 1.85767 -7.59573e-19)
(33.2545 6.53538 -4.08151e-18)
(31.7721 5.06139 3.39807e-19)
(23.9928 -2.19594 -1.16746e-18)
(28.0704 10.0472 1.60489e-18)
(22.5566 0.753652 -1.89482e-18)
(28.0487 -1.1162 -2.52728e-18)
(23.926 1.39736 -1.08066e-18)
(30.9564 10.7438 3.28319e-18)
(22.8296 -1.689 2.89478e-20)
(27.1935 -1.96618 3.0237e-18)
(31.4583 8.42589 -2.93087e-18)
(21.7895 1.63088 4.02475e-18)
(35.1066 6.97313 1.79839e-17)
(26.857 -2.24068 4.12478e-18)
(32.6197 1.73633 1.2424e-18)
(22.3084 0.0857094 0)
(31.4375 0.367556 -4.6176e-18)
(24.9176 1.69214 8.3124e-19)
(21.3926 -0.73113 0)
(20.9223 0.92857 3.16765e-18)
(26.5136 1.86993 -5.19115e-19)
(21.7419 -0.450903 1.52683e-19)
(23.3073 -0.618185 -4.77414e-19)
(22.6801 8.68905 -9.54813e-19)
(23.8693 1.41119 -2.2005e-18)
(23.0901 -1.75354 5.22345e-19)
(31.2205 10.7216 -6.9101e-18)
(26.5051 -2.22058 0)
(25.1935 1.65217 0)
(20.3327 -2.71202 0)
(20.5464 0.613825 -7.18466e-19)
(26.5684 1.83974 5.31639e-19)
(22.5747 -0.759882 0)
(22.8422 -0.87741 -1.9205e-20)
(23.9874 -0.971717 0)
(24.5451 1.48049 9.66972e-19)
(33.7273 5.64559 -8.89607e-20)
(31.7565 8.36055 0)
(24.0962 -2.34311 0)
(25.7364 1.19658 -1.21118e-18)
(16.764 0.612397 2.63501e-18)
(27.5669 -1.78504 7.44961e-19)
(23.3513 0.703412 -1.79206e-18)
(27.1287 -1.66972 0)
(24.0501 1.66203 1.24596e-18)
(18.5799 -2.25532 0)
(26.4023 1.94227 5.64879e-19)
(26.8238 1.6514 4.09154e-20)
(24.7869 1.87967 -7.12029e-19)
(25.1603 1.63217 -1.13219e-18)
(20.8552 -2.31768 -1.15641e-19)
(26.5561 -1.18101 2.15489e-18)
(22.4037 1.95656 -1.78576e-18)
(24.7669 1.51677 0)
(19.4458 1.88004 -7.53812e-19)
(24.4541 1.4599 0)
(23.8254 -2.13213 1.05723e-18)
(26.0391 1.6619 0)
(25.6902 -2.36274 2.45612e-18)
(23.3915 0.457989 -2.09642e-18)
(30.1707 0.564512 2.29667e-20)
(24.3326 1.51081 0)
(21.0927 0.736113 -2.56095e-18)
(23.8442 -2.63331 -1.2746e-18)
(34.8749 8.42167 4.97931e-18)
(20.3506 0.871495 -2.20161e-18)
(33.5962 4.10493 -6.00183e-18)
(27.1368 -1.89975 0)
(22.565 8.29169 0)
(33.552 3.96062 1.20824e-18)
(24.2792 1.61907 0)
(26.8767 1.54915 -7.32618e-20)
(23.7302 -0.878685 6.55662e-19)
(25.3263 2.01481 0)
(32.8793 8.56683 -4.02357e-18)
(26.2403 1.69309 -8.52813e-19)
(25.3415 1.71975 3.25609e-20)
(29.7331 -0.9671 2.99996e-20)
(24.7199 1.36107 -3.74854e-20)
(24.7832 1.31233 0)
(24.8506 1.72576 7.94495e-19)
(31.7646 2.9999 0)
(22.7503 -1.3009 0)
(30.6015 -0.345573 -1.09616e-18)
(24.3086 1.01707 -1.18291e-18)
(28.3658 -0.355597 -1.59697e-18)
(29.3946 -1.16137 6.00962e-18)
(25.1269 -2.59379 -8.72586e-19)
(25.1434 1.92554 -7.04561e-19)
(26.1258 1.95523 -2.05889e-20)
(32.4795 1.37706 -3.93128e-18)
(25.9326 1.81438 2.91561e-20)
(17.6158 0.683696 -1.66747e-18)
(30.175 8.82933 1.18309e-18)
(23.009 0.672351 -1.82887e-18)
(27.0248 -0.6186 -1.67948e-18)
(21.4053 -0.573001 3.67541e-18)
(33.8502 5.90555 -4.72552e-18)
(32.4994 5.37416 -8.26244e-19)
(24.14 -1.94903 -2.20059e-18)
(24.6964 -2.30337 0)
(17.5336 0.696976 3.30014e-18)
(25.6599 1.60481 -1.322e-18)
(25.3048 1.70451 -1.05395e-18)
(25.216 1.66528 -1.25208e-18)
(24.0449 1.6424 -8.53017e-19)
(26.5156 -2.29674 0)
(26.1237 -2.42066 -3.26573e-18)
(24.4973 1.55818 0)
(24.7363 1.5865 -2.77737e-20)
(25.4981 1.75826 0)
(21.5239 -0.752401 0)
(24.2647 -1.29976 0)
(27.2564 -1.26104 4.27136e-18)
(31.6964 1.96367 0)
(31.5875 8.30942 0)
(25.9956 1.69293 -9.8217e-19)
(25.6782 -2.2796 2.28162e-18)
(29.8879 -0.593877 -2.79664e-20)
(33.2338 2.51268 -5.44373e-18)
(26.4084 1.89478 0)
(22.5391 8.77945 6.57684e-19)
(25.2274 1.94251 2.1236e-20)
(25.5726 1.93897 0)
(24.9631 1.60216 -9.45297e-19)
(25.0779 1.66934 0)
(25.2111 1.68246 -3.10253e-20)
(22.9436 0.64797 1.88669e-18)
(23.1371 0.44891 -2.60033e-18)
(27.5464 -1.85582 3.13187e-18)
(29.8136 0.553064 -1.60035e-20)
(29.2112 10.087 -1.08764e-18)
(21.8966 -2.75435 1.65415e-18)
(25.1103 -2.60985 6.68864e-18)
(26.038 11.4057 0)
(26.0283 1.92686 -7.53634e-19)
(20.344 1.05952 -2.04863e-18)
(34.3508 6.49046 0)
(28.0248 -1.81419 7.59432e-18)
(21.3308 -0.0675931 0)
(31.6629 8.66266 -3.08027e-18)
(33.9382 8.519 1.27067e-18)
(32.1688 1.402 1.09895e-18)
(28.7291 10.6683 2.05838e-18)
(22.447 -1.23785 -1.30255e-19)
(29.7723 -0.113267 0)
(25.5261 11.2459 7.33763e-19)
(20.3688 1.40672 -2.59875e-18)
(31.7262 2.49928 3.03216e-18)
(33.1069 6.58517 0)
(24.1807 1.47922 0)
(19.6016 -0.257572 6.36397e-19)
(22.8404 -2.81736 0)
(28.7552 -1.27527 6.76284e-18)
(27.5579 -1.56317 0)
(25.3234 1.70706 -1.21234e-18)
(31.5578 1.90664 0)
(25.6491 -1.18591 1.38628e-18)
(25.7839 -1.28326 1.48707e-18)
(24.8869 1.94676 6.49221e-19)
(19.1216 1.62475 -2.50015e-18)
(21.8115 1.0627 1.92822e-18)
(25.3602 1.76802 0)
(22.3764 -0.603149 0)
(21.1642 1.72056 -2.09006e-18)
(25.2868 1.84874 0)
(25.556 1.8254 0)
(33.1251 3.8453 3.2131e-18)
(33.5091 3.16699 1.33783e-18)
(34.6022 6.48044 -6.04534e-18)
(26.0455 -2.22108 3.03507e-18)
(28.8205 -1.3811 -2.75966e-18)
(24.7872 1.37516 -1.28164e-18)
(29.585 -1.14364 6.20733e-18)
(33.1846 2.02197 -1.3242e-17)
(19.0611 -2.57544 1.23349e-19)
(27.3848 -0.607193 3.35452e-18)
(25.4484 2.03218 6.1126e-19)
(23.8264 -2.48921 1.44427e-18)
(32.6084 5.32087 -3.40431e-18)
(25.2078 -2.48863 -2.36618e-18)
(25.1489 -0.783868 1.04397e-18)
(22.5327 -1.21317 0)
(25.827 1.44019 -3.81366e-20)
(25.6086 1.93039 7.40181e-19)
(25.6975 1.93291 -7.69844e-19)
(25.8061 1.94888 7.32116e-19)
(29.0873 10.4189 1.09152e-18)
(27.1133 -0.620549 0)
(27.8936 11.0589 -8.45404e-19)
(24.0615 1.20047 0)
(26.8973 1.56936 6.40314e-19)
(25.3403 -2.49965 0)
(22.8863 0.69548 6.50955e-21)
(27.9898 -1.87129 4.47957e-18)
(26.5403 1.84437 7.60083e-20)
(29.6609 -0.394346 6.16385e-18)
(20.6396 1.0626 -6.60793e-19)
(32.0831 1.98497 0)
(25.5168 1.92181 -1.49383e-18)
(24.2322 1.47103 3.04911e-20)
(21.7723 -1.72552 3.58364e-20)
(32.2616 9.03066 0)
(28.0649 -1.83609 4.19526e-18)
(27.9772 11.7357 1.00014e-18)
(29.6541 -1.10897 3.849e-18)
(28.5771 -1.25099 -3.10364e-18)
(35.1972 7.35042 6.29165e-18)
(21.5732 -0.301774 5.00924e-19)
(25.7334 1.93968 7.41583e-19)
(25.8277 1.96639 7.32627e-19)
(23.4431 1.58173 0)
(29.5589 -1.1686 1.37923e-18)
(23.0729 0.41396 5.23533e-19)
(32.644 1.31021 6.65226e-18)
(32.9807 2.01751 1.37296e-18)
(29.3822 0.0550228 -1.53149e-19)
(24.651 1.84645 -7.3175e-19)
(29.3291 10.716 1.18733e-18)
(25.1167 1.69091 -8.70561e-19)
(22.8597 0.471246 -2.05081e-18)
(23.4599 -0.36212 0)
(29.541 -1.10277 -4.35266e-18)
(27.7818 -1.81673 0)
(25.2972 1.7132 1.02842e-18)
(26.0743 1.99476 -6.41057e-19)
(25.6352 1.78728 3.39732e-20)
(25.7067 -1.7738 -1.74396e-18)
(25.0695 1.57633 0)
(26.633 1.78351 0)
(23.6797 1.48719 1.08032e-18)
(33.0578 3.94619 1.02089e-18)
(34.4776 6.37733 5.91241e-18)
(24.1197 0.998833 0)
(22.5515 -2.53942 -8.97458e-19)
(20.3807 -0.111635 -6.8217e-19)
(24.9036 -1.46763 -1.21274e-18)
(27.0796 -1.10165 2.42993e-18)
(24.9066 1.56731 -9.35817e-19)
(27.992 -1.65052 -7.94661e-19)
(25.2607 -2.56795 -7.55831e-21)
(24.2579 1.50779 -9.8323e-19)
(33.8208 8.32716 1.23007e-18)
(24.7101 1.18303 -1.49143e-18)
(25.9005 -1.54523 0)
(28.9458 11.0063 1.14047e-18)
(22.2705 -1.82597 0)
(27.4897 -1.72173 0)
(19.8282 -2.26583 -1.32657e-19)
(24.6594 -1.49226 -1.10463e-18)
(22.865 0.217718 6.16227e-19)
(29.1178 -0.265823 0)
(25.9137 1.19786 -1.09589e-18)
(25.17 -2.394 0)
(24.8375 1.66854 -8.61482e-19)
(26.5893 1.81333 4.38099e-21)
(20.4955 1.1412 3.34048e-18)
(32.2336 2.47099 2.7779e-18)
(25.8996 1.86238 2.71632e-20)
(26.0415 1.79432 -7.77043e-21)
(30.2468 -0.656414 1.12745e-18)
(25.1809 1.8649 0)
(22.3704 7.1859 0)
(27.6584 -1.62923 2.8449e-18)
(24.4608 0.959051 1.87056e-18)
(25.0855 1.5914 -8.2875e-20)
(21.9783 -0.442764 0)
(30.9701 0.756805 -4.17438e-18)
(26.1485 1.31621 1.02887e-18)
(24.9065 1.48303 0)
(21.5856 -0.193184 0)
(21.4237 0.0565434 6.2139e-20)
(21.7621 -0.392186 -3.1057e-20)
(32.9617 8.76407 8.22816e-18)
(30.4504 0.566985 -2.93846e-18)
(26.0319 -2.41866 3.57092e-18)
(32.475 6.0953 4.07422e-18)
(21.6691 -0.212587 0)
(24.7555 1.88768 2.40851e-23)
(25.6818 2.09336 -1.8007e-20)
(32.6559 1.34597 -1.29587e-17)
(34.2993 7.14145 -5.51719e-18)
(25.2748 2.1337 -6.97581e-20)
(25.3579 1.72142 -3.34554e-20)
(24.4521 1.53678 0)
(26.5266 1.36578 0)
(25.0803 1.70316 8.62932e-19)
(26.7916 1.64766 -4.08008e-20)
(26.8148 1.62489 0)
(26.6159 -1.51034 -2.50213e-18)
(22.3989 1.89488 3.60355e-19)
(23.9001 1.4196 3.36422e-20)
(27.1507 -2.03669 1.44115e-20)
(32.8627 1.76786 1.14132e-17)
(19.9681 3.87471 -2.24526e-18)
(29.2707 -0.612223 2.94261e-18)
(20.1053 1.64383 4.80258e-20)
(24.7924 1.69139 8.14173e-19)
(25.6599 2.03618 1.98387e-20)
(25.6967 1.68662 1.22997e-18)
(25.5485 -2.49845 -1.30545e-20)
(33.6382 6.71161 -4.53165e-18)
(24.1288 1.48862 0)
(22.424 7.09232 -4.18229e-19)
(25.4027 1.7977 -2.70802e-20)
(32.0969 9.18855 0)
(25.2246 1.86346 0)
(25.0896 1.59886 -1.13713e-18)
(24.8259 1.73667 1.1245e-21)
(33.2789 2.36298 5.83808e-18)
(32.5186 1.17118 0)
(21.5596 -2.20558 1.18585e-19)
(32.1428 9.39461 0)
(25.0971 2.05611 -5.603e-19)
(24.6548 1.20932 0)
(24.9886 1.5045 0)
(34.17 7.00904 -5.17255e-18)
(31.6416 2.2481 -8.07296e-19)
(24.8617 1.52238 -9.82031e-19)
(25.0693 1.62621 3.07899e-20)
(25.2553 1.73269 0)
(25.8472 -1.04599 0)
(26.5034 -1.26235 1.82802e-18)
(24.478 1.36839 -2.15415e-18)
(25.632 -2.19025 0)
(22.9286 -2.18571 0)
(25.6766 1.89704 -8.19577e-19)
(25.0897 1.69174 0)
(22.3646 -2.73689 0)
(27.5354 -1.24675 2.29045e-18)
(26.8359 1.60525 4.11541e-20)
(23.6467 1.48172 0)
(30.6078 0.670371 3.76563e-18)
(29.309 -1.28542 2.84721e-20)
(32.9015 9.1649 -3.18338e-18)
(29.3537 9.9556 1.12099e-18)
(23.0115 -2.40801 0)
(25.8012 -2.20609 0)
(24.8399 1.38016 1.27084e-18)
(19.7281 1.54132 3.71061e-18)
(26.8543 1.58898 0)
(26.8628 1.57083 0)
(25.0663 1.59731 1.07965e-18)
(24.2086 1.64305 6.0997e-22)
(32.3618 9.46513 0)
(25.0067 1.55051 1.1366e-18)
(20.4728 0.0469478 6.10284e-19)
(32.6147 8.91372 -3.89798e-18)
(23.4004 -2.17117 -8.79288e-19)
(24.6074 1.34675 0)
(29.0306 -0.29008 -2.46229e-18)
(25.3878 -2.56319 -6.1766e-18)
(26.9852 1.61728 1.49833e-19)
(30.4646 0.0790166 -4.26956e-18)
(19.3618 1.66096 0)
(23.4485 -1.74972 0)
(25.2764 2.10734 0)
(25.3636 2.15336 1.67731e-20)
(23.0814 0.337527 0)
(32.3 0.92863 -6.13379e-18)
(24.727 1.75757 -8.76042e-22)
(29.5431 10.003 1.19291e-18)
(25.1418 2.0479 1.89942e-20)
(30.6894 0.38319 -4.16044e-18)
(26.8648 1.55523 6.77425e-19)
(27.1432 -1.74747 -2.55529e-18)
(28.2011 -1.79151 -4.29558e-18)
(26.3377 1.86408 -6.16456e-19)
(28.5026 -0.409841 -1.6613e-18)
(19.2335 1.18652 0)
(31.3299 8.72267 3.5594e-19)
(33.5231 3.03239 0)
(24.4451 1.16931 1.36904e-18)
(27.1223 -1.18291 -2.52116e-18)
(22.4529 1.86777 1.08416e-18)
(19.4653 1.25858 7.99145e-19)
(24.4774 1.44556 0)
(31.9066 9.11086 -3.26812e-18)
(24.7796 -1.60543 3.07436e-19)
(33.8764 3.33025 4.74515e-18)
(24.7003 1.39002 0)
(19.7319 -2.5603 -1.61932e-19)
(32.7221 1.46039 7.9283e-18)
(30.5247 0.277997 8.11404e-19)
(20.6524 0.895241 6.63252e-19)
(25.2434 1.97825 -1.31451e-18)
(25.7188 1.97138 2.19373e-20)
(24.8055 1.00508 4.93667e-20)
(35.1441 6.84347 -1.42481e-17)
(24.3081 1.5008 9.53629e-19)
(25.76 2.01154 2.05779e-20)
(25.0609 -0.768895 9.98676e-19)
(19.9886 4.04923 0)
(34.5596 7.4127 -6.02306e-18)
(25.4635 -2.54975 8.26262e-19)
(23.0338 -1.60842 1.09297e-19)
(22.3034 -1.66353 -3.85863e-20)
(25.5725 2.12077 0)
(25.7315 2.09462 -5.90171e-19)
(25.8653 2.06149 0)
(24.8729 1.79159 2.3306e-20)
(25.0444 1.5532 -8.70706e-20)
(25.0824 1.60667 0)
(31.6186 1.98143 0)
(31.0651 0.311116 -9.83656e-19)
(24.5662 1.84588 -7.13979e-19)
(24.3749 1.07161 -3.71944e-19)
(20.93 -2.54398 -5.05704e-19)
(24.2254 -2.73336 2.97929e-18)
(25.1357 1.86578 0)
(25.6642 1.96121 7.09983e-19)
(25.4529 1.77299 0)
(24.8181 1.35375 0)
(32.3945 1.04488 6.40397e-18)
(32.3764 1.43844 4.77648e-18)
(26.6907 11.2422 0)
(25.2228 1.0773 1.17952e-18)
(29.7987 8.46644 1.06551e-18)
(29.4639 0.633342 0)
(25.5146 1.94108 7.16491e-19)
(28.7234 10.4532 -3.02546e-18)
(26.8167 11.4642 0)
(25.8476 1.8791 -8.47238e-19)
(26.8244 1.53457 -3.73446e-20)
(26.6375 -1.34695 4.69754e-19)
(23.4489 1.01139 1.83276e-18)
(24.2831 1.43653 9.9793e-19)
(23.3732 -2.60066 0)
(27.0686 -1.26597 2.06423e-18)
(25.8143 1.82261 -9.67197e-19)
(24.7344 -1.76537 -5.18269e-21)
(35.1687 7.06975 -6.37419e-18)
(20.5156 0.796876 -7.16152e-19)
(24.6079 1.84575 -7.1155e-19)
(17.5156 2.13311 -7.48842e-18)
(26.7903 1.53621 -5.84525e-19)
(24.7509 1.52774 0)
(25.3972 1.74632 0)
(24.8885 1.52496 0)
(25.451 1.74578 -1.32152e-18)
(30.9744 0.0942019 -3.12307e-18)
(23.0782 0.761278 0)
(23.6941 0.737708 4.4891e-19)
(17.7455 2.44706 3.0368e-18)
(25.5814 1.87238 -2.53372e-20)
(33.4025 3.5402 3.53541e-18)
(25.3763 -2.15775 -1.90725e-18)
(24.1799 1.45147 -3.14701e-20)
(22.22 -2.57973 8.15654e-19)
(24.8369 1.76946 8.30456e-22)
(26.2722 1.8598 0)
(31.5636 2.25978 -3.01628e-18)
(25.5029 1.76934 -3.23347e-20)
(26.4338 1.76478 0)
(31.4498 0.528433 1.11603e-18)
(32.0857 2.38221 3.46333e-18)
(19.7884 1.74286 -2.08021e-18)
(26.101 1.82579 2.59135e-20)
(25.9594 -0.898372 -1.03734e-18)
(24.3308 1.0353 -1.91595e-18)
(26.2782 1.74926 7.95963e-19)
(25.201 -0.632003 7.58252e-19)
(29.7795 0.127075 6.83455e-19)
(25.0555 -1.41676 -2.81608e-18)
(25.1124 -2.56326 0)
(21.3865 0.0217143 3.04275e-19)
(29.1152 10.6358 -3.28941e-18)
(25.3174 2.12009 1.77201e-20)
(24.5293 -2.26248 0)
(25.646 1.82797 9.23394e-19)
(33.2394 2.21822 0)
(22.6139 -1.51339 -2.16978e-19)
(28.7356 11.1385 1.0849e-18)
(33.265 2.14842 6.73754e-18)
(25.866 1.73993 -4.30463e-20)
(25.5657 1.79238 -9.61963e-19)
(32.5706 1.243 -6.3659e-18)
(25.5016 1.71226 1.3323e-18)
(22.0907 -1.22051 0)
(29.4839 -0.832862 -3.50948e-18)
(25.3856 1.72872 3.41375e-20)
(20.9244 -2.66565 0)
(25.5237 1.4417 4.49278e-20)
(25.7519 1.84702 0)
(24.6712 1.72531 7.58796e-19)
(20.0633 1.45962 7.37382e-19)
(26.3226 -2.15014 -2.56367e-18)
(21.3502 -2.78661 -1.02381e-18)
(27.0796 11.4456 0)
(19.6599 1.90042 -7.06641e-19)
(28.7684 -0.355094 -4.61865e-18)
(24.7778 -1.35697 0)
(25.462 1.83439 -2.60496e-20)
(30.3039 0.231235 0)
(27.3062 12.1645 -1.79317e-18)
(29.397 -0.646216 -6.23052e-18)
(25.9345 11.8682 -5.23123e-19)
(24.3165 1.06483 3.67026e-19)
(23.6812 0.785889 4.237e-19)
(23.8863 0.824447 0)
(23.3074 -2.78397 0)
(25.414 1.75902 9.37633e-19)
(27.7892 -0.66386 0)
(23.0171 0.739119 1.78804e-18)
(32.9006 1.90546 -6.86566e-18)
(26.2181 1.80406 7.6458e-19)
(26.2286 1.91279 6.87796e-19)
(22.9647 0.783628 -1.73957e-18)
(30.4908 0.424291 7.68626e-19)
(25.651 1.73676 1.16097e-18)
(25.259 1.79613 8.12438e-19)
(23.8441 0.92637 0)
(26.848 1.63117 6.54329e-19)
(20.5032 1.3106 0)
(22.7842 0.441381 0)
(26.1039 1.45811 0)
(29.7751 -0.572652 0)
(30.3402 -0.223744 -9.19892e-19)
(24.5673 1.49215 0)
(26.0121 1.89572 -7.79722e-19)
(27.2322 -1.81839 0)
(26.3753 1.50071 8.80491e-19)
(28.9178 -1.16141 3.35332e-18)
(31.7392 0.866735 -3.24949e-18)
(26.1012 1.40684 -3.27441e-20)
(24.5958 -1.55953 -1.12218e-18)
(32.171 2.37623 9.17227e-19)
(31.807 2.49459 -3.94969e-18)
(24.3334 1.43076 -1.03825e-18)
(24.8714 -1.62738 9.62967e-19)
(18.7714 1.30834 9.35001e-19)
(29.1423 -0.952324 3.24984e-18)
(24.2573 1.56013 -2.87987e-20)
(27.2299 -1.7426 0)
(25.5824 11.5205 0)
(24.5233 1.34282 0)
(24.1324 1.03233 -1.20748e-18)
(19.5124 -1.11669 -1.02207e-18)
(19.8461 1.1915 -3.80936e-18)
(32.7981 6.25828 8.2164e-19)
(32.9332 6.21291 3.67561e-18)
(26.0956 1.36022 7.23147e-21)
(31.1763 0.16663 -1.1072e-18)
(25.3974 1.74073 1.33963e-18)
(19.9792 1.77647 5.53843e-20)
(28.3543 -1.14714 2.7413e-18)
(21.2972 -1.74641 -2.25626e-19)
(25.1462 1.62509 -3.67394e-20)
(31.7594 2.04511 3.28739e-18)
(26.0547 1.24517 0)
(24.255 1.63497 0)
(31.6991 8.84144 6.45675e-18)
(31.7795 4.954 1.12504e-18)
(25.3539 -2.24191 1.95929e-18)
(21.3928 -0.0322167 0)
(29.1836 -0.639234 2.88686e-18)
(32.8262 8.94958 3.95623e-18)
(19.6686 -0.198517 2.10928e-19)
(30.916 -0.0162602 8.61033e-18)
(25.9222 2.01456 0)
(23.0709 -2.44682 2.03168e-18)
(29.731 8.36054 0)
(26.232 1.92958 -4.04553e-20)
(23.409 1.04154 -1.44571e-18)
(28.1486 10.7524 -1.8245e-18)
(31.2004 0.117482 -1.16812e-18)
(26.4841 1.69458 0)
(34.3952 7.51004 5.57438e-18)
(24.7325 1.65678 -2.59348e-20)
(24.3082 1.41994 -9.93363e-19)
(23.4958 1.13862 -9.14851e-19)
(25.3126 1.73474 -1.30017e-18)
(27.5294 -2.03618 0)
(24.8107 1.31067 8.94916e-20)
(30.1655 -0.701187 -1.12497e-18)
(26.4593 1.37074 8.04484e-19)
(30.4247 -0.176894 9.20946e-19)
(25.4357 1.74532 0)
(22.295 -1.1927 4.98042e-20)
(19.5175 1.49144 -3.05841e-18)
(23.4156 -2.6255 -1.51114e-18)
(27.2321 -0.854054 -4.58412e-19)
(14.9438 0.391089 2.07305e-18)
(34.2649 7.36347 -1.08077e-17)
(26.1882 1.94044 0)
(25.4014 1.8109 0)
(26.4524 1.49715 1.72211e-18)
(25.9352 1.96766 -6.74715e-19)
(24.9299 1.53888 -1.00733e-18)
(24.0094 0.687931 -1.51924e-18)
(18.2611 1.49881 -4.92701e-18)
(26.4253 1.63969 -7.99315e-19)
(30.9385 -0.0675171 -4.42765e-18)
(25.2448 1.67407 1.16743e-18)
(24.9376 1.7036 -8.21035e-19)
(23.3633 1.02472 0)
(26.4224 1.5687 -8.38456e-19)
(18.3036 0.756754 0)
(25.6748 -1.43534 1.49561e-18)
(25.6522 -1.59876 0)
(18.5742 1.53447 2.86918e-18)
(20.2895 -1.20996 0)
(28.5255 11.0137 -2.98404e-18)
(33.1581 2.09597 6.11823e-18)
(25.0754 1.58518 1.41122e-18)
(25.1882 1.1449 -1.56189e-18)
(28.293 -1.23493 0)
(24.716 1.59844 0)
(33.4457 3.41844 0)
(23.2363 -2.75071 0)
(27.4791 -2.06056 -4.08485e-18)
(15.6302 0.363158 -1.28679e-18)
(20.9458 -2.62477 3.30685e-20)
(16.7716 0.59821 -1.90174e-18)
(25.4118 1.74069 0)
(25.013 1.77129 -2.44299e-20)
(24.7192 1.4246 3.39457e-20)
(25.1829 2.00711 6.54238e-19)
(25.6089 1.94888 -6.96845e-19)
(24.757 1.59827 2.77471e-20)
(24.87 1.5992 2.85224e-20)
(25.392 -0.988011 -1.20274e-18)
(24.0215 1.48241 0)
(25.2869 1.69376 -1.08847e-18)
(16.2926 -0.206014 0)
(27.3859 -1.33659 0)
(26.5228 -1.50725 -1.43736e-18)
(24.6013 1.26291 0)
(18.0908 2.38463 -3.67665e-18)
(30.0924 -0.686747 1.06097e-18)
(25.5616 1.77333 0)
(21.5938 -0.987973 -3.32727e-19)
(22.5303 -2.27533 0)
(24.5672 1.51697 -2.90988e-20)
(24.3389 1.08246 1.08961e-18)
(21.0981 -0.452019 -4.42972e-20)
(19.5817 -0.895342 0)
(23.8535 0.79953 1.33132e-20)
(24.0249 1.51052 3.06548e-20)
(23.8042 0.817055 -1.68091e-18)
(21.7176 -2.44062 -3.84786e-19)
(19.8784 1.40141 -3.60769e-18)
(25.5098 1.77699 3.13407e-20)
(25.4481 1.75294 3.26952e-20)
(24.7409 1.87772 0)
(25.5892 1.77636 -3.54151e-20)
(25.1746 -1.77551 1.45799e-18)
(25.4024 1.89992 0)
(24.9934 1.69244 0)
(25.2138 2.02264 -6.28288e-19)
(26.085 1.87798 7.79872e-19)
(30.5051 -0.340822 -3.13711e-18)
(25.8411 1.95159 -1.45783e-18)
(27.9244 -0.572136 0)
(25.2265 1.97001 6.62363e-19)
(25.286 2.02585 0)
(26.014 1.9125 7.59411e-19)
(26.0817 1.83393 -8.53616e-19)
(30.7934 0.539192 0)
(22.8279 -1.26635 -3.26442e-19)
(30.2114 -0.0612698 8.24295e-19)
(25.8697 -0.888155 -3.41174e-19)
(25.3549 1.72945 4.03528e-20)
(27.0591 -1.82928 2.627e-18)
(19.2826 -2.19464 0)
(26.104 1.91051 7.29215e-19)
(25.5346 1.75441 3.88266e-20)
(27.625 -1.941 0)
(27.6152 12.102 2.76335e-18)
(25.4687 1.7528 0)
(26.1245 -1.07152 -2.85235e-18)
(25.5529 1.60637 -1.34049e-18)
(24.2799 -1.63787 -2.04493e-18)
(22.738 -1.39048 0)
(26.2142 1.61885 -9.51234e-19)
(25.0652 -2.55966 2.42779e-18)
(31.1266 -0.0512014 -4.5588e-20)
(26.2062 1.91886 -2.088e-20)
(25.615 -1.76146 0)
(25.3033 2.06089 0)
(27.5922 11.3634 2.78928e-20)
(17.1037 2.18849 5.67605e-18)
(22.7793 0.356942 -5.56915e-19)
(25.4347 2.00346 0)
(25.9594 -1.46774 -1.63548e-18)
(24.5815 1.85467 0)
(23.3626 -1.42669 0)
(26.6482 -1.59292 0)
(18.964 1.83069 -4.20055e-18)
(26.8262 11.9453 0)
(24.5568 -2.36988 0)
(25.4637 1.74197 1.29967e-18)
(22.6979 0.323846 -1.69722e-18)
(26.2136 1.66307 0)
(28.2776 11.3706 -9.85837e-19)
(22.8586 0.305845 -2.25995e-18)
(24.63 1.47877 0)
(30.517 -0.395928 1.09446e-18)
(30.0897 0.521253 2.74682e-18)
(24.5919 1.22421 -1.33279e-18)
(25.644 1.77569 3.54043e-20)
(24.0848 -1.24205 -8.73463e-21)
(24.7011 1.41202 1.0619e-18)
(24.1334 1.56939 0)
(24.5002 1.48268 -1.95755e-18)
(31.0239 -0.00861098 4.52518e-18)
(18.5377 2.06586 0)
(27.4968 -1.16855 0)
(24.1002 0.707486 2.04455e-18)
(23.717 -2.74837 2.30455e-18)
(23.2969 -1.99068 0)
(18.6904 1.81586 3.47003e-18)
(25.4911 1.76009 1.10437e-18)
(25.3418 1.77271 8.82191e-19)
(30.591 0.573018 -3.06755e-18)
(25.0874 1.72575 -1.65378e-18)
(25.4776 1.73691 0)
(24.6827 1.37719 0)
(27.7745 -1.14735 2.37622e-18)
(24.8769 1.14608 -2.41709e-19)
(26.702 1.66984 0)
(25.341 1.71099 3.57071e-20)
(24.7179 1.38188 0)
(16.4959 2.74944 -1.61766e-17)
(25.6608 1.87893 2.49731e-20)
(26.0838 -0.989724 4.53984e-21)
(24.0393 0.715248 -5.06686e-19)
(23.2914 -2.7975 -2.34088e-18)
(16.9521 2.61857 3.6509e-18)
(30.2955 -0.0167069 -8.25166e-19)
(28.1164 10.9767 -9.38557e-19)
(27.0544 -1.90516 0)
(25.1409 1.68992 9.12736e-19)
(26.3992 1.3419 -8.89689e-20)
(26.7854 -2.19866 3.21681e-18)
(26.4424 11.2383 0)
(32.3471 1.31168 -1.23949e-18)
(24.8819 1.77009 0)
(23.9932 1.4742 0)
(27.3753 -0.771354 -1.88942e-18)
(18.9793 0.00303512 6.31521e-19)
(27.7319 -1.76177 -3.13176e-18)
(26.684 11.6949 0)
(24.2579 1.48091 9.3872e-19)
(25.3626 1.78112 0)
(25.4415 1.82701 8.63236e-19)
(24.982 1.8038 0)
(25.4488 -0.916589 1.20217e-18)
(25.9592 2.01175 1.2721e-18)
(26.4862 1.41301 0)
(32.0326 1.68018 3.87914e-18)
(29.4303 -0.245045 2.70882e-18)
(24.6479 1.63498 0)
(25.4359 1.93428 -1.42202e-18)
(24.3961 1.08931 -1.1033e-18)
(26.1862 1.86613 7.37682e-19)
(24.7306 1.51574 0)
(24.2319 1.44336 0)
(25.8715 1.89361 2.55597e-20)
(27.3042 -1.88547 -7.40768e-19)
(24.5042 1.30429 0)
(29.7035 -0.453314 -6.33381e-18)
(16.8151 4.0591 -7.62838e-18)
(17.6986 1.78119 -1.0796e-18)
(24.4772 0.909501 -1.79787e-18)
(26.232 11.9119 0)
(26.1023 1.79625 0)
(26.0682 1.19939 -9.59212e-19)
(22.8108 -2.78779 4.52093e-19)
(19.4542 0.0108582 -1.01383e-18)
(19.0981 0.0964474 1.61248e-19)
(28.2596 -1.76796 -4.45288e-18)
(24.655 -2.599 0)
(27.3496 -1.25758 0)
(26.1614 9.09913 1.16956e-18)
(27.155 -2.15196 -3.7405e-18)
(26.5185 1.44443 0)
(25.4888 1.4805 -4.49402e-20)
(16.3856 3.29074 -1.18806e-18)
(31.0594 0.153593 3.21251e-18)
(16.7683 3.57369 -4.00546e-18)
(25.2358 1.8936 -2.24921e-20)
(29.6532 -0.241597 6.98071e-19)
(25.1622 1.85492 0)
(18.667 -0.754537 9.11151e-19)
(30.548 0.12845 8.58726e-19)
(25.406 1.65372 0)
(29.0753 -1.04459 -3.335e-18)
(26.4872 -2.28577 5.36235e-18)
(25.2319 1.67123 -1.21549e-18)
(21.8497 0.901764 -2.02778e-18)
(26.252 1.84356 2.2881e-20)
(16.3493 -0.760132 1.69697e-18)
(25.3806 -0.416945 1.8356e-18)
(26.8404 -1.18557 4.74914e-19)
(24.9493 1.46714 1.50929e-18)
(26.6687 1.66958 0)
(27.9581 -1.1273 -2.43515e-18)
(28.7807 -0.510608 -2.44095e-18)
(15.13 0.32768 -1.57669e-18)
(24.6042 1.20002 1.34087e-18)
(22.7222 -1.88083 0)
(27.2836 -0.772897 1.80989e-18)
(27.7003 11.8191 0)
(23.9964 -1.21129 -7.78358e-19)
(26.4161 -2.34291 3.28499e-18)
(32.0231 1.34297 5.30632e-18)
(29.6878 -0.148116 -2.84257e-18)
(28.3066 11.1208 3.90171e-18)
(24.9809 1.57228 -1.0184e-18)
(24.6099 1.23942 1.31493e-18)
(24.6511 1.49082 9.67726e-19)
(17.638 2.80713 9.78222e-19)
(25.0729 1.73738 1.66907e-18)
(19.1395 -0.271329 -1.16128e-19)
(28.6787 -1.56931 4.23603e-18)
(25.0221 1.94319 -7.14458e-19)
(25.769 1.82524 9.38448e-19)
(24.2056 1.43317 -1.01056e-18)
(29.7534 -0.788178 3.76851e-18)
(19.3086 -1.90254 6.85476e-19)
(25.7526 1.897 8.05868e-19)
(25.6177 -1.51129 -1.9095e-18)
(24.6396 1.2322 -1.36776e-18)
(28.4708 -0.6535 2.37964e-18)
(31.7049 1.01724 4.06675e-18)
(32.1079 1.54492 -9.79797e-19)
(18.2288 2.08284 0)
(25.63 1.77689 -1.16714e-18)
(24.2326 1.55113 2.73048e-20)
(24.9863 1.95167 6.32752e-19)
(17.2601 2.93037 4.21321e-18)
(17.2015 3.34864 4.16702e-18)
(27.5106 11.613 -2.4879e-18)
(24.5197 1.56899 0)
(26.2731 1.81089 7.30504e-19)
(32.21 1.25112 4.72681e-18)
(25.8589 1.99992 0)
(26.2831 9.04393 -1.94173e-18)
(23.6886 -2.76732 2.69597e-18)
(25.3985 2.01557 6.40839e-19)
(15.234 -0.164501 -1.50674e-18)
(25.0032 1.56565 3.34446e-20)
(18.0636 1.77986 9.89718e-19)
(30.7233 1.00805 7.22375e-19)
(30.7161 0.234034 -8.9154e-19)
(30.6626 0.281581 -8.50521e-19)
(31.3023 0.132693 0)
(25.3714 1.72439 -1.16531e-18)
(21.3836 -0.65572 -4.25879e-19)
(24.8171 1.65675 -8.18385e-19)
(24.3446 -2.6462 -4.359e-18)
(26.1994 1.24419 -9.10132e-19)
(26.1648 -2.41348 3.41378e-18)
(24.6714 1.62271 8.55425e-19)
(23.6453 -1.31367 0)
(24.814 1.40084 -3.80399e-20)
(23.0481 -0.931522 0)
(31.2132 0.0126862 5.13171e-18)
(21.2374 -0.411244 -8.97448e-19)
(25.0124 1.60401 3.07377e-20)
(24.8256 -1.78774 0)
(29.2587 -0.768224 2.20615e-20)
(24.7026 1.29269 0)
(30.9811 0.251511 -2.9282e-18)
(25.927 1.83988 0)
(24.6289 1.4546 0)
(29.1315 -1.34008 -5.61863e-18)
(25.8139 2.015 6.73182e-19)
(24.477 1.49687 9.15773e-19)
(25.5824 1.54951 0)
(30.799 0.288249 -2.72891e-18)
(24.9484 -1.15244 0)
(24.5656 1.56641 0)
(25.7328 1.85592 8.56101e-19)
(32.6346 1.98315 -4.62297e-18)
(30.2762 0.133704 0)
(24.7966 1.59833 -8.63519e-19)
(28.7305 -0.443131 4.19232e-18)
(23.6943 -2.76131 -2.54577e-18)
(28.6688 -1.53359 0)
(29.5309 -0.5215 -3.0872e-18)
(30.9372 0.143162 5.00642e-18)
(30.5114 0.521931 0)
(25.8522 1.7904 -3.15437e-20)
(25.2577 1.61655 -2.14116e-20)
(25.954 1.98197 -6.73953e-19)
(24.6648 1.40909 -3.35245e-20)
(24.4171 0.856081 -1.44306e-18)
(24.7445 1.26824 -1.42889e-18)
(22.2289 -2.26288 0)
(28.7419 -1.50785 -4.11265e-18)
(24.3724 0.929174 -1.86437e-18)
(25.2091 1.83211 0)
(28.3807 -0.668683 0)
(26.3817 1.96065 7.15913e-20)
(29.4024 0.346239 1.08839e-18)
(29.5677 -0.2742 -3.57655e-18)
(25.3373 1.72263 -4.03418e-20)
(22.2583 0.909034 1.11547e-19)
(25.88 1.65961 0)
(24.3948 0.947629 -1.84441e-18)
(24.4436 0.940513 0)
(24.9405 1.55932 1.01223e-18)
(22.8597 -1.83981 4.44083e-19)
(27.3263 -1.4207 2.34943e-18)
(26.1953 1.81334 8.10966e-19)
(24.9842 1.52467 -1.22531e-18)
(25.8799 1.8791 0)
(15.9148 -0.415724 -1.32672e-18)
(25.297 -2.05727 0)
(30.8622 1.0291 2.98732e-18)
(29.2465 -0.988125 3.41689e-18)
(26.3492 1.7857 0)
(32.9978 2.53594 -1.20454e-18)
(24.6643 1.66937 8.1798e-19)
(23.1224 -1.28901 0)
(31.435 0.683353 0)
(25.2056 1.8537 0)
(25.8355 -2.48849 0)
(30.5801 0.229878 8.50038e-19)
(26.2969 11.4396 -5.99606e-19)
(25.4513 -1.82266 0)
(27.6944 -0.830795 1.53777e-18)
(20.6128 -0.151137 0)
(24.8971 1.7035 -8.39836e-19)
(25.2892 1.79315 -8.00602e-19)
(25.2354 2.09173 -1.82744e-20)
(24.9357 1.72617 2.50332e-20)
(18.2529 -0.575194 1.21137e-18)
(26.9665 -0.69421 -1.65626e-18)
(26.3946 1.31753 -8.28033e-19)
(29.5153 0.705674 0)
(32.3271 1.93626 1.03489e-18)
(24.704 1.69147 0)
(26.402 11.6859 5.96409e-19)
(25.5886 -1.67405 0)
(25.4071 1.74949 1.56825e-19)
(31.1092 0.264635 0)
(25.2587 1.70027 1.31639e-18)
(31.5351 8.96408 -3.03805e-18)
(31.6827 0.903222 -5.19996e-18)
(32.2338 1.37418 -5.75618e-18)
(31.3441 8.89321 1.43193e-18)
(21.9493 -2.29915 3.87242e-19)
(23.9861 -0.652742 7.09743e-21)
(23.5374 -1.69732 7.04905e-19)
(25.1932 1.95293 6.91041e-19)
(25.09 1.58691 -1.27794e-18)
(23.8633 -2.37651 2.62156e-18)
(25.4667 1.75852 -1.07515e-18)
(25.4877 2.06656 0)
(25.7508 1.911 -1.26803e-21)
(24.9942 1.59312 -3.07978e-20)
(25.3808 1.80261 -8.50457e-19)
(24.7567 1.62174 8.6634e-19)
(20.7873 -0.248642 0)
(20.7001 -0.522831 0)
(24.8268 1.41301 -1.17494e-18)
(25.4814 1.97267 2.12999e-20)
(23.7926 -1.81443 -8.57022e-19)
(25.7069 2.05997 -1.90556e-20)
(32.3328 1.82119 0)
(25.2173 1.88442 2.25345e-20)
(29.2741 0.258168 0)
(24.5634 1.59081 0)
(25.6301 2.07097 -1.87784e-20)
(24.8632 1.75891 7.71388e-19)
(24.6282 -1.40229 -5.09782e-21)
(27.404 -1.17333 0)
(25.9267 2.02895 -6.21077e-19)
(23.7179 -2.74314 -2.17073e-18)
(21.992 -1.07439 7.26315e-20)
(25.2981 1.8149 8.04834e-19)
(27.3959 -1.65398 0)
(25.7646 2.02942 -6.57452e-19)
(24.8576 -1.13288 1.05307e-18)
(32.2642 1.21958 1.24019e-18)
(23.7632 -2.46312 -2.66504e-18)
(25.9771 2.04786 -5.8005e-19)
(20.9867 -0.160609 -5.21384e-19)
(24.8177 1.63336 2.70549e-20)
(25.7321 1.9081 0)
(25.3773 1.15467 -9.74834e-19)
(24.6076 -2.58943 4.06263e-22)
(25.3331 1.7101 1.11197e-18)
(26.9548 -0.856011 4.34543e-19)
(24.5435 1.55526 0)
(22.3079 0.93091 -1.51512e-18)
(25.2904 1.69299 -1.12005e-18)
(25.3183 1.82372 7.98101e-19)
(25.6979 1.88708 0)
(23.4518 -1.1449 5.74205e-19)
(24.3549 -1.32734 9.47762e-19)
(29.6731 -0.885623 -3.93163e-18)
(31.3518 0.299429 0)
(29.9879 0.389896 3.40483e-19)
(31.6533 1.16156 3.78173e-18)
(24.5448 1.53048 0)
(24.8501 1.58736 -2.85623e-20)
(24.3268 -2.41397 1.60926e-18)
(24.5003 1.38067 1.06308e-18)
(27.9113 -1.665 7.91695e-19)
(25.655 1.2403 1.65047e-18)
(25.3002 -0.972542 0)
(32.0262 1.78964 -2.84974e-18)
(25.486 2.01992 0)
(26.529 1.40286 8.20478e-19)
(24.7296 1.28765 1.34149e-18)
(25.8887 1.89326 -2.55125e-20)
(25.4537 1.75946 3.17083e-20)
(24.8975 -1.71776 0)
(26.4658 1.46674 8.58001e-19)
(29.8876 0.0181731 2.38245e-20)
(24.5224 1.36798 0)
(30.0257 0.245744 -2.07787e-18)
(27.9186 -1.05241 5.33693e-18)
(23.3536 -2.42875 0)
(25.228 1.71606 1.48691e-18)
(25.1939 1.6603 1.05706e-18)
(24.9724 1.51498 1.23427e-18)
(25.0943 1.60711 1.12978e-18)
(23.9639 -1.79105 -9.11341e-19)
(25.908 2.0304 0)
(25.8016 1.85105 -2.82839e-20)
(21.8911 -0.389276 0)
(30.7847 0.971978 0)
(26.236 -2.36241 2.27984e-18)
(25.5541 2.03727 -1.97652e-20)
(32.3277 1.58744 1.12885e-18)
(31.3181 0.345623 1.08942e-18)
(28.5919 -0.393846 -5.59518e-19)
(25.4997 1.97839 -6.99688e-19)
(24.7523 -2.51528 -2.70609e-22)
(24.7869 -2.42258 3.80618e-18)
(27.006 -0.775291 2.11749e-18)
(27.8036 -1.91476 3.80864e-18)
(26.5862 1.48176 0)
(23.4255 -1.05503 -5.59608e-19)
(33.6475 2.88779 -1.59192e-18)
(31.8471 1.06178 4.65771e-20)
(22.9173 -0.92616 0)
(25.9465 1.77591 0)
(32.3974 2.03195 -1.03334e-18)
(29.3291 0.336186 -1.59695e-20)
(21.521 0.0240879 -3.9431e-20)
(29.8624 0.164207 2.12305e-18)
(24.1668 -0.790926 0)
(31.5422 0.865833 -9.88872e-19)
(31.2866 0.182117 1.16933e-18)
(32.8554 2.30642 0)
(26.3625 1.53979 2.75328e-20)
(23.7347 -1.11246 -6.59207e-19)
(27.8671 -1.89501 2.0804e-20)
(27.4855 -1.79496 -7.41969e-19)
(24.9633 1.47727 -8.62223e-20)
(24.6643 1.38624 3.48645e-20)
(25.3951 1.74712 -1.55928e-19)
(23.3306 -1.89578 7.08013e-19)
(24.4761 1.52226 0)
(24.6921 1.63404 0)
(29.3546 -0.0323848 3.14885e-18)
(25.0336 1.60491 -9.98247e-19)
(24.9385 -2.35514 9.85552e-22)
(25.0852 1.98042 1.35077e-18)
(25.1671 1.99862 -6.59601e-19)
(22.9705 -0.885681 0)
(25.1354 1.62519 0)
(27.811 -1.7487 0)
(26.8026 -1.51299 0)
(25.0995 1.59975 1.1685e-18)
(25.7327 1.99114 2.12551e-20)
(23.1361 -1.89828 6.20366e-19)
(27.7577 -1.95527 -4.62027e-18)
(32.6316 2.10466 5.63985e-18)
(21.8456 -0.333018 3.1727e-20)
(24.6478 1.44308 1.02496e-18)
(25.3927 1.73276 1.20095e-18)
(21.7954 -2.11325 0)
(31.5768 0.556772 4.53457e-18)
(32.4051 1.68189 3.44778e-18)
(25.4728 1.76532 9.79901e-19)
(26.0501 1.59732 0)
(25.1367 1.70149 -2.79078e-20)
(31.9276 1.14277 4.33708e-18)
(21.9299 -0.38306 -1.24769e-20)
(24.19 -0.877723 0)
(22.7408 -2.73905 -2.82021e-18)
(25.8297 1.82031 9.72052e-19)
(24.8698 1.73698 0)
(25.5033 2.02463 0)
(32.2458 1.95213 9.90877e-19)
(26.4895 1.39316 8.54976e-19)
(25.4417 1.74538 0)
(24.6439 1.73646 -2.43214e-20)
(25.4514 1.98532 0)
(20.4952 -0.406559 4.94248e-20)
(27.3839 -1.87675 3.77351e-18)
(25.1898 1.98028 -6.5203e-19)
(27.8268 -1.06171 -5.83595e-19)
(24.9511 1.75992 0)
(24.6057 1.11545 1.09827e-18)
(25.2413 -2.40448 0)
(31.0907 0.10462 -7.65356e-18)
(24.3376 -0.838312 -5.94405e-19)
(25.3927 2.0904 -1.19227e-18)
(26.7967 -1.8367 -9.93447e-21)
(23.5521 -2.51862 1.36189e-18)
(29.0063 -1.20065 -3.55756e-18)
(23.2011 -2.51537 -1.12656e-18)
(25.5657 2.1014 1.79921e-20)
(28.9182 -0.556734 0)
(24.9291 1.63475 0)
(21.6918 -0.918672 0)
(16.1583 0.484675 1.0507e-18)
(24.7435 1.48178 -1.01383e-18)
(25.9579 2.05075 0)
(24.7275 1.49234 9.55524e-19)
(25.1633 1.37312 6.30749e-20)
(28.3668 -0.202012 1.92773e-18)
(25.8176 2.03123 -6.30863e-19)
(24.7528 1.66823 2.59083e-20)
(31.5613 0.977042 9.74183e-19)
(24.6466 1.41948 -1.05555e-18)
(25.4245 1.63618 0)
(23.2513 -1.84978 2.22532e-20)
(25.0137 -2.36951 -1.65708e-22)
(27.62 -1.99671 3.89142e-18)
(25.4971 1.80665 8.69653e-19)
(28.924 -1.22645 -3.48141e-18)
(24.7956 1.66826 8.28049e-19)
(28.1105 -1.8295 1.14078e-18)
(25.0198 1.568 -1.10068e-18)
(23.6874 -1.96556 8.58509e-19)
(32.9329 2.16741 0)
(25.2092 -2.04168 1.66465e-18)
(24.6487 1.10613 -1.486e-18)
(25.1575 1.63299 -3.56104e-20)
(25.6626 1.78856 0)
(23.9847 -0.570879 -6.55577e-19)
(25.5628 1.83905 0)
(26.0465 1.97117 -6.47558e-19)
(29.9685 0.297102 2.71835e-18)
(24.3863 -1.41808 -7.54347e-21)
(24.958 1.4773 -1.67448e-19)
(28.9071 -0.401242 -1.71072e-20)
(25.1833 1.65044 -1.06171e-18)
(25.9956 1.91567 7.57051e-19)
(26.1216 1.8661 -7.70389e-19)
(22.1417 -1.29255 4.02948e-20)
(28.8553 -0.334789 -2.40173e-18)
(26.2818 -2.29728 0)
(23.7067 -1.25864 -6.81178e-19)
(21.4234 -1.99147 0)
(29.5161 -0.214256 0)
(25.1145 -1.93658 1.53159e-18)
(24.6283 1.33721 0)
(25.5833 1.85851 -2.599e-20)
(29.6904 -0.608201 0)
(25.6694 -2.50291 2.22852e-18)
(24.6761 -2.6799 0)
(24.7508 1.2331 5.83062e-21)
(24.9902 1.54729 3.48328e-20)
(29.9168 0.112104 2.29751e-20)
(24.7973 1.62169 8.42963e-19)
(25.9899 1.96344 0)
(26.3034 1.97439 5.83124e-19)
(24.942 1.62375 0)
(14.3025 0.252183 -1.7576e-18)
(24.9619 1.63527 -9.00601e-19)
(32.2592 1.72802 0)
(23.3127 1.11747 1.86924e-18)
(26.0761 1.85976 -1.60738e-18)
(21.6355 -0.496464 2.33073e-19)
(31.1936 0.326893 -4.06162e-20)
(25.8059 1.9041 -2.50029e-20)
(26.7023 -1.99481 0)
(29.9997 0.151691 0)
(24.7381 1.21705 -5.85849e-21)
(25.4169 1.92715 7.16084e-19)
(30.3297 0.0826086 0)
(31.7049 0.749223 8.95147e-18)
(26.1395 1.80886 8.46917e-19)
(32.457 1.53394 0)
(22.9803 -0.672566 1.49515e-20)
(25.0617 1.99706 -6.46564e-19)
(26.1225 1.97096 6.36954e-19)
(22.822 -2.76602 -3.87384e-18)
(24.7147 1.62202 -2.67387e-20)
(28.7594 -0.205548 -2.22337e-18)
(24.6466 1.35053 1.15234e-18)
(27.3084 -1.66 -2.55538e-18)
(25.2991 2.08721 -5.86404e-19)
(25.6567 -2.43855 -2.6458e-18)
(23.7008 -1.87161 0)
(25.8793 1.77647 -3.16898e-20)
(22.8909 1.01437 1.15985e-18)
(24.5568 1.63851 -2.63952e-20)
(25.234 1.72812 -1.25383e-18)
(22.6732 1.0011 -2.41339e-18)
(24.7665 1.40004 3.04156e-20)
(24.7077 1.48016 1.02932e-18)
(26.392 1.64563 8.15183e-19)
(24.4815 -2.34958 0)
(30.138 0.141302 -2.99569e-18)
(24.4758 -2.15009 0)
(23.6112 -1.55137 6.99033e-19)
(29.8882 0.256694 -2.5669e-18)
(25.5229 1.67184 4.20415e-20)
(22.3116 -0.544982 -3.19524e-19)
(29.4324 -0.708261 6.40845e-18)
(30.0552 0.0993262 -2.9529e-18)
(25.9627 1.7655 1.94545e-18)
(25.7939 1.36842 1.25459e-18)
(32.0957 1.87748 -9.50892e-19)
(25.4671 1.78612 -2.90703e-20)
(26.0535 -1.47704 -1.71272e-18)
(31.9597 1.48355 0)
(23.6786 -1.16787 1.33981e-18)
(28.6418 -0.461737 -1.74263e-18)
(24.6887 1.65734 -8.5793e-19)
(31.6012 0.828741 1.03721e-18)
(24.7831 1.39377 -4.41479e-20)
(24.5173 1.59351 -8.76245e-19)
(32.1761 1.86034 2.97063e-18)
(32.709 1.96643 4.83836e-18)
(25.9237 1.74722 -2.02698e-18)
(31.7847 1.09477 4.13861e-18)
(28.8692 -0.490157 2.50912e-18)
(24.8937 1.72595 0)
(23.6344 -2.28243 0)
(23.2897 -2.39341 -2.01487e-18)
(24.9667 1.5201 0)
(26.0055 1.99192 0)
(32.5498 2.11769 4.31875e-18)
(24.6865 -1.33488 -4.87653e-21)
(26.1577 1.97764 0)
(32.9115 2.54006 -1.14936e-18)
(23.5346 -1.60434 -6.85659e-19)
(20.2051 -0.433134 -7.43032e-19)
(26.2315 1.39392 9.59013e-19)
(26.2481 1.99686 -5.10711e-19)
(24.989 -1.73826 -1.37674e-18)
(25.0347 1.5954 9.99092e-19)
(25.8532 2.03175 0)
(25.358 1.74582 0)
(25.3906 -2.3347 0)
(25.5737 -1.01463 1.26176e-18)
(25.4216 1.90733 -7.34181e-19)
(18.5513 0.085786 8.72478e-19)
(29.3754 -0.802257 -3.29609e-18)
(23.5598 -2.24701 0)
(26.6792 -2.26431 -3.30482e-18)
(25.1072 1.6013 0)
(22.2546 -1.27765 -6.50367e-20)
(25.2848 2.08207 -5.9196e-19)
(22.035 -1.54127 -1.28084e-20)
(26.7401 -1.59445 0)
(25.5416 -0.930406 -2.52001e-18)
(33.8097 3.46928 5.80297e-18)
(24.9703 1.77118 0)
(31.6211 0.674535 -4.41438e-18)
(32.1823 1.74821 -4.04761e-18)
(24.2188 -2.71862 -6.19574e-18)
(24.7089 1.66857 2.58091e-20)
(26.3467 -2.29444 0)
(25.2523 1.7016 -2.27037e-20)
(25.931 1.8581 8.69634e-19)
(24.777 1.63335 0)
(25.465 -2.34353 0)
(31.96 1.59467 0)
(25.8174 -1.87126 -1.87982e-18)
(22.6452 -1.4227 0)
(25.5736 1.73317 1.30564e-18)
(22.9001 -0.612988 1.81371e-19)
(25.1275 2.00795 1.24203e-18)
(25.7021 -1.11117 -1.35427e-18)
(25.4886 1.72251 1.09623e-20)
(25.4469 1.77931 -9.04196e-19)
(33.0077 2.41006 1.23392e-18)
(29.0883 -1.10878 3.46118e-18)
(26.4632 -2.33355 0)
(32.4095 1.80213 -1.10446e-18)
(32.7574 2.4346 0)
(25.6063 2.00664 6.60838e-19)
(31.7305 1.23838 -7.74331e-18)
(24.0814 -1.48542 0)
(21.686 -2.38713 -1.47731e-19)
(24.9552 1.73755 -2.49946e-20)
(24.9889 1.52025 -3.28342e-20)
(29.3106 -0.67541 3.04632e-18)
(23.2542 -2.5461 1.26622e-18)
(26.6924 -1.26576 4.70636e-19)
(24.6909 -2.50258 -1.95068e-18)
(31.5714 0.714461 0)
(24.7753 1.65658 0)
(24.5816 1.6255 0)
(28.7183 -0.289981 4.63642e-18)
(25.6323 2.08965 -1.82434e-20)
(32.4748 1.65926 -4.6667e-18)
(24.9916 1.52901 0)
(26.0248 1.98911 0)
(21.6394 -0.146083 -1.6983e-19)
(26.2569 1.27993 9.10458e-19)
(25.8732 1.81026 0)
(25.7947 -1.12164 0)
(28.2311 -0.30215 1.83902e-18)
(26.3307 1.96877 0)
(33.3072 2.63691 -5.51105e-18)
(25.147 -2.48132 -2.24652e-18)
(15.1688 0.213549 -1.40717e-18)
(24.4767 -1.44439 1.03125e-18)
(27.1913 -2.13452 0)
(23.8517 -1.23731 7.31276e-19)
(25.1734 1.97179 -6.56688e-19)
(29.1713 -1.08115 0)
(28.3178 -0.281475 0)
(31.4884 0.643028 4.19852e-18)
(33.3778 2.63103 1.13698e-17)
(23.1792 -2.70708 1.67255e-18)
(26.0444 -2.37032 0)
(32.9353 2.29629 -1.23659e-18)
(25.679 1.76725 -3.55958e-20)
(33.1517 2.64991 4.97163e-18)
(26.493 9.30322 -8.05322e-19)
(25.0191 1.57591 1.02953e-18)
(23.0991 -2.13658 -7.01583e-19)
(23.3968 -2.30307 9.91501e-19)
(24.9369 1.80333 -2.33852e-20)
(25.8378 1.79649 3.1617e-20)
(33.2208 2.37526 -7.92131e-20)
(29.5704 -0.582114 0)
(25.5647 1.767 -2.29358e-21)
(19.8618 -1.92872 -1.269e-19)
(33.0857 2.40131 -1.29633e-18)
(21.819 -1.47599 -1.2155e-19)
(25.6209 1.75703 0)
(25.943 1.8352 9.02743e-19)
(24.9759 1.53709 -1.15777e-18)
(25.424 1.74033 0)
(26.161 1.79936 -2.56998e-20)
(25.913 1.99954 2.0639e-20)
(24.9843 1.50646 1.28192e-18)
(22.3474 0.952053 -1.32218e-18)
(22.9347 -2.56392 2.18292e-18)
(19.8455 -2.02334 -2.86974e-19)
(33.4189 3.15882 -5.09186e-18)
(22.7073 -2.66931 -1.63266e-18)
(26.2466 1.60739 2.83943e-20)
(24.9635 1.7929 0)
(24.3157 -0.750202 8.10366e-19)
(25.6908 1.85919 0)
(25.9473 1.85457 0)
(25.4027 1.73496 1.12364e-18)
(26.7866 -1.26703 -4.73068e-19)
(25.9164 1.79194 0)
(18.4528 0.043627 -9.45078e-19)
(23.8558 -1.57065 8.15648e-19)
(25.4668 1.75512 0)
(24.638 -2.68097 6.59741e-18)
(25.0308 1.54057 -1.55673e-18)
(26.0945 1.99084 -6.02867e-19)
(25.563 1.74174 -3.93244e-20)
(25.6278 1.95323 -2.24102e-20)
(26.0208 1.94415 7.12857e-19)
(25.3725 1.23282 -2.0241e-19)
(25.6041 1.77677 3.53186e-20)
(23.8588 -2.25668 0)
(24.4042 -2.03417 -1.28232e-18)
(29.6558 -0.548615 3.25427e-18)
(25.1134 1.60799 0)
(25.4396 2.05385 -1.25496e-21)
(24.5849 1.60171 0)
(24.4926 1.60727 8.61889e-19)
(31.8844 1.40062 -3.88917e-18)
(25.5468 1.75105 -1.28691e-18)
(25.375 1.72821 0)
(31.7995 1.20809 3.95552e-18)
(25.5536 1.99405 0)
(25.9171 1.8203 -9.6014e-19)
(20.3365 -2.0228 3.99985e-19)
(24.2255 -2.71297 -3.94689e-18)
(24.4896 -1.87656 -1.22762e-18)
(25.8331 1.85163 -9.01302e-19)
(21.8647 -1.55519 -1.07167e-19)
(25.9014 1.79933 0)
(25.517 1.76434 -3.54675e-20)
(25.7069 2.00545 -2.08109e-20)
(25.6326 1.75098 0)
(25.7335 1.87998 -8.3361e-19)
(25.6936 2.02213 -2.02216e-20)
(23.1644 -2.69738 1.55304e-18)
(24.3051 -2.63586 0)
(32.5527 1.75794 0)
(26.0034 1.5622 1.11633e-18)
(26.2372 1.35476 3.03255e-20)
(22.6805 -2.64138 -8.71505e-19)
(33.6033 2.73634 -8.34356e-19)
(24.1729 -2.70557 8.09511e-19)
(21.7116 1.67499 1.36138e-18)
(25.9744 1.93418 0)
(25.2915 1.71244 -1.16979e-18)
(21.5799 -0.0828394 -3.73159e-20)
(24.0554 -1.39401 0)
(25.4738 1.75563 -1.10627e-18)
(26.0801 2.00668 0)
(26.095 1.85306 8.05078e-19)
(25.7115 2.02432 2.01897e-20)
(33.6003 3.0351 -7.27258e-18)
(31.9448 1.25911 -1.04994e-18)
(25.7005 1.75682 0)
(26.0691 1.74104 0)
(25.0184 1.53547 3.1364e-19)
(20.7618 -0.311169 -5.82548e-19)
(26.1821 1.84438 0)
(26.3432 1.30214 -7.3163e-19)
(21.4615 -2.06742 0)
(25.6241 1.97134 -2.17389e-20)
(25.8298 -1.95638 1.92892e-18)
(25.4051 1.69097 -1.44439e-18)
(26.3871 1.46457 -1.76623e-18)
(15.1529 0.372721 0)
(22.3116 -1.34604 -6.6204e-20)
(25.7216 1.82299 0)
(33.0021 2.15279 -1.33509e-18)
(21.1517 0.0838828 -4.03221e-19)
(28.6301 -0.308777 2.24799e-18)
(23.4951 -2.4907 -1.23153e-18)
(24.3916 -2.12493 0)
(26.7986 -1.91521 2.51455e-18)
(25.7418 2.00988 -2.0611e-20)
(21.7389 -0.777249 4.23646e-20)
(25.1434 1.43383 0)
(23.0379 -2.62306 1.27561e-18)
(21.7077 1.49049 1.40502e-18)
(23.7812 -2.2241 -1.08633e-18)
(25.3076 1.71593 1.1768e-18)
(29.3304 -0.958404 3.50942e-18)
(26.0903 1.72834 -9.27371e-19)
(31.8771 1.28832 0)
(33.7249 3.45675 -5.66996e-18)
(25.0729 1.02397 1.32236e-18)
(21.6251 1.63118 -1.87353e-18)
(25.5369 2.03323 -6.15591e-19)
(26.0019 1.94656 0)
(26.1859 1.95658 0)
(25.921 1.54706 -1.12509e-18)
(25.0488 2.02435 0)
(26.4766 1.34339 -8.92241e-21)
(21.6023 -0.138586 3.14053e-19)
(25.4825 1.75499 -1.28053e-18)
(33.079 2.26827 1.33275e-18)
(25.0296 -2.00763 -1.57468e-18)
(26.7921 1.75356 1.2166e-21)
(15.9073 0.521929 5.14303e-20)
(25.9032 2.01546 -6.40681e-19)
(24.4275 -2.55051 0)
(32.4839 1.89943 -3.31514e-18)
(32.7844 2.07247 0)
(23.7928 -1.29447 7.26936e-19)
(25.2653 1.58675 2.1478e-20)
(32.479 2.01765 4.31705e-18)
(25.121 1.9722 -6.5313e-19)
(25.1126 1.99923 6.51395e-19)
(25.5812 1.98064 6.85112e-19)
(24.4966 -1.9681 1.24678e-18)
(25.7305 1.83407 2.94322e-20)
(25.8716 2.03163 6.27656e-19)
(23.8179 -1.38576 -7.46153e-19)
(25.3382 1.47874 2.05466e-19)
(25.0743 2.00742 2.00679e-20)
(25.1365 1.98126 -6.54191e-19)
(32.5597 1.88154 0)
(20.9698 -0.219417 0)
(33.1435 2.25472 5.61419e-18)
(23.2905 -1.56656 5.43991e-19)
(32.6899 2.32779 -4.41076e-18)
(25.7793 1.8381 -2.93064e-20)
(25.9925 1.93197 -7.37863e-19)
(15.8767 0.509647 1.68077e-18)
(21.8694 1.50388 1.79702e-18)
(24.3173 -2.00691 1.18329e-18)
(24.6328 1.70404 2.49846e-20)
(22.8903 -2.53111 -1.93047e-18)
(25.7477 1.83562 -2.93665e-20)
(29.3997 -0.864388 -3.4186e-18)
(23.9267 -1.51226 8.1825e-19)
(20.318 -0.231201 0)
(26.2513 1.56222 9.24704e-19)
(25.8708 1.41992 -1.17323e-18)
(24.4827 -2.56435 0)
(25.5509 1.76762 1.17542e-18)
(26.1353 -2.2991 2.05128e-18)
(25.481 2.04168 6.2561e-19)
(25.6969 2.0768 5.9316e-19)
(24.387 -1.75749 -1.12316e-18)
(26.0661 -2.29897 5.88229e-18)
(25.7957 1.83814 -9.08741e-19)
(21.3591 -0.439213 7.92228e-19)
(25.3461 1.71833 -7.88086e-20)
(25.7585 2.06276 -1.88539e-20)
(22.6076 -2.12878 -4.83152e-19)
(24.221 -1.79311 0)
(18.5758 -0.85285 2.96641e-19)
(25.4298 1.58229 1.48956e-18)
(20.8939 -0.640919 -4.17494e-19)
(22.3397 -2.11129 4.60344e-19)
(33.6608 3.31385 0)
(33.6699 3.1743 1.44956e-18)
(25.5995 1.98497 0)
(25.4102 2.07013 -1.34881e-21)
(22.3985 -2.16948 -9.91677e-20)
(24.0137 -1.5457 8.74766e-19)
(33.2202 2.77162 -5.09765e-18)
(25.6344 2.12381 -5.46958e-19)
(21.9499 -0.718316 0)
(23.2886 -1.47442 0)
(26.2084 1.95176 0)
(26.2201 1.29565 -2.96729e-20)
(24.9582 1.49047 1.26357e-18)
(26.1537 1.83043 -8.23849e-19)
(25.7993 2.03093 0)
(26.6061 9.2422 -8.56557e-19)
(33.4515 2.76091 -5.71089e-18)
(24.439 -1.60087 -6.72866e-21)
(26.2352 1.32299 3.00659e-20)
(24.9683 1.50036 -5.93979e-21)
(25.6926 2.10937 0)
(25.849 2.01564 0)
(24.6463 -2.67486 2.32955e-18)
(33.3043 2.77082 3.88629e-18)
(25.2468 1.68418 -3.50357e-19)
(22.0267 0.926781 1.63665e-18)
(21.4752 -0.531621 3.27445e-19)
(32.7837 2.19746 0)
(25.4382 1.14176 1.27838e-18)
(24.9692 1.48262 1.44798e-18)
(32.7028 2.20897 3.38407e-18)
(25.6942 2.04091 6.48032e-19)
(25.4259 2.07455 5.97903e-19)
(24.5054 -1.53486 -6.66896e-21)
(33.3554 3.02842 0)
(26.1102 -1.39904 0)
(26.2046 -1.40687 0)
(24.972 1.48605 8.68818e-20)
(23.311 -2.78024 0)
(25.2289 -2.31301 0)
(21.8324 -0.784556 2.3665e-19)
(25.4517 1.54964 -4.52253e-20)
(25.3573 -2.56814 0)
(19.976 0.817335 2.99805e-18)
(25.151 -2.30027 3.81945e-18)
(15.354 0.0416279 -3.72049e-19)
(19.0322 -1.03809 7.62902e-19)
(32.3684 3.46057 -4.24834e-19)
(26.4058 1.40119 2.79021e-20)
(19.7947 0.825987 4.93277e-20)
(22.8362 -2.81179 2.25182e-18)
(22.1323 -0.697738 1.0516e-20)
(33.5728 3.30355 -1.33383e-18)
(26.2927 1.95443 0)
(24.2979 -1.72938 1.04557e-18)
(24.9752 1.49734 -1.28923e-18)
(19.2884 -0.148985 0)
(22.592 -2.57511 1.76728e-20)
(15.4204 0.0888179 1.80831e-18)
(25.3119 1.51643 -2.03802e-19)
(26.3675 1.36785 0)
(21.363 -0.507485 0)
(23.6537 -2.72909 -1.53764e-18)
(26.7512 1.77827 5.18971e-19)
(20.58 -0.209162 0)
(21.0357 0.108847 4.13153e-19)
(21.6218 1.53322 4.51496e-19)
(24.9413 -1.98871 1.48424e-18)
(26.7613 1.75205 -1.23597e-18)
(21.7496 -2.04395 0)
(25.5882 2.00267 0)
(21.2391 -0.217233 0)
(19.0941 -0.933141 2.71686e-19)
(25.5305 2.05396 0)
(21.5051 -0.284289 -2.74319e-19)
(20.6671 -0.685185 1.67232e-19)
(26.3179 1.94749 0)
(25.5142 -2.50676 -2.73118e-18)
(22.6614 -0.896876 -2.79842e-19)
(22.4835 -0.983031 1.89159e-19)
(21.6561 -0.377874 2.28171e-19)
(21.4928 -0.223792 -3.02636e-19)
(33.454 2.89923 8.02199e-20)
(33.3729 2.89812 6.65714e-18)
(18.7982 -0.164533 0)
(21.9435 1.55243 0)
(25.8233 1.28839 1.23542e-18)
(26.3845 1.30391 8.92167e-19)
(21.8676 -0.855619 -4.13741e-20)
(26.2728 1.43185 9.47976e-19)
(26.2817 1.32962 -2.99206e-20)
(21.9707 -0.648966 0)
(23.1977 1.07301 3.25705e-20)
(24.5428 1.14355 0)
(25.6751 1.19863 -1.26297e-18)
(28.9927 0.0877245 0)
(25.5613 -2.50646 2.84901e-18)
(25.961 1.21733 9.03845e-19)
(22.1098 -0.845995 6.24152e-21)
(25.5188 1.18224 0)
(24.8749 0.994393 1.37276e-18)
(21.6803 -0.441294 -2.25845e-19)
(24.5487 0.98443 -8.6951e-20)
(26.3554 1.32345 0)
(24.625 1.72602 2.43405e-20)
(23.8092 0.935409 1.49433e-18)
(20.948 -0.349226 4.24718e-20)
(26.3532 1.92475 -5.98094e-19)
(25.3683 1.14383 1.41434e-18)
(25.8262 1.23214 -1.22599e-18)
(25.6895 2.05876 6.31564e-19)
(25.7406 2.06198 -5.85495e-19)
(25.6246 1.18278 -1.36705e-18)
(29.0592 0.176281 0)
(26.4069 1.35494 0)
(25.6468 2.07275 6.16782e-19)
(21.2406 -0.345666 4.57523e-19)
(25.5358 1.17228 1.4446e-18)
(26.339 1.28721 8.29116e-19)
(25.746 2.04537 6.23649e-19)
(24.9374 1.14124 -1.50656e-18)
(22.0943 1.8666 1.19157e-18)
(22.1851 -0.758981 6.49356e-20)
(25.7608 1.23304 -1.2765e-18)
(22.0759 -0.707851 -1.08024e-20)
(26.2153 1.24738 -8.62526e-19)
(25.6158 2.08807 -5.68376e-19)
(24.4846 1.80151 7.38836e-22)
(26.2831 1.35848 -3.02019e-20)
(26.3963 1.43167 2.79819e-20)
(22.2169 1.79425 -1.56402e-18)
(26.346 1.46474 -1.82862e-18)
(21.424 2.00233 1.39369e-18)
(25.7637 2.04618 0)
(21.3773 1.80296 1.94572e-18)
(25.603 1.36876 1.3955e-18)
(21.1181 -0.2522 0)
(22.1622 1.89857 0)
(24.0723 0.959511 -1.45091e-18)
(25.8458 1.35261 0)
(25.7675 1.29888 0)
(21.7654 -0.643137 3.84181e-20)
(24.4777 1.82026 0)
(21.2466 2.04934 0)
(26.3627 1.39627 -2.80044e-20)
(21.7365 -0.575322 -2.20299e-19)
(22.7156 -0.863373 2.7281e-19)
(21.8412 -0.649567 1.67409e-19)
(22.1321 -0.989397 0)
(32.1651 2.95099 3.39906e-18)
(21.1075 -0.314685 4.24932e-20)
(22.5444 -1.12684 1.6654e-19)
(28.4141 -1.49449 0)
(22.0621 -0.780629 0)
(32.2542 2.96151 3.42418e-18)
(25.6252 1.25827 -1.35767e-18)
(21.8765 -0.717208 0)
(29.1326 0.180123 0)
(22.2138 -0.978078 0)
(23.2872 -1.06345 1.03337e-18)
(32.0253 7.22013 1.60074e-18)
(22.8925 -1.14086 3.3139e-19)
(22.8794 -1.05261 0)
(22.2681 -1.04353 -7.37967e-20)
(22.6751 -0.982702 0)
(22.5373 -0.872889 2.26862e-19)
(21.9564 -0.856846 0)
(23.1503 -1.06583 -4.56537e-19)
(21.9914 -0.785298 0)
(32.2927 2.86493 4.79814e-20)
(32.161 7.27508 -1.65584e-18)
(22.4203 -0.924177 0)
(22.7539 -1.12362 0)
(22.2211 1.8632 0)
(21.2955 1.86985 1.95282e-18)
(22.0285 -0.64424 0)
(28.3337 -1.51365 3.32002e-18)
(32.1154 2.85605 0)
(22.5467 -0.956914 -1.84185e-19)
(22.7882 -0.91455 -1.98931e-20)
(21.2822 2.1518 4.772e-19)
(22.2317 -0.899302 0)
(22.2979 -0.883667 0)
(22.1784 -0.835604 -6.07286e-21)
(22.4051 -1.08953 0)
(23.1709 -1.1552 1.80016e-20)
(22.9673 -1.19157 3.81505e-19)
(22.616 -1.09905 -2.04647e-19)
(21.23 0.301413 3.06398e-19)
(23.0712 -1.02011 -4.09037e-19)
(22.7459 -1.03641 -3.07331e-19)
(28.3372 -1.44605 0)
(22.5914 -0.843502 -2.21096e-19)
(23.2068 -1.02039 0)
(22.346 -1.02665 7.17782e-20)
(22.8256 -1.17759 -2.30363e-20)
(32.1904 7.43124 0)
(22.3563 -0.945292 0)
(21.2316 0.256875 0)
(22.8055 -1.00154 -2.11606e-20)
(22.6136 -1.01335 0)
(22.938 -1.01383 0)
(20.9485 4.25251 -2.67129e-18)
(23.1092 -1.19889 3.55595e-19)
(25.2017 1.69616 -9.42814e-19)
(23.0144 -1.0622 8.20596e-19)
(23.0317 -1.15102 -3.05375e-19)
(20.975 4.37677 8.42864e-19)
(21.2931 0.242141 -2.70102e-19)
(25.2605 1.74935 2.74356e-20)
(24.5434 1.75987 7.65912e-19)
(26.1777 9.85823 -7.29284e-19)
(20.914 0.180395 4.30252e-19)
(32.4108 4.60607 -3.28101e-18)
(24.5969 1.7889 -2.31673e-20)
(26.1976 9.70143 7.58381e-19)
(32.5058 4.66024 -5.401e-20)
(20.7463 0.159198 1.25059e-19)
(26.0872 9.61286 0)
(24.5788 1.72734 0)
(24.2616 0.876624 1.84249e-18)
(25.3206 1.77692 2.69572e-20)
(24.7407 1.84918 2.20061e-20)
(25.2405 1.71529 9.63646e-19)
(32.512 4.7775 0)
(25.149 1.82359 2.3699e-20)
(21.5792 2.20911 2.16968e-18)
(21.8947 1.91972 1.66066e-18)
(24.7549 1.82996 7.16929e-19)
(24.5977 1.73739 -7.74542e-19)
(25.2513 1.682 -1.06901e-18)
(24.5698 1.79913 7.38319e-19)
(22.0839 1.64426 1.65436e-18)
(25.0714 1.85617 -7.24513e-19)
(20.7147 3.89709 0)
(23.5776 0.880553 3.99236e-19)
(24.6141 1.79865 2.31515e-20)
(21.9503 1.79556 -1.69333e-20)
(23.6932 0.989617 1.83584e-18)
(21.8151 1.88831 -1.28337e-18)
(25.2364 1.67138 1.10971e-18)
(31.7016 6.8529 -2.93411e-18)
(26.1567 2.00968 3.58561e-20)
(24.6347 1.75782 0)
(24.2587 0.928528 -3.43432e-18)
(26.1811 2.00349 -3.65147e-20)
(32.1384 6.61411 -5.10902e-18)
(22.3446 1.60392 -1.55023e-18)
(24.5525 1.78968 0)
(25.2054 1.65403 3.60498e-20)
(20.7177 4.02581 0)
(24.6033 1.81798 0)
(24.5615 1.76946 0)
(24.5887 1.75851 7.63849e-19)
(32.1773 6.73483 9.3928e-18)
(25.3287 1.81114 -1.61102e-18)
(21.9591 1.87469 -1.65067e-18)
(21.803 1.80333 3.05276e-18)
(21.8685 1.67403 -1.75666e-18)
(23.5748 0.928221 0)
(23.1086 0.941002 -1.58189e-18)
(24.6636 1.82774 7.18197e-19)
(24.6527 1.7681 0)
(24.7513 1.79954 2.31044e-20)
(24.8342 1.85221 -7.08136e-19)
(24.8489 1.83259 1.46062e-18)
(20.6026 3.82983 -1.95315e-18)
(24.6421 1.78855 0)
(26.4453 10.218 -4.09323e-19)
(25.1116 1.80314 1.56434e-18)
(26.2274 1.98262 3.58267e-20)
(24.6925 1.8185 0)
(26.295 10.1121 8.60815e-19)
(24.7107 1.85772 7.00346e-19)
(20.6137 4.0989 1.99575e-18)
(32.2766 3.43871 -3.28238e-18)
(24.6194 1.82735 7.1953e-19)
(32.3296 6.78048 -1.60283e-18)
(32.3858 3.26844 -3.9172e-18)
(22.0175 1.75612 -1.65383e-18)
(24.7385 1.81952 0)
(22.0879 1.79279 -1.60719e-18)
(32.2411 3.33703 0)
(25.417 1.86677 8.01415e-19)
(24.7851 1.8208 -7.48543e-19)
(24.4587 1.66818 -2.57006e-20)
(24.6879 1.78855 7.66714e-19)
(32.5194 3.39409 3.5394e-18)
(24.9296 1.8548 0)
(24.9432 1.83468 -7.24067e-19)
(21.9421 1.6356 0)
(24.3504 0.839668 -3.90783e-18)
(24.705 1.79883 -2.30994e-20)
(22.0869 1.56743 -3.36158e-18)
(24.803 1.86099 0)
(24.7341 1.78901 -7.6683e-19)
(25.0895 1.86636 0)
(22.4158 1.51884 1.93141e-18)
(25.1669 1.76848 -8.16491e-19)
(24.6592 1.7985 0)
(24.6474 1.81795 0)
(24.879 1.82317 -7.29195e-19)
(22.1507 1.68537 0)
(24.6953 1.84772 0)
(25.1683 1.83368 -7.77796e-19)
(25.0814 1.83541 7.3972e-19)
(25.0246 1.85627 -7.41836e-19)
(25.036 1.83566 0)
(24.7088 1.82871 0)
(25.4372 1.87452 -2.41806e-20)
(25.2057 1.78846 7.81046e-19)
(22.2867 1.56073 1.58846e-18)
(25.1516 1.80199 0)
(24.8983 1.86402 0)
(25.4481 1.86135 0)
(24.7564 1.85943 -7.21756e-19)
(25.1698 1.73438 0)
(25.1794 1.75655 0)
(32.2937 3.25141 0)
(22.0146 1.6778 1.6721e-18)
(22.1518 1.75809 1.57937e-18)
(25.2359 1.75197 -8.62703e-19)
(25.1996 1.76649 -8.28719e-19)
(24.9722 1.82481 7.58822e-19)
(22.3397 1.67015 1.53097e-18)
(24.832 1.822 -7.49297e-19)
(25.1819 1.6867 9.51984e-19)
(25.222 1.71786 0)
(25.2174 1.69386 -3.02341e-20)
(24.4417 1.63515 -8.24505e-19)
(24.9943 1.86613 1.41658e-18)
(20.4284 0.373684 -3.48206e-19)
(24.8504 1.86265 0)
(25.302 1.75513 -8.91093e-19)
(32.5575 3.50368 -5.33335e-20)
(22.2378 1.44342 0)
(25.063 1.82512 0)
(24.9258 1.82404 7.32125e-19)
(25.3765 1.81558 8.53382e-19)
(25.2962 1.7805 8.22367e-19)
(25.1067 1.82457 -7.76423e-19)
(22.3237 1.35529 0)
(22.1577 1.53983 0)
(25.5613 1.86679 2.53878e-20)
(25.4027 1.87958 -7.58587e-19)
(24.8017 1.83131 7.40538e-19)
(24.7871 1.85068 2.53517e-22)
(22.252 1.37127 0)
(32.2088 4.28986 -3.07277e-18)
(25.1174 1.85575 0)
(22.4071 1.58268 -1.52763e-18)
(24.9464 1.86535 7.04903e-19)
(25.4366 1.84025 -8.14638e-19)
(26.7246 9.42919 0)
(25.4402 1.89468 0)
(25.1321 1.79183 -7.86331e-19)
(25.018 1.8253 0)
(25.1783 1.64464 1.26669e-18)
(22.2779 1.69592 0)
(25.1701 1.79036 7.95238e-19)
(24.896 1.83375 -7.21122e-19)
(24.8818 1.85356 0)
(25.1896 1.8221 1.54004e-18)
(25.0422 1.86657 2.23543e-20)
(25.3574 1.84127 8.14676e-19)
(24.0057 1.55777 -2.9896e-20)
(23.9895 1.60358 -2.92179e-20)
(23.8877 1.50155 0)
(23.951 1.5438 -3.08852e-20)
(23.9736 1.52314 3.0742e-20)
(23.9365 1.59126 3.01686e-20)
(23.9441 1.61739 0)
(22.3764 1.4065 -1.60435e-18)
(25.5351 1.87477 0)
(22.3625 1.47301 1.58368e-18)
(24.9772 1.85576 0)
(24.9898 1.83543 -2.2857e-20)
(25.1763 1.72256 0)
(25.1545 1.63258 8.12527e-20)
(25.1965 1.73243 -1.35359e-21)
(25.209 1.75442 8.21469e-19)
(25.4087 1.84539 0)
(22.8069 1.04029 -1.60365e-18)
(22.2956 1.49172 -1.60797e-18)
(22.8937 1.10487 1.53606e-18)
(25.2293 1.76422 2.63855e-20)
(22.4619 1.32924 0)
(22.4143 1.27574 0)
(21.1218 3.68776 0)
(25.2207 1.72997 8.90083e-19)
(25.1829 1.69845 -8.9446e-19)
(25.1981 1.68464 1.00336e-18)
(22.4433 1.39297 0)
(22.8229 0.928437 -1.24795e-18)
(22.2162 1.65601 1.59162e-18)
(25.2606 1.72456 -2.90454e-20)
(25.3883 1.83712 -8.04689e-19)
(23.0386 0.865211 0)
(25.5221 1.8546 8.20131e-19)
(22.2202 1.58482 -1.60971e-18)
(25.4682 1.86852 -7.86789e-19)
(25.2808 1.75862 -9.00717e-19)
(22.3432 1.28618 0)
(25.1255 1.8348 2.34129e-20)
(25.4764 1.8552 8.07647e-19)
(25.3411 1.78565 -2.69018e-20)
(22.4388 1.20993 1.66847e-18)
(23.2762 1.04199 3.65669e-19)
(25.1898 1.8004 -7.89369e-19)
(25.5262 1.88845 -2.42687e-20)
(31.7965 6.31331 -1.46112e-18)
(23.0984 1.08979 -1.49354e-18)
(24.5202 1.69739 0)
(25.5554 1.88081 -7.91453e-19)
(25.3828 1.87142 0)
(22.6434 1.1984 3.92572e-21)
(22.6065 1.14194 -3.23816e-18)
(22.5282 1.32064 -1.56455e-18)
(25.2867 1.69711 0)
(25.4164 1.83236 0)
(22.6166 1.25584 1.56205e-18)
(25.2534 1.67869 0)
(23.3571 0.975039 -1.12279e-18)
(25.3488 1.81984 -8.38386e-19)
(25.2358 1.66903 -3.57292e-20)
(25.4596 1.9016 7.46749e-19)
(25.4748 1.88858 -7.65006e-19)
(25.2004 1.72035 -8.97254e-19)
(23.3477 0.816731 1.6574e-18)
(25.4944 1.89529 -7.60318e-19)
(22.5378 1.14243 4.39679e-21)
(25.5018 1.84829 -8.24737e-19)
(23.5351 0.857802 -2.018e-18)
(23.2523 0.883939 1.61715e-18)
(22.6392 1.08351 1.64942e-18)
(31.8294 6.42871 2.95276e-18)
(24.4889 1.63123 2.63913e-20)
(22.5512 1.25992 0)
(22.509 1.20463 1.62896e-18)
(23.7468 0.880494 -3.18024e-18)
(25.1872 1.64666 0)
(23.9168 1.5087 -1.00751e-18)
(23.9703 1.62307 9.31964e-19)
(24.0013 1.53057 -3.07805e-20)
(22.7061 1.08727 0)
(23.5898 0.782798 -1.28886e-18)
(31.9503 6.46014 0)
(25.2816 1.7462 8.98964e-19)
(22.7074 1.19855 1.55344e-18)
(31.8323 6.90084 -3.04058e-18)
(25.3777 1.84997 7.59954e-19)
(22.7422 1.0327 0)
(23.7303 1.00912 -3.64087e-19)
(22.7378 1.14441 -1.57942e-18)
(25.5063 1.88194 8.03976e-19)
(25.4964 1.8619 8.0274e-19)
(23.6967 0.946127 0)
(23.6142 0.994197 3.63549e-19)
(25.3561 1.8071 -2.59868e-20)
(22.8001 1.14823 1.54467e-18)
(22.9297 1.05764 -1.17887e-18)
(25.1336 1.62976 9.05458e-19)
(22.8458 0.989598 1.63515e-18)
(22.8676 0.878214 0)
(22.9492 0.953723 -1.62969e-18)
(22.9314 0.893293 0)
(25.2022 1.65348 -1.19861e-18)
(22.9781 0.847324 0)
(23.0518 0.92458 1.62433e-18)
(24.2389 0.960126 2.03985e-18)
(23.2068 0.919964 -1.57692e-18)
(23.026 1.02407 0)
(23.2379 1.07744 0)
(23.1877 1.06354 0)
(23.1749 1.01156 1.51371e-18)
(28.6265 0.0357855 -9.77385e-19)
(23.1507 1.1017 1.46044e-18)
(24.5262 1.67469 0)
(23.2668 0.990991 -3.82329e-19)
(25.1192 1.62466 -9.04702e-19)
(23.3998 0.943586 1.54181e-18)
(23.3492 0.871158 -1.60852e-18)
(26.8624 9.62738 0)
(24.5054 1.6646 0)
(24.4795 1.6778 2.56966e-20)
(23.3978 0.785945 4.18585e-19)
(22.908 1.00058 1.59546e-18)
(28.6919 0.105624 0)
(23.4452 0.81019 -4.18836e-19)
(23.4435 0.862618 -3.98385e-19)
(23.4954 0.78254 -1.69391e-18)
(23.4888 0.884734 1.9705e-18)
(24.5103 1.64134 -2.63845e-20)
(23.6155 0.949011 1.50112e-18)
(26.6036 9.50055 0)
(24.3178 0.866786 -1.49748e-20)
(23.631 0.808014 1.25073e-18)
(23.6238 0.856211 -1.21309e-18)
(31.8594 7.03362 1.55167e-18)
(26.7345 9.70988 -9.66168e-19)
(23.0088 0.967649 -1.58815e-18)
(23.6635 0.87928 -4.00184e-19)
(23.7701 0.987437 0)
(23.7394 0.924284 1.5397e-18)
(21.9748 2.22456 0)
(23.216 0.974206 -1.16606e-18)
(23.6533 1.01313 -1.8019e-18)
(23.7924 0.860779 1.23457e-18)
(24.3379 0.8875 0)
(23.8269 0.883862 -1.18973e-18)
(23.8722 0.866082 1.24355e-18)
(23.8177 0.92569 -3.83979e-19)
(26.829 9.22619 -9.04221e-19)
(26.851 9.48472 -2.44763e-19)
(23.9665 0.933318 -3.53471e-18)
(23.9792 0.895305 4.21165e-19)
(23.8515 0.946896 -1.13104e-18)
(22.0743 2.12103 -3.08476e-18)
(23.925 0.949815 -3.95435e-19)
(24.3868 1.68624 0)
(23.9493 0.872929 -3.98875e-19)
(24.0239 0.880816 1.68168e-18)
(21.9471 2.14908 -3.9527e-19)
(23.9043 0.888919 4.17502e-19)
(23.8933 0.928814 3.96544e-19)
(24.0517 0.902748 0)
(23.3973 0.892367 0)
(23.9962 0.953987 3.88841e-19)
(24.0961 0.889756 0)
(24.0373 0.938908 -3.93058e-19)
(24.1218 0.910993 1.65438e-18)
(24.0651 0.959268 4.02163e-19)
(24.1667 0.898534 -1.72452e-18)
(24.4322 1.7758 7.95512e-19)
(24.1059 0.945469 2.00333e-18)
(24.1321 0.965302 1.16743e-18)
(24.191 0.919395 0)
(24.1731 0.952533 -2.0294e-18)
(24.1976 0.971969 -1.19353e-18)
(24.3052 0.920245 1.83604e-18)
(23.6584 0.925062 -1.54427e-18)
(25.8915 2.09721 0)
(24.4677 1.79261 7.56378e-19)
(24.4558 1.76423 0)
(23.7754 0.945534 0)
(28.7695 0.103502 -2.0974e-18)
(25.9642 2.07812 0)
(26.6015 9.64248 0)
(21.3622 2.34085 -3.64398e-18)
(21.0367 4.18088 -8.5656e-19)
(26.7204 9.29814 8.59785e-19)
(21.1138 4.00788 -1.68359e-18)
(22.0023 2.09958 1.95392e-18)
(32.3695 3.75525 -3.29534e-18)
(21.205 4.05497 1.67386e-18)
(20.4849 0.482395 7.88927e-20)
(24.4739 1.77305 -3.78069e-22)
(26.9482 9.27244 -7.28242e-19)
(25.9869 2.07147 0)
(20.64 0.352822 4.52606e-19)
(21.0243 4.06791 8.65988e-19)
(21.6694 2.22647 -2.26989e-20)
(21.3189 4.29586 0)
(26.9638 9.40299 1.22426e-18)
(32.3003 4.33457 3.97657e-19)
(21.6143 2.05675 -4.64742e-19)
(21.7281 2.1646 2.05414e-20)
(21.1356 4.22095 -8.27702e-19)
(21.4529 2.09868 -1.83602e-18)
(26.0021 2.05941 -3.44134e-20)
(20.95 3.55746 0)
(21.0255 3.73323 -1.79584e-18)
(21.4225 2.26393 1.81578e-18)
(21.5193 2.27798 1.31172e-18)
(20.6159 0.31349 -2.61514e-20)
(26.026 2.05427 -5.19235e-19)
(21.2487 4.36064 -1.66928e-18)
(21.2144 4.15725 2.45192e-18)
(21.2789 4.46001 -7.67945e-19)
(21.3027 4.19765 -8.1948e-19)
(32.3102 4.44361 -3.95808e-19)
(21.703 2.08082 -3.01588e-18)
(28.4188 0.191337 -9.16236e-19)
(21.386 2.17036 -1.83387e-18)
(21.1556 4.32427 1.64792e-18)
(20.9352 3.66723 1.79886e-18)
(21.0813 4.40509 0)
(26.0823 2.03506 -5.57228e-19)
(21.544 2.51925 -2.4122e-20)
(21.3384 0.351935 0)
(21.3413 0.375961 -6.09868e-21)
(21.3208 0.425226 -1.02352e-19)
(21.6894 0.0715866 0)
(24.3471 1.64534 8.80066e-19)
(27.3688 9.52638 0)
(21.6794 0.0404292 1.76243e-20)
(17.0729 0.386573 7.55461e-19)
(20.8503 0.525391 0)
(20.6826 0.466777 -2.99e-19)
(16.7314 0.453295 -1.0593e-18)
(25.5383 9.63619 -5.38227e-19)
(25.6414 9.74689 5.20471e-19)
(24.3828 1.70846 -2.51795e-20)
(21.6404 0.0707189 -3.37173e-20)
(24.4329 1.68171 -2.57496e-20)
(24.4029 1.71719 8.26138e-19)
(20.8441 0.488851 0)
(16.4892 0.539211 8.5955e-19)
(24.4161 1.6492 8.39372e-19)
(24.369 1.65432 -2.648e-20)
(24.3657 1.67747 0)
(24.4279 1.70407 2.50979e-20)
(24.2966 1.69765 -1.6238e-18)
(28.4818 0.18666 1.80889e-18)
(26.9248 1.8629 -1.0987e-22)
(24.3943 1.63984 0)
(26.9108 1.88538 5.30163e-19)
(26.8425 1.90043 -3.08893e-20)
(32.3263 3.93912 -3.22246e-18)
(24.3486 1.7852 7.33599e-19)
(21.4479 3.7214 0)
(25.6846 2.13844 0)
(32.1647 3.9759 -3.11621e-18)
(24.3717 1.77242 -7.90045e-19)
(28.5546 0.25226 0)
(21.4425 3.90458 7.89435e-19)
(21.3683 3.76103 -2.43422e-18)
(32.1446 3.87379 3.05882e-18)
(25.7658 2.12102 0)
(26.8671 1.90375 3.08678e-20)
(21.3562 2.68102 0)
(21.4213 0.257203 0)
(21.4009 0.285962 1.33749e-19)
(32.255 4.01188 6.32421e-18)
(32.4026 3.56654 -2.9553e-18)
(32.2491 3.62235 3.25802e-18)
(24.391 1.77987 0)
(25.1999 2.04586 6.11961e-19)
(21.3643 3.85488 -7.90255e-19)
(25.789 2.1187 4.83448e-19)
(27.0941 9.44847 0)
(27.2589 9.62904 4.61295e-20)
(26.8618 1.87886 5.08829e-19)
(32.3028 3.83275 4.80327e-20)
(21.633 2.52304 -3.74449e-18)
(26.8986 1.85911 -5.21494e-19)
(26.9049 1.83531 -5.32826e-19)
(21.4029 0.264086 1.19618e-19)
(21.5557 2.36379 -4.57114e-19)
(21.6815 2.45352 4.16351e-19)
(32.2118 3.80158 3.18606e-18)
(31.2141 1.71043 0)
(32.4973 3.59163 -3.51009e-18)
(32.1865 3.69919 -3.12438e-18)
(21.4056 2.43068 1.79173e-18)
(21.2472 3.45262 -1.67826e-18)
(25.8317 2.10426 -3.05917e-20)
(31.1108 1.78948 -2.79215e-18)
(25.1601 2.08908 6.01992e-19)
(25.1551 2.05481 -6.22982e-19)
(21.0514 3.52073 0)
(23.2183 -0.40418 -3.85259e-18)
(21.4967 2.59603 -1.72435e-18)
(21.4019 2.59701 3.4996e-18)
(31.1581 1.87212 0)
(32.5291 3.70154 0)
(21.2277 3.54869 8.56407e-19)
(31.6142 7.07699 2.78789e-18)
(25.854 2.0997 -4.96923e-19)
(27.1181 9.58758 1.11179e-18)
(24.3602 9.1627 -1.57608e-20)
(24.501 9.18122 0)
(32.6253 3.72771 -3.59422e-18)
(18.024 0.495993 0)
(22.4413 -0.326595 -2.37614e-19)
(21.646 2.37432 -1.69444e-18)
(21.336 0.411796 6.16587e-20)
(31.1358 1.70883 0)
(21.8894 -0.139322 9.28145e-20)
(24.5512 9.31562 9.823e-20)
(23.69 0.398849 0)
(22.3408 -0.224783 0)
(21.5162 3.86129 0)
(21.3525 2.51191 -1.77942e-18)
(24.2734 9.28108 1.59388e-20)
(21.8409 -0.110892 -1.24059e-19)
(22.3051 -0.273458 2.11527e-19)
(25.1726 2.09492 -1.9452e-20)
(25.2567 2.07102 0)
(25.2142 2.05239 0)
(21.5172 3.77306 0)
(21.1341 3.58696 -8.7304e-19)
(25.9188 2.08212 0)
(31.2577 1.79596 1.43522e-18)
(30.8313 1.78158 1.28473e-18)
(25.1819 2.06791 -5.97245e-19)
(25.2736 2.04885 6.11304e-19)
(22.4072 -0.247364 0)
(21.3191 0.438848 -4.71108e-20)
(31.2288 1.87578 -1.47654e-18)
(23.7358 1.55227 1.06906e-18)
(19.5035 0.424377 0)
(31.2777 1.95599 0)
(23.2641 1.72118 -1.13596e-18)
(21.8285 -0.154097 -1.16532e-20)
(20.2645 0.126725 -7.7138e-19)
(19.0276 0.403993 7.66567e-19)
(25.2219 2.08611 6.05391e-19)
(14.2105 -1.41893 -1.14473e-18)
(13.6204 -0.996658 -2.76774e-18)
(12.768 -1.40281 3.84362e-18)
(26.1222 2.05086 -1.26668e-19)
(31.3777 7.08395 1.47112e-18)
(18.968 0.372223 -8.03414e-19)
(25.2585 2.04252 0)
(12.2092 -1.63278 1.58462e-18)
(26.0541 2.06831 0)
(16.7542 -1.78448 0)
(31.5965 6.93637 0)
(14.6395 -1.28019 2.24359e-18)
(19.8869 0.409836 1.34236e-19)
(31.3715 6.96093 1.35742e-18)
(34.8196 5.66786 1.38669e-19)
(18.7163 0.198378 1.96774e-19)
(17.0978 -1.67572 -1.42012e-18)
(23.7184 1.57645 -9.91421e-19)
(31.5011 7.15427 -4.05545e-18)
(24.2542 1.65862 -8.31918e-19)
(23.7602 0.409598 0)
(19.9552 0.112749 6.44408e-19)
(19.4444 0.356937 5.87194e-19)
(20.0699 0.241299 4.46325e-19)
(19.8443 0.375497 -7.00613e-19)
(20.3038 0.170697 -4.40933e-19)
(26.0432 2.07155 0)
(31.476 6.88406 2.8243e-18)
(19.6107 0.145947 0)
(19.3907 0.322693 -6.19881e-19)
(26.2192 3.93624 0)
(18.0428 -1.63001 0)
(20.162 0.356183 -1.32754e-19)
(20.0251 0.201029 7.54668e-19)
(20.5805 0.229764 -3.84375e-19)
(31.7424 7.13004 1.46645e-18)
(31.4022 2.89349 0)
(31.8857 3.77976 0)
(24.295 1.71973 1.6114e-18)
(19.1704 0.135855 -1.96541e-19)
(23.3007 1.71562 1.11315e-18)
(26.2665 3.52388 1.92837e-17)
(19.7886 0.303339 2.27832e-20)
(28.2689 1.39305 0)
(20.1242 0.319368 6.93346e-19)
(24.3413 1.69165 0)
(31.837 3.93521 0)
(24.3155 1.72755 2.5258e-20)
(25.7576 3.66183 -5.12513e-19)
(24.2127 1.73336 5.12008e-20)
(19.7391 0.266328 2.62188e-20)
(20.3892 0.29605 3.65833e-19)
(23.436 1.52005 1.14924e-18)
(24.3224 1.66011 -8.43681e-19)
(23.3241 1.61563 0)
(23.396 1.61215 -3.49105e-20)
(26.0251 3.13996 1.24048e-17)
(25.2848 3.0693 -3.07882e-17)
(24.8709 2.25388 -7.01778e-19)
(25.6319 3.48527 0)
(24.2753 1.68961 -2.59612e-20)
(24.2765 1.66667 -2.67055e-20)
(21.8594 3.61819 1.40821e-18)
(20.5513 0.187094 -1.28766e-19)
(25.4131 2.11947 5.65597e-19)
(31.9043 3.87414 0)
(25.3436 2.12731 -5.61358e-19)
(25.3251 2.14667 1.06974e-18)
(25.384 2.1359 -5.50419e-19)
(18.6393 0.158957 -1.95782e-19)
(24.1997 0.53986 -2.64936e-18)
(23.8343 0.366367 0)
(25.9128 2.36482 1.87315e-18)
(25.0038 2.06911 -7.11844e-20)
(23.9115 0.380223 -8.53694e-20)
(24.3384 1.71376 2.53377e-20)
(23.4888 -0.264954 3.61714e-18)
(31.7175 4.5133 -2.67116e-18)
(26.3737 3.39644 -4.60353e-18)
(17.0324 0.538698 0)
(17.9712 0.46732 -6.35114e-19)
(24.3003 1.65154 8.55278e-19)
(31.8631 1.25911 1.24415e-17)
(23.3865 1.6433 1.10798e-18)
(30.2893 -0.730793 -5.66652e-18)
(24.7162 2.16527 8.5564e-19)
(25.8133 3.46344 -6.06445e-18)
(24.3613 8.14129 8.44074e-20)
(24.193 8.67377 -8.41884e-20)
(24.9843 2.34925 0)
(23.3229 1.51701 -1.18451e-18)
(31.6883 3.95875 3.35123e-19)
(23.3709 1.70445 -1.1452e-18)
(25.4275 2.12206 0)
(25.2872 2.13749 -4.82941e-19)
(23.1632 5.21443 -3.97142e-18)
(25.9235 8.36341 8.55385e-19)
(31.7769 5.26314 0)
(24.2265 8.79181 1.65531e-19)
(21.7472 5.34584 -9.62574e-19)
(15.5519 7.93467 0)
(21.9796 4.02499 -2.23785e-18)
(25.408 3.69797 2.10757e-17)
(25.0653 -0.157848 6.97799e-19)
(24.839 -0.20173 1.66792e-19)
(15.2808 7.18117 4.52103e-18)
(23.7057 -0.0568938 -7.25504e-20)
(26.6186 3.195 -3.32748e-17)
(25.224 2.83943 -2.13587e-17)
(25.5793 9.50111 0)
(32.0005 10.5196 -3.80008e-18)
(23.3714 1.58197 0)
(21.7216 0.13216 -4.07681e-20)
(21.5498 3.5155 8.06434e-19)
(26.3268 2.03693 0)
(29.4535 4.60511 5.95005e-18)
(18.0603 12.5499 1.17869e-18)
(17.3577 0.47541 0)
(26.6947 1.91488 -5.11679e-19)
(23.8534 1.57361 0)
(23.766 1.55732 -3.21744e-20)
(26.274 -0.496638 0)
(25.3028 -0.118935 2.15791e-18)
(23.8151 1.53978 -1.01576e-18)
(23.7778 1.5852 0)
(25.0546 2.21266 6.04706e-19)
(23.4337 1.45644 1.17273e-18)
(23.8178 1.6169 3.045e-20)
(31.5876 6.35209 0)
(31.4661 6.31876 -1.29929e-18)
(23.8454 1.62183 -3.04646e-20)
(25.5384 9.27059 4.37231e-19)
(27.0931 -0.263117 2.20292e-18)
(27.7319 -0.0031829 0)
(22.8939 4.23685 -2.4787e-18)
(21.4596 0.256603 0)
(23.6936 0.160203 1.61209e-18)
(23.6779 5.29918 -3.02266e-18)
(24.5999 1.08049 0)
(26.606 1.95416 3.03881e-20)
(25.1222 2.06977 5.94802e-19)
(26.8484 1.85344 0)
(23.3614 1.51762 0)
(27.1047 1.8789 0)
(21.6208 0.752858 -1.36572e-19)
(23.3346 1.58264 -1.16004e-18)
(24.9 2.7951 -1.81349e-17)
(25.6769 9.24129 0)
(26.3526 -0.512878 1.34375e-18)
(23.8735 0.131118 6.75453e-18)
(16.2364 8.06215 2.68905e-18)
(23.5863 -0.0804716 3.71408e-18)
(21.2636 0.451916 -3.05404e-19)
(25.7776 3.39497 0)
(34.8986 5.81236 0)
(23.5275 -0.639716 -5.60623e-19)
(23.6237 -0.75935 0)
(26.6301 1.95418 4.52733e-19)
(23.4493 -0.60532 -5.2223e-19)
(23.5072 -0.863397 1.45914e-19)
(23.6463 -0.84558 -5.99665e-19)
(23.4016 -0.739801 0)
(25.0518 2.09758 -5.75514e-19)
(23.309 1.55095 2.34445e-18)
(23.3779 1.48513 0)
(21.4344 0.278711 -3.08353e-20)
(25.0995 2.09058 5.82526e-19)
(26.2121 0.316341 2.62367e-18)
(24.0412 -0.225822 0)
(24.2333 1.74041 7.6185e-19)
(24.1331 8.88546 -7.88593e-20)
(25.5435 -0.0707208 0)
(31.2736 6.37418 1.30773e-18)
(26.7028 0.56677 2.22112e-18)
(23.5244 1.49615 -1.12394e-18)
(23.4918 1.5534 0)
(24.9654 9.41763 -3.11719e-19)
(25.3051 8.97491 -6.34721e-19)
(25.5045 3.33717 -8.55971e-20)
(25.1598 3.71523 0)
(23.8384 0.311823 2.91961e-18)
(24.4967 -2.52867 2.26181e-18)
(27.059 6.18389 4.90105e-18)
(25.3473 2.18248 -4.67324e-21)
(24.0042 0.287903 9.41956e-20)
(25.7448 2.684 -2.38378e-18)
(21.1558 0.359973 3.17179e-19)
(21.0719 0.417553 3.03383e-19)
(30.7832 1.70771 1.85028e-21)
(30.3868 5.90698 0)
(22.3818 2.17492 0)
(24.6121 1.26405 -2.47551e-19)
(24.0615 0.359176 0)
(26.5764 -0.223112 0)
(22.9756 2.84739 -1.50112e-18)
(27.4143 4.62854 0)
(24.3765 3.88259 4.51933e-18)
(31.7158 4.60888 0)
(25.2764 5.72482 4.62665e-19)
(23.6894 8.07662 -2.67534e-21)
(19.6203 0.544796 -1.20635e-19)
(21.5344 3.59762 0)
(24.8075 8.53776 0)
(27.3899 9.16872 -1.08591e-18)
(25.7957 3.4275 -2.16788e-18)
(25.4873 9.39685 -1.09481e-19)
(25.7935 -0.0135989 -7.78421e-19)
(24.1147 0.424662 0)
(25.076 2.07739 -5.71885e-19)
(24.1727 0.525612 0)
(23.5754 1.53107 3.43683e-20)
(23.3844 1.55012 0)
(27.0466 1.88816 4.45987e-19)
(25.164 2.17931 -5.1944e-19)
(24.0071 0.339476 9.29716e-20)
(25.8382 3.37463 1.84866e-18)
(24.1605 0.486927 1.76035e-19)
(26.6422 1.93538 0)
(18.2265 0.823056 -9.79605e-19)
(24.3847 1.83572 -1.83238e-19)
(23.8628 1.60052 0)
(31.7064 4.79758 2.67335e-18)
(31.7003 4.89088 1.33486e-18)
(25.7451 15.107 0)
(23.9381 0.266854 -3.08574e-18)
(27.1984 9.35798 -2.16557e-18)
(24.9314 1.63573 0)
(22.7622 -0.327748 -3.2841e-19)
(24.5616 1.37755 2.26474e-18)
(23.7852 1.53392 0)
(26.7686 1.91708 -3.07136e-20)
(19.5955 0.517757 1.22196e-19)
(23.4209 1.55083 0)
(23.471 1.45996 0)
(24.2339 0.598532 0)
(31.6673 6.27246 0)
(24.8609 1.68822 -2.54975e-18)
(27.4276 9.29199 0)
(23.7323 1.60416 0)
(21.6372 2.81734 4.03064e-19)
(26.5663 0.604071 -2.10396e-18)
(30.869 1.63073 -2.68566e-18)
(30.8984 1.78351 0)
(22.6151 -0.298577 3.0716e-19)
(24.5635 1.00855 -2.32702e-18)
(27.4752 -0.181363 -2.38339e-18)
(27.167 2.01551 9.53032e-19)
(23.0335 -0.631963 -5.03724e-19)
(23.1694 -0.627105 -1.15761e-19)
(24.5837 1.04707 0)
(26.3547 -0.597572 -1.33344e-18)
(24.0693 0.406314 0)
(24.96 2.69713 3.74242e-18)
(26.7852 2.86887 -8.60864e-18)
(24.332 0.727277 0)
(27.1895 3.89362 2.74528e-17)
(25.135 2.07641 5.90672e-19)
(24.6162 1.11848 0)
(27.0486 9.19158 -1.2259e-18)
(26.5932 2.93161 3.16776e-18)
(26.1573 4.02675 1.81426e-17)
(25.0643 2.0706 5.77268e-19)
(23.472 1.52228 -1.12948e-18)
(27.5575 -0.123498 1.5942e-18)
(21.5431 2.67405 -1.66124e-18)
(21.4385 0.251556 -6.28589e-20)
(25.0269 1.61842 -7.03517e-19)
(24.6188 1.20723 2.43039e-19)
(32.0314 4.20581 -4.45117e-20)
(27.6119 2.50466 9.87935e-19)
(31.8297 2.66816 -7.76434e-19)
(31.9422 2.57736 -4.06245e-20)
(21.6735 2.74361 2.80544e-18)
(20.8372 1.42381 -1.29215e-19)
(23.3846 -0.654624 0)
(23.5902 -0.899218 -1.35752e-19)
(24.126 0.469252 8.842e-20)
(24.4092 0.828742 -2.59973e-18)
(29.1048 0.691019 1.68669e-18)
(24.6177 1.29252 2.05687e-18)
(27.6262 -0.138152 -1.60838e-18)
(31.6989 4.04988 2.38499e-18)
(24.4211 1.53914 0)
(24.4847 0.913067 5.13974e-18)
(26.7168 1.53765 -7.03125e-20)
(24.3239 1.55679 0)
(24.2164 0.584464 2.31664e-18)
(24.5785 1.35371 -1.95485e-18)
(23.4051 1.70148 1.10083e-18)
(26.7203 1.91534 5.06645e-19)
(24.5534 1.3956 7.62213e-21)
(26.0095 2.07578 0)
(25.927 2.09461 5.79508e-19)
(24.2036 1.62019 1.59845e-18)
(27.9059 0.500775 0)
(25.5139 4.02685 9.34973e-18)
(27.1571 1.87236 0)
(27.344 1.84561 -2.88078e-19)
(22.221 4.48239 -1.03771e-18)
(24.5346 1.42856 0)
(25.6665 2.12391 5.4704e-19)
(24.537 1.44472 -1.7148e-18)
(23.3341 1.34524 2.87326e-18)
(25.2863 5.2106 8.96095e-19)
(23.5258 1.55554 0)
(23.4221 1.57084 1.95089e-18)
(25.965 3.28814 -2.60023e-17)
(23.5268 1.60296 -2.72905e-19)
(24.5076 1.47429 -1.86526e-18)
(23.6121 1.64749 2.31272e-18)
(23.6638 1.66453 2.61353e-19)
(31.8767 4.31805 3.09441e-19)
(24.4262 1.5065 1.56411e-18)
(23.8347 1.67031 -1.8127e-18)
(24.3967 1.52809 1.51495e-18)
(23.9381 1.67407 0)
(23.9184 1.67366 0)
(20.9797 1.14445 8.44416e-20)
(21.4812 3.22112 1.65169e-18)
(23.957 1.67611 -2.21361e-19)
(23.5277 1.43424 1.15373e-18)
(21.4105 2.76058 4.30584e-19)
(24.3466 1.53819 1.8631e-18)
(24.0947 1.66801 3.1932e-18)
(24.3142 1.56355 -2.64348e-21)
(24.0937 1.65158 1.58597e-18)
(24.0667 1.64659 2.18448e-19)
(24.2867 1.57789 0)
(24.3199 1.58654 2.99391e-18)
(24.0731 1.64231 -1.81946e-18)
(24.2392 1.58158 0)
(24.1036 1.62614 1.99564e-18)
(24.1879 1.63382 1.48935e-18)
(24.206 1.60404 -1.56865e-18)
(24.2159 1.59943 2.31895e-19)
(24.0752 1.62649 2.62595e-19)
(24.1836 1.61327 1.94145e-18)
(25.041 2.09107 0)
(25.0938 2.18414 0)
(31.8699 4.2219 -3.95024e-19)
(21.0662 0.377118 -3.23378e-19)
(30.6677 1.63678 -1.25982e-18)
(21.3045 6.1497 0)
(25.6444 2.72748 0)
(20.3815 5.66833 -1.81123e-18)
(20.454 5.95759 0)
(25.749 3.25162 -7.35671e-19)
(25.1049 2.15851 -6.03558e-19)
(28.083 8.47036 -1.19306e-18)
(24.7844 1.9902 2.99004e-19)
(27.7427 4.19474 -2.08565e-17)
(25.8541 3.09941 -4.81521e-18)
(26.1822 4.06406 -1.99471e-17)
(26.4334 4.72016 0)
(22.7838 7.71165 3.56011e-19)
(22.9423 1.37205 4.99712e-20)
(24.7041 1.07296 0)
(26.3953 2.71041 0)
(24.2615 -0.409362 6.65194e-19)
(25.2455 7.8899 2.92423e-20)
(26.4022 1.98434 1.03921e-18)
(21.9278 4.34428 0)
(22.7226 5.84081 0)
(22.2396 6.55609 0)
(22.9867 1.75325 0)
(25.9732 4.05686 -1.32353e-18)
(24.7314 1.11025 0)
(25.6593 3.53827 -5.55791e-17)
(16.9904 5.72457 7.69965e-18)
(17.0249 4.90266 -4.70458e-18)
(21.7872 3.59497 -1.42179e-18)
(21.4532 3.30624 1.68076e-18)
(21.1775 0.55328 -2.79772e-19)
(23.5933 1.50375 1.10455e-18)
(24.9372 3.80261 -2.34695e-17)
(23.5506 1.40525 -1.16632e-18)
(26.4709 7.52962 0)
(26.7938 1.89633 4.91832e-19)
(25.7161 3.66765 0)
(26.8214 1.85118 -5.38567e-19)
(26.6897 1.93516 -4.9323e-19)
(27.4663 -0.264196 -7.61706e-19)
(25.9191 2.09825 -1.15654e-19)
(25.2563 2.166 -1.06637e-18)
(24.8465 7.45952 -8.93527e-20)
(25.4706 3.28905 -2.08369e-17)
(30.1637 2.13243 5.88072e-18)
(26.1683 3.02387 2.09714e-18)
(22.8687 7.79299 1.02062e-18)
(24.6788 1.03699 2.18731e-18)
(26.8365 1.87614 -5.18528e-19)
(23.0412 1.49498 -9.55477e-19)
(23.264 0.0607546 -1.37691e-18)
(32.0642 5.95714 -3.06174e-18)
(23.489 1.49278 1.14133e-18)
(19.962 0.507237 1.18494e-19)
(25.206 2.18903 5.28179e-19)
(25.8848 3.26695 0)
(25.8016 3.47642 -1.03195e-17)
(27.3323 9.38993 1.10306e-18)
(23.5868 1.41109 0)
(24.9799 2.31888 -5.57135e-18)
(24.8738 1.33572 9.53814e-20)
(24.8451 1.32371 -1.42791e-18)
(23.774 1.63444 -6.06207e-20)
(26.1876 3.4148 0)
(23.7611 1.60808 -9.95796e-19)
(26.7141 1.93599 0)
(25.7507 3.70438 0)
(25.1111 4.55525 0)
(24.7188 2.21143 -7.86692e-19)
(24.0164 4.0564 1.3021e-17)
(25.6604 4.87333 8.18718e-19)
(29.0126 -0.136762 0)
(24.0644 1.32378 0)
(25.666 3.66041 1.08298e-17)
(22.9907 1.70941 0)
(25.2515 9.08069 5.92481e-19)
(24.7907 1.28855 -1.79118e-18)
(30.9196 1.70733 0)
(22.8405 1.8721 -2.36846e-18)
(25.4791 1.85181 0)
(22.6606 -0.241814 0)
(26.1323 2.05633 -4.6439e-19)
(23.6105 1.38368 1.20109e-18)
(25.3626 4.31513 -1.4291e-18)
(24.2531 1.72625 -8.44928e-19)
(25.5527 3.44227 0)
(26.3049 2.04163 0)
(25.5179 2.95133 8.85635e-18)
(23.111 -0.672514 -3.30782e-19)
(25.9897 3.96006 1.61863e-17)
(25.0967 2.37395 0)
(27.6724 0.0118559 7.57735e-19)
(26.7278 5.4973 -2.01067e-17)
(24.7894 2.07274 -6.44825e-19)
(25.4559 3.91281 1.4228e-17)
(27.7652 4.84686 2.35008e-17)
(23.7625 7.92195 -6.07602e-19)
(21.6597 5.37305 1.45719e-18)
(20.8169 1.56618 -6.39759e-20)
(23.5432 1.46748 1.13687e-18)
(22.8423 7.91668 -9.49332e-19)
(23.5995 1.44415 0)
(24.7742 1.37663 1.91306e-18)
(23.6459 1.39024 1.10864e-18)
(26.25 2.04034 4.42068e-19)
(32.3554 2.66788 3.74328e-18)
(24.9714 6.69427 -1.4656e-19)
(27.6834 4.95559 0)
(19.5126 0.90105 0)
(24.7724 1.39682 -3.86568e-18)
(19.8578 -2.41126 0)
(19.195 -2.52748 -1.90861e-19)
(27.0293 9.06584 9.29337e-19)
(21.6302 2.67152 4.31665e-19)
(27.4863 1.95487 0)
(28.6132 1.52302 0)
(21.906 6.95551 -5.74312e-19)
(24.7824 2.69405 1.04292e-17)
(25.7389 3.69797 0)
(21.3495 0.412248 1.82801e-21)
(26.7131 1.29343 -9.99463e-19)
(25.7068 4.34948 -3.45535e-19)
(31.9455 4.16512 -4.35992e-20)
(21.3279 0.436632 0)
(25.5049 3.93556 2.36084e-17)
(31.8602 2.57974 -2.39057e-18)
(23.6341 1.44983 1.11573e-18)
(23.6707 1.36347 -1.16206e-18)
(25.164 2.57948 0)
(24.0916 1.27395 0)
(27.3872 1.66217 -8.49795e-18)
(28.4584 1.65356 0)
(21.833 7.05524 1.1249e-18)
(21.6517 6.90922 0)
(27.1294 4.92791 1.142e-17)
(26.6139 1.73284 0)
(26.5822 1.76496 6.66148e-19)
(23.8185 1.70991 -9.4106e-19)
(24.7801 1.44836 0)
(24.661 1.95824 4.00321e-20)
(25.7346 3.74088 -3.40789e-19)
(24.1508 1.32494 2.21565e-18)
(29.2649 0.602984 -2.9396e-18)
(23.8467 1.55395 -5.63005e-19)
(26.7756 4.2199 -2.14737e-17)
(28.0511 7.78877 -3.4917e-18)
(30.4654 2.59955 0)
(24.0086 1.58676 -1.94861e-18)
(25.885 2.84258 4.97114e-18)
(24.0854 1.64059 -2.58832e-19)
(26.5433 -0.302114 -1.24749e-18)
(24.1419 1.66853 -2.18989e-18)
(34.5655 12.505 4.59078e-18)
(27.8738 9.12492 1.2284e-18)
(25.7531 3.50333 2.54399e-18)
(23.6568 1.42325 -2.25946e-18)
(24.729 1.54983 0)
(23.7055 1.37114 -1.14168e-18)
(25.7096 2.10918 -5.50992e-19)
(25.7836 2.09263 -4.41496e-21)
(25.8298 3.52721 -3.75993e-17)
(31.1877 6.444 -1.29643e-18)
(24.0947 1.36424 0)
(24.7097 1.55593 0)
(26.3553 2.94724 2.6508e-18)
(22.9887 1.83647 1.14675e-18)
(22.6764 7.74078 3.91949e-19)
(24.2039 1.61199 2.17029e-19)
(24.6498 1.56618 -1.60177e-18)
(21.9489 3.12822 0)
(24.6494 1.57736 1.79935e-18)
(23.5512 1.7556 9.48213e-19)
(24.3973 1.69601 0)
(26.768 1.89479 -4.9717e-19)
(22.8043 -0.13484 3.37485e-19)
(24.4045 1.70111 0)
(24.2321 1.84443 3.75419e-19)
(25.0921 6.50831 3.62231e-19)
(24.5322 1.64328 0)
(24.5947 1.63839 -3.16465e-18)
(23.4732 1.69467 0)
(24.5204 1.67307 2.47222e-20)
(26.1308 2.05811 0)
(24.4953 1.66668 0)
(24.6496 1.60545 -1.47482e-18)
(24.6728 1.60129 -1.48747e-18)
(24.4982 1.6593 6.97132e-21)
(13.7652 1.52832 -1.57886e-17)
(24.5747 1.65559 7.20916e-19)
(24.5855 1.62197 1.1172e-19)
(24.5849 1.61266 -2.28357e-19)
(24.5372 1.64754 -1.49466e-18)
(22.1552 6.26316 -1.05365e-18)
(25.7383 3.65162 0)
(24.1781 1.36537 -2.09228e-18)
(26.9549 1.70174 7.42901e-20)
(23.6906 1.42977 -2.22244e-18)
(23.732 1.34536 1.16147e-18)
(25.0093 3.08713 1.44631e-17)
(21.3725 2.84621 1.31029e-18)
(24.0647 2.1673 -2.9342e-18)
(26.3668 3.47597 0)
(23.6789 2.40865 0)
(26.8782 1.8318 0)
(23.2324 6.31008 0)
(26.6692 2.84537 0)
(27.0883 5.94866 -9.25538e-18)
(27.8354 2.56942 -7.95845e-18)
(25.0422 3.37038 0)
(25.84 5.05082 3.6726e-18)
(31.527 2.09399 0)
(23.1183 1.52665 0)
(24.9323 2.12737 0)
(26.0334 3.80748 -1.41796e-17)
(11.4005 0.0500735 0)
(20.4187 6.31661 1.71672e-18)
(30.3993 1.96015 0)
(25.8373 3.50604 -1.43261e-17)
(23.5782 1.47198 -1.11724e-18)
(21.0687 0.53699 2.8024e-19)
(20.9692 0.549261 -2.80439e-19)
(21.5903 5.29936 -1.65159e-19)
(31.4114 3.0448 -6.40827e-19)
(32.5204 5.01745 3.26396e-18)
(23.7145 1.40411 1.1274e-18)
(23.766 1.35396 0)
(21.4846 0.26932 1.92332e-21)
(26.7857 1.873 0)
(24.1485 3.84175 -2.11153e-17)
(20.49 5.79051 -1.70876e-18)
(24.648 5.74878 0)
(24.8721 3.02007 3.26908e-19)
(25.5218 3.49483 -9.78306e-18)
(25.8907 2.07075 -1.78023e-20)
(24.5843 2.02161 -2.5473e-21)
(22.744 5.74932 -1.37809e-18)
(16.5056 0.529074 0)
(25.0822 5.48281 1.91983e-18)
(22.5543 0.670387 6.47619e-20)
(21.8251 3.30224 6.71267e-19)
(21.9886 0.0310244 -1.55151e-19)
(26.6486 1.57051 0)
(25.7651 3.96289 -3.10177e-18)
(17.9903 0.15242 -8.88506e-19)
(22.4275 2.13571 1.40333e-20)
(24.1436 1.99055 0)
(25.0241 5.0207 4.00551e-18)
(22.2782 -0.0184305 0)
(28.9643 2.55201 -2.8353e-18)
(26.7781 1.76407 1.59755e-18)
(25.923 3.78605 0)
(29.2305 3.58082 1.00578e-17)
(24.8722 2.30142 -3.38176e-18)
(26.1913 3.14956 -1.31898e-17)
(23.7478 1.41148 0)
(23.7931 1.32951 -1.15755e-18)
(22.7049 6.01879 0)
(29.171 6.36928 8.92809e-18)
(30.9708 7.98114 -2.18072e-18)
(25.6235 2.10746 0)
(21.3652 3.33077 -2.06135e-18)
(24.0989 9.53063 -6.65794e-21)
(23.2226 1.76464 1.13603e-18)
(27.5414 -1.36765 -8.72957e-18)
(24.2179 5.49023 -3.51821e-18)
(25.7412 2.12337 0)
(27.347 -1.44961 6.37673e-19)
(21.8657 2.80816 -7.49889e-19)
(24.5889 1.90631 -1.35405e-18)
(24.5756 1.89707 5.33526e-22)
(24.2531 1.70435 2.61401e-20)
(25.5077 3.84589 9.47601e-18)
(22.9298 1.55601 -8.49732e-20)
(23.7731 1.38677 -3.48056e-20)
(23.8262 1.33873 1.98499e-21)
(24.5932 1.62996 6.54619e-22)
(24.5855 1.63319 1.90192e-18)
(17.1929 5.35076 8.21019e-19)
(23.509 7.72925 -2.23985e-19)
(23.8207 2.8075 0)
(25.2618 3.32655 0)
(28.2727 8.34741 1.24607e-18)
(27.0065 1.9047 -2.98201e-20)
(25.1741 2.18247 5.20386e-19)
(20.4293 6.50347 1.70509e-18)
(32.1287 4.35079 6.05893e-18)
(27.774 2.94058 6.96887e-18)
(27.5421 7.72645 -1.48494e-18)
(26.0553 2.97186 2.68194e-18)
(23.8287 -0.599336 0)
(23.8058 1.39485 1.14037e-18)
(23.854 1.31528 1.15947e-18)
(20.9622 1.02757 -2.22571e-19)
(24.9783 3.00937 3.91508e-18)
(22.347 -0.0385553 0)
(23.0111 8.99298 2.34427e-19)
(23.2257 9.1903 0)
(22.8251 10.2313 3.11788e-19)
(21.6529 2.96252 0)
(26.7756 0.854425 -1.56209e-18)
(22.9424 4.05411 0)
(25.9354 3.77809 5.39714e-19)
(22.7448 0.0615361 2.81402e-19)
(31.1875 5.99281 0)
(26.6972 3.27427 -1.22425e-17)
(23.8318 1.37119 -2.24481e-18)
(23.8863 1.32503 1.13932e-18)
(27.5256 1.97207 -2.37114e-19)
(29.06 -1.41763 -5.70701e-18)
(24.8809 4.25611 0)
(22.835 1.92562 1.16305e-18)
(25.5956 3.80071 0)
(25.7398 3.52915 2.15497e-17)
(25.7823 3.52403 -1.06417e-17)
(21.3922 8.49909 -5.91134e-19)
(21.3399 8.1455 1.18537e-18)
(29.6792 2.29675 0)
(32.2675 2.66804 -3.58817e-18)
(22.953 1.67802 0)
(25.2226 3.28045 0)
(27.8179 0.0575419 1.57785e-18)
(24.8557 1.33668 0)
(25.2774 5.37197 5.67075e-19)
(23.8638 1.37984 1.1058e-18)
(23.9146 1.30266 0)
(20.1058 3.62023 2.21109e-18)
(24.1334 3.97972 1.30443e-17)
(20.3974 10.5932 1.05086e-18)
(24.6245 -0.237672 6.54332e-19)
(35.325 8.44131 2.10244e-18)
(29.512 2.16705 4.0428e-18)
(22.8915 1.72509 0)
(25.2993 3.08455 2.96143e-18)
(29.0976 -0.114035 -4.79019e-18)
(25.7807 3.84495 0)
(22.7975 4.96651 1.92549e-18)
(23.8905 1.35707 -1.12069e-18)
(23.9461 1.31294 0)
(27.7906 9.22889 1.23499e-18)
(24.5983 3.76683 -5.54718e-19)
(21.046 4.91005 -2.1006e-18)
(26.5407 2.94328 0)
(30.0081 12.8496 0)
(24.9035 2.0315 0)
(21.3137 0.326246 0)
(23.4104 4.6382 -3.75569e-18)
(31.575 7.34666 7.68113e-19)
(24.8147 2.27161 -1.36563e-18)
(24.7094 1.52481 0)
(24.1102 1.72996 -1.62686e-18)
(24.7053 1.53617 -1.72129e-18)
(23.7763 1.22441 -3.84414e-20)
(23.8414 1.21297 -1.25809e-18)
(26.6092 2.09533 5.57796e-18)
(23.9218 1.36627 1.10551e-18)
(23.9745 1.29169 1.15763e-18)
(26.0897 4.06404 0)
(25.4818 3.16408 -1.225e-17)
(26.4309 3.85074 8.82795e-18)
(21.4334 6.47226 6.90627e-19)
(32.0408 4.3062 -2.98036e-18)
(25.6941 3.3431 0)
(32.4221 4.95268 -3.29236e-18)
(25.2506 7.42033 3.59893e-19)
(29.1384 2.70597 -2.69951e-18)
(25.7397 3.62597 -4.2133e-19)
(24.2094 1.66656 -8.6691e-19)
(25.0307 4.1963 0)
(25.6333 7.88626 -5.47363e-20)
(24.3453 3.3267 0)
(24.6364 2.03663 0)
(24.3884 1.89114 0)
(25.8431 3.41493 -2.49742e-18)
(25.751 3.38196 1.15913e-18)
(25.7495 3.53701 8.71635e-19)
(25.7457 3.61988 -5.52343e-18)
(25.7637 3.60524 -6.663e-18)
(25.7499 3.62338 -2.35082e-18)
(25.6811 3.36434 -6.56995e-19)
(25.771 3.54265 0)
(25.7659 3.50379 4.70157e-18)
(25.7492 3.62227 0)
(25.6551 3.34564 3.22236e-22)
(25.8109 3.446 0)
(25.7658 3.37308 0)
(25.7481 3.62153 4.99706e-18)
(25.7658 3.58797 -5.98676e-18)
(25.8511 3.39088 1.70982e-18)
(25.7357 3.40887 1.65327e-18)
(25.7379 3.59885 -3.13463e-18)
(25.7532 3.62155 0)
(25.8412 3.37769 -7.00744e-21)
(25.757 3.61795 8.06514e-18)
(25.7429 3.44249 -1.76112e-18)
(25.7425 3.57144 1.01276e-18)
(25.7503 3.62262 -5.13255e-19)
(25.7659 3.50298 -6.82133e-18)
(25.7427 3.6148 -2.40533e-17)
(28.4001 -1.72048 3.44439e-18)
(27.9642 -1.85763 0)
(26.1139 3.53688 4.34234e-17)
(24.6184 2.91408 8.53852e-18)
(24.005 1.3024 0)
(23.9491 1.34446 0)
(26.0428 3.3918 1.38603e-17)
(29.8141 13.9694 1.65585e-18)
(32.9422 2.12032 0)
(29.35 2.04762 3.56261e-18)
(25.788 3.62024 0)
(27.648 7.38987 2.83019e-18)
(24.4093 1.51787 0)
(18.5466 -2.73361 -5.10943e-19)
(31.6382 4.37399 0)
(26.1166 2.05896 -4.69989e-19)
(25.7071 3.57942 -1.11488e-17)
(20.7129 1.89033 -6.14088e-19)
(25.8118 3.21103 -6.65442e-18)
(23.8688 2.94577 0)
(23.7605 6.4005 2.24413e-18)
(24.8855 3.80145 7.68029e-18)
(24.2114 1.7116 -5.27345e-20)
(23.9796 1.35428 1.10597e-18)
(24.0335 1.28217 0)
(25.7063 3.59664 1.36527e-17)
(19.8431 -2.45698 -4.56638e-20)
(24.333 9.79299 -2.66597e-19)
(24.0195 9.68755 0)
(23.1455 -0.123064 -3.70091e-19)
(26.4526 7.66714 0)
(30.2755 12.5821 -3.41852e-18)
(29.8553 12.1627 -2.98151e-18)
(27.0697 0.290688 1.66474e-18)
(23.5163 2.71373 0)
(29.3369 12.9719 4.52766e-18)
(25.7048 2.12895 8.14598e-21)
(25.8957 0.620234 0)
(24.2852 1.80782 4.18557e-19)
(24.9133 2.04072 -6.27675e-19)
(29.2789 12.263 -1.34115e-18)
(28.9957 12.8066 -3.99955e-18)
(30.4917 13.3385 -1.83641e-18)
(30.2711 14.1141 -6.20838e-18)
(26.3686 2.88353 -1.47453e-17)
(24.794 4.93453 6.62839e-18)
(25.1809 1.7198 7.62615e-19)
(24.8161 2.10893 -2.66659e-19)
(24.0071 1.33347 0)
(25.9357 3.30681 -1.03112e-17)
(31.4089 2.28748 1.30005e-18)
(31.5937 3.83624 -2.65587e-18)
(32.8228 3.77276 -9.49428e-19)
(25.4413 2.5063 0)
(23.6775 -0.622933 0)
(23.6868 -0.706373 0)
(25.6501 2.14152 0)
(24.8778 2.25463 1.5474e-18)
(29.1786 1.94105 0)
(32.6168 4.95806 3.45585e-18)
(30.3671 2.3187 0)
(26.1128 4.03257 0)
(24.121 1.28486 -1.15171e-18)
(25.0745 3.84627 -2.48861e-18)
(31.9581 3.45196 -2.85612e-18)
(31.9266 3.61824 -2.25062e-19)
(25.7209 3.49186 0)
(25.7672 3.81302 4.58737e-18)
(24.8361 2.29002 -1.80477e-18)
(25.4016 0.457163 0)
(24.0368 1.34376 0)
(24.9965 1.50946 8.659e-20)
(24.9819 1.52302 1.39932e-18)
(26.6152 -0.316677 0)
(21.703 7.03488 0)
(27.3685 1.94434 0)
(22.5202 2.06978 1.15348e-18)
(25.8381 3.39369 0)
(26.6131 1.76063 -1.02066e-20)
(27.5957 7.26227 -2.61259e-18)
(27.2925 1.84114 0)
(25.3315 2.7702 5.99526e-18)
(34.1433 11.4541 6.53017e-18)
(27.9594 0.105989 -3.19318e-18)
(24.0935 1.33441 0)
(30.1708 4.87808 1.07297e-17)
(21.1968 6.35138 7.36996e-19)
(21.3311 6.55121 -2.03428e-18)
(24.5833 5.20683 4.44886e-18)
(26.8224 1.55625 0)
(25.2085 5.99505 -6.5876e-19)
(25.7027 2.9711 3.20741e-18)
(25.6686 2.13884 5.05698e-19)
(21.9811 -0.0780314 6.07241e-20)
(24.6628 8.1117 0)
(30.0134 2.402 2.47694e-18)
(31.3826 2.11791 -1.80851e-19)
(24.6527 1.58642 -3.46568e-18)
(28.4577 8.20988 3.78031e-18)
(24.6446 1.59205 0)
(26.5238 2.01591 0)
(26.4398 2.96224 0)
(26.9759 6.64054 0)
(23.7044 7.15785 4.01442e-19)
(25.9687 3.93578 -1.6244e-17)
(25.7965 4.14253 -1.75394e-18)
(30.5367 1.18425 2.63663e-18)
(29.2437 7.99932 -2.45381e-18)
(25.9258 4.37878 0)
(31.886 7.79164 -1.43035e-18)
(32.1218 7.9699 -3.14064e-18)
(34.5892 12.9985 0)
(25.7814 3.9836 0)
(25.7654 2.09386 5.7326e-19)
(21.6577 0.287545 0)
(25.9174 3.30843 8.29021e-18)
(32.1709 0.790561 -1.03711e-19)
(28.9978 1.85059 -3.2001e-18)
(24.1231 1.37439 -1.07188e-18)
(25.2857 4.44267 -1.06132e-17)
(25.187 10.6031 -5.60423e-19)
(25.2265 2.95609 6.33157e-18)
(25.84 3.35314 0)
(24.7186 1.69568 -3.00278e-18)
(29.6323 4.39302 -6.47445e-18)
(24.76 1.74695 -1.56064e-18)
(22.0462 0.00793075 6.93132e-20)
(31.2532 6.26925 -3.98393e-18)
(23.5477 5.15912 -1.43879e-18)
(25.589 3.60825 2.45172e-17)
(31.9615 4.3624 3.22571e-18)
(25.1721 2.15521 5.74735e-19)
(31.1038 2.55452 2.42402e-18)
(21.912 2.61384 0)
(23.8648 6.20991 -1.3003e-18)
(27.1241 1.69877 0)
(25.2874 3.39575 1.77138e-17)
(25.2268 2.19197 0)
(14.3187 2.22343 5.82772e-18)
(24.9952 2.23674 9.08839e-19)
(22.3996 5.42758 -1.75312e-18)
(31.9664 4.46165 -3.27592e-18)
(25.2155 2.37412 1.93449e-18)
(24.2058 1.34639 1.04739e-18)
(31.2913 7.66987 -3.41035e-19)
(27.4418 1.99424 -1.86145e-18)
(25.7081 3.69712 1.00808e-17)
(22.6563 1.73476 0)
(31.3541 7.94512 0)
(31.4266 7.69914 0)
(10.7518 6.61409 0)
(26.5728 1.39013 0)
(24.9579 3.40296 -5.16644e-17)
(28.8234 1.7677 -5.76929e-18)
(26.5443 1.93938 0)
(24.1487 1.71367 -1.32555e-20)
(21.5778 1.67236 0)
(28.5463 14.8841 -8.49741e-19)
(26.5685 1.93846 -5.24346e-19)
(21.9538 -0.011689 0)
(25.818 3.39588 6.86864e-18)
(26.6734 -0.413466 0)
(27.8158 6.3582 -1.1174e-17)
(27.7899 6.6721 -8.66335e-18)
(22.1885 3.83384 0)
(24.232 1.69674 -8.69683e-19)
(25.0219 3.16674 -4.61471e-20)
(23.068 8.48358 -9.89873e-19)
(24.1652 1.67511 -5.43257e-20)
(25.0875 1.60544 0)
(24.7231 1.28479 1.66933e-19)
(27.4855 2.77953 0)
(32.136 4.45475 0)
(26.3441 3.55054 -4.70569e-17)
(31.5085 2.18387 0)
(25.4469 3.07929 -8.93355e-18)
(21.5193 4.03877 -7.716e-19)
(21.5251 4.12533 -7.39821e-19)
(25.2251 8.69002 -2.61442e-19)
(21.7976 0.153185 1.5749e-19)
(19.93 -0.425574 -4.29637e-18)
(27.691 10.3562 0)
(27.4386 10.5816 7.17925e-19)
(25.8231 2.11227 -4.69128e-19)
(14.6421 0.674322 4.25158e-18)
(24.8802 2.1257 0)
(26.9021 2.404 8.10901e-18)
(26.1903 6.59391 0)
(26.1723 3.99338 -2.49079e-17)
(23.8347 -0.682682 -1.62999e-19)
(25.2183 2.55472 0)
(17.911 0.118302 0)
(25.9888 4.09245 0)
(25.3327 3.03134 0)
(22.1963 0.215878 -2.69281e-19)
(24.3978 1.26069 0)
(23.2111 2.40188 2.23237e-18)
(23.2094 1.62543 -7.48112e-20)
(25.1757 3.64605 2.43915e-20)
(25.7207 3.59455 0)
(26.1111 1.87747 0)
(27.9712 2.9019 -2.6589e-17)
(22.171 1.34339 8.98169e-21)
(33.9048 3.29042 7.01846e-18)
(24.4222 -0.860707 -1.06174e-18)
(25.4966 3.25484 -1.98949e-17)
(28.661 -1.60062 0)
(24.441 1.90692 -3.49317e-19)
(24.8314 -2.50126 2.45534e-18)
(24.1749 1.82188 -7.41978e-19)
(27.207 1.78442 -5.23371e-19)
(26.1853 2.04307 0)
(18.6646 0.84487 1.05908e-19)
(33.038 5.20127 -9.54473e-19)
(24.7199 2.20726 1.83345e-20)
(25.7252 3.32738 -5.98098e-18)
(25.7371 3.54746 0)
(24.3014 1.57264 1.74806e-18)
(25.8545 2.07483 5.77387e-19)
(25.9209 2.05571 0)
(30.6821 1.56093 -1.37001e-21)
(29.0009 14.0747 6.28243e-18)
(29.4302 14.2724 0)
(22.8594 -0.653452 5.68091e-18)
(20.6361 -2.85003 5.35002e-19)
(27.1533 2.95898 1.47438e-17)
(22.7383 5.5434 -1.57742e-18)
(23.2295 1.91369 5.1374e-19)
(25.3192 5.06718 1.44868e-18)
(25.1991 2.32535 -2.85908e-18)
(24.3686 2.16608 -3.22724e-18)
(26.9222 1.98578 7.20436e-19)
(24.586 3.25464 0)
(24.7747 1.26025 0)
(21.2731 0.523534 -1.41104e-19)
(28.2096 1.24426 4.6345e-18)
(25.0952 2.20189 -1.40507e-18)
(17.2398 -2.65481 1.70567e-18)
(25.027 2.49841 -7.9125e-18)
(26.1205 3.48827 -1.61932e-17)
(25.6351 2.7605 0)
(25.5649 3.05789 6.41704e-18)
(25.7693 3.38665 0)
(27.278 1.84851 0)
(21.7069 0.302564 0)
(26.555 1.98884 -2.82541e-20)
(29.6142 3.93363 0)
(22.2734 6.65225 -1.00638e-18)
(25.6803 -2.33875 6.34616e-19)
(33.1373 3.13419 5.84704e-18)
(24.8673 3.11953 6.34551e-18)
(24.7706 1.23203 -2.38164e-18)
(32.7872 3.65887 9.55249e-19)
(27.596 2.97758 0)
(28.8995 3.23588 -9.32017e-18)
(22.9787 1.54548 8.34786e-20)
(31.2447 1.07835 -1.16e-17)
(21.2131 0.576235 1.74903e-19)
(19.8627 17.3196 3.29202e-20)
(23.2193 1.58932 0)
(25.8089 3.41684 -7.32329e-19)
(25.4619 2.12883 1.50438e-19)
(24.6263 1.93185 -2.06959e-20)
(24.6145 1.92325 2.01439e-20)
(26.3717 2.40611 6.85719e-18)
(25.7266 3.58138 -2.01263e-17)
(28.6338 8.05694 -5.08175e-18)
(25.8295 2.11346 0)
(23.4139 1.28682 0)
(32.9304 5.13839 -4.50004e-18)
(25.6605 3.69192 6.66834e-18)
(24.5177 0.882438 -2.06862e-18)
(27.2598 2.08195 3.70589e-19)
(22.6742 0.719184 -7.08617e-20)
(21.0259 1.21597 0)
(23.0481 -0.521355 3.71834e-18)
(21.8854 -2.68324 -2.69918e-20)
(29.4342 6.25065 0)
(24.6923 2.07522 4.19148e-21)
(22.7967 1.58057 -1.43944e-18)
(23.782 1.72893 -9.36457e-19)
(24.9276 2.01734 3.98107e-20)
(26.8915 1.70331 0)
(25.7126 -0.55742 -5.4779e-19)
(26.2769 2.30839 2.81316e-19)
(32.72 5.02021 -3.47359e-18)
(27.1968 -0.0298693 0)
(33.1562 2.28276 0)
(23.982 0.440961 0)
(25.3377 3.37381 7.96582e-18)
(27.3522 2.84911 -2.45357e-17)
(21.5173 6.2746 6.47186e-19)
(24.0511 2.1498 2.02692e-18)
(24.2761 1.21283 -5.78081e-19)
(23.2074 2.49486 -1.5212e-18)
(30.7481 1.55778 -1.31186e-18)
(25.8001 3.39811 -9.06378e-18)
(27.2975 2.14361 -1.45869e-18)
(25.7365 3.3687 9.55826e-18)
(26.1379 2.64488 -5.22377e-18)
(23.0568 9.15843 0)
(14.9399 -2.09842 -1.8094e-17)
(24.7044 2.20282 8.29769e-19)
(22.439 -0.961048 0)
(16.8452 0.653752 0)
(26.2368 2.59888 0)
(22.415 6.77404 7.24713e-21)
(30.5131 2.27963 1.79275e-18)
(26.6534 1.97325 0)
(23.0902 10.2643 -5.17853e-19)
(30.042 2.96505 -2.41439e-18)
(30.4356 1.83373 0)
(25.2202 2.4189 -5.75059e-18)
(27.6041 6.52052 0)
(26.8756 4.11962 -1.08905e-17)
(23.456 3.75729 0)
(32.9782 1.81367 -8.25073e-18)
(21.5402 3.05553 0)
(32.2259 4.50373 0)
(32.0225 0.700475 -1.15526e-17)
(31.8451 0.493542 6.75064e-20)
(26.0884 3.45288 7.80727e-18)
(20.9027 -2.8385 0)
(24.5684 -0.670943 -1.87464e-18)
(25.8321 3.58586 1.51669e-17)
(25.7472 3.63165 -2.79426e-18)
(24.6916 2.18709 0)
(23.605 0.169091 -1.71682e-19)
(34.4963 5.83143 -6.42958e-18)
(30.6582 3.74512 -6.52981e-18)
(31.6777 17.1597 -3.71568e-18)
(30.2015 2.36138 -5.71059e-18)
(24.6701 -1.08941 2.01725e-18)
(22.2346 0.834557 -9.81667e-19)
(23.8397 8.56257 -2.23463e-19)
(26.5064 1.6598 -7.58803e-19)
(25.798 3.35182 5.47067e-18)
(25.1951 2.18731 4.94029e-19)
(24.7312 1.9556 0)
(24.7013 1.96144 0)
(25.6146 3.34786 -4.61153e-18)
(25.8627 -0.482775 -2.31439e-18)
(24.0012 2.43541 -4.37606e-18)
(24.0732 2.36443 0)
(24.3855 3.03519 4.50119e-20)
(24.001 1.20714 1.21726e-18)
(25.5699 2.95818 -9.9596e-18)
(25.4364 3.13347 0)
(25.7038 3.70732 0)
(24.798 2.42252 0)
(25.9328 2.08809 0)
(21.4613 8.30321 -6.21587e-19)
(25.3211 2.15234 -1.82319e-18)
(26.4525 2.00616 5.52813e-20)
(29.826 2.43939 6.68966e-18)
(21.1969 0.956876 0)
(26.3649 2.02302 -2.78238e-20)
(27.2053 1.86767 0)
(22.9471 2.19338 0)
(25.0489 2.16504 5.36968e-19)
(25.7679 3.61545 1.57883e-17)
(25.77 3.60839 -8.58918e-18)
(27.0076 2.14871 7.55373e-18)
(24.1217 1.31474 0)
(30.6312 1.49013 2.58247e-18)
(29.3191 0.674791 2.02689e-18)
(27.1752 20.7702 -4.95837e-18)
(30.0611 4.05163 -4.67095e-18)
(25.7297 3.68775 -2.48372e-18)
(25.0248 2.18805 -5.08396e-19)
(27.8469 9.36035 -6.45835e-19)
(23.9267 2.52604 7.9442e-18)
(28.446 -1.56229 6.55943e-18)
(22.616 4.80901 -1.49124e-18)
(25.8959 3.77789 0)
(20.1059 3.78919 2.2322e-18)
(25.9435 3.84582 0)
(34.3758 4.19651 -4.7245e-18)
(26.8881 5.37894 9.6543e-18)
(31.7022 3.36088 -2.75249e-18)
(29.2882 2.87128 -6.08833e-18)
(25.1165 2.41112 0)
(24.9718 2.81032 -1.15931e-17)
(22.6707 -0.820578 5.94493e-19)
(25.7548 3.36139 -1.43018e-17)
(26.1323 8.41695 0)
(29.1447 0.690669 -1.70092e-18)
(27.5043 5.82033 1.23405e-17)
(25.7386 3.6054 0)
(20.7965 10.7519 -5.89031e-19)
(26.96 2.28761 0)
(22.5078 1.9607 0)
(35.2982 8.77883 6.3817e-18)
(18.5695 1.02892 1.27664e-18)
(25.7791 3.70613 -6.2938e-18)
(24.9168 2.86527 -1.30933e-17)
(26.8578 2.67114 -2.14248e-17)
(24.1996 6.15003 -2.72412e-18)
(24.7713 2.26542 -9.37828e-19)
(21.2419 0.571549 6.54713e-20)
(22.7593 4.71162 -3.06544e-18)
(26.4856 -0.954591 1.7025e-18)
(27.7354 5.06065 1.91491e-17)
(25.3015 3.42752 0)
(26.4434 2.19913 -3.04205e-18)
(23.8591 2.62332 0)
(21.9944 -0.921342 3.22283e-18)
(30.7472 3.66557 5.00508e-18)
(33.2194 4.76073 2.98588e-18)
(24.663 2.06744 1.07911e-18)
(23.1482 1.56092 1.20259e-18)
(19.7719 1.25217 8.51596e-19)
(24.4153 6.99058 -6.78801e-19)
(30.51 7.31243 -3.4192e-18)
(31.8878 3.25897 0)
(30.7632 1.47896 4.06548e-18)
(24.0603 1.46319 0)
(30.8769 2.07147 3.41556e-20)
(29.8871 1.02497 -2.01332e-18)
(28.7978 7.89359 0)
(20.9665 0.585829 -2.62524e-19)
(32.0527 4.51034 2.93982e-18)
(29.6738 5.32057 0)
(25.8255 3.423 -4.0864e-19)
(24.5909 2.04634 0)
(25.6265 2.13883 -6.2906e-19)
(26.6713 1.93581 2.87289e-18)
(23.9692 1.19566 1.31481e-18)
(26.521 2.12502 -3.30565e-19)
(30.9211 3.50688 0)
(28.1022 0.156813 0)
(26.8515 2.52651 0)
(26.6349 2.96855 0)
(29.8973 8.01692 3.18723e-18)
(21.8936 0.447021 5.17543e-20)
(31.8752 0.492699 -8.29997e-18)
(27.9843 6.14402 0)
(22.594 -0.0418596 6.77396e-20)
(24.6362 3.65589 -2.39722e-17)
(26.1636 2.02264 1.65768e-20)
(26.0756 2.04825 -8.04857e-21)
(25.3585 6.72037 0)
(31.7322 3.44259 2.86053e-18)
(23.8114 1.23608 -1.1747e-18)
(29.3846 0.686333 0)
(24.97 2.42293 -8.20297e-18)
(29.5043 0.768164 2.06313e-18)
(32.8316 2.88575 0)
(26.9646 2.36861 -5.38453e-19)
(26.3091 2.03627 3.2165e-19)
(28.3542 7.7096 0)
(29.213 1.44457 1.2523e-18)
(26.9728 1.60342 1.38066e-19)
(26.9838 1.60498 0)
(23.8018 2.73722 1.56396e-18)
(23.4091 3.90544 0)
(21.5198 0.464109 0)
(18.9742 0.849893 0)
(25.8894 3.33868 -1.12346e-17)
(26.2019 1.99458 -2.42106e-18)
(28.9069 2.98901 2.54231e-18)
(24.6944 2.68088 0)
(33.7198 10.2152 -4.01139e-18)
(24.2317 1.6741 1.71133e-18)
(25.2937 3.33547 0)
(21.6988 6.69059 0)
(24.762 2.25479 0)
(21.6503 3.40845 -1.52647e-18)
(28.9201 3.36207 0)
(27.2921 2.02432 -9.41045e-19)
(28.1623 -1.8056 -1.16718e-18)
(26.0931 3.99706 0)
(21.5788 6.65098 -1.90794e-18)
(24.0032 -2.61759 2.30568e-18)
(32.8175 4.95344 0)
(24.7611 8.4882 1.85598e-20)
(29.8489 0.39642 6.51011e-19)
(22.1748 2.79564 0)
(23.5709 1.81397 0)
(24.5591 2.73263 0)
(28.1597 0.147915 0)
(26.7286 -0.760443 -1.34754e-20)
(25.763 3.40462 -1.80838e-18)
(23.0826 5.03672 4.49258e-18)
(30.2112 7.74054 0)
(29.4987 2.86468 -3.51613e-18)
(34.2111 4.18823 -1.18532e-17)
(25.5724 3.5595 0)
(27.1353 1.69469 0)
(18.0123 -2.74421 0)
(30.6283 7.14905 1.17334e-18)
(24.7755 1.41601 1.63522e-18)
(21.7822 6.60759 -5.84297e-19)
(18.5277 -2.76163 2.7696e-18)
(30.989 3.42812 1.93717e-18)
(26.6566 -1.42933 -9.92787e-19)
(25.955 3.58379 -1.66128e-18)
(24.7704 1.43229 1.84102e-18)
(20.9273 17.5805 1.46371e-18)
(25.1424 2.30568 0)
(25.3792 3.40221 0)
(25.663 3.58199 0)
(26.7651 1.99662 7.85208e-19)
(24.3484 2.01238 -2.01621e-18)
(24.3357 1.34708 -1.06243e-18)
(26.242 3.18651 1.52596e-17)
(22.7327 2.53185 0)
(27.206 0.855649 -2.34142e-19)
(26.7417 1.9589 4.61955e-19)
(23.548 3.42948 -1.24446e-17)
(25.7457 3.05153 3.0449e-18)
(26.3067 3.61407 -8.39023e-18)
(21.4303 2.91933 1.68564e-18)
(32.2305 4.61136 0)
(28.4372 0.261069 -8.69817e-19)
(24.134 9.83524 3.73443e-20)
(24.8173 2.28414 1.27239e-18)
(30.1835 12.2417 1.65213e-18)
(23.5742 6.32003 -3.48181e-18)
(25.0281 1.69908 0)
(27.2948 1.811 6.09841e-19)
(24.2283 10.7231 0)
(24.5472 7.15612 1.27282e-20)
(22.895 2.8558 -3.17948e-18)
(20.8681 1.22342 1.38062e-19)
(22.4934 2.93769 0)
(21.9031 2.74721 7.63865e-19)
(25.8523 3.43987 -3.08276e-18)
(29.3646 1.33554 0)
(25.4745 2.51709 -3.21447e-18)
(24.8163 4.16829 9.10936e-18)
(25.797 3.71371 5.95959e-18)
(25.8083 3.64927 0)
(25.7451 4.18845 0)
(25.8391 2.08755 0)
(28.9929 12.4491 1.32393e-18)
(30.6077 13.7734 4.0127e-18)
(24.3695 -0.353732 -6.58748e-19)
(24.8436 12.0506 0)
(24.5719 11.5902 -5.80548e-19)
(24.7488 1.1388 7.79169e-19)
(23.6576 9.16148 0)
(27.0049 1.761 -5.7167e-19)
(24.9711 1.59392 -1.19402e-18)
(25.5856 3.69544 -1.30535e-17)
(33.0997 3.25011 4.42739e-18)
(24.8315 2.12121 -4.26393e-21)
(23.9812 8.20045 6.0675e-20)
(25.8898 3.2935 -1.88062e-18)
(25.8164 2.09961 -5.82181e-19)
(17.1606 -0.396949 6.72092e-19)
(21.6294 3.4905 2.2066e-18)
(26.9477 2.0219 -6.35238e-22)
(23.7508 -0.569842 5.91424e-19)
(24.9103 1.63675 -1.6735e-18)
(24.4578 2.24435 0)
(24.5494 1.86036 -6.85464e-19)
(24.8394 2.65419 6.59602e-18)
(26.7546 3.24374 3.21877e-17)
(30.3507 3.79259 -7.69742e-18)
(24.7448 1.17389 0)
(23.5365 3.27859 0)
(25.6735 3.56456 2.42993e-17)
(29.6847 1.06108 -1.07044e-18)
(19.6759 -2.78022 -4.28219e-18)
(25.559 5.54347 -4.73931e-19)
(24.0478 -0.330345 0)
(29.5321 6.81426 -7.93808e-18)
(19.9923 -2.77912 0)
(24.8748 2.17299 4.81664e-19)
(31.9858 3.54659 5.85202e-18)
(30.358 7.5866 1.14854e-18)
(28.6704 1.89345 1.41947e-17)
(17.9403 -0.295504 1.20039e-18)
(25.0075 1.51915 -1.45646e-18)
(26.0471 3.15741 -1.35491e-17)
(30.4887 5.22493 3.46897e-18)
(25.7919 3.37254 2.343e-18)
(32.0553 4.61327 0)
(24.3085 2.02534 0)
(28.814 2.95459 -9.50472e-18)
(25.025 2.7643 -1.18441e-17)
(31.1057 2.26374 -1.31403e-18)
(27.8982 4.8455 -2.88417e-17)
(21.8439 4.32755 -1.57377e-18)
(22.6446 3.18353 0)
(29.0457 7.28033 9.69271e-18)
(32.0095 1.08059 0)
(20.8857 5.81716 0)
(23.8447 1.71345 -9.2564e-19)
(21.8168 5.41371 -2.81487e-18)
(21.3716 0.218524 0)
(20.9699 6.05083 0)
(23.0049 2.78047 4.57524e-18)
(24.8205 1.1065 1.67049e-18)
(29.6542 0.308457 0)
(24.9604 2.18992 -3.24345e-20)
(24.5418 4.07739 1.60192e-17)
(24.6495 1.94872 -7.00105e-19)
(25.6582 3.26913 -8.42049e-19)
(21.0121 1.4159 0)
(23.5239 1.85027 3.04059e-18)
(29.186 -1.33804 0)
(28.9563 -1.45793 4.52283e-18)
(28.5612 4.49051 0)
(23.1812 1.81104 -1.76367e-20)
(26.386 2.02955 -4.10043e-19)
(24.5664 -0.587291 8.26438e-19)
(23.6919 0.0241272 -3.04779e-18)
(32.3204 5.11997 -5.35355e-20)
(31.0115 5.93156 0)
(21.2069 6.48994 -1.43597e-18)
(32.6692 3.10385 0)
(32.5236 2.98369 0)
(24.6112 1.23852 1.82208e-18)
(26.0255 3.35623 1.85085e-17)
(27.9575 1.13486 4.65246e-18)
(35.3983 9.57131 -4.53319e-18)
(25.7359 3.08429 0)
(23.447 1.29826 0)
(24.6594 4.04796 -1.18e-17)
(26.831 -0.449253 -7.25993e-19)
(21.5312 1.3381 -3.10344e-19)
(25.1911 4.78151 -4.09445e-18)
(22.1511 -0.150196 -9.2462e-20)
(23.4731 1.89378 0)
(24.8974 2.18898 -5.11361e-19)
(25.3776 3.70663 -1.91439e-17)
(25.8737 2.08294 5.37641e-19)
(25.2187 2.14293 6.90091e-20)
(25.2591 5.13183 -9.13009e-19)
(21.8737 5.56749 0)
(27.7092 4.73732 4.09421e-18)
(24.8489 2.18743 3.07363e-20)
(28.8375 2.53001 -4.76176e-18)
(25.2742 2.78647 -6.61876e-18)
(30.5513 3.71736 -8.81253e-18)
(25.8509 3.36153 1.14614e-17)
(23.7842 0.109451 4.77128e-20)
(31.8358 3.3237 0)
(23.8769 8.16324 -3.31678e-19)
(24.8023 2.18498 9.8578e-19)
(25.6118 3.27373 0)
(18.4478 -1.08131 0)
(24.7899 2.11863 5.40938e-19)
(27.5554 2.025 8.94187e-19)
(24.7526 2.10977 0)
(31.9492 7.93043 3.15448e-18)
(32.6561 3.83983 0)
(24.7649 2.18122 0)
(27.0699 1.89484 2.95726e-20)
(26.3822 4.20974 -2.04003e-17)
(25.507 4.09741 0)
(23.4226 1.94429 -2.09567e-18)
(24.8406 1.94428 0)
(24.7942 1.94255 0)
(22.7987 2.51516 -9.68999e-19)
(31.1384 6.74315 -1.31718e-18)
(26.3409 8.4415 0)
(24.7206 2.10264 9.85485e-19)
(29.9501 6.7429 -3.05071e-18)
(30.7377 -0.400011 0)
(30.7792 -0.399375 0)
(26.6943 7.67426 0)
(23.03 1.82249 -1.24155e-18)
(29.4264 7.6522 3.28224e-18)
(20.6006 1.94817 -2.20873e-19)
(24.9292 1.42146 -1.36475e-18)
(25.6961 3.63993 2.26472e-17)
(21.9255 -0.207805 0)
(17.5574 0.284983 -2.05437e-19)
(17.0261 0.35716 -8.0478e-19)
(23.9069 -0.543986 -6.2533e-19)
(32.6108 4.0411 -3.50586e-18)
(32.7092 4.07391 6.30313e-18)
(30.1376 3.83501 4.88081e-18)
(22.1112 2.78551 1.40165e-18)
(28.2984 0.204189 8.59945e-19)
(22.1627 2.93493 0)
(25.157 3.52854 -2.8193e-17)
(29.5763 1.44164 6.58601e-18)
(20.4278 5.23077 -1.80434e-18)
(23.8686 1.11938 4.9678e-21)
(23.9354 1.11462 8.52476e-20)
(22.4534 2.4458 2.37755e-18)
(24.1911 2.02992 -1.13762e-18)
(22.4391 0.786389 0)
(22.7215 -0.113773 0)
(23.2123 2.14052 0)
(24.9376 2.09552 0)
(27.1504 6.06492 8.95862e-18)
(24.1691 2.16092 9.67036e-19)
(26.3673 7.45228 0)
(28.1273 5.92113 0)
(27.0938 5.64961 0)
(29.6235 7.50606 1.50528e-18)
(26.6932 -2.11981 0)
(21.372 0.415118 0)
(22.5664 1.70451 0)
(22.506 1.78443 1.42379e-18)
(25.0058 3.16781 0)
(24.976 2.58176 2.36209e-18)
(24.3065 6.81643 -2.62e-18)
(24.1493 2.31631 -3.34556e-18)
(29.5035 4.31324 0)
(25.7109 3.04808 -6.74914e-19)
(25.2746 2.54177 0)
(21.8705 2.67587 -1.51958e-18)
(24.986 1.63893 -7.83931e-19)
(20.5765 6.57638 6.48856e-21)
(25.643 6.35135 0)
(23.6728 1.64679 -1.01519e-18)
(27.1 1.6722 -7.06511e-19)
(30.6391 1.78028 1.18977e-18)
(21.2186 0.802859 6.471e-20)
(28.4539 -0.19109 -2.07411e-18)
(28.5795 -0.24325 -2.46646e-18)
(23.746 1.75106 -7.16882e-21)
(18.8303 0.623877 4.54035e-19)
(35.0288 6.65949 1.53694e-17)
(23.8573 0.522107 0)
(33.5686 2.96545 -1.65457e-17)
(30.3315 2.751 -5.3847e-18)
(25.1722 1.66379 -1.55822e-19)
(30.0033 1.42706 -1.80784e-18)
(29.4882 3.87415 1.45571e-17)
(21.6265 1.44838 -1.03485e-18)
(25.6953 3.66574 -8.51311e-18)
(30.8067 3.48128 -3.55039e-18)
(22.4241 2.57379 -3.62907e-18)
(27.1174 8.88095 -1.00628e-18)
(27.6662 2.90368 -1.48388e-17)
(26.9488 4.00173 -4.82669e-19)
(29.1717 7.0594 4.72201e-18)
(25.8606 4.13781 3.23398e-18)
(28.5744 14.3457 -3.16384e-18)
(32.3217 4.66514 -3.97897e-19)
(17.5275 19.8558 7.82761e-20)
(24.8799 2.76813 0)
(24.6465 2.15755 1.28185e-21)
(27.3644 4.52844 -1.03113e-17)
(24.5893 2.39518 -2.812e-20)
(26.1302 2.12351 -1.42918e-18)
(25.6509 2.14849 -2.42952e-19)
(25.0314 2.23352 8.16757e-19)
(25.8326 3.98943 0)
(28.8476 -1.49501 0)
(24.4945 3.09209 4.32841e-18)
(24.7884 2.27768 0)
(29.5942 4.84431 2.06893e-17)
(25.5894 2.33552 -1.496e-18)
(24.4193 1.88621 6.62596e-19)
(24.1021 1.95384 -6.47969e-19)
(22.9319 -0.427176 0)
(25.8587 3.74901 6.40999e-18)
(26.9559 1.60787 0)
(25.8346 3.35519 9.7133e-19)
(31.4664 7.8356 2.84717e-18)
(30.9826 4.64471 8.1563e-20)
(28.0916 4.94989 -1.1609e-17)
(23.3581 2.05902 0)
(24.1774 1.95062 -2.51218e-18)
(27.7215 0.181934 6.33376e-19)
(21.1984 6.07628 -1.44744e-18)
(24.1706 1.71963 8.60292e-19)
(22.9752 2.02427 -2.29801e-18)
(22.5142 7.10422 8.85998e-19)
(25.7308 8.88745 5.19157e-19)
(24.2587 1.78692 -8.32896e-19)
(24.897 8.68486 0)
(24.1906 1.9311 1.2454e-18)
(23.7703 0.237995 0)
(27.4025 2.34753 3.74253e-18)
(27.2408 1.93113 -6.33118e-19)
(27.4504 2.87458 0)
(26.6192 1.91683 0)
(25.4685 2.17642 2.27746e-19)
(26.6721 -0.496067 0)
(24.5823 1.96818 0)
(25.3816 3.00496 -1.32474e-17)
(25.0999 1.61062 -1.26093e-18)
(19.6509 1.01805 0)
(17.4015 0.749727 -2.90693e-20)
(22.9185 1.75424 1.41617e-18)
(25.7347 3.29423 4.93494e-18)
(29.5775 3.38973 0)
(25.8236 3.44163 -2.01209e-18)
(30.5355 5.37482 -1.59666e-18)
(25.3836 3.30123 -7.74274e-20)
(30.8598 4.81969 5.3564e-18)
(24.9415 2.1341 0)
(25.3252 10.7966 0)
(24.8332 3.64224 1.73714e-17)
(27.0295 2.04422 2.29678e-19)
(23.0108 1.19824 1.94186e-19)
(26.2876 2.27862 -2.10718e-19)
(24.7793 2.27162 -1.27673e-18)
(21.4084 6.09082 6.82188e-19)
(24.4516 1.97781 -1.15323e-18)
(25.5921 3.36927 -2.04759e-17)
(24.815 2.28532 -7.83508e-20)
(24.8897 1.48136 8.9121e-19)
(26.0996 2.44572 -1.82611e-18)
(23.8141 2.18123 -2.39843e-18)
(18.2192 0.92386 5.75276e-19)
(22.1577 4.76342 0)
(24.6716 8.21153 -3.16516e-20)
(23.4875 -0.279536 0)
(24.841 5.87549 4.07511e-19)
(31.3336 3.34133 0)
(27.7269 2.18387 1.51962e-18)
(32.1432 4.66573 0)
(27.1629 3.64694 0)
(27.6368 10.5427 0)
(27.3554 0.0137598 -6.66821e-19)
(29.8858 0.570403 5.93416e-18)
(24.1325 7.95475 4.62633e-20)
(29.8332 0.965624 -2.09186e-18)
(31.7863 5.43258 1.42283e-18)
(22.1141 0.456917 0)
(25.2276 3.87948 0)
(24.6786 3.56157 1.17797e-17)
(31.0216 3.25522 1.00506e-18)
(24.5104 1.88117 6.98489e-19)
(24.4964 1.87316 0)
(26.1568 3.45375 0)
(25.8866 3.21505 -1.82367e-17)
(24.7318 -1.02741 -1.00101e-18)
(23.5395 3.1306 0)
(25.3199 2.17291 -1.38694e-18)
(32.6802 2.76836 -4.16539e-18)
(22.4499 2.51582 3.25501e-20)
(25.5956 3.54258 3.31022e-17)
(24.4602 1.95016 2.67656e-21)
(28.8959 7.48342 4.69168e-18)
(27.6795 0.440547 -2.02349e-18)
(22.3363 -0.345236 -2.11107e-19)
(23.4652 2.7752 -4.22779e-18)
(25.0086 1.72039 -2.13502e-18)
(24.4491 2.00916 2.21394e-18)
(23.1391 5.7357 0)
(25.7397 3.64431 0)
(22.8272 7.23614 5.36341e-19)
(25.1632 2.85867 7.36934e-18)
(23.3983 1.86493 7.25003e-19)
(22.3075 3.53196 3.91039e-18)
(23.8946 1.72012 -7.97873e-19)
(23.8106 4.14184 1.16506e-18)
(32.9005 7.5616 0)
(30.2358 3.30231 0)
(28.9707 -1.09486 7.82032e-18)
(31.3706 2.97435 6.59769e-19)
(28.8065 0.388281 -4.60867e-19)
(31.8375 6.11996 -8.01285e-19)
(19.9716 5.98887 0)
(20.1047 6.3169 1.86064e-18)
(23.7094 1.77659 9.25027e-19)
(23.7685 -0.738038 0)
(18.859 14.6671 6.47538e-19)
(25.0574 8.60322 0)
(25.2643 2.17777 0)
(31.5097 5.69822 0)
(25.6634 3.55816 -3.81783e-17)
(31.4947 3.71635 6.31763e-19)
(32.8848 4.01284 -2.81605e-18)
(24.4238 1.24896 0)
(28.825 18.503 8.64796e-18)
(24.8828 2.30271 2.15382e-18)
(23.6715 1.80458 0)
(25.6185 2.9697 -1.53213e-18)
(23.76 6.92243 -1.41717e-18)
(23.7043 1.96772 0)
(26.8285 1.94863 4.88361e-19)
(24.3068 1.80306 0)
(29.4074 0.221676 1.1557e-18)
(23.9544 1.7112 8.87342e-19)
(25.9907 5.05329 -2.82225e-18)
(25.1268 3.24144 0)
(24.0559 3.98038 -1.36884e-17)
(24.5915 1.95312 0)
(31.227 9.00352 -7.39181e-19)
(25.8446 3.07816 3.08262e-19)
(22.7685 3.08425 8.3611e-19)
(24.4533 -0.952425 1.70602e-21)
(31.4345 2.19326 1.82374e-19)
(23.4982 -2.42292 -5.10198e-18)
(27.8689 4.18101 1.41838e-17)
(23.1242 -2.46948 0)
(25.7029 3.68992 0)
(25.8733 3.61757 -1.00737e-17)
(24.8247 3.04676 0)
(24.6732 2.18569 3.81141e-19)
(21.6084 0.231338 0)
(30.2691 2.28921 3.18769e-18)
(28.7189 -1.57131 4.61791e-18)
(28.0896 -1.1712 -8.61553e-18)
(25.7148 3.45252 -2.39459e-17)
(23.0034 4.86873 0)
(20.4871 3.89411 3.09765e-18)
(24.3399 0.0503878 2.14625e-21)
(26.2729 3.72944 0)
(27.7816 -1.26824 0)
(25.5035 2.72018 -2.08682e-18)
(33.145 5.12463 5.01128e-18)
(23.5896 2.06124 -2.98377e-18)
(28.9587 1.2538 -4.4965e-18)
(31.5905 3.27096 0)
(24.7009 2.21152 3.64519e-19)
(25.9451 3.69492 0)
(26.6781 -0.0659509 -1.09912e-18)
(25.7723 3.35892 -1.09725e-17)
(31.7055 5.24081 0)
(30.9233 1.40126 0)
(31.0468 1.46243 -2.77966e-18)
(31.4541 5.23702 0)
(24.0072 6.61755 -5.2683e-19)
(22.084 3.72454 1.10666e-18)
(26.0008 3.18525 1.16137e-18)
(24.0472 8.52671 -1.5509e-19)
(24.7269 2.23648 0)
(21.9171 -2.73502 -1.51534e-18)
(22.2999 -2.64924 2.08474e-18)
(23.5246 2.05346 -8.4817e-19)
(20.9583 0.983947 -2.30894e-19)
(25.7249 3.67658 -4.45136e-18)
(27.0203 1.78843 3.56652e-20)
(30.7567 2.78627 1.65049e-18)
(26.6613 1.99617 0)
(23.6715 1.59651 0)
(24.1418 5.22409 0)
(25.6303 2.94299 1.8192e-18)
(24.6161 2.10198 0)
(27.1312 1.59565 6.20082e-18)
(25.9018 2.05802 -5.87102e-19)
(25.4259 3.29023 1.71389e-18)
(24.5128 2.22344 2.93819e-18)
(24.5823 5.57528 2.24115e-18)
(25.3735 2.60292 0)
(29.9101 2.36372 -2.66748e-18)
(26.561 -0.968573 -1.69531e-18)
(26.9202 -0.540324 -7.87416e-19)
(14.9289 4.4941 2.82892e-18)
(19.4687 -1.22839 0)
(19.8787 -1.39192 7.26571e-19)
(26.4211 6.51605 6.81098e-18)
(21.1869 8.54207 1.86581e-18)
(21.8386 -1.2525 -1.35068e-21)
(24.9098 1.58849 1.58888e-18)
(26.553 8.44202 0)
(26.707 5.92993 4.39474e-18)
(35.4042 8.84718 -2.22138e-17)
(25.3394 4.53013 -7.28825e-18)
(26.9865 1.6099 0)
(26.983 1.60375 -7.23152e-19)
(30.0102 7.69781 2.05553e-18)
(32.9266 5.01107 4.61907e-18)
(23.5842 7.2998 0)
(29.7277 6.6141 2.5525e-18)
(24.1523 5.41448 0)
(28.2421 5.68627 -8.24003e-18)
(25.7919 3.59273 -1.80077e-17)
(25.8635 3.94705 -4.15229e-18)
(23.9193 -0.462905 -7.29719e-21)
(32.3253 4.77683 -2.74949e-18)
(23.3312 1.74339 -1.11673e-18)
(21.5095 6.15562 -6.82627e-19)
(25.645 3.45033 0)
(26.285 5.45744 -5.39474e-19)
(21.2744 7.25697 3.23023e-19)
(27.285 1.88923 0)
(21.346 0.438393 -2.94688e-21)
(21.8727 5.14091 6.11714e-19)
(24.3357 3.53509 3.07626e-17)
(25.5406 2.90707 5.48651e-18)
(31.4259 4.7922 -1.50919e-18)
(24.1873 -0.383545 0)
(23.2598 1.75648 0)
(29.4425 0.760084 -2.05382e-18)
(21.4106 5.97307 0)
(22.85 2.39997 4.96996e-19)
(32.8116 1.5802 0)
(33.0636 1.86187 1.54523e-17)
(33.0778 3.01138 -1.15687e-18)
(25.8173 3.39401 0)
(26.5777 1.98965 2.84072e-20)
(21.4561 2.18574 -6.98532e-19)
(23.6872 1.62369 -1.27703e-19)
(25.9374 -0.382601 0)
(25.901 -0.343468 -5.98634e-19)
(26.7464 7.89883 2.27286e-18)
(24.3481 1.80412 -7.24273e-19)
(25.623 3.65513 -1.0974e-17)
(25.6178 4.05846 1.34771e-18)
(26.8139 10.349 -3.54926e-18)
(22.4982 2.33671 6.16567e-19)
(22.8884 2.99846 -6.20169e-18)
(28.5009 4.32031 1.48502e-17)
(25.0981 2.40167 2.53511e-18)
(24.1945 1.96332 -6.41417e-19)
(23.1899 1.55714 3.8553e-20)
(30.3818 7.47114 -1.14079e-18)
(30.1679 1.62776 -2.60513e-18)
(24.4767 1.922 0)
(32.3182 6.25489 0)
(21.2757 0.409338 0)
(25.6813 3.45999 7.55492e-18)
(30.4542 1.76755 0)
(25.8508 6.38502 6.44722e-19)
(23.6858 0.345832 -3.38451e-19)
(25.6931 0.529007 -8.00803e-19)
(28.951 6.60871 -3.5547e-18)
(21.596 0.202655 2.15807e-20)
(24.3068 3.74533 1.08551e-17)
(25.8556 3.46148 -1.60697e-17)
(27.2353 9.0332 5.55356e-19)
(32.3817 2.56289 0)
(23.7585 -0.486928 -4.35214e-19)
(26.4873 2.11155 3.95549e-18)
(24.8088 2.10184 -2.71193e-19)
(27.5183 0.971297 9.70115e-19)
(22.2264 0.0713461 0)
(30.4933 4.27513 5.81719e-18)
(31.4509 1.2529 0)
(25.6028 3.71831 6.71663e-18)
(24.5426 -0.974812 0)
(31.5717 10.4134 0)
(22.7286 7.25261 -1.92723e-19)
(26.475 2.00539 -5.04379e-19)
(22.3824 4.94546 3.51309e-18)
(25.0858 2.15002 6.86263e-19)
(27.9646 -0.488972 0)
(28.0998 -0.40107 1.33838e-20)
(21.1273 0.564311 2.30549e-19)
(25.7769 3.4035 9.81994e-18)
(24.705 2.18238 1.73669e-18)
(23.9326 8.48832 2.2059e-19)
(25.6233 2.84529 1.62923e-19)
(27.2709 1.9657 3.10665e-19)
(32.1439 4.77169 0)
(24.6609 2.31963 -2.3136e-18)
(22.6938 2.18759 -2.39346e-18)
(18.0546 0.812837 -8.92026e-19)
(24.6223 2.29183 -2.52042e-18)
(25.7989 2.10173 3.42472e-20)
(26.5775 4.5919 2.82427e-18)
(27.2284 1.90057 3.70629e-19)
(26.2573 2.13381 1.14472e-18)
(23.0613 2.24311 2.10281e-20)
(21.5495 4.29398 2.91484e-18)
(30.6731 5.97593 -1.8225e-18)
(24.8845 1.36815 1.73536e-18)
(26.2897 2.03741 1.06931e-19)
(23.365 1.7363 1.05875e-18)
(24.1534 2.12254 -3.79456e-18)
(21.8411 4.97834 6.29572e-19)
(26.8384 2.44315 0)
(31.0924 4.47979 -1.00782e-18)
(25.7582 3.44295 1.11752e-17)
(31.6344 3.20538 0)
(30.8358 1.99764 2.49628e-18)
(24.131 2.27541 0)
(25.1032 2.18695 1.42785e-21)
(24.0737 8.64082 0)
(26.9436 5.03502 0)
(25.7249 3.28539 1.90432e-18)
(22.7934 2.17651 2.25879e-18)
(25.6883 3.54879 -2.99875e-17)
(21.7227 -0.155163 6.96291e-20)
(21.0812 6.13664 0)
(17.5277 0.721629 5.33059e-19)
(20.8361 3.06636 0)
(26.5683 4.48892 1.78239e-17)
(25.7289 3.1659 0)
(23.6436 1.6444 1.02627e-18)
(22.9633 -0.157475 -3.50809e-19)
(25.7717 3.37079 0)
(24.4753 0.146365 -4.59088e-19)
(27.5743 5.18158 0)
(30.5956 4.21861 -8.76893e-18)
(23.9809 0.330257 -5.94074e-19)
(23.0133 2.91151 -5.48608e-18)
(24.2714 1.24162 0)
(26.5077 8.95129 -7.56844e-19)
(26.5125 3.93976 2.24792e-17)
(26.1165 -0.101086 0)
(27.4812 1.51085 5.15111e-18)
(26.6546 7.07122 0)
(27.0323 4.87834 0)
(31.6381 4.46525 4.03354e-20)
(21.5714 2.97512 0)
(26.1742 3.64701 0)
(24.8782 2.25346 -2.52702e-20)
(27.0072 3.87167 0)
(23.6583 6.9623 1.53248e-18)
(24.1879 1.6822 5.39008e-20)
(30.7842 2.72494 0)
(26.6504 2.06296 0)
(22.3884 0.314497 1.81403e-19)
(33.1376 4.98612 -1.00249e-18)
(26.7931 4.36241 2.108e-17)
(26.2877 3.23873 1.68434e-17)
(24.5426 1.41448 -2.12077e-18)
(23.909 0.427898 -6.67786e-19)
(24.5625 2.10493 -1.1408e-19)
(24.53 2.07553 3.69562e-18)
(26.1033 3.03372 -4.85788e-19)
(31.1487 7.47883 -5.30774e-18)
(31.3921 3.59922 -5.96169e-19)
(31.0572 6.81644 3.86529e-18)
(24.9393 2.25762 0)
(28.9908 7.55533 -1.31996e-18)
(29.8777 4.49147 2.04123e-18)
(24.5919 2.13333 -1.69487e-18)
(16.2458 -2.58046 -1.78078e-18)
(31.9349 0.61554 5.72861e-18)
(24.771 2.21425 0)
(29.7242 3.88177 7.01123e-18)
(22.3921 -0.494456 2.9517e-20)
(31.6079 3.92504 0)
(24.8838 8.97735 -3.02525e-19)
(24.8238 2.06857 5.91756e-19)
(24.7696 2.739 -5.41439e-18)
(26.4467 2.16403 3.07311e-19)
(27.341 -2.08754 5.0811e-18)
(24.5938 0.977985 -1.03255e-18)
(14.1766 11.4343 -8.42608e-18)
(24.6737 -2.61956 0)
(25.1875 4.84991 2.61407e-19)
(23.8644 7.49241 5.98046e-19)
(25.8745 2.09066 -1.08709e-18)
(31.2744 2.89125 3.28754e-20)
(26.1313 2.86265 -1.12402e-18)
(24.4993 -0.484538 7.48403e-19)
(27.1679 -0.278007 1.49344e-18)
(27.6193 7.61889 3.01162e-18)
(28.3212 5.43797 0)
(24.5781 -1.06655 -9.5653e-19)
(23.7701 3.38522 0)
(26.3551 4.13324 0)
(29.308 1.47123 4.29209e-18)
(23.1584 -0.54233 -3.43699e-19)
(24.5387 1.89665 -1.40176e-18)
(30.1744 4.09444 1.87845e-17)
(22.3546 4.76265 2.81762e-18)
(31.6321 4.19112 0)
(32.42 4.83615 0)
(25.65 3.58086 0)
(26.4921 1.62895 7.36933e-19)
(22.0849 0.930551 0)
(20.2477 -2.81664 0)
(24.7827 2.26731 0)
(21.3152 5.90161 -1.46379e-18)
(22.0373 -0.10098 1.45021e-19)
(30.6247 -0.502931 -1.53849e-18)
(21.2651 1.32664 -2.26042e-19)
(32.2369 2.76649 0)
(23.2578 4.20989 0)
(31.6343 4.65187 0)
(23.1394 2.84835 2.55557e-18)
(16.7735 -0.204819 0)
(15.5957 0.0793456 -7.33859e-18)
(24.1337 10.3481 0)
(25.3501 3.40299 0)
(21.8948 -0.584923 -3.00886e-20)
(21.8628 -0.259631 1.00066e-20)
(26.7689 8.4588 -1.37815e-18)
(24.6824 3.2935 1.1514e-17)
(25.4284 2.61271 0)
(30.8933 2.88543 4.90295e-19)
(26.0387 2.94038 -2.80283e-18)
(31.4163 0.0726865 0)
(31.6293 4.74539 -5.29129e-18)
(20.9594 1.23075 2.33197e-20)
(25.1967 3.47504 1.97513e-17)
(24.0311 1.18826 -1.29449e-18)
(26.5491 -1.97654 -6.81739e-18)
(32.984 3.00539 0)
(24.8779 2.27652 0)
(24.178 1.86348 0)
(28.7437 1.99081 -1.00821e-17)
(25.2574 1.70973 0)
(24.7267 4.36348 0)
(24.1035 0.462687 9.94346e-19)
(26.0452 4.21351 -4.39318e-18)
(24.5602 0.954336 0)
(28.3797 0.268186 0)
(24.8363 2.07742 -5.64621e-19)
(25.7296 3.87562 0)
(25.0846 -2.56792 2.03666e-18)
(26.2391 2.20923 1.50212e-18)
(24.9 3.20248 1.6462e-17)
(31.2023 4.21614 4.14019e-18)
(23.4294 8.34304 -5.28666e-19)
(25.8782 3.24767 -5.86328e-21)
(25.6993 3.49079 -2.94047e-17)
(25.6115 3.0641 -2.04869e-17)
(25.3339 2.52506 -4.37323e-18)
(22.6028 2.24688 1.57353e-18)
(22.9499 0.769076 6.46565e-19)
(25.3244 4.77437 1.29836e-18)
(21.2894 0.4886 5.00681e-20)
(24.8691 3.61285 0)
(23.0314 6.08617 -2.36661e-18)
(25.5092 2.76396 0)
(25.2827 3.56541 0)
(22.5881 2.20179 -9.25623e-19)
(25.932 3.31531 -3.05033e-18)
(22.9671 4.68542 0)
(25.8327 3.35648 0)
(32.2341 4.83001 3.5076e-18)
(25.609 3.56761 -3.50857e-17)
(26.0022 3.32812 -2.23497e-18)
(28.0919 0.488651 0)
(25.1997 3.81588 -6.41962e-18)
(31.4468 1.44909 0)
(31.5193 1.43057 0)
(26.676 1.97483 -4.54718e-19)
(34.7927 12.9367 0)
(23.6245 0.731419 -1.81537e-19)
(23.9704 4.37609 -3.91285e-18)
(21.4517 0.567839 -2.74308e-20)
(25.4171 3.1337 1.75939e-18)
(23.968 1.16247 -1.20974e-18)
(26.199 2.7262 9.93424e-18)
(27.0475 3.09137 -3.97033e-17)
(24.7824 3.95015 -3.89834e-18)
(24.818 2.23938 -9.06349e-19)
(23.2698 2.80231 -3.59496e-18)
(26.0011 3.15546 0)
(23.1847 0.221923 -2.40296e-18)
(23.1602 0.0816955 0)
(30.5881 4.47212 -7.69423e-19)
(19.1239 -0.392604 3.33003e-19)
(21.8201 4.81335 -1.26316e-18)
(31.6272 4.10183 0)
(30.5918 1.71008 -3.5525e-18)
(30.6938 4.42475 3.42113e-18)
(25.021 2.55142 0)
(26.9082 1.59227 6.78535e-20)
(28.9797 8.50122 -1.53126e-18)
(28.83 8.13623 6.76833e-19)
(28.3107 6.71677 -7.31079e-18)
(25.8144 9.07766 -5.97613e-20)
(22.2822 5.85076 0)
(23.2266 -0.414609 -4.51332e-19)
(25.0531 3.15273 1.45473e-17)
(24.4165 4.66283 -1.46664e-17)
(23.8217 7.11775 -7.7168e-20)
(24.386 2.011 2.25244e-18)
(23.8573 8.68655 0)
(23.0822 -0.502527 -1.08243e-19)
(34.2863 4.0108 -1.19465e-19)
(25.8332 3.38025 0)
(23.846 -0.434584 0)
(25.9844 6.08544 0)
(32.3811 1.01174 -6.85064e-18)
(32.439 1.07615 -7.31141e-18)
(27.0811 1.82679 2.70492e-19)
(33.0036 3.24166 -6.53567e-18)
(24.3294 2.36615 -3.31813e-19)
(16.2735 -2.5393 -3.30146e-19)
(26.9414 2.19642 -9.32731e-18)
(26.1159 3.78112 -9.8965e-18)
(31.1705 2.56973 0)
(25.2395 2.77839 0)
(25.4256 3.72334 -1.91698e-17)
(26.6478 2.08759 1.57083e-18)
(21.519 2.90607 -1.66625e-18)
(22.5068 1.90261 6.75168e-19)
(23.876 -0.354666 0)
(25.8486 3.34548 -2.21295e-18)
(28.1819 -1.43621 -1.016e-17)
(17.9885 -2.16861 -1.50818e-18)
(22.9506 2.252 0)
(25.3515 3.28647 0)
(27.7528 8.56941 -1.67267e-18)
(22.5788 2.14752 -1.64936e-19)
(23.5808 1.64315 -9.90801e-19)
(22.6925 6.54418 -1.9368e-19)
(26.6471 8.60936 1.43711e-18)
(26.9278 7.95545 -3.61778e-19)
(23.4627 3.1244 -3.72285e-18)
(23.1234 0.682028 0)
(19.0448 1.05297 0)
(24.3629 1.92051 0)
(25.9306 -0.0483817 0)
(25.3169 3.60674 0)
(21.0136 1.3399 8.2826e-20)
(23.9224 6.41707 0)
(24.7884 2.47421 0)
(22.7959 2.30615 -2.16049e-18)
(24.6912 2.16168 9.30334e-19)
(25.0642 2.37342 3.42095e-18)
(24.9179 2.24818 1.56726e-18)
(24.5821 2.26027 -6.79801e-19)
(25.9261 4.12262 0)
(25.7801 3.45187 -1.23191e-17)
(24.3233 2.28917 -3.02216e-18)
(18.2808 0.638308 -3.92236e-19)
(22.6983 1.78448 -7.72491e-19)
(24.7553 2.27619 0)
(25.6738 2.98325 4.81649e-18)
(34.1329 10.5416 -4.54998e-18)
(24.4599 1.30333 0)
(25.5832 3.09921 -1.04686e-17)
(33.2353 4.90257 -3.07963e-18)
(29.5605 5.25476 0)
(27.128 1.88713 0)
(29.5235 1.08327 -3.42291e-18)
(20.6814 0.568728 -7.00884e-19)
(23.906 1.20372 -1.25312e-18)
(25.4824 3.62357 0)
(31.4823 6.13789 -1.36179e-18)
(30.746 6.08566 -1.82507e-18)
(21.0452 8.37918 -1.31412e-18)
(24.2132 1.89128 -4.03983e-20)
(23.4467 1.7731 0)
(33.1019 3.48891 6.33783e-20)
(26.9077 1.93626 0)
(24.6102 2.0284 -5.58066e-19)
(18.1033 -2.68126 0)
(24.8083 1.20756 1.81162e-20)
(24.7947 1.24795 -1.57919e-18)
(25.751 3.6584 -4.99021e-19)
(24.8309 3.48746 1.62747e-17)
(22.6529 0.330267 -4.03757e-19)
(25.7334 2.12752 0)
(20.3728 5.08807 1.7471e-18)
(28.3667 5.18527 -1.5301e-17)
(24.4861 4.90292 0)
(21.4759 -1.43704 0)
(25.4341 2.9873 -8.44361e-18)
(21.5898 3.73392 0)
(25.7458 3.63385 1.96615e-18)
(25.7575 3.52159 0)
(25.385 2.17484 -5.13568e-19)
(24.2537 1.92205 -1.1738e-18)
(25.0848 3.36006 0)
(24.1602 7.65912 -3.0784e-19)
(23.8976 3.98787 -1.65412e-17)
(31.274 7.53515 2.7303e-18)
(24.9278 1.58104 7.95429e-19)
(23.0455 -0.632338 -7.78869e-18)
(25.6154 4.12734 7.49607e-19)
(27.6796 0.196952 6.23763e-19)
(24.9222 2.27391 1.05361e-18)
(31.3122 1.21824 0)
(25.8267 3.38837 -1.18665e-19)
(21.1562 0.730348 0)
(22.286 0.0483433 0)
(30.2258 5.5481 -5.8094e-18)
(25.7876 3.35829 8.41554e-18)
(23.7751 8.02787 3.30889e-19)
(19.1567 0.69614 0)
(25.7392 0.361189 -5.12805e-19)
(27.2221 1.75303 2.02769e-19)
(20.645 3.16736 3.02709e-18)
(22.9809 0.355756 0)
(25.5743 3.3982 -1.17075e-17)
(23.118 2.4706 -1.59888e-20)
(31.857 0.468062 -7.26763e-18)
(28.578 6.7252 -9.83113e-18)
(24.5085 1.95594 -7.94229e-19)
(25.7222 3.66371 2.37917e-17)
(26.1402 2.02919 -1.67466e-20)
(29.7415 4.3107 3.68899e-18)
(24.4989 2.0468 1.97693e-18)
(18.008 9.96837 -2.95399e-18)
(18.0437 9.01892 2.35518e-18)
(22.7222 -0.385852 0)
(26.9508 7.28325 7.54131e-18)
(26.8535 -0.0280957 5.80894e-19)
(23.4078 8.6039 -7.04789e-19)
(25.566 3.57859 2.56284e-17)
(29.1058 0.0328381 0)
(22.0662 -0.0569821 0)
(29.4935 0.94258 -6.1101e-20)
(27.6749 6.61915 2.10368e-18)
(27.4413 -0.535471 -9.60318e-19)
(27.5773 -0.454147 2.84069e-18)
(30.1567 5.77285 -2.60309e-18)
(24.9094 10.3045 -1.01464e-19)
(25.8974 3.70793 0)
(29.7616 1.56521 -1.34286e-18)
(26.0571 6.39161 -5.66727e-19)
(25.1106 3.92432 2.41127e-18)
(25.7588 3.25342 -1.25252e-17)
(28.2865 7.47886 2.82385e-18)
(27.297 5.68006 -5.78217e-19)
(21.388 2.22472 2.98273e-19)
(29.1865 2.42001 0)
(27.0062 8.43705 8.01311e-19)
(21.4118 0.422417 2.45635e-20)
(25.0643 2.72196 1.29928e-18)
(32.9239 2.88759 4.4318e-18)
(25.0946 2.27591 3.00644e-18)
(22.3449 4.58998 2.80853e-18)
(31.0178 2.99494 -8.24148e-18)
(25.9546 2.75371 -2.96445e-18)
(24.7889 2.27784 -6.93192e-19)
(24.4284 1.79509 -7.61132e-19)
(31.9483 5.98503 1.4088e-18)
(27.454 1.9923 -1.47506e-18)
(24.7661 3.24111 0)
(22.5849 6.99331 0)
(24.146 0.76449 0)
(25.0431 2.22092 0)
(24.3168 2.09985 3.83082e-18)
(24.2208 2.66335 1.04593e-18)
(24.7796 2.27579 -2.95838e-18)
(15.5076 -0.245558 -1.06171e-18)
(24.7872 2.26527 6.35018e-19)
(25.9613 3.85945 -3.72359e-19)
(22.5522 1.98806 1.84612e-18)
(26.9464 1.58582 -1.40221e-19)
(25.9565 3.27372 3.09708e-19)
(24.9782 3.66095 1.11604e-17)
(29.0131 2.47731 -6.50353e-18)
(27.0299 0.0188983 0)
(27.007 0.569937 -4.37285e-18)
(26.6596 5.1469 1.68895e-17)
(25.7539 3.64946 0)
(24.8337 2.50089 -2.768e-20)
(25.4092 4.31627 -3.57967e-18)
(23.3665 2.00165 0)
(24.7353 1.08487 0)
(32.2324 4.94099 -3.87906e-19)
(30.2782 5.30653 0)
(16.0252 0.33632 -1.03997e-18)
(23.1812 7.80343 3.31544e-19)
(14.3483 10.3551 0)
(28.8255 -1.40995 -9.25468e-18)
(17.8412 -0.633724 6.52572e-18)
(21.5325 10.9928 -3.87724e-19)
(24.0457 2.04196 -1.85634e-20)
(25.5079 2.15071 -5.30395e-19)
(19.3646 -1.80742 7.90563e-19)
(19.8948 -1.61732 -8.70979e-19)
(21.8144 4.65575 -2.18779e-18)
(33.4507 10.1751 0)
(24.8821 2.52718 0)
(25.7097 2.98292 -3.20225e-18)
(25.7393 4.08327 0)
(22.3066 4.49705 -9.62314e-19)
(24.8039 2.27349 -6.75748e-19)
(30.9957 2.62041 2.71406e-18)
(25.4023 3.56857 -4.2242e-17)
(26.3171 4.08557 0)
(28.668 -1.21082 -8.33462e-18)
(24.3245 5.468 6.36665e-18)
(23.7844 -0.212914 0)
(21.9134 0.175718 1.6471e-20)
(22.191 0.749787 1.93186e-19)
(24.9267 2.55302 3.90338e-18)
(27.501 2.34138 -2.19025e-17)
(26.2321 3.36442 1.68798e-17)
(24.5534 1.90423 6.82951e-19)
(16.0138 4.32486 4.49562e-18)
(29.6082 4.53245 6.44548e-18)
(21.8707 3.7123 1.13882e-18)
(17.6759 -2.65857 1.93818e-19)
(24.5019 6.46874 -2.21469e-18)
(30.8902 2.21976 2.41239e-18)
(25.3439 3.79079 1.31166e-17)
(22.4811 2.15695 1.5327e-18)
(30.1657 4.58731 -2.65294e-18)
(24.9953 3.21576 1.3217e-17)
(24.8919 3.90374 1.98621e-17)
(25.5577 2.13697 -6.62946e-20)
(25.4816 2.14848 -4.70154e-19)
(23.4908 2.84658 1.01e-18)
(24.2973 5.29025 0)
(23.6955 2.99788 -6.38924e-18)
(22.1535 -0.274901 -1.47239e-19)
(25.6447 3.26804 0)
(25.7025 3.53359 -2.04161e-17)
(25.683 3.06847 7.40334e-18)
(30.2422 7.62394 0)
(22.3307 7.97311 -4.25516e-19)
(27.6199 2.06432 0)
(29.3861 2.79832 1.35696e-17)
(20.6925 0.537862 0)
(25.1524 1.72417 0)
(24.8966 1.70902 2.46932e-18)
(24.9638 1.53063 1.70851e-18)
(28.372 4.94469 0)
(30.2573 3.88254 4.84269e-18)
(24.2604 2.338 3.07329e-18)
(27.6885 -0.22213 1.71498e-18)
(24.6466 8.49065 0)
(25.1344 5.43402 -3.24401e-18)
(21.0504 0.612494 2.0223e-20)
(20.8185 3.26882 -3.55857e-18)
(26.6084 5.49776 7.59574e-19)
(28.5278 7.514 -6.16589e-18)
(24.2631 2.19373 -5.51436e-20)
(25.3942 2.23236 1.04901e-18)
(24.2688 2.01669 0)
(26.8159 -0.776119 2.31521e-18)
(25.0641 3.19247 0)
(25.4597 2.17644 4.50155e-19)
(25.4545 2.66205 -1.03813e-19)
(30.0064 4.73397 -4.5051e-18)
(25.9794 3.19784 7.03718e-18)
(24.0327 2.76373 1.00192e-17)
(23.9404 4.21768 0)
(27.9479 4.28363 0)
(26.1801 4.89516 0)
(25.5339 3.53037 1.12551e-17)
(27.1343 3.49251 -2.80053e-17)
(24.872 2.25341 0)
(33.3194 2.39572 1.02607e-17)
(21.3488 0.784797 0)
(25.857 3.48597 0)
(26.6737 5.0456 8.16958e-18)
(23.3392 0.23759 2.55959e-18)
(26.7254 -2.03451 -3.32948e-19)
(25.7655 3.41675 -6.96123e-18)
(25.8746 3.75456 0)
(29.7358 6.7494 3.00835e-18)
(29.1945 2.6095 3.08028e-18)
(25.7191 3.85865 0)
(24.3538 1.93547 0)
(25.6908 3.32206 -1.88338e-17)
(24.5808 3.00159 8.69728e-18)
(24.3615 1.33272 2.17408e-18)
(25.9528 2.1198 0)
(25.1355 3.17115 2.09885e-17)
(26.1168 3.70216 4.35626e-17)
(26.5604 2.05506 -3.38122e-18)
(24.2532 0.800354 -2.03848e-18)
(24.3264 0.819228 0)
(22.9481 4.50754 -4.92147e-18)
(31.4839 1.92771 3.8962e-18)
(25.2358 2.28917 -2.44458e-19)
(25.6094 3.31864 -3.93162e-17)
(24.5059 7.76787 5.40845e-20)
(22.7997 -0.401558 0)
(20.7903 5.33406 -1.7123e-18)
(31.3891 3.28895 3.19484e-18)
(24.5256 2.41959 -1.1443e-17)
(30.4931 5.58944 0)
(25.3216 3.85403 1.53804e-17)
(26.4774 1.30221 0)
(24.9197 1.41014 0)
(21.2347 7.43956 -1.87307e-18)
(25.6235 3.73505 0)
(27.3268 1.84767 -1.10672e-20)
(22.4618 3.65247 0)
(24.7563 2.31497 2.22798e-18)
(30.1799 3.48806 -3.57721e-18)
(29.3817 3.9549 -1.51605e-17)
(23.0377 7.19326 3.40286e-19)
(26.2307 2.39212 0)
(23.9132 3.01324 -4.65332e-18)
(25.5169 7.19631 -8.41524e-19)
(25.793 4.63486 0)
(23.8031 9.20942 1.30806e-19)
(25.9335 2.0732 5.56159e-19)
(24.1899 1.70446 5.24252e-20)
(28.2404 0.209924 0)
(30.0374 15.5967 0)
(20.9301 1.23782 0)
(26.5896 1.53734 -7.49229e-19)
(26.3042 -0.0631067 8.86151e-19)
(27.9206 1.28672 0)
(24.5229 4.763 -4.71802e-18)
(24.106 2.8564 1.77947e-17)
(25.0796 2.44235 0)
(26.3236 3.29899 -1.82916e-17)
(26.5177 10.5121 1.0315e-18)
(25.9282 3.60018 1.8727e-17)
(26.111 4.10031 9.81967e-18)
(25.7845 3.3336 2.37997e-18)
(24.2808 2.58181 -5.78991e-18)
(32.6784 7.16196 -1.8927e-18)
(32.4742 6.98595 2.00043e-18)
(26.4658 2.01996 5.87067e-18)
(26.7685 2.32148 2.10363e-18)
(22.1055 5.15536 -2.05588e-18)
(24.7912 2.27475 7.52944e-19)
(19.361 0.632502 -3.97338e-19)
(25.7157 3.08402 -1.61508e-19)
(23.1963 -0.200378 -2.33427e-19)
(24.6344 3.93751 -1.1975e-17)
(20.2631 0.527934 0)
(26.5195 4.99492 1.18497e-17)
(26.6664 14.824 -2.65669e-19)
(24.1663 1.68102 0)
(23.8089 1.73138 9.22343e-19)
(24.2499 1.68385 1.81628e-18)
(24.1195 1.68664 0)
(25.7139 4.49234 -8.7657e-19)
(25.2038 3.16672 -1.45367e-17)
(23.6397 0.494738 3.42338e-18)
(31.4307 5.14189 0)
(25.445 4.73271 -2.41557e-18)
(28.5797 4.25763 -1.22762e-17)
(20.9691 7.32358 0)
(24.3082 5.13835 0)
(27.2235 8.36577 -6.79634e-20)
(24.9364 2.67225 7.71498e-18)
(25.6537 2.84461 4.19671e-19)
(25.7763 3.76548 3.56911e-18)
(25.756 3.18727 -5.85242e-18)
(25.7794 3.33308 -1.21665e-17)
(24.7066 -0.9489 0)
(26.0112 2.07934 0)
(26.5104 -0.0140874 1.95891e-18)
(23.3232 3.89532 -3.81315e-18)
(24.8495 -0.902666 -7.47687e-19)
(25.7977 3.65736 8.89212e-18)
(22.2743 6.3898 0)
(23.7978 6.81391 0)
(25.4836 2.13414 -7.26467e-19)
(22.4946 5.37928 0)
(34.4001 4.61682 -1.17249e-17)
(25.7766 3.57084 2.11661e-17)
(25.7274 3.2709 -8.57727e-18)
(21.8137 4.49018 6.07129e-19)
(27.5559 2.51335 -7.62056e-18)
(24.9179 3.24404 -1.31625e-17)
(25.238 2.19593 0)
(24.2402 0.382393 6.30696e-19)
(22.6119 2.7006 0)
(24.8406 11.7381 5.68332e-19)
(26.0701 3.72022 0)
(24.8889 2.1318 0)
(35.2868 10.1454 7.15953e-18)
(26.9232 1.78734 0)
(29.5621 3.25353 -1.35942e-17)
(25.8368 3.60287 4.4893e-17)
(31.4827 2.74638 3.27678e-19)
(25.684 3.53033 -2.42909e-17)
(24.769 1.33395 0)
(26.7789 4.48071 -2.98309e-17)
(21.1933 0.584252 -1.76774e-19)
(25.0659 2.57855 -3.62256e-18)
(23.9222 6.6591 0)
(23.4973 2.65124 4.33793e-18)
(26.527 1.62605 -7.35595e-19)
(21.3053 3.02466 0)
(27.1105 1.95168 -8.39118e-19)
(25.8454 3.37104 -2.58468e-18)
(25.5298 3.47803 9.78417e-18)
(23.1087 1.83826 2.65518e-19)
(22.5453 -0.589624 0)
(25.143 2.25992 0)
(25.7831 2.96456 1.36035e-18)
(26.8747 1.06834 7.73241e-18)
(25.3421 3.30335 -8.4344e-20)
(24.0982 4.76246 0)
(24.9293 6.01104 0)
(28.4926 4.56083 0)
(24.4194 1.84999 7.32078e-19)
(17.4942 -2.66542 -2.17962e-18)
(25.5416 3.81576 -1.10002e-17)
(28.4605 2.7209 -2.02746e-17)
(27.5491 4.11872 -2.37309e-17)
(29.7299 2.96038 -7.97554e-18)
(29.9532 1.52409 8.42154e-22)
(20.5626 6.22996 -2.17923e-18)
(24.7962 2.27895 0)
(25.3838 2.52328 4.3061e-18)
(21.7498 0.0748818 -5.14002e-20)
(25.8711 3.68352 6.63815e-18)
(24.8562 1.28308 -8.69546e-19)
(21.4403 1.07606 2.97873e-19)
(26.8952 1.78284 0)
(24.4869 -0.566545 -7.88158e-19)
(26.6641 1.70365 4.88983e-18)
(21.8232 0.0977729 -9.97211e-20)
(30.4932 8.77734 4.89244e-18)
(22.5041 5.6856 0)
(16.9528 0.650013 0)
(22.0633 4.77564 -9.58932e-19)
(25.0828 1.57166 0)
(25.4975 4.52838 3.7018e-18)
(23.1931 1.44661 9.34014e-19)
(25.7062 2.13711 -4.89959e-19)
(24.88 -0.985709 1.02709e-18)
(21.1766 -2.78273 4.45977e-19)
(25.6073 -0.712686 1.16738e-18)
(32.862 3.34539 4.09455e-18)
(25.7884 3.38804 0)
(26.7558 1.36027 1.82535e-18)
(25.1508 2.20019 -5.17796e-19)
(25.867 3.58975 0)
(27.2516 2.17162 -1.30911e-17)
(21.7804 0.626213 0)
(21.4837 1.09632 0)
(25.5647 3.13789 -1.0243e-17)
(25.7337 3.50827 3.04244e-17)
(25.567 3.23902 1.38249e-17)
(25.5842 2.1173 -3.13469e-19)
(21.2353 5.70912 -1.91482e-18)
(18.3732 -0.048384 1.29067e-18)
(24.6186 2.01426 -6.04513e-19)
(23.5979 2.92996 7.81287e-18)
(25.6496 3.77644 -3.74684e-18)
(27.5815 4.32522 -5.34684e-19)
(27.5528 8.32537 -9.23401e-19)
(28.6812 1.60378 0)
(23.9807 10.7517 0)
(25.7898 3.62641 0)
(28.0126 1.42884 0)
(25.7927 3.43837 2.8581e-18)
(24.4399 1.9888 -7.52702e-22)
(23.8754 3.18739 4.80908e-18)
(30.8971 2.36894 1.12817e-18)
(30.5969 1.25068 -2.75799e-18)
(25.1817 3.74831 2.42111e-17)
(23.7944 13.2978 -3.14157e-19)
(24.2873 14.0201 0)
(28.7556 5.58109 -2.44011e-18)
(20.4289 -0.439478 -4.02665e-18)
(20.0379 -0.198151 0)
(25.0874 1.64611 1.61712e-18)
(27.0775 3.34932 2.64534e-17)
(21.7454 3.31474 7.02816e-19)
(26.9371 1.76488 0)
(26.9495 1.42891 0)
(20.8698 4.75944 1.79175e-18)
(20.9109 4.56302 1.73243e-18)
(23.3679 5.2018 -5.61788e-18)
(25.6425 3.49305 5.81152e-19)
(31.0147 6.58904 2.39254e-18)
(28.8146 0.490379 -8.05461e-19)
(25.9097 2.06827 1.78493e-20)
(26.2962 8.94117 1.6328e-18)
(25.6216 3.5103 -3.37359e-17)
(24.5483 0.974848 1.98662e-18)
(24.2225 1.79997 1.80075e-19)
(19.229 0.588223 -4.86661e-19)
(24.6585 1.58871 1.1683e-18)
(32.04 0.644007 -4.36577e-18)
(21.3573 1.01904 1.52039e-20)
(26.7649 1.96329 -4.43864e-19)
(27.6422 5.44695 5.11396e-18)
(28.5562 1.91327 -1.45816e-17)
(25.3659 2.19255 4.22347e-19)
(26.0312 2.06312 0)
(26.8489 1.80327 6.41307e-22)
(27.9573 4.51394 9.04804e-18)
(25.2552 3.29274 -5.84603e-18)
(28.0927 1.58967 0)
(22.6595 -0.94313 0)
(30.7279 1.92433 2.37799e-18)
(22.4251 0.127257 1.11649e-20)
(26.2456 2.96651 -9.7459e-18)
(22.5255 2.12666 -1.51231e-18)
(23.2802 -0.25115 -3.6136e-19)
(26.0158 2.9073 8.72222e-19)
(27.5133 0.058535 -1.34588e-18)
(25.9747 3.30403 2.38799e-17)
(27.0303 1.63747 0)
(27.2692 0.474309 3.81619e-19)
(24.3999 0.512706 -1.02696e-18)
(20.2573 0.559911 3.91228e-19)
(25.916 -0.735865 0)
(22.2252 0.985722 1.68111e-19)
(20.9165 5.68173 0)
(27.7038 9.72195 -3.73971e-20)
(16.8317 -2.01456 -1.95595e-18)
(25.8 3.35986 2.93164e-19)
(24.0008 1.11152 2.73954e-18)
(23.3514 4.22646 0)
(25.8128 5.32957 0)
(24.12 0.738504 0)
(30.6552 1.99758 -2.67957e-18)
(24.8876 1.40388 0)
(26.0337 -2.14998 -9.32717e-18)
(22.1253 -0.0811816 0)
(25.0165 -0.534208 0)
(27.8354 2.35505 -1.8089e-18)
(17.0668 7.6168 2.21783e-19)
(24.3469 5.2025 -3.13744e-18)
(28.1603 1.76738 -8.14718e-18)
(24.5229 0.650521 1.35354e-18)
(29.1197 -1.36606 0)
(22.9044 3.85744 9.71107e-18)
(25.6428 5.55438 -2.24796e-18)
(24.5125 1.25373 -1.93813e-20)
(31.567 6.11828 2.825e-18)
(25.2187 5.62583 4.01173e-19)
(15.782 3.94677 -5.52938e-18)
(25.8512 3.60303 -2.63473e-17)
(27.4166 1.88951 0)
(23.0916 3.36831 7.45856e-18)
(21.9812 4.27065 0)
(32.4144 5.18689 3.21336e-18)
(23.6001 -0.227339 4.85537e-19)
(24.936 2.37655 -1.67849e-18)
(25.0347 2.19119 5.08084e-19)
(30.0068 1.69219 6.425e-18)
(27.0545 2.5624 0)
(27.0293 1.64426 6.58193e-20)
(27.0344 1.83733 5.2696e-19)
(24.6542 2.00064 -9.32203e-19)
(25.4042 3.33583 0)
(16.5243 -2.58452 -8.41953e-19)
(32.5753 3.09275 -3.776e-18)
(25.7398 3.58623 -1.33618e-17)
(27.8572 7.28974 0)
(27.2605 2.47915 0)
(32.7476 7.88121 0)
(33.0185 7.67703 -7.11674e-18)
(25.4661 3.64058 0)
(24.8749 2.25606 1.58847e-18)
(28.2165 1.95584 0)
(30.5987 1.99838 -1.07649e-18)
(25.7077 3.19639 0)
(27.2503 0.0469574 0)
(25.2255 2.3375 2.75823e-18)
(34.3355 4.2315 -9.69861e-18)
(29.7935 2.7538 0)
(26.9394 3.00175 -1.13103e-17)
(22.9352 4.33385 7.05123e-18)
(25.3895 2.36081 0)
(30.0371 1.86758 -2.98594e-18)
(29.449 3.20055 9.95125e-18)
(28.4146 2.94467 3.80409e-19)
(21.5405 0.778377 1.38722e-19)
(25.7495 3.64618 1.52448e-18)
(25.514 3.64378 -3.45624e-17)
(29.2112 -1.35095 0)
(28.394 3.75757 -5.71031e-18)
(25.4886 2.9742 -1.82909e-17)
(29.0158 15.1349 8.71375e-19)
(26.3499 3.36687 -1.35305e-17)
(30.3606 2.58272 0)
(25.5156 5.45975 -3.63568e-19)
(25.7788 3.63633 -6.32301e-18)
(27.1484 2.03977 -6.53354e-18)
(23.7867 0.0456034 -3.07098e-18)
(24.6625 2.88754 0)
(24.7082 7.71518 0)
(25.1212 2.19372 0)
(25.2071 2.13885 -6.939e-20)
(30.6675 2.47786 0)
(21.5462 4.50435 1.54521e-18)
(28.2659 2.15878 3.58234e-18)
(24.6418 2.122 -9.31012e-19)
(27.9536 4.95291 1.15275e-17)
(25.4137 4.01565 -5.53108e-18)
(30.3908 -0.661432 5.72525e-18)
(30.6697 1.23831 2.45558e-18)
(18.7448 0.600151 4.94852e-19)
(33.5856 2.69178 -1.34449e-19)
(25.4819 3.10931 -5.59457e-18)
(21.3007 0.485102 0)
(17.8017 -0.985661 1.40547e-18)
(25.4475 1.69558 1.27583e-18)
(26.7979 1.82488 6.27241e-19)
(24.5802 2.82708 0)
(25.4499 3.32754 -2.83841e-18)
(25.5316 2.16976 -1.59711e-21)
(25.3356 3.26426 0)
(19.002 -2.70406 3.49183e-18)
(23.4938 6.02488 -3.42241e-18)
(24.8733 7.14486 1.72323e-19)
(32.5863 3.92678 0)
(21.6581 3.77957 -1.40203e-18)
(23.4204 2.05148 -9.54566e-19)
(22.0018 4.11761 0)
(23.7513 8.76764 0)
(20.897 0.781804 -6.47213e-20)
(15.8785 -2.02513 1.51685e-18)
(27.0656 1.79535 -3.61959e-18)
(25.151 13.9408 0)
(28.5046 1.1857 -4.09804e-19)
(33.1677 7.33249 0)
(33.139 7.03091 -2.11332e-18)
(25.0786 7.07775 0)
(24.8316 2.89935 0)
(23.2194 1.80164 1.78343e-20)
(26.721 1.61402 6.86718e-19)
(25.5653 3.42991 0)
(25.9959 2.72656 -2.32042e-19)
(23.4921 5.83586 5.16685e-18)
(25.6418 3.42181 -4.50456e-17)
(23.2449 -2.8114 3.35195e-18)
(24.8268 1.93552 0)
(22.1229 -0.196842 1.56071e-19)
(28.5742 0.323407 1.74208e-18)
(27.1709 7.21575 2.64421e-19)
(25.5642 3.60226 -1.32261e-17)
(24.6447 2.04707 0)
(21.0202 0.728616 0)
(31.1211 6.62794 2.54976e-18)
(28.3378 3.15528 -3.60953e-17)
(27.113 1.73265 7.18565e-18)
(28.2943 2.36619 -3.55199e-18)
(24.5794 -0.0109713 -5.1431e-19)
(24.8328 2.09217 0)
(30.8253 -0.343499 0)
(24.2575 1.19466 -5.84645e-19)
(25.7446 3.76143 0)
(29.8261 4.59169 4.06138e-18)
(23.9825 -0.195717 -1.05753e-18)
(24.6435 4.26687 -3.23558e-18)
(25.8125 3.31982 -4.45257e-18)
(22.2153 7.49415 0)
(23.3796 6.70283 1.82235e-18)
(15.3119 10.0628 4.94948e-19)
(24.6152 0.0950943 -8.98159e-19)
(21.3973 3.0049 0)
(22.6722 -0.0192086 0)
(24.3965 1.91411 0)
(26.0375 0.925435 0)
(25.0084 3.5921 2.24718e-17)
(25.7642 3.53838 6.10758e-18)
(21.975 -0.235107 -8.63423e-20)
(20.658 1.22866 2.18372e-19)
(22.349 6.83267 5.10942e-19)
(26.8769 1.80651 0)
(25.0626 4.28415 0)
(29.0703 6.67383 0)
(29.6435 0.155454 -1.96729e-20)
(20.1379 4.12301 0)
(25.7571 3.63793 4.49297e-18)
(24.7126 0.20817 0)
(20.9996 1.61254 -2.20976e-19)
(17.6513 0.313304 2.03142e-19)
(25.7367 3.62307 -2.56773e-17)
(24.4882 1.52768 5.52646e-19)
(25.0789 1.59274 4.92466e-21)
(26.2071 3.01777 2.50209e-17)
(25.531 3.30255 0)
(23.7706 10.2059 0)
(24.945 1.60316 8.89097e-19)
(25.7895 3.5769 1.77359e-18)
(33.3647 2.38726 -7.04961e-18)
(21.2864 0.493445 3.26222e-20)
(25.7459 3.69755 0)
(24.8089 0.316333 0)
(20.347 5.36424 -1.86515e-18)
(25.768 3.60564 1.27671e-17)
(25.0635 7.76922 0)
(23.9025 1.09969 1.28909e-18)
(20.7866 7.31607 3.06182e-18)
(26.4259 2.81809 -2.67664e-19)
(24.2305 -0.306585 7.57891e-20)
(22.9891 2.58127 3.45394e-18)
(19.7478 16.2112 -2.22753e-19)
(25.7655 4.22006 0)
(27.9542 8.4734 1.18986e-18)
(25.7362 3.10399 0)
(25.486 3.91471 -1.24738e-17)
(27.8568 -1.60699 0)
(25.6964 10.8776 -7.56175e-19)
(25.2739 3.72462 2.00461e-17)
(26.4787 3.60645 5.30135e-17)
(34.8726 6.63236 -3.00166e-18)
(26.8714 0.596256 -1.67758e-18)
(25.3678 2.46271 -2.49164e-18)
(23.6045 -0.111643 4.15069e-19)
(22.3048 6.48537 0)
(24.9915 -0.140554 0)
(24.2055 0.571215 -9.55718e-19)
(22.9041 -0.0785768 0)
(27.5655 0.0428545 0)
(26.8299 2.9215 2.02164e-17)
(24.5875 8.86038 -1.03769e-20)
(30.1065 -0.855146 -6.11627e-18)
(25.1144 2.72364 0)
(25.1133 2.60798 -7.40109e-18)
(23.5651 0.438948 0)
(26.6379 3.25597 0)
(22.5076 1.7241 -2.87202e-18)
(27.7377 3.23665 6.85809e-18)
(25.0061 3.83925 5.98619e-18)
(25.2288 -0.0952416 0)
(27.4859 1.94254 1.04948e-18)
(25.9722 3.78079 3.06813e-17)
(21.9408 5.80501 5.82467e-19)
(24.8578 3.8588 -8.80541e-20)
(24.4394 1.28951 -1.14957e-18)
(30.5942 2.84949 0)
(25.6369 3.29813 -1.52205e-17)
(27.8244 2.58364 1.04523e-18)
(27.8343 3.28357 -2.02705e-18)
(23.6395 -2.37859 -2.65583e-18)
(29.3525 3.42065 0)
(23.8019 -2.36121 2.81885e-18)
(22.409 2.04281 -7.69876e-19)
(24.5339 8.36562 2.72017e-20)
(22.5561 1.88359 -6.92024e-19)
(22.4993 6.30752 2.67458e-18)
(26.1695 0.231921 -1.29042e-18)
(24.7312 1.69815 -4.50569e-19)
(25.4677 -0.0551685 -2.13594e-18)
(22.5373 1.02339 -5.41244e-19)
(21.6017 4.15964 2.94771e-18)
(25.5464 3.85088 -2.96213e-18)
(27.9263 3.2167 0)
(24.9828 -2.1137 6.32758e-18)
(24.6474 -2.17834 -9.0889e-19)
(22.1158 1.82889 1.11684e-18)
(22.1628 0.156451 7.7837e-20)
(23.4068 4.15806 3.53688e-18)
(25.0907 9.68032 2.01505e-19)
(23.9787 8.72601 0)
(25.2559 2.3917 0)
(23.0572 1.46084 1.45744e-18)
(28.4936 -0.258246 2.42021e-18)
(24.8281 2.00211 0)
(25.7879 2.12075 7.09917e-19)
(25.8537 2.10962 -4.78609e-19)
(24.7478 2.16655 0)
(24.4584 1.93108 1.50504e-18)
(25.9096 3.38682 1.52891e-18)
(25.7899 2.11042 0)
(23.1825 6.20164 -2.16462e-18)
(25.8266 3.51516 0)
(27.6647 -0.299333 0)
(25.6272 3.58702 0)
(25.7231 0.000203952 0)
(20.9862 1.0626 -3.42051e-19)
(31.0401 8.73271 0)
(24.3821 2.24157 0)
(32.518 5.13598 0)
(26.7404 0.633914 2.0599e-18)
(26.1557 0.683655 8.27667e-19)
(29.1393 -0.0280194 1.18005e-18)
(25.1576 1.66044 1.59186e-19)
(25.9586 3.41209 0)
(26.9497 3.57905 8.47118e-18)
(26.5596 3.18039 2.32379e-17)
(24.8442 2.28355 0)
(25.8693 3.38273 1.26547e-17)
(25.7804 3.38661 0)
(24.7677 -0.178955 4.88359e-19)
(25.7458 3.83772 1.61953e-20)
(28.7687 0.686238 0)
(25.2351 4.0874 0)
(24.2849 2.16125 0)
(30.4789 6.39619 5.79972e-18)
(25.6731 3.41635 -6.90528e-18)
(35.2606 7.75426 -9.53549e-18)
(29.7252 0.32254 0)
(25.0772 4.22437 -9.27221e-18)
(26.5076 1.54064 0)
(26.6128 0.685601 -8.83933e-19)
(24.848 2.29432 1.18275e-18)
(25.6566 3.80529 0)
(27.0336 1.6645 -6.0301e-19)
(22.7225 3.57932 4.64379e-18)
(29.0191 0.386468 1.87146e-18)
(28.8939 0.317806 0)
(24.8814 2.30679 3.34479e-18)
(24.5597 -0.105018 5.37664e-19)
(22.0515 3.95649 0)
(30.0524 6.82039 3.27732e-18)
(24.423 2.36061 6.14686e-18)
(25.3115 3.48379 -4.99087e-17)
(24.6251 3.82349 -4.38579e-19)
(26.8258 1.82703 1.03782e-18)
(25.7151 11.1085 8.07317e-19)
(26.1272 11.0148 4.79895e-19)
(26.7558 1.56359 7.0422e-20)
(27.1808 1.88161 0)
(26.3495 3.44017 -1.87247e-17)
(26.0104 3.78661 2.5848e-17)
(22.1655 2.20775 1.59474e-18)
(25.4554 7.09714 7.3498e-21)
(29.5441 7.86966 0)
(27.5869 4.7297 -3.66302e-18)
(24.8384 2.26378 0)
(25.0466 1.67001 0)
(20.7061 0.825399 7.11673e-19)
(21.5729 -0.0337233 0)
(25.9464 0.778454 4.18344e-20)
(26.4061 -1.02923 0)
(25.7418 3.54004 0)
(28.5448 -1.57373 -6.22824e-18)
(28.1656 4.61726 4.62927e-19)
(31.1337 3.51039 2.05905e-18)
(32.0361 5.64855 3.80389e-19)
(22.2345 4.12832 1.17888e-18)
(25.7394 3.62383 -3.53783e-19)
(21.819 0.472603 -1.7121e-19)
(21.5979 3.64903 7.49919e-19)
(23.4584 3.56037 2.21908e-19)
(24.6849 1.97508 6.37971e-19)
(27.8442 -0.261868 0)
(24.1736 3.91921 1.45137e-17)
(25.763 3.35728 -7.40023e-18)
(25.9567 2.06872 0)
(31.7199 3.0718 -8.86916e-20)
(29.4807 0.169974 0)
(21.5558 0.226308 -2.41581e-20)
(26.0922 4.21244 0)
(24.6258 1.95417 6.52315e-19)
(26.7193 2.88522 0)
(31.1505 1.17779 0)
(24.3721 2.45546 -3.06354e-18)
(31.5561 4.33095 -6.38708e-19)
(23.9178 1.7249 -1.14241e-19)
(26.6555 1.89311 1.38021e-18)
(25.5282 3.85609 2.50854e-18)
(25.7647 3.62621 2.25458e-18)
(24.5128 0.938414 0)
(27.8518 3.96101 -1.60947e-17)
(26.0102 3.76492 -1.19287e-17)
(23.6899 6.571 1.30539e-18)
(24.7005 2.08494 -4.04379e-21)
(22.4153 0.165147 3.18893e-19)
(23.8447 1.88353 2.97806e-18)
(26.5711 1.40279 0)
(22.2112 2.16662 -9.09095e-20)
(27.5264 5.6925 -6.09831e-19)
(22.9676 4.15093 -4.99926e-18)
(25.4303 2.52017 0)
(21.8604 0.905766 -4.81586e-19)
(21.7836 0.77732 0)
(25.7774 3.56152 -2.14807e-17)
(25.9562 8.25024 0)
(25.6452 3.74904 -4.07035e-18)
(27.2631 6.65333 0)
(21.2068 5.94878 2.96015e-18)
(26.7153 4.03324 -2.47932e-19)
(25.5646 3.87052 -6.43168e-19)
(24.1446 2.83541 -9.15191e-19)
(21.5498 0.198423 6.91718e-21)
(26.4557 1.93444 0)
(24.5117 0.906618 3.22663e-18)
(26.769 1.84872 -5.53084e-19)
(25.4672 -0.233196 1.46044e-18)
(24.3951 1.94852 0)
(23.9422 1.80113 3.05572e-18)
(25.4203 2.89253 -8.33776e-18)
(25.4776 4.16327 -5.05938e-18)
(23.1079 -0.0521514 -4.87643e-20)
(24.6142 1.94705 0)
(27.084 1.65551 -3.92405e-18)
(23.1996 4.27762 -4.45709e-18)
(24.0882 3.49817 -1.45234e-17)
(25.1286 4.73706 8.91498e-18)
(19.1671 -2.60686 -2.48512e-19)
(26.865 6.89535 1.55685e-18)
(29.6116 0.954112 -2.0668e-18)
(28.0239 3.83631 -3.02271e-19)
(23.0706 1.85213 8.14711e-19)
(31.5118 3.80572 -6.29014e-19)
(25.5792 3.54468 -9.96083e-18)
(15.6286 0.226932 1.28301e-18)
(27.6897 -1.88496 5.51928e-18)
(25.81 3.36382 3.51714e-18)
(22.8849 -0.544265 2.10879e-19)
(28.146 8.3629 0)
(23.3191 1.38033 -7.93094e-20)
(24.5463 0.90857 -2.45649e-18)
(26.8027 1.99623 5.00281e-21)
(27.0621 6.52968 3.09294e-18)
(24.4866 2.3728 0)
(25.7322 3.57932 1.6459e-17)
(24.9065 1.38806 0)
(24.9059 1.35711 -2.83196e-18)
(20.3306 4.52834 -4.71399e-19)
(30.8617 6.06163 0)
(27.2142 1.76077 6.92007e-19)
(25.0325 2.14961 -3.04699e-19)
(25.6609 3.61205 -1.39611e-17)
(31.075 6.40149 3.56604e-18)
(18.1377 0.858989 8.14273e-19)
(28.966 7.7095 1.21576e-18)
(25.4322 7.77394 -1.50495e-19)
(27.1176 8.99818 5.12649e-19)
(24.623 8.66155 6.01133e-21)
(26.2949 6.73772 0)
(25.6951 3.52699 4.70548e-17)
(25.8839 3.83699 2.19938e-17)
(32.0351 0.76152 0)
(23.3469 2.21864 4.04263e-19)
(24.8214 4.04415 2.11047e-17)
(24.1859 1.80548 0)
(25.7359 3.33319 1.6737e-17)
(26.34 -2.03241 0)
(32.2241 7.86233 -1.64519e-18)
(23.8654 8.06517 1.36828e-19)
(25.8597 3.4035 -4.58699e-18)
(27.9924 0.514143 -1.74288e-20)
(26.7594 1.5659 -7.044e-19)
(31.7703 7.26745 0)
(23.7629 2.83037 9.63934e-19)
(20.0119 9.04071 0)
(25.7832 3.49248 0)
(27.7106 0.0874758 6.9906e-19)
(24.9094 -0.828931 9.68935e-19)
(25.2431 2.6861 6.46352e-19)
(22.9748 -2.77505 3.50777e-18)
(24.7669 4.07324 -1.9289e-17)
(25.9337 2.08615 0)
(24.9715 2.02243 0)
(31.4891 9.98988 -3.47149e-18)
(25.1909 3.13493 0)
(26.5119 1.59512 6.88711e-19)
(24.0969 1.0952 1.43435e-18)
(25.1836 2.70697 -3.6202e-19)
(24.9153 2.30424 0)
(22.3748 -2.76587 9.4628e-19)
(20.3728 10.2136 -2.05416e-20)
(29.5626 16.0095 0)
(24.0141 -0.40963 6.00135e-19)
(25.5125 2.41267 5.72384e-19)
(26.2126 3.4316 0)
(22.2582 3.77452 0)
(25.5454 3.66004 1.78722e-17)
(24.3815 0.796953 0)
(25.1878 3.68335 -1.33316e-17)
(25.914 3.36351 1.49131e-17)
(25.7026 3.65101 -2.09631e-17)
(25.6667 3.54743 5.8497e-17)
(22.2171 2.73564 0)
(30.4826 1.63748 0)
(25.6213 3.44263 -2.625e-17)
(20.7786 5.09055 2.59581e-18)
(30.9919 6.47459 -3.53159e-18)
(27.4906 3.79605 -1.00186e-17)
(25.71 3.64436 1.30482e-17)
(24.8107 2.01958 0)
(26.7413 1.84764 5.53752e-19)
(24.0871 -0.436756 0)
(24.2766 1.21946 0)
(18.7745 0.718916 -5.62888e-19)
(27.2525 7.11381 -2.15534e-18)
(25.1582 3.56911 4.01875e-17)
(20.4554 4.57319 -4.61181e-19)
(20.5351 4.3206 -1.98204e-18)
(26.7408 1.8265 5.08997e-18)
(25.806 3.42591 2.16675e-18)
(29.2809 19.4099 -1.34006e-17)
(32.6159 5.20044 0)
(25.9969 2.25928 -1.43915e-18)
(29.9258 0.663116 -1.25636e-18)
(25.7838 3.41958 7.17127e-18)
(23.6451 2.00526 3.59081e-19)
(31.4322 6.22818 0)
(13.0802 5.78925 -9.91578e-18)
(25.6259 2.7695 0)
(28.5871 8.7201 -1.55181e-18)
(27.568 0.133503 -1.99226e-20)
(27.4938 2.94774 0)
(25.6782 2.57835 2.76699e-19)
(30.5553 -0.57288 0)
(28.4565 16.9214 -4.1122e-18)
(23.859 1.15479 -4.52404e-19)
(27.5607 2.56413 -3.01296e-18)
(24.5664 6.37014 3.01805e-18)
(25.4505 2.50309 1.63943e-18)
(20.3918 0.860968 -3.79665e-19)
(25.926 3.23408 9.88797e-18)
(25.6776 2.12365 3.67851e-19)
(26.9816 1.926 0)
(30.8171 5.05775 -1.72524e-18)
(30.5846 8.23472 2.37318e-18)
(25.1306 2.19604 -5.05322e-19)
(26.8455 1.76158 -3.01341e-18)
(25.4406 3.63896 0)
(26.3122 4.29802 0)
(27.4839 1.98589 1.00623e-18)
(24.0192 2.61083 -1.17408e-17)
(26.2861 -0.661884 1.41921e-18)
(22.4078 -0.375484 0)
(21.6495 -0.0490059 -2.17227e-20)
(32.6171 2.65942 4.17465e-18)
(26.9822 1.80536 1.04361e-18)
(25.5124 3.55874 -2.20057e-17)
(27.1477 4.25857 0)
(22.5998 1.96934 1.10194e-18)
(31.1895 4.52658 0)
(30.9526 5.44455 2.00153e-18)
(23.6068 1.80999 9.65068e-19)
(25.5777 3.7769 9.3593e-18)
(21.2452 0.927219 0)
(25.1494 1.65002 0)
(29.5585 2.27596 -4.08457e-18)
(27.2565 1.90853 8.87096e-19)
(23.727 5.12218 0)
(21.9417 5.71531 5.99589e-19)
(22.096 1.72344 0)
(22.6168 3.26913 0)
(20.255 5.04428 0)
(22.6833 8.24253 0)
(25.771 2.1134 0)
(31.7025 9.39364 -1.64563e-18)
(27.682 3.39219 0)
(26.6108 2.8642 -3.73774e-18)
(16.7094 15.1834 -2.14631e-18)
(26.3355 3.512 -9.33976e-18)
(28.5703 2.72922 9.52728e-18)
(25.1509 2.14721 5.44263e-19)
(31.2599 7.27937 -2.79544e-18)
(30.1324 0.689388 -6.70873e-19)
(25.7562 2.88222 -3.61667e-18)
(31.5532 4.24067 -1.87077e-18)
(27.5604 4.94015 0)
(26.6799 3.52908 -1.27816e-17)
(25.6996 2.95449 -2.62935e-18)
(21.7205 1.16957 0)
(29.4144 6.91111 -2.46981e-18)
(25.268 2.20517 -2.96906e-20)
(28.3288 8.23157 -2.49435e-18)
(25.941 3.3506 0)
(24.4604 2.38472 0)
(26.7553 3.44751 -3.80181e-17)
(27.0014 1.64848 0)
(19.941 6.19898 0)
(25.7814 3.12938 4.63792e-18)
(21.6121 4.24187 7.08462e-19)
(25.2453 2.37708 -1.09734e-18)
(25.6942 3.5903 -1.48774e-17)
(29.3972 2.152 3.73654e-18)
(26.1436 3.16687 2.54872e-18)
(24.8502 2.23154 0)
(23.3432 6.3119 1.01451e-18)
(34.7664 5.58548 2.0529e-18)
(34.7055 5.20669 -4.58303e-19)
(24.3448 1.05612 -1.1277e-18)
(25.7881 4.91619 0)
(25.6764 3.62129 1.07161e-17)
(26.3932 7.31863 -1.27145e-18)
(21.7244 3.39147 7.31845e-19)
(24.8875 -0.744531 -7.08687e-19)
(25.5416 2.96822 7.65901e-18)
(20.853 6.7332 0)
(25.9646 4.12596 0)
(22.6485 -0.369145 -2.99943e-19)
(23.7141 0.55502 -1.50022e-18)
(23.6044 0.546614 -1.09537e-18)
(29.7151 2.41023 -8.72034e-18)
(26.852 -0.610085 1.58717e-18)
(25.7261 3.58929 0)
(27.1139 1.69297 0)
(25.8178 3.53565 3.23345e-17)
(25.8517 3.82079 8.71961e-18)
(17.1127 0.111539 0)
(25.1626 2.92943 -2.19176e-17)
(26.7065 1.8717 -5.49798e-19)
(32.9562 3.91654 0)
(24.2006 3.79749 6.7537e-18)
(25.7364 3.68937 4.5699e-18)
(25.5325 3.93078 0)
(22.9398 -0.426687 8.29012e-19)
(26.2052 3.64277 1.19398e-17)
(24.8874 1.99063 -6.93701e-19)
(24.5079 8.26086 -4.36452e-20)
(25.6371 3.33057 0)
(25.7127 3.39201 -2.81696e-19)
(25.2944 3.62706 0)
(31.8166 0.688628 9.21821e-18)
(31.0579 5.8277 2.26053e-18)
(29.2343 2.04218 -3.65874e-18)
(23.0686 8.76328 -1.8129e-20)
(25.8025 3.42004 0)
(24.9191 1.98542 8.00812e-20)
(21.7692 -0.147366 -5.03598e-21)
(29.1747 2.82857 8.17408e-18)
(23.9308 1.70556 0)
(34.6599 11.0923 -7.25352e-18)
(29.9455 7.9069 4.94914e-21)
(22.3216 -2.83456 -2.45818e-18)
(29.6032 8.37538 -2.03306e-18)
(26.8878 6.39156 4.62172e-18)
(25.6196 3.63315 -9.61404e-18)
(25.7425 3.26704 1.49009e-17)
(27.6694 6.40265 -3.20971e-18)
(26.2241 2.02947 0)
(22.6296 4.40601 -8.75974e-18)
(25.9639 3.44977 -1.29749e-17)
(27.096 1.93906 -6.70524e-19)
(27.3065 5.06978 6.27499e-18)
(24.281 2.29586 -3.01125e-18)
(31.3182 -0.000214212 -1.38158e-17)
(25.5654 2.85673 9.58431e-20)
(30.5215 0.936358 2.82999e-18)
(26.778 5.40458 -1.89966e-17)
(30.2785 2.81875 6.00167e-18)
(25.8947 3.92282 9.80842e-18)
(29.0624 1.94376 3.15141e-18)
(24.9345 1.99406 -7.36401e-19)
(21.4334 1.01184 -2.67611e-20)
(31.3316 0.817347 1.03106e-17)
(23.3396 1.30731 -6.57965e-19)
(31.5008 5.79036 1.34765e-18)
(27.1796 7.79111 -2.98335e-18)
(26.2886 3.69168 -1.83767e-17)
(30.0616 3.334 3.83955e-18)
(22.2475 2.28323 3.96834e-19)
(24.4026 1.879 0)
(15.2036 12.0163 3.57276e-18)
(26.1879 2.05193 0)
(25.8182 7.73333 0)
(21.556 0.0485211 -1.09293e-20)
(28.995 1.56662 -8.08604e-18)
(24.256 1.68135 1.81693e-18)
(24.9696 1.98846 0)
(24.297 1.69531 0)
(22.5174 0.873765 6.05448e-19)
(24.9718 13.1172 2.04789e-18)
(25.7439 3.62549 -6.53704e-18)
(27.0267 3.7271 3.09235e-17)
(24.619 2.03945 1.10213e-18)
(25.222 8.32689 0)
(25.537 3.51283 -3.00199e-17)
(25.558 5.97299 0)
(20.4954 4.03515 -9.6026e-19)
(22.7968 2.3746 1.05654e-18)
(26.7934 2.56366 0)
(25.1945 1.68197 0)
(24.0096 3.61448 1.63061e-17)
(28.889 1.85635 0)
(26.9802 -2.16275 -2.60051e-18)
(19.2048 13.1005 0)
(24.4661 0.868445 0)
(21.8418 16.8891 -8.11745e-19)
(25.1835 2.70483 0)
(22.7486 -2.78717 1.5589e-18)
(30.0992 7.7722 2.16141e-18)
(26.6789 1.87184 0)
(25.7927 3.39493 0)
(25.7483 3.3704 1.59507e-17)
(25.9942 3.23287 2.40997e-18)
(25.4955 5.31008 5.53676e-20)
(23.1624 2.17025 0)
(25.7181 4.05656 -7.43738e-19)
(24.6207 2.96892 -1.72442e-17)
(19.9047 0.8724 7.633e-19)
(25.6546 3.75877 4.11815e-18)
(31.3656 2.83804 -2.64805e-18)
(26.628 1.46317 -8.59205e-19)
(26.6152 1.48522 -3.70726e-19)
(30.9768 1.47454 6.0706e-18)
(26.7623 10.1862 1.08314e-18)
(27.0601 10.1549 -1.24615e-18)
(11.7895 7.73962 3.59916e-18)
(28.8172 2.2105 0)
(25.284 6.40411 -1.29662e-19)
(24.019 0.620674 1.2272e-18)
(24.2746 0.642215 0)
(24.1032 6.68891 5.9153e-19)
(24.9571 -0.674506 0)
(28.5027 8.09578 2.53078e-18)
(25.0522 3.0194 0)
(25.282 3.44835 6.18929e-19)
(22.4282 7.27968 0)
(22.8925 2.11142 0)
(28.708 1.78376 1.68439e-19)
(32.7205 5.14213 0)
(24.6475 3.71714 -2.29478e-17)
(24.3808 1.99376 0)
(16.5142 4.31362 -1.94169e-19)
(32.0322 10.2448 3.80175e-18)
(31.4829 7.27421 -1.37366e-18)
(22.3149 -2.67746 0)
(23.344 8.03754 -9.96883e-19)
(22.5969 4.64857 -6.15734e-20)
(22.9892 -0.0882338 6.64812e-19)
(26.5391 4.03511 1.28484e-17)
(24.9875 1.61044 2.33805e-19)
(21.1737 3.39044 -8.67737e-19)
(25.1915 1.7202 0)
(23.6404 1.59282 0)
(25.8204 3.23243 0)
(23.2305 4.71629 0)
(33.0132 2.04368 0)
(26.6125 1.89672 5.4897e-19)
(26.553 -2.28335 -2.16602e-20)
(35.4074 10.8345 -1.42038e-17)
(23.4964 7.23123 4.54798e-19)
(25.2521 3.99992 -5.97245e-18)
(25.8112 3.4817 -1.90378e-17)
(24.6287 2.14866 -1.62815e-18)
(25.1968 3.30266 -2.27585e-17)
(24.1676 2.0558 2.15417e-18)
(21.3789 0.442407 -2.7135e-20)
(24.8392 2.12899 4.1829e-21)
(25.7893 -0.200467 0)
(25.3939 3.42931 -1.22375e-17)
(24.1446 2.19496 0)
(25.0718 2.22625 -8.60587e-19)
(26.1424 1.52925 5.63028e-19)
(25.5648 2.48926 7.74058e-19)
(23.1028 1.45063 1.33848e-18)
(32.5289 2.66019 -1.00611e-18)
(25.9463 2.06273 5.62704e-19)
(26.4295 2.62023 3.18923e-18)
(27.5306 4.6327 -1.01565e-17)
(25.3833 2.19205 5.37659e-19)
(22.1123 6.08253 1.4478e-18)
(24.1865 4.19012 0)
(25.1235 2.21754 0)
(23.4712 3.84976 0)
(21.356 0.30314 0)
(25.7193 3.4138 0)
(23.7734 2.86232 1.14126e-17)
(29.8723 7.83237 -5.71544e-18)
(25.8456 3.42074 0)
(25.3552 -0.588008 3.88481e-19)
(21.8333 -2.80609 -8.67269e-19)
(26.986 7.87495 1.63426e-18)
(24.5563 2.00829 1.08192e-18)
(16.3945 0.167784 -1.09287e-18)
(20.285 1.32129 -7.29886e-19)
(30.537 1.10167 2.43906e-18)
(14.2174 4.60048 -6.47798e-18)
(25.93 3.3652 0)
(19.9057 -1.27848 1.01624e-19)
(24.8101 2.28294 -1.35679e-18)
(27.3388 2.56706 0)
(22.022 5.94283 0)
(25.7024 3.26474 6.57371e-18)
(31.3537 3.42379 2.44957e-18)
(26.9093 1.97208 -9.11604e-19)
(29.7257 0.907531 2.35471e-18)
(26.1753 5.3186 1.11732e-18)
(30.8508 2.13989 4.64736e-18)
(30.4224 3.3802 0)
(26.0881 2.84702 -4.25534e-19)
(25.4695 2.52727 7.12815e-18)
(30.5096 8.30806 0)
(24.8222 2.68911 -1.01762e-17)
(25.5758 3.66754 2.86854e-17)
(20.4365 -2.62959 2.45334e-20)
(19.7475 -2.61437 -3.97035e-20)
(24.7387 1.13835 0)
(27.0762 1.65923 0)
(32.0107 5.75587 2.55728e-18)
(27.2355 1.83104 -9.11466e-19)
(26.0114 2.05064 1.78784e-20)
(24.7074 4.97103 4.34761e-18)
(23.3337 1.26489 7.34533e-19)
(23.2631 1.29221 0)
(24.6392 5.85903 -2.06621e-18)
(27.8473 6.20287 0)
(25.7458 3.58332 1.62569e-17)
(24.9414 2.31231 0)
(26.71 2.10607 -3.57943e-18)
(24.5395 1.17714 0)
(27.298 0.344905 9.50367e-19)
(25.9695 3.76092 0)
(26.9648 2.63854 -1.1644e-18)
(28.3522 0.342627 7.81214e-19)
(24.847 1.29639 8.82656e-19)
(24.2679 0.629971 0)
(26.88 8.14288 0)
(27.2945 5.29755 0)
(26.0481 9.28814 5.72834e-21)
(27.3821 2.01819 1.91397e-18)
(26.9499 1.58719 8.34329e-20)
(23.7746 1.7522 9.32428e-19)
(22.9071 1.68729 1.21568e-18)
(25.7562 3.39917 -3.15617e-18)
(24.2422 1.80345 -1.76181e-19)
(24.4908 5.23392 -4.80555e-18)
(27.9901 0.177948 0)
(28.0625 9.30595 9.32029e-19)
(27.9666 9.38825 6.66805e-19)
(32.9231 3.79618 -3.9952e-18)
(26.7552 2.01401 0)
(24.4038 -0.0675189 1.113e-18)
(25.7891 17.7274 -1.52602e-18)
(26.3093 3.57562 4.29632e-17)
(26.4966 2.94568 -1.94697e-18)
(24.3562 2.98219 2.33457e-18)
(18.9776 -0.0961662 -2.15976e-18)
(19.4915 -0.0589104 -2.88746e-19)
(29.0303 -1.30247 -1.80374e-18)
(23.5188 8.40995 4.60298e-19)
(30.9415 1.17601 -3.18083e-18)
(26.1987 0.650988 9.0472e-19)
(29.5618 -1.06262 -3.04671e-18)
(21.5072 4.42995 1.56621e-18)
(25.7914 3.42462 9.06345e-18)
(25.7794 3.42114 -1.59727e-17)
(25.0949 1.61631 0)
(24.5267 7.03676 4.82882e-19)
(26.0386 2.99664 0)
(23.608 8.23798 4.53235e-19)
(26.7042 6.24881 0)
(25.715 7.35123 0)
(28.6372 1.70735 0)
(27.1306 1.69 0)
(25.6681 3.36866 0)
(25.9226 2.11098 7.82527e-19)
(30.9527 6.98398 -2.23201e-18)
(24.4474 1.67827 -2.25159e-18)
(28.661 7.93435 0)
(24.4417 1.67574 -2.38418e-18)
(26.8512 1.95135 -1.45482e-20)
(29.9065 5.22927 0)
(22.5494 7.45372 4.02468e-19)
(24.0506 2.41887 4.10019e-18)
(27.5254 2.47361 -1.99077e-18)
(26.9128 1.85305 0)
(26.3542 2.55654 0)
(25.5681 1.96334 2.55113e-20)
(22.4563 -2.38907 6.21428e-18)
(24.9156 2.28592 0)
(29.7768 8.03675 3.09762e-18)
(25.5418 2.75324 7.56299e-18)
(24.4696 1.47007 -3.03818e-18)
(24.6997 1.12751 -4.64422e-19)
(27.261 0.255639 0)
(23.9853 2.50448 4.75778e-18)
(25.6727 3.57546 0)
(22.0407 1.01232 0)
(24.551 3.20276 -8.99874e-19)
(21.4763 0.433951 1.05599e-19)
(27.4848 9.9637 -1.71371e-19)
(23.7839 4.95173 2.5768e-18)
(20.2255 4.60644 2.68815e-18)
(30.5861 8.09139 2.55453e-18)
(25.2562 3.58362 2.258e-17)
(28.2682 0.279755 7.7513e-19)
(25.8884 4.02172 1.1251e-17)
(23.3745 1.31772 0)
(24.3333 1.92835 1.20834e-18)
(25.0036 2.30921 0)
(25.6924 3.62716 5.3941e-19)
(26.6926 2.84854 -1.09343e-18)
(31.0077 4.00603 4.01057e-18)
(25.7902 3.47083 0)
(29.9587 4.13935 0)
(26.0619 1.55616 -9.16825e-19)
(30.1849 7.43402 0)
(25.8238 3.80091 -3.06558e-18)
(23.9165 2.59305 -6.38228e-18)
(22.3026 0.333281 -1.79979e-19)
(30.3985 3.19881 5.077e-18)
(24.6711 2.07775 0)
(26.7856 1.53227 -3.85264e-19)
(26.7722 1.55327 0)
(21.2063 0.609197 0)
(23.5462 6.48914 -1.87492e-18)
(25.8321 3.35913 0)
(24.9579 2.85258 1.25558e-17)
(27.3187 1.86009 7.94528e-19)
(32.9708 1.7378 -7.71232e-18)
(26.0016 3.53401 -3.059e-17)
(25.8525 3.37743 5.53582e-19)
(31.1137 9.32372 0)
(25.6449 -2.45489 -8.70951e-18)
(28.5271 -1.64532 -6.26767e-18)
(29.5746 6.04262 -1.1378e-17)
(20.3824 1.54642 0)
(25.7216 3.64102 1.15157e-17)
(24.8171 2.40056 4.17979e-18)
(22.9861 0.623648 1.37945e-20)
(20.9627 -2.83795 1.21147e-18)
(26.1731 4.24483 -1.40115e-18)
(26.0407 2.06395 0)
(25.011 2.79986 -1.10544e-17)
(30.0445 3.92381 0)
(20.6406 10.0299 1.31014e-18)
(25.4232 2.64477 1.03573e-19)
(24.2308 1.20514 0)
(25.6022 3.88341 0)
(24.9092 2.91016 -1.17479e-18)
(18.5875 -0.328373 0)
(17.8441 -0.415441 0)
(22.0338 3.87185 -2.32687e-18)
(24.1257 2.35835 3.31951e-18)
(23.3792 2.6869 -9.31563e-18)
(21.4272 0.146909 0)
(27.0639 1.69484 -5.85394e-19)
(29.8135 6.03325 -5.07059e-18)
(23.243 0.233624 5.66044e-19)
(25.5447 5.38082 3.40147e-19)
(24.0973 2.08977 0)
(25.7616 3.67881 3.88299e-18)
(23.8589 2.6943 -7.84976e-18)
(26.9473 3.71044 -5.39376e-18)
(25.4765 3.60184 0)
(25.9844 7.5791 -1.14152e-18)
(25.1469 1.68044 -3.86187e-19)
(30.1563 7.5462 -5.20326e-19)
(27.6578 -1.86989 -5.75935e-18)
(25.6391 2.78797 0)
(23.7656 7.43113 1.57832e-20)
(26.3909 2.9675 -1.43663e-17)
(23.466 2.45315 2.53046e-19)
(24.4188 -0.27107 -7.75381e-20)
(17.8337 8.04123 0)
(17.422 7.31007 3.22798e-18)
(26.211 2.45943 2.21833e-18)
(25.7069 2.81377 -6.49549e-18)
(26.5977 1.66058 -2.72547e-19)
(23.9999 1.1435 5.1377e-21)
(25.8617 3.30065 -3.83922e-18)
(22.6556 5.59298 0)
(26.0178 -0.346097 0)
(32.8229 5.20593 3.1865e-18)
(25.0448 2.47432 4.16172e-18)
(25.9329 3.27947 2.30061e-17)
(23.5395 1.66255 0)
(24.9318 1.42469 1.7013e-18)
(24.8696 1.98348 0)
(25.7731 3.42283 0)
(26.3412 2.35721 -3.87937e-18)
(20.056 4.82559 1.23725e-18)
(20.0817 4.54205 0)
(31.0232 8.24539 1.38285e-18)
(25.3323 3.23024 2.27357e-17)
(24.9079 2.14498 -3.59233e-20)
(25.7859 3.37648 3.92001e-18)
(31.6496 6.17132 0)
(26.4174 10.3878 0)
(30.7261 3.56326 5.17941e-18)
(20.8116 8.42336 0)
(17.0372 0.0726214 -1.03396e-18)
(11.0493 3.61381 -5.73413e-18)
(35.4128 9.15149 0)
(32.4037 6.35629 8.52652e-19)
(21.8109 0.302014 -6.71784e-20)
(25.942 5.86496 3.75736e-18)
(24.8221 2.03445 6.21532e-19)
(23.5318 2.35312 2.62848e-18)
(29.0352 0.629226 -3.74671e-18)
(34.902 5.91022 -4.36265e-18)
(24.6609 3.34767 5.10196e-19)
(30.0493 6.40373 0)
(28.4719 0.65049 0)
(25.1423 0.971168 0)
(29.2233 5.82893 3.8687e-18)
(28.838 7.76878 4.60578e-18)
(25.2119 2.16565 0)
(30.2534 4.79068 -1.48422e-17)
(24.3119 1.78678 0)
(25.653 3.37015 1.11632e-17)
(32.8087 3.44933 9.77365e-19)
(28.174 9.02198 1.31849e-18)
(25.5606 -0.783034 -1.25404e-18)
(23.0437 -0.169681 7.68291e-19)
(24.8703 2.25272 2.57724e-20)
(31.4576 2.44449 -3.74681e-19)
(29.3729 -1.26072 -2.76667e-18)
(29.365 -1.25555 3.47907e-18)
(22.6957 7.34213 0)
(32.4688 2.55886 -2.97576e-18)
(26.5471 1.59232 8.65419e-19)
(24.77 2.25826 0)
(32.5303 15.6922 -7.55536e-18)
(26.1688 2.05345 0)
(25.4052 3.8511 0)
(31.6177 0.23864 0)
(25.7278 3.51749 7.97869e-18)
(26.3997 1.22604 -9.14111e-19)
(31.7476 9.22203 2.53239e-20)
(31.5222 1.32456 0)
(31.3061 2.96589 -2.56981e-18)
(26.4372 0.650168 -1.65759e-18)
(24.4088 6.87566 8.12874e-19)
(27.9176 7.82872 0)
(25.8414 3.36327 0)
(24.5985 2.23995 0)
(23.6641 2.19321 1.54044e-20)
(32.1999 7.71827 0)
(31.7469 10.6242 0)
(22.4554 2.31037 0)
(24.9084 1.51501 -1.68746e-18)
(24.7184 2.19889 -9.14047e-19)
(25.5352 5.79668 5.20186e-19)
(24.1502 1.94677 1.30963e-18)
(23.5837 2.73523 -5.39739e-18)
(25.8254 3.5721 0)
(25.0921 1.63124 -1.58488e-18)
(24.4074 1.8065 -7.81655e-19)
(20.5173 7.08681 1.97596e-19)
(24.9693 2.19421 3.24172e-20)
(25.0357 1.56782 7.9807e-19)
(25.2623 3.94227 1.04117e-17)
(30.254 6.79595 0)
(25.589 2.97649 9.20538e-18)
(27.9965 6.00303 0)
(26.9033 5.25621 -1.00366e-17)
(25.1401 2.14298 5.54443e-19)
(27.2677 4.51906 2.27372e-17)
(25.8353 1.87701 -7.26073e-20)
(22.3742 2.02438 1.39455e-18)
(28.3353 0.42147 1.49389e-18)
(25.7713 3.70217 3.65144e-18)
(26.1982 -0.0177864 4.37726e-19)
(28.0566 -0.479138 1.29565e-20)
(25.825 3.39431 -3.00366e-18)
(25.4431 6.2904 0)
(25.893 2.08025 1.73565e-20)
(27.1931 -1.24096 -1.13197e-18)
(24.7458 2.22321 1.92695e-19)
(23.3822 1.35266 0)
(30.9517 3.32911 0)
(23.0968 -0.216068 1.61576e-18)
(30.6255 1.85145 0)
(26.1072 3.97 -5.88826e-18)
(26.1923 1.45153 2.78573e-18)
(23.856 2.0228 2.70269e-18)
(24.99 2.55023 0)
(25.7669 3.61269 -2.52531e-18)
(25.7486 3.44874 0)
(25.7587 3.62786 -6.98498e-18)
(25.5059 2.86424 -1.46981e-18)
(32.986 3.69735 4.0442e-18)
(25.0925 9.44942 1.6178e-19)
(30.3818 2.01233 0)
(23.9134 1.98527 -3.94989e-18)
(26.6356 1.4501 2.95361e-21)
(25.7654 3.36496 1.16334e-17)
(26.9149 7.5155 -1.21646e-19)
(29.1735 8.46495 -1.93174e-18)
(24.3689 3.7596 0)
(24.0073 1.92323 -1.39654e-18)
(26.4538 5.40684 -1.34867e-17)
(21.4546 3.07214 0)
(29.5924 5.57094 -3.71724e-18)
(25.6584 3.25466 -8.21815e-18)
(25.7273 3.43423 -4.68879e-18)
(24.5167 1.90557 6.70006e-19)
(25.7295 3.679 -3.49251e-18)
(28.3317 0.505257 1.25524e-18)
(25.3897 2.63418 3.62385e-19)
(23.7592 0.2994 -2.42118e-18)
(25.5375 3.26632 0)
(22.8326 1.11802 -1.38467e-19)
(24.3919 2.87645 0)
(34.7556 6.13812 -6.4581e-18)
(23.5817 3.20238 -6.86665e-18)
(23.3927 11.1009 -2.8332e-20)
(26.7828 3.81117 -7.97046e-18)
(24.0865 1.88369 -1.4168e-18)
(26.6547 3.15074 -1.35417e-17)
(25.9674 0.050282 0)
(27.1542 5.84977 0)
(23.5623 1.8464 -2.33478e-19)
(24.1551 1.85684 -9.55457e-22)
(20.2503 -2.72475 7.86704e-20)
(20.0853 -2.74288 5.11632e-18)
(19.6013 0.963347 6.34381e-19)
(24.6832 3.61861 2.11746e-17)
(29.1385 2.33126 0)
(25.2806 4.29831 -6.55971e-18)
(29.1417 0.526027 0)
(24.8311 3.14963 -7.13454e-18)
(25.9863 1.92964 2.33262e-18)
(27.1752 2.04114 0)
(25.8147 3.40028 -4.7881e-18)
(25.8695 2.41655 6.83904e-19)
(25.3072 1.73698 4.09847e-19)
(28.9166 7.34946 -1.20304e-19)
(25.3407 2.18684 8.48513e-19)
(16.37 7.01128 2.01788e-18)
(24.7445 1.46078 8.55075e-19)
(25.0001 2.17388 -5.25774e-19)
(24.7296 1.47994 -3.03536e-21)
(21.3688 7.52641 6.83624e-19)
(21.4084 7.23527 -3.00142e-19)
(23.8561 4.79592 -2.18903e-18)
(22.2034 2.86921 0)
(25.0519 1.70549 -1.38638e-18)
(24.5636 1.05811 1.18807e-18)
(24.281 1.99529 0)
(26.1426 7.42161 -2.38332e-18)
(29.8493 4.35504 -4.18463e-18)
(33.7243 14.1122 0)
(23.7064 -2.75323 -1.78138e-18)
(18.378 -0.167191 -1.09924e-17)
(17.6544 -0.16027 2.72794e-18)
(15.9422 3.42673 2.59158e-18)
(25.0139 1.5448 4.02288e-19)
(25.2541 14.3497 0)
(26.4254 -1.09808 0)
(25.6995 3.85638 0)
(29.21 8.56441 0)
(27.0504 1.9157 -4.62888e-19)
(24.797 2.12415 0)
(22.0293 0.477857 -2.05276e-19)
(26.5098 1.36962 0)
(26.5123 1.36094 9.12478e-19)
(24.0027 8.8542 -4.51229e-22)
(25.7375 3.5988 0)
(30.6329 2.23475 0)
(24.9478 2.03666 6.286e-19)
(23.4799 1.22514 6.16589e-19)
(24.9046 2.19469 9.72834e-19)
(24.0523 7.61688 4.38371e-19)
(16.1342 -0.0546122 1.78487e-18)
(24.2521 4.9745 -5.79408e-18)
(26.4184 8.90098 -1.78698e-19)
(26.1052 2.06409 0)
(22.0834 2.71174 0)
(31.4971 0.145217 0)
(31.6605 0.297033 -1.06044e-17)
(24.9511 1.45763 -1.71742e-18)
(31.8486 5.2157 -1.44776e-18)
(31.9064 5.38467 1.16892e-18)
(24.4916 2.24801 0)
(25.1746 3.15038 -1.05276e-20)
(23.5146 1.88654 -1.82708e-18)
(23.0791 1.34908 -4.37965e-20)
(15.6977 6.15635 2.29432e-18)
(25.749 3.30712 2.84116e-18)
(24.4538 0.892072 0)
(24.381 0.884309 0)
(29.0506 7.14119 -2.27143e-18)
(23.4638 1.93444 2.30227e-19)
(25.0373 1.97734 -8.57495e-20)
(24.5383 2.64644 0)
(24.2391 1.1482 0)
(24.8527 2.19365 4.45384e-19)
(24.8088 2.1906 -3.02982e-20)
(25.7686 3.64485 5.42086e-18)
(29.7241 0.738681 0)
(26.7136 -0.95109 -8.21611e-19)
(28.0088 1.07321 -7.01668e-18)
(25.7788 3.59819 8.49786e-18)
(24.7276 2.11182 0)
(22.5485 -0.0998106 6.49862e-20)
(24.868 2.92772 1.39283e-18)
(24.771 2.18777 -9.73688e-19)
(25.9555 4.44218 -1.08592e-17)
(25.7335 3.30871 0)
(21.181 4.66946 1.51639e-18)
(16.8351 -2.6199 1.48125e-18)
(21.4543 1.75356 -1.26416e-18)
(24.4104 1.50776 2.52717e-19)
(23.3535 3.03715 -2.26018e-18)
(27.4079 2.09309 -1.18342e-18)
(24.7581 2.11967 0)
(25.8282 3.38481 0)
(27.816 2.76552 2.46306e-17)
(27.7375 8.05655 1.49217e-18)
(25.1331 2.20336 1.2037e-20)
(24.6499 2.54224 -2.60544e-19)
(30.3894 8.27394 -1.26558e-18)
(25.6093 3.55282 -2.62397e-17)
(25.6 2.15942 -7.65092e-19)
(21.0453 6.95434 -1.52626e-18)
(28.1536 9.52359 0)
(23.417 1.98598 1.90529e-18)
(25.106 1.68081 0)
(25.2374 10.9403 0)
(30.2664 -0.752814 6.07415e-18)
(30.0163 -0.914313 -3.02336e-18)
(26.9915 3.15048 2.26898e-17)
(27.075 15.1046 -1.24635e-18)
(26.2284 15.845 0)
(32.6792 6.65917 0)
(24.7566 2.47423 -6.24605e-18)
(28.0042 7.53582 7.67027e-18)
(21.2534 4.61932 9.72709e-20)
(21.1172 4.50476 1.60731e-18)
(22.8486 -0.224378 -4.50993e-19)
(25.1749 4.43364 -8.24193e-18)
(21.1457 10.0033 0)
(24.5209 0.968691 2.44536e-18)
(23.5116 1.30834 -6.85988e-19)
(25.9745 4.81866 0)
(29.5421 8.27585 1.50144e-18)
(25.0145 1.31448 -1.06852e-18)
(29.747 2.21136 0)
(25.8226 3.38333 7.49318e-18)
(22.9968 2.64345 -5.4604e-20)
(25.633 8.92714 4.81386e-19)
(14.0284 -0.0686931 8.97036e-19)
(21.9417 1.49522 9.28036e-20)
(24.7906 2.96652 2.93731e-18)
(33.2633 2.14274 -9.01633e-18)
(20.6982 2.95939 1.04368e-18)
(20.5339 3.12365 2.23069e-18)
(29.4379 0.292659 0)
(26.9567 1.6353 -5.85175e-19)
(26.9651 1.61798 0)
(22.9472 8.09243 4.6043e-21)
(22.2925 7.59434 0)
(23.4045 11.3739 -8.93672e-21)
(22.9038 11.2066 -1.37194e-19)
(34.0383 11.82 -6.55795e-18)
(22.4667 -0.458148 0)
(23.5025 0.473233 2.52517e-18)
(23.4845 0.368818 0)
(28.8565 0.0384267 -1.12757e-18)
(20.4205 4.80819 0)
(22.471 2.52243 -2.99033e-20)
(31.5405 3.97854 -2.58283e-18)
(26.6672 3.84266 2.73281e-17)
(24.3082 0.689099 0)
(24.6963 2.59798 0)
(23.6326 2.69415 1.81078e-18)
(25.423 3.80265 -5.37067e-18)
(25.8039 3.78078 0)
(24.7833 2.21845 0)
(27.8087 2.32041 1.18844e-18)
(25.4944 2.53936 -3.16435e-18)
(22.8549 2.47184 9.56359e-19)
(34.8824 5.77092 0)
(22.8652 18.5152 -3.10859e-18)
(24.5915 4.13216 -1.14827e-19)
(20.7398 6.83371 0)
(21.876 0.752895 0)
(32.0117 6.17277 3.17402e-18)
(26.0744 3.14494 -1.63839e-17)
(31.4775 4.64998 1.26977e-18)
(24.6381 4.92594 -7.55652e-18)
(21.466 0.198378 1.08686e-19)
(30.7725 1.99611 2.34631e-18)
(27.8571 0.129423 2.83527e-18)
(22.5023 2.39916 0)
(29.8381 6.53761 0)
(26.1214 2.07055 0)
(30.0552 1.41149 1.86087e-18)
(20.9858 5.41832 0)
(31.1001 2.70312 0)
(24.1018 1.85488 -1.17747e-18)
(25.5823 3.3379 2.82693e-17)
(21.9193 5.29792 0)
(25.777 4.07217 0)
(30.8963 5.95159 0)
(29.986 7.39421 -6.68279e-18)
(25.6854 3.56006 -1.00746e-17)
(22.4515 2.65055 2.09914e-18)
(25.6992 3.58068 2.7017e-17)
(21.122 0.602358 2.33811e-19)
(25.6673 3.45704 -3.35412e-17)
(26.995 1.97431 -1.21298e-18)
(24.5624 1.97103 0)
(23.0451 -0.24552 -7.25201e-19)
(28.7122 -0.146626 2.23239e-18)
(25.0109 1.69391 -3.12803e-21)
(25.774 3.68568 0)
(25.9358 3.58514 -2.09839e-17)
(30.8736 4.70059 1.84428e-18)
(22.7305 3.16835 -8.08271e-19)
(24.0477 5.42396 -4.18925e-18)
(23.667 2.93182 -2.79715e-19)
(25.7491 3.46975 -3.02914e-18)
(32.0933 5.84332 0)
(23.4355 1.43853 0)
(28.5431 20.6626 0)
(23.6258 1.61789 0)
(22.2302 -0.416667 0)
(24.9497 2.35118 -5.97114e-19)
(28.1217 5.78206 -7.47247e-18)
(24.365 0.756441 4.45667e-18)
(24.8367 2.26436 0)
(25.21 2.16697 -5.65119e-19)
(25.3366 4.47048 8.1413e-18)
(32.3501 1.37667 -1.29806e-17)
(23.0167 3.98642 0)
(23.1817 1.85125 0)
(26.044 4.13251 0)
(26.0095 2.07545 7.54751e-19)
(26.2928 7.24402 6.88189e-19)
(26.5219 4.27621 1.55847e-17)
(30.9899 4.53435 0)
(23.7398 1.77657 0)
(24.6688 4.32875 3.38165e-18)
(23.2789 2.30318 1.82817e-18)
(25.0443 2.20608 5.37908e-19)
(14.3626 0.636136 -1.88109e-18)
(23.5016 1.68981 -5.83509e-19)
(24.0714 3.82775 2.19623e-17)
(21.128 5.74499 3.06739e-18)
(29.7629 3.21263 -3.9881e-18)
(24.7727 1.30886 0)
(31.5298 1.02083 1.08656e-17)
(25.6251 3.2404 1.93709e-17)
(17.2532 -0.342251 0)
(30.5407 5.99689 3.43513e-18)
(29.7838 7.34877 -5.39118e-18)
(28.5942 6.86661 6.90777e-18)
(25.1461 1.96918 -3.54494e-18)
(25.164 3.35415 0)
(22.5458 -0.411959 0)
(24.3898 7.72975 -5.41175e-20)
(25.9673 2.0592 -5.58464e-19)
(32.1202 0.758016 1.7577e-18)
(22.2575 7.72473 -4.59883e-19)
(24.3293 2.47153 0)
(25.1162 4.14384 1.99833e-17)
(25.8224 3.38003 3.33587e-18)
(29.0655 8.32307 1.38563e-18)
(30.5026 2.68715 0)
(25.7256 3.36659 2.18289e-18)
(27.2645 1.39514 1.03032e-17)
(28.2912 1.04626 -4.71661e-18)
(25.053 2.196 5.05405e-19)
(23.9351 4.65204 -1.04475e-17)
(27.6681 2.34348 -1.54826e-18)
(25.6808 3.4088 -3.07465e-18)
(21.2714 0.334566 0)
(30.2803 1.52776 -4.89604e-19)
(24.6563 2.17731 -1.99713e-18)
(23.4772 2.52675 1.53268e-19)
(21.995 3.48913 1.27974e-18)
(24.8704 4.07334 -4.01191e-18)
(24.9493 2.64104 -1.8641e-18)
(27.4176 2.27892 6.41914e-18)
(25.0591 2.3055 -1.53875e-18)
(22.6481 1.90299 -2.61181e-18)
(30.9668 2.53548 -5.33535e-19)
(25.8824 3.60742 0)
(25.869 3.57382 0)
(23.7037 1.8043 -8.8578e-19)
(25.7812 3.57712 -1.21056e-17)
(25.6518 3.70324 -1.20031e-17)
(22.3374 5.24715 -2.3725e-18)
(24.891 6.5931 3.88559e-19)
(25.8761 8.16516 0)
(24.1807 4.53748 3.38464e-18)
(24.3783 4.40395 0)
(28.5668 1.0586 0)
(25.7109 3.63821 0)
(25.7921 3.56758 -1.72508e-17)
(23.3507 1.81579 8.57214e-19)
(24.0211 5.06459 0)
(24.6841 2.20457 -1.86764e-18)
(24.9915 2.05361 8.3661e-20)
(31.1648 -0.129574 0)
(25.7657 3.26464 -5.06064e-18)
(21.0078 10.4925 -1.03171e-18)
(27.5364 1.30075 0)
(22.2396 0.134757 1.80912e-19)
(24.1977 5.31263 0)
(22.373 2.26931 -3.32407e-19)
(25.906 4.71412 9.25873e-18)
(24.7106 2.22905 0)
(25.1382 2.36123 0)
(25.7644 3.65982 0)
(26.8421 2.05716 0)
(26.5622 3.85446 1.08181e-17)
(25.1984 2.92733 7.33488e-18)
(24.9918 2.25612 1.88756e-18)
(26.3365 1.2996 -3.33527e-18)
(25.2478 4.7476 4.13172e-18)
(22.0724 5.33838 1.65167e-18)
(22.2753 0.492401 0)
(25.0684 2.20767 7.48691e-19)
(25.7203 3.62864 -3.20743e-17)
(25.8167 3.44677 5.13017e-18)
(22.8489 3.07439 0)
(25.8242 3.35785 -7.91237e-18)
(25.0238 2.70211 5.93657e-18)
(25.5792 3.25683 -1.4381e-17)
(24.5033 1.89833 -6.91287e-19)
(24.9694 4.07775 -6.5142e-18)
(26.947 4.93766 -8.97445e-18)
(25.7875 2.12061 -2.45993e-19)
(26.035 2.04575 5.57873e-19)
(25.7754 3.48555 0)
(28.9842 1.11509 -2.16909e-18)
(29.437 0.819371 9.84353e-19)
(27.3803 -2.06548 4.14544e-18)
(25.1915 3.51075 6.35081e-18)
(25.4012 2.15873 8.23779e-19)
(25.7927 3.73545 -5.41556e-18)
(26.5598 6.54625 1.03312e-18)
(22.1796 4.93405 2.24128e-18)
(25.696 3.67382 0)
(27.8326 1.24653 0)
(25.7198 3.20063 -9.8523e-19)
(23.5388 3.69964 4.5163e-18)
(26.2098 2.90027 5.10305e-18)
(26.064 14.228 4.13731e-19)
(26.1 3.0535 3.45029e-18)
(21.1299 0.766667 8.06919e-20)
(26.1452 2.49532 8.44335e-19)
(22.1641 1.67142 -1.0924e-18)
(30.5489 6.96419 -2.17416e-18)
(24.8479 6.16595 0)
(22.4895 2.21624 -3.18611e-19)
(24.7373 -2.63356 0)
(24.7305 3.53247 -9.21426e-18)
(29.4691 3.48933 0)
(26.7346 2.4603 0)
(22.8764 3.62451 -1.14356e-17)
(25.259 2.84569 6.5583e-18)
(26.1535 3.62101 3.23675e-17)
(24.5493 1.9855 1.93689e-18)
(29.2527 1.18355 -6.24307e-18)
(31.7196 6.00845 2.89211e-18)
(31.3087 6.09233 0)
(23.4826 0.0405495 0)
(22.5477 6.46934 -9.44075e-19)
(30.296 7.39342 0)
(22.9345 0.891397 3.89211e-19)
(22.7506 1.76605 -2.93789e-18)
(30.0648 7.88365 -2.1855e-18)
(25.5095 2.17486 0)
(26.4266 7.04833 2.48959e-18)
(29.0875 6.04314 6.91059e-18)
(22.4449 5.11351 9.20162e-19)
(32.175 18.2234 0)
(25.6032 2.13351 0)
(22.2359 2.38611 0)
(25.6294 6.04675 0)
(25.7416 9.34324 -1.92253e-20)
(25.4463 3.75873 4.77964e-18)
(24.9958 1.70985 -8.07003e-19)
(25.449 2.79172 4.54406e-18)
(26.2189 3.85062 -8.84637e-18)
(24.9715 2.24172 -2.01971e-18)
(25.7868 3.76021 -2.75224e-18)
(26.3885 5.097 5.53611e-18)
(24.3168 0.352687 6.20986e-19)
(25.5718 3.27739 0)
(28.5019 0.413623 1.41413e-18)
(29.6378 1.32813 -7.21511e-18)
(28.7093 1.07603 0)
(31.3508 1.95368 0)
(29.8264 5.73234 6.0309e-18)
(24.4454 1.80326 -7.55159e-19)
(25.7692 3.46956 2.10101e-18)
(30.4975 3.9245 -2.88008e-18)
(24.7141 2.19452 -1.57581e-18)
(24.7316 2.22771 0)
(25.1494 2.39791 0)
(25.0938 2.33848 1.87468e-18)
(28.2139 5.55081 -7.34915e-18)
(22.5056 5.28164 2.55035e-18)
(25.6385 2.98977 -4.00221e-18)
(22.9696 2.99798 0)
(24.6334 2.31616 2.44966e-18)
(22.2327 5.39136 4.67537e-19)
(24.3259 1.67845 9.08596e-19)
(24.4018 1.67485 1.45488e-18)
(29.2548 7.79181 -1.58701e-18)
(29.8897 1.44804 -1.67281e-18)
(25.4009 8.58655 3.78204e-19)
(22.7449 2.2122 4.61969e-18)
(20.9606 1.18689 -3.79508e-19)
(30.4914 4.40061 0)
(31.4115 3.68779 5.93181e-19)
(25.7732 3.67076 -7.36021e-18)
(25.2716 3.13485 2.16908e-19)
(26.027 3.46888 2.04192e-17)
(26.9394 1.61249 -5.98397e-19)
(24.5201 4.41291 0)
(28.4049 2.60205 -2.69231e-20)
(24.865 2.97612 0)
(32.1483 2.76331 8.50118e-19)
(26.2723 5.3488 -5.60534e-18)
(24.0281 4.52678 3.98896e-18)
(25.7278 3.47205 -1.56454e-17)
(25.869 3.69712 -7.61416e-18)
(26.1883 7.03032 4.15629e-18)
(22.684 1.97174 1.1875e-18)
(23.3196 -0.305017 0)
(24.3316 4.54906 5.4473e-18)
(25.3302 3.42792 3.25357e-17)
(25.7809 3.36303 -8.83988e-18)
(23.0779 0.850623 0)
(22.6454 2.22415 3.67791e-18)
(26.8757 1.59793 4.62372e-19)
(16.2654 0.224689 7.15005e-18)
(24.8369 2.20946 -1.13885e-19)
(30.3909 4.2034 -5.80948e-18)
(25.7895 2.08661 8.88224e-19)
(24.2912 10.5078 1.1784e-19)
(24.4456 4.30225 -1.36549e-17)
(23.8608 1.73679 9.29228e-19)
(25.7265 3.66734 -4.39099e-18)
(30.1282 7.23813 0)
(35.3558 8.95362 3.03395e-19)
(21.7426 -0.641674 -3.85975e-18)
(25.0284 2.27211 0)
(22.846 2.20325 -2.15822e-18)
(23.602 3.48994 1.23355e-17)
(23.0063 2.27899 0)
(25.1795 2.38491 2.25709e-18)
(20.8732 -2.81909 2.32266e-18)
(23.7968 1.91498 7.74584e-19)
(24.0198 6.49968 0)
(25.8631 3.22428 8.09944e-18)
(25.9154 2.08633 -5.22141e-20)
(21.8988 3.06765 0)
(24.6965 2.17352 8.772e-19)
(24.5934 2.28779 0)
(24.8448 2.76276 0)
(25.6441 2.14215 0)
(30.5388 7.08112 -1.10486e-18)
(25.3101 3.57922 0)
(25.6069 3.08879 9.74433e-18)
(26.2353 3.72706 -1.44592e-17)
(24.5419 2.09712 -1.71622e-18)
(28.7734 8.55865 3.35627e-18)
(25.6647 3.33359 3.92927e-18)
(23.0955 2.91685 1.26903e-17)
(24.5725 2.12564 -1.72344e-18)
(25.1127 3.65627 -3.17857e-17)
(30.7494 4.86574 -5.08237e-18)
(25.8033 4.83925 0)
(25.1128 4.89057 0)
(20.524 1.60307 0)
(26.0268 4.09616 0)
(27.5193 0.148972 -2.52102e-18)
(25.252 4.11376 0)
(25.0158 5.12409 -3.56754e-18)
(26.0509 4.92294 0)
(25.7581 3.64955 -6.06187e-18)
(29.1693 6.91567 4.50919e-18)
(25.8484 4.6139 -4.52935e-18)
(28.4164 3.61908 6.31823e-18)
(23.4496 0.736573 6.80485e-19)
(26.5927 3.76268 1.10135e-17)
(23.3978 6.40625 9.39091e-19)
(23.1189 2.27762 1.62093e-18)
(26.0972 3.9006 -2.38915e-17)
(25.066 4.06976 -6.24166e-18)
(25.2322 1.70556 -1.36908e-18)
(22.0663 -0.171429 -1.45079e-19)
(34.5901 4.83081 8.99488e-18)
(25.471 3.79517 1.52735e-17)
(25.5114 4.58115 -2.49075e-18)
(30.0699 4.42189 -4.54084e-18)
(31.7513 3.29828 0)
(24.0599 1.49911 0)
(25.7288 3.61897 -1.55527e-17)
(25.8574 2.09051 0)
(21.0074 3.08817 1.54609e-18)
(25.6112 2.8751 0)
(16.608 6.56333 9.46406e-19)
(25.4437 2.46826 -8.59691e-19)
(25.6903 3.72777 3.62464e-18)
(22.1003 5.73358 -1.07829e-18)
(30.9665 6.77574 -5.20233e-18)
(24.5097 2.06764 -1.9537e-18)
(25.4663 2.17606 -1.36115e-21)
(21.8645 -0.216294 -5.42194e-21)
(30.7985 2.87427 -3.46084e-18)
(25.4062 2.21609 1.78248e-18)
(25.1403 2.18433 1.05508e-18)
(26.8594 3.18053 -4.62829e-18)
(28.4075 0.338849 0)
(24.4441 1.26301 0)
(25.5837 4.75552 8.58934e-20)
(21.2706 3.11513 0)
(25.8377 3.32536 -3.37282e-18)
(27.0135 4.77192 0)
(24.7235 3.10578 -2.00165e-20)
(25.9092 3.72468 -7.97537e-18)
(26.4304 2.0753 1.62589e-18)
(24.8363 2.89511 3.67474e-19)
(23.2183 2.86216 -6.18884e-18)
(24.8408 2.2603 2.01981e-19)
(20.8862 3.36724 2.88908e-18)
(25.1502 -2.56813 -1.88875e-18)
(24.9382 7.75931 0)
(25.7001 3.54506 1.47576e-18)
(26.0239 4.70336 -2.13852e-18)
(28.4479 6.65244 3.33304e-18)
(25.1454 2.43754 5.60119e-18)
(30.9286 2.97946 3.41269e-18)
(28.2751 5.30748 0)
(24.9278 3.9944 0)
(26.5295 1.56027 0)
(29.42 8.28632 4.80125e-19)
(26.0311 3.7511 0)
(26.9002 3.76826 0)
(31.7553 7.5045 -9.39875e-20)
(25.18 3.23418 -1.49937e-19)
(26.3815 6.41676 3.13697e-18)
(25.5501 4.94225 0)
(26.707 2.75411 0)
(25.9004 3.6116 0)
(27.5327 -0.277143 0)
(29.0217 2.67382 2.93426e-18)
(24.9425 2.29584 0)
(25.4075 6.09108 1.85898e-19)
(25.0725 2.29206 -2.99253e-18)
(25.5031 3.23209 2.16588e-17)
(21.5869 1.78075 -4.33602e-19)
(26.435 4.20794 1.68421e-19)
(22.4 3.49792 -1.94013e-18)
(25.774 3.73915 -1.58494e-18)
(26.5209 6.73782 4.53122e-18)
(26.6902 0.0231368 2.29963e-18)
(21.9532 3.83814 2.45507e-18)
(21.1672 1.82611 3.69897e-19)
(23.6821 7.25839 -3.83014e-19)
(28.5197 0.32676 0)
(25.3327 3.92535 8.52729e-18)
(22.5583 0.350835 0)
(25.7229 3.63552 1.07855e-17)
(25.8481 3.36734 -2.17218e-18)
(24.1668 1.79592 0)
(22.4006 6.51154 0)
(22.0404 -0.217859 -7.13774e-21)
(23.3447 2.81883 4.63179e-18)
(20.8994 10.1683 5.84024e-19)
(24.441 1.82164 1.49192e-18)
(22.9558 1.77324 -6.10328e-19)
(25.0821 2.20141 0)
(24.0471 5.22908 0)
(25.6034 5.87662 -1.12298e-18)
(25.3289 7.10358 5.45016e-19)
(26.0987 -2.16923 5.25529e-18)
(23.9845 0.47944 -2.65611e-18)
(24.1899 1.88838 4.27247e-20)
(22.544 2.72586 2.06159e-18)
(27.1982 0.0631582 6.04747e-19)
(21.4242 3.15663 -8.24952e-19)
(28.0587 2.52029 -4.13332e-18)
(25.771 3.65672 7.80068e-19)
(25.32 3.74086 2.72144e-17)
(12.4214 5.03143 3.90063e-18)
(23.1538 2.4584 1.49398e-18)
(25.1018 6.704 1.85106e-19)
(19.8976 1.34457 -1.39533e-18)
(29.4635 5.50936 8.04846e-18)
(25.7299 3.30475 2.59609e-18)
(25.7319 3.77887 4.93666e-19)
(23.9705 0.786252 1.72207e-19)
(28.2372 0.439656 -6.02694e-19)
(28.1824 6.63476 8.10109e-18)
(23.7683 3.00264 0)
(23.5912 1.73011 0)
(24.1088 2.06525 2.34267e-18)
(25.7135 3.58464 1.1579e-17)
(24.7403 3.28702 -3.14522e-17)
(24.3659 1.95513 0)
(26.5238 3.69643 0)
(25.9246 7.38214 -1.03952e-18)
(24.2853 2.37188 3.47043e-19)
(29.9684 3.29982 -3.33079e-18)
(30.451 6.77444 0)
(27.3108 8.587 4.86546e-19)
(26.6124 1.63212 0)
(29.4546 5.81987 -4.14526e-18)
(26.7693 7.11484 0)
(24.2303 1.91599 0)
(23.1202 0.179034 0)
(26.6397 1.89563 0)
(25.0418 1.59376 0)
(22.2749 5.75076 5.24321e-19)
(25.0834 2.20933 0)
(23.4923 1.74182 1.20671e-18)
(24.7498 1.11852 -1.07703e-18)
(25.3758 4.71814 -3.21046e-19)
(25.8086 4.51636 1.35693e-18)
(25.7997 3.64057 0)
(30.5311 1.70794 2.34383e-18)
(22.8691 0.37548 3.59883e-19)
(26.5438 3.57923 -2.89658e-19)
(25.1077 2.21326 0)
(28.4212 7.42792 3.99364e-18)
(25.6243 3.57395 2.0654e-17)
(25.8276 3.35847 0)
(27.7061 0.287166 1.17755e-18)
(25.8262 3.77221 1.32035e-17)
(23.9426 4.93344 -8.24793e-20)
(23.8853 1.73954 1.85159e-18)
(25.5512 3.47611 -3.72623e-17)
(25.2324 2.39623 2.41137e-18)
(21.2802 0.512089 0)
(24.4355 1.87535 0)
(29.1306 -1.12722 -8.75649e-20)
(30.5209 -0.515705 -2.23254e-18)
(21.1716 3.13807 4.50841e-19)
(23.2292 0.413222 4.34832e-19)
(24.9413 1.46377 0)
(30.3653 6.59524 -1.92483e-18)
(27.9179 0.436666 2.13798e-18)
(27.2233 0.160463 0)
(25.1165 8.51257 1.83153e-19)
(31.7518 0.738917 -9.28463e-18)
(24.981 1.72351 2.39396e-18)
(25.698 3.08543 0)
(25.5126 3.79096 -5.15579e-19)
(25.1343 2.48314 -4.32419e-18)
(28.2995 5.06612 -1.30994e-17)
(25.4203 3.07153 -4.87766e-18)
(27.3719 1.94715 -1.17388e-18)
(23.744 -2.7513 -1.66921e-18)
(24.8016 2.5022 -5.7389e-18)
(25.3091 2.26744 0)
(28.5566 0.408902 -1.42811e-18)
(25.0354 2.57886 0)
(25.3095 7.77922 -3.45909e-19)
(25.6881 2.24811 0)
(23.7514 5.22027 0)
(24.8616 1.33056 0)
(25.2335 4.89312 -3.34851e-19)
(30.2625 6.40032 -5.58836e-20)
(23.2256 -0.496923 7.83695e-19)
(25.649 3.40196 -1.32011e-17)
(12.7792 -0.792295 4.59671e-18)
(25.7402 3.48819 -2.50194e-17)
(31.707 5.72034 0)
(25.6785 4.31195 3.55797e-19)
(25.804 3.3772 0)
(25.7219 3.65312 9.43245e-18)
(28.6392 2.62607 -7.65932e-18)
(24.7969 2.27025 0)
(34.2096 3.82848 0)
(21.7422 3.98665 -2.03489e-18)
(30.2742 17.6786 -1.17486e-17)
(21.2676 0.618479 1.55111e-20)
(27.3819 2.44065 -1.85361e-18)
(26.6052 4.97573 -1.1667e-17)
(30.1211 5.13675 -1.06456e-17)
(25.1328 6.20674 1.00492e-19)
(25.7564 3.64231 0)
(28.2058 7.38103 -3.52964e-18)
(32.4686 1.10864 6.94118e-18)
(25.5837 3.12344 1.87655e-17)
(22.4309 5.74515 0)
(25.834 3.27812 -3.10926e-18)
(24.8485 2.52842 -5.20264e-18)
(30.1584 6.19978 -3.22974e-18)
(26.0874 3.69873 -3.18471e-17)
(24.8197 3.23981 1.14055e-18)
(30.3723 6.33374 -5.42351e-18)
(15.9974 10.5924 0)
(27.4802 5.08511 0)
(26.7294 3.6825 -4.76871e-17)
(25.1321 2.69508 0)
(20.0144 1.37468 -5.71043e-19)
(24.8948 2.5545 5.68422e-19)
(25.3827 5.9049 -4.85744e-19)
(23.2144 1.9814 -9.7273e-19)
(25.0632 8.42438 -1.81474e-19)
(30.7471 2.49412 -1.01774e-18)
(26.7491 2.82619 -8.88341e-19)
(25.7406 3.419 -1.60249e-17)
(25.7645 3.71969 0)
(29.3437 5.60305 1.69271e-19)
(24.958 2.29658 0)
(17.8907 -2.23772 -2.93399e-19)
(27.0378 6.76667 3.24502e-18)
(27.0356 2.74589 1.36964e-18)
(26.7978 3.69471 -2.50022e-17)
(25.1773 2.60948 0)
(24.9401 2.305 0)
(23.5946 1.61561 1.08838e-18)
(30.0425 6.00054 -5.84014e-18)
(20.6086 1.74677 0)
(31.1045 4.16587 -3.97636e-18)
(25.0361 3.22224 -3.54254e-17)
(23.4612 3.27285 8.64245e-18)
(24.9646 3.24867 1.42997e-17)
(25.7956 3.36276 0)
(24.7541 2.21679 0)
(23.6601 6.48246 1.28041e-18)
(29.1771 8.3041 9.40265e-19)
(23.1483 1.86606 -9.49912e-21)
(22.5265 0.133132 -2.61085e-19)
(25.7252 3.65662 -1.19797e-17)
(23.1974 3.24119 -7.55373e-18)
(25.8533 2.09405 0)
(25.3917 3.90525 6.8799e-18)
(29.2928 2.60811 3.6515e-18)
(26.918 1.67435 -9.55504e-20)
(24.877 2.31681 2.04223e-18)
(30.0657 4.30492 -4.57905e-18)
(26.1016 -0.848953 7.32311e-19)
(27.4439 0.303325 -1.00987e-18)
(28.7805 3.16283 9.06181e-18)
(25.9382 4.05515 8.23723e-18)
(24.5519 -0.211607 -6.3022e-19)
(25.9257 3.40915 -1.47959e-17)
(20.4951 -1.23418 0)
(31.4014 2.03212 0)
(26.0838 2.027 -5.80733e-19)
(29.2021 5.3843 6.49456e-18)
(25.1056 3.20482 -2.45672e-18)
(29.3702 0.858392 1.89273e-18)
(26.0164 2.04103 5.94135e-19)
(25.3482 3.61751 0)
(25.5044 3.62661 0)
(25.8371 2.111 -4.99063e-19)
(23.2694 5.14988 2.13317e-18)
(26.7277 4.15867 -2.7124e-17)
(21.7831 0.703694 1.0325e-19)
(25.5462 3.04241 -9.71889e-18)
(25.1567 6.40461 -3.7959e-19)
(27.9363 5.17286 -1.912e-19)
(26.9766 1.79857 1.15519e-18)
(20.2534 4.03934 0)
(25.3674 4.14062 2.26381e-18)
(25.7735 4.42895 4.63637e-18)
(24.9606 3.8418 5.84323e-18)
(25.9883 3.27806 -3.09512e-19)
(30.6 1.08086 -3.12347e-18)
(28.301 4.83236 6.65407e-18)
(25.1758 3.18492 -1.55027e-17)
(22.6968 2.37959 0)
(30.0124 2.1941 2.46487e-18)
(25.87 2.9131 0)
(25.7782 3.49099 -2.23152e-17)
(31.3046 3.57359 -2.30414e-18)
(27.4841 2.44277 1.28583e-17)
(26.9301 6.16837 -8.57536e-18)
(26.4097 7.9286 1.81587e-18)
(27.2021 2.88284 0)
(23.8276 1.75404 -9.25418e-19)
(27.3575 1.85547 3.75857e-19)
(20.3561 -0.979317 5.4745e-18)
(35.2156 11.2272 -1.62303e-19)
(25.6639 3.34281 0)
(25.7991 3.63279 0)
(25.6928 7.75485 -6.28951e-20)
(26.1742 3.17821 9.74454e-18)
(25.5305 2.52756 2.97376e-18)
(25.3184 2.18623 3.86258e-19)
(27.2073 4.85699 -1.21949e-17)
(29.9555 4.98281 9.96878e-18)
(25.5555 2.63433 7.48048e-19)
(22.6176 -0.53146 3.08091e-19)
(25.7895 3.49119 -1.42849e-17)
(24.1157 0.0299279 -1.13952e-18)
(27.7253 2.57939 -3.57236e-20)
(25.7614 3.6108 6.69361e-18)
(25.7484 3.62328 -1.60484e-17)
(25.8281 3.43208 -6.23551e-18)
(25.7694 3.52154 -1.75272e-17)
(25.7495 3.62247 -1.90459e-18)
(25.4781 3.32942 6.58166e-20)
(25.757 3.52073 2.07808e-17)
(25.7652 3.59773 6.16948e-18)
(25.755 3.62066 0)
(25.7358 3.42055 -1.49368e-18)
(25.8424 3.3757 -2.12648e-19)
(25.8474 3.37929 1.7255e-19)
(25.7594 3.48021 4.66486e-18)
(25.75 3.62289 -1.15944e-19)
(25.647 3.67808 6.89739e-18)
(26.5259 3.15846 1.09321e-17)
(25.9957 3.90462 -7.50504e-18)
(21.6556 2.21146 -3.02131e-19)
(24.8192 2.21057 0)
(20.2182 1.42174 -2.67555e-20)
(25.6944 3.61164 7.63686e-18)
(26.607 2.00395 0)
(27.5108 4.2469 -2.23133e-17)
(25.7259 4.4375 -2.06572e-18)
(25.3705 5.72756 0)
(23.6008 1.6682 0)
(25.544 4.4811 -4.24911e-18)
(27.1304 1.75697 -3.79715e-20)
(27.8221 0.619335 -1.81224e-18)
(17.451 11.0386 -3.43031e-18)
(24.7908 2.9159 2.56866e-17)
(25.2391 3.18528 -1.72962e-18)
(26.5802 3.49779 2.22131e-17)
(25.2371 2.32257 0)
(25.6112 3.49985 2.32098e-17)
(34.2609 10.8459 3.29349e-18)
(24.6366 2.89812 -7.9671e-19)
(26.453 2.0284 -7.71856e-19)
(24.6373 2.06041 1.20246e-18)
(24.484 1.29078 1.16584e-18)
(27.2901 2.58216 0)
(24.06 4.13063 -1.19355e-17)
(25.6152 3.42657 2.68971e-17)
(21.0453 0.650646 0)
(21.0081 1.13036 0)
(27.0616 2.79117 0)
(20.6946 0.94358 3.40178e-20)
(26.8598 2.76517 0)
(23.9392 1.21582 -1.235e-18)
(30.863 2.29094 -1.13711e-18)
(28.6548 0.673548 -4.98641e-20)
(31.5488 4.06307 0)
(26.6461 1.36647 -5.49115e-18)
(27.2912 8.15697 0)
(25.9877 3.73132 1.0357e-17)
(32.2308 0.908647 0)
(27.0979 1.81158 -2.7994e-19)
(26.0219 3.39468 -2.24257e-17)
(21.9579 4.436 0)
(25.7577 3.70213 7.2433e-19)
(25.6603 3.78739 -3.30677e-18)
(22.6633 7.84879 3.76875e-19)
(24.5787 2.04899 -5.94541e-19)
(25.6369 3.5082 2.74996e-17)
(24.6221 8.3897 0)
(29.3917 4.37731 0)
(25.2862 3.28287 3.2304e-19)
(25.572 3.63951 2.91646e-17)
(27.9289 1.3842 0)
(24.8404 2.2766 0)
(26.0487 4.06445 0)
(25.8479 3.36351 0)
(33.1518 3.37557 -4.51322e-18)
(25.8318 3.49484 0)
(25.6486 3.28502 1.6203e-17)
(26.3563 2.93301 1.54184e-17)
(25.5465 3.29999 1.43336e-17)
(26.1379 2.90046 -9.22737e-18)
(29.6371 3.04074 -3.51106e-18)
(24.5898 7.68898 0)
(24.7839 1.23169 -1.5793e-18)
(25.3056 4.05396 5.22998e-18)
(32.4567 1.38281 8.36343e-18)
(25.4425 3.8871 -1.54129e-17)
(25.73 3.1025 -4.86178e-18)
(25.43 3.34197 2.83354e-18)
(25.837 3.40459 -1.41998e-17)
(29.7046 2.83622 0)
(21.9016 5.38717 1.21955e-18)
(24.2187 0.686899 1.19383e-18)
(23.6721 -0.146381 -1.37963e-18)
(24.443 2.4206 5.28349e-18)
(21.1081 8.76341 -3.81054e-20)
(18.6872 0.881173 -1.05132e-19)
(27.2941 1.82678 1.04369e-18)
(29.3435 3.28334 0)
(24.4212 1.83197 -8.33727e-19)
(25.7543 4.33831 0)
(25.7561 3.62856 -7.52383e-18)
(21.247 0.845269 0)
(25.8044 4.09306 0)
(27.4098 0.0893931 1.9394e-18)
(27.4617 4.05003 0)
(26.8612 1.42719 0)
(22.9353 -0.00846003 -2.87136e-19)
(24.9968 2.32013 0)
(24.2701 1.94878 1.50633e-19)
(24.4725 0.470303 -1.66442e-18)
(26.3793 2.8571 -2.23351e-18)
(27.1668 2.13328 0)
(25.7282 3.8401 -1.40728e-18)
(29.3187 6.1729 -1.04699e-18)
(26.1483 3.27997 0)
(24.4636 1.18406 0)
(28.0089 1.53108 0)
(27.1223 2.5278 0)
(20.4498 1.52384 2.1913e-19)
(25.2133 2.17015 -5.37938e-21)
(25.5029 2.796 0)
(25.0813 2.60588 4.37482e-18)
(24.6154 1.97086 0)
(25.0629 1.61191 0)
(25.0618 8.99946 1.85367e-20)
(25.3668 5.55309 0)
(25.9088 3.77338 0)
(26.9409 3.34229 1.08604e-17)
(24.9833 1.5985 1.60119e-18)
(27.0161 1.5129 8.07766e-18)
(25.8008 3.29834 0)
(22.594 0.515984 -4.46014e-19)
(22.3579 1.38776 -7.04424e-19)
(26.1438 3.95909 -6.3542e-18)
(25.9889 2.11233 0)
(25.3513 3.05885 4.77309e-20)
(29.724 8.14733 -4.01076e-18)
(30.5653 1.85021 -2.2001e-18)
(23.1357 5.82903 0)
(25.8582 3.37332 -2.82843e-18)
(29.9597 3.17598 -5.49017e-18)
(27.0942 1.87257 -3.32981e-18)
(25.515 3.26999 1.78818e-17)
(24.2015 3.58194 -1.15673e-17)
(29.947 1.61101 -1.52494e-18)
(33.3035 2.28537 -9.90824e-19)
(28.3845 2.82215 1.25261e-17)
(25.7466 3.52252 -1.02386e-17)
(33.7204 15.8705 0)
(28.8906 3.69801 -2.36349e-17)
(21.9572 3.35088 1.26341e-18)
(24.7749 2.10296 5.83048e-19)
(28.0799 1.69562 0)
(26.0664 3.22695 0)
(30.6695 1.92204 2.28906e-18)
(24.413 4.18758 0)
(22.8954 2.16987 0)
(23.6631 2.48206 0)
(24.6324 0.622587 1.56335e-18)
(25.335 2.14564 0)
(20.7052 8.65355 1.34733e-18)
(15.2002 -2.47045 2.00661e-19)
(23.5503 5.92838 1.69687e-18)
(24.9544 7.05832 -2.76341e-19)
(25.4039 -0.352698 -1.04337e-18)
(25.6528 3.62027 1.70313e-19)
(25.6595 3.49515 5.9949e-18)
(26.9654 1.77192 -1.46895e-21)
(28.2376 2.46469 3.47872e-18)
(28.1374 1.87643 7.24985e-18)
(30.0263 0.961929 -2.63127e-18)
(21.0188 0.772258 -6.75534e-19)
(23.3539 2.08425 1.41415e-19)
(26.9587 5.95319 0)
(25.939 3.99772 0)
(26.9296 1.94149 0)
(22.4145 2.32885 0)
(23.4255 2.17703 9.4706e-19)
(29.9875 1.78265 0)
(26.4648 3.54364 -3.17848e-17)
(24.9187 1.41434 0)
(25.8761 3.85661 -7.80056e-18)
(25.7434 3.14082 -1.66478e-18)
(26.0686 8.21817 8.34415e-19)
(26.1973 0.0926152 -1.71473e-20)
(25.2852 3.47327 1.84062e-17)
(27.2414 2.14333 0)
(25.8476 3.37548 -4.85777e-19)
(25.7788 3.26889 8.8026e-18)
(22.3386 6.3246 4.84083e-19)
(28.1887 2.06658 0)
(25.7257 3.56313 0)
(25.2889 1.75065 1.30818e-19)
(28.19 3.69659 -1.18749e-17)
(30.1565 0.767196 1.75094e-19)
(29.9875 1.95379 5.71675e-18)
(27.3541 7.93463 1.55734e-18)
(27.8286 3.76561 -1.43285e-17)
(28.3198 3.02433 2.34114e-17)
(26.1575 8.29975 4.79877e-19)
(25.8117 3.73068 0)
(20.9867 0.900739 -1.20005e-19)
(22.4084 2.70586 0)
(25.6879 3.35465 1.85166e-17)
(27.6578 3.29439 1.30284e-17)
(28.8513 -1.51729 -5.36647e-18)
(25.3239 0.48085 -1.43202e-18)
(23.7219 1.05313 2.43244e-20)
(26.5858 1.78076 0)
(25.6922 2.11648 0)
(25.8062 3.36411 -4.09509e-18)
(17.8006 0.0337405 2.68633e-18)
(27.114 0.396915 -4.2993e-19)
(31.4281 1.75548 3.18439e-20)
(28.2288 2.26281 -1.70858e-17)
(25.3695 5.38393 -2.61539e-19)
(25.9607 3.56662 0)
(24.9616 2.01241 0)
(26.0644 2.90493 3.33244e-18)
(25.6015 2.01603 4.79587e-18)
(23.3498 6.50238 0)
(25.4272 2.4794 0)
(23.6719 5.76545 0)
(26.6959 3.63273 8.44232e-19)
(24.1743 4.05151 0)
(25.7867 3.18399 0)
(18.287 9.49123 -2.53482e-18)
(23.477 -0.161617 -4.34163e-19)
(20.8543 1.0301 0)
(25.7086 3.60524 0)
(24.948 0.139429 0)
(29.3553 8.38783 -1.47408e-18)
(25.2519 2.36656 -2.69622e-18)
(25.1344 2.75172 0)
(24.9216 9.92892 -3.36585e-19)
(30.8138 4.1656 3.42323e-18)
(25.8399 3.27262 0)
(23.4944 4.17735 -3.49746e-18)
(25.9447 3.32282 0)
(24.6889 0.0675524 5.62309e-20)
(21.1985 0.877575 2.15306e-20)
(25.2816 2.38606 -2.47793e-18)
(25.689 3.22265 0)
(23.3943 8.76236 3.59795e-19)
(25.8384 3.44235 9.74289e-19)
(23.2924 1.78313 0)
(24.8085 0.190154 0)
(26.2168 0.997942 0)
(26.8175 3.34434 3.43895e-17)
(27.9842 3.62164 -9.28312e-18)
(27.3999 7.71271 0)
(24.881 3.46249 -1.21407e-17)
(20.9027 0.81924 -3.25539e-19)
(21.273 1.68348 1.76908e-19)
(25.5343 3.64326 1.07453e-17)
(28.9479 6.49582 -1.1566e-17)
(24.8848 0.288013 0)
(28.2051 2.9843 -1.13943e-17)
(20.9216 1.2457 -1.19013e-18)
(27.5315 -0.536585 -9.95395e-19)
(24.6698 -0.0253351 0)
(23.5613 5.75073 -4.61063e-18)
(25.7521 3.46204 0)
(28.2703 3.7981 3.58835e-17)
(24.678 2.2652 0)
(28.0827 2.08445 -3.27778e-18)
(24.8652 10.5176 -4.72227e-19)
(29.8984 1.77122 -2.79107e-18)
(26.1249 0.879139 -1.29703e-18)
(26.5674 1.56414 -4.08355e-19)
(25.4717 3.33657 0)
(24.8699 4.13097 0)
(25.0366 0.416547 1.47698e-18)
(23.2389 4.36374 8.28318e-18)
(27.5661 7.49759 0)
(26.1899 2.49549 0)
(24.8068 2.27652 -3.23821e-18)
(25.7509 2.12514 3.72621e-19)
(26.205 3.54094 2.61458e-17)
(24.6882 2.09735 2.05308e-18)
(23.3274 1.77687 -1.11304e-18)
(25.1654 1.70166 7.844e-19)
(25.9378 3.94465 0)
(23.2549 1.82839 -1.06444e-18)
(25.859 3.39129 1.53173e-17)
(26.2016 0.540634 0)
(25.5967 3.62316 0)
(27.3168 2.53502 1.36576e-18)
(26.7006 3.34716 7.21649e-18)
(27.0033 3.22838 0)
(26.138 -0.0031294 -1.29531e-18)
(25.7848 -0.490016 2.65925e-19)
(24.9416 2.5807 0)
(23.4514 7.90562 -8.75807e-19)
(30.3928 0.922294 0)
(30.3549 0.970412 0)
(26.0665 -0.381472 0)
(25.5465 2.15775 4.41762e-19)
(29.2186 5.96713 -1.57276e-17)
(30.1376 2.9167 2.85663e-18)
(30.5201 3.18997 -3.04461e-18)
(26.7493 3.19762 -3.02513e-17)
(24.7566 0.530358 1.16334e-18)
(23.6468 1.6928 1.01617e-18)
(24.1185 1.19687 -1.32516e-18)
(27.4335 7.48498 2.5355e-18)
(25.719 3.82433 7.88961e-19)
(26.5961 8.08237 0)
(24.3359 9.40982 4.60116e-21)
(27.5442 0.494001 -3.57896e-18)
(23.714 1.65775 -2.11349e-18)
(25.3735 5.22491 -6.62982e-19)
(26.1374 3.10865 -2.65755e-18)
(25.7049 3.63444 -2.91014e-17)
(25.8164 3.40653 -7.46946e-18)
(25.7159 3.62484 0)
(26.9822 1.57674 -1.97727e-18)
(25.8413 3.37952 0)
(25.2855 2.18076 5.14451e-19)
(24.0311 1.15724 5.75392e-21)
(25.5903 3.45036 4.04013e-18)
(25.2828 2.82008 -9.99633e-21)
(33.2644 10.4003 0)
(31.2982 3.17969 2.73568e-18)
(29.3597 7.54592 -2.12987e-18)
(27.9176 1.57879 -3.57366e-18)
(25.7107 3.36701 1.26252e-17)
(26.7879 8.08779 1.26389e-18)
(24.2572 7.58028 1.03045e-20)
(30.7907 2.2671 2.11985e-18)
(24.8221 2.27809 1.2852e-18)
(24.9933 5.60861 8.56397e-19)
(25.0628 2.63551 3.26837e-18)
(32.1165 6.16916 -1.49472e-18)
(25.665 3.28987 -1.42509e-17)
(24.5582 7.58179 5.20949e-20)
(25.7266 3.53762 -1.65458e-17)
(31.4741 4.3784 6.0871e-19)
(21.0688 0.810819 2.79103e-19)
(25.2665 5.54395 -1.66034e-18)
(27.1978 6.53313 -3.09319e-18)
(25.7437 3.12279 0)
(25.7998 3.44355 0)
(27.3665 4.09288 0)
(26.6691 1.43339 3.53963e-18)
(25.7217 3.60121 1.01512e-17)
(22.2063 3.93593 -4.14412e-18)
(25.194 3.58583 -3.82653e-17)
(24.7981 2.28196 0)
(30.9477 3.61166 0)
(21.0983 0.68081 -4.51395e-20)
(24.9245 6.95769 1.89989e-19)
(27.9051 3.84494 -8.27086e-18)
(22.3891 2.0463 -2.05332e-18)
(31.9519 5.56148 -2.94432e-18)
(27.0377 1.92622 0)
(29.5217 2.99019 3.7037e-18)
(25.8049 3.56507 1.62145e-17)
(24.7203 4.02942 1.06872e-17)
(27.4572 7.24496 0)
(28.1307 0.225291 -2.32536e-18)
(24.6598 1.75418 -4.38379e-19)
(27.555 2.07676 1.65572e-18)
(25.645 3.31518 -1.74241e-18)
(27.0953 2.18039 0)
(22.2891 2.49131 -3.25875e-20)
(22.2242 6.20309 0)
(25.7449 3.55608 -2.32342e-17)
(25.6075 3.38002 -4.18526e-18)
(26.8627 2.06954 9.25748e-18)
(30.5632 -0.509482 -3.34443e-18)
(25.2416 3.22215 0)
(26.5657 2.82677 -1.19636e-17)
(27.3612 0.106709 -6.22204e-19)
(25.9292 3.89537 5.51014e-18)
(25.703 3.65824 0)
(24.3992 2.27143 0)
(25.8162 3.38213 0)
(34.856 5.60689 0)
(27.3953 2.47548 -1.76773e-17)
(17.0328 -0.993944 -1.61362e-18)
(21.4353 0.452458 -4.88411e-20)
(20.7183 0.86442 2.16514e-20)
(25.673 3.61249 -1.1906e-17)
(25.3844 5.08503 -1.65702e-18)
(25.7269 3.45856 1.57885e-17)
(25.2018 3.62226 2.49005e-17)
(25.5184 3.6061 0)
(25.6204 3.61083 -9.96208e-18)
(22.7457 2.41421 -1.06949e-18)
(25.8233 0.649251 0)
(25.7516 3.81933 8.47506e-19)
(27.6404 3.70118 1.19697e-17)
(25.8715 3.81871 -3.25527e-18)
(31.2694 3.04414 2.94963e-20)
(25.9872 4.96687 2.8192e-18)
(26.2695 3.62676 -1.51398e-17)
(27.4637 7.01329 0)
(23.1098 4.82919 0)
(23.1314 4.10358 0)
(25.6457 3.51704 -2.18191e-17)
(26.4362 8.5991 3.42095e-19)
(23.1851 4.43351 0)
(26.2705 0.809676 -1.82657e-19)
(26.26 6.39643 -3.38713e-18)
(22.1082 0.86012 1.29131e-20)
(28.1642 4.8394 6.09647e-18)
(25.7977 3.40701 6.63891e-18)
(27.0695 3.64618 -2.47936e-17)
(25.7306 3.37906 -1.00016e-17)
(21.6895 4.27635 -2.16828e-18)
(25.2644 3.86095 0)
(25.1149 3.24098 1.00397e-17)
(26.5636 8.32924 1.13783e-18)
(24.8456 2.29018 1.84915e-18)
(21.3572 1.09331 -2.92941e-19)
(25.7314 3.65278 1.09779e-17)
(25.7968 3.3716 7.07507e-18)
(23.2667 7.86953 -6.62376e-20)
(16 0.300812 -2.12892e-18)
(25.9187 3.33629 -1.57389e-17)
(23.0316 8.29729 -5.78415e-19)
(25.5184 6.98287 8.41979e-19)
(22.4857 4.91971 0)
(22.3778 0.233847 1.05425e-19)
(30.5159 4.96394 8.31549e-19)
(25.2658 4.04831 -1.15962e-17)
(25.863 6.26518 -4.46515e-18)
(21.8881 11.1169 0)
(25.3931 2.79407 5.45801e-18)
(23.4325 1.72587 0)
(25.9451 2.98644 0)
(25.6149 3.70526 0)
(27.0173 6.41005 -2.63804e-18)
(24.8752 2.58492 1.1686e-18)
(27.4744 6.76773 0)
(24.7845 2.53008 1.19217e-17)
(24.8454 3.2842 0)
(23.3954 2.76174 8.95248e-18)
(25.6045 3.13478 -7.7763e-18)
(25.5781 4.12097 -4.44474e-19)
(25.5517 3.94931 -5.79617e-18)
(25.8603 3.37355 0)
(25.2867 2.1607 2.18655e-18)
(25.561 3.46172 0)
(19.878 -1.72003 8.86835e-20)
(26.7306 1.94539 -1.28921e-18)
(25.7412 3.58133 -6.4923e-18)
(23.1811 8.70454 -4.78233e-19)
(25.9202 3.85134 0)
(21.9281 4.9668 0)
(25.6541 3.41235 1.17524e-17)
(28.9809 2.8975 9.96839e-18)
(24.4435 1.92309 -3.17104e-19)
(17.5522 0.730757 0)
(26.6933 3.46484 1.9348e-17)
(28.001 3.02216 0)
(25.644 3.60077 -8.04306e-18)
(26.2584 3.25699 -1.64018e-17)
(25.2785 3.67528 -1.0986e-17)
(23.3486 0.484729 -2.49829e-19)
(26.925 3.83839 0)
(25.3588 4.65548 4.59598e-18)
(25.989 3.75143 -1.00698e-17)
(25.8475 3.40897 -1.08308e-17)
(22.656 2.73525 -6.28832e-21)
(25.6187 2.79135 6.43725e-18)
(22.7577 1.82102 1.20788e-18)
(24.7505 2.98766 -3.19825e-18)
(24.3844 1.92763 0)
(16.0351 11.3978 0)
(25.1196 3.14909 -2.96455e-18)
(27.4644 6.52527 5.36164e-18)
(26.0745 3.67394 0)
(23.1147 2.33916 -4.37507e-19)
(24.2203 1.93698 0)
(27.8016 3.05217 7.49413e-18)
(24.0089 2.8559 -1.31742e-18)
(25.5644 3.65471 -1.64196e-17)
(25.9266 3.55717 3.55785e-17)
(26.6255 4.89759 -1.6741e-18)
(22.6536 0.411937 0)
(24.9 2.286 0)
(30.4231 7.23824 4.39246e-18)
(26.2613 3.66256 -1.60031e-17)
(25.4759 3.35921 -1.88476e-17)
(24.235 7.3353 -2.07271e-19)
(24.0977 0.843048 0)
(25.5499 4.15162 -6.09181e-19)
(24.8673 14.7159 0)
(28.2037 6.48743 6.95807e-18)
(26.0389 2.03683 5.93869e-19)
(23.4012 6.04726 0)
(25.9036 3.2719 4.83638e-18)
(20.4069 0.893082 0)
(22.8897 6.98892 -3.78046e-19)
(25.3278 2.28063 1.93274e-18)
(27.6253 3.09015 0)
(25.6866 3.10719 0)
(25.3364 2.56039 -3.69987e-18)
(24.9102 2.35663 0)
(32.0574 0.681077 -1.77929e-18)
(25.8953 3.34853 0)
(25.7226 3.40153 -1.07787e-17)
(23.3699 2.89413 0)
(23.167 2.24004 0)
(27.6586 2.62255 1.20998e-18)
(32.1464 6.05363 3.12287e-18)
(28.4458 7.3019 0)
(24.8069 2.26506 0)
(24.6458 2.07056 -1.31788e-19)
(23.5221 6.22835 -1.8092e-18)
(25.9104 3.8143 0)
(26.6206 3.53645 -4.28009e-17)
(26.4272 2.09031 -1.60484e-18)
(26.9285 4.72994 1.52076e-17)
(26.9655 1.70807 3.6239e-18)
(25.8735 3.2361 -6.91297e-18)
(25.9161 4.08334 0)
(24.2697 2.41612 5.4319e-18)
(26.2148 3.6986 -1.88111e-17)
(26.0305 0.0285305 0)
(23.2881 4.05493 0)
(26.5601 5.40801 1.48346e-17)
(23.8048 3.07114 1.44117e-18)
(25.6655 3.5939 0)
(24.0161 1.86158 -8.77281e-19)
(26.1089 2.0212 5.84662e-19)
(24.5623 1.9298 0)
(22.5361 0.94583 -4.04786e-19)
(25.7484 3.62556 -2.10711e-18)
(25.7595 3.52062 -2.81854e-17)
(25.7487 3.62497 3.56362e-18)
(25.5032 3.32654 4.42903e-19)
(25.7656 3.60754 9.98256e-18)
(25.7466 3.62461 7.40126e-18)
(25.7672 3.6005 -1.23243e-17)
(25.8083 3.4614 4.85716e-18)
(25.7677 3.59145 9.54813e-18)
(25.7706 3.54153 4.77341e-18)
(25.8206 3.4491 1.21409e-18)
(25.749 3.62607 4.9071e-18)
(25.5243 3.34097 2.15343e-19)
(25.752 3.5348 -5.15065e-18)
(25.75 3.62638 2.27308e-18)
(25.7701 3.52356 1.46018e-17)
(25.7561 3.62262 7.52694e-18)
(25.7433 3.44332 0)
(25.7449 3.45856 -3.446e-19)
(25.7588 3.62038 0)
(25.8333 3.38173 2.38624e-19)
(25.8375 3.38883 3.40236e-19)
(25.7507 3.62544 -4.06064e-20)
(25.7639 3.50763 -5.84936e-18)
(26.5652 1.57207 4.87097e-19)
(30.7329 2.95408 2.64019e-18)
(24.1166 6.46526 -1.07486e-18)
(23.7702 7.32203 1.81869e-18)
(21.9397 3.74903 -2.54939e-18)
(30.6744 2.31344 -3.80346e-18)
(25.2801 8.22461 0)
(25.7537 3.523 1.76181e-17)
(31.3444 3.75008 0)
(21.0241 3.24887 9.4127e-21)
(24.9466 2.28519 9.99084e-19)
(30.4881 1.91355 -2.10011e-18)
(24.6017 2.05658 0)
(25.6711 0.702335 0)
(24.696 2.10622 0)
(24.6142 1.49341 1.11981e-18)
(23.5356 3.60941 1.96655e-17)
(27.1692 1.90449 -4.2625e-19)
(30.5498 2.37025 -5.47236e-18)
(27.0065 5.212 -1.17481e-17)
(25.687 3.62048 -1.57874e-17)
(25.8808 3.76886 0)
(23.1328 3.00123 -5.34923e-18)
(25.1181 2.29787 2.71223e-18)
(27.2553 2.26813 -6.02855e-18)
(25.7952 3.53839 2.85741e-17)
(24.5624 2.14051 3.32013e-18)
(25.5433 2.13569 6.52896e-20)
(25.8418 3.80276 -4.37571e-18)
(30.3988 2.41664 0)
(22.9992 3.8862 -1.49159e-19)
(25.6282 3.0146 0)
(30.2286 2.46385 2.98049e-18)
(22.4354 4.58999 -3.61045e-18)
(24.9691 1.58928 -1.56734e-18)
(22.8472 2.2666 2.16842e-20)
(23.4384 4.00207 0)
(25.874 3.36092 -2.78221e-19)
(23.7992 5.05039 0)
(25.8105 3.36682 0)
(21.1905 0.649394 8.46008e-20)
(25.648 3.34328 0)
(26.0449 2.0714 4.09644e-19)
(25.2234 3.53189 0)
(26.7106 2.06796 -6.63407e-18)
(24.9406 3.88788 -2.21146e-17)
(30.0455 2.51018 5.12263e-18)
(29.315 3.02047 1.85224e-17)
(28.0869 5.50524 1.8147e-17)
(26.8417 6.26908 -4.52005e-18)
(29.8523 2.55711 0)
(24.2805 2.22632 4.25014e-19)
(23.0601 1.04008 -7.9826e-19)
(24.6055 7.39082 3.352e-19)
(25.8264 3.38296 1.04201e-18)
(30.1567 5.27442 5.29018e-18)
(23.6379 1.84432 -1.55214e-18)
(27.0374 2.31304 0)
(21.7935 0.547481 5.02123e-20)
(25.0575 2.69664 5.65236e-18)
(24.2843 2.04424 -5.3684e-19)
(27.0979 0.0983253 5.40372e-19)
(25.8219 3.36488 6.67066e-18)
(25.8408 3.48356 -3.26425e-18)
(24.0254 4.20635 0)
(24.7797 3.56114 2.81879e-17)
(24.7026 2.2978 3.68896e-18)
(23.2272 -0.212927 -3.81239e-18)
(24.8494 2.22527 0)
(22.4548 8.06992 1.87733e-18)
(21.4043 0.826315 -1.08751e-19)
(25.7972 3.4806 1.3113e-17)
(24.092 0.592292 9.12627e-19)
(21.1157 0.75405 0)
(23.0425 4.49956 4.95133e-18)
(25.0005 3.75311 -1.0071e-17)
(30.8877 6.44406 0)
(24.5752 4.696 0)
(22.3615 0.551609 0)
(27.1501 1.73644 -8.33867e-19)
(24.5759 2.31078 -2.50183e-18)
(21.2757 0.475888 7.3533e-20)
(25.7919 3.64843 0)
(23.3427 3.18579 -2.08576e-18)
(26.978 2.44089 -1.7042e-17)
(20.9256 1.28814 0)
(25.8006 3.38733 0)
(23.4377 0.902605 -5.56576e-19)
(22.8935 3.14968 -3.02613e-18)
(25.7482 3.29114 -1.309e-17)
(30.726 4.97788 1.19153e-17)
(25.5691 3.5211 -7.9439e-18)
(20.5009 0.51536 -1.0197e-19)
(26.9222 2.55613 3.7298e-18)
(24.6485 2.18913 -3.73585e-19)
(30.3833 4.45682 -6.73724e-18)
(23.5655 1.95984 0)
(24.703 2.24193 -3.19487e-18)
(25.3157 2.61155 0)
(27.3212 0.704992 4.88285e-18)
(23.6855 1.17737 6.49345e-19)
(27.1963 8.25129 -1.56272e-18)
(25.2294 2.74268 -1.02873e-17)
(25.694 3.56644 1.02683e-17)
(25.279 3.27188 2.82592e-17)
(30.8611 2.4392 4.22821e-18)
(24.6699 7.19559 0)
(25.798 3.37351 0)
(21.9037 4.50497 0)
(26.3989 0.0204402 9.7232e-19)
(23.7324 1.83304 1.87709e-18)
(25.5547 3.79274 9.88843e-18)
(24.5938 1.97795 0)
(30.1635 3.14921 0)
(25.1946 1.73745 -2.29871e-18)
(25.8547 3.37071 0)
(25.2225 3.74293 -1.38209e-17)
(27.3273 1.88216 0)
(30.8196 5.87244 1.8979e-18)
(25.9629 3.32238 0)
(25.7454 3.51114 0)
(27.1923 1.91512 -4.26278e-19)
(23.5661 -2.60002 0)
(25.482 7.6628 0)
(24.582 1.92023 7.40849e-19)
(31.557 4.51017 1.95813e-18)
(25.8588 7.61205 0)
(24.2774 1.79091 0)
(24.9321 2.20242 1.05712e-18)
(25.0608 2.75838 5.57047e-18)
(25.6764 2.91028 4.17964e-18)
(25.9674 2.0851 5.10757e-19)
(25.317 3.31325 -1.83817e-17)
(30.7765 4.62887 6.78729e-18)
(25.7342 3.67276 0)
(25.4909 3.00644 8.6409e-18)
(23.6836 6.1214 -7.48247e-19)
(25.7536 3.41912 0)
(27.0056 3.38102 -1.07232e-17)
(25.7687 3.37344 -1.44414e-17)
(23.2167 10.4083 2.98133e-19)
(29.285 6.85033 0)
(25.5842 3.43374 0)
(25.6917 3.32958 2.38536e-18)
(25.8121 3.42458 1.98097e-17)
(25.356 3.35075 -7.95693e-18)
(21.8934 2.86827 -8.16179e-19)
(22.2732 2.87532 3.00856e-18)
(31.556 4.60089 6.43849e-19)
(27.5915 8.44517 0)
(22.5442 2.53796 -2.13651e-18)
(26.8249 5.18241 1.0253e-17)
(25.278 3.97602 1.10441e-17)
(25.2846 2.20301 -4.48478e-19)
(24.5115 1.92251 -6.63401e-19)
(28.932 7.06846 2.00277e-20)
(26.5922 2.99754 -6.1347e-18)
(24.7714 2.13523 0)
(25.3933 3.38194 -2.67272e-17)
(25.7517 3.47389 1.75329e-18)
(25.8505 3.73007 7.87284e-18)
(25.6021 1.41913 -3.42172e-19)
(24.3501 2.11864 0)
(24.7126 2.12418 0)
(25.6603 2.81579 -8.89375e-18)
(24.7552 2.19598 8.08347e-19)
(23.587 1.87132 -4.8787e-19)
(27.3955 0.425802 4.31494e-18)
(26.3061 3.37429 0)
(26.8978 3.05994 -2.07482e-17)
(23.4949 1.96449 -1.75534e-18)
(27.8926 5.9321 0)
(25.9578 3.35237 1.18581e-17)
(25.729 3.42184 0)
(24.4028 0.829044 1.11171e-18)
(24.5118 6.81147 -5.27723e-19)
(22.0664 4.28804 0)
(27.9688 4.7308 2.09137e-17)
(24.8384 2.26383 0)
(23.8258 2.14224 -2.49341e-20)
(25.6078 3.23598 0)
(25.7531 3.27765 1.25799e-17)
(25.3305 6.3055 1.29527e-19)
(30.5253 3.59207 2.86759e-18)
(24.0737 -0.116706 1.71747e-18)
(24.207 1.81448 7.18989e-19)
(27.3503 0.333301 -9.46937e-19)
(25.7486 3.68761 -1.71868e-18)
(23.4015 -0.155588 4.16849e-19)
(31.4621 4.9643 -1.2569e-18)
(27.9023 8.36922 0)
(24.2619 1.84994 4.04814e-19)
(27.5161 1.96768 -1.94896e-18)
(29.7312 4.16086 7.56386e-18)
(25.4787 2.55971 -3.76192e-18)
(20.995 1.64344 -3.29551e-19)
(24.9093 1.45088 9.58909e-19)
(24.6502 2.0932 1.29309e-19)
(25.2821 8.59554 1.83656e-19)
(25.5418 3.9033 6.34005e-18)
(28.7283 7.67404 -4.88859e-18)
(25.8852 2.46594 -1.78261e-18)
(30.6094 5.58637 0)
(25.7399 3.60474 0)
(22.6389 6.92612 2.1321e-20)
(25.5557 3.50724 2.71765e-17)
(22.915 2.49683 -4.4823e-19)
(24.7046 3.73138 1.12488e-17)
(27.4377 0.853922 0)
(25.8054 3.5311 -5.36585e-18)
(27.1153 2.70552 0)
(27.0519 0.694463 -2.78967e-18)
(24.6631 2.09054 0)
(27.4025 2.03383 0)
(24.1713 2.57091 0)
(23.0645 4.17207 2.28448e-18)
(21.8782 0.831215 0)
(23.8487 1.29792 -2.51101e-18)
(22.1364 3.99046 0)
(25.0861 -0.0601296 0)
(29.9477 5.3576 0)
(24.2662 3.81523 -1.11653e-17)
(22.5427 2.24046 -3.21888e-19)
(27.5171 4.82361 1.40663e-17)
(23.921 2.72031 -2.30929e-19)
(25.6131 3.64468 -1.16481e-17)
(26.8787 -0.690376 0)
(23.4056 6.22275 1.91508e-18)
(22.0192 5.68024 0)
(24.9467 2.9375 9.68672e-18)
(29.8443 4.08273 -7.65133e-18)
(25.7851 3.53202 -1.451e-17)
(23.9282 2.78746 5.55518e-18)
(27.2182 4.42927 0)
(24.8287 2.27087 3.35201e-19)
(26.8449 2.90097 1.14745e-18)
(26.6992 2.951 0)
(26.2966 3.49784 0)
(24.9751 2.26025 2.85219e-19)
(25.5734 0.0352733 7.69033e-19)
(27.774 4.63415 -1.24724e-17)
(26.5979 3.29509 0)
(24.6664 2.98716 -9.35101e-18)
(26.2125 4.28244 1.54371e-17)
(28.3384 7.81875 0)
(24.0842 2.45923 -8.02359e-20)
(24.6144 2.05326 -1.34176e-18)
(28.2547 8.13593 -2.08358e-20)
(24.8753 2.64946 -2.14004e-18)
(24.329 2.98438 -1.89598e-21)
(24.8552 2.26051 -1.32447e-18)
(26.0925 2.06463 0)
(30.8572 3.30566 -3.61556e-18)
(25.0344 2.8253 1.69471e-17)
(20.3238 1.59774 0)
(22.0859 1.75947 0)
(28.8454 1.96496 1.079e-17)
(29.1709 2.14007 -3.27798e-18)
(27.0515 1.90942 1.50107e-18)
(26.7665 1.88899 -5.27099e-18)
(25.7379 3.643 0)
(24.8497 3.20052 -1.86562e-17)
(27.9899 7.27384 -4.7232e-18)
(29.4847 2.36175 -3.7014e-18)
(27.3158 4.89003 0)
(25.8471 2.09073 -3.66891e-19)
(24.9215 3.32678 -1.43427e-17)
(29.6989 5.96907 7.31361e-18)
(30.612 3.52287 0)
(25.4896 4.68836 1.83051e-18)
(27.5903 4.52744 2.01455e-17)
(33.1602 2.10195 5.09871e-18)
(23.56 3.87346 0)
(30.7801 3.37901 3.49476e-18)
(26.0458 3.71244 -1.289e-17)
(22.3469 3.82195 -4.53989e-18)
(25.7386 2.13351 1.35606e-18)
(27.5814 6.27539 1.05288e-17)
(25.7962 3.54755 0)
(27.4287 3.02872 0)
(23.8613 4.89337 7.22413e-18)
(25.4179 3.42949 -2.12128e-17)
(26.087 3.18665 1.00322e-17)
(29.0845 2.9291 -1.55584e-17)
(25.6006 3.52824 -1.30114e-17)
(29.4517 5.96462 0)
(24.8887 2.23292 0)
(25.8858 3.31628 -3.26188e-18)
(28.7615 7.54499 2.17374e-18)
(27.4191 4.43582 -5.70663e-18)
(27.055 1.82112 -5.56255e-19)
(26.1695 1.59335 -1.00483e-18)
(25.8178 3.78421 3.06121e-18)
(25.7166 3.17787 -3.9796e-18)
(28.3832 0.411975 -5.15363e-18)
(25.6238 3.16938 1.84999e-18)
(27.8994 0.320085 1.55674e-19)
(25.6521 2.84144 3.04859e-18)
(30.3129 3.66573 2.55178e-18)
(26.0171 7.46192 2.14057e-18)
(24.3751 5.05719 0)
(28.0647 7.39139 1.5444e-18)
(25.9394 3.25982 1.09563e-18)
(21.1924 0.719794 -3.70236e-20)
(21.3045 0.446666 -2.21413e-21)
(26.9227 1.71584 -6.14843e-19)
(24.2042 1.84961 -5.39113e-19)
(24.4564 1.83011 0)
(27.1913 1.94663 7.8711e-19)
(24.2232 1.98395 -1.7808e-18)
(25.7312 2.90782 9.51408e-19)
(29.4983 4.16548 -1.91739e-17)
(25.7078 2.26664 0)
(24.5114 6.69514 -5.54038e-19)
(25.4278 3.82875 5.0976e-18)
(24.9702 2.22591 -5.60891e-19)
(26.2692 4.68224 0)
(30.1168 3.70861 -4.63204e-18)
(24.4933 1.93068 6.42397e-19)
(23.068 1.38671 7.08457e-19)
(25.9099 3.59833 -1.26499e-18)
(24.2082 6.63829 9.54565e-19)
(24.3132 6.69738 8.24716e-19)
(29.2716 4.17095 -5.62915e-18)
(26.0355 3.6525 3.734e-17)
(25.8556 3.36697 0)
(24.2227 2.03523 -2.19671e-18)
(24.8664 2.25654 -1.45016e-18)
(25.3977 4.55264 4.10372e-18)
(27.2204 6.30546 -2.71425e-18)
(29.0331 4.17392 4.7609e-18)
(24.2079 2.16025 -9.61338e-19)
(25.0821 3.05121 -7.95956e-20)
(26.579 4.73514 2.98489e-17)
(27.1527 1.98259 -1.17183e-18)
(23.4295 0.21499 2.99833e-18)
(24.1929 2.30954 0)
(24.2157 2.0929 -2.08023e-18)
(24.1985 2.23034 4.37112e-18)
(25.7702 3.69148 0)
(26.8453 5.08187 0)
(22.6027 1.92103 -1.3048e-18)
(28.8069 4.14111 0)
(25.7279 3.60277 -1.88034e-17)
(24.791 2.61958 1.39301e-17)
(22.9242 2.56834 0)
(24.0793 3.57526 -1.37177e-17)
(28.5741 4.11182 -1.35099e-17)
(26.4109 4.04641 9.64261e-18)
(25.972 3.91595 0)
(27.0039 1.80611 5.10253e-19)
(21.8503 0.598008 0)
(26.3708 3.0168 3.26218e-18)
(25.8862 3.512 0)
(28.3837 0.493922 -3.98571e-18)
(23.4701 2.97937 -3.8564e-18)
(24.7379 2.19682 -8.77217e-19)
(23.1711 2.00667 0)
(26.7156 3.79301 -2.05147e-17)
(24.6947 2.12672 0)
(24.9174 2.3737 -1.77619e-18)
(25.9932 1.93019 2.4813e-18)
(25.6689 3.75515 0)
(22.5851 2.02182 5.33296e-21)
(28.9334 6.92389 -8.25716e-18)
(25.2968 3.9092 -9.6234e-18)
(30.1001 7.35584 9.84512e-19)
(24.8787 2.30994 0)
(24.2824 2.50244 -1.20415e-18)
(25.4809 6.17757 -3.8103e-19)
(27.7125 8.45936 0)
(25.1249 2.18566 0)
(29.46 14.7985 1.98076e-18)
(24.7818 2.27323 -1.843e-19)
(31.1461 3.10664 0)
(23.5789 3.06413 0)
(25.4961 2.66909 0)
(24.8916 2.24067 -1.28267e-18)
(21.1705 0.68869 -1.95355e-19)
(25.9783 3.49373 0)
(24.2683 0.824026 0)
(21.1695 0.688389 4.01129e-20)
(24.7916 2.27983 1.36916e-18)
(22.372 5.90571 -9.29675e-19)
(24.8208 2.28798 7.85828e-20)
(24.8531 2.29911 2.72557e-18)
(30.996 3.16241 3.05288e-18)
(23.9373 4.74475 -4.40559e-18)
(23.6687 1.84045 0)
(22.5516 2.29807 -6.47771e-19)
(26.1691 7.29489 2.94257e-18)
(26.2024 2.11758 -1.32046e-18)
(24.8867 2.0943 1.13592e-18)
(24.4704 1.98635 -1.12767e-18)
(26.0833 3.93865 1.17525e-17)
(26.8287 4.62024 -7.16581e-18)
(24.4775 1.95827 0)
(24.4682 2.01771 2.15751e-18)
(26.1014 3.20799 -1.48186e-17)
(26.9533 1.72347 0)
(30.6667 4.67593 -8.25701e-18)
(20.8671 5.44386 0)
(30.5627 3.01687 6.06993e-18)
(24.4707 2.05299 2.18542e-18)
(25.9906 2.07737 0)
(25.2804 3.16413 1.05407e-20)
(25.6582 2.89157 7.246e-18)
(25.5521 3.28122 0)
(25.0291 2.22056 0)
(25.788 3.31937 1.35239e-18)
(30.7118 5.88396 -1.9318e-18)
(25.9692 4.74437 -1.00046e-17)
(26.3288 0.777434 1.70244e-18)
(30.3625 3.1008 1.13222e-19)
(25.7535 3.40775 0)
(26.1616 3.67341 -3.15707e-17)
(26.8707 3.24522 9.10663e-18)
(24.7736 7.63821 0)
(24.8673 2.27595 -6.09975e-19)
(25.9737 2.14053 1.25897e-18)
(31.1678 3.77704 -1.01703e-18)
(24.5551 2.17927 -3.96986e-18)
(25.9643 3.36792 -1.53009e-17)
(26.6078 3.81468 0)
(31.3855 4.3314 0)
(27.3158 0.893829 0)
(25.4463 3.78417 0)
(25.4966 2.1717 6.82803e-19)
(25.7591 2.188 -1.40562e-19)
(25.7993 3.764 0)
(23.7269 1.8588 -1.8369e-18)
(24.7446 2.15782 0)
(24.6803 2.15708 -2.08675e-19)
(24.6799 2.1416 1.81864e-18)
(24.5433 2.22794 -2.8523e-18)
(25.6983 3.47977 0)
(25.2786 8.4142 0)
(24.8285 2.28895 0)
(22.9012 2.3571 1.47933e-18)
(29.7892 7.67183 5.79448e-18)
(25.9685 4.55401 -8.00654e-18)
(28.8189 6.71173 1.1166e-17)
(24.2259 1.85863 1.23839e-19)
(18.3679 -2.68944 0)
(25.7593 3.47462 1.5472e-17)
(23.4467 5.13037 1.7284e-18)
(24.8692 2.25637 0)
(29.901 7.31229 1.84368e-18)
(25.7709 3.67655 2.58259e-18)
(24.7127 2.26499 2.32899e-18)
(28.7044 6.51219 6.51883e-18)
(24.138 2.04635 -2.8331e-18)
(25.6376 3.05725 8.47367e-18)
(24.7512 2.89043 -1.36811e-17)
(27.7641 7.9833 2.36634e-18)
(31.2912 4.37547 2.17572e-18)
(29.1557 0.115506 1.21038e-18)
(25.7381 3.44147 -1.512e-17)
(26.3048 7.10827 -2.16117e-18)
(25.8825 2.08848 0)
(23.1774 5.99562 0)
(25.0087 2.22436 2.06349e-18)
(22.579 0.596324 0)
(25.8548 3.37973 -6.64521e-19)
(25.9966 2.95462 -6.62183e-18)
(25.2824 3.53545 9.44983e-19)
(25.0869 2.32312 2.9244e-18)
(25.8405 3.40399 7.71225e-19)
(24.0219 4.61662 4.40711e-18)
(22.0042 5.27319 5.72114e-19)
(24.3168 1.81417 3.79318e-19)
(20.4831 -0.815596 -4.73247e-18)
(26.6407 6.92371 1.38086e-18)
(27.0607 1.6645 -6.68161e-20)
(24.2593 4.49897 0)
(30.0019 0.68847 -1.2366e-18)
(24.446 4.36711 4.69256e-18)
(24.8274 3.53704 -7.6055e-19)
(24.8681 3.56292 -1.64649e-17)
(22.4279 5.21457 8.62594e-19)
(21.5141 0.219929 -5.33807e-21)
(25.06 2.20051 0)
(21.8623 0.678216 -3.95493e-19)
(25.0304 2.36952 5.38762e-18)
(31.0983 4.3748 1.033e-18)
(24.9042 2.99858 -9.88686e-18)
(23.9255 0.523881 0)
(25.255 3.51641 -1.41976e-17)
(29.9649 14.9928 2.21852e-18)
(25.7619 3.65171 1.77919e-18)
(23.6757 2.28818 1.20742e-18)
(22.5828 5.73253 -8.58869e-19)
(23.5938 0.967717 -2.88734e-19)
(22.3047 -0.383349 -2.08337e-19)
(25.1556 2.38124 0)
(28.6758 4.49371 -9.11884e-18)
(25.9018 4.64496 -4.72456e-18)
(22.6994 0.653311 1.54876e-19)
(25.7273 3.62477 3.6405e-17)
(25.0093 2.27186 -1.72432e-18)
(18.5 1.01905 -9.5404e-19)
(22.3321 -2.75633 -2.04612e-18)
(26.6484 1.76259 -4.585e-18)
(24.9224 4.04598 0)
(25.0185 4.04598 1.1971e-17)
(22.1597 5.31567 -3.24936e-18)
(26.5515 1.53349 -7.69115e-19)
(22.6633 3.4259 0)
(29.2218 1.30583 0)
(25.6462 3.03296 0)
(25.7181 3.6331 4.88882e-19)
(23.1119 0.761469 -5.61785e-19)
(22.2281 1.74739 -1.07218e-18)
(25.8204 3.47285 6.49612e-18)
(22.8986 2.29121 2.43255e-20)
(28.0301 1.90168 -6.95488e-18)
(20.9662 3.176 -4.88779e-19)
(31.2488 3.71892 0)
(24.371 4.12129 0)
(24.5293 4.48137 -4.07252e-18)
(30.8916 5.25566 0)
(23.6011 8.02337 0)
(26.4343 6.92415 0)
(24.5707 2.16407 1.50532e-18)
(24.9601 2.0767 -1.47718e-19)
(21.9173 2.20948 0)
(31.1947 3.03777 2.24673e-18)
(25.785 3.74376 1.27631e-18)
(24.9746 2.25686 0)
(23.7886 0.527936 0)
(25.7769 3.47451 -2.72915e-18)
(22.3722 0.473945 1.6588e-19)
(25.159 2.42004 -4.45996e-18)
(25.1151 2.35794 -2.64591e-18)
(22.9646 0.696304 -1.44208e-19)
(31.1059 3.27283 0)
(22.5979 5.24214 -1.71271e-18)
(26.1806 3.70097 3.58848e-17)
(22.321 5.36018 1.77179e-18)
(22.2182 2.42997 0)
(27.4809 0.28315 -1.06407e-18)
(25.7696 3.66152 4.97365e-18)
(24.1375 7.45644 4.56436e-19)
(30.6341 2.93718 0)
(23.5361 0.595881 1.91545e-19)
(30.5741 4.60044 3.98036e-18)
(24.1084 4.48558 -3.35368e-18)
(24.395 4.49989 -4.81409e-18)
(21.1876 7.16611 -4.42049e-19)
(24.9258 1.51226 0)
(31.1968 4.32443 -2.15511e-18)
(24.9099 3.53568 -1.35619e-17)
(27.4747 5.01262 0)
(24.4118 -0.16838 -5.05259e-19)
(22.3316 2.68805 0)
(21.1493 0.726654 0)
(25.0528 2.28948 0)
(26.9075 4.6525 2.63239e-17)
(31.0017 4.31338 0)
(26.1925 2.11028 -9.13504e-20)
(26.9187 1.73876 0)
(23.1003 2.59325 -7.85266e-19)
(25.3097 3.51898 -1.54489e-17)
(30.4505 6.89338 3.0657e-18)
(24.7932 2.2701 0)
(25.7392 3.47654 2.8164e-17)
(32.5191 7.13173 1.85182e-18)
(26.2182 2.04997 -2.03176e-19)
(24.4356 2.27168 -3.01422e-18)
(20.4222 1.54808 2.1998e-18)
(23.6185 1.0762 -4.63346e-19)
(25.8555 4.5525 4.27997e-18)
(24.3018 2.455 -2.47145e-18)
(29.6557 3.16969 -3.64159e-18)
(25.655 3.07282 -6.86516e-18)
(24.1578 4.25891 7.14149e-18)
(23.4435 2.90488 -1.00217e-18)
(28.8158 6.8503 7.6232e-18)
(25.4915 3.77966 -9.39438e-18)
(26.5388 3.74569 -1.024e-17)
(24.6895 2.13904 -9.66783e-19)
(31.31 4.10999 4.19692e-18)
(27.9653 9.76843 3.77948e-19)
(28.1643 0.409376 2.82794e-18)
(26.0407 4.8434 0)
(31.0697 3.74801 4.05241e-18)
(22.9834 1.87857 -1.28353e-18)
(24.5626 2.206 0)
(26.7691 5.01456 -8.24172e-18)
(29.1282 17.155 2.40587e-18)
(28.7063 6.65423 -3.70698e-18)
(24.5534 2.25569 3.47014e-18)
(24.2359 1.96268 2.4003e-18)
(24.6828 2.15315 -9.44765e-19)
(25.1528 2.46431 3.97687e-18)
(25.4097 4.61239 -4.53945e-18)
(22.188 5.69453 -1.55373e-18)
(27.7676 0.507182 0)
(26.5586 4.83111 0)
(24.4935 1.94834 1.53253e-19)
(26.1313 3.67503 1.00868e-17)
(26.0496 3.67196 -1.25337e-17)
(25.6136 2.92251 -9.73832e-18)
(23.6434 0.544021 2.03774e-19)
(25.7737 3.72479 1.58551e-18)
(30.6453 6.92357 0)
(27.588 0.224663 1.19949e-18)
(26.8831 2.80726 -2.5858e-19)
(25.5685 2.22145 -2.10164e-18)
(25.6719 2.86429 4.63258e-18)
(30.4527 3.00526 -1.17838e-17)
(25.4497 5.98837 1.61892e-19)
(27.3559 1.86663 0)
(25.3593 3.89709 -6.89111e-18)
(25.7555 2.16932 -9.96361e-19)
(21.2719 1.81672 -3.92171e-19)
(26.8297 3.75357 3.38045e-17)
(25.6051 3.15929 2.16277e-17)
(24.4819 1.97677 0)
(25.9692 2.13535 2.00074e-20)
(24.4786 2.00605 1.09111e-18)
(27.0993 5.28317 -1.54873e-18)
(24.4791 2.03871 -2.03594e-18)
(28.6629 7.46387 -1.25502e-19)
(31.0537 3.08753 -4.18573e-18)
(24.4711 9.42717 -1.75779e-19)
(19.9198 1.41242 6.82772e-19)
(20.9534 1.34423 0)
(24.8938 3.28266 -1.97906e-18)
(24.8918 2.61595 -2.6166e-19)
(24.7861 2.27761 -1.39881e-18)
(24.8704 2.30953 0)
(24.808 2.28498 1.34053e-18)
(24.8402 2.2942 -3.64384e-18)
(25.7338 3.64626 0)
(24.6207 2.16172 1.57319e-18)
(24.5048 1.10573 2.43622e-18)
(26.043 2.86967 4.76717e-18)
(25.2691 3.17139 1.48733e-17)
(30.554 1.92165 7.64808e-18)
(25.4433 2.16996 4.34851e-19)
(25.815 4.46062 -9.3763e-19)
(25.5955 2.76586 -6.80402e-18)
(23.5484 2.99023 2.77366e-18)
(25.1312 -2.49324 1.52318e-19)
(31.0147 5.63687 0)
(24.6307 -0.125775 6.46844e-19)
(23.6551 3.0652 0)
(22.3448 5.70378 1.89306e-18)
(23.9833 2.80804 0)
(26.1534 2.00175 0)
(26.6837 1.64366 0)
(24.6499 2.10644 1.06327e-18)
(25.5559 3.19699 0)
(29.3425 5.75187 4.39248e-20)
(30.3589 6.71984 0)
(28.0977 4.73128 -1.54387e-17)
(27.168 1.93975 8.00847e-19)
(30.3993 3.56519 0)
(29.6162 4.09163 1.34907e-17)
(25.2734 3.23686 7.38685e-19)
(25.4434 4.51531 -4.07238e-18)
(24.2382 2.01182 2.27478e-18)
(27.7807 0.365218 0)
(25.3268 2.8586 0)
(21.0378 5.65103 -7.84775e-19)
(24.2168 2.34524 -9.4112e-20)
(30.258 6.53114 3.50494e-18)
(28.683 0.308352 1.7503e-18)
(27.3768 2.57467 -1.09829e-17)
(27.3092 0.24213 2.13858e-18)
(25.8371 3.29057 4.42207e-18)
(28.7061 4.04764 1.48994e-17)
(24.2165 2.26805 -3.37275e-18)
(24.2228 2.19474 5.6016e-20)
(24.2359 2.06603 2.1264e-18)
(30.1552 6.33642 -3.32638e-18)
(28.9258 4.08331 1.1599e-18)
(27.0972 1.99344 1.26365e-18)
(24.2308 2.12692 0)
(25.7647 3.7073 1.96041e-18)
(19.9544 1.43446 0)
(25.4288 5.80891 -3.03418e-19)
(29.158 4.10159 2.49428e-18)
(26.833 2.89422 3.34114e-18)
(29.6862 3.43455 0)
(29.3897 4.09325 9.1531e-18)
(27.1306 2.81132 6.13629e-19)
(25.7573 3.30172 -1.04314e-17)
(25.1189 8.33103 0)
(27.1358 1.96859 -6.41788e-19)
(30.2027 3.62406 -6.50613e-18)
(26.1156 1.6132 -2.30272e-18)
(21.0917 0.721272 4.60642e-20)
(25.5879 3.51723 6.95106e-18)
(30.0481 6.13796 8.79648e-18)
(24.9864 2.30923 0)
(30.0117 3.66513 4.7129e-18)
(20.4304 0.616906 1.93756e-19)
(24.2575 9.53325 7.40903e-21)
(25.9229 4.02403 -8.25767e-18)
(26.2151 5.05494 0)
(25.4133 3.8804 5.41688e-18)
(25.8512 3.38012 2.61187e-18)
(25.0761 2.66519 -6.07998e-18)
(29.9976 5.11372 0)
(29.4301 3.06976 -2.8905e-18)
(24.6397 7.50273 6.44656e-21)
(24.7343 3.47981 -1.95437e-17)
(26.3851 2.98167 1.1519e-18)
(27.1075 2.26896 5.49802e-18)
(27.2934 4.03181 9.08801e-18)
(29.2164 5.53095 3.57287e-18)
(29.9225 5.94463 0)
(25.6165 3.52293 1.16871e-17)
(27.8582 0.21962 7.28733e-19)
(25.7881 4.37326 -1.35323e-18)
(25.6733 3.35464 0)
(26.9705 1.71978 9.54685e-20)
(27.0605 2.01419 0)
(25.8586 2.1206 -8.82895e-19)
(27.3442 4.70921 3.05059e-18)
(25.7035 3.61091 -2.261e-17)
(30.7527 2.32709 0)
(26.8899 6.04609 4.51896e-18)
(27.0119 1.64643 -5.3435e-18)
(24.8985 2.6782 0)
(27.5306 4.43061 -1.93442e-17)
(25.9666 3.71918 -8.29523e-18)
(29.0792 5.31989 0)
(25.5886 3.63701 -2.81141e-17)
(25.3033 2.40888 1.58322e-18)
(29.3513 0.188189 -1.17553e-18)
(25.8259 3.41027 0)
(26.3763 1.98778 -5.114e-19)
(25.7514 3.15842 1.66622e-18)
(20.1704 1.48136 -1.13868e-19)
(23.572 6.12974 -1.66494e-18)
(24.1408 4.12224 1.33688e-17)
(25.417 5.63643 0)
(27.7095 4.52667 1.13146e-17)
(20.6884 0.988782 -3.39257e-20)
(28.1149 3.06583 0)
(25.8169 3.49299 0)
(27.8969 4.62748 1.26242e-19)
(26.9219 2.81551 0)
(22.7617 1.858 -1.09995e-18)
(27.1777 1.78282 -1.18271e-18)
(24.1479 1.1815 -1.63933e-19)
(24.3269 2.15489 0)
(28.0703 3.72437 1.72777e-17)
(27.2604 8.03303 0)
(29.8184 4.9599 -4.18166e-18)
(29.7057 7.26542 -1.64734e-18)
(25.3106 3.28124 -2.05028e-17)
(25.5385 0.578292 0)
(27.7174 3.78162 1.30674e-17)
(25.6095 3.45188 2.66434e-17)
(28.7537 -0.0734959 -3.45766e-18)
(19.3454 1.32377 4.80344e-19)
(25.9346 3.33629 0)
(26.0832 2.01785 -1.17905e-18)
(25.3842 3.35379 2.82063e-17)
(26.407 2.90589 -4.05165e-18)
(25.3481 3.32021 1.82204e-17)
(23.5503 2.00377 0)
(22.24 0.912173 3.7303e-19)
(25.8312 3.38111 -2.65879e-18)
(25.0183 2.33208 2.23679e-18)
(23.225 4.12444 0)
(25.0767 2.72631 -5.6746e-18)
(24.7578 7.11573 -2.78983e-19)
(26.8772 3.37757 -2.69189e-17)
(25.4152 5.46519 5.03366e-20)
(27.3409 1.86393 0)
(24.6365 4.46267 0)
(27.1282 0.195826 -1.27243e-19)
(26.7523 2.00617 5.71228e-18)
(26.0202 2.92602 7.78053e-19)
(26.5254 3.61461 1.00773e-17)
(25.8661 3.37132 -7.97868e-20)
(25.9259 3.96886 -1.29079e-17)
(24.6964 7.30772 -3.24763e-19)
(22.7036 5.10683 0)
(26.9852 2.52114 0)
(24.6406 1.69279 -2.12331e-18)
(27.0444 2.40239 1.34157e-17)
(23.2582 1.11562 5.42096e-19)
(25.6966 3.36635 -1.48375e-17)
(26.894 5.8528 0)
(25.7167 3.60517 2.50942e-17)
(29.7642 2.637 0)
(29.8155 6.16305 -2.74766e-18)
(24.8362 2.2845 -1.27115e-18)
(25.8872 3.36033 -1.03812e-17)
(22.6973 0.998786 3.75993e-19)
(30.4921 2.44 1.69711e-18)
(23.3769 4.0719 -3.58424e-18)
(25.4169 5.30552 3.64548e-19)
(29.965 2.59352 -4.88424e-18)
(24.2557 4.05028 0)
(25.6124 3.62122 1.0846e-17)
(25.8055 3.41099 2.62379e-18)
(30.3286 2.49106 -5.89558e-18)
(25.9207 3.91925 -1.8318e-17)
(25.657 3.60198 0)
(30.1529 2.53677 0)
(25.9094 3.34888 0)
(25.9058 3.83373 -1.64556e-17)
(25.7178 3.37859 -1.98602e-19)
(30.6325 2.39255 3.82646e-18)
(25.7874 3.41083 -7.96191e-18)
(27.3141 7.81543 2.69534e-18)
(26.9888 1.78217 6.51889e-18)
(25.6349 3.61051 1.75045e-17)
(25.9139 3.873 -1.93537e-17)
(25.4131 5.15813 1.87915e-19)
(28.6234 -0.165655 -2.15863e-18)
(22.3959 2.22472 3.51779e-19)
(27.3492 7.59231 0)
(27.4039 6.64723 1.86864e-18)
(27.9095 3.09772 0)
(26.7592 3.37795 0)
(27.725 3.12376 -1.39835e-17)
(26.1755 2.91825 8.90841e-18)
(27.3962 7.12292 2.22907e-18)
(27.4026 6.89302 -3.96802e-18)
(27.3772 7.36034 -2.45046e-18)
(29.2495 0.73191 -1.74298e-18)
(26.0199 0.74648 -4.13672e-20)
(24.8691 2.2963 -1.13353e-18)
(26.6916 3.73732 4.07211e-17)
(25.7997 3.44602 -3.1072e-19)
(28.711 4.35202 -1.11436e-18)
(25.7666 3.56785 1.29567e-17)
(24.9267 2.41162 0)
(27.3099 0.815144 0)
(30.2766 4.00931 -9.42172e-18)
(22.0457 4.45457 0)
(22.6929 1.23424 4.04081e-19)
(21.2503 1.71807 0)
(33.7398 3.20566 2.18859e-18)
(25.7812 3.68812 -1.99232e-18)
(25.9449 3.55336 -1.45872e-17)
(25.5276 2.5885 0)
(26.0206 2.89612 3.18206e-19)
(35.1992 10.5281 -6.55174e-18)
(27.6618 0.102731 -7.21009e-19)
(20.9486 1.6763 3.78122e-19)
(25.7706 3.56132 1.81471e-18)
(22.8094 3.44943 0)
(27.162 -0.351985 1.59302e-18)
(27.9882 9.11659 -1.28652e-18)
(24.9179 1.39994 0)
(28.9834 5.5475 -2.48897e-17)
(25.7882 3.88504 0)
(25.075 2.20617 4.86127e-19)
(24.3661 7.61718 0)
(31.5224 2.66782 0)
(27.124 1.81469 1.11028e-18)
(25.474 2.80976 0)
(24.1532 -0.00343524 2.40109e-19)
(25.5971 3.74525 0)
(23.9049 3.23763 2.6933e-18)
(23.1097 4.0114 4.37392e-18)
(31.2879 3.48395 0)
(22.2838 0.415454 1.50013e-19)
(23.6134 0.453402 0)
(26.8892 1.73466 0)
(25.8604 3.33854 -5.31278e-20)
(25.4892 3.56614 0)
(30.3637 3.47003 0)
(24.991 2.29736 0)
(24.07 2.23388 -2.39645e-19)
(26.6539 2.36457 6.74867e-18)
(24.7657 -0.886143 -2.45193e-19)
(26.3476 0.0442374 -8.89076e-19)
(24.1618 -0.278425 5.2158e-19)
(25.8004 5.6244 -2.41806e-20)
(30.0508 6.53428 0)
(25.981 3.5617 -1.43603e-17)
(24.6016 2.15444 1.59976e-18)
(35.3369 8.21478 2.76901e-18)
(28.2881 2.57273 3.44234e-18)
(26.5408 1.92246 2.09272e-19)
(25.8497 3.37625 -5.19669e-19)
(25.7691 3.40924 6.02026e-18)
(22.741 4.54815 2.80455e-18)
(29.1722 7.71347 -3.16386e-18)
(26.8811 1.75769 0)
(25.3781 3.44974 1.22647e-17)
(23.43 5.62254 0)
(26.764 1.80226 3.87979e-20)
(15.4746 -0.602094 -5.20836e-18)
(22.0159 5.85333 -5.9724e-19)
(25.0431 2.20492 6.46764e-21)
(20.6924 6.32559 1.24076e-18)
(25.8713 4.0407 -7.0943e-18)
(26.7783 -2.00234 0)
(23.4246 6.59773 -2.72131e-18)
(25.9899 3.38479 1.11724e-17)
(20.8634 8.82991 6.23806e-19)
(26.7937 1.80159 -6.50499e-19)
(25.8593 3.39238 -7.91561e-19)
(21.2375 0.993742 -1.67727e-20)
(32.2631 0.978613 0)
(30.401 4.97379 -5.91856e-18)
(21.7971 0.0516979 4.40129e-20)
(28.0645 9.20811 -7.57539e-19)
(26.7555 1.13453 2.88501e-18)
(24.9079 1.39792 0)
(26.2415 2.06645 0)
(23.4283 3.18937 -3.75472e-18)
(26.81 1.77866 5.92771e-19)
(25.5352 8.28252 -3.12978e-19)
(29.3049 3.68061 0)
(22.3312 2.27178 7.21433e-19)
(20.9549 7.05612 7.41278e-19)
(24.303 1.93754 0)
(22.53 7.2747 -4.12474e-19)
(24.6886 3.4426 0)
(26.8394 1.77899 -2.6941e-19)
(32.8481 3.56088 -9.71195e-19)
(22.0503 -0.658815 -4.30782e-18)
(24.7048 1.07939 -8.94449e-19)
(25.9229 3.57283 0)
(26.8517 1.7561 -3.17679e-19)
(26.0596 4.60091 -1.17985e-17)
(27.8103 7.14762 -2.36422e-18)
(23.2229 0.326738 0)
(25.7464 2.12393 3.70532e-19)
(21.5124 0.193195 2.32262e-20)
(17.8437 -0.24024 -1.81294e-18)
(25.0392 2.3862 6.09443e-18)
(28.8488 2.32646 1.15119e-17)
(22.6906 0.930623 -1.07363e-20)
(25.6366 3.55076 0)
(25.2391 0.33295 0)
(30.3783 8.65771 -3.68601e-18)
(26.9192 3.12768 -1.7516e-17)
(27.6841 7.12808 4.64804e-18)
(26.5933 1.87964 6.0538e-19)
(30.2831 2.65756 0)
(27.9289 -0.269157 0)
(22.9262 2.03318 0)
(16.135 0.49034 0)
(26.1205 -0.543155 -1.59424e-19)
(26.2099 1.45124 4.30183e-19)
(25.6888 3.25461 -1.41726e-17)
(29.6997 4.60766 -8.4175e-18)
(31.2053 2.64311 -2.50245e-18)
(25.1249 1.52696 -1.76453e-18)
(23.2358 1.44869 3.13136e-19)
(24.8246 -1.05197 0)
(22.7315 3.49104 1.59125e-18)
(25.1695 2.21505 -4.68072e-19)
(21.2145 0.602124 3.7497e-20)
(26.7426 1.82533 0)
(24.1 1.92675 7.76193e-19)
(23.3476 0.397828 0)
(31.1426 6.2296 0)
(25.8679 3.29936 3.62092e-19)
(26.604 1.11676 5.68188e-19)
(25.9439 13.7892 1.51637e-18)
(25.5744 2.82794 -5.44056e-18)
(21.463 -2.85279 -2.03492e-18)
(24.9313 1.64919 1.82606e-18)
(25.7962 3.35248 -4.78968e-19)
(24.2668 2.12732 -1.92679e-18)
(32.4927 7.71704 4.10275e-18)
(27.1101 7.8927 -2.20826e-18)
(26.3731 2.61261 0)
(25.7768 3.53642 -1.20396e-17)
(18.2994 -0.0986261 -2.66524e-19)
(25.7772 3.65143 0)
(25.6738 3.83151 -3.39939e-18)
(23.4141 2.56377 0)
(25.9661 3.51424 -1.25979e-17)
(25.7483 3.4594 -1.40218e-18)
(27.818 0.238663 -1.74502e-19)
(25.7021 3.73917 -1.14144e-18)
(25.886 3.94056 9.33769e-18)
(25.7627 3.27767 -5.71559e-18)
(29.2328 -1.16109 0)
(26.2771 1.52124 -3.80893e-18)
(23.9294 1.74642 0)
(27.2689 0.141116 -2.84977e-18)
(24.9435 2.98095 0)
(33.8209 3.13211 -1.41358e-17)
(27.0043 1.93081 4.52802e-19)
(24.2969 2.60949 5.39104e-18)
(24.9321 5.92918 -3.08451e-19)
(24.7862 1.17267 0)
(20.7221 -0.83141 -4.52721e-18)
(21.7273 3.65825 -2.82445e-18)
(25.9597 3.22952 0)
(30.7975 5.18233 -1.745e-18)
(30.7344 6.98746 2.49994e-18)
(31.9002 5.78022 -5.98424e-18)
(23.7993 13.7706 -3.07276e-19)
(23.6964 2.74301 3.45119e-18)
(20.2994 -0.229204 3.97334e-18)
(23.5227 2.41551 -2.82867e-18)
(30.0373 5.72982 1.8397e-20)
(24.8223 2.25732 2.0165e-19)
(26.7129 1.82728 9.33459e-19)
(26.2154 3.75963 1.45837e-17)
(22.0946 5.98555 0)
(22.5743 2.15571 -7.78525e-19)
(31.4768 9.4322 1.60384e-18)
(25.1799 5.10585 0)
(23.3338 -2.8133 -7.75813e-19)
(20.8171 4.64606 0)
(29.5608 2.67319 -1.4943e-17)
(27.4946 5.29119 -4.71965e-18)
(24.7598 2.25335 0)
(25.2987 3.18739 -1.29335e-17)
(28.2465 0.358775 -7.09209e-19)
(24.9993 5.66928 -4.15661e-19)
(28.6309 2.83793 9.74571e-18)
(25.2821 3.76712 0)
(26.6232 1.87639 -8.88059e-19)
(25.1798 4.63281 -5.09916e-18)
(24.0578 0.689802 -1.03745e-22)
(25.7605 3.64009 -5.49816e-18)
(25.2287 2.58553 6.91785e-19)
(20.8417 -2.80076 -1.46519e-18)
(26.8024 3.87124 0)
(25.531 3.1668 -1.00653e-17)
(20.4382 8.70244 -1.57593e-18)
(22.8335 1.54565 -3.27977e-19)
(24.0504 1.90307 1.76753e-18)
(25.7393 3.55599 -8.55712e-19)
(21.3326 3.1794 -8.24874e-19)
(23.9655 1.95209 1.32393e-18)
(34.4508 4.42544 9.67015e-18)
(26.7853 7.76106 -3.96387e-18)
(24.2838 2.09783 1.95841e-18)
(31.4292 1.86607 2.41305e-18)
(31.1944 3.87576 5.10751e-18)
(24.3555 2.96823 -6.9225e-18)
(23.1741 3.87015 -2.2661e-18)
(30.9249 4.0235 0)
(27.6575 6.89193 4.47221e-18)
(26.8875 1.96183 -4.65338e-19)
(26.2025 2.5343 -5.51036e-18)
(25.5186 2.37447 0)
(25.1949 2.33872 3.59889e-18)
(26.1784 1.99573 6.14107e-19)
(29.2216 -0.00398924 1.22802e-18)
(24.6579 1.00229 -1.94719e-18)
(26.6851 1.85046 -2.99753e-19)
(22.4391 7.46416 -1.64907e-20)
(31.3684 3.22209 -5.8634e-18)
(22.0616 1.87361 4.77002e-19)
(27.7817 9.58713 0)
(26.1063 2.01277 -3.75301e-20)
(30.7268 8.28394 -6.51243e-18)
(25.9994 -0.756169 0)
(25.8706 3.78629 0)
(25.5526 3.55594 0)
(23.8976 2.02031 1.24554e-20)
(19.9541 0.571165 0)
(30.924 5.55646 1.96651e-18)
(24.6627 0.827998 7.86577e-19)
(30.8577 2.59603 -2.18737e-18)
(25.6891 3.68409 -8.92081e-18)
(29.9436 1.01252 5.57778e-18)
(23.4382 8.00004 9.21334e-19)
(24.4809 2.71218 0)
(32.8557 16.045 7.67419e-18)
(22.9345 3.70195 3.03502e-18)
(25.2327 2.16401 0)
(25.6953 3.17737 0)
(21.2613 0.375454 0)
(26.1135 2.95525 4.57142e-18)
(24.0347 1.09507 -2.80855e-18)
(26.2402 2.04807 -2.00243e-19)
(24.5119 2.10677 0)
(24.5971 2.59004 0)
(23.812 6.56179 1.4226e-18)
(23.4 1.85599 -4.78158e-19)
(27.008 1.8309 -5.37105e-19)
(24.7215 2.17429 9.92491e-19)
(24.7038 2.50389 8.15388e-19)
(22.0435 0.703485 1.89365e-19)
(22.7624 5.26227 -1.47493e-18)
(25.7651 4.02886 0)
(29.0305 15.7507 0)
(22.1572 10.8579 9.41555e-19)
(25.7394 3.57378 -7.13836e-18)
(26.23 3.79228 -1.52278e-17)
(26.5695 1.91973 7.05242e-20)
(27.1391 1.45132 3.32676e-18)
(29.7098 7.94951 0)
(26.8828 0.966597 1.44788e-18)
(24.9729 2.57945 -4.07067e-18)
(30.2198 1.16338 0)
(25.6716 3.81303 1.59163e-18)
(24.1774 3.40356 -1.23339e-17)
(27.4721 3.97028 0)
(24.7469 -0.799585 9.46705e-19)
(24.1763 1.19219 -5.07855e-19)
(24.1776 2.08948 4.14384e-18)
(24.5302 1.97646 6.01471e-19)
(24.1575 2.23168 -8.94089e-19)
(25.7994 3.43765 7.10152e-18)
(25.7616 2.12731 5.16157e-19)
(25.1116 1.66423 -9.71629e-20)
(26.1578 4.81927 4.23918e-19)
(24.5187 1.22784 1.26203e-18)
(28.8345 8.3605 1.60759e-18)
(20.992 3.3461 -9.13569e-19)
(25.5835 3.86332 0)
(27.8632 3.63768 -7.53271e-18)
(21.8688 0.52429 6.17805e-20)
(26.6555 1.85335 9.19665e-19)
(25.7763 3.65744 -9.66007e-18)
(24.4048 1.82471 8.48352e-19)
(25.6403 3.59044 -8.07093e-18)
(31.8807 7.53528 0)
(24.8653 2.28956 0)
(17.4471 -2.05724 1.35901e-18)
(25.7675 3.57555 -1.96003e-17)
(25.9644 2.45539 -3.10358e-18)
(25.5107 4.1385 3.51919e-18)
(29.3619 4.5269 0)
(25.8544 3.69875 6.99654e-20)
(26.6073 6.64785 -4.60338e-18)
(24.7361 6.02091 5.09576e-18)
(24.6041 2.07251 -2.07303e-18)
(25.792 3.64214 8.04255e-18)
(25.7514 3.63126 4.06128e-20)
(20.4733 0.580629 -2.0588e-20)
(25.9557 3.7908 -1.99001e-17)
(25.762 3.36173 -1.06425e-18)
(24.9018 -0.506907 0)
(28.1434 1.05624 -5.57895e-18)
(24.1257 1.76574 0)
(23.2454 6.04756 0)
(29.786 0.405519 0)
(32.929 7.87903 3.16612e-18)
(27.8083 0.148732 -2.11818e-18)
(24.5377 1.09882 -1.75617e-18)
(25.7821 3.48084 -3.40285e-18)
(18.6069 1.04381 0)
(25.5873 3.18875 4.09427e-19)
(27.4006 1.34258 5.54453e-20)
(24.6821 0.376974 -1.97862e-18)
(25.9649 3.70182 0)
(25.3043 2.88177 0)
(23.8491 1.82275 0)
(23.7654 1.80192 1.11292e-19)
(23.2679 -2.776 3.76218e-18)
(25.0874 5.54715 -8.17633e-19)
(25.9161 4.84917 0)
(23.7895 2.11388 1.24711e-18)
(24.1443 1.30219 -4.60713e-19)
(25.1675 4.55873 0)
(26.1925 8.05741 -4.17982e-19)
(35.3122 8.2494 -2.67234e-18)
(25.562 3.49205 2.70016e-17)
(30.1611 1.46751 0)
(23.6128 1.23217 -4.44948e-19)
(25.8291 3.36583 0)
(28.8476 1.09638 -9.52621e-18)
(24.1182 2.12215 2.01827e-18)
(26.5553 1.90322 7.00731e-20)
(27.6819 1.2699 1.869e-18)
(24.8074 -0.730392 -2.07778e-18)
(22.6525 -0.491886 0)
(25.6863 3.72103 -8.09565e-18)
(29.1221 1.15405 2.27386e-18)
(24.1541 1.89775 0)
(27.8763 5.06247 1.75276e-19)
(26.0176 3.50315 -1.76654e-17)
(25.7412 3.28281 3.61024e-18)
(25.7731 3.27902 0)
(27.6056 6.9955 0)
(25.3286 4.15368 7.35686e-18)
(31.4708 2.02117 -3.05266e-18)
(30.233 0.819111 2.63107e-18)
(23.2088 5.88522 0)
(26.2538 1.3756 0)
(29.5098 1.27505 0)
(25.611 7.6561 -1.67634e-18)
(28.897 -1.49011 1.38678e-18)
(27.0984 1.51774 -4.07265e-18)
(25.6991 2.14156 0)
(25.7669 3.58044 1.87448e-17)
(25.9369 3.08894 -2.35375e-18)
(30.2336 7.19961 -2.07319e-18)
(25.7607 3.61732 -8.80726e-18)
(24.7854 2.19917 -8.05724e-19)
(25.8078 3.37935 7.23899e-19)
(25.8668 3.32971 2.01599e-17)
(17.8416 0.801445 -8.74287e-22)
(29.7632 1.38666 -3.19939e-18)
(26.0857 4.73212 0)
(31.8674 5.89961 1.76857e-19)
(25.5203 3.18931 1.06795e-17)
(25.4166 3.03678 3.20057e-18)
(24.0678 1.72926 -4.68305e-19)
(25.0132 3.13655 -2.21327e-17)
(27.1713 -0.555719 -9.07231e-19)
(27.03 7.18844 4.00065e-18)
(25.9933 3.11148 -2.14067e-18)
(32.9468 3.57838 4.09366e-18)
(21.9579 5.53656 -5.81333e-19)
(27.9424 0.187772 -1.50951e-18)
(24.1308 1.96695 -1.46247e-18)
(26.133 1.59964 -2.87957e-20)
(27.3542 4.97105 0)
(26.4128 6.03224 -1.29905e-18)
(26.2689 4.26548 -4.44531e-18)
(33.6577 2.84716 -9.10999e-18)
(24.8017 -0.647054 6.76342e-19)
(25.1367 2.34562 -1.62513e-19)
(31.3904 4.60663 0)
(24.783 2.17376 0)
(26.4623 4.92347 -1.11768e-17)
(22.0565 5.42229 0)
(30.4667 4.65178 5.88519e-18)
(21.2722 0.514649 -7.11551e-20)
(24.1293 1.78787 8.09943e-19)
(21.1078 0.800399 0)
(24.8116 3.76202 -1.00732e-17)
(23.4375 6.78176 -1.0245e-18)
(29.0802 3.88162 1.19894e-17)
(25.6843 4.70497 0)
(25.7158 3.6468 -1.13724e-17)
(25.8458 1.38141 0)
(27.5245 2.61168 6.65947e-18)
(25.0096 2.24033 -2.42224e-18)
(21.7953 -1.46509 -6.4628e-18)
(24.7427 2.18217 -9.57991e-19)
(29.3281 6.03575 0)
(24.4559 1.2103 -1.27568e-18)
(22.8874 3.77105 0)
(25.6299 4.45744 -3.95771e-19)
(31.8481 3.169 0)
(26.1976 -0.559854 1.59753e-19)
(22.6892 0.496127 -3.40323e-19)
(26.5237 3.00188 0)
(21.4418 0.184366 0)
(25.8296 3.37031 7.62387e-19)
(25.8935 3.30608 7.10939e-18)
(21.4027 -2.87485 -5.76855e-19)
(25.8081 4.27694 -2.33595e-19)
(21.7641 -0.218185 -3.95699e-20)
(22.3124 6.23841 -1.9994e-18)
(25.7878 2.52621 0)
(23.3519 1.91571 0)
(24.6913 4.48091 0)
(33.2515 7.15971 6.78665e-18)
(26.2165 1.97558 3.41784e-21)
(20.0579 0.637124 -8.19359e-19)
(22.3579 4.41066 1.91897e-18)
(26.7522 1.61668 6.64997e-19)
(24.2379 -2.66199 0)
(25.1237 1.83276 0)
(25.4914 3.39851 3.16813e-17)
(25.7676 3.49035 -1.38849e-17)
(23.2262 -0.263186 5.86055e-19)
(28.6533 1.11613 0)
(30.8633 5.36571 3.73249e-18)
(16.9581 -0.0515023 -1.31426e-18)
(21.3398 0.854401 1.07424e-19)
(25.41 2.40014 0)
(27.3321 2.31713 -5.70467e-19)
(27.1231 1.71433 0)
(23.427 3.04219 0)
(15.8621 -2.55202 -9.96596e-19)
(24.6234 2.06353 -7.8855e-19)
(22.6796 3.33588 3.22267e-18)
(30.2543 6.89984 0)
(24.6603 1.97909 -1.3481e-18)
(24.9703 4.12652 -7.17625e-18)
(25.7273 3.75833 -4.31728e-18)
(25.8027 3.74055 6.80874e-18)
(26.9387 3.27068 2.07532e-17)
(25.7541 3.62298 0)
(23.5653 2.49651 0)
(22.2665 7.38444 4.68429e-19)
(25.9306 3.75504 -2.92598e-17)
(24.9682 0.442657 6.58368e-19)
(26.5262 1.90646 -7.42089e-20)
(31.5573 5.65771 0)
(23.8924 5.32971 -4.72478e-18)
(23.2553 1.41981 1.77847e-18)
(26.3335 1.98136 -5.02076e-19)
(26.1451 1.99291 7.86629e-20)
(25.7998 3.39409 0)
(25.7662 3.3877 0)
(25.7584 3.39541 9.57206e-19)
(22.4109 6.93062 0)
(30.8947 2.52502 -2.09937e-18)
(29.2724 4.30585 5.76764e-18)
(25.0199 3.30334 0)
(25.751 3.63359 0)
(22.0825 3.19555 2.43738e-18)
(30.0478 2.03814 -2.7565e-18)
(29.727 0.181172 1.34071e-18)
(20.1636 4.28876 0)
(22.4269 -2.79964 1.99476e-18)
(23.4291 2.63736 -4.61935e-18)
(25.7649 3.61772 -9.76199e-18)
(25.7439 3.43068 -2.03184e-18)
(22.2016 6.12264 -2.81319e-19)
(25.7555 3.56435 -1.35117e-17)
(30.1502 2.04183 0)
(24.4526 1.8478 1.83725e-19)
(25.7541 3.38119 -1.5401e-17)
(25.9083 3.29734 -6.67251e-18)
(21.0106 1.28894 7.29424e-21)
(25.8017 3.46113 -6.39431e-18)
(30.5179 1.77849 0)
(24.6496 2.12304 0)
(25.7851 3.64836 0)
(24.6301 2.18193 1.89697e-18)
(21.1934 5.3736 -2.2592e-18)
(25.0647 1.58549 0)
(25.2243 3.56664 -2.19288e-17)
(26.4918 1.94488 -8.22899e-19)
(25.9585 2.75919 3.89304e-18)
(25.7513 3.62488 3.87006e-18)
(30.9801 5.74292 4.00737e-18)
(25.5699 3.15964 0)
(25.7345 3.59952 0)
(24.7073 -2.5999 2.30871e-18)
(25.657 3.65503 0)
(23.5403 10.2064 -1.48659e-19)
(25.7219 3.57866 -1.27023e-17)
(25.627 2.89775 -8.12029e-18)
(25.7463 2.48205 2.70545e-18)
(24.2121 6.52962 9.44019e-19)
(25.4515 8.48908 0)
(27.5489 1.56621 3.94255e-18)
(24.98 6.30285 1.48539e-20)
(25.295 3.87998 -9.2829e-18)
(22.7347 -0.0535624 0)
(26.6301 4.22605 0)
(25.0882 2.22441 -4.37488e-19)
(26.072 7.08931 1.74436e-18)
(25.9287 3.25205 -1.12348e-17)
(25.828 3.3828 -1.03862e-20)
(23.6262 1.87397 -4.82324e-19)
(25.7662 3.3688 -6.45602e-22)
(26.124 3.15456 1.04689e-17)
(26.0288 3.43124 -3.94062e-17)
(25.2185 1.73942 7.15325e-19)
(25.7828 3.59127 3.23769e-18)
(25.7378 3.45344 1.45369e-17)
(25.6334 3.63088 1.06169e-17)
(26.4454 2.81583 1.67614e-19)
(26.2467 0.079546 -1.6095e-20)
(24.5674 1.06916 0)
(24.6705 2.10035 4.293e-22)
(24.5424 8.75153 -4.37255e-20)
(25.4905 3.29824 1.99921e-17)
(26.226 3.66896 -6.48166e-18)
(27.2004 5.23706 9.6609e-18)
(25.3527 2.17064 -5.24637e-19)
(26.8326 0.982758 -2.72484e-18)
(29.0511 6.85134 -2.26377e-18)
(25.7773 3.54829 7.22466e-18)
(25.8825 3.8991 -1.5493e-17)
(24.4566 0.883373 2.65062e-18)
(25.6656 3.48382 -5.98915e-18)
(23.8526 1.75702 0)
(30.6551 4.79569 4.78397e-18)
(22.2851 2.74587 2.47412e-18)
(25.5534 4.69857 -8.89391e-20)
(26.0277 3.7286 1.28896e-17)
(22.4923 5.58097 0)
(25.7854 5.91694 -1.10923e-18)
(26.1751 3.25815 1.17745e-17)
(24.9205 2.15056 3.45483e-20)
(26.2855 2.90248 0)
(26.8275 2.31935 -2.09711e-18)
(28.9535 2.77167 0)
(25.7378 3.59433 0)
(27.3269 2.76157 8.42285e-18)
(25.7313 3.52799 1.02459e-18)
(24.4353 1.85731 0)
(25.4353 2.55351 0)
(30.7446 6.28663 -4.54108e-18)
(28.7534 0.310274 0)
(25.5649 2.7738 0)
(24.2943 1.95549 -1.48035e-19)
(25.7645 3.39354 -8.88177e-19)
(26.8375 -0.370614 0)
(25.7424 3.62424 1.22294e-17)
(25.1838 2.37408 -4.62114e-18)
(26.2498 1.60596 0)
(22.2798 2.19226 1.34893e-18)
(20.3583 1.28749 9.49031e-19)
(24.6894 3.82461 -1.70977e-17)
(25.7446 3.62088 -2.49464e-17)
(25.746 3.62202 -6.6763e-18)
(25.3065 3.08786 1.80846e-17)
(26.1868 3.91326 0)
(26.0555 2.8724 4.26478e-19)
(25.2463 3.44595 -6.6731e-19)
(24.2124 1.4927 0)
(23.1608 1.42953 8.3881e-19)
(28.0001 1.99829 0)
(25.474 3.82011 -1.85405e-17)
(20.7 6.48506 -8.55891e-19)
(24.2112 2.47649 -1.08581e-17)
(27.9695 2.41434 2.64716e-18)
(22.8284 1.89143 2.63407e-18)
(22.0973 5.8214 1.17129e-18)
(24.695 3.09967 2.00095e-20)
(25.7906 3.33897 -1.09184e-17)
(24.133 5.99071 -3.77339e-18)
(24.737 5.91862 -6.70287e-18)
(26.5219 4.6211 -4.93032e-18)
(22.1263 -0.311044 -1.4414e-19)
(26.1301 3.9 2.87521e-18)
(27.4546 1.91764 -1.01314e-18)
(25.8144 3.37384 -5.38864e-18)
(25.8597 4.81519 1.7513e-18)
(23.2385 1.02743 4.55223e-19)
(30.2555 3.07456 3.99502e-18)
(24.8562 3.35986 -6.02101e-18)
(25.4905 3.32383 0)
(21.3014 3.26802 -1.7103e-18)
(24.8285 1.26493 -7.92354e-19)
(25.183 9.82107 -2.08852e-19)
(21.125 5.28212 0)
(28.5108 0.544253 0)
(25.8517 3.32009 2.13816e-18)
(24.1664 2.48848 5.55884e-18)
(22.3736 0.392925 1.73738e-19)
(26.5774 1.98841 0)
(21.671 18.6615 1.65143e-18)
(21.9587 5.11865 -2.85829e-19)
(25.6264 3.35908 0)
(25.7957 3.50069 6.80086e-18)
(25.7937 3.70261 -8.8037e-18)
(23.9533 1.98389 0)
(24.0416 1.92575 0)
(28.8208 6.44915 7.2444e-18)
(27.4935 2.08819 8.56357e-19)
(30.317 7.27851 2.10659e-18)
(25.8131 3.51172 0)
(25.6726 6.23193 0)
(25.7496 3.5476 0)
(27.7484 0.275124 -1.81422e-18)
(26.9202 0.049013 1.10392e-18)
(24.8922 7.65255 0)
(30.8916 8.63435 -2.88884e-18)
(25.9822 3.39639 8.62816e-18)
(24.9558 2.27202 0)
(26.3132 2.00761 1.04931e-18)
(25.6008 3.68501 2.73053e-17)
(24.2563 3.9277 -1.12324e-17)
(24.326 1.94424 -2.63253e-21)
(24.9275 4.2126 0)
(21.8077 -2.84344 -1.70226e-19)
(26.064 2.06805 2.71689e-20)
(24.0557 4.35 -7.4184e-18)
(28.2437 3.38761 0)
(24.9571 8.60062 -1.51269e-19)
(25.7397 3.65402 5.8066e-18)
(24.4784 4.60132 1.38507e-17)
(23.3357 5.99081 0)
(25.3379 2.80207 -1.77771e-19)
(25.127 2.63334 6.61536e-18)
(25.5805 3.46177 1.20268e-17)
(24.7082 2.91282 1.43242e-17)
(20.1289 1.6012 -3.77092e-19)
(25.7881 3.46024 -1.65222e-17)
(26.9876 8.30302 1.42746e-18)
(26.3534 8.31762 -4.5908e-19)
(24.2607 2.96177 0)
(25.9434 3.67724 1.34195e-17)
(23.3443 0.306082 -5.38325e-19)
(18.1927 0.94917 0)
(29.3804 1.21472 -3.04073e-18)
(23.9049 1.80283 0)
(24.2671 4.18713 0)
(25.778 3.37594 -2.49567e-20)
(25.8868 3.52477 2.59958e-17)
(25.1863 2.21523 -4.62583e-19)
(31.2322 3.6354 4.4289e-18)
(23.9004 2.8944 0)
(25.9285 3.80356 0)
(23.169 4.99839 -2.37893e-18)
(25.4215 2.80836 0)
(31.0019 4.21263 0)
(26.2428 1.96843 -3.12317e-19)
(26.8834 3.95963 -3.18393e-17)
(20.7681 9.09065 -1.36876e-18)
(25.492 3.58828 2.81948e-17)
(26.743 1.59373 -8.14937e-19)
(25.9832 3.54326 2.86375e-17)
(28.0744 5.17601 9.24546e-18)
(24.8547 2.10553 -5.6655e-19)
(25.1573 2.63552 -3.75893e-19)
(25.3243 3.26812 -2.65571e-19)
(21.4873 0.207026 2.23104e-20)
(27.4671 2.71891 0)
(26.5316 6.87196 -2.4558e-18)
(26.0008 3.51723 3.11608e-17)
(35.2374 7.44441 0)
(25.4843 13.6715 -1.48419e-18)
(26.9221 2.05724 -9.94095e-18)
(24.6988 3.39004 1.17709e-17)
(25.2808 2.57019 0)
(25.988 3.34181 0)
(21.131 0.763744 -2.50675e-21)
(26.2185 3.21191 -1.43665e-17)
(24.5828 2.63445 -5.75606e-18)
(28.9606 0.30744 0)
(25.6957 3.27479 -2.81254e-18)
(25.3014 3.21728 -2.30709e-17)
(25.0402 2.30196 -3.30286e-18)
(24.2627 1.96782 -1.18957e-18)
(25.8558 4.09784 -6.05232e-18)
(25.7785 3.58479 0)
(24.6855 2.53736 1.93407e-19)
(31.0555 6.29559 -1.27249e-18)
(26.1688 1.98774 -7.76322e-20)
(16.9438 11.6782 2.41999e-18)
(25.97 11.1797 -5.10807e-19)
(25.3394 3.95991 9.75955e-18)
(24.9467 2.78525 1.06855e-17)
(25.2715 6.99739 -4.91382e-19)
(25.6467 3.42977 2.6863e-17)
(21.0939 5.08611 -5.10453e-20)
(31.0809 3.43275 -2.23199e-18)
(27.24 -0.368114 -1.23303e-18)
(25.9478 3.82377 0)
(24.7927 3.41185 9.4173e-18)
(24.3598 0.79591 1.18756e-18)
(24.4796 2.30988 3.08014e-18)
(24.3157 4.37758 0)
(25.8145 2.11596 8.77313e-19)
(24.8507 2.26184 -1.33928e-18)
(21.7868 0.247942 6.44653e-20)
(24.4523 7.55395 -3.35178e-19)
(24.5998 6.63302 5.506e-19)
(25.1541 0.0552511 -6.29539e-19)
(21.5403 0.0172729 0)
(22.8672 8.14081 -5.02572e-21)
(23.9127 3.36155 0)
(24.3721 9.6356 -2.49048e-20)
(25.8584 3.61283 2.63143e-17)
(23.4662 2.52035 -9.4323e-18)
(21.6414 1.75726 0)
(27.1782 0.668716 -5.26374e-18)
(25.5279 3.30473 -3.15473e-17)
(24.5801 0.935869 -2.32599e-18)
(24.0374 0.540698 -1.20753e-18)
(30.5527 2.21563 0)
(24.117 1.86558 1.59302e-18)
(25.3595 3.68928 -6.64756e-19)
(25.1846 0.529266 6.77897e-19)
(25.549 3.98213 1.53409e-17)
(25.1292 2.21551 -2.32742e-19)
(26.4476 4.00884 4.90055e-18)
(25.8411 3.46208 0)
(22.7421 -2.352 1.85506e-18)
(27.4087 0.511299 -3.45848e-18)
(22.0997 4.37926 -2.18041e-18)
(27.7843 8.36297 0)
(25.6069 3.8349 0)
(21.4191 0.217188 -1.68435e-19)
(31.6393 3.06522 0)
(25.7476 3.54785 0)
(25.7476 3.56328 1.18527e-17)
(26.3631 4.28061 0)
(24.9184 3.48686 -1.3556e-17)
(21.9761 0.215819 -1.55084e-19)
(25.5351 3.20945 1.07555e-17)
(19.9346 0.583356 0)
(26.0062 3.71797 -1.0881e-17)
(26.0018 2.98896 0)
(27.5797 10.2349 1.49383e-18)
(26.3278 1.44659 0)
(27.1115 1.9104 0)
(22.5548 7.88565 -1.63659e-18)
(24.8399 3.68646 -2.21061e-17)
(24.9263 2.61173 2.62614e-19)
(31.394 6.06191 -1.26138e-18)
(25.7718 3.55318 -2.28437e-18)
(25.6744 3.2628 1.41735e-17)
(25.8186 7.42446 -1.01083e-18)
(26.7431 2.12399 6.65562e-18)
(25.7768 3.47102 6.97518e-18)
(26.018 2.92829 0)
(25.9314 2.08548 -3.68006e-19)
(24.8261 2.25855 6.0732e-19)
(25.6322 -2.20005 -6.77854e-18)
(29.5566 0.834271 1.34661e-19)
(24.2497 1.81987 1.98223e-19)
(25.7246 3.61693 0)
(25.0295 2.32188 0)
(25.6594 3.17223 -1.61368e-18)
(22.7047 -0.55919 -2.22627e-18)
(31.0716 1.21134 0)
(25.82 3.43147 1.72221e-18)
(26.9133 -0.4652 7.48077e-19)
(29.2293 0.130547 -2.45345e-18)
(23.9714 -2.11222 -9.59501e-18)
(29.0676 1.50985 3.3534e-18)
(27.0167 1.64909 -1.31055e-19)
(25.8482 4.96084 0)
(24.7631 2.25885 0)
(27.0039 7.40602 -6.11647e-18)
(24.8348 2.26436 0)
(30.373 4.5811 1.22541e-18)
(24.4102 2.06251 0)
(29.8993 7.73325 2.10152e-18)
(24.6843 2.16681 9.43406e-19)
(25.6407 3.64067 2.88831e-19)
(25.6922 3.83568 1.89599e-18)
(30.4381 7.12456 -1.0764e-18)
(27.3547 1.41038 -2.65284e-18)
(24.1106 1.88619 0)
(24.8161 2.27838 0)
(25.6424 3.35749 1.40236e-17)
(25.7426 3.40856 2.40551e-17)
(24.8874 2.16029 0)
(23.5817 2.32279 0)
(23.9985 1.95275 2.70943e-18)
(24.0791 1.90617 -3.49812e-19)
(27.1831 2.30958 -5.53845e-18)
(26.6551 2.24493 -7.65362e-18)
(26.7373 0.000810041 2.37028e-18)
(23.1401 7.17221 8.79824e-21)
(26.0366 3.69112 0)
(31.3886 1.27709 0)
(24.78 3.79514 0)
(22.4561 4.75167 -6.70141e-18)
(25.4715 4.62828 0)
(24.7561 3.10487 -6.38939e-18)
(24.81 2.28536 0)
(25.9878 2.03276 -1.68511e-18)
(24.3952 2.928 0)
(26.8692 1.83151 -5.97246e-18)
(23.8685 -0.130918 9.41598e-19)
(26.4088 1.95674 -7.02311e-20)
(23.2903 1.81895 0)
(28.0988 1.1118 7.63164e-18)
(30.7892 2.42358 -2.13977e-18)
(24.8629 -0.096712 -1.86748e-18)
(27.6252 1.32629 0)
(23.028 -0.108885 -1.4984e-18)
(22.0054 3.69967 -2.40472e-18)
(25.0112 10.6497 4.87739e-19)
(25.1089 2.47676 -4.65034e-18)
(34.2114 4.08621 1.1604e-17)
(25.0504 2.35838 -3.29838e-18)
(25.0827 0.0670277 0)
(25.7835 3.39877 -5.01837e-18)
(29.6888 4.78756 -1.62276e-17)
(30.2343 0.905133 5.06925e-18)
(24.6421 2.08351 -1.15213e-18)
(26.8184 4.07433 -1.24122e-17)
(29.0572 8.42833 2.0323e-18)
(25.8112 1.40038 -8.23614e-19)
(29.0703 1.18155 0)
(30.6916 3.85652 0)
(24.5265 2.69646 0)
(28.0735 0.327749 0)
(24.8434 3.3997 -1.07273e-17)
(25.3616 1.56335 9.79688e-19)
(26.6306 3.71927 -2.32423e-17)
(26.8377 1.63565 5.31628e-19)
(24.7397 7.53591 1.07543e-19)
(25.8577 3.32281 -7.27392e-18)
(28.7956 1.13667 5.66497e-18)
(26.9637 1.9148 -5.90684e-18)
(29.9383 6.34383 5.60958e-18)
(22.2442 -0.365453 0)
(29.6294 2.4911 0)
(22.5615 -2.78237 0)
(27.8692 5.26985 0)
(25.1495 6.98661 0)
(24.6363 2.58169 -1.18117e-17)
(22.6982 2.31263 0)
(24.6709 1.08887 4.72782e-19)
(25.7527 3.63054 -9.87316e-20)
(22.3312 -0.457684 1.8986e-19)
(15.6204 0.198094 0)
(24.7371 2.50288 5.55491e-18)
(26.2767 1.94739 9.73153e-19)
(29.052 8.11648 8.10387e-19)
(25.9626 3.66556 -3.02476e-17)
(25.7555 3.04832 4.8295e-18)
(24.4706 1.89657 -3.33505e-19)
(23.2969 1.41902 -1.71529e-18)
(24.8164 1.24997 -1.13453e-19)
(26.7752 8.32577 -1.28738e-18)
(29.9224 5.82224 -4.34441e-18)
(21.3078 0.420739 -9.50974e-20)
(24.4671 1.85677 -1.83158e-19)
(30.1125 1.47813 -1.92084e-18)
(25.4885 3.32892 -2.32937e-19)
(27.0686 -2.14954 -5.34451e-18)
(26.5919 3.44972 2.03652e-17)
(24.8112 6.9246 2.68757e-19)
(24.8989 1.37558 3.16456e-18)
(28.7013 0.373515 -7.2839e-19)
(27.2216 1.46335 -4.70721e-18)
(22.904 5.45366 -3.83542e-18)
(22.4766 10.9079 4.66256e-19)
(23.6324 1.66733 -2.17514e-18)
(30.7292 3.19999 3.33174e-18)
(25.2342 2.19902 -9.44971e-19)
(25.7372 2.14623 1.48071e-18)
(25.6908 3.60468 8.53617e-18)
(29.4257 6.39175 4.47138e-18)
(24.141 6.36086 1.11162e-18)
(24.9731 3.1651 -4.072e-19)
(31.4739 4.46588 1.80098e-18)
(25.0239 2.14509 -3.01812e-19)
(25.7312 3.64545 -2.16309e-17)
(24.2594 2.26196 2.55506e-20)
(31.4866 2.59759 0)
(25.3762 3.01797 -7.10015e-19)
(26.8448 0.832742 0)
(23.7621 1.67096 0)
(23.9949 5.33511 4.26785e-18)
(25.7291 3.54761 0)
(24.2684 2.06852 0)
(27.2661 2.72139 0)
(29.7046 1.40065 3.04339e-18)
(29.7137 1.02807 -3.02255e-18)
(23.7957 2.06481 0)
(21.7458 0.978039 0)
(26.0413 3.88932 1.08474e-17)
(26.0907 4.80412 0)
(30.4123 1.69854 2.27461e-18)
(25.0094 0.903744 0)
(24.9476 -0.602398 2.38449e-19)
(26.2073 1.43397 6.35053e-19)
(30.1505 6.74435 -3.25766e-18)
(27.6053 3.43203 -1.30894e-17)
(27.1209 2.03645 0)
(21.2929 0.433722 0)
(27.3077 1.9008 -3.86021e-19)
(31.0722 5.99558 0)
(30.8118 3.88508 0)
(30.6939 5.22681 0)
(25.5935 6.15569 3.71794e-19)
(22.5115 -2.78692 3.3771e-18)
(25.9649 3.48048 -1.3627e-17)
(25.8296 3.4358 0)
(34.4888 11.4081 -7.15556e-18)
(24.9563 8.43104 0)
(23.0621 4.66598 4.71473e-18)
(21.9076 4.81009 2.98009e-19)
(31.9229 7.30934 0)
(25.8334 3.42474 -2.77134e-18)
(25.9278 3.70282 0)
(25.1137 2.37338 -2.7337e-18)
(26.0948 3.16534 2.22886e-17)
(25.8307 2.0971 4.03074e-19)
(28.5919 -0.106101 3.21671e-18)
(25.3236 4.08096 -1.2505e-17)
(26.2058 3.82076 0)
(26.7754 1.59825 0)
(22.5923 1.09761 0)
(25.5919 3.66109 -1.50626e-17)
(25.853 3.37887 4.97867e-19)
(24.6872 2.11822 0)
(19.8998 9.36503 0)
(30.7777 2.57949 3.06623e-18)
(24.4446 0.824146 -3.12199e-19)
(35.2549 11.3612 1.53055e-19)
(22.0282 5.59383 5.79724e-19)
(25.0056 2.74084 6.81385e-18)
(26.3007 -0.743721 -1.07053e-18)
(26.202 1.96753 0)
(25.4842 3.70738 0)
(25.8069 3.38164 0)
(26.5609 4.22549 -7.85498e-18)
(30.6521 6.38516 6.9346e-18)
(23.5895 2.26097 -2.21305e-18)
(28.6469 -0.0296629 -3.24524e-18)
(29.1314 3.26866 2.69234e-18)
(25.2261 8.50725 0)
(28.7984 -1.23377 0)
(31.5596 9.77001 0)
(19.1728 1.11693 -8.23395e-19)
(25.8375 3.39527 2.31551e-17)
(31.5466 5.55894 3.07616e-18)
(35.2939 7.8555 1.08693e-17)
(26.6764 6.13438 -8.7147e-19)
(25.6701 3.33037 0)
(27.7315 1.63072 -8.07138e-19)
(25.1014 15.2578 0)
(24.1245 1.1118 0)
(25.7581 3.49093 1.82796e-18)
(26.0778 0.126826 0)
(28.2397 1.09745 0)
(24.9559 3.7616 4.0144e-17)
(23.4528 10.7192 3.41658e-20)
(21.899 1.80585 -7.0457e-19)
(25.0837 2.22084 5.10247e-19)
(25.7077 3.62845 1.34742e-17)
(30.1077 5.50019 5.64104e-18)
(28.4233 1.03476 -7.5244e-18)
(24.4161 6.64309 7.87941e-19)
(27.3258 2.41772 5.18633e-18)
(25.6721 2.5458 -2.748e-19)
(26.2462 2.91981 0)
(22.2105 5.46845 5.41082e-19)
(31.8559 5.58728 2.77514e-18)
(21.6633 3.61747 7.84077e-19)
(24.6039 0.410154 5.78931e-19)
(27.4851 1.36153 -1.47791e-18)
(22.3718 6.18466 2.54869e-18)
(26.3552 2.46993 0)
(29.3279 1.24477 1.31916e-18)
(25.0997 1.66241 0)
(25.7029 3.62323 0)
(24.8342 6.06747 0)
(24.6147 6.96589 -4.84755e-20)
(23.3229 1.8454 5.28166e-19)
(17.2596 -2.12577 9.45988e-19)
(27.1308 1.70051 -4.81849e-19)
(24.945 6.20162 -5.01641e-19)
(21.9146 2.99669 -2.00613e-18)
(19.7059 -2.70922 0)
(30.2269 1.54142 -9.87435e-19)
(29.6094 1.00824 0)
(25.7715 3.48303 8.47544e-18)
(20.8579 4.96888 -7.81406e-19)
(25.5364 4.07582 -4.19596e-19)
(28.9318 1.159 4.06699e-18)
(23.5291 8.94197 -3.4273e-20)
(22.2231 0.638393 0)
(25.6285 3.26343 0)
(27.7684 1.29798 0)
(25.2139 2.09764 -5.89747e-19)
(23.5439 1.78795 -7.70911e-19)
(25.1406 3.31632 -4.71669e-18)
(34.5228 4.89114 0)
(23.8578 2.75268 4.58769e-19)
(25.0078 3.17949 3.96274e-19)
(24.9708 2.27177 9.68749e-19)
(26.5687 2.76518 2.21779e-17)
(29.2012 1.21989 4.71444e-18)
(24.5795 3.1554 1.55153e-17)
(28.3758 1.08464 5.04522e-18)
(25.3005 3.12366 -2.18177e-19)
(20.8566 0.899869 0)
(24.8447 1.65928 0)
(20.5598 4.45865 -1.96813e-18)
(25.7866 3.47006 1.79855e-17)
(12.9587 6.94802 3.29583e-18)
(23.9733 1.58007 -8.63676e-19)
(26.088 3.65733 1.5436e-17)
(24.1163 4.40755 -7.00227e-18)
(24.4669 4.52723 4.80771e-18)
(25.563 3.62843 1.57048e-17)
(23.8295 7.87626 0)
(25.5931 3.40529 3.38896e-17)
(22.0215 5.18318 2.83968e-19)
(13.8172 -0.876078 -2.14096e-18)
(26.0184 3.44923 3.69826e-17)
(24.9195 2.39277 -3.55911e-18)
(26.0688 6.26891 4.10566e-18)
(26.4632 2.7781 -1.67213e-19)
(24.2028 2.26607 0)
(24.2264 2.42701 5.59797e-18)
(26.3942 1.36843 3.35217e-18)
(29.5774 1.34408 4.45795e-18)
(21.179 1.03008 0)
(25.5959 3.14449 8.73876e-19)
(26.7057 4.85944 7.41445e-18)
(26.6529 2.06441 -1.91643e-18)
(24.7502 2.23354 -5.25609e-21)
(23.6955 1.86403 -4.59165e-19)
(25.5552 3.01257 4.50765e-18)
(23.85 6.44714 -2.68395e-18)
(25.5543 2.88779 -2.9709e-19)
(25.2082 2.61163 5.60981e-18)
(26.6905 7.55939 -9.83508e-19)
(28.5805 7.25539 4.27394e-18)
(25.6635 3.11098 7.52713e-18)
(23.2622 2.16961 1.73911e-18)
(23.5855 2.58995 5.30195e-18)
(23.7655 3.131 9.79318e-18)
(17.1909 14.111 0)
(29.8296 1.45919 -1.60764e-18)
(26.1891 3.87695 -7.78189e-18)
(28.4876 8.80668 -2.62014e-18)
(25.7015 2.13517 1.58721e-20)
(26.0127 3.48534 1.69663e-17)
(26.9759 1.75167 -5.90125e-19)
(28.4967 16.1354 0)
(22.1011 0.676978 0)
(24.8194 0.503723 -1.27022e-18)
(32.2062 0.822377 1.06788e-17)
(26.4496 2.03274 1.47205e-18)
(24.9084 1.68377 -2.98439e-20)
(26.1623 -0.306485 0)
(24.991 0.108568 1.04781e-18)
(25.9233 3.22177 2.30595e-18)
(26.5164 2.84389 6.23305e-18)
(25.7437 5.77379 0)
(21.6442 1.03353 8.50533e-20)
(24.143 1.87241 1.54489e-18)
(23.7166 5.84176 -6.32214e-18)
(25.2974 4.12138 1.64571e-17)
(25.5538 3.83065 1.08672e-17)
(16.2457 -0.866851 -1.75853e-18)
(24.8413 1.2613 -1.71647e-18)
(23.7631 1.8299 -2.15594e-19)
(29.934 3.87802 0)
(22.5919 7.3563 -4.12324e-19)
(21.1806 0.624023 1.61029e-19)
(31.1469 7.34595 4.23535e-18)
(25.7027 3.82014 -5.76319e-19)
(25.757 3.55276 -1.65045e-17)
(25.7141 3.67851 6.56864e-18)
(22.4004 7.57287 4.31792e-19)
(24.432 2.84499 -6.37262e-18)
(21.6153 -0.0121827 0)
(24.1507 2.39875 0)
(22.8658 1.65066 -1.41813e-18)
(30.4691 0.964004 0)
(25.6767 3.27984 0)
(31.8217 9.49713 1.88427e-18)
(27.4158 1.90634 1.30079e-18)
(28.353 4.73672 -1.35522e-17)
(27.0373 2.0717 9.75316e-21)
(25.433 3.32118 1.97616e-21)
(25.5481 2.54873 0)
(24.5455 2.30776 0)
(25.5728 3.20322 -8.1311e-18)
(25.3357 4.82981 -4.48192e-20)
(25.2357 3.8041 0)
(25.1274 1.6433 0)
(29.2606 0.0710489 -1.33932e-18)
(25.8413 3.39586 7.63136e-20)
(24.7624 1.71464 4.61135e-19)
(26.1975 3.37302 0)
(26.3029 1.93995 0)
(25.0449 3.07061 1.38211e-17)
(25.848 9.32993 5.87709e-19)
(28.5754 6.29825 -6.11744e-18)
(25.3773 2.99005 7.0987e-19)
(22.5531 4.98795 3.3306e-18)
(24.7806 2.26561 8.10899e-19)
(26.5639 1.4395 1.60933e-18)
(30.408 8.52761 0)
(27.7788 3.5681 -1.22599e-17)
(25.8424 3.90883 -7.51014e-18)
(23.7173 1.49379 9.00794e-19)
(23.6143 0.879584 8.98571e-19)
(21.2933 0.401705 0)
(22.823 8.33791 -5.77751e-19)
(24.2964 3.99649 0)
(25.5121 3.59138 -9.11466e-19)
(25.6608 3.13417 -7.3146e-18)
(27.093 1.69895 -6.71749e-19)
(25.8085 3.50148 0)
(25.9006 6.03565 8.74973e-20)
(24.9474 2.21178 -1.08472e-18)
(22.3804 7.37519 -1.70778e-20)
(18.1334 -1.83367 3.14857e-19)
(24.1377 1.75073 1.0196e-19)
(24.8545 2.1421 1.3391e-19)
(24.0897 1.18431 0)
(25.124 1.6623 9.77985e-20)
(26.1273 3.20521 0)
(25.734 3.13657 -7.0985e-19)
(25.6464 3.53895 2.2588e-17)
(24.76 2.20196 1.04042e-18)
(24.7344 2.2177 1.48688e-18)
(31.5258 3.12257 -1.72649e-18)
(25.7957 3.46254 7.13741e-18)
(25.6324 3.72177 0)
(23.6455 2.24116 7.14102e-19)
(22.8376 1.54588 -1.06767e-18)
(26.6877 8.14594 0)
(30.6976 3.1157 -3.34342e-18)
(30.1793 2.63784 0)
(25.9332 3.52651 4.58541e-17)
(23.2498 2.48489 2.27024e-19)
(23.6172 3.7374 -5.88505e-18)
(21.1794 0.677037 0)
(23.6534 3.19723 1.71083e-19)
(27.3573 4.18669 1.98423e-17)
(27.2978 -0.465616 8.94817e-19)
(25.7556 3.53115 -7.14589e-18)
(18.5503 0.942288 0)
(32.1982 6.26967 -1.38664e-18)
(15.4938 -2.10588 0)
(25.822 2.21023 -1.8963e-18)
(23.5694 1.9909 -1.66454e-18)
(25.7626 3.62116 -8.1253e-18)
(26.2269 1.96122 -6.40739e-19)
(28.1222 -0.147602 2.11305e-18)
(30.0581 4.62668 4.71513e-18)
(26.6043 0.0691075 0)
(24.9358 1.49512 2.14034e-18)
(24.7333 2.18984 6.05798e-22)
(25.1695 2.32636 2.54603e-18)
(24.9783 3.92431 0)
(26.5109 3.8313 -1.02607e-17)
(24.4482 2.31039 2.00111e-18)
(26.2903 3.3107 1.85432e-17)
(23.5289 5.65603 4.49976e-18)
(25.1235 2.31559 -2.72943e-18)
(25.4606 3.37239 -2.07839e-17)
(22.8009 1.96373 0)
(34.7067 5.36604 -8.11179e-18)
(22.5506 0.431354 -1.69279e-19)
(23.9111 6.78551 0)
(23.5719 6.90581 0)
(24.5917 2.17004 1.0022e-19)
(24.3857 1.96263 -1.25173e-18)
(24.7528 2.531 0)
(23.9488 5.018 -2.76969e-18)
(30.4288 1.63138 0)
(24.9252 1.52207 8.26033e-19)
(21.8663 -2.85301 0)
(24.7975 2.0471 6.12937e-19)
(24.7127 2.18695 8.69171e-19)
(24.8515 2.26732 0)
(25.2465 3.6671 -2.27124e-17)
(25.2888 2.36902 3.04283e-18)
(28.8108 7.27505 -4.65406e-18)
(22.8649 -0.408602 0)
(24.7732 2.26099 0)
(22.5346 5.08199 -2.49045e-18)
(25.7727 3.29898 1.05034e-18)
(25.7531 3.50452 0)
(25.4808 2.41549 3.57928e-18)
(21.9714 5.44964 0)
(20.8372 6.56959 -1.59478e-18)
(25.739 4.26484 2.96914e-18)
(23.647 0.58365 2.21531e-18)
(22.9654 2.44687 3.98053e-18)
(22.4801 7.67157 -8.14114e-19)
(31.3234 -0.00881959 -6.84471e-18)
(25.9302 3.28649 -5.73285e-18)
(23.0924 5.99881 0)
(26.6286 4.11885 1.58031e-17)
(23.8491 5.23857 4.90203e-18)
(24.5019 2.27736 -2.87853e-18)
(27.2613 4.35049 9.61066e-18)
(24.5969 1.64519 3.01225e-19)
(28.1725 2.85897 0)
(24.9996 1.64709 -1.76283e-21)
(25.7536 3.68708 3.25504e-19)
(24.478 2.8531 0)
(25.7643 3.38135 0)
(28.0708 -1.59594 7.04543e-18)
(25.8098 3.37855 4.96e-18)
(26.9031 1.57473 -3.5128e-18)
(25.4884 2.12099 1.20184e-18)
(30.3473 3.27773 -6.49303e-18)
(31.4667 3.31273 -2.59301e-18)
(30.8329 3.21449 -7.35415e-18)
(25.7802 3.40627 6.10821e-18)
(23.9514 1.75261 -8.80404e-19)
(31.3898 4.24882 -2.39818e-18)
(24.9282 2.08902 -5.90129e-19)
(25.1961 2.40629 9.87352e-19)
(31.3112 1.38584 -3.60342e-18)
(24.8021 2.26413 -8.00038e-19)
(29.8511 1.69627 2.85591e-18)
(25.0802 3.13317 -2.83681e-18)
(23.9507 1.65236 2.6777e-19)
(25.9125 3.25657 0)
(20.692 1.62108 1.14269e-19)
(27.0701 1.92423 0)
(25.1846 4.15869 0)
(25.7651 3.57576 -1.59071e-17)
(31.3603 7.32784 3.12915e-18)
(25.6241 3.12577 5.18137e-19)
(23.5805 3.95573 0)
(21.142 0.672137 -1.67502e-19)
(25.7592 3.61534 6.68333e-18)
(26.165 2.03278 0)
(26.204 2.03252 5.15311e-19)
(30.3289 1.58492 5.07952e-19)
(27.4555 6.30124 -9.79945e-18)
(26.8231 2.55517 4.10972e-21)
(27.9076 7.04575 4.58296e-18)
(26.9388 1.84017 -3.60908e-19)
(26.1546 1.12641 1.81676e-18)
(11.3729 5.23963 5.30751e-18)
(23.0605 2.36731 4.3483e-19)
(25.4298 3.41017 -2.06389e-17)
(21.7274 -0.116986 4.85756e-21)
(24.5979 1.14808 0)
(26.7071 3.05497 0)
(32.3592 7.642 3.40572e-18)
(29.6157 0.837883 2.82335e-19)
(25.0994 6.30896 1.7888e-19)
(29.6531 2.59847 0)
(27.8427 1.53083 6.88004e-18)
(26.6062 3.34619 0)
(28.2896 4.61602 -7.37161e-18)
(26.6635 4.17337 1.81522e-17)
(31.5999 3.13263 1.39655e-18)
(25.8076 3.36542 4.29125e-18)
(31.8254 5.69643 3.04323e-18)
(24.6767 2.17864 0)
(28.509 1.08111 4.28244e-18)
(34.9135 11.0378 1.61565e-17)
(21.2986 0.505328 0)
(31.0941 2.76407 -1.28039e-18)
(24.8601 3.76613 8.11562e-18)
(25.1017 2.31138 2.85978e-18)
(25.7497 3.43032 0)
(29.057 7.77095 3.73084e-19)
(24.9767 3.9637 0)
(27.4542 3.12929 0)
(22.2723 -2.8439 -1.32408e-18)
(25.7431 3.78989 -6.74881e-19)
(26.1259 3.62316 -4.9937e-17)
(30.8552 5.76431 -5.78619e-18)
(29.535 8.47801 4.22114e-18)
(29.1221 3.04623 0)
(30.8946 4.46362 0)
(22.0915 4.13672 0)
(25.1597 3.28898 1.38333e-17)
(26.0151 3.41454 -2.49762e-18)
(23.901 0.848656 0)
(24.8237 3.32344 0)
(27.0556 3.5042 0)
(26.1419 3.18026 -8.05617e-18)
(25.7674 3.64916 4.87269e-18)
(26.6076 1.16033 0)
(25.2152 3.24083 1.46506e-17)
(16.2624 0.104994 3.27883e-19)
(28.4527 7.89344 1.85901e-18)
(24.8793 2.29588 0)
(29.7813 5.20794 9.9502e-18)
(21.2385 0.559523 6.41864e-20)
(28.3403 6.43239 -5.30217e-18)
(24.9644 2.14552 -5.67663e-19)
(24.0975 4.92264 -4.28576e-18)
(26.8638 4.87969 8.64267e-18)
(27.3968 10.2622 -1.44026e-18)
(25.5104 3.29203 2.06929e-19)
(30.0517 7.1618 0)
(25.7989 3.45479 0)
(23.0441 4.33687 0)
(23.1115 1.41581 7.01582e-19)
(24.552 0.924246 0)
(31.1566 -0.147723 1.03925e-17)
(26.1573 -0.788039 -2.14516e-18)
(25.6422 3.13938 -5.15603e-19)
(24.6395 2.26963 0)
(26.331 1.91845 0)
(25.7162 2.10807 -7.69335e-19)
(30.5919 0.987951 2.97042e-18)
(24.8499 1.71031 1.77155e-18)
(24.7282 7.00132 3.3699e-19)
(21.6019 0.824138 3.75232e-20)
(24.1909 3.72041 1.36592e-17)
(24.8984 1.53258 0)
(26.8574 4.78729 -1.62522e-17)
(31.1037 4.08126 0)
(25.5416 3.33636 -2.22777e-18)
(25.68 3.54151 1.82612e-17)
(26.5658 3.03981 0)
(29.265 3.90761 0)
(25.8408 3.41159 -1.30655e-18)
(25.3822 3.47346 4.9982e-17)
(26.3145 2.93425 0)
(25.4602 2.5722 -3.6667e-18)
(25.3221 6.91134 0)
(25.0239 1.65504 1.49294e-18)
(25.0871 2.20385 -1.24669e-18)
(25.804 3.90086 0)
(25.8824 3.57436 -1.68067e-17)
(25.7508 3.49229 0)
(23.8146 -0.0987768 8.67502e-19)
(30.7698 3.04123 4.43041e-18)
(22.3114 2.81391 -2.96784e-18)
(25.6265 3.10292 0)
(24.7965 -0.0679519 0)
(26.2519 4.90955 0)
(24.7046 2.18774 1.97635e-18)
(24.7225 3.78416 0)
(26.1866 3.20887 -1.27985e-17)
(24.6923 3.92883 1.29591e-17)
(25.7832 3.65282 8.80527e-18)
(20.3844 4.11275 0)
(28.1385 2.43257 1.71684e-18)
(29.0479 6.40144 -1.1672e-19)
(22.186 4.39599 3.34762e-18)
(25.3365 3.08574 5.42998e-18)
(29.0074 0.666013 1.71363e-18)
(26.1511 3.93068 1.70791e-17)
(24.8431 2.58614 -6.01555e-18)
(25.7527 3.6335 2.99917e-18)
(25.6782 3.51021 -1.92297e-18)
(22.8536 1.43129 -7.38208e-19)
(24.678 2.30583 5.6191e-18)
(25.8033 3.52045 3.62229e-18)
(25.3877 13.2686 -1.12026e-18)
(25.3514 3.64427 -1.27835e-17)
(29.7624 0.263006 0)
(22.7074 1.41309 9.20173e-19)
(25.6418 4.76409 -1.03077e-19)
(28.2143 0.286091 7.66634e-19)
(24.4517 2.04464 -2.1403e-18)
(26.3748 -2.27598 0)
(24.2991 3.86846 0)
(25.445 3.32315 0)
(24.2266 1.68022 2.07894e-19)
(24.3962 1.98567 1.1599e-18)
(26.2078 4.70119 -5.32661e-18)
(29.0822 6.1527 -3.54694e-18)
(25.8326 3.42372 1.42994e-18)
(30.4299 2.10016 0)
(29.9202 3.7503 0)
(23.4538 0.661683 0)
(25.3243 -0.0221422 0)
(24.9097 2.29379 -6.83858e-20)
(25.5691 4.08658 2.26336e-18)
(30.4905 2.84022 0)
(24.1985 2.38982 0)
(26.4787 4.84521 0)
(24.9049 3.04417 3.03177e-19)
(25.6401 3.62144 0)
(25.7337 3.65608 -7.63551e-18)
(22.0382 4.8775 4.54157e-18)
(25.7581 3.69187 -1.56695e-18)
(26.7484 4.10663 9.54985e-18)
(22.1097 -0.831106 -4.35836e-18)
(30.0412 0.7744 2.70754e-18)
(26.8015 2.99589 -2.52564e-18)
(24.8312 1.70377 2.30544e-20)
(25.7912 3.37575 -7.18107e-18)
(21.1515 0.63277 0)
(24.1316 1.73086 -1.08003e-19)
(22.2049 -0.601381 -4.04608e-18)
(25.8911 3.87677 1.83795e-17)
(27.5087 1.95865 1.24927e-18)
(18.9071 19.6373 0)
(21.9104 -0.240833 0)
(25.2221 1.69765 -1.38936e-18)
(23.6 0.802509 -6.44487e-19)
(23.2213 0.496515 -5.25339e-19)
(25.6794 4.81217 -1.18489e-18)
(25.4603 3.86158 -9.40007e-18)
(26.0061 2.07626 0)
(25.8125 3.22733 -1.70004e-18)
(25.843 0.0797371 0)
(23.6879 3.13154 0)
(25.7655 3.58513 4.78306e-19)
(26.7069 4.78027 1.53893e-17)
(19.1918 12.3688 8.49701e-19)
(24.6038 6.85697 -9.25355e-19)
(25.8295 4.08489 4.67945e-19)
(26.2555 1.94008 -6.75096e-19)
(25.6229 3.37549 4.18108e-18)
(22.8636 17.3151 2.11344e-18)
(22.3817 2.94212 0)
(20.4139 1.56392 0)
(25.3672 2.81377 -5.2387e-18)
(26.2614 8.2494 5.39362e-19)
(25.4593 2.26233 -2.76849e-18)
(24.8639 2.14833 -1.3042e-19)
(26.6532 0.160867 -8.54859e-19)
(16.0764 -1.04506 -8.43275e-18)
(21.5418 2.08795 1.28788e-18)
(23.7387 1.9078 -9.32472e-19)
(23.353 2.16792 1.72266e-18)
(25.9423 7.25951 0)
(26.9286 0.723461 4.31061e-18)
(23.3854 6.88011 -3.98675e-20)
(25.7961 3.3085 5.12213e-18)
(25.1631 1.70856 0)
(30.7882 4.50706 -3.34483e-18)
(27.1311 1.91821 4.35266e-19)
(25.8186 3.75577 4.33863e-18)
(27.6431 5.61605 0)
(27.4172 3.30853 9.19477e-18)
(24.9918 2.20031 -1.02332e-18)
(25.7756 6.20005 1.64621e-18)
(22.364 0.0827197 0)
(24.5338 2.27976 0)
(19.5354 1.13565 0)
(28.6851 7.33451 -6.47546e-18)
(25.6138 3.69271 0)
(21.9827 5.03505 0)
(28.8177 7.13849 2.09468e-18)
(30.394 -0.683328 -3.76025e-18)
(25.3883 8.40285 0)
(24.2141 1.8319 -1.18907e-18)
(26.1148 3.65634 -1.85102e-17)
(26.4732 2.80536 5.20232e-18)
(20.5511 1.81017 6.62866e-19)
(32.0196 6.36498 0)
(26.694 1.06316 7.83037e-21)
(25.8336 3.45385 2.50507e-17)
(26.5854 1.45325 4.57901e-19)
(24.992 2.22212 -1.77436e-19)
(27.0778 -1.93883 -7.66062e-20)
(24.6565 2.13221 1.67892e-18)
(20.1231 9.62912 -1.18441e-18)
(23.3229 2.95811 8.94276e-18)
(24.9209 4.15851 0)
(24.5486 4.62637 -1.29046e-17)
(24.9618 2.2848 0)
(23.6767 2.80817 -1.2018e-17)
(24.0779 4.27423 1.86668e-19)
(23.2599 5.05901 0)
(23.0067 2.34196 0)
(25.1866 1.7156 4.91366e-19)
(26.9031 10.0674 -7.28999e-20)
(25.3151 2.82638 0)
(23.9972 2.87022 -1.27248e-18)
(14.1823 -0.907147 0)
(24.978 2.14986 3.0536e-19)
(25.6481 3.09653 -2.39267e-19)
(25.5884 3.17161 -1.80887e-17)
(28.4543 6.5157 8.79155e-18)
(27.4371 2.63515 -8.97135e-20)
(26.8276 1.8895 5.23686e-18)
(30.8996 4.35501 3.62027e-18)
(20.5978 6.76206 0)
(31.1747 4.02418 0)
(28.8801 5.6338 1.44106e-18)
(25.6026 3.67173 -1.3241e-17)
(23.8816 2.82815 5.72194e-18)
(26.78 4.92316 -7.53373e-18)
(24.0403 0.652549 3.61009e-18)
(23.6262 3.81778 1.09974e-17)
(29.8374 3.96319 -7.79397e-18)
(27.3315 0.431561 -8.77658e-19)
(23.7867 1.8568 0)
(29.5191 2.46433 0)
(28.8837 8.46503 -1.596e-18)
(26.412 4.30775 -1.54936e-17)
(25.9665 3.5343 0)
(26.6527 3.37018 1.98017e-17)
(22.715 1.07247 0)
(26.4654 8.26198 -1.6734e-18)
(25.0949 5.98992 1.31761e-18)
(24.1316 2.44816 0)
(27.1408 2.68982 1.44244e-17)
(26.459 4.26717 1.39824e-17)
(25.7374 3.38855 -2.07338e-18)
(23.4284 0.815055 0)
(27.0811 8.22337 1.45683e-18)
(24.4131 1.99311 -1.10279e-18)
(27.046 0.11475 -1.64365e-18)
(17.782 0.833401 0)
(24.9703 1.54578 0)
(24.2418 3.38382 2.63446e-17)
(19.5043 1.27552 -4.89636e-19)
(23.1799 4.89497 -2.24233e-18)
(27.2286 1.96985 0)
(26.8127 3.28249 -2.5802e-17)
(25.9692 3.33922 -1.34982e-17)
(23.2559 2.22435 -1.81745e-20)
(24.7094 2.9628 -1.3279e-17)
(28.9105 2.14282 0)
(30.87 3.05465 0)
(26.426 0.897875 -1.04779e-18)
(26.8715 3.89255 2.00888e-17)
(32.0101 9.54022 0)
(28.576 6.43998 -6.2664e-18)
(25.749 3.4252 0)
(25.6769 3.59544 0)
(27.3991 6.41588 -6.81456e-18)
(25.754 3.63991 -8.82827e-19)
(25.7474 3.64714 -4.00299e-18)
(25.7534 3.56467 1.27793e-17)
(26.2263 3.24674 1.46179e-17)
(34.8011 5.78907 -1.40753e-17)
(28.0795 8.25949 2.24675e-20)
(23.3384 8.14793 -7.01147e-21)
(25.3113 2.57938 5.04587e-18)
(25.8421 3.27861 -3.61613e-19)
(25.8341 3.38449 0)
(23.0869 3.07429 -5.1738e-18)
(25.8462 3.37909 -1.8677e-19)
(24.2989 4.12218 0)
(25.0241 -0.0381627 6.1737e-19)
(21.0714 3.42177 8.97984e-19)
(32.9894 10.3676 0)
(27.547 3.16171 0)
(30.9024 3.14237 3.86052e-18)
(25.8826 4.07762 0)
(23.5229 4.01871 0)
(21.1277 4.97917 -1.2377e-18)
(24.984 2.30301 -1.37528e-18)
(25.2142 1.72649 7.72106e-19)
(27.3698 4.34727 -2.72915e-17)
(22.956 2.37921 0)
(25.4197 3.38569 0)
(27.0614 1.78096 0)
(23.7236 6.02138 3.09514e-18)
(25.7894 3.37552 0)
(25.9479 3.54053 -4.49218e-17)
(25.6584 5.70986 -8.27801e-19)
(25.8338 3.47393 1.50685e-17)
(26.1009 -2.30098 0)
(29.2368 3.08566 -1.34387e-17)
(25.7284 6.02107 0)
(22.7915 3.63145 -3.35958e-18)
(26.5777 7.48679 0)
(25.7696 3.5879 -6.82353e-18)
(25.7599 3.3702 3.38936e-19)
(27.9923 5.59576 -2.12335e-18)
(31.0241 3.92166 -4.1184e-18)
(22.5177 4.82877 0)
(28.3558 3.41798 -6.8189e-18)
(29.6295 0.781354 -2.8029e-19)
(22.649 1.85034 3.34497e-18)
(31.3006 3.11149 0)
(25.1317 9.09732 -3.34189e-19)
(24.054 0.494021 6.30275e-18)
(24.8265 2.28731 -1.2144e-18)
(25.3347 3.56113 0)
(25.64 3.52943 -2.12925e-17)
(30.7578 2.19404 -2.20865e-18)
(31.3251 6.20538 1.39752e-18)
(25.7403 3.68119 -5.13654e-19)
(27.508 2.00438 -9.58205e-19)
(26.358 1.91 6.68121e-19)
(21.179 0.657353 -1.84547e-20)
(22.3246 0.170951 2.24702e-19)
(22.6669 7.1916 0)
(27.2409 1.6792 2.15688e-18)
(24.8713 4.53516 5.12804e-18)
(22.4931 4.66766 6.94828e-18)
(24.5145 2.38756 2.74235e-18)
(24.7829 3.61512 9.29351e-18)
(25.0323 2.63442 -3.32973e-18)
(25.7245 2.10608 -4.06848e-19)
(25.0388 1.59429 1.64736e-18)
(25.8486 7.19254 -4.37468e-19)
(29.3255 2.24517 0)
(25.1108 2.66227 0)
(24.6858 2.23592 -2.55863e-18)
(24.6254 1.97801 2.96581e-19)
(25.572 3.93894 0)
(25.7313 3.59981 1.4283e-17)
(26.7789 4.73922 -1.53796e-17)
(25.8335 3.41435 -3.36235e-18)
(29.8545 6.80817 0)
(27.9182 8.15868 0)
(25.7548 3.32833 2.18009e-18)
(25.0029 4.27815 0)
(25.4733 4.4281 0)
(25.5806 -0.450233 0)
(19.2772 0.866322 0)
(24.5377 2.98592 1.06731e-17)
(22.6511 2.28365 -2.43482e-18)
(25.035 2.33322 -2.12576e-18)
(24.8339 2.27006 9.90162e-19)
(30.2503 3.42333 0)
(31.3936 5.81976 -6.63044e-19)
(20.9233 3.02416 -1.15051e-19)
(25.5496 3.53984 1.84856e-17)
(25.1358 4.66558 -2.63225e-18)
(21.3768 0.276741 0)
(28.0786 0.239011 7.64503e-19)
(26.6717 8.27173 1.29441e-18)
(23.0934 4.58167 -2.39572e-18)
(25.232 3.46862 0)
(25.3641 -0.671813 -1.6286e-18)
(21.2922 -2.79452 1.21811e-18)
(29.0139 2.02811 0)
(27.4166 4.26218 2.33544e-17)
(27.1905 0.727742 4.63829e-18)
(25.7389 3.67409 1.99069e-18)
(22.8472 2.5023 2.3059e-19)
(25.7518 3.62126 4.40319e-18)
(27.2703 2.61812 1.65723e-18)
(24.0231 -0.0803628 -6.73615e-19)
(28.0551 -0.212257 -2.97699e-18)
(27.0545 6.97136 4.23854e-18)
(24.5905 2.939 2.12049e-18)
(23.4658 6.95339 0)
(23.1294 4.73707 -2.36243e-18)
(25.5969 3.42317 -1.55473e-17)
(30.0746 5.37538 0)
(25.879 5.92287 -1.79416e-18)
(24.3155 1.83163 -4.16016e-19)
(15.1826 3.9933 7.47431e-19)
(27.8487 1.71626 -4.50594e-18)
(28.4734 0.554637 3.10848e-18)
(24.1285 3.68629 -3.18048e-18)
(24.7195 2.13125 -1.02538e-18)
(24.1587 3.46998 0)
(25.336 3.69173 -8.2415e-18)
(26.4964 1.64533 0)
(26.2806 1.93323 -6.5413e-19)
(27.7672 5.99512 -1.90067e-18)
(23.5368 1.9589 -1.66476e-18)
(22.2578 0.565089 -2.09779e-19)
(21.9586 4.88674 -2.7084e-18)
(24.7498 2.01945 -5.46153e-19)
(20.7718 -2.78342 7.98216e-19)
(16.4583 18.396 1.684e-18)
(26.0111 4.64378 2.18339e-18)
(25.916 4.93069 0)
(25.2882 3.27934 9.39633e-20)
(24.2005 2.21435 6.33687e-19)
(27.7407 6.11321 -1.75971e-18)
(24.9996 2.20163 0)
(25.8553 4.74715 4.84027e-20)
(28.2253 3.5995 0)
(25.7296 2.1298 -1.8585e-21)
(30.3815 1.56581 0)
(26.2987 2.36269 2.44666e-18)
(25.4367 3.36881 2.09794e-17)
(25.3248 4.01674 3.4372e-19)
(20.4657 -2.60307 0)
(23.1795 3.95877 -1.28277e-19)
(30.5147 3.36663 -7.06091e-18)
(31.3605 3.83604 2.32827e-18)
(24.8472 2.27584 1.29893e-18)
(25.245 3.77186 0)
(25.6074 3.3977 0)
(25.3409 2.14226 -1.14105e-18)
(25.2647 3.83131 0)
(23.2902 1.25446 0)
(24.8454 2.71592 8.733e-18)
(26.2777 2.39976 -1.62148e-18)
(24.025 2.2436 2.15406e-18)
(27.4732 2.02851 9.33335e-19)
(24.9833 2.91957 1.93018e-19)
(24.3099 1.97755 1.5964e-19)
(24.5528 1.15221 -1.45298e-18)
(23.6605 5.9285 3.35016e-18)
(26.793 7.48475 8.97417e-19)
(31.4434 3.86327 6.17325e-19)
(26.3504 4.99756 3.92286e-18)
(25.7489 3.38893 1.88482e-17)
(25.9704 6.21072 -3.18231e-18)
(21.6112 2.23972 -1.11485e-18)
(26.0311 9.40098 -1.61877e-19)
(25.8475 3.3886 -1.23507e-17)
(23.1012 4.26409 2.1416e-18)
(26.279 3.35199 0)
(24.8554 1.29236 -2.1392e-18)
(22.1544 4.08105 -2.17881e-18)
(29.3547 18.0218 2.6525e-18)
(27.7086 7.87383 1.63659e-18)
(21.7768 0.852831 1.25286e-19)
(25.7572 3.37444 -2.68861e-19)
(32.0556 9.75646 -2.45068e-19)
(23.6381 4.13112 5.79996e-18)
(23.4103 5.51694 3.61667e-18)
(26.7375 5.21684 0)
(29.9322 6.21434 -2.91057e-18)
(25.9704 2.17594 0)
(30.6452 2.77585 -1.86408e-18)
(31.0629 6.92402 -2.83156e-18)
(29.2436 3.2149 3.38032e-18)
(24.741 1.49272 -8.38201e-22)
(25.4555 -0.428041 -6.05962e-20)
(23.5496 4.10957 3.18975e-18)
(28.9095 2.05432 0)
(28.1312 8.15416 -4.59205e-20)
(25.6407 2.81673 4.29178e-19)
(20.8485 1.64847 0)
(25.1211 0.565891 0)
(24.9869 2.87536 -1.08235e-17)
(15.9169 -1.83995 3.29793e-19)
(24.8987 1.50486 8.16633e-19)
(24.4127 1.91666 0)
(26.7373 3.00024 0)
(29.2137 2.23547 0)
(27.2492 1.86408 2.52613e-19)
(25.66 3.34337 4.94011e-21)
(23.8139 2.80977 -5.4808e-18)
(23.664 3.97578 0)
(23.6936 4.05877 -5.42617e-18)
(28.9906 5.97591 -7.17476e-18)
(25.7362 3.38866 -2.39057e-19)
(28.515 1.53616 2.89438e-18)
(15.8703 4.92938 0)
(25.2945 3.00646 0)
(24.4829 0.832769 -8.09585e-19)
(29.6484 3.65805 -2.94501e-20)
(26.5271 1.41376 8.44634e-19)
(25.7193 3.14962 0)
(25.4939 0.0406873 -1.45195e-18)
(24.7286 17.674 5.99404e-19)
(22.5586 2.04367 -1.20755e-18)
(25.824 3.41999 -2.06929e-18)
(25.6802 3.60483 0)
(35.3603 9.37549 1.57938e-17)
(22.2001 5.02447 -1.89273e-18)
(18.8235 -2.72452 0)
(30.1522 6.59836 3.50882e-18)
(22.6033 2.32155 0)
(24.9416 2.20542 5.45903e-19)
(27.5668 3.26188 -1.20482e-17)
(23.995 0.716095 0)
(16.2074 -0.38424 4.44685e-19)
(25.5976 3.64868 0)
(25.744 3.31524 1.19938e-17)
(31.458 3.94836 1.85053e-18)
(25.6281 3.71013 -1.01789e-17)
(26.9988 3.4569 -1.14444e-17)
(24.4532 1.8991 3.56131e-19)
(24.7771 2.14223 1.4223e-18)
(23.6121 8.35353 0)
(29.4528 1.28022 -1.53822e-18)
(26.3081 1.98478 -3.5378e-19)
(24.0475 7.50442 -9.46605e-19)
(26.3816 1.88782 -6.9117e-19)
(27.2699 6.42484 0)
(19.2126 0.0934746 2.6704e-18)
(28.985 -1.35348 1.26235e-17)
(24.7236 2.19058 9.26765e-19)
(25.7897 3.4331 -9.81125e-18)
(25.1974 3.33674 1.7463e-17)
(24.6649 2.27869 -2.40796e-18)
(30.8123 5.57646 2.04326e-18)
(30.8695 1.11297 -3.26488e-18)
(25.7071 3.61682 2.08864e-17)
(25.8257 3.38538 -1.7026e-18)
(26.1367 2.05925 -1.18493e-18)
(25.6393 3.69938 2.53105e-19)
(24.878 8.86147 0)
(24.4867 1.13249 -6.50577e-19)
(26.7716 6.02953 1.26672e-18)
(22.7143 -0.460885 0)
(22.856 3.22697 0)
(28.7214 -0.0191718 -1.12591e-18)
(25.7341 3.39977 2.49886e-19)
(26.3665 0.937489 9.18739e-19)
(26.2606 3.29174 0)
(25.5277 3.34403 -5.85627e-19)
(32.6142 1.56918 0)
(25.0472 2.2349 -4.18372e-19)
(25.62 2.78474 4.0205e-18)
(25.7508 3.62261 -2.54788e-18)
(25.258 2.59226 -6.82916e-19)
(26.3583 2.94762 1.35677e-19)
(24.458 1.45841 4.67524e-18)
(29.2073 0.598731 1.05901e-20)
(31.6907 5.08921 -1.33912e-18)
(26.0766 10.836 1.41879e-18)
(25.6169 3.27247 -4.71076e-18)
(24.9109 1.39056 0)
(24.8671 1.30748 1.99224e-18)
(29.6699 0.903221 0)
(29.8295 6.40883 0)
(31.9631 7.44226 0)
(20.294 1.6697 0)
(25.5261 3.88759 -7.00099e-18)
(25.0988 0.212981 0)
(24.8286 0.0241015 0)
(31.385 4.51062 -3.94762e-20)
(24.0904 2.27867 0)
(31.2997 2.8362 -2.87929e-18)
(24.7512 2.25996 0)
(26.1157 10.2871 0)
(26.5468 0.0808074 -2.62024e-18)
(24.7368 3.64215 -2.09563e-17)
(29.9945 3.54222 4.4111e-18)
(16.2544 0.0587734 -1.67646e-18)
(17.2925 -1.84653 3.00827e-19)
(26.7146 5.29796 1.06533e-17)
(29.1928 7.9 2.62224e-18)
(26.646 3.42952 -1.2696e-17)
(27.5431 6.06322 0)
(23.5771 0.0699767 3.62267e-18)
(26.3381 -0.999966 0)
(17.5303 9.96041 -7.30932e-19)
(25.7633 3.61324 0)
(31.4802 4.73719 -2.6775e-18)
(29.8592 1.84419 2.60497e-18)
(31.9572 7.68138 1.48876e-18)
(26.4271 8.79544 5.0914e-19)
(23.5472 1.91873 1.85501e-18)
(25.7806 3.99951 -2.39552e-18)
(25.7384 2.13015 -5.31516e-19)
(22.1227 4.22398 -2.29874e-18)
(25.1978 2.73562 -1.61749e-18)
(25.7709 3.6359 1.05462e-17)
(25.8279 3.37135 -4.47482e-18)
(24.7423 2.12874 0)
(25.8433 3.30754 0)
(25.453 3.83899 1.38771e-17)
(25.764 3.68852 6.62915e-19)
(27.3948 4.80645 -1.67935e-17)
(20.2307 1.54135 0)
(26.5199 4.68344 -1.64036e-17)
(25.2024 -2.4936 4.85103e-18)
(24.7121 1.14748 1.41179e-18)
(26.5233 1.75844 0)
(25.6927 3.57543 -1.99478e-17)
(23.0892 4.42447 0)
(26.5006 3.78277 -1.83207e-17)
(25.6701 3.30451 1.42247e-17)
(31.6949 5.57175 1.43789e-18)
(29.7433 5.06838 -8.46474e-18)
(26.1412 3.00535 -9.40533e-18)
(25.7629 3.64726 3.23624e-18)
(26.5183 1.22305 9.33415e-19)
(24.4276 2.78517 7.13916e-18)
(28.9595 2.3709 -1.26061e-17)
(22.511 2.66214 5.81601e-19)
(25.1816 2.42777 0)
(30.5227 -0.575038 -7.64175e-18)
(25.7597 3.48642 -1.68973e-17)
(29.4105 8.48058 3.02648e-18)
(21.5297 0.84623 -1.32296e-19)
(26.3041 1.91121 0)
(25.5003 3.88893 -4.28165e-18)
(27.3465 10.1006 -1.2072e-18)
(31.4752 4.2006 5.18635e-18)
(25.0196 3.99072 9.05584e-18)
(23.4126 0.113437 0)
(22.6103 5.14461 -8.21586e-19)
(25.1102 2.3267 -2.87476e-18)
(28.0084 5.71929 2.22007e-18)
(25.4439 -0.696317 5.13858e-19)
(25.5143 3.35962 2.14589e-18)
(21.5648 4.3716 -7.67894e-19)
(27.0471 1.79672 -3.55722e-20)
(26.7615 1.50754 0)
(24.5552 3.09632 -1.56788e-17)
(30.7164 8.04036 0)
(25.3349 3.53136 3.153e-17)
(25.415 3.68404 0)
(25.3162 2.15494 5.18254e-21)
(27.1856 2.05476 1.12528e-20)
(24.7183 2.18319 0)
(25.2606 2.44315 -5.02309e-18)
(24.6675 1.02475 0)
(25.5381 3.60895 5.30988e-18)
(25.8138 3.37508 5.5517e-18)
(24.7287 2.26821 0)
(25.2583 -0.00355388 7.0115e-19)
(30.0223 5.59186 8.32516e-18)
(34.1904 3.89267 0)
(22.4406 4.41543 1.60445e-18)
(26.0149 0.139043 0)
(30.9185 4.14165 -4.16061e-18)
(25.8041 3.37513 -6.84346e-19)
(26.8327 3.05178 2.07569e-17)
(24.6774 2.21478 7.71691e-19)
(24.6158 2.33536 2.61936e-18)
(24.7652 2.15134 -1.15533e-18)
(16.2694 5.23294 -4.43782e-18)
(25.7735 0.106033 1.31828e-18)
(32.0954 0.709913 -2.66559e-18)
(25.1521 3.25096 0)
(23.6326 0.656285 0)
(24.6668 2.13636 0)
(25.9276 3.07276 -2.71054e-19)
(25.654 2.13919 -9.09393e-19)
(21.7162 0.219826 -7.37574e-20)
(18.504 1.03009 0)
(25.8239 3.3331 8.41462e-19)
(27.3279 1.88763 0)
(27.0246 3.5859 1.52034e-18)
(30.7569 2.05622 -2.57893e-18)
(26.8063 1.56017 -3.87453e-19)
(25.0799 2.56109 0)
(27.0653 0.745902 -1.97298e-18)
(25.2757 2.16359 -5.39566e-19)
(25.7302 2.10434 8.15294e-20)
(25.7019 3.1191 0)
(24.7323 3.97887 0)
(28.608 7.10747 -3.90798e-18)
(25.2969 2.31557 -9.48298e-19)
(25.7454 3.68111 -1.62165e-18)
(25.0239 2.2231 1.98443e-18)
(30.4464 2.75883 0)
(25.7017 3.27982 -6.04559e-18)
(29.9584 4.26485 0)
(24.4215 1.98021 1.19449e-18)
(30.2357 16.9013 4.04432e-18)
(23.0054 3.07386 0)
(25.8087 3.44043 6.06318e-18)
(30.9859 9.17856 -1.505e-18)
(26.7674 -2.1087 0)
(25.7833 3.3717 9.54027e-18)
(28.7042 -1.57765 -1.40045e-18)
(25.8058 3.75696 -1.15931e-17)
(25.7314 3.6628 3.63937e-18)
(31.2931 3.8975 -4.63857e-18)
(24.799 2.55689 -5.75351e-18)
(25.086 9.20677 1.59348e-19)
(24.8132 2.13816 -4.97049e-19)
(25.7985 6.09 -9.69684e-20)
(30.1791 4.21634 -5.84882e-20)
(26.482 1.45354 3.86651e-19)
(27.9622 8.2681 1.084e-18)
(29.937 7.19834 -1.8403e-18)
(26.0288 3.82493 0)
(26.4588 2.66595 -1.15159e-17)
(27.5298 1.99637 9.65412e-19)
(25.4245 3.31956 6.49798e-19)
(24.6964 1.04979 0)
(23.1225 3.28913 5.14218e-18)
(26.4081 1.87968 3.53249e-19)
(26.0654 7.21074 0)
(18.5271 -0.400235 0)
(27.6149 6.16312 3.65305e-18)
(29.3703 2.34354 7.25987e-18)
(27.9618 1.8373 3.23116e-18)
(22.0194 4.71295 1.0385e-18)
(23.7984 1.77749 2.19476e-19)
(27.5992 0.339771 0)
(22.8609 0.44918 0)
(23.2449 2.94631 -2.27257e-18)
(24.5857 2.33453 2.73296e-18)
(28.1357 5.28558 1.02282e-17)
(16.6449 4.81128 6.59583e-18)
(25.4477 6.89392 -3.36601e-19)
(21.4542 0.130308 0)
(29.0686 2.1243 0)
(25.0105 2.20981 -1.62545e-20)
(25.6521 4.54974 -1.35004e-18)
(27.0928 1.70904 5.60751e-19)
(23.2037 3.01331 2.42316e-18)
(25.0216 2.86184 5.04406e-18)
(31.2743 2.65572 1.37858e-18)
(25.1227 2.81752 -4.2883e-18)
(34.9771 6.08642 0)
(24.5428 2.13376 0)
(25.7846 3.69898 8.80018e-18)
(25.8428 3.24705 -9.53174e-18)
(25.7479 3.43724 0)
(20.6903 1.639 6.50965e-21)
(27.0274 0.917154 0)
(28.0513 5.38968 -1.02553e-17)
(24.6232 2.19998 -4.31632e-18)
(24.1321 2.6052 9.31604e-20)
(25.8165 3.36431 -9.32501e-19)
(28.2941 4.41261 -2.86588e-18)
(17.6118 -0.127777 -6.42448e-19)
(26.2287 10.6875 -5.06819e-19)
(22.9706 3.14987 2.98256e-18)
(27.8618 5.55638 -6.74185e-18)
(25.8132 3.36776 0)
(25.7484 3.54032 -7.38299e-18)
(22.5567 2.59921 -5.66148e-19)
(30.5932 3.42982 8.91975e-18)
(24.6586 2.20731 -7.9523e-19)
(25.2635 2.33244 0)
(25.9519 4.62541 9.55492e-18)
(25.1694 1.68909 3.89709e-19)
(27.342 2.66055 0)
(22.9885 0.43984 1.10834e-19)
(24.7471 2.13825 0)
(24.3642 2.96037 -1.17742e-18)
(23.5823 1.90989 -1.02012e-18)
(25.722 3.11806 6.52795e-18)
(27.9044 5.79726 7.55928e-18)
(24.8302 2.55688 5.49556e-18)
(24.7452 3.69644 0)
(25.3125 3.98024 -2.46199e-17)
(24.8478 2.29983 0)
(25.7776 3.37635 -1.18105e-17)
(25.7449 3.6444 0)
(25.7343 3.66512 2.85323e-18)
(25.1823 3.22761 -1.60024e-17)
(22.0709 -0.282088 1.25444e-19)
(24.8779 3.70876 0)
(17.8446 7.5537 0)
(25.9151 3.28201 7.44173e-18)
(29.6005 7.30067 -6.7692e-18)
(25.3906 3.0282 3.50375e-18)
(25.2229 2.21083 -8.99366e-19)
(22.0911 0.527785 1.9753e-19)
(23.5077 1.66196 5.78385e-19)
(20.9355 1.30505 1.34763e-19)
(26.3301 1.90381 -3.40837e-19)
(25.5603 8.46508 0)
(25.8576 3.98488 -4.66673e-18)
(25.067 2.8167 0)
(25.8077 3.3719 0)
(25.0045 6.87999 0)
(26.2717 4.99613 -9.30386e-18)
(29.2261 0.760426 4.24087e-18)
(20.0774 9.99413 1.16173e-18)
(26.1571 4.16971 -1.4752e-17)
(25.8807 3.99141 -5.58757e-18)
(27.3034 2.05045 9.92477e-19)
(24.6595 2.12814 1.00616e-18)
(29.9022 1.94398 0)
(28.7186 7.05087 5.72148e-18)
(26.8487 1.50513 0)
(26.7976 0.763204 9.93943e-19)
(25.0251 0.241461 0)
(25.5449 3.6299 1.06217e-17)
(25.6618 3.31628 1.74426e-18)
(29.2317 3.80176 0)
(19.9766 4.66331 -1.39578e-19)
(31.1536 8.15397 -1.46982e-18)
(26.0478 -0.609408 0)
(28.3732 0.569864 1.39945e-18)
(24.1482 1.15391 0)
(30.5257 2.52975 1.69576e-18)
(31.6868 5.41762 2.94824e-18)
(27.0737 1.98249 9.82148e-20)
(25.5426 2.16048 7.72875e-19)
(29.159 -1.20177 3.85881e-18)
(29.2448 8.38468 4.79381e-19)
(25.733 3.76729 0)
(21.5062 1.47203 0)
(35.3833 10.578 1.12886e-17)
(25.4056 2.59563 -1.82871e-18)
(27.6733 2.66513 -7.50254e-18)
(23.827 6.01672 1.38217e-18)
(23.8239 1.77686 6.52849e-19)
(30.1124 0.805883 1.39536e-18)
(27.6857 1.52122 0)
(23.2184 -2.76523 -5.35203e-18)
(31.9666 6.26793 1.59202e-18)
(34.9369 6.00731 4.28689e-18)
(25.0687 2.47399 4.0598e-18)
(23.9592 0.558997 2.5689e-18)
(25.7474 3.62007 0)
(25.3367 3.26706 7.63361e-19)
(25.8463 3.56962 -1.00477e-17)
(25.0862 1.65014 0)
(24.2939 1.7781 -8.63798e-19)
(29.2919 0.201628 2.68358e-18)
(31.6304 5.30163 1.30079e-18)
(24.2161 3.51469 0)
(25.5181 3.32639 0)
(23.7948 1.80175 -1.11503e-19)
(21.6599 0.126137 0)
(26.4273 1.85713 -1.03089e-18)
(22.2643 0.697104 0)
(27.088 1.78911 0)
(26.2587 2.5035 6.79194e-18)
(26.8788 8.25901 -1.41539e-18)
(25.688 2.92543 -3.602e-18)
(25.4335 4.46106 2.18385e-18)
(21.9358 4.58699 -1.29108e-18)
(25.2939 3.7515 -2.39963e-17)
(26.9773 7.06852 -2.50393e-19)
(26.4111 1.97034 5.4567e-19)
(28.1852 9.14573 0)
(25.8483 3.62343 -2.36895e-17)
(26.8242 4.0042 3.14621e-17)
(25.4653 -0.768378 -6.31118e-19)
(21.9144 -0.325514 9.50911e-21)
(25.5461 3.77854 -4.90697e-20)
(26.6163 5.31808 0)
(27.6157 -0.203203 0)
(22.2921 -0.48092 1.90114e-19)
(21.6216 0.150733 0)
(25.7494 3.63657 -3.2954e-18)
(31.5125 2.51331 0)
(24.3052 1.99847 -1.15232e-18)
(29.4604 -1.2012 -3.50673e-18)
(23.0224 0.959143 2.41872e-19)
(25.4595 3.44787 -2.37659e-18)
(24.5911 3.05849 -9.44891e-18)
(32.8998 14.9746 -8.01857e-18)
(26.6334 1.9796 -3.90045e-18)
(25.16 2.20257 3.13058e-20)
(28.7905 0.613613 2.01836e-19)
(30.5549 3.27294 3.10491e-18)
(28.172 3.47159 5.49437e-18)
(21.6107 0.125846 1.78283e-20)
(25.3945 3.25373 1.58296e-18)
(30.8061 0.799374 -1.42696e-17)
(25.2925 4.88195 2.22588e-19)
(31.5462 9.12491 3.46696e-18)
(25.7655 3.61981 2.28643e-17)
(22.6521 2.40894 -1.18608e-18)
(23.5734 2.43947 0)
(31.1581 2.80898 0)
(23.252 6.12483 2.21712e-18)
(30.4569 4.77389 2.90666e-18)
(24.347 -0.251246 7.79927e-20)
(27.3713 1.89415 -1.9312e-19)
(25.0716 1.61292 1.57741e-18)
(26.0256 3.24564 0)
(30.5629 6.33632 -2.08994e-18)
(24.8226 2.20077 5.02751e-19)
(24.8213 2.28414 1.24512e-18)
(25.7631 3.57013 9.83616e-18)
(23.4769 4.33371 0)
(26.7514 2.21965 9.08479e-18)
(25.0163 2.21288 1.53374e-20)
(26.8622 0.0578838 -1.10609e-18)
(25.7867 7.53153 9.59497e-19)
(20.9597 1.26818 -1.34115e-19)
(24.4705 2.76138 6.95932e-18)
(30.6945 6.19658 5.48156e-18)
(22.9551 1.81134 -7.17042e-19)
(22.7541 1.71149 1.35716e-18)
(24.5937 1.9293 0)
(24.9381 1.43466 0)
(29.7097 3.55826 -7.56992e-18)
(22.6368 2.47526 -1.25336e-18)
(24.6028 2.19567 0)
(32.0294 0.664623 6.93102e-18)
(24.7151 3.87671 -5.07658e-18)
(25.0627 1.37047 0)
(26.016 3.22331 2.73737e-18)
(26.2975 4.85223 -7.10598e-19)
(28.2562 2.77714 5.15525e-19)
(26.3491 1.88119 9.9873e-19)
(25.8137 2.10112 0)
(23.9942 -2.5408 -2.31043e-18)
(25.1071 1.63924 7.88689e-19)
(22.7505 7.9478 -1.58539e-20)
(27.853 1.42567 3.91118e-18)
(24.3669 1.59034 -1.0596e-18)
(34.6105 6.23448 8.89271e-18)
(29.8822 1.60944 3.33305e-18)
(20.4717 6.8928 0)
(24.2571 -2.7038 3.78568e-18)
(26.1977 2.1862 1.43158e-18)
(22.582 2.48704 2.16036e-18)
(25.0493 1.57744 0)
(27.2609 -0.550308 -9.28785e-19)
(24.8429 2.29527 1.2175e-18)
(26.6343 3.6251 3.41302e-17)
(26.1332 -0.922784 2.33043e-18)
(25.7727 3.50384 -1.69156e-18)
(24.9515 5.75397 1.96245e-18)
(25.662 7.5496 8.20941e-19)
(26.2955 2.63247 6.05404e-18)
(25.1965 2.1829 -9.59457e-20)
(24.5709 1.31283 0)
(25.6132 3.35644 -1.83373e-21)
(24.8559 1.31229 1.79448e-18)
(27.6389 1.67902 -2.79259e-18)
(24.1788 1.14163 -3.55523e-19)
(28.2115 2.6658 9.24446e-18)
(25.6239 3.54431 -3.12955e-18)
(23.4229 1.35686 0)
(26.553 3.65351 0)
(27.5914 0.480934 3.62769e-18)
(26.9045 1.6161 6.44885e-20)
(24.7321 -2.62461 0)
(22.3032 -0.841592 2.7757e-18)
(32.7407 1.54973 0)
(21.5764 0.14861 0)
(26.8038 1.96853 -1.08411e-19)
(25.5265 2.81595 0)
(34.9229 6.11135 0)
(26.8185 1.97526 5.36437e-19)
(26.4544 1.8477 0)
(24.3403 2.44227 2.31086e-18)
(24.8956 0.00230709 0)
(25.4953 5.1667 -1.84427e-19)
(25.2825 3.21072 2.98389e-19)
(20.181 0.981684 -6.58639e-19)
(22.4552 6.4484 0)
(25.9027 -0.66635 0)
(22.6777 7.09721 7.91762e-19)
(24.7718 3.33117 2.00761e-17)
(24.8287 2.99596 -1.18065e-17)
(27.0774 5.75153 0)
(25.1546 9.31201 -1.79212e-19)
(24.0114 4.79288 4.42648e-18)
(30.6669 4.04226 0)
(27.3941 6.19357 6.36902e-18)
(24.6035 1.94254 5.46438e-19)
(24.3166 2.1588 -3.60529e-18)
(25.5469 3.31593 -8.16011e-19)
(27.9894 0.35749 0)
(31.4152 3.16678 2.79855e-18)
(31.3872 1.38108 3.46492e-18)
(24.897 1.5967 -2.05716e-18)
(23.2771 1.58585 9.20286e-19)
(26.593 1.42086 0)
(25.0722 2.23305 4.66854e-19)
(26.1243 2.612 6.87068e-18)
(23.8929 7.18744 6.95469e-19)
(25.1778 1.99448 0)
(25.3642 2.56767 -1.18725e-18)
(23.9673 2.69174 3.62695e-19)
(24.6995 1.51693 -1.69152e-18)
(21.6788 3.53962 -1.62741e-18)
(30.7935 2.12662 -2.56181e-18)
(26.2578 2.00314 3.06457e-19)
(23.6953 0.226154 -1.11828e-18)
(25.1103 3.07517 1.82445e-17)
(23.697 3.39872 -6.21427e-18)
(25.9015 3.58864 -2.88849e-17)
(18.1131 -0.193987 7.0243e-19)
(24.7982 2.011 -6.82154e-19)
(22.8468 7.15326 1.85242e-19)
(22.7335 6.46239 6.4026e-19)
(20.3141 1.59094 0)
(23.8202 3.98918 9.30919e-18)
(25.2554 1.77865 -1.35801e-19)
(25.7892 3.45307 -1.4894e-17)
(31.2561 3.31838 -2.41322e-18)
(25.4872 3.86605 5.09777e-18)
(26.43 2.01787 -4.2981e-19)
(25.0918 2.84027 1.10639e-19)
(28.5968 0.595157 0)
(23.611 2.81732 7.17223e-18)
(24.8676 1.96154 -7.03287e-19)
(29.3354 0.0948424 0)
(25.5862 3.29162 0)
(24.649 1.97023 -3.47109e-19)
(23.6397 2.74991 9.76821e-20)
(27.3205 1.70338 1.18704e-17)
(26.3752 1.87336 7.82174e-19)
(20.37 0.96356 0)
(24.6465 1.99181 1.60814e-18)
(27.4903 0.397489 0)
(25.8299 3.37224 -3.09364e-19)
(25.7646 2.78221 -3.76508e-18)
(24.7255 2.20904 7.47481e-19)
(21.5687 0.123456 0)
(25.5368 2.60966 0)
(25.5666 8.85499 0)
(32.0916 7.65483 0)
(25.6412 3.3556 0)
(24.0128 4.88329 0)
(30.7776 5.68208 1.98008e-18)
(25.673 3.39545 1.49962e-17)
(30.6983 2.06522 5.59581e-19)
(26.2939 2.50351 -7.25918e-18)
(31.3214 1.79722 0)
(29.5959 7.97136 0)
(25.7839 3.52522 -3.24174e-17)
(28.8714 6.02013 -6.1931e-18)
(26.4692 1.82432 -1.81869e-19)
(29.7888 4.84642 4.35793e-18)
(26.2251 2.00863 -1.77967e-20)
(25.9071 3.57339 0)
(21.2214 1.0706 -1.11943e-19)
(21.785 2.04721 -7.07687e-19)
(26.2706 6.63054 8.86314e-19)
(29.4233 7.4418 0)
(27.1564 1.7158 0)
(25.8114 3.43072 -8.22323e-18)
(25.8597 3.89857 2.0709e-17)
(23.6548 8.98756 2.95142e-19)
(25.2251 3.6892 1.24228e-17)
(27.2055 4.59522 -4.96501e-18)
(24.1323 7.37327 2.19643e-19)
(24.4224 1.9014 -7.74069e-19)
(25.8113 3.3734 0)
(24.8839 1.97053 0)
(28.9672 5.40994 1.81473e-17)
(15.7471 6.79926 -2.22379e-18)
(27.777 1.71498 1.46179e-18)
(26.0868 4.13536 9.43901e-18)
(33.4341 2.55994 1.05901e-17)
(34.1388 13.77 -2.38759e-19)
(25.3656 3.60012 9.46107e-19)
(21.9731 -2.78731 -2.36636e-18)
(17.9998 0.0781406 -2.9371e-18)
(26.289 3.46973 3.11902e-17)
(22.3534 -0.695216 -2.0364e-18)
(15.4777 3.06473 6.35071e-18)
(25.5866 4.05844 0)
(26.4065 10.6837 0)
(25.7593 3.42295 -1.43646e-17)
(31.6164 5.01247 -9.73149e-19)
(25.0232 1.54934 -3.98066e-19)
(20.3317 -0.600049 1.21172e-18)
(24.3005 7.40897 0)
(26.5179 -1.10649 -9.20828e-19)
(25.0151 2.2396 0)
(21.3253 0.479903 8.2783e-22)
(29.3374 8.57439 -4.0691e-18)
(22.005 0.551793 1.99418e-19)
(24.4499 1.88157 0)
(23.4486 1.33392 -3.62909e-19)
(24.7491 2.21017 9.15307e-19)
(25.7046 3.30879 -7.10193e-19)
(25.7138 3.30549 1.20806e-18)
(24.9659 2.22143 -3.72025e-19)
(27.6609 3.60576 3.89978e-19)
(26.0071 3.38407 0)
(30.0736 3.4492 1.12153e-17)
(24.795 2.26073 -1.09884e-19)
(35.2804 7.85763 1.60998e-19)
(26.0316 2.51704 -1.47251e-18)
(25.7414 3.80719 0)
(25.5038 5.63761 -1.0449e-19)
(16.1653 -0.103138 3.76734e-19)
(25.6938 2.92976 6.3725e-19)
(28.3529 -1.31907 0)
(23.9014 1.76169 -8.69737e-19)
(26.2397 3.40034 0)
(24.9817 4.23093 0)
(21.1606 1.1066 1.51547e-19)
(21.8936 4.65784 4.18113e-18)
(24.4403 2.02183 -1.11e-18)
(31.5072 0.150608 0)
(24.8589 2.2666 2.01098e-18)
(24.9589 1.46934 0)
(31.9347 5.27837 1.98723e-18)
(26.5182 2.00397 3.35268e-19)
(23.5754 3.34846 -3.08793e-18)
(26.3901 1.84996 -7.6431e-19)
(21.9687 2.97161 2.3176e-18)
(26.7335 -2.21003 0)
(29.112 3.78889 -5.47318e-18)
(21.0228 5.3001 4.12325e-19)
(22.4205 6.35435 -1.47486e-18)
(27.1594 -0.489501 1.74995e-18)
(30.2872 4.26716 7.63278e-18)
(25.5512 1.63094 0)
(21.9917 3.6236 -1.24777e-18)
(26.5121 3.42368 0)
(24.4746 1.22505 -2.49005e-18)
(24.9172 1.96543 0)
(25.8723 2.22381 0)
(23.8945 6.10294 -1.36817e-18)
(24.9354 1.97258 0)
(25.536 2.99534 0)
(24.9688 1.96711 -5.38255e-19)
(29.7751 3.3391 -7.92498e-18)
(24.5637 1.94442 0)
(28.7073 -1.28958 3.51685e-18)
(24.9783 3.29034 -8.44525e-18)
(26.4959 1.8151 1.91203e-19)
(21.1612 0.694463 0)
(24.3956 0.905503 0)
(24.9867 1.97457 -1.75076e-19)
(24.3495 0.717747 0)
(24.8889 1.42027 2.50593e-18)
(25.878 3.80557 3.59603e-18)
(25.0216 1.96879 8.85964e-20)
(24.264 1.16445 0)
(24.672 2.13306 -9.48424e-19)
(26.5226 2.73555 -1.392e-17)
(31.476 4.11205 0)
(25.301 3.65543 9.30529e-18)
(29.797 0.757504 0)
(22.3839 3.67653 2.207e-18)
(27.7118 2.7501 1.17634e-17)
(33.0826 2.3234 0)
(22.7729 3.22944 0)
(29.1028 5.61283 -3.41996e-18)
(21.3615 0.489695 -2.36961e-20)
(32.4 7.87259 1.94339e-18)
(24.583 1.94384 0)
(22.4735 -0.0846253 -7.107e-21)
(24.6742 2.06096 -1.92384e-18)
(25.0944 2.96679 8.99573e-19)
(24.9966 1.60847 0)
(25.0276 2.00353 -4.15086e-19)
(25.5323 4.43281 3.71147e-18)
(28.4254 8.01195 1.91737e-18)
(22.105 5.56481 1.0607e-20)
(25.7812 3.6664 4.91898e-18)
(29.8375 0.296796 3.00821e-18)
(30.5845 4.11247 4.61601e-20)
(21.8636 2.93208 -8.21247e-19)
(24.994 2.28417 -9.98573e-19)
(27.8781 1.8316 -6.63917e-18)
(22.711 0.580737 4.87318e-19)
(24.8387 2.01368 0)
(21.5389 0.144226 -2.4399e-20)
(21.1497 0.702146 1.64005e-19)
(22.8153 3.36803 6.06414e-18)
(21.9382 -0.309796 -1.21688e-20)
(25.4809 2.1641 -3.70601e-19)
(27.8589 2.35479 0)
(24.8931 1.64205 2.08817e-18)
(25.556 2.80428 0)
(25.6943 9.47869 -6.01967e-19)
(26.774 1.60364 0)
(25.8032 -0.402695 0)
(25.6463 2.14347 -5.07364e-19)
(25.413 2.56578 2.36384e-18)
(25.6831 3.5794 0)
(25.765 4.29362 -2.57133e-18)
(26.5501 3.27679 5.50932e-18)
(25.2704 2.87688 0)
(34.2973 4.00895 1.42212e-17)
(26.4171 1.84193 7.24315e-19)
(20.9812 1.09866 -3.66587e-19)
(29.5501 0.894992 -1.35987e-19)
(31.6188 4.92171 -3.36077e-19)
(23.8698 1.6462 0)
(25.6907 3.28644 0)
(26.9405 2.09887 -3.08112e-20)
(24.5516 1.11471 5.30629e-20)
(26.5064 1.79123 9.05176e-20)
(30.3292 8.41588 1.06787e-20)
(24.3623 2.13049 1.92398e-18)
(21.1891 7.01576 1.40879e-18)
(20.4657 -2.85258 -1.75891e-18)
(32.3295 0.961797 9.05591e-18)
(23.8837 1.22837 3.57609e-19)
(25.7551 3.31121 -1.18418e-17)
(25.7702 3.62492 -9.90115e-18)
(24.3302 1.82858 7.75633e-19)
(23.8228 3.84541 0)
(26.9329 15.7291 1.49419e-18)
(24.7916 2.2577 1.09355e-19)
(25.3862 2.54845 -4.98338e-18)
(32.5832 6.54278 0)
(24.7352 2.25198 0)
(25.7446 3.62849 4.25796e-18)
(24.4648 1.87216 8.17615e-19)
(25.7185 3.62042 0)
(31.6024 6.01078 0)
(24.8528 1.68716 1.05642e-18)
(26.5762 -1.04211 -9.84179e-19)
(17.0212 -0.131659 -9.85847e-19)
(32.0645 0.747537 3.85354e-18)
(25.0036 2.01836 3.35566e-19)
(25.3586 3.57208 1.4124e-17)
(24.1927 4.382 1.0878e-17)
(31.2899 4.46957 -2.27286e-18)
(28.7784 0.42218 -3.08971e-21)
(22.7533 -0.268483 4.48779e-19)
(25.3651 2.17254 -1.04543e-18)
(24.6659 2.11275 -9.63256e-19)
(24.8261 1.23448 0)
(21.3797 10.1694 0)
(26.1123 4.17086 9.98561e-19)
(24.4157 3.72591 0)
(25.768 9.7113 0)
(22.8377 1.57515 -1.92224e-18)
(23.4871 1.3364 -3.42953e-19)
(27.5574 2.7661 0)
(32.1439 6.379 -1.99413e-19)
(20.5948 1.26397 -7.19173e-19)
(20.8629 0.94712 0)
(24.589 1.09977 3.78715e-19)
(22.793 3.72459 -6.50138e-18)
(23.2806 0.564107 -2.35069e-19)
(27.1647 0.364735 -1.85616e-18)
(25.6926 3.71024 0)
(23.7317 0.429668 -9.97432e-19)
(29.613 16.6704 -5.12553e-18)
(29.826 1.534 1.66417e-18)
(27.7805 1.38874 -1.41481e-19)
(25.359 3.49391 -2.84079e-17)
(24.3438 0.77323 -3.64332e-18)
(23.2227 2.32033 0)
(16.7205 9.6139 3.41591e-18)
(33.3759 2.3092 0)
(19.2423 -2.69154 -3.83435e-18)
(20.5581 2.98134 -1.27227e-18)
(25.7312 3.59168 5.08812e-18)
(31.1764 2.69479 2.73731e-18)
(23.0624 8.17479 -5.89248e-19)
(26.2681 -1.01027 0)
(24.6714 2.24466 3.27754e-18)
(29.5177 0.309842 0)
(25.9749 9.65295 -3.66157e-19)
(26.6006 1.6666 0)
(27.5338 0.384448 2.10821e-18)
(23.0757 11.4373 3.41926e-20)
(23.5854 0.355693 5.56476e-19)
(24.7402 2.28311 0)
(22.5655 -0.391532 3.92e-18)
(25.0807 4.62263 -9.92778e-18)
(26.428 1.81815 0)
(26.2165 -0.938286 0)
(25.8889 9.54803 0)
(23.2515 8.93286 2.1056e-19)
(29.8161 3.57877 5.89025e-19)
(23.5553 0.253643 0)
(26.5311 1.7795 -9.48126e-20)
(25.1061 6.88784 0)
(27.6253 8.1154 0)
(25.6372 3.65171 1.01987e-17)
(24.9832 5.42445 4.14099e-18)
(25.6844 3.58964 0)
(26.3615 4.86082 1.41961e-17)
(26.9167 1.96197 6.20349e-18)
(23.8448 1.79524 -1.0034e-18)
(25.8606 9.82498 0)
(23.4513 0.439877 2.3496e-18)
(25.8359 3.37008 -5.53879e-18)
(25.8991 3.0547 2.72322e-19)
(31.4904 7.47425 -5.48365e-18)
(20.1927 0.613226 -2.24204e-19)
(25.9524 2.08582 0)
(25.9527 3.89229 4.10236e-19)
(27.0508 1.95107 9.84707e-19)
(25.7483 3.67282 -1.97462e-18)
(26.7095 3.15733 0)
(17.1741 10.4448 1.54191e-18)
(25.7812 9.57488 0)
(25.3141 2.91295 -1.05514e-17)
(28.7828 0.0456018 2.40508e-18)
(24.5497 4.82253 0)
(27.0998 1.77768 0)
(24.6946 2.17636 -2.69943e-18)
(20.4784 4.94348 0)
(22.7502 3.30916 -1.06612e-17)
(28.1228 0.470085 0)
(24.8239 1.64243 0)
(25.7275 2.10648 4.16612e-19)
(25.7424 3.66706 -4.54958e-19)
(31.3665 1.87711 0)
(25.0123 2.0295 0)
(25.9585 9.79247 3.49974e-19)
(25.7429 3.64056 -1.64078e-17)
(24.8833 2.70828 1.32286e-19)
(23.84 2.05824 0)
(32.0076 0.607618 1.14396e-17)
(28.7374 3.04693 3.43736e-20)
(25.5766 2.17089 -1.42164e-18)
(26.8499 1.95176 -5.59775e-18)
(25.9229 10.5904 -4.18516e-19)
(25.1289 2.39386 2.52161e-18)
(25.3851 4.44126 8.469e-20)
(26.4547 1.80985 0)
(25.8552 9.97863 0)
(16.2789 -0.285621 0)
(25.7462 3.66656 4.00176e-18)
(24.8457 2.29698 5.70126e-19)
(25.1134 2.78269 0)
(24.3785 0.74915 -1.26471e-18)
(24.836 1.96753 8.38704e-20)
(24.8236 1.2425 -6.10136e-19)
(25.8372 3.37791 5.56979e-18)
(21.5354 0.120006 4.46348e-20)
(26.345 2.6412 -5.12552e-18)
(23.6081 2.52318 -4.72262e-18)
(34.2839 12.0457 0)
(27.3768 5.24502 4.10272e-18)
(16.3471 -2.15906 0)
(26.9342 1.60632 0)
(22.5566 8.02083 7.15233e-19)
(24.4413 5.075 -2.3203e-18)
(22.67 4.87526 1.54439e-18)
(24.6574 1.06766 7.5167e-19)
(27.0802 4.71617 4.38747e-18)
(31.864 6.24203 -1.58146e-18)
(26.0521 9.90499 0)
(13.435 0.0719743 1.165e-19)
(23.9842 1.78157 0)
(24.9315 2.05719 3.33771e-19)
(25.1027 1.26563 0)
(27.1847 2.40603 0)
(23.278 2.21423 3.55098e-19)
(25.9602 10.0934 0)
(30.6153 2.5456 9.35554e-19)
(26.0171 8.03453 -8.42531e-19)
(26.4771 2.75426 2.53053e-19)
(24.4981 0.953068 -2.75088e-19)
(24.8199 2.14528 -7.05411e-20)
(27.0384 1.63462 0)
(21.1302 0.763847 0)
(31.9251 6.08944 1.43191e-18)
(23.4669 1.72009 -1.10699e-18)
(21.2234 4.51731 -8.96765e-19)
(25.6162 3.4892 -1.19708e-17)
(24.9886 2.60168 4.45278e-18)
(24.7531 3.37509 0)
(25.6659 3.50633 2.13128e-18)
(26.339 -0.901039 4.33228e-19)
(22.9252 0.848787 -1.25552e-19)
(26.2646 3.41208 -4.67292e-18)
(26.0545 10.0548 0)
(20.1108 -0.884922 -5.41869e-18)
(24.6231 2.07714 0)
(19.9325 0.885973 0)
(18.2309 -1.95999 -2.85319e-19)
(17.0848 -0.169487 2.03581e-19)
(25.7977 2.10679 -4.55959e-19)
(25.664 3.43703 1.76644e-17)
(30.1052 -0.850767 -2.18449e-18)
(25.0052 10.8624 0)
(25.1123 1.70241 0)
(28.1791 9.38617 -1.95739e-19)
(30.4152 1.05455 -1.52162e-18)
(24.2128 4.31383 0)
(26.4617 1.78495 0)
(26.9763 6.8606 -3.55018e-18)
(25.006 2.29766 0)
(26.2634 -0.881346 -4.12595e-19)
(25.5877 2.1585 0)
(25.9745 10.2546 5.34713e-20)
(25.5071 2.568 3.27411e-18)
(22.7944 1.53651 0)
(28.1343 2.26157 1.68891e-17)
(25.7486 3.55309 0)
(27.9207 1.65702 1.13138e-17)
(25.9712 2.07848 3.92866e-19)
(30.1604 0.886311 -2.90783e-18)
(26.1585 10.1643 0)
(24.6733 2.12158 9.58399e-19)
(33.4125 15.5785 1.25508e-18)
(24.7632 8.99759 9.30845e-20)
(26.6678 -1.04136 1.01746e-18)
(25.6459 3.66013 5.1304e-19)
(26.4884 1.77565 0)
(32.0936 7.51279 0)
(21.9409 4.73716 -3.20966e-19)
(27.3385 -1.98071 0)
(24.8786 2.20129 -9.33118e-19)
(25.2628 2.66923 0)
(17.7513 0.866809 4.37764e-19)
(26.0388 2.51669 4.73292e-18)
(25.584 2.23003 1.96347e-18)
(28.463 0.469665 3.93438e-18)
(25.963 3.39924 0)
(23.1279 1.35177 4.73054e-20)
(29.898 2.12618 -6.23382e-19)
(26.1661 2.03663 0)
(21.3141 0.552768 0)
(25.7972 3.35951 -1.04868e-18)
(23.5132 1.19401 7.59502e-19)
(26.4595 1.33704 -9.82473e-19)
(26.9409 0.772581 -1.68055e-18)
(25.8202 3.32643 1.75764e-18)
(25.6982 3.51558 1.80646e-19)
(23.1014 8.90417 -5.00525e-19)
(21.4724 7.38863 6.67355e-19)
(21.3215 0.371217 8.48794e-20)
(25.5759 3.22672 0)
(25.2961 1.73977 -4.20892e-19)
(22.6391 4.95976 0)
(26.4913 1.75024 0)
(24.9455 1.42328 0)
(25.7466 3.64191 0)
(25.4582 2.60231 3.4593e-18)
(25.5814 3.48978 0)
(29.947 6.60266 0)
(26.2974 3.40603 4.80633e-18)
(25.7384 0.501402 -8.69813e-19)
(23.5589 2.02764 1.91763e-18)
(25.5982 4.54523 0)
(27.7257 5.3953 5.98873e-20)
(24.8714 -0.588084 -2.45403e-19)
(29.8916 3.50589 -8.54537e-18)
(20.8554 1.293 0)
(23.7797 1.88253 -8.94152e-19)
(25.7266 3.80863 -8.14199e-19)
(26.615 8.79005 1.2223e-18)
(26.2251 2.01967 -1.38718e-19)
(29.7495 7.15136 3.59749e-18)
(25.8351 -0.626782 -1.26157e-18)
(23.5378 7.87719 1.83685e-20)
(23.3287 3.27006 6.31135e-18)
(24.2361 2.51732 1.3166e-18)
(25.9069 3.5103 3.70746e-17)
(24.7675 2.26272 0)
(25.7871 3.37771 2.34648e-18)
(24.9799 2.635 1.91094e-18)
(26.3039 1.9977 2.34449e-21)
(22.4845 4.49795 1.08487e-19)
(27.9328 5.36483 0)
(29.1313 3.3687 -1.08454e-17)
(24.5389 -2.51859 0)
(24.9209 3.39614 -2.41953e-18)
(24.5893 2.21342 0)
(25.6579 3.47172 -1.25325e-17)
(24.7947 3.71268 5.2936e-18)
(26.719 2.27041 -8.65142e-18)
(25.7967 3.47554 -3.87714e-18)
(25.7707 3.28606 -3.36193e-19)
(22.9609 2.70591 0)
(25.1999 2.20589 2.72401e-19)
(25.8053 3.33927 0)
(26.1381 2.5264 8.87208e-19)
(31.6367 5.51331 -1.43787e-18)
(23.5619 0.129162 -2.62978e-18)
(31.925 0.550036 -1.58014e-18)
(26.4474 1.05073 -6.51439e-19)
(25.4825 2.65121 1.48579e-18)
(24.795 2.27438 0)
(26.3092 2.55033 -2.60341e-18)
(25.6767 2.95183 -8.46258e-19)
(24.8039 2.27675 1.55472e-18)
(25.2115 2.45924 -2.0932e-18)
(29.1434 0.636169 1.54156e-18)
(24.9269 1.43341 -1.62348e-18)
(26.6053 3.66898 1.08217e-19)
(26.1515 2.5713 0)
(22.1181 5.47915 -5.72546e-19)
(25.341 0.273003 9.46562e-19)
(25.7681 3.37744 -9.13058e-19)
(23.2176 1.87187 5.95357e-19)
(24.8769 1.58238 -2.80054e-19)
(25.745 3.32842 -1.1901e-17)
(24.8684 1.63243 1.38424e-18)
(26.2455 3.5748 3.48175e-17)
(23.2471 1.66906 -6.56745e-19)
(26.1777 2.57518 1.03359e-18)
(14.9575 3.34973 0)
(24.8739 1.38456 0)
(25.4108 2.18735 3.51775e-19)
(24.9206 2.56406 1.51133e-18)
(26.1756 2.95637 9.69684e-18)
(25.7914 3.39688 -7.83687e-18)
(22.6725 5.29978 -3.27832e-18)
(24.6439 4.71097 3.86602e-18)
(24.1757 1.00801 0)
(23.0474 5.8996 0)
(24.5663 1.99653 7.96294e-20)
(26.4744 3.86454 0)
(24.0767 2.95069 8.28317e-18)
(27.5481 0.244346 -3.51566e-18)
(27.1892 1.74549 -4.0413e-18)
(25.7117 3.56977 7.28325e-18)
(25.7744 3.64303 -1.09912e-17)
(25.5985 3.25715 0)
(24.6321 2.08694 0)
(25.5374 5.23338 9.46805e-20)
(25.7668 3.55354 0)
(29.7165 3.77154 6.86797e-18)
(25.5708 4.02877 2.81405e-18)
(23.5726 7.78712 -1.92375e-19)
(25.7961 3.47267 4.58285e-18)
(25.7335 3.63909 1.75344e-17)
(27.2515 2.45918 -1.05662e-17)
(26.4798 3.68367 0)
(25.0189 2.60165 0)
(26.6523 4.71977 -1.64293e-17)
(25.6414 2.14442 -4.51924e-19)
(30.576 6.21253 -4.49087e-18)
(24.0583 2.1016 0)
(29.4422 0.930242 0)
(24.657 2.1162 -1.09113e-18)
(25.7106 3.49896 5.23802e-19)
(26.2624 3.45431 -2.38554e-17)
(27.2803 6.20017 2.94158e-18)
(25.0059 1.70045 7.67334e-19)
(24.9914 2.22843 0)
(22.7183 1.48309 1.01486e-18)
(25.6673 4.50075 -8.06179e-19)
(25.4491 3.32016 0)
(27.3444 5.9908 -1.4225e-19)
(24.5068 1.64994 0)
(19.2506 1.08196 0)
(20.9953 5.08876 0)
(26.3838 2.48127 -2.24821e-18)
(26.9252 2.63456 3.80619e-18)
(25.5894 3.47715 -1.54547e-17)
(24.9022 8.35254 0)
(27.631 8.24488 -3.09221e-20)
(22.4663 -0.0259231 0)
(25.4638 0.598417 0)
(24.7067 2.19113 -1.7341e-18)
(24.9507 2.21708 2.205e-19)
(25.5502 2.15446 0)
(25.4551 3.41066 1.70396e-17)
(25.0083 2.34319 0)
(26.9083 1.96655 -4.10669e-19)
(25.5938 3.94991 0)
(22.7382 5.44669 -3.0744e-18)
(25.448 3.71389 0)
(26.9921 1.97073 0)
(25.7738 3.28874 -1.0488e-18)
(25.7596 3.37927 0)
(25.7238 3.31329 -1.21487e-18)
(23.6104 7.93053 2.0646e-19)
(25.9931 3.35782 5.28771e-18)
(25.6894 5.63155 1.27019e-18)
(24.5008 1.21332 1.28738e-18)
(25.991 0.498573 8.72183e-19)
(25.6259 3.41908 1.27088e-17)
(25.7527 3.62398 0)
(25.1244 2.213 0)
(25.715 3.6154 -1.4597e-17)
(30.5933 3.10687 0)
(26.5139 2.67021 -7.54071e-18)
(25.7452 3.64096 6.6691e-18)
(21.9118 3.58063 1.2498e-18)
(26.1696 3.22815 3.43025e-18)
(24.2684 3.32094 0)
(23.5861 10.5611 -1.05824e-19)
(24.2895 3.43254 -1.14113e-17)
(26.8799 2.5221 -4.10132e-21)
(25.5957 3.22321 0)
(30.2147 1.70714 2.25339e-18)
(24.3429 -0.1518 -7.32952e-20)
(25.5931 3.5036 -6.95124e-18)
(25.5616 3.3106 -1.58126e-17)
(25.3094 2.18525 6.47741e-19)
(23.5176 8.06316 0)
(22.7142 5.0198 0)
(25.7559 3.36801 3.50321e-19)
(25.6418 3.15936 1.60917e-18)
(27.5426 2.04349 9.58317e-19)
(30.3567 7.05696 1.08725e-18)
(24.8337 2.29134 1.21795e-18)
(25.1331 5.61844 -1.37065e-18)
(25.7702 3.30166 1.52183e-17)
(32.8232 1.67109 0)
(27.2509 1.82591 0)
(26.1136 3.08186 -1.83188e-18)
(30.2672 1.85579 1.76389e-18)
(26.5116 3.30758 4.02803e-18)
(24.3127 2.5371 0)
(27.3449 1.93199 3.749e-19)
(25.704 3.67431 0)
(27.0772 1.6558 -6.23593e-19)
(23.6899 3.26086 3.34226e-18)
(24.7379 2.21118 -9.48559e-19)
(27.0624 1.65688 0)
(27.3159 1.94099 -4.1085e-19)
(26.6202 3.01347 8.24872e-18)
(21.1318 0.746097 2.88957e-20)
(31.3794 3.0997 0)
(23.4269 -0.253501 0)
(31.5395 5.03834 2.53066e-18)
(26.5325 3.22694 0)
(24.5408 2.3646 -2.93611e-19)
(24.1563 -0.182387 1.53908e-19)
(27.1176 2.44588 -4.604e-18)
(24.3305 2.1251 -1.9786e-18)
(26.7674 4.65471 0)
(23.3202 1.88043 0)
(21.5767 1.84359 -4.5919e-19)
(26.2442 2.45994 -8.6274e-19)
(30.2817 4.3997 2.64244e-18)
(24.9381 1.37489 0)
(22.8481 0.00359977 2.94952e-19)
(24.09 2.00475 -2.75392e-18)
(24.6155 2.08172 0)
(22.933 2.08692 0)
(25.2688 6.81584 0)
(27.2642 1.9394 2.77089e-19)
(25.6292 3.67439 5.74179e-18)
(31.9451 0.539659 0)
(22.409 -0.00237464 -2.61047e-19)
(26.9717 1.95068 4.48858e-19)
(23.9343 7.90777 -3.44315e-20)
(23.8624 7.28149 -6.49219e-19)
(25.5638 5.70894 1.04515e-18)
(25.5528 3.17357 -3.17096e-18)
(25.4688 3.39516 -1.52817e-17)
(26.2142 3.6204 1.48442e-17)
(19.5253 0.65098 0)
(27.0732 1.96777 4.15387e-19)
(26.726 1.97716 0)
(25.8537 3.34641 2.94944e-18)
(23.2965 2.25046 -3.86694e-18)
(21.0433 7.18861 1.1543e-18)
(20.8672 3.18192 0)
(23.3311 4.60001 1.94429e-18)
(30.6464 2.62992 2.73399e-18)
(21.4837 2.07248 -2.17335e-20)
(24.2822 3.48935 -1.10031e-17)
(25.6462 3.72377 -1.68592e-17)
(21.3322 0.505961 2.63244e-20)
(22.6621 5.39317 3.19618e-18)
(23.0907 2.53851 -1.70975e-18)
(22.0383 3.56251 -1.38078e-18)
(25.3369 3.47492 3.34676e-17)
(29.5583 7.41363 -2.51354e-20)
(25.7538 3.45416 0)
(24.0411 1.10013 -9.77823e-19)
(26.7372 2.54424 5.87549e-18)
(27.5187 1.4308 0)
(26.6543 3.05384 -7.98135e-18)
(28.7149 6.92172 -5.85358e-18)
(24.5814 1.14852 -2.97479e-19)
(26.0094 2.19019 0)
(27.2403 1.83737 6.17084e-20)
(26.6876 1.83371 -5.23874e-18)
(27.1998 1.76699 4.08902e-19)
(23.2461 4.64184 2.24176e-18)
(22.4653 2.87314 0)
(25.726 3.6423 2.50644e-18)
(26.0608 -0.692506 0)
(24.7857 3.06436 7.33182e-18)
(24.9096 3.63171 0)
(24.0546 2.88533 -9.60821e-18)
(27.7519 5.2744 -1.95832e-17)
(23.2167 2.30163 -8.65875e-19)
(29.1074 5.75401 8.88351e-18)
(25.8955 3.79873 0)
(25.878 3.59665 4.30398e-18)
(34.1964 3.86117 -2.22984e-18)
(26.1876 -2.17031 9.26351e-18)
(24.1346 3.61415 1.09297e-17)
(23.3908 1.75681 -1.03093e-18)
(35.2843 7.69847 1.19011e-17)
(27.7236 0.536648 -4.04891e-18)
(22.6342 0.858336 -2.49319e-19)
(29.4407 2.53281 3.91802e-18)
(27.7457 8.26235 1.06562e-18)
(25.7756 3.51768 2.75911e-17)
(25.7922 3.48883 6.96029e-18)
(24.9821 3.36843 8.00467e-18)
(27.4304 0.184368 4.08819e-18)
(26.5995 3.58501 2.16697e-17)
(25.5632 3.89834 -1.10299e-17)
(27.0855 4.10543 -6.91761e-18)
(25.7221 3.57008 0)
(26.0891 3.23446 4.60138e-18)
(24.4783 1.88082 -4.11998e-19)
(23.0559 2.6577 -2.56178e-18)
(26.6275 1.99178 -4.62913e-19)
(25.4308 3.64417 1.51636e-17)
(24.0058 0.486293 6.34475e-19)
(25.8047 3.34057 -2.6076e-19)
(25.7644 3.56768 0)
(23.3849 4.31202 0)
(21.9121 3.4981 0)
(23.6835 7.88368 -2.15422e-19)
(25.8006 2.11852 0)
(27.6264 0.315751 0)
(26.5899 0.170975 0)
(24.0805 2.03837 0)
(27.066 8.10014 -1.41885e-18)
(26.0736 3.87795 2.50691e-17)
(25.5881 4.49205 5.74585e-19)
(28.5226 0.46908 -2.37239e-18)
(25.1035 2.19992 2.56322e-19)
(23.6605 7.7901 5.17028e-19)
(25.7133 3.28924 0)
(25.1493 2.33256 0)
(25.4337 3.67186 0)
(30.3636 4.83526 -6.787e-18)
(21.1171 -2.84255 -1.54962e-18)
(25.7231 3.55651 -1.24467e-17)
(30.2555 7.0988 -1.08397e-18)
(26.3749 6.58016 -5.72714e-18)
(24.8337 2.1577 3.88941e-19)
(22.6172 5.82071 8.69823e-19)
(24.2126 -0.208595 -7.82692e-19)
(26.7409 1.98058 0)
(24.9462 3.55747 8.37752e-18)
(22.6554 1.27393 -8.08605e-19)
(26.814 2.01497 5.11247e-18)
(25.5803 3.30643 1.40218e-17)
(22.6045 2.37837 0)
(31.312 3.97306 -2.39398e-18)
(24.8126 2.26881 4.07367e-19)
(16.6152 10.2004 1.03628e-19)
(25.7403 14.5119 -4.79931e-19)
(23.0848 1.12303 0)
(25.842 2.09612 -3.91166e-19)
(23.2637 3.98386 -4.00145e-18)
(25.6555 3.71253 2.03647e-17)
(26.3151 2.03131 4.09015e-19)
(25.627 3.68438 -1.81258e-17)
(25.2181 2.21239 0)
(25.9908 2.9578 3.62662e-18)
(24.29 1.29439 -7.74201e-19)
(26.6591 0.912767 0)
(29.4924 0.883657 6.42447e-20)
(22.6141 -0.416608 0)
(22.57 7.19543 0)
(24.6733 2.14992 -6.74216e-19)
(24.0903 1.15464 -1.71541e-19)
(25.355 2.862 0)
(27.0438 1.66871 6.61669e-19)
(24.961 3.32725 1.73336e-17)
(24.4071 3.83902 0)
(30.15 2.82812 0)
(26.972 8.0641 0)
(17.3104 9.49435 -1.60401e-18)
(25.1569 2.3488 2.80328e-18)
(25.5399 4.04436 -2.04912e-18)
(25.4657 4.37974 -1.93143e-18)
(30.3225 2.90632 0)
(23.3118 2.14459 -1.78324e-18)
(24.1248 2.01121 7.27776e-19)
(25.719 3.61118 -1.25531e-17)
(29.8761 3.38074 1.26508e-17)
(27.5932 6.76463 -6.48899e-18)
(20.7202 1.35709 1.78768e-19)
(17.6655 -0.0887977 6.40536e-19)
(24.5253 0.923983 -1.07335e-18)
(25.1892 2.44891 0)
(25.8026 2.08865 0)
(26.67 0.245439 8.90892e-19)
(23.9073 5.15995 0)
(25.0121 2.28581 0)
(22.1839 5.618 1.7059e-18)
(26.2768 2.31859 -9.1052e-19)
(25.5716 0.695711 1.21908e-18)
(25.8352 3.38477 -1.57692e-18)
(25.6263 3.53134 3.12218e-18)
(26.9495 2.04299 -7.78272e-19)
(25.583 2.88081 -9.51962e-20)
(24.2602 4.43097 -3.49509e-18)
(31.5518 4.85896 -2.94068e-18)
(25.822 3.38145 -2.00406e-18)
(25.7463 3.65362 2.25478e-18)
(22.0581 5.0153 0)
(24.3312 1.81531 -8.60291e-19)
(31.3951 3.99329 0)
(25.2498 2.90162 -5.03793e-18)
(31.4729 4.88051 3.82245e-18)
(24.5326 2.11082 0)
(25.4222 2.83769 1.18822e-18)
(21.0111 1.70339 0)
(25.6527 3.73468 0)
(25.2396 3.72022 -2.40755e-17)
(26.2822 2.4269 3.73698e-18)
(25.9873 3.81858 3.40381e-18)
(24.7334 2.20394 9.93896e-19)
(22.5728 2.5545 0)
(27.0442 1.94191 -5.96841e-20)
(28.483 4.68468 0)
(26.7507 1.99229 0)
(26.5467 2.00604 5.40488e-19)
(25.8579 4.44748 -6.57536e-18)
(25.9606 2.08136 0)
(27.1163 1.70318 0)
(28.3546 4.50684 4.66063e-19)
(25.1513 2.66151 3.81686e-18)
(25.396 2.88253 0)
(25.3377 3.29954 1.06267e-18)
(29.9091 7.0018 3.70714e-18)
(25.6668 3.73386 0)
(25.5666 3.53448 7.97525e-18)
(29.5052 7.23707 3.22586e-18)
(24.7802 2.58564 0)
(30.422 2.91985 0)
(30.5564 4.84112 -4.46505e-18)
(25.0239 3.42173 -1.16483e-17)
(25.6486 3.38196 -2.77279e-17)
(30.3622 6.93991 -1.03395e-18)
(25.74 3.6373 -6.81868e-19)
(26.2441 3.6077 1.75144e-17)
(26.1314 3.45747 1.94716e-17)
(22.4207 2.7688 -1.12674e-18)
(23.3941 1.79312 0)
(25.2198 2.63872 -5.69213e-18)
(23.9991 5.16123 0)
(24.0007 6.08907 0)
(27.0712 1.65597 0)
(31.7925 5.52823 -3.10104e-18)
(25.126 2.22371 9.41528e-19)
(29.1289 2.5056 3.05936e-18)
(24.3536 2.39164 0)
(26.8504 1.98468 -8.18574e-19)
(25.5698 2.18862 6.80942e-19)
(25.6229 3.40368 0)
(21.1453 0.729241 -2.89572e-20)
(26.699 4.54195 1.28326e-17)
(29.0021 6.23632 3.66612e-18)
(25.6849 3.73792 -6.00065e-18)
(22.4531 2.24695 3.43023e-19)
(26.7075 2.16623 0)
(23.6746 3.47018 -6.30162e-18)
(30.5406 5.80975 4.19954e-18)
(27.3901 0.202453 1.11504e-18)
(25.6422 3.66855 -6.95257e-19)
(25.3024 5.00217 -1.01407e-18)
(22.5756 5.43743 0)
(25.6581 3.62856 7.66332e-18)
(30.1822 4.45737 2.84539e-18)
(25.4828 2.61826 1.0761e-19)
(26.7363 1.03779 -3.25325e-18)
(25.8992 3.96882 1.50475e-17)
(25.5154 3.01257 0)
(28.3348 3.55009 0)
(29.7377 1.94572 6.51378e-18)
(23.7495 1.88185 0)
(29.3281 0.881112 -3.50093e-18)
(25.753 3.64243 -5.38327e-21)
(29.0229 3.42523 0)
(29.1614 3.99314 -2.56304e-18)
(28.3007 8.03803 -2.67615e-20)
(24.6391 3.06149 0)
(25.4967 3.36448 1.70432e-17)
(15.3054 -0.951953 2.31835e-18)
(23.1183 3.14052 5.96731e-18)
(25.592 2.11986 0)
(25.6586 3.5171 0)
(34.5863 11.7122 1.75153e-17)
(31.1347 3.9284 -4.74048e-18)
(25.7268 3.64585 -2.14318e-17)
(25.1377 2.223 -4.60326e-19)
(23.5329 2.61054 0)
(21.666 0.237176 0)
(25.7737 3.64612 -2.41149e-18)
(25.6171 3.33306 -9.84147e-19)
(25.7534 3.47221 -4.61721e-18)
(28.0625 2.16467 -1.04211e-17)
(29.7549 7.86065 1.60584e-18)
(25.4407 2.44088 7.05975e-19)
(24.4325 5.18266 6.32461e-18)
(25.5657 4.5913 0)
(23.2848 1.88791 0)
(27.9013 7.96453 -2.11297e-18)
(24.9054 3.36354 7.7989e-18)
(27.207 4.13328 -1.76381e-17)
(24.9452 3.60611 -7.56994e-18)
(24.8899 2.33079 -2.21203e-18)
(29.8823 4.72352 -5.13998e-18)
(25.7501 3.63079 2.0953e-18)
(29.4585 2.63455 4.07567e-18)
(25.2562 3.49419 -4.95956e-18)
(24.5701 2.3639 5.03555e-18)
(22.1218 5.07229 2.32101e-18)
(25.361 4.02263 4.30714e-18)
(25.472 2.83364 0)
(26.1419 3.22758 2.8752e-18)
(26.2464 2.08116 -1.87463e-18)
(23.2932 8.80486 -1.88267e-19)
(25.2256 2.45103 1.12039e-18)
(24.4451 2.94972 1.13697e-17)
(25.161 2.69241 2.49315e-18)
(25.9863 0.549583 8.14025e-19)
(24.9639 1.58928 -8.01209e-19)
(31.5152 3.25459 0)
(23.6069 0.274739 -3.5378e-19)
(30.2373 2.98119 1.39024e-18)
(26.9472 5.77122 0)
(30.689 3.35327 -3.62249e-18)
(23.1075 -0.247631 0)
(25.2912 2.65933 0)
(25.4888 3.43343 -2.37866e-17)
(23.2113 2.26122 -5.48456e-23)
(24.8044 8.38514 -2.1356e-20)
(31.873 9.87021 -3.59711e-18)
(29.2055 6.2274 1.1021e-18)
(21.7512 2.19635 0)
(26.5121 8.75035 -2.02993e-19)
(25.3726 2.83807 -1.51598e-18)
(24.2463 7.483 3.65516e-19)
(27.2546 6.073 0)
(24.8164 2.08723 6.30683e-19)
(31.4843 3.18253 0)
(24.8847 3.42807 -1.69645e-18)
(25.2 2.65881 6.06937e-18)
(26.3845 4.9338 6.32985e-18)
(31.5551 4.77367 4.40541e-18)
(27.6323 2.82886 -3.67553e-18)
(25.7503 4.79862 0)
(25.7623 3.41463 1.3315e-17)
(26.4499 1.1464 0)
(25.4068 2.30244 0)
(26.6556 1.99031 0)
(26.0096 3.3626 -2.77515e-17)
(28.0728 0.414348 0)
(24.1199 1.14075 0)
(25.7711 3.03192 -2.40401e-18)
(25.3782 3.05688 1.1843e-17)
(30.4772 1.04893 3.61764e-19)
(24.5566 1.98316 0)
(25.6792 3.4837 1.06527e-17)
(31.3702 7.45757 1.49553e-18)
(27.4365 2.09006 0)
(23.3303 4.37609 -8.52975e-18)
(25.2927 2.62915 5.5138e-21)
(27.3459 -1.94405 0)
(26.5758 6.10653 0)
(23.9545 7.44837 -6.83151e-19)
(25.381 3.55589 -1.95446e-17)
(26.2011 4.77802 -4.64674e-19)
(26.251 2.14932 0)
(25.3423 4.3644 1.33533e-18)
(23.9644 2.62251 0)
(29.2089 0.65694 1.62785e-18)
(25.5275 3.77643 6.83513e-18)
(26.3839 1.97405 0)
(28.1956 0.360045 7.4633e-19)
(25.6654 3.52891 0)
(25.7452 3.17245 0)
(28.2727 1.31677 -6.66529e-18)
(29.304 2.42636 0)
(25.766 3.63422 0)
(30.8305 3.98401 0)
(25.6841 3.30797 1.25422e-17)
(27.9955 1.71543 0)
(22.6574 5.6844 1.72796e-18)
(23.6492 1.57161 0)
(21.3855 0.511726 5.40219e-20)
(25.446 2.84863 -1.20297e-18)
(23.3591 6.15285 0)
(31.6461 5.6666 0)
(26.5234 4.08252 0)
(26.6034 0.945732 7.77545e-19)
(26.3149 3.43421 9.89966e-19)
(24.7752 6.5805 -7.67477e-19)
(31.1271 6.14076 -1.63498e-19)
(27.0816 2.07782 1.72946e-18)
(31.2042 3.37367 3.4322e-20)
(24.6707 3.03215 2.17112e-17)
(25.9979 3.44711 -3.48239e-17)
(20.8618 1.32896 0)
(25.7499 3.64033 0)
(24.8145 2.26966 -3.26948e-21)
(25.0757 3.0866 -1.91188e-17)
(23.9358 1.7892 -8.24013e-19)
(27.5107 3.30483 -1.67415e-17)
(26.5448 0.832705 -1.10684e-18)
(26.1869 4.20889 0)
(25.0797 2.77955 0)
(19.5777 0.595873 0)
(27.5897 3.53283 0)
(23.8241 7.78227 -3.27028e-19)
(25.8819 3.0103 2.69681e-18)
(25.5899 4.64808 -3.98328e-19)
(25.1691 6.80594 0)
(25.5704 3.79481 0)
(24.6023 6.54342 0)
(32.2221 0.836248 -4.44233e-18)
(25.6608 3.44867 -2.13804e-17)
(22.8303 5.31651 3.13256e-18)
(28.1485 0.44306 -2.48418e-18)
(24.6232 1.41447 -2.11716e-18)
(24.3603 1.43739 1.45559e-18)
(29.3647 2.70035 -7.09466e-18)
(23.7619 3.25533 -2.77103e-18)
(25.1907 2.43203 2.8666e-20)
(23.9519 7.34707 -3.93701e-20)
(27.15 8.01046 0)
(22.4048 3.77291 6.21071e-18)
(23.252 1.86073 1.16067e-18)
(24.4939 2.33203 1.73169e-19)
(21.3148 0.361354 0)
(24.9112 8.51096 1.60249e-19)
(25.1181 2.18331 6.54677e-19)
(25.6269 2.00105 1.82268e-18)
(24.7009 2.27772 -1.352e-18)
(26.6228 3.11211 2.73352e-17)
(25.1759 2.46846 -3.90047e-18)
(22.5589 2.41751 0)
(25.5025 2.57679 -2.69209e-18)
(25.5152 3.31964 -1.50502e-19)
(30.7585 4.0608 0)
(25.9815 3.36976 7.14689e-18)
(23.3654 4.45676 7.38992e-18)
(25.5399 2.29179 -3.90528e-19)
(25.3748 8.22617 2.53685e-19)
(23.7663 0.598088 1.1575e-22)
(23.9627 0.938953 -2.87018e-19)
(25.6743 3.74169 0)
(21.9814 0.620565 0)
(26.9831 1.65049 -4.87101e-19)
(25.5408 2.57794 0)
(23.8787 5.0795 0)
(23.2718 1.91957 0)
(30.4721 1.97784 -2.12664e-18)
(25.7515 3.63933 5.65186e-21)
(24.8937 2.2059 -1.42173e-18)
(21.4275 0.491725 -6.71212e-20)
(26.7354 3.09793 1.69203e-17)
(22.3783 1.85986 -4.88518e-19)
(27.3532 1.90418 -4.03947e-19)
(25.853 3.33579 -2.94411e-18)
(25.8785 10.791 -9.63121e-19)
(21.7385 4.15101 7.60103e-19)
(24.5545 8.11271 0)
(31.2137 3.456 0)
(25.9813 3.67118 -2.10864e-17)
(29.7808 1.83876 -1.44157e-18)
(31.5826 5.17396 2.91761e-18)
(25.3433 3.44981 -3.31748e-17)
(26.474 3.90466 0)
(26.2343 2.53743 5.44268e-18)
(24.7247 2.61067 0)
(25.9907 3.79682 -2.78326e-17)
(24.9416 2.23393 2.69004e-19)
(27.2155 4.05717 0)
(25.8103 3.43273 -1.89833e-17)
(27.8199 8.15659 -1.97523e-18)
(27.4428 2.07512 -1.51292e-18)
(22.4039 2.88121 0)
(26.0891 8.11471 -8.87147e-19)
(21.1841 1.18683 8.25578e-19)
(22.5707 5.53503 0)
(27.7384 0.375033 0)
(22.2829 2.2438 -1.54271e-18)
(25.8231 3.89748 0)
(24.79 2.2043 -1.07797e-18)
(20.7109 1.26705 2.01767e-19)
(25.8228 3.37578 -2.42022e-18)
(24.5029 1.14782 -1.56477e-18)
(30.0512 3.09873 -4.94629e-18)
(25.9901 3.46289 1.93594e-17)
(25.7731 3.63158 7.1037e-19)
(26.299 1.66298 0)
(27.3005 1.92601 2.25556e-20)
(25.7075 3.68044 -6.56337e-18)
(24.9009 1.38003 8.76958e-19)
(19.795 1.31245 3.16723e-19)
(24.6862 2.16851 9.48229e-19)
(26.5697 4.12527 0)
(25.6149 3.46432 -2.96632e-17)
(25.1699 2.65717 -3.21241e-18)
(24.0887 0.921701 0)
(23.6008 3.56999 -5.49321e-18)
(21.7457 4.23108 -2.15126e-18)
(25.8174 3.37519 -1.96526e-18)
(25.8234 3.37377 1.88412e-18)
(24.8095 4.52385 5.5591e-18)
(30.5967 2.69658 -3.61536e-18)
(25.892 0.180795 -1.49887e-18)
(25.0213 2.34303 -4.81744e-21)
(25.7691 3.62861 0)
(23.5913 1.68832 -8.79289e-19)
(25.6059 3.47626 1.47275e-17)
(27.4189 2.70786 2.06562e-17)
(25.0361 2.35737 -3.50235e-18)
(23.9587 2.91142 1.29755e-18)
(27.2724 2.1005 1.88668e-18)
(27.1389 4.16313 1.04916e-17)
(28.1065 0.299781 0)
(24.6221 2.09715 0)
(24.0361 7.3188 0)
(24.4777 4.18125 8.96176e-18)
(35.2604 10.7554 0)
(25.581 3.80677 0)
(25.3673 2.89325 0)
(25.7636 3.55068 -1.48141e-17)
(26.8692 2.01489 0)
(24.7493 2.58609 0)
(23.6552 3.33128 1.97814e-17)
(24.5901 4.51296 1.52668e-19)
(25.7468 3.46653 1.1858e-18)
(25.7436 3.65507 -5.50945e-18)
(26.3924 0.137952 2.55013e-18)
(25.9753 -0.598623 -6.57969e-19)
(27.5784 2.68306 3.21678e-19)
(21.8201 4.25591 3.42271e-19)
(26.8011 3.15942 0)
(22.4955 6.9436 0)
(25.6934 3.7437 0)
(28.7605 2.82542 -5.26004e-18)
(27.8359 5.45046 0)
(24.9326 2.2316 7.7875e-19)
(25.2092 2.68582 -6.19764e-18)
(25.6383 3.69042 1.19056e-17)
(19.685 0.61993 0)
(24.4422 2.05616 2.20109e-18)
(24.9049 2.73825 -3.80917e-18)
(26.4679 3.29527 -1.90397e-17)
(29.6734 0.956818 2.34669e-18)
(25.6527 3.63721 7.9348e-18)
(23.5013 6.58888 1.00097e-18)
(25.7381 3.66016 -1.06481e-17)
(31.4024 4.07269 -2.63616e-18)
(25.1717 2.3396 -1.39536e-18)
(24.6441 2.10906 -1.07562e-18)
(22.621 2.62573 0)
(26.4304 1.57476 6.72187e-19)
(23.043 1.48742 -6.70993e-19)
(23.799 3.19331 -1.40291e-17)
(23.7138 3.92055 1.52218e-18)
(24.635 2.09925 0)
(23.9664 2.97556 0)
(23.7763 4.06633 -1.17263e-18)
(25.5773 3.91168 5.36285e-18)
(24.5266 2.33165 -1.78222e-19)
(23.4601 0.15874 -3.20242e-18)
(28.2656 1.17304 0)
(21.738 0.25518 -3.0645e-20)
(23.8665 3.30343 -2.81398e-18)
(25.5525 3.59945 -6.94932e-18)
(26.2137 3.56884 -2.62076e-17)
(20.1038 -0.5898 -1.25404e-18)
(23.6949 3.84065 -1.71991e-17)
(26.7539 4.4235 -2.09119e-17)
(24.5537 8.20108 4.78004e-20)
(26.2393 -0.806146 1.46934e-18)
(30.4955 5.93142 0)
(33.2968 2.51815 0)
(22.0861 4.93536 0)
(22.062 0.595224 -2.7523e-19)
(25.7788 3.50922 0)
(22.4481 1.52284 1.30049e-19)
(25.2258 4.96889 1.09739e-18)
(21.6508 0.208624 7.5655e-20)
(24.7141 2.19775 6.89093e-19)
(25.3862 4.39519 -6.60573e-18)
(25.5064 2.60702 -1.54832e-18)
(26.4246 6.70144 -2.29601e-18)
(26.5357 4.17973 -2.51978e-17)
(30.0081 2.08881 0)
(26.5364 0.215646 -1.06874e-18)
(23.9533 1.7922 8.18712e-19)
(27.439 6.07386 2.94173e-18)
(25.6348 3.38261 0)
(31.206 2.75796 0)
(25.7798 4.04044 0)
(23.8969 1.35737 8.67838e-19)
(25.4265 8.31283 -2.80882e-19)
(30.223 1.59051 -1.16243e-18)
(25.5913 3.32031 -2.20182e-19)
(29.8269 3.69847 -5.77556e-19)
(29.8668 7.11882 -1.92435e-18)
(24.9817 3.62373 -1.4887e-17)
(26.4922 1.01072 -1.43979e-18)
(24.7948 2.27768 0)
(24.7075 4.54409 0)
(26.4875 2.01657 0)
(17.8174 17.4057 -8.65366e-19)
(24.7331 4.43354 0)
(20.9554 4.96816 0)
(25.7727 3.41386 2.19384e-17)
(25.5028 3.38757 -1.4895e-17)
(25.0474 2.88009 -1.60092e-17)
(31.5563 5.24013 -1.45825e-18)
(29.8414 6.92679 1.71534e-18)
(24.4222 2.01428 2.26329e-18)
(23.7883 3.92902 0)
(23.8939 1.77887 0)
(30.7245 2.64735 0)
(25.8113 3.44833 -1.35469e-17)
(23.9223 1.76438 0)
(21.6503 0.979334 -5.55919e-20)
(25.0626 3.96557 -2.33647e-17)
(24.5356 1.1376 0)
(26.6055 1.59753 0)
(25.9664 3.8216 0)
(26.4312 0.110741 5.01452e-19)
(27.642 1.39331 -4.11405e-18)
(25.7799 3.64235 0)
(20.7072 1.30451 3.86398e-19)
(25.9808 3.69544 9.26363e-18)
(26.8566 7.03706 0)
(22.3749 2.82071 1.26108e-18)
(26.1453 2.96704 8.51545e-18)
(31.2551 4.03629 2.42272e-18)
(25.5884 3.84066 0)
(26.2467 2.01677 6.70934e-19)
(22.9112 8.27489 6.02574e-19)
(25.8256 3.3815 1.87496e-18)
(27.7128 1.41905 -1.47148e-19)
(25.3214 3.70756 -4.19773e-17)
(23.4571 10.3648 1.00186e-19)
(27.2363 -0.436506 -4.88527e-19)
(25.2486 2.63987 2.74293e-18)
(26.5049 1.55431 7.87479e-19)
(25.2664 2.61565 -2.91259e-18)
(25.9957 3.47897 -2.04217e-17)
(26.9916 1.95404 0)
(24.9797 1.64359 0)
(25.6577 3.33985 2.09823e-18)
(25.8204 3.37888 -2.11031e-18)
(25.8182 3.43717 1.05456e-17)
(24.3903 2.39055 -5.93931e-18)
(24.6635 4.59518 2.07475e-18)
(24.7894 4.46133 0)
(25.8278 3.87319 0)
(26.4149 3.9566 -2.47574e-17)
(25.7081 2.1346 -1.58906e-20)
(23.316 4.51653 -4.59255e-18)
(25.7748 0.417167 1.12614e-18)
(26.315 4.73009 -2.77512e-19)
(26.0142 3.6864 0)
(26.7939 3.09504 -2.02178e-17)
(21.093 0.829626 -1.37601e-19)
(29.0386 1.42262 4.74146e-18)
(27.5074 2.527 -1.78792e-18)
(24.8259 2.29001 -1.28772e-18)
(30.6628 3.26265 0)
(25.4843 2.27084 9.07018e-19)
(27.1225 1.70412 0)
(23.8695 1.77736 0)
(31.3 2.72384 1.4086e-20)
(26.0002 3.70356 2.42788e-17)
(26.5278 8.65008 -3.55546e-19)
(31.1278 3.35842 2.26531e-18)
(25.3334 4.94892 -1.41407e-18)
(25.7428 3.64936 3.11706e-18)
(25.7896 3.50874 0)
(25.8876 3.58914 2.26437e-17)
(26.0294 3.86402 0)
(21.3873 0.55549 -1.60838e-20)
(24.8021 2.27498 -3.88682e-19)
(25.6002 3.90463 -5.49624e-18)
(25.1908 2.20533 0)
(24.5989 4.57267 8.52724e-18)
(28.1001 2.34891 -2.03008e-18)
(15.3897 -0.849573 2.22954e-18)
(24.7682 4.56452 0)
(24.7043 2.5593 0)
(25.4458 2.87925 8.9827e-18)
(25.7681 3.55214 1.19733e-17)
(25.914 9.43287 1.78981e-19)
(19.0001 18.0871 0)
(26.1976 3.59244 -1.72255e-17)
(23.0328 2.53447 1.9005e-18)
(24.7476 3.02994 3.03753e-18)
(31.6721 5.17606 -1.4256e-18)
(29.9961 4.49793 8.87883e-18)
(25.5754 3.82614 0)
(31.0463 6.0894 1.59599e-19)
(23.5163 2.53909 5.42246e-18)
(26.6582 2.46151 6.31768e-18)
(25.7309 3.63734 -9.41867e-18)
(26.2734 2.18685 1.09636e-18)
(26.5572 3.42014 -2.05279e-17)
(23.017 2.46575 -5.65682e-18)
(31.7373 9.71702 -1.93719e-18)
(26.5672 3.36633 -1.30617e-17)
(26.4733 1.49788 0)
(21.1102 0.791773 0)
(25.6473 3.34588 -1.14616e-18)
(25.9727 3.4637 1.30236e-17)
(26.82 2.22701 0)
(27.5268 3.39112 1.81137e-17)
(25.3983 2.85091 1.51339e-18)
(25.7418 3.66115 3.5701e-18)
(25.7933 3.38193 0)
(25.7478 3.65952 -1.93356e-18)
(27.2264 4.28439 1.052e-17)
(26.7217 2.4658 0)
(25.2158 2.3582 -2.63856e-18)
(23.0629 2.42468 1.85462e-18)
(24.1504 2.53305 -6.52511e-18)
(30.6229 3.92827 0)
(27.7045 0.412966 -5.69584e-19)
(25.5278 2.61865 1.56742e-18)
(25.0507 2.34478 9.45223e-19)
(25.7929 3.5173 6.90666e-18)
(26.5238 3.35301 2.07374e-17)
(24.6315 2.10469 0)
(25.2696 0.631736 0)
(27.4926 2.04445 -9.28667e-19)
(23.177 4.57272 -2.4056e-18)
(27.2764 4.20209 -2.22099e-17)
(24.0368 6.00313 9.83512e-19)
(29.0011 5.8206 -1.77977e-18)
(23.977 5.92481 2.817e-18)
(25.6935 3.29896 8.06147e-19)
(27.7959 0.444126 5.96525e-19)
(31.2618 2.7696 0)
(25.4657 3.42995 2.07596e-17)
(21.6763 0.15436 -3.73749e-20)
(24.0596 2.42748 0)
(24.7358 2.55691 0)
(25.3279 3.66333 9.26687e-18)
(26.5745 1.48959 -1.74471e-18)
(26.0901 2.98161 0)
(25.4243 4.36989 7.13044e-18)
(24.4196 2.04453 1.0795e-18)
(23.7994 3.31601 0)
(25.7004 3.7257 1.01941e-17)
(25.4059 2.42967 -2.08477e-18)
(24.4106 2.02418 -2.34701e-18)
(26.3726 3.96611 1.87826e-17)
(25.6601 3.64506 0)
(23.2262 4.50637 2.29123e-18)
(24.688 4.65764 2.05258e-18)
(22.8163 5.40578 3.94287e-18)
(23.7581 1.60565 -8.3779e-19)
(22.4437 2.16402 -5.68246e-20)
(25.6585 3.3924 -1.23398e-17)
(25.6343 3.39839 0)
(25.6853 3.47526 1.81249e-17)
(29.3399 2.52079 -3.45914e-18)
(26.0473 3.83878 0)
(23.9607 1.77211 2.32223e-21)
(22.4173 0.0488237 2.6235e-19)
(26.4931 3.38146 -1.84694e-17)
(24.4022 2.42838 0)
(25.7414 3.36229 2.66022e-18)
(24.6794 1.04381 -3.00307e-19)
(24.7117 3.09287 9.10019e-18)
(24.7109 3.04646 -1.7665e-17)
(26.1083 3.00719 0)
(27.4573 3.44918 -2.21545e-17)
(25.7037 3.31978 1.71481e-17)
(28.0601 7.18408 -3.73671e-18)
(23.8657 1.79567 0)
(24.9565 2.04436 2.11151e-20)
(27.3727 5.14187 -9.9525e-18)
(31.5223 5.11618 -1.34602e-18)
(24.99 2.04115 0)
(25.7928 3.49054 -4.38758e-18)
(27.6124 1.51663 -6.97502e-18)
(26.2702 4.78995 -8.58884e-18)
(26.4291 3.9263 1.97786e-17)
(25.0967 5.68012 5.12039e-19)
(28.8884 5.75638 1.6994e-18)
(27.5899 1.44011 0)
(22.5014 0.0804921 0)
(25.794 3.49124 6.77567e-18)
(28.0012 2.33719 0)
(26.4066 3.88619 8.22709e-18)
(26.4421 2.53289 6.04611e-19)
(23.887 1.8165 9.56326e-19)
(28.0203 7.07061 1.79246e-18)
(26.3791 2.52552 0)
(9.9031 -1.53111 0)
(21.1148 1.4572 0)
(25.5162 3.74781 1.87652e-17)
)
;

boundaryField
{
    frontAndBack
    {
        type            empty;
    }
    inlet
    {
        type            freestreamVelocity;
        freestreamValue uniform (25.75 3.62 0);
        value           nonuniform List<vector> 
32
(
(25.7471 3.6126 0)
(25.7495 3.61981 3.42775e-20)
(25.7487 3.61867 1.65829e-18)
(25.7497 3.61999 -3.36045e-19)
(25.7536 3.61615 -1.7376e-18)
(25.75 3.62001 -4.82556e-21)
(25.7604 3.58171 0)
(25.75 3.62001 0)
(25.75 3.62003 1.13137e-19)
(25.7556 3.60876 -2.1002e-18)
(25.7473 3.61523 -7.07078e-19)
(25.7503 3.62013 0)
(25.751 3.6197 1.15935e-18)
(25.7473 3.60256 3.63666e-19)
(25.75 3.62005 -1.04952e-20)
(25.7492 3.6194 -2.78882e-18)
(25.7525 3.61799 1.46564e-18)
(25.75 3.62003 -1.6619e-19)
(25.7606 3.56646 -9.53038e-18)
(25.75 3.62 -2.71179e-23)
(25.7546 3.61321 1.88093e-18)
(25.7506 3.62007 0)
(25.75 3.62003 -1.03026e-21)
(25.7473 3.60791 -2.02953e-18)
(25.7481 3.61716 0)
(25.756 3.60239 -6.33308e-18)
(25.7516 3.61916 1.20184e-18)
(25.7501 3.62007 2.52156e-19)
(25.75 3.6201 -9.3328e-20)
(25.7499 3.62 0)
(25.7494 3.59277 0)
(25.7575 3.59034 0)
)
;
    }
    outlet
    {
        type            freestreamVelocity;
        freestreamValue uniform (25.75 3.62 0);
        value           nonuniform List<vector> 
32
(
(25.7464 3.41693 -1.7387e-19)
(25.8277 3.44892 -1.74032e-18)
(25.823 3.45923 -1.95794e-18)
(25.7509 3.40311 1.05615e-18)
(25.7498 3.58216 3.97393e-19)
(25.6812 3.36476 -6.55913e-19)
(25.7588 3.55556 2.60716e-18)
(25.6554 3.34656 3.21158e-22)
(25.7925 3.49863 0)
(25.7651 3.38329 0)
(25.8402 3.41571 1.52454e-18)
(25.7384 3.44868 1.34152e-18)
(25.838 3.38614 -6.76321e-21)
(25.7448 3.49046 -1.2852e-18)
(25.7594 3.55072 -4.03851e-18)
(25.8079 3.48058 -4.6263e-18)
(25.4782 3.32944 6.58117e-20)
(25.7535 3.56985 1.04992e-17)
(25.7391 3.46606 -1.15286e-18)
(25.8406 3.38036 -2.08588e-19)
(25.842 3.39256 1.63043e-19)
(25.756 3.53062 2.98266e-18)
(25.8468 3.37744 -4.81897e-19)
(25.7514 3.51173 0)
(25.8464 3.39886 -6.11604e-19)
(25.8439 3.42443 -6.80129e-19)
(25.7694 3.53603 -2.05332e-18)
(25.7837 3.51653 -4.16436e-18)
(25.8271 3.38549 -1.02685e-20)
(25.7658 3.37485 -6.30051e-22)
(25.7568 3.38992 -2.51913e-19)
(25.7383 3.42383 -2.02712e-19)
)
;
    }
    walls
    {
        type            noSlip;
    }
}


// ************************************************************************* //
