/*--------------------------------*- C++ -*----------------------------------*\
  =========                 |
  \\      /  F ield         | OpenFOAM: The Open Source CFD Toolbox
   \\    /   O peration     | Website:  https://openfoam.org
    \\  /    A nd           | Version:  dev
     \\/     M anipulation  |
\*---------------------------------------------------------------------------*/
FoamFile
{
    format      ascii;
    class       volScalarField;
    location    "450";
    object      nut;
}
// * * * * * * * * * * * * * * * * * * * * * * * * * * * * * * * * * * * * * //

dimensions      [0 2 -1 0 0 0 0];

internalField   nonuniform List<scalar> 
25458
(
0.000234323
6.76428e-05
4.21565e-06
6.59361e-06
6.84044e-06
7.07437e-06
7.11387e-06
7.08074e-06
7.01338e-06
6.95154e-06
6.89567e-06
0.000186713
4.97264e-05
4.46118e-06
5.35205e-06
6.24319e-06
6.62678e-06
6.89535e-06
7.0427e-06
7.06574e-06
7.06431e-06
7.03432e-06
0.000197175
4.79872e-05
4.96797e-06
4.79446e-06
5.92337e-06
6.345e-06
6.56691e-06
6.69947e-06
6.78152e-06
6.82079e-06
6.79271e-06
0.000152919
2.84882e-05
2.9344e-06
4.13281e-06
6.17394e-06
7.18752e-06
7.22703e-06
7.18096e-06
7.13493e-06
7.12114e-06
7.11482e-06
0.000180848
8.31278e-05
4.44242e-05
8.59091e-06
5.36628e-06
6.55539e-06
7.33969e-06
7.39251e-06
7.3674e-06
7.23667e-06
7.01745e-06
4.01591e-05
9.78299e-05
0.000101869
6.66158e-05
1.86052e-05
6.30514e-06
6.91291e-06
7.35146e-06
6.99089e-06
6.56889e-06
6.49231e-06
6.86071e-06
9.27927e-07
2.34343e-06
4.70564e-06
6.26137e-06
7.03683e-06
7.05174e-06
7.00757e-06
6.92504e-06
6.83076e-06
6.74604e-06
0.000276447
0.000103958
2.84846e-05
5.08431e-06
5.71028e-06
6.85391e-06
7.30894e-06
7.30343e-06
7.29234e-06
7.25028e-06
7.12604e-06
0.000123278
7.84698e-05
5.41671e-05
1.43716e-05
5.38284e-06
6.30481e-06
7.33254e-06
7.44721e-06
7.3735e-06
7.14774e-06
6.86964e-06
5.91736e-05
6.88139e-05
5.92531e-05
2.12826e-05
5.70191e-06
6.0817e-06
7.29231e-06
7.47136e-06
7.34148e-06
7.04358e-06
6.74917e-06
3.25814e-05
6.84688e-05
6.48343e-05
2.91733e-05
7.02285e-06
5.91748e-06
7.22461e-06
7.47052e-06
7.27797e-06
6.89761e-06
6.65966e-06
2.53793e-05
7.58325e-05
7.31522e-05
3.82676e-05
9.20803e-06
5.85223e-06
7.13551e-06
7.44776e-06
7.19571e-06
6.76799e-06
6.59474e-06
4.98092e-05
8.95828e-05
8.75155e-05
5.09821e-05
1.27939e-05
5.89005e-06
7.02579e-06
7.40865e-06
7.10852e-06
6.66075e-06
6.53709e-06
7.29426e-05
0.000155713
0.000220291
0.000248634
0.000237995
0.000180762
7.1983e-05
1.09983e-05
6.00045e-06
5.90006e-06
6.10752e-06
7.44329e-05
0.000109659
0.000117949
8.52533e-05
2.82162e-05
7.27374e-06
6.81883e-06
7.27874e-06
6.85292e-06
6.49055e-06
6.45103e-06
7.8516e-05
0.000117225
0.000133159
0.000105515
4.28924e-05
9.09417e-06
6.79362e-06
7.19324e-06
6.72234e-06
6.42039e-06
6.41472e-06
6.19139e-05
0.000120593
0.000145063
0.00012491
6.23258e-05
1.24911e-05
6.90808e-06
7.10215e-06
6.6047e-06
6.35618e-06
6.38091e-06
6.09274e-05
0.0001254
0.000155486
0.00014255
8.43534e-05
1.86278e-05
7.23942e-06
7.01198e-06
6.49809e-06
6.29686e-06
6.35069e-06
6.05421e-05
0.000130502
0.000165322
0.000158714
0.000106929
2.9015e-05
7.93544e-06
6.93598e-06
6.40107e-06
6.24118e-06
6.31863e-06
6.44303e-05
0.000135473
0.000174878
0.000173857
0.000128766
4.44736e-05
9.24715e-06
6.89244e-06
6.31132e-06
6.18806e-06
6.28776e-06
6.45531e-05
0.000139645
0.000183782
0.000188144
0.000149525
6.45269e-05
1.16569e-05
6.91751e-06
6.22886e-06
6.13685e-06
6.25702e-06
6.70764e-05
0.000143516
0.000192087
0.000201615
0.00016911
8.74101e-05
1.59463e-05
7.05401e-06
6.15398e-06
6.08714e-06
6.22696e-06
7.03424e-05
0.000147059
0.000199918
0.000214385
0.000187647
0.000111431
2.32897e-05
7.37122e-06
6.08873e-06
6.03866e-06
6.19672e-06
7.03148e-05
0.000150125
0.000207141
0.000226426
0.000205224
0.000135322
3.48529e-05
7.97409e-06
6.0359e-06
5.99136e-06
6.16761e-06
7.28116e-05
0.000153053
0.000213947
0.000237846
0.000222013
0.000158575
5.13706e-05
9.07889e-06
6.00355e-06
5.94504e-06
6.13721e-06
8.78764e-05
0.000185014
0.000301453
0.000395549
0.000466157
0.000506219
0.000505598
0.000450827
0.000324487
0.00011505
9.24408e-06
8.69614e-05
0.000185613
0.000303401
0.000399385
0.000472381
0.000515381
0.000518358
0.000467995
0.000347274
0.000137941
1.11797e-05
8.0399e-05
0.0001584
0.00022649
0.000258967
0.000253285
0.000201934
9.53712e-05
1.43261e-05
6.04789e-06
5.85666e-06
6.07763e-06
8.18664e-05
0.000160533
0.00023231
0.000268861
0.000267934
0.000222107
0.000119989
1.98931e-05
6.17092e-06
5.81558e-06
6.04792e-06
7.9468e-05
0.000162423
0.000237564
0.000278181
0.000281951
0.000241461
0.000145003
2.88454e-05
6.47909e-06
5.77867e-06
6.01804e-06
7.73949e-05
0.000164361
0.000242444
0.000286938
0.000295304
0.00026003
0.000169725
4.2029e-05
7.02175e-06
5.74848e-06
5.9885e-06
7.74831e-05
0.000166259
0.000247096
0.000295224
0.000308033
0.000277901
0.000193851
5.96166e-05
7.93289e-06
5.72892e-06
5.95879e-06
7.88426e-05
0.000167991
0.000251576
0.000303144
0.000320208
0.000295099
0.000217135
8.07338e-05
9.45125e-06
5.72558e-06
5.92962e-06
8.12535e-05
0.000169536
0.000255887
0.000310762
0.000331898
0.000311649
0.00023947
0.000104123
1.19597e-05
5.74875e-06
5.9002e-06
8.13742e-05
0.000170907
0.000259914
0.000318039
0.000343131
0.000327586
0.000260895
0.000128811
1.60883e-05
5.80756e-06
5.87211e-06
8.19137e-05
0.00017224
0.000263724
0.000324978
0.000353897
0.000342888
0.000281398
0.000153977
2.25876e-05
5.92901e-06
5.84561e-06
8.39814e-05
0.000173481
0.000267353
0.000331588
0.000364209
0.000357621
0.000301202
0.000179389
3.24788e-05
6.13098e-06
5.8203e-06
8.37849e-05
0.000174611
0.000270783
0.00033791
0.000374107
0.000371798
0.000320324
0.000204566
4.62376e-05
6.51665e-06
5.79953e-06
8.50948e-05
0.000175699
0.000274074
0.000343971
0.000383612
0.000385439
0.000338785
0.000229137
6.35527e-05
7.15801e-06
5.78335e-06
8.47134e-05
0.000176697
0.00027713
0.000349718
0.000392718
0.000398599
0.00035672
0.000253099
8.39374e-05
8.19153e-06
5.77531e-06
8.24639e-05
0.000177717
0.000280004
0.000355203
0.000401466
0.000411286
0.000374067
0.000276178
0.000106243
9.82339e-06
5.77891e-06
7.977e-05
0.000178787
0.000282714
0.000360421
0.00040985
0.000423489
0.000390777
0.000298242
0.000129579
1.23322e-05
5.79903e-06
7.89351e-05
0.00017986
0.000285282
0.000365345
0.000417829
0.000435199
0.000406896
0.000319456
0.000153726
1.61962e-05
5.84477e-06
8.18231e-05
0.000180815
0.000287903
0.000370141
0.000425495
0.000446432
0.00042238
0.000339781
0.000178195
2.19256e-05
5.92547e-06
8.3427e-05
0.000181607
0.00029043
0.000374783
0.000432868
0.00045721
0.000437243
0.000359296
0.000202706
3.00561e-05
6.05596e-06
8.499e-05
0.000182314
0.000292772
0.000379166
0.000439898
0.000467564
0.000451633
0.00037835
0.000227466
4.12584e-05
6.26815e-06
8.55307e-05
0.00018304
0.000295001
0.000383367
0.000446662
0.000477572
0.00046563
0.000397064
0.000252346
5.58989e-05
6.6138e-06
8.68234e-05
0.000183752
0.000297235
0.000387517
0.000453287
0.000487325
0.000479262
0.000415374
0.000276933
7.35017e-05
7.15316e-06
8.69851e-05
0.000184406
0.00029938
0.000391582
0.000459788
0.000496867
0.000492572
0.00043329
0.000301026
9.34405e-05
7.98369e-06
0.000101004
0.000195624
0.000346051
0.000490227
0.000629805
0.000758741
0.000869252
0.0009509
0.000989723
0.000967323
0.000859615
9.7518e-05
0.000195726
0.000346316
0.000491126
0.000631444
0.000761271
0.00087291
0.000956022
0.000996725
0.000976616
0.000871215
8.84884e-05
0.00019641
0.000346145
0.000491627
0.000632787
0.000763601
0.00087643
0.00096103
0.00100361
0.000985778
0.000882843
8.44879e-05
0.000197099
0.000346199
0.000492121
0.000633972
0.000765666
0.000879578
0.000965543
0.00100987
0.000994254
0.00089398
7.85635e-05
0.000197968
0.000346423
0.000493096
0.000636055
0.000769077
0.000884459
0.000972027
0.00101812
0.00100443
0.000906113
8.69741e-05
0.000186207
0.000305272
0.000403089
0.000478441
0.000524345
0.000530855
0.000484785
0.00036935
0.000161746
1.40747e-05
9.00598e-05
0.000186652
0.000307189
0.000406742
0.000484369
0.000533114
0.00054309
0.000501208
0.000390785
0.000186327
1.83809e-05
8.983e-05
0.000187037
0.000308981
0.000410306
0.000490178
0.000541701
0.000555058
0.000517239
0.000411582
0.000211399
2.45422e-05
8.75546e-05
0.000187542
0.000310556
0.000413661
0.000495787
0.000550069
0.000566764
0.000532936
0.000431923
0.000236944
3.31587e-05
8.614e-05
0.000188103
0.000312092
0.000416895
0.000501233
0.000558233
0.000578199
0.00054826
0.000451758
0.000262558
4.43701e-05
8.43731e-05
0.000188647
0.000313537
0.000419975
0.000506479
0.000566159
0.000589355
0.000563247
0.000471211
0.000288166
5.82929e-05
8.45744e-05
0.000189099
0.000314974
0.000422957
0.000511546
0.00057385
0.000600233
0.000577917
0.00049033
0.000313583
7.45861e-05
8.42327e-05
0.000189478
0.000316376
0.000425876
0.000516487
0.000581344
0.000610847
0.000592259
0.000509084
0.000338566
9.2701e-05
8.31924e-05
0.000189863
0.000317662
0.000428662
0.000521262
0.000588625
0.0006212
0.000606307
0.000527533
0.000363086
0.000112315
8.20594e-05
0.000190274
0.000318878
0.000431332
0.000525883
0.000595708
0.000631309
0.000620069
0.000545675
0.00038706
0.000133145
8.14451e-05
0.000190656
0.000320073
0.000433928
0.000530381
0.000602616
0.000641185
0.000633535
0.000563448
0.000410349
0.000154876
8.11779e-05
0.00019099
0.000321213
0.000436418
0.000534721
0.000609322
0.000650823
0.000646733
0.000580922
0.000433101
0.000177671
8.11111e-05
0.000191288
0.000322355
0.000438875
0.000538977
0.000615884
0.000660247
0.000659639
0.000597996
0.00045514
0.000201049
8.10309e-05
0.000191558
0.000323425
0.000441232
0.000543094
0.000622262
0.000669442
0.00067227
0.00061474
0.000476678
0.000225379
8.10575e-05
0.000191818
0.000324476
0.000443532
0.000547109
0.000628486
0.000678426
0.000684627
0.00063113
0.000497697
0.000250283
0.000161234
0.000315622
0.000497826
0.000623789
0.000678236
0.000635045
0.000455323
0.000169433
1.09093e-05
6.04721e-06
1.02479e-05
0.000166329
0.000318257
0.0004915
0.000603497
0.000637837
0.000567101
0.000354487
9.47585e-05
5.79852e-06
7.2201e-06
1.03364e-05
8.09997e-05
0.000192061
0.000325522
0.000445811
0.00055107
0.000634601
0.000687222
0.000696693
0.000647093
0.000518092
0.00027542
8.09283e-05
0.000192297
0.000326484
0.000447974
0.000554884
0.000640534
0.000695792
0.000708481
0.000662719
0.000538105
0.000301066
8.0884e-05
0.00019254
0.000327427
0.000450074
0.000558589
0.000646309
0.00070415
0.000719993
0.000677999
0.000557726
0.000326921
8.10123e-05
0.000192763
0.000328364
0.000452134
0.000562213
0.00065195
0.000712312
0.000731234
0.00069292
0.000576934
0.000352707
8.10877e-05
0.000192975
0.000329239
0.0004541
0.000565702
0.000657415
0.000720254
0.000742211
0.000707547
0.000595891
0.000378739
8.13135e-05
0.000193178
0.000330099
0.000456008
0.000569087
0.000662726
0.000727992
0.000752941
0.000721897
0.000614601
0.000404383
8.1606e-05
0.000193359
0.000330959
0.000457896
0.000572415
0.000667931
0.000735565
0.000763439
0.000735951
0.000632985
0.000429507
8.20601e-05
0.000193515
0.000331794
0.000459741
0.000575672
0.000673025
0.000742973
0.000773711
0.000749722
0.000651063
0.000454224
8.25149e-05
0.00019366
0.000332596
0.000461523
0.000578834
0.000677986
0.000750208
0.000783768
0.000763243
0.00066889
0.000478605
8.25779e-05
0.000193832
0.000333387
0.000463288
0.000581959
0.000682873
0.000757314
0.000793622
0.00077647
0.000686311
0.000502162
8.24658e-05
0.000194018
0.000334102
0.000464944
0.000584948
0.000687601
0.000764232
0.000803258
0.000789457
0.000703507
0.000525704
8.24111e-05
0.000194222
0.000334791
0.000466523
0.000587813
0.000692164
0.000770958
0.000812684
0.000802226
0.000720472
0.000548286
8.23902e-05
0.000194418
0.000335522
0.000468132
0.000590676
0.000696679
0.000777577
0.00082193
0.000814724
0.000737022
0.000569895
8.25871e-05
0.000194581
0.000336223
0.000469702
0.000593483
0.000701108
0.000784062
0.000830982
0.00082695
0.00075318
0.000590885
8.26297e-05
0.000194743
0.000336885
0.000471207
0.000596197
0.000705412
0.000790386
0.000839827
0.000838916
0.000769008
0.000611521
8.26413e-05
0.000194927
0.00033755
0.0004727
0.000598878
0.000709649
0.000796592
0.000848481
0.000850579
0.000784353
0.000631159
8.26477e-05
0.000195095
0.00033815
0.000474083
0.000601406
0.000713698
0.000802581
0.000856892
0.000861983
0.000799451
0.000650865
8.26827e-05
0.000195284
0.00033879
0.000475491
0.000603927
0.000717694
0.000808454
0.000865108
0.000873078
0.000814001
0.000668475
8.28654e-05
0.000195462
0.000339387
0.000476838
0.000606368
0.000721578
0.00081417
0.000873101
0.00088386
0.00082815
0.000686854
8.49249e-05
0.000195507
0.000340015
0.000478114
0.000608652
0.000725247
0.000819632
0.000880817
0.000894356
0.000842014
0.000704416
8.51218e-05
0.000195587
0.000340656
0.000479442
0.00061096
0.000728876
0.000824979
0.000888332
0.000904549
0.000855417
0.000721018
8.40714e-05
0.000195765
0.00034119
0.000480717
0.000613247
0.000732469
0.000830229
0.000895654
0.000914413
0.000868292
0.000736891
8.30039e-05
0.000196006
0.000341585
0.000481784
0.000615294
0.000735804
0.000835202
0.000902683
0.000923986
0.000880946
0.000753195
8.15194e-05
0.000196302
0.000342045
0.000482892
0.000617354
0.000739117
0.000840096
0.000909539
0.000933234
0.000892971
0.000767124
7.92675e-05
0.000196654
0.000342336
0.000483798
0.000619176
0.00074216
0.000844699
0.00091609
0.000942184
0.00090481
0.000782714
7.79465e-05
0.000196995
0.000342708
0.000484722
0.000620961
0.000745115
0.000849158
0.000922431
0.00095083
0.000916115
0.000795335
7.95062e-05
0.00019719
0.000343168
0.00048567
0.000622725
0.000748005
0.000853496
0.000928575
0.000959175
0.000927009
0.000808951
8.9569e-05
0.000196752
0.000344038
0.000486819
0.000624518
0.000750813
0.000857678
0.000934497
0.000967218
0.000937515
0.00082212
9.44174e-05
0.000196217
0.000344772
0.000487934
0.000626218
0.000753424
0.000861585
0.000940112
0.000974968
0.000947838
0.000835674
9.85443e-05
0.000195872
0.000345466
0.000489113
0.000628022
0.000756092
0.000865453
0.000945582
0.000982467
0.000957736
0.000847355
0.000155771
0.000299546
0.00051187
0.000687833
0.000816291
0.000876323
0.00083788
0.000657486
0.000303227
3.27829e-05
5.60162e-06
0.000158751
0.000302694
0.000510767
0.000678769
0.000795188
0.000838281
0.000776606
0.000563005
0.000213089
1.30756e-05
6.6319e-06
0.000160117
0.000306048
0.000509169
0.000668302
0.000771446
0.000795937
0.000708967
0.000461122
0.000135235
6.45077e-06
7.89737e-06
0.000159545
0.000309471
0.000506367
0.00065565
0.000744254
0.000748464
0.000633991
0.000357607
7.23116e-05
4.92499e-06
9.00746e-06
0.000158163
0.000312694
0.000502638
0.000640955
0.0007134
0.000695079
0.000549507
0.000258119
2.918e-05
5.09415e-06
9.82059e-06
0.000173253
0.000320644
0.00048337
0.000579512
0.000591189
0.000489193
0.000253887
3.95029e-05
4.93438e-06
8.22317e-06
1.01835e-05
8.26216e-05
0.000196733
0.000343503
0.000488124
0.000629529
0.000761845
0.000877564
0.00096669
0.0010158
0.00100686
0.000915032
7.61872e-05
0.000204966
0.000362533
0.000518916
0.000670417
0.000809935
0.000929274
0.00101785
0.00106161
0.0010418
0.000932718
3.37814e-05
0.000162932
0.000293553
0.000385927
0.000480307
0.000580379
0.000679835
0.000772601
0.000852475
0.000911786
0.000940533
8.50712e-06
2.56255e-05
0.000125108
0.000210796
0.000332088
0.000522662
0.000801923
0.00116253
0.00158621
0.00205994
0.00256798
5.25365e-06
9.66091e-05
0.000273662
0.000499777
0.000795736
0.0011737
0.00164626
0.00222754
0.00293371
0.00376857
0.00470041
2.85888e-07
6.44445e-05
0.00021545
0.000407129
0.000666915
0.00100132
0.00141335
0.00192269
0.00255226
0.00329917
0.00413358
1.47979e-05
3.62214e-05
0.000163745
0.000325445
0.00054622
0.000849047
0.00125637
0.00178717
0.0024439
0.00320847
0.00404809
2.41864e-05
3.37803e-05
0.000156322
0.000313839
0.000528954
0.000825162
0.00122487
0.00174623
0.00239382
0.00314631
0.00396852
3.80929e-05
3.64309e-05
0.000158995
0.000317808
0.000534812
0.000833563
0.00123764
0.00176344
0.0024069
0.00314195
0.00393896
6.27314e-05
4.27424e-05
0.000165602
0.000328038
0.000550376
0.000856059
0.00126752
0.00179737
0.00243437
0.00314682
0.00390279
8.80016e-05
4.83501e-05
0.000168346
0.00033288
0.000558789
0.000869261
0.0012828
0.00180664
0.00243011
0.00312869
0.00387749
0.000108687
5.50199e-05
0.000173204
0.000340458
0.000570434
0.00088529
0.00130264
0.00182959
0.00245418
0.00315034
0.00389272
0.000123383
6.22005e-05
0.000182158
0.000355094
0.000593114
0.000917496
0.00134421
0.00187711
0.00250029
0.00318668
0.00391308
0.000133645
6.76719e-05
0.000189475
0.000367366
0.000612185
0.000943805
0.0013758
0.00190807
0.00252148
0.00318973
0.00389212
0.000142162
7.22438e-05
0.000195168
0.000376859
0.000626273
0.000962055
0.00139565
0.00192367
0.00252504
0.00317409
0.00385003
0.000148436
7.68621e-05
0.000202312
0.00038848
0.000642564
0.000981929
0.00141593
0.00193915
0.00253055
0.00316521
0.00381866
0.000153029
8.0622e-05
0.000208658
0.000398285
0.000655949
0.000998555
0.00143419
0.00195606
0.00254365
0.00317586
0.00383794
0.000155684
8.43387e-05
0.000216024
0.000409073
0.000670971
0.00101776
0.00145528
0.00197286
0.00254708
0.00315588
0.00378246
0.000156996
8.81512e-05
0.000224978
0.000421901
0.000687778
0.00103689
0.00147249
0.00198188
0.00254188
0.00313021
0.00372449
0.000157006
9.08998e-05
0.000232155
0.000431448
0.000699902
0.00105061
0.00148544
0.00199107
0.00254519
0.00312686
0.00371537
0.000156018
9.41172e-05
0.00024076
0.000442959
0.00071516
0.00106924
0.00150568
0.00200972
0.00255868
0.00313172
0.00370735
0.00015414
9.64272e-05
0.000247642
0.000451965
0.000726981
0.00108338
0.00152011
0.00202098
0.0025632
0.0031268
0.00369225
0.000151195
9.90356e-05
0.000255297
0.000462168
0.000740404
0.00109903
0.00153509
0.00203083
0.00256351
0.00311333
0.0036589
0.000147872
0.000101455
0.000262908
0.000471881
0.000751822
0.00110988
0.00154149
0.00202881
0.0025504
0.00308711
0.00361725
0.000144762
0.000103737
0.000269724
0.000479913
0.000761022
0.0011189
0.00154785
0.00202959
0.00254298
0.0030685
0.00357946
0.000142112
0.000105218
0.000274227
0.000485453
0.000768067
0.0011268
0.00155437
0.00203129
0.00253721
0.00305647
0.00357746
0.00013934
0.000108285
0.000281732
0.000495421
0.000780593
0.00113972
0.00156313
0.00202975
0.00251838
0.00300961
0.00347795
0.000137215
0.000110204
0.000287255
0.000501832
0.000786564
0.00114245
0.00155897
0.00201608
0.00249422
0.0029752
0.00343527
0.00013514
0.000112356
0.000292387
0.000507903
0.000793355
0.0011483
0.00156088
0.00201041
0.00247732
0.00294331
0.00338581
0.000132898
0.000114876
0.000298422
0.000515598
0.000801973
0.00115555
0.00156335
0.00200473
0.00246018
0.00290958
0.00332477
0.000130494
0.000117492
0.000304076
0.000522212
0.00080875
0.00116048
0.00156382
0.00199861
0.00244613
0.0028859
0.00328282
0.00012755
0.000119592
0.00030779
0.000526283
0.000812334
0.00116172
0.00155998
0.00198722
0.0024262
0.00286136
0.00327813
0.000124657
0.000122387
0.000312273
0.000532137
0.00081904
0.00116704
0.00155995
0.00197673
0.00239845
0.00280456
0.00316755
0.00012286
0.000126021
0.000317995
0.000539549
0.000826808
0.00117253
0.00156009
0.00196915
0.00238109
0.00277366
0.00311029
0.00012179
0.000129271
0.000321698
0.000543776
0.000829986
0.00117238
0.00155414
0.00195577
0.00235965
0.00274544
0.00308439
0.000119828
0.000132883
0.00032629
0.000549421
0.000835421
0.00117519
0.00155138
0.0019447
0.00233739
0.00270759
0.00302147
0.000117558
0.000136704
0.000330554
0.000554381
0.000839241
0.00117533
0.00154529
0.00193052
0.00231367
0.00267295
0.00297456
0.000115476
0.000140446
0.000334425
0.000558753
0.00084259
0.00117543
0.00153967
0.00191694
0.00228977
0.00263617
0.00292415
0.000112686
0.000144223
0.000338285
0.000563355
0.00084648
0.00117643
0.00153533
0.00190489
0.00226718
0.00259832
0.00286139
0.000108446
0.000148203
0.000342394
0.00056827
0.000850715
0.0011778
0.00153158
0.00189418
0.00224776
0.00256774
0.00281088
0.000104535
0.000151857
0.000345534
0.000571937
0.000853228
0.00117694
0.00152509
0.00188019
0.0022248
0.00253645
0.00278611
0.000102486
0.000155393
0.000349885
0.000577207
0.000857913
0.00117871
0.00152148
0.0018687
0.00220175
0.00249367
0.00269821
0.000101054
0.000158945
0.000353497
0.000581187
0.000860352
0.00117748
0.00151492
0.00185589
0.0021824
0.00246891
0.00267388
0.000101051
0.000162197
0.000357293
0.000585356
0.000863284
0.00117704
0.00150903
0.0018426
0.00215961
0.00243411
0.00262377
0.000100125
0.000165685
0.000361242
0.000589807
0.000866542
0.00117698
0.00150361
0.00182989
0.00213739
0.00239999
0.00257713
9.8869e-05
0.000168987
0.000364846
0.000594069
0.000869933
0.0011775
0.00149922
0.00181847
0.00211611
0.00236428
0.00251924
9.75763e-05
0.000172432
0.000369405
0.000599634
0.000874919
0.00117987
0.0014971
0.00181009
0.00209919
0.00233477
0.00246572
9.70308e-05
0.000175961
0.000373484
0.000604288
0.000878415
0.00118039
0.00149314
0.00180026
0.00208191
0.00230864
0.00243226
9.73413e-05
0.000179251
0.00037766
0.000609277
0.000882874
0.00118266
0.00149155
0.0017929
0.0020662
0.0022805
0.00238387
9.83652e-05
0.00018245
0.000382123
0.00061479
0.00088816
0.00118607
0.00149142
0.00178745
0.00205315
0.00225666
0.00234384
9.91938e-05
0.000185644
0.000386685
0.000620464
0.000893651
0.00118972
0.00149156
0.00178228
0.00204038
0.0022332
0.00230491
0.000100067
0.000188937
0.000391336
0.000626246
0.000899255
0.00119352
0.00149193
0.00177742
0.00202802
0.0022102
0.0022664
9.97791e-05
0.000192322
0.000395845
0.000631963
0.000904906
0.00119749
0.00149258
0.00177296
0.00201615
0.00218783
0.00222879
9.9664e-05
0.00019548
0.000400286
0.000637783
0.000910785
0.00120172
0.00149347
0.00176869
0.00200453
0.00216587
0.0021917
0.000101205
0.000198451
0.000405383
0.000644302
0.000917229
0.00120624
0.00149434
0.0017642
0.00199271
0.00214423
0.00215551
0.000104692
0.000201487
0.000410474
0.000650437
0.000922747
0.00120935
0.00149347
0.00175772
0.00197884
0.00212132
0.00212362
0.000106727
0.000204763
0.000415493
0.000656497
0.000928225
0.00121249
0.0014926
0.00175101
0.001964
0.00209548
0.00208261
0.000107869
0.000208187
0.000420472
0.000662543
0.000933707
0.00121565
0.00149176
0.00174428
0.00194908
0.00206961
0.00204266
0.000108367
0.000211656
0.000425472
0.000668589
0.000939143
0.0012187
0.0014907
0.00173717
0.00193352
0.00204259
0.00200034
0.000109015
0.0002151
0.000430361
0.000674401
0.000944147
0.00122109
0.00148877
0.00172902
0.00191686
0.00201477
0.00195889
0.000108983
0.000218598
0.000435286
0.0006801
0.000948757
0.00122277
0.00148581
0.00171953
0.00189855
0.00198499
0.00191542
0.000108701
0.000222266
0.000440138
0.000685335
0.000952442
0.00122314
0.00148124
0.00170815
0.00187808
0.00195279
0.00186947
0.00010801
0.000225898
0.000444326
0.000689638
0.000954997
0.00122224
0.0014752
0.00169499
0.00185536
0.00191775
0.00182022
0.00010761
0.000229383
0.000448654
0.00069413
0.000957784
0.00122146
0.00146892
0.00168098
0.00183089
0.00187968
0.00176619
0.000105435
0.000232904
0.000452698
0.00069813
0.000959718
0.00121941
0.00146097
0.00166484
0.00180378
0.00183841
0.00170858
0.000105125
0.000236034
0.00045654
0.000701692
0.000960939
0.00121636
0.00145166
0.0016469
0.00177423
0.00179377
0.00164631
0.000107018
0.000238811
0.000460519
0.000705187
0.000961845
0.0012127
0.00144135
0.0016274
0.00174237
0.00174571
0.00157911
0.000110185
0.000241576
0.000464445
0.000708314
0.00096207
0.00120805
0.00142972
0.00160615
0.00170813
0.00169426
0.00150668
0.000110505
0.000244664
0.000468001
0.000710921
0.000961608
0.00120254
0.00141694
0.00158333
0.00167166
0.00163948
0.00142867
0.000109048
0.000247856
0.000471238
0.000713166
0.000960704
0.00119642
0.00140326
0.00155915
0.00163314
0.00158145
0.0013445
0.000106912
0.000250986
0.000474427
0.00071535
0.000959621
0.00118989
0.00138883
0.00153372
0.00159268
0.00152034
0.0012539
0.000105034
0.000254189
0.000477821
0.000717498
0.0009582
0.0011827
0.00137338
0.00150687
0.00155026
0.00145638
0.00115672
0.000102337
0.000257369
0.000480534
0.000718707
0.000955566
0.00117405
0.00135625
0.00147812
0.00150579
0.00139028
0.00105486
0.000101935
0.000260131
0.000483706
0.000720326
0.000953199
0.00116539
0.00133861
0.00144816
0.00145908
0.00132063
0.000946678
0.000105103
0.000262594
0.000486834
0.000721491
0.000949994
0.00115552
0.00131941
0.00141622
0.00141
0.00124851
0.000835114
0.000108632
0.00026503
0.000489903
0.000722405
0.000946317
0.00114488
0.00129898
0.00138239
0.00135807
0.00117252
0.00072116
0.000111593
0.000267568
0.000492889
0.000722984
0.000942029
0.0011333
0.00127713
0.00134646
0.00130306
0.00109211
0.000608033
0.0001154
0.00027021
0.000495639
0.000723085
0.000937034
0.00112068
0.00125378
0.00130832
0.00124472
0.00100622
0.000498667
0.000115311
0.000272985
0.00049807
0.000722834
0.000931485
0.00110713
0.00122892
0.00126786
0.00118285
0.00091384
0.00039599
0.000117626
0.000275433
0.000500764
0.000722509
0.000925435
0.00109256
0.00120238
0.00122487
0.00111729
0.000814467
0.000302656
0.000124344
0.000277796
0.000503154
0.000721385
0.000918155
0.00107629
0.00117361
0.00117902
0.00104822
0.000710055
0.000222558
0.00012567
0.000280493
0.000505206
0.000719761
0.000910039
0.00105864
0.00114264
0.00112984
0.00097442
0.000601218
0.000153146
0.00013049
0.0002829
0.000507156
0.000717632
0.000900918
0.00103933
0.00110916
0.00107697
0.000895179
0.000492077
9.51437e-05
0.00013654
0.00028524
0.000508911
0.000714915
0.000890703
0.00101825
0.00107296
0.00102003
0.000809196
0.000386836
4.94854e-05
0.000143237
0.000287718
0.000510504
0.000711541
0.000879248
0.000995184
0.0010338
0.000958772
0.000715676
0.000290006
2.1568e-05
0.000148837
0.000290488
0.000511465
0.000707044
0.000866095
0.000969672
0.000991235
0.000892983
0.000615439
0.000205691
9.95564e-06
0.000150572
0.000293493
0.000512028
0.000701716
0.000851427
0.000941631
0.000944751
0.000821585
0.000509933
0.000133628
6.02416e-06
0.000152889
0.000296484
0.000512184
0.000695367
0.000834906
0.000910627
0.000893803
0.000743584
0.000404066
7.45601e-05
5.18183e-06
0.000181953
0.00032278
0.000473237
0.000551315
0.000537212
0.000399801
0.000161475
1.34228e-05
5.52216e-06
8.86506e-06
9.88143e-06
0.000195425
0.0003249
0.000460891
0.000518152
0.000474056
0.000301159
8.27269e-05
6.34633e-06
6.61553e-06
9.10683e-06
9.52332e-06
0.000212016
0.000327175
0.000446201
0.000478931
0.000398426
0.000201039
2.87224e-05
5.28449e-06
7.60712e-06
9.03636e-06
9.16478e-06
0.0002295
0.000330104
0.000429785
0.000431538
0.000307683
0.000109091
9.29128e-06
6.02822e-06
8.16447e-06
8.79252e-06
8.83404e-06
0.000242904
0.000337514
0.000411816
0.000369692
0.000205384
3.79823e-05
5.70227e-06
7.14631e-06
8.26558e-06
8.48984e-06
8.53489e-06
0.000325259
0.000359836
0.000385619
0.000282419
0.000102396
9.78319e-06
6.13406e-06
7.88013e-06
8.08524e-06
8.19213e-06
8.23744e-06
0.000383045
0.000374044
0.000327868
0.000168228
2.46377e-05
5.8112e-06
7.41441e-06
7.94884e-06
7.80119e-06
7.91383e-06
7.95746e-06
0.000401672
0.000349815
0.000222783
5.21984e-05
6.21694e-06
7.0287e-06
7.85985e-06
7.65166e-06
7.55227e-06
7.6358e-06
7.64e-06
0.000356578
0.000265233
9.15817e-05
8.15507e-06
6.80977e-06
7.63648e-06
7.51947e-06
7.38299e-06
7.32605e-06
7.33228e-06
7.32631e-06
0.000296469
0.000151273
9.62494e-06
6.20165e-06
7.39402e-06
7.27336e-06
7.22948e-06
7.14898e-06
7.07483e-06
7.02411e-06
6.99635e-06
6.11286e-06
6.2229e-06
6.16499e-06
7.09731e-06
6.15665e-06
6.29913e-06
6.16692e-06
6.1489e-06
6.06766e-06
6.67918e-06
6.07948e-06
6.15355e-06
6.0816e-06
6.23091e-06
6.13373e-06
6.11978e-06
3.21374e-05
5.65507e-07
6.23939e-06
7.73026e-06
6.13659e-06
6.10526e-06
6.08667e-06
6.17987e-06
6.23344e-06
6.08898e-06
6.98103e-06
6.14915e-06
6.10551e-06
6.27952e-06
6.08812e-06
0.00102445
6.07902e-06
1.95094e-07
6.13819e-06
6.19909e-06
6.07894e-06
6.09727e-06
0.00109801
6.19319e-06
6.22333e-06
6.19907e-06
6.08273e-06
6.24911e-06
6.81394e-06
6.10949e-06
6.18593e-06
6.08678e-06
6.12137e-06
6.08842e-06
6.23037e-06
6.17297e-06
6.26025e-06
6.18597e-06
6.24675e-06
6.09793e-06
6.19225e-06
6.14379e-06
6.10433e-06
6.12894e-06
6.29417e-06
6.20523e-06
0.00146765
6.23362e-06
6.22503e-06
6.8214e-06
0.00681112
6.28645e-06
7.84461e-06
6.13605e-06
6.1091e-06
6.2086e-06
0.00705405
7.87106e-06
6.60425e-06
6.07599e-06
6.15167e-06
0.000746777
6.10105e-06
6.26797e-06
6.18497e-06
6.15958e-06
6.0856e-06
6.1605e-06
0.0109114
2.4617e-08
6.25422e-06
6.11049e-06
6.09307e-06
6.07615e-06
6.11203e-06
6.12687e-06
6.15994e-06
6.15377e-06
6.08591e-06
6.07334e-06
6.2654e-06
6.13132e-06
6.06893e-06
6.1442e-06
2.19481e-06
6.10306e-06
0.00198897
0.00285695
0.00278365
6.2079e-06
6.15103e-06
6.26657e-06
6.12866e-06
6.15801e-06
6.12666e-06
6.19164e-06
6.23403e-06
6.17636e-06
6.13521e-06
6.24316e-06
6.12287e-06
2.21954e-06
6.14767e-06
1.40005e-14
6.08051e-06
6.13195e-06
6.16026e-06
6.22805e-06
6.13525e-06
7.08855e-06
6.13493e-06
6.15859e-06
6.11462e-06
6.10021e-06
6.18685e-06
6.18259e-06
1.18319e-09
1.67153e-07
6.59695e-06
6.22698e-06
6.21613e-06
6.15153e-06
7.8892e-06
6.13056e-06
6.14812e-06
6.1191e-06
7.98301e-07
6.08952e-06
6.13425e-06
6.12726e-06
6.23811e-06
6.1819e-06
6.20574e-06
6.17907e-06
6.16505e-06
6.11775e-06
6.14161e-06
6.13659e-06
6.14255e-06
6.10995e-06
6.29052e-06
6.14071e-06
6.08343e-06
6.14945e-06
6.11533e-06
6.13353e-06
6.13438e-06
6.27352e-06
0.00858452
6.21419e-06
6.09449e-06
0.0032935
6.17235e-06
6.07798e-06
7.645e-06
6.16008e-06
6.15691e-06
6.19304e-06
6.06789e-06
8.52719e-06
6.11567e-06
6.14277e-06
6.19634e-06
6.3575e-06
6.09582e-06
6.09037e-06
6.25215e-06
6.12663e-06
6.13503e-06
6.32529e-06
6.04724e-06
6.20026e-06
0.00313855
6.15707e-06
6.08563e-06
6.08656e-06
0.00592291
6.12851e-06
6.25901e-06
3.7908e-06
6.14713e-06
0.0116681
6.17606e-06
6.21618e-06
6.14658e-06
6.29738e-06
6.12764e-06
6.22773e-06
6.13951e-06
6.12259e-06
6.21832e-06
6.08769e-06
7.29292e-06
6.07908e-06
6.18763e-06
6.11495e-06
6.12726e-06
6.15675e-06
6.19923e-06
0.00845659
6.08022e-06
6.24414e-06
6.11634e-06
6.11636e-06
6.15232e-06
5.48308e-05
6.13123e-06
6.28505e-06
6.11493e-06
6.14581e-06
6.07145e-06
6.15323e-06
6.19747e-06
6.09339e-06
6.18052e-06
6.08762e-06
6.1458e-06
6.14442e-06
6.1297e-06
6.19675e-06
6.10386e-06
6.17304e-06
6.19695e-06
6.20872e-06
6.15906e-06
6.16948e-06
6.10187e-06
6.18812e-06
6.203e-06
6.1477e-06
6.42307e-06
6.24415e-06
6.2516e-06
6.15793e-06
6.08705e-06
6.20654e-06
8.43332e-06
9.83116e-06
6.20467e-06
6.1548e-06
6.0801e-06
6.40291e-06
6.1915e-06
6.1983e-06
6.0936e-06
6.08245e-06
6.29381e-06
6.06906e-06
6.09262e-06
6.12441e-06
0.00566518
6.10453e-06
6.23558e-06
0.000611225
6.12503e-06
6.13647e-06
6.2325e-06
6.09413e-06
6.1537e-06
6.1945e-06
6.09097e-06
6.1811e-06
6.10444e-06
6.26033e-06
6.15655e-06
3.75739e-07
8.51216e-06
6.16754e-06
6.13663e-06
6.16816e-06
6.23842e-06
6.17248e-06
6.17543e-06
6.32991e-06
6.21038e-06
0.00564718
6.30443e-06
6.08082e-06
6.0964e-06
6.22037e-06
6.8904e-06
6.09228e-06
6.979e-06
6.17627e-06
6.15882e-06
6.23213e-06
6.14976e-06
6.28738e-06
6.2083e-06
8.64482e-06
6.08662e-06
6.23035e-06
6.2023e-06
6.23531e-06
6.08537e-06
0.00532265
6.14778e-06
6.11897e-06
6.16103e-06
6.16718e-06
6.22305e-06
6.18565e-06
6.07789e-06
6.24958e-06
6.10523e-06
6.08116e-06
6.19967e-06
6.23431e-06
6.11279e-06
6.1555e-06
6.10877e-06
6.23664e-06
6.24369e-06
0.00521445
6.12659e-06
6.20264e-06
6.07966e-06
6.1689e-06
6.24953e-06
6.17726e-06
6.25669e-06
2.01544e-07
6.21202e-06
0.000104259
3.17356e-06
6.09993e-06
6.16979e-06
0.00644367
6.18363e-06
6.07695e-06
6.19835e-06
6.14274e-06
6.17116e-06
6.17458e-06
6.24213e-06
6.23881e-06
6.56511e-06
6.26703e-06
6.66697e-06
0.00187648
6.17087e-06
6.13095e-06
6.15058e-06
0.0094809
6.09621e-06
6.25497e-06
6.11117e-06
3.06244e-06
6.1574e-06
9.20633e-06
6.10101e-06
6.08374e-06
7.34042e-06
6.08724e-06
6.26421e-06
7.57053e-06
6.14677e-06
6.08516e-06
6.12332e-06
6.15822e-06
6.26877e-06
6.20142e-06
3.25405e-08
6.12669e-06
6.19574e-06
6.23604e-06
6.08649e-06
6.2185e-06
6.18322e-06
6.0699e-06
1.00606e-05
6.07923e-06
6.11284e-06
6.19024e-06
6.07868e-06
6.14126e-06
6.3166e-06
6.11787e-06
6.30321e-06
6.11771e-06
6.82807e-06
6.09567e-06
6.22259e-06
6.14147e-06
6.13878e-06
6.09046e-06
6.08635e-06
6.26336e-06
6.17996e-06
6.20141e-06
6.12477e-06
6.08766e-06
6.1043e-06
6.08923e-06
6.20604e-06
6.08469e-06
5.87661e-06
6.16919e-06
9.80931e-05
6.19528e-06
6.25609e-06
6.10409e-06
6.06792e-06
0.00239201
6.1284e-06
6.14328e-06
6.14027e-06
6.14008e-06
6.1358e-06
6.1911e-06
6.10908e-06
6.25896e-06
7.15723e-06
6.29357e-06
6.22412e-06
6.19736e-06
6.17781e-06
6.07989e-06
6.12314e-06
6.01957e-06
6.32049e-06
6.11324e-06
6.12762e-06
6.17772e-06
6.07966e-06
6.24355e-06
6.10059e-06
6.15629e-06
6.2136e-06
6.1724e-06
6.08315e-06
6.078e-06
4.14248e-06
6.18645e-06
8.64873e-06
1.41383e-07
5.98785e-06
6.07794e-06
6.1078e-06
6.16313e-06
6.15265e-06
6.10274e-06
6.07837e-06
7.4396e-06
6.07413e-06
6.09345e-06
6.11726e-06
6.18015e-06
0.00845025
6.14607e-06
6.11005e-06
6.10614e-06
6.16291e-06
6.11511e-06
6.19324e-06
6.16787e-06
6.1473e-06
6.07431e-06
6.17569e-06
6.07046e-06
6.30643e-06
6.15044e-06
6.15291e-06
6.06777e-06
6.06773e-06
5.97765e-06
6.27468e-06
6.13212e-06
6.21033e-06
6.15483e-06
6.07375e-06
6.07012e-06
6.10804e-06
6.09147e-06
6.24982e-06
6.10715e-06
6.09379e-06
0.0076593
6.19288e-06
6.07104e-06
6.18288e-06
6.09708e-06
6.24402e-06
6.11838e-06
6.12643e-06
6.07855e-06
6.08566e-06
6.18025e-06
6.16602e-06
6.12665e-06
6.09138e-06
6.16073e-06
6.09576e-06
0.00844192
6.15527e-06
6.18838e-06
6.16259e-06
6.19377e-06
0.00749841
2.5861e-07
6.13953e-06
6.12385e-06
6.07136e-06
6.17886e-06
6.19714e-06
6.17317e-06
6.10566e-06
1.19551e-05
6.26428e-06
6.24825e-06
0.000767859
0.00761443
6.11812e-06
6.12132e-06
6.25064e-06
6.05016e-06
6.15299e-06
0.000670039
6.13603e-06
6.30223e-06
6.15475e-06
6.17183e-06
7.27765e-06
4.34309e-07
6.0855e-06
6.15516e-06
6.13095e-06
6.18907e-06
6.15991e-06
6.11359e-06
6.10228e-06
6.11252e-06
6.12524e-06
6.10622e-06
6.18195e-06
6.12937e-06
6.1529e-06
6.16196e-06
2.40894e-06
6.15099e-06
0.0051616
5.74066e-06
0.000496276
6.08907e-06
0.00554786
6.13357e-06
6.28632e-06
0.00858511
6.20889e-06
6.15846e-06
6.12695e-06
6.1423e-06
6.07847e-06
6.11147e-06
6.07134e-06
7.57115e-06
6.11972e-06
6.15465e-06
6.16607e-06
6.15672e-06
6.21068e-06
0.00469568
6.11257e-06
6.08135e-06
6.38805e-06
6.10381e-06
6.12622e-06
1.74299e-06
6.20333e-06
4.9797e-11
6.34934e-06
5.94626e-06
6.09423e-06
6.14459e-06
6.26288e-06
6.10785e-06
6.25107e-06
6.10271e-06
6.66073e-06
0.0023652
6.07867e-06
6.16538e-06
6.17175e-06
6.09659e-06
6.11711e-06
6.08235e-06
6.16847e-06
0.00772334
6.21442e-06
0.000465755
6.26122e-06
6.26022e-06
6.08467e-06
0.0042769
6.079e-06
6.18885e-06
6.15183e-06
8.02323e-06
6.13435e-06
6.15737e-06
6.13799e-06
6.17069e-06
6.35979e-06
6.15868e-06
6.10516e-06
6.17077e-06
6.15261e-06
6.19599e-06
0.00703486
6.1467e-06
6.1716e-06
6.16078e-06
6.17369e-06
6.40063e-06
6.12421e-06
6.08534e-06
6.12091e-06
6.29714e-06
6.10786e-06
6.08991e-06
6.24512e-06
6.07873e-06
6.08024e-06
6.11377e-06
6.06851e-06
6.15362e-06
6.27328e-06
5.61581e-06
6.11331e-06
6.19055e-06
6.2051e-06
6.15649e-06
6.06871e-06
6.17174e-06
4.18823e-07
6.22538e-06
6.134e-06
6.10845e-06
6.07341e-06
6.15509e-06
8.70177e-09
6.09154e-06
6.16515e-06
6.15139e-06
6.15047e-06
6.11964e-06
6.21168e-06
6.40176e-06
6.08669e-06
6.25007e-06
9.19616e-06
6.06919e-06
6.21579e-06
0.00214711
6.08943e-06
6.13942e-06
6.11749e-06
6.10478e-06
6.17893e-06
6.13262e-06
6.14709e-06
6.20268e-06
6.15248e-06
6.17697e-06
6.07845e-06
6.2581e-06
7.40569e-10
6.20047e-06
6.16921e-06
6.08185e-06
6.07861e-06
6.11419e-06
6.07676e-06
6.1463e-06
6.2032e-06
6.1115e-06
6.20139e-06
6.25867e-06
6.11242e-06
6.17189e-06
6.22832e-06
6.20039e-06
6.07529e-06
6.0955e-06
6.09576e-06
6.20204e-06
6.16698e-06
6.08914e-06
6.23529e-06
0.00263819
6.15793e-06
6.17344e-06
6.11084e-06
1.02225e-05
6.09565e-06
6.2246e-06
4.1567e-06
6.23681e-06
6.19659e-06
6.2249e-06
4.90838e-06
0.00370923
6.15209e-06
5.48583e-05
6.20512e-06
6.15794e-06
6.11089e-06
6.22597e-06
6.26106e-06
6.1011e-06
6.23739e-06
6.14261e-06
6.082e-06
6.18369e-06
6.07939e-06
6.07875e-06
6.08134e-06
6.26139e-06
6.18556e-06
6.1039e-06
6.13682e-06
6.1441e-06
6.22744e-06
0.00568494
7.56255e-06
1.79539e-06
6.10583e-06
6.1341e-06
6.17073e-06
6.10634e-06
6.11665e-06
6.22e-06
6.02656e-06
6.20202e-06
6.14936e-06
6.1532e-06
6.10166e-06
6.07352e-06
6.26061e-06
6.16437e-06
6.07479e-06
6.09063e-06
0.0118535
6.23632e-06
0.00607867
6.08241e-06
0.00595119
6.14851e-06
6.08067e-06
6.13384e-06
6.1535e-06
0
6.09448e-06
6.15816e-06
0.00136681
6.14471e-06
6.22977e-06
6.15498e-06
6.10742e-06
6.23257e-06
6.07276e-06
6.18456e-06
6.1523e-06
6.13016e-06
6.07654e-06
6.0845e-06
5.92616e-06
6.01355e-06
6.17338e-06
6.09647e-06
6.23639e-06
6.13197e-06
6.12436e-06
6.07594e-06
6.23667e-06
6.1464e-06
6.08479e-06
6.10602e-06
6.15875e-06
6.25423e-06
6.17851e-06
6.2451e-06
6.07493e-06
6.14667e-06
6.253e-06
6.17237e-06
6.39535e-06
6.09224e-06
6.12036e-06
6.17066e-06
6.13091e-06
0.00214637
0.00910501
6.07484e-06
6.17312e-06
6.37935e-06
6.10328e-06
6.07654e-06
6.22867e-06
6.10452e-06
6.08367e-06
6.18415e-06
6.10892e-06
6.14626e-06
0.0098253
6.10696e-06
6.12842e-06
6.14358e-06
6.08124e-06
6.12626e-06
6.23713e-06
6.18199e-06
6.16295e-06
6.14547e-06
0.00743457
8.44428e-06
6.75546e-06
6.12642e-06
6.25893e-06
6.34342e-06
6.15289e-06
6.12315e-06
6.16547e-06
6.12995e-06
6.12002e-06
6.10872e-06
6.08381e-06
6.07743e-06
6.07457e-06
6.14958e-06
6.15441e-06
0.00122204
2.21367e-08
6.15389e-06
6.11601e-06
6.12068e-06
6.21529e-06
6.0911e-06
6.1243e-06
6.22159e-06
1.27175e-06
6.11348e-06
6.14664e-06
6.15633e-06
6.9003e-06
0
6.16937e-06
6.0742e-06
6.16067e-06
6.1298e-06
6.14946e-06
6.22013e-06
6.20816e-06
0.0023253
6.17751e-06
6.25302e-06
6.4313e-06
6.15713e-06
6.10448e-06
6.16583e-06
6.10521e-06
6.15053e-06
7.34085e-06
6.07316e-06
6.17299e-06
6.14621e-06
0.00650465
6.26039e-06
6.07877e-06
6.13624e-06
6.17176e-06
6.08298e-06
6.1834e-06
6.40271e-06
6.10021e-06
6.10793e-06
6.09195e-06
6.22131e-06
6.28432e-06
6.12727e-06
6.10111e-06
6.10158e-06
6.0912e-06
6.29091e-06
6.14738e-06
6.13758e-06
3.16297e-06
6.10002e-06
2.25606e-06
6.08153e-06
6.00203e-06
6.15303e-06
6.16074e-06
5.11399e-08
6.08537e-06
6.19862e-06
6.11289e-06
6.37072e-06
6.23502e-06
0.0092447
6.22426e-06
6.09684e-06
6.13003e-06
6.17533e-06
0.0107378
6.12708e-06
6.11509e-06
6.13784e-06
6.11884e-06
6.21652e-06
6.14546e-06
0.00323205
6.21812e-06
6.18705e-06
6.09147e-06
6.1396e-06
6.14647e-06
5.62747e-06
6.19955e-06
6.13113e-06
6.32598e-06
6.20982e-06
6.19831e-06
6.26046e-06
6.258e-06
6.16436e-06
6.09596e-06
6.08355e-06
6.1466e-06
6.20854e-06
6.1801e-06
6.33983e-06
6.17408e-06
6.09398e-06
6.17294e-06
6.10843e-06
6.08288e-06
6.67684e-06
6.14239e-06
6.08772e-06
6.1513e-06
6.16106e-06
6.15771e-06
6.35608e-06
6.28226e-06
6.21745e-06
6.16461e-06
6.10357e-06
6.10339e-06
5.55158e-06
6.14437e-06
6.1528e-06
6.16086e-06
6.10703e-06
6.18486e-06
0.00605741
6.25886e-06
7.89419e-06
6.14119e-06
6.08261e-06
2.94743e-06
6.14671e-06
6.72201e-06
6.13562e-06
6.09307e-06
6.17915e-06
6.079e-06
6.24437e-06
6.08478e-06
6.10203e-06
6.14222e-06
6.13974e-06
6.07578e-06
6.22777e-06
6.14756e-06
6.08984e-06
6.15337e-06
0.00336474
6.13821e-06
6.07907e-06
3.80634e-11
7.30403e-06
6.11131e-06
6.31204e-06
6.09257e-06
6.15956e-06
6.12731e-06
6.11467e-06
7.38505e-06
6.10018e-06
6.14946e-06
6.16524e-06
4.93497e-07
6.11508e-06
6.14924e-06
6.07622e-06
6.15976e-06
6.98955e-08
6.06808e-06
5.43558e-06
6.1536e-06
6.11854e-06
6.10359e-06
6.15764e-06
6.13287e-06
6.28785e-06
0.00635739
8.18194e-06
6.13091e-06
6.14486e-06
6.09189e-06
6.08532e-06
6.40804e-06
0.000336653
3.2682e-08
6.14389e-06
6.28128e-06
6.25766e-06
0.0118614
8.58848e-09
6.14653e-06
6.09026e-06
6.1164e-06
6.18347e-06
6.16413e-06
6.25483e-06
6.0785e-06
6.08785e-06
6.16265e-06
6.17446e-06
6.06847e-06
2.62901e-06
6.11482e-06
6.28256e-06
6.26339e-06
6.08887e-06
0.00194229
6.11497e-06
9.83512e-06
6.07717e-06
5.89477e-06
0.000590275
6.15779e-06
6.4328e-06
6.15343e-06
6.11255e-06
6.14088e-06
0.0022926
6.096e-06
6.2921e-06
1.70494e-05
6.16126e-06
6.06995e-06
6.09005e-06
6.08465e-06
6.13806e-06
6.15837e-06
6.18883e-06
6.24233e-06
6.19867e-06
5.73831e-07
6.10197e-06
6.23976e-06
6.25491e-06
8.29549e-06
6.08647e-06
6.12839e-06
8.21765e-06
6.54391e-06
6.09543e-06
6.13643e-06
6.09918e-06
1.24132e-06
6.08203e-06
6.19723e-06
6.08049e-06
0.0115407
6.349e-06
6.12732e-06
6.09997e-06
4.07801e-06
6.17332e-06
6.15388e-06
6.09902e-06
5.98571e-06
6.10913e-06
6.26241e-06
6.09031e-06
6.28767e-06
0.00357394
6.11352e-06
6.07898e-06
2.50938e-07
6.11046e-06
6.22256e-06
6.07593e-06
6.07825e-06
6.07043e-06
6.22633e-06
6.25071e-06
6.18609e-06
0.00391223
6.0889e-06
6.72312e-06
6.14809e-06
6.09142e-06
0.0102357
6.17652e-06
6.08271e-06
7.97093e-06
6.13266e-06
6.15172e-06
6.09561e-06
6.15445e-06
6.12923e-06
6.09963e-06
6.29628e-06
6.22658e-06
6.24679e-06
6.11977e-06
6.16554e-06
7.80978e-06
8.28102e-06
6.09596e-06
6.08064e-06
6.13871e-06
0.00750552
6.08308e-06
6.20253e-06
6.14512e-06
6.14815e-06
6.13675e-06
6.13866e-06
6.07851e-06
6.15359e-06
6.13853e-06
6.14165e-06
6.26458e-06
6.41855e-06
6.14052e-06
6.15135e-06
6.14543e-06
0.00113819
6.13312e-06
6.11826e-06
6.03503e-06
6.12024e-06
6.08456e-06
6.22679e-06
6.07316e-06
6.16891e-06
6.9073e-06
6.19138e-06
6.26051e-06
6.15983e-06
6.13648e-06
6.09017e-06
6.08683e-06
6.1469e-06
6.11554e-06
6.07133e-06
6.14605e-06
6.09385e-06
6.06924e-06
8.81326e-08
6.2681e-06
6.30783e-06
6.2114e-06
6.20783e-06
6.24617e-06
6.11079e-06
6.24256e-06
6.23459e-06
6.35071e-06
6.10455e-06
6.13877e-06
8.93959e-06
6.24508e-06
6.98793e-06
7.50423e-06
6.24392e-06
0.0116943
6.09086e-06
6.10249e-06
6.21641e-06
0.000589081
6.17212e-06
6.08467e-06
6.14489e-06
6.16599e-06
6.12094e-06
6.15262e-06
6.082e-06
6.39134e-06
6.10166e-06
6.11009e-06
6.08427e-06
6.24595e-06
0.000450767
5.84227e-06
6.12472e-06
0.0100596
6.08217e-06
6.07845e-06
6.20822e-06
6.07198e-06
6.11035e-06
5.55238e-06
6.11648e-06
6.11473e-06
6.12436e-06
6.13617e-06
6.09005e-06
6.28702e-06
6.08512e-06
6.15634e-06
6.16143e-06
6.10213e-06
6.1587e-06
6.23042e-06
6.13027e-06
6.12304e-06
6.16728e-06
0.0081818
6.21761e-06
6.18203e-06
6.13281e-06
6.16942e-06
6.26562e-06
6.12309e-06
6.10498e-06
6.1373e-06
5.98029e-06
6.14534e-06
6.10466e-06
6.15694e-06
6.25802e-06
0.0117183
6.1392e-06
6.2211e-06
6.15536e-06
6.44591e-06
0.00873418
6.09657e-06
6.21115e-06
6.26279e-06
6.14178e-06
6.40739e-06
6.21849e-06
6.08616e-06
6.14607e-06
6.11361e-06
6.2513e-06
6.15762e-06
0.000100693
0.000395758
6.1257e-06
6.14915e-06
6.16178e-06
6.08902e-06
6.17626e-06
6.13447e-06
6.14746e-06
6.07922e-06
6.087e-06
6.22526e-06
3.09853e-08
6.20456e-06
6.29145e-06
2.51452e-06
6.93157e-06
2.27916e-06
6.09844e-06
6.15845e-06
6.1598e-06
6.13036e-06
6.18746e-06
3.20114e-07
6.78294e-06
6.19429e-06
1.32274e-07
6.29171e-06
6.14288e-06
6.16638e-06
2.38148e-06
6.0688e-06
6.24078e-06
6.08412e-06
6.1467e-06
6.17011e-06
6.12168e-06
6.16522e-06
6.17452e-06
7.38344e-06
6.26699e-06
6.0895e-06
6.12484e-06
6.16056e-06
6.15755e-06
6.29767e-06
6.07353e-06
6.12008e-06
2.68157e-07
6.06864e-06
6.08325e-06
6.08061e-06
6.14461e-06
6.09734e-06
0.00170533
6.11893e-06
0.000303022
6.15962e-06
8.95085e-06
7.67388e-06
0.00379856
6.08747e-06
6.13596e-06
6.15165e-06
6.08398e-06
6.21462e-06
6.70885e-09
6.20171e-06
6.2095e-06
6.19624e-06
6.26151e-06
6.22381e-06
1.24163e-05
6.13694e-06
7.77876e-06
5.96196e-06
6.32371e-06
6.20886e-06
6.17462e-06
6.16745e-06
6.13461e-06
6.20426e-06
6.18581e-06
6.10346e-06
6.0808e-06
5.67009e-06
6.08821e-06
6.19892e-06
6.73502e-06
6.08668e-06
6.20379e-06
6.103e-06
4.88953e-06
6.22286e-06
1.5118e-08
6.2893e-06
6.28809e-06
6.15783e-06
6.08828e-06
6.15353e-06
6.09809e-06
6.06818e-06
6.06831e-06
6.1009e-06
6.18805e-06
6.09787e-06
6.26076e-06
5.15819e-06
6.0836e-06
6.1005e-06
6.15108e-06
6.20887e-06
6.26278e-06
6.25783e-06
6.21217e-06
6.1567e-06
6.1038e-06
3.14277e-06
6.14614e-06
6.12515e-06
0.00636493
6.23017e-06
6.15366e-06
6.14728e-06
7.25164e-06
6.15982e-06
3.39037e-07
6.0856e-06
6.17048e-06
7.80403e-06
0.00100039
6.21795e-06
6.1222e-06
6.08247e-06
6.09888e-06
6.26834e-06
6.08361e-06
7.52555e-09
6.1328e-06
6.23544e-06
6.07987e-06
6.09773e-06
6.18089e-06
6.09129e-06
6.08043e-06
6.08879e-06
6.12392e-06
6.54026e-06
6.12862e-06
6.08172e-06
6.179e-06
6.14552e-06
8.04708e-05
6.15275e-06
6.25707e-06
6.23944e-06
6.2618e-06
6.39171e-06
6.16576e-06
6.22591e-06
6.23471e-06
6.08465e-06
6.08907e-06
6.13434e-06
6.17058e-06
6.0934e-06
7.09895e-07
6.20003e-06
6.16452e-06
6.14216e-06
6.25327e-06
6.13201e-06
6.17221e-06
6.14005e-06
7.12652e-06
6.14701e-06
6.14399e-06
6.21595e-06
6.11507e-06
6.36208e-06
6.14088e-06
6.10826e-06
6.25329e-06
6.17063e-06
6.19985e-06
6.26638e-06
6.13019e-06
6.15667e-06
6.08088e-06
0.00721783
6.13808e-06
6.09699e-06
6.17964e-06
0.0031162
6.16308e-06
5.59905e-06
2.36752e-09
6.14436e-06
6.18734e-06
6.1982e-06
6.03329e-06
7.02599e-08
6.08705e-06
5.86643e-06
6.07713e-06
6.1452e-06
6.10219e-06
6.1441e-06
1.75933e-05
6.24674e-06
6.12806e-06
6.0747e-06
6.13099e-06
6.11694e-06
7.91867e-06
6.29361e-06
6.07786e-06
0.00905205
6.14814e-06
5.90601e-06
6.16134e-06
6.08562e-06
6.18747e-06
6.15821e-06
7.08667e-06
0.0057538
6.07542e-06
0.00561654
6.0776e-06
6.25445e-06
6.2154e-06
6.07604e-06
6.26238e-06
6.11955e-06
2.03717e-06
6.09056e-06
6.16491e-06
0.00742641
0.00568114
3.13035e-06
6.36024e-06
6.07352e-06
6.29233e-06
6.14534e-06
6.08648e-06
6.13222e-06
6.11523e-06
6.11874e-06
4.51706e-06
1.27362e-06
6.08323e-06
0.00360448
6.16618e-06
6.45078e-06
6.15068e-06
6.13039e-06
6.17949e-06
6.14085e-06
6.08349e-06
6.11229e-06
6.14576e-06
6.14462e-06
6.297e-06
6.16027e-06
6.09341e-06
6.15591e-06
1.11106e-05
6.10659e-06
6.20852e-06
6.18879e-06
6.12955e-06
6.14974e-06
6.08224e-06
6.14973e-06
6.14123e-06
6.15511e-06
6.26471e-06
6.13731e-06
6.14809e-06
6.14991e-06
6.03129e-06
6.13078e-06
6.1897e-06
6.14594e-06
6.19266e-06
6.2175e-06
6.23416e-06
6.14957e-06
4.05823e-05
6.18593e-06
6.14158e-06
6.19872e-06
6.24975e-06
2.25997e-05
0.00014812
6.14199e-06
6.22175e-06
1.06979e-05
9.56882e-09
6.20106e-06
6.07501e-06
5.96633e-06
6.26279e-06
6.20984e-06
6.1372e-06
6.23419e-06
6.08934e-06
6.24007e-06
6.26347e-06
6.12697e-06
6.12116e-06
6.1104e-06
6.08529e-06
6.18445e-06
6.0997e-06
6.12901e-06
6.13242e-06
6.08458e-06
6.1468e-06
6.08053e-06
6.23201e-06
0.000844659
6.19571e-06
6.395e-06
6.11091e-06
6.01984e-06
6.22376e-06
0.00180341
6.16835e-06
6.13815e-06
6.09293e-06
6.25631e-06
6.24837e-06
3.36613e-10
6.51144e-06
6.17294e-06
6.19237e-06
0.00266865
6.15791e-06
0.0109291
6.12431e-06
6.16198e-06
6.25947e-06
6.20725e-06
6.07371e-06
6.1275e-06
6.17878e-06
6.16779e-06
6.23092e-06
7.20271e-08
6.24832e-06
0.000165441
6.22158e-06
6.20021e-06
6.16227e-06
6.07682e-06
6.29352e-06
0.00658196
6.22949e-06
6.09139e-06
6.09647e-06
6.81924e-06
4.06272e-06
6.2661e-06
0.000999599
6.06993e-06
6.11548e-06
6.13109e-06
6.20317e-06
6.00375e-06
6.15396e-06
6.11036e-06
6.17438e-06
6.06999e-06
6.19936e-06
6.15186e-06
6.20092e-06
3.27866e-09
6.22446e-06
6.10769e-06
6.16669e-06
6.1406e-06
6.26125e-06
6.15029e-06
6.58166e-06
6.16688e-06
6.23992e-06
6.0928e-06
6.30304e-06
6.09373e-06
6.09199e-06
6.17066e-06
0.000656372
6.2043e-06
6.17089e-06
0.0117014
6.22495e-06
6.17645e-06
6.09171e-06
6.28612e-06
6.19748e-06
0.00102416
6.07798e-06
0.000796228
6.57955e-06
6.14966e-06
6.09989e-06
6.07713e-06
6.15565e-06
6.60262e-06
6.19596e-06
6.08239e-06
6.14204e-06
6.21788e-06
6.10561e-06
6.17014e-06
6.20096e-06
6.27743e-06
6.14879e-06
6.23361e-06
6.22266e-06
6.14753e-06
6.13186e-06
6.17704e-06
6.08312e-06
0.000348869
6.0719e-06
1.16631e-08
6.24785e-06
6.15727e-06
7.19699e-06
6.11887e-06
6.01602e-06
6.13265e-06
6.21499e-06
6.21259e-06
6.18223e-06
6.2429e-06
6.08821e-06
6.19921e-06
6.18431e-06
6.16957e-06
6.27919e-06
6.15302e-06
0.0104766
6.07953e-06
6.10331e-06
6.22041e-06
6.11002e-06
7.87565e-06
6.19682e-06
6.10159e-06
6.16557e-06
6.18853e-06
6.23467e-06
6.1063e-06
6.39968e-06
5.45145e-06
6.1021e-06
6.13496e-06
6.23786e-06
6.22629e-06
6.17219e-06
8.38884e-08
6.21831e-06
6.10659e-06
3.494e-06
6.15796e-06
6.14591e-06
6.07614e-06
0.00247557
6.11143e-06
6.19128e-06
6.216e-06
6.09674e-06
0.00114246
6.07983e-06
6.17783e-06
6.07724e-06
6.08074e-06
6.10584e-06
6.12196e-06
0.00970065
6.14804e-06
6.23031e-06
6.0896e-06
6.11547e-06
6.11328e-06
6.07857e-06
6.11158e-06
6.11918e-06
0.00397969
6.15994e-06
6.17805e-06
6.26899e-06
6.21778e-06
6.18709e-06
6.26256e-06
6.14545e-06
0.0006485
6.12222e-06
6.17899e-06
6.10628e-06
6.14535e-06
6.18172e-06
6.2049e-06
6.09589e-06
6.07779e-06
6.11259e-06
8.40804e-06
6.24283e-06
6.12631e-06
6.08169e-06
6.14613e-06
6.07484e-06
6.14572e-06
6.14202e-06
6.12132e-06
6.15368e-06
5.97959e-07
6.26047e-06
6.08764e-06
6.12754e-06
6.18814e-06
6.80159e-05
6.14276e-06
6.13363e-06
6.13145e-06
6.08173e-06
6.09598e-06
6.34501e-06
6.20393e-06
6.14334e-06
3.36312e-07
6.069e-06
0.00248987
6.15934e-06
1.91576e-06
6.08556e-06
6.1151e-06
6.1246e-06
6.31877e-06
6.23082e-06
6.27446e-06
6.12176e-06
6.23625e-06
6.16261e-06
6.11394e-06
6.08761e-06
6.12104e-06
6.15288e-06
6.29551e-06
6.08234e-06
6.25201e-06
6.25766e-06
6.19855e-06
9.14645e-06
2.68985e-06
6.18246e-06
6.08174e-06
6.14048e-06
6.21744e-06
6.09019e-06
6.08115e-06
7.92233e-06
6.0897e-06
6.08245e-06
7.16245e-06
6.14875e-06
6.35085e-06
6.43196e-06
6.09438e-06
6.31035e-06
6.2792e-06
0.000647939
0.00173646
6.07757e-06
8.55376e-08
6.21776e-06
6.25597e-06
6.20405e-06
8.66131e-06
6.12935e-06
6.23743e-06
6.07965e-06
6.15966e-06
6.16754e-06
6.15103e-06
6.14432e-06
6.17395e-06
6.21312e-06
6.22108e-06
6.14648e-06
6.21479e-06
6.11126e-06
6.06252e-06
5.69729e-05
6.10949e-06
6.21008e-06
6.8552e-16
6.0892e-06
6.14428e-06
6.08053e-06
6.07538e-06
6.06788e-06
6.08005e-06
6.13104e-06
6.20265e-06
6.15754e-06
5.97524e-06
6.38797e-06
6.5853e-06
6.11406e-06
6.10044e-06
6.17509e-06
6.22264e-06
6.23314e-06
6.09528e-06
6.23198e-06
6.07643e-06
6.11414e-06
6.26665e-06
6.20623e-06
6.1908e-06
0.00210031
6.09623e-06
6.07816e-06
6.09143e-06
6.23338e-06
6.0961e-06
6.15606e-06
6.14721e-06
6.00762e-06
6.09549e-06
6.2566e-06
6.10932e-06
6.09484e-06
6.23053e-06
0.00131779
6.2356e-06
6.19799e-06
6.19148e-06
6.18825e-06
6.09453e-06
6.12805e-06
6.18117e-06
6.1446e-06
6.19938e-06
6.19024e-06
6.14925e-06
6.08332e-06
6.07888e-06
6.14532e-06
6.09457e-06
7.3356e-06
8.73776e-06
6.13813e-06
6.14957e-06
6.13995e-06
6.22005e-06
6.26514e-06
6.07361e-06
6.10328e-06
6.14098e-06
6.11932e-06
6.12709e-06
6.26042e-06
6.09965e-06
6.20635e-06
0.0113408
6.13803e-06
6.29614e-06
5.51142e-06
6.26463e-06
6.24548e-06
0.000208763
6.6564e-06
6.14486e-06
6.1004e-06
6.07638e-06
6.1081e-06
5.0582e-06
6.08242e-06
0.00381124
6.14822e-06
6.20347e-06
8.6304e-05
6.11321e-06
6.13367e-06
6.29401e-06
8.81261e-06
6.18995e-06
6.13994e-06
6.16746e-06
5.29522e-06
6.1695e-06
6.21434e-06
6.12389e-06
6.56103e-06
6.09403e-06
6.09904e-06
6.1501e-06
6.20351e-06
6.11928e-06
6.25756e-06
6.06933e-06
6.11312e-06
6.14934e-06
6.14265e-06
6.14576e-06
6.38395e-06
4.26576e-08
6.09422e-06
1.15222e-05
6.21448e-06
6.17796e-06
6.09455e-06
6.18628e-06
6.01647e-06
6.09539e-06
6.22803e-06
6.43738e-06
6.13387e-06
6.09549e-06
6.13315e-06
6.09698e-06
6.04819e-06
6.0928e-06
6.11775e-06
6.06929e-06
6.09373e-06
6.27122e-06
6.13562e-06
6.09342e-06
6.1847e-06
6.14714e-06
5.886e-06
6.07627e-06
6.07159e-06
6.14988e-06
6.07992e-06
6.13296e-06
6.25245e-06
6.23655e-06
6.07436e-06
6.08149e-06
6.29929e-06
6.07335e-06
6.07465e-06
6.16921e-06
7.9915e-05
6.17428e-06
6.22295e-06
6.42295e-06
6.07125e-06
6.0967e-06
6.13167e-06
6.15242e-06
6.19741e-06
6.07412e-06
6.35632e-06
6.20754e-06
4.95121e-06
7.84391e-06
6.27637e-06
6.18102e-06
6.09872e-06
6.12234e-06
6.12769e-06
6.07745e-06
6.12122e-06
8.22082e-06
6.62852e-06
6.21631e-06
6.19152e-06
6.21306e-06
6.12515e-06
8.05829e-06
6.23934e-06
0.000158553
6.13216e-06
6.2315e-06
6.07962e-06
6.06995e-06
0.00559472
6.15135e-06
6.12405e-06
6.10954e-06
6.1712e-06
0.00697479
6.14503e-06
6.26963e-06
6.11001e-06
6.25536e-06
6.25004e-06
6.24745e-06
0.000323148
6.09891e-06
6.19029e-06
6.24974e-06
6.16894e-06
0.000373428
6.12706e-06
6.09858e-06
6.11276e-06
0.0120999
6.15433e-06
6.22674e-06
6.27074e-06
6.07598e-06
6.28609e-06
6.10275e-06
6.0823e-06
6.17728e-06
6.16342e-06
6.14934e-06
6.20923e-06
6.15536e-06
6.17081e-06
6.14721e-06
3.96805e-06
6.14497e-06
6.09984e-06
6.15225e-06
6.30377e-06
6.14453e-06
6.09462e-06
6.00595e-06
6.17155e-06
6.15157e-06
6.23355e-06
6.19724e-06
6.3233e-06
6.11383e-06
2.31434e-11
6.14702e-06
1.14099e-05
6.15098e-06
6.18391e-06
6.12833e-06
6.15002e-06
6.13192e-06
6.12717e-06
6.178e-06
6.13112e-06
6.20074e-06
4.51981e-08
6.12817e-06
6.10054e-06
6.17263e-06
6.16606e-06
6.08436e-06
6.09799e-06
6.13488e-06
6.15593e-06
6.13285e-06
6.279e-06
6.07619e-06
6.14393e-06
6.11505e-06
6.1521e-06
6.17109e-06
1.02555e-05
6.12191e-06
6.11674e-06
6.16499e-06
6.17567e-06
6.0767e-06
6.06932e-06
0.00503035
6.10193e-06
6.18135e-06
6.14811e-06
6.02096e-06
8.84092e-06
6.21588e-06
6.14188e-06
6.1972e-06
6.11023e-06
6.08626e-06
6.13669e-06
6.10696e-06
6.06995e-06
6.07394e-06
7.08384e-06
2.9969e-06
6.02643e-06
0.00694321
6.16928e-06
6.10828e-06
6.43735e-06
6.18885e-06
6.15771e-06
6.16166e-06
6.07526e-06
6.08962e-06
6.15993e-06
6.16785e-06
6.11721e-06
6.24524e-06
0.00608963
6.12521e-06
5.90466e-06
6.24119e-06
6.10987e-06
6.16061e-06
6.14671e-06
8.33534e-06
6.23327e-06
6.15497e-06
6.19424e-06
9.78502e-06
6.10027e-06
6.16315e-06
1.37956e-05
6.14193e-06
6.0811e-06
6.07712e-06
6.0992e-06
6.16448e-06
6.13469e-06
6.12893e-06
0.000752973
6.2046e-06
6.15747e-06
6.12133e-06
6.06866e-06
6.10364e-06
6.11096e-06
6.10994e-06
6.07991e-06
6.19392e-06
0.00036549
6.09709e-06
5.45614e-06
6.13276e-06
6.10044e-06
6.1488e-06
6.15136e-06
6.08553e-06
6.08984e-06
6.09158e-06
6.07046e-06
6.08718e-06
6.12969e-06
6.07992e-06
5.76773e-06
6.11403e-06
6.28784e-06
6.08814e-06
6.11758e-06
6.08096e-06
6.1099e-06
6.23181e-06
6.19155e-06
5.37125e-06
6.08163e-06
6.2052e-06
6.12216e-06
6.10521e-06
6.10485e-06
6.10556e-06
6.08934e-06
6.17255e-06
6.08922e-06
6.20671e-06
6.14201e-06
6.29401e-06
6.12196e-06
6.23576e-06
6.10472e-06
6.1497e-06
5.56927e-06
6.15824e-06
6.18045e-06
6.16917e-06
6.15716e-06
6.0849e-06
6.0931e-06
6.23314e-06
6.11752e-06
6.1569e-06
6.15982e-06
6.19443e-06
6.39397e-06
6.1854e-06
0.000171191
6.157e-06
6.11608e-06
6.13726e-06
6.23896e-06
6.16743e-06
6.13835e-06
6.1569e-06
6.1309e-06
6.21486e-06
6.16801e-06
6.20136e-06
6.12551e-06
6.14187e-06
6.17923e-06
6.07593e-06
6.15901e-06
6.13082e-06
6.16504e-06
6.2669e-06
6.07988e-06
6.13109e-06
6.09104e-06
6.11712e-06
6.13019e-06
6.09039e-06
6.13973e-06
3.42819e-06
6.23182e-06
6.14293e-06
6.11661e-06
6.15609e-06
6.12616e-06
6.23372e-06
6.23201e-06
6.08064e-06
6.13786e-06
6.28168e-06
6.17774e-06
6.1261e-06
6.1822e-06
6.23163e-06
6.13803e-06
6.13116e-06
6.12837e-06
6.09655e-06
6.23421e-06
6.22811e-06
6.10575e-06
6.23084e-06
6.18868e-06
6.15358e-06
6.22944e-06
6.17071e-06
6.09981e-06
6.22554e-06
4.27785e-06
6.14972e-06
6.223e-06
6.11057e-06
6.2627e-06
6.22997e-06
6.0888e-06
6.15052e-06
7.10642e-06
2.62443e-06
6.16122e-06
6.13913e-06
6.10897e-06
6.09789e-06
6.15657e-06
6.17617e-06
6.11439e-06
6.12613e-06
6.18617e-06
6.15893e-06
6.13846e-06
6.08218e-06
6.2998e-06
6.24473e-06
6.233e-06
6.21438e-06
6.08902e-06
0.00305784
6.16139e-06
6.30532e-06
6.14598e-06
0.009758
6.17133e-06
6.26778e-06
6.15201e-06
6.22861e-06
6.09824e-06
6.07694e-06
0.000755106
6.23094e-06
6.11317e-06
6.19871e-06
6.1476e-06
6.17957e-06
6.07693e-06
6.09924e-06
6.08738e-06
6.11997e-06
6.08388e-06
1.18218e-11
9.1822e-06
0.0115961
6.18432e-06
6.15194e-06
6.10401e-06
6.28292e-06
6.24123e-06
0.00622132
0.000978147
6.11926e-06
6.08165e-06
6.08494e-06
6.25995e-06
6.14467e-06
6.20803e-06
6.08056e-06
0.000519864
6.14412e-06
6.28781e-06
6.17917e-06
6.26524e-06
6.22494e-06
6.08916e-06
6.09119e-06
5.62167e-06
6.14739e-06
6.16563e-06
6.11924e-06
7.8917e-06
6.22165e-06
6.11069e-06
6.09072e-06
0.00228168
0.0105587
6.16387e-06
6.20917e-06
6.06975e-06
6.14022e-06
6.08464e-06
6.11808e-06
6.15928e-06
6.12578e-06
6.07961e-06
6.07861e-06
6.08706e-06
6.10211e-06
6.17176e-06
6.09118e-06
6.21145e-06
6.1945e-06
5.73649e-06
6.1318e-06
0.00300542
6.10827e-06
6.20699e-06
6.08935e-06
6.14232e-06
6.09671e-06
6.1186e-06
6.18235e-06
0.0039162
6.12407e-06
6.09241e-06
6.16789e-06
6.13007e-06
6.12554e-06
6.1824e-06
6.15148e-06
6.23254e-06
6.24915e-06
6.21664e-06
6.09932e-06
6.077e-06
0.000365205
6.10876e-06
8.38836e-06
0.000574235
6.30209e-06
6.08867e-06
6.14238e-06
6.21035e-06
6.09331e-06
6.26058e-06
6.0681e-06
6.13906e-06
6.11063e-06
6.10558e-06
6.16498e-06
6.21516e-06
6.22258e-06
6.51355e-06
6.25935e-06
6.08248e-06
6.12657e-06
6.09949e-06
6.14487e-06
6.16149e-06
6.11648e-06
6.16284e-06
6.07567e-06
5.79541e-06
6.0756e-06
6.12611e-06
6.10957e-06
6.14639e-06
6.13951e-06
6.22618e-06
6.21615e-06
6.0889e-06
9.16676e-06
6.09241e-06
6.10865e-06
6.19529e-06
0.00307924
6.22416e-06
6.15645e-06
6.18407e-06
6.18511e-06
6.07523e-06
6.19217e-06
6.09178e-06
6.12968e-06
6.19252e-06
6.17331e-06
6.23308e-06
8.37276e-09
6.2209e-06
6.24454e-06
6.12651e-06
6.26907e-06
6.12764e-06
6.07828e-06
1.80063e-08
6.12586e-06
6.0857e-06
6.19458e-06
6.12394e-06
6.25262e-06
6.07445e-06
6.15868e-06
6.12242e-06
6.15933e-06
6.21659e-06
0.000140508
6.12125e-06
6.10454e-06
6.0377e-06
6.15449e-06
6.27019e-06
6.16725e-06
6.07608e-06
6.18268e-06
6.27254e-06
6.08454e-06
6.2891e-06
6.20548e-06
0.00919487
6.1043e-06
6.1559e-06
6.14903e-06
6.08384e-06
6.07701e-06
6.13046e-06
6.15291e-06
6.153e-06
6.16182e-06
6.09749e-06
6.55953e-06
6.1623e-06
6.14545e-06
5.74985e-06
6.18762e-06
6.49172e-06
6.21717e-06
6.06998e-06
6.25806e-06
6.17215e-06
6.12454e-06
6.16679e-06
6.09885e-06
6.09819e-06
6.0783e-06
6.17189e-06
6.14398e-06
6.10848e-06
6.26134e-06
6.21237e-06
6.12818e-06
6.22804e-06
6.131e-06
7.71405e-06
5.92838e-06
6.16957e-06
6.19886e-06
6.19563e-06
6.14045e-06
6.2577e-06
6.15431e-06
6.29784e-06
6.16244e-06
1.03013e-12
6.01802e-06
6.13221e-06
6.20381e-06
6.2482e-06
7.68863e-05
0.00105573
6.09163e-06
6.1073e-06
6.19747e-06
6.08509e-06
6.08679e-06
6.35816e-06
6.08196e-06
6.16411e-06
1.26983e-05
6.12309e-06
6.23721e-06
6.17732e-06
6.29939e-06
6.08187e-06
6.20326e-06
6.11434e-06
1.72343e-06
6.15291e-06
0.0112687
6.07938e-06
6.12379e-06
6.08553e-06
6.12607e-06
6.11877e-06
6.13696e-06
6.15462e-06
6.1401e-06
6.16238e-06
6.0889e-06
6.09561e-06
6.14628e-06
5.99498e-08
6.13931e-06
6.20253e-06
6.08374e-06
6.08932e-06
6.07849e-06
6.09827e-06
6.17188e-06
6.28867e-06
6.13124e-06
6.16033e-06
6.265e-06
6.09351e-06
6.19925e-06
6.11785e-06
6.12644e-06
6.1202e-06
6.13258e-06
6.13839e-06
6.16505e-06
6.10159e-06
0.00131407
6.29214e-06
6.23773e-06
6.10957e-06
8.81775e-06
6.11904e-06
6.14575e-06
6.06953e-06
6.07751e-06
6.08255e-06
6.13134e-06
0.00144131
6.12276e-06
6.08336e-06
3.17828e-09
0.00844764
6.26672e-06
6.09445e-06
6.14944e-06
6.28246e-06
6.19872e-06
6.18464e-06
6.25689e-06
6.25058e-06
6.12871e-06
9.70458e-06
6.26599e-06
0.00924064
6.071e-06
6.12867e-06
6.07439e-06
6.27236e-06
6.09681e-06
6.10268e-06
6.22019e-06
6.14355e-06
6.09351e-06
6.10129e-06
6.75862e-06
6.22367e-06
4.43247e-08
1.3698e-06
6.1041e-06
6.14486e-06
6.19696e-06
6.17106e-06
6.18819e-06
6.20162e-06
6.16163e-06
6.09149e-06
6.23452e-06
6.07543e-06
6.25502e-06
6.08966e-06
6.13187e-06
6.17819e-06
6.30225e-06
6.249e-06
1.57613e-06
6.09548e-06
6.24957e-06
6.1347e-06
1.23001e-05
6.14531e-06
6.08434e-06
6.0794e-06
6.11092e-06
6.16904e-06
6.12011e-06
6.295e-06
6.08768e-06
6.11504e-06
6.10547e-06
6.08782e-06
6.08758e-06
6.26822e-06
6.08399e-06
6.19589e-06
6.17473e-06
6.19819e-06
0.0120502
6.11049e-06
6.14856e-06
6.07959e-06
6.08278e-06
6.15646e-06
6.10356e-06
6.25108e-06
6.13472e-06
6.16073e-06
6.13203e-06
6.10027e-06
6.25712e-06
6.16581e-06
1.01193e-05
6.12763e-06
6.17778e-06
6.21178e-06
6.09403e-06
6.08812e-06
6.19907e-06
6.13674e-06
6.09061e-06
6.10705e-06
6.75964e-06
6.1209e-06
6.15932e-06
6.1398e-06
6.16917e-06
6.08003e-06
0.0112286
6.07596e-06
6.0744e-06
6.09282e-06
6.24934e-06
6.10586e-06
0.0017412
6.22924e-06
6.19529e-06
6.08136e-06
6.20732e-06
6.08542e-06
6.09708e-06
6.11029e-06
6.07561e-06
6.10706e-06
6.15253e-06
6.23284e-06
6.18292e-06
6.278e-06
6.13066e-06
6.18288e-06
6.1568e-06
6.215e-06
6.10488e-06
6.09365e-06
6.19025e-06
4.06356e-06
6.09777e-06
6.19512e-06
0.00255473
6.13139e-06
6.13941e-06
6.11195e-06
6.11664e-06
6.29864e-06
6.12795e-06
6.16229e-06
6.16349e-06
6.17703e-06
6.22465e-06
6.13353e-06
6.08632e-06
6.10405e-06
6.12591e-06
6.18188e-06
6.15702e-06
6.11661e-06
6.13937e-06
5.071e-05
6.07665e-06
6.16741e-06
6.2851e-06
6.12872e-06
6.16962e-06
6.12518e-06
6.11338e-06
6.07968e-06
6.14084e-06
6.23148e-06
6.14976e-06
6.11228e-06
6.12029e-06
6.13087e-06
6.14195e-06
6.14496e-06
6.25389e-06
6.31314e-06
6.14688e-06
6.19082e-06
3.89601e-06
8.20327e-07
6.13613e-06
6.14145e-06
6.10876e-06
6.09245e-06
6.11759e-06
6.09042e-06
6.21732e-06
7.20414e-06
1.16201e-05
0.0120962
6.16279e-06
7.2317e-06
6.21227e-06
6.2949e-06
5.96328e-06
6.10417e-06
6.0801e-06
5.29396e-06
6.5603e-06
6.21975e-06
6.19677e-06
6.25045e-06
6.35816e-06
6.14707e-06
6.08634e-06
6.0743e-06
6.12331e-06
6.12103e-06
6.11225e-06
6.18155e-06
6.15401e-06
6.51657e-06
6.11812e-06
6.11663e-06
6.12613e-06
6.07555e-06
6.22899e-06
6.07432e-06
6.1565e-06
6.08085e-06
6.13343e-06
0.000329522
6.07497e-06
3.33593e-06
6.1026e-06
6.20166e-06
6.02759e-06
6.16197e-06
6.11617e-06
6.18411e-06
6.11505e-06
6.17663e-06
6.09737e-06
6.08253e-06
6.10166e-06
6.19466e-06
6.09095e-06
6.09427e-06
6.17245e-06
6.15576e-06
6.10076e-06
6.26955e-06
6.13265e-06
6.20153e-06
6.11315e-06
6.16151e-06
5.99966e-06
0.0118295
6.42407e-07
6.16412e-06
0.0113864
6.10727e-06
6.12378e-06
6.20559e-06
6.08979e-06
6.11797e-06
6.13706e-06
6.09636e-06
6.22109e-06
0.000105849
6.23169e-06
6.08051e-06
6.14685e-06
6.25962e-06
6.23574e-06
6.14343e-06
6.14028e-06
6.16118e-06
6.34885e-06
6.1299e-06
6.08162e-06
0.00524197
6.16113e-06
6.08699e-06
6.08137e-06
6.07945e-06
6.10277e-06
1.72841e-06
6.1656e-06
6.13815e-06
6.14103e-06
6.30869e-06
6.12465e-06
6.15056e-06
6.08566e-06
6.11145e-06
6.14994e-06
6.07458e-06
6.12275e-06
0.000212062
6.1339e-06
6.14463e-06
6.21614e-06
6.07603e-06
6.07384e-06
6.11939e-06
6.07258e-06
6.3151e-06
6.08544e-06
6.16928e-06
6.24377e-06
6.13253e-06
6.14259e-06
6.14317e-06
6.08824e-06
6.10156e-06
6.0784e-06
6.20233e-06
6.28823e-06
6.10479e-06
6.08122e-06
6.14757e-06
6.23637e-06
6.22359e-06
6.15521e-06
6.22651e-06
6.12076e-06
6.84176e-05
6.22181e-06
0.00625166
6.10479e-06
6.10804e-06
6.2152e-06
6.20151e-06
6.15047e-06
6.07048e-06
6.12025e-06
6.16621e-06
6.13116e-06
6.08303e-06
6.15582e-06
6.19841e-06
6.08543e-06
6.13735e-06
6.24245e-06
6.14319e-06
6.22255e-06
6.104e-06
6.09263e-06
6.2473e-06
5.53174e-06
6.10448e-06
6.21179e-06
6.08393e-06
6.16783e-06
6.1797e-06
6.02108e-06
6.11469e-06
6.17727e-06
6.14002e-06
8.34457e-06
6.09702e-06
6.17266e-06
6.15783e-06
6.23235e-06
6.27843e-06
6.08893e-06
6.14117e-06
6.15815e-06
6.22832e-06
6.16815e-06
6.17789e-06
6.08337e-06
6.07024e-06
6.24853e-06
6.11165e-06
6.1915e-06
6.20063e-06
6.1519e-06
6.1334e-06
6.14454e-06
6.11596e-06
6.07743e-06
6.26707e-06
6.27949e-06
6.06821e-06
6.08154e-06
6.12434e-06
6.14281e-06
6.27598e-06
6.23576e-06
6.12323e-06
6.12355e-06
6.23548e-06
6.12645e-06
6.13501e-06
6.19554e-06
6.15324e-06
6.08977e-06
6.17065e-06
6.10384e-06
6.22809e-06
6.06932e-06
6.08364e-06
6.18425e-06
6.10989e-06
6.09399e-06
6.22392e-06
6.15257e-06
6.3517e-06
6.14944e-06
6.02143e-06
6.51503e-06
6.22208e-06
6.08799e-06
6.18971e-06
6.17273e-06
6.14862e-06
6.0734e-06
6.17914e-06
6.18367e-06
6.15609e-06
6.14025e-06
6.13443e-06
6.16818e-06
6.08627e-06
6.16007e-06
5.03224e-06
6.23777e-06
6.10171e-06
6.16497e-06
6.17276e-06
6.25548e-06
7.72326e-06
6.09271e-06
6.07411e-06
6.09742e-06
6.07884e-06
6.24904e-06
6.09549e-06
6.1305e-06
6.16907e-06
6.16117e-06
6.1722e-06
6.16368e-06
6.12153e-06
7.09925e-06
6.08906e-06
6.14651e-06
6.13245e-06
6.07224e-06
0.000380907
6.06876e-06
6.25393e-06
6.07499e-06
6.11469e-06
6.19724e-06
6.09745e-06
6.14635e-06
6.0803e-06
6.08655e-06
6.12429e-06
6.12053e-06
6.08218e-06
6.07383e-06
6.20194e-06
0.0106614
6.13784e-06
6.11006e-06
6.15394e-06
0.0112777
1.24672e-06
6.17568e-06
6.10883e-06
6.13959e-06
6.10889e-06
6.22177e-06
6.24699e-06
6.21505e-06
6.27962e-06
6.23088e-06
6.21536e-06
6.16423e-06
6.17979e-06
6.16697e-06
6.14407e-06
6.26775e-06
6.081e-06
6.0905e-06
6.11035e-06
6.11542e-06
6.14281e-06
6.29027e-06
5.60156e-06
6.2237e-06
6.09576e-06
6.09617e-06
6.21944e-06
6.17142e-06
6.13418e-06
6.2029e-06
6.15172e-06
8.97794e-06
6.17537e-06
6.21642e-06
6.07921e-06
6.24754e-06
0.00314389
6.19587e-06
6.14568e-06
6.14429e-06
6.22154e-06
6.12908e-06
0.00963031
6.21645e-06
6.06962e-06
6.23093e-06
6.0978e-06
6.16735e-06
6.19781e-06
6.12448e-06
6.15684e-06
6.2263e-06
6.17555e-06
6.07408e-06
6.0393e-06
6.16504e-06
6.16125e-06
6.15603e-06
6.12317e-06
6.1778e-06
6.17758e-06
6.20772e-06
6.0994e-06
6.08958e-06
0.000945431
6.25858e-06
6.0767e-06
6.11494e-06
6.21587e-06
6.06973e-06
6.22881e-06
6.13965e-06
6.10042e-06
6.13359e-06
6.24596e-06
6.30163e-06
6.12187e-06
6.29143e-06
6.13457e-06
6.14559e-06
0.00048281
6.14288e-06
6.1445e-06
6.13953e-06
6.32801e-06
6.22362e-06
6.08294e-06
6.10138e-06
6.18067e-06
6.21034e-06
0.00520914
6.10873e-06
6.24045e-06
6.07981e-06
6.09477e-06
6.17905e-06
6.15315e-06
6.11445e-06
6.07575e-06
6.1559e-06
6.09415e-06
6.6948e-06
6.15628e-06
6.0815e-06
0.00182981
6.16849e-06
5.77626e-06
6.07501e-06
6.18465e-06
6.08319e-06
6.20612e-06
6.20078e-06
6.12115e-06
6.11154e-06
1.21256e-05
6.10717e-06
6.16223e-06
6.31442e-06
6.05816e-06
6.24553e-06
6.09046e-06
6.26376e-06
6.10935e-06
6.1424e-06
6.21514e-06
0.0048598
6.90566e-06
6.16196e-06
6.19997e-06
6.1269e-06
6.15766e-06
6.1942e-06
6.15443e-06
6.27427e-06
6.36777e-06
6.28335e-06
0.0029476
8.88876e-09
6.26255e-06
6.15523e-06
6.14241e-06
0.000155309
6.11567e-06
6.13775e-06
6.15041e-06
6.08183e-06
6.14928e-06
6.24355e-06
6.07636e-06
6.18141e-06
6.24107e-06
5.72258e-06
1.40705e-05
6.08576e-06
6.0736e-06
6.23449e-06
0.0120512
6.11525e-06
6.07093e-06
6.07625e-06
6.21758e-06
0.00802873
6.21674e-06
6.03977e-06
0.00537263
0.00264161
6.13805e-06
6.38292e-06
6.07652e-06
6.14111e-06
6.1005e-06
6.19617e-06
6.29619e-06
6.14119e-06
6.11185e-06
6.08181e-06
6.17817e-06
6.07644e-06
1.51577e-05
0.00616667
6.20985e-06
6.1481e-06
6.094e-06
0.001902
6.06917e-06
1.6342e-06
6.19004e-06
7.65315e-06
9.66374e-06
6.26223e-06
6.07671e-06
6.16839e-06
6.10564e-06
6.11322e-06
6.09803e-06
6.21739e-06
6.09342e-06
6.19592e-06
9.11922e-06
6.12457e-06
6.11091e-06
6.16996e-06
6.21881e-06
6.08465e-06
6.07479e-06
6.08418e-06
6.08384e-06
6.10135e-06
6.15013e-06
6.17402e-06
6.22203e-06
6.21383e-06
6.11392e-06
6.11956e-06
6.16523e-06
6.26042e-06
6.13856e-06
6.14567e-06
6.13097e-06
6.24796e-06
6.0867e-06
6.16716e-06
6.19257e-06
6.07576e-06
6.19315e-06
6.10726e-06
6.24817e-06
0.0016735
6.26204e-06
6.09248e-06
3.08926e-08
1.05415e-05
0.00763366
1.00328e-05
6.20965e-06
6.14323e-06
6.12276e-06
6.19541e-06
9.19891e-06
0.0043549
6.09394e-06
6.13682e-06
6.25138e-06
6.08446e-06
6.13991e-06
5.79808e-06
6.17037e-06
6.28099e-06
6.1258e-06
6.15238e-06
6.15852e-06
6.23568e-06
6.14465e-06
6.23551e-06
6.16644e-06
0.00644739
6.08119e-06
6.19918e-06
6.1015e-06
6.10369e-06
6.15072e-06
6.14057e-06
6.14525e-06
6.16481e-06
5.05696e-06
6.22217e-06
6.11079e-06
6.10856e-06
6.15651e-06
6.07516e-06
6.13646e-06
6.08629e-06
6.07953e-06
6.08111e-06
6.22002e-06
6.13555e-06
6.16198e-06
6.12073e-06
6.00014e-06
6.08431e-06
6.13317e-06
6.27018e-06
6.15637e-06
6.13203e-06
6.1473e-06
6.10465e-06
6.2055e-06
6.20415e-06
6.08288e-06
6.12227e-06
6.12571e-06
6.1889e-06
6.07562e-06
6.14762e-06
2.80645e-06
6.25684e-06
6.10615e-06
6.18418e-06
0.000187875
6.24307e-06
0.000322722
6.07704e-06
6.23174e-06
6.43613e-06
6.16258e-06
6.11918e-06
6.11956e-06
5.90107e-06
7.2888e-06
6.18892e-06
6.17736e-06
6.19227e-06
6.09108e-06
6.14228e-06
6.18099e-06
6.14993e-06
6.1854e-06
6.15117e-06
6.17368e-06
6.25179e-06
6.08157e-06
6.11635e-06
6.15011e-06
6.17571e-06
6.45481e-05
6.07635e-06
6.13128e-06
6.15299e-06
6.23411e-06
7.23379e-06
6.26989e-06
0.00849959
6.11671e-06
6.17188e-06
6.1795e-06
6.11327e-06
6.06992e-06
6.15462e-06
6.15984e-06
6.16686e-06
6.10786e-06
6.08744e-06
6.16117e-06
6.12504e-06
6.15714e-06
6.12591e-06
6.07883e-06
6.12375e-06
6.20674e-06
6.07917e-06
6.15952e-06
6.62639e-06
6.12639e-06
6.10667e-06
6.16006e-06
6.1163e-06
0.000302813
6.18837e-06
6.1597e-06
6.10679e-06
6.15993e-06
6.15933e-06
6.16233e-06
6.16771e-06
6.16036e-06
6.26057e-06
6.11536e-06
6.08017e-06
6.10659e-06
6.13398e-06
6.08545e-06
6.1353e-06
6.12537e-06
6.21218e-06
6.16421e-06
6.34466e-06
6.50989e-06
6.23344e-06
6.27343e-06
6.08719e-06
6.20133e-06
6.16756e-06
6.08417e-06
5.23988e-06
6.12306e-06
6.25922e-06
6.97881e-06
6.10792e-06
6.12968e-06
6.1199e-06
6.11864e-06
6.08724e-06
2.70673e-06
6.17602e-06
0.00245165
6.12913e-06
6.1414e-06
6.0949e-06
8.9778e-05
6.09106e-06
6.15223e-06
6.21955e-06
6.148e-06
6.11575e-06
6.15357e-06
6.07988e-06
6.27963e-06
6.21862e-06
6.12554e-06
6.12375e-06
6.07854e-06
6.16474e-06
6.22704e-06
5.80913e-06
6.14582e-06
6.11018e-06
6.07891e-06
6.15384e-06
6.27554e-06
6.18056e-06
6.09035e-06
6.12793e-06
6.07829e-06
6.12884e-06
6.19678e-06
6.11643e-06
6.12362e-06
6.08897e-06
6.17473e-06
6.08996e-06
6.2101e-06
6.0886e-06
6.13263e-06
6.08905e-06
6.2156e-06
6.10589e-06
6.18769e-06
6.13887e-06
6.22714e-06
5.14593e-06
6.14467e-06
6.07764e-06
6.15493e-06
6.14965e-06
6.07997e-06
6.20422e-06
6.13937e-06
6.08209e-06
6.08193e-06
6.39724e-06
6.17888e-06
6.12607e-06
6.12096e-06
6.17897e-06
6.50869e-06
6.24225e-06
6.07845e-06
6.08041e-06
6.15387e-06
6.14908e-06
0.00673604
6.1057e-06
6.09037e-06
6.0777e-06
6.18654e-06
6.20301e-06
6.14508e-06
6.13078e-06
6.0991e-06
6.24402e-06
6.48246e-06
6.13262e-06
6.07987e-06
6.17299e-06
6.14836e-06
6.0714e-06
6.19496e-06
6.09066e-06
6.12525e-06
6.32017e-06
6.08697e-06
7.3635e-06
6.09588e-06
9.66366e-05
6.0999e-06
0.000189674
6.15834e-06
6.2204e-06
6.13696e-06
6.12391e-06
7.27607e-06
6.13165e-06
6.15992e-06
6.12576e-06
6.07874e-06
6.08487e-06
6.16575e-06
6.08651e-06
6.10908e-06
6.38616e-06
6.17173e-06
6.32094e-06
6.12044e-06
6.12071e-06
6.1343e-06
6.08411e-06
0.00218055
0.000838859
6.11393e-06
6.12129e-06
2.68249e-05
6.10758e-06
6.22647e-06
6.15936e-06
6.19137e-06
6.20243e-06
6.13195e-06
6.08849e-06
6.08029e-06
6.13777e-06
6.16117e-06
8.30537e-06
6.22936e-06
6.2051e-06
7.90129e-06
6.12167e-06
6.11658e-06
6.22385e-06
6.22405e-06
6.24682e-06
6.2254e-06
6.18463e-06
6.07633e-06
3.96562e-06
6.20025e-06
6.14537e-06
6.27324e-06
6.12811e-06
6.17603e-06
6.19855e-06
6.11769e-06
6.19274e-06
6.21025e-06
6.12921e-06
6.13631e-06
6.23445e-06
6.16754e-06
6.18303e-06
6.22401e-06
6.22589e-06
6.23581e-06
6.24311e-06
6.22436e-06
7.08379e-10
6.1177e-06
6.15695e-06
6.26316e-06
6.09539e-06
6.20957e-06
6.15707e-06
1.29723e-05
6.07376e-06
7.0426e-06
6.23653e-06
6.18883e-06
6.2266e-06
6.22231e-06
6.50147e-06
6.16222e-06
6.22243e-06
6.11251e-06
1.1394e-05
6.21645e-06
6.18098e-06
6.19423e-06
6.22505e-06
6.10509e-06
6.1454e-06
6.22715e-06
6.14596e-06
6.18966e-06
6.21874e-06
6.20241e-06
6.21426e-06
6.11017e-06
6.14903e-06
6.12861e-06
6.18636e-06
6.12684e-06
5.55438e-06
0.00794818
6.16898e-06
6.20577e-06
3.20535e-10
6.0748e-06
6.22776e-06
6.13638e-06
6.07805e-06
6.24802e-06
6.1233e-06
6.26998e-06
6.14132e-06
6.22562e-06
6.16476e-06
6.20839e-06
6.18556e-06
6.12403e-06
6.22797e-06
0.0054906
6.08683e-06
6.14477e-06
6.22535e-06
6.11289e-06
6.21974e-06
6.17029e-06
6.15481e-06
6.22826e-06
6.16117e-06
6.13473e-06
6.31845e-06
6.25724e-06
6.19256e-06
6.26392e-06
6.33988e-06
6.28077e-06
6.20372e-06
6.22782e-06
6.53654e-06
6.19329e-06
6.13972e-06
6.1086e-06
6.1311e-06
6.20297e-06
6.14045e-06
6.08704e-06
6.236e-06
6.12758e-06
6.22011e-06
6.17436e-06
6.10892e-06
6.40248e-06
6.22831e-06
6.14049e-06
6.37106e-06
6.14644e-06
6.11099e-06
7.00047e-06
0.0118926
6.28947e-06
6.10474e-06
6.14133e-06
6.15504e-06
6.19442e-06
6.12441e-06
6.22765e-06
6.1499e-06
6.1889e-06
0.00483363
6.12407e-06
6.07477e-06
6.09139e-06
6.11446e-06
6.26315e-06
6.17024e-06
8.79743e-06
6.14165e-06
6.21342e-06
6.22644e-06
6.13841e-06
6.18823e-06
6.23626e-06
6.10265e-06
6.16421e-06
6.61169e-06
6.11473e-06
6.12042e-06
0.00126463
6.2532e-06
6.10149e-06
6.1314e-06
6.15715e-06
6.16842e-06
6.16832e-06
6.17854e-06
6.10023e-06
6.0894e-06
6.11307e-06
6.10488e-06
6.24246e-06
6.08845e-06
0.000580153
6.22589e-06
6.15857e-06
6.19934e-06
6.22486e-06
6.26378e-06
6.44447e-06
6.07358e-06
6.18056e-06
6.14379e-06
6.17261e-06
6.11667e-06
6.24578e-06
6.14751e-06
6.20877e-06
6.12757e-06
6.124e-06
6.10807e-06
6.15628e-06
6.22632e-06
6.15177e-06
6.77078e-06
6.14572e-06
6.16801e-06
6.12895e-06
6.07379e-06
6.08052e-06
6.07916e-06
6.17739e-06
6.28477e-06
6.10515e-06
0.0120985
5.89168e-06
6.24964e-06
6.18733e-06
6.12053e-06
6.26216e-06
6.08787e-06
6.24447e-06
6.1374e-06
6.09169e-06
6.1736e-06
6.23393e-06
6.13252e-06
6.17256e-06
6.23436e-06
6.26195e-06
6.06343e-06
6.14803e-06
6.08801e-06
6.13997e-06
6.06878e-06
6.13672e-06
6.12938e-06
6.08792e-06
6.20335e-06
6.14389e-06
6.20391e-06
0.00297796
6.13337e-06
6.21365e-06
6.09736e-06
6.24751e-06
6.1211e-06
6.11199e-06
9.1561e-06
6.10681e-06
0.000594649
6.09666e-06
6.15157e-06
6.19187e-06
6.15993e-06
6.22188e-06
6.15018e-06
6.14348e-06
0.000940252
6.09995e-06
6.07664e-06
6.27077e-06
6.15032e-06
6.14177e-06
6.13614e-06
6.15171e-06
6.07275e-06
2.30264e-06
6.12106e-06
1.02133e-05
6.31916e-06
8.23849e-06
6.20074e-06
6.10623e-06
6.08923e-06
6.15163e-06
6.13707e-06
6.13787e-06
7.64792e-06
6.13323e-06
6.13867e-06
6.08616e-06
6.15744e-06
6.26876e-06
0.00407898
6.21677e-06
6.21721e-06
6.10617e-06
6.10531e-06
6.165e-06
6.17012e-06
6.12878e-06
6.17166e-06
6.10344e-06
6.09455e-06
6.08196e-06
6.14081e-06
6.1163e-06
6.08988e-06
6.1813e-06
6.12824e-06
6.31696e-06
6.14481e-06
6.19833e-06
6.24573e-06
6.08323e-06
6.13772e-06
0.0118088
6.0799e-06
5.65207e-06
6.18845e-06
6.17843e-06
6.14554e-06
6.18203e-06
6.1575e-06
6.16423e-06
6.193e-06
6.16751e-06
6.16947e-06
6.08809e-06
6.28798e-06
6.13751e-06
6.26887e-06
6.222e-06
6.13264e-06
6.14548e-06
6.15716e-06
6.15455e-06
6.10879e-06
6.10752e-06
6.14124e-06
6.27159e-06
6.28396e-06
6.20444e-06
6.13927e-06
6.07312e-06
6.19599e-06
6.33511e-06
6.16308e-06
6.13872e-06
6.13308e-06
6.22453e-06
6.19891e-06
6.08352e-06
6.07081e-06
6.19989e-06
6.25041e-06
6.25246e-06
6.31168e-06
6.15635e-06
6.18533e-06
6.23402e-06
6.14875e-06
6.43327e-06
6.21594e-06
0.00983996
6.07483e-06
6.18853e-06
6.14157e-06
7.20828e-06
6.10238e-06
6.25752e-06
6.21877e-06
1.53767e-05
6.07066e-06
6.1546e-06
6.4785e-06
6.19451e-06
6.18986e-06
6.11909e-06
6.13854e-06
6.08615e-06
6.13171e-06
6.1992e-06
6.20304e-06
6.2103e-06
6.08139e-06
6.09253e-06
6.09658e-06
6.17472e-06
6.10447e-06
6.13164e-06
8.79711e-06
6.14277e-06
6.09221e-06
6.10168e-06
6.21838e-06
6.18618e-06
6.28393e-06
6.12426e-06
6.14324e-06
6.14965e-06
6.11741e-06
2.1659e-05
6.09629e-06
6.28646e-06
6.15427e-06
6.10985e-06
6.09806e-06
6.08944e-06
6.22153e-06
6.09872e-06
6.09598e-06
6.46692e-06
6.12596e-06
6.1555e-06
6.22994e-06
6.11946e-06
6.14885e-06
6.18264e-06
6.10031e-06
6.17332e-06
6.2014e-06
6.12189e-06
6.39973e-06
7.87979e-06
0.000795405
6.20068e-06
6.17539e-06
6.11874e-06
6.0836e-06
6.16552e-06
6.25818e-06
6.17596e-06
6.13096e-06
7.60957e-06
6.09255e-06
6.08328e-06
6.06937e-06
4.3313e-06
6.23572e-06
6.07904e-06
6.34161e-06
6.06875e-06
6.17584e-06
6.08193e-06
6.30723e-06
6.12623e-06
6.18968e-06
5.83297e-06
6.08935e-06
6.14137e-06
6.11732e-06
6.18983e-06
6.18551e-06
6.13551e-06
6.136e-06
0.000123474
6.08113e-06
6.12887e-06
6.1462e-06
6.06842e-06
6.29983e-06
6.13787e-06
6.11233e-06
6.09057e-06
6.08284e-06
6.18369e-06
6.1863e-06
6.34463e-06
6.20107e-06
6.19188e-06
6.17456e-06
6.12498e-06
5.57818e-06
6.49587e-06
9.50715e-06
6.05783e-06
6.13156e-06
6.15833e-06
0.0119946
6.09967e-06
6.08991e-06
6.17349e-06
1.00326e-07
0.000584748
6.18581e-06
6.07734e-06
6.21939e-06
6.14962e-06
0
6.10838e-06
6.21358e-06
6.11146e-06
6.20729e-06
9.19945e-06
6.08283e-06
0.00728917
6.17203e-06
6.21481e-06
6.16835e-06
6.25829e-06
6.22932e-06
6.14231e-06
6.09367e-06
9.55722e-06
6.21696e-06
6.22243e-06
1.17431e-05
6.22814e-06
6.09322e-06
6.18343e-06
6.19425e-06
6.18015e-06
6.18987e-06
6.13768e-06
6.08947e-06
6.263e-06
6.15679e-06
3.12039e-07
6.1384e-06
6.13906e-06
6.1412e-06
6.14233e-06
6.13203e-06
6.09461e-06
6.17163e-06
6.18978e-06
6.0924e-06
6.18818e-06
0.00306033
6.07963e-06
6.21985e-06
6.09435e-06
0.00360949
6.14741e-06
6.17312e-06
6.27667e-06
9.28955e-06
6.1707e-06
6.266e-06
6.21736e-06
6.2099e-06
7.54082e-06
6.18571e-06
6.38163e-06
6.22479e-06
2.77554e-06
6.08301e-06
6.08417e-06
0.00874792
6.14807e-06
6.12194e-06
6.13586e-06
6.15981e-06
6.10866e-06
6.23346e-06
6.16497e-06
6.28745e-06
6.12559e-06
6.16532e-06
6.09739e-06
6.12357e-06
6.12207e-06
6.18188e-06
6.1751e-06
6.13887e-06
0.00265472
6.36264e-06
6.13286e-06
6.15819e-06
6.24255e-06
6.15608e-06
6.0889e-06
6.17149e-06
8.25412e-06
6.08683e-06
6.06967e-06
6.30642e-06
6.09573e-06
6.2027e-06
6.12569e-06
6.07594e-06
6.13724e-06
6.19464e-06
6.11564e-06
6.14163e-06
6.17564e-06
6.40727e-06
6.0878e-06
6.085e-06
6.21051e-06
6.12515e-06
0.00228816
6.22562e-06
6.08267e-06
6.12603e-06
6.08795e-06
6.1154e-06
6.11738e-06
6.19803e-06
0.00653175
7.43235e-06
6.23509e-06
6.26163e-06
6.20565e-06
6.09018e-06
6.11738e-06
6.08399e-06
6.09655e-06
6.13002e-06
6.11612e-06
6.17679e-06
6.08532e-06
6.27309e-06
6.13456e-06
0.000830497
6.08717e-06
6.09911e-06
7.38801e-06
6.0883e-06
6.25648e-06
6.19226e-06
6.20853e-06
6.15511e-06
6.2223e-06
0.000767377
6.14589e-06
6.08359e-06
6.10289e-06
6.07016e-06
6.07946e-06
6.11631e-06
6.13797e-06
6.09393e-06
6.21742e-06
6.17382e-06
6.09936e-06
6.17378e-06
6.07479e-06
6.22198e-06
6.2651e-06
6.28592e-06
6.15981e-06
6.14229e-06
6.08546e-06
6.21774e-06
6.14021e-06
6.29384e-06
6.43858e-06
7.4072e-06
6.10664e-06
6.08819e-06
6.09634e-06
6.09648e-06
6.09412e-06
6.11224e-06
6.19188e-06
6.08187e-06
6.1454e-06
6.25396e-06
6.20854e-06
1.52521e-06
6.1409e-06
6.08891e-06
6.20723e-06
6.1367e-06
6.12677e-06
0.00158465
0.011921
6.09509e-06
6.16811e-06
6.30467e-06
6.21434e-06
6.25448e-06
6.43896e-06
6.21124e-06
6.18362e-06
6.13433e-06
6.10453e-06
6.14775e-06
0.00153297
6.40019e-06
6.07675e-06
6.20348e-06
6.09414e-06
6.14149e-06
6.21753e-06
6.09505e-06
7.72309e-06
6.15319e-06
6.71881e-06
6.11522e-06
6.24944e-06
6.12881e-06
6.21559e-06
6.14689e-06
8.61538e-06
6.085e-06
6.24402e-06
5.52002e-06
6.16233e-06
6.12456e-06
6.18108e-06
6.08114e-06
5.07507e-06
6.3838e-06
6.12427e-06
6.11062e-06
6.15274e-06
0.012059
6.13627e-06
6.28044e-06
6.1835e-06
6.13462e-06
6.0927e-06
6.10629e-06
6.12006e-06
6.19969e-06
2.31003e-08
6.13015e-06
6.14515e-06
0.0118049
6.13002e-06
6.27365e-06
6.18873e-06
6.09277e-06
6.12463e-06
6.15909e-06
6.26495e-06
6.07777e-06
6.28942e-06
6.13283e-06
6.11399e-06
6.08388e-06
6.18142e-06
6.18969e-06
6.11391e-06
6.12265e-06
6.16051e-06
6.16309e-06
0.0036961
6.17802e-06
6.22153e-06
6.20592e-06
6.098e-06
6.12699e-06
6.15609e-06
6.22094e-06
6.11607e-06
6.53677e-06
6.0918e-06
6.13818e-06
6.24812e-06
6.1755e-06
6.50026e-06
6.11888e-06
6.09701e-06
6.13555e-06
6.13917e-06
0.0020373
6.11767e-06
6.28567e-06
6.16336e-06
6.18095e-06
6.13112e-06
4.95976e-05
6.18654e-06
6.23872e-06
6.15109e-06
6.14083e-06
6.0704e-06
6.15511e-06
6.1916e-06
6.79408e-06
6.26809e-06
4.67905e-06
6.07897e-06
6.21974e-06
6.12878e-06
6.10769e-06
6.06859e-06
6.2538e-06
0.00749869
0.000807719
6.11191e-06
6.08366e-06
6.0713e-06
6.08642e-06
6.84542e-06
6.09077e-06
6.14909e-06
6.15075e-06
6.28578e-06
6.14389e-06
6.09988e-06
6.13972e-06
6.12822e-06
0.00687425
6.07535e-06
6.20983e-06
6.20092e-06
6.20191e-06
6.20249e-06
6.19878e-06
6.11622e-06
5.34307e-06
6.23878e-06
6.11836e-06
0.00106944
0.000644897
6.18181e-06
4.2522e-09
6.1528e-06
0.000839417
6.11101e-06
6.13735e-06
5.77367e-06
6.14608e-06
6.10572e-06
6.19283e-06
6.0903e-06
6.34965e-06
6.27596e-06
6.21576e-06
6.20406e-06
6.06891e-06
6.11862e-06
1.85466e-06
6.12151e-06
6.17413e-06
0.00576774
1.20658e-05
6.12146e-06
6.19371e-06
6.17128e-06
6.18058e-06
6.41687e-06
6.14159e-06
6.06789e-06
6.146e-06
6.08843e-06
6.14143e-06
6.09867e-06
6.12583e-06
0.000122399
6.21459e-06
6.17694e-06
6.28421e-06
6.09401e-06
6.12337e-06
6.24799e-06
6.17412e-06
0.012082
6.20554e-06
6.08095e-06
6.15639e-06
6.08031e-06
8.21216e-09
5.90116e-07
6.12063e-06
6.1185e-06
6.22172e-06
6.25008e-06
6.13582e-06
6.14392e-06
6.25202e-06
0.00450942
6.0984e-06
0.0041707
6.10081e-06
6.17085e-06
6.08102e-06
6.26777e-06
6.19061e-06
6.18185e-06
6.25812e-06
6.14444e-06
6.11351e-06
3.53661e-05
4.33022e-08
6.1324e-06
8.00512e-06
6.09676e-06
6.08989e-06
6.08585e-06
9.8316e-06
6.21221e-06
6.1505e-06
6.14278e-06
6.14916e-06
6.09021e-06
6.11983e-06
6.12416e-06
0.00190662
6.26057e-06
6.12084e-06
6.18349e-06
6.09471e-06
6.18674e-06
6.17265e-06
6.13755e-06
6.21527e-06
6.07955e-06
4.91639e-06
6.1913e-06
0.000797675
6.17481e-06
0.00371521
6.15262e-06
6.12038e-06
6.09797e-06
6.31137e-06
6.13126e-06
6.16e-06
6.17858e-06
6.09303e-06
6.20057e-06
6.20977e-06
6.14399e-06
0.000246809
6.25438e-06
6.10386e-06
6.11664e-06
6.21757e-06
6.16607e-06
6.12213e-06
6.07033e-06
6.16946e-06
1.00537e-05
6.21217e-06
6.1194e-06
6.12284e-06
6.14758e-06
6.08452e-06
6.15013e-06
6.16505e-06
6.0911e-06
6.14787e-06
6.17964e-06
6.10878e-06
6.70993e-12
6.1148e-06
6.09356e-06
6.07387e-06
6.1962e-06
5.92062e-06
6.11778e-06
6.21382e-06
6.13648e-06
0.000348473
6.12554e-06
6.21016e-06
6.14992e-06
6.09771e-06
0.00635866
6.169e-06
6.24445e-06
6.12359e-06
6.08593e-06
6.09615e-06
6.07689e-06
6.24006e-06
6.27368e-06
6.14309e-06
6.12321e-06
6.09005e-06
6.23684e-06
6.24176e-06
6.19848e-06
0.00312588
6.24877e-06
6.07951e-06
6.12006e-06
6.13071e-06
5.2857e-06
6.17259e-06
6.1274e-06
6.2737e-06
6.40317e-06
6.16787e-06
1.7364e-06
6.1283e-06
6.10672e-06
6.22731e-06
6.16732e-06
6.19799e-06
6.15702e-06
6.18345e-06
6.26041e-06
7.60846e-06
6.19756e-06
6.16854e-06
6.14837e-06
6.11469e-06
6.07911e-06
6.13644e-06
5.82203e-06
0.0078231
6.21649e-06
6.29217e-06
6.17183e-06
6.1352e-06
6.2647e-06
6.09668e-06
6.10159e-06
6.17333e-06
6.08715e-06
6.16722e-06
6.19328e-06
6.23319e-06
6.08155e-06
6.13131e-06
6.07654e-06
1.36903e-05
6.12578e-06
0.000952809
6.16777e-06
6.15615e-06
6.08098e-06
6.12055e-06
6.21505e-06
6.14552e-06
6.21212e-06
6.14713e-06
6.15657e-06
6.10348e-06
6.66296e-06
6.17732e-06
6.0786e-06
6.17094e-06
6.12418e-06
6.20742e-06
6.13888e-06
6.08537e-06
6.08375e-06
6.14156e-06
6.14655e-06
6.09947e-06
6.13885e-06
6.19972e-06
1.36755e-06
6.19646e-06
9.31013e-05
6.16327e-06
6.08384e-06
6.23943e-06
6.12627e-06
6.18187e-06
6.10137e-06
6.13525e-06
6.08507e-06
6.13692e-06
6.11098e-06
6.16184e-06
6.11668e-06
6.13595e-06
0.00992104
6.12281e-06
5.42206e-05
6.08341e-06
6.12254e-06
6.26689e-06
6.14347e-06
6.16937e-06
0.00920358
6.08962e-06
6.25781e-06
6.21542e-06
6.10355e-06
6.15018e-06
6.14265e-06
6.20322e-06
6.13399e-06
6.17851e-06
6.20123e-06
6.12649e-06
0.00183606
6.13139e-06
6.14311e-06
6.21495e-06
6.07853e-06
6.10772e-06
6.21746e-06
6.1274e-06
6.09337e-06
6.09778e-06
6.08466e-06
0.000139253
6.1704e-06
6.18944e-06
6.24025e-06
6.13806e-06
6.20192e-06
6.18736e-06
6.11588e-06
6.17068e-06
6.15075e-06
6.09823e-06
6.15468e-06
6.22385e-06
6.16137e-06
6.09504e-06
6.1449e-06
6.12421e-06
6.24293e-06
6.13942e-06
6.1592e-06
5.51104e-06
6.08886e-06
6.10592e-06
6.09183e-06
6.15686e-06
6.0983e-06
6.15606e-06
6.11433e-06
6.10691e-06
6.12736e-06
6.13592e-06
6.07962e-06
6.17943e-06
1.69461e-08
6.63543e-06
1.65841e-06
6.10852e-06
6.16376e-06
0.0071417
6.08094e-06
1.03627e-06
6.08397e-06
6.07878e-06
6.1463e-06
6.15983e-06
6.12997e-06
6.087e-06
6.16723e-06
6.22245e-06
5.43416e-06
6.17987e-06
6.0841e-06
6.09488e-06
6.16229e-06
0.0115432
6.25198e-06
6.16985e-06
6.20526e-06
6.08651e-06
6.23945e-06
6.11041e-06
6.62818e-06
0.00824101
6.11527e-06
6.14227e-06
6.15854e-06
6.23688e-06
6.19161e-06
6.16312e-06
6.19474e-06
6.18673e-06
6.1578e-06
6.07733e-06
6.11687e-06
6.13081e-06
0.0119984
6.13605e-06
6.12743e-06
6.1666e-06
4.8033e-06
6.28965e-06
6.12344e-06
6.24627e-06
6.12051e-06
6.26111e-06
6.21293e-06
6.09698e-06
6.13631e-06
6.14446e-06
6.19086e-06
6.07878e-06
6.17967e-06
6.13107e-06
6.14096e-06
6.09092e-06
6.18352e-06
6.14647e-06
6.09395e-06
6.08119e-06
6.10903e-06
6.24866e-06
6.25364e-06
6.22294e-06
6.29296e-06
6.20923e-06
6.15385e-06
6.16023e-06
2.04369e-05
6.08241e-06
6.12234e-06
6.07804e-06
6.13652e-06
6.08613e-06
6.1969e-06
6.13949e-06
6.17083e-06
6.21847e-06
6.26028e-06
6.20262e-06
8.72401e-09
6.92133e-06
0.0001239
6.06986e-06
1.60062e-06
6.09346e-06
6.07906e-06
6.26354e-06
6.09806e-06
6.11909e-06
6.30784e-06
7.67013e-06
6.20297e-06
6.07842e-06
4.76917e-08
6.07049e-06
6.08049e-06
6.0729e-06
6.12227e-06
6.17013e-06
0.00561649
6.12415e-06
6.08098e-06
6.20206e-06
6.21439e-06
6.15564e-06
6.1829e-06
6.10893e-06
6.07881e-06
6.26228e-06
6.10468e-06
7.46273e-06
7.75519e-06
6.10952e-06
6.20796e-06
6.13507e-06
6.22999e-06
6.1647e-06
6.16824e-06
6.1523e-06
6.20486e-06
6.21214e-06
6.20055e-06
6.17586e-06
6.12592e-06
6.22081e-06
6.09857e-06
6.1102e-06
6.21123e-06
6.16029e-06
6.14469e-06
6.30174e-06
6.26213e-06
6.10221e-06
6.27582e-06
6.1903e-06
6.07162e-06
6.09292e-06
6.1586e-06
6.07709e-06
6.08673e-06
6.13971e-06
6.15445e-06
6.18378e-06
0.00426216
0.000408326
6.10527e-06
6.18649e-06
6.08293e-06
0.00247588
6.21684e-06
0.000357882
0.00940569
6.20303e-06
6.11656e-06
6.12922e-06
6.11882e-06
6.14094e-06
6.24317e-06
0.000272645
6.1964e-06
6.28053e-06
0.00565327
0.00981743
6.14321e-06
0.000116656
6.24367e-06
6.15308e-06
6.0781e-06
6.18665e-06
6.19958e-06
0.000103903
6.17033e-06
6.31472e-06
6.13237e-06
6.09765e-06
6.24981e-06
6.08471e-06
7.33005e-06
6.2084e-06
9.00224e-06
6.08755e-06
6.26979e-06
6.07395e-06
6.17148e-06
7.62499e-06
6.17475e-06
0.00583533
6.22444e-06
6.63932e-06
6.15131e-06
6.16511e-06
4.17479e-06
6.14868e-06
6.25126e-06
1.94394e-07
6.19055e-06
6.16499e-06
5.62833e-06
0.00158895
6.2778e-06
6.08988e-06
0.0101411
2.49201e-05
6.14052e-06
6.12863e-06
6.13049e-06
6.15876e-06
6.13758e-06
0.000333367
3.63164e-07
6.09935e-06
6.14518e-06
6.1732e-06
6.07751e-06
6.20149e-06
6.10591e-06
0.000525865
6.10169e-06
6.2193e-06
6.17627e-06
6.18972e-06
9.14618e-06
6.24231e-06
6.12024e-06
6.22706e-06
0.0114121
6.13556e-06
6.09134e-06
6.19758e-06
6.21888e-06
6.15106e-06
6.26954e-06
6.14351e-06
6.21764e-06
0.0121473
7.92868e-06
6.16242e-06
6.0912e-06
6.13664e-06
5.61129e-06
3.20994e-06
6.12848e-06
6.17387e-06
0.00217436
6.17453e-06
6.16546e-06
9.36413e-06
6.07966e-06
1.00859e-05
6.08649e-06
6.21811e-06
6.11921e-06
6.07381e-06
6.22266e-06
6.22716e-06
6.14269e-06
6.17681e-06
6.26592e-06
6.14536e-06
6.29653e-06
6.13106e-06
6.26318e-06
1.07281e-09
6.20312e-06
1.01756e-05
6.16286e-06
6.13487e-06
4.44877e-07
6.24918e-06
6.14515e-06
0.0120022
9.43401e-06
6.28427e-06
6.20835e-06
6.08419e-06
6.08755e-06
6.21613e-06
6.12908e-06
9.54704e-06
6.08597e-06
6.26855e-06
6.12075e-06
6.07695e-06
6.17391e-06
6.09468e-06
6.39584e-06
6.11778e-06
6.07936e-06
6.13727e-06
6.27589e-06
6.19491e-06
6.11243e-06
6.20379e-06
6.27741e-06
8.52474e-06
0.00181134
6.14777e-06
6.08143e-06
6.13645e-06
6.24406e-06
6.14809e-06
6.26586e-06
6.22202e-06
6.20063e-06
6.18937e-06
6.54897e-06
6.18571e-06
6.09549e-06
6.11257e-06
6.21403e-06
6.17737e-06
0.00243508
6.13617e-06
6.18113e-06
6.19301e-06
6.15223e-06
6.25796e-06
7.35037e-06
6.80387e-06
6.10687e-06
6.15094e-06
5.92176e-06
6.07597e-06
6.18223e-06
6.15829e-06
6.10013e-06
6.08641e-06
6.16963e-06
6.14949e-06
0.000211006
6.15603e-06
1.36711e-11
6.17414e-06
0.0121101
6.15071e-06
6.19866e-06
6.13473e-06
6.13728e-06
6.13547e-06
8.619e-06
6.13306e-06
6.1068e-06
6.19512e-06
6.15278e-06
6.23864e-06
8.59228e-06
6.11646e-06
6.22183e-06
6.08777e-06
6.13537e-06
6.075e-06
6.08119e-06
6.11244e-06
6.14907e-06
7.34554e-06
6.18236e-06
6.07619e-06
0.00241354
6.09485e-06
6.14517e-06
6.07479e-06
6.16439e-06
6.11374e-06
6.20673e-06
6.1548e-06
6.10366e-06
6.21729e-06
0.00403874
6.1193e-06
0.00285048
6.14101e-06
0.00336455
6.07756e-06
6.15775e-06
6.08667e-06
7.50602e-06
6.2221e-06
6.09281e-06
6.16032e-06
6.08639e-06
6.26438e-06
6.11351e-06
8.48892e-06
6.08445e-06
6.11424e-06
6.12387e-06
6.21675e-06
6.07302e-06
6.16114e-06
8.17753e-06
6.11477e-06
6.16048e-06
0.00371786
6.2706e-06
6.15973e-06
6.10458e-06
6.12338e-06
6.22213e-06
6.04695e-06
0.00523205
6.16021e-06
6.16006e-06
6.20473e-06
6.16275e-06
6.19641e-06
6.10632e-06
6.23628e-06
6.77047e-06
8.85685e-06
6.08743e-06
6.20571e-06
6.1617e-06
6.15187e-06
6.14579e-06
1.19656e-08
6.15758e-06
6.11498e-06
6.07574e-06
6.12368e-06
6.18933e-06
6.24056e-06
6.22204e-06
6.57585e-06
6.16746e-06
6.15086e-06
6.14537e-06
6.12837e-06
6.21208e-06
6.08109e-06
6.02957e-06
6.08835e-06
6.09065e-06
9.24438e-06
0.000265213
6.21872e-06
6.21832e-06
6.07944e-06
7.85467e-06
0.000193134
9.40998e-06
6.13858e-06
6.08764e-06
6.15409e-06
6.2048e-06
6.06964e-06
2.73108e-08
6.11813e-06
6.21593e-06
7.42768e-06
6.14907e-06
6.09328e-06
4.3898e-06
6.22702e-06
6.2409e-06
6.0867e-06
6.20858e-06
6.16151e-06
8.95079e-06
6.10753e-06
6.1312e-06
6.15081e-06
6.21091e-06
6.88949e-06
6.08472e-06
0.0120615
6.24166e-06
6.492e-06
6.26103e-06
6.22503e-06
6.12128e-06
6.10475e-06
6.08825e-06
6.15973e-06
6.12569e-06
6.19731e-06
6.11813e-06
6.12363e-06
6.06459e-06
6.1763e-06
6.12288e-06
0.000379614
6.20815e-06
4.00897e-07
6.17283e-06
6.14342e-06
6.12594e-06
6.12945e-06
6.16035e-06
6.08981e-06
6.08153e-06
6.15476e-06
6.07737e-06
6.17419e-06
6.10803e-06
6.10435e-06
6.21011e-06
6.15243e-06
6.13123e-06
6.20854e-06
6.0838e-06
6.15716e-06
6.15041e-06
6.13746e-06
6.13592e-06
6.09198e-06
6.0829e-06
6.14276e-06
4.04246e-06
0.0103482
6.25194e-06
6.14462e-06
0.00192065
0.00105123
1.36194e-07
6.0828e-06
8.88182e-09
0.000510243
6.0882e-06
6.14011e-06
6.16918e-06
6.17341e-06
6.14052e-06
6.10398e-06
6.1367e-06
6.16271e-06
6.14826e-06
7.04263e-06
6.18366e-06
6.09158e-06
6.2134e-06
6.14783e-06
6.14682e-06
6.13505e-06
6.07361e-06
9.56181e-06
6.21908e-06
6.14227e-06
6.19628e-06
6.13989e-06
6.22958e-06
6.12637e-06
6.1317e-06
6.09402e-06
6.24297e-06
6.15358e-06
6.19021e-06
6.13575e-06
6.15187e-06
6.12169e-06
6.16547e-06
6.13193e-06
6.14496e-06
9.1699e-06
0.000849111
6.07947e-06
6.09974e-06
6.18836e-06
5.46309e-07
6.14083e-06
6.25732e-06
6.1302e-06
6.13789e-06
0.0118329
6.15775e-06
6.13268e-06
6.07791e-06
6.13067e-06
6.09502e-06
6.16432e-06
6.07188e-06
6.13129e-06
6.1446e-06
6.27546e-06
6.22167e-06
6.26614e-06
0.00206837
6.11992e-06
6.11721e-06
6.06996e-06
6.14716e-06
6.08453e-06
6.08324e-06
6.13278e-06
9.13179e-06
6.1613e-06
6.21678e-06
6.22277e-06
2.48139e-05
6.06939e-06
6.2339e-06
3.5457e-06
6.15598e-06
6.19477e-06
6.11241e-06
0.000264991
6.13446e-06
6.14691e-06
8.08169e-06
6.19068e-06
6.24219e-06
6.11144e-06
6.13606e-06
6.22603e-06
6.08996e-06
6.11735e-06
6.13771e-06
6.09499e-06
6.13289e-06
3.1173e-06
6.09411e-06
6.20471e-06
6.1921e-06
6.02782e-06
6.21699e-06
6.09159e-06
6.15979e-06
6.39986e-06
4.41779e-08
6.13913e-06
6.09512e-06
6.13754e-06
6.10058e-06
6.12617e-06
6.14106e-06
6.14965e-06
6.22018e-06
0.00643408
0.00988202
2.06225e-06
0.000330195
6.2307e-06
6.12545e-06
6.11346e-06
1.14287e-05
6.25437e-06
6.15828e-06
1.76065e-05
6.15214e-06
6.09867e-06
6.31608e-06
6.22512e-06
6.21918e-06
6.13542e-06
0.00756899
6.1942e-06
6.18473e-06
6.24243e-06
6.12921e-06
6.12238e-06
6.20797e-06
6.25585e-06
6.20617e-06
6.14214e-06
6.18035e-06
6.15624e-06
0.0118225
6.07708e-06
1.01508e-05
6.15392e-06
6.13563e-06
6.20066e-06
6.14809e-06
6.08814e-06
6.12167e-06
6.22389e-06
0.000182221
6.11282e-06
6.21883e-06
7.16861e-06
6.17774e-06
6.16486e-06
6.12826e-06
6.16331e-06
6.19287e-06
6.22041e-06
6.16146e-06
6.24197e-06
0.00179858
6.1728e-06
8.60199e-06
6.14419e-06
6.22434e-06
6.24605e-06
0.000736937
6.18415e-06
6.13864e-06
6.97177e-06
6.16002e-06
9.6428e-06
6.16391e-06
6.50012e-06
0.0109717
0.000725776
6.22047e-06
6.21926e-06
9.58719e-06
6.14435e-06
6.16985e-06
6.14979e-06
6.39009e-06
6.20226e-06
6.14951e-06
6.25833e-06
6.26292e-06
6.08854e-06
6.18538e-06
6.1368e-06
6.22473e-06
6.19099e-06
6.11415e-06
8.68181e-08
6.2462e-06
6.13891e-06
6.08171e-06
6.17196e-06
6.26393e-06
6.16859e-06
6.21254e-06
6.53523e-06
6.16084e-06
6.11989e-06
6.22035e-06
6.22516e-06
6.08779e-06
6.1391e-06
6.20064e-06
6.14262e-06
6.19587e-06
6.18982e-06
0.000615202
6.17148e-06
6.13178e-06
6.15357e-06
6.15495e-06
7.62853e-06
6.07245e-06
6.22e-06
6.08249e-06
0.011947
6.13768e-06
8.32333e-06
0.000416818
6.19609e-06
6.22556e-06
6.16432e-06
6.15228e-06
6.22406e-06
6.16907e-06
6.13728e-06
6.61385e-06
6.14235e-06
6.17211e-06
0.000979328
6.08683e-06
6.10446e-06
6.07175e-06
2.74293e-06
6.13644e-06
6.07368e-06
6.22189e-06
6.15705e-06
6.12458e-06
7.17211e-06
6.13804e-06
6.15268e-06
6.12373e-06
6.07005e-06
6.09942e-06
6.22584e-06
6.20992e-06
6.09241e-06
6.15876e-06
6.11799e-06
6.07099e-06
6.20699e-06
6.30137e-06
6.12778e-06
6.22019e-06
6.09217e-06
6.21296e-06
6.5087e-06
6.09711e-06
7.23602e-06
6.15453e-06
6.17499e-06
6.15596e-06
6.21552e-06
6.17841e-06
6.17119e-06
6.27607e-06
6.21809e-06
6.10042e-06
6.21588e-06
6.18725e-06
6.15937e-06
6.23316e-06
6.22609e-06
6.24021e-06
6.9204e-06
6.1481e-06
6.24051e-06
6.29685e-06
5.19296e-07
0.000521626
4.92002e-06
6.12365e-06
6.10455e-06
6.13725e-06
6.14434e-06
6.07346e-06
6.07377e-06
6.22582e-06
6.19407e-06
6.07446e-06
6.13099e-06
6.10789e-06
6.08695e-06
6.13355e-06
6.20296e-06
6.2236e-06
6.08055e-06
6.20464e-06
6.18803e-06
6.18731e-06
6.20583e-06
6.22591e-06
9.08935e-06
6.12493e-06
6.09362e-06
6.14104e-06
6.11413e-06
5.62807e-06
6.24579e-06
6.24765e-06
6.75931e-06
0.000308551
0.00808913
2.64606e-06
6.08288e-06
6.22199e-06
6.1567e-06
6.24261e-06
6.24905e-06
6.22602e-06
6.26417e-06
8.98446e-06
6.14646e-06
6.83991e-06
6.2633e-06
6.07011e-06
6.14554e-06
6.16275e-06
6.61809e-06
6.12949e-06
6.29608e-06
6.14071e-06
6.13765e-06
6.22502e-06
6.10281e-06
2.54654e-08
6.21102e-06
6.18217e-06
6.07131e-06
6.14489e-06
6.07849e-06
6.24447e-06
0.00230145
6.13991e-06
6.21351e-06
6.14892e-06
6.11223e-06
6.22555e-06
6.16205e-06
6.13961e-06
6.2234e-06
6.20487e-06
6.39767e-06
6.08607e-06
6.10507e-06
6.103e-06
6.24387e-06
0.00395532
6.06958e-06
6.22466e-06
6.09398e-06
6.07159e-06
6.35268e-06
6.16782e-06
2.13864e-08
6.19096e-06
6.04384e-06
6.15705e-06
6.07197e-06
3.73592e-11
6.19106e-06
6.15322e-06
6.24093e-06
8.81292e-06
6.2801e-06
6.09341e-06
7.82966e-06
6.15425e-06
6.14328e-06
6.11881e-06
6.51113e-06
6.12409e-06
6.0701e-06
6.24805e-06
9.44364e-06
6.09957e-06
0.000685447
6.2056e-06
6.23491e-06
6.2226e-06
6.19113e-06
6.19476e-06
6.07284e-06
6.44467e-06
6.32136e-06
1.59786e-05
6.1423e-06
6.18591e-06
6.19123e-06
6.08295e-06
6.15515e-06
6.0878e-06
6.15699e-06
6.23406e-06
6.08742e-06
1.19986e-05
6.07509e-06
6.12472e-06
6.21946e-06
0.00137424
6.10921e-06
6.22086e-06
6.40131e-06
0.000741883
6.17324e-06
6.24595e-06
0.00106706
6.55381e-06
0.0109333
6.1324e-06
6.25408e-06
0.00487508
6.18422e-06
6.14462e-06
6.14971e-06
6.08592e-06
6.0983e-06
0.00340385
0.000384642
6.17411e-06
6.1696e-06
3.65807e-14
1.5207e-10
6.1984e-06
6.12741e-06
6.1177e-06
6.14142e-06
4.22313e-05
7.95814e-06
6.29919e-06
6.20569e-06
0.00125361
6.20551e-06
6.16588e-06
6.16314e-06
6.1568e-06
6.16372e-06
6.09293e-06
6.28005e-06
6.49621e-06
6.16059e-06
6.19926e-06
6.19336e-06
6.22543e-06
6.14037e-06
8.0216e-06
6.19722e-06
6.22365e-06
6.08852e-06
0.00148258
6.1978e-06
6.20157e-06
6.17782e-06
6.1855e-06
6.13412e-06
6.21265e-06
6.13459e-06
9.272e-06
0.000301012
6.25927e-06
6.14079e-06
9.20299e-05
6.11077e-06
6.082e-06
3.27143e-05
6.16698e-06
0.0019684
9.7981e-06
6.26569e-06
0.000620929
6.15256e-06
0.00168323
6.24547e-06
6.14555e-06
6.1887e-06
6.21398e-06
6.07701e-06
6.3076e-06
6.09884e-06
0.000799053
0.000171097
6.19552e-06
6.20548e-06
6.20334e-06
0.0020128
6.14303e-06
0.0023011
6.14239e-06
6.50871e-06
6.15611e-06
6.14955e-06
6.15074e-06
6.07819e-06
0.00799672
6.19438e-06
6.12457e-06
8.53671e-06
6.2248e-06
6.22366e-06
6.09215e-06
0.000249579
6.08667e-06
6.21507e-06
6.13542e-06
0.00689262
6.17994e-06
6.16016e-06
6.15407e-06
6.2606e-06
6.17678e-06
0.00384407
0.00636638
6.20285e-06
0.00245823
8.62922e-06
6.2216e-06
0.0008753
0.00989122
6.12274e-06
6.1837e-06
6.15951e-06
6.26341e-06
7.53588e-06
6.13922e-06
6.147e-06
6.26082e-06
5.259e-06
1.00076e-05
6.19639e-06
6.18004e-06
0.000515605
6.09957e-06
6.14309e-06
6.20945e-06
6.24687e-06
6.11982e-06
9.75915e-06
6.09166e-06
6.13745e-06
6.13809e-06
6.17254e-06
0.00346285
6.13395e-06
6.50176e-06
0.00518159
6.11825e-06
0.00385684
6.22095e-06
6.22278e-06
0.0049747
0.000627049
6.2238e-06
0.00415196
6.15098e-06
6.1161e-06
6.13755e-06
6.13208e-06
6.2098e-06
6.09537e-06
6.08921e-06
3.07689e-06
0.00196483
5.64065e-06
0.00654948
6.11815e-06
0.000929828
6.1235e-06
6.14599e-06
6.14147e-06
6.15504e-06
6.11848e-06
6.14017e-06
6.15171e-06
6.14922e-06
0.000378934
7.59562e-06
6.10585e-06
6.12186e-06
6.12651e-06
6.08593e-06
6.16819e-06
6.25471e-06
2.67494e-05
6.07785e-06
5.8237e-08
6.18036e-06
6.20089e-06
0.00121233
0.00188186
6.14766e-06
6.23947e-06
6.1989e-06
6.21937e-06
6.16156e-06
6.16332e-06
1.238e-05
6.1414e-06
6.11985e-06
6.14555e-06
6.14907e-06
6.13849e-06
3.0691e-08
6.35093e-05
6.13389e-06
7.01071e-06
6.37377e-06
6.40748e-06
6.45502e-06
6.25715e-06
6.08321e-06
6.22357e-06
6.40684e-06
6.07319e-06
2.29706e-13
6.18125e-06
6.15845e-06
6.15481e-06
0.000135729
0.0033977
6.17869e-06
0.0118747
6.19917e-06
6.19155e-06
0.0113694
0.00067659
6.09851e-06
6.11047e-06
6.19319e-06
6.20142e-06
6.1557e-06
6.14239e-06
0.000135738
6.24218e-06
6.29678e-06
0.000207654
6.13963e-06
6.28188e-06
6.19068e-06
6.19422e-06
6.1703e-06
6.2411e-06
6.00404e-06
0.000152057
4.73737e-07
0.000222606
6.16118e-06
6.26291e-06
0.000294522
6.27736e-06
6.13397e-06
6.09232e-06
0.00187794
6.07842e-06
6.18712e-06
6.18815e-06
0.00139978
2.90154e-06
6.2634e-06
6.15036e-06
6.17098e-06
6.20505e-06
6.13843e-06
6.24617e-06
6.09734e-06
7.37767e-06
6.18587e-06
6.19279e-06
6.28441e-06
6.08171e-06
0.000440962
6.20079e-06
6.24093e-06
6.20325e-06
6.14358e-06
0.00587699
0.00325517
6.13076e-06
6.09915e-06
6.17414e-06
6.17787e-06
6.24663e-06
6.14822e-06
0.00056873
6.16087e-06
6.17295e-06
6.15033e-06
0.00251643
6.25214e-06
6.17473e-06
6.14338e-06
0.00046173
0.0015476
0.000744185
6.09788e-06
0.00180794
6.10765e-06
6.21085e-06
6.22268e-06
6.15327e-06
5.89503e-06
6.13996e-06
1.17808e-06
6.51127e-06
6.50146e-06
6.16659e-06
6.17283e-06
0.0019872
6.18032e-06
0.00387533
6.25989e-06
6.07744e-06
6.25458e-06
6.25627e-06
0.00437699
0.000869349
6.43632e-06
6.17018e-06
6.17943e-06
6.16452e-06
0.00557718
0.0057257
6.16925e-06
6.1022e-06
6.28838e-06
0.00266352
6.12156e-06
7.08048e-06
6.06597e-06
6.08848e-06
6.209e-06
6.25923e-06
6.07037e-06
4.61889e-07
0.000337545
0.00331473
6.14435e-06
6.49565e-06
6.09696e-06
0.00479263
0.00382214
0.00465038
6.20393e-06
0.00353459
0.00033078
0.00408714
6.14569e-06
6.08962e-06
6.18428e-06
6.21417e-06
6.19309e-06
0.00100041
6.17721e-06
6.19678e-06
6.20354e-06
6.07529e-06
6.21356e-06
6.14693e-06
6.15097e-06
2.61982e-10
0.000418281
6.13945e-06
6.25063e-06
6.13232e-06
6.13179e-06
6.36951e-06
6.21667e-06
6.21008e-06
0.00110712
6.15097e-06
0.00122871
6.23987e-06
6.12115e-06
6.12655e-06
6.25555e-06
6.08916e-06
6.18376e-06
6.20264e-06
6.20107e-06
6.48888e-06
6.14617e-06
0.00138928
6.22128e-06
6.16297e-06
0.00145276
6.13689e-06
1.02428e-06
7.67117e-06
7.69533e-06
6.35431e-06
6.25027e-06
0.00159192
6.25049e-06
0.0015831
6.25931e-06
6.34482e-06
6.34304e-06
6.20764e-06
6.13644e-06
6.16219e-06
6.18392e-06
0.0114105
6.18029e-06
6.19482e-06
6.18781e-06
0.00172834
6.24371e-06
6.18917e-06
6.18935e-06
6.23966e-06
6.24399e-06
6.17876e-06
6.13476e-06
6.1447e-06
0.000563617
6.13544e-06
6.1292e-06
0.00189577
6.22258e-06
6.18621e-06
6.18868e-06
0.00708891
6.2497e-06
0.00207417
0.00237905
0.00643576
6.25976e-06
0.00652805
6.24148e-06
6.39275e-06
6.17742e-06
0.00229085
0.00642716
6.08443e-06
6.21721e-06
6.21814e-06
0.0026171
6.22312e-06
6.15748e-06
0.00564706
6.17311e-06
6.51841e-06
6.12768e-06
0.00839183
0.00276324
0.00316544
6.17561e-06
0.00550983
6.25641e-06
6.25806e-06
0.00126279
0.0052635
6.17054e-06
6.17093e-06
0.00274703
0.00534616
0.0029153
6.16484e-06
6.17973e-06
6.11021e-06
0.00365468
0.00504768
6.16988e-06
6.28393e-06
0.00325084
0.00396911
0.00429293
6.20506e-06
6.20752e-06
0.00516576
4.12295e-05
6.09297e-06
6.08619e-06
0.00494808
0.00354634
0.00370903
6.20471e-06
0.00493972
6.14561e-06
0.00471852
0.00418002
0.00397136
0.00390469
0.00457321
6.17692e-06
6.17793e-06
6.16786e-06
6.19835e-06
6.19631e-06
0.00545419
0.00441924
0.00424725
0.00495571
0.00879281
6.0911e-06
6.14717e-06
6.1511e-06
6.21046e-06
6.1328e-06
6.13834e-06
0.0101508
6.26169e-06
6.15025e-06
6.12779e-06
6.11856e-06
6.26564e-06
6.25525e-06
6.18873e-06
6.20575e-06
6.13972e-06
6.1496e-06
6.21059e-06
6.21372e-06
6.2058e-06
6.22247e-06
6.16372e-06
6.13582e-06
6.13525e-06
2.261e-06
6.18185e-06
6.24693e-06
6.23747e-06
6.42558e-06
6.24609e-06
6.27003e-06
6.16759e-06
0.0113094
6.14377e-06
6.1891e-06
6.2403e-06
6.24782e-06
6.1915e-06
6.19009e-06
6.13052e-06
6.13724e-06
6.17145e-06
6.18769e-06
6.18546e-06
6.18342e-06
6.1723e-06
6.16958e-06
6.19406e-06
6.25576e-06
6.19094e-06
6.46618e-06
6.16645e-06
6.22472e-06
6.16857e-06
6.15352e-06
6.8148e-06
0.00852268
0.00889331
6.25704e-06
6.25699e-06
0.000889222
6.19503e-06
6.17863e-06
6.1715e-06
6.16691e-06
6.1824e-06
6.18277e-06
6.16998e-06
6.16939e-06
6.29126e-06
6.21073e-06
6.2027e-06
8.3798e-09
6.20204e-06
6.18756e-06
6.14889e-06
6.1701e-06
3.19737e-09
6.177e-06
6.19109e-06
6.19884e-06
6.15661e-06
6.15017e-06
6.13234e-06
6.17977e-06
6.15266e-06
6.128e-06
6.1184e-06
6.25833e-06
6.20988e-06
6.13836e-06
6.22281e-06
6.19746e-06
6.19585e-06
6.13329e-06
6.13601e-06
8.68215e-07
6.24481e-06
6.27771e-06
6.23e-06
6.21633e-06
6.16868e-06
6.17192e-06
0.0119203
0.010392
0.00516503
6.23937e-06
6.25457e-06
6.1423e-06
6.25595e-06
6.16442e-06
6.14371e-06
6.2743e-06
6.19549e-06
6.22389e-06
2.10954e-07
3.30142e-07
7.81607e-06
6.21131e-06
0.00919325
6.25739e-06
6.25718e-06
6.25451e-06
6.17212e-06
6.16918e-06
6.17267e-06
6.17013e-06
6.28724e-06
6.28369e-06
6.20927e-06
5.66885e-05
2.81336e-08
6.15268e-06
6.20293e-06
6.19849e-06
6.15002e-06
6.14933e-06
6.16994e-06
6.17772e-06
6.1908e-06
6.19419e-06
6.18789e-06
6.19317e-06
6.15116e-06
6.16143e-06
6.13375e-06
6.13485e-06
6.15192e-06
6.15535e-06
6.12142e-06
6.11602e-06
0.0117528
6.21249e-06
6.22243e-06
6.22182e-06
6.18119e-06
6.18119e-06
6.13495e-06
2.05331e-06
6.31215e-06
6.26022e-06
6.21214e-06
6.17992e-06
6.21733e-06
6.17239e-06
0.0118457
0.008847
6.23964e-06
6.14578e-06
6.07947e-06
6.17069e-06
6.19572e-06
6.18964e-06
6.16018e-06
6.16177e-06
6.18677e-06
8.30887e-06
8.37742e-06
0.00941866
6.24842e-06
6.25193e-06
6.17959e-06
6.17242e-06
6.17148e-06
6.17221e-06
6.26821e-06
6.27279e-06
6.17321e-06
6.21204e-06
1.55022e-08
1.54091e-07
6.18445e-06
6.15614e-06
6.15628e-06
6.19931e-06
6.20563e-06
6.14803e-06
6.15103e-06
6.17784e-06
6.1761e-06
6.18476e-06
6.19452e-06
6.1529e-06
6.21825e-06
6.1382e-06
6.13333e-06
6.15442e-06
6.15201e-06
6.11621e-06
6.11494e-06
6.21341e-06
6.21451e-06
6.22246e-06
6.22175e-06
6.13268e-06
6.13564e-06
8.62972e-07
6.16656e-06
6.27892e-06
6.17053e-06
0.00715706
0.0120372
6.2408e-06
6.19138e-06
6.06596e-06
6.12405e-06
6.16004e-06
6.20005e-06
6.17629e-06
9.38511e-06
0.00948928
0.00908369
6.23963e-06
6.17995e-06
6.17272e-06
6.17376e-06
6.17262e-06
6.26956e-06
6.20713e-06
6.21052e-06
7.31092e-05
6.20008e-06
6.15223e-06
6.17657e-06
6.17394e-06
6.18324e-06
6.19071e-06
6.1537e-06
6.15303e-06
6.13996e-06
6.14017e-06
6.15384e-06
6.11721e-06
6.21434e-06
6.21387e-06
6.2224e-06
6.22243e-06
6.2179e-06
6.13402e-06
1.94359e-06
6.17029e-06
0.0119461
0.007068
0.011991
6.2421e-06
6.12623e-06
6.08506e-06
6.19509e-06
9.39291e-06
0.00851316
6.23722e-06
6.1798e-06
6.1728e-06
6.18029e-06
6.17638e-06
6.27796e-06
6.20689e-06
1.79104e-08
6.19588e-06
6.15603e-06
6.17485e-06
6.19095e-06
6.18333e-06
6.18689e-06
6.15258e-06
6.14103e-06
6.14158e-06
6.15625e-06
6.21492e-06
6.21461e-06
6.22267e-06
6.22325e-06
6.22174e-06
5.77666e-06
7.30394e-07
6.1673e-06
0.0117829
0.00519592
0.0118858
6.23841e-06
6.24788e-06
6.19104e-06
6.20392e-06
8.07751e-06
9.35938e-06
6.23668e-06
6.18072e-06
6.18562e-06
6.17725e-06
6.17938e-06
6.17631e-06
6.27404e-06
6.15442e-06
6.19114e-06
6.19644e-06
6.15633e-06
6.17501e-06
6.18789e-06
6.18195e-06
6.15369e-06
6.13746e-06
6.15605e-06
6.15749e-06
6.21322e-06
6.21454e-06
6.21533e-06
6.22689e-06
6.22202e-06
1.74561e-06
6.16645e-06
6.16642e-06
0.0118037
0.0112738
0.00341558
6.23994e-06
6.65099e-06
6.73853e-06
9.47782e-06
6.2384e-06
6.2016e-06
6.17967e-06
6.17973e-06
6.26066e-06
6.28122e-06
6.19219e-06
6.20078e-06
6.15584e-06
6.15487e-06
6.17696e-06
6.17396e-06
6.18809e-06
6.15269e-06
6.15393e-06
6.18105e-06
6.15811e-06
6.15365e-06
6.21448e-06
6.21565e-06
6.22223e-06
6.2288e-06
7.08116e-07
6.17017e-06
6.16971e-06
6.16229e-06
6.1696e-06
0.0113886
0.00185111
0.0113162
0.0103529
6.23724e-06
6.24558e-06
6.81144e-06
6.20629e-06
6.17934e-06
6.18172e-06
6.24118e-06
6.25888e-06
6.28592e-06
6.19257e-06
6.15412e-06
6.15626e-06
6.16248e-06
6.17377e-06
6.17342e-06
6.18555e-06
6.19571e-06
6.19087e-06
6.15289e-06
6.18117e-06
6.17443e-06
6.16951e-06
6.17488e-06
6.14719e-06
6.15816e-06
6.12594e-06
6.11046e-06
6.14614e-06
6.21621e-06
6.21599e-06
6.21443e-06
6.20085e-06
6.18284e-06
6.2276e-06
6.22584e-06
6.22737e-06
1.65427e-06
6.17512e-06
6.16216e-06
0.0112074
0.010073
0.00196826
0.000919695
0.00860689
6.19334e-06
6.23851e-06
6.23836e-06
6.20403e-06
6.44789e-06
6.17931e-06
6.17566e-06
6.18024e-06
6.19498e-06
6.12112e-06
6.20865e-06
6.20063e-06
6.18212e-06
6.1957e-06
6.21969e-06
6.18875e-06
6.15561e-06
6.15229e-06
6.18483e-06
6.17402e-06
6.18298e-06
6.18578e-06
6.15327e-06
6.15931e-06
6.21661e-06
6.21629e-06
6.21468e-06
6.21626e-06
6.22633e-06
6.22898e-06
6.65208e-07
5.60441e-06
6.15867e-06
0.0118388
0.000788508
0.00639315
0.000833799
0.01027
6.2367e-06
6.19327e-06
6.64524e-06
6.20776e-06
6.20912e-06
6.18306e-06
6.17566e-06
6.12525e-06
6.18503e-06
6.18895e-06
6.20692e-06
6.15313e-06
6.1535e-06
6.15181e-06
6.15595e-06
6.17358e-06
6.18345e-06
6.15975e-06
6.15776e-06
6.18745e-06
6.21641e-06
6.21454e-06
6.21729e-06
1.74801e-06
6.15841e-06
6.15828e-06
6.15759e-06
0.00409257
0.000966626
0.000310819
6.12255e-06
6.16651e-06
6.23715e-06
7.48394e-06
6.20461e-06
6.18371e-06
6.18313e-06
6.19356e-06
6.18593e-06
6.15253e-06
6.15885e-06
6.1553e-06
6.17524e-06
6.17464e-06
6.15742e-06
6.15845e-06
6.21738e-06
6.21381e-06
6.21527e-06
8.75771e-07
6.16019e-06
6.15537e-06
0.00189899
0.00183433
0.000274164
0.00421975
6.17472e-06
6.23982e-06
6.17464e-06
7.8584e-06
0.000897919
6.17824e-06
6.20399e-06
6.18261e-06
6.18596e-06
6.15575e-06
6.16109e-06
6.15408e-06
8.737e-06
6.1746e-06
6.17778e-06
8.79591e-06
6.13302e-06
6.26749e-06
6.36646e-06
5.42514e-06
1.95869e-08
6.97888e-06
1.04031e-06
3.24238e-06
6.15848e-06
6.15618e-06
4.40053e-06
8.06772e-08
6.21504e-06
6.21856e-06
6.21733e-06
7.14281e-06
6.14274e-06
1.5865e-09
6.13919e-06
1.01581e-07
6.52385e-06
5.27637e-10
6.14769e-06
6.12695e-06
7.16631e-06
8.11178e-06
6.15972e-06
4.07186e-13
5.79079e-05
6.10036e-06
0.0003798
0.000785094
8.05812e-06
8.02448e-06
8.96103e-06
6.1908e-06
6.24143e-06
6.11036e-06
6.8159e-06
6.15112e-06
8.24544e-06
6.40112e-06
4.40835e-09
6.10528e-06
8.49989e-06
6.2805e-06
6.15684e-06
0.00112248
6.21366e-06
2.7584e-06
8.99461e-06
3.18224e-05
6.29469e-06
6.18865e-06
1.88272e-08
5.29217e-07
6.10261e-06
7.46649e-07
6.14903e-06
4.64352e-07
6.14854e-06
5.46862e-06
6.39449e-06
6.20597e-06
6.20391e-06
0.00210184
5.25501e-12
6.18334e-06
8.60843e-06
6.19611e-06
0.000209
5.19907e-11
6.12859e-06
0.000165535
6.72611e-06
0.00201871
6.83287e-06
6.12875e-06
6.12623e-06
6.17303e-06
8.42537e-06
6.18387e-06
7.56501e-06
8.41879e-07
8.79479e-06
6.16446e-06
6.16043e-06
6.15476e-06
6.15414e-06
6.80391e-09
0.000986962
6.07261e-06
1.3003e-10
7.40924e-06
3.40388e-12
8.28744e-06
6.18092e-06
6.17667e-06
3.43207e-06
6.58869e-06
3.04554e-09
0.00408733
8.64184e-06
2.42168e-11
7.48783e-06
4.58293e-08
7.47363e-05
1.83363e-08
0.00298914
0
7.5453e-06
7.8859e-06
0.00420659
9.16692e-06
2.16854e-10
9.96718e-09
8.16137e-06
7.21022e-06
6.15954e-06
6.16028e-06
6.15877e-06
6.15653e-06
8.92252e-06
8.26633e-06
6.21889e-06
6.89429e-06
6.2162e-06
6.21967e-06
4.21028e-06
7.34037e-06
7.79863e-06
7.70944e-06
0.00312586
7.85142e-06
6.89095e-06
6.16347e-10
0.000116573
0.000109687
1.8098e-11
0.00199717
6.16355e-06
1.00246e-05
6.84776e-06
0.00215722
0.00104367
6.18508e-06
7.22026e-06
6.18485e-06
9.96345e-07
0.000162234
6.23798e-06
6.24702e-06
6.18072e-06
6.18524e-06
6.62217e-06
6.18503e-06
8.29975e-06
6.10166e-06
0.00089552
9.2095e-06
6.19776e-06
8.3601e-06
6.12558e-06
8.07212e-06
6.18414e-06
6.1959e-06
6.70752e-05
4.92834e-09
6.16643e-06
6.18333e-06
6.74186e-06
9.04903e-06
2.35121e-12
6.09658e-06
6.19411e-06
0.00508535
2.11617e-07
6.18617e-06
6.18511e-06
6.74645e-06
6.16621e-06
7.65875e-06
0.00209815
7.99056e-06
6.16068e-06
6.5112e-06
7.08602e-06
0.000392358
4.13984e-06
6.18538e-06
0.000401676
8.7027e-06
3.59936e-06
6.09779e-06
9.19962e-06
6.88951e-06
6.18503e-06
1.18686e-06
0.000272373
0.000132973
8.0856e-06
8.84608e-06
0.00360944
7.71228e-06
6.1181e-06
6.2361e-06
1.67732e-15
6.30853e-06
9.02317e-06
2.31748e-06
6.44135e-06
0.00249244
5.98952e-06
6.20636e-06
6.20546e-06
6.18707e-06
9.19399e-06
6.18297e-06
6.19279e-06
3.93161e-10
6.182e-06
7.75785e-06
0.00260189
6.18511e-06
6.17392e-06
7.99674e-06
6.18417e-06
0.000398926
6.18336e-06
6.84002e-06
8.92199e-06
7.7841e-06
6.18554e-06
8.12671e-06
6.1803e-06
6.18386e-06
6.18799e-06
0.000370996
6.16804e-06
6.20323e-06
1.82337e-06
7.64135e-06
0.0003802
0.00222317
9.28756e-06
8.06891e-06
6.18206e-06
1.83803e-11
0.000124972
6.9868e-06
6.18382e-06
0.0012637
6.13896e-06
6.15269e-06
6.16608e-06
6.16426e-06
6.15601e-06
6.79085e-06
6.30063e-06
8.69685e-06
6.74738e-06
0.0030103
5.33904e-06
2.3409e-07
1.4511e-12
7.93188e-06
6.18233e-06
7.21705e-06
6.17702e-06
6.34214e-06
2.30644e-05
6.18423e-06
6.18684e-06
6.17023e-06
6.05611e-06
0.00998564
6.17861e-06
6.18797e-06
6.01633e-06
7.79476e-06
7.25057e-06
0.004375
0.000258891
6.19317e-06
6.06339e-06
0.000182016
6.1833e-06
2.63068e-07
6.18597e-06
6.19157e-06
6.18585e-06
6.18372e-06
6.18307e-06
6.19272e-06
6.18572e-06
6.04254e-06
0.000547156
6.19322e-06
7.08311e-06
6.32591e-06
0.00109135
6.1852e-06
1.40486e-08
0.00525703
9.24419e-06
6.15933e-06
6.16565e-06
6.15891e-06
6.20049e-06
3.6498e-12
7.84249e-06
2.12866e-08
0.000289834
6.15879e-06
6.20261e-06
0.000847206
6.13385e-06
0.000266314
6.38535e-06
6.18545e-06
6.18624e-06
6.22028e-06
6.21576e-06
1.41512e-06
6.18157e-06
8.77344e-06
6.18577e-06
6.21793e-06
6.19702e-06
7.82604e-06
6.18138e-06
6.18497e-06
6.1113e-06
8.61113e-06
7.40623e-06
6.60475e-06
1.26954e-08
6.19898e-06
6.18882e-06
6.05533e-06
6.2543e-06
0.00429361
6.31252e-06
1.10742e-06
6.18883e-06
1.85679e-10
6.18923e-06
6.18822e-06
6.08465e-06
6.43006e-06
1.81621e-08
0.0110074
0.00490101
0
6.79969e-06
6.16537e-06
6.13731e-06
6.16268e-06
6.31443e-06
0.00949324
0.000265763
8.77265e-05
6.18171e-06
6.18076e-06
7.15387e-06
1.50319e-09
7.68064e-06
7.15283e-06
0.000681897
6.13344e-06
6.223e-06
6.19374e-06
6.18131e-06
1.26505e-10
0.00273438
9.49592e-09
6.86891e-06
6.44617e-06
6.17036e-06
8.37026e-06
6.17398e-06
0.00950241
6.18434e-06
6.18448e-06
6.20176e-06
6.18194e-06
6.18353e-06
6.18847e-06
0.00549119
2.09797e-07
7.7186e-06
6.26697e-06
6.19829e-06
6.18918e-06
6.18641e-06
6.24614e-06
0.000263819
6.184e-06
8.27479e-06
6.11085e-06
6.23977e-06
0.00165206
6.6858e-06
8.15997e-06
0.0110007
0.00509883
6.91322e-06
0.00143719
6.34784e-06
0.00259106
6.22405e-06
6.68684e-06
6.18582e-06
6.20167e-06
1.482e-08
6.18965e-06
6.07974e-06
6.17963e-06
7.08339e-16
6.19461e-06
6.11689e-06
1.06532e-05
6.18187e-06
6.15687e-06
7.39511e-06
6.17956e-06
6.21824e-19
6.19002e-06
6.16888e-06
6.27752e-06
6.86361e-06
6.19952e-06
6.60255e-06
0.00313838
6.80363e-05
6.18413e-06
6.18145e-06
2.27426e-06
7.71545e-06
6.18405e-06
6.18604e-06
6.77227e-06
6.18265e-06
6.32914e-06
6.18951e-06
4.76501e-09
3.75699e-06
6.18102e-06
1.4232e-07
8.42199e-09
6.19114e-06
5.13546e-06
6.18367e-06
0.0018152
6.2484e-06
6.52216e-06
7.96725e-06
9.1998e-06
6.253e-06
6.06879e-06
4.73718e-07
6.12398e-06
4.4131e-06
6.21717e-06
8.05561e-06
8.03802e-05
6.09881e-06
7.91226e-06
0.00028129
9.36991e-06
6.19327e-06
6.18385e-06
1.70839e-07
9.38125e-06
7.02315e-06
6.21506e-06
4.56472e-06
7.47008e-06
6.10018e-06
6.18463e-06
8.05203e-07
6.90973e-06
6.53432e-06
0.000204935
6.52451e-06
5.49498e-06
6.09479e-06
6.18509e-06
6.18837e-06
6.2233e-06
6.18438e-06
8.23917e-06
6.18089e-06
6.18429e-06
6.19801e-06
5.34973e-09
6.18488e-06
8.13178e-06
6.21694e-06
6.1853e-06
0.00110705
6.18251e-06
6.18487e-06
8.59738e-06
6.28653e-06
6.1837e-06
2.04721e-10
6.18585e-06
0.0027156
1.12835e-09
9.00911e-06
7.8448e-06
6.34582e-06
6.27857e-06
8.80106e-06
6.19405e-06
6.24026e-06
6.18371e-06
6.18181e-06
3.76213e-06
6.2322e-06
6.18287e-06
6.17023e-06
5.11019e-11
8.61092e-06
6.18382e-06
6.20311e-06
6.26326e-06
1.77279e-10
6.06643e-06
6.18416e-06
6.18624e-06
6.18274e-06
8.141e-06
6.11911e-06
6.19079e-06
6.89003e-06
5.58585e-06
7.03063e-06
6.2007e-06
6.08086e-06
6.24551e-06
1.29719e-09
7.79461e-08
0.00551189
6.25445e-06
9.14707e-06
7.72428e-06
6.231e-06
7.3735e-06
6.16934e-06
6.67169e-06
6.28233e-06
6.14514e-06
6.19891e-06
6.19672e-06
6.18868e-06
6.20201e-06
6.18297e-06
6.18043e-06
6.18592e-06
6.18543e-06
6.25059e-06
6.28004e-06
1.23444e-05
6.23997e-06
6.47414e-06
6.05018e-06
1.2885e-07
6.25388e-06
1.28505e-05
6.3781e-06
6.18427e-06
6.20157e-06
6.18492e-06
6.18724e-06
6.18606e-06
6.23076e-06
7.09001e-06
4.56066e-12
8.96213e-06
0.00867713
6.97818e-06
6.32447e-06
0.00338932
6.18631e-06
6.16113e-06
8.24061e-06
6.27512e-06
6.2492e-06
6.18394e-06
8.90448e-06
6.1676e-06
4.37231e-06
6.14037e-06
6.23825e-06
6.16264e-06
6.19737e-06
0.00386614
6.06317e-06
6.14977e-06
6.3191e-06
2.01239e-08
6.17806e-06
5.47861e-06
9.0597e-06
6.20069e-06
6.18239e-06
4.32893e-08
6.18542e-06
6.18698e-06
6.17889e-06
6.26139e-06
6.33044e-06
6.18538e-06
6.1788e-06
6.27595e-06
6.19104e-06
6.21594e-06
0.0104224
6.18381e-06
6.27496e-06
7.64909e-06
6.1821e-06
6.18199e-06
0.005249
6.11232e-06
6.16627e-06
6.12334e-06
6.22928e-06
6.11785e-06
6.1837e-06
6.11523e-06
6.18672e-06
1.38457e-05
6.15429e-06
6.23906e-06
6.18612e-06
6.18363e-06
6.18253e-06
3.42577e-06
6.18408e-06
0.000583871
6.25383e-06
6.21282e-06
6.27886e-06
6.18006e-06
6.1864e-06
6.48841e-06
6.22846e-06
8.51563e-11
6.28216e-06
6.22375e-06
1.74691e-07
6.18531e-06
6.19739e-06
6.19379e-06
6.18415e-06
6.23169e-06
6.2406e-06
6.23626e-06
6.34135e-06
6.24381e-06
4.93211e-11
6.11062e-06
6.18541e-06
7.41924e-05
6.18064e-06
0.00269073
6.25247e-06
6.22845e-06
7.76333e-06
6.21677e-06
6.11202e-06
6.22847e-06
0.0108932
6.18509e-06
6.18651e-06
6.18774e-06
5.38069e-06
6.23105e-06
5.01274e-06
0.00110374
6.18228e-06
6.96781e-06
6.2292e-06
6.18519e-06
1.34206e-05
6.22751e-06
6.18305e-06
6.19232e-06
6.23089e-06
6.18952e-06
6.16112e-06
6.19797e-06
6.25631e-06
6.15302e-06
6.19499e-06
6.26362e-11
6.27027e-06
6.18965e-06
6.17496e-06
6.18214e-06
1.90114e-06
6.18008e-06
6.18425e-06
6.18208e-06
6.15679e-06
8.85115e-06
6.18139e-06
6.17972e-06
6.59512e-06
6.10772e-06
6.23179e-06
6.27687e-06
2.92208e-06
6.30051e-06
6.16069e-06
2.19121e-14
6.34482e-06
6.15056e-06
6.17137e-06
3.6794e-12
0.00232913
6.39671e-06
6.21707e-06
6.25281e-06
6.22968e-06
6.42852e-06
6.18432e-06
6.18138e-06
6.18082e-06
6.9667e-06
7.18963e-09
6.14155e-06
1.11215e-10
6.2183e-06
5.23232e-06
6.19072e-06
6.22959e-06
7.77927e-06
0
7.64852e-06
6.18476e-06
2.3987e-05
6.34351e-06
6.2206e-06
6.18596e-06
6.19824e-06
6.21726e-06
6.11289e-06
0.00234655
6.2752e-06
6.18338e-06
6.17527e-06
6.2648e-06
6.12539e-06
6.28572e-06
6.2141e-06
6.24856e-06
6.24451e-06
3.04328e-06
6.19951e-06
4.31974e-15
6.1894e-06
6.24146e-06
6.54751e-06
6.22961e-06
6.18561e-06
6.18497e-06
2.4109e-11
6.18245e-06
6.27926e-06
6.1855e-06
3.46013e-13
6.58487e-06
6.35655e-06
6.2411e-06
6.1641e-06
0.000530959
6.18329e-06
1.82035e-06
6.1645e-06
6.27014e-06
5.354e-06
6.19705e-06
8.79563e-06
6.11206e-06
4.01272e-07
6.18437e-06
6.97162e-06
6.19873e-06
6.18537e-06
6.2016e-06
6.1425e-06
6.23244e-06
6.2434e-06
2.83452e-08
8.98306e-06
6.2418e-06
6.18228e-06
6.2079e-06
4.75827e-06
6.19971e-06
0.00351698
6.27423e-06
1.30023e-06
6.18502e-06
6.19745e-06
6.15715e-06
6.69085e-06
6.28324e-06
6.19474e-06
7.91702e-06
6.1597e-06
6.20081e-06
6.62205e-06
6.17214e-06
6.22866e-06
6.17742e-06
6.2003e-06
6.22999e-06
6.18549e-06
6.18143e-06
6.7577e-06
7.16715e-06
6.66739e-06
6.05106e-06
2.57103e-06
6.41219e-06
7.07226e-06
6.17892e-06
0.00110421
6.23336e-06
6.1848e-06
6.24321e-06
7.36112e-06
6.10204e-06
6.14958e-06
6.22954e-06
6.15391e-06
6.25799e-06
6.20924e-06
6.19123e-06
5.03379e-08
8.42423e-06
6.19708e-06
6.24807e-06
1.49995e-07
2.19225e-06
6.1852e-06
6.18324e-06
7.4388e-06
6.2022e-06
6.18879e-06
6.18018e-06
7.82169e-06
7.10494e-06
6.18149e-06
6.18517e-06
6.18806e-06
6.2604e-06
6.17864e-06
6.29732e-06
6.01493e-06
6.25078e-06
6.17967e-06
6.13282e-06
6.38641e-06
6.18524e-06
6.23603e-06
7.19763e-06
5.99708e-06
6.86429e-06
6.23298e-06
5.67141e-05
6.20217e-06
6.25921e-06
1.05492e-08
6.18147e-06
6.27685e-06
0.00698337
6.19475e-06
6.23013e-06
6.18145e-06
6.19127e-06
6.27701e-06
3.66628e-10
0.000324137
6.28198e-06
2.94233e-06
7.07002e-06
6.27545e-06
6.18488e-06
3.17984e-07
6.18241e-06
6.2326e-06
1.2985e-07
0.00559412
6.22937e-06
6.18448e-06
3.3946e-08
6.21389e-06
0.00348286
6.18718e-06
6.1936e-06
7.49157e-06
6.26544e-06
6.23491e-06
6.18378e-06
9.00517e-07
6.19162e-06
6.1997e-06
6.18608e-06
6.20299e-06
6.24956e-06
6.17828e-06
6.21961e-06
6.18507e-06
3.3355e-07
6.27931e-06
6.18392e-06
6.18429e-06
6.18139e-06
6.20711e-06
6.56797e-06
4.00093e-06
6.18137e-06
6.27319e-06
6.22996e-06
6.182e-06
6.2717e-06
6.24237e-06
6.17595e-06
6.18413e-06
7.76611e-06
1.65884e-07
6.16799e-06
6.18678e-06
6.18542e-06
6.26938e-06
6.26266e-06
6.19336e-06
6.23314e-06
6.56915e-06
6.69375e-06
6.18561e-06
6.33464e-06
1.99153e-12
9.17143e-06
6.13104e-06
0
6.23238e-06
6.17631e-06
6.18297e-06
6.20169e-06
6.26726e-06
6.19579e-06
6.2157e-06
6.14882e-06
0.000506572
6.17436e-06
8.4505e-07
6.13773e-06
7.63746e-06
6.36302e-06
0.00723192
1.28876e-06
6.35669e-06
6.18403e-11
7.39499e-06
6.23376e-06
0.00284398
6.19939e-06
2.34939e-08
6.19624e-06
6.18477e-06
4.35953e-07
6.28522e-06
6.18528e-06
6.24737e-06
6.13812e-06
6.2124e-06
6.229e-06
6.26034e-06
6.1552e-06
6.19442e-06
6.79515e-06
6.23311e-06
0.00874182
6.18162e-06
6.27919e-06
6.18273e-06
6.09964e-06
0.00054099
6.20271e-06
6.2058e-06
6.27396e-06
6.18016e-06
6.19592e-06
6.18084e-06
0.00382025
6.17429e-06
6.68552e-06
6.2014e-06
6.17844e-06
6.31126e-06
6.13635e-06
6.18366e-06
6.19654e-06
0.000522924
6.21307e-06
6.1731e-06
6.18464e-06
4.1407e-08
6.18094e-06
7.72895e-06
1.46545e-08
6.5201e-06
6.13191e-06
6.19617e-06
6.274e-06
6.18604e-06
0.000713708
6.23203e-06
3.11508e-08
6.20234e-06
4.44066e-06
6.18608e-06
6.19003e-06
6.96886e-06
6.18496e-06
6.18487e-06
6.50206e-06
6.18616e-06
6.20689e-06
6.95679e-06
6.16054e-06
6.28423e-06
6.17921e-06
8.48455e-06
6.28223e-06
6.18237e-06
6.17947e-06
6.19806e-06
6.29346e-06
8.88645e-06
6.81775e-06
6.20269e-06
8.11817e-06
6.1805e-06
6.18434e-06
6.18369e-06
7.33564e-06
7.31141e-06
6.34534e-06
7.35031e-06
6.22942e-06
6.22533e-06
6.17252e-06
6.31865e-06
6.05547e-06
6.2309e-06
6.24262e-06
3.42988e-07
6.17953e-06
6.22923e-06
5.36215e-07
6.27622e-06
0.000149341
6.16908e-06
6.24049e-06
9.3652e-06
6.12287e-06
6.20205e-06
6.20504e-06
6.24657e-06
7.27722e-12
7.43711e-06
6.18314e-06
8.46691e-06
8.10564e-07
6.18583e-06
6.2954e-06
0.00583095
6.23185e-06
6.60252e-06
6.17932e-06
0.00536742
6.18817e-06
6.2692e-06
6.89286e-06
6.18536e-06
6.17603e-06
0.00308703
6.15606e-06
6.26323e-06
6.18893e-06
0.00487773
6.18152e-06
6.18142e-06
6.42454e-06
4.66692e-06
5.148e-06
6.86661e-06
6.18581e-06
6.21724e-06
6.2223e-06
6.18374e-06
6.25911e-06
6.48847e-06
6.17982e-06
6.17971e-06
1.62505e-10
6.22896e-06
6.2252e-06
0.00750459
6.17715e-06
6.1863e-06
6.58881e-06
6.23221e-06
6.17513e-06
9.28457e-12
6.25657e-06
6.18347e-06
6.23379e-06
6.22244e-06
6.19764e-06
6.18613e-06
6.18343e-06
6.87007e-06
0.00269323
8.59824e-06
6.18422e-06
6.17361e-06
6.14887e-06
6.18031e-06
6.18449e-06
6.25806e-06
6.06117e-06
6.1814e-06
6.19962e-06
8.40969e-05
7.3045e-06
6.25035e-06
6.2642e-06
6.16266e-06
6.18529e-06
6.18462e-06
6.21698e-06
6.18249e-06
6.18594e-06
6.19804e-06
6.20528e-06
8.69903e-06
6.28372e-06
8.85486e-06
6.27145e-06
0.00700581
6.22954e-06
6.28344e-06
6.17999e-06
6.19774e-06
6.23185e-06
6.1879e-06
6.23116e-06
6.67295e-06
6.18602e-06
3.99186e-15
6.19832e-06
6.19957e-06
3.27159e-11
6.29836e-06
6.15916e-06
6.18608e-06
6.17337e-06
3.71741e-06
6.23521e-06
6.20708e-06
0.00248394
6.22552e-06
3.91834e-06
6.55668e-06
5.65812e-06
0.000300249
6.17682e-06
5.17343e-12
6.19514e-06
7.17669e-06
6.18589e-06
6.56545e-09
6.19346e-06
5.80105e-11
0.00516896
0.00385658
6.29543e-06
6.24013e-06
6.18194e-06
6.17929e-06
6.16272e-06
6.24878e-06
6.37174e-06
6.18925e-06
4.88983e-06
0.0095594
6.20805e-06
5.36553e-06
6.18561e-06
6.17377e-06
6.10356e-06
6.23566e-06
8.56968e-06
6.19418e-06
6.18461e-06
6.17946e-06
6.83591e-06
0.0109415
6.21078e-06
0.00193119
6.17336e-06
6.29497e-06
0.00286408
6.42181e-06
6.16347e-06
6.27086e-06
6.16394e-06
6.18473e-06
6.25959e-06
3.04431e-08
6.18831e-06
6.93009e-06
6.24601e-06
6.117e-06
6.18523e-06
6.31357e-06
6.20483e-06
6.18565e-06
6.27431e-06
6.23363e-06
6.14529e-06
0.008545
0.00987571
6.41208e-06
6.23035e-06
6.26647e-06
6.18564e-06
6.23791e-06
0.00968737
0.00218603
0.00535637
9.36954e-06
6.23e-06
6.19246e-06
6.20482e-06
6.31256e-06
6.16032e-06
6.21987e-06
6.18442e-06
6.11449e-06
6.22889e-06
6.01543e-06
0.004588
6.05721e-06
0.000513921
6.20584e-06
0.010827
6.11714e-06
6.20258e-06
6.1306e-06
6.22948e-06
6.18334e-06
6.22869e-06
6.19261e-06
0.0103102
6.26397e-06
6.80592e-06
6.17036e-06
6.22901e-06
6.2209e-06
6.20539e-06
6.19912e-06
7.42067e-06
6.1813e-06
6.23179e-06
5.6975e-06
6.18255e-06
6.18156e-06
6.38521e-06
9.12306e-06
0.000249321
7.21509e-06
5.20565e-08
6.14975e-06
8.82399e-06
6.18309e-06
6.18617e-06
6.25442e-06
6.21742e-06
6.18118e-06
6.22217e-06
6.18318e-06
6.16182e-06
6.28198e-06
6.11314e-06
6.30046e-06
0.00283446
6.23075e-06
6.18048e-06
6.35979e-06
1.46182e-07
6.18592e-06
6.23092e-06
0.00122049
6.11353e-06
6.12719e-06
6.21107e-06
6.18341e-06
8.66854e-06
5.98451e-06
6.18354e-06
6.19586e-06
6.32102e-06
6.16546e-06
6.19424e-06
2.36094e-07
6.18135e-06
6.19423e-06
6.16513e-06
6.18178e-06
6.18204e-06
6.25886e-06
6.80535e-08
6.19057e-06
6.14408e-06
6.22076e-06
6.23016e-06
6.20111e-06
6.18483e-06
6.18412e-06
6.35398e-06
6.18959e-06
6.41593e-06
5.07165e-06
6.21335e-06
6.22004e-06
6.29056e-06
6.17826e-06
6.18587e-06
6.18212e-06
6.22183e-06
6.29298e-06
6.7819e-06
2.19725e-10
6.41401e-06
6.20516e-06
6.18598e-06
6.23153e-06
6.18607e-06
6.28966e-06
6.1806e-06
6.18439e-06
7.50076e-06
6.18169e-06
6.15143e-06
6.18136e-06
6.3437e-06
6.17731e-06
6.23829e-06
6.18333e-06
6.18477e-06
6.24965e-06
6.31071e-06
5.69007e-06
6.23325e-06
6.22857e-06
6.1827e-06
9.14101e-06
6.18478e-06
6.21317e-06
6.20198e-06
6.16596e-06
6.34533e-06
6.23383e-06
6.10074e-06
6.23457e-06
6.23847e-06
6.1517e-06
6.18315e-06
6.19154e-06
6.22904e-06
0.000357321
8.15192e-11
0.00024018
6.15689e-06
6.18539e-06
6.19658e-06
6.18105e-06
7.76494e-06
2.52708e-07
8.3506e-06
0.000353617
0.0022369
1.61119e-09
6.08014e-06
6.18605e-06
6.46144e-06
6.23351e-06
7.25571e-06
0.00729808
6.2186e-06
8.61428e-06
6.22855e-06
8.06162e-06
6.16328e-06
6.20518e-06
6.18332e-06
6.18412e-06
6.30463e-06
6.28155e-06
4.3419e-14
6.18565e-06
6.20448e-06
6.1813e-06
6.27172e-06
4.8585e-06
6.28971e-06
0.00530068
8.1325e-06
6.23817e-06
6.28231e-06
6.18084e-06
2.71436e-07
6.18406e-06
4.66815e-08
8.9436e-06
7.23674e-06
6.30319e-06
6.16848e-06
0.000134123
0.000294705
6.24497e-06
6.22235e-06
6.21282e-06
6.55211e-06
6.18489e-06
6.16664e-06
6.20064e-06
6.19882e-06
6.21117e-06
2.07084e-06
7.1267e-06
6.09936e-06
6.23232e-06
6.15432e-06
5.13669e-06
6.193e-06
0.00296709
6.19379e-06
6.20429e-06
6.18449e-06
0.00238974
6.28618e-06
6.25866e-06
6.27725e-06
6.20103e-06
7.49828e-06
2.94392e-07
6.20377e-06
6.15525e-06
6.19599e-06
6.15175e-06
6.89915e-06
6.28639e-06
6.22207e-06
1.72665e-06
6.22234e-06
6.19716e-06
5.66084e-10
6.12067e-06
0.00467678
7.16067e-06
6.33914e-06
6.17288e-06
6.18159e-06
6.11127e-06
6.22902e-06
0.000307332
0.004607
6.18095e-06
2.48258e-09
6.20092e-06
6.18345e-06
5.34278e-06
6.22251e-06
6.22871e-06
6.13364e-06
6.18386e-06
6.18067e-06
0.00986369
6.48812e-06
6.17961e-06
6.1829e-06
6.37247e-06
6.21166e-06
6.17994e-06
6.23753e-06
6.18266e-06
7.19019e-06
6.18119e-06
6.18168e-06
6.20748e-06
6.18256e-06
7.09504e-06
6.17981e-06
0.000784855
6.18243e-06
6.18461e-06
0.00752982
6.20035e-06
6.19536e-06
6.19357e-06
2.61579e-07
6.1954e-06
6.18164e-06
6.10951e-06
6.23843e-06
6.20043e-06
6.38772e-06
6.1738e-06
3.35266e-06
6.31051e-06
6.28606e-06
6.2323e-06
6.62632e-06
5.84231e-06
8.84098e-05
6.1812e-06
8.8297e-06
6.18907e-06
6.26794e-06
6.19634e-06
6.22442e-06
6.8134e-06
0.000583382
6.12238e-06
3.64656e-06
2.87626e-06
6.2004e-06
6.04988e-06
6.21392e-06
0.00243185
2.15019e-06
6.18008e-06
6.25037e-06
6.19029e-06
6.23803e-06
6.42774e-06
3.83136e-06
7.80731e-06
6.19679e-06
6.25047e-06
6.18122e-06
6.1818e-06
6.18074e-06
6.31134e-06
6.17211e-06
7.39524e-06
1.32894e-06
6.19105e-06
6.18145e-06
9.23891e-06
6.21444e-06
6.20072e-06
7.38839e-06
3.69599e-06
0.000235022
6.18403e-06
6.16369e-06
6.25217e-06
0.000201632
7.7476e-06
7.15765e-06
5.81563e-07
6.23383e-06
6.25838e-06
6.13394e-06
5.29225e-06
6.19853e-06
0.00333969
6.1807e-06
6.21085e-06
6.28663e-06
6.18621e-06
7.22186e-06
6.24083e-06
6.18541e-06
0.000711637
6.72685e-06
6.19717e-06
7.16811e-06
6.23669e-06
6.18018e-06
6.21238e-06
5.38126e-07
5.15178e-06
8.0302e-06
0.00535078
7.3025e-06
6.17947e-06
6.17916e-06
6.2303e-06
6.10513e-06
6.8775e-06
6.22337e-06
1.75189e-06
6.1835e-06
6.20276e-06
6.18597e-06
6.19128e-06
6.34192e-06
8.74075e-06
1.25012e-07
6.22857e-06
6.16965e-06
6.20544e-06
5.77481e-06
6.18119e-06
6.13059e-06
6.20044e-06
8.76685e-06
6.18596e-06
6.26523e-06
6.23288e-06
6.29659e-06
6.0231e-06
6.25049e-06
6.22895e-06
6.21443e-06
6.22129e-06
6.24798e-06
6.19918e-06
6.37934e-06
3.15744e-06
8.88345e-06
6.19567e-06
0.00263309
6.20343e-06
6.20992e-06
6.15449e-06
6.32053e-06
6.23119e-06
6.19967e-06
1.6466e-07
0.00371068
6.11223e-06
6.2643e-06
6.18565e-06
6.11312e-06
6.26003e-06
6.38061e-06
6.2589e-06
6.14887e-06
6.16695e-06
7.053e-06
1.85552e-11
6.19927e-06
6.18407e-06
6.23701e-06
6.21915e-06
6.19704e-06
6.18128e-06
7.08906e-06
6.22831e-06
6.22991e-06
6.23341e-06
6.24979e-06
6.1775e-06
6.18292e-06
6.19654e-06
6.18273e-06
0.000874136
6.18236e-06
6.29332e-06
6.56118e-06
6.61127e-06
6.16926e-06
6.18394e-06
6.25095e-06
6.18224e-06
6.19073e-06
6.26332e-06
6.17296e-06
6.25803e-06
6.22858e-06
0.00489663
0.00350477
6.23836e-06
6.18369e-06
6.119e-06
6.19678e-06
6.19411e-06
0.000728361
6.2286e-06
6.82389e-06
6.27056e-06
6.23494e-06
6.19642e-06
6.23772e-06
8.30716e-06
7.58366e-06
6.19964e-06
6.16682e-06
6.16618e-06
6.1734e-06
6.22939e-06
1.48236e-05
1.48078e-06
2.75769e-06
6.59248e-06
7.31507e-11
6.23201e-06
6.20671e-06
6.25267e-06
6.2018e-06
6.89225e-06
6.23076e-06
6.17876e-06
6.19021e-06
6.18287e-06
6.99416e-06
6.24901e-06
2.83237e-06
0.00110076
8.30842e-06
6.8615e-06
6.27609e-06
6.17774e-06
8.96517e-06
6.14589e-06
6.1818e-06
6.17873e-06
6.1828e-06
1.43168e-06
6.19791e-06
6.16887e-06
6.23837e-06
6.20759e-06
2.00863e-07
6.18684e-06
6.19656e-06
6.31808e-06
6.18041e-06
6.20638e-06
6.19411e-06
2.04984e-06
6.23396e-06
6.68564e-06
6.18362e-06
6.24375e-06
6.22789e-06
1.06762e-08
6.18744e-06
6.86102e-06
6.19551e-06
6.18824e-06
0.000579452
6.26916e-06
6.1892e-06
6.2006e-06
6.15052e-06
6.18376e-06
6.23105e-06
5.68427e-06
6.17589e-06
8.94865e-06
6.17639e-06
6.18915e-06
6.14402e-06
6.19275e-06
6.13044e-06
2.25384e-06
6.16347e-06
6.20583e-06
6.2173e-06
6.18836e-06
6.0737e-06
6.1334e-06
6.40843e-06
4.9581e-06
6.18429e-06
6.22403e-06
6.18112e-06
6.25128e-06
6.17062e-06
6.18411e-06
3.41539e-08
6.28385e-06
6.47258e-07
6.15569e-06
6.26939e-06
0.0101306
6.3801e-06
6.17324e-06
6.69901e-06
6.17585e-06
6.16908e-06
7.63483e-06
4.96091e-05
6.24417e-06
6.20006e-06
6.22882e-06
6.18403e-06
6.10554e-06
6.17514e-06
6.17629e-06
6.18487e-06
6.18003e-06
6.18256e-06
2.0126e-12
6.11354e-06
6.20474e-06
8.85484e-06
6.18326e-06
6.27785e-06
6.23153e-06
6.18637e-06
6.1741e-06
6.18216e-06
6.13186e-06
6.18547e-06
6.17916e-06
6.18057e-06
6.20597e-06
6.16411e-06
6.15662e-06
0.000494525
6.27103e-06
6.17775e-06
6.18412e-06
6.21023e-06
6.23548e-06
6.20838e-06
6.17248e-06
6.23015e-06
6.27891e-06
6.1861e-06
6.18546e-06
6.14874e-06
6.35696e-06
7.50952e-06
6.25094e-06
7.146e-06
6.16983e-06
6.17309e-06
0.000723163
6.18312e-06
6.24174e-06
6.69992e-06
6.65971e-06
6.18843e-06
6.27501e-06
6.19101e-06
6.19611e-06
6.33462e-06
5.49597e-06
6.22051e-06
6.75171e-06
6.26282e-06
6.18445e-06
6.18384e-06
6.1852e-06
6.19284e-06
6.06027e-06
6.21651e-06
6.20224e-06
0.00594892
8.66684e-06
8.46617e-06
6.2096e-06
7.11389e-08
6.19788e-06
6.45283e-06
6.23827e-06
6.16678e-06
6.17734e-06
6.17698e-06
6.1786e-06
6.17732e-06
6.18124e-06
6.18573e-06
6.18561e-06
6.18548e-06
6.18898e-06
6.18009e-06
6.18503e-06
6.42504e-06
6.23029e-06
6.32979e-06
7.8399e-06
6.2153e-06
6.18318e-06
6.23016e-06
6.18594e-06
6.18187e-06
6.19845e-06
6.24328e-06
6.18585e-06
6.18565e-06
6.18509e-06
2.02368e-06
6.18344e-06
6.07514e-06
6.23285e-06
6.17204e-06
0.00017341
6.17055e-06
6.16046e-06
6.23087e-06
6.18481e-06
6.18686e-06
6.17925e-06
6.1808e-06
6.18651e-06
0.0018286
2.68848e-06
7.33618e-06
6.22836e-06
6.18143e-06
6.2297e-06
3.54861e-06
6.22124e-06
6.32043e-08
6.24538e-06
6.21312e-06
6.16124e-06
6.27676e-06
6.19155e-06
6.18486e-06
6.2021e-06
6.16171e-06
6.18379e-06
6.19782e-06
6.14214e-06
6.19372e-06
9.07772e-06
6.22326e-06
0.00166541
0.000715718
6.82344e-06
6.22116e-06
6.12648e-06
6.17303e-06
7.79837e-06
6.16946e-06
6.25581e-06
6.23922e-06
6.18379e-06
6.14453e-06
6.10534e-06
0.00714107
6.18392e-06
6.24539e-06
6.2064e-06
6.23873e-06
6.2754e-06
6.2362e-06
1.77169e-06
7.83285e-06
0.000235166
6.23888e-06
2.57185e-06
6.22285e-06
6.19307e-06
6.76151e-06
6.23491e-06
6.15504e-06
8.01753e-06
6.19876e-06
6.2038e-06
6.15933e-06
6.25039e-06
6.23611e-06
0.00757685
6.26597e-06
6.22983e-06
6.27144e-06
6.18055e-06
6.18389e-06
6.1842e-06
6.2313e-06
6.19236e-06
6.13972e-06
6.4287e-06
6.21293e-06
6.88152e-08
6.18403e-06
6.18315e-06
6.46751e-06
6.23635e-06
6.2528e-06
6.27995e-06
6.17472e-06
6.18008e-06
6.18547e-06
6.18027e-06
6.19818e-06
6.0525e-06
6.19085e-06
6.72733e-09
7.16407e-15
7.91549e-06
6.09387e-06
6.12455e-06
6.66225e-06
6.1699e-06
6.17399e-06
6.20216e-06
6.2324e-06
6.20549e-06
8.33273e-06
0.00208664
6.15826e-06
6.1717e-06
6.17953e-06
6.0927e-06
6.28111e-06
6.13208e-06
6.22589e-06
6.22864e-06
6.55426e-06
6.1665e-06
6.19983e-06
6.23086e-06
6.22868e-06
6.15758e-06
6.25426e-06
6.24576e-06
6.2852e-06
2.60575e-09
6.20676e-06
6.20873e-06
6.2314e-06
6.23094e-06
6.19882e-06
6.25055e-06
6.2487e-06
6.21905e-06
6.25641e-06
6.18544e-06
6.19293e-06
9.18439e-06
6.24693e-06
6.18348e-06
6.23198e-06
6.22579e-06
6.18569e-06
3.1964e-06
4.61422e-06
6.17678e-06
6.21665e-06
6.16452e-06
6.16712e-06
6.26389e-06
6.27322e-06
6.36274e-06
6.25689e-06
3.00425e-07
6.1682e-06
6.18016e-06
6.20274e-06
6.24573e-06
6.13239e-06
6.23329e-06
6.17117e-06
6.17757e-06
6.19408e-06
6.20076e-06
6.31116e-06
6.92255e-06
6.21971e-06
0.00125896
0.000407715
6.64292e-06
6.16114e-06
6.16776e-06
6.64089e-06
6.20733e-06
6.1662e-06
6.16704e-06
6.18748e-06
6.13789e-06
6.1813e-06
6.43792e-06
6.23053e-06
6.28722e-05
8.14745e-06
6.18913e-06
6.26398e-06
6.52148e-06
8.6343e-06
6.20898e-06
6.25638e-06
6.25277e-06
9.3548e-06
6.18116e-06
6.23869e-06
6.16198e-06
6.461e-06
1.39182e-06
6.20117e-06
6.31474e-06
6.23283e-06
6.17435e-06
0.00320047
6.193e-06
6.20121e-06
7.67995e-06
6.20091e-06
6.16881e-06
6.22491e-06
6.20014e-06
6.18524e-06
6.20432e-06
6.17328e-06
6.28107e-06
6.25579e-06
6.25802e-06
6.18699e-06
6.18047e-06
6.18076e-06
6.21749e-06
6.24225e-06
6.20071e-06
5.59836e-12
6.17454e-06
6.1803e-06
8.0296e-06
6.26642e-06
6.31667e-06
6.3348e-06
6.29389e-06
6.19173e-06
8.44793e-06
6.18134e-06
6.24536e-06
6.26896e-06
6.22131e-06
6.18258e-06
6.1825e-06
6.20288e-06
6.18102e-06
6.21095e-06
6.19841e-06
6.19816e-06
6.22862e-06
6.18312e-06
9.16842e-07
8.73781e-06
6.23214e-06
6.20236e-06
6.22531e-06
6.21192e-06
6.24726e-06
6.18304e-06
7.13643e-06
6.24236e-06
6.25732e-06
6.2674e-06
6.18357e-06
6.18296e-06
6.18423e-06
6.24135e-06
6.24268e-06
8.04942e-06
7.32355e-06
9.46612e-09
6.24048e-06
6.20401e-06
6.15143e-06
6.24972e-06
9.36662e-07
6.17184e-06
6.18003e-06
6.17711e-06
6.18608e-06
6.18486e-06
6.1838e-06
6.22348e-06
6.23829e-06
6.17939e-06
6.46573e-06
6.18537e-06
6.17311e-06
6.26667e-06
6.24863e-06
6.19991e-06
6.17817e-06
6.19691e-06
6.16579e-06
6.18606e-06
7.81121e-06
6.24697e-06
6.23804e-06
6.21222e-06
6.24447e-06
6.26512e-06
6.18173e-06
6.21623e-06
6.17496e-06
6.43155e-06
6.95877e-06
8.3614e-06
6.24e-06
6.20854e-06
6.20591e-06
0.00705546
6.181e-06
6.18207e-06
9.16439e-06
3.021e-06
6.19754e-06
6.07382e-06
6.12393e-06
6.25855e-06
6.26618e-06
6.25998e-06
6.25736e-06
6.25343e-06
6.28023e-06
6.22267e-06
6.05621e-06
4.13121e-12
1.24361e-12
6.27845e-06
8.13561e-06
6.17718e-06
6.36761e-06
7.9693e-06
6.17871e-06
6.17775e-06
6.18414e-06
6.18777e-06
6.18403e-06
6.21398e-06
9.9288e-09
8.78741e-06
6.22555e-06
6.14782e-06
6.1791e-06
6.22795e-06
7.34804e-06
6.27778e-06
6.13602e-06
6.23977e-06
6.18929e-06
6.18669e-06
6.20039e-06
6.14365e-06
6.20546e-06
6.22886e-06
7.11696e-06
0.000648274
6.38555e-06
8.3147e-06
6.4141e-06
6.17698e-06
6.28457e-06
6.26173e-06
6.27752e-06
6.25985e-06
6.27281e-06
6.27796e-06
6.25875e-06
6.22256e-06
6.22309e-06
6.22482e-06
6.18548e-06
6.18842e-06
6.21926e-06
6.18143e-06
0.00136535
4.6246e-06
6.2109e-06
6.18129e-06
6.19779e-06
6.14561e-06
6.22954e-06
7.14212e-06
6.22887e-06
6.2377e-06
6.55962e-06
6.18404e-06
6.23235e-06
6.20706e-06
6.17478e-06
0.000419586
6.24581e-06
6.20475e-06
6.27725e-06
6.28082e-06
6.18153e-06
7.22296e-06
6.14219e-06
6.13771e-06
6.21009e-06
7.55191e-06
6.18213e-06
6.18311e-06
6.21895e-06
6.27848e-06
6.17117e-06
6.17812e-06
6.18894e-06
6.21283e-06
6.23054e-06
6.26296e-06
6.16641e-06
1.55293e-15
6.20921e-06
6.20811e-06
6.20406e-06
6.49097e-06
6.22256e-06
6.18352e-06
6.74232e-06
6.18443e-06
6.23938e-06
6.30957e-06
6.20058e-06
6.2052e-06
6.18116e-06
6.28474e-06
6.27821e-06
6.1521e-06
6.18569e-06
6.18469e-06
6.18442e-06
6.22268e-06
6.22039e-06
6.21619e-06
6.21417e-06
6.19797e-06
6.1812e-06
0.000454993
6.18211e-06
6.16835e-06
6.18665e-06
6.20797e-06
8.66992e-06
6.39627e-06
6.23869e-06
6.35995e-06
6.4122e-06
0.0112649
6.23627e-06
6.19765e-06
6.50553e-06
6.274e-06
6.24583e-06
6.14985e-06
0.0108137
6.17416e-06
4.55163e-05
7.58548e-06
6.51617e-06
6.28084e-06
6.2567e-06
6.16238e-06
6.16578e-06
6.24155e-06
6.22838e-06
6.24672e-06
6.18502e-06
6.18452e-06
6.18129e-06
6.18334e-06
6.21382e-06
6.21192e-06
6.21757e-06
1.17793e-06
6.20905e-06
6.17194e-06
6.21304e-06
6.15716e-06
6.16947e-06
6.171e-06
6.27427e-06
6.19462e-06
6.19463e-06
6.18296e-06
6.19152e-06
6.18043e-06
6.18475e-06
6.20037e-06
6.21848e-06
6.21322e-06
6.20569e-06
1.97514e-07
6.25729e-06
2.42728e-06
6.20644e-06
6.20418e-06
6.18551e-06
2.9123e-06
6.43768e-06
6.16481e-06
0.0049414
6.29983e-06
6.19753e-06
6.325e-06
6.20261e-06
6.26519e-06
6.26965e-06
6.17999e-06
6.1797e-06
6.1788e-06
6.18214e-06
3.60665e-07
0.00152661
8.20897e-06
3.3797e-06
6.13447e-06
6.23176e-06
6.18283e-06
6.19072e-06
6.24668e-06
6.17667e-06
6.18082e-06
6.1964e-06
6.18073e-06
6.18062e-06
6.17774e-06
6.19771e-06
6.21361e-06
6.20708e-06
6.17996e-06
6.1695e-06
6.16583e-06
6.16429e-06
6.31859e-06
8.24286e-06
5.08385e-06
6.18588e-06
6.13939e-06
7.97018e-06
6.21085e-06
6.22407e-06
6.38057e-06
6.20304e-06
8.07882e-06
6.22938e-06
6.22881e-06
6.22937e-06
6.23497e-06
6.1858e-06
6.18464e-06
6.57201e-06
6.20405e-06
6.66868e-06
6.15994e-06
6.17479e-06
6.29001e-06
6.17594e-06
6.3593e-06
6.29775e-06
6.18301e-06
6.28536e-06
6.27915e-06
6.24752e-06
6.24988e-06
6.25364e-06
6.17341e-06
6.39487e-06
6.09199e-06
6.16684e-06
7.97796e-06
6.18021e-06
6.20242e-06
6.16195e-06
6.25555e-06
6.1822e-06
6.17522e-06
6.17405e-06
6.20036e-06
6.23369e-06
6.20036e-06
6.2857e-06
4.25146e-10
6.28911e-06
6.17729e-06
6.17057e-06
6.2761e-06
6.24164e-06
6.176e-06
6.26629e-06
6.16242e-06
6.16682e-06
6.16858e-06
6.16893e-06
6.14391e-06
6.13187e-06
6.16677e-06
6.17341e-06
6.17683e-06
6.1811e-06
6.1796e-06
6.18512e-06
6.17938e-06
6.18319e-06
6.17216e-06
6.16987e-06
6.16611e-06
2.79313e-11
6.13587e-06
6.18535e-06
6.58183e-06
6.25454e-06
6.39947e-06
6.18512e-06
6.16998e-06
6.16185e-06
6.15888e-06
6.24416e-06
6.17661e-06
6.25143e-06
6.16667e-06
6.28706e-06
6.23282e-06
6.27761e-06
6.26571e-06
6.18034e-06
6.18441e-06
6.2057e-06
6.24e-06
6.27358e-06
6.25099e-06
6.18029e-06
6.20301e-06
6.20354e-06
6.2917e-06
0.0027147
6.20031e-06
6.92485e-06
6.22873e-06
3.39468e-07
6.11188e-06
6.07997e-06
6.29748e-06
6.17403e-06
6.18404e-06
6.13007e-06
6.20357e-06
6.12255e-06
6.19041e-06
6.25974e-06
6.1979e-06
6.1941e-06
6.17921e-06
6.20333e-06
6.18364e-06
6.17132e-06
6.19394e-06
6.17026e-06
6.18622e-06
0.011059
6.17491e-06
6.20922e-06
6.23289e-06
6.18599e-06
6.18108e-06
6.2342e-06
6.21979e-06
6.16096e-06
3.70824e-06
0.00041812
6.2318e-06
6.28039e-06
6.24625e-06
6.20046e-06
6.23177e-06
6.18472e-06
6.2445e-06
6.27506e-06
6.21943e-06
6.21083e-06
6.19417e-06
6.17039e-06
6.16225e-06
6.23946e-06
6.23888e-06
6.20436e-06
6.2103e-06
6.18618e-06
6.24351e-06
6.28654e-06
6.16847e-06
6.16864e-06
6.14728e-06
6.16918e-06
6.17036e-06
6.16703e-06
6.17254e-06
6.16969e-06
6.19021e-06
6.18154e-06
6.18164e-06
6.25371e-06
6.23545e-06
6.22274e-06
6.21615e-06
6.18617e-06
6.19278e-06
6.21204e-06
6.21244e-06
6.20695e-06
6.20884e-06
6.19695e-06
6.20303e-06
6.20565e-06
6.17605e-06
6.21739e-06
6.23218e-06
6.20791e-06
6.1636e-06
6.32261e-06
6.24621e-06
6.49659e-06
6.31696e-06
6.17172e-06
6.17897e-06
6.16549e-06
6.21368e-06
6.17055e-06
6.17654e-06
6.1723e-06
6.23316e-06
6.18588e-06
6.17068e-06
6.19219e-06
6.22469e-06
6.18457e-06
6.19683e-06
6.19681e-06
6.19811e-06
6.16404e-06
6.18197e-06
6.3466e-06
6.16051e-06
6.18746e-06
6.23762e-06
6.18322e-06
6.18128e-06
6.18889e-06
6.27551e-06
6.68991e-06
6.92218e-06
6.24489e-06
6.18302e-06
6.45403e-06
6.16695e-06
6.15313e-06
6.14595e-06
6.19108e-06
6.18142e-06
6.19826e-06
6.18781e-06
6.18026e-06
6.1798e-06
6.1827e-06
6.20653e-06
6.20886e-06
6.18428e-06
6.18172e-06
6.18197e-06
6.12217e-06
6.16857e-06
6.18155e-06
7.24082e-06
6.26573e-06
6.32499e-06
6.19447e-06
6.2074e-06
6.19042e-06
6.18171e-06
6.19119e-06
6.18073e-06
6.18521e-06
6.26953e-06
6.23487e-06
6.18608e-06
6.1812e-06
6.18662e-06
6.19308e-06
6.18216e-06
6.18301e-06
6.19515e-06
6.22439e-06
0.000430894
7.58224e-06
6.38977e-06
6.13993e-06
6.17464e-06
6.16852e-06
6.23133e-06
6.77852e-06
6.21889e-06
6.09886e-06
6.24919e-06
6.28515e-06
8.60655e-08
6.16219e-06
6.18189e-06
6.20281e-06
6.17949e-06
6.16813e-06
6.2662e-06
6.24863e-06
6.25687e-06
6.27702e-06
6.25744e-06
6.24508e-06
6.14283e-06
6.15644e-06
6.13266e-06
6.27647e-06
6.252e-06
6.26162e-06
6.22371e-06
6.23221e-06
6.17594e-06
6.18585e-06
6.15958e-06
6.24055e-06
6.22734e-06
6.22105e-06
6.22505e-06
6.23031e-06
6.22025e-06
6.21647e-06
6.21567e-06
6.21459e-06
6.21355e-06
6.25372e-06
6.21657e-06
6.2098e-06
6.20889e-06
6.20752e-06
2.2695e-07
6.18556e-06
6.19092e-06
6.22049e-06
6.21861e-06
6.20501e-06
4.94969e-17
6.16309e-06
6.22245e-06
6.20062e-06
6.32731e-06
6.68978e-06
6.62035e-06
8.71201e-08
6.2523e-06
6.27671e-06
6.18449e-06
6.1975e-06
6.17585e-06
6.20096e-06
6.26478e-06
6.18854e-06
6.19081e-06
6.19868e-06
6.1739e-06
6.16826e-06
6.16608e-06
6.44035e-06
6.21518e-06
6.18565e-06
6.22966e-06
6.2605e-06
6.28753e-06
8.43982e-06
6.08342e-06
6.08356e-06
6.26295e-06
6.22907e-06
6.20328e-06
6.16389e-06
6.16592e-06
6.16649e-06
6.16696e-06
6.17329e-06
6.16758e-06
6.24867e-06
6.26195e-06
6.18773e-06
6.26735e-06
6.26906e-06
6.28335e-06
6.25486e-06
6.23994e-06
6.24162e-06
6.22866e-06
6.2265e-06
6.22831e-06
6.22824e-06
6.22243e-06
6.22299e-06
6.22836e-06
6.22796e-06
6.22789e-06
6.18522e-06
6.18498e-06
6.18881e-06
6.1969e-06
6.22047e-06
6.18667e-06
2.44463e-07
8.28793e-06
7.54234e-06
8.00516e-06
6.18532e-06
6.16783e-06
6.20027e-06
6.2053e-06
6.22537e-06
6.17448e-06
0.010753
6.3764e-06
6.23679e-06
6.18289e-06
6.23174e-06
6.22499e-06
6.16084e-06
6.20622e-06
6.25548e-06
6.16154e-06
6.50984e-06
6.13882e-06
6.23598e-06
6.15156e-06
6.15797e-06
6.21108e-06
6.16999e-06
6.1785e-06
0.00766368
6.21398e-06
6.28378e-06
6.16044e-06
6.13292e-06
6.13639e-06
6.13045e-06
6.25778e-06
6.27211e-06
6.17937e-06
6.18608e-06
6.19116e-06
6.17893e-06
6.24172e-06
6.2262e-06
6.22263e-06
6.18476e-06
6.18549e-06
6.23179e-06
6.21076e-06
6.2166e-06
6.20378e-06
6.19462e-06
6.22013e-06
6.18413e-06
6.21483e-06
6.21367e-06
1.59259e-08
7.07298e-05
0.00031633
6.17586e-06
6.27866e-06
1.59643e-07
6.14606e-06
6.25982e-06
6.20543e-06
6.12726e-06
6.22099e-06
6.13251e-06
6.18115e-06
6.37476e-06
6.172e-06
6.19661e-06
6.24166e-06
6.18841e-06
6.40505e-06
6.21569e-06
6.23654e-06
6.16525e-06
6.52456e-06
0.000273721
6.27274e-06
6.24823e-06
6.17507e-06
6.20139e-06
6.16291e-06
6.25674e-06
8.54437e-06
6.19972e-06
6.19436e-06
6.12813e-06
6.13185e-06
6.17855e-06
6.17715e-06
6.18194e-06
6.17255e-06
6.16734e-06
6.1977e-06
6.20757e-06
6.18307e-06
6.17427e-06
6.19669e-06
6.17042e-06
6.2051e-06
6.20492e-06
6.24331e-06
6.18251e-06
6.22702e-06
6.17547e-06
6.15567e-06
6.22877e-06
6.43345e-06
6.17447e-06
2.00917e-07
6.16215e-06
6.16266e-06
6.16356e-06
6.16442e-06
6.14956e-06
6.24929e-06
6.27674e-06
6.17646e-06
6.18074e-06
6.18609e-06
6.19527e-06
6.18723e-06
6.2227e-06
6.1744e-06
6.19688e-06
6.16153e-06
6.21316e-06
6.16621e-06
7.00383e-06
6.38602e-06
6.2348e-06
6.20585e-06
6.40525e-06
6.31558e-06
6.17094e-06
6.17369e-06
6.41494e-06
6.19359e-06
1.55636e-06
6.16745e-06
6.18604e-06
6.28509e-06
0.000324976
0.000183346
6.13685e-06
6.28056e-06
6.13005e-06
6.22291e-06
6.22138e-06
6.20138e-06
6.24606e-06
6.17745e-06
6.25274e-06
6.41908e-06
6.38704e-06
6.49753e-06
7.05661e-06
6.24757e-06
6.22516e-06
6.56858e-06
6.20288e-06
6.27567e-06
6.16703e-06
6.1679e-06
6.16684e-06
6.1464e-06
6.14079e-06
6.12026e-06
6.13279e-06
6.13419e-06
6.15826e-06
6.23011e-06
6.1821e-06
6.27283e-06
6.1786e-06
6.17701e-06
6.25601e-06
6.18721e-06
6.17481e-06
6.18423e-06
6.23463e-06
6.23633e-06
6.21582e-06
6.21788e-06
6.22032e-06
6.18078e-06
6.20759e-06
6.20177e-06
6.17659e-06
6.19972e-06
6.20329e-06
6.1969e-06
6.21571e-06
6.2154e-06
6.21303e-06
6.21281e-06
6.25753e-06
6.25124e-06
6.25668e-06
6.16949e-06
6.17518e-06
6.26061e-06
6.19874e-06
6.21495e-06
6.23088e-06
6.32613e-06
6.24507e-06
6.20222e-06
6.20563e-06
6.17832e-06
7.8624e-06
6.14741e-06
6.15923e-06
6.18125e-06
6.21436e-06
6.22295e-06
6.18211e-06
6.17809e-06
6.16348e-06
6.15218e-06
6.15967e-06
6.14413e-06
6.21181e-06
6.22585e-06
6.38069e-06
6.25791e-06
6.24374e-06
6.73861e-06
6.23858e-06
6.16987e-06
6.2159e-06
6.17635e-06
6.23395e-06
6.13871e-06
0.00124326
6.07861e-06
6.16721e-06
6.16898e-06
6.16958e-06
6.22165e-06
6.17407e-06
6.15287e-06
1.23239e-07
6.31181e-06
6.35287e-06
6.21065e-06
6.22835e-06
6.58636e-08
6.12868e-06
6.14168e-06
6.18926e-06
6.18758e-06
6.28085e-06
6.28386e-06
6.22206e-06
6.17413e-06
6.18908e-06
6.22106e-06
6.21927e-06
6.22758e-06
6.21646e-06
6.21585e-06
6.21476e-06
6.21374e-06
6.21538e-06
6.21417e-06
6.20227e-06
6.25226e-06
6.21488e-06
6.25064e-06
6.19869e-06
6.16856e-06
6.20988e-06
6.25802e-06
6.21196e-06
6.31763e-06
6.21032e-06
6.28092e-06
6.12037e-06
9.37054e-06
6.13556e-06
6.28788e-06
6.2123e-06
6.2235e-06
6.40681e-06
6.18435e-06
6.22047e-06
6.1723e-06
6.20242e-06
6.17162e-06
6.35952e-06
6.17585e-06
0.00409878
6.26009e-06
6.16206e-06
6.42186e-06
6.17773e-06
6.15605e-06
6.19701e-06
6.21832e-06
7.7325e-06
6.21547e-06
6.16919e-06
6.18428e-06
6.27389e-06
6.26833e-06
6.16748e-06
6.20654e-06
6.26975e-06
6.37033e-06
6.12146e-06
6.35183e-06
6.16559e-06
6.23216e-06
6.25066e-06
6.41837e-06
6.29696e-06
6.20134e-06
6.16306e-06
6.12168e-06
6.13087e-06
6.13473e-06
6.14403e-06
6.13907e-06
6.14938e-06
6.27874e-06
6.23292e-06
6.2247e-06
6.22323e-06
6.22402e-06
6.22249e-06
6.19441e-06
6.18121e-06
6.1773e-06
6.17833e-06
6.18433e-06
6.18911e-06
6.18883e-06
6.17209e-06
6.16354e-06
6.15927e-06
6.19925e-06
6.2124e-06
6.19843e-06
6.19137e-06
6.20657e-06
6.16731e-06
6.21406e-06
6.19644e-06
6.20093e-06
6.18792e-06
6.20854e-06
6.20586e-06
6.2011e-06
6.20887e-06
6.1834e-06
6.1838e-06
4.96723e-13
6.14021e-06
6.13629e-06
6.16353e-06
6.25107e-06
6.18097e-06
6.16591e-06
6.17122e-06
6.13642e-06
8.76047e-06
6.17564e-06
6.27824e-06
6.29138e-06
6.4046e-06
6.15574e-06
6.16745e-06
6.19754e-06
6.22852e-06
6.20667e-06
6.21438e-06
6.16547e-06
6.15852e-06
6.22002e-06
6.25157e-06
6.19557e-06
6.22727e-06
6.23374e-06
6.35981e-06
6.19562e-06
6.19675e-06
6.45457e-06
6.27464e-06
6.23554e-06
6.17717e-06
6.36297e-06
6.17506e-06
6.26268e-06
6.24162e-06
6.13558e-06
6.24189e-06
6.30767e-06
6.16422e-06
6.17541e-06
6.22763e-06
6.17318e-06
6.16901e-06
6.15486e-06
6.15026e-06
6.26017e-06
6.48905e-06
6.16908e-06
6.18325e-06
6.13568e-06
6.14647e-06
6.15254e-06
6.15557e-06
6.13591e-06
6.13328e-06
6.16399e-06
6.24401e-06
6.17582e-06
6.19084e-06
6.18033e-06
6.16954e-06
6.1686e-06
6.1816e-06
6.20653e-06
6.2127e-06
6.21088e-06
6.17701e-06
6.18964e-06
6.16664e-06
6.18212e-06
7.22302e-06
6.13542e-06
8.71588e-06
6.18113e-06
6.23257e-06
6.23103e-06
6.17913e-06
6.33158e-06
6.46222e-06
6.22052e-06
6.18076e-06
6.25646e-06
6.13528e-06
6.36947e-06
6.15998e-06
6.22487e-06
6.16424e-06
6.16529e-06
6.16608e-06
6.16722e-06
6.16629e-06
6.14935e-06
6.15199e-06
6.14542e-06
6.1366e-06
6.1278e-06
6.1281e-06
6.13041e-06
6.13089e-06
6.13521e-06
6.19791e-06
6.19605e-06
6.20218e-06
6.20188e-06
6.17474e-06
6.20611e-06
6.20571e-06
6.18755e-06
6.18378e-06
6.22734e-06
6.20277e-06
6.21134e-06
6.20705e-06
0.00829386
8.06288e-06
6.14998e-06
6.16756e-06
6.32168e-06
6.26308e-06
6.17876e-06
6.17638e-06
6.16732e-06
6.39947e-06
6.20951e-06
6.21809e-06
6.20644e-06
6.17923e-06
6.15741e-06
6.17553e-06
6.36965e-06
6.14933e-06
6.17981e-06
6.23384e-06
6.34259e-06
6.19112e-06
6.17785e-06
6.22491e-06
6.17321e-06
6.47321e-06
6.16491e-06
6.1614e-06
6.17155e-06
6.1669e-06
6.20729e-06
6.20376e-06
6.20584e-06
6.22034e-06
6.21659e-06
6.19382e-06
6.29465e-06
6.16628e-06
6.31983e-06
6.15773e-06
6.23279e-06
6.16764e-06
6.15743e-06
6.13395e-06
6.15289e-06
6.20829e-06
6.16831e-06
6.15856e-06
6.16152e-06
6.16916e-06
6.26571e-06
6.15664e-06
6.1738e-06
6.19453e-06
6.16769e-06
6.18138e-06
6.0316e-06
6.16914e-06
6.1748e-06
6.18434e-06
6.19229e-06
6.17721e-06
6.1879e-06
6.16176e-06
6.25007e-06
6.18304e-06
6.87295e-06
6.14406e-06
6.148e-06
6.17317e-06
6.17672e-06
8.2157e-06
6.22416e-06
6.18144e-06
6.15991e-06
6.35332e-06
6.27624e-06
6.24274e-06
6.17383e-06
6.26488e-06
6.20466e-06
6.28143e-06
6.2761e-06
6.16202e-06
6.1355e-06
6.13517e-06
6.13125e-06
6.15391e-06
6.13273e-06
6.2447e-06
6.17141e-06
6.18152e-06
6.18008e-06
6.18591e-06
6.18949e-06
6.19359e-06
6.19684e-06
6.18559e-06
6.17232e-06
6.18043e-06
6.16889e-06
6.17476e-06
6.19124e-06
6.25092e-06
6.21786e-06
6.20853e-06
6.18732e-06
6.17956e-06
6.20155e-06
6.17063e-06
6.21152e-06
6.17631e-06
6.20078e-06
6.1956e-06
6.19234e-06
6.19712e-06
6.1924e-06
6.19523e-06
6.16455e-06
7.39922e-06
6.20977e-06
6.216e-06
6.21618e-06
2.01156e-12
6.25089e-06
6.14974e-06
0.00771817
6.2099e-06
6.15107e-06
6.18162e-06
6.2055e-06
6.26126e-06
6.17971e-06
6.25186e-06
6.18873e-06
6.18439e-06
6.16497e-06
6.16845e-06
6.41764e-06
6.3736e-06
6.18245e-06
6.26477e-06
6.21389e-06
6.17064e-06
6.24296e-06
6.24349e-06
6.25105e-06
6.20669e-06
6.21015e-06
6.20673e-06
6.29936e-06
7.09211e-06
6.13716e-06
6.22892e-06
6.21937e-06
6.22378e-06
6.24015e-06
6.2283e-06
6.32091e-06
6.52152e-06
6.25571e-06
6.28049e-06
6.1717e-06
6.27399e-06
6.30856e-06
6.13714e-06
6.31895e-06
6.29926e-06
6.24045e-06
6.25433e-06
6.16457e-06
6.17914e-06
6.4776e-06
6.16049e-06
6.16593e-06
6.23293e-06
6.2196e-06
6.20855e-06
6.16969e-06
6.16948e-06
0.00014015
6.16825e-06
6.16689e-06
6.21999e-06
6.22365e-06
6.28551e-06
6.29862e-06
6.19455e-06
6.17407e-06
6.22622e-06
6.22523e-06
6.25718e-06
6.52568e-06
6.20947e-06
6.27776e-06
6.15246e-06
6.1301e-06
6.18193e-06
6.23597e-06
6.17808e-06
6.1812e-06
6.17891e-06
6.18176e-06
6.18519e-06
6.18577e-06
6.19161e-06
6.18245e-06
6.22931e-06
6.17839e-06
6.21784e-06
6.22062e-06
6.22482e-06
6.1791e-06
6.25886e-06
6.18194e-06
6.21912e-06
6.21811e-06
6.26478e-06
6.16815e-06
6.18694e-06
6.24734e-06
6.25478e-06
6.16539e-06
6.16854e-06
6.27742e-06
6.2433e-06
6.20741e-06
6.17409e-06
6.21901e-06
6.2113e-06
6.1646e-06
6.23266e-06
6.20357e-06
6.18602e-06
6.34813e-06
6.16005e-06
6.36812e-06
6.22373e-06
6.18815e-06
6.2492e-06
6.27018e-06
6.73016e-06
6.23342e-06
6.1358e-06
6.1642e-06
6.32171e-06
6.23986e-06
6.33699e-06
6.21283e-06
6.22102e-06
6.13263e-06
6.1618e-06
6.18365e-06
6.37606e-06
6.18523e-06
6.21758e-06
6.35172e-06
6.22528e-06
6.1622e-06
6.05413e-06
8.1114e-08
8.65658e-06
6.16029e-06
6.16653e-06
6.16788e-06
6.1558e-06
6.14501e-06
6.12866e-06
6.12044e-06
6.12109e-06
6.18818e-06
6.17815e-06
6.16968e-06
6.24741e-06
6.18886e-06
6.18398e-06
6.18671e-06
6.1778e-06
6.17403e-06
6.18632e-06
6.18282e-06
6.17002e-06
6.17784e-06
6.17567e-06
6.19504e-06
6.20572e-06
6.18321e-06
6.20569e-06
6.16792e-06
6.18225e-06
6.18322e-06
6.16917e-06
6.28972e-06
6.24027e-06
6.16579e-06
8.19438e-06
7.80588e-06
6.16742e-06
6.25358e-06
6.16608e-06
8.22834e-06
7.29431e-06
6.23202e-06
6.1686e-06
6.50005e-06
6.14308e-06
6.17575e-06
6.15299e-06
6.16264e-06
6.15513e-06
6.16178e-06
6.30949e-06
6.16386e-06
6.18558e-06
6.24197e-06
6.25094e-06
6.21922e-06
6.18254e-06
6.17935e-06
6.16805e-06
6.14506e-06
6.14207e-06
6.12988e-06
6.15003e-06
6.15081e-06
6.16249e-06
6.18704e-06
6.1867e-06
6.18129e-06
6.184e-06
6.18003e-06
6.18194e-06
6.17155e-06
6.24097e-06
6.21863e-06
6.23088e-06
6.23733e-06
6.21799e-06
6.19557e-06
6.21597e-06
6.21359e-06
6.21175e-06
6.21295e-06
6.21161e-06
6.19603e-06
6.17281e-06
6.18744e-06
6.3281e-06
6.23787e-06
6.2541e-06
6.20769e-06
1.51456e-11
6.13784e-06
1.86155e-06
6.17391e-06
6.17775e-06
0.00573234
6.18048e-06
6.13374e-06
6.11579e-06
6.18071e-06
6.2164e-06
6.13309e-06
6.22892e-06
6.37066e-06
6.30323e-06
6.19563e-06
6.4057e-06
6.21113e-06
6.2466e-06
6.22047e-06
6.16733e-06
6.19525e-06
6.23847e-06
6.18617e-06
6.26569e-06
6.21023e-06
6.16144e-06
6.22496e-06
6.22489e-06
6.16428e-06
6.17441e-06
6.19117e-06
6.17723e-06
6.2861e-06
6.17406e-06
6.18057e-06
6.2568e-06
6.18537e-06
6.21619e-06
6.21011e-06
0
6.0896e-06
6.15185e-06
6.14628e-06
6.13824e-06
6.1222e-06
6.18464e-06
6.26708e-06
6.18944e-06
6.1948e-06
6.19042e-06
6.18744e-06
6.18844e-06
6.18047e-06
6.16695e-06
6.18441e-06
6.18539e-06
6.17486e-06
6.21622e-06
6.22085e-06
6.22541e-06
6.21608e-06
6.24399e-06
6.21477e-06
6.21851e-06
6.22617e-06
6.19291e-06
6.25798e-06
6.2601e-06
6.18271e-06
6.20161e-06
6.17054e-06
6.20459e-06
6.20488e-06
6.26734e-06
6.28743e-06
6.18481e-06
6.2036e-06
6.20783e-06
6.37015e-06
6.16752e-06
8.64469e-06
6.19328e-06
6.16557e-06
6.25849e-06
6.32746e-06
6.18456e-06
6.33076e-06
6.17507e-06
6.11628e-06
6.11562e-06
6.12901e-06
6.17612e-06
6.17499e-06
6.18168e-06
6.30478e-06
6.37471e-06
6.16236e-06
6.38704e-06
6.34525e-06
6.13509e-06
6.38873e-06
6.47754e-06
6.20669e-06
6.32786e-06
6.79859e-06
6.16111e-06
6.17327e-06
6.22164e-06
6.17522e-06
6.17443e-06
6.17596e-06
6.17539e-06
6.21938e-06
6.22216e-06
6.16068e-06
1.96046e-09
6.28082e-06
6.28703e-06
6.16727e-06
6.17126e-06
6.17564e-06
6.23773e-06
6.27638e-06
6.19357e-06
6.23979e-06
6.23233e-06
6.22937e-06
6.2313e-06
6.25535e-06
6.1828e-06
6.1844e-06
6.22764e-06
6.21664e-06
6.22517e-06
6.21157e-06
6.29778e-06
6.21848e-06
6.21642e-06
6.20276e-06
6.20236e-06
6.20012e-06
6.20586e-06
6.37884e-06
6.19431e-06
6.16907e-06
6.16978e-06
8.03926e-06
6.66724e-06
7.33123e-06
6.23141e-06
6.18554e-06
6.22585e-06
6.17149e-06
3.06545e-06
6.10621e-06
6.24554e-06
6.15305e-06
6.16075e-06
6.54139e-06
6.18448e-06
6.27916e-06
6.1427e-06
6.14809e-06
6.14473e-06
6.12356e-06
6.12997e-06
6.1331e-06
6.22665e-06
6.17343e-06
6.17652e-06
6.18392e-06
6.18332e-06
6.18858e-06
6.24376e-06
6.19698e-06
6.23279e-06
6.19003e-06
6.17871e-06
6.18171e-06
6.21929e-06
6.17163e-06
6.16846e-06
6.17015e-06
6.20036e-06
8.0274e-06
6.11779e-06
6.15784e-06
6.18251e-06
6.1696e-06
6.1304e-06
6.27233e-06
6.17144e-06
6.37672e-06
6.20089e-06
6.18776e-06
6.1877e-06
6.28627e-06
6.21082e-06
6.22373e-06
6.19726e-06
6.38085e-06
6.44131e-06
6.45059e-06
6.21427e-06
6.15425e-06
6.16518e-06
6.16502e-06
6.18882e-06
6.11947e-06
6.25678e-06
6.19852e-06
6.28621e-06
6.25357e-06
6.12622e-06
6.13081e-06
6.13518e-06
6.15903e-06
6.16956e-06
6.16798e-06
6.26542e-06
6.19285e-06
6.18106e-06
6.18495e-06
6.18183e-06
6.22482e-06
6.22402e-06
6.22817e-06
6.19196e-06
6.18783e-06
6.20003e-06
6.19873e-06
6.17678e-06
6.1729e-06
6.1859e-06
6.18499e-06
6.18983e-06
6.18913e-06
6.18398e-06
6.22943e-06
6.17106e-06
6.21226e-06
6.18656e-06
6.2116e-06
6.20306e-06
6.20315e-06
6.20634e-06
6.20728e-06
3.44113e-06
7.3453e-06
0.00490011
6.17929e-06
6.14752e-06
6.1832e-06
6.16497e-06
6.1667e-06
6.1709e-06
6.16865e-06
6.21325e-06
6.21627e-06
6.43573e-06
6.40352e-06
8.8913e-06
6.17363e-06
6.1731e-06
6.18033e-06
6.22092e-06
6.23162e-06
6.20566e-06
6.38093e-06
6.21984e-06
6.2106e-06
6.16758e-06
6.18466e-06
6.22475e-06
6.18503e-06
7.63176e-06
6.16985e-06
6.15802e-06
6.26727e-06
6.17764e-06
6.19808e-06
6.62757e-06
6.2547e-06
6.15422e-06
6.45937e-06
6.12645e-06
6.17049e-06
6.20927e-06
6.16647e-06
6.24632e-06
6.16564e-06
6.16158e-06
6.16319e-06
6.16495e-06
6.1433e-06
6.13002e-06
6.17005e-06
6.17306e-06
6.19458e-06
6.16855e-06
6.18738e-06
7.4143e-06
6.775e-06
6.74633e-06
6.11937e-06
6.20597e-06
6.18651e-06
6.20068e-06
6.33943e-06
6.19218e-06
6.31457e-06
6.66821e-06
6.18065e-06
6.21973e-06
6.16369e-06
6.15472e-06
6.16489e-06
6.18135e-06
6.12575e-06
6.1906e-06
6.17959e-06
6.18332e-06
6.14801e-06
6.13078e-06
6.15429e-06
6.15254e-06
6.18616e-06
6.25592e-06
6.22334e-06
6.18623e-06
6.23343e-06
6.22528e-06
6.21599e-06
6.18311e-06
6.20541e-06
6.20836e-06
6.25514e-06
6.18186e-06
6.18303e-06
6.34738e-06
6.34393e-06
6.18347e-06
6.16726e-06
6.19005e-06
6.17867e-06
6.16575e-06
6.42057e-06
6.31147e-06
6.35194e-06
6.18949e-06
6.42411e-06
0.00284795
1.46057e-07
6.17188e-06
6.16782e-06
6.13819e-06
6.19217e-06
6.17201e-06
6.17858e-06
6.21191e-06
6.23926e-06
6.14005e-06
6.20434e-06
6.20542e-06
6.17524e-06
6.21634e-06
6.2095e-06
6.17033e-06
6.19649e-06
6.2605e-06
6.09136e-06
6.27881e-06
6.27186e-06
6.16678e-06
6.12762e-06
6.13134e-06
6.13311e-06
6.14381e-06
6.17427e-06
6.24671e-06
6.1971e-06
6.17985e-06
6.18577e-06
6.19279e-06
6.1709e-06
6.17457e-06
6.16965e-06
6.23685e-06
6.172e-06
6.18018e-06
6.24579e-06
6.21195e-06
6.21918e-06
6.44359e-06
5.98783e-06
6.29496e-06
6.09839e-06
0.00965578
6.30427e-06
6.18312e-06
6.17778e-06
6.21258e-06
7.79867e-06
6.17654e-06
6.20328e-06
3.18694e-08
6.21544e-06
6.24508e-06
6.22109e-06
6.21994e-06
6.19529e-06
6.24578e-06
6.21963e-06
6.22662e-06
6.2579e-06
6.16196e-06
6.21178e-06
6.17252e-06
6.48488e-06
6.32006e-06
6.24255e-06
6.16284e-06
6.23622e-06
6.15636e-06
6.16119e-06
6.54523e-06
6.19501e-06
6.21878e-06
6.55595e-06
6.16561e-06
6.16291e-06
6.21357e-06
5.98e-06
6.11963e-06
6.12245e-06
6.12792e-06
6.15279e-06
6.15547e-06
6.27099e-06
6.18062e-06
6.18475e-06
6.18594e-06
6.18568e-06
6.19296e-06
6.18199e-06
6.19129e-06
6.15925e-06
6.17616e-06
6.19722e-06
6.19247e-06
6.16748e-06
7.80206e-06
6.23632e-06
6.22692e-06
6.17212e-06
6.23775e-06
6.18327e-06
6.1716e-06
6.26535e-06
6.29385e-06
7.78182e-06
6.12302e-06
6.26583e-06
6.2596e-06
6.18707e-06
6.1844e-06
6.18292e-06
6.22718e-06
6.17395e-06
6.17973e-06
6.21169e-06
6.26931e-06
6.21559e-06
6.20122e-06
7.48514e-06
6.17911e-06
6.2573e-06
6.22204e-06
6.22014e-06
8.07886e-06
6.51589e-13
6.56368e-06
6.1622e-06
6.16557e-06
6.16626e-06
6.16702e-06
6.13341e-06
6.14198e-06
6.12517e-06
6.11791e-06
6.1321e-06
6.24399e-06
6.2745e-06
6.29064e-06
6.19813e-06
6.19015e-06
6.18454e-06
6.22303e-06
6.21626e-06
6.1761e-06
6.17793e-06
6.15466e-06
6.1591e-06
6.14245e-06
3.60786e-08
6.18575e-06
6.21366e-06
6.84018e-06
7.35546e-06
6.11556e-06
6.21647e-06
1.30134e-05
6.22905e-06
6.22255e-06
6.22191e-06
6.30722e-06
6.18341e-06
0.00594268
6.33976e-06
6.26254e-06
6.17263e-06
6.13678e-06
6.16909e-06
6.20882e-06
2.94134e-08
6.15977e-06
6.18575e-06
6.90736e-06
7.01815e-06
6.2211e-06
6.15492e-06
2.74298e-06
6.21546e-06
6.1939e-06
6.21716e-06
6.28029e-06
6.18754e-06
6.27147e-06
6.19115e-06
6.20883e-06
6.17556e-06
6.16192e-06
6.35258e-06
6.25154e-06
6.1894e-06
6.18515e-06
6.24438e-06
6.19823e-06
6.27287e-06
6.1981e-06
6.19384e-06
2.68184e-06
6.1655e-06
6.19933e-06
6.21645e-06
6.23373e-06
7.42502e-06
6.17746e-06
5.91618e-06
6.22135e-06
6.16522e-06
6.16908e-06
6.60343e-06
6.40107e-06
6.40632e-06
6.20098e-06
6.24895e-06
6.24534e-06
6.44666e-06
6.17303e-06
6.40991e-06
6.1626e-06
6.16345e-06
6.16399e-06
6.17718e-06
6.23807e-06
6.18939e-06
6.16592e-06
6.16619e-06
6.17812e-06
6.28014e-06
6.23143e-06
6.24513e-06
6.21731e-06
6.23546e-06
6.21808e-06
6.20506e-06
6.186e-06
6.19637e-06
6.1855e-06
6.2724e-06
6.13271e-06
6.18593e-06
6.18108e-06
6.18138e-06
6.18565e-06
6.1861e-06
6.18275e-06
6.19145e-06
6.18049e-06
6.17955e-06
6.19168e-06
6.18015e-06
6.19306e-06
6.18378e-06
6.21742e-06
6.18256e-06
6.22127e-06
6.16811e-06
6.22103e-06
6.19899e-06
6.22459e-06
6.31974e-06
6.18312e-06
6.18442e-06
6.21626e-06
6.18462e-06
6.18339e-06
6.22826e-06
6.15694e-06
6.17442e-06
6.2059e-06
6.30799e-06
6.29926e-06
6.15306e-06
6.21214e-06
6.19922e-06
6.28543e-06
6.17183e-06
6.178e-06
6.20645e-06
6.30722e-06
6.18642e-06
8.71153e-06
7.02507e-06
6.18793e-06
6.18369e-06
6.18431e-06
6.23994e-06
6.41908e-06
6.17009e-06
6.16071e-06
6.23275e-06
6.20275e-06
6.16797e-06
1.67337e-13
6.26715e-06
6.28182e-06
6.26666e-06
6.19786e-06
6.19544e-06
6.18145e-06
7.62763e-06
2.25655e-08
7.53682e-06
7.03414e-06
6.23049e-06
6.30676e-06
6.76667e-06
4.23802e-07
6.2545e-06
6.27159e-06
6.22815e-06
6.24059e-06
6.18344e-06
6.18394e-06
6.19327e-06
6.25637e-06
6.16714e-06
6.21617e-06
6.21783e-06
6.18568e-06
6.2008e-06
3.64626e-06
2.30025e-06
0.000837749
6.15064e-06
6.21443e-06
6.21849e-06
6.26912e-06
6.21096e-06
6.21752e-06
6.20445e-06
6.2185e-06
6.58065e-06
6.22159e-06
6.19499e-06
6.21386e-06
6.21924e-06
6.24249e-06
5.12265e-06
6.47887e-06
6.17678e-06
6.16944e-06
6.23137e-06
6.26552e-06
6.16174e-06
6.30403e-06
6.2773e-06
6.24515e-06
6.23636e-06
6.1181e-06
6.13248e-06
6.26348e-06
6.20041e-06
6.18262e-06
6.18454e-06
6.18726e-06
6.20419e-06
6.18341e-06
0.00765276
6.19595e-06
6.20388e-06
6.18278e-06
6.23041e-06
6.31564e-06
6.25955e-06
6.86969e-06
6.15756e-06
6.2286e-06
6.2304e-06
0.000775277
6.13185e-06
6.1826e-06
6.18941e-06
6.27023e-06
6.16675e-06
6.17027e-06
6.20072e-06
6.20286e-06
6.19535e-06
7.02966e-06
1.89844e-10
6.14056e-06
6.21264e-06
6.23038e-06
5.32308e-06
6.20456e-06
6.228e-06
6.20146e-06
6.16477e-06
6.13277e-06
6.17996e-06
6.27305e-06
6.19033e-06
6.19473e-06
6.18865e-06
6.17982e-06
6.1842e-06
6.0952e-06
6.19675e-06
6.16761e-06
6.20795e-06
6.19379e-06
6.18999e-06
6.1913e-06
6.19138e-06
6.19498e-06
6.18213e-06
6.20834e-06
6.17787e-06
6.13082e-06
6.18096e-06
6.18412e-06
6.18356e-06
1.57285e-05
6.27145e-06
6.17885e-06
6.24829e-06
2.16827e-06
8.93295e-06
6.98177e-06
6.22773e-06
6.27743e-06
6.21683e-06
6.12878e-06
6.24747e-06
6.25241e-06
6.22614e-06
6.18124e-06
6.18658e-06
6.18204e-06
6.17937e-06
6.18094e-06
6.17455e-06
6.26827e-06
6.17186e-06
6.19567e-06
6.64484e-06
6.19642e-06
6.18794e-06
6.17067e-06
6.18592e-06
8.45376e-06
6.20413e-06
6.2068e-06
4.51632e-06
6.20549e-06
6.18136e-06
6.13681e-06
6.24323e-06
6.21683e-06
7.6146e-06
6.20878e-06
6.11161e-06
6.39363e-06
6.23701e-06
6.23118e-06
6.2149e-06
6.17761e-06
0.00516785
6.21683e-06
1.63052e-06
6.23682e-06
6.18937e-06
6.19726e-06
6.2285e-06
6.17775e-06
6.18557e-06
6.19019e-06
6.20438e-06
5.8678e-09
6.1968e-06
6.22888e-06
6.18558e-06
6.20776e-06
6.78935e-06
6.16453e-06
6.17426e-06
6.19969e-06
6.18175e-06
6.18397e-06
6.23931e-06
6.27276e-06
6.12997e-06
6.24655e-06
6.17715e-06
6.27402e-06
6.18605e-06
6.25578e-06
6.24547e-06
6.23026e-06
6.20537e-06
6.16625e-06
6.18118e-06
6.18664e-06
6.2714e-06
6.18166e-06
0.00144663
6.20505e-06
6.25311e-06
6.21798e-06
6.16612e-06
6.18574e-06
6.18599e-06
8.63898e-06
6.24367e-06
6.1875e-06
6.22832e-06
6.22981e-06
6.235e-06
6.24096e-06
6.21991e-06
6.19345e-06
6.18172e-06
6.25011e-06
6.24402e-06
6.21552e-06
6.22923e-06
6.22084e-06
6.23163e-06
6.80872e-06
6.10983e-06
6.15572e-06
6.14112e-06
6.1852e-06
0.00279033
6.18358e-06
6.18127e-06
6.21535e-06
6.41228e-06
6.23237e-06
7.78873e-06
6.23645e-06
6.16138e-06
6.75712e-06
6.17883e-06
6.22379e-06
6.18575e-06
6.17563e-06
6.34265e-06
6.24801e-06
6.27631e-06
6.0225e-06
6.28114e-06
6.26737e-06
6.16984e-06
6.24868e-06
6.25122e-06
6.26702e-06
6.22164e-06
6.22232e-06
9.09904e-05
6.2076e-06
6.10481e-06
6.25344e-06
6.17229e-06
6.29647e-06
0.00249664
6.19364e-06
6.29153e-06
6.20011e-06
6.17825e-06
6.21117e-06
6.20585e-06
6.18437e-06
7.48485e-06
6.17189e-06
6.65343e-06
6.7272e-10
6.23064e-06
6.2324e-06
6.18121e-06
6.2544e-06
6.22559e-06
6.2314e-06
6.17778e-06
6.18764e-06
6.20493e-06
6.18823e-06
7.51284e-06
6.27985e-06
6.18216e-06
6.20371e-06
6.21703e-06
6.65273e-06
6.29347e-06
6.22468e-06
6.16756e-06
6.26185e-06
0.00054185
6.17732e-06
6.17009e-06
6.15725e-06
6.18129e-06
3.18044e-09
6.17519e-06
6.13958e-06
6.27602e-06
6.16828e-06
6.32607e-06
6.17769e-06
6.24421e-06
6.13031e-06
6.18219e-06
6.18331e-06
6.18496e-06
6.1835e-06
6.18489e-06
6.19015e-06
6.18074e-06
6.18067e-06
6.19239e-06
6.21445e-06
6.18292e-06
6.18308e-06
6.31112e-06
6.26313e-06
6.16555e-06
6.26103e-06
6.26709e-06
3.14241e-06
6.20883e-06
6.31449e-06
6.37004e-06
6.23463e-06
6.1992e-06
6.17068e-06
6.17864e-06
6.28447e-06
1.9028e-06
9.06001e-06
6.24975e-06
6.17291e-06
6.27477e-06
6.18062e-06
6.1798e-06
6.17855e-06
6.1802e-06
6.18187e-06
6.21797e-06
6.21138e-06
6.03316e-06
0.00410057
6.78311e-06
6.11638e-06
6.21159e-06
6.18103e-06
0.008581
0.000233292
6.20321e-06
6.25813e-06
6.26903e-06
8.44909e-06
6.18797e-06
6.48089e-06
6.38951e-06
6.18409e-06
6.18327e-06
6.16138e-06
6.3204e-06
6.26253e-06
6.17982e-06
6.18062e-06
6.18216e-06
6.18527e-06
6.184e-06
6.19179e-06
6.19097e-06
6.18467e-06
6.18179e-06
6.67577e-06
9.24288e-06
2.3891e-07
6.20501e-06
6.18254e-06
6.35047e-06
6.28004e-06
6.18135e-06
6.18379e-06
6.23352e-06
6.15889e-06
6.21328e-06
6.19737e-06
6.23645e-06
6.17743e-06
6.21955e-06
6.21739e-06
6.50692e-06
6.20619e-06
6.15517e-06
6.27317e-06
0.00246551
6.26937e-06
6.18155e-06
6.19961e-06
6.13179e-06
6.25542e-06
6.18007e-06
6.17966e-06
6.17836e-06
6.17657e-06
6.18291e-06
6.18206e-06
6.1904e-06
6.17622e-06
6.21481e-06
6.18153e-06
6.2011e-06
6.15824e-06
0.00139129
6.18268e-06
6.23265e-06
6.18365e-06
6.28765e-06
3.03687e-06
6.19387e-06
6.23274e-06
6.16673e-06
6.21208e-06
6.32762e-06
6.18783e-06
6.13561e-06
6.22084e-06
6.19312e-06
6.19931e-06
6.21707e-06
6.20519e-06
6.18732e-06
6.20515e-06
6.20692e-06
6.2025e-06
6.20877e-06
6.22684e-06
6.21113e-06
6.18523e-06
6.17127e-06
6.25353e-06
4.92969e-06
2.87953e-06
6.26824e-06
6.2783e-06
6.16524e-06
6.20529e-06
6.30057e-06
8.30547e-06
6.28909e-06
6.2362e-06
6.63726e-06
8.00937e-06
6.24223e-06
6.2317e-06
6.21755e-06
6.18551e-06
6.96076e-06
6.22855e-06
6.17863e-06
6.19216e-06
6.18496e-06
6.2296e-06
6.18366e-06
2.00036e-07
9.5302e-11
6.17514e-06
7.16562e-06
0.000391941
7.53308e-06
6.13038e-06
6.18531e-06
6.1978e-06
6.29435e-06
6.16571e-06
6.17925e-06
6.18876e-06
8.88862e-06
6.53959e-06
6.20658e-06
6.5788e-06
6.1029e-06
7.50601e-06
6.35025e-06
6.192e-06
6.26835e-06
6.18307e-06
6.19144e-06
5.31966e-06
6.23709e-06
6.21372e-06
6.20594e-06
6.18283e-06
6.18128e-06
6.16986e-06
6.28186e-06
6.3084e-06
6.18576e-06
6.2385e-06
7.18368e-06
6.21358e-06
6.18364e-06
6.1816e-06
6.21934e-06
6.20595e-06
6.18495e-06
0.00686615
6.2052e-06
6.06274e-06
6.19253e-06
6.19219e-06
6.25556e-06
6.30507e-06
6.20494e-06
6.18572e-06
6.07417e-06
6.27211e-06
6.28047e-06
6.27915e-06
6.25727e-06
6.26331e-06
6.23345e-06
6.15147e-06
6.21747e-06
6.22493e-06
6.19967e-06
6.2453e-06
6.17974e-06
6.23353e-06
6.20328e-06
7.47232e-06
6.26416e-06
6.23366e-06
6.17775e-06
6.2792e-06
6.2779e-06
6.21694e-06
6.26171e-06
6.10474e-06
6.30572e-06
6.23245e-06
6.29431e-06
6.17112e-06
6.27724e-06
6.18131e-06
6.20621e-06
6.81376e-06
0.00727087
6.16855e-06
6.223e-06
0.00989498
7.6715e-06
6.28401e-06
6.23862e-06
6.19089e-06
6.116e-06
5.99549e-06
6.04065e-06
6.98203e-06
6.1759e-06
6.25406e-06
3.95873e-06
8.36294e-06
6.23032e-06
6.2297e-06
6.23152e-06
6.2325e-06
6.23491e-06
6.17832e-06
6.2325e-06
6.1779e-06
6.18365e-06
6.27163e-06
6.06323e-06
6.18154e-06
6.18863e-06
6.34993e-06
7.45247e-06
6.18333e-06
6.41251e-06
6.30059e-06
6.22925e-06
6.1941e-06
6.19414e-06
6.1985e-06
1.93427e-06
6.21775e-06
6.24695e-06
6.18038e-06
6.21145e-06
7.27723e-06
7.61944e-06
6.23995e-06
6.16844e-06
6.2396e-06
6.19161e-06
6.1655e-06
6.13685e-06
8.25816e-06
6.23104e-06
6.15829e-06
6.18442e-06
6.25267e-06
6.25076e-06
6.66586e-09
0.00710622
6.17437e-06
4.36634e-06
0.00570669
6.17345e-06
6.32879e-06
6.21675e-06
6.24207e-06
6.23477e-06
6.1802e-06
6.18061e-06
6.18198e-06
6.16909e-06
6.19095e-06
6.19083e-06
6.17223e-06
6.18334e-06
6.83768e-06
3.85528e-06
6.17317e-06
6.17518e-06
6.18481e-06
6.24677e-06
6.22237e-06
6.05321e-06
2.96758e-11
6.08904e-06
6.36689e-06
6.18843e-06
6.41554e-06
6.20932e-06
6.28959e-06
6.65828e-06
3.709e-08
6.18161e-06
6.53616e-06
5.30121e-06
8.2215e-06
0.00850228
6.23358e-06
4.11292e-06
6.18415e-06
0.0023035
6.20217e-06
6.27003e-06
6.21568e-06
3.57352e-08
7.13637e-07
6.19395e-06
6.17731e-06
6.16409e-06
6.20089e-06
6.18482e-06
6.21472e-06
6.1962e-06
8.04599e-07
6.1768e-06
6.20323e-06
6.26605e-06
6.18199e-06
6.18519e-06
2.32591e-06
8.57289e-06
6.19611e-06
6.16259e-06
6.52501e-06
1.39193e-08
6.31369e-06
6.22936e-06
6.22902e-06
6.18362e-06
1.09677e-10
6.19636e-06
6.18117e-06
5.74141e-06
6.27125e-06
6.1294e-06
6.18323e-06
4.32854e-06
6.1899e-06
1.90506e-06
5.99212e-06
0.00558042
6.20497e-06
6.18093e-06
6.11376e-06
6.0674e-06
6.28219e-06
6.18159e-06
6.23005e-06
6.19335e-06
7.97349e-09
4.42475e-07
0.00791404
8.22826e-06
6.20969e-06
6.38244e-06
6.17241e-06
0.00762386
6.183e-06
6.16247e-06
6.17656e-06
6.94357e-06
0.00376249
6.28179e-06
6.16324e-06
6.19186e-06
6.17985e-06
6.18012e-06
1.173e-06
6.14312e-06
1.73885e-07
6.22555e-06
6.23547e-06
6.18458e-06
6.2015e-06
0.000148495
6.35742e-06
6.19776e-06
6.24516e-06
8.63931e-06
6.13387e-06
6.24599e-06
6.178e-06
8.8627e-06
6.28248e-06
6.18128e-06
6.21025e-06
6.12926e-06
6.33731e-06
7.37063e-06
6.20488e-06
6.24587e-06
6.18598e-06
6.21691e-06
8.95879e-06
6.27859e-06
6.21993e-06
6.23624e-06
4.8716e-07
0.000614403
6.18327e-06
6.18299e-06
6.27163e-06
6.06263e-06
0.00547766
6.18201e-06
6.20596e-06
6.24055e-06
6.30674e-06
6.23677e-06
6.21173e-06
8.59966e-06
8.71358e-07
0.00536675
5.76723e-06
6.27793e-06
6.04629e-06
6.17018e-06
0.000105963
3.94463e-09
6.18473e-06
6.18214e-06
4.5018e-06
2.26041e-12
6.15121e-06
6.26862e-06
6.22266e-06
6.1959e-06
6.07706e-06
2.28099e-06
6.24656e-06
6.35027e-06
6.18133e-06
6.13168e-06
6.18397e-06
6.18536e-06
6.19369e-06
6.19119e-06
6.16356e-06
6.20668e-06
6.21987e-06
9.1076e-06
6.24171e-06
6.17723e-06
0.00307214
0.000312807
6.17403e-06
6.18668e-06
6.19299e-06
6.26728e-06
6.69909e-06
1.37388e-13
6.19272e-06
6.2537e-06
6.27066e-06
6.17503e-06
7.28901e-06
6.23211e-06
6.17167e-06
6.18833e-06
6.21979e-06
6.21514e-06
6.18452e-06
0.00706039
0.00207441
6.34032e-06
6.23916e-06
6.67509e-06
6.22326e-06
6.28116e-06
6.27229e-06
6.17818e-06
6.18504e-06
0.0025559
6.19337e-06
6.09631e-06
6.18346e-06
6.18464e-06
6.16981e-06
6.22295e-06
6.2969e-06
6.30699e-06
4.69188e-06
7.42353e-06
6.20423e-06
6.9525e-06
7.28071e-06
0.00679822
6.2367e-06
6.18184e-06
7.45575e-09
6.2128e-06
5.09751e-12
6.24421e-06
9.21987e-06
6.56624e-06
6.18396e-06
6.18386e-06
6.18445e-06
6.17196e-06
6.23964e-06
6.17415e-06
6.19525e-06
6.33607e-06
8.61342e-10
6.20483e-06
4.24396e-08
6.18108e-06
6.25915e-06
6.19524e-06
6.22561e-06
6.18513e-06
6.18358e-06
0.000161049
6.20112e-06
1.28952e-06
6.17712e-06
5.82121e-06
6.14109e-06
6.62358e-06
5.25264e-07
6.1846e-06
6.18482e-06
6.17057e-06
2.31425e-06
6.22035e-06
7.76825e-06
6.30217e-06
6.23756e-06
6.17748e-06
6.17756e-06
6.19033e-06
6.21517e-06
6.25242e-06
8.30096e-06
9.43844e-06
6.12428e-06
6.1818e-06
7.32031e-06
6.529e-06
6.68318e-06
6.18381e-06
6.18143e-06
6.21854e-06
6.28676e-06
6.21088e-06
0.00079364
0.00368768
6.1147e-06
6.27389e-06
6.19519e-06
7.68593e-06
2.50012e-05
6.18512e-06
6.24378e-06
6.27863e-06
6.11715e-06
6.1765e-06
4.77393e-09
7.22663e-06
0.00594364
6.0731e-06
6.22692e-06
6.22965e-06
3.38848e-07
7.68543e-08
6.18405e-06
6.18088e-06
6.19304e-06
6.2221e-06
6.14944e-06
6.10989e-06
6.69811e-06
6.18615e-06
6.11581e-06
6.65392e-06
6.31317e-06
6.04707e-06
7.42382e-06
6.22893e-06
5.58375e-06
6.18938e-06
3.35791e-06
9.20332e-08
7.96573e-06
6.21502e-06
6.23035e-06
0.000238338
6.21139e-06
8.40859e-06
6.17745e-06
6.18135e-06
7.08973e-06
6.26471e-06
6.18961e-06
6.53321e-06
6.18435e-06
1.09661e-06
6.18461e-06
6.15608e-06
6.11141e-06
6.13851e-06
6.16293e-06
6.1836e-06
7.21777e-06
6.27229e-06
6.16581e-06
6.27065e-06
6.18278e-06
6.18581e-06
6.1828e-06
8.17104e-06
0.000422785
6.2213e-06
6.18503e-06
6.11524e-06
6.19352e-06
6.20058e-06
6.18598e-06
6.30548e-06
6.18609e-06
6.28744e-06
7.79478e-06
0.00149237
6.20182e-06
6.18147e-06
6.22448e-06
6.43433e-06
6.256e-06
6.2211e-06
6.19845e-06
6.19416e-06
8.223e-08
6.26167e-06
6.27506e-06
6.19467e-06
6.37204e-06
3.2484e-09
6.18873e-06
6.18751e-06
0.00206774
6.26077e-06
6.04173e-06
6.18119e-06
6.22963e-06
2.91061e-07
6.21875e-06
6.17929e-06
4.3974e-05
6.30905e-06
6.24023e-06
6.18467e-06
6.04231e-06
6.12145e-06
6.17522e-06
6.17235e-06
6.20745e-06
6.21396e-06
0.00355658
6.20597e-06
6.92889e-09
6.20392e-06
6.22922e-06
9.99113e-05
6.08222e-06
6.25255e-06
6.18363e-06
8.47328e-06
6.18429e-06
6.19401e-06
6.22299e-06
7.26298e-06
6.18158e-06
6.17837e-06
6.17973e-06
6.2319e-06
6.38785e-06
6.80872e-06
1.06461e-06
6.18264e-06
6.23078e-06
6.19313e-06
6.19357e-06
6.32153e-06
6.20892e-06
6.28322e-06
6.16372e-06
6.19163e-06
6.18174e-06
6.19934e-06
6.14128e-06
6.33099e-06
6.20339e-06
0.0062874
6.83588e-06
6.23312e-06
6.19817e-06
6.18226e-06
6.18532e-06
6.39787e-06
6.91869e-06
6.18427e-06
6.18451e-06
6.2432e-06
6.16456e-06
6.28897e-06
0.000122826
7.71084e-06
1.45572e-11
6.18568e-06
6.18219e-06
6.181e-06
6.18444e-06
6.31673e-06
6.17283e-06
6.22258e-06
6.28246e-06
6.17979e-06
6.21576e-06
0.00415574
0.000864937
6.18591e-06
6.18527e-06
6.12701e-06
6.24525e-06
7.25232e-06
6.31259e-06
6.17143e-06
8.46621e-06
6.16457e-06
6.23104e-06
6.18581e-06
6.17118e-06
6.17478e-06
6.18018e-06
5.36482e-06
6.2459e-06
6.19773e-06
6.18037e-06
0.000242664
6.26472e-06
6.12896e-06
6.96509e-06
6.62873e-06
6.19944e-06
6.17877e-06
6.19022e-06
2.27118e-06
6.18805e-06
6.17313e-06
6.19978e-06
1.56718e-06
6.26416e-06
6.2046e-06
6.2167e-06
6.17363e-06
6.18886e-06
6.24549e-06
7.40853e-06
6.18311e-06
0.00154751
6.18514e-06
6.18549e-06
6.22013e-06
6.53007e-06
6.19241e-06
6.28648e-06
6.22216e-06
6.18133e-06
6.18929e-06
6.2411e-06
6.21811e-06
6.19192e-06
6.25364e-06
6.23018e-06
6.16342e-06
2.52221e-07
5.23203e-11
6.17618e-06
6.18606e-06
1.2654e-06
6.10149e-06
6.29638e-06
3.53649e-06
6.17484e-06
7.23064e-06
6.48853e-06
6.26153e-06
7.01724e-06
2.21174e-06
3.28444e-07
6.1867e-06
6.89402e-06
0.00449238
1.24395e-06
6.11268e-06
6.18243e-06
6.18528e-06
6.61849e-06
0.00430894
6.17378e-06
6.17872e-06
6.22982e-06
6.18219e-06
6.18793e-06
6.22876e-06
6.18449e-06
6.28055e-06
6.18011e-06
6.21332e-06
6.21242e-06
6.21632e-06
0.00150246
6.10512e-06
6.23093e-06
6.20507e-06
6.30594e-06
6.19717e-06
6.18265e-06
6.2042e-06
6.2286e-06
7.35842e-06
6.18337e-06
0.000228218
6.12046e-06
6.19064e-06
6.21548e-06
7.5211e-06
6.27317e-06
6.28077e-06
6.18104e-06
6.19261e-06
7.79473e-06
6.21839e-06
6.19936e-06
6.29232e-06
7.79844e-06
6.16004e-06
6.22196e-06
6.22035e-06
6.17956e-06
6.21518e-06
6.18569e-06
6.19142e-06
6.18526e-06
6.97036e-06
6.17541e-06
6.20188e-06
0.00025904
0.00616926
6.19188e-06
6.21447e-06
6.21568e-06
7.48112e-06
6.23392e-06
3.25568e-06
6.18052e-06
6.22671e-06
0.000945199
6.84642e-06
6.22254e-06
1.6945e-06
6.17443e-06
6.19296e-06
6.19626e-06
4.72081e-06
7.47015e-11
6.27059e-06
6.21347e-06
0.00710557
6.23189e-06
6.1829e-06
0.000128509
6.16707e-06
6.18199e-06
6.19291e-06
6.17457e-06
6.21787e-06
6.20217e-06
6.2717e-06
6.18545e-06
6.17978e-06
0.000778488
1.14386e-06
1.7715e-10
6.28289e-06
6.54298e-06
1.98541e-11
6.27574e-06
1.34921e-06
4.7981e-06
6.18669e-06
0.000351273
6.23844e-06
0.00795205
6.26279e-06
6.1824e-06
6.18842e-06
6.22625e-06
6.18489e-06
6.20055e-06
6.27956e-06
6.18139e-06
6.13887e-06
6.20944e-06
6.87706e-06
6.18374e-06
6.1938e-06
6.01887e-06
0.00524271
6.19418e-06
6.07565e-06
6.18078e-06
0.00345569
6.17579e-06
6.26209e-06
5.49836e-06
6.57209e-08
6.17647e-06
6.18266e-06
6.25167e-06
0.00106012
4.90883e-11
0.0109238
0.00443261
0.00552552
6.50596e-06
6.18561e-06
6.2017e-06
6.17901e-06
6.18519e-06
6.18199e-06
6.18542e-06
6.25551e-06
6.18511e-06
6.62387e-06
0.0114404
6.22047e-06
6.13824e-06
6.20755e-06
6.16773e-06
6.24443e-06
7.4265e-06
8.25348e-10
0.000139588
6.18136e-06
6.21253e-06
0.000200644
0.00597348
6.21762e-06
6.18408e-06
6.21422e-06
0.00197225
6.1873e-06
6.27395e-06
6.55489e-06
6.17732e-06
7.37548e-06
6.65695e-06
6.18539e-06
6.18306e-06
6.17903e-06
6.19458e-06
6.22095e-06
6.18524e-06
6.23146e-06
6.18233e-06
6.17988e-06
6.18909e-06
6.18266e-06
6.22901e-06
8.5433e-06
6.25106e-06
6.23894e-06
3.00211e-06
7.64761e-06
0.00682451
6.18564e-06
4.29526e-06
2.33239e-05
6.18358e-06
7.5836e-06
6.26572e-06
3.10148e-06
6.69192e-06
8.91651e-06
6.01798e-06
1.0488e-16
6.49884e-06
6.18292e-06
6.39885e-06
6.1794e-06
6.16969e-06
6.21904e-06
6.22053e-06
6.18345e-06
6.17524e-06
6.18036e-06
7.26263e-06
6.09083e-06
6.18082e-06
6.1817e-06
5.60569e-08
1.77434e-06
6.22066e-06
6.05205e-06
6.16969e-06
6.22299e-06
6.18655e-06
6.2387e-06
6.23592e-06
6.21044e-06
7.47487e-06
6.16402e-06
6.20195e-06
6.18042e-06
6.18085e-06
6.23025e-06
6.17297e-06
6.27506e-06
6.30705e-06
0.000960017
6.99221e-07
6.17731e-06
7.28415e-06
6.19376e-06
6.22892e-06
6.18341e-06
2.30067e-06
6.20368e-06
6.27068e-06
6.38118e-06
6.19345e-06
7.18807e-06
6.20404e-06
6.24783e-06
6.1924e-06
6.25199e-06
6.27163e-06
0.0017402
6.2267e-06
6.25236e-06
6.17565e-06
8.69368e-06
6.19183e-06
2.40519e-09
5.16574e-07
6.17209e-06
6.29856e-06
6.18585e-06
6.18474e-06
6.23323e-06
0.0101184
8.6043e-06
6.17831e-06
6.18395e-06
6.19435e-06
6.18882e-06
6.18602e-06
6.24372e-06
6.18257e-06
7.51701e-06
6.23054e-06
6.23035e-06
6.18589e-06
6.18616e-06
6.21453e-06
6.18899e-06
6.18864e-06
6.18177e-06
6.18819e-06
8.87709e-06
6.2046e-06
6.27183e-06
6.23812e-06
6.18663e-06
6.38025e-06
6.18073e-06
6.16332e-06
2.80926e-10
0.00185755
0.00864058
0.0100836
6.95531e-07
2.57275e-05
6.25802e-06
6.16337e-06
2.77434e-09
7.19526e-06
1.0239e-06
6.24806e-06
6.25978e-06
6.23638e-06
6.18603e-06
6.23806e-06
6.18598e-06
0.00860127
6.25378e-06
4.99545e-07
6.15694e-06
4.14388e-08
6.4909e-06
0.00106636
6.1887e-06
0.0104213
6.2593e-06
6.28299e-06
6.31277e-06
6.18648e-06
6.27437e-06
6.23201e-06
0.00982455
6.21395e-06
3.85738e-09
6.23156e-06
6.17909e-06
6.17245e-06
1.66435e-09
6.25262e-06
6.23108e-06
6.17419e-06
6.19885e-06
6.2094e-06
6.18584e-06
6.1795e-06
6.18302e-06
0.00869112
7.56915e-06
6.17843e-06
6.16098e-06
6.18142e-06
6.13427e-06
0.00667443
6.19115e-06
6.13008e-06
6.21505e-06
6.23855e-06
6.2537e-06
6.24017e-06
6.17067e-06
7.27198e-06
6.18487e-06
6.17734e-06
6.20503e-06
6.21612e-06
6.17576e-06
6.18503e-06
6.19347e-06
6.30576e-06
6.18457e-06
6.16351e-06
0.00163964
6.18237e-06
0.0112427
6.1901e-06
6.17827e-06
6.23582e-06
6.25374e-06
6.24144e-06
6.30241e-06
6.78462e-06
2.26439e-07
6.18385e-06
0.000154691
2.67033e-07
3.26965e-07
6.18499e-06
6.14362e-06
6.2069e-06
6.10931e-06
6.57691e-06
2.70803e-05
6.19833e-06
7.11687e-06
6.27459e-06
6.20805e-06
6.28589e-06
6.09545e-06
6.19117e-06
7.47866e-09
6.18399e-06
6.18125e-06
3.10932e-06
6.25495e-06
6.28192e-06
6.18403e-06
6.14213e-06
6.26611e-06
6.23281e-06
6.18208e-06
6.22998e-06
0.00150217
8.87793e-06
6.27135e-06
6.27845e-06
6.229e-06
6.19317e-06
8.13095e-08
6.18445e-06
6.2008e-06
9.1761e-05
6.24403e-06
0.000408655
8.37111e-06
6.28197e-06
6.18502e-06
6.23657e-06
6.18524e-06
6.24316e-06
6.23675e-06
2.61882e-06
0.000784926
7.16017e-06
6.27174e-06
6.32115e-06
6.19909e-06
1.7558e-07
6.15779e-06
6.19486e-06
6.25521e-06
6.1764e-06
0.0111312
8.82854e-06
6.23202e-06
6.12847e-06
6.19279e-06
6.25255e-06
6.18609e-06
7.03071e-06
6.27372e-06
6.18575e-06
5.72203e-05
6.23973e-06
6.17482e-06
6.8604e-06
6.24121e-06
0.00225948
6.18466e-06
6.18342e-06
6.18261e-06
6.18494e-06
0.00964458
6.23552e-06
3.81251e-06
6.2312e-06
6.23385e-06
6.18581e-06
6.17811e-06
6.18004e-06
2.18648e-06
6.28575e-06
3.53134e-06
6.19243e-06
6.27322e-06
6.29273e-06
6.19131e-06
0.000995492
6.24686e-06
9.23279e-06
6.18273e-06
6.68924e-06
5.19581e-12
6.50969e-06
6.18013e-06
6.18853e-06
6.19793e-06
6.18921e-06
6.18322e-06
0.0012535
0.00158543
6.20524e-06
6.1854e-06
9.24318e-06
6.18112e-06
6.23958e-06
6.18591e-06
6.24529e-06
6.18527e-06
6.18067e-06
6.18581e-06
6.12898e-06
6.28155e-06
6.18186e-06
0.000810123
4.67414e-07
6.18329e-06
6.51311e-06
6.18319e-06
6.2868e-06
6.30876e-06
1.5078e-07
6.18178e-06
0.00047746
6.18255e-06
6.18888e-06
2.8709e-08
6.64478e-07
6.85926e-06
6.23652e-06
6.18373e-06
0.000844812
7.07796e-06
6.18308e-06
6.19106e-06
6.07776e-06
6.14578e-06
6.26293e-06
6.22177e-06
6.23381e-06
6.23217e-06
6.18208e-06
6.1861e-06
5.29368e-10
6.19441e-06
7.52291e-06
6.20757e-06
6.25309e-06
6.22836e-06
6.18295e-06
7.72371e-06
6.22268e-06
6.19131e-06
6.28187e-06
6.4791e-06
6.68638e-06
6.22921e-06
6.19811e-06
6.22975e-06
6.27711e-06
1.00361e-05
2.86781e-08
6.15747e-06
6.26028e-06
6.13589e-06
8.91095e-06
6.18197e-06
6.10477e-06
8.16561e-06
6.23224e-06
2.50194e-10
6.18235e-06
6.26747e-06
6.25902e-06
6.23104e-06
6.18538e-06
5.28809e-10
8.1712e-09
6.23135e-06
3.0435e-06
6.57389e-06
6.14344e-06
6.36458e-06
6.27413e-06
6.08974e-06
6.07959e-06
6.23412e-06
6.24229e-06
6.83945e-06
6.23016e-06
6.2558e-06
6.25534e-06
6.24028e-06
6.26153e-06
6.01635e-06
6.19202e-06
2.07716e-06
8.18961e-06
6.22541e-06
6.20273e-06
1.63431e-06
3.16265e-06
6.18296e-06
6.18528e-06
6.23363e-06
6.19681e-06
2.72256e-07
6.17822e-06
6.17924e-06
6.10614e-06
6.31812e-06
8.54684e-06
6.12384e-06
6.53977e-06
6.18534e-06
1.02232e-06
1.41406e-07
6.24532e-06
8.0964e-06
6.19501e-06
6.16882e-06
0.000773451
6.26595e-06
6.26869e-06
6.22617e-06
6.3726e-06
6.19003e-06
6.27403e-06
7.32281e-06
6.26802e-06
0.00162164
6.06946e-06
6.18617e-06
6.18285e-06
6.23088e-06
7.58541e-06
7.08696e-06
6.17975e-06
6.18461e-06
0.00259298
8.69919e-06
6.18081e-06
6.28104e-06
6.18586e-06
6.25026e-06
5.16217e-08
6.23024e-06
6.25581e-06
6.18072e-06
7.38404e-06
5.30953e-05
6.43374e-06
0.000140759
6.18153e-06
6.24014e-06
6.18446e-06
5.62198e-15
0.01083
6.19619e-06
6.18181e-06
6.1931e-06
7.98189e-09
6.24957e-06
6.1827e-06
6.18572e-06
6.23986e-06
6.19889e-06
5.432e-07
4.0011e-06
1.83819e-07
2.79276e-07
6.1702e-06
6.34184e-06
6.18499e-06
3.55187e-09
6.1975e-06
5.79169e-06
6.31256e-06
9.14848e-06
6.29869e-06
6.49961e-06
7.34323e-06
6.24895e-06
6.19216e-06
6.18365e-06
6.23186e-06
6.07985e-06
6.34268e-06
6.22941e-06
6.30063e-06
6.18953e-06
6.19345e-06
2.23422e-07
6.23025e-06
2.85529e-07
6.06867e-06
0.00119988
6.23135e-06
8.31382e-06
6.20446e-06
6.19186e-06
6.28141e-06
5.56627e-08
0.000647077
6.29047e-06
6.19027e-06
6.22873e-06
6.1826e-06
6.18471e-06
6.18449e-06
6.18757e-06
0.0101053
6.187e-06
6.23841e-06
0.00104693
6.1926e-06
2.89849e-07
6.28026e-06
6.19045e-06
8.90516e-06
6.2289e-06
6.29147e-06
6.18596e-06
6.23915e-06
6.29284e-06
6.18483e-06
6.3075e-06
6.26892e-06
6.178e-06
6.18222e-06
0.00170645
6.18412e-06
6.23832e-06
6.20406e-06
6.38855e-06
6.18079e-06
1.76773e-10
7.99252e-06
6.25911e-06
0.000836773
6.18601e-06
1.53973e-09
0.00112039
6.20297e-06
6.19343e-06
6.12666e-06
7.16872e-08
6.22935e-06
5.00197e-06
7.51883e-06
6.23203e-06
2.53538e-06
6.06452e-06
6.28336e-06
6.22876e-06
6.0404e-06
4.40618e-06
6.22823e-06
6.13965e-06
6.16666e-06
6.23376e-06
6.12695e-06
6.22916e-06
6.1859e-06
6.27305e-06
6.20261e-06
6.18588e-06
6.23098e-06
6.28909e-06
6.2031e-06
6.25515e-06
6.23345e-06
6.18561e-06
1.02809e-12
2.43722e-08
6.2115e-06
6.1832e-06
6.23883e-06
6.19283e-06
6.18147e-06
6.24498e-06
8.37399e-06
0.00401752
7.97639e-06
6.18704e-06
6.60907e-06
6.19189e-06
6.18237e-06
1.05799e-06
8.77106e-07
6.25719e-06
6.18566e-06
0.0111782
6.24159e-06
1.55986e-10
5.55531e-10
6.71024e-06
1.80314e-06
6.18078e-06
4.20817e-11
6.12429e-06
6.24631e-06
6.36048e-06
6.18609e-06
6.29999e-06
6.2339e-06
0.000998169
6.18611e-06
1.84586e-07
2.28754e-09
6.1461e-06
6.18338e-06
5.80969e-07
6.23048e-06
7.26962e-06
6.48733e-06
5.9557e-06
6.28056e-06
6.17812e-06
6.2747e-06
1.73983e-06
6.14066e-06
6.28378e-06
6.15889e-06
8.02887e-11
6.24799e-06
6.23884e-06
6.1846e-06
6.23323e-06
6.17261e-06
0.00181653
6.18519e-06
6.29504e-06
6.28442e-06
0.0002313
6.27884e-06
1.16735e-09
6.28918e-06
6.18471e-06
6.18601e-06
6.23376e-06
6.18073e-06
6.29101e-06
2.99292e-06
6.18305e-06
9.19076e-06
3.14474e-06
6.09044e-06
6.2744e-06
6.24528e-06
6.18451e-06
6.34051e-06
4.00182e-11
0.0109598
6.09703e-06
1.86934e-07
6.1103e-06
6.18094e-06
6.22045e-06
6.24432e-06
6.29282e-06
6.37365e-06
0.000943945
1.32282e-09
6.28298e-06
7.97378e-06
6.26883e-06
6.16702e-06
6.18746e-06
2.62775e-11
1.88526e-11
6.18549e-06
6.28081e-06
6.32083e-06
6.28325e-06
6.60517e-06
0.00561799
6.31574e-06
4.38845e-07
6.89453e-06
6.09433e-06
6.19596e-06
6.98151e-06
6.19088e-06
6.18403e-06
6.32675e-06
0.00112758
0.000500452
0.00566444
6.27234e-06
0.00119858
5.98658e-06
6.18595e-06
6.2487e-06
6.17529e-06
6.15507e-06
6.86234e-06
6.27057e-06
6.04435e-06
0.0110573
7.01004e-06
5.52799e-06
0.000463311
5.30168e-06
6.18169e-06
4.95841e-06
6.18543e-06
6.18483e-06
6.68658e-09
7.77759e-06
4.22391e-08
8.15981e-06
6.27965e-06
6.53259e-06
6.18034e-06
6.18555e-06
6.18614e-06
6.23311e-06
5.0348e-06
5.39729e-06
6.23852e-06
6.18501e-06
6.07574e-06
0.00451045
0.00118487
8.46362e-06
6.09771e-06
6.46786e-09
6.09142e-06
7.56375e-06
6.18496e-06
7.50391e-06
6.19111e-06
6.18383e-06
0.000790325
7.11061e-05
6.29022e-06
7.06116e-06
7.21693e-06
0.00103661
6.28905e-06
0.0013378
6.16342e-06
6.18656e-06
2.65843e-06
7.23689e-06
6.10204e-06
7.17253e-06
6.1814e-06
6.19561e-06
6.18367e-06
6.34266e-06
6.25054e-06
7.63727e-06
6.05762e-06
4.79322e-06
0.00139614
6.19374e-06
4.38385e-10
0.00136097
6.18577e-06
8.23561e-06
2.7729e-07
6.57559e-06
0.01003
1.3406e-06
6.16248e-06
6.33509e-06
3.43614e-05
6.23384e-06
2.34922e-06
6.11587e-06
8.41795e-06
6.1846e-06
9.86518e-08
3.70242e-08
0.000579764
6.17594e-06
5.88127e-08
3.14312e-06
6.15396e-06
6.05395e-06
6.24028e-06
6.32484e-06
9.00596e-06
6.17066e-06
6.18246e-06
6.18516e-06
6.18182e-06
7.84646e-06
6.17947e-06
6.39696e-07
6.58036e-06
4.03305e-06
6.32701e-06
8.86241e-06
6.1904e-06
0.00812721
6.18305e-06
6.81854e-08
6.24967e-06
6.28865e-06
6.09223e-06
4.74218e-08
6.2378e-06
6.17956e-06
6.17835e-06
6.18567e-06
9.2047e-06
6.09434e-06
6.18224e-06
6.12163e-06
1.09394e-07
6.17787e-06
6.17936e-06
6.26472e-06
0.000597853
6.32774e-06
9.04079e-06
6.23825e-06
6.07984e-06
6.18595e-06
0.00787177
6.16712e-06
8.92531e-06
6.18336e-06
0.000382331
6.07024e-06
6.18869e-06
6.41841e-06
0.00378581
6.02553e-06
7.22998e-06
4.16895e-07
6.12087e-06
4.98212e-07
6.18147e-06
6.18059e-06
7.48936e-06
7.50671e-07
6.0527e-06
3.6005e-08
6.02786e-06
6.18094e-06
5.90602e-09
8.2143e-06
0.00852127
7.22349e-07
0.000861888
5.12219e-05
6.329e-06
6.34005e-06
6.18576e-06
6.17984e-06
0.000137826
6.53625e-06
6.27234e-06
6.18778e-06
7.50676e-06
8.10726e-06
6.18167e-06
4.52006e-06
6.31078e-06
6.19707e-06
6.18283e-06
6.16536e-06
6.35771e-06
6.34529e-06
5.99425e-06
6.31515e-06
6.185e-06
6.18358e-06
0.000584639
6.29348e-06
4.90621e-08
0.00113415
3.80567e-12
6.25949e-06
4.97236e-07
5.99783e-06
6.24711e-06
6.18246e-06
6.17967e-06
6.10123e-06
6.27171e-06
6.23073e-06
6.21829e-06
6.27875e-06
0.00136032
1.35818e-06
1.24171e-06
8.35999e-07
2.71194e-05
0.00272486
1.99579e-06
0.0113547
0.0073825
6.21913e-06
7.83972e-06
0.00287972
0.00217963
8.54497e-06
6.29606e-06
6.18159e-06
7.34399e-06
6.3279e-06
0.00858212
0.000935017
0.011404
1.26651e-07
7.39398e-06
6.45512e-09
0.000717949
6.18279e-06
0.00238588
0.000434238
6.17653e-06
9.05094e-06
6.19096e-06
0.00063363
6.18474e-06
7.68524e-07
0.0074308
6.18109e-06
2.33979e-08
0.00166268
6.18156e-06
5.24419e-08
6.30842e-06
8.0741e-06
2.64778e-06
2.18396e-08
6.32161e-06
6.29611e-06
0.00996276
6.16231e-06
2.52275e-06
4.78284e-07
9.12953e-07
7.3354e-06
6.44908e-06
8.75566e-06
0.000814135
0.000257313
3.20164e-07
6.24795e-06
2.26879e-09
0
8.44129e-06
8.26421e-06
4.37587e-10
2.08732e-06
7.22208e-08
5.52295e-06
6.17999e-06
0.000238026
0.000584027
6.1814e-06
3.5341e-07
2.66689e-07
6.18126e-06
6.18107e-06
1.67169e-09
6.24636e-06
7.20183e-06
6.18051e-06
1.66758e-07
1.51608e-08
3.10491e-07
6.18203e-06
5.16091e-06
6.16038e-06
8.54674e-06
3.08162e-07
9.00539e-06
3.48381e-10
6.18083e-06
6.1784e-06
7.63436e-06
7.40573e-06
6.16141e-06
6.7044e-06
6.16191e-06
6.18191e-06
6.17347e-06
1.45339e-06
0.000129398
6.15999e-06
5.60655e-07
5.15607e-06
1.94249e-06
1.46448e-06
6.17944e-06
6.16947e-06
7.67601e-06
1.91622e-06
6.08973e-06
4.81201e-06
5.84888e-06
6.22018e-06
0.000222548
8.88986e-06
7.17511e-06
9.03338e-06
6.22095e-06
3.23199e-07
3.99283e-06
6.24662e-06
8.62087e-06
6.09882e-06
6.20328e-06
6.82769e-06
6.3953e-06
7.93486e-06
6.66469e-06
6.63798e-06
3.79262e-06
6.09668e-06
6.6775e-06
6.22132e-06
6.20509e-06
7.99244e-06
7.47297e-06
6.16029e-06
6.17397e-06
9.20303e-06
7.01699e-06
6.22074e-06
7.23415e-06
6.1398e-06
6.16464e-06
8.9952e-06
8.7991e-06
9.27485e-06
8.92378e-06
6.16204e-06
6.95955e-06
8.256e-06
1.26569e-07
6.06557e-06
6.78671e-06
6.51429e-06
6.22626e-06
6.09053e-06
9.32319e-06
7.59416e-06
6.20432e-06
8.74415e-06
9.80627e-09
6.30018e-06
7.3614e-06
6.11957e-06
6.15865e-06
6.50797e-06
6.20049e-06
6.18059e-06
6.40064e-06
6.16e-06
4.24618e-13
6.19044e-06
6.17434e-06
6.15444e-06
0.00103164
6.21373e-06
6.17484e-06
6.15604e-06
6.21368e-06
0.00197995
6.15547e-06
6.1774e-06
6.26352e-06
6.19016e-06
6.17593e-06
6.19622e-06
6.21366e-06
6.18549e-06
6.15345e-06
6.16017e-06
6.17591e-06
6.17696e-06
6.25492e-06
6.17554e-06
6.16135e-06
6.18539e-06
6.1591e-06
6.20528e-06
6.17465e-06
6.16072e-06
6.20443e-06
6.15789e-06
6.62829e-06
6.20661e-06
6.18327e-06
6.17683e-06
6.23474e-06
6.18319e-06
6.20719e-06
6.164e-06
6.17546e-06
7.00419e-06
6.1617e-06
6.17645e-06
6.17403e-06
6.17509e-06
6.20557e-06
6.18346e-06
6.16071e-06
6.15825e-06
6.15982e-06
6.2051e-06
6.19995e-06
6.17548e-06
6.17638e-06
6.17811e-06
6.17761e-06
6.1798e-06
6.16234e-06
6.17515e-06
6.15761e-06
6.18534e-06
6.18213e-06
6.17545e-06
6.15753e-06
6.17641e-06
6.16596e-06
6.21799e-06
6.17664e-06
6.20735e-06
6.22e-06
6.16112e-06
6.17629e-06
6.16171e-06
6.21831e-06
6.18334e-06
6.17794e-06
6.17909e-06
6.17644e-06
6.2199e-06
6.18139e-06
6.18382e-06
6.15961e-06
6.35905e-06
6.17601e-06
6.16168e-06
6.17601e-06
6.17846e-06
6.18535e-06
6.16471e-06
6.18296e-06
6.17477e-06
6.17555e-06
6.1821e-06
6.16273e-06
6.17638e-06
6.18573e-06
6.18609e-06
6.1845e-06
6.18573e-06
6.17517e-06
6.18325e-06
6.18343e-06
6.16364e-06
6.18457e-06
6.17914e-06
6.18313e-06
6.17573e-06
6.18597e-06
6.18407e-06
6.2193e-06
6.16104e-06
6.16194e-06
6.18668e-06
6.18357e-06
6.18503e-06
6.16293e-06
6.18003e-06
6.19811e-06
6.19548e-06
6.19298e-06
6.18277e-06
6.18313e-06
0.00517459
6.17725e-06
6.19594e-06
6.21958e-06
6.1626e-06
6.18597e-06
6.18381e-06
6.18452e-06
6.18591e-06
6.18588e-06
6.16431e-06
6.16172e-06
6.18927e-06
6.18435e-06
6.17758e-06
6.17634e-06
6.16497e-06
6.21422e-06
6.18584e-06
6.16406e-06
6.18124e-06
6.18386e-06
6.1684e-06
6.18455e-06
6.1844e-06
6.18573e-06
5.65407e-06
6.1628e-06
6.1837e-06
6.18201e-06
6.17942e-06
6.18483e-06
6.18452e-06
6.18314e-06
6.17826e-06
6.17156e-06
6.18271e-06
6.17927e-06
6.18216e-06
6.17142e-06
6.17007e-06
6.16432e-06
6.1848e-06
6.16389e-06
6.18317e-06
6.18508e-06
6.18835e-06
5.90901e-06
6.18782e-06
6.18528e-06
6.18263e-06
6.18652e-06
6.1638e-06
6.17695e-06
6.18476e-06
6.16539e-06
6.16705e-06
6.15662e-06
6.18956e-06
6.19375e-06
6.18836e-06
6.16426e-06
6.19906e-06
6.163e-06
6.19931e-06
6.18323e-06
6.20338e-06
6.1882e-06
6.16333e-06
6.18261e-06
6.18955e-06
6.16802e-06
6.18609e-06
6.18466e-06
6.18952e-06
6.17202e-06
6.18922e-06
6.1837e-06
6.18258e-06
6.20005e-06
6.17917e-06
6.17817e-06
6.18363e-06
6.18419e-06
6.16994e-06
6.17562e-06
6.16499e-06
6.33263e-06
6.18492e-06
6.16642e-06
6.60873e-06
6.20044e-06
6.1827e-06
6.87123e-06
6.18476e-06
6.18358e-06
6.19053e-06
6.20502e-06
6.18356e-06
6.17683e-06
6.18897e-06
6.20565e-06
6.20395e-06
6.18212e-06
6.20577e-06
6.18471e-06
6.16721e-06
6.17087e-06
6.20732e-06
6.65915e-06
6.18305e-06
6.16962e-06
6.18241e-06
6.18099e-06
6.2099e-06
6.20937e-06
6.19516e-06
6.16892e-06
6.20797e-06
6.18298e-06
6.18747e-06
6.2045e-06
6.1737e-06
6.18313e-06
6.18351e-06
6.20543e-06
6.20309e-06
6.18551e-06
6.17251e-06
6.1833e-06
4.00388e-06
6.19249e-06
6.20179e-06
6.19681e-06
6.20175e-06
6.95033e-06
6.20348e-06
6.20019e-06
6.22427e-06
6.20241e-06
6.18847e-06
6.18288e-06
6.18417e-06
6.19262e-06
6.24671e-06
6.17772e-06
6.18181e-06
6.19705e-06
3.64479e-06
6.20307e-06
6.20475e-06
6.1685e-06
6.18187e-06
6.17878e-06
6.20639e-06
6.1918e-06
6.24201e-06
6.20553e-06
6.20519e-06
6.20788e-06
6.20516e-06
6.18494e-06
6.20527e-06
6.16785e-06
6.30715e-06
6.2089e-06
6.20658e-06
6.20678e-06
6.16546e-06
6.19638e-06
6.20566e-06
6.20519e-06
6.206e-06
6.15411e-06
6.19753e-06
6.20289e-06
6.21041e-06
6.2986e-06
6.2095e-06
6.21249e-06
6.20718e-06
6.16256e-06
6.16966e-06
6.21061e-06
6.21413e-06
6.20639e-06
6.15784e-06
6.2078e-06
6.17354e-06
6.21507e-06
6.21861e-06
6.15625e-06
6.21167e-06
6.20869e-06
6.21729e-06
6.20486e-06
6.20963e-06
6.22315e-06
6.21298e-06
6.2208e-06
6.21204e-06
6.23053e-06
6.17745e-06
6.2157e-06
6.21465e-06
6.2264e-06
6.21929e-06
6.21775e-06
6.26051e-06
6.20546e-06
6.20154e-06
6.17786e-06
6.17567e-06
6.20556e-06
6.24418e-06
6.19742e-06
6.16452e-06
6.15471e-06
6.15266e-06
6.16644e-06
6.15389e-06
6.15644e-06
6.21708e-06
6.15474e-06
0.00519475
6.17595e-06
6.1635e-06
6.19799e-06
0.00336542
6.15192e-06
6.157e-06
6.15334e-06
6.16768e-06
6.21425e-06
6.15438e-06
6.15771e-06
6.15131e-06
6.15722e-06
6.18771e-06
6.15616e-06
6.15522e-06
6.15408e-06
6.1532e-06
0.0034262
6.18779e-06
6.15057e-06
6.15377e-06
6.15012e-06
6.15432e-06
6.21406e-06
6.15709e-06
6.23895e-06
6.15796e-06
6.15184e-06
6.15463e-06
6.15714e-06
6.18507e-06
6.15331e-06
3.10294e-06
6.75943e-06
8.24314e-06
6.0653e-06
6.17707e-06
6.17e-06
6.09275e-06
0.0118964
0.00188447
0.00336375
0.011708
6.15199e-06
6.15267e-06
6.17343e-06
6.13845e-06
6.17577e-06
6.17311e-06
0.00193267
0.0112465
6.17986e-06
6.1766e-06
6.17414e-06
6.17396e-06
6.17308e-06
6.23887e-06
6.18083e-06
6.18006e-06
6.1828e-06
6.18464e-06
6.21553e-06
6.17823e-06
6.14836e-06
6.20636e-06
6.21466e-06
6.17783e-06
6.23897e-06
6.15037e-06
6.15069e-06
6.21493e-06
6.20369e-06
6.18482e-06
6.15053e-06
9.354e-06
9.29999e-06
6.21465e-06
6.2187e-06
6.21647e-06
6.17836e-06
6.17901e-06
6.1521e-06
6.20438e-06
6.16922e-06
6.17218e-06
6.18239e-06
6.21569e-06
6.15598e-06
6.18084e-06
6.17958e-06
7.66184e-06
6.15318e-06
6.15668e-06
6.21535e-06
6.22365e-06
6.21967e-06
6.21551e-06
6.15175e-06
6.15131e-06
6.19443e-06
6.22135e-06
6.18454e-06
6.1797e-06
6.15783e-06
6.51061e-06
6.15269e-06
6.15025e-06
6.22145e-06
6.2192e-06
6.15285e-06
6.2066e-06
6.1949e-06
6.1707e-06
6.13475e-06
6.13398e-06
6.21966e-06
0.012066
6.28781e-06
6.15664e-06
7.74763e-06
6.22235e-06
6.06998e-06
6.13359e-06
6.30693e-06
6.29172e-06
6.14737e-06
6.15224e-06
6.13825e-06
6.06718e-06
6.27363e-06
6.18502e-06
6.17968e-06
6.17885e-06
6.14702e-06
6.15683e-06
6.1909e-06
6.22286e-06
6.22223e-06
6.18096e-06
6.17889e-06
6.28858e-06
8.27436e-06
6.22107e-06
6.17389e-06
0.010272
6.22118e-06
6.16334e-06
6.18681e-06
0.00519181
0.0113696
6.18237e-06
0.00839327
0.00825112
0.00677563
6.20148e-06
6.18516e-06
0.0112656
6.17911e-06
0.0058231
6.20453e-06
0.00880334
6.20217e-06
0.00893039
0.00891356
6.17998e-06
8.01374e-06
0.0112668
0.00897375
6.17071e-06
6.20143e-06
6.17294e-06
6.33031e-06
0.00704487
0.0103331
0.00705984
0.00879592
0.00519296
6.20319e-06
6.186e-06
0.00868623
0.0102123
6.08699e-06
0.00846212
0.00710181
0.00698831
0.00340365
6.20709e-06
6.20785e-06
6.21108e-06
6.17513e-06
0.010203
6.1632e-06
6.08772e-06
0.0088483
6.20226e-06
0.00701981
6.17268e-06
6.20619e-06
6.17544e-06
6.07257e-06
6.17684e-06
0.00873385
0.00517785
6.17611e-06
6.17387e-06
6.16889e-06
6.16852e-06
6.22766e-06
6.09648e-06
6.17553e-06
6.07791e-06
6.17323e-06
6.17242e-06
6.13997e-06
0.00347077
6.1849e-06
6.21011e-06
6.18727e-06
6.19216e-06
6.18901e-06
0.0111548
6.32756e-06
6.38925e-06
6.22487e-06
6.1874e-06
6.41666e-06
6.17395e-06
6.45e-06
6.1953e-06
6.09637e-06
0.0117756
0.0120224
6.17449e-06
3.85272e-05
6.16624e-06
7.11943e-06
6.17568e-06
6.077e-06
6.13011e-06
6.13486e-06
6.15986e-06
6.17641e-06
6.19899e-06
6.16367e-06
6.18524e-06
6.19032e-06
6.12953e-06
6.14047e-06
6.19289e-06
6.13485e-06
6.13765e-06
6.21009e-06
6.13436e-06
6.0831e-06
6.25314e-06
6.25662e-06
6.23963e-06
6.43014e-06
6.10376e-06
6.10865e-06
6.1497e-06
6.21186e-06
6.17089e-06
6.21225e-06
6.14495e-06
6.22465e-06
6.15157e-06
6.2026e-06
0.0119415
6.18565e-06
6.17238e-06
6.17345e-06
6.25751e-06
6.25034e-06
6.1768e-06
6.17056e-06
6.18421e-06
6.18174e-06
6.16894e-06
6.17929e-06
6.17506e-06
6.16858e-06
6.14677e-06
6.25058e-06
6.24062e-06
6.11656e-06
6.57259e-06
6.43966e-06
6.1238e-06
6.44336e-06
6.19247e-06
6.18286e-06
6.18051e-06
6.17636e-06
6.18043e-06
6.28313e-06
6.17115e-06
6.11791e-06
6.14872e-06
6.25592e-06
6.4044e-06
6.20539e-06
6.507e-06
3.98419e-11
6.09934e-06
7.1779e-06
6.26154e-06
6.27452e-06
6.19275e-06
6.25961e-06
6.28436e-06
6.28612e-06
6.28449e-06
6.18961e-06
6.17348e-06
6.17926e-06
6.87559e-06
6.18685e-06
6.26871e-06
6.26339e-06
6.17753e-06
6.13731e-06
6.24826e-06
6.1782e-06
6.26483e-06
6.17908e-06
6.17289e-06
6.14812e-06
6.14547e-06
0.000355791
6.08623e-06
6.42209e-06
0.0017194
6.11174e-06
6.20505e-06
6.38068e-06
1.21055e-05
1.30867e-06
0.000228611
6.2229e-06
6.15483e-06
6.15797e-06
9.58464e-06
6.36834e-06
6.2469e-06
6.13463e-06
6.1038e-06
6.09681e-06
6.19556e-06
6.09301e-06
6.1325e-06
0.0104952
6.14477e-06
6.14234e-06
6.15724e-06
6.07274e-06
6.14945e-06
6.24713e-06
6.35708e-06
6.18578e-06
6.46737e-06
6.17538e-06
6.17344e-06
6.18171e-06
6.19645e-06
6.48828e-06
3.43102e-06
6.34194e-06
6.18804e-06
0.0077941
6.17596e-06
6.17006e-06
6.19502e-06
6.19493e-06
6.19842e-06
6.4922e-06
6.16496e-06
1.9219e-06
6.26846e-06
2.27695e-05
6.17702e-06
6.18673e-06
0.0103381
6.17319e-06
6.18209e-06
6.30163e-06
6.18385e-06
9.24244e-06
6.1619e-06
6.16882e-06
6.15361e-06
6.26643e-06
6.22226e-06
6.22301e-06
6.27742e-06
6.25452e-06
6.2479e-06
6.20005e-06
6.28716e-06
6.28232e-06
6.33003e-06
6.25053e-06
6.48368e-06
6.1225e-06
6.1372e-06
6.24799e-06
6.11573e-06
6.18321e-06
6.63625e-06
6.15891e-06
6.12442e-06
6.08615e-06
6.18514e-06
6.17595e-06
6.24381e-06
6.15358e-06
7.94264e-06
9.49025e-07
7.94386e-06
6.21264e-06
3.14248e-09
6.2196e-06
6.22094e-06
6.15366e-06
0.000403101
6.27195e-06
6.27686e-06
6.47846e-06
6.19116e-06
6.23072e-06
1.09752e-05
6.2456e-06
6.19891e-06
0.000127555
6.17012e-06
1.98325e-07
0.000159735
6.45845e-06
1.91375e-05
6.1635e-06
6.18576e-06
2.72245e-05
6.2184e-06
6.21444e-06
0.000259318
6.24895e-06
6.08265e-06
6.18101e-06
8.01811e-06
6.13167e-06
3.77334e-05
6.18919e-06
4.52552e-05
0.000526894
6.092e-06
6.17259e-06
0.000503058
6.06733e-06
0.000492279
6.36203e-05
0.000479638
0.00047438
6.20415e-06
0.000104726
0.000429301
0.000121694
0.000401662
0.000405791
1.66436e-06
6.14642e-06
0.000390924
6.18351e-06
6.14926e-06
0.000150685
0.000341997
0.00016954
0.000331081
0.000331123
0.00018582
0.000190718
0.00032283
0.000217132
0.000311096
0.000277837
0.0002376
0.000227264
0.000298437
0.000254542
6.18875e-06
6.19488e-06
6.2047e-06
0.000338351
6.22241e-06
6.14213e-06
1.27325e-05
6.16102e-06
6.15523e-06
5.79803e-06
6.19395e-06
6.14091e-06
6.18466e-06
6.10548e-06
1.80079e-09
6.08519e-06
6.0997e-06
6.12626e-06
6.31037e-06
6.18955e-06
8.13737e-11
6.26133e-06
6.14349e-06
6.1928e-06
6.13636e-06
6.12794e-06
6.1345e-06
6.16719e-06
6.08389e-06
6.13987e-06
6.07431e-06
6.21699e-06
6.20976e-06
6.14392e-06
6.14608e-06
1.61055e-10
6.17845e-06
6.09658e-06
6.18361e-06
6.11808e-06
6.18407e-06
6.07405e-06
6.18061e-06
6.18925e-06
6.25452e-06
6.21319e-06
6.19155e-06
6.1344e-06
6.08647e-06
6.19296e-06
6.12384e-06
6.12333e-06
6.22863e-06
6.18226e-06
6.17944e-06
6.33051e-06
6.21287e-06
6.179e-06
0.00900196
6.19833e-06
7.61952e-06
6.07653e-06
6.16576e-06
6.18421e-06
6.15501e-06
6.26847e-06
6.29024e-06
6.16873e-06
6.08875e-06
6.16838e-06
6.18942e-06
6.07549e-06
6.09046e-06
6.15254e-06
6.10669e-06
6.09223e-06
6.23603e-06
6.17835e-06
6.0752e-06
6.16885e-06
6.14727e-06
5.49265e-06
6.22212e-06
6.16064e-06
6.28257e-06
6.26405e-06
6.21243e-06
6.18269e-06
6.08727e-06
6.17634e-06
6.08192e-06
6.22792e-06
6.10709e-06
6.2818e-06
6.08393e-06
6.15975e-06
6.24041e-06
6.10385e-06
6.18257e-06
6.08339e-06
6.11176e-06
6.13224e-06
6.13617e-06
0.00055908
6.18139e-06
6.12387e-06
6.18324e-06
5.30418e-06
6.18321e-06
6.2173e-06
6.22169e-06
6.12657e-06
6.11087e-06
0.0108952
5.07451e-06
0.00615881
0.00691547
6.15385e-06
6.15499e-06
6.18293e-06
6.19871e-06
6.13579e-06
6.12212e-06
6.07528e-06
6.48947e-06
6.24424e-06
6.08416e-06
6.20903e-06
6.77867e-06
6.08159e-06
6.22029e-06
6.18376e-06
6.18106e-06
6.12639e-06
6.18488e-06
6.20853e-06
6.2007e-06
6.13465e-06
6.14134e-06
6.10179e-06
6.19754e-06
6.18986e-06
6.17228e-06
3.99204e-06
6.18087e-06
6.07725e-06
6.17982e-06
6.23189e-06
0.000309986
6.09435e-06
6.13359e-06
6.18838e-06
0.000288526
7.74751e-10
0.00026937
6.25129e-06
0.000266005
6.46531e-06
6.15605e-06
6.07662e-06
6.18385e-06
9.08536e-06
6.18165e-06
6.18523e-06
6.18323e-06
6.07386e-06
6.17698e-06
6.17851e-06
1.46337e-05
7.93971e-06
6.1607e-06
6.1274e-06
0.000244868
2.29758e-05
6.15101e-06
2.56041e-05
6.16738e-06
0.000189761
6.18392e-06
6.2552e-06
0.000194452
6.16397e-06
6.12453e-06
0.000103192
6.72476e-05
6.16414e-06
0.000126513
6.21861e-06
0.000134963
3.81998e-05
2.38474e-05
0.000125489
6.48264e-06
0.000102329
6.11568e-05
5.4454e-05
9.776e-05
6.13548e-06
6.07201e-06
6.17824e-06
6.19404e-06
6.18438e-06
6.17918e-06
6.10038e-06
6.14939e-06
0.00450885
6.09362e-06
6.137e-06
6.17995e-06
6.10755e-06
6.13865e-06
6.11102e-06
6.14204e-06
6.09109e-06
6.09542e-06
6.22122e-06
6.17613e-06
6.18911e-06
6.08328e-06
0.00735012
6.15174e-06
6.21459e-06
6.07564e-06
6.18169e-06
0.000206251
0.000936953
6.1385e-06
6.20426e-06
6.21276e-06
6.18348e-06
6.17969e-06
6.06758e-06
6.18207e-06
6.1083e-06
6.15991e-06
6.09907e-06
0.00194859
6.08173e-06
6.18273e-06
6.17231e-06
6.12439e-06
0.0110383
6.09811e-06
6.27809e-06
6.14467e-06
6.29394e-06
6.23072e-06
6.0813e-06
0.0117735
6.15808e-06
6.16076e-06
6.09325e-06
6.26836e-06
6.17368e-06
6.21849e-06
6.08097e-06
6.16579e-06
6.14968e-06
6.10575e-06
6.18393e-06
6.17769e-06
6.12775e-06
6.16433e-06
6.19308e-06
6.20456e-06
6.14946e-06
6.14726e-06
6.16244e-06
0.00105059
6.09577e-06
6.19788e-06
0.00112545
6.15124e-06
6.18023e-06
6.17986e-06
6.17437e-06
6.08177e-06
6.176e-06
6.18227e-06
6.178e-06
6.0427e-05
7.07348e-05
6.21075e-06
6.11637e-06
0.0015596
6.08974e-06
6.13988e-06
6.18365e-06
6.19719e-06
6.14948e-06
6.21398e-06
6.11987e-06
6.12644e-06
6.21748e-06
6.24912e-06
6.18273e-06
6.17685e-06
0.000198224
6.10016e-06
6.2659e-06
6.12932e-06
6.13207e-06
6.13484e-06
6.15194e-06
6.24934e-06
6.11469e-06
6.08136e-06
6.26175e-06
6.1744e-06
6.1023e-06
6.18074e-06
6.17684e-06
6.33694e-06
2.60214e-07
6.09371e-06
6.15873e-06
6.0801e-06
6.06942e-06
6.07807e-06
6.12971e-06
6.1236e-06
6.19268e-06
6.22159e-06
6.16856e-06
6.08982e-06
6.2399e-06
6.30102e-06
6.09303e-06
6.18123e-06
6.17691e-06
6.1667e-06
6.10796e-06
6.15188e-06
6.25972e-06
6.65576e-06
6.19182e-06
6.16778e-06
0.0013417
6.23567e-06
6.07948e-06
6.12704e-06
6.17926e-06
6.17651e-06
6.15881e-06
6.10275e-06
6.15546e-06
6.12075e-06
6.20787e-06
6.18683e-06
1.22108e-11
6.10933e-06
6.2082e-06
6.17128e-06
1.16352e-05
6.17547e-06
1.24662e-05
6.17931e-06
6.18302e-06
6.20115e-06
6.17965e-06
6.17831e-06
6.08409e-06
6.09202e-06
6.08952e-06
6.14144e-06
6.21177e-06
6.08493e-06
6.21318e-06
6.13289e-06
6.17433e-06
6.06933e-06
6.17261e-06
6.0901e-06
6.132e-06
6.10927e-06
6.17416e-06
6.16697e-06
6.08661e-06
6.06165e-06
6.07013e-06
6.06792e-06
6.06777e-06
6.0681e-06
0.000133399
6.07344e-06
6.07628e-06
6.06807e-06
0.000244462
6.08604e-06
6.27769e-06
6.06797e-06
6.06852e-06
6.07142e-06
6.07971e-06
6.06771e-06
6.06794e-06
6.17195e-06
6.06781e-06
6.0853e-06
6.06851e-06
6.068e-06
6.07919e-06
6.06781e-06
5.73862e-07
6.52214e-08
6.08655e-06
6.11498e-06
6.17746e-06
6.17808e-06
6.09001e-06
6.22748e-06
2.87106e-06
6.19131e-06
6.07002e-06
6.13063e-06
0.000113772
0.00632125
6.19608e-06
6.21107e-06
6.07035e-06
0.0040829
9.19643e-07
6.12744e-06
6.11107e-06
6.09887e-06
6.17588e-06
6.17823e-06
6.18105e-06
6.07083e-06
0.0060884
6.15163e-06
6.14991e-06
6.26098e-06
6.12029e-06
6.20644e-06
6.19459e-06
6.25279e-06
6.12715e-06
6.20237e-06
6.19686e-06
6.27652e-06
6.17292e-06
6.18761e-06
6.19069e-06
6.19579e-06
6.22475e-06
6.23429e-06
6.13416e-06
6.09364e-06
6.30285e-09
6.18307e-06
6.17758e-06
6.03218e-06
6.22105e-06
6.19847e-06
6.21809e-06
6.15291e-06
6.25331e-06
6.26216e-06
6.20067e-06
6.18251e-06
6.19107e-06
6.21396e-06
6.19344e-06
6.08496e-06
6.18453e-06
6.08938e-06
6.21621e-06
6.21442e-06
6.07129e-06
6.07867e-06
6.15751e-06
6.27689e-06
6.17733e-06
5.36456e-06
3.18528e-06
6.2522e-06
6.13826e-06
6.18392e-06
6.15743e-06
6.04267e-06
6.18896e-06
6.13427e-06
6.19276e-06
6.11887e-06
6.32817e-06
6.23953e-06
6.17775e-06
6.17726e-06
6.14267e-06
6.14291e-06
6.09332e-06
2.95976e-06
6.10243e-06
8.35536e-06
6.20148e-06
6.24505e-06
6.13198e-06
6.19225e-06
6.22059e-06
2.5286e-05
6.1386e-06
3.06053e-05
6.21666e-06
6.11895e-06
6.13366e-06
6.11247e-06
6.08338e-06
6.08849e-06
6.22595e-06
6.14479e-06
6.08944e-06
6.19667e-06
6.19613e-06
6.53692e-06
6.08024e-06
6.18318e-06
6.29025e-06
6.0281e-06
8.10761e-06
6.1908e-06
6.17844e-06
6.08806e-06
6.15592e-06
6.10472e-06
1.15406e-06
5.26303e-05
6.1589e-06
5.73483e-05
6.29258e-06
6.17703e-06
6.12416e-06
6.07701e-06
6.20871e-06
6.19407e-06
6.20979e-06
6.15316e-06
6.10751e-06
6.0549e-06
6.08826e-06
6.19869e-06
6.37947e-06
6.19274e-06
6.13714e-06
6.20786e-06
6.16424e-06
6.18074e-06
6.20002e-06
6.1916e-06
6.0756e-06
1.29999e-05
6.20229e-06
6.20301e-06
6.54262e-06
7.57704e-06
6.09628e-06
6.19341e-06
6.1866e-06
6.17619e-06
8.97496e-10
6.22264e-06
6.18675e-06
6.27192e-06
6.07864e-06
6.25686e-06
6.1227e-06
6.13995e-06
6.1379e-06
6.1742e-06
0.000915707
6.12366e-06
6.17335e-06
3.32937e-06
0.000280772
6.12292e-06
6.21331e-06
6.09056e-06
6.22015e-06
6.09551e-06
6.14988e-06
6.15151e-06
6.14552e-06
6.2867e-06
6.27572e-06
6.16895e-06
6.17261e-06
6.21308e-06
0.00409674
6.18662e-06
6.1364e-06
6.12024e-06
6.0862e-06
6.25223e-06
6.12675e-06
0.0116734
6.08389e-06
6.09892e-06
6.26198e-06
6.20514e-06
0.000601383
6.16979e-06
6.08541e-06
6.06934e-06
5.00753e-06
6.13221e-06
6.29143e-06
7.24517e-06
6.25821e-06
6.0883e-06
3.60337e-06
6.1685e-06
0.00153054
6.16371e-06
6.18369e-06
6.20632e-06
0.0120868
6.21703e-06
6.15619e-06
6.08666e-06
6.06918e-06
0.000178724
6.18194e-06
6.18132e-06
6.22271e-06
6.22273e-06
6.22686e-06
6.50861e-06
0.00509388
6.14008e-06
6.12588e-06
6.15767e-06
6.09055e-06
6.15977e-06
6.14491e-06
6.20571e-06
6.10648e-06
5.76115e-06
9.41452e-06
6.21604e-06
6.18658e-06
0.00577737
6.12541e-06
6.0876e-06
5.36577e-06
6.10235e-06
5.37176e-06
6.19839e-06
6.30046e-06
6.20519e-06
6.1613e-06
6.13538e-06
0.00100875
6.2398e-06
6.10077e-06
5.88923e-06
6.21823e-06
6.11625e-06
6.16555e-06
6.17711e-06
0.000335647
1.09051e-08
6.23831e-06
6.17167e-06
6.07413e-06
6.19738e-06
6.18062e-06
6.18023e-06
6.1836e-06
6.06888e-06
6.13973e-06
6.21404e-06
6.17272e-06
6.21669e-06
6.07632e-06
6.33482e-06
6.20485e-06
6.2789e-06
6.73446e-06
6.51117e-06
0.00268729
6.16505e-06
6.17676e-06
6.17284e-06
6.1697e-06
6.18422e-06
6.21772e-06
6.25741e-06
6.10336e-06
6.21497e-06
6.24151e-06
2.44136e-06
6.41748e-06
6.0871e-06
6.11984e-06
6.13978e-06
6.14523e-06
6.20566e-06
6.14397e-06
6.22274e-06
6.09523e-06
4.36564e-05
6.08378e-06
6.26996e-06
6.1296e-06
6.94922e-06
6.15275e-06
6.51922e-06
0.00990075
6.15786e-06
6.1254e-06
6.20623e-06
6.20029e-06
6.14117e-06
6.18732e-06
6.21692e-06
6.14848e-06
6.12462e-06
6.09627e-06
6.11599e-06
6.97798e-06
6.15165e-06
6.2143e-06
6.5859e-06
7.1509e-06
6.08809e-06
0.00487305
6.24665e-06
6.07332e-06
6.0693e-06
6.15574e-06
6.39376e-06
8.78338e-06
6.1791e-06
6.50983e-06
6.18857e-06
6.28253e-06
6.2805e-06
6.138e-06
6.18783e-06
6.97784e-06
6.19761e-06
6.18301e-06
6.18275e-06
6.08509e-06
6.25829e-06
6.13351e-06
6.13519e-06
6.11374e-06
6.19141e-06
6.10707e-06
6.09356e-06
6.07638e-06
6.14887e-06
6.2028e-06
6.12846e-06
6.19128e-06
6.20966e-06
6.19295e-06
6.18733e-06
6.21456e-06
6.18446e-06
6.14402e-06
6.19357e-06
6.06819e-06
6.06829e-06
6.17335e-06
6.18055e-06
6.22324e-06
6.23182e-06
6.46104e-06
6.18388e-06
6.07501e-06
6.19265e-06
6.16441e-06
6.13285e-06
3.18281e-05
6.12695e-06
6.08015e-06
6.16558e-06
6.07955e-06
6.76322e-06
6.10374e-06
6.21002e-06
6.17446e-06
6.14883e-06
6.11654e-06
6.51699e-06
6.08447e-06
6.13767e-06
6.23021e-06
6.11981e-06
6.06816e-06
6.15861e-06
6.14876e-06
6.16263e-06
6.65714e-06
0.0109696
6.07596e-06
6.11431e-06
6.1321e-06
6.09814e-06
6.17191e-06
8.91162e-06
6.12031e-06
6.24518e-06
6.10838e-06
6.08734e-06
6.24904e-06
6.13174e-06
6.44193e-06
6.17964e-06
6.21664e-06
6.17531e-06
6.17347e-06
0.00988091
6.11741e-06
6.16194e-06
6.21656e-06
6.22198e-06
0.00145391
6.21502e-06
6.22501e-06
6.13949e-06
0.000874702
6.21168e-06
6.16924e-06
6.07137e-06
6.17209e-06
6.21221e-06
6.20981e-06
6.19134e-06
6.23802e-06
6.18575e-06
6.2393e-06
6.13342e-06
6.11955e-06
6.16201e-06
6.26958e-06
5.90584e-06
6.12119e-06
6.25795e-06
6.10423e-06
6.19048e-06
6.19404e-06
6.10408e-06
6.20987e-06
6.17864e-06
6.23151e-06
6.14566e-06
6.23089e-06
6.23134e-06
0.000709098
6.21968e-06
6.13417e-06
6.20826e-06
8.90838e-06
7.76609e-06
6.13036e-06
6.11641e-06
6.28871e-06
0.0027034
5.99349e-06
6.24006e-06
6.1758e-06
6.12183e-06
6.27129e-06
6.17234e-06
6.08929e-06
6.13705e-06
6.16679e-06
6.14927e-06
6.15849e-06
6.19171e-06
1.9727e-08
6.08531e-06
6.13799e-06
0.00211927
6.21644e-06
6.1413e-06
6.23762e-06
6.14784e-06
6.15646e-06
6.11985e-06
6.2392e-06
6.23395e-06
6.08218e-06
6.12237e-06
6.16266e-06
6.18554e-06
7.61867e-06
6.07894e-06
6.28521e-06
0.00545837
6.16247e-06
4.72994e-06
6.13659e-06
0.00544285
6.19308e-06
0.00150721
6.07954e-06
4.66074e-06
6.26773e-06
6.15708e-06
6.08501e-06
6.07405e-06
6.20766e-06
6.16176e-06
6.1873e-06
6.10223e-06
0.00269264
6.23984e-06
6.196e-06
6.11815e-06
0.00106826
6.08869e-06
6.14822e-06
6.21391e-06
6.2386e-06
6.151e-06
6.16262e-06
6.19958e-06
6.10855e-06
4.84472e-07
7.99851e-06
6.15829e-06
6.11811e-06
6.13792e-06
0.00568246
6.13647e-06
6.15296e-06
6.0815e-06
6.21621e-06
6.15331e-06
6.09239e-06
6.07665e-06
6.0731e-06
6.08276e-06
6.18438e-06
6.19094e-06
6.2347e-06
6.26335e-06
6.17651e-06
6.17136e-06
6.3313e-06
6.145e-06
6.19624e-06
6.30849e-06
6.07768e-06
6.23684e-06
6.18409e-06
6.13816e-06
7.06646e-06
6.18848e-06
0.0110297
6.14809e-06
6.21474e-06
6.2477e-06
2.58142e-06
6.14002e-06
6.36868e-06
6.12301e-06
6.10462e-06
6.17851e-06
6.07047e-06
6.12154e-06
6.07282e-06
6.22506e-06
0.00484299
6.10647e-06
6.26206e-06
6.14183e-06
0.00472384
6.18587e-06
6.21523e-06
6.16325e-06
6.20064e-06
0.0106822
5.75737e-06
6.07836e-06
6.16061e-06
9.39355e-06
6.21081e-06
7.40394e-06
6.17189e-06
6.11838e-06
6.21707e-06
6.11154e-06
6.13934e-06
6.12417e-06
6.13437e-06
7.40269e-06
6.1533e-06
6.17324e-06
6.13495e-06
6.24128e-08
6.14802e-06
6.13819e-06
4.37948e-06
6.24008e-06
6.1901e-06
6.09504e-06
6.18049e-06
0.000354278
9.51172e-07
6.15172e-06
6.85063e-06
5.15491e-06
6.13073e-06
6.16184e-06
6.22091e-06
6.25295e-06
6.50114e-06
6.21322e-06
6.17021e-06
6.14409e-06
6.22051e-06
6.2207e-06
8.68347e-06
6.09031e-06
6.22238e-06
6.96292e-06
8.49665e-06
6.17421e-06
6.09297e-06
6.25851e-06
6.35991e-06
6.09011e-06
6.28197e-06
6.14815e-06
6.18758e-06
6.08328e-06
6.18564e-06
6.19228e-06
6.09003e-06
6.13123e-06
6.10885e-06
6.18525e-06
6.17398e-06
6.11607e-06
6.17861e-06
5.99036e-06
6.50118e-06
6.2157e-06
6.13735e-06
6.18336e-06
6.08644e-06
0.00854108
6.182e-06
6.15208e-06
6.18012e-06
6.19503e-06
6.21913e-06
6.18132e-06
6.18178e-06
6.08843e-06
6.08467e-06
6.14522e-06
6.17962e-06
6.18118e-06
6.13365e-06
6.17731e-06
6.13546e-06
6.17817e-06
6.15135e-06
7.48646e-06
8.18073e-06
6.12177e-06
6.15982e-06
6.14668e-06
0.00421932
6.23486e-06
6.07341e-06
6.0661e-06
0.0119368
0.0118984
6.24845e-06
6.21849e-06
6.21926e-06
6.18267e-06
6.15062e-06
6.23885e-06
6.1466e-06
6.08615e-06
6.21373e-06
6.13228e-06
6.19764e-06
6.2009e-06
6.15095e-06
6.15645e-06
6.28159e-06
6.25469e-06
6.1385e-06
6.19001e-06
6.11151e-06
6.14425e-06
6.11796e-06
6.12323e-06
6.11072e-06
6.14875e-06
0.00037976
6.08173e-06
6.16433e-06
6.16391e-06
0.000907508
1.30622e-08
6.12224e-06
6.13646e-06
6.15557e-06
7.15253e-06
6.12789e-06
6.1516e-06
3.79384e-07
6.14774e-06
6.10815e-06
6.16738e-06
6.08161e-06
6.21735e-06
6.14832e-06
6.2476e-06
6.24011e-06
6.16524e-06
0.0119438
8.60344e-06
6.30935e-06
6.7464e-06
6.18784e-06
2.43741e-06
6.22405e-06
6.15897e-06
0.0056586
6.07438e-06
6.18261e-06
6.14852e-06
6.14656e-06
6.11724e-06
6.0971e-06
6.14009e-06
6.08682e-06
6.22235e-06
6.21388e-06
6.54396e-06
6.11965e-06
6.15577e-06
6.10769e-06
6.15555e-06
6.23934e-06
6.20859e-06
6.19404e-06
6.08009e-06
3.4982e-08
6.11089e-06
6.16388e-06
6.15886e-06
5.68541e-06
6.16971e-06
6.16129e-06
6.44399e-06
6.07869e-06
8.6598e-06
6.77821e-06
6.20301e-06
6.17182e-06
6.1168e-06
6.14261e-06
6.16251e-06
6.24178e-06
6.14474e-06
6.17697e-06
6.15806e-06
6.11526e-06
6.15628e-06
6.17408e-06
6.14447e-06
6.16304e-06
6.43167e-06
9.96152e-06
6.18197e-06
6.11973e-06
6.18471e-06
6.20585e-06
6.25694e-06
6.17344e-06
6.10152e-06
3.64391e-06
0.00651374
0.0102412
6.16621e-06
6.1274e-06
6.17682e-06
6.07119e-06
6.16007e-06
0.000546512
6.17176e-06
6.18953e-06
6.16087e-06
6.09776e-06
6.2192e-06
0.00182123
6.21446e-06
6.17017e-06
6.14206e-06
6.16819e-06
6.08416e-06
6.15529e-06
3.79724e-06
6.24514e-06
6.14782e-06
0.0100207
6.14e-06
6.13696e-06
6.2575e-06
6.10904e-06
6.20019e-06
3.2851e-06
6.21362e-06
6.11283e-06
6.17202e-06
6.24095e-06
6.2412e-06
6.13446e-06
6.22777e-06
6.18972e-06
6.2645e-06
6.08541e-06
6.10433e-06
6.19927e-06
6.17798e-06
6.17769e-06
6.08805e-06
1.15229e-05
6.27682e-06
6.12266e-06
6.17708e-06
6.22741e-06
0.00305438
6.07815e-06
6.16783e-06
6.13554e-06
6.25343e-06
6.25029e-06
6.1265e-06
1.41787e-06
6.16715e-06
6.11952e-06
6.07122e-06
6.12765e-06
6.10729e-06
6.15587e-06
6.13279e-06
6.17184e-06
6.11181e-06
6.20867e-06
6.18333e-06
0.000273124
6.2046e-06
6.23702e-06
6.20541e-06
6.16112e-06
6.15654e-06
6.16e-06
6.26384e-06
6.22009e-06
6.14383e-06
6.19933e-06
6.18354e-06
6.07376e-06
6.19826e-06
6.21764e-06
6.20555e-06
6.39065e-06
6.14872e-06
6.15497e-06
6.15117e-06
6.10963e-06
6.15753e-06
6.1922e-06
6.17411e-06
6.24454e-06
6.17413e-06
6.09484e-06
0.000794902
6.10789e-06
6.17584e-06
6.19052e-06
5.10807e-09
6.12864e-06
6.27212e-06
6.22045e-06
0.00289446
6.10765e-06
0.00307126
6.07522e-06
6.07609e-06
6.10684e-06
6.15244e-06
6.18164e-06
6.19048e-06
2.54534e-06
0.000864731
6.0745e-06
6.11764e-06
6.16686e-06
6.2583e-06
6.08777e-06
0.000984655
2.88604e-14
6.21657e-06
6.15648e-06
6.21461e-06
6.20647e-06
6.14968e-06
6.07886e-06
6.24312e-06
6.08923e-06
6.19295e-06
6.22847e-06
6.23007e-06
6.18944e-06
6.10595e-06
6.1407e-06
6.25749e-06
6.13749e-06
6.14778e-06
0.00295007
0.00170864
6.15454e-06
0.000584963
6.07416e-06
6.18851e-06
6.19555e-06
6.20962e-06
6.16879e-06
6.10927e-06
6.21956e-06
6.16468e-06
6.21785e-06
6.18138e-06
6.08749e-06
6.1412e-06
6.0965e-06
6.12822e-06
6.19352e-06
6.24788e-06
6.25079e-06
6.31717e-06
0.00616417
0.00499447
6.13265e-06
6.1285e-06
6.50323e-06
1.76921e-06
6.13451e-06
6.10848e-06
7.2032e-06
6.08716e-06
6.24916e-06
6.72034e-06
6.15965e-06
6.21747e-06
6.11291e-06
6.14939e-06
6.10407e-06
6.12884e-06
6.06933e-06
6.08145e-06
6.25385e-06
6.2137e-06
6.16324e-06
6.13961e-06
6.07879e-06
6.10225e-06
6.14541e-06
6.18659e-06
6.15531e-06
6.14207e-06
6.1061e-06
6.1128e-06
6.19446e-06
6.26248e-06
6.16237e-06
6.23067e-06
6.14695e-06
6.13594e-06
6.36518e-06
7.38898e-06
6.23959e-06
6.0834e-06
6.2057e-06
0.00268947
6.16783e-06
6.25592e-06
6.25493e-06
6.12319e-06
6.17734e-06
6.07662e-06
6.08179e-06
6.16317e-06
6.15289e-06
6.13775e-06
6.13059e-06
6.15189e-06
7.56719e-06
6.17327e-06
6.16148e-06
6.22183e-06
6.16984e-06
6.2103e-06
2.72697e-10
6.07617e-06
6.21579e-06
6.116e-06
6.33794e-06
6.27743e-06
6.16043e-06
6.09156e-06
6.10182e-06
6.07967e-06
6.15375e-06
6.22265e-06
6.25072e-06
6.23523e-06
6.18305e-06
6.23255e-06
6.26464e-06
6.16991e-06
6.22752e-06
6.07752e-06
6.27289e-06
6.19395e-06
6.12709e-06
6.21053e-06
6.13858e-06
6.1934e-06
6.23451e-06
6.23961e-06
2.0624e-07
6.07773e-06
6.16726e-06
6.13917e-06
6.24798e-06
6.18468e-06
6.21286e-06
6.14665e-06
6.15312e-06
0.00826944
6.14112e-06
6.18809e-06
6.10426e-06
6.18158e-06
6.22462e-06
6.13628e-06
6.15455e-06
6.16411e-06
5.26387e-06
6.21841e-06
6.16322e-06
6.14714e-06
6.14409e-06
6.1355e-06
6.17569e-06
6.07233e-06
6.21012e-06
6.21607e-06
6.13842e-06
6.1955e-06
6.13776e-06
6.09917e-06
6.09249e-06
6.15465e-06
6.07215e-06
7.82302e-06
6.14487e-06
0.0118753
6.17447e-06
6.10358e-06
5.62054e-06
6.16747e-06
6.25654e-06
4.5525e-05
6.26036e-06
6.10846e-06
6.17027e-06
6.26618e-06
6.13292e-06
6.20173e-06
6.15603e-06
6.09003e-06
6.24536e-06
6.21462e-06
6.12594e-06
6.10156e-06
6.19614e-06
6.15313e-06
6.0849e-06
6.18593e-06
6.10062e-06
6.11139e-06
6.17336e-06
6.20128e-06
6.23736e-06
6.26806e-06
6.21651e-06
6.10384e-06
6.10135e-06
3.25698e-05
6.38812e-06
6.15865e-06
6.16057e-06
3.63025e-06
6.18363e-06
6.20003e-06
6.17647e-06
6.15816e-06
6.1378e-06
6.1775e-06
6.15606e-06
0.00517978
6.50317e-06
6.18076e-06
6.17111e-06
6.14441e-06
6.1981e-06
6.14719e-06
6.18513e-06
6.12034e-06
6.23456e-06
4.75758e-08
6.37631e-06
6.37728e-06
0.00102462
6.09134e-06
6.1269e-06
6.18999e-06
6.20465e-06
6.1308e-06
6.25926e-06
6.25207e-06
6.12686e-06
6.12826e-06
6.28606e-06
6.12059e-06
6.08816e-06
6.2078e-06
6.26967e-06
6.17788e-06
6.18199e-06
6.13287e-06
6.19736e-06
6.21324e-06
6.07487e-06
6.13092e-06
6.28087e-06
0.00522606
6.17345e-06
6.14848e-06
6.2588e-06
7.94204e-06
6.39035e-06
6.22171e-06
6.11346e-06
6.19371e-06
6.13469e-06
6.31241e-06
6.3278e-06
6.15466e-06
6.08574e-06
6.33484e-06
6.64936e-06
6.13541e-06
6.10564e-06
6.12941e-06
6.20164e-06
6.39543e-06
7.55147e-06
6.19418e-06
5.05911e-06
6.08656e-06
6.19537e-06
0.000919704
6.23556e-06
6.15822e-06
6.1615e-06
6.19944e-06
6.05942e-07
6.09986e-06
6.27131e-06
6.08547e-06
6.38316e-06
6.23859e-06
6.18573e-06
6.08053e-06
0.000906289
6.21478e-06
6.09691e-06
6.18252e-06
6.12814e-06
1.78119e-09
6.07303e-06
6.09012e-06
6.12999e-06
0.000841531
6.27807e-06
6.08691e-06
7.58149e-06
6.09416e-06
6.1242e-06
6.12592e-06
6.0861e-06
6.15404e-06
1.62622e-06
6.11362e-06
3.7759e-06
6.21403e-06
6.07716e-06
6.09127e-06
6.24668e-06
6.08606e-06
6.22448e-06
6.22531e-06
6.2008e-06
6.74555e-06
6.27852e-06
6.1097e-06
6.28826e-06
0.000317514
6.19603e-06
6.14023e-06
6.12717e-06
6.09751e-06
6.18323e-06
6.13351e-06
6.35406e-06
6.24915e-06
6.29124e-06
6.16876e-06
6.28375e-06
6.14598e-06
6.19738e-06
6.21826e-06
6.17099e-06
6.12385e-06
5.97259e-06
6.15459e-06
6.14075e-06
6.14699e-06
6.15615e-06
6.13681e-06
6.25317e-06
6.09882e-06
6.09834e-06
6.11481e-06
6.1637e-06
6.13888e-06
6.26885e-06
6.51199e-06
6.28926e-06
6.25448e-06
6.12034e-06
8.02983e-06
8.45308e-06
6.18211e-06
6.23144e-06
6.13917e-06
0.00600936
6.16674e-06
6.08463e-06
6.2102e-06
6.11686e-06
6.08249e-06
6.2385e-06
6.15225e-06
6.1634e-06
6.25961e-06
2.11602e-06
0.000332677
0.00809275
6.13768e-06
0.000562101
6.1423e-06
6.15498e-06
6.16604e-06
6.12411e-06
6.13931e-06
6.12416e-06
6.12482e-06
6.27615e-06
0.0116347
6.16569e-06
6.24583e-06
6.08586e-06
6.1824e-06
6.10056e-06
6.13257e-06
6.14863e-06
6.16931e-06
6.16046e-06
6.1841e-06
6.13868e-06
6.08389e-06
6.07101e-06
6.13559e-06
0.0121003
6.16537e-06
6.14344e-06
5.7585e-06
6.29576e-06
6.20348e-06
6.09838e-06
6.21682e-06
6.16246e-06
6.18011e-06
6.22668e-06
0.00374156
6.18717e-06
6.07966e-06
6.17652e-06
6.16424e-06
6.12546e-06
6.16336e-06
6.16723e-06
6.23007e-06
6.18925e-06
6.17322e-06
0.00647788
6.30578e-06
6.32651e-06
6.07222e-06
6.09445e-06
6.27169e-06
6.21289e-06
6.13892e-06
6.12741e-06
6.10709e-06
6.50062e-06
6.10351e-06
6.14432e-06
6.0699e-06
6.0772e-06
6.19978e-06
6.16393e-06
6.08896e-06
6.13067e-06
6.10869e-06
6.19481e-06
1.54329e-06
6.46662e-06
6.08183e-06
6.24236e-06
6.15483e-06
6.22775e-06
5.99515e-06
8.80023e-06
6.26294e-06
6.16026e-06
5.9757e-06
6.13252e-06
0.0117126
6.27306e-06
6.65646e-06
6.16121e-06
6.27069e-06
6.0829e-06
6.14399e-06
7.52875e-06
6.15301e-06
6.16874e-06
6.07348e-06
6.18991e-06
6.16878e-06
6.16423e-06
6.18668e-06
6.19888e-06
6.28115e-06
6.12479e-06
6.24258e-06
6.12972e-06
6.07929e-06
6.24536e-06
6.29005e-06
6.22637e-06
6.13513e-06
6.24174e-06
6.24598e-06
6.15841e-06
6.15517e-06
6.07825e-06
6.21329e-06
6.12026e-06
6.09158e-06
7.37327e-06
6.13065e-06
6.11377e-06
0.00396286
6.19078e-06
6.13646e-06
6.09633e-06
0.0032974
6.23541e-06
6.15451e-06
6.13021e-06
6.20423e-06
1.19866e-05
6.16727e-06
6.17859e-06
6.21385e-06
0
6.10182e-06
6.11251e-06
6.28733e-06
6.19347e-06
6.14864e-06
6.13407e-06
6.1449e-06
0.0112603
6.15836e-06
6.0807e-06
6.16111e-06
8.61437e-06
2.96094e-10
6.0897e-06
6.18264e-06
6.24206e-06
6.25924e-06
6.09635e-06
6.07134e-06
6.12687e-06
6.08589e-06
6.1431e-06
1.45242e-05
6.21358e-06
6.16215e-06
0.0115796
6.1158e-06
6.29803e-06
7.18072e-08
6.38714e-06
6.16061e-06
6.15359e-06
6.19467e-06
0.00663709
0.0052267
6.14791e-06
6.25882e-06
6.12313e-06
3.12113e-06
6.08243e-06
6.12921e-06
6.15421e-06
6.2089e-06
6.0824e-06
6.08771e-06
0.000354027
6.09361e-06
6.26392e-06
6.29082e-06
6.27775e-06
6.12324e-06
6.14748e-06
6.0941e-06
6.17791e-06
6.24322e-06
6.15956e-06
6.13988e-06
0.00663566
6.11448e-06
6.2114e-06
6.08337e-06
6.15563e-06
6.17863e-06
6.09941e-06
6.10045e-06
6.19058e-06
6.19339e-06
6.12541e-06
6.10372e-06
6.12696e-06
6.19446e-06
6.08742e-06
6.07101e-06
5.85776e-06
6.16109e-06
6.1293e-06
9.4997e-10
6.18319e-06
0.0034868
3.41867e-09
9.55489e-06
9.46327e-07
6.12671e-06
6.17956e-06
6.13528e-06
6.2521e-06
6.14107e-06
6.09811e-06
0.000354664
6.16333e-06
6.10374e-06
6.13208e-06
6.14198e-06
6.16796e-06
6.15871e-06
6.23431e-06
6.09742e-06
6.20693e-06
6.12917e-06
6.1748e-06
6.39153e-06
6.13272e-06
6.11066e-06
6.10931e-06
6.09092e-06
6.08103e-06
6.11431e-06
6.17442e-06
5.40012e-06
6.2907e-06
6.07822e-06
6.0968e-06
6.27169e-06
0.000602208
6.07938e-06
6.07914e-06
6.14475e-06
6.18653e-06
6.08004e-06
6.16607e-06
6.08667e-06
6.11227e-06
6.19234e-06
6.2111e-06
6.09473e-06
6.084e-06
6.20768e-06
6.32313e-06
6.35974e-06
6.11664e-06
6.22251e-06
6.15616e-06
6.08738e-06
6.12368e-06
6.40382e-06
6.13231e-06
6.20013e-06
6.15068e-06
6.1582e-06
6.08402e-06
6.24971e-06
6.1526e-06
6.14208e-06
6.07772e-06
6.18556e-06
6.12936e-06
6.14802e-06
6.18183e-06
6.15734e-06
6.12504e-06
6.21484e-06
6.1272e-06
6.11079e-06
6.08831e-06
6.14363e-06
6.18682e-06
6.1754e-06
6.23897e-06
6.26089e-06
9.20555e-05
5.97041e-06
6.24397e-06
6.20957e-06
6.10026e-06
6.12334e-06
6.13667e-06
6.09958e-06
6.1712e-06
6.07867e-06
6.0841e-06
7.3761e-06
6.14024e-06
6.20853e-06
6.20411e-06
6.21624e-06
6.153e-06
6.13884e-06
6.17027e-06
0.0112409
6.55833e-06
6.25595e-06
6.09722e-06
0.00714661
6.09604e-06
6.20454e-06
0.000259273
6.17029e-06
0.000246535
6.17455e-06
6.08572e-06
6.09232e-06
6.25087e-06
6.19268e-06
6.0885e-06
6.13391e-06
6.15792e-06
6.10728e-06
6.13467e-06
6.1218e-06
9.32762e-06
6.07788e-06
7.67481e-06
5.96233e-06
6.26228e-06
6.21609e-06
6.24412e-06
6.11873e-06
6.25276e-06
6.07298e-06
6.13421e-06
6.10779e-06
6.20647e-06
6.13687e-06
8.56297e-06
6.07064e-06
6.12338e-06
6.14702e-06
6.13721e-06
6.09675e-06
6.19928e-06
6.2689e-06
6.13935e-06
6.17695e-06
6.08352e-06
6.18697e-06
6.66159e-06
6.18328e-06
6.17878e-06
6.07409e-06
6.21479e-06
6.07286e-06
5.56482e-06
6.11055e-06
8.81457e-12
6.1243e-06
6.10459e-06
6.12813e-06
6.14214e-06
6.15189e-06
6.18737e-06
2.56911e-09
6.08185e-06
6.16017e-06
6.42605e-06
6.15607e-06
1.42451e-06
6.2464e-06
0.00055586
6.10442e-06
6.11465e-06
6.12768e-06
6.17558e-06
0.00496349
6.08123e-06
6.16403e-06
6.11603e-06
6.18584e-06
6.22035e-06
6.14957e-06
6.16038e-06
6.13491e-06
6.1752e-06
6.07701e-06
6.0889e-06
6.31859e-06
6.18462e-06
6.25377e-06
6.22149e-06
6.26954e-06
6.19225e-06
6.12445e-06
0.00956143
6.14215e-06
8.77199e-08
6.08755e-06
6.18174e-06
6.21019e-06
6.26353e-06
0.00450358
6.24816e-06
6.22193e-06
6.07888e-06
6.23759e-06
6.19698e-06
6.07524e-06
6.16796e-06
6.26943e-06
0.00336449
6.09374e-06
6.06964e-06
6.08804e-06
6.20706e-06
6.14275e-06
0.0110018
6.17306e-06
6.12437e-06
6.07882e-06
6.10588e-06
6.13314e-06
6.19638e-06
6.15529e-06
6.0711e-06
6.20274e-06
6.07144e-06
6.16775e-06
6.12257e-06
6.20998e-06
6.22464e-06
6.08641e-06
6.1784e-06
6.18604e-06
6.13559e-06
6.2729e-06
6.24443e-06
8.46106e-07
6.11595e-06
6.14663e-06
6.19154e-06
6.22134e-06
6.15554e-06
6.16239e-06
6.12639e-06
6.07748e-06
6.17045e-06
6.23592e-06
6.18275e-06
6.16096e-06
6.07741e-06
6.21789e-06
6.17e-06
0.0114593
6.32041e-06
6.06714e-06
6.30809e-06
6.19631e-06
6.11482e-06
6.19892e-06
6.20393e-06
6.1984e-06
6.18102e-06
6.11043e-06
6.09008e-06
6.20576e-06
6.5e-06
6.2144e-06
6.26211e-06
6.12702e-06
6.15559e-06
6.25581e-06
1.08713e-05
6.24062e-06
6.09416e-06
8.21764e-06
6.25833e-06
6.27532e-06
0.00747932
6.24053e-06
6.28531e-06
6.14671e-06
6.17349e-06
0.0085264
6.41655e-06
6.20302e-06
6.11254e-06
6.09802e-06
0.000137857
6.21521e-06
5.05666e-06
0.0011601
6.29043e-06
6.25881e-06
2.55642e-08
6.20046e-06
6.10655e-06
6.2002e-06
6.28203e-06
7.79619e-06
6.11517e-06
6.10941e-06
6.20604e-06
6.1771e-06
6.09508e-06
6.23746e-06
6.07466e-06
6.86886e-06
6.12738e-06
6.13403e-06
6.21242e-06
6.26171e-06
6.16047e-06
6.19315e-06
6.21361e-06
6.13098e-06
8.67025e-06
6.17999e-06
6.1768e-06
6.08623e-06
0.00591414
6.22023e-06
6.06874e-06
6.13671e-06
3.45738e-07
6.20195e-06
6.20858e-06
6.07942e-06
6.18105e-06
6.18723e-06
6.21585e-06
0.000128897
6.2416e-06
6.16067e-06
7.54629e-06
6.18681e-06
6.12761e-06
6.11661e-06
6.15983e-06
6.20271e-06
6.17419e-06
6.1379e-06
6.28852e-06
6.07101e-06
6.07918e-06
2.11044e-06
6.12734e-06
6.10497e-06
6.2315e-06
6.09742e-06
6.1875e-06
6.105e-06
6.07105e-06
6.18222e-06
6.40905e-06
6.11478e-06
6.12887e-06
6.19585e-06
6.19149e-06
6.2056e-06
6.15126e-06
6.17872e-06
6.16605e-06
6.11125e-06
6.08293e-06
8.09288e-06
6.22754e-06
0.011892
8.50944e-06
0.000299983
6.45368e-06
0.00936333
6.28273e-06
6.17981e-06
6.12015e-06
6.08505e-06
6.20737e-06
6.09044e-06
0.00449554
6.10631e-06
6.13401e-06
6.21903e-06
6.1434e-06
3.06365e-07
6.13477e-06
6.13763e-06
0.00179283
0.00817843
6.20506e-06
6.18481e-06
6.22084e-06
6.21126e-06
6.2129e-06
6.13481e-06
6.11481e-06
6.16222e-06
6.10067e-06
6.08166e-06
1.0346e-07
6.11362e-06
6.08063e-06
0.00211652
6.17936e-06
6.23801e-06
6.2384e-06
6.13173e-06
6.07838e-06
6.17441e-06
0.000510676
6.17675e-06
6.1357e-06
6.20965e-06
6.17934e-06
6.25443e-06
6.1847e-06
7.52021e-06
6.20516e-06
6.07772e-06
6.17464e-06
6.26416e-06
6.09876e-06
2.06104e-05
6.12168e-06
6.11775e-06
6.28456e-06
6.25529e-06
6.14856e-06
6.25662e-06
6.16649e-06
6.26975e-06
6.09194e-06
6.07337e-06
6.07174e-06
0.00355946
6.12593e-06
6.1802e-06
6.09209e-06
6.16007e-06
6.23523e-06
6.1623e-06
6.07005e-06
6.26035e-06
6.91873e-05
0.0119911
6.06926e-06
8.10502e-05
3.67551e-06
6.12238e-06
0.000376351
6.15095e-06
8.8421e-07
6.06953e-06
6.90389e-06
9.2469e-06
6.07495e-06
6.26711e-06
6.14579e-06
6.06864e-06
6.14498e-06
6.20095e-06
6.16084e-06
6.14295e-06
6.26288e-06
6.13979e-06
6.23704e-06
6.08272e-06
6.13999e-06
7.85437e-06
6.08262e-06
0.000511373
6.16545e-06
6.08441e-06
6.09342e-06
9.93776e-06
6.2608e-06
6.15296e-06
6.26485e-06
6.1342e-06
6.25297e-06
6.2774e-06
6.25922e-06
6.24047e-06
6.13308e-06
6.13557e-06
3.16872e-06
6.12035e-06
6.12424e-06
6.25148e-06
6.10217e-06
6.16366e-06
6.11583e-06
6.09451e-06
6.25017e-06
5.98737e-06
6.08167e-06
6.1399e-06
6.1008e-06
6.20346e-06
6.18703e-06
6.08764e-06
5.28086e-05
6.11604e-06
0.00276694
6.16548e-06
0.00277573
1.40276e-07
6.13499e-06
6.16405e-06
6.13136e-06
6.26178e-06
4.94331e-05
6.24789e-06
6.2879e-06
6.14935e-06
6.081e-06
6.11787e-06
0.00217223
0.00232071
6.37185e-09
6.2629e-06
6.11307e-06
6.14819e-06
6.13863e-06
6.16182e-06
6.17959e-06
6.24104e-06
6.18549e-06
6.20899e-06
6.20606e-06
6.18096e-06
6.16752e-06
6.08873e-06
6.19352e-06
6.1146e-06
6.07412e-06
6.25475e-06
6.07647e-06
6.24697e-06
5.2204e-07
6.19553e-06
6.13915e-06
6.21266e-06
6.26267e-06
6.27315e-06
6.24032e-06
2.23863e-06
6.08668e-06
6.10223e-06
6.10211e-06
6.1593e-06
6.08503e-06
6.08155e-06
6.25639e-06
6.07948e-06
6.23823e-06
6.08693e-06
6.14397e-06
6.15662e-06
6.0798e-06
6.75937e-06
6.23892e-06
6.09077e-06
1.59089e-10
6.26375e-06
6.15331e-06
6.07913e-06
6.03434e-06
6.1213e-06
6.23324e-06
6.23582e-06
6.14789e-06
6.25543e-06
6.13762e-06
6.15547e-06
6.14593e-06
6.08598e-06
6.1016e-06
6.1794e-06
6.16878e-06
6.16902e-06
2.04009e-07
6.18016e-06
6.09434e-06
6.0824e-06
6.15967e-06
6.11218e-06
6.14808e-06
6.10649e-06
6.17229e-06
7.51957e-07
0.00408861
8.55739e-06
6.27547e-06
6.25402e-06
6.06967e-06
4.05179e-10
6.11426e-06
6.1982e-06
6.21262e-06
6.13476e-06
6.06894e-06
6.27321e-06
6.1443e-06
6.11415e-06
6.18092e-06
6.25549e-06
6.10819e-06
8.97956e-05
6.18686e-06
6.21611e-06
6.24033e-06
6.06554e-06
6.0847e-06
6.17848e-06
6.13504e-06
6.22671e-06
6.14731e-06
6.1973e-06
6.17245e-06
6.21949e-06
6.08172e-06
6.06869e-06
6.18116e-06
6.10816e-06
6.08249e-06
6.10988e-06
6.17712e-06
6.26328e-06
6.15708e-06
8.14618e-06
6.16102e-06
6.11728e-06
6.11498e-06
6.14351e-06
6.27157e-06
6.27034e-06
6.07058e-06
6.13534e-06
6.07808e-06
6.1311e-06
6.14947e-06
6.094e-06
6.0806e-06
0.00116973
6.05897e-06
6.18351e-06
6.3809e-06
6.1806e-06
6.25567e-06
6.16652e-06
6.05376e-06
6.1074e-06
6.08492e-06
6.34295e-06
6.17837e-06
6.21612e-06
6.11331e-06
6.10413e-06
6.09201e-06
0.00675276
6.13544e-06
6.22599e-06
6.10947e-06
6.15978e-06
6.19808e-06
6.07925e-06
0.0115013
2.73747e-05
7.09868e-06
6.28566e-06
6.13915e-06
6.18197e-06
6.31297e-06
6.21046e-06
6.12402e-06
6.15058e-06
6.06881e-06
6.3041e-06
5.89301e-06
6.15902e-06
6.16808e-06
8.10941e-06
6.19241e-06
6.07491e-06
6.17045e-06
0.00874402
6.14047e-06
6.13467e-06
6.15179e-06
6.13816e-06
6.12677e-06
6.07184e-06
6.07914e-06
7.45005e-07
6.15284e-06
6.09208e-06
6.16692e-06
6.08498e-06
0.000976716
6.19867e-06
6.13604e-06
6.08612e-06
6.24844e-06
6.01205e-06
6.20627e-06
0.00172549
6.13754e-06
6.07368e-06
6.23993e-06
6.24383e-06
6.1247e-06
0.00290051
6.09216e-06
6.21296e-06
6.18255e-06
6.19094e-06
0.000597253
6.06781e-06
6.20524e-06
1.65201e-07
6.14978e-06
0.0024973
6.14525e-06
6.2725e-06
6.25902e-06
6.17612e-06
6.08925e-06
6.13448e-06
6.07867e-06
6.19653e-06
6.08546e-06
6.08954e-06
6.07354e-06
6.07334e-06
6.14737e-06
6.21783e-06
6.07979e-06
6.14587e-06
6.1681e-06
6.13088e-06
6.07307e-06
6.1869e-06
6.18064e-06
6.25805e-06
6.3083e-06
0.0119797
6.13644e-06
6.08612e-06
6.15902e-06
6.16235e-06
6.21666e-06
6.07221e-06
6.4016e-06
6.21298e-06
6.21766e-06
6.24029e-06
6.08067e-06
6.15645e-06
6.17699e-06
6.34146e-06
9.42338e-06
6.15646e-06
6.2415e-06
6.11655e-06
4.65079e-06
8.34447e-06
6.29569e-06
6.30357e-06
7.30414e-07
6.11305e-06
8.31125e-06
0.00696008
4.96414e-06
6.21418e-06
6.18664e-06
6.17315e-06
6.18077e-06
6.1964e-06
6.21627e-06
6.08082e-06
6.08691e-06
6.19646e-06
6.13501e-06
6.24549e-06
6.25479e-06
7.68146e-06
6.22712e-06
1.61911e-05
6.08103e-06
6.11816e-06
6.16064e-06
6.17866e-06
6.16722e-06
6.15543e-06
6.07984e-06
6.23106e-06
2.40259e-06
6.19075e-06
6.18091e-06
6.12206e-06
6.12976e-06
1.02473e-06
6.12404e-06
6.14183e-06
6.13215e-06
6.19303e-06
6.19574e-06
6.11626e-06
6.13675e-06
6.27016e-06
6.09112e-06
6.17357e-06
6.19338e-06
6.18412e-06
6.23988e-06
8.253e-07
6.198e-06
6.11026e-06
6.0994e-06
8.03994e-06
0.00377041
6.14301e-06
6.20153e-06
6.1375e-06
6.09135e-06
6.14909e-06
6.09995e-06
6.03282e-06
6.15964e-06
7.39801e-07
6.15043e-06
6.16569e-06
6.0716e-06
6.19047e-06
8.71097e-09
6.18572e-06
6.10509e-06
6.42369e-06
6.46611e-06
9.34606e-05
6.09302e-06
6.07413e-06
6.11717e-06
6.14743e-06
6.24531e-06
6.10724e-06
6.14624e-06
6.08355e-06
6.28516e-06
6.24678e-06
6.23578e-06
6.19126e-06
6.24381e-06
6.06894e-06
6.04986e-06
6.07217e-06
6.07884e-06
0.011839
6.10327e-06
6.18176e-06
6.21779e-06
6.10224e-06
6.07483e-06
6.08094e-06
6.26959e-06
6.08554e-06
6.1821e-06
6.13402e-06
6.08639e-06
6.08113e-06
6.08526e-06
3.66066e-08
6.17087e-06
6.19015e-06
6.12678e-06
6.08185e-06
6.18021e-06
6.62465e-06
6.173e-06
6.17342e-06
6.41674e-06
6.16052e-06
0.0031807
6.16611e-06
6.11702e-06
6.07612e-06
5.98002e-06
6.12252e-06
6.19983e-06
6.12157e-06
6.08366e-06
6.18676e-06
6.1052e-06
6.13609e-06
6.86813e-06
6.11977e-06
6.23819e-06
6.10351e-06
6.18857e-06
6.08205e-06
6.19041e-06
6.18041e-06
6.31621e-06
0.000130197
6.17286e-06
6.18278e-06
6.12589e-06
6.08789e-06
6.18367e-06
6.15928e-06
6.16979e-06
6.36708e-06
6.22071e-06
6.12394e-06
8.93205e-06
6.20459e-06
0.000235175
6.1787e-06
0.000238389
6.28271e-06
6.17898e-06
6.06883e-06
6.10247e-06
6.17352e-06
6.14786e-06
6.08096e-06
6.10683e-06
6.16728e-06
6.14408e-06
6.13239e-06
1.00156e-06
6.11238e-06
6.19318e-06
1.43209e-05
6.17983e-06
6.41194e-06
6.24651e-06
6.12335e-06
0.00282184
6.16051e-06
6.18174e-06
6.09797e-06
6.08406e-06
6.04357e-06
6.10282e-06
6.13884e-06
6.08141e-06
6.1123e-06
0.00959991
6.07845e-06
6.20952e-06
7.05477e-06
6.57521e-06
6.22663e-06
6.15914e-06
6.16428e-06
6.38066e-06
6.1906e-06
6.10306e-06
6.3222e-06
6.28334e-06
6.11444e-06
6.24855e-06
6.13849e-06
6.10127e-06
6.08774e-06
6.12076e-06
6.15364e-06
6.19521e-06
6.21463e-06
6.1039e-06
6.16598e-06
6.22224e-06
6.20808e-06
6.20408e-06
0.00186241
6.11794e-06
6.12402e-06
6.26034e-06
6.09246e-06
0.000564762
6.15345e-06
4.78464e-07
6.16924e-06
2.09711e-07
6.11105e-06
2.50782e-06
6.18274e-06
0.000109936
7.36784e-06
6.11304e-06
6.08788e-06
6.07482e-06
6.15573e-06
6.08976e-06
6.15305e-06
6.07525e-06
6.1844e-06
6.25026e-06
6.084e-06
6.14225e-06
6.19553e-06
6.25634e-06
6.35163e-06
6.18199e-06
6.2243e-06
6.18372e-06
6.13801e-06
6.10468e-06
6.20475e-06
6.13457e-06
6.10604e-06
6.19709e-06
6.11612e-06
1.70047e-06
6.07814e-06
6.12757e-06
6.15962e-06
6.08329e-06
6.25669e-06
0.0035675
6.12401e-06
6.17189e-06
0.0117182
0.00567208
6.23199e-06
6.34892e-06
6.0902e-06
0.00493155
6.16443e-06
0.000446923
6.14036e-06
6.08555e-06
6.20013e-06
3.76509e-07
6.22961e-06
6.09997e-06
6.2119e-06
6.18289e-06
6.22815e-06
6.15286e-06
6.178e-06
6.12198e-06
6.07806e-06
0.00527964
0.00618906
6.12132e-06
6.95435e-06
6.21079e-06
3.24261e-09
6.18444e-06
6.09389e-06
6.16991e-06
6.16955e-06
6.10041e-06
6.12084e-06
6.06863e-06
6.15147e-06
6.24233e-06
6.2133e-06
6.25454e-06
6.08203e-06
0.00111053
6.23811e-06
6.24466e-06
6.44288e-06
6.13042e-06
6.1052e-06
6.16156e-06
6.19107e-06
6.90114e-06
6.1652e-06
6.1685e-06
6.07888e-06
6.17035e-06
6.0948e-06
6.23938e-06
6.16318e-06
6.1666e-06
6.21767e-06
6.22123e-06
6.25835e-06
6.28464e-06
6.08882e-06
0.00048778
0.00155067
6.25377e-06
6.23031e-06
2.35578e-05
6.13158e-06
6.23387e-06
6.27209e-06
5.69002e-09
6.15373e-06
6.08032e-06
6.07435e-06
2.67314e-08
6.11824e-06
6.41183e-06
6.13246e-06
6.1128e-06
6.11891e-06
6.1965e-06
6.84986e-06
6.08304e-06
6.25873e-06
6.17441e-06
0.000156053
6.13919e-06
0.000169184
6.19262e-06
6.17344e-06
6.12991e-06
6.1345e-06
8.41013e-08
4.58852e-09
6.14372e-06
6.27988e-06
0.00312257
6.15248e-06
6.15974e-06
6.12733e-06
7.07891e-05
6.31609e-06
6.24907e-06
6.1334e-06
6.07301e-06
6.28312e-06
6.10714e-06
6.23768e-06
6.17157e-06
6.10939e-06
6.15508e-06
6.1766e-06
6.0856e-06
6.23864e-06
6.08252e-06
6.17445e-06
6.16561e-06
6.1547e-06
6.0732e-06
0.000907767
6.17906e-06
6.07323e-06
6.18389e-06
4.68396e-07
6.15779e-06
6.07824e-06
6.1324e-06
6.26684e-06
6.18503e-06
6.17567e-06
6.28218e-06
6.12104e-06
8.19265e-07
6.11402e-06
5.29368e-06
6.11432e-06
6.19732e-06
7.68779e-06
6.08183e-06
1.86955e-07
6.18657e-06
0.000553737
1.02132e-08
6.16546e-06
0.00860941
6.07218e-06
6.15407e-06
6.27511e-06
0.00473492
6.08538e-06
6.2e-06
6.11649e-06
6.18499e-06
6.14598e-06
6.12888e-06
6.2044e-06
6.08001e-06
6.11178e-06
0.00979247
0.010494
6.13929e-06
6.13519e-06
6.13079e-06
1.70555e-06
6.11031e-06
6.16631e-06
6.26884e-06
6.10442e-06
6.14968e-06
6.07441e-06
6.13088e-06
6.10056e-06
6.0798e-06
6.1218e-06
1.42588e-06
6.15967e-06
0.000136418
5.76296e-06
6.12096e-06
6.11833e-06
6.13967e-06
6.26187e-06
6.20362e-06
6.19327e-06
6.21169e-06
5.59431e-06
7.16972e-09
6.19943e-06
1.44796e-08
6.12446e-06
6.254e-06
6.21596e-06
6.12985e-06
6.47089e-06
6.16561e-06
5.85172e-06
6.18192e-06
6.07865e-06
6.19982e-06
6.15007e-06
6.15867e-06
6.19738e-06
6.0909e-06
6.18791e-06
9.69784e-06
6.1802e-06
6.16938e-06
6.18041e-06
6.12838e-06
0.0117645
6.56629e-06
7.55536e-06
6.21153e-06
6.29124e-06
6.11842e-06
6.18698e-06
6.14203e-06
6.23043e-06
6.41881e-06
6.1054e-06
6.14965e-06
6.24035e-06
6.29133e-06
6.1582e-06
6.13927e-06
6.18328e-06
6.17497e-06
6.1769e-06
6.08307e-06
6.21878e-06
6.16028e-06
6.24246e-06
6.25745e-06
6.1856e-06
6.22031e-06
4.29059e-06
7.46851e-06
6.12886e-06
6.22388e-06
6.06755e-06
6.17357e-06
6.44193e-06
6.21954e-06
6.08328e-06
7.8937e-06
6.06975e-06
6.25412e-06
6.19692e-06
6.22719e-06
6.20409e-06
6.26803e-06
6.11826e-06
6.1315e-06
5.92046e-06
6.14034e-06
6.14813e-06
6.19872e-06
6.20539e-06
6.15258e-06
1.75219e-06
6.16887e-06
6.10671e-06
6.16195e-06
6.12864e-06
6.07282e-06
2.43706e-06
6.17907e-06
6.15453e-06
6.19043e-06
3.62192e-06
6.08645e-06
6.1548e-06
6.09727e-06
6.12213e-06
6.10009e-06
6.19263e-06
6.11117e-06
0.000947942
0.00680344
6.23904e-06
6.07544e-06
6.2456e-06
6.23435e-06
6.1035e-06
6.10397e-06
6.18576e-06
0.00132802
6.17443e-06
6.17973e-06
6.19327e-06
6.40634e-06
6.21485e-06
6.08477e-06
6.25524e-06
6.15516e-06
6.12382e-06
6.06821e-06
6.07156e-06
6.06889e-06
0.00222578
6.22003e-06
6.15134e-06
6.21166e-06
6.15743e-06
7.44341e-06
6.0839e-06
6.12363e-06
6.16027e-06
6.10019e-06
6.16073e-06
6.1006e-06
6.14728e-06
6.16837e-06
6.08906e-06
6.07549e-06
6.17498e-06
6.07442e-06
6.23841e-06
0.00303958
6.39558e-06
6.08643e-06
0.000633843
6.11521e-06
9.9576e-06
6.12136e-06
6.15479e-06
6.09566e-06
6.16101e-06
6.10732e-06
6.24827e-06
6.1139e-06
6.15018e-06
6.16154e-06
0.00454586
0.00462473
0.00604182
6.1044e-06
6.19291e-06
6.08694e-06
6.23411e-06
6.10067e-06
6.25446e-06
6.20656e-06
6.07504e-06
5.80628e-06
4.8613e-07
6.13427e-06
6.2044e-06
6.22842e-06
5.79845e-06
6.19162e-06
6.01212e-06
6.13917e-06
6.14187e-06
6.10602e-06
6.1458e-06
5.13092e-07
6.30139e-06
6.16171e-06
6.11845e-06
6.17911e-06
6.45014e-06
0.00187492
6.26261e-06
6.34122e-06
6.23106e-06
3.26259e-06
6.18733e-06
6.27072e-06
6.0795e-06
6.16372e-06
6.18423e-06
6.18226e-06
6.26393e-06
6.59068e-06
4.26714e-06
6.13894e-06
6.06835e-06
6.21252e-06
6.18566e-06
6.17081e-06
6.18793e-06
6.12976e-06
0.0115402
6.11106e-06
6.15518e-06
6.22267e-06
6.15347e-06
7.04558e-06
7.01864e-06
5.91909e-06
6.19854e-06
6.20213e-06
6.13967e-06
0.00108317
6.1468e-06
6.17249e-06
6.25174e-06
0.00015979
6.37626e-06
6.33004e-06
6.14026e-06
6.14404e-06
6.17755e-06
6.11892e-06
6.20541e-06
6.1855e-06
6.1839e-06
6.07098e-06
6.22933e-06
6.24579e-06
6.22596e-06
6.06887e-06
6.17838e-06
6.25923e-06
6.11207e-06
6.18187e-06
6.09048e-06
6.1058e-06
6.15183e-06
0.00581253
0.00832719
9.91976e-05
6.12346e-06
6.19996e-06
6.18041e-06
6.18183e-06
6.13174e-06
6.13079e-06
6.17057e-06
6.1249e-06
6.17104e-06
6.07693e-06
6.20669e-06
6.14777e-06
6.17621e-06
6.14264e-06
3.50432e-08
6.16813e-06
8.37145e-06
3.51534e-06
6.12021e-06
6.21405e-06
6.22289e-06
6.21073e-06
6.13429e-06
6.12989e-06
6.15087e-06
6.15695e-06
6.35432e-06
6.08875e-06
6.14153e-06
6.3479e-06
6.17561e-06
6.08672e-06
6.16131e-06
1.97626e-07
6.19385e-06
5.89172e-06
6.14042e-06
6.15357e-06
0.0106589
6.39323e-06
6.11335e-06
7.61224e-06
6.17296e-06
6.16301e-06
6.24718e-06
6.04556e-06
6.00904e-06
6.12115e-06
6.12765e-06
6.15923e-06
6.14979e-06
6.33141e-06
6.36751e-06
6.23688e-06
6.25532e-06
6.25017e-06
6.15359e-06
6.14968e-06
6.19799e-06
6.09534e-06
6.26419e-06
6.12039e-06
6.12992e-06
6.08247e-06
6.07762e-06
6.18172e-06
0.000100267
6.13516e-06
6.13145e-06
6.82421e-06
6.29009e-06
6.09601e-06
6.14862e-06
6.26978e-06
6.21213e-06
6.10349e-06
6.19763e-06
6.10128e-06
8.5019e-06
6.21394e-06
6.23971e-06
6.15216e-06
6.1485e-06
6.22724e-06
6.22372e-06
6.13196e-06
6.20787e-06
0.00316734
6.08696e-06
6.14345e-06
6.08636e-06
6.16924e-06
6.15042e-06
6.07228e-06
6.14752e-06
6.07151e-06
2.31029e-05
6.07659e-06
6.19635e-06
6.17125e-06
6.25474e-06
6.24459e-06
3.78802e-07
6.07465e-06
6.07928e-06
6.17282e-06
6.12656e-06
6.10693e-06
6.1263e-06
6.07061e-06
6.21419e-06
0.00045372
6.54521e-06
6.16727e-06
6.09323e-06
0.00359596
6.12673e-06
6.25238e-06
6.1732e-06
6.18453e-06
6.08763e-06
2.73235e-06
6.11526e-06
6.16168e-06
6.08402e-06
6.22292e-06
6.11693e-06
6.08953e-06
6.1726e-06
6.15907e-06
6.10053e-06
6.15159e-06
6.17347e-06
0.00527635
6.16396e-06
6.11083e-06
6.14671e-06
6.18738e-06
5.7998e-06
0.00010762
6.08924e-06
0.0111553
6.1632e-06
6.15043e-06
6.15619e-06
6.32134e-06
6.08778e-06
6.28417e-06
6.12579e-06
6.18369e-06
7.04891e-06
6.12911e-06
1.82837e-06
6.08818e-06
6.00812e-06
6.15349e-06
6.18831e-06
0.000111847
6.21339e-06
6.22469e-06
6.19361e-06
6.10451e-06
1.0893e-05
6.07999e-06
8.36188e-15
6.22007e-06
6.15271e-06
0.00442142
6.1474e-06
6.09173e-06
6.12255e-06
6.15209e-06
6.15712e-06
6.16186e-06
6.20909e-06
6.07649e-06
6.07601e-06
6.15384e-06
6.0694e-06
6.07641e-06
6.1374e-06
6.12658e-06
6.1349e-06
6.10128e-06
6.10333e-06
6.22078e-06
6.07246e-06
6.06948e-06
9.46062e-06
6.11859e-06
6.14965e-06
6.18593e-06
7.06068e-06
7.92527e-06
6.15752e-06
6.21133e-06
6.26216e-06
6.10651e-06
6.15405e-06
6.08554e-06
6.1476e-06
6.16273e-06
6.07245e-06
6.23137e-06
6.09161e-06
6.10312e-06
6.15574e-06
6.25425e-06
6.08908e-06
6.14264e-06
6.27134e-06
6.18634e-06
6.0712e-06
6.07263e-06
6.13542e-06
7.19087e-06
6.12196e-06
6.08706e-06
6.17508e-06
6.09121e-06
6.10049e-06
6.20969e-06
6.1844e-06
6.07088e-06
6.22033e-06
6.22828e-06
2.50709e-07
6.08596e-06
6.2054e-06
6.07695e-06
6.13691e-06
6.14158e-06
6.0749e-06
6.21283e-06
0.000456621
6.11383e-06
6.13821e-06
6.19234e-06
3.1782e-05
9.31683e-06
6.23209e-06
0.00640336
6.15879e-06
6.11486e-06
6.15395e-06
0.000865588
6.10172e-06
6.16386e-06
1.33012e-05
6.12458e-06
6.10725e-06
6.08495e-06
0.00286033
6.22149e-06
6.18702e-06
6.1823e-06
6.41678e-06
6.13053e-06
6.15948e-06
6.28115e-06
6.16528e-06
6.16224e-06
6.20692e-06
6.12208e-06
6.15939e-06
6.13816e-06
6.70896e-06
6.21304e-06
0.00192288
6.10824e-06
6.14948e-06
6.08181e-06
6.56467e-07
6.11979e-06
6.08799e-06
6.16164e-06
6.07703e-06
6.0952e-06
6.26804e-06
6.08597e-06
6.23742e-06
6.22164e-06
6.22008e-06
6.22095e-06
6.1699e-06
6.17917e-06
6.07054e-06
6.17637e-06
6.16452e-06
6.15033e-06
6.15403e-06
6.16141e-06
6.12727e-06
6.13628e-06
6.22385e-06
6.1333e-06
6.14647e-06
6.13996e-06
0.000205191
0.000202168
6.14613e-06
6.22232e-06
6.14888e-06
6.15371e-06
9.25697e-05
6.16997e-06
6.19934e-06
6.07349e-06
6.09259e-06
6.08593e-06
7.18562e-06
6.10127e-06
6.1693e-06
6.10924e-06
6.22145e-06
6.09982e-06
6.1028e-06
6.07205e-06
6.07723e-06
6.11632e-06
4.14446e-10
6.25447e-06
6.10015e-06
6.08614e-06
6.11632e-06
6.28036e-06
6.15326e-06
2.17315e-06
6.30688e-06
6.18542e-06
6.17374e-06
6.20909e-06
6.15723e-06
6.1033e-06
6.16876e-06
6.07363e-06
6.15112e-06
6.79426e-06
6.34193e-06
6.15346e-06
6.15133e-06
6.11996e-06
6.13696e-06
6.15846e-06
0.00465844
6.15852e-06
6.10359e-06
1.47777e-05
6.21804e-06
6.14867e-06
6.16724e-06
6.14124e-06
6.11861e-06
6.21182e-06
6.15966e-06
6.08596e-06
6.09584e-06
6.08691e-06
6.15856e-06
6.15299e-06
0.000221628
6.13403e-06
6.15603e-06
6.08784e-06
6.17165e-06
6.09164e-06
6.09152e-06
0.00943302
6.08399e-06
6.24193e-06
6.08604e-06
6.09407e-06
6.08858e-06
6.07139e-06
6.1482e-06
6.08494e-06
6.1297e-06
6.27713e-06
6.09295e-06
6.10894e-06
6.13867e-06
6.08421e-06
6.09094e-06
6.40933e-07
6.22535e-06
7.0301e-06
6.08182e-06
6.08836e-06
6.18239e-06
6.21322e-06
6.32603e-06
6.0698e-06
6.21934e-06
6.16156e-06
6.16406e-06
6.22436e-06
6.16246e-06
6.07729e-06
6.12936e-06
6.17026e-06
6.16093e-06
6.20669e-06
6.28967e-06
6.19554e-06
6.17139e-06
6.17758e-06
6.11153e-06
6.238e-06
6.20557e-06
6.09087e-06
6.15219e-06
1.51227e-05
6.10413e-06
0.00125682
6.07838e-06
6.23459e-06
0.000372191
6.13321e-06
6.18178e-06
6.15933e-06
0.000712322
6.14344e-06
6.07101e-06
6.08984e-06
6.14697e-06
6.13903e-06
6.2004e-06
6.1263e-06
6.09628e-06
6.02206e-06
6.15942e-06
6.08293e-06
6.09928e-06
6.20273e-06
0.000722817
6.12748e-06
6.09422e-06
0.00139858
6.07709e-06
6.25464e-06
6.17302e-06
6.15198e-06
6.10382e-06
6.15543e-06
6.08923e-06
2.42914e-05
6.08901e-06
6.13144e-06
6.07642e-06
6.12979e-06
6.24428e-06
6.13937e-06
0.00746623
6.1131e-06
6.23827e-06
6.08452e-06
6.2719e-06
6.07153e-06
6.66466e-07
0.0026026
6.13346e-06
6.14632e-06
6.1279e-06
6.14558e-06
6.17913e-06
6.16638e-06
6.18492e-06
6.11109e-06
6.10821e-06
6.12065e-06
0.000898917
6.39657e-06
6.16273e-06
6.14182e-06
6.24182e-06
6.14725e-06
6.14911e-06
6.07211e-06
6.08363e-06
6.37966e-06
6.14625e-06
6.12636e-06
0.0104184
6.16019e-06
0.000117714
6.07855e-06
6.28705e-06
6.24031e-06
6.14503e-06
6.12533e-06
6.17202e-06
6.1523e-06
6.06973e-06
6.10235e-06
6.16622e-06
6.09374e-06
6.11967e-06
6.13821e-06
6.18459e-06
6.15425e-06
6.14387e-06
7.38891e-13
6.16717e-06
6.12732e-06
6.16351e-06
6.25571e-06
6.18276e-06
1.59869e-06
6.12832e-06
6.19484e-06
6.1673e-06
6.32467e-06
6.08688e-06
6.08461e-06
6.07258e-06
6.21705e-06
6.27209e-06
6.09568e-06
6.19595e-06
6.13012e-06
6.07661e-06
3.77167e-06
6.24595e-06
6.07812e-06
6.10788e-06
6.16903e-06
6.08105e-06
6.15861e-06
6.61227e-06
6.17293e-06
9.92046e-05
2.42969e-07
6.15356e-06
6.26867e-06
5.35376e-06
6.15626e-06
6.24879e-06
6.24421e-06
6.14426e-06
5.41754e-06
2.20796e-06
5.69721e-06
6.08077e-06
6.12854e-06
6.12579e-06
6.09567e-06
2.72342e-09
0.00173093
6.12779e-06
6.16068e-06
6.23728e-06
6.12419e-06
6.14014e-06
6.18071e-06
6.1244e-06
5.35529e-06
6.0907e-06
6.15607e-06
6.25789e-06
6.08129e-06
0.00906985
6.0701e-06
6.18427e-06
6.08363e-06
6.29415e-06
6.07243e-06
6.17793e-06
6.17296e-06
6.49538e-06
6.14286e-06
6.42821e-06
6.07204e-06
2.32444e-05
6.09708e-06
6.17483e-06
6.11921e-06
6.07069e-06
6.13199e-06
7.8589e-06
6.09552e-06
6.12689e-06
7.03049e-07
6.12382e-06
6.14945e-06
6.08386e-06
6.09811e-06
6.15763e-06
6.3035e-06
6.10837e-06
6.09795e-06
6.12214e-06
0.00878977
6.12343e-06
6.10268e-06
6.14914e-06
6.14409e-06
6.20995e-06
0.000224035
6.07654e-06
6.07574e-06
6.15703e-06
6.15175e-06
0.00792431
6.1379e-06
0.000417789
6.09708e-06
6.12536e-06
6.15156e-06
6.16753e-06
6.15601e-06
0.00588461
6.17928e-06
6.09762e-06
6.12333e-06
6.0983e-06
5.87293e-06
6.17748e-06
6.11381e-06
6.15679e-06
6.16038e-06
6.26322e-06
6.07283e-06
6.12703e-06
6.18975e-06
6.08352e-06
6.19208e-06
9.75132e-08
6.14832e-06
6.18367e-06
6.2378e-06
6.24959e-06
6.15602e-06
6.08337e-06
6.25959e-06
6.08612e-06
6.39585e-06
6.22099e-06
6.18288e-06
6.14202e-06
6.09435e-06
6.22822e-06
6.18242e-06
6.08575e-06
6.07947e-06
6.20487e-06
6.12581e-06
6.09215e-06
6.26955e-06
6.10142e-06
6.12023e-06
6.12125e-06
6.18409e-06
6.16348e-06
6.08509e-06
6.08407e-06
6.09676e-06
1.62261e-06
6.23592e-06
6.12125e-06
6.09241e-06
6.15113e-06
6.19272e-06
1.00543e-07
6.0708e-06
6.19979e-06
6.14011e-06
6.11192e-06
6.12757e-06
6.127e-06
6.1643e-06
6.15079e-06
6.38594e-06
6.74937e-06
6.08469e-06
6.07196e-06
6.12567e-06
6.10408e-06
6.28049e-06
6.2004e-06
6.10197e-06
6.17358e-06
6.1016e-06
6.24087e-06
6.07129e-06
6.26039e-06
6.13785e-06
6.06768e-06
6.06807e-06
6.08696e-06
6.07648e-06
6.06803e-06
0.000410502
6.0718e-06
6.06804e-06
6.0679e-06
6.08428e-06
5.35655e-06
6.0477e-06
6.08265e-06
6.06803e-06
6.07653e-06
6.10703e-06
6.0808e-06
0.00528327
6.18365e-06
0.00596741
6.07228e-06
6.21261e-06
6.11391e-06
6.08475e-06
6.1011e-06
6.16729e-06
6.08764e-06
2.55659e-06
6.24641e-06
6.21135e-06
6.1146e-06
6.09125e-06
6.09558e-06
6.15847e-06
6.07828e-06
6.31172e-06
0.000708402
6.2257e-06
6.17422e-06
6.2045e-06
3.38288e-09
6.10719e-06
6.08067e-06
0.000245075
8.74328e-06
6.12845e-06
0.00416881
6.89558e-06
6.18695e-06
6.21133e-06
6.23841e-06
6.19781e-06
6.24209e-06
6.13002e-06
6.08189e-06
2.65621e-06
6.18776e-06
6.08986e-06
6.13726e-06
6.07495e-06
6.07889e-06
6.12803e-06
6.17078e-06
6.07691e-06
6.13925e-06
6.15322e-06
0.000615628
6.07794e-06
6.20351e-06
6.16333e-06
6.0837e-06
6.86979e-07
6.23619e-06
6.07592e-06
6.08772e-06
6.12542e-06
6.08554e-06
6.1334e-06
6.18616e-06
6.12367e-06
6.31131e-06
6.08543e-06
2.54492e-06
6.0828e-06
6.2807e-06
6.08504e-06
6.0862e-06
6.18673e-06
6.13649e-06
6.39488e-06
6.2641e-06
6.15056e-06
6.12964e-06
0.0121707
6.13614e-06
6.16659e-06
6.17826e-06
6.08354e-06
6.0687e-06
6.20854e-06
6.08779e-06
6.24142e-06
6.1215e-06
6.22545e-06
6.26218e-06
6.15588e-06
6.16436e-06
6.27487e-06
2.58551e-08
6.17396e-06
6.08004e-06
6.16708e-06
6.09798e-06
6.20848e-06
6.20713e-06
6.1312e-06
0.00354348
6.18766e-06
6.12253e-06
6.12433e-06
6.17605e-06
1.9932e-06
6.14822e-06
6.10095e-06
6.08089e-06
6.1082e-06
6.25181e-07
6.21654e-06
4.16674e-06
6.27504e-06
6.31044e-06
6.08541e-06
6.21439e-06
6.09669e-06
6.16184e-06
6.21505e-06
6.12196e-06
1.67949e-07
6.18455e-06
6.19674e-06
6.08659e-06
6.10531e-06
6.21619e-06
7.40346e-06
6.14188e-06
6.06995e-06
6.76842e-06
6.14289e-06
6.14851e-06
6.18131e-06
6.20284e-06
6.10337e-06
6.21452e-06
6.1022e-06
6.15181e-06
6.13566e-06
6.2816e-06
6.18962e-06
6.12831e-06
0.00532502
6.10683e-06
6.13552e-06
6.2581e-06
6.07569e-06
6.07573e-06
6.19044e-06
6.17002e-06
6.19123e-06
6.22629e-06
0.00029036
8.62141e-08
6.10996e-06
6.08306e-06
6.18957e-06
6.15064e-06
7.20727e-09
6.20656e-06
6.09544e-06
5.15569e-06
6.07979e-06
8.00126e-06
6.13314e-06
6.25065e-06
6.08714e-06
6.22546e-06
8.20709e-07
5.63972e-06
6.13351e-06
6.17917e-06
6.06893e-06
6.29149e-06
6.11445e-06
6.24052e-06
6.1934e-06
6.12623e-06
6.11057e-06
6.13712e-06
6.13367e-06
6.07798e-06
0.000513631
6.14653e-06
6.08403e-06
6.11596e-06
2.39948e-06
6.2788e-06
6.29762e-06
6.22144e-06
6.21479e-06
6.25437e-06
0.0116572
6.25651e-06
6.22581e-06
6.18216e-06
6.1001e-06
6.07985e-06
6.18185e-06
1.61162e-09
6.27333e-06
6.11059e-06
6.16291e-06
6.10892e-06
6.09806e-06
6.10653e-06
0.000614167
6.18206e-06
6.26336e-06
0.0019969
6.07075e-06
6.25805e-06
6.16108e-06
6.16476e-06
6.11962e-06
6.14682e-06
6.1758e-06
7.7366e-07
6.11331e-06
6.09802e-06
6.25584e-06
6.16464e-06
6.16583e-06
0.00010116
6.13136e-06
6.08066e-06
6.16282e-06
6.2608e-06
6.26307e-06
6.10342e-06
6.10914e-06
6.12625e-06
6.09261e-06
0.00161454
0
6.079e-06
6.15696e-06
6.26665e-06
6.13619e-06
0.00577796
6.2394e-06
6.25428e-06
6.11276e-06
6.08477e-06
6.11781e-06
6.14086e-06
6.1809e-06
6.15726e-06
6.20178e-06
6.26801e-06
6.01164e-06
6.08412e-06
6.0911e-06
6.27374e-06
6.11226e-06
6.12636e-06
6.21141e-06
6.15483e-06
6.21337e-06
6.08744e-06
6.17655e-06
6.16318e-06
1.71615e-07
6.08303e-06
6.16207e-06
6.08434e-06
6.27015e-06
6.07669e-06
7.36026e-08
6.10048e-06
6.11687e-06
6.24582e-06
6.26072e-06
6.12356e-06
6.11972e-06
6.23834e-06
6.23427e-06
6.25489e-06
6.20997e-06
6.16365e-06
6.19062e-06
6.1861e-06
6.10761e-06
6.27857e-06
6.1712e-06
6.19839e-06
6.12689e-06
6.0795e-06
6.12872e-06
6.13923e-06
6.25264e-06
0.000466423
6.09916e-06
0.000162334
6.07288e-06
6.08644e-06
6.07143e-06
6.21585e-06
1.2899e-08
6.19927e-06
6.1994e-06
6.08044e-06
6.1109e-06
6.25456e-06
6.20161e-06
6.14612e-06
6.20725e-06
6.08325e-06
6.12863e-06
6.12984e-06
6.21107e-06
6.16518e-06
6.104e-06
6.12398e-06
6.21014e-06
6.08775e-06
6.12314e-06
6.06936e-06
6.19782e-06
1.27095e-07
6.09444e-06
6.12374e-06
1.08617e-05
6.07063e-06
6.12501e-06
6.23636e-06
6.0695e-06
6.13759e-06
6.08607e-06
6.16425e-06
6.18564e-06
8.7391e-11
6.13462e-06
6.10918e-06
0.000178371
6.20491e-06
6.19289e-06
6.18304e-06
6.07013e-06
6.09293e-06
6.1341e-06
6.23907e-06
6.32547e-06
6.2295e-06
6.08721e-06
6.16695e-06
0.00327983
6.13425e-06
6.07039e-06
6.08307e-06
6.19192e-06
7.25694e-07
6.09015e-06
6.13957e-06
6.24177e-06
6.08078e-06
6.07389e-06
6.13884e-06
5.97365e-06
6.70297e-06
6.13564e-06
0.00991447
6.20009e-06
0.00409986
6.07412e-06
6.09745e-06
6.0733e-06
6.08566e-06
6.07935e-06
6.0763e-06
6.14558e-06
6.2783e-06
6.07909e-06
6.11788e-06
6.079e-06
6.2033e-06
6.09293e-06
6.08699e-06
6.14203e-06
6.11389e-06
6.11422e-06
6.07659e-06
6.13868e-06
6.11119e-06
6.26679e-06
6.12761e-06
6.27907e-06
6.11624e-06
6.08593e-06
6.10587e-06
6.08238e-06
6.14801e-06
6.08481e-06
6.09205e-06
6.13386e-06
6.15625e-06
6.30499e-06
6.07239e-06
6.0122e-06
6.11484e-06
0.0114984
6.10462e-06
6.12498e-06
6.10678e-06
6.13517e-06
6.26579e-06
6.1671e-06
6.08631e-06
6.11775e-06
6.15378e-06
6.11698e-06
6.16463e-06
6.29971e-08
6.0773e-06
6.116e-06
6.12385e-06
6.13709e-06
6.12439e-06
6.09557e-06
6.12775e-06
6.09621e-06
6.08354e-06
6.08158e-06
2.46493e-07
6.18451e-06
6.08078e-06
0.00527082
6.20396e-06
6.06821e-06
6.12486e-06
6.07962e-06
6.14459e-06
6.08089e-06
6.17486e-06
6.16772e-06
0.0119549
6.10069e-06
6.12883e-06
6.07577e-06
6.10055e-06
6.08488e-06
6.2701e-06
6.09954e-06
6.08624e-06
6.08237e-06
6.08518e-06
6.13217e-06
6.23364e-06
4.85285e-06
6.11355e-06
6.16595e-06
6.30785e-06
0.000671215
6.12456e-06
6.08385e-06
6.14009e-06
6.16368e-06
6.11786e-06
0.00129963
6.0786e-06
6.07921e-06
6.09894e-06
6.27318e-06
6.15363e-06
6.15957e-06
6.087e-06
6.08343e-06
6.1242e-06
6.29031e-06
6.08407e-06
6.19192e-06
6.13799e-06
6.18232e-06
6.10761e-06
5.89388e-07
0.00720853
6.12025e-06
6.15877e-06
6.11628e-06
5.94856e-06
6.1279e-06
6.15906e-06
7.92269e-06
6.11089e-06
6.07974e-06
6.12508e-06
6.13918e-06
0.000171313
6.20979e-06
6.14007e-06
6.17725e-06
6.1745e-06
6.10414e-06
6.07978e-06
6.09611e-06
6.23683e-06
6.10643e-06
6.21589e-06
1.29762e-05
6.08296e-06
6.1406e-06
6.086e-06
6.24798e-06
6.11316e-06
6.10145e-06
6.12339e-06
6.07386e-06
5.5127e-06
6.18275e-06
6.17598e-06
6.28516e-06
6.06848e-06
6.07593e-06
6.06865e-06
0.000418631
6.0678e-06
6.0684e-06
6.06818e-06
6.08445e-06
6.06889e-06
6.0764e-06
6.08298e-06
6.0686e-06
0.000320999
6.07408e-06
6.06843e-06
6.07863e-06
6.06833e-06
6.0772e-06
6.08044e-06
6.06807e-06
6.83763e-06
6.01485e-06
6.0685e-06
6.08093e-06
3.49401e-12
6.18895e-06
6.10619e-06
6.1188e-06
6.1398e-06
6.20993e-06
6.14725e-06
6.0707e-06
6.19989e-06
6.16034e-06
6.15274e-06
6.21639e-06
6.17221e-06
6.28116e-06
6.17694e-06
1.70034e-05
6.11368e-06
6.18109e-06
6.20346e-06
6.0989e-06
6.07321e-06
6.08005e-06
6.13369e-06
6.15659e-06
6.1502e-06
6.06973e-06
6.15354e-06
6.18998e-06
6.07852e-06
6.19155e-06
6.11629e-06
6.15444e-06
6.18834e-06
6.12797e-06
6.39119e-07
6.14781e-06
6.11596e-06
6.1131e-06
6.11844e-06
8.49075e-06
9.62689e-07
6.08487e-06
6.21936e-06
6.08601e-06
6.19567e-06
6.0996e-06
6.19242e-06
6.17146e-06
6.1244e-06
6.1121e-06
6.19178e-06
6.1398e-06
6.29046e-06
6.12376e-06
1.59485e-07
6.17233e-06
6.15097e-06
6.14333e-06
6.27168e-06
6.12254e-06
6.15542e-06
6.24326e-06
6.74697e-06
6.07748e-06
6.10917e-06
6.09926e-06
6.14436e-06
6.44291e-06
6.18598e-06
6.1311e-06
6.30866e-06
6.07328e-06
6.27721e-06
2.78059e-13
6.11653e-06
6.08846e-06
6.16658e-06
6.09822e-06
6.27506e-06
8.11628e-06
6.14399e-06
2.75318e-06
6.07249e-06
6.12197e-06
6.13477e-06
0.000176083
6.10081e-06
6.28489e-06
6.13734e-06
5.95035e-06
6.17102e-06
6.0798e-06
0.00527766
6.13137e-06
6.14962e-06
6.17242e-06
8.00671e-06
6.1456e-06
6.12687e-06
6.245e-06
6.30381e-06
6.13314e-06
6.12036e-06
6.07176e-06
6.09043e-06
6.21002e-06
6.12445e-06
1.27094e-05
6.14366e-06
6.24591e-06
6.15292e-06
6.08071e-06
6.1733e-06
6.1857e-06
1.84612e-07
6.11523e-06
6.08528e-06
1.0321e-09
6.16684e-06
6.0947e-06
6.06973e-06
6.18076e-06
0.00261243
6.12818e-06
6.17836e-06
6.19722e-06
6.12219e-06
6.17441e-06
6.18868e-06
6.11823e-06
8.22308e-06
6.20511e-06
6.0892e-06
6.17204e-06
6.07395e-06
6.10224e-06
6.10417e-06
6.07633e-06
6.11022e-06
6.08444e-06
6.14407e-06
6.15098e-06
6.08122e-06
0.000195041
6.0817e-06
6.08703e-06
6.1524e-06
6.14579e-06
6.19641e-06
6.13687e-06
6.14604e-06
6.09806e-06
6.08648e-06
6.20225e-06
6.17225e-06
6.14625e-06
0.000354338
6.18116e-06
6.08488e-06
6.08193e-06
6.07823e-06
2.87085e-06
1.00979e-05
6.17779e-06
5.35929e-06
6.17953e-06
6.1481e-06
6.25477e-06
6.09577e-06
6.12122e-06
6.14689e-06
6.12226e-06
6.09167e-06
6.07677e-06
6.39947e-06
6.11591e-06
6.13294e-06
6.1117e-06
6.17622e-06
6.1498e-06
6.0893e-06
5.79907e-06
6.09811e-06
6.17906e-06
6.26255e-06
6.1662e-06
6.25273e-06
6.07453e-06
6.26236e-06
6.18996e-06
6.13621e-06
6.16541e-06
5.98545e-06
6.16851e-06
6.14202e-06
0.000281395
4.90566e-06
6.17424e-06
6.14677e-06
6.08088e-06
6.13787e-06
5.30084e-06
6.16844e-06
6.06771e-06
6.11077e-06
6.08045e-06
6.13568e-06
6.10409e-06
6.23433e-06
6.07104e-06
0.000825426
6.2507e-06
6.17521e-06
6.18798e-06
6.14123e-06
6.11422e-06
6.27106e-06
0.000356115
6.13895e-06
6.25084e-06
6.17299e-06
6.10007e-06
6.15387e-06
6.10674e-06
6.13066e-06
6.07676e-06
6.2358e-06
6.10513e-06
6.12787e-06
6.10757e-06
6.17695e-06
6.07012e-06
6.12984e-06
6.12025e-06
6.16853e-06
0.000710804
6.12394e-06
6.08942e-06
1.02866e-05
6.24974e-06
6.10873e-06
6.1022e-06
6.11345e-06
6.08654e-06
6.13467e-06
6.13582e-06
6.17322e-06
6.13541e-06
6.12301e-06
0.00167507
6.17034e-06
6.22156e-06
6.18776e-06
6.1143e-06
0.00920384
9.75767e-07
6.1998e-06
6.19065e-06
0.000140129
6.20803e-06
6.07119e-06
6.09755e-06
6.13733e-06
6.18752e-06
6.10357e-06
6.21855e-06
6.09734e-06
6.16614e-06
6.17904e-06
6.08871e-06
6.10438e-06
5.84554e-06
6.11414e-06
6.1825e-06
6.08336e-06
6.13272e-06
6.19788e-06
6.11899e-06
6.06979e-06
6.12162e-06
6.10602e-06
6.08283e-06
6.10431e-06
6.17282e-06
6.07808e-06
6.16812e-06
6.1885e-06
3.08986e-06
6.13492e-06
6.10842e-06
6.18285e-06
3.49225e-05
6.07795e-06
5.92973e-06
6.23872e-06
6.09529e-06
6.24533e-06
5.6716e-06
6.17949e-06
6.12038e-06
6.10685e-06
6.1332e-06
6.34271e-06
6.06076e-06
7.0603e-06
6.20018e-06
6.16246e-06
6.17958e-06
6.1842e-06
6.16215e-06
1.44251e-06
6.15458e-06
6.17697e-06
6.11667e-06
6.08308e-06
6.19096e-06
6.09366e-06
6.18323e-06
6.16966e-06
6.1766e-06
6.07771e-06
6.11782e-06
6.12073e-06
6.15947e-06
6.0828e-06
8.9871e-08
6.15582e-06
6.17693e-06
6.08596e-06
6.11435e-06
6.14678e-06
6.14382e-06
0.00146505
6.10272e-06
6.19043e-06
6.30947e-06
6.1359e-06
6.14937e-06
6.14013e-06
6.07513e-06
6.09807e-06
6.16232e-06
6.13523e-06
6.06891e-06
6.12335e-06
6.13883e-06
6.10578e-06
6.13565e-06
6.0883e-06
6.08103e-06
6.1829e-06
6.26762e-06
6.1181e-06
6.07847e-06
6.23837e-06
6.12522e-06
6.17646e-06
6.14901e-06
6.09659e-06
6.1764e-06
6.15996e-06
0.000559756
6.07806e-06
0.00690065
6.15288e-06
6.08489e-06
6.15241e-06
6.14721e-06
6.14463e-06
6.10606e-06
6.13734e-06
6.17801e-06
6.22818e-06
6.16968e-06
6.20367e-06
6.12288e-06
0.00304551
6.1886e-06
4.04536e-06
6.08223e-06
6.31118e-06
9.03039e-06
6.16381e-06
6.13727e-06
6.15472e-06
6.14746e-06
6.20076e-06
6.10575e-06
6.15018e-06
6.15366e-06
6.11658e-06
6.22384e-06
6.18783e-06
6.16853e-06
6.08388e-06
6.11236e-06
6.16789e-06
6.16762e-06
6.10286e-06
6.20286e-06
6.17077e-06
6.13191e-06
6.18603e-06
6.16116e-06
6.22178e-06
0.00104493
5.81554e-06
6.08605e-06
6.19306e-06
0.0001098
6.16402e-06
6.08563e-06
6.26586e-06
6.18597e-06
6.07776e-06
6.08477e-06
6.10854e-06
6.13283e-06
6.16016e-06
6.2078e-06
6.19334e-06
6.1467e-06
6.09126e-06
6.09299e-06
6.19282e-06
6.23635e-06
6.08193e-06
6.20646e-06
6.19108e-06
6.07735e-06
6.1527e-06
6.18049e-06
6.1667e-06
6.17237e-06
6.14081e-06
6.07394e-06
6.14855e-06
6.14728e-06
6.13413e-06
6.15152e-06
6.08907e-06
6.1578e-06
0.00293661
0.0066963
6.07047e-06
6.12314e-06
6.17841e-06
6.15e-06
6.07408e-06
6.14224e-06
6.14848e-06
6.15391e-06
6.1418e-06
6.11496e-06
6.12835e-06
6.18714e-06
6.24818e-06
6.07419e-06
6.11731e-06
6.21973e-06
6.12124e-06
6.16712e-06
6.27643e-06
6.09521e-06
1.31766e-05
6.08639e-06
6.15979e-06
6.08966e-06
6.10315e-06
6.14412e-06
6.17454e-06
6.35463e-06
6.12769e-06
8.88833e-06
6.10126e-06
6.23987e-06
6.10363e-06
6.0955e-06
6.0931e-06
6.13662e-06
6.13797e-06
6.19394e-06
6.2684e-06
6.16118e-06
6.17582e-06
6.10525e-06
6.33839e-06
6.08634e-06
6.24085e-06
6.07177e-06
6.14239e-06
6.12569e-06
6.28933e-06
6.19732e-06
6.15867e-06
6.13352e-06
6.0852e-06
6.27719e-06
6.07044e-06
6.15402e-06
0.0102496
0.00347019
6.21972e-06
6.09239e-06
6.09195e-06
6.14301e-06
6.02637e-06
6.12261e-06
6.21501e-06
6.20895e-06
6.07192e-06
6.27828e-06
0.00640979
6.07665e-06
6.13924e-06
6.18674e-06
6.16282e-06
6.19674e-06
6.10408e-06
6.09862e-06
6.17116e-06
6.13259e-06
6.12524e-06
6.15019e-06
6.18979e-06
0.00505497
6.20364e-06
6.07691e-06
6.15665e-06
6.27149e-06
6.07036e-06
6.27255e-06
6.14574e-06
6.16223e-06
6.27634e-06
6.20358e-06
6.13546e-06
6.08506e-06
6.13839e-06
0.00173851
6.24816e-06
6.07285e-06
6.12647e-06
6.18708e-06
6.27273e-06
6.16898e-06
6.1029e-06
6.09962e-06
6.1537e-06
1.4551e-06
6.18145e-06
6.09164e-06
6.10929e-06
6.25891e-06
6.14743e-06
4.23905e-06
6.15532e-06
6.11087e-06
6.17472e-06
6.22377e-06
6.20053e-06
6.1451e-06
6.08557e-06
6.1551e-06
6.17326e-06
6.07086e-06
6.20426e-06
6.2221e-06
6.13922e-06
0.00977622
6.29793e-06
6.08484e-06
6.1426e-06
6.18479e-06
6.20727e-06
6.10716e-06
6.12543e-06
6.15904e-06
6.0815e-06
6.09365e-06
6.17496e-06
6.19345e-06
6.17646e-06
6.24044e-06
6.08703e-06
6.18825e-06
6.15782e-06
6.14355e-06
6.09756e-06
6.33539e-06
6.15343e-06
6.1393e-06
6.1635e-06
6.16936e-06
6.13275e-06
6.08609e-06
6.12645e-06
6.24963e-06
6.09904e-06
6.16884e-06
6.08424e-06
6.08331e-06
6.159e-06
6.27092e-06
6.0763e-06
6.16108e-06
6.24416e-06
0.00111254
6.17823e-06
5.36185e-06
6.18578e-06
6.10496e-06
6.19877e-06
6.08383e-06
6.19296e-06
0.00785662
6.09662e-06
6.09424e-06
6.16875e-06
6.20923e-06
6.16852e-06
6.10214e-06
6.16437e-06
6.13183e-06
6.20269e-06
6.13696e-06
0.0108564
1.66495e-06
6.09665e-06
6.12349e-06
6.16701e-06
6.14759e-06
6.15911e-06
6.15085e-06
6.0717e-06
6.15296e-06
6.22265e-06
5.50433e-06
6.09131e-06
6.21644e-06
6.20763e-06
6.08472e-06
6.14007e-06
6.12391e-06
0.000982575
6.16886e-06
6.25583e-06
6.12616e-06
6.12612e-06
6.13149e-06
6.18189e-06
6.4665e-11
6.17228e-06
6.09135e-06
6.16197e-06
6.15549e-06
6.11367e-06
6.18407e-06
6.17918e-06
6.16053e-06
6.09051e-06
6.08599e-06
6.15894e-06
6.24839e-06
6.10631e-06
6.14282e-06
6.13552e-06
6.15704e-06
6.23895e-06
6.12974e-06
6.24786e-06
4.86957e-07
6.13531e-06
6.1378e-06
6.14199e-06
6.15243e-06
6.15059e-06
6.13961e-06
6.19773e-06
6.14635e-06
6.07549e-06
0.00936785
6.1038e-06
6.15301e-06
1.63584e-05
6.18531e-06
6.15721e-06
0.000229126
5.97394e-06
6.14698e-06
6.19026e-06
6.18168e-06
6.2556e-06
5.17604e-05
6.0791e-06
6.15206e-06
6.15403e-06
6.18483e-06
0.00632132
6.14593e-06
6.08323e-06
6.09097e-06
6.08329e-06
1.38395e-09
6.12374e-06
6.17397e-06
6.17645e-06
6.12447e-06
6.1015e-06
0.00110328
6.14907e-06
6.12172e-06
6.14587e-06
6.16453e-06
6.07747e-06
6.24114e-06
6.08409e-06
6.08393e-06
2.67712e-08
6.18717e-06
6.2075e-06
6.10382e-06
6.07144e-06
6.21126e-06
6.11115e-06
6.21737e-06
6.12196e-06
6.10572e-06
6.08147e-06
6.13773e-06
6.0773e-06
6.15992e-06
6.24619e-06
6.08526e-06
6.1926e-06
1.00468e-05
0.00639362
6.10446e-06
6.10614e-06
6.1038e-06
6.10599e-06
0.00452382
6.13239e-06
6.0744e-06
6.11022e-06
0.000131643
6.62655e-06
3.96976e-06
6.20102e-06
1.28611e-05
6.11058e-06
6.12617e-06
6.17296e-06
6.15301e-06
6.09e-06
6.28025e-06
6.11221e-06
6.07981e-06
6.24962e-06
0.0115195
6.09952e-06
6.1817e-06
6.08622e-06
4.89549e-05
6.0881e-06
1.06392e-05
6.28323e-06
3.25557e-09
6.15827e-06
6.1134e-06
6.12036e-06
6.12954e-06
6.1048e-06
6.10294e-06
1.0707e-05
6.09708e-06
6.24757e-06
6.19812e-06
1.53098e-05
6.09514e-06
6.10501e-06
6.08291e-06
6.12561e-06
6.13653e-06
6.13214e-06
6.43106e-05
6.13695e-06
6.29684e-06
6.08315e-06
6.10789e-06
6.0703e-06
6.1877e-06
6.16343e-06
6.16033e-06
6.10794e-06
6.28697e-06
6.19516e-06
6.11419e-06
6.10193e-06
6.19353e-06
6.10604e-06
6.07644e-06
6.08523e-06
6.18775e-06
6.08243e-06
6.07495e-06
6.19069e-06
6.10298e-06
6.07943e-06
6.08239e-06
6.20802e-06
6.08325e-06
6.12665e-06
6.20868e-06
6.0763e-06
6.0801e-06
6.10101e-06
6.24582e-06
6.15413e-06
6.12523e-06
6.13079e-06
6.12003e-06
6.10066e-06
6.11601e-06
6.13975e-06
6.13836e-06
6.14261e-06
6.12902e-06
6.22975e-06
6.27382e-06
6.15168e-06
6.09669e-06
6.078e-06
6.13433e-06
6.073e-06
6.14884e-06
6.2365e-06
6.17847e-06
6.13502e-06
0.00238683
4.52194e-06
7.15342e-06
6.07498e-06
6.07986e-06
6.11468e-06
4.90861e-06
6.63639e-06
6.2403e-06
0.00945344
6.07256e-06
6.12446e-06
6.25787e-06
6.15723e-06
5.85755e-06
6.13689e-06
6.07991e-06
6.19453e-06
6.12619e-06
6.21706e-06
6.18919e-06
6.11889e-06
6.26019e-06
6.07831e-06
6.12147e-06
6.11491e-06
6.20049e-06
6.26925e-06
6.26769e-06
6.1993e-06
6.08382e-07
6.0802e-06
6.18159e-06
6.15336e-06
6.14041e-06
6.15157e-06
6.25092e-06
6.24652e-06
6.26379e-06
6.11342e-06
6.15062e-06
6.08057e-06
6.15293e-06
6.96501e-06
6.16329e-06
6.18387e-06
1.36335e-06
6.07937e-06
6.11523e-06
6.14764e-06
6.19038e-06
6.08432e-06
6.11591e-06
6.18053e-06
6.43957e-06
6.14123e-06
6.17469e-06
6.14811e-06
6.08189e-06
0.000653656
6.11535e-06
6.09038e-06
6.13038e-06
6.17977e-06
6.0809e-06
6.24033e-06
1.68939e-06
6.16357e-06
6.20543e-06
6.15992e-06
6.2475e-06
5.1613e-06
6.22889e-06
6.12382e-06
6.1844e-06
6.14815e-06
6.16114e-06
6.15505e-06
6.15084e-06
6.16514e-06
6.12359e-06
6.10407e-06
6.18381e-06
6.21872e-06
6.37726e-06
6.34906e-06
6.07864e-06
6.19078e-06
6.091e-06
6.14107e-06
6.2686e-06
6.2138e-06
6.3829e-06
0.0109209
6.15638e-06
6.18175e-06
6.28458e-06
6.07605e-06
6.27171e-06
6.18519e-06
6.1178e-06
6.14094e-06
6.18173e-06
6.1877e-06
6.25397e-06
6.15797e-06
0.011041
6.256e-06
0
6.08727e-06
6.1667e-06
6.20993e-06
6.7921e-09
6.18236e-06
6.27644e-06
6.12306e-06
6.19861e-06
3.57088e-06
6.17975e-06
6.16137e-06
6.26842e-06
6.17076e-06
2.43482e-05
6.2518e-06
6.19141e-06
6.11798e-06
0.00429264
1.32879e-06
3.49752e-05
6.14597e-06
6.20495e-06
6.1246e-06
6.13944e-06
6.07112e-06
0.0108421
6.07192e-06
6.07933e-06
6.13613e-06
6.08099e-06
6.0714e-06
6.24239e-06
6.07702e-06
6.0818e-06
6.73442e-06
3.00119e-05
6.25098e-06
6.16782e-06
6.24352e-06
6.10445e-06
7.33302e-06
6.18693e-06
6.13714e-06
6.11271e-06
6.19495e-06
6.36652e-06
6.14462e-06
1.15494e-09
6.17196e-06
6.16302e-06
6.20555e-06
6.18284e-06
6.1304e-06
6.23613e-06
6.13959e-06
6.16824e-06
6.18145e-06
6.18008e-06
6.08649e-06
6.13832e-06
0.000581242
6.1916e-06
6.0926e-06
0.00193939
6.15973e-06
6.18753e-06
6.10836e-06
6.17048e-06
6.09087e-06
6.23943e-06
6.10779e-06
6.16956e-06
6.08369e-06
6.18175e-06
6.09051e-06
6.28235e-06
6.07038e-06
6.12611e-06
0.00506268
6.09551e-06
6.09219e-06
6.13211e-06
6.29288e-06
6.16086e-06
6.06943e-06
6.1506e-06
6.15935e-06
7.44577e-06
6.12243e-06
6.14871e-06
6.22426e-06
6.19295e-06
6.11483e-06
6.11791e-06
6.17677e-06
6.14418e-06
6.19444e-06
6.19986e-06
6.18258e-06
6.16223e-06
6.18182e-06
6.23936e-06
6.25847e-06
6.18081e-06
6.12812e-06
6.20138e-06
6.61093e-12
6.17227e-06
6.18159e-06
6.19025e-06
6.23992e-06
6.0792e-06
6.07987e-06
6.15485e-06
0.00917547
6.16776e-06
6.29178e-06
6.21103e-06
6.07524e-06
6.22586e-06
6.12046e-06
6.11763e-06
6.51305e-06
6.12114e-06
6.18254e-06
6.15178e-06
1.8291e-13
6.12716e-06
6.2046e-06
6.22318e-06
6.15593e-06
6.12119e-06
6.10387e-06
1.09257e-05
6.18062e-06
6.17585e-06
6.1298e-06
6.27278e-06
6.13353e-06
6.084e-06
6.24526e-06
6.14113e-06
6.0695e-06
6.08743e-06
6.18387e-06
6.21506e-06
6.15661e-06
6.24656e-06
6.12379e-06
6.2239e-06
6.07937e-06
6.10615e-06
6.12613e-06
6.24632e-06
6.20083e-06
6.14991e-06
6.1699e-06
6.14034e-06
6.07901e-06
6.20739e-06
1.16169e-06
6.09153e-06
6.20704e-06
6.14864e-06
6.16037e-06
6.0803e-06
6.11152e-06
6.26821e-06
6.18086e-06
6.07236e-06
6.1779e-06
6.07579e-06
6.20181e-06
6.15434e-06
0.00841454
6.07117e-06
5.13389e-06
6.08481e-06
6.15284e-06
6.07663e-06
6.13543e-06
6.10877e-06
6.17082e-06
6.07206e-06
6.06921e-06
0.00574609
6.08154e-06
8.81409e-05
6.26082e-06
6.22588e-06
6.17154e-06
6.11708e-06
6.23984e-06
6.20588e-06
6.24e-06
6.239e-06
6.08117e-06
0.011161
6.09265e-06
6.21145e-06
6.27079e-06
6.08069e-06
6.10428e-06
6.15413e-06
6.15529e-06
0.00234836
6.10221e-06
6.09087e-06
6.15053e-06
0.000736851
6.08961e-06
6.12955e-06
7.41963e-06
6.08023e-06
6.2219e-06
6.30757e-06
3.2888e-06
6.21939e-06
6.14755e-06
6.18228e-06
6.21181e-06
6.24461e-06
6.27765e-06
6.07715e-06
6.22074e-06
6.16211e-06
6.11283e-06
6.08384e-06
0.000110405
8.62074e-06
6.14508e-06
6.08608e-06
6.22146e-06
6.23895e-06
6.12207e-06
6.25438e-06
6.22146e-06
6.12566e-06
1.57878e-06
6.21488e-06
6.20922e-06
6.06999e-06
0.000943489
6.15295e-06
6.06793e-06
6.18223e-06
2.43365e-07
6.42306e-06
0.0119648
6.22137e-06
6.09121e-06
6.20346e-06
6.09104e-06
6.09856e-06
6.17548e-06
6.10034e-06
6.2463e-06
6.1311e-06
1.17828e-06
6.21991e-06
6.13093e-06
6.23979e-06
6.16238e-06
1.2758e-06
6.10548e-06
6.10771e-06
6.08578e-06
7.90347e-06
6.2499e-06
6.16244e-06
6.19301e-06
6.18251e-06
6.09621e-06
6.13524e-06
6.16707e-06
7.98471e-06
6.16806e-06
2.5292e-10
6.10158e-06
6.11751e-06
6.15733e-06
6.08941e-06
6.07266e-06
0
6.13086e-06
6.16043e-06
6.51612e-06
6.17924e-06
6.16692e-06
6.20687e-06
6.11965e-06
6.08693e-06
6.21712e-06
6.25413e-06
6.27485e-06
6.11578e-06
7.38217e-06
4.79595e-06
9.20887e-10
0.00430031
6.08599e-06
8.0903e-06
6.13426e-06
5.14182e-06
6.15148e-06
6.09565e-06
6.21264e-06
6.18151e-06
0.00900243
6.12424e-06
6.10574e-06
0.00149828
6.30143e-06
6.08376e-06
6.07048e-06
6.25583e-06
6.21889e-06
6.17068e-06
0.0116158
6.30378e-06
6.16167e-06
6.1456e-06
6.0982e-06
6.12496e-06
0.00519836
6.17345e-06
6.12414e-06
6.15254e-06
6.17885e-06
6.08988e-06
6.07743e-06
6.07741e-06
6.11097e-06
6.06832e-06
6.13435e-06
6.11979e-06
6.08172e-06
6.2751e-06
6.18239e-06
6.18444e-06
6.11297e-06
6.18269e-06
6.18753e-06
6.18146e-06
6.07869e-06
4.96233e-06
6.3042e-06
6.11704e-06
6.20988e-06
6.15693e-06
6.09593e-06
6.06966e-06
6.14721e-06
6.19319e-06
6.23392e-06
6.16154e-06
0.00244216
6.13159e-06
6.06808e-06
6.07687e-06
6.13272e-06
6.07053e-06
6.19385e-06
6.17779e-06
6.08247e-06
6.32036e-06
5.41983e-06
6.08478e-06
6.21593e-06
6.16733e-06
6.07194e-06
6.14971e-06
6.13849e-06
3.31322e-06
6.08583e-06
6.18582e-06
2.67479e-08
6.06837e-06
6.16901e-06
6.09323e-06
6.0678e-06
0.00118912
6.07532e-06
6.14471e-06
6.06912e-06
6.24198e-06
5.48797e-06
6.11432e-06
6.15034e-06
6.2166e-06
6.12576e-06
6.08449e-06
6.25704e-06
6.09088e-06
6.19612e-06
6.1158e-06
4.945e-06
4.66833e-09
6.14817e-06
8.82889e-06
6.10601e-06
6.08796e-06
5.08867e-08
6.06884e-06
6.07297e-06
6.07583e-06
6.69706e-06
6.24996e-06
6.26847e-06
6.17555e-06
6.13532e-06
6.08524e-06
6.08607e-06
6.10255e-06
6.19809e-06
6.24707e-06
6.15547e-06
6.07111e-06
6.08161e-06
6.16531e-06
6.07563e-06
6.16416e-06
6.17032e-06
6.14746e-06
6.08982e-06
6.08283e-06
6.12565e-06
6.11684e-06
6.09957e-06
6.18841e-06
6.13407e-06
6.14997e-06
6.17522e-06
6.06866e-06
6.12315e-06
6.06928e-06
6.17576e-06
6.13542e-06
6.16362e-06
6.23762e-06
6.12509e-06
6.16499e-06
6.14202e-06
6.25595e-06
6.0688e-06
6.1628e-06
6.25015e-06
6.16044e-06
0.00808133
6.10182e-06
6.0683e-06
6.06826e-06
6.09518e-06
6.08645e-06
6.33752e-06
6.08857e-06
0.00115649
6.31673e-06
6.18132e-06
6.08239e-06
6.14786e-06
6.14267e-06
6.15571e-06
0.00587032
6.13874e-06
0.00133476
8.08102e-06
6.10374e-06
6.10631e-06
6.10255e-06
6.12003e-06
6.08494e-06
6.42808e-06
7.01576e-06
6.09079e-06
6.29189e-06
6.1866e-06
6.09448e-06
6.08385e-06
6.15066e-06
6.27778e-06
6.14975e-06
6.13956e-06
6.23756e-06
7.9731e-08
6.14147e-06
6.27016e-06
6.21164e-06
6.28373e-06
6.14029e-06
6.08397e-06
6.07148e-06
6.07591e-06
6.15748e-06
6.16111e-06
6.15361e-06
6.20973e-06
6.15776e-06
6.07266e-06
6.10925e-06
6.07095e-06
6.24498e-06
6.24316e-06
6.1407e-06
6.19756e-06
6.0887e-06
6.15423e-06
6.19648e-06
6.07751e-06
6.10552e-06
6.16564e-06
6.09205e-06
0.00386104
6.22035e-06
6.10962e-06
6.12854e-06
6.14278e-06
6.07235e-06
6.09703e-06
6.11389e-06
6.11387e-06
6.12436e-06
6.08057e-06
6.11469e-06
0.00722462
6.07079e-06
6.13491e-06
6.1324e-06
0.00134425
6.07897e-06
6.26766e-06
0.0102749
6.22099e-06
6.158e-06
6.10519e-06
1.12783e-05
6.07818e-06
6.19922e-06
6.19868e-06
6.1283e-06
6.08072e-06
6.119e-06
6.11602e-06
6.17596e-06
6.18144e-06
6.09751e-06
6.13225e-06
6.07954e-06
6.06087e-06
6.08077e-06
6.12293e-06
6.18559e-06
6.12437e-06
0.000575545
6.79418e-06
3.98054e-05
6.12787e-06
6.08205e-06
6.7977e-06
6.18605e-06
6.18869e-06
6.10387e-06
6.12688e-06
6.09172e-06
5.97288e-07
6.1019e-06
6.11829e-06
6.23535e-06
0.000276857
6.09067e-06
6.15592e-06
6.16398e-06
6.08549e-06
6.06938e-06
6.12388e-06
6.16936e-06
6.18133e-06
6.24189e-06
6.17129e-06
6.08586e-06
6.11796e-06
6.12184e-06
6.08017e-06
6.14082e-06
6.20061e-06
6.2575e-06
6.08019e-06
6.09675e-06
6.4054e-06
6.13998e-06
6.10452e-06
6.21204e-06
6.17095e-06
6.29846e-06
6.12292e-06
6.11401e-06
6.25365e-06
9.14825e-06
6.12396e-06
6.11926e-06
6.14964e-06
6.07497e-06
6.13593e-06
8.30445e-10
6.25049e-06
6.08536e-06
6.29454e-06
6.38375e-06
6.21012e-06
6.16063e-06
6.08369e-06
6.27946e-06
6.08196e-06
6.19704e-06
6.08793e-06
6.079e-06
0.00306689
6.25633e-06
6.1325e-06
6.13572e-06
6.07994e-06
6.24295e-06
6.21328e-06
6.0722e-06
6.07065e-06
6.08766e-06
6.092e-06
6.27544e-06
6.09058e-06
0.00948504
6.08259e-06
5.31991e-06
6.16854e-06
6.25064e-06
6.18242e-06
6.12891e-06
6.09872e-06
6.12362e-06
6.18117e-06
6.07365e-06
6.08959e-06
6.12101e-06
6.18985e-06
6.07155e-06
5.48911e-06
6.21886e-06
6.18142e-06
0.00141375
6.22977e-06
6.16823e-06
6.06991e-06
6.15718e-06
6.0873e-06
6.44707e-06
6.22902e-06
6.07074e-06
6.25652e-06
6.247e-06
0.00251628
6.20924e-06
8.62693e-06
6.09405e-06
6.16997e-06
6.12391e-06
6.17479e-06
6.17244e-06
6.1561e-06
6.15766e-06
6.16202e-06
6.07551e-06
6.07896e-06
6.15833e-06
6.21275e-06
6.16129e-06
6.16618e-06
6.08366e-06
6.07807e-06
6.18665e-06
6.14333e-06
6.15991e-06
6.16126e-06
6.14409e-06
6.17983e-06
6.2431e-06
6.12289e-06
6.08287e-06
6.22734e-06
6.10277e-06
6.12977e-06
6.08797e-06
6.10701e-06
6.15974e-06
0.000661845
6.11606e-06
6.20819e-06
6.26385e-06
6.18519e-06
6.163e-06
6.22374e-06
6.21052e-06
6.25269e-06
6.20962e-06
6.34157e-06
6.14046e-06
6.15679e-06
6.12997e-06
7.64573e-06
6.16193e-06
6.25421e-06
6.10654e-06
6.16351e-06
6.23453e-06
6.17386e-06
6.09588e-06
6.15669e-06
5.13703e-06
6.2187e-06
6.17878e-06
6.11773e-06
6.24102e-06
6.09486e-06
0.000406832
6.09419e-06
6.58492e-10
6.13082e-06
6.67961e-06
6.21847e-06
6.19642e-06
6.15074e-06
6.16809e-06
6.18782e-06
0.00333026
6.12097e-06
6.13217e-06
6.12023e-06
6.15277e-06
6.34935e-06
6.06908e-06
6.13978e-06
0.0114645
6.12829e-06
6.18138e-06
6.1442e-06
6.07961e-06
3.0571e-06
6.17278e-06
6.18339e-06
6.26656e-06
6.13367e-06
6.16866e-06
4.36034e-06
6.1781e-06
6.22337e-06
0.000376755
3.04402e-05
6.09659e-06
6.1329e-06
6.21053e-06
6.23796e-06
6.21411e-06
6.13076e-06
6.13917e-06
6.16769e-06
6.18448e-06
6.20143e-06
6.19557e-06
6.07231e-06
6.16364e-06
6.10356e-06
0.000904738
6.19625e-06
6.1918e-06
6.07138e-06
6.13749e-06
6.21877e-06
4.3974e-05
6.24927e-06
0.000458152
6.10961e-06
6.06915e-06
6.15205e-06
6.12449e-06
6.21945e-06
6.22501e-06
6.15307e-06
6.27412e-06
6.08218e-06
6.09057e-06
6.21779e-06
6.29369e-06
6.25357e-06
0
6.15701e-06
6.11844e-06
1.18391e-09
1.52477e-06
6.18591e-06
6.17115e-06
6.18014e-06
6.17141e-06
6.10725e-06
0.00330888
6.08268e-06
6.08092e-06
6.40086e-06
6.14028e-06
6.11257e-06
6.14588e-06
6.20332e-06
6.08245e-06
6.0786e-06
6.16151e-06
6.10649e-06
6.21772e-06
6.25033e-06
6.08417e-06
6.087e-06
6.06101e-06
6.291e-06
6.07803e-06
1.60984e-06
6.17605e-06
6.13415e-06
6.20805e-06
6.35854e-06
7.04476e-06
6.12994e-06
6.1197e-06
6.23765e-06
6.18145e-06
6.08065e-06
5.07822e-07
6.08976e-06
6.15983e-06
6.14673e-06
6.25241e-06
6.17017e-06
6.14648e-06
0.000201966
6.18992e-06
0.0115037
6.07947e-06
6.18558e-06
6.9896e-06
6.11018e-06
6.08584e-06
6.20702e-06
6.20433e-06
6.20522e-06
6.08216e-06
6.25367e-06
6.2242e-06
6.0917e-06
6.15169e-06
0.00801201
6.19582e-06
6.07215e-06
6.17021e-06
6.22167e-06
6.12062e-06
6.1382e-06
5.54156e-06
6.13383e-06
6.1322e-06
6.1962e-06
6.14601e-06
6.27178e-06
6.21067e-06
6.13294e-06
9.76394e-06
6.22004e-06
1.12598e-07
6.07241e-06
6.11294e-06
6.12013e-06
6.16215e-06
0.00825716
7.57637e-06
6.12282e-06
6.1522e-06
0.00613373
6.22193e-06
6.22568e-06
6.07073e-06
6.14966e-06
6.08469e-06
6.21798e-06
6.13788e-06
6.27524e-06
6.08753e-06
6.20915e-06
0.00229417
6.16386e-06
6.0891e-06
8.19364e-06
0.00298476
0.000953664
6.15335e-06
6.14016e-06
6.21893e-06
6.10859e-06
6.22363e-06
6.09281e-06
0.00236233
4.26273e-06
6.1607e-06
6.07095e-06
6.33354e-06
6.33161e-06
6.08412e-06
6.1077e-06
6.09865e-06
6.07805e-06
6.13155e-06
6.08208e-06
6.14021e-06
0.00971775
6.08649e-06
7.64672e-06
6.12053e-06
2.22538e-11
3.02149e-06
6.1399e-06
6.2496e-06
6.21886e-06
6.20125e-06
0.00083431
6.1007e-06
6.20035e-06
6.15723e-06
6.15208e-06
6.10484e-06
6.10322e-06
0.00232194
6.12548e-06
6.12186e-06
6.14008e-06
6.18017e-06
6.14186e-06
6.13378e-06
6.12337e-06
6.23173e-06
6.21976e-06
6.0869e-06
6.15738e-06
6.21099e-06
6.08413e-06
6.19705e-06
6.25828e-06
6.27357e-06
6.27681e-06
7.95908e-06
6.22797e-06
3.07644e-06
6.25142e-06
6.25722e-06
7.47068e-05
6.13996e-06
6.11653e-06
6.28028e-06
6.16102e-06
6.10485e-06
6.08489e-06
6.08135e-06
0.0101682
6.09237e-06
6.15258e-06
6.18369e-06
6.12829e-06
3.15874e-11
6.17791e-06
6.07896e-06
6.07189e-06
6.07435e-06
6.1293e-06
6.11662e-06
8.00755e-06
6.13563e-06
6.16903e-06
6.23757e-06
6.08851e-06
6.19651e-06
9.22697e-06
6.12438e-06
6.22466e-06
0.000432949
6.38853e-06
6.14342e-06
6.09135e-06
6.08817e-06
6.08559e-06
2.10464e-06
6.24391e-06
6.05981e-06
6.31793e-06
6.09157e-06
6.18136e-06
6.10166e-06
6.15421e-06
6.13864e-06
0.000146887
6.13531e-06
6.17419e-06
6.2414e-06
6.18265e-06
6.11335e-06
6.08109e-06
6.3268e-06
6.28584e-06
4.96441e-08
6.12693e-06
6.10579e-06
6.07969e-06
6.13033e-06
6.09009e-06
6.07274e-06
6.11875e-06
6.19016e-06
6.12283e-06
0.00837191
6.17434e-06
6.18512e-06
6.19852e-06
1.09782e-06
6.10285e-06
5.61603e-06
6.07608e-06
6.17988e-06
6.15777e-06
6.20702e-06
6.07498e-06
6.07737e-06
6.14645e-06
6.17927e-06
6.12983e-06
6.18415e-06
6.19088e-06
6.08025e-06
0.0047758
6.1134e-06
9.00718e-06
6.12629e-06
6.12344e-06
6.25364e-06
6.07128e-06
0.0119533
6.20822e-06
0.00768311
6.19221e-06
6.15297e-06
6.06823e-06
6.18135e-06
6.25312e-06
6.17724e-06
6.24747e-06
3.59293e-07
6.17628e-06
6.16094e-06
6.09771e-06
6.09273e-06
6.14016e-06
6.09856e-06
6.11388e-06
6.15891e-06
6.08343e-06
1.01023e-08
6.4299e-06
6.27401e-06
6.10837e-06
6.11613e-06
6.14986e-06
6.16695e-06
6.12524e-06
6.11578e-06
6.2178e-06
2.45826e-06
0.00360755
6.18453e-06
6.17036e-06
6.16626e-06
6.08511e-06
6.16329e-06
6.13451e-06
6.27267e-06
6.17403e-06
6.13791e-06
9.08939e-06
6.07017e-06
9.09147e-06
6.13367e-06
6.14683e-06
6.08272e-06
6.23252e-06
6.1369e-06
6.12845e-06
7.75693e-06
1.16942e-07
6.1249e-06
6.09241e-06
6.12133e-06
6.13937e-06
6.12429e-06
5.77587e-05
6.13757e-06
3.91262e-07
6.07411e-06
6.11992e-06
6.08267e-06
0.000282874
7.71172e-06
6.21739e-06
6.19569e-06
6.18293e-06
6.20099e-06
6.18779e-06
6.08333e-06
6.16752e-06
6.19534e-06
6.18925e-06
6.15124e-06
6.22554e-06
6.1774e-06
6.20647e-06
6.10026e-06
0.000377539
5.14597e-06
0.00165904
6.18479e-06
6.08687e-06
6.06912e-06
6.19673e-06
6.0926e-06
6.11381e-06
0
6.06775e-06
6.19561e-06
6.19904e-06
6.21993e-06
6.11743e-06
3.03495e-06
6.14336e-06
6.20417e-06
6.26318e-06
6.48098e-06
6.13856e-06
6.0827e-06
6.96197e-06
6.92917e-06
6.11369e-06
6.20093e-06
6.23031e-06
6.12345e-06
6.18724e-06
6.20872e-06
6.10126e-06
6.11916e-06
6.09133e-06
6.21013e-06
7.74064e-06
6.19597e-06
6.15559e-06
6.22121e-06
6.48514e-06
6.11771e-06
6.2067e-06
6.09972e-06
6.15833e-06
6.07394e-06
6.14415e-06
6.09754e-06
6.12454e-06
0.00325105
6.07871e-06
6.08505e-06
6.16696e-06
6.166e-06
6.17241e-06
6.17239e-06
6.13451e-06
6.08941e-06
6.08839e-06
6.28976e-06
6.09606e-06
6.1086e-06
6.10414e-06
6.07142e-06
6.25028e-06
6.09015e-06
0.0116349
6.13729e-06
6.15059e-06
6.17284e-06
2.3128e-06
6.13844e-06
6.19046e-06
6.10513e-06
6.10091e-06
6.16577e-06
6.08501e-06
6.15126e-06
6.07074e-06
6.11352e-06
6.18097e-06
6.38489e-06
5.95207e-06
6.23656e-06
6.08359e-06
6.14021e-06
6.18147e-06
6.21446e-06
6.2372e-06
1.05138e-05
6.12796e-06
6.28245e-06
6.10277e-06
1.18543e-06
6.1044e-06
6.18119e-06
0.000307826
6.07271e-06
6.11371e-06
6.15883e-06
6.07324e-06
6.08366e-06
6.12637e-06
6.13374e-06
6.11439e-06
2.88719e-07
6.17209e-06
6.08006e-06
6.07686e-06
6.07012e-06
6.26453e-06
6.18933e-06
6.14621e-06
6.08522e-06
6.25234e-06
6.09209e-06
6.16222e-06
6.10309e-06
6.10215e-06
6.09839e-06
6.07241e-06
6.16393e-06
6.16801e-06
6.16001e-06
6.13131e-06
6.09502e-06
6.23233e-06
6.08551e-06
6.12342e-06
6.06961e-06
6.07367e-06
6.31205e-06
6.14509e-06
6.07098e-06
6.1846e-06
6.08544e-06
6.23684e-06
0.00323539
6.09088e-06
6.23889e-06
6.1617e-06
0.000401742
6.09984e-06
0.00043254
6.33848e-06
6.16676e-06
6.09212e-06
6.163e-06
6.07165e-06
6.21022e-06
6.18537e-06
6.27411e-06
6.24933e-06
6.15095e-06
6.08418e-06
6.18653e-06
6.13571e-06
6.09784e-06
6.10211e-06
6.07582e-06
6.07247e-06
6.14403e-06
6.07464e-06
6.09373e-06
6.43315e-06
6.23797e-06
6.12348e-06
1.52028e-05
6.11974e-06
0
6.17675e-06
6.38291e-06
6.08024e-06
5.86262e-06
6.37127e-06
6.16617e-06
8.63329e-07
6.28142e-06
6.27035e-06
6.09187e-06
6.08251e-06
6.21852e-06
0.000340166
6.25127e-06
6.12718e-06
6.0705e-06
6.10421e-06
6.16258e-06
6.11936e-06
6.08507e-06
6.18156e-06
6.08279e-06
6.25366e-06
6.14154e-06
0.00356585
6.11293e-06
6.13223e-06
6.16714e-06
6.18555e-06
6.25214e-06
6.40079e-06
0.00150226
6.15499e-06
6.14996e-06
6.11709e-06
6.25175e-06
6.11856e-06
6.52719e-06
2.83542e-07
6.17279e-06
6.18276e-06
6.07805e-06
6.11733e-06
6.13795e-06
6.19128e-06
6.11527e-06
6.25954e-06
6.13897e-06
0.00813273
6.13506e-06
6.07701e-06
6.14293e-06
6.14547e-06
7.21634e-06
6.1499e-06
6.16429e-06
6.08403e-06
6.14165e-06
0.00234971
6.21085e-06
6.25003e-06
6.07921e-06
7.12663e-06
6.18144e-06
0.000506484
6.16753e-06
6.13456e-06
6.12573e-06
6.09059e-06
6.09617e-06
6.152e-06
6.12916e-06
6.1087e-06
6.11943e-06
6.1367e-06
7.32149e-12
6.16214e-06
6.10969e-06
6.13158e-06
0.0089722
6.19093e-06
6.13678e-06
6.09319e-06
6.14302e-06
6.12847e-06
6.20415e-06
6.17378e-06
6.14804e-06
6.18796e-06
6.13675e-06
6.07748e-06
6.12889e-06
6.09968e-06
6.31342e-06
6.11319e-06
6.17998e-06
6.25558e-06
6.15345e-06
6.18745e-06
6.15249e-06
6.08858e-06
6.08037e-06
6.10156e-06
6.28989e-06
6.13301e-06
6.11878e-06
6.13662e-06
6.12865e-06
6.08851e-06
6.08106e-06
6.28025e-06
6.13205e-06
6.16708e-06
6.24371e-06
0.0113428
1.17261e-06
6.10844e-06
0.0111063
6.11452e-06
6.18566e-06
6.10516e-06
6.09161e-06
6.1454e-06
6.11415e-06
6.20165e-06
6.19529e-06
6.25856e-06
6.0978e-06
6.20041e-06
6.14286e-06
6.07556e-06
6.07314e-06
6.11902e-06
6.0703e-06
6.07122e-06
6.07261e-06
6.10115e-06
8.69941e-06
6.13693e-06
6.11877e-06
6.12666e-06
7.85809e-05
3.37833e-11
6.13296e-06
6.11614e-06
6.10479e-06
6.25043e-06
6.15828e-06
6.23614e-06
6.11801e-06
6.19483e-06
6.08309e-06
6.11616e-06
6.14962e-06
1.28761e-05
3.53272e-07
6.11764e-06
6.13578e-06
6.08376e-06
6.19482e-06
6.1036e-06
1.39759e-06
6.08007e-06
6.11193e-06
6.07767e-06
0.000486758
6.16633e-06
6.11468e-06
6.12156e-06
6.12062e-06
6.06972e-06
5.16016e-05
6.12396e-06
6.18258e-06
6.13102e-06
6.1305e-06
6.23104e-06
6.16362e-06
6.20304e-06
6.14915e-06
6.4239e-06
6.15133e-06
6.08499e-06
6.07646e-06
6.21327e-06
6.17911e-06
6.07435e-06
6.21582e-06
6.18141e-06
4.25174e-08
6.2631e-06
6.12333e-06
6.2119e-06
6.0913e-06
6.12695e-06
6.15374e-06
6.10026e-06
6.12369e-06
6.21547e-06
1.74685e-06
6.11642e-06
6.18891e-06
6.12403e-06
6.14561e-06
6.17652e-06
6.08129e-06
6.06858e-06
6.10651e-06
6.06893e-06
6.15009e-06
6.13468e-06
0.00011569
6.09449e-06
6.08541e-06
6.25998e-06
0.0114153
6.11284e-06
6.15271e-06
6.15881e-06
6.16781e-06
6.18198e-06
6.18482e-06
6.17103e-06
6.07994e-06
6.09196e-06
4.23643e-06
6.23935e-06
6.13262e-06
6.11468e-06
6.08802e-06
6.25181e-06
0.00433783
6.19149e-06
6.11964e-06
6.24532e-06
6.07384e-06
0.00397099
6.06784e-06
2.15946e-06
6.26292e-06
6.25416e-06
6.13832e-06
0.000685093
6.11899e-06
6.11186e-06
6.08108e-06
6.17328e-06
6.11787e-06
6.17157e-06
6.30025e-06
6.20096e-06
6.23745e-06
6.10451e-06
6.1781e-06
6.10555e-06
6.08412e-06
6.23782e-06
6.18149e-06
6.12099e-06
6.14714e-06
6.2732e-06
6.14523e-06
5.3837e-06
0.00500275
6.44683e-06
6.09113e-06
6.09275e-06
0.000607512
2.38222e-06
6.11938e-06
6.19153e-06
6.08931e-06
6.11928e-06
6.21218e-06
6.21742e-06
6.20556e-06
6.08375e-06
6.08572e-06
0.00531125
6.11541e-06
6.18439e-06
6.19877e-06
6.16271e-06
6.08471e-06
6.08191e-06
6.18853e-06
6.08476e-06
6.16941e-06
6.12076e-06
6.20665e-06
6.13938e-06
6.20644e-06
6.10756e-06
6.16369e-06
6.21966e-06
6.10404e-06
6.1231e-06
6.19798e-06
6.09418e-06
6.08096e-06
6.11979e-06
0.00211923
6.15908e-06
6.08346e-06
6.11386e-06
6.09637e-06
5.96038e-06
6.13705e-06
6.4046e-06
6.12698e-06
6.27157e-06
6.09295e-06
6.20031e-06
6.11551e-06
6.11894e-06
6.09865e-06
6.15441e-06
6.20412e-06
6.19043e-06
6.17726e-06
6.16688e-06
7.53404e-06
6.25896e-06
6.11546e-06
6.19887e-06
6.13491e-06
9.19786e-06
0.00910965
6.28115e-06
6.11129e-06
6.67061e-06
3.85654e-06
6.16721e-06
6.1196e-06
6.19037e-06
6.18961e-06
0.000201914
6.12839e-06
6.11206e-06
6.11295e-06
6.14818e-06
6.07941e-06
6.19817e-06
6.26751e-06
0.0003265
6.29187e-06
6.17757e-06
6.87789e-08
5.96299e-06
6.24999e-06
6.27321e-06
6.15835e-06
6.08269e-06
6.07312e-06
6.72115e-06
6.1422e-06
0.00651165
6.15544e-06
6.15288e-06
6.18904e-06
6.12003e-06
6.28253e-06
0.0112725
6.07726e-06
6.11321e-06
6.19789e-06
6.07687e-06
6.10759e-06
6.17132e-06
6.18149e-06
6.13306e-06
6.21978e-06
6.18739e-06
6.12802e-06
6.18146e-06
6.11882e-06
6.22039e-06
3.49861e-06
6.17315e-06
6.07895e-06
6.0895e-06
6.14041e-06
6.16699e-06
6.23482e-06
6.07141e-06
1.02771e-08
6.22428e-06
6.07669e-06
6.14673e-06
6.21565e-06
6.11013e-06
6.41228e-06
6.13541e-06
6.25126e-06
6.07957e-06
6.25926e-06
6.099e-06
0.000327469
1.51395e-06
6.19456e-06
1.19484e-05
6.06792e-06
6.12622e-06
0.00111894
5.91876e-05
6.23215e-06
6.19348e-06
6.16637e-06
0.000253785
5.85569e-06
6.09592e-06
6.22926e-06
6.15273e-06
6.20225e-06
0.00379101
6.08179e-06
6.26322e-06
6.25279e-06
6.19384e-06
6.13886e-06
6.20708e-06
6.14582e-06
6.16759e-06
6.24815e-06
6.10354e-06
6.18558e-06
0.0116301
0.00865338
6.10084e-06
6.14489e-06
6.10037e-06
6.11595e-06
6.43785e-06
6.25258e-06
6.2043e-06
6.06773e-06
6.19626e-06
6.19468e-06
6.19955e-06
6.14923e-06
6.14625e-06
6.08317e-06
6.20653e-06
6.13219e-06
0.0030359
6.07052e-06
5.8015e-06
6.17922e-06
1.01597e-06
6.08262e-06
6.07466e-06
6.10344e-06
0.00679638
6.10327e-06
0.000992233
6.31648e-06
6.19251e-06
6.07185e-06
6.11367e-06
6.09284e-06
6.08781e-06
6.18247e-06
6.17136e-06
6.13439e-06
6.07111e-06
6.25091e-06
6.1166e-06
6.1867e-06
6.14554e-06
6.14389e-06
8.05257e-06
6.0703e-06
6.16536e-06
6.28884e-06
6.18164e-06
6.0826e-06
6.16644e-06
6.19721e-06
6.09617e-06
6.35687e-06
6.13717e-06
6.16072e-06
6.12729e-06
6.25005e-06
6.08513e-06
6.15486e-06
6.18724e-06
6.22609e-06
6.11006e-06
6.18201e-06
6.08511e-06
6.08252e-06
6.19261e-06
6.20878e-06
6.17318e-06
6.14638e-06
6.33275e-06
6.07885e-06
5.86552e-06
6.14215e-06
6.24959e-06
6.17142e-06
7.70547e-06
6.12366e-06
6.25495e-06
6.17586e-06
5.99389e-06
6.11884e-06
6.14749e-06
6.15076e-06
6.18113e-06
6.23571e-06
6.25138e-06
7.95508e-06
6.09059e-06
6.27527e-06
6.16976e-06
1.82252e-12
6.21208e-06
6.28489e-06
0.0120492
1.70164e-06
6.19205e-06
6.10474e-06
6.21158e-06
6.08779e-06
6.12509e-06
6.24682e-06
6.19162e-06
6.21516e-06
5.92516e-06
6.09613e-06
6.1512e-06
6.15812e-06
6.07405e-06
6.16625e-06
6.18635e-06
6.08803e-06
6.18205e-06
6.16727e-06
6.36527e-06
6.1301e-06
6.07032e-06
6.18701e-06
0.0004154
6.0946e-06
7.43091e-08
6.07715e-06
6.07313e-06
6.19805e-06
6.12231e-06
6.15048e-06
6.18294e-06
6.11715e-06
6.181e-06
1.37865e-10
6.13581e-06
6.15122e-06
6.08362e-06
6.13707e-06
6.11874e-06
0.000478772
6.32297e-06
6.13001e-06
6.18138e-06
6.1166e-06
0.00954613
6.11871e-06
6.18889e-06
6.19196e-06
6.14468e-06
6.15934e-06
6.24955e-06
6.27276e-06
6.1309e-06
6.14943e-06
6.12324e-06
6.21862e-06
6.10753e-06
4.9611e-06
6.19288e-06
6.19219e-06
6.0883e-06
6.12293e-06
6.13107e-06
6.11147e-06
6.21195e-06
6.11383e-06
7.14592e-06
6.15389e-06
6.07563e-06
1.97715e-05
6.07406e-06
0.00138298
6.24439e-06
6.1223e-06
6.14626e-06
6.13987e-06
5.91021e-06
6.11845e-06
0.0113012
6.1623e-06
6.13133e-06
6.12008e-06
7.03165e-06
6.07059e-06
6.14544e-06
6.18141e-06
6.14716e-06
6.15844e-06
6.08899e-06
1.49209e-06
0.000142527
6.27151e-06
6.17954e-06
0.00124253
6.14611e-06
6.10591e-06
6.12542e-06
6.12186e-06
6.10324e-06
6.08646e-06
6.14615e-06
6.08151e-06
6.07108e-06
6.0734e-06
6.09019e-06
6.10312e-06
6.09645e-06
6.18643e-06
9.80156e-07
6.15153e-06
6.09905e-06
6.20016e-06
6.26565e-06
6.16511e-06
5.96918e-06
6.18157e-06
6.15043e-06
6.08123e-06
6.11467e-06
6.11302e-06
6.13404e-06
6.0925e-06
6.22996e-06
6.13688e-06
6.08424e-06
6.08252e-06
6.19751e-06
6.17006e-06
6.19463e-06
6.15427e-06
6.22144e-06
6.25311e-06
6.26484e-06
6.07824e-06
6.08732e-06
6.1621e-06
6.15743e-06
6.20106e-06
6.25136e-06
6.24047e-06
6.20344e-06
6.19342e-06
6.18433e-06
6.19438e-06
6.20946e-06
9.60376e-06
6.15924e-06
6.07769e-06
0.00597056
7.07385e-06
6.12899e-06
6.13096e-06
6.10374e-06
6.159e-06
6.23799e-06
6.21276e-06
0.00242314
6.21039e-06
6.48725e-06
6.12967e-06
6.33686e-06
6.06789e-06
0.000583211
6.07449e-06
1.00868e-06
6.17661e-06
6.24807e-06
6.18809e-06
6.10589e-06
0.000393286
6.15448e-06
6.09227e-06
6.18167e-06
6.28031e-06
6.19478e-06
6.1865e-06
6.133e-06
9.53129e-06
6.08564e-06
6.14536e-06
6.08383e-06
6.13592e-06
6.1885e-06
6.16075e-06
6.07434e-06
6.09637e-06
6.24293e-06
6.81496e-06
6.08028e-06
6.09936e-06
6.251e-06
6.08443e-06
6.06902e-06
6.06985e-06
6.21992e-06
6.16199e-06
7.18867e-06
6.28592e-06
6.08248e-06
6.1113e-06
6.44726e-06
6.20758e-06
6.19737e-06
6.23347e-06
6.18476e-06
6.1213e-06
6.06053e-06
0.000574334
0.000440824
6.08757e-06
6.19266e-06
6.06842e-06
6.15165e-06
6.13698e-06
6.20589e-06
6.11541e-06
6.1674e-06
6.2622e-06
6.19709e-06
1.95751e-06
6.10101e-06
6.15852e-06
6.18412e-06
6.15157e-06
6.07149e-06
6.11184e-06
6.17619e-06
6.19229e-06
6.24397e-06
6.12196e-06
3.03861e-06
6.11754e-06
6.16276e-06
6.16497e-06
6.16782e-06
6.17857e-06
5.8909e-06
6.18324e-06
6.14911e-06
6.14617e-06
6.95182e-06
6.10056e-06
0.000229483
6.08158e-06
6.09275e-06
6.13654e-06
6.18183e-06
6.21669e-06
0.00233815
2.60598e-06
6.1273e-06
6.20456e-06
0.00132237
9.26792e-06
6.2132e-06
6.15147e-06
0.00140285
0.000911593
6.14927e-06
4.11482e-06
6.24463e-06
6.15099e-06
6.09525e-06
6.24207e-06
6.07899e-06
6.10951e-06
6.12261e-06
6.14137e-06
6.19404e-06
1.32516e-05
0.000224619
6.26898e-06
6.20426e-06
6.20484e-06
6.14313e-06
6.0767e-06
6.18055e-06
6.09504e-06
6.25261e-06
3.07922e-06
0.00108907
6.46086e-06
4.95281e-06
6.11609e-06
6.19802e-06
6.12156e-06
7.85651e-06
6.19883e-06
6.18159e-06
6.14476e-06
6.25254e-06
6.1015e-06
0.000829915
0.00851335
6.1328e-06
6.24743e-06
6.11886e-06
6.09926e-06
6.10998e-06
6.11301e-06
6.15203e-06
6.10557e-06
6.17646e-06
6.11571e-06
5.87202e-06
6.14447e-06
0.000369553
6.24506e-06
6.20278e-06
6.22539e-06
1.31628e-06
6.32236e-06
7.85835e-06
6.19565e-06
6.25091e-06
6.12075e-06
6.37803e-06
6.12787e-06
6.13224e-06
1.43363e-05
6.14803e-06
6.21206e-06
6.19029e-06
6.4073e-06
6.10272e-06
6.12595e-06
6.07708e-06
0.0108505
6.18561e-06
6.12614e-06
6.12675e-06
0.00460072
6.10984e-06
6.29272e-06
6.07571e-06
6.20085e-06
6.08203e-06
6.21666e-06
6.11173e-06
6.23683e-06
6.12757e-06
6.18033e-06
6.2426e-06
6.0865e-06
6.17871e-06
0.00321766
6.20734e-06
6.18172e-06
0.00740847
6.17699e-06
6.25425e-06
4.0362e-06
2.11537e-06
6.15821e-06
6.34189e-06
6.10431e-06
6.15148e-06
6.20251e-06
0.000181779
6.10482e-06
6.16651e-06
6.0813e-06
6.21476e-06
6.17546e-06
6.22414e-06
6.1544e-06
6.07023e-06
6.14129e-06
6.18262e-06
6.17296e-06
6.19039e-06
6.0778e-06
6.24428e-06
0.00054852
6.12298e-06
6.1495e-06
7.49311e-06
6.07084e-06
6.08125e-06
6.13973e-06
6.08507e-06
6.1096e-06
6.12668e-06
6.16835e-06
6.69477e-06
6.18029e-06
6.13764e-06
6.25379e-06
6.20135e-06
6.08407e-06
5.40513e-06
6.52456e-06
6.08417e-06
0.00387682
6.26498e-06
6.09058e-06
6.42823e-06
6.27247e-06
6.08363e-06
6.1641e-06
6.0752e-06
6.19339e-06
3.48459e-06
6.3109e-06
6.12904e-06
6.27156e-06
6.19403e-06
6.08946e-06
6.1653e-06
6.26469e-06
6.17304e-06
6.17834e-06
6.17712e-06
6.08843e-06
6.08974e-06
6.19086e-06
6.11605e-06
6.09059e-06
6.18337e-06
6.17743e-06
7.90276e-06
5.6912e-06
6.079e-06
6.10655e-06
0.0114939
5.0531e-06
0.000406563
6.16416e-06
6.09234e-06
6.0919e-06
6.20159e-06
6.14735e-06
6.16569e-06
5.40751e-06
6.16517e-06
6.02127e-06
6.20394e-06
6.21159e-06
6.12047e-06
6.18246e-06
6.15416e-06
0.000197155
6.16308e-06
6.14069e-06
6.13308e-06
6.25309e-06
6.1774e-06
0.000135872
6.14353e-06
6.09697e-06
6.20623e-06
6.17878e-06
6.19362e-06
6.10685e-06
6.1786e-06
6.10452e-06
6.17783e-06
6.18645e-06
6.17453e-06
0.000161253
6.0988e-06
6.18249e-06
4.50559e-08
6.3181e-06
6.1776e-06
6.4149e-06
4.87173e-06
6.07897e-06
6.17776e-06
6.20528e-06
6.17234e-06
6.13981e-06
6.19815e-06
6.08507e-06
6.22975e-06
6.13102e-06
6.12879e-06
2.14751e-06
6.12865e-06
6.14226e-06
6.09309e-06
6.19996e-06
6.17625e-06
6.26021e-06
0.00276595
0.00231251
6.51466e-07
6.17824e-06
6.08715e-06
6.13767e-06
6.12949e-06
6.07302e-06
6.23558e-06
6.17282e-06
6.15076e-06
6.15317e-06
6.19245e-06
6.27574e-06
6.18713e-06
6.63821e-06
8.78691e-11
6.12891e-06
6.3477e-06
6.20862e-06
1.14427e-08
1.69003e-06
6.1246e-06
6.1504e-06
3.57467e-09
6.2581e-06
6.21145e-06
6.12995e-06
6.07224e-06
6.08378e-06
6.10174e-06
6.10475e-06
6.71941e-06
6.18231e-06
1.37336e-06
6.22729e-06
6.19402e-06
0.000417971
6.08892e-06
6.23861e-06
6.23449e-06
6.1846e-06
6.17181e-06
6.14713e-06
6.14915e-06
0.0050074
6.29596e-06
6.30792e-06
6.07721e-06
6.06888e-06
6.17335e-06
6.11419e-06
6.22343e-06
6.17756e-06
6.13087e-06
6.21147e-06
6.14535e-06
6.06916e-06
6.1755e-06
6.07055e-06
6.17797e-06
7.80494e-06
6.25918e-06
0.0115004
2.17169e-06
6.18053e-06
6.08423e-06
6.10754e-06
6.18672e-06
6.23692e-06
6.34738e-06
6.19903e-06
6.17414e-06
6.15172e-06
6.14532e-06
6.08432e-06
6.10218e-06
6.15173e-06
6.17646e-06
6.17951e-06
6.12382e-06
6.20862e-06
0.00388868
0.00196236
6.2562e-06
6.11952e-06
6.27278e-06
6.2542e-06
6.07668e-06
6.26798e-06
6.31686e-06
6.21494e-06
6.20538e-06
6.08454e-06
6.39703e-06
6.14842e-06
6.25012e-06
7.49372e-06
0.00432628
6.16672e-06
6.06872e-06
6.20688e-06
6.11928e-06
6.25307e-06
6.14352e-06
6.24481e-06
6.15276e-06
6.23136e-06
6.25279e-06
6.15919e-06
6.26544e-06
6.14237e-06
6.36206e-06
6.09158e-06
6.18407e-06
6.2446e-06
6.15276e-06
6.13054e-06
6.18478e-06
6.3341e-06
6.185e-06
6.13204e-06
6.13125e-06
6.07613e-06
6.09974e-06
6.07223e-06
6.09373e-06
6.19398e-06
6.15726e-06
6.15191e-06
6.23694e-06
5.94864e-06
5.97332e-10
6.20413e-06
0.00815483
6.20313e-06
6.08056e-06
6.18952e-06
6.07354e-06
6.10841e-06
6.23389e-06
6.15031e-06
6.10547e-06
6.25108e-06
6.10497e-06
6.19985e-06
6.16475e-06
6.14761e-06
6.12659e-06
6.24657e-06
6.31533e-06
6.21541e-06
6.07333e-06
6.22267e-06
6.18109e-06
6.15259e-06
6.07061e-06
6.12116e-06
6.15297e-06
7.35969e-06
6.16287e-06
6.18469e-06
6.19667e-06
6.15634e-06
6.1549e-06
6.08694e-06
6.18399e-06
6.15436e-06
0.011349
6.07302e-06
6.14793e-06
6.11758e-06
6.39746e-06
6.18217e-06
5.97273e-06
6.11181e-06
7.5152e-06
6.14002e-06
6.13518e-06
6.4022e-06
6.10605e-06
0.00797165
6.03942e-06
6.13042e-06
6.10369e-06
6.12825e-06
6.34325e-06
6.10554e-06
6.20548e-06
6.15318e-06
0.00993678
6.16218e-06
6.18861e-06
1.58535e-08
6.1368e-06
0.00574666
6.1577e-06
6.19809e-06
6.12934e-06
6.14063e-06
6.34385e-06
6.18314e-06
7.10656e-06
6.65913e-06
6.21101e-06
6.1646e-06
6.15297e-06
6.07827e-06
6.12358e-06
6.09988e-06
6.0745e-06
6.24197e-06
6.28128e-06
6.09267e-06
6.15509e-06
6.36634e-06
6.17242e-06
0.00991937
0.00813056
0.0113671
6.21601e-06
6.07842e-06
6.28444e-06
6.16329e-06
1.26624e-07
6.16923e-06
6.23034e-06
6.10674e-06
6.18757e-06
6.13768e-06
6.15383e-06
6.23958e-06
6.2055e-06
6.16316e-06
6.13334e-06
6.17361e-06
6.18081e-06
6.06914e-06
6.20479e-06
6.22092e-06
6.23467e-06
6.1589e-06
6.17449e-06
6.55233e-06
6.14463e-06
6.25969e-06
6.07598e-06
6.1878e-06
6.20401e-06
6.14614e-06
0.000154601
6.18687e-06
6.12591e-06
0.0115299
1.0987e-05
6.17695e-06
6.23842e-06
6.08776e-06
6.17504e-06
6.19654e-06
6.19728e-06
6.0788e-06
4.22192e-05
6.17484e-06
2.29405e-06
6.24883e-06
1.40323e-06
6.07215e-06
6.12913e-06
6.13282e-06
1.93046e-06
6.08954e-06
5.72979e-07
6.13243e-06
6.19624e-06
1.09764e-07
6.0707e-06
6.13103e-06
6.07985e-06
6.14984e-06
6.09407e-06
6.2761e-06
6.15597e-06
6.08956e-06
6.11771e-06
6.25494e-06
6.18571e-06
0.000870365
6.1542e-06
6.07945e-06
6.14633e-06
6.1941e-06
6.15333e-06
6.25216e-06
6.12372e-06
6.122e-06
6.14364e-06
6.07914e-06
6.16729e-06
2.38135e-06
6.12248e-06
6.19124e-06
6.12195e-06
6.11978e-06
6.16751e-06
0.0018083
6.09681e-06
6.14285e-06
6.07621e-06
6.10204e-06
6.16728e-06
6.08456e-06
6.47046e-06
6.13929e-06
6.19851e-06
5.30734e-06
6.32884e-06
6.18345e-06
6.40256e-06
7.7141e-06
6.25609e-06
6.12929e-06
6.17047e-06
6.15253e-06
8.53528e-06
6.16903e-06
6.13527e-06
6.23049e-06
5.25676e-06
6.09404e-06
6.32321e-06
6.13242e-06
6.26826e-06
1.11906e-05
6.16077e-06
1.30314e-06
6.09773e-06
1.98826e-06
6.0869e-06
0.00352385
6.18429e-06
6.33524e-06
4.89607e-06
6.17525e-06
4.22583e-06
6.13405e-06
6.07733e-06
6.13461e-06
6.09888e-06
6.2987e-06
6.12538e-06
6.17109e-06
6.09189e-06
6.11922e-06
6.24537e-06
6.20706e-06
6.06987e-06
6.0709e-06
6.08698e-06
6.17275e-06
6.10186e-06
6.07082e-06
6.17633e-06
6.08385e-06
6.12301e-06
6.07371e-06
6.0711e-06
6.13424e-06
6.09242e-06
6.12405e-06
6.10634e-06
6.21099e-06
6.15909e-06
6.14886e-06
6.22675e-06
6.17237e-06
6.07169e-06
6.09017e-06
6.11427e-06
3.63008e-07
6.19203e-06
6.28715e-06
6.08722e-06
0.000449201
6.11327e-06
6.33039e-06
0.0111953
6.13906e-06
1.15991e-05
6.13006e-06
6.07972e-06
6.13923e-06
6.13301e-06
6.25852e-06
6.28213e-06
6.15927e-06
6.19029e-06
6.20999e-06
6.08285e-06
6.15898e-06
6.19462e-06
6.08208e-06
6.13334e-06
6.08192e-06
6.19504e-06
7.65755e-06
1.54031e-05
6.08485e-06
6.13041e-06
6.09145e-06
6.11254e-06
6.20773e-06
6.27387e-06
6.08079e-06
6.06821e-06
6.19639e-06
6.07066e-06
6.18545e-06
6.13632e-06
6.07067e-06
6.14264e-06
6.10128e-06
6.10909e-06
6.14966e-06
6.10831e-06
1.69813e-06
6.09045e-06
6.21845e-06
6.25955e-06
6.07895e-06
6.08646e-06
6.19966e-06
6.12782e-06
6.13204e-06
9.16814e-05
6.08998e-06
6.19667e-06
6.15502e-06
6.14737e-06
6.10291e-06
5.86055e-06
4.53316e-06
6.19744e-06
0.000389863
6.21612e-06
6.0994e-06
6.14349e-06
6.18459e-06
6.07451e-06
6.21261e-06
6.12723e-06
6.17392e-06
8.21384e-06
6.1822e-06
6.11458e-06
1.45044e-10
6.20267e-06
6.25827e-06
6.19288e-06
6.10259e-06
6.15214e-06
6.26266e-06
6.1345e-06
6.14702e-06
6.10938e-06
6.15938e-06
5.34099e-05
6.19955e-06
6.1772e-06
0.000195589
6.26111e-06
6.15782e-06
6.17093e-06
6.15564e-06
6.11656e-06
6.18144e-06
6.07696e-06
8.17419e-06
6.25879e-06
6.19082e-06
6.13549e-06
6.12331e-06
6.10849e-06
6.09239e-06
6.08292e-06
6.08622e-06
0.0110083
6.19096e-06
6.20103e-06
1.74141e-07
6.15069e-06
6.15778e-06
6.16659e-06
6.10965e-06
6.19683e-06
0.00181815
6.10628e-06
6.07719e-06
6.07868e-06
6.13537e-06
6.14504e-06
6.14503e-06
6.08553e-06
6.15251e-06
6.07213e-06
6.30342e-06
6.13482e-06
6.21031e-06
6.11272e-06
6.15716e-06
6.30292e-06
6.2061e-06
6.19601e-06
6.21833e-06
1.10649e-05
6.11096e-06
6.14124e-06
6.07181e-06
6.24362e-06
6.10771e-06
6.09167e-06
6.1264e-06
6.11832e-06
0.000132477
6.14695e-06
6.07992e-06
6.07632e-06
7.32858e-06
0.000938796
6.10355e-06
6.16502e-06
7.42331e-06
6.24947e-06
6.28229e-06
6.18776e-06
6.13424e-06
6.0711e-06
6.07547e-06
6.09725e-06
6.24377e-06
6.09498e-06
6.08059e-06
6.11082e-06
6.06916e-06
6.1013e-06
6.17541e-06
6.14279e-06
6.20691e-06
6.08315e-06
6.27121e-06
4.61359e-05
6.07203e-06
6.11217e-06
6.14361e-06
6.13315e-06
6.21116e-06
6.24743e-06
6.25297e-06
6.15436e-06
6.12857e-06
6.08376e-06
6.08851e-06
6.23718e-06
6.17159e-06
6.12847e-06
6.0873e-06
6.16184e-06
6.08207e-06
6.16531e-06
0.00466747
6.06913e-06
6.15258e-06
6.12663e-06
6.18391e-06
6.13122e-06
6.26203e-06
6.20246e-06
6.09117e-06
0.0024322
6.19554e-06
6.08685e-06
6.15227e-06
6.19715e-06
6.17373e-06
6.2702e-06
6.18859e-06
6.29451e-06
6.21843e-06
6.1157e-06
6.07684e-06
6.22587e-06
6.077e-06
6.2001e-06
4.98937e-06
6.31152e-06
6.25194e-06
6.22697e-06
6.28848e-06
6.1215e-06
6.16696e-06
6.20194e-06
6.10574e-06
9.32823e-06
6.09832e-06
6.0985e-06
6.19216e-06
6.12762e-06
6.21967e-06
6.16352e-06
6.08421e-06
6.08507e-06
6.18831e-06
6.14305e-06
6.15809e-06
6.07021e-06
6.18589e-06
6.13864e-06
0.0017511
0.01142
6.38921e-06
6.13724e-06
6.20821e-06
6.25743e-06
6.1227e-06
6.15328e-06
6.12727e-06
6.21266e-06
6.28336e-06
4.48057e-09
6.07679e-06
0.000205758
6.1059e-06
6.10513e-06
6.19369e-06
6.42145e-06
6.07191e-06
6.14394e-06
6.17588e-06
6.1972e-06
6.1038e-06
6.19298e-06
6.15683e-06
6.11112e-06
0.00019093
6.0779e-06
6.08484e-06
6.1996e-06
6.08214e-06
6.17394e-06
0.00249957
6.18759e-06
6.12864e-06
6.20611e-06
6.21192e-06
6.08691e-06
6.21997e-06
8.61568e-06
6.12202e-06
1.17944e-08
6.10703e-06
0.000547568
6.15439e-06
6.07762e-06
6.07985e-06
6.14731e-06
6.12127e-06
6.18661e-06
6.1685e-06
6.09125e-06
6.08263e-06
6.15396e-06
6.07052e-06
6.08662e-06
6.08883e-06
6.14534e-06
6.16559e-06
6.12511e-06
6.11849e-06
6.10641e-06
6.77609e-06
6.19118e-06
6.19711e-06
6.18886e-06
6.14365e-06
6.20144e-06
6.18175e-06
6.0816e-06
1.15257e-06
6.10796e-06
6.15989e-06
6.0775e-06
6.15401e-06
6.18795e-06
6.12491e-06
6.16165e-06
6.24489e-06
6.07677e-06
6.08947e-06
6.13483e-06
6.07532e-06
6.18067e-06
6.13047e-06
6.24885e-06
6.08241e-06
6.10223e-06
6.12685e-06
6.20093e-06
6.15381e-06
6.22996e-06
6.07075e-06
6.16466e-06
6.15853e-06
6.13611e-06
6.11211e-06
6.08466e-06
0.0096496
6.13349e-06
6.21138e-06
6.075e-06
6.44889e-06
6.18748e-06
6.07198e-06
6.1973e-06
6.13174e-06
6.27102e-06
6.07131e-06
0.00025934
6.07328e-06
6.18459e-06
6.15647e-06
6.15931e-06
6.10301e-06
6.08945e-06
6.15937e-06
6.12822e-06
6.09675e-06
6.11964e-06
6.09004e-06
6.15203e-06
6.17789e-06
6.06925e-06
6.18798e-06
6.08758e-06
6.15361e-06
6.14147e-06
6.08431e-06
6.11423e-06
6.10149e-06
6.22927e-06
6.12944e-06
6.13896e-06
6.11855e-06
6.12309e-06
6.27378e-06
5.85329e-07
6.20365e-06
6.34809e-06
6.18935e-06
6.10922e-06
6.18186e-06
6.25481e-06
6.12653e-06
6.08356e-06
6.14431e-06
6.13952e-06
6.19658e-06
6.16609e-06
0.00203022
6.14543e-06
6.109e-06
6.129e-06
6.113e-06
6.18401e-06
6.204e-06
6.09362e-06
6.12452e-06
6.0943e-06
6.19379e-06
6.12146e-06
6.09139e-06
6.07636e-06
6.25423e-06
6.16113e-06
6.20672e-06
6.09107e-06
6.24398e-06
6.20344e-06
1.75904e-06
6.09646e-06
6.23405e-06
6.17032e-06
6.07515e-06
6.1997e-06
4.27658e-13
6.11205e-06
6.1266e-06
0.000230584
6.10866e-06
6.13002e-06
6.0834e-06
6.09275e-06
6.2224e-06
6.08759e-06
6.13382e-06
6.23082e-06
6.08066e-06
6.18842e-06
6.23968e-06
6.0738e-06
7.53056e-06
6.20937e-06
6.19177e-06
6.07013e-06
6.17909e-06
6.08784e-06
6.20169e-06
6.12346e-06
6.3349e-06
6.18956e-06
6.11014e-06
6.10949e-06
6.18303e-06
6.09268e-06
6.2517e-06
6.09381e-06
6.12215e-06
6.16998e-06
6.22472e-06
6.20054e-06
6.1133e-06
6.0856e-06
0.000513532
6.0704e-06
6.17314e-06
6.10227e-06
6.16059e-06
6.12483e-06
6.25793e-06
6.08485e-06
6.1175e-06
0.0106855
6.12097e-06
6.13075e-06
6.67047e-08
6.08997e-06
6.12777e-06
6.08036e-06
6.11359e-06
6.44124e-06
6.07772e-06
6.13287e-06
6.24303e-06
1.69147e-05
0.00010351
6.18765e-06
6.12206e-06
0.00324059
6.12843e-06
6.12664e-06
6.12918e-06
6.16192e-06
6.14601e-06
4.184e-08
6.14169e-06
6.17973e-06
0.00135314
6.14016e-06
6.11037e-06
6.13204e-06
6.1518e-06
6.14308e-06
0.00041449
6.17868e-06
6.09108e-06
6.11059e-06
6.1676e-06
6.1481e-06
6.2736e-06
6.29443e-06
6.07786e-06
6.26581e-06
6.49809e-06
6.2985e-06
6.11969e-06
6.15566e-06
6.21533e-06
6.07022e-06
6.18716e-06
6.2342e-06
6.11191e-06
0.00655498
6.19037e-06
2.47441e-07
6.16324e-06
6.14319e-06
6.13347e-06
6.20023e-06
6.08116e-06
6.19561e-06
6.18881e-06
6.08526e-06
6.09172e-06
6.18189e-06
6.12079e-06
6.08202e-06
6.19027e-06
6.11866e-06
6.08054e-06
6.13334e-06
6.20481e-06
6.1433e-06
6.13142e-06
0.00450309
6.12716e-06
6.24947e-06
6.15911e-06
6.08019e-06
6.18261e-06
0.00294383
8.0649e-06
6.21339e-06
6.18545e-06
6.08418e-06
6.07068e-06
1.47515e-06
6.18275e-06
6.07479e-06
5.23139e-06
0.00895137
6.16478e-06
6.09225e-06
6.07914e-06
6.12416e-06
6.29472e-06
6.11823e-06
6.14361e-06
7.13629e-06
6.3292e-06
6.09288e-06
6.19042e-06
6.2571e-06
6.15976e-06
6.06945e-06
6.16842e-06
6.07919e-06
6.12562e-06
6.16106e-06
6.13078e-06
6.20698e-06
6.11627e-06
6.23979e-06
6.16803e-06
6.12985e-06
6.10144e-06
6.77106e-06
6.08095e-06
6.10639e-06
6.07569e-06
6.21789e-06
6.12143e-06
6.12609e-06
6.09719e-06
6.07315e-06
6.07231e-06
6.25236e-06
6.2528e-06
6.12878e-06
6.141e-06
6.10979e-06
6.11212e-06
6.07759e-06
6.17503e-06
6.11835e-06
6.18979e-06
6.12439e-06
6.07636e-06
0.010462
6.15856e-06
6.12087e-06
6.09879e-06
6.22665e-06
6.07524e-06
6.11519e-06
6.0729e-06
6.19681e-06
6.16288e-06
6.17023e-06
6.14233e-06
6.2446e-06
6.33048e-06
6.12144e-06
6.11096e-06
6.17051e-06
6.12983e-06
6.11141e-06
6.08086e-06
6.14724e-06
6.35187e-06
6.22195e-06
6.29565e-06
6.12183e-06
6.0787e-06
6.08707e-06
6.31053e-06
6.11302e-06
6.10618e-06
6.13568e-06
6.23723e-06
6.16011e-06
2.67605e-06
6.14328e-06
6.26748e-06
6.0707e-06
0.00491709
6.09098e-06
6.21927e-06
6.16193e-06
6.08713e-06
6.13866e-06
6.12895e-06
6.09147e-06
6.19438e-06
6.25708e-06
6.16007e-06
6.11494e-06
6.08271e-06
6.20688e-06
6.08658e-06
0.00113624
6.15e-06
6.22254e-06
6.08721e-06
6.18297e-06
6.15386e-06
6.08973e-06
6.25463e-06
6.16876e-06
6.09344e-06
6.21632e-06
6.29784e-06
6.09641e-06
6.1491e-06
6.07626e-06
6.08433e-06
6.1081e-06
6.18905e-06
6.1521e-06
6.16564e-06
6.11155e-06
6.16009e-06
6.20206e-06
6.07884e-06
6.16381e-06
6.27936e-06
6.09719e-06
6.22213e-06
6.23295e-06
6.08102e-06
6.24973e-06
6.20795e-06
6.07137e-06
0.00228419
6.08094e-06
6.13276e-06
6.14565e-06
6.13615e-06
6.1944e-06
6.08041e-06
6.19464e-06
6.12336e-06
6.68464e-06
6.20809e-06
6.08405e-06
6.14654e-06
6.25673e-06
6.12498e-06
6.24096e-06
6.12587e-06
6.08378e-06
6.19106e-06
3.66703e-07
0.000242277
2.35319e-06
6.08047e-06
6.14638e-06
6.09453e-06
6.09432e-06
6.08007e-06
6.08839e-06
6.21196e-06
6.10894e-06
6.27671e-06
6.09398e-06
6.08241e-06
6.11339e-06
9.40038e-06
6.21388e-06
2.9054e-05
6.15557e-06
6.18201e-06
6.1662e-06
9.0054e-06
6.16053e-06
6.21089e-06
6.08165e-06
6.13976e-06
6.20211e-06
6.0894e-06
6.07192e-06
6.07053e-06
6.07671e-06
6.082e-06
6.23735e-06
6.17052e-06
6.0809e-06
6.19809e-06
6.09479e-06
6.17441e-06
0.00998363
6.09296e-06
6.12281e-06
6.10862e-06
6.07239e-06
6.15613e-06
6.24112e-06
6.0867e-06
6.14111e-06
6.11219e-06
6.1928e-06
6.17993e-06
6.08093e-06
6.16994e-06
6.1345e-06
6.13895e-06
6.07143e-06
6.21883e-06
6.09602e-06
6.13928e-06
6.19208e-06
6.09806e-06
6.24565e-06
6.70449e-06
0.000257722
6.08347e-06
6.16836e-06
6.12581e-06
6.10834e-06
6.07283e-06
6.0956e-06
6.0724e-06
6.12262e-06
6.13775e-06
6.16491e-06
6.14025e-06
6.14357e-06
6.17687e-06
6.25269e-06
6.13769e-06
6.16111e-06
6.07066e-06
6.0981e-06
6.16809e-06
6.28312e-06
6.2104e-06
6.11356e-06
6.12452e-06
6.10609e-06
6.14372e-06
6.10374e-06
6.08894e-06
6.25203e-06
6.20769e-06
6.08271e-06
6.18012e-06
9.61194e-06
6.12304e-06
6.08495e-06
6.23964e-06
6.09521e-06
6.08645e-06
6.15965e-06
6.11986e-06
6.07702e-06
6.15841e-06
6.16358e-06
6.08859e-06
6.07481e-06
6.11153e-06
6.09739e-06
6.13408e-06
6.34104e-06
0.000696442
6.08199e-06
6.08171e-06
6.07516e-06
6.19118e-06
6.0833e-06
6.16339e-06
6.25927e-06
6.09766e-06
6.14831e-06
0.000125351
6.34506e-06
6.11133e-06
6.11331e-06
6.13212e-06
6.13596e-06
6.08745e-06
6.14557e-06
6.15727e-06
6.18636e-06
6.1058e-06
6.19156e-06
6.18395e-06
6.07897e-06
6.21565e-06
6.09347e-06
6.08965e-06
6.10659e-06
6.13788e-06
6.21088e-06
6.26024e-06
6.08045e-06
6.17049e-06
6.08925e-06
0.00149313
6.15693e-06
6.14619e-06
0.00141578
0.00349885
0.00088711
6.08072e-06
)
;

boundaryField
{
    frontAndBack
    {
        type            empty;
    }
    inlet
    {
        type            freestream;
        freestreamValue uniform 6e-06;
        value           nonuniform List<scalar> 
32
(
6e-06
6e-06
6e-06
6e-06
6e-06
6e-06
6.07344e-06
6e-06
6e-06
6e-06
6e-06
6e-06
6e-06
6e-06
6e-06
6e-06
6e-06
6e-06
6.07648e-06
6e-06
6e-06
6e-06
6e-06
6e-06
6e-06
6e-06
6e-06
6e-06
6e-06
6e-06
6e-06
6e-06
)
;
    }
    outlet
    {
        type            freestream;
        freestreamValue uniform 6e-06;
        value           nonuniform List<scalar> 
32
(
6.07902e-06
6.07966e-06
6.08661e-06
6.06165e-06
6e-06
0.000133399
6.07628e-06
0.000244462
6.08604e-06
6.27769e-06
6.07142e-06
6.07971e-06
6.17195e-06
6.0853e-06
6.07919e-06
6.08696e-06
0.000410502
6e-06
6.08428e-06
5.35655e-06
6.0477e-06
6.08265e-06
8.20709e-07
6.08477e-06
6.09521e-06
6.0809e-06
6.08117e-06
6.08478e-06
4.66833e-09
8.82889e-06
6.09295e-06
6.07941e-06
)
;
    }
    walls
    {
        type            nutUSpaldingWallFunction;
        Cmu             0.09;
        kappa           0.41;
        E               9.8;
        value           nonuniform List<scalar> 
205
(
1.58382e-05
6.48328e-06
8.4671e-07
1.77726e-06
3.80159e-06
4.50254e-06
3.22261e-07
3.09062e-06
4.17842e-06
4.28449e-06
4.25549e-06
4.23916e-06
4.4125e-06
4.96021e-06
4.70767e-06
4.83972e-06
4.84867e-06
4.85248e-06
4.86118e-06
4.88692e-06
4.90584e-06
4.92411e-06
4.9424e-06
4.95073e-06
4.95929e-06
4.97077e-06
4.96277e-06
4.97804e-06
4.9869e-06
4.97732e-06
4.9632e-06
4.95487e-06
4.95198e-06
4.95407e-06
4.95078e-06
4.94851e-06
4.94933e-06
4.9452e-06
4.94658e-06
4.94504e-06
4.93825e-06
4.93433e-06
4.93578e-06
4.94841e-06
4.96615e-06
4.98035e-06
4.9813e-06
4.9785e-06
4.97438e-06
4.92253e-06
4.91805e-06
4.89932e-06
4.87303e-06
4.88169e-06
4.95563e-06
4.95538e-06
4.95094e-06
4.93881e-06
4.92696e-06
4.91591e-06
4.90849e-06
4.90208e-06
4.89447e-06
4.88535e-06
4.87859e-06
4.87252e-06
4.86782e-06
4.86353e-06
4.85847e-06
9.12827e-06
9.4338e-06
4.85565e-06
4.85345e-06
4.8503e-06
4.84874e-06
4.84713e-06
4.84457e-06
4.84277e-06
4.84298e-06
4.84312e-06
4.84362e-06
4.84418e-06
4.84183e-06
4.84011e-06
4.84154e-06
4.8423e-06
4.84399e-06
4.84515e-06
4.846e-06
4.84953e-06
4.85505e-06
4.85624e-06
4.85842e-06
4.85709e-06
4.85546e-06
4.85116e-06
4.84712e-06
4.85094e-06
4.87777e-06
4.89725e-06
4.91025e-06
8.03293e-06
8.22225e-06
8.42129e-06
8.62321e-06
8.85791e-06
9.78673e-06
4.79846e-06
4.94879e-06
2.83252e-06
1.98943e-07
3.03569e-07
2.90649e-07
1.95847e-07
1.34692e-07
1.17335e-07
1.05334e-07
9.02827e-08
5.97728e-08
4.13201e-08
2.66712e-08
1.12301e-08
1.883e-09
5.07128e-09
2.27788e-08
4.01192e-08
7.28757e-08
1.13468e-07
1.63846e-07
2.16719e-07
2.66194e-07
3.34954e-07
4.2669e-07
4.94858e-07
5.58388e-07
6.59671e-07
7.40866e-07
8.30178e-07
9.37296e-07
1.05008e-06
1.12503e-06
1.22746e-06
1.33596e-06
1.43176e-06
1.54627e-06
1.65812e-06
1.76116e-06
1.87079e-06
1.98025e-06
2.07934e-06
2.20048e-06
2.30755e-06
2.42669e-06
2.53404e-06
2.63735e-06
2.76291e-06
2.88677e-06
3.00846e-06
3.12468e-06
3.24015e-06
3.36201e-06
3.48072e-06
3.59286e-06
3.71105e-06
3.83171e-06
3.95628e-06
4.08317e-06
4.20902e-06
4.32726e-06
4.45675e-06
4.59726e-06
4.72533e-06
4.86074e-06
5.00123e-06
5.13551e-06
5.25963e-06
5.38238e-06
5.50571e-06
5.61588e-06
5.72401e-06
5.84949e-06
5.97481e-06
6.10683e-06
6.23463e-06
6.36414e-06
6.49535e-06
6.63189e-06
6.76926e-06
6.90621e-06
7.05339e-06
7.21083e-06
7.36876e-06
7.52588e-06
7.68791e-06
7.85619e-06
1.0205e-05
1.07112e-05
1.13406e-05
1.21285e-05
1.30491e-05
1.41575e-05
1.57513e-05
1.84604e-05
2.12408e-05
2.15494e-05
)
;
    }
}


// ************************************************************************* //
