/*--------------------------------*- C++ -*----------------------------------*\
  =========                 |
  \\      /  F ield         | OpenFOAM: The Open Source CFD Toolbox
   \\    /   O peration     | Website:  https://openfoam.org
    \\  /    A nd           | Version:  dev
     \\/     M anipulation  |
\*---------------------------------------------------------------------------*/
FoamFile
{
    format      ascii;
    class       volScalarField;
    location    "1950";
    object      p;
}
// * * * * * * * * * * * * * * * * * * * * * * * * * * * * * * * * * * * * * //

dimensions      [0 2 -2 0 0 0 0];

internalField   nonuniform List<scalar> 
25458
(
-504.229
-479.906
-451.699
-421.154
-388.235
-353.375
-317.04
-279.502
-241.661
-207.242
-178.284
108.556
113.885
119.898
126.23
132.932
139.837
146.917
154.346
161.703
165.958
165.833
288.876
289.524
290.258
291.014
291.76
292.453
293.026
293.274
292.912
292.166
292.174
336.582
336.556
336.492
336.375
336.182
335.885
335.441
334.755
333.677
332.26
330.942
307.107
307.167
307.243
307.314
307.374
307.411
307.406
307.332
307.144
306.764
306.102
226.834
226.891
226.993
227.119
227.266
227.434
227.626
227.843
228.083
228.348
228.665
333.293
333.305
333.292
333.217
333.057
332.776
332.314
331.524
330.253
328.701
327.359
323.04
323.06
323.073
323.058
323.001
322.879
322.662
322.3
321.702
320.795
319.611
291.511
291.582
291.674
291.767
291.859
291.943
292.005
292.029
291.988
291.819
291.426
276.25
276.319
276.422
276.532
276.649
276.767
276.878
276.97
277.028
277.006
276.814
261.963
262.035
262.149
262.275
262.413
262.564
262.721
262.877
263.024
263.132
263.137
249.097
249.169
249.282
249.41
249.554
249.713
249.886
250.069
250.256
250.426
250.516
237.36
237.423
237.528
237.653
237.795
237.954
238.129
238.317
238.514
238.719
238.872
147.509
147.527
147.562
147.613
147.685
147.782
147.899
148.036
148.197
148.389
148.634
216.822
216.874
216.967
217.085
217.223
217.377
217.551
217.74
217.941
218.137
218.281
207.958
208.01
208.096
208.212
208.353
208.515
208.704
208.923
209.177
209.475
209.802
199.691
199.74
199.818
199.927
200.059
200.212
200.387
200.585
200.805
201.048
201.308
192.013
192.062
192.131
192.232
192.357
192.503
192.671
192.865
193.086
193.332
193.591
184.921
184.968
185.031
185.125
185.245
185.386
185.548
185.734
185.947
186.189
186.427
178.507
178.547
178.604
178.69
178.804
178.94
179.099
179.285
179.5
179.757
180.07
172.406
172.44
172.494
172.573
172.68
172.81
172.959
173.131
173.326
173.543
173.814
166.739
166.771
166.821
166.893
166.993
167.116
167.259
167.427
167.621
167.837
168.101
161.46
161.492
161.538
161.606
161.701
161.819
161.959
162.121
162.311
162.524
162.769
156.542
156.576
156.618
156.678
156.764
156.874
157.004
157.155
157.334
157.538
157.763
151.825
151.854
151.893
151.949
152.028
152.131
152.253
152.394
152.557
152.745
152.95
79.5755
79.5896
79.6037
79.6236
79.6515
79.6895
79.74
79.8066
79.8936
79.9974
80.1261
77.3998
77.407
77.4184
77.4355
77.4593
77.4914
77.5338
77.5892
77.6612
77.743
77.8309
143.294
143.315
143.35
143.399
143.468
143.56
143.671
143.801
143.949
144.114
144.314
139.382
139.405
139.435
139.478
139.538
139.621
139.723
139.844
139.986
140.147
140.338
135.623
135.647
135.676
135.718
135.776
135.855
135.954
136.07
136.206
136.361
136.537
132.108
132.129
132.154
132.19
132.241
132.31
132.399
132.504
132.627
132.771
132.934
128.693
128.71
128.733
128.768
128.816
128.882
128.967
129.067
129.184
129.32
129.475
125.447
125.46
125.482
125.513
125.557
125.617
125.695
125.789
125.899
126.026
126.166
122.316
122.33
122.35
122.378
122.417
122.47
122.542
122.626
122.725
122.842
122.958
119.293
119.305
119.324
119.351
119.39
119.442
119.513
119.598
119.699
119.823
119.966
116.381
116.39
116.406
116.428
116.46
116.503
116.562
116.632
116.714
116.811
116.929
113.452
113.462
113.479
113.501
113.533
113.575
113.632
113.701
113.779
113.866
113.989
110.745
110.754
110.767
110.787
110.814
110.851
110.902
110.968
111.047
111.134
111.229
108.054
108.063
108.075
108.093
108.118
108.152
108.198
108.257
108.329
108.415
108.489
105.268
105.279
105.29
105.306
105.328
105.357
105.396
105.446
105.5
105.565
105.635
102.682
102.693
102.701
102.713
102.731
102.755
102.789
102.835
102.889
102.958
103.036
100.066
100.077
100.085
100.098
100.117
100.144
100.18
100.229
100.287
100.36
100.452
97.2798
97.2868
97.2957
97.3098
97.3299
97.3573
97.3937
97.4432
97.4988
97.5627
97.6392
94.5693
94.5733
94.5818
94.595
94.6142
94.6409
94.6773
94.7283
94.7901
94.8643
94.948
91.789
91.7957
91.8077
91.8252
91.8498
91.8837
91.9288
91.9898
92.0639
92.1539
92.247
88.9325
88.9425
88.9611
88.9874
89.0234
89.0718
89.1351
89.2181
89.3187
89.4394
89.5857
86.3753
86.3852
86.4026
86.4268
86.4599
86.5045
86.5633
86.6408
86.7359
86.8457
86.9801
84.0883
84.0969
84.1118
84.1325
84.1613
84.2004
84.2524
84.3219
84.4108
84.5145
84.6346
81.8098
81.8209
81.8355
81.8557
81.8838
81.922
81.9726
82.0392
82.1251
82.2263
82.3402
-35.0974
-35.1006
-35.0989
-35.0948
-35.0865
-35.0723
-35.0501
-35.0167
-34.9692
-34.9103
-34.8232
-40.2384
-40.231
-40.2285
-40.2237
-40.2129
-40.1939
-40.1636
-40.1169
-40.0466
-39.9449
-39.7803
-45.8488
-45.8295
-45.8278
-45.8239
-45.8131
-45.7937
-45.7628
-45.7157
-45.6464
-45.5486
-45.3933
-52.1336
-52.1111
-52.1102
-52.106
-52.0938
-52.072
-52.0369
-51.983
-51.9027
-51.7893
-51.6102
-58.7535
-58.7357
-58.7362
-58.7319
-58.7185
-58.6944
-58.6557
-58.5968
-58.5106
-58.3905
-58.2135
75.3103
75.3145
75.3271
75.3454
75.3706
75.4047
75.4504
75.5107
75.5916
75.6911
75.8082
73.2341
73.2408
73.253
73.2697
73.2927
73.324
73.3657
73.4201
73.4916
73.577
73.6763
71.2064
71.215
71.2255
71.2401
71.2606
71.2886
71.3259
71.3749
71.44
71.5189
71.6104
69.1753
69.1854
69.1961
69.2113
69.2325
69.2613
69.2996
69.3494
69.415
69.4952
69.5922
67.2606
67.2708
67.2799
67.2931
67.3119
67.3377
67.3726
67.4189
67.4811
67.5577
67.6619
65.2857
65.2935
65.3018
65.3141
65.3314
65.3547
65.3854
65.4253
65.4774
65.5372
65.6024
63.3732
63.3796
63.3885
63.4014
63.4196
63.4444
63.4778
63.5222
63.5822
63.659
63.7522
61.4921
61.5
61.5076
61.5182
61.5333
61.5542
61.5822
61.6191
61.668
61.7296
61.8035
59.5603
59.5691
59.5768
59.5877
59.6033
59.6245
59.6527
59.6895
59.7377
59.7985
59.8705
57.6857
57.6939
57.7006
57.7103
57.7243
57.7436
57.7696
57.8039
57.8493
57.9077
57.9767
55.8351
55.8419
55.8479
55.8568
55.8696
55.8873
55.9111
55.9427
55.9846
56.0394
56.0999
53.9359
53.9419
53.9483
53.9576
53.9709
53.9892
54.0137
54.046
54.0883
54.145
54.2054
52.0964
52.101
52.1063
52.1142
52.1256
52.1417
52.1636
52.193
52.232
52.2864
52.3541
50.1667
50.1711
50.1763
50.1839
50.1947
50.2093
50.2287
50.2538
50.285
50.3245
50.3631
48.3252
48.3295
48.3347
48.3426
48.354
48.3701
48.3924
48.423
48.4647
48.524
48.584
-564.858
-564.707
-564.435
-564.052
-563.511
-562.736
-561.613
-559.955
-557.573
-554.476
-550.548
-600.457
-600.253
-599.918
-599.439
-598.751
-597.75
-596.275
-594.093
-591.05
-587.153
-582.106
46.4482
46.4518
46.456
46.4623
46.4716
46.4848
46.5028
46.527
46.5586
46.6063
46.6496
44.4445
44.4481
44.4525
44.4589
44.468
44.4804
44.4968
44.5179
44.5431
44.5788
44.6279
42.5747
42.5782
42.582
42.5879
42.5966
42.609
42.6263
42.6502
42.6818
42.7254
42.7817
40.6742
40.6775
40.6812
40.6868
40.6953
40.7072
40.7236
40.746
40.7756
40.8149
40.8536
38.6892
38.6922
38.6956
38.7009
38.7087
38.7198
38.7349
38.7552
38.7819
38.8198
38.8512
36.7358
36.7379
36.7407
36.7455
36.7527
36.7633
36.7781
36.7986
36.8262
36.8687
36.921
34.7105
34.7118
34.7148
34.7196
34.7268
34.7371
34.7514
34.7706
34.7951
34.8296
34.8749
32.67
32.671
32.6736
32.6778
32.6842
32.6935
32.7065
32.7246
32.7484
32.7809
32.8245
30.6016
30.6042
30.6069
30.6109
30.6173
30.6267
30.6398
30.658
30.6824
30.7151
30.7598
28.5133
28.5168
28.5192
28.5231
28.5294
28.5387
28.5521
28.5708
28.5965
28.6307
28.6747
26.3505
26.3537
26.3555
26.3586
26.3638
26.3715
26.3824
26.3973
26.4174
26.4446
26.4706
24.1751
24.1778
24.1798
24.1835
24.1895
24.1986
24.2115
24.2296
24.2547
24.2917
24.3456
21.9564
21.9577
21.9593
21.9624
21.9677
21.9757
21.9874
22.0039
22.0262
22.0568
22.1056
19.6502
19.6515
19.6534
19.6566
19.662
19.6702
19.682
19.6986
19.7213
19.7505
19.7964
17.2969
17.2994
17.3011
17.304
17.3089
17.3166
17.3279
17.3439
17.3662
17.395
17.4391
14.9217
14.9247
14.9263
14.9293
14.9347
14.9432
14.9556
14.9736
14.9993
15.0335
15.0829
12.414
12.4157
12.417
12.4197
12.4244
12.4319
12.4428
12.4581
12.4794
12.5078
12.5448
9.91399
9.91436
9.91569
9.91889
9.9246
9.93371
9.94756
9.96803
9.99776
10.0403
10.1134
7.21772
7.21396
7.21501
7.21774
7.22223
7.22912
7.23913
7.2531
7.27167
7.29277
7.31557
4.52006
4.51882
4.52086
4.52422
4.52989
4.53896
4.55263
4.57265
4.6018
4.64384
4.70587
1.74519
1.75218
1.75428
1.75715
1.76293
1.77247
1.78693
1.80806
1.83813
1.87996
1.94588
-1.17124
-1.16287
-1.16184
-1.15948
-1.15412
-1.14528
-1.13188
-1.11219
-1.08401
-1.04614
-0.992869
-4.28793
-4.28031
-4.2795
-4.2772
-4.2721
-4.2638
-4.25136
-4.23346
-4.20826
-4.17306
-4.12121
-7.34036
-7.33484
-7.33375
-7.33054
-7.32391
-7.31292
-7.29582
-7.26992
-7.23178
-7.17666
-7.07842
-10.7914
-10.7904
-10.7898
-10.7873
-10.7824
-10.7748
-10.7636
-10.7482
-10.7284
-10.7066
-10.6772
-14.0638
-14.0654
-14.0636
-14.0586
-14.0492
-14.0337
-14.0091
-13.971
-13.9131
-13.827
-13.6681
-17.8587
-17.8701
-17.8692
-17.8655
-17.8592
-17.8489
-17.8334
-17.8113
-17.7812
-17.7478
-17.7064
-21.794
-21.8006
-21.7979
-21.7933
-21.7852
-21.7718
-21.751
-21.7198
-21.6732
-21.6063
-21.4999
-25.9644
-25.9631
-25.961
-25.9574
-25.9498
-25.9371
-25.9172
-25.8882
-25.847
-25.7887
-25.6944
-30.2391
-30.2445
-30.243
-30.2377
-30.2274
-30.21
-30.1823
-30.1398
-30.0775
-29.988
-29.8171
-419.762
-419.701
-419.575
-419.407
-419.186
-418.888
-418.476
-417.902
-417.081
-415.844
-414.003
-445.932
-445.861
-445.72
-445.532
-445.284
-444.95
-444.492
-443.862
-442.969
-441.684
-440.022
-471.82
-471.733
-471.57
-471.347
-471.044
-470.623
-470.028
-469.185
-467.938
-466.152
-463.754
-500.71
-500.601
-500.407
-500.139
-499.769
-499.247
-498.502
-497.429
-495.826
-493.581
-490.585
-531.588
-531.461
-531.23
-530.91
-530.464
-529.83
-528.92
-527.589
-525.619
-522.946
-519.527
-640.163
-639.896
-639.478
-638.881
-638.012
-636.735
-634.825
-632.058
-628.32
-623.588
-617.563
-66.993
-66.9871
-66.9814
-66.9746
-66.9629
-66.9419
-66.9063
-66.8504
-66.7665
-66.654
-66.4878
-75.3503
-75.0201
-74.8042
-74.5647
-74.2558
-73.8962
-73.5147
-73.1495
-72.8572
-72.7276
-72.9173
-79.1517
-81.5231
-83.9435
-85.864
-87.7964
-89.8468
-91.9278
-94.024
-96.1896
-98.5295
-101.007
-194.274
-191.827
-188.53
-185.995
-183.511
-180.679
-177.68
-174.695
-171.795
-168.647
-163.908
-176.063
-176.254
-176.562
-176.988
-177.57
-178.349
-179.36
-180.666
-182.421
-184.838
-186.978
-159.371
-159.434
-159.54
-159.694
-159.895
-160.16
-160.517
-161.005
-161.693
-162.684
-164.103
-166.113
-166.148
-166.242
-166.417
-166.661
-166.987
-167.41
-167.946
-168.606
-169.383
-170.199
-165.251
-165.262
-165.31
-165.418
-165.582
-165.816
-166.148
-166.609
-167.242
-168.096
-169.175
-171.65
-171.65
-171.681
-171.76
-171.878
-172.042
-172.268
-172.576
-172.993
-173.55
-174.242
-177.297
-177.292
-177.31
-177.365
-177.45
-177.573
-177.746
-177.987
-178.315
-178.758
-179.39
-182.631
-182.625
-182.636
-182.676
-182.739
-182.831
-182.962
-183.144
-183.394
-183.722
-184.15
-188.2
-188.194
-188.199
-188.227
-188.273
-188.343
-188.443
-188.587
-188.788
-189.062
-189.417
-192.744
-192.738
-192.739
-192.756
-192.786
-192.834
-192.904
-193.005
-193.15
-193.348
-193.612
-196.605
-196.6
-196.598
-196.607
-196.626
-196.658
-196.707
-196.781
-196.888
-197.041
-197.247
-199.661
-199.656
-199.653
-199.654
-199.663
-199.681
-199.712
-199.76
-199.832
-199.939
-200.09
-201.951
-201.947
-201.942
-201.94
-201.942
-201.951
-201.968
-201.999
-202.048
-202.119
-202.231
-203.437
-203.433
-203.427
-203.42
-203.415
-203.414
-203.417
-203.427
-203.449
-203.484
-203.527
-204.379
-204.375
-204.369
-204.361
-204.352
-204.346
-204.342
-204.342
-204.348
-204.364
-204.393
-204.861
-204.857
-204.851
-204.841
-204.83
-204.819
-204.81
-204.802
-204.797
-204.797
-204.805
-204.948
-204.944
-204.937
-204.926
-204.913
-204.9
-204.885
-204.871
-204.857
-204.845
-204.838
-204.633
-204.63
-204.623
-204.612
-204.598
-204.581
-204.563
-204.541
-204.516
-204.489
-204.457
-204.152
-204.148
-204.142
-204.13
-204.115
-204.097
-204.076
-204.051
-204.021
-203.987
-203.95
-203.49
-203.486
-203.48
-203.468
-203.453
-203.434
-203.41
-203.381
-203.345
-203.302
-203.245
-202.743
-202.739
-202.733
-202.721
-202.706
-202.687
-202.663
-202.632
-202.595
-202.548
-202.491
-201.998
-201.994
-201.989
-201.978
-201.963
-201.946
-201.923
-201.895
-201.859
-201.816
-201.766
-201.204
-201.201
-201.195
-201.184
-201.17
-201.151
-201.127
-201.095
-201.054
-201.002
-200.94
-200.363
-200.36
-200.355
-200.344
-200.33
-200.312
-200.287
-200.254
-200.211
-200.153
-200.071
-199.76
-199.758
-199.753
-199.744
-199.732
-199.717
-199.697
-199.672
-199.641
-199.603
-199.559
-199.012
-199.01
-199.005
-198.995
-198.982
-198.965
-198.942
-198.911
-198.87
-198.816
-198.746
-198.34
-198.338
-198.333
-198.325
-198.313
-198.297
-198.275
-198.246
-198.206
-198.155
-198.087
-197.803
-197.801
-197.796
-197.788
-197.777
-197.762
-197.742
-197.715
-197.679
-197.633
-197.576
-197.315
-197.313
-197.31
-197.302
-197.292
-197.278
-197.26
-197.235
-197.201
-197.159
-197.111
-196.792
-196.79
-196.787
-196.779
-196.768
-196.754
-196.734
-196.707
-196.669
-196.616
-196.546
-196.421
-196.42
-196.416
-196.41
-196.4
-196.387
-196.369
-196.345
-196.312
-196.268
-196.209
-196.126
-196.125
-196.121
-196.115
-196.106
-196.094
-196.078
-196.055
-196.024
-195.984
-195.934
-195.832
-195.83
-195.827
-195.821
-195.812
-195.8
-195.783
-195.759
-195.728
-195.686
-195.629
-195.632
-195.631
-195.628
-195.622
-195.615
-195.604
-195.589
-195.569
-195.541
-195.505
-195.464
-195.425
-195.423
-195.42
-195.414
-195.406
-195.394
-195.377
-195.354
-195.322
-195.28
-195.224
-195.289
-195.288
-195.285
-195.28
-195.272
-195.261
-195.246
-195.224
-195.194
-195.155
-195.103
-195.225
-195.224
-195.221
-195.216
-195.209
-195.198
-195.183
-195.163
-195.135
-195.1
-195.049
-195.214
-195.213
-195.21
-195.205
-195.198
-195.189
-195.175
-195.155
-195.129
-195.096
-195.053
-195.187
-195.187
-195.184
-195.179
-195.172
-195.161
-195.146
-195.124
-195.094
-195.054
-195
-195.298
-195.297
-195.295
-195.29
-195.284
-195.275
-195.263
-195.245
-195.222
-195.192
-195.152
-195.388
-195.387
-195.385
-195.38
-195.373
-195.363
-195.348
-195.328
-195.3
-195.264
-195.215
-195.556
-195.555
-195.552
-195.548
-195.542
-195.532
-195.519
-195.501
-195.476
-195.444
-195.404
-195.761
-195.76
-195.757
-195.753
-195.746
-195.736
-195.721
-195.701
-195.674
-195.638
-195.584
-196.025
-196.024
-196.021
-196.017
-196.011
-196.003
-195.99
-195.972
-195.949
-195.918
-195.871
-196.361
-196.36
-196.357
-196.353
-196.347
-196.338
-196.325
-196.307
-196.284
-196.253
-196.209
-196.698
-196.697
-196.694
-196.69
-196.684
-196.675
-196.662
-196.644
-196.62
-196.59
-196.541
-197.095
-197.094
-197.092
-197.087
-197.081
-197.072
-197.059
-197.041
-197.018
-196.987
-196.944
-197.527
-197.526
-197.523
-197.519
-197.513
-197.504
-197.491
-197.473
-197.45
-197.42
-197.376
-198.01
-198.009
-198.007
-198.003
-197.996
-197.987
-197.973
-197.956
-197.932
-197.902
-197.857
-198.487
-198.487
-198.484
-198.48
-198.473
-198.463
-198.45
-198.432
-198.408
-198.377
-198.324
-199.05
-199.049
-199.046
-199.042
-199.035
-199.025
-199.012
-198.994
-198.971
-198.938
-198.896
-199.602
-199.601
-199.598
-199.594
-199.586
-199.576
-199.562
-199.542
-199.517
-199.482
-199.421
-200.148
-200.147
-200.144
-200.139
-200.132
-200.12
-200.105
-200.085
-200.057
-200.02
-199.968
-200.897
-200.896
-200.893
-200.888
-200.882
-200.872
-200.86
-200.845
-200.824
-200.798
-200.772
-201.38
-201.379
-201.376
-201.37
-201.362
-201.35
-201.333
-201.312
-201.283
-201.244
-201.18
-201.94
-201.938
-201.935
-201.929
-201.921
-201.909
-201.893
-201.871
-201.844
-201.808
-201.747
-202.422
-202.421
-202.418
-202.411
-202.4
-202.385
-202.364
-202.336
-202.299
-202.249
-202.167
-202.824
-202.822
-202.819
-202.811
-202.8
-202.782
-202.759
-202.726
-202.683
-202.624
-202.522
-203.668
-203.667
-203.663
-203.656
-203.644
-203.627
-203.603
-203.57
-203.526
-203.466
-203.388
-204.363
-204.363
-204.359
-204.352
-204.34
-204.321
-204.294
-204.256
-204.204
-204.128
-203.991
-205.921
-205.92
-205.915
-205.909
-205.9
-205.885
-205.865
-205.837
-205.798
-205.742
-205.665
-207.533
-207.532
-207.528
-207.522
-207.513
-207.499
-207.479
-207.451
-207.41
-207.349
-207.246
-209.316
-209.315
-209.31
-209.304
-209.293
-209.278
-209.255
-209.223
-209.176
-209.104
-208.988
-211.396
-211.394
-211.389
-211.383
-211.372
-211.357
-211.334
-211.302
-211.256
-211.182
-211.054
-213.826
-213.825
-213.82
-213.812
-213.8
-213.784
-213.759
-213.725
-213.676
-213.6
-213.476
-216.228
-216.226
-216.219
-216.209
-216.195
-216.173
-216.143
-216.099
-216.037
-215.943
-215.785
-218.94
-218.937
-218.929
-218.918
-218.902
-218.877
-218.841
-218.789
-218.718
-218.606
-218.401
-222.652
-222.65
-222.645
-222.639
-222.63
-222.613
-222.585
-222.541
-222.472
-222.357
-222.068
-227.657
-227.657
-227.653
-227.65
-227.644
-227.635
-227.616
-227.586
-227.553
-227.5
-227.001
-232.701
-232.697
-232.686
-232.668
-232.642
-232.607
-232.557
-232.488
-232.38
-232.262
-232.398
-233.484
-233.481
-233.466
-233.438
-233.395
-233.334
-233.251
-233.148
-233.042
-232.934
-232.421
-240.325
-240.322
-240.312
-240.293
-240.265
-240.227
-240.173
-240.099
-240.002
-239.857
-239.398
-242.454
-242.445
-242.424
-242.381
-242.322
-242.248
-242.163
-242.07
-241.983
-241.911
-241.73
-245.329
-245.321
-245.295
-245.244
-245.175
-245.091
-245
-244.908
-244.827
-244.771
-244.723
-249.524
-249.514
-249.482
-249.423
-249.344
-249.25
-249.148
-249.046
-248.956
-248.911
-248.956
-255.755
-255.74
-255.705
-255.642
-255.56
-255.468
-255.377
-255.301
-255.273
-255.365
-255.677
-262.787
-262.768
-262.728
-262.66
-262.571
-262.467
-262.351
-262.229
-262.107
-262.006
-261.942
-273.85
-273.825
-273.774
-273.694
-273.597
-273.491
-273.379
-273.273
-273.187
-273.158
-273.29
-285.25
-285.221
-285.165
-285.083
-284.985
-284.877
-284.763
-284.651
-284.552
-284.498
-284.55
-299.618
-299.583
-299.519
-299.428
-299.32
-299.197
-299.057
-298.904
-298.732
-298.56
-298.367
-316.075
-316.034
-315.965
-315.873
-315.765
-315.647
-315.517
-315.383
-315.254
-315.182
-315.099
-333.462
-333.414
-333.338
-333.237
-333.112
-332.962
-332.782
-332.563
-332.296
-331.997
-331.423
-353.174
-353.116
-353.029
-352.915
-352.773
-352.597
-352.376
-352.096
-351.734
-351.285
-350.482
-374.097
-374.041
-373.942
-373.814
-373.652
-373.446
-373.179
-372.828
-372.354
-371.717
-370.674
-396.56
-396.506
-396.397
-396.255
-396.075
-395.842
-395.535
-395.129
-394.59
-393.862
-392.776
-684.7
-684.352
-683.819
-683.05
-681.92
-680.236
-677.72
-674.19
-669.58
-663.842
-656.783
-734.722
-734.255
-733.553
-732.537
-731.021
-728.732
-725.379
-720.854
-715.107
-708.044
-699.444
-792.913
-792.283
-791.331
-789.949
-787.854
-784.69
-780.237
-774.485
-767.389
-758.829
-748.512
-864.583
-863.702
-862.347
-860.356
-857.271
-852.682
-846.468
-838.615
-828.895
-816.961
-802.083
-948.372
-947.167
-945.165
-942.085
-937.321
-930.59
-921.931
-911.281
-898.379
-882.98
-864.467
-1029.71
-1028.08
-1025.08
-1020.07
-1012.58
-1002.81
-990.819
-976.232
-958.759
-938.032
-912.872
-1180.07
-1176.22
-1170.85
-1162.28
-1150.11
-1135.45
-1118.15
-1097.38
-1072.89
-1044.14
-1009.98
-1567.71
-1551.01
-1532.76
-1509.77
-1479.46
-1443.16
-1400.43
-1349.89
-1290.51
-1220.48
-1139.12
-2031.11
-1978.56
-1921.41
-1859.29
-1786.67
-1704.26
-1612.91
-1513.31
-1406.04
-1292.4
-1178.75
-1585.03
-1521.67
-1451.1
-1375.99
-1294.19
-1206.66
-1114.62
-1019.38
-921.828
-825.826
-739.106
-54.597
-74.4252
-218.848
-834.441
-142.973
139.982
147.635
118.035
2.74786
-653.287
7.54683
16.8928
9.70782
-172.13
-134.825
97.9509
16.1395
-198.263
-165.207
-52.6465
92.887
55.6031
-27.1497
47.6151
-389.994
21.1378
-673.93
147.483
10.2648
-111.287
21.6325
-194.786
-0.193538
5.67112
-104.884
3.72303
-4.76622
15.5276
-194.453
-134.247
-177.062
-37.4538
-8.22783
-189.737
-530.199
-82.6673
-219.38
0.494037
-50.6103
-18.1196
-193.426
-199.923
9.72998
-206.807
-191.049
46.1966
1.0218
-141.804
54.7857
103.421
20.0648
0.549645
38.2165
-169.614
-9.4305
4.76926
-191.684
-186.253
10.5373
77.8798
22.6439
-185.712
-191.343
-52.0534
-693.503
-5.48438
-173.906
1.21234
12.0187
-155.603
-107.825
130.275
-2.37583
-116.919
42.6588
1.95121
-179.597
48.7118
-10.3506
-1.32268
45.7841
70.2147
92.1223
43.5081
-18.257
-0.824417
-175.5
30.7326
2.58755
6.68328
5.74952
46.8068
27.5855
16.6376
34.7631
-6.50132
-115.034
-164.78
-67.3723
131.576
107.917
17.2381
-192.683
146.608
-54.7608
-181.888
-12.9581
9.47871
116.502
-46.6326
1.42124
-124.33
10.582
-181.111
80.2335
-282.684
-45.8374
-102.295
68.729
-15.1158
2.56245
11.2542
17.2485
-27.1922
-700.317
-379.148
-108.121
96.5158
-48.7453
71.4116
-134.78
-17.0228
-44.333
17.2144
-71.3418
19.9737
-189.339
-104.726
-318.387
145.059
-157.017
-62.3325
-39.4352
113.999
-140.067
-6.76828
-114.882
-62.9775
-14.9219
114.915
-79.9633
-72.9503
92.4051
-104.48
-156.353
-158.622
20.0387
19.4858
-177.818
-4.52032
-195.777
-122.249
159.399
-3.02718
2.21358
-121.96
-56.7832
51.6789
100.717
-569.014
-6.89415
17.6759
27.972
-32.256
-130.575
-31.1789
-2.43362
2.91422
28.1666
173.402
-13.6908
-7.95384
20.5066
-99.7289
-168.075
-1.21608
61.1698
24.9582
-133.871
-3.31721
-169.037
-7.36965
-66.8001
-180.421
-100.107
112.52
-194.901
-17.6143
-33.6865
-6.43891
-110.872
37.7834
-132.576
15.7509
2.45153
-178.701
0.962987
-164.809
-23.6898
48.1618
-182.856
-28.3687
-130.974
-130.666
71.7208
118.524
-2.80955
17.0584
-39.0005
10.2946
-216.339
-8.00631
-142.463
139.627
-16.4471
-41.6441
45.5284
2.11805
-5.15201
-303.667
157.333
77.8147
-35.6807
-127.191
-41.453
-182.237
166.241
-162.251
-188.587
-176.377
23.3486
-186.325
-46.7184
16.5327
-302.183
135.146
9.57513
222.433
28.7933
-38.5257
17.2814
-7.38537
-64.5654
2.9701
18.4347
105.293
-0.837338
-50.2512
-176.022
8.11395
-3.27582
-47.8421
-47.8889
-5.92185
9.86524
-8.06437
19.8842
3.64225
8.97615
-162.651
149.727
-195.238
-119.156
70.7395
-44.452
19.8549
-127.711
96.4646
94.224
21.7436
-304.865
-181.404
1.70848
10.0302
-19.9108
-194.515
-28.9872
-3.39547
-535.819
93.3095
27.6694
-167.831
15.2092
-117.731
-5.84519
-40.6322
-15.6677
-170.537
-303.025
-158.339
-3.67693
-194.086
-50.506
-48.4499
-164.564
71.2576
-175.859
25.7268
0.800583
-159.94
52.9463
0.90926
-1.13148
-163.621
40.9291
26.6024
68.7017
9.53745
-160.51
-204.875
85.0328
1.65003
0.876673
145.816
-181.629
126.412
-167.707
11.7574
-181.338
0.927195
28.1023
16.7669
-187.524
-188.611
54.7094
-1.30896
-25.2732
-139.456
34.4128
127.71
-177.981
-188.149
28.5239
-166.372
-207.877
-195.481
-172.589
-103.477
-144.513
-175.284
2.73033
-168.803
27.9357
-1.00195
11.8117
-80.2376
-36.567
-12.3985
-950.967
-3.71544
-151.814
-29.1601
116.528
-13.9774
78.6873
-100.994
-108.871
0.445218
24.4767
20.9466
-264.409
-160.288
-25.1558
-71.719
24.0983
-1.73954
0.884008
-7.9851
-13.5807
97.4422
8.18433
72.4516
-513.152
-21.2148
-35.6212
3.85515
141.924
-7.13938
-0.455807
9.10291
-49.6217
17.709
-3.85688
-162.239
-209.737
-258.793
20.9908
23.5562
45.7613
-5.46718
-302.454
-14.436
6.94208
146.303
8.53155
-259.492
-191.995
-21.5954
2.85844
-196.981
114.137
-67.0427
-45.5936
-117.562
-65.3875
-6.99554
45.8871
-181.27
-276.011
25.7376
-183.963
-0.549091
144.061
7.89574
-64.4186
-18.2596
38.3833
-95.0696
-5.245
11.5391
-5.20489
-182.033
17.5677
76.9741
-292.623
-174.331
5.77795
1.5969
-196.938
1.62103
13.295
-196.695
-20.1024
0.326056
-66.8155
16.812
142.194
-45.3729
0.0702219
11.0789
1.01938
1.67733
92.2876
-44.3792
-27.185
143.886
68.0406
65.1762
140.767
6.80365
-43.7606
149.427
126.112
-3.34142
145.686
-2.76823
-4.51261
111.656
18.1903
3.83376
2.55773
-0.762525
-190.813
58.4405
-8.21076
38.6257
-3.97672
4.22024
-7.91301
-9.87195
-179.489
-61.7211
9.65299
-186.873
-39.9177
2.60209
54.2742
-14.7872
-131.178
49.9421
106.501
-7.81823
-7.28553
24.2192
-137.777
-3.44489
-33.308
140.236
-15.3134
-188.225
-107.794
5.06345
175.847
-83.0407
-188.356
-35.0729
-42.7712
0.1821
-3.82437
-204.167
-14.2891
78.2365
20.174
0.37752
-183.148
-201.656
26.7554
-183.071
-96.1118
101.363
-179.84
-2.579
16.0728
3.53135
86.0196
-63.3791
-141.361
-170.062
-559.449
9.57228
-18.5123
102.893
18.2703
28.8153
-215.333
65.3488
-21.1999
65.9759
-32.7127
-62.4673
47.8402
19.9369
-117.22
-10.4593
-194.572
61.9826
-202.664
-34.3678
-105.02
-4.19146
-204.91
58.1118
-124.578
41.9468
-6.12658
144.409
20.8914
-36.055
0.446961
-44.8725
0.66853
-196.809
16.9679
45.3038
-146.047
138.766
-7.34134
25.3651
24.9168
9.00937
233.465
48.5439
115.409
41.8055
-5.83735
-37.1026
24.1122
-0.982887
28.4915
17.6096
-164.575
29.2461
-158.74
-20.7376
316.774
3.56224
-4.92106
-148.85
-206.96
-47.8279
-13.566
2.16046
55.6882
-189.249
-341.775
5.23234
-184.57
140.437
-2.86023
-184.895
0.963895
-131.333
3.40495
2.07591
-117.54
11.9487
-46.7026
35.4604
276.59
154.194
-47.4306
58.9864
116.829
-14.1386
-189.661
-133.453
35.0445
-169.626
-32.7974
128.828
-68.9993
-17.7069
-99.8259
-0.832225
45.137
-13.4976
-156.46
8.84239
-3.37288
49.6606
2.7889
-46.1071
-111.087
-44.5963
7.9974
98.7335
-155.28
142.74
2.4141
127.151
39.1797
-177.09
87.9279
-26.0734
-3.17687
67.9677
16.0161
-158.479
-221.518
28.1772
-92.1784
45.5762
-289.772
252.541
9.93528
-170.121
-72.8012
-1.70085
-103.903
6.01496
17.1139
116.716
0.256766
-35.9685
39.724
130.165
66.9228
-160.976
-204.652
124.619
-4.97165
-164.641
-55.2373
-23.6681
-219.293
-12.4765
-6.55102
-92.9958
-5.5173
26.3547
-5.5259
-60.972
7.34698
-188.081
-48.6433
62.7133
-196.281
101.715
2.07498
-153.924
-11.7233
-161.784
10.2714
16.3733
-176.732
-195.971
-154.068
57.2542
-98.2734
11.6327
-18.3802
-181.656
51.8782
-190.185
-137.264
-181.022
-198.869
-199.517
110.005
-60.3231
-4.847
16.8932
35.6451
-196.728
-165.345
6.72264
-401.165
99.9224
6.12986
95.4299
1.54242
-0.534833
2.23301
-162.01
2.05688
24.207
-33.3534
-73.8684
-8.10828
-204.571
17.0771
42.2471
39.1433
133.389
2.72614
20.5832
-58.0692
-146.084
-30.3413
0.666924
127.298
109.929
-26.1241
5.46617
-189.157
151.637
4.25895
-28.8022
-83.7786
-173.746
-192.579
-11.0844
-204.575
128.922
-11.9086
111.041
47.5273
-34.3981
22.1061
15.4946
-125.564
115.847
-175.459
-180.901
55.3547
-147.418
-0.82645
96.8342
147.453
-111.912
-4.30892
-16.2612
77.3249
-29.7595
-100.329
-42.1903
-4.68169
74.011
101.144
-0.892142
-184.984
31.7388
-4.59178
-28.072
91.9779
-179.792
38.7389
-6.78963
-5.04463
-143.942
-168.529
65.3233
164.276
-48.8798
-25.8761
2.40795
-116.204
-194.998
38.5274
-3.12626
-190.374
128.008
44.4258
0.682353
-179.631
-24.1939
-15.2207
49.9114
-38.8797
117.956
-145.387
-47.7377
-25.879
61.9919
-10.4617
-23.1148
-42.0931
52.5106
8.45897
63.1805
-178.916
16.1483
-92.696
21.2167
-182.361
6.28341
-194.994
76.3877
3.91348
68.8
45.7247
17.2621
-1.47253
-0.0748979
3.92931
147.935
66.5447
19.0713
7.60149
-94.1026
16.9141
48.563
-8.5086
16.119
107.186
-40.1576
41.7021
-6.39678
48.1104
-146.103
190.577
22.3711
-196.798
-0.949939
13.0475
-63.4832
146.248
-28.0817
-3.81475
-196.777
48.3883
-180.906
177.055
14.7391
43.8249
21.451
59.1362
39.2711
13.1719
-4.18169
-130.849
-55.76
-27.4609
-174.286
-5.57285
132.982
57.8971
-11.6359
53.044
255.664
-43.2605
42.7654
18.7931
-190.868
-116.266
73.0205
25.1824
45.7524
-4.84992
10.0455
-130.564
114.354
23.4109
-8.86458
-200.511
14.025
15.8132
14.7835
5.64873
-5.16571
11.2197
-157.986
-51.609
282.326
-176.041
-189.331
-183.062
-47.8297
129.262
64.8435
-182.447
30.3985
4.10668
29.4137
15.0005
-41.6102
139.871
-197.265
-177.654
-81.4246
16.97
-18.3793
-189.238
-238.453
-152.415
-120.958
-5.39887
-6.54018
1.47162
-184.536
-181.948
33.3678
14.99
-4.98873
143.133
103.895
134.912
-508.096
135.25
23.1748
97.8248
28.2757
8.15605
-155.814
-133.32
5.65378
98.3871
-107.215
65.6959
123.009
-114.948
-177.843
93.3365
43.588
50.5326
-0.266686
-58.7901
75.439
-111.219
43.6503
100.853
27.7414
-3.28743
38.3302
116.711
14.3274
0.180589
-191.804
-655.915
61.3491
-19.4304
-123.705
-4.02907
-158.772
-13.4954
-72.0528
-116.729
-138.519
6.43006
-175.005
17.639
-12.1411
27.3183
-199.785
33.4667
3.1681
-42.774
78.0682
-20.2941
-33.8343
27.5869
133.778
20.1477
-6.06106
-785.914
18.9076
31.9555
139.16
8.93029
2.62694
-30.3538
-0.723594
-120.902
-0.878653
2.60444
-4.04025
95.1446
54.0899
46.5691
64.0848
89.519
255.807
-185.436
-256.115
131.949
-135.656
-25.4912
5.77209
3.69236
-194.218
12.1548
49.9779
-97.0178
-180.79
33.2667
27.1246
-131.853
-25.7116
-58.8552
25.5539
59.2209
-32.5848
7.34026
-11.0692
-174.031
143.873
2.62768
-1.17047
-62.5464
68.2905
-184.18
7.26271
8.30169
64.1358
8.77077
7.66202
7.11441
-106.157
157.806
118.742
-172.816
70.0347
-179.979
3.95829
37.0725
2.92237
-49.9833
-7.46958
1.59916
25.5011
14.4444
118.973
138.434
-4.64786
9.80107
-22.3059
-238.585
44.9427
-164.041
-182.145
16.6716
-169.477
18.0518
17.6476
-551.989
-18.0461
-180.532
7.86993
-40.6482
6.57936
0.0565133
-4.20492
-119.469
301.205
84.0066
25.0048
11.2513
92.9513
87.798
-27.7631
-1.91805
62.4371
-188.504
-20.534
-5.1043
-204.279
10.0577
-6.14775
-201.501
-47.1297
-194.483
0.46954
-4.54426
4.25135
-1.86072
-181.048
-6.69308
-204.618
-31.1936
11.0247
-125.291
-25.2301
-14.6424
142.265
-3.83721
13.3787
129.975
-193.62
28.8394
-99.487
-133.745
22.777
-92.7893
-195.847
-162.868
-17.4609
150.391
-41.1922
-43.0879
24.5826
3.13222
-130.072
-185.197
-5.62885
-31.67
-43.956
-54.8408
68.3478
70.4157
8.19681
33.7028
-37.8598
131.748
-165.064
119.016
-185.089
10.8685
111.003
-202.221
60.2547
96.1515
8.70069
-107.546
5.35934
-194.938
5.33064
64.8136
-734.535
13.8672
-160.112
106.909
-48.8779
-27.326
-0.721544
-147.038
-54.8902
2.37262
-141.662
17.4171
-2.5473
-56.9181
3.36455
-0.895339
-137.584
-155.379
-178.527
71.1666
-184.776
-185.86
11.348
56.9826
-178.248
23.3283
-177.08
-805.02
-285.165
-178.462
-56.1338
13.179
27.8628
-348.757
3.48264
59.1161
-5.05001
113.985
-179.699
2.2193
160.734
-9.44888
291.205
28.0076
17.7151
-15.678
-183.139
-194.669
11.0299
22.8618
-20.7952
13.8739
5.49211
-187.935
-3.51649
64.723
29.444
-16.0368
71.2105
126.767
-121.183
27.2888
4.65494
-17.7167
-111.373
17.7187
23.3936
135.429
-6.25163
129.925
-15.6396
150.849
-157.761
-140.677
35.5654
-34.8727
149.87
-145.959
90.419
-42.9466
-164.447
-16.1096
-70.4317
50.3994
101.847
-181.011
-123.279
-133.813
-174.181
112.729
226.088
31.5125
10.7437
-7.15799
-183.787
137.406
180.14
-206.566
10.871
-59.2513
67.2698
1.24298
30.1041
-203.348
28.7517
-124.497
127.784
175.294
27.1049
-194.254
117.82
-188.44
6.17813
-14.488
-10.713
4.8991
-191.193
94.0703
18.2302
-534.89
-0.948167
-32.8991
159.108
17.0275
72.9878
19.1536
-8.57443
-344.24
17.8392
-10.7141
-81.9995
-59.7178
4.54211
-0.955014
-1.99907
-186.313
16.2226
51.0514
63.4767
99.4606
76.0687
-212.434
31.6067
-421.48
3.82991
-122.653
16.1688
-146.343
-30.9112
2.20799
105.53
-195.575
-2.47306
-5.06069
-9.29537
112.851
16.3998
5.59471
75.6717
4.94677
-211.259
-106.895
-20.9282
-201.117
9.36695
126.068
146.414
1.72522
-157.034
-201.141
8.5849
-7.45643
-254.75
-162.438
-180.52
7.22181
-176.903
2.71054
0.40589
137.675
-3.80651
95.4583
8.04638
18.5718
-131.757
-209.195
13.8961
-6.9559
11.1592
17.5607
94.4117
320.234
-5.82489
-192.107
27.2072
43.4178
-175.331
22.7585
-57.8188
-45.8239
26.8207
-5.30281
47.3661
24.9888
2.3971
2.15228
-68.0789
22.6431
-24.476
-110.073
-3.58968
-3.81079
-35.3948
88.7735
-209.026
-185.677
-172.691
-187.878
7.21365
-17.9781
-0.260879
-53.8521
22.3716
-180.395
-143.561
-179.337
43.2953
-238.427
-199.903
-204.735
-7.34671
-200.732
-200.165
-21.5904
-207.831
41.5142
12.5473
11.4022
-160.822
14.0299
39.5725
111.94
-153.794
1.4818
22.6929
124.083
29.9038
-5.96004
17.8663
103.927
303.365
29.9295
12.4881
-0.262686
-28.8439
-87.2634
-6.91555
-182.657
-184.518
-167.488
-571.335
78.3139
-9.48858
-31.1468
12.4861
-12.5171
-36.3482
112.27
17.8058
-202.799
-4.82712
133.617
-59.5571
-181.371
62.6793
-187.772
52.3287
8.05793
125.673
-126.632
-5.7465
-57.3599
124.893
81.9901
65.6164
-180.846
98.2869
7.12072
-142.743
-94.5408
41.8863
10.4628
-189.165
-166.526
-30.7121
-209.453
-203.767
-163.931
11.0601
-195.246
131.346
24.842
-162.449
-30.4074
-201.523
25.8457
17.0084
0.0136317
-187.727
-48.2218
-50.8627
-18.564
-162.183
55.1604
-5.18575
66.6087
54.7752
-407.474
3.47936
-5.99513
-4.87503
102.936
-0.459029
93.7746
10.3545
9.8527
98.1523
-938.284
-202.301
-3.34152
-203.543
-6.77916
-180.233
-151.955
-4.8423
-187.988
-62.6514
2.99944
-29.6341
55.3085
-188.089
3.12364
-202.487
293.163
2.06849
-461.259
-135.916
-11.5953
-128.225
-34.2771
73.5088
-37.3908
-34.0603
15.3664
-204.93
151.127
-537.495
155.744
111.397
-107.078
52.1072
-6.30103
-99.7153
-184.086
149.039
-91.1411
33.5526
-39.8177
-206.884
-2.00412
-56.8505
-184.052
-222.603
70.8292
143.938
-5.54381
151.889
-100.334
151.895
-172.093
79.9863
69.6395
103.349
-32.4346
-93.1922
20.4977
-41.6988
-333.977
-207.13
-188.56
132.95
18.7557
-53.7511
-83.1332
1.69799
-178.654
-5.93245
20.5018
-27.5567
-211.13
15.8613
-2.7315
-133.393
-0.440437
-8.54724
-170.585
-9.20157
66.1899
-121.798
17.9626
-50.4772
-159.192
-69.3415
-8.39085
58.1588
-6.21797
-228.186
26.2649
112.723
-152.439
9.92198
-122.701
-6.53865
-155.587
2.47274
-3.84273
216.892
-98.2405
-51.15
-3.10823
-195.22
94.4009
-54.1481
-11.6618
-180.445
-178.57
-21.4963
0.325022
14.0789
-130.759
41.0748
8.44764
3.82685
-64.2848
37.4077
257.334
-10.1517
-0.808392
58.1479
2.32323
149.629
-166.329
7.20279
-29.2245
4.24708
-195.089
-141.158
89.2948
0.316572
-75.3773
7.12822
-169.242
20.1521
-9.85643
-728.844
-31.9988
-159.78
28.3149
-0.00729137
-103.25
118.791
-209.221
-49.6394
150.534
70.874
96.0222
-2.24873
-3.22523
111.959
-165.162
17.8207
-174.736
2.78902
26.7378
-181.314
-419.714
29.3302
3.58801
-217.943
-167.461
23.8656
-67.021
0.167831
-27.0645
-92.8957
-202.642
-6.04682
92.2492
-89.5659
-9.35521
7.79892
-26.9334
-49.5789
-307.572
-194.04
7.05582
0.409771
-708.596
20.7518
38.441
-6.66962
18.1979
-2.36568
5.11468
14.8762
129.174
-12.8842
27.4943
62.109
8.76694
15.0422
128.24
-191.811
-373.2
94.6407
77.4805
25.6188
6.87375
0.47766
-0.966115
-1.49286
-181.34
137.85
-49.9023
38.6526
-11.2174
71.8844
-209.781
-144.199
-109.21
-138.926
16.6004
-203.869
-6.15076
63.7982
-114.548
-85.9959
-187.366
10.4364
25.9042
-188.937
-4.70221
-680.596
-29.0196
-29.1765
-201.069
41.3512
-170.762
-86.5071
169.274
1.94578
28.0662
-50.8734
-138.261
-105.881
113.324
-204.916
-11.0472
65.3383
-2.82909
93.8419
41.6641
2.19114
-195.899
58.2099
15.0324
-188.762
33.6215
1.77268
-4.4248
-31.6893
0.502518
-7.35287
63.0742
65.1412
-189.357
-139.849
-179.524
22.1646
24.896
-11.7072
-2.46639
-100.09
-13.7478
-205.506
129.89
44.4857
-163.068
-154.081
40.9759
-187.622
-59.1332
-103.442
-65.8427
45.1555
-68.3676
-183.654
-0.991762
103.483
1.33842
1.15526
67.1446
-35.0261
-182.381
111.01
11.329
122.248
6.01677
140.284
-18.7871
97.5741
69.5389
4.11587
-185.175
8.61268
-37.5022
23.5156
5.39506
-16.3067
-30.3591
-152.987
-14.053
11.7136
14.6055
103.064
135.028
17.7788
3.3064
-10.1982
98.3128
29.972
19.3378
89.0368
20.3744
86.533
-184.722
-104.991
-61.8247
-170.098
-202.782
67.8255
19.5392
24.0374
-15.5666
-38.5067
5.97667
-180.66
-181.35
-258.41
-86.6142
-62.7519
-4.16255
-2.0373
-99.6009
-101.749
19.7873
-1.1676
17.4856
16.7909
-2.97183
18.4501
25.937
14.4526
19.2324
-14.1119
-23.0368
-22.3839
-0.852935
-194.322
-5.87247
-12.0443
-192.919
-22.9836
-1.80158
-1.00807
110.746
-23.0403
4.7493
31.4884
29.9532
33.0087
34.5769
28.2725
-208.919
-23.0662
36.1539
-179.125
69.0077
1.61755
-37.0723
60.3181
-23.6956
31.7684
14.4585
-45.0013
-0.680455
-6.25112
-166.661
5.8816
-65.3287
-23.94
20.2611
19.5218
238.852
-569.231
23.9988
-25.5016
1.14107
-192.102
-170.704
20.4162
-150.416
-4.86448
-7.04125
-169.741
113.341
-102.056
4.55948
21.2566
-2.90274
-33.7525
-176.154
19.2473
37.6272
56.489
12.1162
17.2931
-159.359
54.9936
15.4921
-179.29
6.41232
-189.419
0.690611
-254.585
-0.437454
-15.5319
67.0971
-23.8615
22.9918
10.0267
-3.18055
144.837
-4.37897
1.37607
139.589
14.0877
-19.9079
12.4072
134.428
-86.8752
-33.1683
-45.8023
-162.118
-4.28713
-35.5803
-11.1507
99.4138
61.2553
-177.662
-10.0433
30.1815
5.4084
101.559
18.8029
-4.00303
-171.895
-163.716
24.349
321.916
-80.0765
-30.0287
-5.34104
-65.0588
-3.38507
7.60736
-201.04
-131.471
-162.219
13.0038
17.4608
-133.079
-118.55
-417.767
101.651
97.8974
58.7271
-3.77678
5.35612
-78.3515
22.9126
-554.966
-40.1992
18.5393
69.832
-157.876
1.38943
-167.642
-1.95592
-60.6101
141.825
136.527
146.788
94.5587
4.77434
16.474
-86.797
-1.95041
78.1108
18.3526
-220.176
-22.48
20.1638
-178.164
25.9171
-28.891
22.2864
93.9866
24.0555
0.939025
-21.2118
75.5276
0.101791
14.9267
-105.616
131.103
12.419
-213.773
-79.4841
-0.702559
-2.56114
-3.57272
129.883
-6.77033
128.839
13.215
-191.559
-4.88593
-2.85784
-50.2708
-4.074
1.90157
-191.984
-205.885
-211.724
-178.301
16.985
-3.60327
16.2247
128.681
-38.093
-21.301
-0.454821
82.214
-21.0548
-3.06754
-204.854
32.0019
44.1063
6.80195
20.8068
31.5751
0.173578
89.2784
23.7638
31.2375
-20.5686
-280.499
-159.234
-118.706
-322.064
-167.419
-194.798
-112.667
-19.8523
6.89916
0.907412
-17.4729
21.0637
39.8763
62.1145
-203.206
45.1733
115.915
7.26075
57.219
-180.35
-19.7241
-184.382
-48.4784
-29.9004
30.8284
-192.69
59.6098
9.69556
126.799
27.8489
-101.719
-3.36803
29.2646
193.008
-19.5295
-5.77528
-86.5289
26.4193
-6.70679
26.9917
29.8147
-110.954
-4.2761
31.2729
28.4613
32.8887
-196.96
34.3563
-30.2103
35.7825
-17.4181
-123.385
43.3977
-50.8469
-21.5018
-102.054
-171.701
99.3237
-198.342
15.3302
17.5983
28.3714
-0.208435
-85.2022
50.9774
27.9846
-83.7132
116.574
22.1868
-3.3443
10.6957
-205.849
-37.464
-74.5807
32.9266
75.8411
79.6975
11.7574
31.9768
94.7887
124.284
-130.417
160.471
-0.917685
94.0679
-24.525
22.4228
-165.048
-1.56111
65.1231
-53.8667
47.5762
41.7424
1.60426
1.49249
-205.387
-35.9591
54.9206
38.3786
20.0858
15.8667
-12.1902
-78.5923
10.2961
-55.2848
-14.5843
23.6552
52.5768
2.99309
-1.07105
19.7503
52.3148
-12.9595
-189.764
64.6047
-51.3076
232.296
40.6083
99.6865
95.2703
3.2874
-10.2168
-13.7064
-190.737
-40.9036
-52.7847
-202.612
115.334
11.7543
-172.186
44.9137
121.024
-73.2629
18.9202
-134.212
141.561
-2.05555
-1.73925
15.1999
141.882
18.5036
54.894
-1.52376
-6.83449
31.1219
96.2348
-156.679
66.22
-202.255
-159.957
37.321
64.0103
2.76474
-42.6282
41.8814
66.6089
2.5733
-23.9784
-0.335746
18.2227
20.1377
116.509
-37.6773
-23.6121
-154.013
-12.2963
16.6456
-14.3966
1.50874
8.54955
-52.8186
-0.226909
19.5724
-85.2563
-71.5537
11.9102
-8.50532
13.5128
3.05825
-153.301
-274.298
-3.71977
-2.16614
-5.2845
-65.5263
50.3822
52.2907
8.8499
-15.3019
114.324
-25.6131
-3.33193
-134.717
-42.6121
22.5998
-155.777
47.921
113.088
-0.0297029
102.157
22.8398
76.3815
99.9563
4.05558
13.4569
-5.0085
64.5513
108.51
95.6575
11.7097
115.633
-99.031
5.3039
-176.622
6.62792
55.7315
-119.605
89.4472
17.3933
39.1183
57.3484
-9.4777
171.924
-0.838094
101.103
114.755
-217.345
3.09031
155.759
125.503
80.2987
-151.871
2.76201
-26.0306
26.7316
72.9268
25.3411
19.2743
-129.858
-267.308
-158.067
-11.2469
14.7238
141.478
88.307
-128.859
-161.702
-0.962309
-23.5862
-98.4671
-0.133525
19.3334
-93.4399
-164.918
-35.7763
-29.4102
-41.8421
-30.3015
-113.69
-143.598
-38.9968
-167.854
41.1788
96.9839
-170.593
-208.146
23.7353
-173.335
-194.382
29.9123
-176.045
56.322
-162.75
-5.64896
24.9182
149.261
-267.984
9.80408
36.0471
-48.5251
67.0874
-27.2098
72.8356
-128.628
35.6495
61.9983
-249.716
18.9965
-120.452
-3.20114
-79.9379
-194.932
-166.583
-196.812
13.8261
-196.053
89.3201
3.13736
149.416
-191.293
61.5724
-137.977
-207.949
-146.977
-5.90083
-3.78807
4.62881
-169.44
23.1496
3.93584
68.3348
-0.325191
-5.44785
-11.1481
10.3261
42.296
0.839696
4.65
9.42185
-65.7315
99.4688
128.122
20.7261
-188.613
11.6634
19.9937
-52.5565
-10.2173
-10.7052
-17.7257
-183.816
-56.3904
-2.7714
-5.88398
0.574255
142.398
-112.152
51.3869
-167.385
-174.724
-11.3218
29.5658
14.0958
124.36
97.4688
108.436
-330.97
-177.301
33.8034
-18.6738
36.6701
-172.473
83.6411
-6.71446
2.59027
91.6074
11.4924
-54.0442
106.556
55.4116
-9.67292
-7.89647
-23.843
22.2054
115.49
-18.9151
-15.8677
-171.796
33.5876
14.0752
-203.864
-91.2475
-2.46166
15.4082
-124.776
-22.4076
-96.264
0.81569
-205.577
-106.771
19.9846
4.12438
103.705
57.7246
45.6887
149.241
-173.133
-156.343
-96.639
-42.5717
-5.4508
-199.932
69.0019
-18.9645
13.5407
-52.047
-26.6979
-13.8327
-265.124
-14.4192
-163.362
-14.653
-72.701
-81.2906
-52.3432
-175.679
-5.92815
-179.513
-616.489
-166.87
-0.852352
-110.424
33.3935
-150.231
47.2828
72.6289
28.1458
2.24067
1.70469
-4.06888
19.7467
-96.4528
30.9597
95.6332
-174.325
-10.9007
16.0309
-101.598
-12.3248
-14.9053
-106.43
-52.8476
-181.557
10.6626
20.1377
-222.575
1.14778
-164.444
17.6
-125.396
1.622
3.10198
-172.088
0.620883
-209.087
-153.814
61.6961
-160.066
123.959
-6.54701
23.1293
-68.3367
-6.19486
-193.677
-0.304306
-180.055
-1.17327
27.8401
21.6434
-26.3016
-252.555
0.707124
32.0078
25.5109
-30.4977
151.496
-161.847
113.595
-4.54752
-191.217
-158.291
-22.2133
32.1758
-0.302409
8.0152
-54.7545
7.56673
19.0467
8.57372
5.42463
19.4718
158.678
160.343
-219.62
34.3651
-674.105
-34.4848
-150.456
23.4185
3.25818
-614.884
-211.986
-2.30103
-157.66
2.60437
23.9802
71.2866
26.2018
-24.7743
7.48357
58.9195
-103.715
-26.259
-161.368
-210.149
-35.9299
-7.2097
-28.3902
41.846
14.2062
64.4256
8.13742
7.85612
135.331
-180.492
-198.572
10.0302
172.966
36.2554
3.11341
90.9632
-104.091
-169.642
20.0449
-203.228
-22.7424
63.0473
-4.59608
11.9429
19.9071
93.1093
-4.43076
-222.752
32.2716
53.7977
-168.067
2.40383
-61.1793
-6.06909
-4.72758
10.3136
-201.114
-141.306
-25.1097
-8.96374
77.8229
-16.4576
80.3272
-59.0619
-33.3275
32.2038
-17.3968
50.9242
9.22673
29.0412
-198.533
-206.811
129.342
6.50044
11.2477
-12.8531
6.46339
-32.2784
69.255
-33.2154
117.2
76.9301
-171.301
20.5043
-155.638
101.354
-61.6506
68.1193
74.3146
-46.5645
34.5453
35.7309
-6.84091
-52.1336
-174.721
-40.5219
-19.6723
98.8265
-94.922
-2.97647
-7.19836
7.4467
-136.285
1.12378
-16.4636
11.5255
21.9347
-20.6559
-161.221
33.1808
-3.62391
-122.79
-149.836
-1.81522
-180.528
-177.665
65.4973
1.29563
-156.757
8.59436
-1.42888
-107.937
3.34806
-129.889
-45.8268
-18.3618
-208.894
139.167
-14.5174
35.0859
-13.8225
-6.04532
10.3885
-233.704
42.8647
-84.7773
-155.599
89.1057
20.5077
-135.145
22.0451
-8.68749
-174.269
0.687902
-183.349
-11.2792
-42.2731
2.62472
-39.2282
-179.619
37.1475
13.9704
-180.7
18.2971
-0.400215
-138.546
-15.5038
3.28819
44.0953
61.2618
-5.60963
-69.0643
-27.174
67.9029
-32.2808
-25.1371
25.9204
-157.16
1.78529
-149.794
-15.4293
93.102
11.1427
44.2498
-159.132
9.03428
-4.21993
153.286
25.6288
-177.576
-116.892
20.9128
88.7034
-33.8788
-181.549
92.1352
1.02897
59.6783
-124.28
-196.084
-8.26581
-12.3737
-1.30247
90.7868
19.2326
64.6784
-308.955
46.6734
134.883
-47.4995
82.5558
-3.43729
14.6747
5.66453
-4.56648
14.9841
-193.569
19.1606
-24.0567
-171.811
3.54962
9.86754
-148.872
10.965
-25.2906
37.9954
3.7415
-22.2495
73.4207
1.73986
48.4506
-33.8531
-61.8234
54.0844
16.9993
-173.316
58.3745
22.6504
-2.70698
50.6342
24.9939
22.8395
-205.958
67.1923
-78.099
17.7845
106.962
-79.9741
18.4825
13.8147
23.6093
1.43788
-6.63389
-30.9671
-23.4238
21.8157
123.497
-84.3267
21.0365
39.8207
-39.0203
-47.5378
-5.94138
112.272
-87.0082
-122.025
34.1531
-111.298
52.2156
-5.04353
-6.83528
-159.885
-153.867
-59.1883
93.2664
-123.44
-123.127
116.801
-187.189
-4.97584
-202.2
124.704
5.19646
29.3641
113.453
-127.549
-51.7904
-27.1072
42.8642
15.5215
-208.524
-138.174
-1.91673
-4.16649
24.9603
7.85481
-7.7255
-80.9444
-1.2234
3.35964
-4.88755
0.26226
-9.40112
-192.337
-339.285
-196.112
-4.1902
120.734
21.7599
1.99775
-6.61932
113.473
62.7122
51.6558
43.1775
288.409
32.9095
50.324
28.4255
-5.03319
-140.147
-3.96189
-192.254
-9.93593
59.145
-17.0423
-4.44945
6.68105
14.8199
7.74143
-50.2395
6.70683
39.0299
1.37774
90.6376
52.0934
-27.4469
2.78728
35.419
3.07256
-5.0431
-17.4867
94.1465
93.5421
-21.2872
-140.95
-38.5784
-193.978
65.7559
17.9437
28.4972
11.247
19.8415
82.3974
-19.2359
67.9609
21.1684
-4.27895
-24.9898
-52.1759
113.21
-26.7355
-8.61006
39.3606
-163.361
12.2181
114.011
-197.681
-171.008
90.0366
-64.7336
7.4901
269.538
-10.1356
-4.93576
-52.9371
5.69907
21.813
-21.051
2.21461
28.4985
4.16381
13.9333
-68.1554
18.6455
-469.665
-62.6084
-179.055
-3.61385
7.11357
-206.173
-44.8856
118.471
5.9679
125.1
69.1438
-176.61
2.26852
-4.40283
34.5116
-3.67538
-7.495
-15.6822
111.441
-175.931
44.0306
131.789
135.029
-16.5626
41.2818
-7.43922
6.24465
-118.181
45.4237
20.1607
115.588
-147.905
-223.627
-175.145
-173.248
93.3513
-194.494
-8.20028
-202.277
45.0431
-17.1513
-6.43432
92.3381
-142.068
-3.16889
26.8197
-227.916
94.7503
-11.8654
95.3309
-87.4999
4.76815
-27.1621
-187.816
-129.184
-183.897
49.6925
11.3662
-177.186
-1.26726
-48.9811
-188.431
9.59099
-133.244
46.5156
-49.2945
70.0559
10.2748
-140.343
25.2491
15.5398
128.805
156.193
-172.517
-116.306
16.0511
-54.6775
142.466
-194.432
33.6556
-129.159
-6.82134
-3.42159
-179.206
-164.389
5.1015
-207.013
113.822
-32.5174
112.517
-48.8821
5.84208
-163.086
-194.393
2.78092
0.113756
123.178
85.164
-45.4978
-105.459
-10.7992
98.1612
31.7431
-57.8301
116.073
-20.7235
-137.447
-28.6317
128.878
-47.8504
-172.609
-1.29352
-13.828
120.121
46.3059
-37.0778
-179.443
149.761
-534.213
146.506
11.8077
295.533
-221.631
25.3308
-94.5967
41.063
147.168
-3.40759
53.5256
-12.5003
144.69
103.022
74.0376
-209.842
24.7843
97.0378
-3.18665
-166.981
22.0862
173.436
39.5707
-180.771
-208.026
-31.7271
-4.69268
43.2508
3.95386
-178.487
32.1026
-120.333
-205.31
73.6603
-214.519
-19.8629
7.3909
-864.112
-26.8339
-198.762
17.2255
-3.81221
1.28748
-1.37727
-179.145
-5.23264
-89.2796
-1.21622
-30.5152
119.99
12.6805
24.575
95.6536
20.6599
-10.7696
-4.09683
-164.16
-170.84
130.103
-57.9267
17.909
-13.8262
17.8527
-218.782
-75.5408
17.9747
65.0362
-193.01
-176.263
-181.841
-125.179
-86.1404
-10.4948
16.2416
3.81131
63.7097
64.4982
-154.063
12.9673
14.7084
-77.5241
72.1449
-108.858
-40.3238
16.5839
-197.894
-38.0497
-26.7404
-207.078
30.9809
78.153
-17.0554
-83.6119
31.8994
-222.892
-149.919
7.29532
-195.454
-16.9663
-17.8261
120.723
60.3082
-210.894
110.276
13.1889
-12.0443
2.51213
-173.182
4.08906
62.0909
10.0711
31.7402
-109.626
-181.029
57.4775
2.29255
1.97896
-123.805
-116.807
12.1835
63.8798
-98.3217
49.6516
-210.329
-28.5251
8.38766
9.34669
-167.084
-2.99662
-54.8065
-182.305
-5.15947
-6.91421
-64.3714
-40.192
-48.0057
-194.144
-14.661
-80.2164
-99.0253
-81.3122
-100.465
0.36799
70.917
128.837
-34.5909
24.6886
-183.171
11.0412
-34.0221
-225.613
-5.59628
27.9369
16.3751
-6.06878
0.986685
-25.8008
54.5469
-89.9789
8.67568
-0.0503117
-200.359
15.4255
291.445
139.255
6.22474
13.5138
116.522
9.57553
-4.26431
45.9894
8.39289
-281.411
-3.24862
-89.9262
-45.827
-0.569079
42.8866
-177.838
-13.7009
5.96563
-176.911
-9.38133
-164.751
41.136
-172.655
-181.178
-204.327
-24.5504
52.8235
8.00947
128.482
154.316
-158.1
45.2898
-58.2155
91.7254
18.9525
-3.02613
42.681
-120.479
-97.5524
-21.3939
-198.778
100.133
-18.2515
18.4547
11.6985
-81.5947
-190.579
1.10092
-189.068
-165.382
17.3699
-1.46807
8.33975
4.9383
-12.087
-10.9734
-25.6541
2.2504
-0.355979
-248.991
-16.9569
-37.7721
-8.77448
-155.693
-136.531
-28.9973
-33.7551
-4.13276
76.251
9.00448
-152.707
-92.712
-14.1103
-83.4907
-3.84928
4.4318
-4.59043
65.7609
-200.175
-164.365
-108.17
35.7466
-195.01
3.145
39.9319
36.4379
-847.075
9.23957
-186.677
-6.20067
175.074
45.5075
68.8648
31.8846
-188.16
-11.4721
-146.667
-21.4179
-90.9323
63.0862
62.071
-190.184
0.58103
3.11371
7.29782
12.8151
5.12414
-158.793
25.5864
-190.192
-14.6665
52.8687
62.5509
77.4416
-182.994
-41.2999
122.913
-150.193
-178.922
-13.1894
75.544
-3.51085
1.79424
18.7846
-57.2009
-171.125
7.90713
-129.118
7.36467
-1.28281
1.52796
31.6387
21.3424
90.0584
111.559
22.3304
-160.417
-95.5826
-201.728
-36.6889
-21.2953
-179.314
-11.2101
111.073
17.8765
-165.948
-436.604
127.588
162.585
30.9005
-137.63
135.838
-175.176
-192.265
22.1259
1.11761
-202.783
34.9417
-40.2798
93.1235
-179.116
111.238
79.3945
57.4382
-6.95454
70.1134
42.8106
15.761
4.3915
-14.9888
22.9632
9.05488
12.7427
-176.758
25.4855
161.312
-98.2085
16.8114
-16.4849
87.135
-148.103
35.1526
130.424
110.445
39.5064
-330.436
-338.097
1.05657
-85.5773
-8.87336
103.176
2.9757
-82.6851
-9.16427
-169.181
47.3836
33.5033
-193.506
-175.247
-193.779
7.25185
-232.036
-343.394
-183.143
88.2592
52.9389
16.25
-1.17706
14.4391
22.6717
11.9954
14.4967
136.141
19.9486
109.414
17.1024
-129.273
-189.658
-179.581
14.1545
35.3101
18.3855
50.5113
-206.842
1.7727
89.9312
107.697
184.17
-656.793
-120.812
-0.116437
3.71783
109.067
136.945
63.3521
-3.15125
106.48
18.459
122.194
62.1696
-14.1809
58.1542
-105.29
104.347
49.7347
-5.9644
-99.9189
-5.37655
-8.31461
102.588
250.415
25.7561
17.853
100.68
-61.7307
1.41727
94.7797
98.6976
18.685
94.7554
96.5123
90.7389
120.349
92.686
-181.717
61.8537
-5.10939
-67.3516
-17.7776
18.5813
107.321
61.1887
-190.418
88.7131
85.8477
-341.797
-1.81833
-71.586
-25.3372
91.0295
112.494
4.14212
19.8596
-76.1994
-185.29
36.974
-37.3508
128.952
48.0825
59.6182
-28.8405
16.4681
-132.043
21.4153
61.3125
65.4477
-42.6718
-198.436
9.49958
150.813
-196.333
151.361
16.4329
-90.0903
-2.70061
-135.763
-152.41
-70.6292
57.3882
4.64607
91.3391
-229.967
12.8544
125.185
1.70474
-12.2603
-202.939
-101.224
-0.127583
25.3354
53.8209
2.40686
109.276
11.02
72.1633
94.5255
-6.10596
-177.27
-24.0022
-269.297
-17.2711
50.3544
-23.9205
-205.82
22.078
-162.304
46.5756
-150.081
65.0276
42.567
-7.20829
120.856
38.617
-0.56834
-1.31387
96.8221
-1.26177
-7.1794
106.954
1.03045
-67.4348
50.9421
44.8098
-653.098
-175.579
5.94821
-5.97616
18.5963
-92.4682
7.15082
19.3079
14.6095
0.388808
6.49541
-134.594
-184.99
-18.8982
-23.5892
-176.118
-351.621
-137.065
-5.19477
-188.963
144.276
-1.00552
22.9089
17.2941
125.923
-6.69156
11.7853
-430.442
-24.0126
-0.81227
-23.1739
-200.193
-112.33
-178.606
-176.728
-120.731
5.29272
96.9146
23.3927
57.7968
-5.50707
4.87017
4.11419
-11.4039
33.3352
117.209
-200.844
11.0209
-8.55764
2.23697
-124.462
-15.7529
22.709
27.1313
-51.6713
-10.3581
1.47027
39.2104
-152.673
49.8349
-2.72058
5.77705
109.608
17.3306
-6.46979
117.397
113.622
-723.857
-3.26431
-206.703
-8.57443
28.6966
52.9993
-178.089
-118.445
-181.595
-155.279
121.869
2.72472
-48.0227
10.7864
134.16
-84.194
-27.09
-90.1826
-3.84741
-31.0593
-109.517
-189.48
69.5141
-29.2389
-170.771
144.037
-222.32
-110.759
-157.375
-150.413
-176.15
-125.208
5.79992
57.0918
109.27
-104.461
-42.0346
-15.9277
152.335
21.7035
-1.56912
-1.53398
-4.80062
119.531
-159.406
-180.794
-50.2808
5.82512
-182.106
77.5198
3.12919
-13.4018
135.519
0.423698
-131.282
42.9572
100.261
-161.203
-154.74
-0.20804
-240.961
2.08647
-9.24748
62.485
124.452
-76.1858
-162.38
65.4689
15.9564
-5.26571
4.36707
-157.869
12.6397
-3.77496
-162.962
-44.7115
-1.71586
-177.183
-55.1155
-96.2254
14.6754
-135.977
130.981
-109.224
-224.696
-77.7875
-164.518
-0.714611
8.18336
-169.253
-140.256
-3.88019
-12.4552
39.105
49.8227
-166.175
56.267
120.698
-22.0901
-165.545
5.89593
-177.377
91.371
91.6529
-159.956
-167.647
-16.7658
-141.543
128.641
69.2127
19.3903
-129.201
-145.584
-12.336
-32.303
19.632
-179.976
-37.8963
-37.421
107.931
-169.308
-121.251
267.847
-49.1431
69.9995
-51.8538
-13.3377
-52.2889
26.1798
-53.5524
139.206
-100.534
68.9618
-170.685
145.133
4.00978
19.1577
-96.0777
1.25148
-1.88687
-5.64819
-159.542
64.6663
4.7682
-12.025
-8.38487
-172.119
133.757
37.9386
-190.319
30.6938
61.044
-739.814
14.4771
86.5869
-3.03296
-179.66
32.9496
-57.329
33.2655
119.056
95.7734
-128.625
24.8924
-20.9752
7.92528
22.8635
-103.63
-23.3066
-203.636
-173.53
55.4803
-200.659
-174.932
-159.231
37.7028
-4.1056
-124.976
107.563
56.6213
77.2512
-177.851
92.5407
-277.92
18.91
19.3033
62.3224
152.805
10.7044
34.8481
-4.04641
38.2017
31.3262
120.937
-4.58491
0.588526
-8.21522
1.52466
-93.7599
53.5001
-11.9188
18.1793
-154.466
31.4513
59.8612
-158.97
-23.2301
-182.091
134.332
-29.1317
3.57468
-0.480676
-80.8996
139.003
-161.75
-157.976
-41.2055
58.9978
6.63044
137.391
-2.03415
-115.644
-121.799
-11.0081
5.50082
-8.94923
3.309
28.0634
112.563
-205.036
-26.2436
-175.695
53.1863
70.9418
-115.484
59.0215
0.298579
22.8989
-168.461
25.7514
-15.3053
-4.07656
143.275
72.7569
-18.793
38.6546
2.87153
-154.621
-205.02
129.693
110.044
63.4362
2.64838
-55.9843
78.6754
17.7332
161.262
-613.774
-138.35
-53.4445
14.6565
130.787
83.9273
127.84
-706.998
95.6869
-86.1273
23.4274
-213.145
-137.879
24.2058
-211.294
-210.575
-45.3522
-42.7351
180.749
182.542
-5.13127
-202.361
36.8805
16.429
7.65547
-16.5629
47.2358
22.2214
4.38281
-92.0113
148.107
-117.815
-163.868
-177.016
13.3836
132.167
-70.5506
3.84535
12.1112
7.90275
2.80608
119.246
36.5261
139.136
81.5036
14.9322
80.3504
-216.954
9.68834
-58.7959
-34.4273
-29.2609
-187.631
77.9183
18.0693
21.6217
19.3834
61.3969
-61.107
131.051
-140.626
-106.078
110.577
26.2722
3.00688
4.97309
301.628
84.6944
-128.498
7.78261
-8.05675
10.9831
1.03346
-3.50117
-129.804
-178.367
-190.682
5.49147
41.4642
-90.827
-171.754
19.1759
161.748
-155.024
28.4865
3.72855
37.219
-8.08965
-834.697
-17.8676
-183.508
-237.99
2.41482
2.05141
142.348
244.319
95.3424
8.43289
24.8154
58.5309
-8.47425
32.9779
-4.6332
-192.053
91.31
-2.98641
-8.46425
24.0529
89.7639
40.9948
-149.739
18.2218
63.7115
15.3548
-43.6559
-243.32
29.7841
-47.3289
28.8358
38.183
71.947
38.5181
-19.9114
-45.675
-60.4336
-0.328434
-11.5188
13.5247
21.3112
-12.3714
31.6868
30.8206
5.51884
18.3466
-191.314
-29.3374
-81.9576
-164.095
-31.2043
20.0973
109.248
-175.611
101.536
18.0592
-48.5399
2.25262
-200.618
1.0568
66.4696
-14.3649
134.871
-138.3
-17.8084
-18.6909
6.53631
4.53806
14.346
0.756701
1.72918
-173.027
3.28028
278.223
-2.64691
139.192
14.6679
-51.0407
-14.3494
-168.21
2.65424
26.6805
-60.2664
38.0802
122.922
125.308
72.0125
80.5764
32.8317
5.7764
-118.402
121.191
2.84236
-75.2141
-8.36728
-17.9013
-26.3276
-5.90296
50.8653
-222.888
-156.773
-2.8324
-256.52
-190.463
103.828
68.707
268.876
-463.774
-4.46301
26.7524
152.225
-23.9967
-39.7455
-24.9697
-54.1903
1.15105
0.120831
38.9627
2.47275
-4.77902
114.731
-41.5757
-57.9357
-161.45
-29.7348
-28.9089
-22.8649
11.3902
-182.651
110.627
-4.25915
-170.111
-187.6
-5.56449
-176.925
-37.8076
-10.7681
-256.399
-185.212
3.29635
-4.61288
14.8614
-23.6077
23.8095
122.347
10.9968
-78.3179
-10.5241
-167.783
-214.771
-23.4374
-125.793
-16.4643
-89.0405
-52.6232
106.88
24.1417
110.734
-191.928
9.28724
38.2144
-197.209
-9.17099
-179.067
-26.2734
0.557097
-149.996
-190.836
-44.3061
-89.9684
99.5336
-149.203
-12.2546
-4.45343
-931.106
-159.723
271.638
-182.929
-199.947
13.2095
9.4565
4.33937
-84.1708
20.4298
-32.0248
21.9424
38.7205
-165.03
81.8522
-73.8901
27.7033
37.7766
26.8931
29.5276
44.1551
137.262
-82.1846
-31.6567
7.06645
104.684
33.1082
140.39
-176.006
22.6241
-8.31664
-28.6517
-81.943
24.4346
4.06506
-3.166
-44.7494
-134.743
33.0742
-3.80255
135.485
-165.112
33.7241
115.487
-129.697
267.07
-28.6092
-12.6368
-187.396
23.501
-13.6183
-101.68
12.2714
54.1455
-8.60388
102.882
109.509
-146.155
-197.974
8.96134
-173.415
-189.403
-132.089
-3.18481
45.1765
-21.0472
16.9303
102.037
41.169
53.2238
-24.1507
-4.41996
-131.844
1.5199
-22.129
21.5603
18.8319
19.2245
-188.527
115.391
-143.932
165.53
-184.869
5.94625
138.663
-14.5833
31.8959
2.35968
2.45514
-54.8933
-38.2779
-37.9689
-253.857
-174.182
45.5453
-179.903
-4.42088
-219.767
-131.532
-456.793
144.445
-134.664
-18.5547
-173.04
89.507
109.68
6.85737
0.688712
64.8688
14.5905
8.41735
13.3317
29.4929
49.8747
-126.744
4.92915
86.5528
-167.944
-171.822
-0.291914
-175.976
-15.3619
-17.1889
126.226
21.4365
3.26397
-79.999
-12.798
-226.367
18.588
-164.658
-180.339
6.08895
-10.2834
-228.559
-20.917
47.5748
152.728
26.3194
126.234
-4.71977
-3.1636
13.6336
-97.6564
-246.544
10.3032
-201.148
-163.61
-1.5742
-57.1831
-177.64
62.2776
-196.217
150.056
-546.094
3.73078
-177.032
53.909
86.5768
24.8326
-120.551
11.5142
-1.06533
114.865
-73.5896
-90.672
-89.374
-16.4552
-112.586
-193.381
-32.7917
-28.0037
11.9506
44.4045
114.664
1.74665
-210.484
6.43935
29.696
-71.874
-37.316
-156.576
-92.0911
-14.1155
27.0014
119.337
-158.264
-5.01955
-85.2141
-71.6688
-84.1859
12.2756
52.7177
3.28771
-28.3929
-23.1654
-146.405
133.189
0.676529
41.1668
-218.087
-4.18585
-49.5201
29.8753
149.791
-13.355
37.3593
250.689
-25.2973
-42.6092
-171.005
51.707
268.249
28.6531
-22.0216
-34.3469
83.0739
8.55977
16.7772
-130.822
124.704
27.0551
91.7583
-208.449
-212.816
-184.999
91.2179
-92.9386
4.22537
-105.284
-0.818702
-44.7001
-40.6229
-44.4668
9.60733
-181.26
100.607
67.4037
-2.51988
-190.272
-187.762
-208.764
49.4302
12.0632
3.21883
15.0194
-4.37272
19.1047
17.7037
-124.994
-12.3183
135.56
-48.3005
35.6389
72.4911
-194.735
-4.99066
-31.1929
9.6469
-16.9082
-202.637
2.77062
-21.4916
-3.4972
-183.88
8.0761
2.46268
1.54612
49.5708
3.74223
105.403
38.9916
33.2686
123.488
23.0243
-164.052
-14.4352
5.58784
-29.3098
-5.18009
31.9821
-167.749
3.60355
-2.64299
89.6059
-64.3613
119.685
96.4189
-203.959
-1.9418
94.4349
24.7979
135.848
-23.4036
263.825
67.8867
2.73358
-50.2067
-14.6877
131.984
13.0857
23.3112
-203.078
-10.4312
-177.478
13.9469
27.6793
86.0716
-178.246
87.5699
13.5498
88.6645
-10.0684
48.0937
12.0327
-29.4998
26.1262
73.7467
-8.84134
-195.268
-178.188
-125.353
96.1133
-179.093
-9.80794
-25.3878
12.2767
37.5117
111.704
13.6848
-142.414
36.6275
43.0867
-164.72
-132.073
9.23849
-210.112
1.14042
102.526
-760.307
12.2783
24.277
23.7729
-1.22214
-173.653
148.948
20.9458
147.335
-9.45846
-44.072
99.3258
14.0525
-187.614
55.6455
33.3291
18.3924
45.3399
74.61
-95.6537
-13.2957
-2.7174
-2.74974
29.6564
1.60909
-224.656
-199.349
111.76
22.6285
5.075
-442.665
113.135
103.872
46.1189
20.0155
-18.5861
-174.502
-184.942
0.661534
-182.701
24.3456
-86.8743
-244.363
74.6394
51.4395
-1.9479
-206.15
2.73664
-178.177
21.7052
124.282
123.545
7.62836
27.6439
132.271
-1.72547
-87.1815
16.6681
-46.7916
-25.0487
69.1898
23.8945
-1.21611
-142.303
17.0747
96.8526
-191.941
75.4053
0.774835
-82.6416
-166.039
13.44
23.9984
24.4061
-210.654
-177.313
99.1075
6.76001
28.4758
6.6847
-191.319
30.5522
-147.666
-65.9504
-8.84635
-133.032
-176.278
-3.82007
-12.9812
-39.1747
1.34539
-93.8067
90.061
56.8874
-215.047
-11.7345
-154.805
122.027
135.244
-1.03765
19.9617
-70.6806
-227.718
19.245
-18.4695
146.152
53.1764
-166.293
1.41432
9.27591
6.90164
144.713
43.4074
-3.47173
-62.5649
5.90615
-180.174
-383.525
-137.55
32.2307
-158.536
-159.373
-23.6204
20.2014
-219.253
22.7649
131.229
-20.3713
-172.158
-8.72631
-74.708
-0.199945
21.2999
-131.724
0.448783
69.2717
-137.293
13.1534
47.1017
-14.7572
-79.1889
-15.9921
66.0302
-193.654
29.446
304.317
-176.21
-7.97094
-201.628
-14.0729
-261.934
-23.4421
9.74285
12.1479
99.9055
-194.334
-52.4681
-100.86
11.6141
38.7483
114.665
21.2288
14.6459
14.5592
-185.916
-130.336
35.531
-7.91901
71.7119
6.85089
-179.218
61.169
115.079
-83.3911
72.0752
-188.623
93.3319
-58.0264
-12.6448
62.2237
-52.0942
137.626
110.116
10.5653
-23.9783
-3.58706
-11.8229
-66.6174
153.957
138.626
-16.6356
123.286
77.6584
-18.5683
23.4489
-194.855
-100.114
127.382
81.5463
6.2941
51.4485
-13.5204
-42.9665
-36.0019
-28.7582
-14.7893
0.227523
-241.276
-253.105
-183.419
127.226
109.89
-294.713
16.5972
26.977
19.9284
10.9283
29.5144
-225.76
132.88
40.618
32.2765
-76.6642
-176.771
-129.381
45.1286
10.2416
15.1629
-83.2956
-11.2917
138.249
36.8188
130.63
8.23166
-23.4508
-85.7414
22.4556
-6.06844
50.2263
-24.3544
-300.238
-219.716
-78.6092
119.136
-186.852
-7.06418
40.7018
15.6753
-7.08014
-197.324
161.82
97.1994
-12.7864
-226.36
-15.138
3.46558
-22.358
-16.4724
-43.3381
17.1665
16.4018
-167.516
134.218
-188.993
9.01034
-111.283
39.6714
-1.83657
-10.7849
70.894
19.991
35.0702
18.7022
-18.9378
124.359
-20.0063
0.907378
-213.898
7.95284
6.79768
-40.116
-19.5565
75.1052
17.5823
118.287
-209.64
-107.826
-11.2761
-177.943
78.0678
143.885
-189.902
-16.1393
-118.133
-33.9735
-168.157
17.9175
-246.42
73.5416
27.431
-33.7432
-21.7842
-194.017
30.5212
-3.91844
48.4619
-193.123
-180.441
-181.857
-119.631
-5.17575
-126.212
-7.54923
48.0652
-10.5781
-108.513
6.04181
-100.49
-25.254
5.77508
127.575
88.0018
-236.658
-12.9985
2.49064
-36.6758
-644.469
3.30978
1.12058
-205.646
-80.287
-7.80914
-111.959
-10.3455
94.4181
-44.557
-501.006
-33.8743
-2.61502
-208.688
2.42902
12.1627
2.15237
-5.50276
-155.751
-21.5029
-105.191
-2.36417
-339.156
-137.339
138.112
-65.6393
-6.48066
-8.59424
-175.4
26.5618
-759.625
33.7344
53.2317
89.4309
-108.272
8.10723
-170.36
-140.09
155.856
-173.856
-358.466
7.01341
77.4536
29.4241
-182.644
33.1087
-38.8337
-146.668
-130.625
143.047
6.13745
-123.953
-17.3373
-139.627
-20.6185
4.12912
31.3294
53.6237
-5.31493
5.70497
133.386
138.662
-17.4178
-200.063
-207.886
43.2976
1.98821
-3.43556
22.0791
-64.9781
-209.974
25.1136
4.25867
-67.5731
126.008
-105.424
-63.8736
16.1468
7.53838
-80.665
-60.4417
-204.639
19.812
-133.783
-194.922
-176.536
23.4378
6.96092
-153.441
-199.623
-13.9043
113.015
-10.9225
100.98
-34.1876
-194.179
4.70232
-303.503
-15.8041
35.0226
16.5379
-118.507
3.149
137.289
-211.811
55.0186
-204.015
-180.231
-282.933
16.3324
76.0518
-199.915
150.616
-196.725
12.3705
9.92595
77.9581
13.014
3.90366
-437.842
-13.7543
22.6346
-212.253
109.89
89.2274
-128.244
28.0013
95.2392
5.75374
-194.842
-14.5076
30.6369
-232.077
-0.922763
-31.6822
45.4849
-195.119
-54.3691
-2.32146
89.3884
37.6676
2.68533
-171.466
52.7904
-196.707
-7.78605
77.7213
8.80049
-25.713
-234.684
-98.1134
-151.705
109.962
-381.498
12.6477
-822.758
15.8356
-8.08804
78.1844
19.3178
16.3185
55.9618
46.9969
-196.396
53.9949
123.14
-355.838
7.57001
20.9479
-16.3421
-174.944
19.9646
3.6634
-174.001
-147.16
110.311
88.2847
-64.97
-11.4941
-90.8802
18.983
-184.879
-40.6247
4.81855
-1.74125
135.785
71.4588
15.7238
-178.639
109.303
32.6233
5.1309
-144.775
-13.7815
-15.4678
-18.2824
-14.6889
-79.4644
-483.734
18.6605
148.495
-55.6465
1.60393
24.0036
26.7346
109.22
3.58524
-0.0361225
-24.634
-154.799
2.4835
-86.8527
145.296
4.48068
-356.069
7.06634
108.8
-0.61975
130.051
-176.936
137.716
-161.447
-212.898
4.96624
13.3347
307.684
15.8372
-17.2806
61.8471
-12.9881
21.3519
17.3166
109.009
18.5599
-2.39407
11.7059
-181.64
-45.5314
-46.176
4.40153
112.735
-1.20377
-1.09706
-101.46
145.613
-7.17706
-11.5031
-238.829
107.264
-201.773
131.721
-28.1575
-234.267
8.64484
-17.698
-18.6452
68.5312
100.628
-115.968
13.4147
61.1478
-30.7909
-332.839
106.009
-186.614
21.1047
83.8292
-177.473
-15.8695
76.3271
0.611603
-8.14353
25.7101
-77.7125
-439.836
-8.57848
3.9193
-195.44
3.93412
-73.0699
5.16048
79.9913
-50.4165
-3.82362
104.285
18.8081
-197.118
-203.846
-77.6375
-200.345
133.367
9.24587
-2.05934
102.518
10.0437
-82.9296
-186.58
17.9516
100.804
16.8594
-4.2393
61.0599
-370.147
10.2797
51.1094
-60.1888
-76.5519
-1.46367
98.8488
29.4653
-28.6923
96.9691
12.4145
-142.6
94.8809
-7.31047
28.9783
-11.4306
-22.9224
22.5725
91.0967
93.1969
1.46976
86.4332
-14.2256
57.0678
-0.101629
316.62
-642.324
-1.87557
-0.0859574
89.2135
-209.139
-144.551
-0.559326
154.828
59.3772
4.91597
-106.18
-268.931
20.6629
-186.239
276.26
81.6054
152.469
114.518
95.8681
-13.8698
-2.11697
-3.63805
-22.6184
-30.9973
-491.949
-89.8858
-242.304
-247.873
-9.24092
21.8674
-194.979
-5.78377
-123.426
-10.8599
24.5513
2.66696
3.96107
-211.903
57.311
-15.0132
-302.962
-201.054
28.5945
-275.937
-9.21344
-175.089
23.3872
-188.775
134.104
-2.26262
56.6426
-36.4863
65.5022
-5.94548
-707.659
-10.9562
-7.09927
-175.511
256.496
17.1996
-236.577
54.4738
35.5615
-13.7076
5.39233
83.8806
-213.731
-46.7594
27.312
-35.083
85.9582
-54.0246
1.85626
-17.0928
-31.18
-231.711
-63.6822
51.1105
-9.26749
-156.247
-33.6844
10.6329
128.388
-6.17671
86.375
46.7723
39.9605
-6.88351
127.115
47.8203
-166.592
6.17628
17.9254
15.7266
43.8228
83.5967
-39.0965
-12.3523
40.2057
-263.27
-25.9763
-180.597
101.35
-196.284
-57.7561
-54.132
11.911
7.56266
4.78246
12.3421
83.4943
-238.583
-233.706
103.075
-55.6149
81.5758
131.916
153.436
36.2565
49.8882
18.6016
-15.7422
36.3639
-88.8637
68.684
-3.65593
-33.4047
-185.128
18.3887
-92.7698
71.7697
-1.7692
-87.2018
104.661
38.3784
-175.463
16.1444
-15.9783
-124.004
52.9246
-21.2483
83.4545
-144.914
-174.381
-243.584
25.1791
-4.34342
-64.7224
117.754
-28.0081
123.693
-184.333
-36.3724
82.1733
-25.9823
100.465
-39.7289
4.93648
9.88314
-29.1105
17.1993
2.53053
-11.4694
105.705
-11.6749
-184.049
-76.7261
-194.664
-86.919
-60.425
-3.20031
-39.6057
-6.14849
12.6659
-47.6228
-569.2
-202.913
-255.144
-183.449
-239.119
-1.69533
-175.031
21.2511
-188.012
24.8452
73.1087
-214.877
-124.552
118.433
-643.341
35.4288
-177.249
59.6311
84.3892
-150.101
-12.1542
50.8363
-81.8792
30.4007
-44.1624
-240.229
6.43891
-17.2585
6.61634
-3.0855
-11.0432
-35.456
133.643
244.381
9.41348
95.3418
21.3652
97.5322
-19.7961
58.135
113.466
155.932
-182.954
-188.136
28.3032
-236.739
-194.302
-38.0592
21.5505
87.6808
38.1433
-178.527
-187.513
-315.917
-150.236
34.2133
27.6422
-152.741
-112.812
19.8824
-176.986
3.53143
-22.8704
-174.772
-119.633
-79.6912
-146.596
-190.46
-203.499
139.955
-231.622
-92.2358
-18.4016
0.275953
20.4116
39.914
-35.5292
2.38611
123.668
12.144
58.5524
-155.25
-220.301
-2.82394
-120.07
-135.551
-188.894
-227.592
-23.1041
4.08667
27.6765
-186.735
145.377
-174.18
-196.559
107.738
-680.59
-87.6448
-157.295
-178.265
-196.828
32.0979
-27.8482
-624.681
145.502
-217.409
76.6948
282.238
6.16234
-194.163
-178.932
-126.494
-511.996
124.989
179.725
121.85
259.9
-203.766
16.1319
-188.678
-186.316
-22.7323
-159.779
18.4707
-159.315
1.15821
-85.9511
18.3218
-176.08
-95.2314
-4.57609
-230.848
-89.0081
57.0291
111.038
-70.2951
-185.5
-5.92119
-131.835
-161.172
-20.4785
68.1452
9.38223
-10.192
21.8353
-202.308
2.87844
178.257
60.6708
-168.57
-163.518
-322.32
4.48908
-180.17
11.5917
-18.816
88.747
-575.489
-196.38
0.457529
-162.854
-227.149
132.284
-95.9367
-84.8257
64.9432
290.441
89.3636
68.7348
-194.835
20.3377
55.6129
2.40598
3.70426
-131.227
1.06362
-136.567
9.02728
-100.811
-338.599
79.2711
-95.4921
-12.3617
3.67492
39.6806
-164.554
-187.995
19.3439
48.058
-7.02381
2.74238
-199.153
-55.7185
-52.0765
-104.646
-6.58391
-192.538
-51.6959
14.4444
-613.41
120.149
92.19
7.07368
-1.81438
142.722
2.55584
-9.45051
-185.538
-17.6206
-180.358
3.40727
154.427
-3.30201
-166.082
-176.608
-1.42187
122.086
-184.599
-85.7657
-202.485
-204.35
6.19464
18.8029
-68.4342
-138.359
-71.5523
-75.1993
-2.49299
-167.715
20.9583
-2.73858
-56.7246
-90.946
-10.8583
105.853
-9.7135
-200.264
-1.64848
-25.081
45.6627
44.3877
89.9124
-169.287
-605.035
-107.679
23.4565
91.1916
16.0895
-0.429762
-177.648
-178.181
-604.847
-212.274
-184.971
-70.6406
-2.10545
-2.7447
-155.538
-176.685
-178.639
-170.728
-155.085
-516.294
98.9295
2.33863
-153.741
4.335
-80.2913
14.2664
-1.37436
-134.535
-132.688
64.2903
87.8633
-172.215
-46.1399
-215.389
-15.993
57.4482
4.55059
28.8013
-3.65594
-175.069
31.4649
97.6174
-238.275
-186.349
43.1557
-188.333
85.0345
92.4308
-148.279
-172.158
279.685
13.8379
17.4728
44.9229
-174.271
14.9047
-2.98412
-173.663
22.9458
-0.583933
110.708
133.923
23.5869
-240.111
-25.1263
-23.6815
-1.08675
15.5671
-300.384
137.451
-176.888
-369.347
-67.1731
-4.35272
-455.639
112.046
-184.662
-58.0658
171.702
36.4498
1.89938
-168.151
-540.828
41.742
-213.269
-17.2972
3.25565
-182.634
-22.2801
-164.43
-2.87425
198.057
0.322095
-214.983
90.4319
-22.3136
-16.2953
10.3856
9.08726
-75.3238
-208.535
-176.897
25.7392
-331.441
-1.30581
94.8994
-181.57
-194.728
-9.923
-32.2343
-49.3316
0.54744
-178.698
-174.803
-199.924
263.041
-158.772
-52.096
-180.417
-204.613
-0.37098
95.1438
154.668
-4.45884
28.9676
-195.63
1.86256
-234.461
-164.717
-31.907
-22.6463
14.9814
106.942
91.7128
95.3399
-285.563
-0.479378
-24.6994
-205.756
-199.442
-175.345
136.233
136.907
-203.36
-226.259
-42.5792
-148.977
218.579
85.6431
-216.288
-166.53
-234.331
69.7858
-360.281
-212.619
-184.537
-29.3753
-197.982
4.73636
3.98943
-120.808
6.23852
-114.396
-12.8019
-136.337
-457.17
-197.866
-185.664
95.085
-261.599
62.6226
-10.9229
-201.864
119.376
-195.751
-373.213
-155.727
-197.65
165.123
-197.021
-168.196
-69.2812
16.8203
-153.809
-1.93838
13.0013
-22.0048
-196.191
-248.132
20.8967
0.5681
1.12779
4.31384
-8.88043
-196.09
91.6788
166.175
11.1826
151.403
155.045
-1.90814
-180.025
12.5126
-52.5854
-334.237
-200.422
-199.002
10.9154
-239.891
-12.8936
-194.011
-112.049
-177.031
138.679
17.5222
-187.948
-182.543
84.835
-204.189
-175.951
-18.2654
-194.919
-390.686
-185.903
39.1009
-177.974
70.3481
-1.77043
-152.837
-164.662
-222.427
-21.0192
-93.7241
-185.955
-289.042
-396.681
19.8843
-22.7611
-220.947
30.851
-159.511
-272.801
-181.862
31.4692
-350.179
-6.30369
78.9416
85.8117
-35.3423
-195.627
76.1247
238.648
-204.627
50.6693
-196.638
-184.395
-184.844
-203.565
-215.498
-11.525
-198.191
109.996
10.7802
-51.5966
-47.8494
-118.805
-40.1636
20.0365
-263.11
-195.742
8.21934
28.6985
-47.6214
-205.501
-10.7106
-77.2608
-92.1739
-140.274
49.2084
86.1121
157.864
156.474
-197.028
-246.196
24.6211
17.1936
23.8974
-10.3795
117.301
-181.778
-299.044
-6.7482
-216.439
-231.377
-213.944
-199.402
-200.412
122.382
-175.551
-4.67557
-187.197
144.115
147.271
-243.104
121.307
-54.5708
-150.232
-76.7137
-27.1905
-214.751
-274.448
124.828
-294.392
257.638
255.873
174.303
-191.989
-13.8376
133.991
-76.6651
5.54027
-195.673
-187.647
-168.39
-158.863
-255.3
-195.465
36.3987
-22.576
-217.432
0.12649
-15.3308
-197.227
-44.7685
13.9489
21.9973
-13.4565
-145.045
-68.7935
-222.936
-177.076
-110.067
-243.773
-14.248
-200.82
34.6554
-20.0536
8.96209
-177.063
73.1056
-201.894
-199.11
-217.4
153.017
-186.16
-236.527
-79.6081
107.517
16.0662
5.28845
3.83024
46.6457
43.7545
-195.008
-246.036
-155.878
-149.823
107.516
-162.025
-41.3936
-177.765
37.4833
-8.92556
48.0987
117.062
-130.483
7.25834
-223.715
-348.114
-175.917
-220.123
96.346
39.5255
-195.261
-133.149
40.6068
-235.172
-6.57004
-169.464
-135.896
-217.911
9.48765
109.02
133.421
-194.81
-181.143
-171.346
-25.5366
-206.375
-199.2
-210.814
-13.2227
-198.149
-55.2413
-149.411
-183.61
105.375
-0.741023
125.051
4.24178
214.589
210.301
-70.3148
-80.8882
-197.261
106.003
-196.801
-159.818
5.55614
-180.223
-181.318
-199.594
-206.998
163.36
-238.969
127.189
127.021
-171.593
-168.022
138.022
17.744
-154.221
-195.083
19.8435
-355.689
-86.9065
-10.4586
-14.0018
-184.987
3.95561
-201.275
-197.537
-195.378
93.9916
146.999
-8.73471
-204.819
-197.392
-203.899
-0.682062
-196.054
0.706424
-198.584
153.133
13.0353
-167.974
-194.636
-230.448
-203.623
84.3953
-19.7186
-18.0775
1.03123
-3.33553
-95.6976
-96.6551
-25.4763
20.2034
86.483
-178.931
-43.6125
-51.888
96.7335
-233.916
-361.494
-199.157
158.704
-201.954
-175.782
15.1134
28.1711
-185.593
27.4644
-233.681
-210.469
-212.816
194.257
124.326
-198.427
-188.438
144.706
-201.027
-23.0064
-212.697
-283.773
-297.639
260.463
-192.252
-199.837
-192.902
-197.49
164.036
-41.0893
-133.517
127.419
-46.2852
-168.442
52.5592
-26.1457
-23.7304
18.9324
20.0708
-198.838
-177.573
27.7206
-21.5458
-176.479
-178.101
100.909
80.3463
18.2828
-197.788
111.248
105.707
-197.743
-187.788
47.0032
42.7252
-187.002
-178.356
-196.835
-195.048
-173.464
-137.457
-173.121
-176.339
144.766
-25.7347
-195.735
-185.278
16.6033
-232.074
-237.004
-195.325
-184.298
-141.089
-171.747
84.7927
-70.2494
-38.8567
-187.649
-195.025
-195.069
121.498
-175.795
-181.211
-181.864
-194.828
-190.346
-241.128
-241.146
-194.879
-204.861
-194.854
128.35
-49.7136
61.7458
-196.373
-204.107
138.367
-157.755
-195.099
-197.63
-198.766
-15.345
-13.7836
-200.471
-197.301
14.0005
-21.1365
-203.611
-195.815
-196.45
-1.59285
-204.851
152.01
-204.379
-199.431
-197.935
-197.006
-203.091
85.0603
83.2701
-237.743
-19.2081
-19.8484
-205.294
-201.613
-199.877
-203.92
-80.7099
-91.0683
-91.9412
-101.664
-150.98
-52.0345
68.3511
-75.6265
-179.622
158.957
30.5088
10.7712
-186.274
-185.784
-237.723
-214.037
122.559
128.027
-199.815
-201.58
-263.563
-189.183
143.368
-19.6255
-22.4209
-216.597
57.2772
-194.944
100.299
-197.219
-49.4813
175.493
-173.326
-30.0996
-184.97
-21.2804
-176.949
-178.713
33.631
32.8517
107.406
112.892
106.228
42.4004
48.0306
46.4473
-232.642
-240.99
-163.509
-179.568
-137.498
180.518
-27.5256
-185.23
108.548
162.486
-64.7329
-183.786
-188.602
-181.973
-182.758
-194.896
13.9353
-245.568
-238.636
129.864
56.229
57.8687
136.954
140.116
-161.673
-12.4686
-14.8285
-197.006
-2.94269
33.0748
153.767
105.982
-195.218
82.8173
-21.3352
-18.907
-153.634
-93.7761
-56.4995
31.6976
161.235
28.6807
8.503
-188.952
-216.475
124.715
-190.406
14.9273
12.9359
-15.5807
-25.8047
-215.181
-195.953
199.329
97.9483
-30.7019
-178.491
-173.171
-33.8245
-33.6185
-64.2317
-176.371
-179.749
105.141
-179.95
-133.42
-142.976
-200.129
-27.4624
-185.564
-30.1993
-26.7639
-65.5756
-298.565
-189.217
-182.161
-180.904
-182.836
-240.625
130.036
140.457
141.476
-165.547
-162.49
-12.1179
-196.698
-196.574
170.881
-3.90289
-3.33408
156.649
152.337
109.315
81.6838
-21.3849
-19.9864
-22.6867
16.9464
-99.2309
156.909
-60.9374
-56.9407
161.341
163.49
9.90707
3.97809
-76.3006
-217.636
-190.931
-191.11
-23.8155
-22.9531
-25.1715
-208.789
213.449
202.498
111.674
-242.17
-222.531
-179.47
-38.3318
-29.913
-176.794
106.693
-132.992
-147.587
17.9205
16.9639
157.808
154.582
-29.3829
-59.792
-70.41
-192.427
-185.294
-184.223
-25.6358
-237.98
131.532
143.315
-167.474
-164.985
-238.088
-10.7684
-195.835
-196.713
-243.512
-128.256
-132.731
-5.19495
-3.49906
149.462
153.92
81.04
81.1951
-24.2797
-19.5783
-101.491
-226.711
-52.2626
-66.0318
163.477
158.94
0.876727
2.20259
-216.296
-220.15
-192.211
-190.558
-20.4266
-28.8465
-209.813
127.167
216.278
-178.659
-33.2123
-41.7537
-177.873
20.0053
-127.343
-151.685
-31.1124
-28.8892
81.4164
-60.2319
-192.028
-191.376
-184.441
-26.4942
-239.497
131.609
144.767
-166.608
-167.709
-10.5214
-195.853
-6.05843
152.218
80.0646
81.8287
-25.7224
-20.6081
-107.716
-97.9444
-52.6269
-70.5261
163.274
-3.57998
-217.347
-221.56
-192.768
-191.272
-228.479
-28.5915
-210.471
-172.216
-38.5687
-37.1836
-46.8881
-178.257
-126.768
-123.747
-30.6008
-54.251
-189.465
-188.808
-28.3844
-236.647
-243.765
133.191
-170.385
-11.4297
-196.436
-7.4683
153.663
79.5679
-20.1016
-25.5101
-22.2125
-110.589
-75.7497
-57.8645
165.421
-215.971
-224.234
-190.784
-192.473
-194.168
-209.11
-208.644
-171.314
-40.0834
-40.8107
-51.5605
-177.674
-131.592
-122.426
-30.2017
-54.8893
-49.8076
-185.054
-29.2163
-245.184
-232.435
133.21
134.78
-174.233
175.165
-8.02887
-8.34936
151.652
78.4438
-21.0199
-26.9117
-117.364
-76.8079
165.044
167.989
-213.673
-225.409
-216.922
-192.966
-189.571
-207.676
-164.783
-177.944
-55.6216
-38.92
-35.9929
-178.115
-122.173
-59.6432
-44.3736
-188.386
-249.665
131.642
136.21
-171.627
-178.437
-9.82114
-7.76996
148.567
152.895
77.8451
77.9298
-20.3781
-120.405
-121.236
32.501
167.085
162.426
-228.182
-215.514
-189.052
-194.19
-206.298
104.702
104.407
-163.206
-159.716
-32.3003
-39.3994
-60.2173
-38.6138
-177.692
-179.104
-114.507
-251.001
137.62
131.573
110.587
-173.974
-180.136
-10.6974
156.216
146.437
32.9818
76.8091
78.5126
-21.2451
25.7207
26.9184
-127.938
27.233
102.032
105.366
28.4245
28.7524
166.539
31.4652
30.2809
29.9432
-216.341
-229.274
-229.839
141.813
80.2869
-194.855
-189.767
-194.949
-205.529
76.8359
-156.538
-65.7178
-48.112
-43.8527
-34.5786
-40.2767
147.283
-176.774
-178.119
143.093
-111.576
105.611
105.986
108.314
24.2162
31.8074
-255.58
-247.587
130.085
41.5493
-222.216
-12.2591
143.482
157.513
38.649
76.2739
-22.9297
-20.4779
-131.665
168.411
-218.599
-227.537
-232.77
-214.884
-196.041
-189.38
-204.799
-202.861
-154.401
-72.0476
-30.5882
-38.999
-47.2915
-70.6889
-177.501
25.4168
-106.044
-259.268
-256.683
129.955
77.9731
28.2236
-12.9845
-13.1161
137.36
154.996
161.059
142.437
141.228
75.1557
-21.251
167.609
171.1
147.783
-212.746
-234.555
-215.576
-204.549
172.561
-159.791
-147.716
-39.2245
-52.0609
-26.2678
27.8825
29.4247
-178.032
-106.294
-264.092
128.46
131.103
-12.2566
-14.6764
163.475
156.068
138.346
74.5992
74.6022
172.964
165.027
-214.083
-233.208
-237.73
-200.917
-143.392
-145.074
-57.3487
-39.6467
-55.5523
-33.5932
73.4803
-178.985
70.1892
-101.447
-65.859
154.796
-268.101
128.243
-15.5391
136.184
153.092
167.18
-208.359
73.4963
75.141
-207.917
-191.772
-191.722
-206.484
-207.216
-204.398
-192.24
-201.299
-194.376
164.156
175.822
-194.661
-199.433
-239.577
-214.727
-239.018
-193.81
-191.842
-195.695
-191.614
-197.781
-207.895
-193.762
-192.071
-191.863
-207.697
-192.808
-136.898
-191.552
-50.348
-192.641
-60.344
-37.2649
-193.497
-208.734
-207.272
-192.33
-179.536
-193.007
-192.99
-192.685
-194.288
-191.871
-184.871
-193.468
-208.117
-193.151
-191.355
-91.1766
-191.581
-205.25
-193.885
-182.674
-192.684
-193.956
-203.455
-205.953
-192.399
-202.657
-191.352
-179.936
-191.22
-194.212
-192.758
-273.132
-266.776
-82.2553
-189.358
126.586
-193.305
-192.392
-178.179
-109.327
-193.168
-108.424
-195.505
-62.3619
-8.34791
-192.305
-192.216
-191.563
-194.379
-17.171
-195.343
-91.8399
-194.484
153.768
168.843
169.339
136.745
-187.653
-85.7232
-206.676
-125.122
-196.058
-182.642
-196.287
74.565
72.9522
-4.6045
-193.645
-136.081
-190.092
-197.791
-97.2639
-2.23253
-184.71
-102.948
-168.415
-192.348
-106.115
-199.131
-197.767
-190.078
-194.893
-152.676
-111.386
-194.05
-194.307
177.71
165.697
161.685
176.671
-195.079
-69.7417
-213.267
2.21447
-242.976
-216.793
-193.833
-0.629442
-193.387
-195.284
-192.309
-194.623
-194.778
-119.682
-175.18
-38.2516
-127.91
-195.025
-133.203
-63.9718
0.66395
-195.292
-169.188
8.29468
-200.754
-28.2271
-172.09
-200.419
-179.154
-180.412
10.5641
10.8488
-192.975
9.52899
-195.957
-6.62311
-165.591
-196.299
-33.2018
-199.227
-36.9998
-68.5187
-29.219
-31.9264
-203.804
-141.339
181.75
10.6241
-179.691
-196.889
-133.327
4.41114
-33.1569
-96.5529
-149.217
-190.941
24.5482
-62.8782
-35.7297
-203.744
-97.3568
-201.841
-31.179
-192.903
-3.57409
-94.4332
-6.32337
9.60378
-170.442
-202.061
-9.7608
-3.24259
-194.546
-203.455
7.09574
-9.39493
-203.81
-166.671
-200.921
-196.62
-109.205
-62.6458
5.86535
-206.616
-114.749
-59.327
-197.308
-82.0684
-253.991
-75.8186
-52.4454
-274.417
-277.73
-32.3475
-89.5248
125.326
8.97051
-108.232
126.27
-66.9577
-91.9508
5.83011
-60.5045
-197.012
25.4562
-161.082
27.4589
-62.3931
-205.241
-202.788
7.79469
-63.4423
22.6861
23.2119
-31.4726
-201.132
178.388
-55.7965
-78.943
-60.852
-204.119
-102.833
-206.522
-194.676
-18.1201
-207.632
-88.5391
-73.1069
-17.9291
-179.706
9.60566
134.327
157.393
150.525
167.347
-192.197
-191.907
-198.55
-204.426
-169.38
-203.309
-85.0198
-208.898
-207.631
11.7469
-248.325
71.8622
3.4552
-86.367
75.0974
28.1843
-32.783
-48.6182
-118.881
3.17113
-29.5233
-51.7298
-59.2069
-244.287
-168.539
-201.04
-31.8443
-55.9601
-196.61
72.8392
-84.8842
24.7685
-191.118
23.8456
22.0824
-33.4788
30.474
-18.7679
-14.7674
-180.961
-190.582
-51.0181
-249.906
-89.6913
-22.6526
-187.173
-105.684
-209.145
160.754
180.725
176.601
-39.9373
-198.87
-87.5789
-41.3998
-156.875
160.191
69.7902
-203.853
-191.788
-201.765
66.4987
11.9733
29.2136
-217.28
-244.978
-88.4827
-13.2153
-202.976
15.0717
-211.228
29.2964
-208.394
-31.3798
4.58038
-194.444
-209.226
-65.4183
-30.4698
-93.7926
65.1519
-192.897
-47.6969
64.6921
-164.872
66.177
-94.2288
-13.638
-199.447
30.0503
-38.9824
-199.31
0.376015
-203.1
-83.4137
-61.8182
-83.0153
-198.825
-192.359
-198.345
-127.714
65.0484
-185.414
-92.3729
-69.1392
34.5407
73.4302
15.5919
-202.414
-198.287
-48.7917
-183.223
-44.7074
-46.38
-37.9979
-11.5653
-208.938
-189.168
-208.853
15.2204
-194.39
5.20405
-194.349
-42.6172
-79.0914
26.576
12.7853
65.494
27.24
-2.94358
31.061
-140.962
-79.2126
-202.389
57.9927
69.7614
6.42605
-17.405
-191.415
-120.936
-11.1701
-205.573
7.05309
-179.603
-201.477
-18.3888
-151.732
-129.705
-85.773
-63.3048
-144.195
-203.227
-188.705
-195.756
-24.2807
30.8003
69.4059
-195.202
-20.7359
-55.6468
-28.1197
-62.7799
-38.9861
-79.6793
-198.559
-20.0542
-194.114
-156.712
31.9722
-67.2291
-16.5118
183.452
69.583
25.602
73.2752
-193.788
-172.663
-201.752
-4.40634
13.9925
-76.8268
-61.143
-5.6998
78.4984
-69.4353
59.1402
-194.946
-17.9479
-99.5572
-200.204
4.82878
-193.936
-194.099
14.4649
-79.057
-1.68448
-164.381
-193.316
-193.047
-50.0704
-198.028
-189.092
-206.657
-209.507
-36.7134
-84.0858
79.7687
-208.319
-198.044
-195.307
-192.605
-196.282
-125.066
54.4039
30.7493
-78.4693
-195.508
34.4254
-193.54
20.4309
2.55424
-197.388
-11.5543
0.72847
-17.9212
39.4438
-184.869
46.1798
33.6226
-185.83
13.8094
15.2864
81.0387
-7.23861
-193.903
3.67645
17.6692
-36.6745
-209.486
3.28194
-56.3695
7.58445
22.4575
-177.203
11.6968
28.6994
-208.59
-198.883
-19.3932
-196.674
59.7189
-200.915
-75.5108
-194.865
-183.297
-253.625
40.2354
-207.127
-25.637
-186.506
98.0957
35.6111
-208.477
-180.216
124.707
17.3091
-196.502
-195.131
-12.4782
-283.528
-188.643
-195.76
-13.047
-18.1185
-2.11085
23.4007
-206.855
-32.0696
18.3156
21.8343
42.5317
-185.203
70.1609
-8.01338
-194.892
-157.427
-193.735
-145.947
-189.097
-206.155
-194.328
-185.035
-199.834
13.3957
-159.986
-196.388
-1.93751
62.1834
62.5359
19.0489
79.3098
57.6539
16.102
29.5646
94.9823
-196.568
-195.64
-100.361
-189.93
-193.729
-41.4433
-159.872
-191.206
-203.437
-254.761
-8.56316
69.0145
71.1103
-16.9661
11.2524
-179.017
-207.367
-207.785
-209.312
-122.865
-192.97
-194.987
-195.083
56.6195
150.842
-203.327
-195.559
-190.347
27.3383
-193.588
6.14096
-70.8502
-186.703
-185.704
147.085
63.6656
-134.625
-50.0305
134.428
-200.622
-47.0646
100.319
-17.5273
-132.027
46.9525
68.4011
-209.691
74.4951
15.7513
71.3298
56.8801
58.3273
9.96095
35.0691
-190.901
18.0457
95.507
-171.664
48.9723
-191.3
-208.735
-13.8485
60.9107
-100.126
19.1852
-190.964
20.4584
-188.955
-39.9241
-5.04116
-35.372
11.8335
-112.749
-191.942
-190.563
22.6839
64.5155
-19.6497
-82.1421
76.2449
-197.915
-189.523
95.1038
-190.785
34.2786
-13.282
-49.3889
97.3655
-194.101
-187.55
-191.92
-30.3812
36.2658
74.0193
-15.4396
57.2669
-204.231
-188.562
-186.83
-1.183
-204.809
-202.053
-201.374
17.82
-152.265
16.1758
-85.0953
-193.544
-189.836
-193.448
72.4419
-54.5971
-196.801
-132.207
69.9905
48.2322
-206.956
-43.6079
-179.631
-120.09
-205.641
-21.9785
16.9422
-184.362
-43.4443
-188.898
-205.951
58.7485
-6.49973
-184.616
-12.1776
179.638
-193.312
-192.893
-3.4517
64.0131
-200.372
68.4452
56.9956
103.346
-23.9934
-196.229
-32.5579
13.8549
-24.4924
-194.328
-208.155
-8.28326
27.9042
-26.3079
-7.88762
-191.018
-201.159
-193.36
-205.356
158.409
-203.905
-257.525
-193.678
182.608
-107.964
-205.264
-197.89
-248.658
-186.027
-185.227
-4.41048
67.7882
99.8764
-32.5704
20.9062
-194.981
13.6615
-193.82
-209.835
-74.2966
-193.211
-184.034
-193.644
-165.111
-67.0851
29.902
-71.9901
67.6354
-219.379
-21.366
-37.9238
-197.973
12.5924
-198.198
-194.631
19.8162
3.79198
-200.388
-172.663
-198.802
-243.401
-192.033
-195.278
-177.322
61.0545
-101.44
-24.746
-201.642
50.9522
-184.316
18.8018
-10.1904
-179.535
30.5067
-189.835
73.8423
-194.898
-20.3128
-252.732
-192.455
-191.645
-206.042
54.0599
-193.548
-124.473
-58.7747
12.1632
66.3163
-209.301
-197.913
-132.175
58.4331
29.2778
-36.3897
98.9006
68.241
-6.54985
-178.336
-225.157
-193.622
-200.386
-193.358
74.541
95.6026
-208.462
66.7062
-204.837
-192.734
-195.763
96.2811
61.0731
-44.794
35.561
-187.781
75.9545
-192.986
-125.351
-196.66
49.8466
105.035
-195.883
55.1777
-202.159
-179.915
82.0634
-7.80949
-162.229
-30.7066
28.4179
-45.6412
-49.6793
-193.207
5.94038
53.4813
-105.984
-186.292
101.061
-182.605
-192.665
-11.354
42.1433
-184.084
-190.856
-196.578
81.509
-194.75
-195.564
-196.715
-203.976
-205.603
-32.8996
-204.81
83.2601
18.6731
-12.5957
65.9316
-28.3811
21.4563
-33.1434
-197.05
98.5636
-3.40324
-192.539
-190.782
52.4372
-206.756
-55.7569
-189.482
44.4694
-16.5685
-60.4615
42.5147
-179.174
-62.0052
-53.1023
24.7112
-194.665
-208.211
80.5593
-193.335
-207.572
-7.13656
-190.582
-96.3428
27.805
-198.96
65.136
59.1804
-205.033
-177.405
-74.5954
-187.531
-205.642
-193.362
-203.766
4.621
-72.7396
48.9888
-177.765
-208.793
-202.777
-188.509
50.0647
-209.454
-203.299
-88.3237
37.7255
37.3881
-192.511
-203.098
-187.007
100.537
-194.693
52.9721
61.4433
-10.485
78.5393
71.5984
36.8922
96.9302
37.3728
-193.809
-186.685
39.098
34.009
61.9358
94.2059
-36.8845
-97.6101
43.745
-197.407
-184.13
25.4186
-201.123
-190.923
16.019
2.07373
-199.827
-5.41622
9.36667
3.34417
-2.04838
-188.833
43.614
55.5101
-192.273
25.2429
51.2705
44.7423
118.316
-54.8508
-207.3
-197.397
-58.6661
-185.243
55.8132
33.7379
64.4312
-195.391
58.8309
106.437
-205.073
-99.8437
98.7734
-194.308
10.9673
-53.7368
-66.2334
-69.9699
-194.27
68.005
-71.2683
-56.8605
-196.027
-159.208
87.178
-85.4878
79.5958
-3.27522
-82.3751
71.9409
53.3368
-191.783
-190.988
107.441
-197.066
-186.099
-194.596
67.047
43.1854
-197.164
-102.408
60.4685
-208.612
91.407
-201.557
-199.789
70.9673
105.695
-192.614
-192.265
70.4995
29.1959
-187.442
-192.625
21.3298
65.5723
44.1444
-228.187
34.9667
63.4261
80.8355
-173.72
81.9145
98.3338
15.9306
-194.243
19.5237
-206.099
-105.899
45.0607
35.3094
54.052
-196.8
64.758
-138.378
166.452
-177.209
67.0765
24.3039
3.63524
75.4917
-147.547
100.235
45.4642
-194.335
58.2343
104.806
-194.834
-22.9429
-207.363
28.7624
-195.754
-186.914
92.7148
124.294
177.349
-199.677
-135.705
26.839
-288.745
-194.815
25.9471
83.013
73.0837
-233.765
-195.713
-205.054
-201.412
-190.172
165.052
95.1297
-200.979
1.69774
-183.933
-183.256
-194.089
26.8285
-185.637
-72.5644
-186.645
-194.576
170.627
-190.585
-197.646
-58.0445
86.4223
-37.4864
-192.367
-194.323
-61.9906
94.2293
-196.155
2.40734
38.1586
-199.358
-156.731
-184.416
-211.14
71.3166
-126.723
53.7043
-199.528
13.8609
94.4517
107.335
-203.235
58.8709
-191.603
-3.55426
-68.607
-26.7227
2.38754
42.4073
26.6819
-194.358
-4.15824
85.0908
-244.576
-209.593
57.3343
-195.09
12.1444
25.5822
40.4271
-195.427
-186.559
-196.701
-88.4929
97.7451
39.8861
-59.6483
-196.746
171.268
-84.5496
96.3059
173.864
-186.898
73.636
75.2172
75.0159
3.37565
-208.563
-108.242
-34.865
42.8443
123.862
131.558
36.395
-14.2238
-189.81
-49.6576
9.47402
-189.737
-197.503
-24.3151
-191.089
-196.659
-210.051
91.3172
14.7005
53.2389
50.0406
37.8485
68.6
98.8646
-200.531
-188.138
-196.713
-190.467
-117.507
-191.715
-201.19
71.8691
47.7838
-196.429
23.2868
-188.534
-195.77
59.3143
-79.5461
174.909
-38.5893
-206.809
131.568
147.565
36.7571
98.1995
-62.1176
-186.654
82.3579
-201.626
-202.812
-80.635
-54.913
-193.742
-145.511
-37.1745
-73.8409
177.006
-37.4326
85.6698
-197.426
-28.2694
-204.208
-197.24
-198.132
117.526
81.3854
81.3666
104.978
-205.619
-186.34
-330.635
174.37
-148.803
-176.338
-194.46
3.24978
90.6272
95.8572
-198.76
98.8099
-196.915
-23.458
5.81745
70.2572
-197.161
-176.785
96.0431
-173.458
125.252
-206.455
-120.601
-302.001
-215.054
-228.673
-220.568
-26.1949
-187.018
-67.0989
-31.7132
17.9189
-188.141
-34.2093
64.0975
-209.033
148.821
73.35
-191.533
-191.871
5.40316
-163.348
-138.934
-207.865
57.6624
-191.4
93.156
-182.513
-99.1486
-205.217
-143.867
-197.344
-185.458
12.9307
76.9352
-232.861
-202.907
-210.375
35.0958
4.1698
-191.187
-35.5055
-192.035
-46.0516
-203.71
98.3407
-148.359
8.46072
71.7368
-192.558
-197.872
63.5685
-196.108
11.8358
-180.716
-193.133
11.0739
-39.6393
-194.474
106.929
145.711
78.8495
-228.242
-26.0015
-185.375
-131.803
129.734
4.72726
-311.435
-207.734
-207.917
-193.397
-77.5103
38.4084
-194.943
60.2397
53.2658
-189.428
-250.148
-28.5268
-206.943
53.6893
157.468
-194.031
-199.866
-16.5497
-133.56
-185.831
37.4598
59.7679
-208.896
51.4943
-185.109
-203.19
-206.803
20.7856
150.53
-15.0027
-192.964
35.9305
81.7673
48.8897
-55.965
-212.537
31.3285
-195.201
22.8465
50.0384
-219.854
49.93
-7.54417
129.168
-204.131
88.7014
17.5955
-219.728
173.905
-190.472
12.2167
114.622
-6.04962
74.3024
-317.686
43.7773
-239.216
-221.05
129.412
185.807
35.9607
24.3668
-201.55
-219.02
39.8026
-99.4449
-337.929
-41.0433
72.7352
-189.684
67.6205
-204.427
81.9124
69.6645
-202.985
-205.215
-198.687
-8.88992
-310.882
130.462
-189.755
24.5833
3.29147
-205.032
-304.497
-190.284
-193.119
-191.44
77.7652
-193.667
2.01071
-242.865
172.391
-126.705
-211.967
-184.119
-9.71475
-186.614
-185.218
-21.2552
65.8057
13.8728
-194.27
-194.302
-167.291
-202.772
32.3052
18.9933
15.923
105.53
-209.837
-196.821
-164.158
-207.578
-182.717
-99.3652
-198.334
83.8682
-202.235
-183.755
-5.57579
-169.247
164.754
-194.292
-186.16
-33.236
-119.183
150.183
-195.536
8.25805
23.6447
-231.105
-67.3475
30.6926
134.183
1.21917
-225.605
16.3581
-165.044
-103.656
-48.4848
-182.785
-191.696
6.05743
-38.0155
96.7884
-27.4559
-37.6327
-206.52
175.258
46.6063
-204.406
-198.191
-195.865
-200.472
-260.858
-196.378
17.569
-235.707
172.499
-190.901
140.471
-41.0389
-194.115
-195.169
-183.748
45.1517
-196.002
60.2953
-151.091
172.414
151.884
100.72
-184.353
18.6479
-259.728
-191.017
69.3795
-38.1371
-25.5996
94.9618
-192.273
89.2452
1.05418
-2.53352
195.365
-206.648
-208.484
-208.452
59.955
-208.471
-49.3741
-179.497
-18.2796
80.8761
7.99844
15.1344
-30.3311
-193.285
-186.875
-177.159
7.18725
-194.274
133.114
35.8896
-193.453
166.309
-188.863
-34.5744
66.9341
22.3918
-93.0236
-310.174
30.0384
76.5742
-57.9524
152.96
26.6428
-179.695
-34.5792
-196.238
-5.6294
5.90713
149.264
-15.6174
-268.567
31.1052
-196.332
-20.3886
113.161
-61.7933
175.016
58.4229
170.086
-196.793
61.7661
-30.8282
-21.5977
-190.118
165.204
49.0642
97.1634
-104.493
-208.384
-202.01
-202.859
44.6684
-209.582
-194.089
-27.3028
-140.272
-177.095
-203.013
56.6357
-282.065
-7.5284
-202.728
-195.14
-195.256
0.496378
-41.0999
-25.5212
-237.776
-60.6552
-199.341
122.892
78.8953
-36.5871
-186.009
-171.669
-193.777
-47.5963
32.8106
-286.545
90.7898
-22.2424
51.7707
-299.235
-192.038
-201.803
-4.18543
222.609
-24.7489
-159.499
-263.455
185.605
-66.5431
-197.681
-62.6589
37.6843
48.8218
48.0575
-195.234
-179.755
-188.269
-200.99
-178.201
-192.516
-42.6967
14.9771
-38.5354
-180.014
28.1125
-228.465
-293.54
66.5103
-28.5473
-191.276
35.3782
-205.917
-269.578
-35.3706
-207.536
-327.447
-30.7224
-234.305
-205.914
-199.014
-198.158
-121.171
-22.2814
-200.875
-204.122
-203.803
-25.1002
-209.751
-198.815
-208.264
54.3981
72.9277
68.2559
-41.6824
-274.706
-193.852
-193.796
-188.435
-191.239
-294.967
67.1087
-28.8069
-202.943
-303.432
-209.622
89.3647
-203.053
-283.77
-275.088
-44.4677
-189.706
-186.462
139.371
99.8317
94.8822
185.4
-323.58
-200.694
-195.682
96.7809
-201.227
84.3664
181.931
33.4698
59.4286
-193.687
-40.2118
-208.509
-186.761
8.73313
-292.949
64.9603
-205.732
-263.285
-405.518
99.2391
-191.206
145.628
-194.017
-193.871
72.0878
39.2222
-184.022
-203.899
17.9162
-4.49583
1.31444
-194.983
-357.253
-208.782
-189.809
50.6767
-9.6698
57.7406
62.0425
-189.862
85.6998
26.1295
34.8552
27.712
-201.451
52.2334
-256.358
64.2659
56.9664
133.208
91.9481
-185.942
121.222
-194.385
-195.137
-187.758
42.0836
1.6641
-15.762
59.5804
-188.615
158.038
46.5475
-194.733
-184.817
52.5915
-367.916
-200.378
-61.0544
-303.333
147.502
143.562
132.818
-195.526
-199.997
-87.9344
-193.718
36.0143
-194.576
-179.439
-193.682
-218.417
62.1097
34.0319
-184.475
-192.76
106.123
61.2845
37.9053
-290.684
-185.169
-194.692
-195.219
-193.568
-354.015
-44.3998
-148.993
-197.682
74.064
-17.6346
62.4497
-209.622
16.918
201.865
-181.77
72.0921
-75.6076
50.4218
-41.3003
94.3428
-30.6051
-225.442
50.3442
-84.5621
-189.026
47.6334
85.0357
-339.641
-202.47
-198.449
-253.925
-173.461
62.9296
12.8036
-207.073
-189.504
7.47179
82.5873
41.798
7.35146
-187.616
-197.403
119.473
-32.1164
-182.496
4.77745
18.2032
28.6768
-205.641
-84.324
39.2002
81.9314
68.9316
55.8574
-38.3071
-26.6265
-324.208
19.0878
17.3525
-285.474
1.41006
75.184
96.0894
99.1732
-194.48
84.3594
-179.535
147.161
-190.01
-183.849
-265.235
102.512
-195.594
120.493
-44.2224
-37.4614
-205.148
-180.575
64.8202
-192.349
85.0996
-0.278964
125.567
-203.956
9.8183
20.3723
60.9352
-91.6435
22.9822
84.8512
-203.246
190.892
-45.0627
-185.046
1.99387
0.904501
6.16102
-194.494
83.27
67.9233
61.915
-196.358
-213.667
150.476
-195.403
-194.45
69.7291
16.5009
185.014
-179.846
-191.279
93.9472
-182.009
191.285
109.787
57.8334
131.816
-299.5
-166.328
-189.812
-206.505
204.714
-207.924
-150.791
-12.006
132.504
-243.452
-193.238
-320.69
-189.646
0.712117
57.7178
61.6683
37.1254
-227.732
-39.5784
-189.969
43.3442
21.0008
0.638263
56.2672
-9.66247
-268.275
174.702
-173.646
-197.349
-194.922
99.9185
-19.1026
103.278
14.5878
-323.787
149.09
55.4219
53.7523
50.3629
49.6501
42.7058
39.7124
39.2519
36.4636
20.2777
18.3011
-19.2532
-361.981
-185.109
196.844
-206.842
-286.363
187.664
-202.743
29.2986
17.4038
-38.816
-188.352
34.572
31.2659
25.2446
-209.154
-269.428
-200.904
-185.747
-217.431
-197.058
98.9967
-190.08
-381.176
10.9631
19.5713
-12.8291
17.298
15.9553
-191.714
-193.914
-193.206
145.629
89.4904
-187.574
-194.486
-217.975
-200.359
-192.581
-197.599
158.677
-194.765
-3.58015
52.9408
-200.572
-195.604
69.2046
83.3397
18.8774
49.6414
-210.033
-199.919
-191.096
-206.929
-12.8093
-349.333
-191.352
-261.964
-29.8753
-184.539
-204.523
-188.729
26.6621
-16.2431
-19.8533
-151.942
38.7887
-193.83
146.95
-190.896
-193.563
-183.105
-197.539
-28.6068
-195.114
-190.42
18.0832
-201.152
-12.4432
-193.202
126.631
104.326
-31.9852
188.092
174.382
22.0502
85.2996
183.673
-185.399
-195.985
-185.997
-188.274
50.7231
47.2338
12.3665
-312.483
30.6556
24.5552
4.94836
-191.188
-195.974
-15.5554
-16.2611
-372.077
-187.4
127.276
-200.989
148.622
57.6835
1.97301
19.4009
63.3099
-39.7949
26.9989
-205.833
-91.3505
-193.211
-205.568
-204.494
-316.327
147.812
-198.018
-287.001
116.642
120.497
-209.626
-176.246
97.5356
-199.557
189.862
-206.594
-192.873
-19.3502
-322.987
-187.309
21.4587
-135.642
67.8549
-183.61
-191.983
-192.879
-198.387
-195.497
-193.249
-207.064
107.82
80.2334
-178.5
-180.596
-348.65
-253.113
-182.879
-227.375
-185.879
41.426
-14.2033
-202.191
-189.458
55.4844
-188.792
129.763
52.5695
-196.493
-198.417
52.7233
-263.689
-225.307
-234.833
-307.292
-267.023
-294.031
-205.636
-23.2823
201.554
-32.4549
-39.8148
-195.636
-11.8625
-184.542
131.519
48.9696
-334.312
182.806
-207.917
-200.573
183.624
-205.698
-197.881
-205.411
-197.344
-193.906
-192.128
-191.37
150.781
143.661
219.426
14.237
191.001
-354.106
-190.542
-194.797
-195.3
-332.237
-252.839
-194.244
-192.8
98.4398
-287.518
115.55
-143.165
31.3398
-346.981
36.9231
9.32265
-193.862
62.9363
-502.175
-181.744
-271.275
-203.358
-34.681
67.4827
-19.9529
71.3352
196.983
-369.679
230.688
-260.918
149.593
-137.464
-200.464
-187.716
-188.652
-14.4226
94.7838
113.887
-253.511
-315.737
-317.267
-93.6244
-271.408
-241.913
-35.4663
-339.653
-224.009
120.114
-208.034
185.151
-193.622
-27.9997
-186.844
-186.751
-205.065
72.4232
68.7666
120.574
83.7036
-253.792
-227.051
-219.76
-398.334
-275.933
-193.563
-193.387
-183.456
164.905
101.334
236.042
-299.102
-25.0844
-198.369
-193.912
-188.534
-193.64
79.3223
104.672
110.313
-241.648
-281.388
-193.636
4.0826
-194.804
-289.175
96.3914
104.109
-209.823
-108.091
-200.186
69.7378
54.1305
40.0221
38.3276
25.4984
-208.037
-408.326
-107.636
-195.794
55.7963
95.6774
-243.449
-393.976
60.6971
68.6586
51.4905
203.956
-300.339
-195.284
-209.297
-182.809
-203.153
-200.422
-190.932
20.2627
-267.443
109.417
-54.4851
-59.7395
-194.933
-181.471
230.784
94.6275
-111.95
85.5828
-23.0509
-201.851
13.9769
-37.2835
-188.406
-195.338
-188.563
-189.902
-185.822
-190.946
-187.949
-191.005
-204.588
-31.0379
-209.057
-103.15
-414.307
-196.274
183.556
-14.7314
-224.251
39.7172
112.614
-129.149
81.0601
112.763
181.336
-196.96
-194.433
143.251
158.921
-204.737
-182.443
-195.112
-196.634
1.60079
-195.835
8.79839
-0.734117
81.3211
44.0348
74.4706
-193.219
-205.366
-199.025
63.0938
-159.71
-179.561
-198.81
-195.378
-187.852
-188.941
-195.168
-190.412
-193.445
-196.242
-208.622
-211.563
-214.714
16.9669
62.1429
-202.702
145.251
-185.554
-202.504
104.364
2.71193
-36.9668
2.51398
-190.829
-205.413
104.341
101.791
-206.235
51.1497
-185.274
-193.044
123.547
-200.273
113.88
146.565
-195.7
-193.491
72.8933
-42.008
22.6603
40.6718
102.842
-45.844
90.4651
-22.9512
-230.733
-191.135
137.021
52.3555
63.2619
-317.076
-337.744
-312.038
-38.2602
-94.2225
106.891
102.33
163.85
-199.944
179.474
-9.51851
-9.24054
62.3162
153.972
185.759
75.6553
94.1609
-28.8362
-196.504
-192.7
142.76
89.406
108.897
111.306
-267.346
-273.723
-270.207
-241.855
-220.797
98.8519
-197.249
86.9625
-97.6025
182.092
153.953
-196.022
-193.284
-182.136
-275.204
-311.055
-139.64
130.425
-264.628
-374.312
184.09
-335.923
164.895
-181.752
121.683
-162.706
-34.9614
-182.849
-201.871
-202.204
155.201
158.389
-198.87
-201.622
-233.872
15.4563
85.5262
87.5036
103.266
-255.141
-256.389
-201.744
-89.2208
238.926
195.076
63.2303
150.595
147.208
145.005
-190.421
130.15
122.271
75.7253
79.1094
87.5717
107.052
-315.955
-203.395
-233.001
112.912
-92.0611
-190.235
-194.684
77.7494
74.102
66.0571
-67.7599
-395.984
-123.61
-194.495
153.171
170.157
82.0882
148.155
-193.731
-186.948
47.5935
93.4356
95.4201
101.338
-206.644
-186.876
-195.054
-195.105
7.99982
-182.656
162.695
196.406
-231.607
204.537
60.3367
90.5957
99.3889
106.973
114.185
187.586
-199.472
-224.175
136.889
119.019
121.883
123.11
-329.057
-199.605
-78.8677
-248.278
14.9802
-198.82
79.3781
51.373
48.3886
72.9055
-203.747
-193.724
-192.557
-192.822
-187.336
87.5441
87.4543
-219.612
235.977
-240.456
-196.715
-159.133
-364.31
114.751
-247.192
-488.214
-21.7147
-201.691
-198.147
-189.567
-190.644
-186.899
201.371
7.89378
-199.748
-195.211
-193.728
-212.705
162.449
-124.756
86.7766
89.2224
92.6986
103.982
167.638
-280.098
-310.425
-288.805
-206.091
-429.377
-230.442
99.3319
227.091
121.807
-220.176
79.8403
153.927
151.831
149.255
153.056
137.913
132.121
141.777
142.684
140.3
137.833
68.1858
33.194
98.7991
116.435
118.858
120.387
123.219
-198.243
6.44357
-280.139
-200.737
-219.434
-384.047
50.7855
187.423
-130.738
-193.95
206.031
121.145
-211.217
-219.184
-202.56
-187.684
-190.667
-187.306
62.3866
42.2844
122.254
-253.003
-319.181
-352.755
14.9952
-352.81
171.641
-397.849
-154.855
65.9616
-198.257
-190.735
-194.085
-196.219
-205.422
-210.079
99.4765
-248.175
1.77085
215.695
48.8984
132.752
-194.283
127.535
-6.55432
96.7892
83.07
114.976
114.708
190.462
123.133
-302.738
-104.853
-230.859
87.5575
-187.245
54.3384
86.7949
-182.341
122.342
-126.032
-67.9729
-195.535
-199.478
-196.874
-187.908
123.154
-221.622
74.8955
-241.496
-270.951
-199.429
-198.671
49.2912
204.224
96.6148
175.598
-207.332
136.174
-253.776
-197.026
-193.504
-197.759
149.289
147.332
125.608
145.3
143.076
139.645
140.742
132.19
192.852
201.238
206.462
-199.75
-244.213
-264.223
-292.785
-305.331
-333.507
-254.677
-247.01
-235.678
-233.913
190.115
114.783
114.554
-278.555
10.4292
-184.356
-195.124
-215.675
-221.511
156.578
-474.875
189.535
147.88
158.894
138.337
-355.891
-227.778
116.318
201.078
-203.813
81.4759
-247.87
196.033
-213.116
-229.117
65.1792
-301.359
226.303
-220.477
0.507603
-270.289
-192.407
-304.011
-186.464
88.8533
180.971
57.3104
-213.935
-214.422
-229.204
-380.728
50.7916
-324.757
183.922
169.054
154.823
-257.77
-25.3955
-204.908
-243.794
94.7333
97.5177
98.6174
111.985
114.237
-261.84
-248.893
-241.921
56.4981
192.036
-4.84363
-35.1656
61.3229
62.768
227.564
-295.14
107.617
182.771
191.057
202.462
196.002
-193.458
-219.715
26.1488
76.4104
67.3545
82.8262
88.7957
112.12
183.883
-394.535
-193.207
-74.2798
-293.817
37.2666
194.196
193.199
-178.113
-14.6211
130.934
-3.00183
-327.568
279.03
-198.543
129.014
111.975
228.381
-280.002
-202.177
-200.105
-197.115
-196.789
-191.717
-193.193
-188.604
130.423
123.462
-26.2628
-190.177
-194.163
-189.686
-201.355
-219.788
208.294
25.9087
221.35
-244.335
-249.4
-251.58
-258.07
-265.172
-276.911
-278.044
-278.527
-303.916
-330.006
-309.955
-261.618
-232.405
218.454
102.701
-209.147
24.2286
33.4373
14.556
161.987
82.7437
-194.079
-206.835
136.874
238.01
-368.479
-325.859
-384.783
-199.24
-394.287
-348.866
58.4898
167.762
-189.504
67.8514
-297.539
241.309
198.121
191.133
80.6067
-234.808
118.541
-222.082
-270.297
-270.95
195.456
200.795
203.206
-204.945
-40.6565
-183.718
-200.74
-204.239
-193.121
153.984
153.373
151.893
145.474
146.6
141.516
-188.755
-189.894
191.045
-192.07
-193.715
-194.63
-195.378
-193.957
-196.514
-194.829
-202.654
-203.843
-204.995
-205.608
-210.109
-211.69
-216.36
-218.053
86.8106
-307.992
-321.922
-342.518
-197.837
-313.024
-204.768
-198.826
-65.9993
-70.6756
-274.29
-225.367
-272.438
80.6534
-198.531
-216.036
-177.068
-358.701
-259.663
-294.504
-189.334
211.288
178.965
93.7426
-300.854
-191.954
-466.852
61.4821
-182.655
168.792
167.388
-348.566
-219.107
37.9372
-187.534
-275.85
-259.375
151.715
13.9862
-3.00211
-13.5719
-189.424
-190.118
199.719
209.212
209.99
213.044
-194.537
-204.964
-207.258
72.6665
13.3162
-334.7
-319.964
-339.891
-325.35
186.141
217.742
-306.899
-372.346
178.246
-202.195
-195.564
-192.006
-279.273
-385.138
-203.96
-10.9823
-454.456
163.207
-9.11298
197.082
17.2908
-2.23563
-287.691
86.8777
-144.144
-253.73
-307.224
-299.093
143.716
-188.143
181.696
-391.41
-198.918
278.101
185.626
151.418
-192.698
169.053
264.063
-205.403
180.005
105.42
37.7946
19.7364
56.0348
51.0345
75.9143
218.05
207.599
-306.725
203.72
15.9858
127.483
49.2344
-235.506
76.1301
-150.944
-182.909
-10.3418
231.461
187.595
185.85
-371.567
-404.021
187.224
-199.185
157.549
157.423
157.004
156.245
-65.4781
-185.684
-190.53
57.4831
55.6226
34.8587
158.284
155.275
-381.151
76.846
46.33
-38.1906
109.009
-225.553
-202.205
-298.812
-181.486
96.5081
-376.58
-223.578
99.8558
100.06
-239.514
28.9807
-193.755
140.72
167.741
115.823
-194.751
-199.383
-189.972
-198.004
35.1248
-202.289
-331.917
-310.317
-359.993
-285.929
-194.838
-464.461
-259.085
-515.404
-260.399
123.581
119.448
-494.615
136.977
-190.211
152.786
151.046
147.655
98.2442
70.0726
45.8997
-5.84298
-11.3427
-105.335
-184.659
150.296
-191.177
187.031
204.809
-195.973
79.8282
219.866
106.127
-246.967
-272.918
-314.369
-323.664
-334.316
-268.489
-324.248
-317.523
-296.637
-309.902
-325.066
-296.964
-268.254
-257.268
-243.042
-237.222
-270.954
-323.327
-283.256
231.356
210.674
-363.02
211.103
-378.368
-405.638
-288.933
-423.915
177.414
171.125
91.337
-40.2618
26.809
-41.4821
-270.31
149.448
182.741
157.992
184.295
-197.265
-97.3835
-106.512
62.7632
142.669
-207.37
-527.389
60.202
136.279
-274.749
271.779
189.773
-278.363
-236.189
-313.912
-17.0531
-111.407
-196.004
186.094
196.297
141.792
-367.44
-215.181
115.896
-17.0983
178.669
230.172
-258.215
94.572
-104.846
-206.369
89.1865
196.075
195.041
-193.129
-195.735
-204.143
215.779
3.41628
-248.829
-257.226
-271.782
-275.085
-275.85
-301.429
-299.651
-289.049
-328.643
-317.562
-314.414
-261.478
-266.884
193.949
217.559
-229.776
-366.742
172.432
-334.658
164.141
-411.256
55.528
-194.156
62.1073
-490.296
87.9918
-214.784
-470.163
88.6881
215.075
176.235
243.831
193.694
-379.736
93.9508
-200.455
-197.802
171.387
-419.206
120.944
110.449
-261.638
-190.992
-54.7276
-283.926
183.933
18.3679
-394.076
-403.694
-222.798
103.268
-433.073
-281.892
-43.6413
-458.174
-120.663
271.244
-353.459
-536.578
96.5586
-38.2836
158.382
43.0115
27.9305
-48.4138
-62.4307
-56.5586
-90.7078
-191.702
-194.981
-203.717
-204.798
-206.116
-205.833
-267.539
65.5478
54.3928
49.3209
19.5726
2.22399
0.65634
232.16
232.875
215.955
-308.017
-245.009
-344.986
187.198
197.576
204.06
207.069
185.174
169.351
96.3742
-367.747
179.536
177.505
176.079
22.2606
-295.15
-201.367
7.66919
18.6183
-66.3861
-376.387
-288.694
-80.2999
-231.178
-8.93074
-192.967
190.754
-490.292
-505.174
-344.311
-72.5464
187.365
-194.485
153.006
97.9485
-283.277
181.746
71.8781
142.553
-291.835
-211.381
-213.323
105.873
-532.906
251.413
258.948
-490.323
-419.471
-369.338
-217.143
-236.463
90.2613
-366.131
-411.536
-26.3453
269.926
-217.849
180.551
158.408
-371.357
-219.984
-236.347
116.635
109.67
271.262
303.547
-179.671
82.0082
3.06125
-60.1546
-73.8112
-99.6204
-1.74929
7.42558
-131.029
-187.255
-171.231
-9.58579
90.7881
222.575
229.071
-291.886
194.445
200.853
151.353
118.186
45.9147
30.5426
-229.123
-194.113
-18.1303
-193.704
-221.215
-192.048
-412.681
-222.669
-362.382
-380.219
207.801
62.9889
-329.14
-35.6883
-550.121
173.428
-360.346
157.769
156.943
155.797
152.897
156.804
133.574
117.637
93.5209
66.4417
56.8139
38.2804
28.7377
-32.7366
-46.3134
-277.538
189.291
191.395
188.442
200.462
188.391
185.352
161.561
-296.635
-400.866
179.864
169.555
164.983
-137.991
-42.7036
-28.4308
-59.2715
-440.653
-464.798
-236.556
-236.436
-223.599
-288.129
161.469
150.651
84.4983
187.606
191.272
179.572
-269.745
-80.8813
-215.238
-282.63
-461.951
178.741
175.243
215.253
178.023
-217.021
171.69
178.872
176.34
82.8509
247.427
253.6
255.821
262.348
264.322
258.831
-514.114
183.11
231.187
91.67
160.811
194.107
174.365
22.0603
174.717
130.413
-211.883
123.553
-117.052
-154.606
267.964
-132.342
202.699
103.9
102.544
-23.4411
-41.6795
-136.262
-159.489
-217.99
-296.985
225.116
-292.858
228.352
-278.391
-287.639
-61.0296
-7.88865
-48.2456
-90.9353
-74.8987
-193.575
-184.849
-40.8174
-105.126
-555.093
280.832
266.044
199.359
174.072
-362.089
-199.991
-199.243
158.677
6.76836
9.79726
-19.566
-104.126
13.3376
-187.904
-152.359
-195.702
208.924
-221.891
-249.974
-279.648
-309.589
16.7959
221.93
100.773
212.243
19.8577
-304.898
-274.485
-283.384
-323.399
-298.462
-288.987
197.225
197.041
194.429
224.814
-224.934
187.738
175.938
149.356
105.519
87.3486
124.424
-208.894
-371.804
190.851
187.558
-205.514
-194.029
38.3962
-107.573
110.003
-26.1654
-106.17
-150.289
-388.402
-263.407
-449.916
11.7449
-242.721
-228.671
-238.573
-193.781
-194.012
-3.95263
-486.14
147.083
-209.879
-440.491
-445.473
-472.422
206.823
-224.202
-251.383
-448.833
-203.499
-8.0795
-192.107
218.804
226.936
227.393
235.413
-207.965
-225.185
-477.768
-511.936
92.4387
-420.737
-491.521
-26.4133
235.692
121.129
201.945
189.276
189.986
189.117
-425.797
160.892
136.071
-382.478
-359.021
-346.764
-214.898
-206.533
-194.534
-218.907
-201.781
-223.248
-391.707
286.451
277.997
-255.445
169.225
178.381
175.177
-188.542
-189.763
-204.968
-200.785
140.084
-26.2506
208.831
-225.424
205.039
64.0216
60.7706
45.8429
40.4713
38.6295
91.3117
107.487
-195.386
118.439
-286.484
-295.617
-305.465
-274.179
-326.534
-319.62
-201.159
-204.658
-381.66
124.543
14.8962
-432.977
-423.61
-231.661
-225.667
-450.808
-192.477
100.839
93.4515
-192.424
97.4762
-205.271
-417.279
159.537
64.3172
-537.628
74.6856
-484.65
-400.115
-309.821
-378.064
-450.025
-259.531
-418.93
58.0206
84.4032
285.887
194.385
201.152
-378.948
-393.114
19.5547
178.785
43.515
-243.901
165.514
-361.162
297.22
203.768
-39.2857
-38.5997
-98.7038
-135.092
150.788
149.297
151.075
118.432
102.017
61.445
54.9322
47.1732
139.137
132.29
-150.11
-188.804
198.147
203.624
127.186
-194.592
207.223
90.7208
92.7784
219.13
115.596
-298.345
191.619
200.583
127.323
117.839
121.834
117.646
83.9949
63.8617
-402.386
-427.478
74.1978
-195.073
-194.274
188.327
-458.278
77.4362
-193.202
8.93916
-213.374
88.6428
-266.163
-77.3022
-225.439
69.7284
78.955
71.7827
-203.42
-220.15
180.269
193.301
-381.756
-263.284
-228.817
65.3862
-279.479
151.175
89.7338
79.7551
-13.7601
-62.2972
-98.8359
-120.99
197.442
207.671
207.473
212.404
-183.01
74.7368
212.658
-249.985
-245.632
-261.897
-269.375
-269.041
-296.138
-263.81
-257.039
-250.52
-244.292
-238.247
193.339
196.947
137.89
-284.054
-420.384
-433.366
167.695
-204.906
34.2011
-203.641
-68.0501
-284.387
-163.784
-255.977
-18.4342
47.9878
187.85
145.956
9.53355
-191.759
-365.666
-215.84
163.144
-545.448
244.592
266.212
132.929
-131.476
-249.53
-452.094
-265.534
120.598
263.559
-200.647
192.876
199.99
184.949
-163.711
165.559
-228.065
285.118
-182.451
169.655
170.874
-250.113
-283.137
-252.389
-86.5734
-194.613
115.557
107.095
79.7875
43.6913
133.403
-192.233
-237.34
-261.901
-270.393
-254.307
-4.97825
88.8552
218.558
108.465
-277.748
117.263
-270.826
-292.332
-302.03
-295.681
-311.689
-293.253
-321.76
-343.441
-289.62
-274.883
-321.851
-308.263
200.191
197.616
-229.101
186.964
-378.051
-332.238
79.2851
-359.686
-357.918
-283.77
55.7723
-201.328
-136.314
-50.1789
-390.417
-436.447
-242.631
-399.358
143.003
51.0774
49.24
58.0731
197.692
186.449
-219.392
-504.343
-278.375
-199.448
-440.815
-272.41
2.53829
-554.845
-232.349
265.18
-539.505
-236.462
-199.239
146.378
-207.894
-213.852
-214.076
118.888
116.852
-225.063
-229.913
167.014
-206.909
-203.784
-202.802
155.04
150.906
138.374
-188.709
-192.01
128.298
-198.05
-198.844
-199.732
-225.525
-231.306
41.9701
21.248
-246.607
-268.538
-326.185
-248.187
-279.439
-200.65
-201.176
-221.319
190.772
175.849
110.367
-278.79
45.9843
-230.727
-227.892
-198.105
-194.807
-194.301
-223.441
86.8969
87.6803
102.196
-228.767
-196.123
178.87
167.985
175.181
-451.11
-0.549455
-193.239
123.305
110.492
75.3556
57.8824
34.7598
-39.1683
-201.571
201.286
216.804
48.2911
19.7958
-0.736293
-238.902
-322.483
-255.709
-321.071
-310.011
-298.828
-200.08
-239.381
-226.642
-229.333
-273.301
-195.685
53.4201
197.374
-227.873
126.756
58.6652
-494.572
184.741
-446.502
-270.047
34.2934
-200.779
-431.817
227.787
247.155
245.437
-480.074
-494.449
-450.646
-380.765
157.048
-125.195
-177.81
172.131
45.0348
-296.398
-40.8785
-200.489
-198.906
56.0289
-6.72817
-37.9377
-114.106
133.962
-139.044
-190.828
192.542
-182.627
-209.02
-195.771
-202.551
-207.438
-213.201
-242.483
-227.369
-277.006
-299.433
212.648
210.905
41.1039
32.0977
65.507
84.8158
106.584
-241.494
-269.677
-248.225
-329.576
191.193
182.732
202.498
119.558
116.89
-206.761
-202.466
-78.3587
-291.155
58.6798
-236.306
-229.429
-219.724
-229.515
-239.48
157.889
154.272
-198.744
-194.398
-193.625
190.102
185.467
-224.816
-191.482
-177.931
76.5177
-273.255
147.038
210.644
181.401
54.0216
222.954
62.7891
-226.923
184.756
175.642
235.935
-228.32
-271.136
-254.81
196.807
170.177
-443.476
-0.316606
-231.229
-191.121
-194.086
-181.554
-140.361
161.025
155.137
159.154
100.797
35.1689
148.897
-284.793
-283.691
201.61
171.258
-197.553
9.65796
-197.273
54.1269
152.547
-277.896
-268.901
-264.458
252.404
73.2899
-395.021
-246.852
186.925
185.724
179.737
171.926
162.354
-5.00823
163.276
167.51
193.841
142.092
25.2766
-86.8896
-87.9569
211.679
-198.077
-203.567
-270.316
-252.661
-255.083
-311.06
-320.775
176.635
173.179
22.3892
-263.269
-255.873
-342.959
-349.314
-235.641
-230.482
-175.975
177.212
173.45
-317.98
-262.726
-262.18
-317.229
-589.402
-201.22
-198.352
189.672
187.748
14.5046
203.449
-253.38
38.6964
-267.296
-293.111
84.2601
166.44
84.0479
181.872
207.706
213.9
187.109
-276.611
-25.917
-207.786
-190.503
-191.152
153.099
60.282
23.9092
11.182
-52.4855
134.617
-185.354
133.881
45.5208
15.5965
81.5711
209.167
227.808
210.093
-349.892
-265.278
-299.021
-303.306
204.169
-388.523
-39.0601
-46.1068
-320.831
-53.3749
-71.5281
-420.951
-249.207
-244.502
-262.596
-193.309
194.389
-170.72
-194.044
211.226
231.861
234.276
56.5479
160.824
103.288
238.104
133.701
51.7165
-202.297
131.252
103.743
-576.232
60.8901
63.5537
-190.34
190.612
169.325
171.064
-440.043
234.281
-229.33
-503.916
-184.551
103.204
-267.411
-46.2593
52.9826
45.0751
37.5083
-78.8629
-91.1212
-195.403
68.6882
37.2512
33.4713
30.1572
63.6572
18.5368
60.3063
209.352
-256.511
184.578
171.391
-236.133
-193.959
-182.081
243.803
93.6726
118.331
48.6176
194.403
-405.449
207.687
-253.296
-197.053
-198.126
-189.775
192.508
201.949
16.3785
-275.183
-281.662
-309.765
-249.615
-283.718
-202.261
-223.725
-195.093
92.2248
118.842
-360.792
-350.226
-247.3
-81.0102
-125.91
151.995
155.334
154.088
150.121
136.831
75.5191
58.8963
51.5197
18.3746
-185.154
-190.343
-198.248
119.734
87.3797
102.427
-241.163
-275.97
-275.277
-287.966
-26.2838
203.433
21.4125
-199.02
-248.769
160.501
-197.496
-199.388
50.8771
76.0346
-194.342
84.8804
127.824
124.16
-527.665
92.9564
-191.286
-316.47
152.398
196.609
3.97698
138.496
-341.242
-194.489
110.768
108.291
-405.533
-197.426
204.112
172.699
-122.783
-286.812
194.996
174.373
-380.511
182.294
-397.45
180.93
156.437
180.081
118.043
-386.123
-186.216
-279.688
61.7425
-270.124
-276.171
-324.242
57.3651
196.115
-209.718
199.871
-132.086
156.821
-179.282
-194.529
149.205
-193.465
193.557
191.027
110.096
-193.922
-305.46
-280.897
64.07
-207.062
-210.812
-194.23
105.214
-577.947
-209.065
175.704
177.455
-202.445
169.394
-36.5622
156.553
154.897
200.469
-194.961
-194.344
-250.055
-250.791
-304.829
-302.194
115.468
9.58031
36.2513
62.9898
-199.743
16.2574
-211.155
63.5509
59.3071
74.3891
28.1714
78.1102
68.9203
86.9149
103.543
61.4203
109.694
197.376
55.152
177.434
10.6076
154.264
36.4619
149.452
-273.447
139.056
-267.26
62.7321
66.6834
-275.461
-266.97
50.4297
-186.371
166.178
151.101
92.4081
-381.041
168.992
-138.664
-272.257
182.561
-194.233
140.186
229.673
115.216
-416.547
180.082
-192.988
-193.187
50.2673
40.9846
56.1807
-209.365
-229.14
172.541
-188.203
-240.485
-268.003
189.298
-150.293
213.493
-187.7
-186.248
-302.588
54.4326
-288.853
-195.059
-194.327
-193.003
-203.464
-188.632
-221.723
-233.095
-196.757
-203.245
-191.587
-197.873
-229.496
74.2459
31.8368
64.7829
-238.586
209.685
-270.846
-305.136
55.5236
180.154
-201.698
-199.972
-111.76
63.5672
104.891
153.117
-196.608
-255.196
197.429
158.938
140.308
-199.087
70.0926
179.334
218.047
225.968
214.341
-35.7472
-260.91
96.4541
103.12
199.256
180.589
172.38
98.0546
93.8198
-200.882
-185.522
53.0263
16.1598
-185.956
131.191
72.2067
70.354
68.4954
119.729
110.704
-78.6032
-192.059
73.3204
55.8614
-191.147
-216.05
-222.1
-225.282
176.01
-185.59
124.768
-198.487
21.9275
115.137
103.17
222.25
154.521
135.155
124.93
122.322
53.3332
-193.653
-194.137
58.9149
221.447
135.596
-229.66
-263.023
184.878
97.3238
152.492
-41.4341
135.919
-186.677
66.6389
68.1909
83.549
89.4727
105.175
-6.48163
199.448
120.477
112.595
48.1884
28.0143
29.8547
46.7401
45.5688
43.2626
105.34
-241.345
26.7336
-210.435
175.98
87.5835
-194.368
135.323
66.8302
82.6612
-188.155
-156.744
-177.445
-200.143
-201.344
-203.439
-8.06155
-196.46
-193.22
-206.211
78.2824
7.34226
91.4201
97.4165
112.468
115.857
-279.414
117.469
195.968
-208.023
47.4354
26.1415
43.6905
-95.9557
-195.99
82.2859
79.8306
-193.378
86.6157
3.8254
65.2073
-193.42
87.155
-204.142
75.6828
-193.72
-305.265
-187.549
-187.182
130.162
87.3152
-197.884
200.883
-199.266
-186.473
130.881
125.719
-200.647
63.8883
43.6709
2.11526
118.024
-194.022
202.175
-192.747
88.7953
58.7661
-192.497
194.392
-233.73
88.4711
-22.9286
-34.3837
-199.212
-200.089
28.9613
-195.43
204.344
-198.919
6.0213
-236.112
-266.52
-316.083
-227.978
119.227
85.0576
-106.841
-466.592
-3.66602
-205.526
212.794
-205.707
59.8742
196.536
135.297
19.1727
-195.763
-182.423
187.712
-198.712
-200.638
-217.986
-227.401
-201.96
20.545
102.73
-244.069
-277.543
-283.99
-294.752
-315.17
-355.416
-208.534
16.8989
58.3172
43.9075
47.0257
-103.025
8.44506
-1.08114
-281.696
49.4927
-183.108
-200.462
-189.298
178.291
47.9579
90.9776
-360.707
41.9855
118.391
64.2523
22.5702
-303.696
-41.0927
-195.452
-194.048
138.107
-187.975
-187.892
-189.403
-203.838
-214.663
-190.689
109.406
12.8877
-348.976
94.4358
74.5312
-198.417
-285.611
-212.151
214.039
46.22
173.137
107.211
-255.525
-193.913
100.949
-216.039
-194.693
206.858
-188.793
127.83
-197.352
-210.242
-216.357
-277.507
185.913
117.124
174.366
-195.452
-464.271
-6.34725
161.991
229.452
-206.567
-238.758
189.344
192.685
209.034
-194.879
122.537
-149.517
-137.402
110.46
-198.987
-243.348
83.9926
-192.151
213.235
-404.957
-270.192
-204.276
26.0355
58.8805
45.1268
46.526
36.9647
8.43135
58.0955
18.2079
17.1205
55.1658
164.689
17.0554
63.8489
-266.64
-192.416
157.967
-189.422
-454.129
-197.138
86.293
34.496
-9.4412
-187.869
160.534
100.595
114.167
-203.918
-30.8026
-151.842
-190.946
138.313
-191.814
65.0472
63.429
61.8144
48.638
46.8928
-266.089
-332.63
-39.2386
-153.364
5.27135
49.8979
-259.676
-233.753
-149.342
-207.42
166.923
-335.955
100.739
-196.678
201.87
-417.422
-398.672
41.6483
44.269
124.894
52.724
-198.587
70.232
66.5934
59.4514
41.5403
23.148
4.89684
-2.1401
104.75
19.1926
-208.871
-193.873
-193.779
86.1276
35.4395
-202.908
-11.168
169.752
83.8261
-183.518
-182.64
-269.146
207.357
-223.47
52.0667
-200.478
-204.023
-193.063
96.9291
172.037
112.751
-137.196
-208.217
-26.2948
-38.2602
-33.7015
-188.149
67.1565
58.7115
57.0683
56.8559
32.6575
71.0491
-5.0591
-8.11505
-292.386
14.9513
-348.851
64.3539
-206.547
-9.11969
-187.718
-21.7767
76.7616
-230.425
-21.3769
180.23
190.986
-265.953
95.7389
203.945
5.3053
-202.328
-7.97449
58.1056
-247.33
168.388
7.47595
78.1706
85.8241
205.917
143.72
66.9729
66.6341
85.7087
97.3541
106.39
22.9836
16.6241
-197.776
-191.713
159.722
123.162
-200.514
-194.302
-221.013
-193.101
-37.1431
-24.0769
-187.082
-214.73
-241.715
-315.554
-199.409
-195.435
-211.994
201.016
0.672674
-193.474
21.2043
-205.745
-204.971
23.5901
-193.728
-204.302
-196.772
24.8649
97.0524
182.147
86.9338
132.605
65.5121
54.7976
-209.518
-200.914
78.5761
-194.75
-204.698
-207.61
224.634
207.96
-34.4378
186.133
32.4597
-194.315
-181.146
137.25
96.0283
60.2077
38.4249
134.237
-255.885
-199.722
77.9488
-180.857
-16.3662
-189.757
40.0879
77.6084
-260.166
100.298
86.9536
-188.416
-332.639
-23.6866
-294.318
28.8244
-195.708
-352.397
-200.327
82.0587
-192.425
-203.372
-201.704
-201.155
-201.784
-194.817
-199.721
-17.9087
-338.625
-345.57
44.4573
36.8162
-232.087
-179.995
72.5309
-196.093
-189.396
-189.613
197.422
-188.376
-189.418
-244.882
-249.719
15.2728
-386.512
-183.81
-315.368
-242.709
-308.669
-233.585
220.086
-210.038
-172.675
-238.221
156.868
-139.441
-20.14
-187.376
-262.589
51.0953
16.5858
-41.0957
-50.9627
-56.8642
-223.545
-188.748
-193.952
-193.125
-183.901
219.032
223.226
210.942
-216.41
-238.308
-184.824
-190.974
190.394
-195.003
-29.1924
-288.336
25.1113
-424.825
-230.484
49.3444
-426.551
216.64
-183.161
-11.1188
51.1346
50.6882
-194.081
136.12
218.708
94.7183
93.7789
-42.5988
-171.142
-187.459
137.552
-259.277
31.6469
-232.915
10.129
-194.101
88.9279
-193.442
76.0621
-195.012
-190.977
-201.021
-158.312
-191.523
-207.575
-159.597
-224.476
-196.872
-350.676
-186.792
-186.139
-245.428
-240.942
-34.1463
139.351
31.8333
14.907
42.5741
38.8585
6.74768
-194.072
-262.984
-202.251
95.1909
-197.574
-202.952
-33.5637
-208.848
-194.503
-291.902
-252.681
-45.453
-195.708
75.5039
39.0326
-173.544
62.4748
-43.3197
-209.124
-74.806
-167.67
-186.275
27.9638
43.9323
-205.35
169.82
-369.091
-285.384
-198.958
-113.387
120.514
-193.09
35.7772
66.3342
39.5668
-294.912
-224.336
-206.724
-206.469
169.51
-190.454
108.935
-327.125
-207.85
-193.38
-279.872
176.933
-400.541
-194.322
-218.243
188.375
-201.087
60.5337
-158.785
209.817
-27.7999
-143.344
-197.539
-2.15306
110.866
-209.28
-336.09
-194.637
28.8248
-202.585
223.044
-30.2291
-191.517
-199.171
-202.325
81.2367
-291.133
-288.414
-205.064
-95.376
-98.2135
-192.797
145.962
-192.793
97.0864
-186.108
-22.2645
-41.6252
58.5258
36.3523
-197.761
-192.24
154.144
70.0759
226.057
85.6392
-207.746
-44.1479
-196.323
150.549
-186.363
89.4538
208.736
-203.372
-419.057
223.45
-259.621
-193.296
12.1744
-256.328
88.532
-29.3354
-202.123
32.4086
-333.042
-41.3368
27.3519
-195.076
74.9114
73.9872
62.5648
-205.208
-203.329
-199.23
103.882
-182.851
-199.581
-195.468
44.0653
-13.2464
-215.628
-20.0673
-121.753
-246.479
157.331
-183.099
221.32
-300.985
-248.884
-206.439
-201.728
-131.64
-52.0153
29.7757
26.3611
97.7439
-194.051
-194.828
81.4429
70.5964
-15.5612
-160.858
-204.38
-191.131
-202.05
-281.598
-40.2976
-196.606
-194.64
-234.7
-25.2868
-1.41373
40.1634
24.0816
58.4714
51.8746
40.3295
159.86
158.132
-193.523
-182.952
-246.25
-205.707
-196.003
-181.55
-9.07521
220.842
-334.717
-193.88
-100.389
-292.951
-373.846
-209.577
-246.824
-197.045
-187.654
-161.614
214.861
-203.125
-291.305
96.5136
-138.085
-203.194
-191.977
-192.059
17.3224
-199.675
-194.63
-194.494
51.3184
236.112
-67.9212
33.9612
-182.36
191.506
40.6582
21.1064
-243.647
-246.2
-346.76
-195.731
-193.824
70.9071
-196.875
-237.113
-193.453
-184.059
26.1416
-205.245
-251.031
-197.648
-192.512
-198.685
-68.021
21.962
16.1209
8.53305
-251.483
-184.494
-230.285
108.427
-39.2371
-197.111
160.637
-194.271
-29.7474
-189.11
214.298
-208.812
27.5513
94.6239
-196.653
-323.679
-193.864
-255.29
-196.69
-191.79
-422.743
-126.541
13.6236
7.15459
124.526
-198.207
160.811
-220.689
-227.209
-183.793
64.9416
-268.626
49.6816
165.809
-189.106
-195.896
-193.526
33.8087
-9.86616
-7.27446
-196.612
44.2891
-34.4233
116.734
-243.136
-337.613
111.612
-207.324
-114.636
-200.347
-190.392
61.8079
-192.472
-196.465
92.6009
-362.76
83.0169
-195.335
-264.573
-202.998
-192.649
-190.924
-202.552
170.768
-184.843
-90.4234
-198.599
64.5274
-32.2421
216.228
-213.061
-8.12048
-26.8686
-196.681
45.0754
46.3936
-192.271
101.224
39.35
-156.759
-193.901
-78.1576
60.6425
-116.812
-84.9868
-140.031
-341.982
-189.113
-194.206
-261.146
-122.161
59.1328
8.36714
-221.923
-349.657
23.0858
24.0009
83.8604
-50.9689
52.2426
-42.5726
-43.1643
-193.121
155.286
109.413
-193.884
-224.381
179.172
-189.659
216.801
65.8629
15.2226
-40.6474
-194.648
-312.267
98.3844
47.482
32.4853
-321.839
43.2619
44.7274
63.2193
-235.951
-225.185
-201.184
-329.49
37.3948
83.5881
52.3626
-340.374
-201.203
64.4409
50.7446
-7.0171
-192.5
-192.412
86.6462
-196.947
-208.673
16.5434
51.5125
-206.316
-190.669
-43.2949
118.19
-190.267
-197.978
-351.36
-247.639
-208.206
-196.531
68.1201
225.927
-42.6476
-42.1704
48.4746
90.7117
-339.598
52.1348
-93.92
-333.399
-208.977
81.0129
-184.912
-195.795
-34.4825
-192.222
230.984
-209.732
26.2992
15.9214
162.194
-212.877
66.2225
-255.351
36.627
-192.56
-41.395
-193.605
-194.562
-26.1065
-183.886
240.914
-282.994
-245.658
93.3231
-190.446
154.182
235.349
84.9635
-314.294
-202.053
-259.997
75.3072
-196.838
-223.298
-191.478
216.497
37.7413
14.5377
-117.495
-416.836
90.7376
10.6771
-193.198
175.087
-369.613
-195.519
-208.547
-201.575
10.6566
5.06156
0.277865
59.563
45.8001
47.3679
-200.726
-196.701
68.1551
99.3969
-200.876
-197.987
46.8678
18.1696
24.2213
70.4133
-218.131
-213.24
-197.147
-101.726
-225.128
-178.724
27.2901
-239.971
-208.043
-0.554125
-28.7783
-192.429
135.828
93.399
-205.884
-191.225
-11.2855
-202.566
-413.046
221.053
66.5607
252.312
-25.0231
70.7945
25.7845
62.5685
-21.4857
-196.622
153.375
134.088
244.355
22.7259
-247.108
-198.138
97.2606
-206.422
61.7063
-25.0305
-199.765
13.5162
-35.4871
-200.42
-209.901
221.663
-24.0802
-190.485
102.355
-35.7298
-189.803
-186.034
-199.125
-197.362
-89.8135
-259.076
23.1849
-202.83
11.2355
-235.268
-204.216
-261.193
-241.99
-32.5951
11.8138
-217.475
-35.6081
-189.879
-193.725
19.2254
-203.188
-70.2408
2.70889
69.506
220.482
-194.798
-205.591
-216.264
221.445
-184.335
-200.688
29.8501
-189.715
-247.207
-191.245
-193.951
101.881
133.232
125.278
-201.522
26.6733
-185.126
155.78
-224.936
-29.3164
-19.8213
156.502
-190.33
-30.9026
42.4173
-143.579
-42.0056
213.515
168.638
-65.0191
-193.19
-192.463
80.0101
-10.9449
-193.623
-59.412
-191.998
-203.397
-70.142
-202.775
-211.445
-204.708
91.442
-201.04
247.03
-189.877
91.1702
-192.867
-171.207
85.1324
-107.378
-183
229.045
-274.294
-277.54
-74.8444
-199.215
-1.1531
217.124
-189.89
-194.063
37.5029
-203.214
-84.2527
89.0337
-298.692
-223.163
-198.293
-95.3337
-187.419
-341.886
-133.391
-197.754
-0.295273
-207.736
-220.264
-18.9837
136.517
-229.393
-198.093
-41.9585
-364.488
69.2019
92.7687
-66.7546
-2.42378
-193.792
73.1391
-194.84
-47.477
-193.538
-19.2634
-192.906
230.939
-205.379
-188.746
-144.689
-354.183
-16.7959
33.3201
-58.6302
-0.643346
59.5776
126.02
252.346
-46.7875
-196.306
27.2029
59.4394
138.498
-52.9812
-114.926
-196.462
-197.04
246.554
-182.03
-250.475
-232.668
40.4853
-96.6622
-190.971
71.2691
-246.908
-203.627
-194.119
-91.7244
-202.94
-142.599
20.1787
54.7185
73.6909
38.2209
21.7333
69.4513
63.9751
-193.83
102.92
28.9219
-156.448
-191.617
-193.983
83.6489
240.023
-193.53
-5.25104
-174.029
-207.517
79.4878
100.399
-140.597
-176.745
127.143
102.057
128.245
-203.775
225.294
15.8913
17.5558
60.1732
-8.77049
-199.737
34.0446
56.9525
36.1207
-16.9456
-197.667
5.93221
-183.762
38.8036
33.2183
-9.28859
-22.4656
-192.877
-204.313
-190.936
-189.9
3.67915
-193.253
-187.757
-14.6837
-21.8436
-195.366
-255.721
4.42763
-191.966
-52.7303
-205.307
-204.494
-48.7911
-197.766
-197.17
-18.6437
-197.465
29.8203
-229.913
257.097
170.378
28.5597
-195.423
67.1006
-209.014
-193.977
235.33
-224.3
-202.062
-25.9745
173.379
-44.2881
-253.382
169.237
77.4061
-194.319
-185.903
85.4199
-16.1638
-204.634
74.8944
95.9972
83.1498
-199.569
238.598
-190.383
122.83
-200.677
-209.924
240.476
7.09192
35.9187
-190.535
51.8786
-28.2604
76.5261
-190.394
-105.344
-42.7527
19.5936
74.5228
253.678
16.7839
-194.123
124.098
-200.698
250.5
-191.059
-235.492
-193.883
47.8369
-51.1658
-193.958
-188.879
-212.898
59.9754
104.291
-187.245
-113.951
-193.376
-211.866
93.3044
34.7839
31.0106
55.0194
-191.35
-2.72826
-62.851
-207.47
-186.708
73.2362
31.5357
97.9281
-22.1282
71.956
95.335
-0.650025
-193.667
86.8951
-189.274
226.248
255.951
102.85
-205.02
-27.9566
-81.548
-203.88
-107.983
-97.7255
-194.299
-199.3
-190.88
-116.059
-193.935
-60.5789
-66.7511
245.86
-197.688
236.896
41.857
-187.691
46.1468
-178.104
-192.498
-46.8121
-192.307
-194.575
25.1555
-143.401
-26.044
-187.979
-183.495
-191.106
57.5524
-43.2742
-189.017
-185.651
-120.352
85.806
-207.453
-184.458
-248.414
-205.379
-194.517
-207.15
-187.544
-246.055
56.2553
84.0874
76.2061
239.202
52.598
-145.361
-194.801
47.2546
-6.24189
96.6787
-191.732
-188.31
10.3
-196.434
83.2205
-186.395
-202.6
-208.606
243.447
-14.2512
92.434
47.9398
242.038
234.341
-235.805
80.2379
-29.5587
-210.396
4.57087
-117.709
-198.622
29.4179
-147.066
53.6536
250.46
-189.88
-193.677
-192.792
-198.952
13.1876
-154.288
65.6413
-200.203
-75.8624
-194.528
72.5975
-207.464
68.5825
-202.038
-202.789
-135.386
54.7923
-201.602
-192.293
78.126
-196.303
-14.7101
77.8889
-198.76
7.03848
83.8064
-58.9352
-194.101
-198.301
78.4121
6.8136
-219.073
-190.057
67.6286
-184.542
-198.417
-194.349
-189.981
-196.297
-190.029
-22.2114
-53.6275
-1.84
76.8674
-127.016
77.6402
-205.979
-193.7
105.312
44.6773
-185.173
-21.039
-181.156
-187.801
5.27962
-132.055
-44.3236
103.685
102.615
59.2162
-208.636
-191.64
-27.8797
53.5799
-3.5343
-172.381
-198.651
-191.626
-191.114
-32.9529
-229.118
71.6025
-207.268
-199.699
44.3401
-194.913
-192.346
-191.166
-198.272
-185.086
-117.692
61.2161
40.5423
29.4032
59.0411
-175.138
-186.159
-64.5592
-178.391
-213.097
69.3692
-202.248
-196.994
-15.4573
-197.522
12.5347
-295.18
-202.493
-210.641
-287.612
-204.058
-197.185
-209.799
40.914
41.2726
-206.054
16.2294
21.5922
11.4292
55.8969
34.4588
69.0014
-125.802
-149.088
67.4272
27.9246
-208.892
10.5624
-212.896
42.9311
-181.121
77.8768
13.9352
61.0574
-201.931
-189.85
-1.31724
-201.17
-182.888
40.2116
-192.474
9.43156
-199.232
-211.404
-205.914
-6.30896
-114.334
66.0714
12.72
-80.5433
-199.832
23.0993
-189.074
79.6073
-124.876
23.4513
39.1086
14.2244
-206.702
-203.46
-194.367
-199.645
-185.835
-201.688
80.1475
65.0986
-203.151
85.3552
-193.193
-62.9208
-194.398
-207.521
25.2467
-60.4921
77.2626
-2.10318
19.8316
-201.428
-60.6555
-187.619
84.6147
-187.171
-190.255
-207.489
-35.0962
38.7514
54.6814
45.497
-207.945
-0.12211
-1.79569
-149.134
-190.842
-194.859
20.786
-212.444
-199.46
-183.598
26.8046
-199.77
-200.346
-184.874
-193.948
-56.733
-205.206
-248.908
-204.62
-200.744
-27.7773
-214.6
-180.767
-93.3778
-186.368
-198.493
-200.631
-201.006
-224.782
-56.0868
-205.709
-193.542
-193.448
55.6596
77.3017
-13.2766
-209.791
83.2331
71.4535
-184.396
52.9452
-200.035
43.1091
39.2657
-201.06
41.364
-192.744
-193.413
42.8368
13.189
-209.552
-194.097
-219.381
-142.466
77.1588
6.37677
-201.464
-202.086
-213.996
18.536
-51.3161
48.5852
-205.799
-152.592
-200.011
-205.657
-13.011
61.4746
24.1353
-211.637
-62.7807
11.4394
70.1049
28.7949
-142.088
-193.099
39.557
-187.998
57.5597
89.1229
-198.044
-197.375
-199.749
23.4561
-193.619
-206.043
-192.402
-207.279
13.8623
-186.34
60.6326
-171.268
-71.8995
71.6659
-5.23693
72.3975
-78.2251
-181.044
5.8522
68.0791
-200.668
77.6189
-49.7949
-210.068
-199.38
-193.784
24.8112
-192.848
66.3065
-194.885
51.7923
-209.15
-226.175
-199.426
88.2442
38.3032
-10.7972
-195.336
22.0599
-8.24299
-186.275
-204.222
56.4396
-185.364
37.9569
-7.84416
-19.8966
-192.329
-184.134
-194.969
-207.226
-198.084
-186.668
-200.073
80.2232
21.7728
-189.454
-195.63
-196.379
79.2469
53.9975
-187.194
67.1955
-4.60255
-19.3207
59.9203
-134.368
58.8169
-211.454
-73.065
-18.8603
-144.019
-198.051
6.26222
-193.994
-187.579
80.4892
32.6477
-190.949
-203.165
-27.2145
-214.904
-197.646
42.7559
-12.6851
-204.3
70.8017
-182.797
78.9692
-193.251
27.5135
-196.093
-209.013
-26.1292
-97.2143
76.784
-29.6811
-106.719
71.3428
73.5762
-46.1816
-202.814
-188.82
-203.643
-209.236
-185.874
-43.8086
-178.501
-188.68
-188.431
-29.7165
-75.3161
-208.84
25.129
-194.549
-206.126
-206.048
-184.843
70.9722
-201.524
70.5481
79.6801
-210.226
-220.54
-32.1651
-203.674
-185.597
60.8058
-207.734
-208.072
55.4434
-5.43538
-217.763
-201.621
-14.3277
-227.169
-209.298
-148.25
-70.2133
-17.6236
-200.441
52.1978
3.4587
-7.65074
-197.83
-193.771
32.9313
-103.655
-193.2
-208.408
-194.268
40.9255
-194.426
28.5626
-196.821
-193.135
-193.342
-258.224
56.4793
-202.241
-210.102
-197.385
69.8447
-194.606
-37.7429
-11.3253
67.8697
-197.284
-206.238
-196.272
-203.236
-30.8129
-193.792
40.0048
-193.878
-33.1051
26.3432
-228.673
-192.104
-194.224
-214.288
-223.314
19.9787
-202.675
-206.587
-203.601
57.9547
52.8161
-187.995
-206.733
-192.41
-200.381
-201.384
67.4238
76.1717
-183.211
11.6808
-215.25
47.4545
-6.68449
-116.157
-73.9358
-18.3805
-193.571
-181.597
-20.1211
-237.326
-198.163
-111.491
-203.217
-194.31
-206.383
40.6093
-192.582
-181.699
-200.549
-239.135
-204.41
-195.341
-226.527
-22.1788
-233.34
-132.167
52.5455
-209.416
-208.285
56.7585
-20.3067
-234.312
-188.813
-13.9662
-190.295
-230.473
-192.935
-24.1666
-16.4089
55.1019
12.8292
-28.7781
0.815726
53.1395
-122.91
-207.013
-189.264
-243.691
-206.355
-50.0427
56.0885
-198.807
12.0708
-12.9514
10.3821
-191.782
-23.9603
-108.147
-207.907
-1.57083
-197.235
45.9221
-11.0261
-28.4764
20.5533
-7.47988
-90.0665
-10.5639
-206.922
-204.464
-191.562
41.7086
24.8617
76.6981
80.2832
-204.976
-23.9762
7.85345
-203.752
23.4101
-18.2862
-192.279
-197.056
-204.007
-4.90571
-194.559
-22.0783
-0.284343
14.2684
-26.336
10.5075
14.1607
-205.089
-200.769
-216.968
-54.9729
-73.2117
-206.739
-248.106
-196.761
178.283
-4.88419
9.68066
-109.364
-205.881
8.55175
-10.484
-20.4151
12.9843
-247.872
-205.93
-26.4349
-34.6438
47.0748
-130.956
-24.2231
-58.957
-198.458
20.3488
-196.652
-40.7644
-62.3534
-113.897
-196.542
-1.42955
-227.736
-83.1016
-183.311
-206.744
-204.499
-194.218
11.8812
-164.352
-73.6072
-206.517
181.386
-207.673
8.19859
-193.109
-36.4466
-204.852
-255.359
-111.464
181.302
21.9087
-6.1155
-16.0645
-57.027
41.4084
-54.7721
-112.241
-11.6245
-230.103
-200.24
-35.5804
-119.76
0.932123
-201.375
-215.876
-222.499
-206.694
-57.6531
-216.139
42.3926
41.0369
22.4697
-204.158
1.42343
2.2534
-207.621
-68.1967
41.7346
41.3425
-217.312
-119.685
-231.7
-209.619
-221.445
-3.19386
-6.28242
-126.203
176.804
-205.354
71.7165
-207.517
-0.085881
-190.126
-207.656
-129.534
-54.4551
-70.2601
-200.734
-12.1227
-195.104
23.9506
9.43264
-204.701
-195.507
-4.77115
-137.854
10.7603
7.119
-207.748
-205.955
-180.981
-56.5065
-155.269
-206.066
-251.906
-251.281
21.3151
24.6879
-206.224
-206.869
-235.734
6.43738
-166.716
-208.872
-17.147
-76.6605
56.1009
-24.9825
7.04896
-134.324
-242.056
-204.043
-75.4202
55.0013
5.2186
4.60522
-196.887
-237.851
-43.7098
-136.852
-145.331
-222.846
-103.614
53.7522
-221.147
12.9122
23.6081
-203.784
-240.955
-194.479
-193.729
54.5323
-202.224
-198.491
-166.83
-59.8849
-196.077
-122.895
-199.12
-124.962
-183.077
-221.605
-66.2086
-137.394
-202.4
-173.614
-249.253
-19.8394
-205.662
54.2199
-129.379
-207.065
-121.375
-64.1046
-68.9019
-142.939
-202.131
-34.1949
-123.104
-79.7609
182.945
-201.099
-35.971
-201.101
21.1265
-116.779
-181.621
20.637
-123.495
-160.478
-20.6849
-196.262
-195.959
-193.07
-135.137
-117.811
-242.665
-240.5
-134.421
173.956
-84.0353
-62.3521
-171.028
-66.5906
-73.6865
-164.095
-81.8819
-77.1825
-95.4842
-180.889
-195.894
-70.9599
-177.537
-76.2951
-114.585
-140.477
-114.648
-69.0959
71.2138
-131.394
-133.376
-22.5241
-103.305
-89.9716
11.7109
8.26923
-96.4911
-180.513
-67.068
12.8088
-130.207
-94.3192
-65.7419
9.41603
-108.743
164.639
-177.579
-89.5912
-171.292
-70.3121
12.7867
73.4836
-72.1635
-64.6059
162.284
-62.6663
180.366
8.24141
184.908
-76.0971
-122.377
162.151
-121.205
-77.3134
-82.6999
-156.818
72.9384
184.019
-67.525
-151.918
-196.92
-159.535
-183.206
-213.738
-127.616
-197.133
-192.356
-173.588
-215.705
-87.4386
-164.134
-180.903
-185.407
-205.15
-270.438
-203.678
-202.05
-188.504
-197.916
-192.564
-173.47
-204.639
-171.1
-216.052
-276.151
-190.326
-201.431
161.047
185.809
-166.7
-193.134
-212.229
-194.523
-198.63
181.456
-183.376
-185.457
-179.823
-193.162
-206.181
-204.755
-198.515
-53.726
-203.923
-199.743
-191.951
-193.766
-204.721
-190.466
-202.917
-281.002
-188.567
-58.0034
-200.559
-196.774
-202.606
149.47
-205.954
43.0047
-203.646
-205.239
146.652
-61.3634
41.2086
72.9486
-138.068
-71.1159
-234.868
69.6835
-134.054
-238.109
-76.9342
-128.218
72.9091
111.042
37.854
61.6615
40.7691
-239.919
47.5644
172.912
169.303
62.099
71.7974
33.3315
70.2428
168.545
49.7043
162.372
134.325
68.6007
169.817
127.673
172.029
32.506
-253.082
-14.5374
69.6107
109.033
-15.4353
-261.03
161.599
71.3273
32.8498
159.657
68.1044
71.8498
71.2847
-265.013
38.3201
168.301
173.72
174.054
133.328
148.784
65.4102
68.5164
63.6064
58.316
58.7269
166.182
68.0288
-157.563
49.7081
-17.1316
64.8246
-149.871
62.2591
160.676
-219.328
67.0389
-270.718
-220.533
168.608
63.1608
165.999
-217.764
33.5241
61.4821
79.7022
66.3616
-224.549
54.9184
55.304
172.673
110.235
65.2862
169.683
58.942
64.6823
48.6415
160.806
47.5295
66.9513
66.4734
58.0836
165.955
63.31
46.4893
50.0599
51.4617
51.826
63.7617
32.3932
45.3577
164.012
47.9127
55.57
31.5512
60.6052
47.1377
46.7885
-218.361
169.941
164.761
43.0896
45.6993
54.6364
160.683
59.7882
44.1146
42.6612
41.1103
81.4666
52.1398
-45.2906
57.2605
38.1878
-226.377
167.33
51.13
56.3654
35.2768
39.7612
49.3528
166.222
168.113
23.9297
34.3426
60.4164
59.9918
168.073
-225.713
47.9331
160.06
53.8616
31.8583
-143.436
32.0982
48.9897
52.8915
30.0423
162.092
47.1828
57.0187
56.6206
45.7566
50.3993
36.8869
101.632
101.144
107.929
104.261
103.848
103.717
102.795
163.81
26.0365
163.154
53.1947
53.5708
46.3897
32.4216
45.2928
44.949
33.8326
156.663
164.84
152.689
43.8533
162.484
164.806
156.843
43.4311
44.8791
42.231
162.011
158.201
164.55
39.6478
34.9597
152.556
26.3241
165.565
30.4075
40.0955
166.77
48.2826
29.5451
36.7277
165.17
141.139
46.0988
26.9353
-245.236
146.217
76.2768
24.8547
35.4598
159.069
161.169
160.586
30.9666
33.0016
158.926
31.3301
139.749
37.2055
30.4886
30.9697
30.1159
44.5326
143.507
28.9727
163.296
27.5012
136.345
145.246
161.186
-248.496
79.7105
160.896
163.114
128.497
32.0388
106.55
101.51
102.505
159.009
136.335
-252.867
39.3083
157.036
-257.89
35.7709
158.869
125.835
157.02
28.0963
28.3851
128.582
130.391
36.4012
154.943
152.414
30.1835
156.379
157.768
153.744
155.434
30.8684
154.873
150.994
108.52
145.966
149.902
141.709
143.72
145.17
-179.411
144.191
76.8296
142.484
31.4747
139.002
142.296
-153.587
77.9807
78.5453
142.584
154.156
-178.987
140.43
139.326
139.454
137.26
78.5412
131.378
-141.493
109.727
134.29
133.366
-261.539
-151.909
151.522
131.401
124.957
127.651
161.894
144.574
128.513
127.472
108.091
125.61
124.568
124.833
-141.159
-149.175
119.274
119.934
123.028
160.955
120.28
81.9418
121.694
118.865
163.998
122.756
122.041
117.148
140.181
117.555
116.068
116.534
114.386
114.859
113.295
76.7248
113.836
112.202
111.656
111.17
109.561
107.98
130.481
-8.66016
74.5597
76.2374
125.796
-179.342
-9.96802
-145.619
176.129
148.781
-139.569
150.585
163.378
-224.184
147.425
-29.0252
75.1247
-146.343
-10.7367
-48.9326
151.592
170.177
139.423
-150.654
-228.567
174.582
169.72
145.688
178.051
-9.48635
163.743
158.373
175.998
173.224
-53.7408
-10.4481
139.906
145.051
137.122
141.986
-230.151
171.78
-176.244
178.476
143.011
161.811
143.796
-11.9813
168.377
-51.7568
-50.1883
-44.5234
-117.151
84.9339
-167.578
-117.335
-51.5304
-23.5602
-32.1354
-47.6636
-111.666
-118.079
81.3204
-111.767
80.2503
80.1741
-27.61
-49.0228
82.0239
83.7411
83.1078
79.6528
85.2795
-176.678
-25.4719
83.2042
-23.6631
-23.2805
-224.875
79.9562
147.898
-4.08174
-221.252
79.4332
-176.22
144.33
149.238
-219.787
-5.41247
-22.6744
170.199
-69.7575
-64.6907
-223.837
-223.283
-220.139
78.3049
34.8148
147.366
-6.26574
-156.295
-167.061
-25.0387
-223.277
165.899
-26.1724
-28.0524
-66.2624
170.834
165.927
-220.775
-194.283
-225.729
-219.271
173.513
158.412
-4.69398
-192.408
32.2791
35.5991
161.815
177.4
168.168
170.633
-192.968
-227.489
156.942
-254.982
-5.68044
-161.062
-61.9446
-67.0053
-230.041
-26.2369
-175.799
168.216
-54.631
-193.067
-142.386
-72.3489
144.004
-169.955
143.196
173.344
-62.6257
-138.496
-170.494
31.2571
30.6514
33.7729
145.116
158.601
-7.04641
-194.73
-187.49
33.5316
31.9262
-171.699
-49.7315
-194.133
113.089
-37.9185
-194.834
129.44
-137.87
-84.5915
-42.2464
30.4374
-182.112
-192.211
-183.547
-14.3962
-247.671
-47.0315
32.9763
-177.619
-13.1342
-186.531
-251.573
-190.429
-41.792
-245.065
-378.379
-82.1635
-188.073
113.32
-252.743
88.3291
141.924
-90.4885
-51.2591
-69.8372
-46.357
-79.1728
-12.83
-246.818
-86.0492
-55.9033
-21.8495
-188.427
-50.3371
-75.1528
-67.9966
-259.555
-196.883
-212.655
84.6131
-91.9151
128.139
-19.9648
-60.2608
-138.608
-55.1002
83.6166
-212.824
83.4641
-1.13323
87.8104
-65.6466
-59.0504
125.825
85.4505
128.638
125.909
-5.72026
21.7399
4.93608
7.35779
86.4441
87.1295
138.519
-73.2969
19.1099
-213.926
21.1039
18.9723
18.0059
-86.7088
126.619
141.549
19.058
39.0472
139.488
82.9743
168.688
-215.919
-23.0752
-31.2414
-30.464
86.6415
-234.102
125.823
-192.231
38.7902
-2.51863
-33.1692
-43.4465
17.7835
130.223
-209.339
125.625
18.0531
22.0663
68.1278
-87.9721
-227.295
-47.5897
105.917
139.883
127.314
12.594
-178.314
-180.711
162.731
158.266
-32.8674
23.8243
-108.651
-359.787
127.316
-119.278
149.384
-12.0966
-148.832
-38.6913
-33.2656
-23.8373
107.67
111.714
-182.693
-176.548
110.036
110.66
-1.04176
127.047
108.289
-240.374
-236.216
106.973
-100.931
-178.992
-176.009
95.3235
-81.3311
151.39
50.0798
84.9467
-20.9546
35.3528
-27.4109
128.774
-20.6322
-32.6055
128.729
34.679
-104.725
-183.452
149.07
132.901
161.3
-34.8961
-0.473434
-377.355
-197.994
-200.312
-20.7216
-197.463
-202.802
-202.172
-200.458
34.8735
130.179
128.73
-75.5878
34.0906
-162.732
-184.082
86.6514
-47.7021
-174.661
-231.308
-153.314
122.77
123.06
-86.521
-85.2054
0.325779
21.4229
143.387
-194.44
-80.5544
-3.96023
140.776
4.43285
-45.5676
-37.8151
-187.057
-196.662
151.158
71.8084
136.928
-177.788
117.986
-74.7906
48.546
-217.035
-10.42
-12.8567
-19.5027
148.035
-58.7878
-158.544
1.96054
-102.942
-173.427
133.295
36.0949
128.412
120.07
127.325
-21.0318
19.8535
139.118
0.413918
129.826
-22.5295
-54.8754
76.4535
106.68
-219.026
-220.158
-316.478
143.012
-157.225
25.4601
-182.606
61.9422
111.413
-22.6898
-23.3784
125.88
125.513
123.18
-241.405
-7.44445
-163.169
112.222
160.356
-150.065
-188.937
-188.695
-179.961
89.8116
-178.146
-3.16359
-196.221
-197.252
87.2733
-183.392
135.357
31.0778
-40.5924
114.291
-60.5725
34.3233
82.5364
-147.584
-30.4211
-20.1898
37.1304
124.375
-177.421
165.592
-77.1707
27.3903
76.0527
-220.317
21.5896
-205.559
-207.556
160.832
40.3657
-198.159
-202.838
131.733
105.826
-173.697
69.7098
-177.72
-210.443
38.9088
97.8009
-21.1027
34.9475
125.327
63.9308
124.33
-23.5379
60.0297
-12.3782
-11.575
12.5268
-165.396
4.77893
-19.9619
0.147258
110.806
56.282
4.35534
54.3002
-74.0247
-2.53266
121.637
-65.7102
-5.23881
-57.836
50.4979
-51.0947
-45.1229
-217.661
44.7478
-34.698
41.0235
-25.7697
-21.267
35.1368
156.892
-17.7232
123.853
167.426
36.9954
-10.8597
32.9175
-4.1785
-0.854549
28.8383
26.4766
2.06992
24.4123
4.7998
7.35314
19.8859
22.1699
10.2857
15.2317
35.8521
21.7816
-216.453
-42.1876
-185.512
98.5861
15.3454
131.245
122.703
5.43609
25.8836
-163.952
51.4676
-84.5288
5.92488
-21.5708
-38.1564
22.0344
12.2841
86.2707
15.0617
-189.558
-54.4578
-19.7858
122.099
67.7554
65.2645
138.732
-13.3388
83.9814
6.0179
186.783
204.069
141.063
155.951
-21.4123
119.876
28.6658
123.627
-85.7254
-24.3729
1.72626
-27.9124
-21.9118
-179.636
-11.351
-3.23032
-31.9807
14.4158
-170.246
-10.3511
17.3069
88.5173
-25.5862
140.938
164.109
-246.717
124.242
-25.6242
15.9984
-2.07642
1.14733
-162.576
122.056
12.8514
69.0557
71.0741
109.852
-15.5844
110.907
-21.5607
-0.914736
12.7879
42.3748
59.4771
-11.261
-183.297
105.191
3.9776
139.368
-86.6437
70.9435
-189.401
141.827
-1.49002
-178.731
-14.4942
121.743
6.72346
86.2133
10.3153
-8.98317
16.0623
-197.538
-13.0829
16.239
-175.609
-58.7147
44.6451
8.26455
-89.7165
-10.337
107.635
33.1777
122.576
14.7507
120.832
62.9985
120.19
-14.6337
-216.288
-18.7116
-87.6117
21.6843
61.0369
-193.154
-192.302
-143.634
163.268
-1.1947
-143.48
64.0424
39.4531
-0.169925
-59.8777
-98.7195
-6.37717
-217.735
-54.4856
6.19019
-205.934
119.343
119.835
22.3643
105.351
-101.88
-137.788
63.4668
71.4973
-66.6944
-38.8041
-36.2411
106.673
55.4715
58.0904
-0.511879
101.622
-177.015
-68.8453
-46.5588
-145.965
-175.51
-61.3053
11.7337
-53.8898
-179.607
-47.8115
-564.058
-173.691
-0.552463
119.026
40.1965
118.272
4.14741
1.79669
-3.69281
-229.857
102.955
38.0769
9.13172
137.574
23.9848
17.51
36.0205
145.687
33.9736
117.713
-23.0767
-24.7937
-175.857
-19.8809
84.1753
-19.0792
11.3763
14.1025
121.841
-2.2416
-13.5188
0.679872
25.509
27.8805
3.59775
290.795
6.14842
21.0487
23.3597
9.11706
74.3786
0.805324
99.5192
-35.4022
117.542
117.855
31.1119
166.789
28.5673
-23.6533
98.9899
-28.6872
43.3921
-34.3817
-78.4788
-95.4369
28.3973
-20.3145
-199.15
137.621
35.1896
-13.3668
-175.149
114.945
-177.18
-3.73938
121.086
-22.6307
-19.9678
111.15
-197.503
-243.75
117.178
116.31
-86.1717
-26.5675
57.8726
126.074
10.2042
5.40063
10.8748
-2.78542
57.7449
69.2865
-54.1575
-0.0266503
-79.0828
145.775
-142.266
-71.3825
-4.1716
-89.9843
150.477
87.6112
9.16424
-156.858
-136.737
-64.523
-8.83401
-139.209
15.9726
-12.7589
115.682
115.844
65.1061
-159.139
-253.595
-3.41629
157.812
-65.8599
130.329
-200.805
28.9747
-2.36098
-200.283
154.478
64.0453
65.0562
86.91
7.07962
143.886
115.268
114.304
18.8375
16.4065
192.643
1.62403
5.92948
21.0836
-167.747
-20.3748
18.876
109.741
-224.397
-87.6499
-126.674
-4.85516
-196.344
113.774
113.795
27.3749
32.1397
-161.019
-19.7549
-31.7631
-52.1198
157.227
-136.811
96.735
-9.27767
-159.931
-222.495
-36.8296
113.318
112.272
5.92122
-197.375
25.1989
141.21
4.40594
3.32872
1.25208
34.975
46.137
-158.721
-214.522
140.953
22.6315
-175.359
69.8682
-4.84233
111.83
111.722
181.403
56.4189
-9.28157
-183.13
-467.073
-155.583
142.564
4.5375
-183.557
-3.63024
84.2676
111.333
110.206
-173.639
41.8268
132.882
-27.7275
-364.92
45.074
-52.1221
70.5011
-259.691
9.28157
43.9553
92.6051
42.0951
118.971
116.764
-40.0284
109.851
109.614
-17.9321
15.1286
-29.3946
87.6004
-221.662
6.32878
-240.089
-43.252
-140.758
1.95253
89.9662
20.2508
-66.8975
55.7598
53.6539
74.2578
0.999646
-0.0948896
2.40301
1.98551
-2.08387
-0.108727
-0.0447832
-1.6377
1.90792
0.656526
0.311164
1.49258
-0.0248447
1.37199
-1.7817
0.484709
-0.361687
2.76424
-1.65288
0.115217
-1.95539
-0.692226
2.61145
-0.818401
-1.3079
2.39784
-195.223
-195.595
-14.0036
47.2408
108.115
109.314
-9.62464
-402.52
-246.517
-152.946
-2.94236
-123.187
42.9536
-200.4
-212.337
-14.336
4.03946
17.767
4.49344
80.9468
24.908
30.3978
88.5175
107.843
107.487
3.83682
-193.658
-80.6032
-67.6297
-176.777
-88.3276
-365.126
-334.513
-167.093
99.9212
-344.979
-0.49641
-143.168
82.3365
44.065
-317.712
-327.326
-402.433
-425.263
-18.5262
18.7641
-12.8502
40.5542
107.266
-4.36263
-196.611
-206.071
-235.338
18.304
-196.982
-199.218
-0.144552
8.69229
-150.016
-245.492
-174.153
-18.5363
103.874
23.1024
-211.951
-212.35
4.31518
-2.74911
12.9363
-150.059
105.806
50.5051
48.6577
-179.145
67.1049
-7.88588
148.652
0.2417
-36.5115
-118.622
-16.1483
21.0269
-486.657
-175.129
103.737
-175.853
96.2636
88.139
21.8467
-22.111
-12.7694
10.9627
-1.08876
-147.172
-41.0801
-165.966
-196.441
32.0037
-171.085
29.8948
-14.1195
-22.7399
-86.1468
10.0208
-12.0316
-7.30379
-186.586
-194.453
-14.6502
-278.639
-291.145
-593.006
-5.16896
2.89418
-98.9396
-3.63408
-210.973
-147.066
101.541
8.17085
-129.459
23.9374
1.21496
-13.946
-154.339
-12.5969
-145.661
-228.863
57.074
7.39003
-220.311
23.9163
-190.057
156.697
26.4704
-25.105
19.6312
14.1958
281.115
10.8124
86.4564
-221.597
15.1021
98.8893
-257.026
-1.1711
1.44543
27.4031
-265.209
-262.222
177.077
-53.1399
31.6775
-144.033
-22.9668
91.4139
30.7131
-397.077
-22.8837
-141.524
-1.65974
-180.797
-111.035
-114.767
124.448
88.075
1.05793
-6.83764
91.6726
35.039
-44.1951
-76.1229
-225.835
-23.4255
-198.73
16.8152
139.681
137.615
-74.7916
-125.213
249.76
-202.632
-200.15
-9.74496
-156.522
36.968
-51.5074
-57.1713
-20.5712
-198.223
20.805
-96.4975
-14.2917
20.4813
-133.416
92.8014
7.26236
132.799
21.4848
3.43447
12.5455
-96.3555
23.8626
-276.166
-199.115
13.8354
-195.32
71.0429
-194.527
87.522
-22.2293
-15.5632
17.6719
-261.333
41.6334
5.27796
3.23956
30.8476
-0.612754
-3.09538
-186.244
-377.557
-400.379
191.078
-205.017
-59.0605
74.2511
127.842
-1.91237
13.2679
71.1369
-10.8451
46.8433
72.9304
-35.2026
-142.116
-2.04324
-199.893
24.3152
-13.7781
15.5807
13.6821
-0.133292
-17.1857
-105.158
-17.4629
-151.976
61.9662
-194.835
-236.515
36.1895
75.082
-233.234
-79.5472
-128.634
142.404
-228.679
-19.6695
-292.651
132.955
1.46402
-3.23064
60.9809
61.9802
-17.3253
3.3807
-173.503
-10.1263
131.236
-257.084
3.56172
102
5.79909
-71.4927
37.1034
183.506
-205.822
-166.585
48.1399
148.224
108.11
45.4076
-74.6644
-187.763
18.6748
-249.295
-175.075
-243.062
135.83
18.1185
-69.7608
90.3941
88.312
99.1284
117.095
-187.355
-1.18953
23.9977
4.58437
-2.58974
-25.5802
327.971
44.3954
206.045
-53.6581
-9.26087
55.1203
-177.472
-18.0819
-59.8474
-165.095
-179.25
16.8438
-105.637
-49.8452
84.6141
-238.875
158.497
-228.753
-210.843
-207.689
-12.0813
-204.393
-193.923
-4.25577
0.430587
45.8699
152.671
-410.179
-183.018
-645.729
-170.345
-199.739
-41.2426
-30.2606
-44.8597
2.00447
16.9483
55.785
56.3911
9.07244
-183.583
83.8617
82.1544
56.9886
110.657
14.807
16.7573
1.40009
36.2207
-10.0428
38.5605
-2.65309
-16.6666
-161.313
11.6556
-15.5772
-18.836
132.364
26.6899
-2.17168
-2.16069
-63.9576
103.066
-185.898
-176.554
-667.706
-167.161
0.494714
23.7408
-179.289
85.6518
-197.711
92.8412
-7.76187
177.978
-10.1614
-300.364
-63.4968
-205.371
-143.79
17.8075
31.9561
198.065
3.93116
-95.9755
-174.145
-90.9079
2.73635
-23.832
-57.8923
151.051
-475.044
10.7296
-2.39468
34.3635
-45.4216
16.6459
19.5293
-28.674
89.9596
-188.095
-90.5378
18.9273
14.1836
86.9347
214.397
-184.754
-259.074
50.0816
136.062
32.881
-7.30783
-224.47
-209.227
-188.036
-11.6766
-186.807
-178.929
-175.316
-15.7271
-224.407
-162.944
0.631183
56.2939
-7.80282
-48.5433
112.213
9.10099
-187.957
-174.925
-46.9097
-32.5658
-218.274
-93.8115
-209.526
-113.407
-162.761
41.3824
-15.4542
-13.0149
-32.4425
-206.594
117.337
-177.145
24.1689
-177.416
-227.619
26.0678
-13.9938
-154.608
-157.998
-24.3689
-27.3504
87.4157
83.5732
-73.4287
-167.255
-3.0606
-14.29
-130.096
43.5976
-418.63
88.7905
19.9473
75.8042
25.2933
148.767
-128.403
-0.633519
-194.952
-17.4112
79.6794
-195.663
-250.964
-55.2656
-184.641
145.403
116.384
50.6845
-175.4
-185.219
-0.287882
73.9381
-223.113
-150.263
-325.59
8.4486
-20.3064
-204.43
-225.176
59.2134
75.6845
-205.129
-189.116
-200.726
-8.51885
57.2739
-318.02
11.6306
16.4472
5.36956
-13.7241
75.2914
93.3736
-15.4354
8.05539
-142.501
-18.5773
86.4794
5.5985
-22.3888
164.004
-230.237
-175.22
-75.4273
12.0132
-348.94
32.8684
-0.333375
-1.96778
-105.904
-15.1495
120.289
-11.5327
131.591
154.547
-3.47802
-162.914
18.4719
28.7815
-3.29096
-3.75265
-5.95896
-1.45179
-313.722
-425.275
-185.739
-168.413
-145.162
83.5973
-41.9496
-31.0092
-9.20182
6.31861
-236.692
38.7889
-24.2388
-2.48646
-2.13831
-166.066
147.834
-5.00366
-195.638
20.9893
63.8685
12.7258
36.1315
-39.2659
-174.766
79.3064
89.3571
5.29002
-175.602
-202.579
-17.8743
-188.427
-180.378
-202.023
31.0668
-213.308
-224.889
-137.591
-151.63
49.4034
-6.75919
-190.054
-0.377806
-225.74
17.2007
-127.37
29.4577
-190.792
-94.8091
124.693
122.775
-170.975
-226.371
116.404
105.425
102.594
-65.8661
108.865
118.102
-102.122
-183.7
25.6993
39.9019
59.0662
1.72628
41.9334
117.895
-193.951
-194.996
-117.666
131.262
-13.1666
-192.468
155.996
-239.834
-215.98
92.706
-225.65
-221.608
73.869
-8.46859
-140.712
-526.843
7.54443
129.713
35.9608
-181.857
34.8546
6.86418
-158.539
119.154
27.6505
13.6151
-3.47656
23.99
-0.563827
97.7499
-86.6736
29.7493
-132.937
22.3586
-179.915
-2.06721
151.212
-208.439
-20.2309
31.7972
9.95914
-187.225
40.461
5.15619
42.4439
-284.448
-231.954
33.9951
-20.0423
-30.7657
4.14362
120.306
52.957
54.5755
130.693
-233.85
-103.531
44.3352
-194.107
-199.164
-201.343
-96.8349
136.312
-193.08
22.2322
61.0697
3.3047
-147.095
-66.7918
-53.709
-194.257
-233.025
-235.85
-168.651
147.59
-175.302
142.675
23.1965
-166.128
140.211
117.995
115.531
143.544
84.3629
-50.5909
-172.868
124.052
38.4384
-82.2029
82.328
-80.7464
-115.112
-74.0318
-197.209
-195.343
-65.5135
153.344
153.876
1.53429
2.35332
-0.160156
79.2963
-149.889
9.63099
19.7216
156.63
22.3729
104.638
-34.3011
114.092
-24.2932
-183.953
-10.6945
-181.227
-182.28
109.455
-7.29693
-434.204
135.737
-268.256
-172.616
20.7283
-175.197
-147.512
8.70102
2.72038
-185.314
141.849
-141.38
-83.2397
-52.0107
-171.201
-9.78575
-373.565
-233.34
-410.279
35.3459
50.9486
-72.0183
52.2308
-4.6841
-4.57216
8.63761
-7.14041
-196.999
51.8631
19.6523
-156.047
8.32076
72.8107
90.1457
183.628
-6.13364
-21.4244
-1.40182
-266.798
-199.06
-102.852
120.172
86.1443
-172.668
102.91
90.1103
134.912
44.9929
-96.1126
84.1808
-64.8288
85.6749
147.25
21.1265
-12.7027
-74.2719
-24.3382
0.832665
-182.38
60.7231
19.2403
33.8312
-33.3368
-32.7438
141.125
5.30227
-150.531
0.516909
-193.816
-0.109201
-197.256
34.1872
-140.107
34.1442
0.0582374
-44.1778
-9.53537
17.415
97.4079
68.5601
9.65188
21.3811
53.384
1.67636
98.5014
-9.89655
106.695
-45.2674
-186.59
1.81692
-196.737
19.6482
-228.691
-59.0366
-206.617
-174.694
-183.449
-21.7353
-179.086
-230.47
-99.3581
17.0818
40.7545
-189.021
68.6562
69.6698
-14.7047
-2.04699
-197.743
91.505
5.40438
-223.624
7.80777
7.95537
68.4502
-169.663
-165.656
-174.481
100.739
-24.6525
68.4709
58.3746
0.904542
32.9716
25.5971
122.319
127.158
103.036
65.494
-307.504
-170.118
-201.406
-196.434
-176.206
-243.18
132.011
121.329
110.864
-199.459
-142.759
-67.5519
-3.98016
-227.029
5.63754
-202.818
-239.527
91.9433
-583.623
15.1069
112.303
13.4921
14.0409
108.743
-18.8736
81.1295
-182.702
100.378
-25.8993
0.208583
59.0879
61.1388
-287.374
6.72352
120.469
-200.333
-197.347
-195.08
-89.5036
-195.007
1.85087
-5.94567
38.0843
48.244
-104.857
-172.171
-194.5
-201.925
4.83829
79.857
167.61
-169.16
-22.0456
-201.44
3.81251
-263.027
110.74
-157.488
-202.371
45.3035
-9.12337
-175.107
3.22544
-225.09
-190.9
-192.532
-218.701
13.2165
129.881
-5.32209
-35.1758
42.5694
-206.01
-206.628
113.598
22.6276
1.03054
-29.1056
-182.054
-14.7098
114.955
36.726
13.5649
53.5447
-93.3167
-1.96521
15.8715
60.8832
15.3449
19.4984
-163.678
-192.184
-182.949
232.329
-184.892
-186.216
-64.0722
38.3627
223.845
33.9709
-110.722
-63.8023
-508.884
5.05553
-32.4022
-30.5598
-215.424
-254.881
10.1459
-183.007
32.6692
-116.152
-2.87188
-7.98898
-192.508
-234.976
126.668
93.4092
7.28306
-42.1353
71.9714
-14.3024
-60.5479
107.015
54.2238
16.1212
-211.854
-187.515
129.102
-176.767
100.229
131.262
-234.522
-239.529
-234.098
1.15886
-17.1336
11.8099
113.842
-182.28
-181.055
-103.019
79.4386
5.58251
0.474551
-172.114
144.366
118.204
-114.126
17.4494
15.918
134.605
-223.441
-176.054
68.3721
-259.729
-39.005
5.89916
-180.277
-42.0505
145.837
-147.745
-155.06
-104.469
53.0761
-3.85473
-149.081
-216.357
-193.535
7.4149
41.5313
-140.845
-148.192
-181.783
-198.714
5.36205
-200.045
-339.7
34.9681
-16.4118
96.8427
27.7694
-183.259
-182.617
-18.3626
2.81207
40.1025
-30.7847
15.0958
-8.48185
-230.132
48.0229
141.04
-46.5134
51.6375
-1.14403
-42.0359
-15.7515
9.73052
127.24
133.614
-206.352
65.1263
-14.2431
125.471
83.8403
111.348
-46.669
-200.033
3.34961
-203.088
-186.4
81.072
20.7685
-39.0595
-60.8937
5.78191
137.928
4.93018
-124.196
104.177
-6.91688
175.587
-40.7579
7.38521
115.412
-179.33
0.085215
-165.692
-86.5629
-184.149
-148.083
115.1
98.7581
-123.206
-33.6678
-175.847
-111.388
-82.769
-62.5604
-213.308
159.2
-17.3975
12.3929
-53.53
16.4463
90.4046
-183.105
1.16918
-126.929
-260.492
-48.4508
-17.9732
58.1256
137.818
59.0469
61.8048
7.64546
-248.658
-199.529
-233.217
5.42059
-175.028
-163.283
56.3967
-197.722
-205.533
29.1223
-155.583
-180.365
-207.096
-73.1704
44.1
39.9579
11.6464
-194.354
95.7966
30.9991
-195.538
5.87162
-2.62073
-5.09607
-193.928
-6.70015
-190.731
-179.107
-127.199
-116.152
-200.532
78.4972
-28.8242
-159.956
-194.513
66.6777
-170.919
101.105
-210.215
-238.323
5.7692
-47.4305
-20.1122
-204.586
16.9565
104.209
-151.261
-196.322
35.1618
-214.346
83.6242
-215.527
112.001
294.28
301.893
-91.5968
17.4771
210.352
-140.548
-118.386
42.7649
19.1098
-185.153
-3.90433
-203.482
-216.42
39.3898
22.2758
109.981
-196.06
-231.88
7.5302
86.9394
-137.788
5.78278
29.3919
-137.174
-17.7936
98.1568
-174.729
43.0747
-1.82486
-194.68
14.9862
34.728
-199.99
-12.5131
3.27046
5.0915
12.3451
18.9567
8.33899
-71.4675
2.30277
-43.647
33.1378
54.004
17.845
18.3943
144.059
-0.00395879
84.0981
-0.842272
-233.326
7.23164
-7.16605
-166.697
18.8945
-198.405
-199.425
-17.6355
-615.315
-96.2752
56.3384
-61.7323
-0.106707
113.05
-8.64021
-53.2446
32.7533
21.6524
107.858
-4.85841
162.074
165.712
-185.951
265.288
115.318
-209.237
-183.595
-188.653
26.0268
-20.5441
-197.291
-182.612
-133.806
-104.234
80.7055
-192.023
29.294
36.2259
7.53914
73.0692
-34.2522
-193.613
-290.474
0.222876
-191.113
-41.785
-216.477
-220.483
-25.0616
-234.405
68.6051
-189.548
-58.3733
-16.3474
-191.584
23.1979
11.7132
4.63736
161.865
151.957
-188.973
1.26393
-199.356
-183.53
130.939
0.504688
-154.916
145.548
117.939
52.8519
-117.968
-110.183
94.4338
-90.2962
20.2798
75.1935
-174.508
16.7511
36.2852
20.1062
37.1581
135.236
42.2759
16.5715
5.62984
55.1534
-12.2694
2.38989
70.6922
-1.49277
148.045
39.8847
11.9626
-452.534
88.9373
12.6953
-261.81
-158.501
-19.56
-172.189
-16.7394
114.487
10.7954
-233.736
-210.571
45.802
84.7343
121.794
-239.043
-18.8925
55.7353
-197.774
78.4075
77.182
-0.565713
35.4619
-133.329
-8.53428
144.706
-115.173
30.3035
233.505
17.9182
143.879
0.542114
-0.722099
10.2917
81.8666
26.8996
-15.4604
64.674
-253.434
38.1105
186.712
-0.29859
-172.053
6.87995
-196.957
0.718225
-9.90408
-148.588
-185.203
2.58962
-13.7001
3.57107
-158.316
-11.9657
178.747
-134.905
10.0197
119.838
-208.82
-143.007
65.2247
1.50778
-14.6541
-157.577
64.4743
50.7153
82.0247
-184.007
-96.6514
-174.331
-19.5791
8.24744
-182.186
-151.147
-174.376
-109.613
-183.096
-182.033
-185.398
-113.088
-7.33026
-168.111
-49.1961
20.5643
4.89201
-147.414
-82.1662
12.2285
-144.893
-125.534
-70.1094
15.3712
-229.649
9.70603
105.337
-188.1
2.18616
15.1709
76.1129
-243.604
15.8262
39.7336
44.9645
-99.132
16.1157
75.9527
69.0137
36.3132
-146.977
26.5091
-10.9916
149.079
-27.0455
-1.22165
28.5383
-139.209
-173.73
-155.248
-51.4469
-0.837695
34.5573
5.32373
121.384
-96.0108
-234.823
-183.875
-77.8221
8.80734
71.0532
-197.652
287.769
-46.8641
91.5849
8.90843
-189.229
-188.946
119.074
-405.805
32.1622
9.46804
-4.47982
108.329
26.3532
-187.296
14.0678
-27.2017
-200.974
25.9721
-182.306
-130.297
-51.0227
30.2734
-84.4207
-17.0121
65.6063
228.923
-153.558
136.531
-194.317
2.37993
-186.413
13.8163
148.331
-173.161
31.1056
29.1239
8.68731
10.8337
98.246
30.1396
87.4002
-162.029
8.78145
4.6434
10.3438
-221.673
26.7885
17.7672
-147.25
-21.6828
-14.368
-14.6751
45.2735
-113.043
-172.416
72.9161
-179.226
-50.9792
-0.695352
-12.2021
172.491
-54.5977
-156.814
76.517
12.1633
80.35
-189.169
28.6988
-1.91231
18.9349
-168.979
-4.51716
76.7001
59.6913
-92.8831
-30.7606
10.136
-57.3538
4.4571
-250.077
-16.8031
-4.20647
-50.5651
157.479
-195.672
-0.500966
-6.79602
-185.576
-142.937
-1.24674
75.6206
6.69495
48.6677
92.6108
5.39563
26.1413
-15.6462
-36.3612
114.768
111.877
88.3503
-198.525
12.9498
9.47875
-28.6381
185.407
129.911
-197.754
55.9118
-194.561
14.0095
-91.3358
62.2161
67.9744
4.31541
-13.7779
119.336
40.1098
-168.983
-144.388
28.0401
-4.99831
78.1301
-47.1096
-13.1907
-48.6249
-6.47068
89.6658
-174.824
-482.593
41.4882
-53.508
-174.982
-133.654
31.0958
72.1175
20.7695
-20.174
-169.868
-7.71187
-19.081
2.79359
67.6184
-289.226
-280.013
-28.4343
-44.9516
100.152
13.6229
-3.33295
9.00889
-190.291
38.4535
-23.1905
-44.5585
-331.284
-41.8328
106.856
-37.097
93.307
-8.33659
23.8661
142.279
-215.886
-1.6117
-116.713
76.343
32.2732
-131.216
31.8241
13.541
-2.68347
6.17538
3.15086
-195.829
1.54436
-173.832
86.7379
-196.905
-3.3173
68.5193
15.2565
-6.13481
84.6634
-337.654
-2.05178
5.86803
122.404
-83.4547
33.9019
13.3298
-145.826
133.398
-157.971
-14.0004
35.9135
-523.701
-31.2025
-150.562
-4.46286
-198.381
5.23292
66.8594
-49.4727
-17.0308
25.1435
15.1861
101.974
-47.7948
165.105
-13.6027
-0.903315
10.8164
133.295
195.39
9.87433
9.82473
-123.494
0.561143
45.2123
-4.01962
-115.18
74.2179
-204.486
6.33097
-117.112
-76.5179
-156.727
-172.564
113.726
21.2839
18.6012
-122.887
-6.22234
72.4603
19.7274
-31.9552
-191.98
-60.0045
-127.302
-255.684
78.2456
-64.1303
109.562
-61.3034
-0.777828
136.307
-6.48342
-197.659
-201.099
-186.575
-232.059
2.42032
-93.7981
16.0549
-5.55887
-76.6543
-62.0743
-46.2975
12.7862
3.75633
11.634
-5.80018
110.697
-124.797
56.0258
92.679
2.65818
-79.1295
-141.724
-143.524
-99.7747
-3.01565
-131.105
1.99382
69.2951
77.3181
-185.863
-186.964
20.186
-184.853
-227.704
-132.967
240.096
245.443
22.9275
-54.5833
147.726
-32.3603
-94.8642
140.285
144.089
61.8256
6.921
-227.148
-174.419
-3.83882
-115.24
7.46374
92.3701
85.5091
-12.5105
-2.82915
-218.202
18.1913
-18.0386
-91.6947
-134.056
2.98587
-11.9657
-31.2201
-94.4094
21.4944
-128.523
201.778
-184.682
-151.462
-13.1682
147.535
-180.464
0.360136
-174.188
-5.71492
-22.8118
-161.186
-134.745
-17.7087
-187.032
-12.9326
118.872
-185.403
-182.612
1.966
113.101
80.2673
-23.0136
-116.337
-182.462
61.1236
-195.314
-154.447
-186.785
23.4786
137.502
29.6567
-125.58
-124.425
-196.281
101.697
-20.5124
87.8922
-235.737
-6.87099
239.239
-5.0425
0.608927
104.157
122.067
-243.466
-183.587
23.8357
22.6938
-171.461
-57.6533
-19.8043
-25.4592
55.2918
16.2419
-193.371
-223.538
2.78436
-128.531
20.7764
-310.162
-315.012
11.2457
7.76675
-122.639
-181.25
-1.00167
-173.693
14.0326
-309.366
-159.321
-48.063
91.902
16.7679
-170.025
-147.377
-113.126
-25.3869
-0.344088
9.50504
-197.652
-108.809
16.6367
-424.352
-21.91
-173.267
-14.7774
-2.63304
-75.5782
153.252
45.2335
-33.3828
18.8543
24.9914
-180.248
128.648
-119.6
50.4295
-97.8561
8.7875
-192.922
-188.085
-9.95443
-256.065
0.597274
-48.8268
-186.613
-13.035
-30.201
49.4668
14.7737
-1.32407
19.0335
-202.382
41.3664
-25.3599
-231.141
141.066
14.6763
124.701
-33.7811
7.61687
-180.754
-80.7022
-248.1
-150.435
-309.826
-302.533
-30.3605
37.8493
129.946
-46.1968
10.0496
14.6818
45.6443
7.55843
-198.681
53.9998
-159.005
-175.166
-103.198
8.32951
52.4981
1.9957
-231.056
-108.665
-85.7472
-116.414
-172.896
41.8251
-201.547
100.256
-1.21212
-162.213
-182.179
33.7733
-0.8531
42.4568
30.0353
77.0241
-169.53
163.172
-163.661
73.3844
-122.078
28.2236
-1.15491
-150.899
37.5562
55.9273
-30.6464
18.0174
-160.813
-184.838
170.454
-1.39181
-161.958
38.5337
-58.8128
2.3006
-67.844
37.5969
-12.0225
-0.0658712
-76.8526
28.2905
-2.62723
-251.147
-38.8874
-0.582927
-156.222
138.798
-1.91932
-46.2527
117.238
80.7075
-21.0664
-187.228
122.983
-232.516
-7.25818
-159.425
7.6233
7.16303
-198.939
-155.577
17.1076
-29.5587
-442.717
-152.977
17.7168
-177.951
65.3552
-177.689
-126.166
-171.938
-174.667
-42.4066
-60.1034
-200.616
25.9805
24.4052
146.212
-33.8637
154.774
-83.6243
25.5621
-176.473
-0.0515233
-10.6484
90.5914
30.9732
90.1822
-178.462
8.74186
22.368
-87.6466
-194.419
-143.198
-195.143
19.3423
-45.1933
150.756
63.8895
-165.739
-30.2823
-174.723
-17.7037
135.078
5.69174
-92.4732
-195.782
-195.39
24.0354
-139.329
79.4486
-99.1504
-38.7635
15.7933
141.177
-182.235
49.5494
-7.792
-8.64243
36.6509
68.9586
-4.65151
-2.73953
47.4401
-3.49714
-179.869
6.41453
-173.223
27.7998
-273.592
68.2941
-245.498
-149.924
-141.321
-183.042
22.0399
-6.74141
-49.7928
-29.7531
9.86332
-3.116
2.72959
-179.07
-2.1115
-169.162
14.3544
76.239
-206.397
6.48309
-444.447
-184.143
18.3221
-17.2241
-146.163
14.6495
2.02943
-32.5348
112.633
-177.646
-177.819
17.8604
-177.21
126.281
-199.034
63.553
18.1312
39.9601
-29.8107
-162.032
-172.296
-18.3991
-18.5683
-22.5821
-12.2981
156.75
-43.267
-202.335
-82.2891
6.54676
13.2976
14.4755
-106.14
-131.887
-192.331
3.14718
-197.54
-102.967
-193.068
-240.633
117.043
2.15334
-86.2914
145.352
87.3771
55.9671
-180.052
55.7219
-0.0857677
-7.50927
-204.511
-183.617
-98.1774
-19.5929
59.6258
-36.9393
-194.863
64.5616
-209.832
101.872
-50.2951
6.33406
-2.12613
95.2096
-87.9224
-12.0695
23.8804
46.8851
-146.575
103.738
-54.6966
156.376
-90.1916
94.0867
18.4445
-18.4903
-34.24
-2.02429
-85.9179
3.2763
-95.6609
105.725
-42.6025
4.78122
3.88643
-97.727
-23.163
102.029
-28.7184
-178.704
72.6853
17.0103
18.8461
4.41221
170.875
60.549
-87.6331
84.3376
64.4581
9.67466
-196.651
-86.6446
-176.229
-94.4886
134.475
-203.862
8.33202
-98.607
-196.019
1.40843
-194.568
-163.544
132.727
99.246
-11.4295
-86.5647
59.0035
3.15618
64.7096
65.8703
158.101
-213.79
-6.31615
29.6265
4.99271
-225.958
-32.2054
-178.014
-57.5551
-144.195
-55.9616
-62.6235
4.93731
-7.69385
-225.201
117.04
30.1175
87.2655
4.85704
-195.868
-292.17
-17.5406
-3.14427
-165.855
-47.3131
-263.376
3.03715
47.3047
1.7901
-174.41
-194.926
22.3079
-197.583
31.7202
0.992508
43.6805
-323.443
1.43528
-50.2328
109.742
1.65447
12.5959
-205.796
3.05749
-480.758
-189.341
18.4326
-16.7487
123.566
8.18467
108.516
20.594
-4.35355
2.78905
5.67004
145.272
-182.15
8.02781
135.657
-224.61
-73.5133
2.63719
48.6477
-28.9682
-191.41
-37.7809
9.2889
-104.145
22.7127
154.516
157.616
-58.9267
1.50791
-670.253
-249.252
16.1689
-183.169
-1.05244
109.937
-233.222
207.809
15.1333
-188.911
-172.892
-74.939
18.2997
-199.377
-490.327
-35.0497
21.102
0.261271
5.53981
18.5147
-3.00194
-8.69007
-18.7821
-198.658
-246.431
17.8842
-68.7601
12.2101
-28.993
-0.138718
80.0005
-186.404
-177.743
-114.751
-221.614
6.67618
10.4883
-61.98
148.058
-202.861
-207.711
115.047
5.42548
7.02052
24.881
-155.972
-14.2732
52.0842
92.6494
27.0428
121.888
147.906
10.7783
-1.77619
-313.058
-81.2492
-31.1266
-132.61
-22.7773
-120.307
25.9345
-247.724
-185.154
11.7724
-208.778
-83.4855
-37.516
11.6356
-23.632
-176.98
5.10018
-166.98
-5.19726
60.5044
-40.4227
-34.5742
127.458
6.26419
133.015
14.9771
4.30066
-153.062
0.178659
21.6514
40.0352
-339.529
-332.011
-95.5801
-16.6523
4.34963
-78.8432
146.767
-194.387
15.2943
94.7583
-13.7254
-183.902
138.428
142.125
-158.792
-184.674
3.31369
-27.0404
-3.3731
-6.25634
-105.021
25.8453
-27.4487
-240.238
56.1161
0.0763269
5.23476
-187.954
-18.5661
48.6085
-40.6199
8.45534
5.28941
17.3971
-219.353
-216.002
-150.259
-14.6609
-1.6047
47.9732
-130.621
-140.431
101.572
-507.219
-217.777
-202.53
-215.948
-78.2096
6.02141
5.43291
-106.012
-16.4593
99.2577
-7.41183
-14.9601
-74.8425
72.8059
-208.042
16.0634
-187.849
-59.2977
-171.388
-8.92807
-147.199
46.9118
17.6551
-225.728
133.498
-228.156
-115.493
-22.4844
-165.336
152.567
73.8978
3.50769
-13.2091
-68.9754
-98.5648
-151.907
-31.5466
46.3144
-27.929
-41.8574
-210.243
1.59769
-53.6157
54.4858
-64.7726
10.2652
-24.513
164.537
133.677
-42.8145
11.5237
65.8924
-144.135
-194.91
-78.8139
105.384
-294.73
23.9978
-199.793
-220.2
-27.5313
-0.901146
4.10553
-5.68039
-11.7503
125.075
-3.38347
47.0079
20.4706
2.7036
-195.91
-55.8884
-55.3837
-191.498
-166.952
-174.799
154.081
-136.766
-23.4862
128.238
120.24
8.95732
-190.861
-169.934
29.5489
19.3564
42.319
135.898
-140.79
-251.211
40.1949
73.6737
221.716
-350.904
-254.569
-206.41
-1.92315
96.6048
-172.625
-35.3363
0.221464
161.382
-0.304705
116.32
4.03696
75.1629
-244.971
-25.9415
-194.602
-596.701
14.5115
14.6861
-2.6293
52.7526
23.3591
84.8368
-64.1036
37.7576
-178.393
15.7205
82.791
9.4994
-53.6895
18.8235
139.42
-219.783
-5.88013
-20.7737
-79.2694
2.02412
79.5639
51.4373
12.1343
82.3287
-57.3439
4.93835
86.3319
-212.924
-2.9583
-189.707
-205.878
-110.713
60.151
-99.2402
36.7508
-187.105
234.605
-5.00928
-185.092
12.212
22.353
85.729
6.83628
-197.661
18.1956
-178.244
-36.2087
-185.888
-175.53
-4.7892
18.4953
-245.587
37.3708
7.01992
-200.671
-197.607
81.5692
-22.5934
-241.825
6.69723
-8.96757
21.5587
134.791
136.479
8.42295
-109.234
2.59638
13.0607
6.34751
89.2383
-166.085
-10.4236
20.8738
-173.197
72.531
121.87
-113.634
-76.8838
-116.847
0.00116392
-32.8914
108.179
142.445
3.69436
84.3038
24.3535
-173.963
-184.659
-184.637
-238.023
-7.57821
-176.351
-435.789
-22.2836
9.53426
2.64819
263.039
253.229
-198.352
-17.0019
-192
-144.346
-201.257
131.773
-1.34018
2.63206
-52.5825
-12.0068
-4.43317
-14.7816
-69.8512
-56.4729
-140.55
-18.7686
7.04725
0.278594
-232.468
-8.44027
-171.769
-5.65163
-18.2468
-170.272
34.8286
81.6904
22.0058
11.5184
-16.2508
2.26862
-195.012
8.50372
-214.418
17.4089
48.8126
86.0065
-168.853
83.4486
5.15596
-7.05638
48.5241
-75.3423
-183.969
53.0458
158.032
-243.227
19.1877
-173.714
-9.59216
131.748
77.0467
11.0132
3.72442
12.8358
-193.833
-1.8443
-164.017
-12.6686
-215.704
-4.95612
84.9205
-121.671
-174.428
48.9043
-46.8074
-47.5869
-16.1007
30.1007
0.713176
32.5985
-14.2881
-233.246
-9.7403
0.186046
-290.756
-194.669
-196.414
-168.356
30.6003
2.25978
34.5993
-97.4479
-203.066
-23.1048
-12.5672
30.2594
-166.034
4.01162
19.203
101.419
3.14549
34.7026
-151.638
-169.809
128.397
79.6282
105.833
-76.0791
-30.8006
-177.049
-150.142
-14.3636
87.866
-1.35434
85.6578
-50.044
11.2561
-71.0796
15.7935
-216.995
-195.664
15.3521
1.72986
-20.3225
107.189
-185.368
114.737
138.366
-4.54334
13.1401
0.0813358
112.292
2.39404
75.6177
-181.12
-255.218
22.7699
-3.85775
119.574
60.4198
49.6808
-0.790951
-15.1766
156.277
162.459
-260.726
19.3827
33.9589
-0.342326
-238.522
-162.479
-183.689
49.292
-105.2
252.432
-534.078
-264.108
-111.115
-36.5006
47.2595
106.771
-174.212
-357.904
43.1527
-191.384
-166.441
-95.7823
-152.813
-173.862
-0.617906
-177.82
81.7023
7.56862
-231.683
-181.091
-192.511
-177.641
13.5152
-197.792
-197.118
-199.601
33.6463
-218.026
-50.3355
21.0804
-603.212
-13.3611
10.9516
-209.09
3.85725
-96.7566
-310.589
-199.602
-194.762
-146.171
-4.83285
-142.032
-1.7446
54.4899
105.103
-287.202
-352.7
145.998
45.9892
37.0444
-20.8207
87.7678
96.4927
-3.94109
29.4656
76.5663
92.9999
24.577
41.8313
15.168
-205.114
14.0784
-111.685
-62.0965
26.8925
-68.2962
16.6458
27.3935
-171.27
-2.00677
-173.66
-182.883
0.784976
-26.2647
-4.4921
-201.588
29.4462
130.865
-187.753
174.636
-183.111
-17.7931
-65.1711
100.849
27.4064
-2.03583
-0.294455
-1.81362
9.5669
-238.484
-92.7199
-176.299
99.0414
-54.6413
3.46947
-101.287
-202.42
50.3249
95.6288
-47.1086
160.463
-162.931
8.49251
4.5063
67.1758
0.662221
-169.319
18.2233
145.523
12.3956
-146.163
58.2457
-416.189
88.6378
-94.9377
-43.6934
91.9838
-34.1457
-171.935
-79.1523
116.333
88.3062
-200.645
-200.718
-47.3733
39.9082
-144.435
10.1682
-176.835
37.5778
-10.0101
0.71525
1.23752
5.58564
-11.9601
-167.596
-2.72976
159.541
53.4723
26.628
51.5433
62.0337
68.8545
53.3943
143.062
-3.41217
-68.7933
79.9402
-72.5156
-160.925
-585.111
-197.277
273.075
283.396
246.122
45.224
-268.162
-188.786
-0.363686
-206.563
-18.482
39.4685
-94.0871
-57.8066
-55.7521
-42.8533
2.76831
-180.479
43.4044
129.938
26.545
-10.792
-134.498
37.0045
-118.367
-11.6105
149.885
-199.851
-209.627
56.9645
-228.586
-232.528
61.6375
2.54901
117.639
142.27
190.589
1.70555
104.401
107.076
-168.34
118.999
44.8934
52.3656
102.582
28.6017
30.7063
-2.06585
-180.398
-187.621
-144.072
-2.45957
43.1725
-172.81
36.4368
32.8053
-16.7695
5.22632
134.931
-196.983
29.7847
46.6
100.503
9.32253
41.3116
-1.7671
-91.734
-140.578
4.60862
46.3978
-240.585
7.42221
-2.23547
84.3334
-195.359
119.778
-42.3535
-142.641
-203.861
-198.655
-50.5849
-353.95
-358.59
-279.924
39.4499
-139.37
134.478
140.285
181.123
12.3724
-5.14854
98.9016
127.106
-22.2112
-211.535
-83.1484
-160.936
0.892647
121.31
-93.8039
-158.842
36.0865
39.54
-242.662
180.956
181.311
-182.117
-37.1387
-36.8507
7.0285
37.7644
-106.102
-85.4178
-499.024
195.114
147.161
150.059
-180.848
148.993
141.633
-205.941
-39.0776
117.027
43.6294
95.4515
10.8389
-3.99249
27.8983
24.4638
18.5191
129.568
-367.653
-403.973
37.4548
95.1405
-41.7152
-249.576
-7.78223
-211.293
24.3983
-84.0552
-185.124
-174.168
142.807
-185.871
-8.38267
-176.422
123.236
-189.965
21.916
10.2447
102.382
-5.86452
-212.965
-207.847
4.91916
139.521
4.22836
-14.9607
6.42505
-12.1859
61.6072
-180.211
-181.967
2.35684
-2.12321
-7.88267
-196.488
120.315
35.6933
89.7273
3.46427
-245.577
-93.2743
-747.811
116.523
-168.571
25.6461
-113.044
111.664
7.20388
-1.09591
5.83844
-237.892
95.7331
130.597
-16.8267
-9.92948
-74.0067
-37.0349
-198.023
109.497
31.8183
117.942
2.06289
-170.313
120.685
60.7957
112.346
-156.85
68.821
-232.221
9.72483
-162.661
-202.148
-199.714
-146.299
8.87825
24.2191
-186.054
-23.9118
-6.91125
-211.854
35.1952
4.12693
17.9866
-1.43218
-195.291
-176.293
0.291215
-109.616
-150.239
20.7649
53.3148
21.8904
6.26107
-48.7713
-179.169
50.0633
15.2899
136.764
28.0093
30.9349
-82.2723
10.7955
147.535
-186.988
-6.17705
-5.4128
110.93
-2.33869
3.7361
91.8707
-13.8695
-80.8887
46.4106
41.2887
-154.917
2.79406
-2.67926
19.2404
42.9965
47.2242
40.9857
-200.055
4.40869
-18.3181
-123.007
-144.252
32.9735
149.326
-18.1749
44.4246
14.3045
-1.65063
1.34917
-35.0026
24.7258
6.4397
-87.1391
5.39682
97.5218
-97.7979
-1.00403
2.74818
0.862087
117.885
-1.1155
28.767
11.1169
68.136
24.2673
-59.9299
-8.16089
-10.0113
2.24402
-161.097
-175.754
-194.005
22.0433
-5.74673
-3.17956
-68.9601
102.32
2.4872
-133.105
3.21944
82.121
-10.7911
-287.394
6.88515
-4.7288
-0.96906
25.4962
-218.99
-4.0573
146.924
-195.782
38.9555
-146.872
20.4475
106.481
22.8651
-16.3757
26.1255
-164.412
-237.822
-227.724
159.369
59.2207
-218.821
-52.798
146.629
-221.154
-1.58594
-74.0126
-151.481
91.5172
-763.845
-7.98393
10.9577
-28.216
-109.832
10.4985
-17.5946
18.7102
-21.0688
4.66655
-3.10935
-41.0945
-149
11.1719
-172.716
-169.233
-157.103
-196.036
-173.629
75.031
2.69515
-179.487
39.4042
41.429
16.5244
13.0793
-113.485
86.4573
12.6633
115.266
50.2126
91.9286
-14.9281
-12.6325
-190.288
-172.409
-77.3715
138.808
35.234
-182.421
-200.582
-2.10954
21.8676
-9.98133
-17.9405
35.7046
-116.786
36.4916
-212.522
-40.0924
51.8301
4.23575
-6.19578
-65.8228
16.7042
-188.587
41.0406
18.0573
2.81407
-64.4409
141.837
-16.9764
293.74
26.5021
-178.219
-0.761556
-100.96
40.4648
104.426
1.15326
-209.891
-495.441
215.306
8.18165
135.656
83.441
128.424
15.5131
-202.279
105.335
15.558
-1.45391
-11.2189
148.414
41.7093
53.7877
36.5178
-7.5616
-220.869
17.3694
12.1604
-20.576
60.8853
-190.5
-0.269358
111.969
58.0669
23.473
-194.572
-16.2272
8.16411
26.9532
-15.8245
-172.497
13.4668
8.23827
-26.3819
-1.29979
-168.401
-14.8526
-109.897
-89.446
-35.4952
36.37
124.485
-16.7003
21.0375
7.20396
-155.896
-330.632
9.17903
-1.88296
-169.102
-206.206
1.90358
2.72369
-9.18764
171.112
14.8792
167.778
18.2936
1.67671
87.8001
-229.486
63.5663
0.145574
-144.898
-182.972
11.145
1.4766
-44.4909
-173.677
90.6618
-6.8207
164.349
1.78348
-60.7544
1.53623
-7.93513
2.60833
0.531859
108.69
12.619
169.081
-194.96
-42.0601
4.58549
-22.6103
-137.922
18.619
-186.094
-112.928
26.7689
-52.7312
-207.887
-12.7856
-48.4051
-268.336
0.784088
-60.8757
-7.99528
17.4834
-6.81688
-179.499
-137.297
9.93836
-21.6177
9.91452
13.8525
23.4222
-32.8815
124.548
-2.37253
-72.4479
-173.301
131.259
25.8313
8.47551
-174.66
12.6307
-125.934
2.39422
0.608372
15.5901
61.9563
-156.125
104.69
-5.44612
74.4386
139.414
-1.37678
39.8366
-24.5415
-39.0135
-194.421
134.308
86.0202
135.213
-173.231
159.59
-105.852
-2.07968
15.3589
226.865
118.655
-22.9048
29.7498
-157.634
-0.272603
-0.786549
-95.177
-170.188
-127.725
84.3672
116.905
88.064
3.77672
40.4345
74.7653
-32.1552
-64.7443
70.8873
-162.961
-212.295
-138.99
-8.67245
-161.333
-87.8496
83.4661
164.985
-25.9654
35.741
82.714
17.0242
120.268
84.5682
1.22505
-12.2674
-3.39674
-182.452
-128.274
-32.1607
15.2139
-151.111
6.67943
-0.337468
-170.073
-4.89437
48.0089
103.228
10.0571
15.6842
-44.8128
72.4468
-201.382
-205.356
166.37
-129.85
55.0681
-205.901
-167.577
-171.143
-66.6674
-219.886
-20.662
9.6664
7.62427
20.5953
-111.47
17.6282
13.4206
-197.535
36.6572
12.8381
-173.429
26.2074
-53.5369
14.9241
49.33
67.5988
3.77824
-198.851
-194.035
7.49955
-181.498
3.66999
-232.578
-4.78244
-0.999556
1.85847
-124.715
13.2605
-283.92
134.429
-617.626
-40.2655
25.3267
-47.7236
-176.794
-14.3745
-1.21569
-142.729
-220.12
12.4059
78.9973
3.09877
34.1483
-191.875
-14.501
37.6265
-201.826
50.9228
-81.2353
-40.5995
25.229
34.9896
31.9577
-17.5519
126.994
-62.5687
-181.919
12.0421
4.12949
-1.7691
-154.394
9.76247
-182.812
-89.799
16.0845
-43.6202
22.7421
11.9002
117.825
-185
24.2427
-197.103
29.491
91.8428
32.1191
2.21367
29.7779
26.8714
-198.569
131.499
-149.762
1.55181
102.562
-4.08424
10.7499
-145.286
-5.12636
23.9348
-168.015
-189.231
-168.396
-124.935
-12.0068
-180.233
-5.4871
249.747
-196.892
-11.5222
-147.177
27.0882
-174.008
-8.38742
15.4965
10.0488
-7.99635
65.7432
-44.1487
-48.7488
14.3566
-19.3807
-99.0203
-29.4067
169.729
8.81856
-9.86682
27.4428
-0.335315
-188.032
-109.474
24.6657
136.894
-166.393
0.239286
-1.53102
-197.344
-81.6431
-75.6488
-92.4312
-61.7822
105.821
-10.9779
249.647
-569.58
7.39628
-3.37367
-65.1562
-12.4674
18.5474
11.3613
-69.1668
-169.403
18.0287
-189.973
-1.97447
-170.412
-90.3059
-2.09828
1.01867
1.22929
-1.44648
0.264414
-0.026203
2.15596
-1.97303
-1.83616
-0.491945
0.0824012
0.156128
-1.09079
-0.470561
4.34166
-28.4927
-12.7981
18.6074
27.3896
35.9001
3.93947
-14.9475
-75.829
-8.10368
-14.0303
117.068
-2.06619
-1.07099
-160.536
19.4937
39.6269
22.6899
-33.0512
13.8728
7.86401
-470.425
2.67291
-9.93242
52.0739
88.162
19.3432
56.7591
8.37913
-9.1922
31.4025
-55.3669
21.5293
14.6995
112.874
-185.45
-168.373
-206.965
-89.8513
-128.287
-10.903
-220.477
-25.7125
-8.90397
119.554
-1.29432
2.03787
21.4294
57.4596
6.9844
-48.3612
-146.33
0.528082
7.5767
-130.387
8.32753
-16.3376
0.958068
-239.156
-3.45715
8.51707
-18.3404
11.8261
-7.61226
-153.558
-29.2467
78.4056
12.1709
-231.81
9.12439
8.30577
15.3122
-2.40516
-156.571
100.887
120.501
-180.748
60.9333
33.6158
22.1651
2.17305
-143.659
74.8686
-8.10236
-1.5769
-5.95085
-7.15999
-173.354
-72.7631
-91.7491
-168.965
12.4802
80.8717
-138.872
11.3256
-73.6488
-1.36805
-161.302
-12.5439
92.0515
-127.882
-61.9383
36.3225
-2.09469
17.724
25.3474
59.057
33.159
-78.4151
-10.9517
-8.154
-48.4021
33.2442
-92.8148
2.94573
-103.33
25.667
-19.0988
4.0972
19.7774
-215.092
-181.883
56.0977
-0.233837
-162.703
-79.1041
13.0959
59.0062
-171.202
-244.731
-113.736
3.10674
-700.611
-127.3
140.942
42.6145
-124.987
-8.47696
-183.436
43.0535
134.677
98.2089
-127.644
-1.62471
45.2759
-185.418
41.7063
-26.0697
-182.243
5.11947
6.35718
-31.3889
-112.76
-122.081
-181.621
4.74914
19.5846
-74.094
-11.3877
-18.0953
147.047
13.5787
-169.952
-27.9537
60.4684
-7.57169
7.115
-88.8606
-170.326
19.1521
10.8774
0.0633636
3.89344
68.4731
-119.241
3.53003
-3.94361
-100.825
-184.875
-168.32
-125.118
-86.9284
-109.121
-93.6527
-3.96827
15.1849
140.118
6.47061
-80.2992
-196.796
-147.912
-46.728
-50.0859
-8.6597
1.64716
-114.245
-164.331
-197.722
-116.201
-8.4352
-8.59703
44.6968
10.3452
4.31302
35.6927
18.1827
40.8791
-38.8388
53.8389
3.9589
62.2973
-179.126
28.6232
3.63641
-166.42
-208.021
14.919
25.7212
-100.636
-189.885
-0.93124
76.1838
-4.88635
-169.124
0.043874
15.7231
-0.04209
-23.4262
-3.06312
127.504
-164.169
-115.59
-42.7173
-93.2235
-121.543
33.7867
9.59605
35.4785
8.82615
-152.544
-156.672
-105.15
-7.0744
-182.386
-174.828
44.8607
-0.933863
-104.125
47.7826
-115.02
-116.774
-168.137
-126.174
-52.4617
13.9564
27.2668
-149.994
81.4563
-122.923
-3.71563
24.7535
-9.07264
-17.5726
46.4122
126.293
3.2618
-10.8462
128.33
-2.93769
-150.799
6.93329
20.7376
-37.3973
-51.01
-173.413
-183.243
30.1949
-1.27595
-186.497
-185.528
-180.569
-6.2117
-154.376
-167.749
-176.988
-39.1046
-138.366
114.376
106.233
-118.101
-0.825949
-102.973
-68.1355
-162.601
-39.438
-5.9984
5.86259
3.09926
-1.78953
2.99212
-86.908
-0.655485
14.0328
110.688
9.01406
22.2445
-405.815
-195.322
-188.25
-123.643
5.56526
-109.094
-16.8589
-183.932
9.40931
1.10612
26.4402
-252.272
7.87618
-25.6699
3.7282
-208.295
9.04698
-7.31539
-91.4733
6.99614
1.63948
-69.64
-83.8787
3.29457
122.039
21.3516
15.4134
-189.179
-4.55703
-22.8194
-89.8263
12.0899
-236.915
-73.721
-150.277
-3.11966
33.9781
-113.52
-173.82
8.46796
7.73721
8.35551
-67.956
8.4425
73.6609
2.82009
9.06029
-57.5379
-199.615
22.4546
-28.6321
-172.814
-10.0391
2.56433
66.8065
1.21398
-358.266
-76.6782
-189.527
-70.3539
16.123
4.598
-4.19225
4.37175
20.6957
9.82505
6.31552
134.669
-140.281
-2.13238
-79.3213
-7.08493
-193.769
-24.5468
-21.0761
-109.805
77.3682
89.7665
6.61765
-110.545
81.9256
-133.148
-55.71
-31.9005
-104.798
-1.26638
-55.1139
4.74155
130.031
15.9298
26.6515
-108.13
12.2343
24.8711
1.2962
2.10193
4.55596
-82.9324
-4.10972
-1.24637
-42.9011
94.4671
-133.316
-187.676
13.624
-40.165
-58.6116
19.7832
123.034
8.87607
5.08052
-83.0823
33.3961
-105.104
37.9251
36.4731
103.804
11.6078
1.19475
4.25014
0.447672
0.788901
9.87607
-188.429
-53.2508
2.57066
-16.0188
-9.3054
109.434
7.18695
-133.694
70.2292
-3.3509
-37.6964
-96.4998
5.69669
-16.9058
17.4736
-124.481
-49.8153
2.59582
-11.119
-2.84838
130.947
15.8787
22.2082
41.1699
73.73
20.0494
-0.104025
-100.94
-13.7764
123.551
84.0884
-87.8737
1.27015
7.6154
-7.31862
-47.4304
-120.586
8.60287
-220.095
-20.9609
13.6236
-10.3727
-88.5912
1.84944
-273.685
-126.163
-9.44113
44.3905
2.95629
18.5797
37.6214
13.9128
-80.1498
9.59712
19.4016
24.8289
-215.01
-3.43347
4.88508
102.339
123.319
20.1841
-250.947
-149.284
14.1186
50.8744
36.4275
-8.61599
-35.1335
4.26919
-57.4074
-78.6592
-1.81827
-11.483
70.9664
-19.4767
-172.237
85.1461
-51.2176
81.7016
5.12235
18.8496
-12.5622
63.6709
-29.9994
0.808763
1.83865
0.459262
-0.0491679
-2.14147
1.22591
-2.0435
0.887594
-1.84316
-1.14037
0.548503
0.0799594
0.0501816
2.12869
-0.305823
-0.997345
-1.82619
-0.0144605
-0.102194
-2.01176
0.0492652
0.00247399
-0.690954
-0.681546
-14.3458
-181.62
13.7357
4.49198
133.524
-180.922
-63.8142
2.76583
-199.335
167.713
8.33419
-179.638
54.9761
-134.31
45.2421
-71.3026
83.8173
-16.9658
-177.944
-65.4631
4.04169
-7.03144
109.354
10.992
-74.2649
-2.56703
58.792
9.70115
-5.72799
-174.468
98.1445
12.5539
-170.579
102.572
35.1652
134.34
80.9915
-2.87076
50.9625
1.16278
-12.8415
7.96488
-12.3112
20.8139
-48.1068
27.4845
-166.383
-143.878
-108.646
-74.4455
-161.525
74.6427
-29.0623
-22.1826
-0.611341
-179.35
113.276
-61.3499
-74.7455
27.3597
78.908
-172.223
-1.10527
-3.62525
56.8731
36.8598
45.0264
172.29
22.8032
20.8044
-14.6543
-2.13777
-121.823
2.13416
85.5477
26.8701
-220.505
30.2901
-92.1112
-5.66925
54.4919
-34.6562
-3.07728
98.2962
-55.1876
37.0728
1.90356
-64.8787
114.756
4.89967
-194.833
9.02783
-25.6035
-50.2336
51.0284
-179.567
16.2044
45.4274
20.2216
-151.477
-28.4099
-127.169
23.2063
4.58919
20.8656
-184.754
-20.0975
0.0198675
119.508
-172.927
109.525
6.09533
59.5734
-168.539
-20.4971
-2.35304
18.8525
9.33108
-209.348
-5.61709
3.24754
-15.6229
-195.712
-56.3949
63.6084
-211.816
-67.7634
83.1184
24.4658
28.1428
12.3822
-11.22
19.3208
-192.835
0.510387
16.2897
33.943
-0.239007
-51.5038
3.32094
-69.5242
-171.088
9.35688
0.130136
-1.9786
17.7156
152.573
140.723
-212.866
-145.921
139.29
-58.3633
14.2162
4.16429
66.6413
-162.835
8.72925
38.9867
16.2379
-0.302912
-5.57278
-26.2969
12.5146
42.9223
14.6979
32.5917
114.991
-164.035
-20.1315
-46.0753
117.219
-106.613
-5.83469
4.53726
109.359
-6.42672
118.95
-96.5789
8.62793
99.462
10.3053
4.89976
-22.695
-178.817
-180.803
85.9957
-166.928
-0.622916
-181.173
-215.051
-154.963
82.5301
2.33544
-156.539
18.5146
28.5727
55.8923
49.2076
-73.9615
5.13173
-167.815
5.67071
-198.486
2.58865
46.5023
9.61365
127.049
38.0834
-144.835
-2.86321
19.9138
-149.356
48.449
2.0447
72.8391
90.7616
-29.4774
-82.579
123.117
-174.737
-172.92
53.522
144.819
-80.3752
82.4207
6.08045
-183.948
39.9718
91.4727
33.3369
-160.04
-2.12538
81.2385
-65.4457
7.68473
12.3374
-36.0714
-20.9166
9.9589
-171.865
-88.4933
-32.4811
45.0113
-24.9682
-156.257
79.4323
54.1027
-161.628
34.2355
2.88142
5.08763
-11.859
-185.572
29.6919
32.3843
27.3499
-141.01
-147.617
13.6977
-58.3339
1.16979
36.7475
-133.496
-153.601
-73.1087
-9.45464
33.1726
-172.022
-180.872
-2.57684
-80.7143
-247.313
78.7809
-184.113
-13.0278
119.752
6.42613
-100.965
-2.68715
-71.7267
51.4275
14.9897
-8.90194
-137.099
7.94699
-163.091
19.4374
2.17548
-165.987
-73.4272
-26.1559
-9.61934
-4.64129
7.56903
-172.042
10.6066
-170.197
14.5768
-173.515
-69.394
31.2522
-137.97
-3.80338
-18.3426
-40.1389
-35.5892
85.5218
73.3763
-12.7162
83.3614
11.0405
-148.739
15.7524
-3.82301
10.3659
18.0332
-31.2098
-167.624
67.2237
142.068
-7.11708
6.47347
2.0076
-140.583
-12.1233
0.495467
82.5984
6.07769
2.51754
-88.5323
-132.434
80.355
2.56199
-44.1056
-9.1455
155.746
77.1712
81.6848
78.9561
-1.90123
-57.5692
148.723
-124.21
3.07873
38.2848
125.279
63.6096
-115.549
-30.2039
-11.8968
-28.337
-67.4407
-19.9522
-5.37715
-169.95
96.7644
33.6495
128.335
-40.7577
43.6859
25.3513
18.8395
2.17713
29.1521
-160.221
14.1572
-211.274
20.8635
68.6915
-25.5537
-150.713
1.01787
-425.458
16.0745
-191.361
91.2512
18.8333
17.6075
-7.35034
-8.44856
113.151
-8.63536
18.0187
76.8296
20.0856
22.0825
-188.171
51.5807
111.799
143.487
-70.5913
6.85072
39.9925
66.9774
-16.468
-51.9421
67.1213
66.9275
-9.66489
-34.4876
-190.074
125.492
-177.895
66.6816
-10.2424
3.53953
13.7047
11.7759
17.0476
1.56076
-206.403
-20.9997
-136.397
-173.074
3.69719
-17.1517
-45.0035
-32.9895
7.62292
9.40918
-195.552
58.9931
-6.2887
-36.4189
-205.761
-142.379
10.1601
-0.0426275
11.5789
-3.68085
109.644
37.7429
44.3753
44.0835
58.7166
5.15758
-68.9777
27.3773
130.425
-206.307
-18.8393
-151.79
23.8593
-197.199
3.03137
60.9233
6.63918
-203.064
-1.94501
44.4098
-144.291
86.5887
11.7368
41.28
-139.742
-203.853
-181.747
4.08309
-71.3835
-8.55578
52.105
3.48247
-90.7147
0.222068
0.191318
18.6953
11.9292
0.108116
50.5621
100.626
80.3715
244.52
-79.0105
-17.379
44.0567
-183.697
39.2671
35.1429
33.5142
89.9706
-92.3103
19.8485
-55.5122
17.857
-198.974
35.0756
134.284
19.7992
-452.282
-1.53648
101.956
75.0062
-58.8756
-172.561
15.4217
-120.689
-17.1958
-85.1379
2.60143
7.75459
1.93182
-197.884
-54.845
26.3319
22.9131
95.5048
-54.4104
117.383
-161.256
11.8179
2.64922
-78.402
28.2892
-2.82598
131.958
-117.968
170.66
-197.023
45.5972
34.6999
-203.351
-9.0001
-71.7583
57.9285
39.668
20.2089
-192.32
-2.881
6.19036
-125.184
2.28824
-104.347
17.5377
14.2153
-83.6896
-190.968
84.5269
-18.1733
90.2303
5.84523
-169.127
-1.9444
-9.81293
-179.399
-112.198
-186.526
49.9267
39.4612
76.0912
46.9162
-200.976
32.198
-80.4426
-181.235
142.723
-5.39241
9.60634
-55.3499
-196.171
5.43228
-34.5016
118.144
17.8712
-214.625
14.4307
3.78305
-284.566
-12.6438
64.7248
31.8798
-38.9228
-14.3806
68.634
-153.687
10.9566
51.3858
99.1088
-154.761
8.58837
-33.132
43.1642
-201.858
-195.168
-169.636
-24.9466
-192.909
137
57.9369
-53.9806
-532.874
-146.136
57.3007
82.8549
43.7084
19.5642
1.40268
86.096
-164.151
-44.06
66.5
-16.0389
-12.841
14.1921
-121.192
-2.2309
-221.529
-171.097
16.7638
12.4127
13.894
-175.32
-21.1891
-11.6512
12.0376
10.4172
28.4299
-45.2793
11.3341
66.3288
7.93919
66.1845
-69.5322
66.0589
-160.844
-189.291
-72.7991
36.1639
40.0706
34.5613
33.1273
16.3668
22.3054
18.3583
20.4482
1.35659
53.6645
93.3177
-2.16658
21.7406
-180.937
-5.31543
-11.7567
16.4741
93.6398
-195.24
-211.996
-179.072
88.0849
82.0333
78.2908
-14.1348
-5.96411
48.7803
12.3906
-156.237
-207.688
-101.504
-14.0099
-175.401
-152.422
21.318
1.43614
82.1521
-168.465
21.2132
116.622
75.0576
-201.022
-176.435
-74.1948
-169.46
2.74691
-120.357
77.0997
78.6
81.1987
-193.955
-128.538
-7.67775
80.063
-1.68224
37.3288
-17.2921
-136.594
10.7088
-153.791
-144.575
14.7927
4.38881
-61.4578
-10.8602
-170.08
-43.1315
-0.810398
8.44222
-187.025
11.0964
-164.375
-12.0814
-69.8874
-11.0166
-34.198
10.2533
-0.0821899
26.4859
-172.173
-147.194
-25.9823
39.3689
9.36393
-66.409
-65.9989
-149.237
-179.788
7.48694
-172.413
-9.75872
6.98692
-2.13511
-71.8759
3.38386
-72.6926
3.70031
-182.642
-72.6229
-84.4234
33.5643
-77.5953
-10.0553
-142.017
7.03537
16.4389
-182.482
-2.17103
-19.5486
6.53318
35.5421
37.2152
54.0147
-14.0921
-85.2366
27.4175
-100.677
-2.92873
-93.0893
13.1963
23.9348
1.61742
105.485
15.7519
-96.4152
-124.364
-164.878
-195.111
19.7515
-142.468
-82.5324
8.37952
-181.437
33.9578
-4.72853
-10.9899
16.7357
10.2807
18.2157
19.7744
-28.0158
-0.0774283
13.6248
86.1947
27.2833
-20.8793
-45.4678
-11.1837
4.66868
31.3334
-170.181
-52.7495
1.50705
-31.6849
-2.80759
-10.6359
-23.373
83.853
-54.286
-41.2953
-60.1203
-24.8478
6.07236
-69.6327
3.38451
-158.976
-179.056
10.4954
-3.35855
-26.362
-176.427
81.8549
-8.95281
-164.129
50.8683
6.44217
-1.56625
-172.688
-9.90335
5.28192
-168.631
-4.00567
-8.5952
5.24154
-179.766
-1.05085
-120.754
-77.0641
5.84091
-9.24424
-6.22961
-181.721
149.967
-117.165
-100.693
-92.4167
-40.3936
-84.0166
-9.40171
-109.404
-105.103
-113.212
-174.843
-135.057
13.3369
-39.3388
-1.86907
-121.901
-1.26908
26.5256
-145.512
-173.45
116.637
-32.2397
27.1911
-279.002
-2.4719
-7.897
18.3469
-1.90211
-529.751
-173.948
32.7678
-1.62163
112.413
-180.406
-178.26
62.8707
-141.073
-4.30675
17.9137
-20.9019
-199.219
-24.5839
18.1525
-174.758
5.14307
75.4548
92.2445
-196.404
-110.436
-130.525
-35.2554
1.55797
11.2749
-173.988
9.71114
85.5043
-37.2464
-195.744
-172.325
-184.238
-27.498
-193.507
-9.2451
55.4891
-473.766
-112.948
-24.1613
0.176897
-0.537571
93.9573
-184.428
-34.0273
16.0309
51.8797
-32.2502
310.247
87.7729
1.48123
108.627
-9.10558
-196.155
31.4683
-7.53243
36.5425
-32.0961
0.589528
13.409
-222.743
-184.986
-128.763
-182.158
-114.352
62.2874
1.08641
94.4643
-33.5303
-73.5078
-141.417
150.584
84.2184
78.9728
39.8091
41.2707
-33.2097
-233.729
208.737
87.8647
-7.30101
-34.5456
-22.6185
-124.696
-139.207
-9.28337
-91.4503
-155.387
18.5335
-135.902
-37.9614
6.54523
-156.867
-249.712
-47.0213
-119.737
-27.2575
-171.312
-180.351
136.206
-66.5214
-183.322
-27.4052
7.45228
-157.427
-192.319
-64.8907
134.684
-198.528
114.091
7.31869
-18.6599
-30.7605
90.849
-134.496
-225.373
2.20133
-111.363
-266.157
16.1554
-202.143
14.4848
0.778691
77.9972
-298.171
-115.682
-17.1402
-1.83858
-131.535
-2.43106
0.965904
106.927
-8.31541
3.57975
-171.993
0.992254
-8.65032
4.48009
-199.97
-59.0949
101.089
-171.72
33.4948
-268.081
-17.9006
66.1393
-2.67893
80.3026
239.883
141.453
-1.30302
-199.709
-225.505
-239.121
-203.338
91.5565
240.088
105.723
-180.752
16.0341
-30.7488
-20.0265
82.5364
14.9438
-306.369
2.73146
-199.789
144.265
-153.336
-83.8228
24.176
20.7573
-171.936
-0.333315
-122.367
16.132
-27.4675
9.59785
-111.423
-1.60551
21.3438
-205.454
-44.8409
13.6321
49.4841
24.9932
93.6597
3.10765
161.555
97.1703
-315.658
-101.958
77.7816
-197.693
-196.978
59.103
92.2979
-192.028
-113.335
-16.5808
-5.93997
17.7982
13.4861
-15.2086
-183.302
91.2323
-29.1987
37.2988
-196.943
22.7976
-183.3
-12.0851
-251.354
-188.565
-6.79133
9.23275
99.0355
-16.5565
-208.316
-103.244
-184.357
2.599
-179.838
-3.4522
55.0061
-639.021
102.855
0.369516
8.13863
-43.9019
-7.19587
112.226
-12.2951
63.3827
49.3343
20.1752
23.764
-26.4987
37.4698
43.0333
-57.7176
79.5315
-4.61621
-451.022
-56.8259
2.68911
-20.9709
-24.4549
-101.256
-209.9
-130.306
28.6572
-182.487
1.21453
62.3096
-73.1895
-194.444
104.011
83.6526
63.0956
81.016
-1.75051
-6.55967
20.0267
-28.7511
88.3257
-187.575
166.535
4.12037
-88.0382
-81.3714
-29.0309
-2.34378
75.9397
5.9754
-273.357
10.7335
-184.119
-1.50101
19.5013
3.55908
-145.281
-5.60716
-73.3406
2.52492
54.5264
-3.13313
-0.732135
-14.9806
-10.1429
-0.271063
-189.669
-147.432
91.2572
48.598
-183.985
-315.84
-173.681
92.5527
1.57739
17.6124
11.5621
-116.574
-149.097
-9.93977
21.7605
104.071
108.239
-197.712
-1.81346
-20.4278
101.455
-33.4395
11.0584
-89.0893
-484.861
9.56116
-178.028
-17.9445
0.969505
-158.975
85.7659
-25.5802
-128.59
-191.683
-187.716
1.99295
-162.743
87.8425
-95.7532
-9.98825
0.0386004
3.51268
-114.268
9.99504
-198.187
-185.164
53.3572
-76.5099
-167.775
-60.1216
-195.047
-95.6379
-5.80532
-1.54442
5.61702
-212.718
-2.09225
30.5224
-0.0476655
-2.18615
3.59016
-170.908
-25.1385
-240.056
13.6673
18.0913
94.8747
30.6804
-183.223
-97.6693
0.239745
-236.238
96.2334
-173.45
88.6637
-1.39377
-74.8895
-55.8279
-27.0326
-259.909
-192.468
13.4578
-208.74
34.3048
-41.4623
96.1935
-183.453
-39.2798
90.5327
5.80598
33.4084
26.487
-133.341
-10.1453
2.35609
-35.5379
-80.471
5.35718
229.323
34.9524
-159.586
91.5746
103.604
-4.71275
-207.876
-185.024
-107.914
-26.9255
-74.2366
0.758939
-1.3708
-204.968
-9.43254
-134.829
70.8535
18.9575
123.115
29.3662
-310.314
-16.8539
-5.71481
107.934
-45.2246
-195.715
4.1797
12.7471
2.51272
-175.371
-154.913
-203.838
-129.75
-9.73564
17.6997
-76.8512
-27.3838
97.2813
-194.277
52.9053
118.608
-207.008
56.7602
23.6175
-0.345299
-3.63204
-48.2801
-1.57626
102.288
43.7531
-8.90852
-147.454
-25.2326
-228.193
42.7144
134.662
-19.6211
-13.6954
1.92189
-0.032062
-0.0575837
51.711
-185.4
-141.241
29.5296
-0.550505
140.189
-169.279
-185.205
166.583
-204.284
104.748
-2.0647
-0.0686457
76.1863
2.18961
-171.007
72.777
3.83394
-3.0582
41.1938
1.48864
-181.507
48.9174
-2.84621
52.7984
119.481
38.6331
20.4281
-22.6189
13.9208
-1.02687
-212.53
12.4311
2.82772
-194.769
4.39961
-70.6574
3.56089
14.2283
19.0492
8.58689
-76.1594
-112.129
-10.7713
14.6287
-170.966
-40.6625
8.47841
-62.8116
-3.20475
-0.0825507
113.552
-0.0548649
-10.0117
-9.61243
-22.4876
-2.54428
4.00557
5.60971
12.3597
-171.081
92.5276
47.2661
-55.8013
13.6642
-19.6758
-72.7931
13.0475
-127.471
-163.19
-1.8359
-8.30905
100.607
6.24101
104.598
-191.124
143.012
-5.01708
-12.4301
80.5351
-32.0417
-13.3163
32.932
-14.6659
-49.5736
-134.003
2.80974
-69.2554
3.66553
73.1465
18.6334
-213.833
-176.734
16.8778
79.3485
-0.199362
-180.053
1.83241
14.6157
-48.7
154.067
18.3956
37.659
1.85553
1.5646
21.0097
-20.3327
-3.88407
20.7731
-8.66955
13.6957
-114.319
8.75402
104.044
72.6799
-102.127
29.7783
85.9331
2.3206
2.34448
22.3028
4.22557
-40.3172
-163.454
-17.936
2.88372
1.12077
-18.0279
-35.6278
-170.645
35.5844
13.4506
160.597
75.0861
-105.193
123.229
-169.904
2.07362
75.0122
-115.038
-39.8666
-378.002
105.252
8.58141
-2.27387
-3.09549
97.1607
93.903
-147.393
7.59938
-217.102
-2.98586
-33.2676
2.72983
-170.592
-172.809
-37.8244
-265.317
-7.37032
7.03523
-18.1352
5.90782
52.2632
77.3519
24.138
-202.67
-12.3055
53.8014
-103.981
-64.0568
0.576338
35.0075
47.1286
20.9627
24.5756
9.2212
43.1842
31.2248
1.95698
-121.442
-100.903
1.04783
-8.85934
-144.896
-4.53683
-166.349
101.425
48.4265
-0.276474
-5.73298
6.33141
-195.95
80.7844
-9.25097
71.7183
19.1748
-195.372
-17.8952
-48.9088
31.233
10.8182
-47.0764
-9.19782
-104.444
39.7969
23.7233
0.836443
-86.8971
17.7261
-75.1082
-9.56058
-434.708
-246.984
-62.697
41.4433
20.195
-6.84946
0.908226
-14.7708
49.9479
-178.277
2.37783
20.4614
10.4404
81.2109
-9.16543
-2.30085
44.1007
-223.598
-14.7548
-0.198214
-172.484
12.06
32.6956
-34.9962
7.36237
128.118
-190.997
-180.433
-10.1769
37.6763
112.272
60.6872
44.1192
-9.43607
5.59062
-116.279
-21.4617
-5.2276
-170.808
-94.8673
8.50676
73.2116
-76.6714
-5.4186
105.764
28.4603
-151.803
12.4136
96.626
130.696
-178.812
90.3526
14.5061
-141.845
3.94182
12.8116
-31.761
-3.39057
-194.94
-161.399
116.15
-150.74
3.54365
-71.7886
-202.672
2.30999
2.4236
-30.7511
32.3473
-124.174
13.0552
-14.7848
-11.5602
-3.06192
-195
-70.5085
-17.8967
23.0468
33.3902
31.389
-229.596
-1.33195
7.83866
-61.4172
-48.1887
-1.36245
-2.64825
-11.1819
14.9071
-195.224
-177.153
83.5866
2.91848
12.143
9.45774
192.216
-193.662
0.844967
-181.59
-182.102
-195.464
-153.432
-16.5608
-19.2819
22.7365
-101.312
8.10943
-179.918
71.0382
-211.92
45.624
5.19356
0.169549
-218.418
-111.627
90.4754
10.1431
8.04663
4.1184
32.6223
105.305
95.4709
92.0986
-69.204
-38.6356
-173.669
26.126
-12.5097
-197.804
34.3815
98.29
-1.16017
40.972
17.0723
23.6976
57.7981
-67.5668
-180.398
-21.5252
127.076
-144.474
-183.109
-176.722
-124.332
174.063
132.49
-125.596
21.0096
-309.324
15.8225
-170.473
-0.725946
-159.228
-184.73
50.4493
-47.0264
-197.634
-32.747
-160.983
-184.636
52.6575
-171.728
35.6179
-7.865
-36.704
-10.4972
-29.6094
-1.56449
-156.863
-70.0492
-186.463
-173.864
-156.278
-198.502
-97.6026
-30.6983
47.0129
138.338
88.7788
-1.07329
-177.483
-99.8368
40.7407
-19.6057
-189.872
-9.51987
8.06033
69.6484
133.068
76.4386
-114.998
-177.567
-41.9009
71.7344
-176.694
0.536946
-193.97
-33.3241
-17.9893
65.7829
-175.327
-104.166
70.7937
-65.7224
115.593
-182.203
-1.27173
7.80297
4.17768
-168.954
14.6602
1.07115
-209.291
30.5957
1.59029
74.7764
-198.412
-0.331271
-138.361
-29.4276
39.2026
3.55022
79.2313
-66.2166
-169.412
-176.202
102.428
2.25633
-14.3026
-26.158
-180.176
-102.343
-192.162
-30.4806
-201.19
-78.2052
21.6717
-39.8348
-13.1131
-218.879
-187.635
-197.037
-29.125
-198.21
-7.76258
-2.67427
-509.235
-59.6845
81.7714
112.687
-269.033
-2.65058
-8.4473
15.2714
-8.79753
-9.96379
-180.837
11.0437
-20.2688
-45.7736
-7.31879
6.56664
0.0281466
44.8902
40.1187
-182.635
107.459
-587.207
93.2517
29.8754
-186.272
-16.4289
9.78348
-0.369182
-38.1355
-212.274
106.479
-180.279
-136.747
-69.9895
-201.363
-318.898
29.2908
-2.27609
-225.662
-459.521
-66.7458
7.31368
-115.348
-297.317
108.163
-0.461154
-169.459
-147.663
28.2902
-85.2781
31.7779
13.9492
3.18668
-180.33
-153.165
0.508256
-74.5169
18.5544
-12.7748
90.3109
-234.576
143.861
-147.025
-118.295
70.4342
19.8456
-164.724
-49.4252
3.46278
-1.84034
-12.8833
125.52
-180.533
-15.8013
-7.81256
149.216
-200.813
-178.198
-175.293
-1.30942
137.112
3.39264
-159.27
-32.3869
-73.2094
9.35982
-129.255
27.3674
117.729
25.2349
-344.687
6.1899
1.52573
7.25845
-28.823
-162.805
47.7302
-150.8
20.9555
21.4521
-49.3578
154.066
1.93541
174.977
8.74594
-14.1158
50.8601
36.6332
8.02157
-10.7117
9.32368
102.057
-193.559
-9.44213
8.23795
-47.3507
13.375
13.7961
72.8807
-81.2009
-167.721
19.2062
3.64385
-50.0181
-44.1557
36.7111
110.685
14.5319
22.5145
10.3964
22.0901
-93.3979
-153.577
10.1212
121.838
99.3599
82.5462
-93.2873
-170.994
-20.0942
-186.425
-7.12552
-9.6228
-32.28
-448.406
-62.4875
-141.035
-212.725
-9.02645
-1.84081
-179.683
-168.003
3.59892
-25.9863
-27.6657
-2.04833
88.9762
38.0262
11.7312
5.61238
-187.601
74.3167
108.06
-162.383
36.074
-13.59
-245.547
-0.0491251
2.27385
1.56989
35.7508
56.456
-111.804
77.4893
144.574
-187.05
7.60265
-321.108
4.60466
-111.102
3.59955
0.369128
18.5079
56.6876
11.8211
0.845255
17.6229
25.964
-182.916
-0.0319349
4.41165
-15.5507
-20.6851
29.8085
-112.234
-136.33
-0.203589
91.0421
18.0224
-79.6754
-246.932
-84.6932
-6.68149
8.41324
-71.4352
-41.09
3.82213
50.0177
10.1735
9.91209
-29.2761
-2.75022
-37.7037
21.4253
41.1605
-184.567
90.7811
35.6599
107.738
18.7019
-10.7243
7.78181
6.33987
31.3861
39.0418
-200.283
-1.94512
4.17377
104.888
147.353
-107.562
-181.264
-168.927
-7.24679
19.1244
78.7705
-15.278
85.7575
-69.6408
-182.332
2.65416
18.6393
-256.749
-175.482
13.5045
114.103
-2.0124
-17.5101
-179.406
-170.52
-171.919
-69.8424
34.773
12.7839
25.5063
-32.7187
62.8558
-18.8616
48.2419
11.7227
13.983
18.4072
-331.491
-114.582
12.8427
19.8079
56.1874
73.4228
39.8908
46.0247
-181.097
49.0429
-204.865
46.921
37.7612
6.28865
18.6556
15.5839
-162.349
-190.863
19.7704
89.6646
3.38307
2.99016
8.08205
97.7774
99.1834
-6.53173
140.045
126.296
30.9336
-204.414
0.179363
54.1402
-39.8458
45.7711
60.237
-66.6461
-52.5157
-104.955
20.158
-0.923769
54.3337
3.42057
-197.761
-0.318003
-83.2878
-1.83068
-173.437
-199.624
-184.598
-0.77041
100.001
-204.885
39.3859
16.5962
-196.667
15.2434
-168.18
28.2742
-6.84325
-2.64722
34.1732
-17.4825
15.4884
-1.50897
-252.168
11.1419
76.6523
-7.09173
-2.06736
-15.7264
-16.1465
-179.695
-96.8416
19.4886
-125.164
-71.4069
-99.8509
215.501
124.875
14.7611
-129.202
80.3914
-36.6182
-290.76
-177.791
-15.5558
-156.157
-122.983
-33.1083
-107.899
-41.7996
-201.983
-0.163032
-235.366
47.6189
-152.719
-523.872
-50.0082
-189.622
31.7274
11.2319
-0.256207
-182.298
25.4665
-72.2073
-201.818
-1.42985
-15.3732
-208.954
-215.862
-137.568
-194.728
121.287
24.8681
-8.87685
-84.3932
37.0358
-54.0083
-11.0151
-1.938
-106.903
23.2009
-107.297
-163.009
12.569
-165.76
-24.7455
-130.222
32.2163
42.0604
-56.3457
-188.922
13.0916
-205.453
1.55296
88.1375
139.899
99.5182
-208.059
-187.487
10.3861
50.8295
-22.4431
-7.61405
-188.45
-39.0535
-17.2052
-20.7361
57.6643
44.2649
-55.0408
-196.297
0.352824
5.28047
-29.4783
-140.21
0.0701864
15.8111
-16.2451
18.6777
-34.1692
17.824
2.92732
-5.10297
-5.94422
3.20643
-176.55
-182.705
140.85
11.3462
-175.725
-33.6329
41.9168
36.7872
-13.2603
36.2924
-2.67619
165.447
-109.357
-155.074
113.316
20.1159
-173.234
-18.9665
35.0883
-0.92772
5.57412
18.4685
47.2687
-2.73043
-228.901
15.1384
-184.987
-6.3452
-9.09221
-173.127
68.0635
-194.582
51.4638
0.0615611
12.4058
72.4382
-29.6321
-152.391
0.207393
-176.63
-161.608
-102.799
-173.448
10.0429
1.86931
-176.116
75.0139
-41.275
35.0314
5.52016
1.02517
108.167
-1.22956
-44.3868
209.912
-183.494
-41.4528
-22.4363
2.32464
-10.3888
91.6711
203.875
-8.37397
3.5778
-380.369
-147.352
10.1914
-83.9077
-120.044
-10.9657
8.78627
-0.521168
3.51223
-170.568
85.6819
-1.39418
-48.8443
-50.9776
-10.4231
-7.95831
-19.2482
8.56256
-334.763
135.557
31.7967
20.2854
-96.3722
14.1042
34.7088
-169.491
308.591
11.1146
108.253
118.199
-62.6967
-146.456
26.4654
2.68901
4.90891
-192.105
-16.6797
-4.43018
-93.7949
-69.9228
22.5779
-36.0917
-149.989
58.075
-5.35292
-159.122
5.33965
106.422
-160.016
-201.976
-72.046
85.3953
-15.111
-23.6015
19.1135
-253.455
-118.032
-3.04719
-57.5784
0.473065
-196.315
47.9386
27.0773
102.869
25.0961
32.2707
8.34509
91.5816
54.0458
67.62
127.227
-15.9544
-167.625
21.475
76.5714
-186.348
31.2601
10.8363
11.71
-135.778
-75.855
-62.0471
-193.783
99.7952
-197.673
-138.33
6.0455
82.5458
-53.5556
126.644
77.3464
-159.376
-163.395
106.658
-153.622
-192.756
-32.8121
-8.44411
-35.3042
-16.2126
-102.85
-9.0781
77.483
-61.1517
-34.564
4.44722
-77.8941
-122.658
71.0424
-171.713
-3.03971
43.3624
59.6565
30.8007
73.5482
-9.78826
-42.2815
-6.07908
120.893
43.1129
-140.111
-184.916
-128.009
-48.0565
-329.233
-139.098
3.79198
4.75594
-96.874
-0.98998
-0.0799147
2.09095
-15.3891
-394.911
-158.612
-4.53791
19.8983
2.42597
-0.105733
109.719
-2.26145
48.2467
-174.379
163.285
-392.538
-76.3929
-185.942
-10.0956
77.7675
129.721
12.4869
-1.83449
-70.7542
128.103
15.2941
-28.5195
34.7283
0.0516001
-7.86224
-23.2962
-3.26957
-194.249
-140.922
-31.0446
109.541
-88.0259
-1.80683
0.414179
-106.271
-193.107
95.2784
-108.23
-178.757
148.436
-194.994
-83.4257
132.327
22.8843
16.6668
6.64549
-183.684
-230.176
-0.0171012
1.98373
-23.4709
-9.76549
-142.095
38.4627
-94.8938
21.8186
98.8518
57.3906
36.1703
27.4776
-8.40546
37.0145
-57.906
-150.446
25.4586
47.2444
57.9945
3.67741
2.98186
-51.473
0.32408
-191.753
-150.877
1.19931
20.3572
1.48424
-183.515
27.0598
50.7585
140.636
13.3939
7.21495
-171.321
-225.682
174.551
9.61693
10.3949
-59.7807
-173.328
-110.233
82.4817
21.0014
-189.543
-205.455
-144.885
-72.3898
-148.742
0.17637
10.7131
-1.36604
18.6597
-175.573
-179.976
-94.4747
-0.775577
21.5458
78.3291
9.02155
-177.753
-34.5418
80.2547
241.051
-116.52
-169.097
60.3747
41.7975
62.058
15.1136
-55.5647
-20.351
-102.573
115.835
-85.7673
110.005
14.1012
-204.936
-292.304
-21.1596
-21.4321
0.460289
11.562
-103.855
21.62
-16.6781
-102.615
-8.32176
-180.915
-11.3344
14.852
12.0893
-200.136
90.3285
-177.584
-200.393
7.87612
17.6041
8.89586
-1.02224
16.1282
136.456
36.7093
-9.97005
87.2008
2.93719
31.8666
78.2998
89.6696
38.5222
-95.6999
-202.657
-38.458
4.00676
-43.086
4.03937
-120.436
-2.45635
87.7433
-18.634
71.3586
120.584
-573.418
-136.504
-22.1226
-0.079432
-337.697
71.7868
54.57
-55.8786
-184.132
11.6978
-179.518
-234.981
-140.215
49.8553
-184.539
75.485
-141.856
-157.516
14.27
30.2573
-139.106
31.692
316.42
49.967
72.1288
-37.9639
-147.535
-17.7807
0.85627
85.6809
73.4046
70.8566
-147.814
-0.213184
-140.733
214.609
0.673866
-97.9398
-152.153
-41.1146
7.90446
-171.652
-410.476
147.785
-2.26983
4.48445
-507.133
100.852
-200.093
-198.397
141.439
23.4762
-76.7639
-104.492
-163.207
6.57639
4.73402
-203.699
4.54153
-51.4213
70.7266
38.0544
-17.8724
-166.299
-19.1712
-8.09123
-25.2864
-92.2316
256.878
-199.642
35.8104
-1.39853
23.2545
48.7007
-205.345
-191.436
3.47053
-0.296512
-10.9243
4.2363
-69.0039
92.9342
-67.974
189.025
114.602
-180.56
4.47265
-124.519
-17.4367
-0.123996
-238.299
7.64447
14.4805
-1.12191
20.8652
9.47344
52.5017
-176.519
-222.921
-164.716
0.352685
64.1164
70.4478
-177.679
-183.611
-273.271
24.714
5.89335
-163.173
-172.681
-207.608
83.2279
-194.705
40.1106
-150.777
-171.472
37.7339
-163.71
-118.804
-187.33
-56.02
-189.88
-35.332
-96.2585
156.903
-192.567
58.618
-2.16373
-212.43
-166.307
-279.025
-115.319
115.857
-5.03626
-5.59722
118.384
14.4774
-2.28757
-1.42838
41.1238
2.33742
9.37706
-1.56364
-75.5206
30.475
-41.4674
-194.387
84.82
-37.5917
4.49103
85.3048
-31.8552
7.56993
-230.419
-163.139
-9.00856
-1.68192
-100.373
57.1633
-138.546
137.334
17.469
-203.324
2.91348
-211.914
-10.4881
-22.15
6.86324
-184.374
-206.47
23.5747
159.371
86.0365
12.2049
-108.409
-188.779
12.3666
131.38
-27.9239
-81.4691
49.2415
-246.12
16.9086
12.3385
-2.93416
2.52024
37.1279
17.2328
91.3901
9.11742
1.30334
42.6767
-173.548
-178.72
-298.435
105.325
-168.977
-192.579
1.76925
-42.7731
48.2934
51.3867
37.7939
206.286
-170.189
-217.297
25.3079
-106.416
46.2646
6.64051
-7.81016
-114.949
26.4687
1.9498
-13.0994
-52.807
-184.464
-45.6607
24.2823
-146.191
-3.26408
-7.37693
8.93945
34.0107
-151.712
14.6515
-0.36204
3.90206
-174.991
6.69816
-164.276
70.6672
-560.64
112.479
1.29338
-283.594
-194.713
2.68769
-197.428
-3.84546
0.976702
-199.208
37.326
-84.8756
37.5719
-34.6254
-171.418
-32.0641
-154.598
-201.763
-13.2902
-22.5976
3.01122
0.0745318
88.9061
104.092
-26.3422
-65.5194
-161.696
-100.189
-150.718
-117.609
112.378
107.008
-168.361
-118.623
106.007
53.3884
-107.9
209.806
-38.594
-80.9795
-144.829
19.9439
-6.88295
-29.1129
106.214
30.3266
-193.859
26.6179
-388.093
60.5048
-2.6694
-1.57233
3.73656
28.1914
-134.807
-105.917
53.1253
75.2649
-0.542665
-106.756
-139.689
-164.421
112.071
-100.49
-1.01773
2.82693
137.391
-179.828
50.2701
14.6948
-18.6081
14.5271
19.0233
-124.434
39.9173
2.59699
114.474
8.40638
-105.202
35.5121
36.8352
12.9556
25.3328
2.92617
0.330055
0.666479
24.3633
-163.003
31.7414
126.614
-0.957671
-191.96
18.9032
3.79702
-88.5753
120.809
40.4871
-23.242
-79.2903
-8.01444
28.4371
1.58831
-23.5641
-35.4475
-174.103
17.2524
-21.5838
-9.04485
3.06182
47.3601
-166.262
-155.675
-85.4967
-142.787
-162.422
8.57998
7.71804
-139.298
162.066
-263.411
-186.412
-167.954
106.101
-177.108
-227.178
-10.9808
-5.52278
-201
-203.856
-0.756443
12.0248
-569.35
19.1583
-86.7875
31.8022
105.768
-184.013
-119.209
-198.796
-249.612
-365.95
21.8401
132.293
1.69507
1.16236
-4.65901
24.3132
82.7741
-181.84
-224.135
59.2773
0.302752
106.934
-111.905
-28.2062
-67.9079
-27.2833
-9.62063
-116.772
11.7265
2.3901
116.617
15.9643
-93.327
-20.8023
-185.203
-5.04034
-46.9611
-187.078
-151.252
6.53915
-52.19
-178.734
-178.259
-108.066
-0.190014
-198.779
78.3706
-194.44
-39.566
13.2939
47.84
-584.772
-43.8744
15.1764
-171.243
-178.324
-100.159
-106.999
1.7297
-233.236
2.23871
-300.108
-2.09847
137.783
103.147
-191.144
46.3467
-184.513
-182.361
-10.4974
32.0002
-6.96352
-208.627
28.5432
24.4957
-1.09499
73.8703
-46.8441
18.9766
-172.368
-63.3402
37.397
55.3683
-210.246
139.131
147.15
62.6013
59.342
-154.879
137.088
54.9411
-208.971
35.9436
-31.2671
-6.51572
-34.5498
-109.183
-25.1021
-10.1662
-194.999
28.4584
16.9381
-126.569
-3.03944
-437.194
-169.713
99.266
-196.482
25.9917
138.602
40.914
-182.437
19.0511
-36.2298
-190.979
1.55498
0.563133
-59.0589
-13.0891
-3.04002
67.873
0.123624
71.4815
-110.877
105.134
-109.112
6.98139
129.428
-33.0917
-163.794
-14.4339
-195.75
206.523
-234.162
-101.088
-16.7692
17.1683
-395.857
-15.969
-29.1784
66.3379
-172.567
-9.62209
1.84922
28.4747
61.85
-188.578
40.9515
39.0292
37.9257
-74.6587
-90.0186
48.3067
-185.058
-92.6957
13.9703
74.4298
0.405611
-170.76
-197.919
-197.673
32.2448
17.7449
-55.7318
6.20238
-1.39991
3.84387
9.27183
19.3094
80.7962
45.8184
145.299
-184.694
-17.7124
149.243
27.5102
81.1685
-6.69214
-137.782
49.5711
34.5754
53.3781
32.5225
67.449
-1.49994
-1.5621
-194.812
7.74182
-14.7486
27.7903
-169.832
93.9248
50.9808
-182.989
10.5821
57.7842
8.03158
-96.5751
-26.1859
24.4738
56.4083
-165.872
0.361733
13.8505
39.9515
-100.282
18.2167
-89.6194
-282.514
0.202038
46.3302
-205.093
6.67736
-183.127
-12.223
-195.854
-206.263
-2.00787
-143.371
-31.0284
-162.406
-16.7688
-6.83143
20.0665
11.7791
-61.8698
-187.624
-13.5504
1.25756
-7.35656
-36.6681
19.2826
-66.0327
-7.42921
72.2096
-1.02004
50.0178
-138.946
167.927
-114.786
-18.5067
-256.906
-596.514
15.0501
-198.71
276.238
-20.346
202.094
257.335
1.64688
-170.989
3.42107
-219.782
44.209
244.683
-13.3013
-192.787
7.64593
-57.093
-211.457
-81.5094
71.4613
129.179
31.0263
6.24776
5.98053
19.0708
-80.2972
-8.17198
-165.932
17.5294
-484.079
2.82151
-1.59591
-17.1149
-135.133
11.1692
-200.884
102.272
-17.5165
21.9717
25.9179
116.486
68.9803
-209.926
5.91493
56.0553
-232.232
-15.8506
86.7727
-28.0843
148.147
-194.763
-134.655
125.084
65.4426
-182.014
-175.246
-5.26491
134.268
-29.6163
90.3436
49.3303
14.4916
27.7721
48.3249
15.2554
47.6635
-157.056
62.9789
-199.392
31.4067
-31.9905
-6.87748
105.836
46.6743
115.609
59.5215
-7.15006
45.946
101.058
45.3339
-26.3958
-205.692
16.9263
-180.93
121.474
-87.0956
-249.332
117.636
-146.198
-59.1922
-297.469
62.0958
-165.263
27.1204
7.53524
31.1605
43.3987
-1.02117
-164.73
91.441
-2.5394
-185.104
-183.089
151.699
8.53325
-114.024
-99.6783
48.6849
-95.3495
-2.68181
113.496
-150.818
-5.0751
23.197
19.0771
16.72
-111.485
-13.379
-182.57
-7.16153
18.8995
4.79746
-7.82234
-30.1096
22.6329
-293.869
-29.1246
31.0918
-176.24
-218.553
-13.3182
6.99346
6.78081
91.4283
-33.9469
-242.171
72.7641
79.3248
-203.539
-219.69
-25.0551
4.37441
-2.36401
79.1769
69.3058
-380.755
18.9286
18.9238
-273.816
42.0603
1.2478
71.2246
3.01584
-234.549
3.91338
-189.955
-143.719
-212.528
43.0559
15.7168
48.1094
-204.878
-175.381
184.399
12.081
46.8884
76.5428
-15.529
-19.8364
48.8259
-121.28
146.443
127.571
-79.0885
-257.057
38.7035
19.4015
90.4627
107.178
-113.445
-164.974
1.90936
-135.685
-519.4
-169.761
-126.096
16.404
113.563
120.027
79.8764
-243.992
-200.839
183.887
3.12488
-191.739
2.4743
-183.709
48.5872
-182.812
-125.736
-60.9796
-166.618
-98.0229
-141.244
41.8257
191.544
13.4189
-31.0478
-187.33
-119.472
-25.3037
-158.433
151.886
-34.8096
-27.5207
-139.371
5.13551
4.61094
4.58452
-36.9151
-65.2272
104.741
-127.342
149.57
-1.72476
7.28961
-259.055
-12.9107
-10.6224
-10.9245
-14.9566
-0.450887
-36.7809
44.9457
-117.179
21.4593
-180.159
28.75
-27.3507
42.5419
145.13
116.389
-167.53
-1.47877
-8.60733
0.0699679
-196.633
42.1169
-129.563
0.773634
34.692
100.973
-209.26
-124.348
8.89125
-61.6232
-152.589
16.6532
4.45725
-32.0807
-131.241
-163.513
-0.236331
23.3266
26.6821
113.245
51.4998
75.4329
-1.91021
-99.5001
-15.7435
99.7581
-519.608
-79.489
-178.201
-38.4536
19.8075
29.0644
89.7767
90.0408
-62.7191
-246.249
-135.579
-159.406
98.0729
42.185
-86.5697
-67.4129
25.5182
-137.605
-178.944
-82.3265
-23.8735
100.426
36.5657
-26.2689
-2.20269
-244.957
121.728
136.894
7.80804
28.7069
39.4056
6.0977
-187.241
-59.0722
-18.7439
-139.866
252.459
52.4936
21.0017
-186.415
-149.388
-9.95241
6.62003
-199.553
-131.699
-39.6047
-191.178
-185.87
48.3943
-34.1494
-89.0956
9.74906
-188.223
-1.13373
-143.073
18.4185
148.923
-112.579
2.29011
-120.92
-10.8058
-183.88
-146.932
45.6726
-649.678
-68.9062
-192.381
4.6766
-35.1698
-279.826
113.156
-196.052
26.4248
21.7205
3.38826
19.2042
13.3632
-171.508
-6.66067
140.549
-165.113
-15.2821
-49.9224
0.908115
129.63
-59.2039
-143.104
2.24221
4.91568
-19.2183
63.9791
-46.6717
11.6208
-10.3208
88.7374
-36.9142
-74.1163
0.128899
18.778
8.93694
-191.027
-20.1783
-150.376
113.72
-4.51302
-93.9963
-188.348
-160.628
36.5622
106.776
-0.890113
-121.529
-16.6437
-194.166
-184.084
-2.7103
96.6033
70.6317
-6.32637
23.0575
-0.134428
29.5031
-18.6001
102.611
-101.142
-136.125
-195.111
32.8552
55.7432
6.70028
34.792
-43.5835
1.08541
4.10585
120.734
12.6172
2.00479
-0.203313
-227.514
155.027
-208.928
-116.731
18.6303
12.5138
-13.6019
10.5714
10.8168
18.259
-175.325
58.5591
-35.3152
-2.2836
93.021
-161.582
-0.0835695
128.974
36.232
4.57862
23.5775
-19.7096
12.2188
-4.85774
255.165
63.2832
9.03277
7.67762
-9.953
2.29341
81.4248
27.4695
-67.1528
57.9194
60.1222
-31.6466
71.893
-170.526
-89.1571
4.00747
-2.38208
10.4522
51.2032
-12.0972
-1.24471
-155.343
2.40893
-1.55386
1.62273
1.66079
-69.7504
-30.1088
27.3811
-46.4845
-6.67407
-206.525
89.2939
-173.749
47.6506
4.60916
-19.1475
-88.5849
5.12896
16.0756
22.9479
-6.61171
0.253134
-87.1312
4.11676
31.1167
130.054
19.7627
-49.8094
8.80852
-55.7683
-141.938
-161.912
-139.508
42.8039
20.6073
-6.02321
13.8562
16.0925
-15.8543
2.5147
76.3245
10.9043
-13.3678
3.68629
-0.0404196
5.50893
-6.78118
-7.29946
-22.9774
89.5714
-151.341
8.08547
-1.32086
14.3186
3.25514
-178.768
-25.574
0.465763
137.507
-12.8218
59.5049
-82.554
57.1085
19.8866
10.9231
-176.037
-178.635
8.43259
11.2915
12.2521
-7.5501
85.0495
-0.155576
10.1786
5.40281
-214.195
25.788
-4.05928
4.04138
-237.308
-19.203
6.39361
-175.17
-28.6411
66.4407
-9.69898
2.16883
-25.8672
83.5126
32.2069
-20.6492
-10.0496
-32.3445
-0.624698
-197.061
-184.504
-217.909
-29.131
56.0364
-179.747
-62.9185
74.6001
-50.0907
124.942
26.2387
-8.07658
-175.957
-28.3131
-162.742
90.0042
53.1808
134.908
-30.7154
-11.4048
5.0513
-212.282
-160.8
-16.4178
-15.5196
2.99074
-20.3289
12.8399
13.5238
-18.7653
-3.02859
-12.3025
-16.7534
1.4627
118.336
77.8337
172.81
74.0852
-179.296
14.5781
56.7975
3.62164
-52.7557
79.6908
120.142
133.931
17.2821
-192.396
-0.529984
-50.3147
-39.9668
-116.57
-33.9732
-152.921
-56.5997
12.6882
-19.1245
-54.9946
-2.8297
75.6057
134.498
2.03669
-185.296
39.438
31.4868
73.7522
-93.2953
6.0698
-147.988
-7.89832
-5.8646
-290.878
-195.334
61.2508
124.211
-465.47
-163.172
-50.0862
-151.085
-146.497
-1.67181
1.40668
30.6127
-171.342
-34.4656
4.44551
-57.7599
3.59488
-9.49448
70.2545
118.496
-16.383
12.2319
-132.916
1.13759
-1.17137
77.811
139.673
-6.9922
-8.78793
-169.004
-168.84
89.8983
-119.787
-15.6001
-3.62253
-171.714
3.45708
-3.50589
6.16497
12.862
12.0416
-181.976
-203.228
3.7276
-211.188
-62.7362
34.5377
71.2061
-183.888
-16.3129
30.7543
-28.7604
-56.8179
10.6818
140.269
-200.457
11.1904
59.541
-286.777
-18.1361
-9.96366
87.1683
3.41602
-10.3765
4.95078
4.51169
-2.24712
-27.1739
-130.647
-175.456
-183.464
40.7327
45.797
108.408
20.5197
-14.4369
31.6859
47.7127
-168.112
-115.442
76.9788
13.6904
3.49164
2.25317
-172.182
120.406
88.2483
3.20804
-160.187
-109.335
34.8442
-136.444
100.701
18.3625
0.226587
-167.21
45.0522
8.69438
87.9015
-8.47131
-131.678
-0.0880163
7.12533
19.8319
15.4142
44.804
-216.063
0.790583
-0.0557258
104.402
79.9364
-202.848
23.2214
-214.118
61.7204
19.0598
30.7619
3.16191
18.4674
-11.188
-11.7708
33.5531
4.91713
-16.0963
-115.074
-14.4962
-15.5855
-13.0367
-11.0248
-12.9785
-109.309
2.96821
19.4401
0.749047
-197.488
2.63293
8.93013
-186.387
38.6661
-174.62
-188.497
28.7864
7.62896
-212.492
1.25596
-19.7767
-13.923
138.496
123.43
22.2623
42.1913
24.6269
-23.8349
-231.811
6.71151
-142.125
66.9055
-14.3906
10.1633
8.32785
-2.15841
-46.2797
-151.137
1.79614
147.466
-44.2023
80.5999
-200.342
-170.744
4.59636
-0.452242
81.0683
4.805
-173.281
18.6612
-122.048
-9.54901
15.5559
-106.817
-163.166
108.104
-173.272
-0.800128
-131.51
-136.682
-160.402
45.875
12.8748
-191.228
107.34
-7.22535
6.19937
-530.838
-196.211
1.80895
5.79356
101.265
-110.027
-2.30984
0.616987
-0.650903
-112.057
-208.896
18.1576
27.308
-4.02777
126.156
-144.217
33.4433
-63.1614
30.0806
24.2392
-164.922
-0.317346
-150.614
19.9613
53.8091
101.228
10.7247
18.1015
-11.5943
2.37617
-21.5148
17.6245
54.8879
24.2417
-148.562
37.1736
-200.584
149.66
-170.225
-69.6167
-181.775
-182.216
21.16
12.4972
121.377
-53.0685
-333.442
-158.105
10.0311
-117.094
20.2164
-14.2601
-86.3496
42.8181
-199.598
33.8552
23.0706
-38.5378
-215.187
-82.9023
-13.7159
3.3323
-106.055
15.4605
-15.9807
-8.04022
-169.997
107.617
8.57259
18.9744
-186.702
61.4131
5.78109
-255.315
19.5379
78.4003
20.7977
-195.133
-62.2221
-3.88693
15.0036
-29.626
11.1247
7.19291
82.1057
-175.694
7.24812
-20.3652
-171.473
5.8585
6.69821
-141.743
-148.029
-2.09183
-188.703
7.02262
-121.069
73.3383
14.0056
-60.5329
18.552
42.8067
-229.902
-35.0689
-127.77
-21.0592
-10.31
-223.17
5.1684
-193.952
44.7181
-8.63903
39.2091
-0.349598
10.0918
28.7833
100.27
-74.2428
-134.993
-22.9531
27.883
-5.47865
-76.6779
-8.42387
8.2333
-5.65269
-27.4408
5.54138
-3.49604
-221.506
6.75827
76.2554
-168.767
-80.8374
-76.0734
-147.698
80.872
25.7358
-0.938272
-120.579
118.589
128.062
59.6165
-47.6086
-60.2711
-0.230918
22.3154
45.5701
-32.7257
19.3694
140.639
18.4934
-0.132349
-187.349
-6.97118
75.5863
16.027
-66.5754
-115.485
-72.2526
2.15676
-69.3136
-13.5353
18.2409
47.8809
126.205
-178.651
-0.58841
25.3484
-66.4932
-38.1873
28.3351
-11.1417
1.68738
-155.881
131.337
-39.3997
-194.54
-10.2746
-164.552
-221.201
17.4291
-31.7818
-8.68204
42.1727
-11.6713
17.2459
-62.9014
-2.067
-146.925
5.72498
136.601
-86.3555
-27.56
79.0537
-167.795
153.117
-5.76259
29.4292
39.8233
0.581723
91.6928
-165.489
-8.60988
-2.40698
-4.33254
-11.6694
1.82691
64.238
13.7271
43.9297
-37.6206
8.12228
23.9208
-77.637
81.7293
129.087
0.895907
0.763238
24.2232
-178.095
-167.428
15.0052
-2.31468
117.265
8.25347
-74.2298
16.2311
77.5276
7.99365
-60.5174
-172.238
52.5282
-2.3105
40.7403
-552.338
4.86975
20.1909
-1.01138
-5.93445
40.4601
83.7861
32.4209
-0.31776
0.183206
-170.07
-184.339
-81.876
126.827
-41.4024
49.2718
1.27427
-126.849
-97.7815
18.2299
23.1455
4.40825
-10.86
68.955
33.8988
-26.4891
-176.87
4.8477
29.8017
0.535581
-203.61
13.2475
49.6221
134.27
-60.4658
19.9626
80.3142
72.2054
50.8251
76.2455
67.9992
3.68337
57.7189
156.868
-145.617
-109.475
75.809
8.7457
-18.164
249.845
74.4754
-47.2794
-40.3062
-189.677
-199.037
-253.413
105.422
-78.3098
-1.6847
15.5194
3.39938
-108.967
40.3668
4.88524
18.4547
-67.85
-36.4381
-168.023
-167.52
99.331
-92.6126
8.10283
-192.205
-5.49816
-27.3991
-70.2616
-177.549
10.0701
-158.511
-197.915
28.6472
-120.069
12.6344
27.674
-14.3095
-252.057
28.3417
134.271
2.941
12.4718
29.6453
-221.659
-193.06
70.2881
69.5234
102.596
-181.31
-2.24382
101.222
11.6603
22.2325
90.8667
-65.5679
-10.9071
-170.53
-122.084
-2.62509
39.0046
-10.4528
-88.2423
138.615
-8.65261
-199.481
4.14969
-17.1967
3.72896
0.516705
-122.506
15.3687
-72.9666
-181.656
21.7268
-65.507
21.1952
-8.93583
-15.5724
24.5222
0.211186
-0.199356
-2.36685
64.7854
28.5703
25.8995
-5.73135
-29.7782
-7.36384
75.8114
-155.219
-33.8043
-11.6663
-41.2958
6.05112
-155.37
23.6201
17.4088
-181.15
14.9066
-10.7264
103.703
-194.547
-11.1848
-115.15
-192.026
-0.224569
0.392516
-2.1484
-6.22915
-13.5617
-53.1972
11.2789
2.7659
13.5778
31.2421
-109.828
-189.449
25.0258
43.2603
18.3809
-1.41283
-116.688
-308.44
-17.8165
122.145
41.1996
-223.429
-167.281
4.83834
-220.109
103.192
-35.893
1.90459
13.0385
-31.4228
123.865
-324.751
-31.8041
-70.7127
1.89804
-0.230343
-7.89143
-50.7038
-74.6627
19.5851
0.220838
2.25468
-0.282013
-64.4398
-39.6337
14.3408
123.51
75.3602
-183.436
-166.413
18.3036
14.4943
-2.2898
-29.6083
51.2827
-134.345
4.66183
79.5759
-66.5504
24.8837
-145.073
28.9696
6.79872
-166.656
-193.604
13.3756
-112.798
4.4111
41.1629
15.8761
-74.1257
-6.3312
3.98852
70.818
78.504
1.25999
17.8577
71.418
-28.1697
4.41234
79.2129
26.5846
74.5247
13.8233
8.21663
7.16926
7.96604
5.69602
-148.253
-14.2133
99.3038
-156.528
-28.3338
63.3057
-0.0301804
90.1635
42.5057
42.678
-7.54637
-71.1166
6.17979
-132.637
103.855
42.5711
-77.7459
-218.267
41.9744
1.10115
-115.515
-32.5411
-30.156
-3.94119
-139.616
-118.36
-153.83
0.970885
-106.55
-28.892
24.7424
102.605
-129.875
24.2138
-159.429
-105.403
8.10379
)
;

boundaryField
{
    frontAndBack
    {
        type            empty;
    }
    inlet
    {
        type            freestreamPressure;
        freestreamValue uniform 0;
        supersonic      false;
        value           nonuniform List<scalar> 
32
(
2.15561
2.0913
2.28057
1.91604
-1.42536
-0.107502
-0.728141
0.656482
1.36091
-1.05139
2.27618
-1.45663
-1.58556
1.8244
-0.784639
2.20655
-1.52878
1.01696
-0.57383
0.263548
-1.25816
-1.55657
-0.459282
1.90929
2.22435
-0.817473
-1.59397
-1.24465
-1.05128
1.66249
1.4943
-0.613943
)
;
    }
    outlet
    {
        type            freestreamPressure;
        freestreamValue uniform 0;
        supersonic      false;
        value           nonuniform List<scalar> 
32
(
-0.0161423
0.197486
0.267758
-0.005548
1.45356
-0.000436057
0.967141
9.80735e-08
0.537233
-0.000529572
0.0718397
-0.0523669
0.00687015
-0.151812
-0.457446
0.384808
-6.48817e-05
1.19916
-0.0888603
0.00316821
0.0132852
-0.331964
0.00137922
-0.243435
0.0254562
0.109036
0.721458
0.607615
-0.000195088
-0.000519037
-0.00299477
-0.023961
)
;
    }
    walls
    {
        type            zeroGradient;
    }
}


// ************************************************************************* //
