/*--------------------------------*- C++ -*----------------------------------*\
  =========                 |
  \\      /  F ield         | OpenFOAM: The Open Source CFD Toolbox
   \\    /   O peration     | Website:  https://openfoam.org
    \\  /    A nd           | Version:  dev
     \\/     M anipulation  |
\*---------------------------------------------------------------------------*/
FoamFile
{
    format      ascii;
    class       surfaceScalarField;
    location    "800";
    object      phi;
}
// * * * * * * * * * * * * * * * * * * * * * * * * * * * * * * * * * * * * * //

dimensions      [0 3 -1 0 0 0 0];

internalField   nonuniform List<scalar> 
39180
(
-0.000533781
-0.000135053
0.000671702
-0.00118559
-0.000176036
0.000829765
-0.00195089
-0.000202054
0.000966974
-0.00283609
-0.000228059
0.00111377
-0.00386926
-0.00025231
0.00128485
-0.00507501
-0.000274065
0.00148005
-0.0064862
-0.000290803
0.00170147
-0.00813821
-0.000298885
0.00195115
-0.0100735
-0.000293393
0.00222838
-0.0123376
-0.000265833
0.00252987
-0.000200219
0.00287145
-0.0150089
-0.000337932
0.000202289
-0.000775409
0.000260503
-0.00129851
0.000321103
-0.00190864
0.000381691
-0.00261341
0.000452772
-0.00342781
0.000540202
-0.00436681
0.000648492
-0.00545038
0.000784579
-0.00670249
0.000958906
-0.00815505
0.00118674
0.00148902
-0.00984429
-0.000136743
0.000339201
-0.000330488
0.000453998
-0.000570703
0.000561034
-0.000859487
0.000670297
-0.0012052
0.000798336
-0.00161632
0.000951251
-0.00210372
0.00113584
-0.00268121
0.00136203
-0.0033661
0.00164378
-0.00417802
0.00199863
0.00244306
-0.00513204
-2.97019e-05
-0.000404573
0.000433882
-8.09785e-05
-0.000553016
0.000604284
-0.000167118
-0.000698279
0.000784468
-0.000280117
-0.000835331
0.000948361
-0.000415598
-0.000995027
0.00113053
-0.000578574
-0.00118625
0.00134924
-0.000775552
-0.00141742
0.00161439
-0.00101412
-0.00170027
0.00193883
-0.00130157
-0.0020494
0.00233684
-0.00164384
-0.00247911
0.00282138
-0.0029988
0.00340299
-0.00204803
-2.98926e-06
-0.000450586
0.00045351
-1.35253e-05
-0.000623934
0.00063448
-3.46114e-05
-0.000827376
0.000848472
-8.13808e-05
-0.00101867
0.00106546
-0.000143593
-0.00121709
0.00127931
-0.000219244
-0.00145409
0.00152974
-0.000311707
-0.0017418
0.00183426
-0.000424736
-0.00209338
0.00220641
-0.000562101
-0.00252233
0.00265968
-0.000727318
-0.00303967
0.00320488
-0.0036532
0.00384923
-0.000923352
2.89641e-06
-0.00041981
0.000416907
8.46375e-06
-0.000629684
0.000624114
1.47228e-05
-0.000856006
0.000849742
1.99732e-05
-0.00111814
0.00111289
1.65646e-05
-0.00141287
0.00141628
-9.47659e-07
-0.0017149
0.00173241
-2.40313e-05
-0.00206048
0.00208356
-5.21473e-05
-0.00248156
0.00250967
-8.64018e-05
-0.00299236
0.00302661
-0.000128117
-0.00360303
0.00364475
-0.00432248
0.00437379
-0.000179434
-6.47318e-05
-0.000163598
-0.000300916
-0.000466067
-0.000662818
-0.000897876
-0.00117945
-0.00151772
-0.00192332
-0.0024038
-0.00295954
-1.67734e-05
-3.64039e-05
-7.92917e-05
-0.000149584
-0.000236137
-0.000340984
-0.000468386
-0.000622935
-0.000808413
-0.00102671
-0.00127691
5.66869e-06
0.000447814
3.73684e-08
0.000640116
-1.0815e-05
0.000859328
-4.10706e-05
0.00109572
-8.82044e-05
0.00132644
-0.000145818
0.00158736
-0.00021601
0.00190445
-0.000301395
0.00229179
-0.000404457
0.00276274
-0.000527231
0.00332765
0.00399385
-0.000671851
7.22153e-06
0.000440582
6.87949e-06
0.000640461
2.62814e-06
0.000863584
-1.42929e-05
0.00111265
-4.92046e-05
0.00136135
-9.31712e-05
0.00163133
-0.000146719
0.00195799
-0.000211876
0.00235695
-0.000290643
0.0028415
-0.000384843
0.00342185
0.00410581
-0.000496809
8.48508e-06
0.000432089
1.02948e-05
0.000638652
1.00498e-05
0.000863828
2.55655e-06
0.00112015
-2.28044e-05
0.00138671
-5.73488e-05
0.00166588
-9.94456e-05
0.00200009
-0.000150686
0.00240819
-0.000212747
0.00290356
-0.000287259
0.00349636
0.00419504
-0.000376488
7.34572e-06
0.000424738
1.10155e-05
0.000634981
1.37049e-05
0.000861136
1.25766e-05
0.00112128
-4.42128e-06
0.00140371
-3.19572e-05
0.00169341
-6.56498e-05
0.00203378
-0.000106613
0.00244915
-0.000156228
0.00295317
-0.000215852
0.00355598
0.00426638
-0.000287196
4.9272e-06
1.02258e-05
1.53548e-05
1.85021e-05
9.33284e-06
-1.21506e-05
-3.88616e-05
-7.12765e-05
-0.000110466
-0.000157522
-0.000213615
2.08547e-06
-0.000387849
0.000385762
5.73997e-06
-0.000572363
0.000568708
1.11411e-05
-0.000774903
0.0007695
1.87386e-05
-0.0010171
0.0010095
2.87855e-05
-0.00131543
0.00130539
4.07931e-05
-0.001683
0.00167099
5.19254e-05
-0.00212616
0.00211503
5.34399e-05
-0.00262269
0.00262118
4.91007e-05
-0.00317443
0.00317877
4.32481e-05
-0.00382532
0.00383117
-0.00459448
0.00460197
3.5758e-05
1.7552e-06
0.000415149
8.10264e-06
0.000617766
1.57048e-05
0.000842137
2.32257e-05
0.00110536
2.56389e-05
0.00141386
1.38362e-05
0.00174421
-4.08001e-06
0.00210147
-2.5721e-05
0.00253131
-5.17943e-05
0.00305268
-8.28976e-05
0.00367585
0.00441036
-0.00011947
1.45163e-06
0.000413695
7.31795e-06
0.000611899
1.50632e-05
0.000834389
2.34486e-05
0.00109698
2.90367e-05
0.00140827
2.12068e-05
0.00175204
5.38548e-06
0.00211729
-1.39974e-05
0.0025507
-3.76808e-05
0.00307636
-6.67549e-05
0.00370492
0.00444635
-0.000102747
2.74467e-06
0.000410949
7.80499e-06
0.000606839
1.54184e-05
0.000826774
2.45919e-05
0.00108781
3.27508e-05
0.00140011
2.98187e-05
0.00175497
1.71081e-05
0.00213
1.16484e-06
0.00256664
-1.81246e-05
0.00309565
-4.14324e-05
0.00372822
0.00447445
-6.9532e-05
3.40925e-06
0.000407539
8.04259e-06
0.000602206
1.5285e-05
0.00081953
2.46816e-05
0.00107841
3.42393e-05
0.00139055
3.56272e-05
0.00175358
2.5608e-05
0.00214002
1.20275e-05
0.00258022
-4.43336e-06
0.0031121
-2.45283e-05
0.00374832
0.00449907
-4.91487e-05
3.57056e-06
0.000403967
8.19666e-06
0.000597581
1.52748e-05
0.000812452
2.47811e-05
0.00106891
3.52789e-05
0.00138005
4.05988e-05
0.00174827
3.37159e-05
0.0021469
2.25101e-05
0.00259142
8.91209e-06
0.0031257
-7.70683e-06
0.00376493
0.00451922
-2.78583e-05
3.21227e-06
0.000400754
7.65132e-06
0.000593142
1.4369e-05
0.000805733
2.35338e-05
0.00105975
3.41892e-05
0.00136939
4.20813e-05
0.00174038
3.79179e-05
0.00215106
2.80911e-05
0.00260125
1.60322e-05
0.00313776
1.16568e-06
0.0037798
0.00453767
-1.72881e-05
3.00589e-06
0.000397749
7.43915e-06
0.000588709
1.40407e-05
0.000799132
2.30911e-05
0.0010507
3.40554e-05
0.00135843
4.41069e-05
0.00173033
4.34183e-05
0.00215175
3.56171e-05
0.00260905
2.57575e-05
0.00314762
1.36619e-05
0.00379189
0.00455256
-1.22007e-06
2.68221e-06
0.000395066
7.01046e-06
0.000584381
1.3403e-05
0.000792739
2.2195e-05
0.00104191
3.31523e-05
0.00134747
4.43503e-05
0.00171913
4.67885e-05
0.00214931
4.06093e-05
0.00261523
3.21795e-05
0.00315605
2.18077e-05
0.00380226
0.00456548
8.88728e-06
2.52286e-06
0.000392544
6.71775e-06
0.000580187
1.2913e-05
0.000786544
2.14772e-05
0.00103334
3.23791e-05
0.00133657
4.42383e-05
0.00170727
4.96345e-05
0.00214391
4.52054e-05
0.00261966
3.79898e-05
0.00316326
2.90247e-05
0.00381123
0.00457679
1.77127e-05
2.2558e-06
0.000390289
6.2387e-06
0.000576205
1.21304e-05
0.000780653
2.03256e-05
0.00102515
3.09237e-05
0.00132597
4.29067e-05
0.00169529
5.06437e-05
0.00213618
4.79263e-05
0.00262238
4.16439e-05
0.00316954
3.38447e-05
0.00381903
0.00458654
2.40959e-05
2.44123e-06
6.28347e-06
1.20341e-05
2.00842e-05
3.06203e-05
4.29137e-05
5.29255e-05
5.26131e-05
4.77242e-05
4.14331e-05
3.34882e-05
1.13519e-06
0.000357265
-0.000358401
2.76226e-06
0.000522446
-0.000524074
5.03561e-06
0.000700443
-0.000702716
8.13982e-06
0.000910166
-0.00091327
1.23374e-05
0.00116726
-0.00117146
1.7974e-05
0.00148688
-0.00149252
2.54627e-05
0.00188659
-0.00189408
3.51649e-05
0.00238691
-0.00239661
4.6954e-05
0.00300993
-0.00302172
5.91138e-05
0.00377302
-0.00378518
0.00464812
-0.00465221
6.32024e-05
1.25759e-06
0.000356007
2.70529e-06
0.000520998
4.86761e-06
0.00069828
7.88216e-06
0.000907151
1.19902e-05
0.00116315
1.75162e-05
0.00148136
2.48571e-05
0.00187925
3.43834e-05
0.00237738
4.60775e-05
0.00299824
5.86719e-05
0.00376043
0.00464278
6.40151e-05
1.79386e-06
0.000383967
5.64638e-06
0.000564854
1.10668e-05
0.000764079
1.8581e-05
0.00100199
2.8543e-05
0.00129542
4.07191e-05
0.00165881
5.31254e-05
0.00210262
5.7297e-05
0.002617
5.44412e-05
0.00318162
4.99797e-05
0.00383563
0.00460769
4.42608e-05
1.76717e-06
0.000382199
5.22053e-06
0.000561401
1.02926e-05
0.000759007
1.73773e-05
0.000994904
2.68249e-05
0.00128597
3.85756e-05
0.00164706
5.11938e-05
0.00209
5.71762e-05
0.00261102
5.49937e-05
0.00318381
5.07821e-05
0.00383984
0.00461311
4.53617e-05
2.18156e-06
0.000380017
5.4111e-06
0.000558171
1.03033e-05
0.000754115
1.72146e-05
0.000987993
2.65007e-05
0.00127669
3.82248e-05
0.00163534
5.13049e-05
0.00207692
5.95229e-05
0.0026028
5.87785e-05
0.00318455
5.54363e-05
0.00384318
0.00461752
5.10232e-05
2.07445e-06
0.000377943
5.03806e-06
0.000555208
9.5541e-06
0.000749599
1.60149e-05
0.000981533
2.47997e-05
0.0012679
3.60571e-05
0.00162408
4.89581e-05
0.00206402
5.86503e-05
0.00259311
5.90124e-05
0.00318419
5.60494e-05
0.00384614
0.00462146
5.21057e-05
1.9778e-06
0.000375966
4.90638e-06
0.00055228
9.26551e-06
0.00074524
1.54869e-05
0.000975312
2.39924e-05
0.0012594
3.50054e-05
0.00161307
4.79003e-05
0.00205113
5.90186e-05
0.00258199
6.08642e-05
0.00318234
5.84162e-05
0.00384859
0.00462497
5.4907e-05
1.69416e-06
0.000374272
4.61076e-06
0.000549363
8.8258e-06
0.000741025
1.47967e-05
0.000969342
2.29795e-05
0.00125121
3.36722e-05
0.00160238
4.64588e-05
0.00203834
5.86726e-05
0.00256978
6.22363e-05
0.00317878
6.05915e-05
0.00385023
0.00462761
5.79497e-05
1.51283e-06
0.000372759
4.19445e-06
0.000546682
8.13639e-06
0.000737083
1.37332e-05
0.000963745
2.14237e-05
0.00124352
3.15434e-05
0.00159226
4.38513e-05
0.00202603
5.63957e-05
0.00255724
6.11505e-05
0.00317402
5.95567e-05
0.00385183
0.00463053
5.66387e-05
1.78933e-06
0.00037097
4.28085e-06
0.00054419
8.06514e-06
0.000733298
1.34852e-05
0.000958325
2.09634e-05
0.00123605
3.08675e-05
0.00158236
4.31223e-05
0.00201378
5.62936e-05
0.00254407
6.29436e-05
0.00316737
6.23513e-05
0.00385242
0.00463263
6.02548e-05
1.4224e-06
0.000369547
3.70426e-06
0.000541908
7.12466e-06
0.000729878
1.20649e-05
0.000953385
1.8946e-05
0.00122916
2.81519e-05
0.00157315
3.9729e-05
0.0020022
5.25927e-05
0.0025312
6.02337e-05
0.00315973
5.97815e-05
0.00385287
0.00463509
5.73229e-05
1.43964e-06
0.000368107
3.68782e-06
0.00053966
7.01589e-06
0.00072655
1.17957e-05
0.000948605
1.84582e-05
0.0012225
2.74187e-05
0.00156419
3.88256e-05
0.00199079
5.18343e-05
0.00251819
6.09985e-05
0.00315057
6.15126e-05
0.00385236
0.00463716
5.94375e-05
1.23114e-06
0.000366875
3.24773e-06
0.000537642
6.27322e-06
0.000723524
1.06597e-05
0.000944218
1.68246e-05
0.00121634
2.51942e-05
0.00155582
3.5989e-05
0.00198
4.85533e-05
0.00250563
5.85269e-05
0.00314059
5.95713e-05
0.00385131
0.00463938
5.73493e-05
9.7871e-07
0.000365895
2.96594e-06
0.000535655
5.83854e-06
0.000720651
9.97413e-06
0.000940082
1.57958e-05
0.00121051
2.37468e-05
0.00154787
3.4107e-05
0.00196964
4.63878e-05
0.00249335
5.72228e-05
0.00312976
5.92327e-05
0.0038493
0.00464125
5.73608e-05
1.05993e-06
0.000364835
2.88563e-06
0.000533828
5.60602e-06
0.00071793
9.53561e-06
0.000936152
1.50754e-05
0.00120497
2.26707e-05
0.00154027
3.26416e-05
0.00195966
4.4645e-05
0.00248134
5.61272e-05
0.00311827
5.91321e-05
0.0038463
0.00464309
5.73002e-05
9.07676e-07
0.000363927
2.18832e-06
0.000532548
4.33931e-06
0.000715779
7.61528e-06
0.000932876
1.23742e-05
0.00120022
1.90346e-05
0.00153361
2.79318e-05
0.00195077
3.88607e-05
0.00247042
4.99333e-05
0.0031072
5.31739e-05
0.00384306
0.00464548
5.07806e-05
7.9231e-07
0.000363135
1.71447e-06
0.000531626
3.40685e-06
0.000714086
6.13065e-06
0.000930153
1.02362e-05
0.00119611
1.61287e-05
0.00152772
2.41545e-05
0.00194274
3.42268e-05
0.00246034
4.49343e-05
0.00309649
4.86311e-05
0.00383936
0.00464828
4.58274e-05
6.83705e-07
0.000362451
1.55308e-06
0.000530757
3.05808e-06
0.000712582
5.49696e-06
0.000927714
9.23505e-06
0.00119237
1.46852e-05
0.00152227
2.22178e-05
0.00193521
3.18588e-05
0.0024507
4.25413e-05
0.00308581
4.72493e-05
0.00383465
0.00465078
4.47517e-05
1.59766e-07
0.000362291
8.3199e-07
0.000530084
1.97453e-06
0.000711439
3.90486e-06
0.000925784
6.98685e-06
0.00118929
1.1636e-05
0.00151762
1.82443e-05
0.0019286
2.69352e-05
0.00244201
3.68952e-05
0.00307585
4.19609e-05
0.00382959
0.00465346
3.92829e-05
-4.10852e-09
0.000362296
4.94569e-07
0.000529586
1.41822e-06
0.000710515
3.03036e-06
0.000924172
5.67071e-06
0.00118665
9.74989e-06
0.00151354
1.56786e-05
0.00192267
2.36561e-05
0.00243403
3.30342e-05
0.00306647
3.8537e-05
0.00382408
0.00465621
3.57904e-05
7.6753e-07
0.000361528
1.71644e-06
0.000528637
3.18881e-06
0.000709043
5.39806e-06
0.000921962
8.67095e-06
0.00118338
1.34209e-05
0.00150879
2.00844e-05
0.00191601
2.89213e-05
0.0024252
3.93882e-05
0.00305601
4.70224e-05
0.00381645
0.0046573
4.59279e-05
1.04859e-06
0.000360479
2.50051e-06
0.000527184
4.49749e-06
0.000707046
7.26187e-06
0.000919198
1.1104e-05
0.00117953
1.64235e-05
0.00150347
2.36651e-05
0.00190877
3.31383e-05
0.00241572
4.4416e-05
0.00304473
5.38707e-05
0.00380699
0.00465673
5.44412e-05
1.03527e-06
0.000359443
2.5763e-06
0.000525643
4.7138e-06
0.000704908
7.63814e-06
0.000916273
1.16293e-05
0.00117554
1.70605e-05
0.00149804
2.43636e-05
0.00190146
3.38705e-05
0.00240622
4.52541e-05
0.00303334
5.56409e-05
0.00379661
0.00465518
5.71864e-05
1.04238e-06
2.61166e-06
4.80344e-06
7.80643e-06
1.18894e-05
1.74108e-05
2.47975e-05
3.44065e-05
4.60274e-05
5.74515e-05
6.04253e-05
2.33106e-06
0.000303575
-0.000305908
5.63943e-06
0.000448692
-0.000452001
9.85906e-06
0.000600882
-0.000605102
1.51447e-05
0.000778252
-0.000783539
2.16836e-05
0.000993547
-0.00100009
2.97115e-05
0.00125881
-0.00126684
3.95228e-05
0.00158805
-0.00159786
5.14704e-05
0.00199833
-0.00201028
6.59379e-05
0.00251072
-0.00252519
8.32411e-05
0.00315099
-0.00316829
0.00395044
-0.0039707
0.0001035
2.88242e-06
0.000300691
6.96106e-06
0.000444612
1.20374e-05
0.000595805
1.83109e-05
0.000771978
2.60255e-05
0.000985832
3.54846e-05
0.00124935
4.70635e-05
0.00157647
6.12195e-05
0.00198418
7.84901e-05
0.00249345
9.94416e-05
0.00313003
0.00392543
0.000124452
3.76083e-06
0.00029693
8.36851e-06
0.000440004
1.436e-05
0.000589813
2.17789e-05
0.000764559
3.08183e-05
0.000976793
4.17504e-05
0.00123842
5.49192e-05
0.0015633
7.07329e-05
0.00196836
8.96355e-05
0.00247454
0.000112017
0.00310765
0.00389939
0.000138056
4.52108e-06
0.000292408
9.18955e-06
0.000435335
1.53118e-05
0.00058369
2.29929e-05
0.000756877
3.24809e-05
0.000967304
4.40918e-05
0.00122681
5.82157e-05
0.00154917
7.53124e-05
0.00195127
9.58829e-05
0.00245397
0.000120409
0.00308313
0.00387028
0.000149521
5.71339e-06
0.000286694
1.27222e-05
0.000428326
2.18903e-05
0.000574522
3.32105e-05
0.000745557
4.6897e-05
0.000953618
6.32473e-05
0.00121046
8.26296e-05
0.00152979
0.000105485
0.00192841
0.000132318
0.00242714
0.000163608
0.00305184
0.00383497
0.000198909
1.16934e-06
0.000354836
2.77485e-06
0.000519391
5.00835e-06
0.000696046
8.08397e-06
0.000904074
1.22646e-05
0.00115897
1.78771e-05
0.00147574
2.53098e-05
0.00187181
3.4936e-05
0.00236775
4.68149e-05
0.00298636
5.99756e-05
0.00374727
0.00463604
6.67089e-05
8.77466e-07
0.000353957
2.64308e-06
0.000517625
4.9479e-06
0.00069374
8.05098e-06
0.000900971
1.2233e-05
0.00115479
1.78313e-05
0.00147015
2.52359e-05
0.00186441
3.48269e-05
0.00235816
4.67298e-05
0.00297446
6.01815e-05
0.00373381
0.00462813
6.8097e-05
8.26577e-07
0.000353129
2.44575e-06
0.000516005
4.6583e-06
0.000691527
7.65418e-06
0.000897974
1.16876e-05
0.00115076
1.70859e-05
0.00146475
2.4235e-05
0.00185726
3.35226e-05
0.00234887
4.51327e-05
0.00296285
5.8458e-05
0.00372049
0.00461937
6.72125e-05
1.17489e-06
0.000351954
2.77545e-06
0.000514404
5.04624e-06
0.000689256
8.14041e-06
0.00089488
1.22997e-05
0.0011466
1.78471e-05
0.0014592
2.51767e-05
0.00184993
3.47014e-05
0.00233935
4.66776e-05
0.00295087
6.06441e-05
0.00370652
0.00460879
7.12252e-05
1.16677e-06
0.000350786
2.59941e-06
0.000512971
4.69516e-06
0.00068716
7.60142e-06
0.000891973
1.15465e-05
0.00114265
1.68312e-05
0.00145391
2.38267e-05
0.00184293
3.29303e-05
0.00233024
4.44013e-05
0.0029394
5.77944e-05
0.00369313
0.00459811
6.84733e-05
1.14615e-06
0.000349639
2.51145e-06
0.000511605
4.50756e-06
0.000685163
7.29281e-06
0.000889188
1.11013e-05
0.00113884
1.62312e-05
0.00144878
2.3049e-05
0.00183611
3.19575e-05
0.00232133
4.3256e-05
0.0029281
5.66079e-05
0.00367978
0.00458635
6.8372e-05
1.21314e-06
0.000348425
2.73321e-06
0.000510084
4.85128e-06
0.000683045
7.75355e-06
0.000886285
1.16937e-05
0.0011349
1.69883e-05
0.00144349
2.40212e-05
0.00182908
3.32202e-05
0.00231214
4.49325e-05
0.00291639
5.89301e-05
0.00366578
0.00457286
7.24208e-05
1.03572e-06
0.000347389
2.45976e-06
0.00050866
4.46369e-06
0.000681041
7.21569e-06
0.000883533
1.09556e-05
0.00113116
1.59892e-05
0.00143845
2.26872e-05
0.00182238
3.14606e-05
0.00230336
4.26405e-05
0.00290521
5.60122e-05
0.00365241
0.00455949
6.93782e-05
1.10917e-06
0.000346279
2.49715e-06
0.000507272
4.47917e-06
0.000679058
7.20593e-06
0.000880806
1.09112e-05
0.00112746
1.58999e-05
0.00143347
2.2547e-05
0.00181574
3.12755e-05
0.00229463
4.24495e-05
0.00289403
5.59786e-05
0.00363888
0.00454505
7.04184e-05
1.11262e-06
0.000345166
2.46121e-06
0.000505923
4.38871e-06
0.000677131
7.04957e-06
0.000878145
1.06762e-05
0.00112383
1.55715e-05
0.00142857
2.21109e-05
0.0018092
3.07229e-05
0.00228602
4.17878e-05
0.00288297
5.52933e-05
0.00362537
0.00453004
7.03031e-05
9.76235e-07
0.00034419
2.21077e-06
0.000504688
3.99605e-06
0.000675345
6.47902e-06
0.000875662
9.88099e-06
0.00112043
1.44896e-05
0.00142396
2.06613e-05
0.00180302
2.88038e-05
0.00227788
3.92836e-05
0.00287249
5.2137e-05
0.00361252
0.00451535
6.68336e-05
1.14453e-06
0.000343045
2.56861e-06
0.000503264
4.53453e-06
0.000673379
7.21051e-06
0.000872985
1.08362e-05
0.0011168
1.57209e-05
0.00141908
2.22505e-05
0.00179649
3.08797e-05
0.00226925
4.20654e-05
0.0028613
5.60621e-05
0.00359852
0.00449862
7.27888e-05
9.54348e-07
0.00034209
2.27244e-06
0.000501945
4.11444e-06
0.000671537
6.63105e-06
0.000870469
1.00417e-05
0.00111339
1.46332e-05
0.00141449
2.07618e-05
0.00179037
2.88402e-05
0.00226117
3.92659e-05
0.00285088
5.223e-05
0.00358556
0.00448326
6.75852e-05
1.01151e-06
0.000341078
2.36963e-06
0.000500587
4.25385e-06
0.000669653
6.81396e-06
0.000867908
1.02713e-05
0.00110993
1.49188e-05
0.00140984
2.11283e-05
0.00178416
2.93482e-05
0.00225295
4.00612e-05
0.00284016
5.36783e-05
0.00357194
0.00446634
7.06028e-05
1.04923e-06
0.000340029
2.46458e-06
0.000499172
4.39844e-06
0.000667719
7.0089e-06
0.000865298
1.05196e-05
0.00110642
1.52259e-05
0.00140513
2.15058e-05
0.00177788
2.98194e-05
0.00224464
4.06781e-05
0.0028293
5.45539e-05
0.00355806
0.00444915
7.17463e-05
1.24455e-05
-0.000613922
0.000601459
3.02234e-05
-0.000887431
0.000869648
5.54467e-05
-0.00120198
0.00117674
8.97934e-05
-0.00158545
0.00155111
0.000133127
-0.0020599
0.00201655
0.00017937
-0.00263289
0.00258665
0.000209561
-0.00326439
0.00323419
0.000229587
-0.00394337
0.00392335
0.000252409
-0.00474525
0.00472241
0.000279927
-0.00572834
0.00570081
-0.00695594
0.00692422
0.000311641
1.46944e-05
-0.000628628
3.46786e-05
-0.000907418
6.30474e-05
-0.00123035
0.000101079
-0.00162348
0.000147496
-0.00210632
0.000191985
-0.00267738
0.000217959
-0.00329037
0.000237921
-0.00396333
0.000261325
-0.00476866
0.000288775
-0.00575579
-0.00698653
0.000319368
7.48334e-07
0.00033928
1.87696e-06
0.000498043
3.48917e-06
0.000666106
5.72115e-06
0.000863066
8.77076e-06
0.00110337
1.29016e-05
0.001401
1.84515e-05
0.00177233
2.58303e-05
0.00223726
3.54916e-05
0.00281964
4.78607e-05
0.0035457
0.00443366
6.33437e-05
8.02467e-07
0.000338477
1.89715e-06
0.000496948
3.45252e-06
0.000664551
5.61198e-06
0.000860906
8.58152e-06
0.0011004
1.26336e-05
0.00139695
1.81211e-05
0.00176684
2.54873e-05
0.00222989
3.52625e-05
0.00280987
4.80528e-05
0.00353291
0.00441707
6.46484e-05
8.1635e-07
0.000337661
1.92721e-06
0.000495837
3.47892e-06
0.000662999
5.61693e-06
0.000858768
8.54772e-06
0.00109747
1.25439e-05
0.00139295
1.79586e-05
0.00176142
2.52377e-05
0.00222261
3.49226e-05
0.00280018
4.76433e-05
0.00352018
0.00440063
6.40836e-05
7.46148e-07
0.000336914
1.79517e-06
0.000494788
3.27035e-06
0.000661524
5.30284e-06
0.000856735
8.08616e-06
0.00109469
1.18784e-05
0.00138916
1.70138e-05
0.00175629
2.3914e-05
0.00221571
3.30931e-05
0.002791
4.51609e-05
0.00350812
0.00438498
6.08069e-05
9.32108e-07
0.000335982
2.14918e-06
0.00049357
3.81174e-06
0.000659861
6.0511e-06
0.000854496
9.06722e-06
0.00109167
1.3131e-05
0.0013851
1.86003e-05
0.00175082
2.59392e-05
0.00220837
3.57424e-05
0.0027812
4.87667e-05
0.00349509
0.00436795
6.57961e-05
1.10088e-06
0.00033488
2.5507e-06
0.00049212
4.47111e-06
0.00065794
7.00326e-06
0.000851963
1.03545e-05
0.00108832
1.48087e-05
0.00138064
2.07463e-05
0.00174488
2.867e-05
0.00220045
3.92365e-05
0.00277063
5.32735e-05
0.00348106
0.00434998
7.12511e-05
8.2972e-07
0.000334051
2.08981e-06
0.00049086
3.80571e-06
0.000656224
6.09966e-06
0.000849669
9.15082e-06
0.00108527
1.32073e-05
0.00137658
1.8601e-05
0.00173949
2.57659e-05
0.00219328
3.52485e-05
0.00276115
4.76581e-05
0.00346865
0.0043347
6.29354e-05
7.95759e-07
0.000333254
1.99177e-06
0.000489664
3.62883e-06
0.000654587
5.83814e-06
0.00084746
8.80534e-06
0.0010823
1.27877e-05
0.0013726
1.81364e-05
0.00173414
2.53287e-05
0.00218609
3.49988e-05
0.00275148
4.79245e-05
0.00345572
0.0043181
6.45203e-05
8.13349e-07
0.000332441
2.02455e-06
0.000488453
3.65728e-06
0.000652954
5.8534e-06
0.000845264
8.80338e-06
0.00107935
1.27664e-05
0.00136864
1.80925e-05
0.00172881
2.52524e-05
0.00217893
3.48595e-05
0.00274187
4.76181e-05
0.00344296
0.00430193
6.37855e-05
6.07017e-07
0.000331834
1.59009e-06
0.000487469
2.97189e-06
0.000651572
4.86825e-06
0.000843367
7.44682e-06
0.00107677
1.09377e-05
0.00136515
1.56483e-05
0.0017241
2.19851e-05
0.0021726
3.04612e-05
0.0027334
4.16283e-05
0.00343179
0.00428795
5.56181e-05
9.10983e-07
0.000330922
2.098e-06
0.000486282
3.71214e-06
0.000649958
5.87357e-06
0.000841206
8.76808e-06
0.00107388
1.26531e-05
0.00136126
1.78789e-05
0.00171888
2.49223e-05
0.00216555
3.4418e-05
0.0027239
4.71468e-05
0.00341906
0.00427144
6.36558e-05
1.18937e-06
0.000329733
2.69719e-06
0.000484774
4.66898e-06
0.000647986
7.23592e-06
0.000838639
1.05943e-05
0.00107052
1.50151e-05
0.00135684
2.08662e-05
0.00171302
2.86428e-05
0.00215778
3.899e-05
0.00271355
5.26394e-05
0.00340542
0.00425455
6.95246e-05
8.61394e-07
0.000328871
2.13715e-06
0.000483498
3.86843e-06
0.000646255
6.16049e-06
0.000836347
9.17717e-06
0.0010675
1.31498e-05
0.00135287
1.83937e-05
0.00170778
2.53267e-05
0.00215084
3.44695e-05
0.00270441
4.6317e-05
0.00339357
0.00424049
6.03738e-05
8.94004e-07
0.000327977
2.14596e-06
0.000482246
3.84462e-06
0.000644556
6.10785e-06
0.000834083
9.1102e-06
0.0010645
1.3095e-05
0.00134888
1.83978e-05
0.00170248
2.54736e-05
0.00214377
3.49122e-05
0.00269497
4.73478e-05
0.00338113
0.00422494
6.28999e-05
9.43531e-07
0.000327033
2.22077e-06
0.000480969
3.93942e-06
0.000642837
6.22198e-06
0.000831801
9.24624e-06
0.00106148
1.32556e-05
0.00134488
1.85806e-05
0.00169715
2.56612e-05
0.00213669
3.50478e-05
0.00268559
4.72832e-05
0.0033689
0.00420986
6.23628e-05
8.51671e-07
0.000326181
2.01102e-06
0.000479809
3.61143e-06
0.000641237
5.75327e-06
0.000829659
8.59782e-06
0.00105863
1.23681e-05
0.0013411
1.7365e-05
0.00169216
2.39832e-05
0.00213007
3.27082e-05
0.00267686
4.40106e-05
0.00335759
0.00419599
5.78859e-05
1.10991e-06
0.000325071
2.49077e-06
0.000478428
4.3318e-06
0.000639396
6.75017e-06
0.00082724
9.92674e-06
0.00105546
1.41101e-05
0.00133692
1.96383e-05
0.00168663
2.69635e-05
0.00212274
3.66658e-05
0.00266716
4.93618e-05
0.0033449
0.00418042
6.49277e-05
1.01504e-06
0.000324055
2.37928e-06
0.000477063
4.19608e-06
0.000637579
6.5797e-06
0.000824856
9.69901e-06
0.00105234
1.37844e-05
0.00133284
1.91423e-05
0.00168127
2.61673e-05
0.00211572
3.53255e-05
0.002658
4.7001e-05
0.00333322
0.00416665
6.07771e-05
9.00841e-07
0.000323154
2.22705e-06
0.000475737
3.99901e-06
0.000635806
6.32519e-06
0.00082253
9.3646e-06
0.0010493
1.3335e-05
0.00132887
1.85264e-05
0.00167608
2.53119e-05
0.00210893
3.41369e-05
0.00264917
4.54209e-05
0.00332194
0.00415262
5.94494e-05
1.29167e-06
0.000321862
3.15166e-06
0.000473876
5.48014e-06
0.000633477
8.43677e-06
0.000819573
1.2221e-05
0.00104551
1.71011e-05
0.00132398
2.34368e-05
0.00166974
3.1705e-05
0.00210066
4.25164e-05
0.00263836
5.65653e-05
0.00330789
0.00413499
7.41887e-05
1.02331e-06
0.000320838
2.70819e-06
0.000472191
4.8897e-06
0.000631296
7.6801e-06
0.000816782
1.12367e-05
0.00104195
1.57787e-05
0.00131944
2.15949e-05
0.00166393
2.90458e-05
0.00209321
3.85332e-05
0.00262888
5.03349e-05
0.00329609
0.00412152
6.38031e-05
1.11788e-06
0.000319719
2.61354e-06
0.000470695
4.66376e-06
0.000629245
7.34065e-06
0.000814105
1.07881e-05
0.00103851
1.52157e-05
0.00131501
2.09099e-05
0.00165823
2.82452e-05
0.00208588
3.76753e-05
0.00261945
4.96503e-05
0.00328411
0.00410678
6.43909e-05
1.59463e-06
0.000318125
3.39463e-06
0.000468895
5.78858e-06
0.000626851
8.87825e-06
0.000811016
1.28381e-05
0.00103455
1.79076e-05
0.00130995
2.44099e-05
0.00165173
3.2771e-05
0.00207752
4.35141e-05
0.0026087
5.71462e-05
0.00327048
0.00409046
7.34713e-05
1.46035e-06
0.000316664
3.16617e-06
0.00046719
5.48032e-06
0.000624537
8.47972e-06
0.000808016
1.23149e-05
0.00103071
1.7189e-05
0.00130507
2.33653e-05
0.00164555
3.11703e-05
0.00206971
4.09596e-05
0.00259891
5.29614e-05
0.00325848
0.00407677
6.66546e-05
1.75617e-06
0.000314909
3.75073e-06
0.000465195
6.39413e-06
0.000621894
9.78312e-06
0.000804628
1.40931e-05
0.0010264
1.95583e-05
0.00129961
2.64859e-05
0.00163862
3.5272e-05
0.00206093
4.63954e-05
0.00258779
6.02998e-05
0.00324457
0.00406032
7.67482e-05
1.89336e-06
0.000313015
4.28031e-06
0.000462809
7.33099e-06
0.000618843
1.11844e-05
0.000800774
1.60351e-05
0.00102155
2.21361e-05
0.00129351
2.98112e-05
0.00163095
3.94662e-05
0.00205127
5.15671e-05
0.00257569
6.64568e-05
0.00322969
0.00404357
8.32022e-05
1.44429e-06
0.000311571
3.73161e-06
0.000460521
6.65356e-06
0.000615921
1.03549e-05
0.000797073
1.50088e-05
0.0010169
2.08371e-05
0.00128768
2.81136e-05
0.00162367
3.71603e-05
0.00204222
4.83001e-05
0.00256455
6.17007e-05
0.00321628
0.00402774
7.75315e-05
1.3593e-06
0.000310212
3.89313e-06
0.000457987
7.02838e-06
0.000612786
1.09585e-05
0.000793143
1.58771e-05
0.00101198
2.20279e-05
0.00128153
2.97114e-05
0.00161599
3.92881e-05
0.00203265
5.11604e-05
0.00255268
6.57216e-05
0.00320172
0.0040098
8.36614e-05
1.88802e-06
0.000308324
4.87925e-06
0.000454996
8.6143e-06
0.000609051
1.32505e-05
0.000788507
1.8988e-05
0.00100624
2.60946e-05
0.00127442
3.49093e-05
0.00160718
4.58458e-05
0.00202171
5.93835e-05
0.00253914
7.60184e-05
0.00318509
0.00398996
9.58638e-05
2.41567e-06
5.41066e-06
9.35956e-06
1.43277e-05
2.04826e-05
2.80633e-05
3.73804e-05
4.88098e-05
6.27617e-05
7.95606e-05
9.88196e-05
7.09709e-06
-0.000565169
0.000558072
1.83496e-05
-0.000813185
0.000801934
3.44784e-05
-0.00109646
0.00108033
5.69536e-05
-0.00144034
0.00141787
8.72889e-05
-0.00187057
0.00184024
0.000126151
-0.0024102
0.00237133
0.000170369
-0.00307393
0.00302971
0.000202095
-0.00382603
0.00379431
0.000222723
-0.00463688
0.00461625
0.000246151
-0.00559684
0.00557341
-0.00680094
0.00677248
0.000274607
7.83943e-06
-0.000573005
2.02737e-05
-0.000825618
3.79747e-05
-0.00111416
6.25245e-05
-0.00146489
9.54412e-05
-0.00190349
0.000136963
-0.00245172
0.000181294
-0.00311826
0.000210173
-0.00385491
0.000231482
-0.00465819
0.000256936
-0.00562229
-0.00683177
0.000287767
8.26163e-06
-0.000581267
2.1586e-05
-0.000838942
4.05594e-05
-0.00113313
6.68211e-05
-0.00149115
0.000101765
-0.00193843
0.000144987
-0.00249494
0.00018696
-0.00316024
0.000211906
-0.00387986
0.000232628
-0.00467891
0.000258022
-0.00564769
-0.00686215
0.000288403
9.39747e-06
-0.000590657
2.40907e-05
-0.000853635
4.49197e-05
-0.00115396
7.3607e-05
-0.00151984
0.00011132
-0.00197614
0.000156646
-0.00254026
0.000195765
-0.00319935
0.000218419
-0.00390251
0.000239891
-0.00470038
0.00026617
-0.00567396
-0.00689299
0.000297018
1.08099e-05
2.68247e-05
4.96143e-05
8.08831e-05
0.000121302
0.000167693
0.000202535
0.000223375
0.000245409
0.000272263
0.000303494
1.67514e-05
-0.000645389
3.94917e-05
-0.00093016
7.16868e-05
-0.00126255
0.000113603
-0.0016654
0.000162478
-0.0021552
0.000203216
-0.00271811
0.000226025
-0.00331318
0.000246822
-0.00398412
0.00027148
-0.00479332
0.000300135
-0.00578444
-0.00701845
0.00033205
7.45837e-06
0.000279234
1.4895e-05
0.000420888
2.34131e-05
0.000566003
3.33834e-05
0.000735586
4.53174e-05
0.000941683
5.98298e-05
0.00119594
7.76462e-05
0.00151197
9.95591e-05
0.0019065
0.000126272
0.00240043
0.000158051
0.00302006
0.00379751
0.000195516
9.3504e-06
0.000269884
1.12132e-05
0.000419026
1.97221e-05
0.000557495
3.64236e-05
0.000718885
6.16921e-05
0.000916415
9.63713e-05
0.00116127
0.00014182
0.00146653
0.00019983
0.00184849
0.000272607
0.00232765
0.000363345
0.00292932
0.00368912
0.000471737
0.00021113
5.87506e-05
0.000581289
4.88652e-05
0.00109042
4.83622e-05
0.0017526
5.67092e-05
0.0025997
6.93136e-05
0.00367605
8.4907e-05
0.0050385
0.000104083
0.00675935
0.000127631
0.00893079
0.000156212
0.0116693
0.000190834
0.000233242
0.0151251
0.00011141
-5.26574e-05
0.000274053
-0.000113777
0.00049034
-0.000167924
0.000776908
-0.000229858
0.00115492
-0.000308696
0.00165082
-0.000410996
0.00230041
-0.000545504
0.00315265
-0.000724606
0.00427472
-0.000965862
0.00575972
-0.00129416
-0.00174574
0.00773871
-1.05379e-06
-5.16e-05
-6.30339e-06
-0.000108526
-7.95342e-06
-0.000166273
-2.255e-06
-0.000235556
1.30258e-05
-0.000323977
4.10035e-05
-0.000438972
8.60689e-05
-0.000590569
0.000154227
-0.000792764
0.000253617
-0.00106525
0.000395546
-0.00143609
-0.00194556
0.000595364
1.3818e-05
-6.54176e-05
3.54462e-05
-0.000130153
6.13853e-05
-0.000192212
9.30762e-05
-0.000267247
0.000131628
-0.000362528
0.000178499
-0.000485844
0.000235531
-0.0006476
0.000304974
-0.000862207
0.000389634
-0.00114991
0.000493253
-0.00153971
-0.00207447
0.000622164
1.20955e-05
-7.75136e-05
3.121e-05
-0.000149268
5.58322e-05
-0.000216835
8.67551e-05
-0.00029817
0.000125055
-0.000400828
0.000172163
-0.000532952
0.000229873
-0.00070531
0.000300395
-0.000932729
0.000386441
-0.00123596
0.0004914
-0.00164467
-0.00220269
0.000619621
1.36709e-05
-9.11854e-05
3.13413e-05
-0.000166939
5.4015e-05
-0.000239509
8.24868e-05
-0.000326642
0.000117856
-0.000436197
0.000161521
-0.000576617
0.000215204
-0.000758993
0.000280949
-0.000998475
0.000361116
-0.00131612
0.00045836
-0.00174191
-0.00232048
0.000576147
1.43667e-05
-0.000105554
3.17648e-05
-0.000184338
5.42245e-05
-0.000261969
8.23595e-05
-0.000354777
0.000117209
-0.000471047
0.000160108
-0.000619516
0.00021271
-0.000811596
0.00027703
-0.00106279
0.000355462
-0.00139456
0.000450719
-0.00183717
-0.00243533
0.000565564
1.34637e-05
-0.000119019
2.93934e-05
-0.000200268
5.02699e-05
-0.000282846
7.65451e-05
-0.000381052
0.000109155
-0.000503658
0.000149315
-0.000659676
0.00019854
-0.000860821
0.000258683
-0.00112294
0.000331976
-0.00146785
0.000420903
-0.0019261
-0.00254113
0.000526702
1.41552e-05
-0.000133176
3.0322e-05
-0.000216436
5.11911e-05
-0.000303716
7.72574e-05
-0.000407119
0.000109462
-0.000535863
0.000149014
-0.000699229
0.000197431
-0.000909237
0.00025661
-0.00118212
0.000328981
-0.00154022
0.000417788
-0.00201491
-0.00265102
0.000527683
1.22325e-05
-0.00014541
2.68591e-05
-0.000231064
4.58929e-05
-0.00032275
6.97762e-05
-0.000431003
9.93527e-05
-0.000565439
0.000135711
-0.000735587
0.000180201
-0.000953727
0.000234473
-0.00123639
0.000300589
-0.00160634
0.000381352
-0.00209567
-0.00275104
0.000481376
1.12124e-05
-0.000156624
2.52135e-05
-0.000245066
4.33502e-05
-0.000340887
6.60971e-05
-0.000453751
9.42553e-05
-0.000593598
0.000128857
-0.000770189
0.000171176
-0.000996047
0.000222751
-0.00128797
0.000285428
-0.00166901
0.000361492
-0.00217173
-0.00284406
0.000454512
1.08528e-05
-0.000167477
2.46521e-05
-0.000258866
4.23949e-05
-0.00035863
6.4559e-05
-0.000475915
9.19172e-05
-0.000620956
0.000125471
-0.000803743
0.000166464
-0.00103704
0.0002164
-0.0013379
0.000277053
-0.00172967
0.000350398
-0.00224508
-0.00293208
0.000438412
1.05156e-05
-0.000177994
2.36005e-05
-0.000271951
4.03298e-05
-0.00037536
6.1209e-05
-0.000496795
8.70274e-05
-0.000646775
0.000118802
-0.000835518
0.000157819
-0.00107606
0.000205691
-0.00138578
0.000264449
-0.00178842
0.000336633
-0.00231726
-0.00302087
0.000425425
8.32246e-06
-0.000186316
1.96495e-05
-0.000283278
3.44015e-05
-0.000390112
5.29875e-05
-0.000515381
7.60506e-05
-0.000669838
0.00010444
-0.000863907
0.000139209
-0.00111083
0.000181637
-0.0014282
0.000233267
-0.00184005
0.000295949
-0.00237994
-0.00309603
0.000371112
8.96285e-06
-0.00019528
2.09082e-05
-0.000295224
3.61023e-05
-0.000405306
5.50454e-05
-0.000534324
7.84412e-05
-0.000693234
0.000107201
-0.000892667
0.000142467
-0.00114609
0.000185637
-0.00147137
0.000238384
-0.0018928
0.00030269
-0.00244425
-0.00317534
0.000381995
8.24035e-06
-0.000203521
1.92602e-05
-0.000306244
3.33187e-05
-0.000419365
5.08973e-05
-0.000551902
7.26821e-05
-0.000715019
9.95675e-05
-0.000919552
0.000132689
-0.00117921
0.000173477
-0.00151216
0.000223728
-0.00194305
0.000285671
-0.00250619
-0.00325141
0.000361739
6.80798e-06
-0.00021033
1.65029e-05
-0.00031594
2.90516e-05
-0.000431914
4.48776e-05
-0.000567729
6.45704e-05
-0.000734712
8.89009e-05
-0.000943883
0.000118828
-0.00120914
0.000155532
-0.00154887
0.00020047
-0.00198799
0.000255392
-0.00256112
-0.00331732
0.000321301
7.4381e-06
-0.000217768
1.7623e-05
-0.000326124
3.06069e-05
-0.000444898
4.68549e-05
-0.000583977
6.69953e-05
-0.000754852
9.18398e-05
-0.000968727
0.000122406
-0.00123971
0.000159968
-0.00158643
0.000206162
-0.00203418
0.00026326
-0.00261822
-0.0033891
0.000335045
7.05098e-06
-0.000224819
1.6661e-05
-0.000335735
2.89769e-05
-0.000457214
4.4425e-05
-0.000599425
6.36042e-05
-0.000774031
8.72886e-05
-0.000992411
0.000116442
-0.00126886
0.000152253
-0.00162224
0.000196218
-0.00207815
0.000250389
-0.00267239
-0.00345708
0.000318366
6.48326e-06
-0.000231301
1.54606e-05
-0.000344711
2.70287e-05
-0.000468781
4.15955e-05
-0.000613991
5.97273e-05
-0.000792163
8.21521e-05
-0.00101484
0.000109767
-0.00129648
0.000143665
-0.00165614
0.00018519
-0.00211967
0.000236099
-0.00272329
-0.00352006
0.000299079
6.40472e-06
-0.000237707
1.52932e-05
-0.0003536
2.67205e-05
-0.000480209
4.10938e-05
-0.000628365
5.89663e-05
-0.000810035
8.10467e-05
-0.00103692
0.000108205
-0.00132363
0.00014149
-0.00168942
0.000182152
-0.00216033
0.000231688
-0.00277283
-0.0035804
0.000292028
6.47261e-06
-0.000244179
1.53029e-05
-0.000362431
2.66327e-05
-0.000491539
4.08622e-05
-0.000642594
5.855e-05
-0.000827723
8.04196e-05
-0.00105879
0.000107376
-0.00135059
0.000140542
-0.00172259
0.000181333
-0.00220113
0.000231663
-0.00282316
-0.00364319
0.000294459
5.85571e-06
-0.000250036
1.42404e-05
-0.000370815
2.50606e-05
-0.000502359
3.86624e-05
-0.000656196
5.554e-05
-0.000844601
7.6338e-05
-0.00107958
0.000101837
-0.00137609
0.000132936
-0.00175369
0.000170604
-0.00223879
0.00021586
-0.00286842
-0.00369762
0.00027029
6.78802e-06
-0.000256823
1.55773e-05
-0.000379604
2.66718e-05
-0.000513453
4.0519e-05
-0.000670043
5.77303e-05
-0.000861812
7.90836e-05
-0.00110094
0.000105553
-0.00140256
0.000138337
-0.00178647
0.000178877
-0.00227933
0.0002289
-0.00291844
-0.00376015
0.000291429
4.66651e-06
-0.00026149
1.15257e-05
-0.000386464
2.0549e-05
-0.000522477
3.20672e-05
-0.000681562
4.65465e-05
-0.000876292
6.45918e-05
-0.00111898
8.69395e-05
-0.00142491
0.000114454
-0.00181398
0.000148076
-0.00231295
0.000188566
-0.00295893
-0.00380636
0.00023477
5.28426e-06
-0.000266773
1.28159e-05
-0.000393995
2.25275e-05
-0.000532188
3.48074e-05
-0.000693841
5.01646e-05
-0.000891649
6.92576e-05
-0.00113808
9.29072e-05
-0.00144856
0.000122118
-0.00184319
0.000158087
-0.00234892
0.000202159
-0.003003
-0.00386009
0.000255894
5.47936e-06
-0.000272252
1.33118e-05
-0.000401827
2.33647e-05
-0.000542241
3.60004e-05
-0.000706477
5.17184e-05
-0.000907366
7.11763e-05
-0.00115753
9.52e-05
-0.00147258
0.0001248
-0.00187279
0.00016117
-0.00238529
0.000205606
-0.00304744
-0.00391352
0.000259032
5.81571e-06
-0.000278067
1.35681e-05
-0.000409579
2.34195e-05
-0.000552092
3.57831e-05
-0.00071884
5.12183e-05
-0.000922801
7.04495e-05
-0.00117676
9.43992e-05
-0.00149653
0.000124235
-0.00190263
0.000161442
-0.0024225
0.00020794
-0.00309393
-0.0039717
0.000266124
4.17113e-06
-0.000282238
1.05962e-05
-0.000416004
1.90184e-05
-0.000560514
2.97581e-05
-0.000729579
4.32557e-05
-0.000936299
6.00954e-05
-0.0011936
8.10067e-05
-0.00151744
0.00010687
-0.00192849
0.000138708
-0.00245434
0.000177704
-0.00313293
-0.00401972
0.00022572
4.97406e-06
-0.000287211
1.22161e-05
-0.000423245
2.14667e-05
-0.000569764
3.3107e-05
-0.000741219
4.76311e-05
-0.000950822
6.56857e-05
-0.00121166
8.80816e-05
-0.00153984
0.000115792
-0.0019562
0.000149889
-0.00248843
0.000191317
-0.00317436
-0.00406942
0.000241016
5.53084e-06
-0.000292742
1.28729e-05
-0.000430587
2.21959e-05
-0.000579087
3.38979e-05
-0.000752921
4.85309e-05
-0.000965455
6.68225e-05
-0.00122995
8.97145e-05
-0.00156273
0.000118415
-0.0019849
0.000154458
-0.00252448
0.000199652
-0.00321955
-0.00412468
0.000254913
3.96323e-06
-0.000296704
9.84642e-06
-0.00043647
1.75789e-05
-0.000586819
2.74701e-05
-0.000762812
3.99662e-05
-0.000977951
5.56597e-05
-0.00124564
7.52954e-05
-0.00158236
9.97835e-05
-0.00200939
0.000130198
-0.00255489
0.000167728
-0.00325708
-0.00417
0.00021305
4.48155e-06
-0.000301185
1.08699e-05
-0.000442858
1.90866e-05
-0.000595036
2.95191e-05
-0.000773244
4.26734e-05
-0.000991105
5.92103e-05
-0.00126218
7.99685e-05
-0.00160312
0.000105992
-0.00203541
0.000138543
-0.00258744
0.000179109
-0.00329765
-0.00422077
0.000229877
4.12231e-06
-0.000305307
1.02783e-05
-0.000449013
1.82633e-05
-0.00060302
2.8446e-05
-0.000783427
4.13137e-05
-0.00100397
5.7515e-05
-0.00127838
7.78863e-05
-0.00162349
0.000103483
-0.00206101
0.000135585
-0.00261954
0.00017562
-0.00333768
-0.00427009
0.00022494
4.08058e-06
-0.000309387
1.03115e-05
-0.000455244
1.83778e-05
-0.000611087
2.86448e-05
-0.000793694
4.15929e-05
-0.00101692
5.78689e-05
-0.00129466
7.8312e-05
-0.00164394
0.000103982
-0.00208668
0.000136156
-0.00265172
0.00017624
-0.00337777
-0.00431964
0.00022579
4.37732e-06
-0.000313764
1.0966e-05
-0.000461832
1.94084e-05
-0.000619529
3.00728e-05
-0.000804358
4.34528e-05
-0.0010303
6.0218e-05
-0.00131142
8.12379e-05
-0.00166496
0.000107599
-0.00211304
0.000140569
-0.00268469
0.000181373
-0.00341857
-0.00436879
0.000230531
4.63326e-06
-0.000318397
1.12089e-05
-0.000468408
1.9547e-05
-0.000627867
3.00715e-05
-0.000814882
4.33376e-05
-0.00104357
6.00947e-05
-0.00132818
8.13325e-05
-0.00168619
0.000108338
-0.00214005
0.000142745
-0.00271909
0.000186484
-0.00346231
-0.00442339
0.000241083
3.30747e-06
-0.000321704
8.7361e-06
-0.000473836
1.58193e-05
-0.000634949
2.49107e-05
-0.000823973
3.648e-05
-0.00105514
5.11656e-05
-0.00134286
6.97945e-05
-0.00170482
9.34001e-05
-0.00216365
0.000123192
-0.00274889
0.000160381
-0.0034995
-0.00446887
0.000205857
3.84745e-06
-0.000325551
9.7767e-06
-0.000479765
1.7372e-05
-0.000642545
2.70486e-05
-0.000833649
3.93324e-05
-0.00106742
5.49326e-05
-0.00135846
7.47749e-05
-0.00172466
0.000100037
-0.00218891
0.000132135
-0.00278098
0.000172508
-0.00353987
-0.00451805
0.000221686
4.18022e-06
-0.00032973
1.01389e-05
-0.000485723
1.78002e-05
-0.000650206
2.75655e-05
-0.000843414
3.99794e-05
-0.00107983
5.57789e-05
-0.00137426
7.59365e-05
-0.00174482
0.000101713
-0.00221469
0.000134691
-0.00281396
0.000176666
-0.00358184
-0.00456989
0.000228512
3.94288e-06
-0.000333673
9.39552e-06
-0.000491175
1.65357e-05
-0.000657346
2.57284e-05
-0.000852607
3.75019e-05
-0.00109161
5.25729e-05
-0.00138933
7.1884e-05
-0.00176413
9.66431e-05
-0.00223945
0.000128318
-0.00284564
0.000168516
-0.00362204
-0.00462026
0.000218883
3.8453e-06
-0.000337518
9.19296e-06
-0.000496523
1.62326e-05
-0.000664385
2.53312e-05
-0.000861705
3.70273e-05
-0.0011033
5.20627e-05
-0.00140437
7.14305e-05
-0.0017835
9.64309e-05
-0.00226445
0.000128682
-0.00287789
0.000169958
-0.00366332
-0.00467235
0.000222051
3.57777e-06
-0.000341095
8.94002e-06
-0.000501885
1.60092e-05
-0.000671454
2.51301e-05
-0.000870826
3.68149e-05
-0.00111499
5.17753e-05
-0.00141933
7.09573e-05
-0.00180268
9.55724e-05
-0.00228907
0.00012705
-0.00290937
0.000166671
-0.00370294
-0.00471989
0.000214212
4.34001e-06
-0.000345435
1.03082e-05
-0.000507852
1.79813e-05
-0.000679127
2.77888e-05
-0.000880633
4.03314e-05
-0.00112753
5.64358e-05
-0.00143543
7.72147e-05
-0.00182346
0.00010414
-0.00231599
0.000139081
-0.00294431
0.000184069
-0.00374793
-0.00477541
0.000239585
3.57665e-06
-0.000349011
8.79439e-06
-0.00051307
1.56559e-05
-0.000685989
2.4549e-05
-0.000889526
3.60358e-05
-0.00113902
5.08953e-05
-0.00145029
7.01765e-05
-0.00184274
9.52658e-05
-0.00234108
0.000127922
-0.00297696
0.000170084
-0.00379009
-0.00482785
0.000222526
3.39699e-06
-0.000352408
8.5425e-06
-0.000518215
1.53158e-05
-0.000692762
2.41176e-05
-0.000898328
3.55103e-05
-0.00115041
5.02691e-05
-0.00146505
6.9431e-05
-0.0018619
9.43535e-05
-0.002366
0.000126728
-0.00300934
0.000168338
-0.0038317
-0.00487932
0.000219808
3.82534e-06
-0.000356233
9.36447e-06
-0.000523754
1.65871e-05
-0.000699984
2.59206e-05
-0.000907661
3.79676e-05
-0.00116246
5.35593e-05
-0.00148064
7.38165e-05
-0.00188216
0.000100231
-0.00239242
0.000134721
-0.00304383
0.000179448
-0.00387643
-0.00493524
0.000235371
3.95604e-06
-0.000360188
9.43539e-06
-0.000529233
1.66148e-05
-0.000707163
2.59169e-05
-0.000916963
3.79544e-05
-0.00117449
5.35676e-05
-0.00149626
7.38869e-05
-0.00190248
0.000100417
-0.00241895
0.000135103
-0.00307851
0.000180192
-0.00392151
-0.00499199
0.000236935
3.92428e-06
-0.000364112
9.18587e-06
-0.000534494
1.61684e-05
-0.000714146
2.52781e-05
-0.000926072
3.71276e-05
-0.00118634
5.25586e-05
-0.00151169
7.27041e-05
-0.00192263
9.90726e-05
-0.00244531
0.000133612
-0.00311305
0.00017857
-0.00396647
-0.00504856
0.000235144
3.89773e-06
-0.000368009
9.1233e-06
-0.000539719
1.6105e-05
-0.000721127
2.52389e-05
-0.000935206
3.71407e-05
-0.00119824
5.26636e-05
-0.00152721
7.29608e-05
-0.00194292
9.95747e-05
-0.00247193
0.000134522
-0.003148
0.000180212
-0.00401216
-0.0051065
0.000238157
3.99993e-06
-0.000372009
9.40933e-06
-0.000545128
1.66067e-05
-0.000728324
2.59895e-05
-0.000944588
3.81797e-05
-0.00121043
5.4037e-05
-0.00154307
7.47108e-05
-0.0019636
0.000101714
-0.00249893
0.000136985
-0.00318327
0.000182815
-0.00405799
-0.00516414
0.000240454
4.32723e-06
-0.000376336
9.94646e-06
-0.000550747
1.73621e-05
-0.00073574
2.70136e-05
-0.000954239
3.95761e-05
-0.001223
5.59724e-05
-0.00155946
7.74308e-05
-0.00198505
0.000105569
-0.00252707
0.000142491
-0.00322019
0.000190835
-0.00410634
-0.00522596
0.000252652
3.90964e-06
-0.000380245
9.07376e-06
-0.000555911
1.59952e-05
-0.000742661
2.51167e-05
-0.000963361
3.71129e-05
-0.00123499
5.28955e-05
-0.00157524
7.36652e-05
-0.00200582
0.000100987
-0.00255439
0.00013688
-0.00325608
0.000183907
-0.00415336
-0.00528692
0.00024487
3.57186e-06
-0.000383817
8.52224e-06
-0.000560861
1.52444e-05
-0.000749383
2.41868e-05
-0.000972303
3.6016e-05
-0.00124682
5.16226e-05
-0.00159085
7.2162e-05
-0.00202636
9.91067e-05
-0.00258133
0.000134288
-0.00329126
0.000179903
-0.00419898
-0.0053454
0.000238375
3.91957e-06
-0.000387737
9.30312e-06
-0.000566245
1.65668e-05
-0.000756647
2.61918e-05
-0.000981928
3.88822e-05
-0.00125951
5.55764e-05
-0.00160754
7.74906e-05
-0.00204828
0.000106176
-0.00261002
0.000143565
-0.00332865
0.000191984
-0.0042474
-0.00540733
0.000253916
4.24731e-06
-0.000391984
9.99598e-06
-0.000571994
1.77326e-05
-0.000764384
2.79504e-05
-0.000992146
4.13762e-05
-0.00127294
5.89711e-05
-0.00162514
8.19693e-05
-0.00207128
0.000111923
-0.00263997
0.00015073
-0.00336746
0.000200619
-0.00429729
-0.00547055
0.000263845
4.43519e-06
-0.000396419
1.0421e-05
-0.000577979
1.84821e-05
-0.000772445
2.91264e-05
-0.00100279
4.31002e-05
-0.00128691
6.13828e-05
-0.00164342
8.52224e-05
-0.00209512
0.000116176
-0.00267093
0.000156112
-0.0034074
0.000207153
-0.00434833
-0.00553493
0.000271527
4.63834e-06
-0.000401057
1.08457e-05
-0.000584186
1.92125e-05
-0.000780811
3.02695e-05
-0.00101385
4.47847e-05
-0.00130143
6.37567e-05
-0.00166239
8.84514e-05
-0.00211981
0.000120436
-0.00270291
0.000161549
-0.00344851
0.000213758
-0.00440054
-0.00560057
0.000279396
4.765e-06
-0.000405822
1.11556e-05
-0.000590577
1.98018e-05
-0.000789458
3.12436e-05
-0.00102529
4.62557e-05
-0.00131644
6.58427e-05
-0.00168198
9.12772e-05
-0.00214524
0.000124126
-0.00273576
0.000166187
-0.00349057
0.000219231
-0.00445358
-0.00566675
0.00028542
4.70065e-06
-0.000410522
1.13743e-05
-0.00059725
2.04233e-05
-0.000798506
3.23573e-05
-0.00103722
4.79223e-05
-0.001332
6.81022e-05
-0.00170216
9.41523e-05
-0.00217129
0.000127613
-0.00276922
0.000170198
-0.00353315
0.000223341
-0.00450672
-0.00573181
0.000288398
5.80614e-06
-0.000416328
1.3599e-05
-0.000605043
2.38813e-05
-0.000808789
3.72154e-05
-0.00105056
5.4402e-05
-0.00134919
7.64861e-05
-0.00172424
0.000104791
-0.0021996
0.000140921
-0.00280535
0.000186596
-0.00357883
0.000243037
-0.00456316
-0.00579942
0.000310643
5.86904e-06
-0.000422197
1.36473e-05
-0.000612821
2.39389e-05
-0.00081908
3.72948e-05
-0.00106391
5.45214e-05
-0.00136642
7.66738e-05
-0.0017464
0.000105087
-0.00222801
0.000141359
-0.00284162
0.00018715
-0.00362462
0.000243385
-0.0046194
-0.00586494
0.000308908
5.36322e-06
-0.00042756
1.2759e-05
-0.000620216
2.26404e-05
-0.000828961
3.55454e-05
-0.00107682
5.22705e-05
-0.00138314
7.38746e-05
-0.001768
0.000101706
-0.00225584
0.000137373
-0.00287729
0.000182511
-0.00366976
0.000237857
-0.00467474
-0.00592769
0.000300609
5.63304e-06
-0.000433193
1.33048e-05
-0.000627888
2.34575e-05
-0.000839114
3.66587e-05
-0.00109002
5.37432e-05
-0.00140022
7.5812e-05
-0.00179007
0.000104247
-0.00228428
0.000140659
-0.0029137
0.000186592
-0.00371569
0.000242509
-0.00473066
-0.00598867
0.000303483
5.27365e-06
-0.000438467
1.27381e-05
-0.000635352
2.25882e-05
-0.000848964
3.54409e-05
-0.00110287
5.21574e-05
-0.00141694
7.38599e-05
-0.00181177
0.000101941
-0.00231236
0.000137996
-0.00294975
0.000183472
-0.00376116
0.000238578
-0.00478576
-0.00604627
0.000296181
5.19337e-06
-0.00044366
1.23545e-05
-0.000642513
2.18889e-05
-0.000858498
3.44322e-05
-0.00111541
5.08631e-05
-0.00143337
7.23174e-05
-0.00183322
0.000100198
-0.00234024
0.000136079
-0.00298563
0.000181273
-0.00380636
0.000235644
-0.00484014
-0.00610043
0.00028981
5.44098e-06
-0.000449101
1.24478e-05
-0.00064952
2.19271e-05
-0.000867977
3.44683e-05
-0.00112795
5.09519e-05
-0.00144986
7.25251e-05
-0.0018548
0.0001006
-0.00236831
0.000136726
-0.00302176
0.000182044
-0.00385168
0.000235928
-0.00489402
-0.00615146
0.000286958
5.48194e-06
-0.000454582
1.24879e-05
-0.000656526
2.19806e-05
-0.00087747
3.4569e-05
-0.00114054
5.11583e-05
-0.00146644
7.29218e-05
-0.00187656
0.000101289
-0.00239668
0.000137781
-0.00305825
0.00018331
-0.00389721
0.000236386
-0.00494709
-0.00619872
0.000283642
5.53137e-06
-0.000460113
1.24515e-05
-0.000663446
2.18819e-05
-0.0008869
3.44612e-05
-0.00115312
5.11303e-05
-0.00148311
7.31043e-05
-0.00189853
0.000101865
-0.00242544
0.000138982
-0.00309536
0.000185304
-0.00394353
0.000238535
-0.00500033
-0.00624501
0.000284829
5.20244e-06
-0.000465314
1.18241e-05
-0.000670066
2.09884e-05
-0.000896063
3.33098e-05
-0.00116544
4.97026e-05
-0.0014995
7.13478e-05
-0.00192018
9.96633e-05
-0.00245376
0.000136071
-0.00313177
0.000180998
-0.00398845
0.000230227
-0.00504955
-0.00628377
0.000268979
5.51413e-06
-0.000470826
1.25139e-05
-0.000677065
2.21381e-05
-0.000905686
3.50458e-05
-0.00117835
5.22037e-05
-0.00151666
7.48612e-05
-0.00194283
0.000104515
-0.00248341
0.000142653
-0.00316991
0.000189661
-0.00403546
0.000239696
-0.00509959
-0.0063235
0.000279433
5.4202e-06
-0.000476244
1.25059e-05
-0.000684148
2.22506e-05
-0.00091543
3.53369e-05
-0.00119143
5.27503e-05
-0.00153407
7.57584e-05
-0.00196584
0.000105854
-0.0025135
0.00014444
-0.00320849
0.000191643
-0.00408266
0.000239253
-0.0051472
-0.00635986
0.000275609
5.34773e-06
-0.000481589
1.25068e-05
-0.000691305
2.23615e-05
-0.000925283
3.56285e-05
-0.0012047
5.3326e-05
-0.00155177
7.67566e-05
-0.00198927
0.00010742
-0.00254417
0.000146616
-0.00324769
0.000194162
-0.00413021
0.000239336
-0.00519237
-0.00639396
0.000273435
5.18839e-06
-0.000486774
1.2441e-05
-0.000698555
2.24177e-05
-0.000935259
3.58757e-05
-0.00121815
5.38706e-05
-0.00156976
7.77425e-05
-0.00201314
0.000108993
-0.00257542
0.00014877
-0.00328746
0.000196408
-0.00417784
0.000238757
-0.00523472
-0.00642616
0.000270961
5.12843e-06
-0.000491899
1.25935e-05
-0.000706018
2.27964e-05
-0.00094546
3.65703e-05
-0.00123193
5.50179e-05
-0.00158821
7.9516e-05
-0.00203764
0.000111559
-0.00260746
0.000152091
-0.003328
0.000199639
-0.00422539
0.000239055
-0.00527413
-0.00645702
0.000269919
5.3378e-06
-0.000497233
1.29446e-05
-0.000713622
2.34041e-05
-0.000955918
3.75673e-05
-0.00124609
5.65666e-05
-0.00160721
8.18103e-05
-0.00206288
0.00011478
-0.00264043
0.000156171
-0.00336939
0.000203197
-0.00427242
0.000239371
-0.00531031
-0.00648612
0.000268472
5.63237e-06
-0.000502864
1.34424e-05
-0.000721432
2.42397e-05
-0.000966715
3.88947e-05
-0.00126074
5.86017e-05
-0.00162692
8.484e-05
-0.00208912
0.000119126
-0.00267471
0.000161989
-0.00341225
0.000208951
-0.00431938
0.000243765
-0.00534512
-0.00651719
0.000274826
5.24233e-06
-0.000508106
1.30008e-05
-0.000729189
2.37428e-05
-0.000977457
3.83989e-05
-0.0012754
5.81912e-05
-0.00164671
8.45921e-05
-0.00211552
0.000119012
-0.00270913
0.000161616
-0.00345485
0.000205349
-0.00436311
0.000235104
-0.00537487
-0.006544
0.000261918
5.49726e-06
-0.0005136
1.35334e-05
-0.000737223
2.46597e-05
-0.000988582
3.98949e-05
-0.00129063
6.05285e-05
-0.00166734
8.80691e-05
-0.00214306
0.000123869
-0.00274493
0.000167818
-0.0034988
0.000210079
-0.00440538
0.000238673
-0.00540347
-0.00657253
0.0002672
5.83628e-06
-0.000519436
1.40248e-05
-0.000745411
2.55035e-05
-0.00100006
4.13049e-05
-0.00130643
6.27391e-05
-0.00168878
9.13021e-05
-0.00217162
0.000128172
-0.0027818
0.0001727
-0.00354332
0.00021196
-0.00444464
0.000238278
-0.00542979
-0.00660043
0.000266177
6.08432e-06
-0.000525519
1.45141e-05
-0.000753839
2.64408e-05
-0.00101199
4.29126e-05
-0.0013229
6.52761e-05
-0.00171114
9.50351e-05
-0.00220137
0.000133158
-0.00281993
0.000178127
-0.00358829
0.000214323
-0.00448083
0.00023936
-0.00545482
-0.0066284
0.000267331
6.26775e-06
-0.000531785
1.51193e-05
-0.000762688
2.76433e-05
-0.00102451
4.49424e-05
-0.0013402
6.84373e-05
-0.00173463
9.96586e-05
-0.00223259
0.000139323
-0.00285959
0.000184478
-0.00363345
0.000217842
-0.0045142
0.000242742
-0.00547972
-0.00665786
0.00027221
5.89768e-06
-0.000537679
1.49784e-05
-0.000771765
2.77912e-05
-0.00103732
4.55393e-05
-0.00135794
6.96953e-05
-0.00175879
0.000101748
-0.00226464
0.000142049
-0.00289989
0.000185359
-0.00367676
0.000214235
-0.00454307
0.000236975
-0.00550246
-0.00668507
0.000264184
6.3497e-06
-0.000544025
1.60754e-05
-0.000781487
2.97121e-05
-0.00105096
4.86181e-05
-0.00137685
7.43408e-05
-0.00178451
0.000108317
-0.00229862
0.000150523
-0.0029421
0.000192713
-0.00371895
0.000219449
-0.00456981
0.000243074
-0.00552609
-0.00671409
0.000272086
6.76786e-06
-0.000550788
1.66733e-05
-0.000791388
3.08446e-05
-0.00106513
5.06379e-05
-0.00139664
7.75756e-05
-0.00181145
0.000112919
-0.00233396
0.000156081
-0.00298526
0.000195235
-0.0037581
0.000219077
-0.00459365
0.000242244
-0.00554926
-0.00674271
0.000270867
7.2854e-06
1.78342e-05
3.30382e-05
5.42702e-05
8.30562e-05
0.000120429
0.000164884
0.000201093
0.000223693
0.000247846
0.000277617
1.82451e-05
-0.000663638
4.52881e-05
-0.000957198
8.22946e-05
-0.00129956
0.000128189
-0.00171129
0.000178238
-0.00220525
0.000213584
-0.00275346
0.000234204
-0.0033338
0.000255525
-0.00400544
0.00028025
-0.00481804
0.000308193
-0.00581238
-0.0070484
0.00033815
1.97644e-05
-0.000683437
5.34266e-05
-0.000990877
9.55465e-05
-0.00134167
0.000145057
-0.0017608
0.000193946
-0.00225413
0.000222964
-0.00278247
0.000242016
-0.00335286
0.000263016
-0.00402643
0.000286351
-0.00484138
0.000311533
-0.00583756
-0.00707351
0.000336636
2.62999e-05
-0.000709966
6.56323e-05
-0.00103028
0.000111427
-0.00138742
0.00016381
-0.00181314
0.000208398
-0.00229867
0.00023152
-0.00280557
0.000249732
-0.00337105
0.000270014
-0.0040467
0.000291497
-0.00486286
0.000313616
-0.00585968
-0.00709369
0.000333804
3.80317e-05
-0.000748471
7.95739e-05
-0.0010719
0.000128162
-0.00143589
0.000182364
-0.00186722
0.000219681
-0.00233588
0.000238879
-0.00282471
0.000257027
-0.00338915
0.000276205
-0.00406584
0.000294519
-0.00488114
0.00031016
-0.0058753
-0.00710158
0.000318059
4.89527e-05
-0.000798254
9.15353e-05
-0.00111442
0.000146546
-0.00149065
0.000200591
-0.00192102
0.00022908
-0.00236418
0.000245597
-0.00284111
0.000261549
-0.00340502
0.000275312
-0.00407957
0.000284043
-0.00488984
0.000285576
-0.00587682
-0.00709213
0.000276124
5.16942e-05
-0.000851532
0.000104937
-0.00116743
0.00017077
-0.00155629
0.000213324
-0.00196329
0.000223607
-0.00237442
0.000223891
-0.0028413
0.000216621
-0.00339784
0.000196994
-0.00405992
0.000158897
-0.00485186
9.55832e-05
-0.00581358
-0.00698949
-7.0553e-06
4.74399e-05
-0.00089666
0.0001116
-0.00123122
0.000159876
-0.00160508
0.000152165
-0.00195651
0.000117712
-0.0023404
7.31533e-05
-0.00279722
1.63889e-05
-0.00334115
-5.6952e-05
-0.00398675
-0.000151029
-0.0047577
-0.000270742
-0.00569379
-0.00683743
-0.000422777
1.94962e-05
-0.000913623
4.04302e-05
-0.00125173
1.05923e-05
-0.00157559
-5.55611e-05
-0.00189098
-0.000132985
-0.00226324
-0.00022835
-0.00270213
-0.000349133
-0.00322037
-0.00050652
-0.00382948
-0.000716048
-0.00454808
-0.00100188
-0.00540792
-0.00643946
-0.00139982
1.9803e-06
-0.000915595
-4.23056e-05
-0.00120749
-0.000131614
-0.00148641
-0.000254101
-0.00176856
-0.000427188
-0.00209025
-0.00066672
-0.00246263
-0.000991993
-0.00289515
-0.00142436
-0.00339714
-0.00198979
-0.00398267
-0.0027267
-0.00467104
-0.00548073
-0.00368544
-0.000244579
-0.00062315
-0.00114268
-0.00179779
-0.00260305
-0.00358575
-0.00477926
-0.00622532
-0.00797948
-0.0101206
-0.0127299
0.00753697
-0.0815209
0.073984
0.00184129
0.0764074
-0.0782487
-0.012403
-0.0220723
0.0344752
-0.0327484
0.0432406
-0.0104921
-0.0561217
0.0171774
0.0389443
-0.00210365
0.0225929
-0.0204892
0.00373792
-0.024236
0.0204981
0.0402342
-0.0184105
-0.0218238
-3.87487
6.00199
0.0291316
-0.0402163
0.0110847
0.0716217
-0.966261
0.89464
0.193538
-0.083702
-0.109836
-1.17951
0.486274
0.693236
-0.00504696
0.0355088
-0.0304618
-0.113402
0.0267283
0.0866737
0.0770677
-0.0892386
0.0121709
-0.390476
0.206871
0.183605
0.00107366
-0.0281627
0.0270891
-0.0152497
0.0374924
-0.0222426
0.0223415
-0.00096341
-0.0213781
-0.0425406
-0.0319626
0.0745032
-0.219908
0.046276
0.173632
-0.562413
0.554921
0.00749218
-0.00776854
-0.0207487
0.0285172
-0.013216
-0.019139
0.032355
-1.02002
0.79132
0.228699
-0.00767207
0.0368037
-0.0255513
0.0114276
0.0141237
-0.0924438
0.0454005
0.0470433
-0.0193609
-0.0445597
0.0639206
-0.302232
-0.717787
-0.0373414
0.015517
0.0218244
1.40913
-5.12063
0.752469
0.197215
-0.949684
0.00201298
0.130672
-0.132685
0.0313335
-0.0522843
0.0209508
1.83002
-1.45091
-0.379111
0.375872
-0.689135
0.313263
-0.0175676
-0.0197738
0.075753
0.0351025
-0.110855
-0.00591261
0.0328129
-0.0269003
-0.109769
0.2067
-0.0969305
-1.07012
0.488367
0.581756
-0.0346182
0.00806215
0.026556
-0.0108059
0.0279179
-0.017112
0.219819
-0.281083
0.0612646
-0.0184637
-0.0185328
0.0369965
-3.6486
5.64923
-2.00063
-0.114429
0.135702
-0.0212732
-0.986243
1.0365
-0.0502584
0.00956713
-0.029046
0.0194788
0.0265238
-0.0526814
0.0261576
-0.679765
0.821172
-0.141407
0.0138513
-0.0371903
0.023339
-0.00847635
-0.0261418
-0.0560517
-0.161167
0.217218
0.0205775
0.0176724
-0.0382499
-0.126792
0.0966889
0.0301031
-0.189265
-0.0306433
0.0175318
-0.0662243
0.0486925
0.0775337
-0.0658982
-0.0116355
-0.0213332
0.025369
-0.00403577
-0.0415807
0.0657842
-0.0242035
-0.0053331
0.0388226
-0.0334895
-0.0277019
0.0400221
-0.0123202
0.405762
-0.0768753
-0.328887
0.022141
-0.0220963
-4.47419e-05
0.00985993
-0.0260924
0.0162325
-0.184371
-0.495395
-0.124389
0.0715896
0.0527996
-0.0237446
0.0495484
-0.0258038
-0.051856
0.0378739
0.0139821
0.0186489
0.00349214
0.0228552
-0.000513644
-0.0443285
0.0236025
0.020726
-0.679152
-2.21704
2.8962
-0.0156199
-0.0144586
0.0300785
2.87621
-0.999276
-1.87693
-0.0855336
-0.00691012
-0.0281139
-0.00584647
0.0339604
0.0434856
-0.161659
0.118174
-0.0304759
0.0179902
0.0124856
-0.618417
0.3621
0.256318
0.0271788
0.00121264
-0.0283914
0.0723535
-0.0703997
-0.00195385
0.942615
-0.655938
-0.286677
-0.00527467
0.0263783
-0.0211036
-0.0419353
0.0175153
0.02442
0.703482
-1.51644
0.812953
3.42888
-2.74676
-0.682126
-0.0124265
-0.0436568
0.0560833
0.106103
-0.16988
0.0637772
-0.0219397
0.0397242
-0.0177845
-0.101937
0.00458205
0.0973552
-0.0150127
-0.657756
0.672768
-4.07385
3.88322
0.190622
-0.00973473
-0.0225342
0.032269
0.0776772
0.0566081
-0.134285
-5.37115
1.71131
3.65984
0.0351563
-0.198865
0.163708
1.37092
-0.618448
-0.201946
0.145894
-0.113153
0.0709925
0.0421607
-0.279685
0.068003
0.211682
0.0116123
-0.053193
0.0294489
-0.0344685
0.00501962
0.0177115
-0.0282383
0.0105268
-0.0385159
0.0316412
0.00687464
0.211601
-0.260997
0.0493957
-0.0182361
-0.0122398
0.0202507
-0.0603033
0.0400526
-0.124975
0.1611
-0.0361253
0.0264917
-0.0169246
0.0304195
-0.00921747
-0.021202
0.0260654
-0.00260623
-0.0234592
-0.0211338
0.0319201
-0.0107863
0.0277448
-0.0691752
0.0414304
0.070848
-0.0493961
-0.0214519
0.0550011
-0.0147668
0.0258664
-0.0114818
-0.0143846
-1.29279
0.580261
0.712527
0.0617733
0.0662769
-0.12805
0.0512587
0.0372689
-0.0885276
0.0321781
-0.0252308
-0.00694729
-0.0933726
-0.0310166
0.0396836
-0.0268469
-0.0128367
-0.0271193
0.0351015
-0.00798222
-0.00389461
0.0227723
-0.0188777
-0.119681
0.0153402
0.104341
-0.180346
0.191531
-0.0111852
-0.0719995
0.0279903
0.0440093
0.0244834
0.0143687
-0.0388521
-0.257328
-0.133147
0.0140193
0.0111121
-0.0251314
-0.0220535
-0.022275
-0.0344749
0.0212588
0.0929859
-0.116214
0.0232278
-0.0617502
0.026224
0.0355262
0.0287102
-0.0103143
-0.0183959
-0.030444
0.136547
-0.0334351
0.016517
0.0169181
0.376386
0.203226
-0.579612
-0.0161592
0.0279828
-0.0118236
0.26373
-0.836264
0.572533
0.255034
-0.0209485
-0.234085
0.161163
0.0650205
-0.226184
-0.0343292
0.0157781
0.0185511
0.117539
-0.17881
0.0612707
-0.0337627
0.0295157
0.00424701
0.0208946
0.00952491
0.0469998
-0.0778111
0.0308113
-0.0859381
0.0293707
0.0565674
0.00466103
0.0435377
-0.0481987
-0.0350287
0.00174312
0.0332855
0.0253118
0.0551535
-0.0804654
-0.473539
1.27466
-0.801117
0.0173683
-0.0579865
0.0406182
0.0433616
-0.0183703
-0.0249912
-0.397361
-0.563144
0.960506
0.0322657
0.0227353
-0.0404033
0.260222
0.015413
0.239621
0.032693
-0.0752336
-0.0486291
0.0326023
0.0160268
0.00819292
-0.0138406
0.00564763
0.0540429
-0.0665584
0.0125155
-0.276321
0.096489
0.179832
-0.235755
-0.04393
-0.000776918
-0.0222515
0.0230284
-1.03146
-2.33424
3.36571
-0.0384591
0.0266697
0.0117894
0.0251422
0.00203659
-0.0141251
0.0249602
-0.0108351
0.470323
-0.170256
-0.300067
5.37447
-1.31014
0.0286229
-0.00884675
-0.0197762
-0.0784012
0.0706284
-0.0339865
-0.0366419
-0.0194361
-0.00969145
0.0291276
-0.0349604
0.0271368
0.00782357
-0.921067
1.23509
-0.314024
0.676166
-0.412435
-0.0183259
0.0963181
-0.0779922
-0.0304836
0.0388457
-0.00836213
0.12724
-0.0654666
0.0278588
-0.0228055
-0.00505336
-2.10814
3.1911
-1.08296
0.0345038
-0.00874879
-0.025755
-0.0852006
-0.0279526
-0.00431464
0.0206435
-0.0163289
-1.78797
1.2356
0.552361
0.533973
1.10789
-1.64186
-0.0512433
-0.152572
0.203815
-0.173234
-0.0183302
0.191564
-0.0101705
-0.0194857
0.0296562
-2.21883
3.6417
-1.42288
-0.0133158
-0.0488643
0.0621801
0.0699637
-0.0446421
-0.0253216
0.0469053
-0.0993857
0.0524804
0.226561
0.243762
0.0161732
-0.0317931
0.0826117
-0.0488016
-0.0338101
0.300647
-0.321596
0.0126672
0.0195109
0.171312
-0.169299
0.0544845
-0.0193621
-0.0351223
0.0369216
-0.0277493
-0.00917232
-1.3093
0.32306
0.0303937
-0.00791211
-0.0224816
-3.18398
2.59977
0.584213
0.0962124
-0.0527268
0.12229
-0.0162195
-0.106071
0.0344607
0.0202663
-0.0547269
0.108321
-0.0576728
-0.0506485
0.0295744
0.00492944
0.0049527
0.0060699
-0.0110226
-1.03035
-0.262438
-0.0517375
0.0556221
-0.00388465
0.657637
-0.087515
-0.570122
-0.0786441
0.0662176
0.0153472
-0.025941
0.0105938
0.0203187
-0.00629939
-0.0573064
-0.0560956
0.0690016
-0.051386
-0.0176155
0.0503978
-0.170619
0.120221
-0.0193831
-0.00426869
0.0236518
1.72462
-4.09684
2.37223
0.0942771
0.0992609
0.0318015
-0.0110823
-0.0207192
1.33192
-0.990384
-0.341535
0.0211903
-0.039654
1.52233
-0.988357
0.0877369
-0.0615582
-0.0261787
-0.0347403
0.0093092
0.0254311
-0.0282532
0.055998
0.0315295
-0.0195343
-0.0119953
0.171997
-0.254076
0.0820782
0.060049
-0.0527672
-0.00728185
-0.0417642
-0.0134343
0.0551985
0.0331222
-0.00315592
-0.0299662
-0.0250734
0.0109483
-0.00989061
-0.0184154
0.028306
0.124048
-0.445971
0.321924
-0.0218356
-0.0888417
0.110677
0.019525
0.0120046
-0.0181961
0.0335433
0.0243822
-0.0251842
0.000801996
-0.00923388
0.0394992
-0.0302653
0.0182735
0.00820777
-0.0264813
0.039808
-0.0659127
0.0261047
0.400926
0.197815
-0.59874
-0.0319474
-0.0199086
0.0162668
0.0124434
0.135015
-0.341081
0.206066
-0.0103257
-0.023437
0.0239088
-0.00910726
-0.0148015
0.674308
-1.89224
1.21793
-0.0135546
0.0258711
-0.0123164
0.0114414
-0.0266508
0.0152094
0.0122672
-0.228273
-0.0480478
-0.331264
-0.738859
0.0150167
0.0626151
-0.0776318
-5.09298
0.274325
4.81866
0.326451
0.316563
-0.643014
-0.0518285
0.0720792
0.0260241
-0.0129385
-0.0130856
-0.150765
-0.0118727
0.162638
-0.0230263
-0.0078516
0.0308779
-0.471708
-0.161791
0.633499
0.030684
-0.00734096
-0.023343
0.374944
-0.199725
-0.175219
0.127535
-0.0819528
-0.0455821
-0.167249
0.277245
-0.109997
0.030783
0.0271664
-0.0579494
0.039915
-0.00850069
-0.0314143
0.411173
0.205283
-0.616455
-0.226242
0.261398
-0.08425
-0.00128364
-0.0335424
-0.0114114
0.0449538
0.0033508
0.0186848
-0.0220356
-0.0344462
0.0228763
0.0115699
0.0159539
0.0126691
-0.00786438
-0.0252981
0.0331625
0.269441
0.105503
-0.0464584
0.0485095
-0.00205108
0.0149778
0.0703974
-0.0853752
-0.0275612
0.019254
0.00830714
0.0288339
-0.0194281
-0.00940581
0.112749
-0.0219391
-0.09081
0.0294342
0.00368799
-0.0194777
0.0200044
-0.0543718
0.0398993
0.0144726
1.44518
-0.770871
0.104216
-0.504282
0.400066
0.024249
0.0126726
0.0163202
0.0115386
-0.279126
0.111878
-0.027458
0.0391831
-0.0117251
0.0190523
0.00978163
0.0203925
-0.0860479
0.0656554
0.0404124
-0.0457455
0.0350445
0.0396187
-0.0746632
0.0480611
-0.0306928
0.0159206
0.0123353
-0.0282559
0.015969
-0.028793
0.0128241
0.338024
-1.22435
0.886329
0.0391942
-0.0442412
0.0404788
-0.0235492
-0.0169295
0.0175436
0.0451868
-0.0627304
-1.18465
-1.74306
2.92771
-0.0165629
0.0155548
0.00100809
-0.0209493
-0.00086514
0.0218144
0.0109609
-0.12539
0.0118577
0.056486
-0.0683437
0.0172764
-0.0251408
0.0309832
-0.0368958
0.0128781
0.0107068
-0.0235849
2.34527
-4.83833
2.49306
0.0580378
-0.0475778
-0.01046
0.123888
0.108637
-0.232526
0.331338
0.658818
-0.990156
0.0680174
-0.0502719
-0.0177455
0.0358583
-0.051108
0.115111
0.00717945
-0.0813703
0.0408603
0.0405101
-0.14639
0.0696342
0.0767554
0.0281431
-0.0692737
0.0411306
-0.0256542
0.0431978
0.0178967
-0.0261697
0.00827303
-0.0260551
0.0348924
-0.00883738
-0.030082
-6.14469
2.64446
0.0168526
0.00747023
-0.0243228
-0.0263427
0.00520889
-0.0187657
0.0260159
-0.00725022
-0.0470508
0.024548
0.0225028
0.0176403
-0.0266899
0.00904961
-0.0187338
0.0285519
-0.00981808
0.50192
0.440696
0.00415876
0.0423194
-0.0464782
-0.594243
0.219822
0.374421
-0.029456
0.0286942
0.000761832
0.0165477
-0.0254123
0.00886465
0.0110314
0.0136025
-0.0246339
1.53561
1.89328
0.0288411
-0.0198151
-0.00902596
-0.0582094
-0.0685826
-0.0547199
0.0395894
0.0151305
-0.000580695
-0.018185
0.023234
-0.0274585
0.00422451
-0.0224535
-0.0055031
0.0279566
0.00438723
0.0113991
-0.0157864
-0.0209349
-0.0175809
-0.0208107
-0.0176484
0.0223566
-0.0294066
0.00705
0.046341
-0.0636088
0.0172678
0.0337042
-0.206938
0.0316152
-0.00865118
0.0136039
-0.204263
0.101414
0.102849
-0.0383943
-0.00865644
-0.0640503
0.0229633
0.041087
-2.82136
0.602534
0.0446973
0.0315452
-0.0762425
0.0275602
-0.0261507
-0.00140943
-0.182689
0.306736
1.06734
0.58138
-1.64872
-0.0341482
-2.54431
1.03219
1.51213
0.0147434
-0.0428572
0.0223868
0.0080069
0.00374504
-0.0231282
-1.37044
-0.417525
-0.0922429
0.135815
-0.0435724
-0.024125
0.0202304
-0.0767945
0.0574336
-0.0319585
0.0090936
0.0228649
0.00996487
-0.0993536
0.0893888
0.0718145
-0.179651
0.107837
-0.0189922
-0.00801347
0.0270057
0.046116
-0.0553499
-0.160086
-0.402326
0.101993
-0.100151
0.0138971
-0.0368865
0.0229893
-4.32403
4.50262
-0.178584
0.00633987
-0.0262484
0.0199085
0.58252
-1.49348
0.910957
-0.331619
0.719362
-0.387743
-0.0296123
0.0137817
0.0158306
-1.61043
1.94884
-0.338411
0.0511773
0.0159754
-0.0671527
-0.0190684
-0.015892
0.298768
0.358869
0.0145255
0.0744469
-0.0889724
0.00757977
-0.0611165
0.0535368
0.0145929
-0.0102057
-1.47366
1.00012
-0.226179
-6.33619e-05
0.288397
0.517591
-0.805988
-0.0319007
0.0105959
0.0213047
-0.465182
0.0280723
0.43711
1.76335
-2.948
0.00895423
0.0434103
-0.0523646
-0.0187543
0.0377949
-0.0190407
0.0214896
-0.0334486
0.011959
-0.107714
0.278799
-0.171086
0.46916
-0.0682341
-0.171274
0.0167358
0.154538
0.724719
-2.11062
1.3859
0.0224149
0.0180639
0.555648
-0.95301
1.31564
-0.273471
-1.04217
0.0205905
-0.654532
0.182825
0.012472
-0.0314642
-0.0179496
-0.00839277
0.0263423
0.291151
-0.667821
0.37667
-5.43475
1.55988
0.031488
-0.0163338
-0.0151542
-0.0344211
0.0446476
-0.0102265
0.031068
0.0122935
0.0130216
-0.0401408
0.0214637
0.0676768
-0.0891405
0.00729624
0.0187692
0.0465009
-0.00658592
-0.0361934
-0.00574191
-0.0257005
0.0204259
0.0166504
0.0230331
-0.00439946
0.0819332
0.0238654
0.00516067
-0.0290261
0.0348742
-0.0142967
-0.0292361
0.018146
0.0110901
1.59776
-1.52614
-0.0450277
0.0743984
-0.0182355
0.0343072
-0.0160717
0.0904742
-0.0554165
-0.0350577
0.254623
-0.207337
-0.0472864
0.023699
0.00698497
0.0470433
-0.0225599
0.809885
1.02013
0.0164931
-0.0327968
0.0163036
-0.199064
-0.395179
0.0316484
0.0162057
-0.047854
-0.0229168
-0.0124103
0.0353271
0.0223507
-0.0231276
0.783128
-0.651014
-0.132114
-2.19209
2.01278
0.179312
0.0315228
-0.00485313
-0.0282718
-0.0437277
-0.0083291
0.0488361
-0.040507
-0.0277023
0.0287759
-0.0254423
0.0072068
-1.94903
-4.19566
-0.187874
0.114787
0.0730869
-0.0437536
-0.108911
0.152665
-0.00709847
-0.0184529
-0.102658
-0.323352
0.426011
1.85154
0.00916239
-1.86071
0.0235052
-0.00586488
4.74876
-2.40349
-0.0432292
-0.161034
-0.0655237
0.10211
-0.0365859
0.0306717
-0.0111467
-0.00887811
0.0177844
-0.00890624
-0.0239322
0.00505218
0.01888
-0.127627
0.178025
-0.0489927
-0.097397
-0.0196021
0.00244548
0.0171566
0.0529803
0.0181439
0.0125278
-0.0204404
-0.00379563
0.0282406
-0.0101036
-0.018137
-2.57035
-0.806435
3.37678
-0.00834152
-2.56934
4.29396
-0.0228544
-0.0315175
0.0374683
-0.0348776
-0.00259069
-0.0353124
0.187123
-0.151811
2.31499
-0.380552
-1.93443
-1.82862
5.21201
-3.43454
5.04366
-1.60912
-0.0142585
0.0241184
0.0268849
-0.0276902
0.000805372
0.0431446
-0.0315578
-0.0115868
-0.020456
0.0427696
-0.0223136
1.41057
-3.83768
2.42711
-4.06405
1.89228
2.17176
-0.0988481
-0.822219
-0.768702
1.47218
-0.0331563
0.0038135
0.0293428
0.0523227
-0.191967
0.139644
0.476971
0.854947
0.0301003
-0.0171405
-0.0129598
0.04443
-0.154199
5.40299
-4.05602
-1.34697
-0.013231
0.0242625
0.503102
-1.08945
0.586343
0.0526342
-0.0376564
-0.0581521
0.0486547
0.0094974
-0.0257301
0.0388056
-0.0130755
-1.5674
2.14992
0.0444624
-0.0170193
-0.0274431
-0.020373
0.0342701
0.0238675
0.00127475
-0.0274664
-0.00738214
0.0348486
-0.431297
-0.0515967
0.482893
0.00660453
-0.0262066
-0.183462
0.00311567
-0.00857941
-0.015961
0.0245405
0.00445057
0.0246044
-0.029055
0.0787646
-0.0474311
-0.0210208
0.0167061
-0.0488559
-0.0915583
0.140414
0.0242291
-0.00768145
-0.0279865
0.0183089
0.00967759
-0.00685578
0.0236075
-0.0167517
-0.0498368
0.0223703
2.7781
-4.74942
1.97132
-0.0276231
0.0414743
-0.0296161
0.00835879
0.0212574
0.0134466
-0.0233372
-0.247941
-0.258421
0.506363
-1.12906
0.520547
0.608509
0.0166449
-0.0263796
0.0255065
0.00601633
-0.0752357
0.0191196
0.00424439
-0.023364
0.143647
-0.0956542
-0.0479933
0.0697312
0.00733654
-0.024481
-0.00867539
-2.31726
0.20912
0.0825971
-0.0475526
1.61945
-1.04772
-0.571726
-0.0858188
0.062574
0.0232448
-0.0496979
0.0647146
-0.0485403
0.0657177
-0.0220405
0.0683815
0.0053645
-0.0328225
0.244002
-0.276959
0.032957
-0.862738
0.273619
0.589119
0.0121408
-0.0237117
0.0115709
0.199764
-0.235077
-0.0162739
0.0277154
-0.0391611
0.0267581
0.00881521
-0.159615
0.1508
-0.154597
0.215473
-0.0608762
-0.142081
0.0223994
0.00548285
-0.0359664
-0.135551
-0.0226223
0.0148537
0.14136
-0.0695457
0.0244079
-0.0066964
0.000629167
0.0185193
-0.0191485
0.0316605
-0.0312299
-0.00043061
-0.0479654
0.0346495
0.02155
-0.0211789
-0.0285123
0.0157315
0.0127808
0.022616
-0.0332733
0.0106572
-1.50081
-1.04351
0.022742
-0.00484537
0.0215102
0.00537467
0.0412054
0.0277962
0.0917
-0.0193465
-0.0406574
0.0168138
0.0238435
0.00799085
-0.0246269
0.0166361
0.111209
-0.218923
-0.0303127
0.0349737
0.654609
1.19694
-0.000615179
-0.0735397
0.0741548
-4.92977
1.28117
0.0202006
0.0136131
-0.0338137
0.0237847
-0.0227051
-0.0010796
-0.113506
0.0115691
0.0231968
0.000670685
0.012423
0.0114858
-0.0157525
-0.0204122
0.0361647
0.12165
-0.172893
-0.0319951
0.0082505
-0.0343021
-1.14521
-0.0252064
0.0140126
0.0111938
-0.072031
0.244028
0.0395262
0.0149583
-0.0408518
0.081118
-0.0402662
-0.00154738
-0.0402168
0.0236367
-0.00746542
-0.0161712
-0.0358843
0.148633
-3.37362
-0.06092
0.10428
0.391342
-0.495622
0.152564
-0.0582865
0.0314099
-0.0415804
-0.0655769
0.00152668
0.034577
0.0234607
0.758401
-0.46725
0.0219191
-0.0124447
-0.00947442
0.0396237
-0.0129389
-0.0266847
1.84084
-2.8723
-0.0890982
0.105491
-0.0163931
0.024704
-0.0434582
-0.0529797
-0.115099
0.168078
-0.687345
0.355725
0.905693
-0.574355
0.0181988
-0.0419288
0.0237299
0.0101246
0.0199757
0.0285387
0.000976983
0.19535
0.382163
-0.577513
0.00838311
-0.0251744
0.0167913
-0.0171073
0.0150036
-0.54375
-0.0746678
-0.00698511
-0.00957779
-0.693242
1.34785
0.111786
-0.0360335
-0.164324
2.47931
0.0391542
-0.0328144
-0.0951464
-0.0651794
0.160326
-0.0671116
0.11837
0.0305505
-0.0124066
-0.0362808
-0.0184391
0.00114128
0.0197809
-0.0209222
0.00686606
0.0173268
-0.0241928
-0.165541
0.0147758
-0.00345165
-0.0278574
0.0313091
0.0220065
-0.0404169
-0.0110644
-0.0185517
0.0200337
-0.0280526
0.00801896
-0.110117
-0.0164289
0.126546
0.0746211
-0.092947
0.0469323
-0.0350746
0.019038
-0.0285327
0.00949467
0.0223673
0.00109593
-0.0234632
-0.259939
0.339063
-0.0791232
-0.877751
0.0761461
0.0675013
0.0250989
0.0575129
-0.174367
0.297144
-0.122776
1.43577
-0.568194
-0.867576
-0.0213551
0.0559321
-1.24595
-0.0837053
1.32965
1.22186
-1.22522
0.00336067
0.000740952
-0.058893
-5.15728
0.0643019
0.0184941
0.0120564
-0.0232599
-0.0253692
0.0109197
-0.0270789
-0.0286026
0.0241513
0.00445123
-0.0142007
-0.0154116
-0.0140502
0.0688738
-0.0548236
-0.0185802
0.026571
-3.84182
-1.52933
-0.0183523
0.0177716
0.0503675
-0.0912193
0.0010408
0.0317721
-0.0401748
-0.045644
0.139133
0.191906
-0.331039
-4.14846
1.57811
0.0564088
-0.0500118
-0.00639709
0.341885
0.0267409
-0.0235464
-0.00319456
-0.0331944
0.0111222
-0.0780817
0.0984742
0.0253532
-0.0367191
0.0113659
-0.0715745
0.139089
-0.0675145
0.00979407
-0.0327108
0.0039892
0.0109554
-0.0149446
0.813672
0.410786
-1.22446
0.00929009
-0.0353503
0.0260602
0.0205418
0.00701833
0.968591
-5.29263
0.116514
-0.0235277
0.0246918
0.0149318
0.129258
-0.50652
0.377262
0.0172567
-0.0215254
-3.60127
-1.0446
4.64586
-0.0193683
-0.0420215
0.0613898
0.0381937
-0.0308909
-0.00730279
-0.042458
0.0432641
-0.000806066
-0.00575318
-0.0156356
0.0213888
0.0553375
-0.00262824
-0.0527093
0.032546
-0.00286025
-0.0296858
0.0154851
0.0105308
-1.69356
1.66314
0.030416
-0.048041
0.0144986
-0.0167851
-0.0102342
0.0270193
0.018419
0.0104221
-0.0362595
0.0352854
0.000974133
-0.907553
0.0464193
0.861133
-1.79126
-1.39272
0.176481
0.0781424
-2.25061
1.57146
0.0757625
-0.0812593
0.00549683
-0.0119504
0.0413993
0.316942
-0.25146
-0.0654822
-0.0146135
-0.0110078
0.0256213
0.0288816
-0.010608
-0.0821361
-0.0241468
0.023681
0.000465781
0.00903899
-0.0305101
0.0214711
-0.0214553
0.0020192
-1.09665
-2.64034
3.73699
0.00900148
0.0177394
0.0643129
-0.247775
0.0714316
-0.0160941
0.0734547
-0.0361857
0.0697676
-0.53495
-0.0260348
0.00300846
0.0277517
-0.00539508
-0.0377919
0.0847918
-0.0256832
-0.00245473
0.028138
0.0788751
-0.235913
0.157037
-0.0412498
0.0329207
-0.221593
0.224709
0.0351818
-0.0252908
-0.00989093
-0.0134693
0.0268734
-0.0134041
-0.0250776
-0.00925168
-0.0150463
0.0889548
-0.0739085
0.0155649
0.0196169
0.0289486
-0.00874799
0.0260027
-2.86738e-05
-0.0259741
0.0323724
0.00509588
0.0236516
-0.0232565
-0.000395132
0.0369352
-0.0210146
-0.00437868
-0.120596
0.0873455
-0.103565
-0.0218956
0.0309346
0.0423423
-0.0341577
-0.00818463
-0.145983
0.0394745
0.106508
0.0126819
-0.0318209
0.0272481
0.0329132
-0.0601613
-2.69196
1.05814
1.63382
-0.0284163
0.0175259
0.0108904
3.23716
-4.33381
-1.2352
1.24436
0.85648
-0.276218
0.0282735
0.0140688
0.0463411
-0.0286687
0.21304
-0.419884
0.206844
-0.00388641
0.0229244
-0.0166043
0.0239005
0.0181033
-0.039093
0.0209897
-0.0151497
0.0296162
-0.0144665
-0.19185
-0.149231
0.0227823
0.00071871
-0.023501
0.0906314
-0.0187335
-0.0718979
-0.0290532
0.0490568
-0.0200037
0.0137943
0.0462547
-0.373617
0.125676
0.115985
-0.0635006
-0.052484
-0.0226647
-0.0347542
0.0574189
-0.00365084
0.0211135
-0.0174627
-0.0023841
0.00736282
0.0151659
-0.0225287
0.00542345
0.026949
0.528687
-0.0893405
-0.439347
-3.00192
2.04736
0.954556
0.00980277
-0.0277523
0.0247085
-0.00851374
-0.0161948
-3.40728
1.94049
1.46679
0.0940489
-0.628127
0.534078
-0.00961418
0.0223807
-0.0127666
0.00116151
0.029255
-0.0304166
0.0081832
0.00737161
0.77018
-1.79733
1.02715
0.0063116
-0.0214613
0.0179102
0.0103303
-1.16844
0.260886
-0.0376061
0.00257747
-0.0612615
0.107736
-0.0464746
0.00451839
0.0191183
0.434781
-0.409234
-0.0255463
0.092722
-0.104191
0.0114693
0.00315765
0.0194584
0.0189044
0.00632529
-0.0252297
-0.0286557
-0.00607355
0.0347292
-0.0246428
0.00369067
0.0209521
0.202418
-0.0785294
-0.0087499
0.0632954
-0.0545455
-0.806131
-3.26771
-0.0146346
-0.0218309
0.0251817
-0.0972374
0.173873
-0.0766357
-3.77666
1.44241
0.222719
-1.10047
-0.0244227
0.00308711
0.0213356
-0.0204995
0.0168486
0.175837
-0.0582984
-0.205652
0.242433
-0.0367809
-0.357932
0.593697
-0.235765
0.0319488
-0.0267647
-0.00518404
0.0743422
-0.0568104
0.174912
-2.92167
-0.0180699
-0.0126944
0.0307643
-0.0672028
-0.0620169
0.12922
-0.111475
0.473575
-0.084363
-0.0019082
0.0862712
-0.0417237
0.0197841
-0.0094522
-0.0201346
0.0295868
0.0123271
0.0258666
-0.0159133
-0.134048
0.149961
1.45908
-3.67613
-0.00607632
0.0237393
-0.0176629
0.0385647
-0.0292746
0.0155823
0.0120906
-0.0276729
0.0194745
0.00490767
0.0272802
-0.0087861
-0.0296982
0.00919707
0.0205011
-0.0275829
-0.0251843
0.0949584
-0.0734946
0.0282079
-0.000211364
-0.0279966
-0.0778271
0.0484998
0.0293274
2.58087
-3.38731
-0.0246129
0.0514845
-0.0268716
0.0188584
0.00350891
-0.0182421
-0.235833
-3.07151
1.79447
1.27704
0.0262013
-0.0135341
0.280613
-0.880105
0.599492
-0.0256193
0.0185773
0.00704202
-0.0929079
0.0226494
-0.0024152
0.0106081
0.0147081
0.0125721
0.448763
-0.351675
-0.0970879
-0.0777707
0.0289064
1.98634
-1.21616
0.328942
0.119821
0.0295443
0.0979906
-0.0124088
-0.010673
0.0230818
-0.187217
-0.0116474
0.105227
-0.0994347
-0.00579178
0.0202509
-0.00113129
-0.161214
0.36728
-0.00360986
-0.14398
-0.0356716
0.011986
0.0116001
-0.0235861
1.48136
-0.165726
0.0498997
-0.00300326
-0.0468965
0.0411183
-0.133361
-0.0575224
0.0299395
0.00604684
0.0284798
-0.0345266
-0.175254
0.10368
-0.31627
0.561165
-0.244895
0.0807859
-0.624535
5.03612
-3.62699
-1.02438
-2.3829
-0.0195721
-0.00282945
0.0224015
0.0418363
0.0145725
-0.161388
0.229391
0.365976
-0.121974
0.0275543
-0.00220106
-0.336222
0.444329
-0.108107
0.0759486
0.108795
-0.184743
-0.0318756
0.0161231
-0.944836
0.314733
0.630103
0.0118491
0.0454952
-0.0573442
-0.161695
0.117544
0.044151
0.0191242
0.00365812
-0.512748
0.154816
-0.126503
0.0652414
-0.0393395
0.0646513
0.00474864
0.00420578
0.0420777
-0.0462835
-0.0161374
0.0426611
-1.06276
4.91848
-3.85571
-0.065441
0.110138
0.194578
0.017023
-0.0307681
0.011196
-0.00858466
-0.0119582
-0.0136179
0.0255761
0.0223688
0.00911918
-0.0333821
0.0126334
-0.0299267
0.00343998
0.0264867
-0.0229197
0.00029019
0.0226295
0.0525205
0.0558008
0.301957
-0.219879
-0.00688769
-0.0395707
-0.0886537
0.121327
-0.0326728
0.0340964
-0.0545524
0.609081
-0.369355
-0.239726
3.61201
-0.833911
-0.0575204
0.104426
0.0110694
-0.0412149
0.0301455
-0.0160921
0.00721403
0.0120356
-0.033773
0.0217375
2.06719
-0.383928
-1.68326
-0.0469041
0.0339323
0.0129718
-0.0347254
0.00904219
-0.986338
2.05368
-0.024516
0.0121072
0.0124154
-0.00842623
-0.517114
0.414456
0.0469746
0.743226
-0.332053
-0.0204263
-0.01113
0.0315563
-0.0613408
0.0167812
-0.0476185
-0.122262
-0.193776
0.16923
0.024546
-0.189707
0.171465
0.019891
0.0245715
-0.0808504
0.00795359
0.0728968
-0.0207523
-0.0126827
-0.0129203
0.0595586
-0.0466382
0.0320284
-0.0278227
-0.121417
0.18573
-0.00433293
0.0298394
-0.652478
1.41299
-0.760513
0.125597
-0.0846009
-0.0409963
0.0249243
0.0198086
0.0438606
-0.0636691
0.0141612
0.0105206
-0.0246818
1.6889
-0.811981
-0.876921
0.063959
-0.0665872
-0.0861278
0.0477314
0.0383965
-0.0176285
0.0187698
-0.0382031
0.0253391
0.012864
0.0121895
-0.0207689
0.0320436
-0.00817814
-0.236087
0.183107
-0.0153697
-0.0270883
-0.0113439
0.0269262
-0.0190123
0.0111856
0.00782676
0.16208
-0.0844028
0.0236755
-0.00670405
-0.0169715
-0.0511381
0.107746
0.00274907
0.0210356
-0.00141074
0.032417
-0.0310063
-0.00231444
-0.0324258
-0.0249758
0.00864194
-0.0345943
0.0416913
-0.00709706
-0.176365
0.127509
-0.26867
0.165283
0.24226
-0.407543
0.0483163
-0.0484173
0.000100985
-0.0319544
-0.00110388
0.0330583
0.063437
-0.0774872
0.155937
-0.0896606
0.549756
-0.87714
0.327384
-0.0321564
-0.008501
0.0340212
-0.0249275
-0.0115025
-0.0185592
0.0300617
0.00178041
-0.0205143
0.019971
-0.0535521
0.033581
0.856675
-0.480803
-2.76205
1.21846
1.54359
-0.0228473
-0.00108489
-0.00905038
-0.00896915
0.0180195
0.00318967
-0.0182976
0.0151079
0.00492882
-0.0239972
0.0183175
-0.0151278
0.43087
0.0039108
-0.0175654
-0.00999574
0.143337
0.105554
-0.248891
-0.333499
0.667331
-0.333832
0.015819
-0.0194289
0.0240153
0.0121153
-0.0361306
0.365483
-0.316778
-0.0487047
-0.0474882
-0.014262
0.0272228
0.0638794
-0.022043
-0.0270102
0.0167056
0.0103046
-0.00838057
-0.0334016
0.0417822
-0.00707459
-0.0275197
-0.0155552
-0.0157053
0.0312605
-0.187698
0.0164246
0.16467
-0.236701
1.94689
-4.63126
2.68437
0.0232472
-0.0416175
0.0572351
-0.0255867
-0.00226867
0.0294915
0.138525
-0.312893
-0.0148369
0.0276435
-0.0128066
0.0724431
-0.225015
-0.115812
0.0998988
0.0235328
0.0669414
-0.0417144
0.0287941
-1.37786
0.814788
0.563073
1.83815
1.80355
-0.0383604
0.0141887
0.0241718
-0.011947
-0.0282693
-0.135682
0.140054
-0.004372
0.436495
-0.332279
-0.120353
0.0985175
0.249176
-1.70008
-0.00522359
-0.0423542
-0.789061
-0.174041
0.220248
-0.0462065
0.00567113
-0.137109
0.131438
0.0818819
-2.26629
-0.579081
2.84538
-0.0293947
0.000739068
-0.00456108
0.157125
0.8161
0.619671
0.00236684
-0.0837372
0.025235
0.000767754
0.056181
-0.123384
1.17191
1.86637
-3.03828
0.0200611
0.00580527
-0.0243587
0.675438
-0.0543251
0.0688506
-0.151924
-0.358977
0.510901
-0.034059
0.0208314
0.0132276
0.272372
-0.132087
0.0710898
0.0609976
0.00612603
-0.0391207
0.0329946
0.061616
-0.0677482
0.00613229
-0.0457188
0.0853811
-0.0396623
-0.0234457
0.0163472
0.0270338
-0.0157713
-0.0112625
0.0052945
0.018381
0.199031
0.0428909
-0.241922
2.50247
-5.21974
2.71727
0.0911118
-0.0854407
-0.806629
-0.322427
3.44598
-5.27459
0.916611
-0.366855
-0.0523646
0.0259995
0.0263651
0.00147033
0.0394102
-0.0408805
-0.146753
0.0238412
0.122912
0.025751
0.0381283
-0.0559578
0.0886508
-0.0210537
0.000269508
0.0207842
-0.00377942
-0.0156983
0.024828
-0.0380037
0.0131756
-0.0238357
-0.0230684
0.0254165
-0.00140116
0.319269
-0.0167469
-0.302522
1.36748
0.647963
-2.01544
0.193591
0.212172
-0.034291
0.0247587
0.00953229
0.0286246
-0.0416833
0.0130587
0.022138
0.0484904
0.0229618
0.00447196
-0.0274338
-0.00618691
-0.0195136
0.0267981
0.0431656
0.0462365
0.0185242
0.0171755
-0.0356996
0.581248
-0.927782
0.346534
-0.0500449
-0.277224
0.327268
-0.0240084
0.0199736
0.024056
-0.0440296
0.100599
0.0227344
-0.123334
2.23617
-2.1357
-0.100469
0.521768
-0.0443674
-0.477401
0.0575515
-0.0177435
0.0263526
-0.00820658
2.50317
-1.71303
-0.790139
0.156891
0.160051
-0.00898505
-0.00680129
-0.0292861
0.0177836
0.232
0.133483
0.637999
-0.442649
-0.0626864
0.0953818
-0.0326954
0.183349
-0.260224
-2.33219
0.721754
0.0670793
-0.0433531
-0.0237262
-0.0325903
-0.000682982
-0.0169462
-0.00812721
0.000666231
-0.0198103
0.019144
0.0156005
-0.0300591
-0.155586
0.0260853
0.129501
0.0177506
0.0179677
-0.0357182
0.168557
0.469442
0.0996614
-0.135546
-1.94059
2.66099
-0.720399
0.012971
-0.0244528
0.384728
-0.270641
-0.114087
-4.94625
2.78776
2.15848
0.166723
0.302437
-0.545992
-0.397855
0.943847
-0.00330107
0.0205577
-0.0171051
0.0237096
-0.282934
0.509495
0.0685549
-0.0404118
-0.0266331
0.0118693
0.0147638
-0.0179619
0.0359104
-0.0179484
-0.166987
0.0202345
-0.0434355
-0.00830195
0.0169642
-0.0231511
-0.00128498
0.050121
0.0294236
-0.00950381
-0.0199198
-0.136899
0.336663
0.0421467
-0.233997
-0.0373245
0.0415272
-0.0042027
-0.419736
-0.0845464
-0.0529321
0.019867
0.0330652
-0.123795
-0.0221875
0.014266
0.0137168
-0.729774
-1.96219
0.0397456
0.139852
1.08201
-0.00955706
-0.0117037
0.0212608
0.0182844
-0.0208244
0.00254
0.00947175
-0.0355268
0.052348
-0.0963388
0.0439909
0.0355993
0.0352487
0.0175173
-0.0217235
0.00420622
-0.0175341
-0.00431392
0.021848
-0.000355192
-0.0840078
1.60918
1.58192
-0.0978775
0.0351911
-0.0182431
0.0280459
-0.165039
-0.173217
0.338255
0.077087
-0.0559372
-0.0211498
0.0289668
-0.0104581
-0.0185087
-0.00294386
-0.0256587
0.26347
1.80372
-0.0263683
0.030256
-0.00388765
-0.011973
0.0145254
0.01774
-0.0322654
-2.54849
-0.52302
-2.14532
0.451756
-0.473978
-3.59007
-0.0568414
0.024204
0.0326375
-0.0258363
-0.00409033
0.0281463
-0.0415806
0.00670814
0.0222586
-0.613049
0.181753
0.232773
-0.0690642
-0.0671445
0.0538191
0.0133253
-0.441213
-0.465746
0.906959
-0.0208895
0.0101278
0.0107618
0.00674199
0.0196106
0.54999
-0.606781
0.0567914
-0.0743711
0.0428065
0.0315646
-0.0423771
0.013324
-0.000118158
0.0500179
0.306558
-0.458481
0.00867666
-0.0310104
0.065471
-0.0972867
0.0273804
-0.00441859
0.0297126
-0.00337697
-0.0263357
0.0582105
-0.0187113
-0.0510383
0.0480669
0.00297147
0.0168353
0.00787317
0.0268887
-0.0125262
0.278603
0.152267
2.61764
-1.44573
0.0329551
-0.143072
0.0242781
-1.21773
-1.54432
0.173704
0.0329963
-0.0227507
0.00180143
-0.0226786
0.0218134
0.093674
-0.051236
-0.042438
-0.0377833
0.0889605
-1.51826
0.272311
-0.0928087
0.0470899
-0.0231942
0.0163385
-0.0177559
-0.00377279
0.0215287
-0.0245244
0.0334787
0.0174821
-0.0168158
-0.0439665
0.034043
0.00992353
-0.0317448
0.0625278
0.0178996
0.0056887
-0.0235883
-0.0298212
0.0301066
0.016911
-0.0226642
-0.0242805
-0.0649581
0.73792
-0.449523
0.112895
-0.210133
2.7518
-1.38432
0.00131343
0.0283992
-2.23791
-0.76401
0.0209991
0.0123585
-0.0333576
0.0297285
-0.0381104
0.0156363
0.0224742
-0.0529678
0.0415564
-0.016647
0.027432
-0.0107849
-0.0102525
-0.0216482
0.675297
-0.141841
0.398158
-0.0683485
-0.0160034
0.0843519
-0.286621
0.364944
-0.0783236
2.76265
0.0193402
0.0250751
-0.253348
2.40063
-4.96997
-0.0212625
0.00447739
-2.10491
0.250261
-0.420517
-0.0574974
-0.0272072
0.0847046
-0.00705302
0.0759269
0.0262524
-0.00301849
-0.0707148
-0.000629808
0.0713446
-0.0282693
0.00581578
-0.0260349
0.0205318
0.0981417
0.134631
0.0332508
-0.121905
0.0240587
0.0216928
-0.0457515
-0.169871
0.0796645
0.090206
-0.00641358
-0.0216095
0.0280231
-0.0295977
-0.00455048
0.00670737
-0.0335542
-0.023645
-0.0211828
0.0112959
0.00988691
-0.655602
0.224606
0.430996
-0.332601
0.385219
-0.0526181
0.00158959
0.0269491
0.143817
-0.41073
0.266912
0.026213
-0.0296647
2.50047
-1.28201
-0.0532278
0.038096
0.0151318
-0.0209018
-0.0085542
-0.0102209
-0.0396158
-0.0164419
0.0245185
-0.00807654
0.567947
1.10243
-1.67038
-0.0187119
0.00108336
-0.0113333
0.0636813
0.0273755
-0.343646
0.836261
0.0222201
0.0057635
-0.0279836
-0.018774
-0.524563
0.907462
-0.382899
0.127067
-0.00368457
-0.123382
-0.010217
-0.0106725
-0.58469
-0.793171
-0.538009
-2.17576
2.71376
-0.0358701
0.00392274
-2.67116
4.08172
0.171658
-0.109503
-0.0621556
0.0489284
-0.00660898
-0.310959
-0.156518
0.000932325
0.0302958
0.02358
-0.0538758
0.049036
-0.144182
-0.44753
0.55181
0.0557515
0.0213355
0.992238
-0.718619
-0.00382035
0.0284247
0.171465
-0.0618717
-0.109593
-0.301964
0.515004
-0.00916633
-0.0248927
0.0477971
-0.0296938
0.0448567
-0.0145609
0.478727
-0.275501
-0.0071776
-0.0132628
-0.00723502
-0.00660554
-0.0861274
0.0286299
-0.0293226
0.015244
0.0140786
-0.0384755
0.329752
-0.291276
-0.0211163
0.0139387
-0.0213317
0.0360751
-0.0918611
0.0173881
0.074473
0.14387
0.0110733
-0.154944
-0.0148437
-0.0303368
0.0451805
0.0197726
0.0145346
0.00545554
0.0256125
0.307023
-0.198386
-0.0242358
0.0363766
0.0136155
-0.0230677
-0.0193531
0.00979602
0.101023
0.0262165
-0.0276171
-0.0150802
0.0426973
-0.0291619
0.0325226
-0.0033607
-0.0201117
0.00655709
-0.051029
-0.141591
0.0115042
0.130086
0.0251923
-0.012857
-0.0286843
0.0104412
-0.0259884
0.0352976
-0.0174435
-0.00547616
-0.0351764
0.0201572
0.0150192
1.13508
0.553827
0.0343166
-0.121483
0.130298
0.443852
0.125104
-0.0521896
-0.0729147
0.0329078
-0.0325304
-0.00037748
0.195199
-0.128786
-0.0664136
0.0591935
-0.1165
0.000538117
-0.0221806
0.0216425
0.0204559
0.000187636
0.475835
-0.309112
5.55917e-05
-0.0254166
0.025361
0.0150205
-0.0415997
0.0265791
0.0117716
0.0365447
1.61105
-1.2051
-0.405953
-0.917261
1.25529
0.0016619
-0.0293638
1.08305
-0.885836
0.0186611
0.0180015
-0.0366627
-0.00357876
0.0236429
-0.0200641
0.00744261
0.0385368
-0.0459794
-0.0235359
-1.82613
-0.995232
-0.388906
-0.0570655
0.0143256
0.0106346
-0.137183
0.0934298
-0.0359604
-0.00108055
0.0370409
-0.0112096
-0.0134113
0.0246209
0.0271791
-0.0148104
-0.0123687
0.00126311
0.0311625
-0.0324256
0.0965127
0.0645877
0.0228792
0.0042999
0.0877052
-0.0519089
-0.0357964
0.0121445
-0.0238225
0.011678
0.0484395
-0.028631
1.51195
0.991224
-1.1569
4.83542
-3.67852
-0.00604919
-0.604693
-0.308389
0.913082
-0.0718733
-0.0546296
-0.027659
0.00351221
-0.0462292
0.00403507
0.0421941
0.0419988
-0.02528
-0.0167188
0.0425766
-0.0213863
0.143566
-0.0439047
-0.0369213
0.0145365
0.0223848
3.00839
-1.64024
-1.36816
0.0607166
-0.104184
0.0434678
-0.039923
0.132645
-0.112167
0.0230689
0.0839473
-0.00950041
0.481583
-3.37557
2.89399
0.0586063
-0.0467572
-0.0184842
-0.015962
4.89682
-2.49619
0.54744
0.00254942
-1.04746
1.6154
-0.00522854
-0.469313
-0.487395
0.714311
-0.226916
0.120607
0.00351518
-0.124122
0.387664
-0.987524
0.59986
-0.00519917
-0.0223868
0.027586
0.0252485
-0.0236333
-0.0016152
0.0269406
-0.0248062
-0.00213432
-0.0294762
0.0216885
0.00778768
-0.776997
1.59067
0.0172204
0.0211717
-0.0383921
-0.0288352
0.0266079
0.00222735
0.0801679
-0.586344
0.506176
0.0560889
-0.00204599
0.000374331
0.0287314
-0.0291057
0.0111692
-0.0257827
0.0152013
0.0279433
-0.0089385
0.0304281
-0.0434489
0.0175188
0.0259301
0.028165
0.00292495
-0.03109
-0.00372794
-0.0456681
-0.0288734
1.24681
1.41418
1.27553
-4.8768
0.0242202
-0.0016273
0.0249668
-0.0210741
-0.0038927
-0.0171361
-0.00229201
0.0436209
-0.0794922
0.0358713
-0.0942988
0.176233
-0.0819346
-0.0688393
-0.0234411
0.0922805
0.000604667
-0.225396
-0.430206
-2.9427
1.76892
1.17378
-0.708933
0.507468
0.339893
-0.847361
0.0270181
-0.0169016
-0.0101165
0.015201
0.00671808
1.5534
-0.278746
-0.0152575
0.0339186
0.429071
-0.105495
-0.323576
-0.108192
-0.0248989
0.133091
-0.0426111
0.014994
-0.0523771
-0.117493
0.0725499
-0.00993478
-0.0331669
0.0317561
-0.0390565
0.0799167
1.94834
-1.22362
-0.0710083
-0.042498
0.0367945
0.23943
-0.276225
1.53265
-5.03993
3.72979
-0.208636
0.0345947
-0.0318083
0.0097868
0.0220215
0.366836
-0.480634
0.113798
-0.0727691
-0.00402546
0.468401
0.448211
-3.16474
1.42168
-0.353757
0.171068
0.00217597
-0.01971
0.0131018
-0.0320726
0.0189708
-0.01277
0.0211532
0.0387522
-0.0267166
0.0104468
-0.032994
0.0225473
0.0845383
-0.0406777
0.0369348
1.13501
-1.77263
0.63762
0.00419497
-0.0268735
-0.0169126
0.00596365
0.0140408
-0.0706928
0.0619429
0.0054357
0.081944
-0.077362
-0.00590432
-0.0260501
0.0372109
-0.0402142
0.0295914
0.00331642
1.70486
-0.596969
-0.0364138
-0.0162676
-0.0217611
0.0277775
-0.0167561
0.0231861
-0.00643
-0.0178016
-0.0173748
0.179709
-0.19602
0.016311
-1.56288
1.10189
0.460996
0.00538224
-0.0896322
0.0515332
-0.0041142
-0.047419
-1.13068
0.132765
-0.0891861
-0.0435789
0.0016096
0.0421384
-0.043748
0.0489295
-0.0702846
0.317682
-1.34803
-0.077475
-0.0188638
-0.0096782
0.0251633
0.258806
-0.405133
0.146327
-1.14845
0.932189
0.216265
0.55369
-0.525617
0.0151501
-0.0408802
0.0154042
-0.00738692
-0.00801728
-0.0232068
0.019033
0.00417381
-0.969245
-0.59364
-0.0261035
0.0445576
-0.0184541
-0.0116093
-0.0230923
0.0347016
0.0214248
-0.000310614
-0.0211142
0.191285
0.193443
0.0330066
-0.0208881
-0.0121185
-0.0293065
0.0112366
-0.0151754
-0.0248125
0.0297413
-0.0321632
0.0137479
0.0273528
0.0126693
0.0227495
0.00301399
-0.0257635
1.62945
-0.549844
-1.0796
1.61435
-1.23499
-0.379367
0.178216
-0.216692
-0.0107259
-0.0152265
0.0259524
-0.474556
0.801006
-0.0312214
0.0392984
-0.0224845
-0.00567154
-0.0177741
0.0223381
-0.0101936
-0.0104685
-0.0153679
-0.0491902
-0.0864918
0.0266556
-0.0512684
-0.0691787
0.0351923
0.301592
-0.118243
0.0145935
-0.0246971
-0.0323154
0.011563
-0.718013
-0.159127
0.00681779
0.0671662
-0.016205
-0.0108052
0.00539228
-0.0266946
0.0213023
0.0588697
-0.186497
-0.0325718
0.0148496
0.0177222
0.00770804
-0.0252735
-0.0243234
0.0133156
-0.0408154
0.0194837
-0.0185895
0.0435381
-0.0249487
0.0236292
0.073726
0.131642
0.857687
-0.989329
0.029748
-0.0148695
-0.0148785
0.0257555
-0.0405992
-0.700784
0.657673
0.0431111
0.0203673
-0.022202
0.00183471
0.0295075
-0.0124724
-0.0170351
-0.0105937
0.0670797
-0.0387718
0.0303864
-0.00751009
0.0142727
0.0202629
-0.0345356
0.0220715
-0.0113647
-0.0114587
-0.0464603
0.057919
-0.0255869
0.00508745
0.025923
-0.641793
0.194263
0.0615341
0.064063
-4.31942
-0.801208
-0.0158585
-0.0225019
0.131998
-0.0281933
-0.0276354
0.0128036
0.0148318
0.0325562
-0.0227568
-0.0049334
0.900902
2.40851
-3.30941
-0.0306145
0.00515896
0.0254555
0.019653
-0.148763
0.12911
-0.0202833
-0.0144748
0.0347581
1.3208
-3.11206
0.031353
-0.0267559
-0.00459709
0.0334154
0.0208724
-0.0542879
2.72153
2.32212
-0.03152
0.0159648
-0.762617
0.154191
0.608426
0.0353475
-0.0209788
0.0151519
-0.033779
0.0186271
-0.0332832
0.00388731
0.0176627
3.01257
-0.431694
-0.0148673
1.37913
1.16697
-2.5461
-0.0155861
0.0309026
-0.0153165
-0.0538859
0.0703461
-0.0164602
3.12324
-1.48445
-1.63879
-0.0106865
-0.0185996
0.101032
0.0149523
0.0330297
-0.021245
-0.0117847
-0.763709
0.135583
-0.0238647
0.0420635
0.0123476
0.0174004
0.0130851
0.0284316
-0.0323193
-0.000427467
-4.06163
4.75009
-0.688466
-0.0265953
0.00259808
0.0286322
0.547001
-0.0252327
0.102821
-0.0421048
-0.0357896
-0.118565
0.154355
-0.12406
0.092794
0.0312661
-0.0142463
-0.0120567
0.0277881
0.362771
-0.967464
-0.018081
-0.0080779
0.0261589
0.0252277
-0.00839231
0.00536528
-0.0301777
-0.0238158
0.0143789
0.00943687
0.00322378
0.01833
-0.0215538
-0.0822405
-0.0965691
-0.12123
0.049357
1.27799
-2.49572
0.203523
-0.104268
-0.0992555
-0.0110736
0.0288241
0.0209551
-0.00952746
-0.0138207
0.0519834
-0.0381626
0.0576307
-0.0376597
-0.234671
0.029019
-0.028693
0.0234939
-0.807704
-0.618341
1.42605
-0.0380601
-0.153907
0.00372864
0.0341452
0.0148925
-0.0334254
-0.0613224
0.025362
-0.0311497
-2.85242
1.3081
-0.0119803
-0.0118355
-0.0219582
-0.0563749
0.0783332
0.0247119
-0.0178458
-0.0349199
0.0123857
-0.0150264
0.0204187
-0.0236388
0.00800319
-0.0194457
0.0528611
-0.0108313
-0.0147556
-0.0433914
0.0248019
0.00122126
0.0177122
-0.0189335
-0.0607887
-0.143207
0.203996
0.0291398
-0.0249651
-0.00417468
-0.0329155
0.0151139
-0.0143704
0.0301486
0.0285001
-0.0142274
-0.264898
0.10846
0.156438
-0.0514202
-0.10422
0.155641
-0.0140714
-0.011068
0.0251394
0.0611696
-0.0331794
0.0266096
-0.00456223
-0.0220474
0.0202053
-0.00604411
0.102764
0.0924353
0.260353
-0.061322
-0.0191347
-0.014127
0.0332618
0.048141
0.0299729
-0.0781139
-0.423133
0.925052
0.0847686
-0.0998149
-4.67304
1.66023
3.01281
-0.0373602
0.0203409
0.0205829
-0.0357583
0.00410689
-0.0192448
0.0151379
0.0658726
0.0278014
0.0870998
-0.0167024
-0.328796
0.0347289
-0.116682
0.0504806
-0.00707026
-0.159655
-0.101342
0.00880117
-0.0567005
0.0478994
-0.14163
-0.0818108
0.22344
-0.628228
0.296965
-0.0015996
0.0219669
-0.0518158
-0.102725
0.154541
-0.0471048
0.0277426
-0.0214688
0.0535533
-0.0320845
-0.859849
0.0972313
-0.0707332
0.00358869
-0.451881
1.03626
-0.584384
0.0604173
-0.0152305
-1.0308
1.6963
-0.665495
0.0197605
-0.031711
0.0168054
0.00906562
0.22275
-0.122777
-0.0999734
0.02619
-0.0143392
-0.0118509
-0.0253039
-0.0315375
0.0235196
0.00468837
0.0115042
-0.0272095
-0.024849
-0.000140022
0.024989
-0.700336
-0.022907
0.0124385
0.020196
-0.0153381
-0.0122973
3.02182
-4.06641
-0.0172911
0.0179203
0.0229448
0.11459
-0.0696932
-0.0448971
0.0465735
-0.0194071
0.0392994
-0.0132942
-0.0260052
0.333465
-0.0328178
0.0653107
-0.0347361
-0.0305746
-0.0158272
-0.00522649
0.0190527
-0.0149458
-3.47633
-1.19671
0.0336303
-0.0284687
-0.00516151
0.0721504
-0.0427211
-0.0294293
0.00411136
0.0524826
-0.0120702
0.017625
0.00940878
0.120521
-0.0199215
1.30935
-0.226303
0.0320442
-0.0175188
0.0770341
-0.00173586
-0.0752983
-0.00884288
0.028456
-0.0196132
2.23102
-0.436553
0.0547309
0.0329743
-0.0180588
0.0402396
-0.0221808
0.0503232
-0.011129
0.510441
-0.305158
-0.53821
1.35116
-0.0130926
-0.0148939
0.039318
0.0111626
0.0622578
0.00352643
-4.55978
0.114004
4.44578
0.19177
-0.0182729
0.0207214
-0.00244854
0.0167807
0.0151809
-0.0319615
0.0187124
0.00747766
0.0192194
-0.0237874
0.00456801
-0.0684993
-0.00760053
0.0760998
-0.000371017
0.0196251
5.35736
-2.44746
-2.9099
0.394541
-1.51591
1.12137
-0.0497073
0.0205454
0.0504333
-0.0198589
-0.0305744
-0.0388409
0.0402535
-0.00927035
0.114306
-0.0748316
-0.0303066
-0.0232575
0.0535641
-0.0195089
-0.0244576
-0.0242394
-0.0394564
0.0668323
-0.0273759
-0.320149
-1.78476
-0.0263601
-0.00989935
0.00594318
0.0268682
-0.0328114
-0.162296
0.199091
-0.000334888
0.0261084
-0.0257735
2.77387
2.87535
-0.0504684
0.369738
-0.127248
-0.042537
0.169785
-0.0312365
0.00141525
0.0209872
-0.00660131
0.0241186
-0.0203966
0.0107824
-0.0138742
-0.0252187
-0.0331918
0.0768127
0.234085
-0.0243876
-0.0275071
0.0518947
0.0170876
-0.0274133
0.0174739
-0.0287384
0.0112645
1.92371
0.312455
1.91927
0.956936
0.00821714
-0.0353775
0.0271603
-0.0295161
0.0745093
-0.0449932
0.0351974
-0.235964
0.200767
2.91622
-1.53709
0.0419816
-0.0895342
2.46759
-0.811341
-1.65625
0.0150902
0.0136637
-0.0287539
-1.16087
0.50839
-0.0195483
0.00179246
0.000157487
0.160983
-0.161141
-0.221872
0.365209
0.0116339
-0.029997
0.0183632
-0.0156906
0.0268598
-0.0579446
0.0219563
0.032017
-0.00552526
-0.0286142
-0.00586064
-0.0386555
0.0648795
0.0169224
-0.0387695
0.0183965
0.449629
2.19996
-1.06494
0.97303
-4.12183
3.1488
-0.51848
1.03903
-0.00676305
0.0232562
-0.0262715
-0.0196003
0.0186369
-0.0229753
0.0257146
-0.00273929
-0.0166559
-0.0207042
0.0316304
-0.0255836
-0.0151824
-0.0157108
0.0308932
-0.0655177
0.042853
-0.100388
-0.0700628
0.0643566
0.0057062
0.374133
-0.244875
-0.0180116
0.0340217
-0.0160101
0.0507199
-0.0225736
-0.019508
0.0405071
0.0186536
-0.0290695
0.010416
0.0208408
0.000817672
-0.0216585
-0.00752954
-0.0114828
-1.11524
1.24688
0.286228
0.142843
-0.0084595
-0.0221488
0.0306083
-0.0859817
-0.0461057
0.00336387
-0.0338706
0.0305067
0.200513
-0.0268092
0.00195839
0.188686
-0.190645
-0.051238
0.0323546
0.0188834
0.0167297
0.00502393
-0.0217536
-0.0305809
0.0383435
-0.00776265
0.135365
0.0829298
-0.218295
-0.00740723
-0.0177769
-0.0568922
-0.271995
-0.438096
-0.0072827
-0.0627801
-0.0236573
0.014549
0.00910835
0.0145359
-0.0252618
-0.0301662
-0.00236417
-0.0314135
0.0175393
-0.0723339
0.109397
-0.0370628
1.30245
-0.907912
-0.0228777
-0.0188461
0.0834714
-0.00152742
-2.21947
3.81076
-1.5913
0.0204421
0.00730963
-0.0237521
-0.0741254
-0.0207965
-0.0173139
0.0297729
-0.0193262
0.193976
0.185316
-0.379292
0.545114
-1.57591
0.490325
-1.6485
1.15817
0.0199788
-0.00145944
1.60574
0.625285
-0.819796
-2.1229
-0.115325
-0.0144103
0.129736
-0.00781554
0.020005
0.136812
-0.0758564
-0.0609561
-0.0224348
-0.00389609
0.0263309
0.709467
0.0818538
0.284274
-0.0640288
-0.220245
0.322244
0.397118
-0.545096
-1.25631
1.8014
0.149885
0.072865
-0.0422372
0.026818
-0.018182
-0.00863603
-0.0217141
0.0160426
-0.0136684
-0.00751793
0.0211863
0.0257947
-0.0715963
0.0177104
-0.00842331
0.025153
0.0175195
-0.028206
-0.019271
0.023466
-0.0133741
-0.0192162
0.0221164
-0.282056
-0.0213763
0.00770791
-0.0113498
0.126137
0.0453187
-0.0236259
-0.0372758
-0.00455144
0.0418272
0.00834167
0.0126398
-0.0209814
-4.2407
1.65787
2.58283
-0.296692
-1.8954
0.0501753
0.000441432
-0.0232469
-0.021898
-0.0108987
0.00494234
-0.0393634
-0.26983
1.12752
-0.0174658
-0.00723122
0.555597
-2.82189
0.00752393
-0.0240119
0.0164879
0.42542
-0.260137
-0.0603487
0.0141195
-0.027202
-0.0228098
-1.34224
0.636648
0.705593
-0.0131884
0.0581791
0.29887
-0.357049
0.0332585
-0.0277757
-0.00973681
-0.498172
0.243684
0.181736
-0.00599661
0.02228
-0.0162834
-0.0420573
0.0205885
-1.07605
0.512904
0.00967877
-0.151269
-0.0924452
0.00784437
0.0185648
-0.0102231
-0.0348041
0.0329044
0.00189965
-0.215182
-4.88325
0.728597
4.15466
0.0163623
-0.0280161
0.0116537
0.0290762
-0.0139243
0.0225236
0.000270104
-0.0227937
0.175114
0.510767
-0.685881
0.0309914
-0.0965151
0.149355
0.129444
0.0229393
0.000787609
-0.0237269
-0.0249544
0.0301151
0.0427063
-0.010104
-0.0877209
0.244612
0.0364208
0.00240184
-0.0174297
-0.0338083
0.0547762
0.0406055
0.145382
0.408308
-0.215282
-0.0477694
0.263051
0.0320005
-0.0122278
0.0310044
-0.0115897
-0.0194147
0.109265
-0.760279
-0.0121826
-0.0203892
0.0174205
-0.0199909
-0.0134577
-0.018673
-0.00747772
0.00586498
0.0177866
0.0321042
0.0186157
-0.830321
0.648681
0.18164
0.0457138
-0.067672
0.0884025
0.0281112
-0.241389
-0.0745991
0.315988
-0.984986
0.723989
0.260998
0.105084
-0.0545548
-0.0505293
-0.283536
0.336784
-0.0532476
-0.75306
0.612234
0.140826
0.120242
-0.0587079
0.0781294
0.0743152
-0.0962543
0.132447
-0.06562
-0.0668274
-0.629303
1.13241
0.0971852
-0.0132379
0.0977878
0.0102323
-0.10802
0.854006
0.765443
0.0257453
-0.0082714
-1.2136
2.13062
-0.917019
0.0150564
0.00782275
0.0335282
-0.00927923
0.111597
0.00892405
0.0211622
0.0104302
-0.0315924
0.932626
-0.519149
-0.413477
0.127036
0.00827986
-0.135316
-1.6126
0.384106
1.2285
0.0325881
0.0250426
0.0204097
0.0304108
-0.0508205
0.0400729
0.026462
-0.066535
0.0425842
0.0331374
-0.0757215
0.0305738
0.0180368
-0.0486106
-0.0300701
0.0148878
0.147798
0.0114216
-0.15922
0.0518685
0.0323394
-0.0842078
-0.00992484
-0.0226141
0.0325389
0.0849744
-3.28207
-0.958633
-0.00333704
0.021646
0.140112
0.0552392
-0.195351
0.169916
0.0136822
-0.183598
0.0566885
0.0760765
0.419584
-0.393152
-0.0264326
0.0120315
0.0315062
0.880577
-1.15821
0.277629
0.733581
0.50151
0.0179939
0.0114297
1.50595
-2.04396
0.308953
0.0245122
0.195097
0.0054162
0.0611386
0.0515368
-0.112675
-0.0701845
0.150428
-0.0802435
-0.0176181
-0.00758831
-0.0130296
-0.0242949
0.0644962
0.219778
0.440778
-0.530118
-0.0512878
-0.0308918
0.0104655
-0.0161794
0.0423259
-0.0261465
-0.211351
0.236427
-0.0150547
0.0639842
2.56146
-1.59751
-0.96395
-0.0737977
0.0374558
0.0363419
0.0164481
0.0158208
0.00887573
-0.0179261
-0.0439558
-0.101667
0.145623
-0.275484
0.444041
-0.0901428
0.100996
-0.0108529
1.41951
-1.96461
-0.394198
0.342601
-0.0227061
-0.015497
-0.10417
0.110266
-0.0060966
0.0604694
0.0367869
-0.0972563
0.0389304
-0.122592
0.0836619
-0.0408711
0.0820493
-0.0411782
-0.123368
0.127494
-0.00412619
-0.00901245
-0.0439553
0.169654
0.048911
-0.218565
-0.14395
0.153629
0.00376644
0.878899
-0.409457
-0.00131837
-0.0247165
0.0230699
0.0109512
-0.0151785
0.0276505
0.0240411
0.0155781
-0.0396193
-0.651877
0.232141
-0.0454121
-0.0159103
0.018392
0.22554
-0.243932
0.0687397
0.057336
-0.126076
0.0120662
-0.0277568
0.0179039
0.0198187
-0.0377226
-0.0204735
-0.00804852
0.028522
-1.62115
1.31953
-0.0100959
-0.0234433
0.0335393
0.177441
-0.155779
-0.0216619
0.00273133
0.0285316
-0.0312629
0.26897
0.340111
-0.0105479
-0.0279151
0.038463
-0.0232387
-0.0134804
0.0114295
-0.0174261
-0.0760539
-0.085641
4.75823e-05
0.020923
-0.0209706
-2.08605
-1.87342
3.95947
-0.188575
0.152785
-0.0891006
0.346883
-0.257783
-0.061449
0.0267607
0.0346884
0.0638131
-0.0543782
-0.00943488
-0.0282587
-0.00551431
-1.17427
0.636056
0.0839001
0.012418
0.0210654
0.018234
0.0199653
0.0373031
-0.0572685
-0.0826676
0.0782682
1.02292
-0.554522
0.0325887
-0.0161406
0.0253568
-0.0676214
0.147286
0.0367453
-0.0260279
-0.0107174
0.0342538
-0.42316
0.872631
0.00303092
0.136613
0.496997
0.525926
-0.69484
0.804105
-0.0159341
-0.0135421
0.0723433
-0.0257252
-0.0355607
0.061286
0.0102163
0.0291972
-0.0394135
-0.308847
0.0231308
0.0635429
-0.0185726
-0.00504407
0.0236167
-0.0300032
0.00971993
-0.0245284
0.067854
-0.0406059
-0.0157219
0.0356955
1.12497
-0.627974
0.0358616
0.0410007
-0.0768622
-0.010547
-0.0131103
-0.0235903
0.0239753
-0.000385048
0.0189476
0.0225796
-0.0344279
0.405449
-0.371022
-0.0807687
0.0721861
0.00858255
0.0339106
-0.0611126
-0.0457064
-0.02416
0.0698663
0.0239289
-0.0312699
0.0453565
-0.0338386
-0.011518
-4.90411
3.74721
-0.276487
0.311714
-0.0352278
-0.0305694
-0.0339912
0.0177715
-0.02582
0.0144463
-0.018025
-0.0436738
-0.612265
0.0334909
0.0179591
0.00346568
-0.0618236
-0.164355
0.012856
0.0113496
-0.0242056
0.0302616
0.0142555
-0.0344721
0.0202166
-0.012804
-0.0126383
0.0233243
-0.0199776
0.0210184
0.043552
-0.04857
0.00501802
-0.0224583
0.0259582
-0.00349992
0.0201234
0.0504825
0.0296624
-0.0801449
0.0235206
0.23118
0.212672
0.271457
0.0324012
0.0882059
-0.0670992
-4.49268
-0.203863
0.0480833
0.0288607
-0.0102072
0.0114038
-0.0393189
-0.1974
-0.0064622
-0.0221914
0.0350359
-0.0128445
0.0235448
-0.0170505
-0.00649429
0.474942
2.31284
-2.53814
0.225293
-1.95527
-2.34771
4.30299
0.0237877
-0.00862184
-1.38782
0.935936
-0.0309733
-0.0675658
-0.0248795
0.0217113
0.0103056
-1.87378
3.33286
0.10441
0.980819
-1.08523
0.079309
-0.00675912
3.95982
-2.11264
-1.84719
0.475767
-4.53739
0.0246804
0.00401375
-0.0301453
-2.08585e-05
0.0203852
-0.00830589
-0.0235718
0.0318776
0.0445768
-0.0458618
-2.42957
-2.31985
-0.0753864
0.010356
0.0329081
-0.0138923
-0.00748388
0.0213762
0.213489
-2.49148
4.99395
0.0152318
0.0113486
-0.0265804
0.175332
0.593163
0.531807
0.0178712
0.0140721
-0.0319433
0.00774888
0.0661399
-0.0738888
-0.0138053
0.028765
-0.0149597
0.144308
-0.132803
-0.0239914
0.000401176
-0.0233517
0.000482341
0.0228694
2.1574
-0.551662
-0.0851449
-0.00671616
0.00794141
0.0421796
-0.0521332
0.0533089
-0.0011757
0.161481
0.00309727
0.0200368
-0.023134
-0.0358719
-0.0306865
-0.0347873
-0.069397
-0.0386122
0.0222581
0.0163542
-0.044715
0.0470676
-0.00235267
0.0333381
-0.0197167
-0.0136214
0.108694
0.138458
0.64479
-4.70879
1.55572
3.15307
0.0115127
0.00972827
-0.021241
0.129878
0.0521883
0.127521
0.198981
-0.0237624
0.0484664
0.0593092
-0.0108094
-0.00400242
-0.0492253
0.00135271
0.0412383
-0.042591
0.224893
0.0221625
-0.0267247
0.119877
0.019249
-0.0257578
0.0065088
-0.0128536
0.0258247
0.402761
-0.368508
-0.00771975
0.0207763
-0.0130566
-0.0251243
0.0167315
-0.0435793
-0.0320651
0.0527483
-0.0206833
-0.0389093
-0.00402439
0.0429337
0.0220665
0.217364
0.0807465
0.0246544
-0.0276429
0.0029885
-0.0521373
-0.0315998
-0.00366142
-0.0125791
0.0162405
0.106712
-1.3591
-1.50427
2.86337
0.0242911
0.0030893
0.133656
0.251564
1.2037
1.18022
-2.38393
-0.00819571
0.0529978
-0.029672
0.0258516
0.00822094
0.0167459
0.0651156
0.0484477
0.0690462
0.0083385
0.023322
0.0850058
0.0067538
-0.2017
0.194946
0.107417
0.0810021
0.108739
-0.269905
0.00198096
0.0167314
-0.0095271
0.235067
-0.0203783
0.0024292
-0.0330101
0.0149269
-0.0308661
0.00270335
0.525948
-0.444811
-0.081137
-0.0332438
-0.0480155
-2.62696
4.57385
-0.0193779
-0.0119082
0.0312861
-0.0124912
-0.0131281
-0.00408651
-0.0191203
0.0192891
0.00425568
0.0250781
0.0195695
0.0941324
-0.097817
0.0372449
-0.0368008
-0.000444103
-0.0111777
0.0206953
-0.00951756
-0.0319101
0.0138985
-0.0195221
-0.0268585
-0.0157256
0.0425842
0.261138
-0.197552
-0.0635863
-0.0141877
0.0258776
-0.0116899
-0.0168985
-0.0152647
1.34596
-0.760447
-0.585514
-0.39643
0.131159
0.265271
-0.0247511
-0.00549783
-0.0162163
-0.0911253
0.114256
-0.00859879
-0.0134964
0.0220952
4.54549
-5.3991
0.853603
0.0339919
-0.0726474
0.412519
-0.500034
0.052379
-0.0818951
0.000945295
0.509493
-0.040176
-0.00753038
0.0477064
-0.297976
0.011355
-0.00451506
-0.0240877
0.0286028
0.0249397
0.0123092
-0.0372489
4.16188
0.588217
-2.15972
-2.78652
-0.0194615
-0.000111636
-0.18017
0.180281
0.0111439
-0.0243749
0.0706447
-0.0365483
0.062263
-0.0393357
0.0874767
-0.018315
-0.0130985
-0.0205814
0.00651006
-0.0178493
0.0299155
-0.318518
0.268473
-0.209672
1.44528
-0.0762536
0.13359
-0.209776
0.258687
-2.84136
3.11569
1.31825
2.56498
0.0546219
-0.0203863
0.006917
0.0153445
-0.0157051
0.0190506
-0.0385586
0.142958
-0.00609911
-0.0191164
0.0241403
-0.0220422
-0.0117369
-0.00913051
-0.0223895
2.74813
-2.29739
-0.450736
-1.50792
0.739219
0.00323902
0.0324395
-0.0356786
-0.0616637
0.0333678
0.028296
0.118045
-0.106972
0.0187615
-0.0167805
0.0243484
-0.0204611
0.00545813
0.034068
0.0353074
-0.0761786
0.0341263
-0.00314433
-0.0309819
-0.0280654
0.0241326
0.00393288
-0.00626744
-0.0198959
0.0261633
-0.0242516
0.0076473
0.0463762
-0.0496527
-0.0272642
0.0769169
0.0117155
-0.0302957
-0.0137017
0.0377429
0.957704
0.644444
-0.331181
-0.0128901
0.0153356
0.0828605
-0.227746
0.144886
-0.0822998
-1.34882
-1.38839
2.73721
0.0744626
-0.0857959
-0.0280329
0.0189024
0.035683
0.0178703
0.00116948
-0.031784
0.00174705
0.0283596
-0.0664847
0.103272
0.0448453
-0.0395816
-0.00526371
3.18192
2.82007
0.0021585
-0.167699
-0.0278458
-0.000219686
0.0884762
0.0895489
-1.04389
1.36157
-0.00821414
1.20068
-0.0942503
0.0785882
0.0718398
0.0427632
-0.0261391
0.348063
0.250826
0.0124466
0.0180452
-0.0304918
0.810191
-1.74219
0.932002
0.136048
-1.1975
4.27151
-1.48375
0.551124
-1.28144
0.73032
-0.174235
-0.0760876
0.250322
1.00762
-1.27005
0.172962
-0.0943742
0.0189038
-0.141878
0.122974
-0.0229009
0.460812
-0.367766
-0.0930453
-0.720543
0.501336
0.219207
-1.13249
1.17501
-0.0425244
-0.0829154
0.0816317
-0.0551937
-0.0150909
-0.0202118
0.0233091
1.29311
-0.699949
-0.106332
0.0225655
0.0143696
-0.233799
-0.0877967
0.0972464
-0.160897
-0.0716286
1.0504
-0.532809
0.0765483
-0.634336
0.557787
-0.026714
0.0101567
0.0165573
-0.170178
-0.637825
0.808003
0.0293832
-0.105716
-0.00482917
0.110545
-0.00966342
-0.025997
0.0020056
0.0921429
-0.290528
0.0277009
0.0190982
-0.0467991
0.249989
0.224953
0.0150906
-0.0393265
0.0153972
0.0188729
0.0141183
0.0143344
-0.450538
0.530706
-0.245448
0.0273657
0.0204314
0.0529565
-0.168282
0.0147201
0.031539
-0.0462591
-0.0312499
0.00886039
0.014248
-0.0320973
-0.0246254
0.0224373
0.00218818
0.122807
-0.166763
0.696134
-0.313971
0.0257336
-0.010133
-0.0438627
0.0336417
0.0486234
-0.130923
0.0710602
0.0160396
0.0157175
0.0114421
-0.0271596
-0.326223
0.154665
0.171558
0.0443989
-0.110884
-0.00409247
0.0210035
0.0152641
-0.0298934
0.0146293
-0.00477652
0.019792
-0.0150154
0.0335002
0.0259073
-0.0812647
0.0553574
0.0308876
-0.0653395
0.0344519
-0.0253985
-2.26117
-0.0164232
2.2776
0.00779869
-0.0247449
0.0136228
-0.0445961
0.013772
-0.0306705
-0.0109459
-0.017137
0.0280829
-1.37548
0.331591
0.0303231
-0.0252555
-0.00506759
0.226358
-0.602379
0.376021
-0.108054
0.140455
0.0667853
-0.143039
0.0953951
0.0463163
-0.152032
-0.00773953
0.0325676
-0.0166144
-0.4845
0.209252
0.275248
0.00339867
-0.0261038
0.0149731
0.0115979
0.0185721
0.0163203
-0.015741
-0.0696342
-0.0151196
0.0509779
-0.15059
-0.0156918
0.0384413
-0.0109636
0.0617103
-0.0507466
-0.289023
0.158065
0.130959
-0.0344706
0.157278
-0.0361868
-0.01248
0.0486668
0.00457551
-0.0184678
0.00786482
0.0252763
-0.513124
-0.18766
-0.0154933
0.0865534
-0.0542266
-0.0164662
-0.0134083
0.0257672
-0.012359
-0.0341438
-0.0116017
-0.000206215
-0.0189102
-0.0168384
-0.027778
-0.0164632
-0.023073
-0.505471
0.203507
-0.0284849
0.0379091
-0.00942422
-0.0225047
-0.00872518
-0.0268465
-0.0100493
0.0832635
0.0214323
0.0168835
-0.0383158
-0.0460834
0.0163896
-0.335224
0.533038
-0.00783508
-0.0186204
0.0264555
-0.0239014
-0.0141023
0.00773396
0.0467226
0.0185881
-0.0328267
0.0448582
-0.160412
-0.0563236
-0.033798
-0.015256
0.0490539
-0.0996197
0.129939
-0.0303191
-0.0346119
0.0331238
0.00148815
-0.0376635
-0.0066552
0.0443187
0.0108915
-0.02607
-0.0553658
0.0973474
-0.115238
0.151856
-0.0366178
-0.104379
-0.00327388
0.027565
0.00799038
-0.0247982
0.0168078
0.0162957
-0.00529334
0.0267892
-0.0214958
0.0676602
-0.0045337
0.0198399
-0.0286828
0.00977084
0.0775473
-0.0873182
-0.00646213
0.0242336
-0.0190635
0.0112479
-0.0186868
0.0303206
-0.0290941
0.0339905
-0.0048964
0.0315741
0.000971994
-0.0692813
0.155828
0.796559
-2.49075
1.6942
-0.43886
0.879556
0.0247911
0.0247573
-0.0106649
-0.0425411
0.0764517
0.0263057
-0.0439624
0.0176567
-2.24878
3.56958
-0.939148
-0.235117
0.341052
-0.282873
-0.138688
-0.103776
0.242465
-0.505558
-0.821465
-0.520776
0.286894
0.534278
-0.0136654
-0.00751739
0.0122318
-0.0165665
0.0171046
-0.468375
0.209954
-0.0217553
-0.00433712
0.000989185
0.0525779
-0.027677
-0.0249009
0.00760356
-0.0204572
-0.398299
1
-0.730807
-0.371388
1.10219
0.0304067
0.0300054
0.0095111
-0.0214693
1.64871
1.21444
-2.86316
-1.4961
3.12249
-1.6264
0.0269433
-0.0218911
0.0396805
-0.0110743
-0.017272
0.0283463
0.0372531
0.0117686
0.88825
0.726102
-0.126695
0.3855
0.0427136
0.0342678
-0.0327128
-0.00155503
-0.0203248
0.0234839
-0.0232853
-0.015327
-0.0351524
-0.130757
0.146721
-0.0159634
-0.587144
0.502597
0.0511074
0.0634829
-0.00636887
0.0175544
0.0307975
-0.0317171
0.000919618
-0.0108688
0.0334343
-4.89178
-0.453646
5.34543
-0.0343283
0.0683203
1.32133
0.0246331
-0.0891238
0.0107226
0.0199878
-0.0366349
0.0688998
-0.0620979
-0.00680188
1.09236
-2.30852
-1.06272
-1.34661
2.40933
-0.299029
0.767226
-0.468197
0.31242
0.202584
-0.0187861
-0.00792789
0.0127279
-0.0287995
0.175489
-0.00332488
0.0518302
-0.0485053
0.0245662
0.0243622
-0.019478
0.00830026
0.0217165
0.00779104
0.225175
-0.0898095
0.00872756
-0.0298017
-1.05614
0.624903
0.431238
-0.145111
0.0298731
-0.0805676
0.158151
-0.0275444
0.0431225
0.0183278
0.00849023
0.0212528
0.0381184
-0.0593712
-0.259888
0.0485368
0.0420572
0.0181366
-0.0601937
-0.0612022
-0.0050221
0.0370649
-0.0355946
-0.0153606
-0.0119504
0.0273111
0.0163899
0.0264431
0.00895238
-0.0353955
0.0469197
0.110514
-0.0221116
-0.0574363
-0.459678
1.34786
0.0302253
0.000326254
-0.0305515
0.0408974
0.0282236
-0.00128305
0.0452963
-0.0160991
-0.00889373
-0.0242732
-0.82693
0.67188
0.155051
-0.240816
-0.0170538
-0.0132206
0.0302743
0.210006
0.0450341
-0.25504
0.0442868
0.00066701
0.0336303
-0.0190957
0.0420112
-0.0365556
-0.124811
-0.156272
-0.282605
-0.0359133
-0.0452689
-0.0100971
0.055366
-0.0481712
0.0285961
0.0195751
0.0367944
-0.00862936
-0.0360088
0.0240617
0.0208321
-0.689126
0.121382
0.567744
0.0158484
-0.0494159
0.0335674
-0.0211413
-0.225585
0.246726
0.0325193
-0.0179923
-0.014527
-0.041976
0.0374609
0.0226912
2.04577
-2.46733
0.421562
-2.23141
3.7063
-1.47489
3.08196
-2.06368
-1.01829
-0.139668
-0.0860275
0.0295898
0.0358914
-0.00666403
0.026883
-0.020219
-0.0113433
0.0266074
-0.483608
0.00780551
0.017443
0.575329
-0.619696
-0.761567
0.373824
-0.127101
0.0254343
-0.0114445
0.019048
-0.0223659
0.0631407
-0.0315955
0.0195305
-0.0307401
-0.0315734
-0.00289871
-0.609116
-2.25871
2.86783
-0.0250088
-0.0418178
0.0668266
-0.222866
-0.0370223
-0.136666
0.0455407
-0.0272987
0.0224629
0.0260901
-0.048553
-0.00883638
0.0352795
0.597161
-0.328947
-0.268214
-0.0187745
-0.0124893
0.0312638
-0.00943872
0.0563584
0.0308733
0.00619159
0.0258423
-0.0574784
0.0185691
1.10394
1.02668
-0.0327225
-0.0666311
0.105263
-1.22763
2.50563
-0.0194857
0.0414753
-0.0219896
0.0118247
-0.0514405
0.00744583
0.021897
4.62487
-3.65184
-0.290306
0.11922
0.0107198
-0.0182037
0.0180701
-0.0340223
0.0159522
-0.0340356
-1.01369
0.0948218
0.098727
-0.193549
0.0484077
0.120822
-0.0273011
0.0168768
0.0345007
0.0170324
0.0274116
-0.0172549
0.0152807
0.0255862
-0.0408669
-0.00727561
0.0417763
-0.402434
0.528722
-0.126288
0.00350419
0.078429
-0.0226747
0.0202906
0.124578
0.0462925
0.0382458
0.0783052
-0.00379592
-0.146539
-0.71331
-3.10262
0.926864
-0.163361
0.0690626
0.00741813
-0.0238601
0.0163913
0.0292274
0.000335812
-0.0295632
0.301104
-0.107128
0.0251908
-0.0138538
-0.0146789
-0.10614
-0.0385647
0.011266
-0.0171169
-0.0188919
-0.0162836
0.0325625
-0.0162789
2.51767
2.8397
-0.00926862
0.050825
-0.0126213
0.0546785
-0.157276
0.0338933
-0.0388585
0.0135604
0.50512
-0.483637
-0.0214833
0.210979
0.0200579
-0.231037
-0.139988
-1.37827
-0.00982432
-0.0249011
0.0361082
-0.0132384
-0.0228698
-0.126
0.127958
-0.00807781
-0.0169683
0.0202564
0.0185893
-0.0170012
0.0400761
-0.0230749
-0.0433117
0.0563439
-0.0130322
-0.0981539
-0.010038
0.095551
-0.0528374
-0.0141263
0.0264848
-0.0104266
-0.0138968
0.0142261
-0.0246527
-0.00825263
0.0277083
-0.0194556
-0.0114675
-0.0070804
0.0279079
-0.0208276
-0.00474721
-0.0162736
-0.0910193
0.147708
-1.72721
3.05105
-1.32384
0.0879278
-0.0582653
-0.103987
-0.0270223
0.13101
0.0221931
0.0141378
-0.0363309
-0.193508
-0.0713904
-0.0309481
-0.529063
0.448495
0.0695886
-0.106651
0.0388911
0.817465
0.615866
-0.470484
0.0263477
-0.0119015
-3.00832
1.38717
-0.00396707
0.0525468
0.0100308
0.0293794
-0.0286582
0.0449539
0.0170462
-0.0445906
0.0447367
0.00913167
-0.0538684
0.0289263
0.0175746
0.02755
-0.0276037
0.027978
0.0934015
0.0434109
0.0209207
-0.00990211
-0.0110185
-1.19004
2.2824
-0.0815202
0.0850354
1.1913
-1.36315
0.171847
-0.0152459
-0.0450691
0.0603151
0.314531
-0.136314
-0.114207
0.0312364
-0.0185085
-0.0453793
0.0285212
0.0168581
-0.0173026
-0.284821
0.302124
0.268196
-0.24613
-0.0258202
-0.00691567
0.0327359
-0.0302074
6.20353e-05
0.0387255
-0.0215051
-0.0142018
-0.0118477
0.0260495
-1.53174
0.771291
-0.187061
-1.04792
1.66613
-0.352299
-1.31383
0.0490048
0.0138143
0.00998414
-0.0237984
-0.0356074
0.0386214
-0.0216729
0.00340003
0.0406681
-0.0244624
0.0116538
-0.385571
0.00092682
0.384644
-0.0822006
0.0580406
-0.0608709
0.0141137
0.338058
-0.0291047
0.00106852
0.0437768
0.0530439
-0.0541245
-0.0192579
0.0238334
-0.00682941
0.126483
0.134655
0.0315425
-0.0151801
0.0304935
-0.0393872
0.0254248
-0.0242633
0.0849129
0.00382456
-0.0887375
-0.0247554
0.0274867
-0.0568358
0.0336167
-0.0222508
-2.2248
4.6305
-2.4057
-0.841378
0.0440261
-0.0237598
0.440039
0.0357103
0.0123565
-1.02616
-0.505584
-0.0177571
0.0841232
-0.0663662
0.00756731
-0.00927744
0.0406874
-0.0538451
0.277207
-0.223362
0.0488172
-0.0701738
0.00883298
-0.0835507
0.0561444
0.0274063
0.0461244
-0.0298038
0.0112446
-0.0321621
0.0120274
0.018401
-0.562823
0.0467642
-0.00744624
0.0429482
-0.0218828
2.97561
-4.03837
-0.0416909
0.0629436
-0.564748
3.07833
-2.51358
-0.00706929
-0.0196551
0.0267244
0.127334
0.397088
0.361313
0.0119861
-0.0307605
-0.018096
0.02562
0.055729
0.0317706
-0.0427945
0.0257932
-0.0271123
-0.014571
-0.0284459
0.010484
-0.170918
0.0824669
0.0884513
0.0135066
-0.0182416
-0.0108061
0.0265235
-0.0209089
0.0221302
0.0975102
-0.0160004
-0.0815098
-0.0567235
0.0498358
0.687644
0.784541
-0.0242447
0.0331971
-3.1576
-0.0321359
0.0130297
0.0191063
0.265961
-0.317069
0.051108
0.0284227
-0.00385129
0.0310512
-0.00765747
-0.0233937
0.09241
-0.117309
0.564711
0.291963
0.0246462
-0.0172003
0.117947
-1.56156
3.39971
0.0918597
-0.894651
1.11737
1.71969
-1.36196
-0.357723
0.000108038
0.0240245
-0.021759
-0.0218203
-0.0448759
0.0318517
-0.0321866
-0.350274
0.667734
-0.31746
0.144606
-0.151449
0.00684282
0.0890834
-0.0894386
-0.416952
-0.409978
-0.406597
0.586706
-0.180109
0.04265
-0.616368
0.11081
-0.0201137
0.262651
-0.0130004
-0.24965
0.0169533
0.0100649
-0.0247683
0.0405094
-0.0157411
0.111303
0.185841
-0.0129002
-0.0185366
0.0314367
1.51405
0.00545317
0.0246755
-0.0232954
-0.00886662
-0.102712
-0.0343974
0.0444295
-0.0997953
0.03197
-0.0179967
-0.0118071
0.0246592
-0.312454
0.579303
-0.266849
0.0145216
-0.0939053
-0.0264478
-0.0233705
0.0180772
-0.786013
0.589833
0.0965952
-0.686428
0.0348989
-2.46677e-05
0.0515392
0.044139
-0.204551
-0.00771686
0.196117
-0.120168
0.0294392
-0.00860779
0.00647393
0.0171336
0.0182037
0.00502628
-0.02323
-1.30201
0.0767845
-0.0217012
0.0440013
-0.0223001
2.11012
1.0128
-3.12293
-1.7978
-1.87832
-0.220649
-0.0326996
-0.0171339
0.299425
0.206938
-0.00105658
-0.0156995
-0.0436227
0.0158447
0.0358021
-0.0308727
-0.524725
1.011
-0.0157041
0.0801602
-0.064456
0.444406
-0.767174
0.293012
0.474162
0.0379095
-0.036482
-0.0014275
1.98668
0.761447
0.0894727
0.0234371
0.114641
-0.176465
-0.0259931
0.00337088
0.0852856
-0.094786
0.0450029
0.293055
-0.0109135
-0.141744
0.0491758
-0.0133244
-0.0358514
0.13364
-0.100389
-0.153025
0.101209
-0.0179621
0.0100735
0.0167999
0.362628
0.142492
-0.0108127
-0.0142007
0.0250134
0.00852947
-0.0266105
-0.0871125
0.0727021
0.0159833
-0.1391
-0.0425552
0.0660391
0.0318724
-0.052343
0.0204705
-0.280975
0.144076
-0.0382939
-0.0144353
0.0527292
-0.0622567
0.038601
0.0236557
0.0320333
-0.0446546
-0.178346
0.0139911
0.00582535
0.323926
0.376723
-0.675753
-0.155955
-0.0338984
-0.143906
-0.0324587
0.0639077
0.0356447
-0.0995523
-0.0228673
-0.058418
0.0102193
-0.0220835
0.000680073
0.0214034
0.0121851
0.000597943
-0.0525068
-0.0774726
0.03276
0.0539668
-0.0286496
0.0147119
0.0139377
1.30021
-0.51335
0.230415
-0.012674
-0.0426759
0.0306733
-0.0182267
0.404294
-0.0704628
-0.333831
0.0671943
0.0349153
0.109218
0.046719
-0.029208
-0.00310739
0.0253506
-0.0190253
-0.0160223
-0.0161136
0.0435791
-0.00367985
0.0310278
-0.00258978
-0.0284381
0.0251616
-0.0157554
-0.00940615
0.549452
0.0187759
0.00374776
0.021095
-0.0178712
-0.0245676
-0.360928
-0.476848
0.420524
-0.225443
0.0867542
0.939637
-0.0147812
-0.0181343
0.0271764
-0.00919865
-0.0179778
-1.32618
0.0343473
-0.00969287
-0.0307463
-0.0315104
0.0181679
-0.0290367
0.0267652
-0.0300391
1.65114
-3.57925
1.92811
1.28118
1.70023
-3.05528
1.35505
-4.46185
1.34536
3.1165
0.0124674
0.0190748
-0.0315421
0.0131518
0.0203764
0.00550031
0.0236395
-0.00760136
0.0247595
-0.0171582
-1.34322
0.565302
0.777919
-0.00788473
0.0263087
-0.018424
0.171713
0.444152
-1.95075
2.43234
0.0405172
-0.0468618
0.0523199
-0.0362427
-0.105838
0.0155521
-0.0266264
-0.119305
0.0320507
0.0872544
-0.0144827
0.00709579
-0.0325482
-0.0020637
-0.00370508
-0.0371754
0.0651881
0.0968918
1.31453
-3.56331
-0.00725057
0.0691935
3.43659
-1.31311
-2.12348
-0.00991906
0.0569785
-0.0470595
-1.11841
2.11841
0.0363907
0.103663
-0.0129656
0.0257692
0.00591741
0.166426
0.359522
0.0126579
0.0258164
-0.0111083
0.082154
0.145729
-0.244969
0.09924
0.0319341
0.014407
-0.0466239
-0.0130614
0.0596853
-0.0290953
0.0118233
-0.183891
0.131082
0.774611
-0.0312979
0.160605
-0.129307
0.0108746
0.0265709
0.0128447
-0.0394156
-0.0115877
-0.0102193
-0.0453875
0.0225098
-0.829947
0.362697
-0.00479221
-0.0243019
-0.0253156
0.0251018
0.00791454
-0.0330164
0.0401019
0.104504
0.146624
0.0248413
-0.00858127
4.52846e-05
-0.0248136
-0.0775053
0.0597483
0.0110171
0.0197804
0.0102481
0.101467
0.0685134
-0.169981
0.0228957
-0.0299107
0.0265645
0.00334629
-0.544543
-0.383239
0.0370521
0.0271356
-0.0641878
0.0216255
0.0379331
-0.51378
-0.253394
-0.0191518
0.0401414
0.0286692
-0.0983625
-0.0116013
-0.0395068
0.977239
0.451115
-1.42835
-0.0472622
0.018321
0.0289412
0.0175692
-0.0251705
0.0219102
0.0164333
-0.0374986
-0.0245662
0.0620649
-0.244565
0.289568
0.0419134
0.0402406
0.0190919
0.000689017
0.0191162
0.00310046
-0.0222166
-0.0182385
0.00679404
0.036475
-0.0590786
0.0226036
-0.427027
-0.0162749
-0.0125247
-1.15045
-0.225034
-0.27449
-0.841557
1.66262
-0.821064
-0.0464197
0.00812581
0.0621109
-0.306676
-0.0962481
-0.0293864
0.125634
-0.0108525
-0.0212493
0.0321019
-0.0349303
-0.180156
0.215086
-0.0222503
2.79553
-0.791121
1.67722
-0.886097
0.0298853
0.00114257
0.0322373
-0.0162681
-0.0159692
-0.0124048
-0.037425
0.0498298
-0.232034
0.375851
0.0442291
-0.0230574
0.0275837
-0.0701248
-0.0345862
0.0275116
2.04478
0.000992034
0.0121376
0.0209861
-4.06791
-0.106655
0.0768495
0.0298053
0.981632
-0.0104542
-0.0138999
0.0243541
-0.0299975
0.0220799
0.00791758
-0.00354004
0.0196045
-0.0160645
0.0343475
0.004378
0.0287814
-0.0304327
0.00165127
-0.442915
0.445717
-0.00280145
-0.0303366
-0.136651
2.24571
-1.07873
0.0137736
-0.101369
0.118105
-0.00399316
-0.00916624
0.00951293
0.0537824
0.0152264
-0.0320049
0.0167785
-0.0189805
0.0312451
-0.0232818
-0.0717839
0.0950658
0.0244115
0.00892665
0.0237487
-0.0360689
0.00515456
0.0191938
0.0945603
0.207397
-0.364479
-0.0244225
0.0266119
-0.0096586
-4.57251
0.0326752
-0.0296226
-0.00305262
0.0308401
-0.00364819
-0.0271919
-0.0798932
0.0509755
0.0289177
0.86385
1.18983
-0.019388
-0.132256
0.0406975
-0.585354
0.134816
-0.253209
-0.0233976
0.276607
-0.00638866
0.0256377
0.0992385
-0.123326
0.0240874
-0.00824603
-0.0222181
0.0304641
0.0831314
-0.210997
-0.0344507
-0.0298686
0.00921747
0.0206511
0.517745
-0.267756
0.181392
-0.166617
-0.0101004
-0.0228936
0.261628
0.405703
0.0780588
0.0258936
-0.103952
0.0131566
0.0114772
0.049796
-0.15785
0.0271157
0.0199276
0.0336722
-0.0212952
-0.0123769
0.0471977
-0.089154
-0.00509632
0.00253476
-0.0158295
0.0132948
0.0394184
-0.00390963
-0.0216379
-0.00743167
-0.436753
0.287406
-0.00941715
-0.277989
-0.0105444
0.0255175
-0.0277325
0.0610578
-0.149954
0.0503132
0.0996411
-1.31549
4.15945
-2.18813
0.00657022
-0.00555247
-0.04045
0.00957727
-0.0151294
0.0199059
0.00605231
-0.019541
-0.00277683
-0.0863469
-0.992495
-0.0110915
-0.0363274
0.0257823
-0.00975986
-0.0160225
5.40536
-3.7404
-1.66496
0.919816
-0.0336267
0.0472495
-0.0156691
0.0602711
-0.0446019
0.078235
-0.0878984
0.0764198
-0.00511371
-0.0713061
-0.114347
0.0452104
0.0691371
-0.0584799
0.0843872
0.0696441
0.317744
-0.0246895
0.000538677
-0.0136915
0.0255608
-0.0443827
-0.424763
-0.338946
-0.0158176
-0.408476
0.0851233
-0.0360743
-0.00754835
-2.30529
5.26432
-2.95903
-0.848651
-0.0314543
-0.0247468
0.0139528
0.0107941
-0.0398984
0.162403
0.0848643
-0.247267
0.0132226
0.00811758
-0.0259634
-0.00330583
0.0304426
-0.0191869
-0.0115812
-0.00462352
-0.0178794
0.0189628
0.0314803
-0.0162539
-0.415435
-0.1186
-0.013371
0.131972
0.045039
-0.0200993
-0.0272157
0.00859533
0.0511424
-0.0271298
0.0111097
0.0160201
0.201665
0.060986
0.0141683
0.0105474
-0.0247156
0.0493388
-0.0293735
-0.113475
0.0830312
0.0203269
-0.0417132
-0.638405
0.231808
-0.00217372
0.674771
-0.00916004
-0.0355549
0.00880856
0.0528074
0.0145985
-0.019375
0.0203375
0.0247016
0.0203342
0.0105685
0.0272071
-0.00933589
-0.443128
0.386062
-1.93331
2.83421
0.277085
-0.168346
1.75914
-0.265784
-1.49335
-0.0169479
0.0293871
-0.0124392
0.214351
0.060171
-0.0445382
0.0214652
-0.050541
0.035285
0.0192233
-0.0446218
0.0265205
-0.00977526
-0.0167452
-1.06459
0.00857543
0.0346652
0.501702
0.00653076
-0.032351
0.340261
-0.185596
-1.68376
2.45792
-0.774165
1.73771
-4.043
0.0115901
1.82859
-0.123332
0.201474
0.00768516
0.0272137
-0.00927958
0.223345
-0.214065
0.343035
-1.47552
-0.444141
-0.0866439
0.063362
-0.0271159
0.00111885
-1.04752
1.91137
-3.72551
0.0148726
0.011746
-0.0141612
0.029932
-0.00553376
-0.0243983
0.0169816
-0.293468
0.118854
-0.180725
-0.0121398
0.0222676
-0.0475324
0.0139312
0.0227885
-0.0367197
-0.018163
-0.146202
0.164365
0.0254809
-0.107416
0.10478
-0.0349604
0.011665
0.012903
0.0156489
-0.0337968
-0.036377
-0.0219841
0.0250733
0.0117255
-0.0271049
0.0153794
-0.148834
-0.0415774
0.0129088
0.0414547
-0.0224041
-0.0421359
-0.0356348
0.0491434
-0.0064934
-0.376914
1.35415
0.297465
-0.321894
0.0244287
-0.144751
0.126588
0.037442
-0.161564
0.00643619
-0.0373103
0.033459
0.17483
-0.336044
-0.0352402
0.0133446
0.226274
-0.0638708
-0.385254
0.0321432
0.0172395
-0.047198
0.0299585
0.037798
-0.0242632
0.013116
0.0111472
-0.0328583
0.0139229
0.0202145
-0.0341374
-0.0561715
-0.00763855
0.0638101
0.00688168
0.0178778
-0.0102205
0.0217332
-0.0103679
-0.0119846
0.0223525
0.0449284
-0.0343539
-0.0105745
0.0779666
0.0272599
-0.0316241
0.0514146
0.010723
-0.0621376
0.021247
0.0144159
-0.0257592
-4.19939
-0.692395
0.00575714
-0.036219
-2.02079
0.0196957
-0.0237643
0.0101104
0.013654
-0.0133149
0.0254526
0.0248332
-0.0271018
-0.0249776
-0.000253133
-0.0192768
0.0168221
1.6462
-3.86567
-0.00534609
-0.0225146
0.0237272
0.000661934
-0.0231765
-0.0975078
0.0303962
-0.0560863
0.0485892
-0.0183641
-0.0150179
-0.0168918
1.42237
-0.871248
-0.0394143
0.00734926
0.0213515
-0.0324431
0.147608
2.16523
-0.0617939
0.0596851
0.00210873
0.0133778
-0.030741
0.0173632
0.922351
0.631052
-0.00600733
0.0261838
0.263384
0.0179533
-0.05078
-0.0179165
0.00186434
-0.050666
0.0624465
-0.0258865
-0.03656
0.0284447
-0.00410392
-0.0243408
-0.0561188
0.0876188
-0.0315
-2.73197
4.15815
-1.42618
0.0273906
-0.0925146
0.065124
-0.0114684
0.0355003
-0.024032
0.322339
-0.311082
-0.011257
0.0384814
-0.0501169
0.0221319
-0.030378
-1.54037
0.514217
0.0147762
-0.0188724
0.0327953
0.0245706
-0.00782473
0.116237
-0.0452443
0.325397
0.235768
0.964767
-0.637384
-1.1549
-0.193132
-0.910067
0.396287
-0.0159859
0.0224963
-0.00165546
-0.042449
-0.00141363
2.43945
-2.96247
0.0300726
-0.0329328
-0.752936
0.272132
-0.0131493
0.0278573
-0.0162594
-0.125355
-0.716024
0.335861
-0.204618
-0.131243
0.0150645
-0.027741
0.0126765
0.0283075
2.16898
-3.74164
1.57266
0.0138651
-0.0258156
-0.52638
0.192548
0.0341389
-0.0243448
-0.0347163
0.00918692
-0.0499353
0.0407483
0.506286
0.451418
-0.00168671
-0.0382117
0.0122826
-0.0507494
-0.0559055
-1.15084
-0.470749
1.62159
-0.0291785
0.0122306
0.223382
-0.746483
0.523101
0.0321675
0.0330679
-0.0133768
-0.0196911
0.032104
-0.0187262
-0.0274829
0.019405
-0.00887614
-0.0257529
-0.0196264
-0.0153204
0.0279784
-0.0454002
0.0215645
-0.0167074
-0.00748545
-0.0508793
-0.0157079
0.0734807
-0.0834155
0.0130748
0.0132729
-0.197756
0.100496
0.0972598
-0.023772
0.0108336
0.121079
0.00250623
0.0268346
-0.0293408
0.13559
-0.193889
-0.00959004
0.260416
0.0340169
-0.0208776
-0.0131393
0.0633644
-0.0492507
0.00272878
0.0197086
-0.0224373
0.0256266
0.0526786
-1.59129
0.622042
0.0173421
-0.0292503
-0.00869299
-0.010956
0.019649
-0.972969
2.25001
0.0482949
-0.0330142
-0.313717
0.164487
0.648818
0.777227
0.46291
-0.544429
0.0815198
2.12154
0.977592
-3.09913
-0.0003397
-0.133708
-0.0108036
-0.0139004
0.024704
-0.378216
-3.86949
0.318276
3.55122
2.61436
0.0334047
-0.0153346
0.02049
0.148522
-0.0309781
-0.00436125
-0.00800159
0.0140715
0.00859619
-0.0165978
-1.99428
2.79084
-0.00430691
0.0758965
-0.0859933
-0.00363891
-0.0194466
0.0240261
-0.329917
-0.138705
0.157609
0.776161
0.204658
0.0850099
-1.60767
0.0231976
-0.0231292
0.0167315
0.00589167
-0.0226231
0.0564804
-0.0127449
-0.0437355
-0.017866
-0.0103723
0.058083
0.219124
0.00817765
-5.3369
0.0253928
-0.0159406
-0.00945216
-0.013682
-0.0111849
0.0248669
-0.0391277
0.215001
0.176789
-0.39179
-0.0189829
-0.00970142
1.47498
0.0150447
-0.207253
0.299396
-0.0629729
-0.104585
0.0187886
0.0213134
-0.202741
0.0775857
-0.0214413
-0.00848599
0.0629428
-0.0537559
-0.117171
0.206719
-0.0304562
0.364335
-2.86214
0.409614
-0.638816
0.229202
-0.608024
0.828739
-0.220715
0.0205123
0.0177732
-0.0251902
0.0435867
0.00940755
-0.0117587
-0.0134843
0.0252429
-0.163836
0.183489
-0.047112
0.0323769
-0.018629
0.336398
-0.0669565
0.0122881
0.0219797
-0.0158362
-0.0262212
0.0211094
0.00709856
-0.028208
0.211291
0.33571
-0.016306
0.0304243
0.0496788
-0.549939
4.71182
-0.0659302
-0.131826
0.138478
-0.0139007
0.0338813
-0.0116882
-0.438827
0.277036
0.0221321
-0.0292014
-0.0160317
0.17684
-0.160808
1.65381
-1.00499
0.0394102
0.0198989
-0.101231
0.153778
-0.0235521
0.0136477
0.00990434
-0.0456066
0.0607383
-0.116871
-0.173435
-0.062338
0.0268297
-0.0199894
-0.00684028
-0.00329436
0.0249829
-0.419649
0.39351
0.0237313
-0.0210025
0.0080981
0.0207607
-0.0288588
-0.940348
1.75054
0.0717356
-0.040848
-0.239499
-0.0742188
0.0582008
-0.0802414
-0.0382819
0.024098
0.0141838
-0.0320762
0.0168414
-0.0218994
0.00505808
-0.104515
-0.0701502
0.0204976
-0.0243278
0.0200798
0.00424792
-0.0320963
-0.0458787
-0.015785
0.138835
0.0649805
6.17317
-2.93601
0.0175198
0.0165019
0.000382739
0.0553463
0.0125817
-0.0273809
0.0537459
-0.0223485
0.0403162
-0.0384337
0.0567547
0.0339686
-0.0201967
0.0219004
0.000354521
-0.0222549
-0.0141984
0.0691549
-0.0336557
0.00580994
0.0411428
-0.0555782
-0.140734
2.08122
-0.00443941
-0.0174841
0.0219235
0.608831
-0.467787
-0.141044
-0.780938
-1.1113
0.468979
-1.26215
0.0166433
0.0250481
-0.00451594
-0.0149344
0.0194503
-0.00324661
-0.0157793
0.0190259
0.00910005
-0.130327
0.121227
0.125039
-0.0609759
-1.19101
0.460201
0.0430068
-0.0363425
0.0253966
0.0236981
-0.0613577
0.0353389
0.00951779
-0.0339981
0.0530963
-0.130268
-0.0406499
0.0282783
-0.0266888
0.0271136
0.00116472
4.53774
1.63543
0.0390337
0.0234127
0.0196182
-0.000502069
-0.0241234
0.0241741
-2.71191
0.0261661
-0.00882402
-0.027387
0.0352496
-0.0078626
-0.0170428
-0.192839
0.290086
0.0160436
0.0126184
-0.028662
0.0303869
-0.0099969
-0.02039
-0.0181793
0.00948628
0.00496683
0.02542
-1.65714
-0.675049
0.0156327
0.0169433
-0.032576
0.0248289
-0.0343844
0.00955554
-0.0516493
-0.00637414
0.0580235
0.0990982
-0.0817101
0.193305
-0.156718
-0.0365869
-0.181135
0.355965
1.68333
-0.171386
0.0360936
-0.0204574
-0.0237649
0.0391621
-0.0196552
0.0339032
-0.577293
-0.325553
0.902846
-0.0263487
-0.0200543
0.0395848
-0.0316876
0.052233
0.0364235
-0.020842
-0.0155815
-0.0313762
0.0186935
-0.0158997
-0.010393
0.0262927
-0.00826373
0.0293731
0.756926
0.656066
-0.273946
0.182778
0.0911682
-0.054378
-0.0592025
0.113581
-0.0310192
0.0126551
-0.0302718
6.4446e-05
2.19168
1.61908
-0.0906879
0.0324226
-0.0164421
-0.0317769
0.048219
0.0101496
-0.013811
-0.0182158
0.0215797
-0.0191316
0.00900147
-0.0220871
0.0283801
-0.0135611
-0.010921
0.0244821
0.0245948
-0.0154494
-0.00914536
-0.131884
0.171986
2.31065
-0.0287733
0.0434934
0.0982357
-0.046699
0.0111722
-0.0174396
-0.0445029
0.0496043
-0.0255483
-0.0037454
-0.0456705
-0.0246312
0.044619
-0.0205575
0.016465
0.426517
2.17325
0.0852462
0.0182733
-0.0426958
1.0872
-0.0142972
-0.0270861
0.0413833
-0.00840067
-0.0841966
0.150982
-0.463466
0.218571
-0.0243002
0.0393909
0.316497
-2.57202
1.44098
1.13104
-0.00805412
0.02558
-0.023107
0.0374415
-0.164042
-0.0256565
0.0345169
-0.0219647
0.0405918
-0.00799477
-0.0222785
0.0302733
0.00899841
-0.0211368
0.0121384
0.0362995
-0.0203347
0.0110788
-0.105308
0.158265
-1.0086
0.165548
-0.176898
-0.0305095
0.0260701
-0.534845
0.709959
-0.0310006
-0.00660557
-0.0429272
-0.0106126
-0.0223607
0.0329734
-0.0181843
0.0296265
0.00415527
0.0187841
0.026092
0.062014
-0.0434734
-0.0185406
0.0687863
-0.0916872
0.0109032
0.0157087
0.0132347
-0.023689
-2.59065
1.22249
0.0913846
0.0815778
0.0293019
-0.0551884
-0.0322923
0.020446
0.0118463
0.00263743
-0.0653305
0.062693
0.0313145
-0.0664595
-0.0805453
-0.0933529
0.173898
0.36977
0.18515
0.0229369
-0.000332829
-0.0226041
-0.112751
0.0131312
-0.0863337
0.207984
0.0171511
0.0164792
-0.0727258
0.0305898
-0.349253
-0.102557
0.45181
0.013931
0.0200859
1.37352
-0.896547
-0.00891309
-0.0148743
-0.0241778
-0.00357151
0.0164676
-0.0229297
0.209043
0.235287
-0.184406
0.141869
-1.41946
0.117451
0.0064542
-0.0261093
0.0141746
0.0992448
-0.0859261
-0.0133186
-0.111202
0.147593
0.146534
0.0166644
0.0322661
-0.0166334
0.578757
-0.290818
-0.28794
0.00676313
-0.0289437
-0.0821998
-0.000715537
0.012926
-0.0221623
0.0247568
-0.0119291
-0.299942
-0.0912346
0.139858
-3.46755
1.87625
0.0096987
0.0417159
-0.010217
-0.0135473
-0.1109
-0.0131602
-0.324681
-1.78594
0.0257057
-0.0593771
0.0336713
-0.888136
0.42239
-0.0316047
0.0145509
-0.0293563
-0.0840215
0.133378
0.354225
-0.99205
-0.0188412
0.0326124
-0.0137712
-0.391521
0.235566
-0.0770724
0.0520636
-0.0794197
0.144661
0.0504478
-0.0655387
0.0200872
0.00311034
-0.0911865
0.123237
1.3906
0.0125475
-0.0324434
-0.0734944
0.117893
-1.12995
-0.1401
-0.0228136
0.0315213
-0.00870771
-0.5483
-0.615011
-0.020011
0.0186814
0.00132961
-0.0448248
0.000170188
0.24758
-0.221396
0.126207
0.0670983
-0.0306412
0.0168359
0.0278818
-0.0196647
-0.0287735
0.02276
0.00601349
-1.5574
-0.0522783
0.984468
0.0979169
0.102704
-0.200621
-0.0488152
0.0183568
-0.0372735
0.0114697
0.362344
0.0455727
0.0131882
-0.0820276
-0.034242
0.0460136
-0.0817691
0.0535159
0.389169
-0.643596
0.254427
-0.00778861
-0.0222089
-0.0303545
-0.00402992
-0.0165796
-0.0223255
0.0389051
0.00788576
-0.0237855
-0.0291573
0.00997036
-4.96175
0.839917
0.0140945
-0.0249073
-0.0323113
-0.0128794
0.0897289
-0.477258
0.109491
-0.0392097
0.021074
0.0181357
-3.05766
0.0251755
0.00504981
0.020988
0.00384515
0.0246333
-0.0332627
0.0518675
-0.0320005
-0.073032
1.57442
-1.01062
-0.563807
-0.0679164
-0.0119768
-0.0181225
-0.0422498
1.27922
1.62657
1.12523
-0.0210474
-0.735411
-0.835853
1.57126
-0.162055
-0.00714337
-0.0471919
0.0234295
-0.0887588
0.163074
0.993274
-0.491938
-0.00579534
-0.0456451
0.154263
-0.107946
-0.792257
-0.398751
-0.127296
0.00105571
-0.129841
-0.247895
-0.0500806
-0.00866856
-0.0605067
0.497914
0.427139
-0.0917992
0.0199013
0.047655
-0.0628855
0.0574009
-0.0288797
-0.0326956
0.0513113
-0.0121775
-0.0143127
0.0264903
-0.380716
0.412443
-0.0317269
-1.68938
0.0177939
-0.0302902
0.0130353
-0.0335368
0.0579778
-0.0306121
0.0328693
0.0355265
-0.0230591
0.0193603
0.0551439
-0.0544029
0.00497733
0.0712425
-0.0879448
-0.0171458
-0.00919684
0.045392
-0.0620063
-0.0106375
-0.0141093
2.02836
-0.0146355
0.00935394
0.0150086
-0.0243626
-0.00496154
-0.0193662
0.0759215
-0.0753236
-0.0336177
0.135315
-0.0263321
0.0407017
-0.147397
0.028832
-0.0308889
0.0231672
-0.0337798
0.0296492
0.0121825
-0.0554942
-0.010599
0.0180692
-0.0176422
-0.0911218
0.0756285
0.0450862
-0.0577602
-0.0281578
0.00654827
0.0680547
-0.0837958
0.28319
0.00476526
0.0503786
-0.0430601
0.026618
-0.0352906
0.0250835
0.103403
-0.423276
0.319874
-0.0251783
0.0134196
0.024663
-0.00597821
0.0856211
-0.137998
-4.29174
1.67776
2.61399
-3.11927
1.6964
-0.501192
-0.84203
0.0241556
-0.0102029
0.0429046
-0.0580242
-0.00867251
-0.0224175
0.00420572
-0.0182804
0.0140747
-0.040942
-0.00858176
0.0307137
-0.0179152
0.0210023
0.14379
-0.456244
0.0119714
-0.0254557
0.00629719
-0.146464
-0.118005
0.264469
0.0647236
-0.0919878
0.315532
-0.220972
0.0537856
0.0422132
-0.0538144
0.0139827
0.0175553
-0.0334351
0.0158799
-0.0135584
-0.0114462
0.0250046
-0.186762
0.0271475
-0.00817178
0.0261979
-0.0180261
0.194328
-0.234731
-0.0208145
-0.0562579
0.0159837
0.028335
-0.00470563
-0.0220503
-0.0377308
0.0150427
0.198455
0.167521
0.0393555
-0.0518355
-0.0218641
-0.789472
1.95909
-1.16962
-0.0217705
0.0722017
0.0636446
-0.0746083
-0.0192827
0.0147667
0.071434
-0.0786845
-0.0240076
0.013322
0.0106857
0.0159281
-0.119915
-0.0176944
0.0325869
-0.0246567
0.0539586
0.0378864
-0.0499566
0.0228391
-0.0275447
0.0869915
0.375918
0.0356271
-0.0194539
0.0612706
-0.0777368
-0.0763596
0.0025619
0.0360005
-0.0106323
-0.0253682
-0.0221884
0.0425258
0.117483
-0.0892405
-0.0282424
0.0364497
-0.0480514
0.0257396
0.0547327
-0.0361636
-0.0639873
-0.0135812
-0.0344598
-0.0267862
-0.0143371
-0.00584685
0.0189216
-0.0204381
0.0145912
-0.0485411
0.0635838
0.0351327
-0.0462617
-0.0281863
0.0159584
0.0735476
-0.0715404
-0.00200712
0.0416731
-0.0214102
0.034065
-0.0220012
-0.10547
0.082029
0.0156798
0.724606
-1.46002
0.12222
-0.142142
0.132704
0.0232593
-0.0319318
-0.024337
0.0109288
0.0119134
-0.0228976
0.00288659
0.0335907
-0.0500539
0.0491442
0.00137628
0.0177156
-0.256322
0.0565974
0.0541464
-0.0153946
-0.0229434
0.029327
-0.0537146
0.27446
0.090749
0.0310836
0.029004
-0.0172884
0.036488
0.0112184
0.0376463
-0.0424756
0.00482929
0.00477702
-0.0276901
-0.0857473
0.224582
-0.0276609
0.0515293
-0.0238684
-3.12374
0.865025
-0.183749
0.140519
-0.0809649
0.00460532
-0.0229859
0.0398694
-0.0155684
0.732866
0.495312
-0.28606
-0.0140341
0.0286634
0.0319754
-0.0413996
0.0382992
0.0114387
-0.0251116
0.0136728
-0.00336622
0.378804
-0.207042
-0.171762
-0.0243339
-0.0268021
0.0257026
-0.0286465
0.00279199
-0.0499261
0.0471341
0.0163173
0.0152252
0.00494761
0.0214307
-0.321162
0.300021
0.0150033
0.302741
-0.0574246
0.00682558
0.0159118
-0.0227374
-0.0264654
0.00463167
-0.0302904
-0.326159
-0.0653617
0.0837119
-0.00729203
-0.922191
0.377649
-0.000175394
-0.0307727
0.0307479
-0.0400182
0.0524874
-0.0267478
0.0346031
-0.0170833
0.0294493
-0.0394985
0.0422267
-0.0247079
0.0722816
-3.16515
-0.672524
0.105139
-0.135458
-0.0184512
-0.00513719
-0.0352552
0.0112683
0.0239869
0.131736
-0.0389417
0.0206857
-0.0284743
0.0024467
0.0316922
-0.122911
0.324755
-0.193797
-0.0335142
-0.114219
0.147733
0.0157624
-0.0777645
0.0365863
-0.0428369
-0.0332585
-0.0242667
-0.0599411
-0.0453596
0.0329549
2.94486
1.01461
1.2193
-0.0187347
0.00920347
0.210946
-0.0247914
0.010891
0.0582116
0.0470898
0.0174089
-0.0251287
-0.0513211
0.0117801
-0.0289171
0.433055
-0.843033
0.0197375
0.702394
-0.468309
-0.0315067
-0.0313833
0.0555873
-0.0296781
-0.0719677
0.101646
0.0131395
0.0106615
-0.023801
0.0427472
0.0206476
-0.0446257
-0.33408
0.0172511
0.0104572
2.62692
-4.93105
2.30413
-0.161031
0.124413
-0.0825095
-0.731434
1.7632
-1.03177
0.013872
-0.238101
0.0117834
-0.0253418
0.175207
0.0435912
-0.0328682
0.013278
-0.0321193
0.689583
-0.396571
-0.0136648
-0.0212956
0.116021
0.066866
-0.182887
-0.0550511
-0.00767946
-0.0795653
-0.0270862
0.855175
-3.58714
-0.330181
0.533687
-0.0191479
-0.0109111
0.014766
0.0118965
-0.0266626
0.0121407
0.054469
-0.0380794
-0.0115769
-0.0195727
0.0543931
-0.0384177
0.277167
1.75119
0.0418678
0.0342798
-0.0105979
-0.0236819
0.0276345
-0.0268078
-0.000826703
0.0662731
-0.0446476
-0.0553894
0.00742407
-4.01709
1.439
2.57809
-0.006718
-0.0165385
0.0502155
0.0369474
-0.0224138
0.013815
-0.031189
0.0317127
-0.00052378
0.0902224
0.0274859
-0.375141
0.0178311
-0.0292995
0.0125364
0.0500376
-0.0236108
0.0391784
-0.0155676
-0.0412089
-0.0291694
-0.0171701
0.0208054
-0.00363524
0.731618
-0.49981
-0.0346856
-0.00447547
0.0199454
0.0140451
-0.130508
-0.0423848
-0.0317347
0.015451
0.0177814
0.146368
-0.286777
0.140409
0.205279
-0.326704
0.121425
-0.00699928
0.0237054
-0.0210396
0.0140403
0.00785727
-0.0312003
0.0208433
-0.259111
-0.0502629
0.309374
-0.197649
-0.555287
-1.01276
0.0772467
0.935518
-0.087657
-0.0895237
0.0108796
0.153692
-0.0303114
-0.0344543
-0.160508
0.194962
-0.00216046
0.0205392
-0.0183787
0.00463463
-0.0753678
0.0142509
-0.0607112
0.630225
-0.991527
0.361302
0.0104764
-0.0218104
0.00814499
0.846523
0.873164
0.381889
0.196868
-0.0378543
0.011068
-0.0301836
0.040926
-0.019662
-0.00966062
-0.0183647
-0.00790675
0.0358592
-0.0248421
0.00674788
-0.0275444
-0.0284912
0.0132265
0.0102524
0.025033
-0.345343
0.0605221
0.0294459
-0.00333748
-0.0462355
0.021827
0.00815491
-0.0299819
0.112974
-0.0698509
-0.0431231
0.069829
0.0872957
-0.0682458
-0.151212
0.0849922
0.0534861
0.0221007
-0.0355581
0.0307659
0.013174
0.00944919
0.0132864
-0.0227356
0.0461471
-0.126194
0.0800467
-3.36905
-0.648035
0.0411491
-0.054372
0.0132229
-0.00818572
-0.0126387
-0.0145545
-0.0171626
-0.042814
-0.143393
0.241535
-0.0173628
-0.0184028
-0.494986
1.48646
2.67299
-0.0207015
0.0284763
0.000910836
-0.0167433
-0.00996005
0.0267034
-0.00471747
0.0822648
0.0132719
0.0712639
-0.0292136
-0.0420503
-0.00181417
0.0212887
-0.0368312
-0.0347651
-0.0309894
2.05395
-0.0249399
0.011258
-0.286222
0.516637
-0.0342424
-0.00488532
-0.119652
0.0378979
0.0817537
-0.0279984
0.0254249
0.00257345
-0.0156568
0.0332121
0.250356
-5.17231
1.30282
-0.0161274
-0.0196925
-0.00330487
0.0229973
-0.0249558
-0.00250674
-0.279311
-0.282174
0.505556
-0.0781043
0.0230633
0.0162351
0.0404469
-0.015345
-0.0138881
-0.00966397
-1.04415
-0.0410814
-0.287476
-0.025262
0.312738
-0.339904
0.0636793
0.0142738
-0.0250798
0.351395
-0.212869
-0.0585678
0.0409554
0.0176124
-0.151136
-0.103807
-0.257671
0.308682
-0.0174203
-0.0160148
-0.0300602
0.0137863
-0.00681679
0.156342
-0.0911543
-0.0721805
0.0479138
-0.0376755
-0.0961076
0.241837
-0.000563327
-0.0214037
0.021967
-0.362569
0.324262
0.0383078
-0.00753555
-2.88264
-1.93015
4.81279
0.863159
-0.466041
-0.221344
0.786055
-0.346602
0.0105981
0.336004
0.0361599
-0.0221237
-0.0140362
-0.265025
0.450341
-0.259841
0.39034
-0.130499
1.38347
-0.834019
-0.190929
0.335005
-0.0375885
-0.0135302
0.0511186
-0.0130959
0.0704503
-0.0413136
-0.0291367
0.0122888
0.201041
-0.22785
-0.065276
-0.00247222
-0.0248654
0.0113043
0.0405059
-0.0105771
-0.0299288
0.0179027
-0.0356479
-0.203851
0.0125409
0.495294
0.384262
-0.015801
-0.0163842
0.0321852
-0.0336311
0.437824
-1.33248
0.0107434
0.0133302
-0.0240736
-0.016115
-0.0431872
0.0593022
0.00801201
0.00508005
-0.0355896
-0.0353324
0.174326
-0.190357
-0.338323
0.968548
-0.0598073
-4.64898
-2.36072
0.129309
0.0316843
-1.62775
-0.0146635
-0.00625874
-4.90622
2.50052
-0.0106476
0.0237871
-0.798097
0.045965
-0.0527241
-0.0828852
-0.00564877
0.088534
0.0595583
-0.0148929
-0.0446654
1.72036
1.33068
-0.597836
0.238859
0.278387
0.0207665
0.0145241
-0.0254336
0.00251878
0.019022
-0.0215408
0.0461241
-0.00832607
0.0775003
2.56409
0.13796
-0.0912408
0.0154182
2.82933
2.57603
0.0648468
0.257792
-0.0665062
-0.633253
-0.069714
0.702967
0.0288243
-0.0132722
-0.0132087
-0.0150989
0.0241003
-0.00750264
-0.0266686
0.0233597
0.00330891
-0.0208596
0.0209152
-0.00650997
0.0203242
-0.000730705
-0.0189416
0.0196723
-0.0316188
-0.00199377
0.0336126
-1.64629
0.912104
0.734182
0.00795562
0.0233256
-0.010096
-0.0132296
0.449825
-0.507261
-0.0283525
-0.191882
0.140461
0.819641
0.834168
1.74095
1.38155
0.0139857
0.0120583
-0.026044
-1.42678
1.70394
0.165994
-0.166058
-0.0178579
0.00388986
-0.129058
0.0765737
-0.0286696
-0.0206589
0.0493285
0.233457
0.177454
-0.410911
-0.150601
-0.0332414
-0.16765
-1.37272
-0.0141906
-0.0106748
0.0558249
-0.0300316
-0.00675203
0.0602456
-0.0534936
-0.0192626
0.0489861
-0.0285547
0.0148717
0.438141
-0.472569
-0.0261682
-0.00121884
0.0340807
-0.0171808
-0.0168999
0.030553
-0.0221127
-0.00844024
-1.22852
1.86377
-0.635247
0.0438446
0.00514158
0.822401
-0.550269
0.0119049
-0.0227376
0.0108327
-0.0256503
0.0114496
0.011054
0.0354199
-0.0169643
-0.0184556
-0.0857969
-0.90182
1.62792
-0.0343498
-0.0217681
0.148274
0.489058
-0.307322
0.147144
-0.195959
-0.0197484
-0.154829
0.174577
-0.0425583
0.052257
0.549931
-0.407439
0.0117618
0.0248651
-0.0443507
-0.426497
-0.0109542
-0.00448089
0.0268497
1.16399
-0.0268256
0.0197285
-0.506174
-0.403893
0.0391564
-0.0327537
-0.0269809
0.00156431
0.0373034
-0.0465687
0.00926528
0.00815669
-0.00989406
-0.0153794
0.00378101
-0.0136891
0.0256605
-0.0178977
0.014005
-0.0772513
0.0564368
0.0189986
-0.0176223
0.0221526
0.0331613
-0.00442994
-0.710439
-0.420243
-0.277724
0.431915
0.0353509
-0.0222658
0.00721619
0.0166844
0.31682
-0.187376
0.0244265
-0.00452056
-0.0641506
-0.0381687
-0.0108901
-0.00542136
-0.000223489
0.0210021
-0.0207786
0.0128119
-0.047548
-0.234578
-0.249059
0.0376776
-0.17433
0.136652
0.0923406
-0.0226861
0.0072367
-0.170914
0.138455
0.328165
-0.0577132
-0.429682
-0.0211035
-0.00301985
-0.0184744
-0.0068798
0.0193028
-0.00541993
-0.0233536
-0.0471733
-0.345221
0.344484
0.000737737
-0.0146558
0.0228125
-0.429385
-0.233209
0.662595
-3.12754
2.0516
1.07594
0.00716202
-0.243249
0.070303
0.00210084
0.0184593
-0.0162989
-0.022687
0.0389859
-0.0339757
-0.0274064
-0.0889066
-0.0610477
0.0182679
0.327286
0.340448
-0.0343864
0.024286
0.0226722
-0.0133105
-0.0147056
-0.0933944
0.0882807
-0.282728
-0.708799
-0.0806503
0.0185524
-0.0311022
-0.314119
0.0208092
0.0191773
0.0618815
0.0208327
-0.00410129
0.442946
-0.826891
0.383945
-0.00467122
-0.0257453
-0.0102382
0.0280218
0.0762801
0.256105
0.014659
-0.270764
-0.0850349
-0.140408
0.233235
-0.635668
-0.100007
-0.0178129
-0.00387177
0.0216847
-0.158215
-0.0179857
0.368636
1.48765
0.0467258
1.90787
-1.36276
0.339939
-0.808136
-0.313915
0.516499
-0.0605438
-0.167202
-0.874342
0.28703
0.587312
-0.0269894
0.0102461
0.0129806
-0.0238582
0.0108775
-0.0672536
0.0208301
-0.00398876
0.00833484
-0.0147225
-0.00393202
-1.29211
0.499853
0.0556467
-0.0552639
-4.20678
4.52506
-1.50817
0.0545492
-0.0813975
0.519539
0.0162364
0.0178443
0.0249951
-0.00086581
-0.0241293
0.0873781
0.0504433
-0.0247376
0.0143026
0.0171777
0.00834088
0.0220522
-0.0303931
0.0237454
-0.0345979
0.0139901
-0.0245344
-0.0271916
0.0257904
0.620851
0.0340956
0.043754
-0.0161622
0.00717717
0.0104547
-0.017256
0.000734194
0.0220595
-0.0227937
-0.136037
-0.57381
1.00505
-0.186545
0.0352757
0.12596
-0.230505
0.399728
-0.169223
-0.0224511
-0.00619846
0.0899758
0.723343
-0.848698
-0.050326
0.0346569
0.0249834
-0.0492739
0.0359495
1.63184
1.76787
-0.0208465
-0.111153
-0.331763
-0.0129515
-0.0122253
0.0251768
-0.0312782
0.0416343
-0.105112
0.212949
0.893282
-0.574615
-0.318667
0.012599
0.00978175
0.43207
0.0306238
-0.0195017
-0.00152532
0.0797935
0.0505711
0.00590924
0.0292183
-0.00845759
-0.0725757
0.0170204
-0.0361722
0.014763
-0.0336355
0.493518
-0.164576
-0.0147675
0.0221946
-0.00742713
0.144504
-0.041212
-0.103292
0.00265341
1.82689
-0.0299354
-0.527782
0.819746
-0.0250619
0.00547048
0.0195915
0.0159844
-0.208207
-0.0351803
0.0131192
0.0220611
0.0295593
-0.0117861
-1.5101
-0.240105
0.0249334
0.00354289
-0.00091066
0.00710749
0.0196817
0.00946609
-0.0377287
0.0315914
0.00613724
-0.474543
-0.00527655
-0.0222259
0.0275025
0.0118238
0.0140497
-0.0258735
-0.0133364
-0.0178829
0.0312193
-0.0610735
-0.0962023
-0.134106
0.107658
-1.14017
0.250895
0.00495629
0.017481
-0.0515152
0.15865
-0.195651
0.0370008
0.0208205
0.0104655
-0.0106304
-0.014161
-0.165249
0.130852
0.0156066
0.0101757
0.00665347
0.300529
-0.243697
-0.114284
-0.198609
0.0148949
-0.024907
0.0134608
0.0298662
-0.0301056
0.00023941
0.526377
-0.00921142
0.00963304
-0.0374087
0.0464285
-0.018114
-0.0283145
-0.0232698
0.00128576
-0.244293
-0.0107467
0.0214632
-0.0218482
0.0153457
0.0108176
0.04405
-0.0299812
1.85731
-0.00601294
-0.0522813
-0.076391
-0.0393299
0.115721
0.781295
-1.28688
-0.0106063
0.0135746
0.0110809
-0.0246556
-0.144759
-0.0778555
0.0759473
-0.0151153
-0.0125614
0.0276767
-0.0134113
0.0241547
0.0169756
-0.0185818
-0.0169106
0.0312132
0.0466658
-0.0270907
-0.353992
0.318079
0.0204173
0.000584754
-0.00374191
-0.0182937
0.0278964
-0.0127962
-0.0151002
-0.174706
-0.0199797
0.400785
-0.233734
0.172945
-0.00146902
-0.0191959
-0.00206726
-0.0316863
0.244767
0.012462
-0.0586975
0.0185673
-0.0214262
0.00285894
0.361756
-0.721077
0.359322
-0.042553
-0.0143662
-0.010909
0.0252751
-0.0322041
-0.0617702
0.0302108
-0.000344577
0.0159952
-0.0177375
-0.011569
0.0218768
0.0318691
-0.0357662
0.0135154
-3.171
1.35844
1.81255
-0.00659548
-0.021796
-0.00513436
-0.0451376
0.0133579
-0.0263392
0.0129813
-0.016551
-0.00530973
-0.0167738
0.214416
0.0222497
-0.0308314
0.00418013
-0.021993
-0.120185
-2.41846
-2.48776
-0.00907973
0.0172875
0.00826807
0.0301864
-0.0298829
0.0234517
-0.03023
0.00677829
0.934238
1.85305
1.7553
-3.60835
1.01621
-0.42165
-0.59456
0.0350148
-0.0221701
0.428801
0.0206567
0.0506071
-0.010577
-0.0207992
0.0128336
-0.035688
-0.0276164
-0.00637478
-0.00770151
0.392537
-0.384835
-0.0495338
-0.0738501
-0.0673285
0.013204
-0.0147688
-0.00732754
-1.40162
-2.16169
-0.174395
0.0237939
-0.0107741
-0.0140337
-0.0102295
0.0169348
-0.0327358
-0.0114503
-0.0134567
-0.0260501
1.45269
0.0272342
-0.0213078
-0.00592643
-0.334271
-0.721909
0.111604
-1.79536
-0.0133283
-0.0126648
-0.027412
0.0473981
-0.0199861
-0.0158761
0.0296638
-0.0137876
0.128608
-0.0451561
0.0062148
0.0389413
-0.0605732
0.0292949
0.0474025
-0.0195044
0.830078
-0.456254
0.0111327
-0.0248024
0.0136697
-0.022604
0.410245
-0.0354074
0.0387438
-0.0538745
0.0151307
-0.0137663
0.0255497
2.47836
0.0273142
-0.0229725
0.00764051
0.015332
0.0162031
-0.0175071
-0.0176366
-0.00382476
1.03221
-0.0108842
0.010643
-0.0236649
0.0130219
0.023631
-0.0111977
-0.0124332
0.017587
-0.00663157
-0.0451421
3.6761
1.53591
0.0124881
-0.0406814
1.24694
-0.324419
-0.922524
0.00673107
-0.504023
0.728629
-0.112108
0.201485
-0.0893762
0.029416
-0.00944419
-0.0176608
0.0209755
0.0373763
-0.0583517
-0.0638824
0.00593771
-0.313333
0.0672029
-0.0345642
0.0373561
-0.0269172
0.0216407
-0.0148115
-0.0105486
0.0253601
0.0217148
0.0187945
-0.0241889
0.0140662
0.0101227
1.07089
-1.08532
0.0111542
-0.0258823
0.0147281
0.0168102
-0.0239385
0.00712832
0.138595
-0.0183733
-0.0270171
-0.0873303
-0.0195927
-0.0289813
0.127367
-0.0944121
-0.036756
-0.00392536
-0.015891
0.0459864
0.282193
0.0432169
-0.32541
0.161681
-0.0245748
0.0405787
-0.0566937
-0.0250292
0.0138443
0.0227521
0.00601285
0.0114728
-0.019809
0.00833615
-0.00511503
0.0387567
-0.0301209
1.5329e-05
1.53349
-3.31142
1.77793
-0.0179625
0.0221426
-0.0408908
0.103773
-0.448063
0.112839
0.193396
0.794376
0.237835
-0.0508089
0.0349763
0.0158326
-0.0596624
-0.0664422
0.126105
-0.0190982
-0.78692
1.52614
-0.00734475
0.121782
0.214079
0.0168452
0.0106594
-0.0275046
0.0665419
-0.090294
0.0279134
-0.0118698
0.59404
-0.277477
-0.0113777
0.0252428
0.0134642
0.0124134
0.203864
-0.0325518
-0.0110398
-0.0852286
-1.33423
-0.780332
-0.00587451
1.10486
0.80302
0.0234335
-0.000218558
-0.0232149
0.0131976
0.0120374
-0.0173906
0.0203409
-0.00295032
-0.0301685
0.13669
-0.0101247
-0.020053
-0.00334295
0.0218854
-0.0361826
-0.0174846
-0.119534
0.0249316
-0.0119037
-0.0130279
-0.0307135
-0.0200954
-0.0062538
0.039319
3.17093
-0.533277
-2.63766
-0.0220628
0.0278263
-0.0800415
-0.222997
0.303038
-0.123
0.122422
0.000577183
0.0335889
-0.0185707
-0.0150182
0.0269882
0.0150106
0.027546
3.73532
0.7673
-0.0242113
0.427672
-0.0353351
0.0254103
0.311144
-0.191924
0.0151733
0.536275
0.0286019
0.0382304
-0.0130898
-0.0109178
-0.0230212
0.0156636
0.0105025
0.159127
-0.108681
0.255049
-0.0143512
0.0255054
-0.120408
0.117696
-0.0943718
4.54628
-0.000781004
0.0644892
0.00905837
-0.0228679
-0.0385811
-0.03164
-0.0192554
0.0217742
-1.27453
-1.29749
0.0400403
0.0139183
0.0536164
0.0666404
-0.0270218
-0.254873
0.157586
0.0242797
0.0282982
-0.0224899
-0.0279174
0.0224975
0.0384615
0.0459256
0.888922
0.854124
-1.74305
-0.0810639
0.62182
-2.27896
0.0175871
-0.0189055
0.00234708
0.0760819
-0.0760374
-0.00717474
0.254755
-0.644703
-0.10178
0.00513865
-0.0273646
0.0456438
-0.0273705
0.0118629
0.00987034
-0.0937894
-1.37993
-0.0562009
0.0285401
0.0313477
-0.0931179
0.00351842
0.018382
-0.0218333
-0.585543
0.272052
0.313491
0.0203714
0.0264306
-0.046802
-0.00541188
0.0221175
0.0241803
-0.0108501
-0.142797
-0.115949
0.185012
0.0193468
0.0155202
0.0167459
0.0195641
0.0289454
0.0254985
-0.0123825
0.0214436
-0.0108962
0.0136562
-0.0331715
2.05624
1.65006
0.0145951
-0.0375788
-0.0205619
0.021262
-0.0106228
-0.0106392
1.73373
-1.48455
0.0213041
-0.0462953
0.0163358
0.00391517
-0.028325
0.00152126
0.0268037
0.0258891
-0.0194349
-0.014438
-0.0479552
0.0176184
-0.0196722
-0.023185
-0.231466
0.000429046
-0.301448
0.511402
-0.0165052
-0.50922
0.440986
0.0240951
-0.0107731
-0.0241425
0.00739726
0.0306083
2.25882
-1.15683
-1.10199
-0.299592
0.0655063
2.17781
-0.157461
0.0912466
0.0662143
-0.0220147
-0.0299629
0.0519777
0.685937
1.01036
0.0149072
0.0182553
0.0769726
-0.205203
0.0120927
0.0131503
0.0176751
-0.0264991
0.0121919
-0.0251434
0.0408169
-0.0397497
0.00216124
0.104314
-0.0188028
0.0316887
-0.0682723
0.0365836
0.752229
-0.0257267
-0.0218451
0.0163569
0.00548815
-0.0348846
0.0216641
0.267017
1.52563
-1.32715
-0.198478
0.257813
-0.865837
0.0176656
-0.0215374
0.0270149
-0.0340953
0.0488547
-0.358094
0.309239
-0.0351154
0.0122456
-0.00949206
-0.0148705
0.0164504
0.00894239
-0.010549
0.0235296
0.107902
-0.194236
0.124811
-0.104737
-0.0200738
0.938714
-0.593113
-0.345602
-0.0315843
0.0159531
0.0156312
0.0251281
-0.0471429
-0.0126013
0.0278452
-0.565149
-0.855234
1.42038
0.0218455
-0.0195026
-0.00234284
0.0201716
0.0316959
-0.0152257
0.0152904
-0.13829
-0.00228535
0.0213073
-0.0161807
-0.015562
-0.0340727
0.0496347
0.0100677
0.0126403
-0.0227081
-0.0472512
-0.8014
-0.0144177
0.0203551
0.0149425
0.0134331
0.0169956
0.0183553
-0.541603
0.24174
-0.0103798
0.241066
-0.0420735
-0.198993
-0.00619553
0.0226631
-0.0139665
0.00398777
0.209501
-0.027564
-0.0330092
-0.0111977
0.0240537
0.0127064
-0.129021
0.0273947
-0.00557032
0.0225881
0.0209501
0.0164012
0.0190992
-0.00629118
0.021523
1.37434
-2.36684
0.158818
0.0998689
-0.0135004
0.0255931
0.0176342
-0.0581949
0.0405607
-0.0205101
-0.214161
0.404279
0.628799
-0.673302
-1.48605
2.68673
0.00499628
0.024179
-0.0291753
-0.0270099
0.000341318
0.0278971
-0.00066289
-0.0161791
-0.0106287
-0.0122613
0.0217104
0.0178798
0.0110381
-0.0289179
-0.0275276
0.0702159
-0.0910896
0.0377396
-0.0164847
-0.0244292
0.0110179
-0.194171
-0.0757349
0.0453435
0.0272771
0.00523702
0.0222654
-0.0495892
-0.0934832
-0.0218769
-0.0212118
0.0430888
0.539996
0.367465
-0.313056
0.241311
-0.158381
0.00949263
-0.232433
-0.00353078
-0.0310587
0.0128226
0.020846
-0.0104694
-0.0155808
0.00978331
0.030257
0.0671475
-0.367683
-0.0110412
-0.0146286
0.0256699
0.000362143
-0.031619
0.0312568
0.0171285
0.0191751
-0.0363036
0.0256592
0.0243441
1.19545
-0.979182
0.00318358
0.555557
0.383158
2.03543
-0.931494
-0.0358486
0.0332588
-0.0186616
0.015415
-0.0180867
-0.00390635
-0.494225
1.21883
0.026873
-0.0421345
0.0109765
0.0126545
0.588944
0.0398546
-0.448693
0.09944
-0.0430716
-0.128266
0.171338
0.0221309
0.0218704
0.0419337
-0.0277959
-0.0132625
0.0239055
-0.0178686
-0.962379
-0.603201
1.56558
0.0152473
1.21785
1.24974
0.0109282
0.00956179
0.0717265
0.0458471
0.198413
-0.0211036
0.0107356
0.0125507
-0.0269169
-0.0250436
0.0131399
-0.0247336
0.0115019
0.0132317
-0.00633439
-0.0236658
0.0300002
-1.40665
2.13763
-0.730976
-0.0482444
-0.0255716
0.0189291
0.00664247
0.0126953
0.00259009
0.151068
-0.0190565
0.0230773
-0.00402079
0.00813798
0.0537922
-0.00537618
-0.0164689
0.00539773
-0.0274451
-0.0620673
0.0169981
0.00171812
0.0214427
-0.0231609
0.0100798
-0.761967
-0.327478
0.0371279
0.123198
-0.17639
-0.0655326
-0.00307018
0.0626285
-0.0858238
0.144035
-0.0241799
0.0291762
0.00288449
-0.0184475
-0.0335864
-0.0287397
0.0160559
0.0126838
0.0284363
-0.035352
0.507472
-0.11613
3.23141
-1.84425
0.0273845
-0.0265456
0.0165855
0.00833015
0.00829623
-0.0260043
-0.0186512
-0.00857498
0.0272262
0.00923971
0.0151682
0.0283572
-0.0181984
-0.0101589
0.971019
0.137268
0.0414461
-0.178714
0.333289
-1.64712
-0.0290611
-0.140238
0.745359
0.0244484
0.0176411
0.011712
0.0334126
-0.0154356
-0.017977
-0.00715838
0.127035
-0.0123873
-0.0176948
-0.0248081
0.0155335
0.00927458
0.0185878
0.074149
-1.30267
-2.81636
4.37209
-0.030003
0.021255
-0.0022823
0.0236951
-0.0214128
1.26405
0.771384
-0.00845606
-0.00245987
0.120331
-0.117871
-0.0392446
-0.0211041
0.0760135
-0.0300485
-0.00159772
-0.0316345
0.0332322
0.00970704
-0.0243859
-2.2993
-1.41176
3.71106
-6.10449e-05
3.65241
1.69302
-1.00654
-3.62194
0.246373
-0.0140507
0.0244689
-0.0104182
0.0101729
0.0139035
-0.0240764
-0.0136737
0.038125
-0.0418704
1.19474
-1.19138
-0.0292551
0.0121644
0.0170908
0.0206119
0.0640928
0.0127445
-0.0149245
-0.133415
0.148339
-0.0884415
-1.96518
0.917721
-0.0233196
-0.0124387
0.0540643
-0.156789
-0.0332708
-0.00762005
0.0639792
-0.039413
0.242082
-0.020416
0.0114468
-0.0344485
0.0121804
0.0222681
-0.0540106
-0.0152632
-0.0609593
0.0508621
-0.123861
0.0409963
0.0828648
-0.0219026
0.0157071
-0.0340384
0.0269775
0.000136115
0.0136656
0.0247962
0.000684605
0.00852625
-0.0300603
0.021534
-0.0953259
-0.0911562
0.00241866
-0.0748921
-0.040291
0.11835
0.0187681
0.00817519
0.0548746
-0.143633
-0.00720873
0.817284
-0.455971
-0.0187477
-0.00736157
-0.0264779
0.0127864
-2.79618
3.92519
-1.12901
-0.30471
0.0813481
0.0267345
1.96191
1.96349
-1.31553
-0.0356101
-0.0174123
0.0105325
-0.0257669
0.0150151
0.0107518
0.0213071
-0.0081095
0.0302508
0.108279
-0.011159
-1.77514
3.19683
0.122236
-0.0132123
0.115205
-0.0302275
-0.0322743
0.056554
-0.0114698
0.0151062
-0.0143045
-0.00533431
0.0196388
-0.125784
0.0648083
0.397238
0.236261
0.022791
-0.0466947
0.0497457
-0.00305092
0.00510546
0.0487733
-0.0285601
-0.0202132
-0.028414
0.0108036
0.0176104
-0.114275
0.046029
-1.73607
0.357793
-0.0219213
-0.0595736
0.081495
0.0182189
0.0123702
0.013399
-0.0100389
0.094538
0.00495525
-0.0229177
0.202835
-0.00974505
-0.0168005
-0.96408
0.0292365
-0.0288744
-0.014031
0.00427265
0.0597065
0.905258
-0.565365
0.000432944
-0.0197048
0.0192719
0.745418
-3.259
-0.0130033
-0.0171213
-0.018059
0.0285761
-0.0197607
-0.00881542
0.00915516
0.0287875
-0.000888431
-0.0367813
0.0376697
-0.118396
0.0340405
0.0843552
0.0160708
0.00223569
-0.00527389
-0.0176559
0.016874
-0.0266191
0.49444
-0.3432
-0.15124
0.0144411
0.0153396
0.195358
-0.486176
0.578327
0.314955
0.147509
-0.374968
0.227459
0.0210963
0.0299209
-0.000129974
-0.029791
0.026129
0.058366
-0.0862792
0.0279132
-0.0614097
0.0303994
0.0604308
0.0116683
-0.0344819
-0.424323
-0.15319
-0.0102945
0.030423
-0.0201285
0.932806
-0.346463
0.0749333
-0.0250926
-0.00359808
0.0286906
-0.399467
1.93507
0.0236122
-0.0139052
0.106557
0.0104167
-0.0315837
0.0211671
-0.348339
0.365321
-0.255548
0.109084
0.0246516
-0.0103778
-0.0135905
0.99495
0.868818
0.0224316
0.0116947
0.0594157
-0.0272642
-0.00324592
0.0115253
0.0107423
0.0190492
0.00331525
-0.0223644
0.502269
-0.00257549
-0.0172396
0.0161634
0.0172492
-0.0551005
-0.138788
-0.0105002
0.0223046
-0.0254667
-0.00285826
-0.0380412
-0.00538826
0.0812347
-0.0758465
-0.738002
1.52254
0.0216393
0.188644
-0.0291628
0.00640598
0.018145
0.0102122
0.0259883
-0.0257529
0.0105904
0.00996463
0.0102259
-0.0201905
0.000747813
-0.0317654
0.0310176
-0.730869
-0.930351
1.66122
-0.242722
0.00749288
-0.0433442
0.000840227
-0.0310087
-3.37711
0.994219
0.0116557
0.0310416
-0.0188334
-0.0257996
0.00625864
0.014103
-0.0146292
0.227156
0.0257386
-0.252895
-0.0496171
-0.0975623
0.215509
0.00937131
-0.0270346
0.0176633
-0.0102682
-0.0145398
0.012724
0.0104769
0.0134955
-0.0239724
0.00304876
-0.0225514
0.00481826
0.0181186
-0.00752221
0.0227566
-0.0642619
0.0319876
0.819663
-0.0252787
0.00653094
0.179477
-0.223795
-0.876675
-0.561784
-0.747518
0.0254455
-0.0132536
0.0211173
0.0214669
-0.0313218
-0.630412
0.159929
0.0158222
-0.0179827
-0.0134902
0.0505424
4.84516
-2.65348
0.0198218
0.081847
0.0358491
-0.0285238
0.0181023
0.0104215
-0.0266382
-1.32309
0.0202314
0.0327488
0.0136796
-0.0243764
0.0129262
0.133247
0.0243625
0.00757784
-0.020274
0.0126962
-0.0425469
-0.0309055
0.0316533
0.0214088
-0.540222
0.721862
-0.0325879
0.00687757
0.0211455
-0.028769
0.0223942
0.0181377
-0.0322647
-0.0111529
0.0249266
0.0164384
-0.0162628
0.0159661
-0.266214
-0.495753
0.0748354
-0.0251096
0.0147298
0.0191078
0.0288441
-0.053745
0.0254251
0.0187428
0.0114108
0.0246732
0.0501581
-0.0748313
0.0196326
-0.0280901
0.0258988
-0.00770224
-0.0858387
-0.0163299
-0.0185477
-1.72247
-0.594863
-0.00318336
-0.498807
-0.608502
-0.0779256
-0.00330448
0.0274835
0.0204561
0.0301786
-0.0253924
-0.028397
0.0198072
0.0145401
0.247416
0.0116014
0.0138971
0.0194133
-0.0217561
0.0315268
-0.0407387
0.00921184
-0.03445
0.0190855
0.0153645
0.0189676
0.00225326
-0.0212208
-0.00192787
-0.0875107
-0.000937871
0.0269066
-0.0259687
-0.011056
-0.0205283
-0.0649881
0.11961
-0.064301
0.0143749
-0.0105191
1.20939
-0.000501279
2.31206
2.43671
-0.298948
1.563
0.0546175
-0.274863
-0.0332012
0.0224838
-0.028214
-0.0109957
-0.0340291
-0.499756
2.48644
-0.00147161
0.0249912
0.0378291
-0.198863
-0.017372
-0.0105722
0.0279443
3.13434
0.0156625
-0.0233974
0.0107319
0.0188623
-0.335237
0.542175
-0.0170703
0.00872439
-0.0211968
0.0229934
-0.0595534
0.0104926
-0.0264267
0.00644097
0.0264635
0.403976
-2.3321
1.54262
0.0175329
-0.395738
0.00620183
-0.0208576
0.0302323
-0.00840527
0.0170831
0.152384
-0.678001
0.0159725
-0.131785
0.0666777
0.0334649
0.00114749
-0.0346124
1.81098
-1.36658
-0.255153
0.220223
-0.0120201
-0.0881313
-3.51824
-0.773501
0.0162839
0.0405887
-0.00636293
0.145885
-0.139522
0.0154767
0.180782
0.223194
-0.0101614
0.0149353
0.35589
0.14834
-0.110663
0.0176855
-0.0253287
0.129878
0.094704
0.014021
0.0141823
-0.0130995
0.0249047
-0.0118052
0.0148215
0.0208674
-0.035689
-0.0108519
0.023606
-0.0127541
-0.112238
0.0306308
-0.0175397
-0.0308508
2.182
0.953566
-3.13557
0.00269433
0.0120889
0.0279454
-0.0134135
0.949332
0.0267107
0.0649118
-2.09794
3.0248
0.0446162
0.101942
-0.146558
-0.0282253
0.110349
-0.0639731
0.00811958
-0.0194384
-0.0102875
-0.0219149
0.016641
-0.0254582
0.00643295
0.00446588
-0.0225526
-0.0275866
0.0169543
2.09918
-1.17154
-0.927633
-0.567966
-0.0265462
-0.228261
0.254807
-0.0306088
-0.000712987
-0.0136847
0.0175741
-0.0339053
-1.22132
0.0453612
-0.0179974
-0.0247158
0.0368473
-0.0121314
-0.107983
-0.358474
0.327372
-0.0342482
-0.0800267
0.0124502
-1.23526
-0.000199985
0.0626962
-0.0133773
-0.0128207
0.026198
0.00642272
-0.0302105
0.0237878
-0.0399523
0.0293544
-0.468095
-0.0275274
-0.0315401
0.0306517
0.0366155
-0.0131544
-0.023461
0.0285566
-0.0234179
0.0146551
0.0246975
-0.0393526
-0.0139523
-1.67021
-0.0428185
-0.101212
-0.0195193
0.0159956
-0.0358893
0.914686
0.0133448
0.0113593
0.0289811
-0.0237441
-0.0192958
-0.000683853
-0.121949
0.0331164
-0.0173407
-0.0157757
0.0563581
-0.0730105
0.0712128
-0.0412733
0.0576095
0.0566547
-0.114264
-0.0167527
0.032037
-0.0152843
-0.094775
0.00842804
0.0721457
0.0156024
-0.0194888
-0.0140671
0.0247352
-0.0106681
0.0819536
-0.101548
0.0195942
1.23111
1.22682
0.0123447
0.0128322
0.0261226
-0.00831132
-0.0178113
-0.0249446
-0.0034524
0.0080336
0.0558365
0.0342323
-0.026375
0.0230505
-0.0128776
0.424721
0.093841
-0.518562
0.485668
-1.62584
0.0282136
-0.0102234
-2.25645
-0.855604
0.011293
0.134354
0.21704
0.0194002
0.00963141
0.0539587
0.0237453
-0.0436042
-0.189187
0.0352581
-0.0944606
0.401218
-0.129806
-0.271412
0.0534746
0.0185922
0.00349485
-0.022087
-0.0297667
0.906434
-0.860014
0.0497428
-0.0365882
0.0288487
-0.0188084
0.0195121
-0.0271696
-0.00345466
0.0211203
0.0248215
0.00116675
-0.0103894
-0.0118125
0.673623
-0.956351
0.375244
-0.211651
-0.775873
-0.569501
1.16504
-0.595544
0.0212535
-0.0026862
-0.00346337
-0.0257119
-0.028408
0.0323203
-0.000793464
-0.410152
0.339689
0.0186875
0.00295177
0.0110649
0.01397
0.00822464
0.0161595
-0.744488
-0.0129447
0.0252893
0.0278078
0.025033
-0.00936941
-0.00212748
1.61397
-3.73745
-0.0103488
-0.0309924
0.00915424
0.0218382
0.160304
-0.0637918
-0.000284209
-0.0212765
0.0187898
0.00248667
0.0145044
0.0488171
-0.0382185
0.00721795
-0.27134
0.0771693
0.0292151
-0.0223375
0.0617996
-0.0285882
0.0387882
-0.0102
-0.0403607
0.0157931
0.0391074
-0.093737
0.00985312
-0.0253013
0.0211776
0.00412376
-0.0205848
-0.0379829
-0.0284338
0.0302448
-0.00181105
0.0768827
3.2999
-1.94485
-0.184815
-0.0238207
0.0137947
0.010361
0.0114939
0.0110144
0.0239734
-0.0349879
-0.0187012
-0.00929716
-0.0281212
0.00860197
-0.00294368
0.0216312
-0.0211146
-0.0291659
0.0174291
-0.0056505
0.0245796
0.250419
-1.66128
1.41086
-0.047871
-0.240612
-4.60596
0.0167482
0.00652369
-0.0249748
-0.0396726
0.0525062
0.0217398
-0.0301865
0.0084467
-0.0157657
-0.0243898
-0.000872291
0.025262
0.020515
-0.347968
0.31515
-4.5977
1.92655
-0.0113212
-0.470821
0.359346
0.931436
-0.0248855
0.00724322
0.0176423
-0.0374093
0.0456335
-0.00842264
-0.0177859
-0.0218517
0.0011367
-0.0303531
0.0292164
-2.17119
4.79811
-0.00675718
-0.0966956
0.0471666
-0.0606967
-0.0251536
0.0142694
0.0840065
0.000967907
0.0296262
-0.0297561
0.0607795
-0.0252544
0.00683042
-0.0308434
-7.44314e-06
0.0138525
0.0110144
-0.00465052
-0.0230474
0.0276979
-0.136151
0.0303124
0.021544
-0.0178837
-0.1253
0.272809
0.22333
-0.10731
-0.0282381
0.404329
0.103143
-0.018243
-0.0292104
0.0303471
1.58637
-1.05999
0.025021
-0.0105763
1.28784
0.0129183
-0.507367
0.42597
0.0171995
-0.020923
0.360248
0.163716
-0.523964
0.0261687
0.0114714
-0.0376401
-0.244509
-0.065357
0.819282
-0.456585
-0.0192514
0.0209946
-0.00781096
0.021781
-0.00832048
-0.0152877
0.0325024
0.0240516
-0.0303143
-0.00316168
0.0275732
0.00163221
0.02104
-0.0625477
0.0159238
0.00426898
0.0581818
-0.0624508
-0.0259217
0.00780456
0.0181172
-0.0560284
0.0461093
-0.0313468
0.105827
-0.0214746
0.0270888
-0.156396
-0.0738621
-0.0616837
-0.0174935
-0.0198793
-0.130965
0.0347172
-0.00186307
0.0181988
-0.0132955
-0.0177632
0.0297513
-0.0232031
0.0300134
0.0339991
-0.0753127
-0.0637
-0.0111922
-0.0101443
-0.0138427
0.0307775
-0.00844004
0.0256911
0.0308961
-0.0161331
0.0186195
4.76483
-2.12037
0.172824
-0.0235303
0.018776
0.00888535
-0.00711048
0.314619
-0.0607559
-0.0169201
4.89764e-05
-0.029639
0.0295901
-0.0816805
-0.0198901
0.0147372
0.0124393
0.000148697
-0.0293261
0.025728
-0.0285376
-0.0486873
0.0624816
0.0253688
-0.0101594
0.0215444
-0.0306686
0.00912421
0.0237122
-0.0097221
0.0298027
-0.0237892
0.000836056
-0.026589
0.0135272
0.0109549
0.00425658
0.0208828
-0.0148557
0.0226196
-0.0272701
0.0275401
-0.000200914
-0.0273392
0.0126513
0.0152621
0.019507
-0.0240276
0.0359397
-0.01436
-0.00789834
0.02842
-0.028371
0.00987295
-0.0351529
-0.0182909
-0.00114744
-0.0222205
-0.00300498
0.0277637
-0.0100033
-0.0190722
-0.0303053
-0.0216984
-0.00599485
0.0132173
0.0198926
-0.0331099
-0.000508182
0.0187761
-0.0162339
-0.0219845
-0.0273814
0.0171432
0.0183204
-0.558995
-0.0240327
-0.0532187
-0.118467
0.188296
-0.015811
0.0244281
0.138483
-0.261815
-0.070296
0.0308855
-0.0273426
0.0248715
-0.0812465
-0.737632
-0.00330865
-0.0250994
-0.011679
-0.00623323
-0.00789656
-0.00826564
-0.0089742
0.00503756
-0.0566869
-0.0422756
-0.0205538
-0.0144589
1.09496
-0.463992
-0.630971
-0.0189788
-0.00229769
-0.0246709
0.20909
0.0138063
0.0112071
-0.0178543
0.0413162
-0.0234618
-1.28861
-0.00385014
-0.0133482
0.0171984
-0.00217402
0.0211416
0.0186482
0.0172248
-0.029011
-0.0371058
0.00575905
-2.40674
3.38433
-0.00968212
0.327441
-1.03624
-0.0249934
0.0108324
-0.0181736
0.0213099
-0.00313632
-0.0320448
0.0278218
-0.000281696
-0.010945
0.0244058
-0.0139491
-0.0290823
0.0256299
-0.000799352
-0.0187979
-0.0355991
0.0212641
-0.0190109
0.0181821
0.00363975
-0.0218219
0.0109127
0.0152833
-0.0261961
-0.0255418
0.0260311
-0.000489305
-0.632912
0.205885
0.030316
-0.130705
-2.92628
4.36528
0.91516
0.747462
-0.0393652
0.0121736
3.25582
-4.57985
1.32403
-0.0174139
-0.0483037
0.0885443
0.027757
0.0237722
0.0339786
-0.00281609
-0.0188305
-0.00259575
0.0178296
-0.0244251
-0.00510076
0.0214577
-1.04655
-3.24508
4.29163
-0.167041
0.0303902
-0.0135069
-0.0112192
-0.132573
0.0154249
-0.0194269
4.46153
-2.60849
0.0168394
0.0127208
-0.0295602
0.0567272
-0.0119905
0.0450889
-0.0177659
-0.803916
1.80403
-0.0197088
-0.0119312
0.0255017
-0.00674024
-0.00233067
-0.0976762
0.0359322
-0.021596
0.0160982
0.0121506
0.0132187
-0.0253694
0.0639361
-0.0413326
-0.0225028
0.0551403
0.023875
-0.0127849
-0.102884
0.0957261
-0.009448
-0.107848
-0.0118039
0.0094899
0.0132126
0.0134981
-0.0129187
0.00454426
-0.0275916
1.04646
-0.0261578
0.00813167
-0.0274059
0.00966839
-0.000359611
0.030904
-0.00148798
-0.0308395
0.030462
-0.00436812
0.0219931
0.133827
0.168319
0.0727474
-0.00982205
0.0733649
0.00786353
-0.0252355
0.00198881
0.0217062
3.5821
-2.89454
-0.687563
-0.012671
0.0108322
-0.0247058
0.0138736
0.194792
0.0578743
-0.232109
-0.241702
0.155674
0.83983
0.0172157
0.00492687
-0.030136
-0.0014218
0.0177441
0.0144261
-0.0321702
-1.33148
0.0258255
-0.0250166
0.013639
0.0130193
0.0122235
-0.0142851
-0.00990381
-0.0124075
-0.0444128
0.0290648
0.0153479
-0.0184463
0.0212214
-0.00270753
-0.0185138
-0.0285971
0.0294373
-1.90973
-0.00565197
-0.0273896
-0.029916
0.0299313
0.00738731
0.000795891
-0.0217296
-0.00124295
0.0238568
-0.0176099
0.0793224
-0.0617125
-0.00456433
-0.0228002
-0.0297273
0.00317516
0.0265522
-0.0105002
0.0192408
-0.0319031
-0.021324
0.0178693
2.97922
-1.25886
0.0166844
-1.11939
-0.0078963
0.0255714
-0.0708293
-2.50533
-0.0202507
0.0453788
0.00747754
0.0184115
0.00559629
0.0602764
0.00337034
-0.0106518
-0.193412
0.0267952
-0.0298178
2.6804e-05
-0.0119931
-0.0112339
-0.0129174
0.0241513
-2.26985
3.62829
0.0269177
-0.280569
0.0350015
-0.0227709
0.0514484
0.0378371
0.0155756
-0.0324104
0.0168348
0.0224697
-0.0696224
-0.0276834
0.0358384
-0.0268883
-0.0151756
0.0420639
0.00332749
0.0179824
-0.0609345
0.0261803
-0.0142976
-0.448439
0.557931
-0.343111
0.561683
-0.207859
0.00591346
0.0320065
-0.0240889
0.312144
-0.100462
-4.61889
2.43077
-0.010569
0.219751
4.13623
-0.79092
-3.34531
-0.0177114
-0.0108123
0.13475
-0.00115449
-0.020213
0.0213674
0.0161316
-0.026601
-0.0249594
0.00937865
4.32437
-3.52361
-0.80076
-0.0343932
0.0659578
-0.00732363
0.0252034
0.0119586
0.0186906
-0.0306493
0.004597
0.0231009
-0.0314946
-0.040143
-0.00655172
-0.166681
0.036227
0.130454
-0.0302078
0.0196411
-0.035971
0.004242
0.029801
-0.3433
0.314195
-0.0211078
0.0210887
1.90876e-05
0.0612428
-0.176536
0.115293
-3.01383
-0.00473234
-0.0361404
0.0408727
-0.139859
-0.0680004
0.0304855
-0.056879
0.0263935
-0.0222478
0.030544
-0.0466685
-1.90443
-2.24403
0.000851371
0.0202721
-0.0211234
0.0850115
-0.0294133
-0.000404503
0.0215525
0.0226814
-0.0107765
0.00153339
0.0203732
-0.0219066
1.8805
-1.10921
0.086975
-0.0487292
0.0232411
-0.0212523
0.0335964
-0.0380719
-0.0131708
0.353496
-0.0368416
-3.89831
2.17584
-0.0318785
-0.0601146
0.0919931
-0.00929741
0.000182898
-0.0257247
0.371221
0.135426
0.00722131
2.15088
-0.231608
0.0554978
-0.061872
0.0319728
-0.0227554
-0.0271423
0.0180371
0.00910517
0.000867732
0.0108782
-0.324211
0.314794
-0.0278612
0.020339
-0.0109165
0.0241482
-0.0179965
0.015236
-0.447527
0.122232
-0.382073
-0.0236851
0.0222135
0.922432
0.00217444
0.0265162
0.0642
-0.0709521
-0.0161178
-0.0254047
0.0131074
-0.0115299
-0.0135524
0.0250823
0.00994158
-0.0634478
0.0242032
0.00324429
0.0179771
-0.031274
4.80988
-3.09736
-1.71252
0.0433779
-0.00475649
0.0166354
-0.0316527
0.0262732
0.00537956
0.00646749
-0.0105781
-0.0113989
-0.0125736
0.00574566
0.0253387
-0.0286474
-0.0426959
-0.0180864
-0.0071923
0.0229428
-0.0230623
-0.0417184
0.0148301
-0.0318893
0.0151366
0.024004
-0.0658218
0.016652
0.0164644
-0.0494347
0.0768253
0.00255942
0.0150354
0.0170015
-0.030292
0.0261907
-0.254451
0.000305221
-0.0267699
0.0264647
-0.0289664
0.0380133
-0.028436
-0.0378333
-0.00951059
-0.015599
-0.0378748
0.033901
0.0274155
-0.0281651
0.000749581
-0.0117485
0.0313811
-0.0218877
0.0179814
-0.0363263
0.106892
-0.140406
-1.4301
-0.367237
0.00318267
0.026996
-0.0122309
-0.0250413
0.0275607
-0.00251937
-0.0303471
0.0193421
0.0277207
-0.0143904
0.022241
-0.00785055
-0.0265529
0.026352
0.0302012
-0.00333301
-0.0242121
0.0136399
-0.0328954
0.00867641
-0.0455076
-0.438821
-0.0777169
0.818545
-0.564118
0.0286578
-0.0281653
0.0246385
0.011514
0.0133906
0.0131994
-0.801794
0.482945
0.31885
0.280377
-0.018248
0.0218996
-0.0210976
-0.0616198
-0.035888
-0.00495188
-0.016963
-0.00526162
0.702787
-0.000433096
0.0154839
-0.0150508
-0.00962315
-0.251307
-0.0312897
-0.00555193
-0.0148606
0.0326047
-0.0208141
-0.87832
-0.112064
-0.0300822
-0.528016
-0.0288811
-0.0408359
-0.0119345
0.0115014
-0.0193885
-0.00329768
0.0763184
0.0219174
0.0540442
-0.0541623
0.0266025
-0.00995762
0.0128052
0.01193
-0.00294639
0.0246629
0.013475
-0.0146063
-0.0120901
0.0249222
-0.0247287
0.0249116
-0.0300695
-0.0211064
0.0302606
0.00638155
0.0450669
0.0375565
0.0276702
0.0111092
0.0168065
-0.0279157
0.0251648
-0.0430515
0.0178867
0.0347051
-0.0167824
-0.0179227
-0.204377
-0.203166
0.0165597
0.00847334
-0.0172245
0.0274706
-0.0315242
0.000250198
-0.0323158
0.00224637
0.0138099
0.0108286
-0.0237788
0.0125811
-0.0293542
-0.375301
0.168259
-0.0335075
0.0140031
-0.029158
0.00677586
-0.0286739
-0.099566
0.194388
-0.272817
0.0184949
-0.0276065
-0.200244
0.026568
-0.0224434
-0.00412457
0.00583817
0.0257922
0.0227837
0.0192726
-0.0193111
3.85401e-05
0.00680341
-0.0439789
0.0259901
-0.0173482
-0.0215511
-0.00863542
-0.0218453
0.0179439
-0.0189985
0.00105467
-0.0294692
0.0107917
0.0201896
-0.0220011
0.00181143
-0.0203819
0.00299124
0.023595
-0.0186404
0.0258836
-0.00650278
0.024145
0.00563582
-0.0875137
0.0818778
0.416982
-0.342406
-0.00419641
-0.0309189
-0.00540741
-0.0172691
-0.0121375
0.802878
-0.359932
-0.0394167
-0.0465535
-0.0305306
-0.0782799
0.020048
0.00990626
-0.0250216
0.0852254
0.138105
-0.018327
0.0144921
-0.022303
0.0145145
0.00726643
-0.0277961
0.00045693
-0.0291235
0.000958206
0.249036
-0.329078
0.0226679
-0.000126003
0.021166
-0.322066
-0.0364089
0.00610959
0.0169677
-0.0176864
-0.00823539
2.27253
-1.24585
0.0280631
0.00784728
0.0174655
0.0134306
0.0318874
-0.0168519
-0.0185735
-0.00856875
0.0285297
0.0165414
0.0276113
-0.023067
0.0270583
0.0118328
-0.0214938
-0.00917485
0.0151163
0.00859589
0.0146456
-0.0243677
-0.0305148
0.000432608
0.043957
-0.0199835
-0.346994
0.322304
-0.0936473
-0.021675
0.00462448
-0.00408311
0.0235902
-0.000993289
-0.0306932
0.0145141
0.0300739
-0.0298237
-0.0179851
0.017477
0.0180922
-0.021109
-0.00986195
-0.854286
0.00920684
-0.0171034
-0.0188856
0.00991139
-1.61048
2.41776
-0.807283
0.0200919
0.021474
0.0268209
-0.0112994
0.0285242
-0.0109658
-0.0234602
-0.0151317
-0.0183347
0.0334664
-0.0142842
-0.0107093
-0.0166551
-0.0152342
0.0134831
-0.013208
0.0240404
-0.027411
-0.000385086
-0.467379
0.00342594
-0.032023
-0.0106113
0.0186329
-0.0294848
-0.0180029
0.0279092
0.197684
-0.173171
-0.0320113
0.00265709
-0.0262761
0.00445639
0.0218197
-0.00408454
-0.0202563
0.202998
-0.0167321
-0.00979312
0.0265253
0.0246296
-0.010777
-0.0111465
-0.0476851
0.0329968
0.0146883
-0.0245185
-0.00307314
0.00055728
0.0217436
-0.0223009
-0.0327094
-0.0298737
0.013926
0.0111196
-0.0250457
0.0277724
-0.017113
0.0294899
-0.00363456
0.0335497
-0.0299152
0.0214487
-0.00423299
0.875822
-0.24572
0.21622
-1.70957
-0.0132303
-0.0117863
0.0224247
-0.00940548
0.00225953
0.0237716
-0.0298817
-0.050932
0.0438618
-0.0067525
0.0243679
-0.0108407
-0.0305078
0.022736
-0.0273004
-0.24663
-0.147839
0.39447
-0.00148786
-0.0193773
0.0227482
-0.0100635
-0.0196913
0.0271689
-1.13628
0.123512
-0.0317423
0.0263818
-0.0273197
-0.0273231
0.00452288
-0.0318662
0.0152111
-0.00355599
-0.102707
0.0578102
-0.0236716
-0.0425762
-0.27885
0.110504
-0.0250709
0.0295482
-0.00447734
0.0193948
0.0158549
-0.0327886
0.0280563
0.023803
-0.0526563
-0.0134234
0.0243595
-0.0109362
0.0146805
-0.0251305
0.02739
0.00750034
0.00407448
0.0606942
-0.0647687
-0.0154934
-0.00946602
-0.0305515
-0.0314078
0.13418
-0.0138496
-0.0265295
0.317328
0.00821634
0.0174411
-0.0333172
0.0298175
0.0213248
-0.0185867
0.788577
0.0188634
0.00407942
0.0187606
0.00188889
0.0213522
-0.000100762
-0.0211516
-0.0263178
0.0112107
0.0131598
-0.0243705
-0.0216409
0.0171072
0.0232529
0.228478
1.46901
-1.69748
-0.00759419
-0.020267
0.0273159
-0.00697688
-0.0214801
0.0214514
0.0219173
-0.0245934
0.0267678
0.0108715
0.0131176
-0.0239891
-0.0237801
0.0131229
0.0106572
0.0140512
-0.0113123
0.0132371
-0.0238152
-0.0171227
-0.0201507
-0.0251609
0.00707459
-0.0245067
0.123024
-0.0298662
-0.0211192
-0.000293598
0.861385
0.0144254
-0.023936
-0.0277709
-1.01652
-2.65093
3.66745
0.000309726
-0.0234458
0.0212293
-0.0203216
-0.000907697
0.0196076
0.0262158
0.0182429
0.0236641
-0.0121501
0.026781
3.37278
0.0204487
-0.0215949
0.0166431
-0.932622
0.363121
-0.0531985
-0.0177477
0.0709462
-0.00919945
0.0218866
-0.0275856
0.00569899
-0.0110369
0.0238421
-0.0247627
0.0126726
0.0125928
0.0123294
-1.67395
-0.00950539
0.0260651
0.0239358
-0.0154625
-0.0116014
-0.0138033
-0.00412209
-0.189386
0.0213538
-0.00710778
0.0180768
0.0174409
0.00670412
0.0218553
-0.0223106
0.000455319
0.0323692
-0.0171991
-0.0151701
0.00151077
-0.0271099
-0.0042979
0.0223098
-0.00779528
0.028639
0.0275575
-0.0229605
0.00200785
0.02066
0.0202913
0.00735446
-0.0250408
0.371702
-0.0160545
0.03352
-0.0168355
-0.0151261
0.0150461
0.0168413
0.0192149
-0.0192641
-0.00547776
0.0220191
-0.0265258
-3.68206e-06
0.00911451
0.0234892
-0.00837289
0.0249652
-0.0247014
-0.0224541
0.018371
0.0319672
-0.0329605
-0.000587212
0.017527
-0.0273889
-0.0268716
-0.0269448
-0.0267029
-0.006681
0.0158878
-0.00957282
-0.00931277
0.0181509
-0.00823951
-0.00937251
-0.00773089
-0.324481
0.381079
0.0169745
-0.0282739
0.0257634
-0.0251405
0.0108563
-0.0117958
-0.011983
0.0246648
-0.0108549
0.0108234
0.0138544
-0.0246778
0.0122728
0.0154426
-0.0242337
0.0130872
-0.0288226
0.00430409
0.0231793
-0.0123325
0.0258383
-0.0135058
-0.0187718
-0.0985287
0.217382
-0.0281688
0.00357753
0.0174517
-0.00924176
-0.0209861
0.0302279
-0.0246959
0.0114656
0.0118671
0.0105577
-0.0120968
0.00125611
0.0108407
-0.00418119
-0.0229978
-0.00150882
0.0121881
0.00506695
-0.0247583
-0.0128077
0.0014954
-0.00446865
-0.0228545
0.0212736
-0.0237075
0.0277832
-0.0557011
0.646028
-0.590327
0.0170366
0.0153326
-0.0328559
-0.0227836
-0.0208097
-0.026788
0.00878514
-0.0136186
0.0245289
-0.0109103
0.0230671
-0.0211783
-0.0457329
-0.0149756
0.0162317
-0.0219813
-0.00146444
-0.0109465
0.0241451
-0.0131986
0.0190522
-0.027795
0.0202008
0.0288864
-0.0303952
0.0152154
-0.014734
0.00289012
0.00254977
0.024218
0.0276185
0.0224724
-0.00286478
0.0279523
-0.0277465
-0.010519
-0.0132611
-0.0053764
-0.0256299
-0.156843
0.0473399
0.0213859
0.0189927
-0.000749799
0.0238534
-0.0106163
-0.017983
-0.00717793
-0.0217508
0.0217349
0.0212242
-0.000775532
0.0243748
-0.00994934
-0.0150399
-0.0088961
0.0180881
0.0277115
-0.0274018
0.294619
-0.50315
0.476684
-0.0144853
0.0113799
0.0122842
0.0227937
-0.00481223
-0.0167827
-0.0187065
0.01356
-0.0245969
0.0127401
0.011102
-0.00314393
0.0281104
-0.0249665
0.0247724
-0.0121796
-0.0120564
-0.0223263
0.0219034
-0.0216331
0.0216862
0.024013
-0.0247628
0.0146805
-0.025147
0.0104664
-0.0198334
0.0157487
-0.0252541
0.0170644
0.00687138
-0.0557796
0.0240384
-0.0065975
0.0249828
-0.0103023
-0.0177526
0.0255572
0.01441
0.00789984
0.0204696
-0.000178316
0.0213275
-0.0193197
0.0258763
-0.0185218
-0.0161983
-0.00884247
-0.0299707
0.0139162
-0.0169129
0.031959
0.01508
0.0133973
-0.0152943
0.0321336
0.0163691
-0.0316634
-0.0157195
0.0330868
-0.0173673
-0.0214791
0.0305936
-0.00302244
-0.0194317
0.0222088
-0.00383781
0.0290494
0.0029178
0.0243279
-0.0134627
-0.0108652
-0.00981212
0.0273391
-0.0170094
0.00763684
0.010434
-0.01966
0.0100872
0.00969889
-0.0163799
0.0277673
-0.0107928
-0.0106505
-0.01449
-0.0282457
-0.0114093
-0.0128243
-0.0245981
-0.00409078
0.0138602
0.0107693
-0.0107787
0.0246389
-0.00410207
-0.0179478
0.0134493
0.0109186
-0.00988655
-0.00933643
-0.0153595
0.0212786
-0.00981302
-0.0282433
0.00239851
-0.0592183
0.0429194
-0.0272966
0.0231154
0.024592
-0.0195251
0.0208188
-0.0208361
-0.0144635
-0.00924408
-0.0275416
0.00673181
0.0134306
-0.0242713
0.00780033
-0.0221908
0.00184294
0.0212242
0.000508334
0.0020682
0.0141635
-0.0202608
-0.0075342
0.0271557
-0.00810358
-0.0131416
0.0239746
-0.010833
0.0260671
-0.0235174
0.027343
-0.00312496
0.0135761
0.0129551
0.0113728
-0.0246965
0.0130907
-0.023707
-0.0254245
0.00744144
-0.024376
0.00933604
-0.0214349
0.0125388
0.0267674
0.000944053
0.0235091
-0.0121292
0.0138564
-0.024635
0.0166401
-0.0214523
0.024352
-0.0109027
0.0295302
-0.00943836
0.0237108
-0.0109707
-0.0247349
0.0126785
0.0125595
0.0122129
0.0280402
-0.016931
0.0249039
-0.00915524
0.00608887
0.0179495
-0.0138741
0.0246881
-0.0108139
0.0224236
-0.00801363
-0.0020292
0.0224988
0.0209687
0.00035885
0.0126832
0.0151384
-0.0320513
-0.00424594
0.0193259
-0.0308758
0.00939667
-0.0246715
0.0130484
0.0109262
-0.0212035
0.0181811
0.0179954
0.00421335
0.0290762
-0.0269703
0.0158763
-0.00617741
-0.00843114
-0.00857821
-0.00943179
-0.0102282
0.0140902
0.0136771
0.0172621
-0.0280549
-0.0243804
0.0137299
0.010824
-0.0253139
-0.0105192
-0.0146993
0.0252185
-0.0291629
0.0045648
0.0222881
-0.0263789
0.0170182
-0.0238566
0.00454978
0.0200422
-0.0242859
0.00476084
0.00978755
-0.0265197
-0.0234894
-0.0192067
0.0244325
-0.0157944
-0.00863806
0.0128311
0.0229839
-0.021141
0.0170239
0.0194311
-0.0173629
0.00845454
0.00739987
-0.0276607
0.0206098
-0.028144
0.0240797
0.00326333
-0.0104406
0.0240167
-0.0107103
-0.00997324
-0.0137338
-0.00727217
-0.0181523
-0.017534
0.0249754
-0.0150731
-0.0093029
0.0272244
-0.0270292
0.0279733
-0.0142798
0.0223896
-0.00810979
0.0126332
0.0108759
0.0118964
-0.0240256
-0.00467074
0.0213108
-0.0167524
-0.0046999
-0.0243293
0.0109059
0.0100345
0.0136763
-0.011595
0.0247758
-0.0122163
-0.0120545
0.024733
-0.0138401
-0.0108274
0.0246675
0.0152373
0.00966657
-0.023514
0.00911492
0.0143991
0.0231487
-0.0170598
-0.0066579
0.0246074
0.0150937
0.00732989
0.0143555
-0.0223691
-0.000683094
0.0216518
0.0204869
-0.020128
0.0243794
-0.0145977
0.0321201
-0.0169817
-0.0214683
0.0307809
-0.0213842
0.0241508
-0.0116448
-0.012506
0.0123549
-0.00461941
0.0226149
0.0294092
-0.000332981
0.00603484
0.00984144
0.0113818
-0.0175592
0.00958839
-0.00401429
0.0292997
-0.0252854
-0.032521
0.0156617
0.0168593
-0.0137059
0.030968
-0.0101714
-0.014209
-0.0145837
0.0254076
-0.00589958
-0.0232633
-0.00345556
0.0204738
0.0241204
-0.0195706
-0.0191734
-0.00511254
0.0108247
0.0138428
-0.0246702
-0.00881404
-0.0147
0.0230409
-0.00746427
-0.0160251
0.00180324
0.0211807
0.00366894
-0.0248099
0.0148226
0.00460851
-0.00746441
0.0280742
-0.0223282
-0.0238168
0.012172
0.0287821
-0.00470246
0.013086
-0.0235266
-0.0239435
0.0139703
0.00664153
-0.0241755
-0.0248319
0.0175598
-0.0290852
-0.0242147
0.00914168
0.0329222
-0.00569784
-0.0274598
0.00398064
0.0253191
0.0160694
-0.0259425
0.00987316
-0.0107187
0.0244876
-0.0118544
0.0265474
-0.0156715
-0.0213685
0.00461608
-0.0213473
0.0166474
0.0260598
-0.0160253
0.0244647
-0.0107884
0.0124514
-0.0245058
0.0125402
0.0122357
0.0255516
-0.0103142
-0.0323536
0.0170535
0.0153
0.0178823
-0.0245402
0.00530405
0.0178446
0.0231186
-0.00802491
-0.0165302
0.000718539
0.0197683
0.00252837
-0.0226564
0.0152995
0.0168207
-0.032214
0.0152322
-0.0308519
0.00938366
0.00953673
0.0212441
0.0159737
-0.0205931
0.0161875
0.00642736
0.0292092
-0.0108241
0.023947
0.0160972
-0.00471546
-0.0282425
0.0145367
-0.0253663
0.0107826
0.0130487
-0.0232201
-0.0295445
0.0246971
0.00487119
0.0192492
0.00626245
-0.0254358
0.0154602
-0.0244749
0.00844971
-0.0136672
0.0246122
-0.010945
0.0229175
-0.0211143
-0.00424085
-0.0161604
0.0204922
-0.011488
-0.0123288
0.0249437
0.00383837
-0.0108616
0.0239476
-0.0135244
-0.0104191
-0.0168974
-0.00793451
0.0279254
-0.0212839
-0.00793217
-0.0162826
0.0326405
0.012664
0.0118236
-0.00457916
-0.0167682
0.0137191
0.0107456
0.013656
-0.0244444
0.0245168
-0.0120654
0.024804
-0.0122638
0.0153881
0.0101635
0.0160604
-0.0263747
0.0243563
0.0249413
-0.0196373
0.0150421
-0.0187083
0.0321877
-0.0168882
-0.0171345
-0.0150794
-0.0203864
0.0304499
-0.0209132
-0.0152104
-0.0171432
-0.00596132
0.0221488
0.00131606
0.0278931
-0.0115607
-0.0166819
-0.00898548
0.0220342
-0.0146269
-0.0107394
-0.0134946
-0.00972554
-0.0229743
-0.0188599
0.0237311
0.0220331
-0.00278392
-0.0149802
0.0017635
0.021154
-0.0238418
-0.00532958
0.0258218
-0.0243577
0.0128697
-0.00414144
0.0290888
-0.0252504
0.0126529
-0.0235145
-0.0244544
0.00755694
0.0161389
-0.0240711
0.0251304
-0.0119723
0.0246363
-0.0212421
0.0166629
0.0245973
-0.0108782
0.0125409
0.0122631
0.0124684
0.0120483
0.0124931
-0.0247569
0.0265467
-0.0111586
0.018447
0.00508524
0.0232674
-0.00822533
0.0168416
0.0153461
0.0151589
-0.0322934
0.0206978
0.00975209
0.00994784
-0.030861
0.0116578
-0.0293737
0.0306898
0.0281325
-0.0271518
0.0155912
0.0112272
-0.0202126
0.0106571
-0.025284
-0.0239617
0.0104672
-0.0278739
0.00489958
-0.0256157
0.00675578
0.00438706
0.0193441
0.00863203
-0.0201753
0.0219388
0.0230311
-0.00187707
-0.026123
0.0207934
-0.0125057
-0.011852
0.00380336
0.0250744
-0.0292158
0.023714
-0.0110611
-0.0103816
-0.0131329
-0.00625023
-0.0182041
-0.0141377
0.022531
-0.00839331
0.0118222
-0.0237944
0.0126287
0.0120076
-0.0167929
-0.00444919
0.010881
0.0137163
0.0248173
-0.0122764
0.0246349
-0.0121664
0.0159737
0.010573
-0.00979107
0.0142955
0.00897191
0.0143453
-0.0225706
-0.0150524
0.031894
-0.0172286
0.0323875
0.0321532
-0.016807
-0.0247691
0.034717
0.0303255
-0.00962768
0.0280487
8.38785e-05
-0.0108771
-0.0162747
-0.015381
0.0309722
-0.0139486
-0.0100131
0.0189709
-0.00774378
-0.0145926
0.0252497
-0.0232644
-0.00460953
0.0278922
-0.0235052
-0.0228758
0.00270058
0.00310214
0.0199289
-0.0055912
0.0293348
-0.0255314
0.0128935
0.0108205
-0.0267336
0.016352
-0.0276067
0.0213565
0.0058544
-0.0240585
0.0246574
-0.0120287
0.0234803
-0.0114727
-0.0212706
0.00447769
0.0166878
-0.021137
0.0240692
-0.0131881
0.0246334
-0.0109171
0.0125312
0.0122861
0.0265005
-0.0153696
0.0108188
-0.024693
0.0228291
-0.00853357
0.0253632
0.0152593
-0.0324878
0.0155049
0.0166482
0.00903044
0.021295
0.00634947
-0.0311186
0.0279876
0.0134506
0.0109014
-0.0109255
0.0243761
-0.026895
0.0160178
-0.0276229
0.0113482
0.00928937
0.00968158
-0.0251614
0.0105688
-0.0245073
0.0105587
-0.0174408
0.009697
0.00390503
-0.0271694
-0.0280032
0.0195288
0.0083634
0.00386279
0.025472
-0.0132819
-0.0134518
0.0234422
-0.0105487
-0.00940183
0.0242592
-0.0148574
-0.0188017
-0.00880498
0.0277188
-0.0218644
0.0126024
0.0120549
-0.00441962
0.0211074
-0.016922
-0.00434855
0.0247398
-0.0139429
-0.010797
0.013722
0.0109114
0.0137045
-0.0246217
-0.0123001
0.0248313
-0.0247042
0.0107812
0.013923
-0.0107832
-0.013921
0.0157819
-0.024713
0.0139298
-0.0244529
0.013483
0.0109699
0.0134486
-0.0243741
-0.0107861
-0.013927
-0.0247222
0.0139362
0.0142591
0.00856996
0.0247314
-0.0107932
-0.0139381
0.0107895
0.0139419
-0.0139328
-0.0166878
0.0321927
0.0322958
-0.017416
-0.0150718
-0.00957406
0.024037
-0.014463
0.0109601
-0.0246487
0.0136886
-0.0213831
0.0310497
-0.0220192
-0.00964748
0.0287326
-0.000744998
0.0109295
-0.0246483
0.0137188
-0.010737
-0.0161579
-0.0100303
-0.0144771
-0.011201
-0.00623981
-0.0146024
-0.010559
0.0252921
-0.0147233
-0.00742281
0.0171198
-0.0143782
-0.0095286
0.0239068
0.0265629
-0.0226578
-0.0226055
-0.00456394
-0.0240179
0.0144438
0.0242164
-0.0046876
-0.0134376
0.0244399
-0.0110023
0.0109719
-0.0244096
0.0109904
-0.0243979
0.0134075
-0.024696
0.013916
0.01078
0.0139466
-0.0256939
0.0295567
0.0294526
0.0125917
0.0108505
0.0108381
0.0139202
-0.0247583
-0.0158256
0.032587
-0.0167614
-0.0120529
0.0246554
0.00438541
-0.0213074
-0.0209912
0.0165716
0.0139154
0.0108271
-0.0247425
0.0246514
-0.0248061
0.0125207
0.0123106
0.0227513
-0.00849217
0.0157139
-0.0324017
0.0170854
-0.0325861
0.0158717
0.0163211
0.00955153
0.0287947
0.0298409
-0.0305859
0.0167099
-0.0274469
0.0143492
0.0107146
0.0145775
0.00982068
-0.0172435
-0.0251115
0.0105091
0.0105057
-0.0311969
0.00859147
-0.0139148
0.00429104
0.0199254
0.00372439
-0.0294183
0.0052717
0.024285
0.0231701
-0.0105783
-0.0109437
0.0107797
-0.0247242
0.0139446
0.0117636
-0.0238165
0.0122393
0.012416
0.00964941
0.0145236
-0.024173
-0.00426561
-0.0167256
0.0209592
-0.00438766
0.0218815
-0.0174961
-0.0170483
-0.00425915
0.013732
0.0109194
0.0248756
0.00856341
0.0141879
0.014126
-0.0226182
0.00945801
-0.0238362
-0.015863
-0.0149809
-0.0176053
0.0327822
-0.0164611
0.0323672
-0.00357253
0.00871627
-0.0227597
0.0140434
-0.0129752
0.029685
-0.0161324
-0.0113145
-0.00830207
0.0181228
-0.0104755
-0.014636
0.0254427
0.0247158
-0.0107823
-0.0049337
-0.0262632
0.0237083
-0.0194173
-0.0259229
0.0296473
0.0123008
0.0108692
-0.0233841
0.0128057
-0.0123106
0.0245499
0.0245118
-0.0120957
0.0164149
0.00454436
-0.0208772
0.0166116
-0.0214555
0.00440725
0.0246652
-0.0109331
0.0246544
-0.013735
-0.0085623
0.0226883
0.0228319
-0.0142685
0.0165033
-0.032315
0.0173341
-0.0328871
0.0152818
-0.0272615
0.0111291
-0.0272688
0.0159543
-0.0251264
0.014651
0.0117147
-0.0200168
0.0104594
-0.0250954
0.00809911
0.0100236
0.0109217
0.0137434
-0.0266651
0.0217314
0.0109112
0.0137659
-0.024677
0.00254641
0.0211619
0.0104003
0.0146778
-0.0250781
-0.00941761
0.0236852
-0.0142676
0.0035934
-0.0295163
0.0237823
-0.0114814
0.0123906
0.0121212
-0.00440585
-0.0170497
-0.00409988
-0.0167774
-0.00452559
0.0209405
0.026107
-0.0168314
-0.00927554
0.01091
0.0137444
0.013731
-0.0246641
0.0167421
0.00936487
-0.0300036
0.0188395
0.0111641
0.030128
-0.0112284
-0.0188996
-0.0258858
0.016669
0.00921672
-0.0167706
-0.00911517
0.0256469
-0.0166914
-0.00895547
0.0299378
-0.0189638
-0.010974
0.0164466
-0.0256305
0.00918391
0.0307206
-0.0194359
-0.0112847
0.014247
0.00858495
0.0140047
-0.022567
0.0112569
0.0194637
0.0255051
-0.00905853
-0.0179691
-0.0149179
0.0329141
-0.0164108
0.0305807
-0.0193239
0.0186989
-0.0295751
0.0108763
-0.016326
0.0253832
-0.00905723
0.0294777
-0.0107788
0.00917914
0.0167972
0.00951303
-0.0263102
0.0161998
0.00918342
0.0186181
-0.0293635
0.0107454
0.0292642
-0.0106461
-0.00939695
0.0261942
0.0302957
-0.0111712
-0.0191245
-0.0161035
-0.011158
0.0252667
-0.00906694
-0.0143719
0.0248313
0.0186312
0.010633
-0.0146952
-0.00807819
0.0197929
0.0191613
0.0111344
-0.0262284
-0.0092432
0.0259853
0.0291631
-0.0105319
-0.0231769
-0.00348827
0.0185392
-0.0290526
0.0105134
0.0109456
0.0189921
0.0289501
-0.0104109
0.011211
0.0193697
0.0298133
-0.0188676
-0.0252811
0.0159547
0.00932639
0.018543
0.0104071
-0.0260138
0.028844
-0.0103011
-0.011195
-0.0188086
0.0250327
-0.010222
-0.0148107
-0.0110699
0.0299094
-0.00908869
0.0257577
-0.0304348
0.0192636
0.0250606
-0.0159348
-0.00912579
0.0109201
0.0188932
0.018545
0.010299
0.00906949
0.0165774
-0.0257801
0.0107609
0.0187168
-0.016561
-0.0186026
0.0157981
0.00926246
-0.0108971
-0.0186781
-0.0304893
0.0110778
0.0194115
-0.0300337
0.0294813
-0.0258878
-0.025629
-0.00388732
-0.0147622
-0.0103223
0.0250845
0.00919785
0.0160689
0.0110475
0.0127348
-0.0192238
0.018933
0.0249725
-0.00917439
0.0150084
-0.0250779
0.0100695
0.0105218
0.0186412
0.0249886
-0.0149513
-0.0100373
0.0184212
-0.0284102
0.00998898
-0.0104487
-0.0243681
0.0137129
0.0106552
-0.0296927
0.0187956
-0.0185307
-0.0187726
0.0287379
-0.0187679
-0.00997006
-0.0120925
0.0244831
0.0282989
-0.00987771
-0.0250372
0.0148451
0.0101921
-0.00997129
0.0286252
-0.0186539
0.0162287
-0.0203286
-0.0207991
0.0046116
-0.0214678
0.017062
-0.0160832
0.0102705
0.0167627
-0.0263867
0.009624
0.0250168
-0.0151369
-0.00987985
0.0184083
0.00989062
-0.00922372
0.0251784
-0.0185118
0.0281673
-0.00965551
-0.0109467
0.0246777
0.0246558
-0.0137458
0.0245584
-0.0137822
-0.0107762
-0.0101918
0.0287368
-0.0250974
0.0152408
0.00985652
-0.0247546
0.00830501
0.0164496
-0.0182518
0.0278454
-0.00959367
-0.0101144
-0.0149228
-0.0245395
0.0138601
0.0106794
-0.0251585
0.0148742
-0.0250038
0.0155572
0.00944661
0.0164911
-0.0252252
0.00873412
-0.0100437
0.025052
0.0181035
0.00964844
-0.027752
-0.0279657
0.00971396
-0.00826351
0.0187666
0.00969194
-0.0250988
0.0154069
-0.024995
-0.0186551
-0.0100822
0.0287374
-0.0288469
-0.00863856
0.0226433
0.022895
-0.00864806
0.022926
-0.0143411
-0.00850972
-0.0140573
0.00997531
0.0186499
0.0112499
-0.0243711
0.0131213
0.0168003
0.0161138
0.0245796
-0.013892
-0.0106877
-0.0329874
0.0161546
-0.0325654
-0.0111196
-0.0138862
-0.0106532
0.0303415
-0.028516
0.00998109
0.0185349
-0.0166972
-0.00852806
-0.0185407
-0.0184291
0.00997718
0.0150396
0.00931358
0.0156589
-0.0220502
0.013972
-0.0250515
0.00991456
-0.0254199
0.00872273
-0.0271196
0.0110161
-0.0250825
0.0103874
0.0106934
-0.00862221
-0.0167977
0.0248796
-0.0155324
-0.00934721
-0.0246288
0.0138368
0.010792
0.0179475
-0.0275423
0.00959479
0.0240633
-0.0110362
-0.0130271
-0.0156903
-0.0254821
0.01667
0.0088121
-0.0272732
0.00409632
-0.0305645
0.0270762
-0.010815
-0.0138201
0.0246351
0.0246334
-0.0138536
-0.0107797
-0.0297153
0.0107991
0.0189162
-0.0107854
-0.0138434
-0.0097746
0.0281829
-0.0104876
-0.0138805
0.00946895
0.0154107
-0.0282864
-0.0244467
0.0109199
0.0135267
-0.00952676
0.0276303
0.0108839
-0.0244088
0.0135249
-0.0242618
0.0132276
0.0110343
0.013626
0.0104373
-0.0109016
-0.0135451
-0.00871485
0.0255985
-0.0168837
-0.0153495
-0.00974788
0.0225164
-0.0139286
-0.00858779
-0.0138396
-0.010795
0.0246345
0.015884
0.00954243
-0.0254264
0.00967208
0.0184952
-0.00981066
-0.0246071
0.0138839
0.0107232
0.0135428
-0.0244444
-0.00916535
0.0167522
-0.00758682
0.0251526
-0.0154607
0.0296704
-0.011016
-0.0186544
-0.0138833
-0.0107989
0.0246821
0.0111161
-0.0243501
0.013234
0.0244267
0.00947587
-0.0272141
0.0177382
-0.0250373
0.0148153
0.0179081
-0.0274194
0.00951131
0.0244303
-0.0108337
-0.0135967
-0.0302562
0.0190278
-0.0106876
0.0245477
0.0101897
-0.0250004
0.0140708
0.013848
0.00938496
-0.0249174
0.0272942
-0.00938606
-0.00952317
0.0232361
-0.0244698
-0.0288501
0.0271377
-0.0176618
0.0246182
-0.0107814
-0.0237625
0.0142393
-0.0256864
0.0169715
0.0249422
-0.00947195
0.0280643
-0.0183923
0.0101778
0.0148722
-0.0250501
0.0132827
-0.0242647
0.010982
-0.0138887
-0.0107184
0.0262757
-0.0151007
0.0243627
-0.0132467
0.00969163
0.0183727
0.0131418
-0.0245882
0.0114464
0.0347636
-0.0177541
-0.0170096
-0.0187599
0.00940807
0.00935181
-0.0243959
0.0133068
0.0110891
0.0291236
0.000357681
0.00366888
-0.0295567
-0.0245033
0.0135057
0.0109976
-0.023708
0.0114348
0.0122732
-0.013029
0.0240765
0.0138715
0.0107576
-0.0246292
0.0240199
-0.0110555
-0.0129644
0.0231238
-0.010389
-0.0109792
0.00920967
-0.018375
0.0138293
0.0107889
0.0242049
-0.0134055
-0.0107994
-0.0182741
-0.0246872
0.010804
0.0249009
-0.015432
0.0138836
0.010808
-0.0246916
-0.0132656
-0.0110845
0.0269601
-0.0176873
-0.00927279
-0.00942968
-0.0177844
0.0246171
-0.0107455
0.0109227
-0.0242257
0.013303
-0.0108057
0.0246745
-0.0138687
0.0246769
-0.0138773
-0.0107997
-0.0108773
0.0275308
-0.00882396
-0.0187069
-0.0139313
-0.0088869
0.0228182
0.0252664
-0.010991
-0.0142753
0.0132065
0.0109944
-0.0242008
-0.013342
-0.00862629
-0.0170601
-0.0148594
0.016647
0.00933828
0.0100835
0.0117448
-0.0238373
-0.0258613
0.0169855
0.00887583
0.0250348
0.024277
-0.0110494
0.0119465
0.0125366
-0.0158166
0.0248977
-0.0090811
0.0107417
-0.0246341
0.0138924
-0.00557875
-0.0158891
0.0195273
-0.0032986
-0.00323636
-0.0170922
-0.0160731
0.0206847
-0.0108221
0.0295947
0.00961973
0.0182257
0.0176139
0.00952372
0.01541
-0.0248847
0.00947478
0.0167757
0.00882278
0.0247035
-0.0115617
0.0260013
-0.00882031
-0.017181
0.0266986
-0.0173769
-0.00932179
-0.0246433
0.0108037
0.0327862
-0.0182756
-0.0145106
0.0109002
0.0137556
0.0107068
-0.0245988
0.0114498
-0.0224343
0.0109845
0.0137317
-0.0246785
-0.0246386
0.0138415
0.0107971
0.0135627
0.0108676
0.0133473
-0.0244146
0.0110673
-0.0139775
0.0246135
-0.010636
0.0245907
0.0134718
-0.024508
-0.0110486
0.0117485
-0.0236945
0.011946
0.0156416
0.0171446
0.0248843
-0.00947434
-0.00870638
0.0243918
0.0238427
-0.0125952
-0.0112475
-0.0284788
0.00946988
0.0190089
-0.0137439
-0.0109461
0.0246899
-0.0110256
0.0242321
0.013889
-0.0246878
0.0109923
0.0246822
-0.0107932
0.0108012
0.0138758
-0.0107468
0.025408
-0.0146612
0.0247185
-0.0107947
-0.0139238
-0.0245151
0.0136611
0.0108539
-0.0244974
0.013768
0.0107294
-0.024991
0.0189307
-0.0310508
0.0121201
-0.0242789
0.0108533
0.0134257
0.0164881
0.0206594
-0.0245073
0.0136191
0.0108882
-0.0090896
0.0251134
-0.0102412
-0.0261413
0.0168658
0.00861555
0.0143105
0.0138779
0.0139622
0.0086811
0.0134445
-0.0244629
0.0110184
0.0277911
-0.0092257
-0.0185654
0.0180827
-0.0255604
-0.0181603
0.00958726
0.0153137
-0.0231551
0.0110166
0.0138018
-0.0248184
0.0171558
-0.0257821
-0.0297885
0.00896675
0.0185641
0.0103394
-0.024156
0.0138166
-0.0246429
0.0107893
-0.0138452
-0.0107934
-0.0164987
0.0326533
-0.0172077
-0.0157797
-0.0251972
0.0103444
0.0148529
-0.0128742
-0.0108424
0.0237166
0.0178645
0.0246506
-0.0107678
-0.0138828
0.0345816
0.0107915
0.0173117
0.00938697
-0.022925
0.0121783
0.0246066
-0.0107772
0.0283174
-0.0182207
-0.0100967
-0.0265719
0.0172412
0.00933075
-0.0131352
0.0243851
-0.0136702
-0.0107014
0.0243715
-0.0109217
-0.0127863
-0.0110189
0.0248367
-0.0138178
-0.0188184
0.030613
-0.0117946
-0.0134097
-0.0110049
-0.0110956
-0.0137332
0.0248289
0.00959854
0.0152857
0.0243009
-0.0139615
-0.0150409
-0.0101563
0.0108065
0.0137192
-0.0245257
0.0185473
0.0092438
-0.0246008
0.0107556
0.0244227
-0.0119765
-0.0124462
-0.0276934
0.0178973
0.00979611
0.0245714
-0.013878
-0.0273072
0.0183135
0.0089937
0.00769437
-0.0161022
0.00840784
-0.00949439
-0.00874415
0.0245126
-0.0130778
-0.0180142
0.0276626
0.0190369
-0.0308782
0.0118413
-0.00976637
-0.017927
-0.0160437
-0.011076
0.0132053
0.0142604
0.00910739
-0.0233678
-0.0101611
-0.010326
-0.0147565
-0.0247055
0.0108205
0.0138849
0.0109339
0.0107008
-0.0246697
0.0139689
-0.00896617
-0.018341
-0.0181322
-0.0107972
-0.0134817
-0.0159393
-0.00905168
0.0110167
-0.0244264
-0.0242784
0.0135774
0.0107009
0.0123717
0.012051
-0.0243844
0.0115102
0.0170864
0.00891486
0.0246163
-0.0163113
0.0172511
-0.0260715
0.0246296
-0.0139288
0.0185444
0.0101924
-0.0138665
0.0246039
-0.0107374
0.0112424
-0.0300164
0.0244612
0.0158063
-0.00811195
-0.0108036
0.0138295
-0.0246554
0.0108259
-0.0247521
-0.0138789
0.024687
0.0137668
-0.0245799
0.010813
-0.013766
-0.0108348
-0.0248402
0.00997267
0.0148675
0.0120592
-0.0229838
0.0109246
-0.0274819
0.0185157
0.0246917
-0.0108028
-0.013889
-0.0110071
-0.013784
0.0247911
0.0107506
-0.010831
-0.013684
-0.0279723
0.0177403
0.0102321
0.0221313
-0.00991922
-0.012212
-0.0108222
0.0245449
-0.0137227
0.0258637
-0.0246214
0.0107328
-0.022748
-0.00452515
-0.00853826
0.0256941
0.0244479
-0.0137734
-0.0106745
-0.0253271
0.0155073
0.00981974
-0.0158358
0.00786549
0.00797026
0.00834399
0.00840818
0.0108606
0.0133443
0.00977955
-0.0249063
0.0151268
-0.02726
0.00959817
0.015695
0.00892132
-0.0283106
0.0100025
0.0183082
0.0244089
-0.0106823
-0.0137266
-0.0247274
-0.013792
0.0248086
0.0097389
-0.0288639
0.019125
-0.010837
0.0244981
-0.0110926
0.0243995
0.0107373
-0.0244074
-0.0114555
0.0239417
-0.0124862
-0.0134804
-0.0109825
-0.0242955
0.013142
0.0111535
-0.0281314
0.00921271
0.0189187
0.0129814
-0.0241741
0.0111927
-0.012037
0.0309677
-0.0156128
-0.00971427
-0.0107986
-0.0139289
0.0129355
-0.024391
0.0245102
-0.010809
-0.0137012
0.00844747
-0.0222993
0.0138518
0.0247112
-0.0137778
-0.0109333
0.0139764
0.0107384
-0.0247148
-0.0137555
0.0247887
-0.0110332
0.0310265
-0.0190732
-0.0119534
-0.0155035
-0.00938122
-0.0185151
0.0245719
-0.010805
-0.0246512
0.0108058
0.0138454
-0.0131146
-0.0115586
0.0246732
-0.0133651
0.0137476
0.0108242
0.0109752
0.0137054
-0.0246806
-0.0114323
-0.0130201
0.0244524
0.0109158
0.0138478
-0.0247636
-0.0183217
0.0136791
-0.011305
0.0244003
-0.0130953
-0.016439
0.0256229
0.0245988
-0.0108077
-0.0137911
-0.0298404
0.0194937
0.0103467
-0.0193312
0.0305736
0.0138974
-0.0246554
0.010758
-0.0131794
-0.0111161
-0.0137745
-0.0108053
0.0248855
-0.0147549
-0.0113784
0.0261333
0.0307807
-0.0117438
0.0134623
-0.0242595
-0.0279432
0.0183495
0.0118782
-0.0306966
0.0171982
0.00962539
-0.0268236
-0.00892786
-0.017354
0.0262819
-0.0115844
0.0240586
-0.0124742
0.0284271
-0.0247279
0.0136917
0.0110362
0.00919163
0.0175043
-0.0266959
-0.00922844
-0.018903
0.0182119
0.0101055
-0.0110054
0.0300669
-0.0190615
-0.00951863
-0.0189602
-0.0260071
0.0171603
-0.0248055
0.0109092
0.0138964
0.0138878
0.0108125
-0.0247003
0.0177572
-0.0250637
0.00730643
0.00986778
-0.0285107
0.018643
0.0135397
-0.0243338
0.0107941
0.0101522
0.0182235
-0.0283757
-0.0134641
0.0236231
-0.010159
0.013903
-0.0245906
-0.00985456
-0.0179534
0.0278079
0.0137205
-0.0245427
-0.0259499
0.00990308
0.0160468
-0.0106566
0.0244511
-0.0137945
-0.0139069
-0.0108636
0.0247705
-0.0250651
-0.0139403
0.0248021
-0.0108618
0.0236336
-0.0100938
-0.016059
-0.00979564
0.0258547
0.010771
0.0138797
-0.0246574
0.0138895
-0.013663
-0.0110649
0.0245525
-0.0108049
0.0113039
-0.0305277
0.0137872
0.0108116
-0.0107932
-0.013866
0.0246592
-0.0246781
0.0123012
0.0123768
0.01742
-0.0263479
0.0107858
0.0138208
-0.0242268
0.0108213
0.0246156
-0.0139012
-0.0107144
-0.0139017
0.0246813
-0.0107797
0.00925847
0.0156392
0.0246578
-0.0108283
-0.0138998
0.0247002
-0.0108005
-0.00926026
-0.0137358
0.0322015
-0.0184657
-0.0245223
0.0136449
0.0108774
-0.018888
-0.00942408
0.0283121
0.0109048
0.0138354
-0.0247402
0.0171242
-0.0256625
0.0280243
-0.0102671
0.0095116
-0.025729
0.0162174
-0.0160241
0.0256422
-0.00961808
-0.0344761
0.0174386
0.0170375
0.0108293
-0.0247361
-0.0175027
-0.00925861
0.0267613
0.0108728
0.0136077
-0.0244805
0.0300632
-0.0116989
-0.0183643
-0.011018
-0.013516
0.024534
-0.0138829
-0.0108226
-0.026171
0.017437
0.00873395
0.0283102
-0.0230239
-0.00528629
0.0122006
0.0109232
-0.0139084
0.0246639
-0.0107555
0.00952605
-0.0284141
0.0284027
0.013705
0.0108399
-0.0261359
0.0298048
-0.0300622
0.0113758
0.0186864
0.00963364
-0.0286204
0.0189868
-0.0137843
-0.0107131
-0.0136684
0.0107795
0.0138001
-0.0245796
-0.0246885
0.0107868
0.00938655
-0.0268893
-0.0244198
0.0135861
0.0107643
-0.0246728
0.0138138
0.0107457
-0.0245595
0.0100661
-0.0265051
0.016439
-0.0257328
0.00970866
-0.0247991
-0.010709
0.024527
-0.0138179
-0.0116101
-0.0162721
0.0278821
-0.015526
-0.00957278
-0.0105492
-0.0192912
-0.00970219
-0.015138
0.012794
-0.027549
0.0176316
0.00932851
0.0116301
-0.0308099
0.0191798
0.0292703
-0.0178411
-0.0114292
-0.0179829
-0.00955942
-0.0107478
0.0246452
-0.0303363
0.0152375
-0.0277639
0.0101134
0.0176505
0.0245652
-0.0138378
-0.0107274
-0.0109703
0.0248195
-0.0138493
-0.0248293
0.0138591
0.0139004
0.010773
-0.0246734
-0.024776
0.0137093
0.0110667
0.010905
-0.0247572
0.0138522
-0.0108083
0.0246557
-0.0138474
-0.0247049
0.0108051
-0.0245587
0.0110071
0.0135516
0.0160174
-0.0276274
-0.0176644
-0.0100995
-0.0222941
0.0113723
-0.0183928
0.0311394
-0.0127466
0.0118912
0.0191354
0.0109043
0.0134828
-0.0243872
-0.025169
0.00964297
-0.0186518
-0.0114104
0.027192
-0.00887848
0.0169829
-0.0347369
0.013737
0.0108155
-0.0110222
0.024824
0.0247013
-0.0109447
-0.0137566
0.0254579
-0.0135114
0.0246339
-0.0138694
-0.0107644
-0.00334443
0.027592
-0.0242476
-0.0268235
0.00944667
-0.00877489
-0.00920226
0.0264434
0.0101212
-0.0240986
-0.0190701
0.0307002
0.0100895
-0.0285186
0.0169461
-0.0255683
-0.0109126
-0.0138589
0.0247715
-0.0199485
0.0167122
0.00930191
-0.0272494
0.0179475
-0.01903
-0.0123082
0.0313383
-0.0295547
0.0185839
0.0109707
0.0246491
-0.0108076
-0.0302013
0.0191959
0.0138971
-0.0241959
0.0109197
0.0132762
-0.0258771
0.0116517
0.0184115
0.00409728
-0.0211895
-0.0109864
-0.0138429
-0.0150325
0.0250052
-0.024339
0.0130621
0.0112769
-0.0212842
0.0157054
-0.0181618
0.0274686
-0.00930681
0.0100198
-0.0259957
0.0159759
0.0134985
0.0109824
-0.0244809
-0.0243944
0.0137378
-0.0160477
-0.00995931
0.0108628
-0.0248031
0.0137788
0.0109202
-0.024699
-0.0261414
0.00896047
-0.0109598
0.0246916
-0.0107563
-0.0138991
-0.013757
0.0246572
0.0109352
0.0137565
-0.0248488
0.014046
0.0107692
0.0138647
0.0138804
-0.0247023
0.0108219
0.0299416
-0.0185658
0.0246647
0.00859589
-0.0244308
0.0158349
-0.00778115
-0.015345
0.0231262
0.0138916
-0.024761
0.0108695
0.0301485
-0.0186141
-0.0115343
-0.0171873
0.0265181
0.013676
-0.0245184
-0.024596
0.0107784
0.0138176
0.0148229
0.0102905
-0.0246819
0.0139263
0.0107555
-0.0300955
0.011287
-0.010756
-0.0139258
-0.0130771
0.0311623
-0.0180852
-0.0135058
0.0244101
0.0138105
0.0107473
-0.0245578
-0.0108461
-0.0138868
-0.01075
0.0246368
0.0108349
0.0112964
0.0114861
0.0189528
-0.0304389
-0.0185624
0.0138883
0.0107939
-0.0137986
0.0247143
-0.0109157
0.0246098
-0.0120732
0.0244889
-0.011358
-0.0131309
-0.0109606
-0.0137179
0.025367
-0.00869696
0.0120638
-0.0309131
0.0188493
-0.0153361
0.023932
-0.0116588
0.0302322
-0.0185734
0.0247009
0.0245271
-0.0134557
0.024309
0.00936958
0.0151077
-0.0244773
-0.0298804
0.0114967
0.0125356
-0.0314965
0.0189609
0.0251512
-0.0137342
-0.011417
-0.0247244
0.0108215
0.0139029
-0.0247773
0.0110218
-0.0107882
0.0245074
0.0247509
-0.0138459
0.0268268
-0.017089
-0.0097379
-0.0110253
-0.0181389
0.0291643
0.0305421
-0.0121613
-0.0183808
0.0138705
0.0107009
0.017031
0.00979585
-0.0274257
0.00908464
0.0176208
-0.0273967
0.00977588
-0.0246642
0.013871
0.0249403
-0.015353
0.0138503
-0.0246586
-0.0104159
0.0156921
-0.0299506
0.0182396
-0.0313167
-0.0191566
-0.0116532
0.0136365
-0.024702
0.0110655
0.0134155
0.0353076
-0.0121951
-0.0231125
-0.00823985
-0.00759591
0.010932
0.0137693
-0.0108698
0.0247613
0.0267067
-0.00950857
-0.0136086
-0.0106698
0.023437
0.00487325
-0.0218587
0.0112931
0.0105655
0.00853755
-0.0260823
0.0175447
0.0238954
-0.010914
-0.0139473
-0.0107224
-0.029841
0.0182619
0.0115791
0.0110487
0.0134125
0.0160703
-0.0251599
0.0329043
-0.0186343
-0.01427
-0.0138414
-0.0107597
-0.0137877
0.0245474
-0.0175413
0.0296625
-0.0121212
-0.0137375
-0.0107882
-0.0224384
-0.0286865
0.0183378
0.0103487
-0.0183253
0.0284775
0.0107366
0.0138286
0.0138503
0.0164574
-0.0255159
0.0136719
0.0110392
0.0138661
-0.0247787
-0.0109855
-0.0134674
0.0243857
-0.012157
-0.0122287
-0.0283915
0.00964258
0.0187489
-0.0246411
0.0123576
0.0122836
-0.0138345
-0.0108209
0.0119085
0.0124771
0.0284184
-0.0183289
0.0266312
-0.0174396
0.0108041
-0.024523
0.0137189
-0.0138746
0.0246867
-0.0108121
0.0137005
0.0107084
0.0138254
-0.0245344
0.0130214
0.0183777
-0.0313991
-0.01677
-0.00990052
0.0266705
-0.0192583
-0.010652
0.0299103
0.0184723
-0.0327825
0.0143101
0.0230147
0.0181396
0.00903533
-0.027175
-0.0172853
-0.0171908
0.0283992
-0.0101757
-0.00872617
0.0226041
0.0127149
-0.00841688
0.0262187
-0.0178018
0.0277805
-0.0180416
-0.00973897
0.016061
-0.0332687
-0.0293134
0.0182881
0.0181165
-0.0311123
0.0129958
-0.0106875
0.0245418
-0.0138542
-0.0109299
0.0247088
0.0245078
-0.0110093
-0.0122569
-0.0123842
-0.0107733
0.0245871
-0.0190017
0.0287406
0.0139064
-0.0246542
-0.010131
0.0296246
0.0172068
-0.024547
0.025503
-0.00981085
0.0181652
0.0112143
-0.0293795
-0.0300074
0.0107491
-0.0156011
0.0250477
0.0113397
-0.0243598
-0.010809
0.0246968
0.0109878
0.0115399
-0.0225277
-0.0104841
0.0159373
-0.032436
-0.0108624
0.0244929
-0.0134744
0.0276359
-0.00991111
-0.0177248
-0.0107368
0.0246431
0.0169452
-0.0255717
0.00862649
0.0180102
0.0102316
-0.0282418
0.0246661
-0.0138689
-0.0107973
0.0107432
0.0138607
0.0101627
-0.0269328
-0.0257492
0.0162454
0.0165949
-0.0323746
-0.010367
-0.0176054
-0.0188146
0.0313502
-0.00945018
0.0253341
0.0138644
0.0109551
0.0127429
0.011485
-0.024228
0.0244919
-0.0142064
-0.0181288
0.0323351
0.0247104
-0.0107822
-0.0139282
0.0182876
0.0109827
0.0246664
-0.0138934
-0.0108057
0.015823
0.00935539
-0.0138828
0.0246954
0.012336
-0.0310687
0.0187327
-0.0137447
-0.0110103
0.024755
-0.00976614
-0.0190977
0.0137541
0.0106938
0.0344214
-0.0274179
0.00983951
0.0175784
0.0303106
-0.0188245
-0.0173613
0.0258988
0.0138723
0.0108922
-0.0247646
-0.0192205
0.0295672
0.0108565
-0.0269002
-0.0243583
-0.0140068
-0.00981776
0.0238246
-0.0109823
-0.0138091
0.0247913
-0.00918653
-0.0169548
-0.0278961
0.025156
-0.0152995
0.024768
-0.0109202
0.0137983
0.0107731
-0.0245714
-0.0244712
0.0109909
-0.0245276
0.0135096
0.0109988
0.0138098
-0.0107294
0.0245398
0.0285499
-0.0233774
-0.00517247
0.0175844
-0.0333219
0.0157376
-0.020055
0.0299726
-0.0099176
-0.0275969
0.00943518
-0.0189871
0.0109985
-0.0247432
0.0243576
-0.00920626
-0.0151513
-0.00905565
0.0265599
-0.0247996
0.0138173
0.017742
0.0307787
-0.0187149
-0.00963485
-0.0187567
-0.0135339
-0.0110248
-0.01095
0.0247948
-0.0138448
0.0255041
-0.012932
-0.0103748
-0.013959
0.0186983
-0.0303571
0.0110279
0.013737
-0.0247649
-0.0188486
0.0292894
-0.0104408
0.0141192
-0.0251952
-0.0178672
-0.00996632
0.0278335
0.0138274
0.010883
0.0244206
0.0176077
0.0176998
-0.0138111
0.0246839
-0.0108728
-0.00973687
0.0271689
-0.0174321
-0.0263683
-0.0246483
0.0136742
0.0109741
0.0243462
-0.0135422
-0.0205057
-0.00983065
0.0136712
-0.0243726
-0.0109317
0.0247299
0.0109735
0.0134214
-0.0243948
0.0242578
-0.0106804
0.0117106
0.0246083
-0.0138574
-0.0107509
0.02468
-0.0138048
-0.0108752
0.0101262
-0.0249856
0.0119399
0.0184058
-0.0303456
0.0134773
0.0110394
-0.0245167
-0.0286487
0.0051258
0.0235229
0.030389
-0.0190851
-0.0245199
0.0107356
0.0108406
-0.0247768
0.0139362
-0.0292743
0.0114332
0.0114471
0.0188635
-0.0279421
0.0100749
-0.0111504
-0.013681
0.0248314
-0.018871
-0.0121798
0.0285091
-0.0188754
-0.0125241
0.0318079
-0.0192837
0.0188084
0.0140959
0.014278
-0.0329122
0.0144973
0.0106539
0.0269822
-0.00908477
-0.0178974
-0.0109896
-0.0136587
0.0108001
0.0106716
0.0138191
-0.0244906
0.0109961
-0.0248139
-0.0135767
-0.0109314
-0.013862
0.0246713
-0.0108093
-0.0106639
0.0243352
0.0098094
-0.0280835
0.0109917
-0.0245764
0.0107918
0.0137846
-0.0182872
-0.0103993
-0.0185983
0.0298536
-0.0112553
0.0138507
0.0108293
0.0183381
-0.0328185
0.0144804
0.0127595
0.0110832
0.0290804
-0.0181544
-0.010926
0.0136965
0.00994945
-0.023646
-0.0107035
0.0244715
-0.0128932
0.0246417
-0.0108427
0.024734
-0.0138913
-0.0283485
0.00560044
-0.0130785
0.0245107
-0.0114322
-0.0242149
0.0116197
-0.010645
0.0246214
0.0281367
-0.0101265
-0.00865942
-0.0175116
-0.0136879
-0.0110881
0.0279807
-0.0102404
-0.0266732
0.0178243
0.00884886
-0.0108267
-0.0136963
-0.0112258
-0.0185106
0.0297364
-0.0103292
0.0251521
-0.0247102
0.0107892
0.00995654
0.0176794
-0.024706
0.0109074
0.010945
-0.0248239
0.0138788
0.0327503
0.0250855
-0.0250479
0.0147218
0.0113433
0.0178427
0.00913948
-0.0293929
0.0105443
-0.0269346
0.00984568
0.0138338
-0.0246111
-0.0250831
0.0103266
-0.0247202
0.0138682
0.010852
0.0267288
0.00182108
-0.0170365
0.0259513
0.0245596
0.0181784
0.0129839
-0.0108776
-0.0138834
-0.0172702
-0.00887122
-0.00973164
0.0264219
-0.0166903
-0.0251058
0.0147835
0.010821
0.0139326
-0.0247537
0.0247445
-0.0139235
0.0296155
-0.0106993
-0.0171417
-0.00979289
0.0121087
0.0184334
0.0245532
-0.0110759
0.0109561
-0.0306729
-0.0138796
-0.0108963
0.0247758
0.013854
-0.024804
-0.0245432
0.0247909
-0.0110816
-0.011194
0.0248305
-0.024705
0.0108271
0.0138779
-0.0150612
-0.0138991
-0.0108253
-0.030707
-0.0300271
0.0114613
0.013887
-0.0247167
0.0108297
0.0108183
-0.0247084
0.0138901
-0.010875
-0.013721
0.00903419
0.0153234
-0.0107337
-0.0136047
0.0243383
-0.0246555
0.00961455
0.0245387
-0.0108421
0.0320443
-0.0136288
-0.0184155
-0.0115829
-0.018258
-0.0108181
0.0246521
-0.013834
0.0186805
0.0138488
-0.0325293
-0.00962086
-0.017797
0.0139077
-0.0138025
-0.0107953
0.0245979
0.0121801
0.0191219
-0.031302
-0.0139815
0.0245021
0.0246252
-0.0138836
0.0245981
-0.0107643
-0.0137968
0.0186278
0.0108427
-0.0247607
0.0139179
-0.0109213
-0.0138842
-0.0315714
0.0188881
0.0126833
-0.0139464
0.0246848
-0.0250978
0.0143155
-0.0138797
0.0247277
-0.0108481
0.0128762
-0.0200196
-0.0247181
0.0129056
0.0175707
-0.0268293
-0.0279197
-0.0115297
-0.0131884
0.0299039
-0.0182522
0.0109056
-0.0247167
0.0247032
-0.0248233
0.0109804
0.0277047
-0.0175913
0.0248132
-0.0138682
-0.0150356
-0.00950134
0.024537
-0.02646
0.0167284
0.0157884
-0.0257842
0.0191252
0.0100967
-0.0292219
-0.0107388
-0.0138952
-0.0107645
0.0115007
0.0131744
-0.0246751
-0.0086956
0.0164755
-0.00777987
-0.0190014
0.0289809
-0.00997946
0.013276
-0.02376
0.0144024
0.0136219
-0.0114806
-0.0133461
0.0248267
-0.0188116
-0.0127598
0.0249055
-0.0153069
0.0138077
-0.0248331
0.0110254
0.0227715
-0.0107124
-0.0247556
0.0137035
0.0110521
-0.0137822
0.024574
0.0131449
-0.0241317
0.0129377
-0.0108945
0.0247668
-0.0115741
0.0302724
0.011616
0.0189116
-0.0305277
0.00933802
-0.0243737
0.0181561
-0.0324143
0.0142582
0.0128296
-0.026018
0.0101785
0.0109747
-0.0247838
0.0139276
-0.0246506
0.010723
0.0319872
-0.0138311
-0.0250036
0.0146743
0.0247534
-0.013975
0.032935
-0.0183781
-0.014557
-0.0246524
0.0136243
0.0110281
0.0272883
-0.00966748
0.0279674
-0.0188623
-0.0137827
-0.0110357
0.01275
-0.022797
0.010047
-0.0126101
0.0312815
-0.0186715
-0.0314187
0.0123887
0.0109977
-0.0247817
-0.0138791
0.024691
-0.0108119
0.0247011
-0.00900607
-0.0311102
-0.0242374
-0.0138272
0.0226162
-0.0126667
-0.0181448
0.0339587
-0.0158139
-0.0108078
-0.0139381
0.0247459
0.010905
0.0138093
-0.0110722
-0.0136834
-0.0248134
0.026721
-0.0109326
0.0246538
-0.0138767
-0.0107772
0.0290964
-0.00997117
0.0108066
0.0138619
-0.0246684
-0.026078
0.016624
0.00945405
0.0235778
0.0139717
0.0108304
-0.0247545
0.0139467
-0.0138861
0.0247953
0.0135262
0.0185181
0.0138066
0.0109239
-0.0247305
-0.0151374
0.024917
0.00969967
-0.0236276
0.013928
-0.015855
0.0252103
-0.0138167
-0.0109972
0.0226086
-0.0134403
-0.00916826
0.0245962
-0.013853
0.0247599
-0.013732
0.0152393
0.00970096
-0.0134882
0.0108471
-0.0247267
-0.0314902
0.0191819
-0.0247348
0.0108947
0.0138401
0.0220909
-0.0093409
-0.0286279
0.0100871
-0.0244639
0.0136727
0.0107912
0.0144443
0.0184907
-0.0246912
0.0108166
-0.0192635
-0.0123036
0.0315671
0.0116181
-0.0110323
-0.0136201
0.0242273
-0.0120266
0.023247
-0.0138253
-0.0094217
-0.0323639
0.0186281
-0.0253969
0.00934913
-0.0139521
-0.0107628
0.00763425
-0.0337701
-0.0256215
0.0162142
0.0094073
-0.0138736
-0.0108087
0.0246823
0.024721
-0.013661
-0.01106
0.013752
-0.0247225
0.0109705
0.0337829
-0.017966
-0.0158168
0.0123783
-0.0316418
0.0328297
-0.0140213
0.00934497
0.0181236
0.031261
-0.013872
0.0235717
-0.0178648
-0.0109532
0.028818
0.0323131
-0.0189086
-0.0134044
-0.0246108
0.0139339
0.0106769
-0.0292355
0.0113157
0.0179198
-0.027318
-0.00133069
0.0204426
0.0108131
0.0304316
-0.0123152
0.0131945
0.0116411
-0.0248357
-0.0298236
0.0113131
0.0100688
0.0187631
-0.0288319
0.0140024
-0.0231105
0.00910806
-0.0193104
0.0295425
-0.0318619
0.0193378
-0.0239371
0.0128353
0.0111018
0.0248044
-0.0109968
-0.0246032
0.0126266
0.0269533
-0.0171137
0.0305303
-0.0195742
-0.0121939
0.0245627
-0.0135556
-0.0196818
-0.0126922
-0.0132577
0.0108273
-0.0247264
0.027577
-0.00967975
0.00746596
-0.0292957
0.0111567
0.0134087
-0.0356804
0.0222717
-0.010542
0.0241226
-0.0135806
0.0250629
-0.0100703
-0.0149926
-0.0247741
-0.00982777
0.0270208
-0.0171931
0.0107174
0.0139122
0.0245801
-0.0110285
-0.0134192
-0.0251209
0.016825
0.00829586
0.0259591
-0.0126791
-0.01328
-0.0314247
-0.0107641
0.0245642
-0.0172519
0.00855633
0.0116414
-0.0240888
0.0124474
0.0245938
-0.0108065
0.0239937
-0.0247628
0.0101182
0.0146447
0.0100885
-0.0290899
0.0138624
-0.0245499
-0.0136413
0.0246473
-0.011006
0.0174291
0.016637
-0.034066
0.0154139
0.0178479
0.0109092
0.0316434
-0.018731
-0.0129124
0.0139187
-0.0246421
0.0107233
-0.0246815
0.0138635
0.0138748
0.00883054
-0.0227054
-0.00961463
-0.0190058
-0.0181473
0.0305823
-0.012435
-0.0126084
-0.00754763
0.0159558
-0.013524
0.0245157
-0.013939
0.0247683
-0.0240695
-0.0129968
0.0317949
-0.0187981
-0.00920427
0.0232067
-0.0115934
0.0247383
0.0251715
-0.0100638
0.0139148
-0.0231191
-0.0111305
-0.0137714
-0.0109306
-0.0110403
0.0137336
-0.0246934
0.0108048
-0.0246073
0.00945383
-0.0266412
-0.0179618
0.00890677
0.00905498
-0.0126423
0.025536
-0.0128937
0.0138979
-0.0247406
-0.0254286
0.0141723
0.0112562
-0.00337397
-0.0247073
0.0108244
0.0245308
-0.0108259
0.0256236
-0.0132498
-0.0137607
0.0246002
-0.0108395
-0.0303987
-0.0284167
0.0190896
0.00932708
-0.0244115
0.0137292
0.0124661
0.0188841
-0.0108015
0.0268189
-0.000157501
0.0251634
-0.0250059
0.0110156
-0.0246122
0.0135965
0.0138734
0.0107804
0.0248171
-0.0109104
-0.0139067
-0.0138602
-0.0108599
0.02472
-0.0138928
0.0138008
0.0109903
0.00833764
0.0152285
-0.0235661
-0.00930371
-0.0164297
0.0257334
0.0118298
0.0187375
-0.0305673
-0.0304307
0.0120772
0.0183535
-0.0185966
0.0309325
-0.0149356
0.0250567
0.0314518
-0.0182067
-0.0132451
-0.0270178
0.01719
-0.024299
-0.0247869
0.0108696
0.0139173
0.013725
0.0182622
-0.010773
0.024689
0.0183979
-0.0310047
0.0126069
-0.0191118
-0.0138301
0.0116757
0.0128369
0.00939295
0.0138541
0.0134403
0.0110525
0.0178797
-0.0268029
0.00892324
0.0265719
-0.0140164
-0.0125555
-0.00299013
-0.0169584
0.0138964
0.0108236
-0.024491
0.010967
0.0134078
-0.0242072
0.0294872
-0.0111995
0.0111285
-0.0248095
-0.0274014
0.00791633
0.019485
0.0166227
0.00979922
0.0131344
0.0113545
-0.0242301
0.0134656
0.010475
-0.0296955
-0.00967729
0.0249166
0.010921
0.0248702
0.00930874
-0.0231341
-0.024332
0.0135984
0.0109876
-0.0246289
-0.0281599
0.0187314
0.0094285
-0.0108857
-0.0135908
0.0244765
-0.00890875
0.0270484
0.00842522
-0.0254403
0.0170151
0.0255494
0.0277142
-0.014838
-0.0247327
0.0136678
-0.0110243
-0.0136756
0.0246999
-0.0133565
0.0244291
-0.0110726
-0.0239596
0.0238021
0.0181907
0.0108897
-0.0195254
0.0350383
-0.0155128
0.0232236
0.0252628
-0.0097555
-0.00884163
-0.014801
0.0236427
-0.0319513
0.0189545
-0.0106874
-0.0139234
0.0246062
-0.0135906
-0.0201568
-0.0178128
0.0276089
-0.015143
-0.00933427
0.019361
0.0124468
-0.0136545
-0.0108174
0.0244719
0.0246145
-0.0138256
0.0137666
0.0108906
0.0186183
-0.0316346
0.0130164
-0.0220882
0.0143071
-0.0245424
-0.0248507
-0.00765693
-0.0101253
-0.00783645
-0.0379408
0.0164162
0.0215246
0.0023271
0.0228363
-0.033959
0.0158142
0.0260826
-0.0242529
-0.00182977
0.010929
-0.0245057
-0.00976885
-0.0162491
0.0239233
-0.0135768
-0.0246758
0.0107286
-0.0182511
-0.0112852
0.0295363
0.0107709
-0.0243755
0.0247386
-0.010932
0.0146114
-0.0329895
-0.00967487
-0.0143235
0.0239983
0.0137455
0.0182758
0.0105791
-0.0288549
-0.0105123
0.0287881
0.0138751
-0.0246125
0.00887494
-0.023357
0.0144821
-0.00817371
-0.00627663
0.0144503
0.0265887
-0.0171349
0.0100755
0.0158837
-0.0110348
0.0278196
-0.0167848
0.0135653
0.0110148
0.0315292
-0.0117917
0.0154057
-0.00757606
-0.00782959
0.00849823
0.0177205
-0.0088927
0.0145403
-0.0317117
0.0194081
-0.0121541
-0.0189581
0.0107607
-0.0246475
0.0137395
-0.0248135
0.011074
-0.0161876
-0.0175658
0.0337533
0.0263203
-0.00969765
-0.0135537
-0.0138878
-0.0108206
0.0245982
0.0182962
0.0131556
0.0135751
-0.0243833
0.0108082
-0.00842366
0.0253698
0.0108826
-0.0243383
0.027273
-0.0184882
-0.00878483
0.0245567
-0.016219
0.00714022
-0.0153139
-0.010729
-0.0248079
0.0110252
-0.0184329
0.02884
-0.0139831
-0.0184312
-0.0138177
0.0247643
-0.0109466
0.0318659
-0.0112601
0.0243085
-0.0231031
0.0142615
0.0128318
0.0246328
-0.010714
-0.0134909
0.0244355
-0.0109446
-0.0179851
0.0317365
-0.0137514
0.0150008
-0.0245022
-0.00969211
-0.0143762
0.0240683
0.0247702
0.0158186
0.0179643
0.0121313
0.0108708
-0.0230021
-0.0180788
-0.0153484
0.0252544
-0.00990602
-0.0141406
-0.00946534
0.023606
-0.0246029
0.0137952
-0.0191703
-0.0158314
0.0350017
-0.00868714
0.0259383
-0.0263066
0.0176472
0.0112645
-0.0148257
-0.0102574
-0.0139362
0.0247595
-0.0108234
-0.00986086
-0.0138363
-0.0109273
0.0138619
-0.0247388
0.0108769
-0.0110424
-0.018271
0.0238463
-0.012205
-0.0173047
-0.0150002
0.0323049
-0.0138656
0.0247578
0.0143707
0.008644
-0.0317117
0.0129807
0.0274937
-0.0177806
-0.00971305
-0.0244769
-0.0173396
0.0084469
0.0304191
-0.0183104
-0.0108267
-0.0138806
0.0109638
-0.0236429
-0.0263003
0.00878872
-0.0247422
0.0138702
0.010872
0.018321
-0.0188045
-0.00928944
0.0280939
-0.00954962
-0.0168371
-0.0246903
0.0139343
-0.0240416
0.00975105
0.0142905
-0.0108468
0.0245367
-0.0136899
-0.01104
-0.0228947
0.0125199
0.0136802
0.0110407
-0.013908
-0.0108789
-0.0243256
0.0133308
0.0109948
0.0248467
0.00159825
-0.026445
-0.0247235
0.0107996
0.0112389
-0.0292362
0.013871
-0.0246767
0.0138987
-0.0247769
0.0108783
-0.0246319
0.026959
0.0248059
-0.0108877
-0.0139182
-0.0245563
0.0137297
-0.00933263
0.023676
-0.0143434
0.0182832
-0.0112134
-0.0136025
0.0248159
-0.0246729
0.0139174
0.0315243
-0.015587
-0.0101161
-0.0137414
0.0238575
0.0160762
0.00942676
0.0246386
-0.0107749
-0.0138637
0.0243412
-0.0133089
-0.0110323
0.0138441
0.0106977
0.0137496
-0.034404
0.0152337
-0.013091
-0.0134141
-0.0175137
0.0320494
-0.0145357
-0.0164306
-0.0160054
0.0172392
0.0137423
-0.0224685
0.0247179
0.0107806
0.0138715
0.031991
-0.0148761
-0.0171149
0.0182914
0.0152652
-0.0335566
0.0138696
-0.0247333
-0.0242185
0.0129769
0.0112417
-0.039873
0.0203476
-0.0255151
0.0123058
0.0132094
-0.0109583
0.0247038
-0.0312019
0.0128091
0.0247216
-0.0137819
-0.0109397
0.0326206
-0.0183105
0.0136777
-0.024702
0.010953
0.0137769
-0.02473
0.035976
-0.0173577
0.0267161
-0.00968507
-0.0277239
0.0134737
0.0108725
0.0188737
-0.0347051
-0.0227722
0.00863156
0.0184642
0.0126752
-0.0139016
-0.0107869
0.0246029
-0.0138171
0.00957527
0.0174923
-0.0270676
0.0346888
-0.0158151
0.0160988
-0.0255121
0.00941332
-0.0133343
0.0315961
-0.0182618
-0.0315061
0.0132994
0.0247126
-0.011005
-0.0137076
0.0108771
0.0192281
-0.0301051
0.0138076
0.0148382
-0.032352
-0.0138911
-0.00957748
0.0234686
-0.0163377
0.0271942
0.0320461
-0.0186374
-0.0299945
0.0124532
-0.0107216
-0.0137983
0.0172813
-0.0287289
0.0114476
0.0110099
-0.0107665
-0.0136974
-0.0247632
0.0109528
0.0138104
0.0138281
-0.024661
-0.0316894
0.0137044
0.0105741
-0.0303479
-0.0251238
0.00952268
-0.00885098
0.0273667
-0.0247367
-0.0107905
-0.0138737
-0.0138391
-0.0108324
0.0110682
-0.0244247
-0.0261814
0.0169949
0.0190717
-0.0284958
-0.0157454
0.0255014
-0.00975594
-0.00859874
-0.0177078
-0.0246763
0.0155952
0.0129763
0.011424
0.00988095
0.0136578
-0.0177075
-0.0095525
-0.0180596
0.0292738
0.0245295
-0.0106671
0.00957358
-0.0246329
0.0150594
-0.00995602
0.0239161
-0.0139601
-0.0356856
0.0115906
0.024095
-0.0300251
0.0118778
0.0136889
-0.0243529
-0.0205661
-0.00633415
0.0143038
-0.0239787
-0.0179947
-0.0100346
0.0280293
0.024625
-0.013833
-0.0139404
0.0246979
-0.0107575
-0.0160165
-0.0179425
0.024729
-0.0138981
-0.0108067
0.00955612
-0.0241529
0.0145967
0.0108243
0.0137695
0.0183462
0.0156125
0.0237935
-0.00984455
-0.0139489
-0.0260582
0.00804439
0.00810878
-0.0161532
0.0107445
-0.0242576
0.0135131
0.0134696
0.00925741
-0.0275827
-0.0245539
0.0107627
-0.0137416
-0.00974022
0.0234818
0.0110001
-0.0133975
0.0245095
-0.017437
-0.0261567
0.0098065
0.0163502
-0.0139263
0.0247891
0.0270874
-0.00880423
-0.0283238
0.0190953
-0.00990595
0.0281024
-0.0181964
0.0172972
0.0146939
0.0146243
0.018057
-0.0326813
-0.0281988
0.0182928
0.0107747
0.0138918
0.0287841
-0.0276511
-0.00113306
-0.0233589
0.00946778
0.0294602
0.0145067
-0.0241915
0.00968486
-0.0136703
0.0243209
-0.0106506
0.012689
-0.0310526
0.0183636
0.0247849
-0.013926
-0.0108588
-0.0186328
0.0282754
-0.0109594
-0.00987365
0.0233278
-0.0139349
0.0239242
-0.00965193
-0.0142722
-0.0244975
-0.00869786
-0.0159784
-0.0108185
0.0246713
-0.0138528
-0.0341027
0.0173412
0.0167614
0.0187417
0.0125398
0.0138158
-0.024838
-0.0106626
-0.0136398
0.0243024
-0.0239415
0.010544
-0.0252693
0.0151528
0.0110418
-0.0253657
0.0141523
0.013854
0.0107355
-0.0245895
0.022195
-0.00902345
-0.0131715
0.0151341
-0.0324388
0.0175724
-0.026628
0.0173053
-0.0323055
0.0109365
0.0138583
-0.0175838
-0.00871654
-0.0134361
0.0243443
-0.0109082
0.0248493
-0.0154066
-0.00944273
-0.024457
0.0137825
-0.0243238
0.0135948
0.010729
0.0138797
-0.0108009
-0.0108003
-0.0136195
0.0135259
0.0181681
-0.031694
-0.00899482
0.0154681
-0.0137485
-0.0108054
0.0105037
0.0200266
-0.0146074
0.0241635
-0.0247103
-0.0193015
-0.0109448
0.0302463
-0.023828
0.0311214
-0.0129431
0.00157487
-0.0206506
0.0190757
-0.0109669
-0.0137964
0.0108148
-0.0246768
0.00785803
-0.0214277
-0.0165131
-0.0246946
0.0108155
0.0137241
0.0109885
-0.0110362
-0.013322
-0.014226
-0.00981561
-0.0138684
-0.00500942
-0.0233391
0.0123191
-0.024576
-0.0318899
0.0126062
-0.0242756
0.0105792
-0.010807
-0.0137959
0.0240549
-0.0108683
0.0245443
-0.0177107
0.0350025
-0.0172918
-0.0108155
-0.0138791
-0.017976
0.028795
-0.010819
0.0125194
0.0120904
0.013319
0.0110222
0.00698108
-0.00950482
0.0248266
-0.0109477
0.0139629
0.00936493
0.01874
-0.028275
0.00953495
-0.0109754
0.0248344
-0.0118706
-0.0110544
-0.0244644
0.0136978
-0.0297632
0.0111088
0.014039
-0.0235312
0.00949213
0.0247297
-0.0109023
0.00921388
-0.0101035
-0.0145519
0.0170667
0.00952205
0.0139064
0.0189234
-0.0187393
0.0326456
0.0106789
-0.0237699
-0.0172965
-0.00906766
0.0263642
0.0299749
-0.0121545
-0.0124674
0.0246219
-0.00991836
-0.0154785
-0.00980246
-0.0159468
0.00985085
-0.0271011
0.0172502
-0.0247901
0.0109157
0.0138744
0.0153885
-0.0337031
0.0183146
0.0245184
-0.0106743
-0.0276554
0.0282144
-0.0187627
0.0285079
-0.00974522
0.023837
-0.0129873
0.0107668
-0.0244382
0.0136715
0.0169248
0.0151246
-0.0191336
0.012573
0.019467
-0.03204
0.0130465
0.0111807
0.024374
-0.0106824
-0.0123075
0.0246265
-0.028926
0.0164143
0.0125117
-0.00981276
0.0192881
0.0106222
-0.013515
-0.0247319
0.0108031
-0.0341154
0.0157942
0.0183212
0.0246442
-0.0110199
-0.0121057
0.024625
0.0247071
-0.0108564
0.0185714
0.0161174
0.0289452
-0.0184318
-0.0257427
-0.0247577
-0.0128394
-0.00885934
0.0216987
0.0246244
-0.0124931
0.00978517
-0.025398
-0.0182075
0.0328318
-0.0136051
0.023191
-0.00958592
-0.011142
0.024376
-0.0184752
0.0279217
-0.00944648
-0.0103145
-0.0123936
-0.024731
0.0139057
0.0139285
0.0108775
-0.0108746
-0.00952476
-0.0191409
0.0286656
0.00971734
0.0159248
-0.0161212
-0.00961159
-0.0182573
-0.00917723
0.0274346
0.0323292
0.0189917
0.0113568
-0.0303485
-0.0212538
0.0228286
0.0105709
0.0132225
-0.0123298
0.0246356
0.00921147
-0.0246181
0.0165501
-0.0318687
0.0153186
-0.0159479
0.0345193
0.0109272
0.0137943
-0.0106722
-0.0129623
0.03134
-0.024714
0.0138934
-0.00863963
-0.0182301
0.0268698
-0.0353237
0.0176129
-0.0109568
-0.0135145
-0.00912522
0.0339136
-0.0140817
-0.0198318
-0.0246397
0.0122555
0.0317297
-0.0148049
-0.00900238
0.0268451
-0.0183225
0.0276929
-0.00937035
0.0323687
-0.0231274
-0.00924125
0.0101273
-0.0106573
0.0253928
-0.00212799
-0.0232649
-0.00047894
0.0258718
0.0323199
-0.0177924
-0.0145275
0.0244395
-0.0170831
-0.00909831
-0.0318296
0.0110154
-0.0169002
0.0259143
-0.00901401
-0.0247548
0.0108892
-0.0110447
-0.0137632
-0.0247118
-0.0118335
-0.012288
0.0241215
-0.0166087
0.0345399
-0.0179312
-0.0194521
0.0299558
0.0128644
0.0182571
-0.0187748
-0.0113207
0.0300491
0.0262473
-0.0129713
0.0124159
0.0114305
-0.0272114
0.0174746
-0.0312632
0.0128399
0.0184234
-0.0264988
0.0110005
0.0136057
0.00983769
-0.026528
-0.0184561
0.0338445
0.017844
-0.0344527
0.0243654
-0.0264616
0.0165217
0.00993993
-0.0125426
-0.0174825
-0.00965143
0.0241581
-0.0245782
0.0094351
0.00844302
0.0167285
-0.0230562
0.00945115
0.0160025
0.0190357
-0.0275642
-0.00976137
-0.018525
-0.00912511
-0.0196137
-0.0110252
0.024765
-0.0137397
-0.0233844
0.0136292
0.00975518
-0.0139337
-0.010803
-0.0138849
0.0188825
0.0246447
-0.0123109
-0.0123338
0.026488
-0.00891561
0.0160032
-0.0246302
0.0184475
-0.0343954
-0.0247178
0.0138021
-0.0171429
0.0267683
-0.0175882
-0.0165144
-0.021259
-0.0138284
0.0350873
0.0141907
-0.0235249
-0.0187468
-0.0245001
0.0162935
-0.0309004
-0.0194467
-0.0104337
0.0137739
0.0110148
0.0139836
-0.0266604
0.0126768
-0.0157302
0.029856
-0.0141258
0.0319161
-0.017466
-0.01445
0.0246735
-0.0138487
-0.0107247
-0.0135509
0.0245798
-0.0139896
-0.0209256
-0.012573
0.0334986
0.0148337
0.0178955
-0.0327293
-0.0310737
0.0125415
0.0185321
0.0247229
-0.0108154
-0.0139075
0.0107554
-0.0245336
0.0137782
-0.0109277
-0.0138624
-0.0109338
0.0247581
-0.0138243
0.0251036
-0.0088669
-0.0162367
0.0110249
-0.0246655
0.0136406
-0.0247151
0.0107687
-0.0247544
0.0139538
0.0108006
0.0107705
-0.0247226
0.0259063
-0.0244089
-0.00149736
-0.0138681
0.0247512
-0.0108831
0.0339203
-0.0165791
-0.0247574
0.0109396
0.0248161
-0.0138819
-0.0109342
0.00966102
-0.0236774
-0.0109689
-0.013289
0.0242579
0.0179971
-0.027766
-0.00968628
-0.0147848
0.024471
0.00862314
-0.0262782
0.0176551
-0.0277868
0.0247396
-0.0108417
0.0107128
0.0137191
-0.0245073
-0.0138499
0.0247865
0.0161088
0.0140124
-0.024005
0.00999257
-0.0248079
0.0139461
-0.0278797
0.0102153
-0.0296803
0.0247857
-0.0138878
-0.0108979
0.0125807
-0.0335063
-0.0094175
-0.0164183
0.0258358
-0.0237657
0.0123991
0.0113666
-0.0200453
-0.0112179
-0.00923899
-0.0152611
0.0136708
-0.0255772
0.0119064
0.0107159
0.0133205
-0.0240363
0.0318395
-0.0181145
-0.0166057
0.0254178
-0.0244914
0.0131334
-0.01023
0.0293268
-0.0190968
-0.0139498
-0.0108046
-0.00983122
-0.0191169
0.0289481
0.0234252
0.00517705
-0.0286023
0.0286283
-0.0184359
-0.0152623
0.0335537
-0.0248455
0.0138701
0.0247479
0.0181926
0.0114699
-0.0237523
0.0127662
0.0109862
-0.013816
0.0247181
-0.0109021
0.0134393
-0.02425
0.0108107
-0.0155183
-0.0185971
-0.0254062
0.0159787
0.00942748
-0.0165531
0.0252758
-0.01934
-0.0110907
0.0191284
0.0115717
-0.0203326
0.034593
-0.0142604
-0.0134067
-0.0112299
0.0246367
0.0253656
-0.0155459
-0.0178429
0.0247388
-0.0137404
0.0244865
-0.0107674
0.0138305
0.00905339
-0.0260898
0.0108344
-0.00730885
-0.0136024
0.0209113
-0.0235302
0.028656
-0.0137828
0.0248483
-0.0133325
-0.0096513
0.0138906
-0.0247682
0.024489
0.0091206
-0.021022
-0.0122239
0.0317149
-0.0151648
0.0247969
-0.0139081
-0.0108889
0.0243959
-0.011254
0.0177828
0.0126014
-0.0303842
-0.0139362
-0.0108717
-0.0136431
0.0246307
0.0340021
-0.0138592
-0.0201429
-0.032705
0.0139657
0.0279373
-0.0187246
0.00218721
-0.0274534
0.0252662
-0.0256548
0.015842
-0.0109587
-0.013831
0.0247897
0.0246539
-0.0261954
0.017584
0.00861138
0.0303135
-0.0185297
-0.0117837
-0.0246224
0.0107631
0.0138592
-0.0136665
0.0247601
-0.0110936
0.0247727
-0.0139321
0.0137985
-0.0242257
0.0104273
-0.0180624
0.0310463
0.0319108
-0.0246332
0.0110324
0.0136007
0.0124569
0.0130791
0.000507008
0.0231056
-0.0236126
0.0246035
-0.0138467
-0.0107568
0.0246718
-0.0107455
-0.0104449
0.0241537
-0.0137088
0.0269026
-0.0177631
0.0131418
0.0112541
0.0108271
-0.0247632
-0.0136782
0.0248067
-0.0248558
0.0138226
0.0110332
0.0138947
-0.0243329
-0.0206093
-4.13018e-05
-0.0184014
0.0128047
-0.0138852
0.0246599
-0.0151257
-0.0185774
-0.0137353
0.0245596
-0.0137586
-0.0111102
0.0248688
0.0135477
-0.0245009
0.0135033
0.0110499
-0.0305596
0.0109855
-0.0129652
0.0241025
-0.0111372
-0.0253051
-0.0195189
0.0165288
-0.0183594
0.0294216
-0.0110621
-0.00884268
-0.0346161
0.0171376
0.0174785
0.0132762
-0.0241316
0.0108553
-0.011124
-0.0132223
0.0243463
0.0136706
0.0256156
-0.0127915
0.00882864
0.0182588
-0.026656
0.0216466
-0.0248072
0.0138335
0.0109737
-0.0180281
0.031554
-0.0136404
0.0246653
0.0245735
-0.0107195
-0.0196835
-0.0254169
0.0245832
0.000833684
-0.0138589
0.024628
0.0138587
0.0108126
0.0109218
-0.0245886
0.0130269
0.0139336
0.0107657
-0.0246992
0.0136538
-0.0246791
0.0271664
-0.0219838
0.0082859
0.0136979
0.0136873
-0.0213896
0.0297621
-0.0115002
0.0107729
0.0138252
-0.0138459
0.0245814
0.0245612
0.0184315
0.0101968
0.024665
-0.0110073
0.0246971
-0.0137769
-0.0247112
0.0108952
-0.0124578
0.0264111
-0.00156442
-0.00752575
0.0216495
-0.0294774
0.0199526
-0.0101793
-0.0177004
0.0246675
-0.0109009
0.0138626
0.0107966
-0.0135633
-0.0098211
0.0285115
-0.00508631
0.0108576
0.0132302
0.0155877
-0.0290204
0.0220731
0.011896
0.0102989
0.0244541
-0.0129428
-0.0115112
-0.0138351
0.0247298
0.0185823
0.0348124
-0.0186949
-0.0255761
-0.0126094
0.0177049
0.00919771
-0.0207149
0.013406
0.00117354
0.0247327
0.0152149
-0.0248922
-0.0137101
0.02455
0.0241438
-0.0144827
0.0330707
-0.0304808
0.0113957
0.00177592
-0.0279656
0.0261897
0.0179999
0.0109094
-0.0289093
0.0107588
-0.0245895
0.0138307
0.0109314
0.0109765
-0.0246719
0.0136954
-0.00945531
-0.016045
-0.0161755
0.0322205
0.0256516
-0.0133726
-0.0122789
0.0290193
-0.0108286
0.0247222
-0.0108427
-0.0138796
-0.0107801
0.0246746
-0.0138946
-0.0245937
0.0138111
0.0107826
0.0247818
0.0138054
0.018216
0.0149887
-0.0332047
0.0138223
-0.0233997
0.0153044
-0.0247787
-0.00957048
-0.0307145
0.0190613
0.0244156
-0.0149238
-0.00949181
-0.0259927
0.0100827
0.0159099
-0.0105987
-0.0108566
0.0245398
0.0144004
0.0195132
-0.0236295
0.014412
-0.0136158
0.0245213
0.0244951
-0.0108791
-0.013616
-0.0108468
-0.0138632
0.02471
0.0138719
0.0108511
0.0138792
0.0106594
-0.0108327
-0.0138887
0.0247214
-0.0138948
-0.0108315
-0.0138904
-0.0139013
-0.0107721
0.0138549
-0.0246653
0.0108104
0.0107891
-0.0206428
0.0357801
-0.0151373
-0.018279
0.0302188
-0.0241778
0.0151544
-0.0167132
0.0331979
-0.0143412
-0.0188567
-0.00882643
0.0225688
0.0143826
0.0179373
-0.0138935
0.0246986
0.0108037
-0.024662
0.0138582
-0.0252948
-0.0111507
-0.0182508
0.0294015
-0.0108183
0.0247117
-0.013892
0.0247026
-0.0108105
-0.0107932
-0.0138951
0.0246884
-0.00898959
0.0264217
-0.0174321
0.0276343
-0.00166981
-0.0259645
0.00975192
0.0177418
-0.01692
0.0277106
-0.0107905
-0.0248832
0.0264815
-0.00934494
-0.0135197
-0.0109571
0.0244768
0.0261528
-0.0240439
-0.00210894
-0.0102922
0.0318636
-0.0215714
-0.010764
-0.0139087
0.0245095
-0.0137581
-0.0107513
-0.0108177
0.0246605
0.0251782
-0.0164441
0.010352
0.0192152
0.0189366
0.0106789
0.0254643
-0.0133539
-0.0121104
0.011042
0.0136022
-0.0181313
0.0309957
-0.0198692
0.0146138
-0.0309952
0.0129181
0.0180771
0.0105009
0.00999056
0.0230731
-0.00870243
-0.018646
-0.0130657
-0.0245685
0.0138044
0.0108803
-0.0247484
0.0188476
0.013798
0.0244365
0.00171634
0.0109729
-0.0247603
0.0137874
0.0110768
-0.0247432
-0.0139174
0.0108788
-0.0247867
0.00923014
-0.0263132
-0.0145914
-0.0172382
-0.00854825
0.0244838
-0.0138122
0.020554
-0.0331269
0.0119807
-0.026456
0.000601742
0.0258542
0.0252188
-0.0127619
0.0160312
-0.0258271
0.00979591
0.0168544
-0.0266592
0.00980481
0.0309394
0.0246948
-0.0139009
-0.0107939
-0.0137406
0.0244881
-0.0107475
-0.0137207
-0.0107437
0.0143116
-0.0240138
-0.0139014
-0.0108296
0.0277222
-0.0101438
0.0143628
-0.00980108
-0.0179857
0.0186487
-0.0290596
-0.0313717
0.0144517
-0.0195601
-0.0122748
0.0318349
0.0137102
-0.0243824
-0.0276278
0.0180517
0.00957605
0.0168603
0.0126821
0.0252577
-0.0124531
0.0175718
-0.0321632
0.0137384
-0.0245267
0.0289543
-0.0103056
-0.00975408
-0.0146911
0.0244451
-0.00461032
-0.0158574
0.0204678
0.02586
-0.013575
-0.00948125
0.0235172
-0.00969491
-0.0107567
-0.0238813
0.0109161
-0.0101869
-0.0135147
0.0237016
0.0229901
-0.0160915
-0.0068985
0.0175505
0.0101543
0.0183603
0.0120589
0.0120873
0.0186374
-0.0307247
-0.0247244
0.0138738
0.0108506
-0.0246444
0.0146031
0.019242
-0.0338451
0.0132758
-0.0244622
0.0111864
0.0107672
-0.0247076
-0.0107016
0.01895
-0.0312727
0.0123228
0.0188742
0.0149739
-0.0356168
0.0178914
-0.0244911
0.00659966
0.013922
0.026494
-0.0166563
0.0237989
-0.00942372
-0.0143752
-0.024698
0.0138327
-0.0247981
0.0138394
-0.0108622
-0.0243836
0.0136999
0.0106837
-0.0269362
0.0179339
-0.0243797
0.0295371
-0.0190621
-0.0269389
0.00968194
0.0172569
0.027001
-0.0174257
-0.0361413
0.0147137
0.0150724
-0.0225982
-0.0251567
-0.000260225
-0.00288172
-0.0308884
0.0148707
-0.0245026
0.00963195
-0.024346
0.0147787
0.00956733
0.00935578
0.0170379
-0.0263937
0.0163983
-0.0210086
-0.0248879
-0.0137745
0.0222266
-0.00845201
-0.0169052
-0.00959136
0.0264966
0.0180312
-0.0290661
0.00028273
0.0207957
-0.0210784
-0.0335966
0.0195149
0.0183319
-0.0308745
-0.0139412
0.0246869
-0.0162982
0.0273143
0.0181431
-0.0299348
-0.0181208
-0.0133854
-0.029378
0.018732
-0.0165549
0.0267177
0.0101419
0.0180224
0.0103224
-0.0283447
0.00898099
0.0168321
-0.0258131
0.0149961
-0.0238181
0.00882203
0.0137111
0.0111203
-0.0233745
0.0285515
-0.00388125
-0.0224871
0.0005193
0.026952
-0.0274713
0.0167991
0.0171212
-0.00860991
0.0255741
0.0165711
-0.0326161
-0.0295101
0.0108374
0.0138966
-0.0107689
-0.0273791
0.017993
0.0174015
0.0095518
-0.013856
-0.0108989
-0.0311472
0.0131731
0.0179741
-0.00980035
-0.014606
0.0244063
-0.00710508
-0.020392
0.0274971
0.00929688
0.0163261
0.0106459
0.0138492
-0.0149094
0.0331254
0.00226812
0.0238145
0.0317235
-0.00293933
-0.0343987
0.0188863
0.0155124
-0.03428
0.0166918
0.0164162
0.0183962
-0.0329186
0.0186485
-0.0131791
-0.0107624
-0.00704871
-0.0136662
0.0123513
-0.0245752
0.0123567
-0.0178884
-0.0100536
-0.0204938
0.0207765
0.0112364
-0.0146552
0.025371
-0.0108445
0.0247163
0.0272335
-0.0267142
0.0136469
0.00954412
0.0264258
-0.0169498
-0.00947595
-0.0188411
-0.0127935
0.0098937
0.0135663
-0.02346
-0.0092342
-0.0139
0.0328233
0.026354
-0.00191751
-0.00097337
-0.0239145
-0.0187381
0.0301852
-0.00913332
-0.0144962
0.0229928
-0.00932204
0.00869728
-0.0215367
-0.0107351
0.0246519
-0.0139167
-0.0138021
-0.00818165
0.0245422
0.0112379
0.0179846
-0.0314624
0.0134779
0.0191212
-0.0289648
0.00984362
-0.00966743
0.0287924
-0.0274576
0.0292335
-0.0171799
0.033979
-0.0312556
0.0191582
0.0120973
0.0299699
-0.0190929
0.00931094
0.0151047
0.0342417
0.0240733
-0.00920261
0.0154472
-0.0246983
0.0202248
0.0135356
-0.0337603
-0.0108176
0.0247503
0.0246237
-0.0139125
-0.0107112
-0.0298139
0.0105227
-0.0248139
0.0109646
0.030363
-0.00152572
-0.0288373
-0.0288357
0.0219635
0.00687227
0.026023
0.00076519
-0.0267882
-0.00740043
0.0244965
-0.0110073
0.0248171
0.0106447
0.0138064
-0.0209426
0.00734022
-0.0316816
0.0213894
-0.00903929
-0.0125736
0.0216129
-0.0257696
0.0279568
0.00960071
-0.000124057
0.0215102
-0.0213861
-0.00984393
-0.0171738
-0.0305951
0.012035
0.0185601
0.0122168
-0.0307993
0.0185825
0.0254984
-0.0146079
-0.0133339
-0.011006
0.0243398
-0.0173783
0.0333305
-0.0194425
0.0340456
-0.0322529
0.0201973
0.0120556
-0.0131036
0.0271216
-0.00109864
0.00202996
-0.0272845
0.0252545
0.0106954
-0.0199773
-0.0144995
0.0344768
0.0179486
-0.0335803
0.0156317
-0.0147179
-0.00530164
-0.0182071
0.00911125
0.013681
-0.0227922
-0.0101982
-0.0187616
0.0289598
0.0240251
-0.0131542
-0.0289592
0.0178986
0.0110606
0.01174
0.0321677
-0.0170336
-0.0109824
0.0247344
-0.0137819
0.0247548
0.00980379
0.0145951
-0.0243989
-0.0247038
0.0110428
0.0145605
0.0178432
-0.0324037
0.0161099
0.0144894
-0.0305993
-0.0319112
0.0152116
0.0166997
0.0288728
-0.000340272
-0.0285325
0.0261351
0.00149923
-0.0105258
0.0191219
0.010848
0.011872
-0.029667
0.017795
0.0236286
-0.00958957
-0.00952374
-0.0150544
0.00931188
-0.0215173
0.0122054
0.0153709
0.0187323
-0.0341032
-0.0131244
0.0240534
0.0123507
-0.018793
-0.0185077
0.0312078
-0.0110375
0.0247335
-0.013696
0.0245019
-0.0134336
0.0244155
-0.0110389
-0.0133766
0.0163493
-0.033104
0.0167548
-0.0156523
0.0339735
0.0105979
-0.0297707
0.0191728
-0.0139057
-0.0106849
-0.0309016
0.0110323
-0.0339744
-0.015861
-0.00940831
0.00495231
-0.0208097
-0.0328772
0.0180648
0.0148124
0.0150691
-0.0251726
0.00986286
0.0176448
-0.0275076
0.0246586
-0.0137679
-0.0247276
-0.0108287
0.0247157
0.0168761
-0.0029481
0.0210094
-0.021157
0.000147597
0.0131792
-0.0320203
-0.0108949
0.0247447
-0.0138498
-0.0109762
0.0245239
-0.0177043
0.0343412
0.0330775
-0.0103451
-0.0227324
0.0248091
0.0108909
0.0137765
0.0108876
0.0138981
-0.02048
0.0134313
-0.0263811
0.0277977
-0.00141663
-0.0286235
-0.0143634
0.0329212
-0.0185579
0.0289926
0.00980384
0.0173651
-0.027352
0.00979801
0.017554
-0.0126804
0.0312112
-0.0185307
0.0246691
-0.0138565
-0.033164
0.0152714
0.0178926
-0.00336206
0.0193585
-0.0159965
-0.013385
-0.0109407
0.0243128
0.0115931
-0.0307755
0.0191824
-0.00432129
-0.0233697
0.0276909
-0.0124883
0.0218002
0.00950023
0.0150362
-0.0245364
0.0148156
-0.0246107
0.0109676
0.010771
-0.0258472
0.023303
-0.0100805
-0.0123214
0.0161221
-0.0259178
0.0162945
-0.0261053
0.0120736
-0.0288081
0.0167345
0.0292237
-0.0109356
0.0184234
-0.0297086
0.0170258
0.00931657
0.030191
-0.018451
0.0304391
-0.0186093
0.0174436
-0.0323048
0.0148612
-0.0244127
0.0136124
0.0262087
-0.0112517
-0.0220525
0.0342508
-0.0121983
-0.019312
-0.0163736
0.0218351
-0.00783855
-0.0139965
-0.0106863
-0.0137907
0.0156158
0.0187911
-0.034407
0.0247061
-0.0108313
0.0129828
-0.0240475
0.0110647
0.0208853
0.0247368
-0.0110566
0.024384
-0.0110649
0.0235229
-0.00941983
-0.0289672
0.0188833
0.0100839
0.00911051
0.0163538
0.0200339
-0.0132146
-0.00681925
-0.0280157
0.0258878
0.023651
-0.0290117
0.00536072
-0.028907
0.0276167
-0.0100662
-0.000491498
0.0207008
-0.0202093
-0.0319412
0.0183645
0.0135767
-0.0107685
0.013934
0.0108508
0.0110772
-0.0248486
0.0306544
-0.01695
-0.0191219
0.0322411
0.00906836
-0.0276419
0.0108382
-0.0228311
0.0119929
0.0156459
0.00985552
-0.0257399
0.0159374
0.0262007
-0.0164512
-0.00974952
0.0177827
-0.027962
0.0108825
0.0181368
0.0182986
-0.0291272
-0.0164679
-0.0100685
0.0265363
0.0123996
0.0188082
-0.0185827
0.0315634
-0.0187094
-0.0131545
0.0318639
-0.0151401
0.0324454
-0.0152906
0.0325908
-0.0173002
0.0327399
-0.0150713
-0.0176685
0.0107856
-0.0246623
-0.0247768
0.0109396
0.0138372
0.0147828
0.0171333
-0.0041038
0.0191978
-0.015094
-0.0250301
0.00925638
-0.0273379
0.0180815
0.0245061
-0.0095129
-0.0149932
-0.0245658
0.0108305
-0.0244477
-0.0107288
-0.0134332
0.0314178
0.0144947
-0.031616
-0.0245666
0.0150333
0.00953335
-0.0245894
0.0150656
0.00950953
-0.0269465
0.0108746
0.0138766
0.0346883
-0.0228105
0.0189628
-0.0317226
0.0247031
0.0189232
0.00904418
0.014528
0.00954524
0.00962214
0.0278576
-0.0179203
0.0281518
0.0137564
-0.0107355
-0.0135628
0.0242983
0.0246903
-0.0139247
0.0108336
0.00945351
0.0150526
-0.0135567
0.0245894
-0.0135933
-0.0109962
-0.0245186
0.0136046
0.0327033
-0.0158461
-0.0168572
0.028579
-0.00941218
0.0232706
-0.0138584
0.0240073
-0.0133614
-0.0109528
-0.013824
-0.0373769
0.0127553
0.0246215
0.0336303
-0.0134056
-0.0191902
-0.0152085
-0.0107756
0.0243506
-0.0113528
0.0243341
-0.0141255
0.023579
0.014041
-0.0236781
0.00963715
0.0320441
-0.0190277
-0.0235993
0.0136522
0.00994713
0.0108305
-0.0245532
0.0106853
0.0138331
-0.0138185
-0.0109272
0.0247458
-0.0239614
0.00894939
0.015012
0.00934173
-0.0213374
0.0119956
0.0137434
-0.0247838
0.024653
0.0177581
-0.0282535
0.0103333
-0.0164164
-0.00310254
0.0110836
-0.0246861
0.013395
0.0110204
0.0133451
0.033336
-0.0179402
-0.0153958
-0.0335857
0.0180638
0.0155219
-0.0181753
-0.0320866
0.0146398
0.0174469
-0.0168373
-0.015074
-0.019696
0.016334
0.00881388
-0.0110434
-0.013622
-0.00064524
-0.0205117
-0.013799
0.0229103
0.00973288
-0.0239589
0.0122271
-0.0107793
-0.0156301
0.0275021
0.0186732
0.0178164
-0.0364896
-0.0353377
0.0188246
-0.0182565
0.0100166
-0.0332854
0.0100713
0.0232141
-0.0186497
0.0336236
-0.0134612
0.022803
0.0141703
0.0146175
0.00541636
0.00339329
0.0135792
0.0095102
0.0127219
0.0270408
-0.0172973
-0.0144529
0.0230969
0.0234189
-0.0142587
-0.00916015
-0.0139428
0.0321395
-0.0181967
-0.017462
0.0318445
0.0332781
-0.0161777
-0.0171004
-0.0107889
0.0246515
-0.0247052
0.013643
0.0110622
-0.0246859
0.0136227
0.0110632
0.0110555
0.0134464
0.014993
-0.0327563
0.0177632
0.0326175
-0.0153432
0.0312275
-0.0158843
-0.0113495
-0.0122852
-0.00923214
0.00759951
-0.0212616
0.0136621
-0.0109952
0.0214807
-0.00495196
-0.0144132
0.0237652
-0.00935194
-0.0144431
0.0238322
-0.00938905
0.0124725
-0.0311416
0.018669
0.024174
-0.00951475
-0.0146593
-0.00987258
0.0243967
-0.0137278
-0.0110154
-0.0136993
0.0247515
-0.0246655
0.0136221
0.011033
-0.0244472
0.0134142
-0.0118472
-0.0204057
-0.0328093
0.0166757
0.0150539
-0.0239325
0.0137895
0.010143
0.0245574
-0.0311309
0.0122599
0.0287428
-0.0188854
-0.0098574
0.0248367
-0.013726
-0.0111107
0.0248387
-0.0137615
-0.0137905
0.0248156
0.0208845
-0.0353316
0.0144471
0.010636
-0.0269737
-0.0170688
-0.00920938
0.00817151
-0.02165
0.0134785
0.0234307
-0.0129752
-0.0143489
0.0239496
-0.0102194
0.0183792
-0.0247176
0.0138697
0.0108479
0.0145893
0.0109091
-0.0256227
0.0110148
0.0134149
-0.0244908
-0.0167991
-0.0190447
-0.0116698
0.00985689
0.0188859
0.000138123
0.0210996
-0.0212377
-0.0053694
-0.0147292
-0.00488767
0.0196169
0.00894087
0.0134392
-0.0223801
0.017387
0.015891
-0.00796769
-0.0134915
0.0214592
-0.0108738
0.0246914
-0.0144626
0.0134176
0.0111354
-0.024553
-0.0134054
-0.0110193
-0.0243139
0.01098
-0.0229215
0.00934654
-0.0182018
-0.0160009
0.0342027
0.0166546
0.0150603
-0.0192239
0.0151201
0.0130855
-0.0238306
0.0107451
-0.0232321
0.012489
0.0107431
0.0124064
-0.0232341
0.0108278
-0.0348706
0.0193578
-0.00940118
-0.0181958
-0.0131428
0.0243969
-0.0254235
-0.0107465
-0.0212863
0.0330757
0.0247473
-0.0108977
0.0248155
-0.0139178
-0.0248108
0.0110559
0.0149245
-0.0325729
0.0136659
0.0180705
0.0179316
0.0127228
0.0169384
-0.0338884
0.0129729
-0.0309639
0.017991
0.0110038
-0.0246268
0.013623
0.0109845
-0.0246096
0.0136251
-0.0184198
0.0332587
-0.0148389
-0.0213245
0.0163933
0.0166774
0.00992378
0.0181786
0.00018578
0.0213244
0.0143765
-0.0347091
-0.0243143
0.013218
0.0110963
0.034319
-0.0168435
-0.0174755
0.00259132
0.0277717
-0.012132
0.0236772
-0.0115452
-0.0271412
0.0168151
-0.0180767
-0.0184899
0.0293475
-0.0303921
0.0118624
0.0134232
0.00825365
-0.0216768
0.0139093
0.00982824
-0.0122427
0.0311927
-0.0192192
0.0308097
0.0261421
-0.0249686
0.0140853
0.00954334
-0.0209975
-0.000388615
-0.0136438
-0.0102375
0.0136091
0.0109804
-0.0245467
0.0135778
0.0132302
-0.0243722
0.011142
-0.0139979
-0.00953324
0.0181923
0.0122977
-0.032343
0.0162338
0.0182855
0.0257284
-0.00874296
0.0121793
-0.0342317
0.0250872
0.00164922
-0.0267364
-0.0244523
-0.0103352
-0.0122886
0.0226238
-0.0244805
0.0147942
-6.65163e-05
-0.0248868
0.0249533
0.0275284
-0.0139336
0.00858805
-0.0203428
0.0165472
-0.0143875
0.0236969
-0.00930943
0.0236528
-0.0143149
-0.00933786
0.0199825
-0.00251529
-0.0174672
-0.00265714
0.0203639
-0.0177068
0.0145066
0.00848624
-0.0144758
0.023897
-0.00942118
-0.0145102
0.0239583
-0.00944815
-0.0094708
-0.0145461
0.0240169
-0.0108817
0.0247625
-0.0138808
0.0247058
-0.0108157
0.0247549
-0.0113372
0.0243148
-0.0132774
-0.0110374
0.0240365
-0.010951
-0.0129398
-0.0108908
-0.0108257
-0.00893204
0.0253894
-0.00152916
0.0192596
-0.0177304
-0.027936
0.0022804
0.0256556
-0.0331432
-0.033682
0.0353682
-0.0144837
0.0247448
0.0205399
-0.0129992
-0.00754064
-0.0272414
0.0107528
0.0164886
0.0262612
-0.0275195
0.00125827
0.0232117
-0.0128447
-0.0103669
-0.0149612
-0.0179159
0.0017792
0.0098991
-0.0180233
-0.0109522
0.0289754
-0.0107191
0.0290178
0.0182977
-0.0246856
0.0138106
0.0108379
0.0138843
-0.0147561
-0.00958988
0.033701
-0.0164147
-0.0172863
0.0153495
-0.0345397
-0.0205082
0.0340438
0.010813
0.0138426
-0.0277223
0.000140588
0.0275817
0.0138773
0.00963988
0.0211985
-0.0345929
0.0133944
0.015214
0.00969142
-0.0109899
-0.032187
0.0130596
0.0191274
-0.0111354
0.0192358
-0.0294658
0.0180856
-0.0281202
0.0173732
0.00962781
0.0176827
-0.0135086
0.0307199
-0.0273511
-0.00336885
-0.020111
0.0202492
0.0223148
-0.0129144
-0.00940043
0.00124496
-0.0203019
0.0190569
-0.0146211
-0.00950354
0.0241246
-0.0187414
-0.0150962
0.0245524
-0.00945627
-0.0245518
0.0137921
-0.0120983
-0.0135245
0.0136713
-0.0106834
0.0243013
-0.0136179
0.00910452
0.0135553
-0.0226598
0.0107812
-0.0239758
0.0131946
0.0013001
-0.0276812
-0.0165546
0.00897852
-0.0019511
0.0270383
-0.00994645
0.0243931
-0.0144466
-0.0310716
0.0130092
-0.0108855
-0.0138533
-0.0136262
-0.00676263
-0.0244349
0.0096502
-0.0166053
-0.0108517
0.0273373
-0.0189982
-0.00833912
-0.0174892
0.0276743
-0.0100238
0.0306691
-0.0184523
-0.0246501
0.0147775
0.0328222
-0.0154571
-0.0173651
0.0109729
0.0137366
-0.0247095
0.0329924
-0.0166431
-0.016436
0.0139991
-0.0307263
0.0167272
0.0139318
0.0247774
0.00750479
0.0134065
-0.00389268
0.020291
0.0135797
-0.0236957
0.0180347
-0.0327079
0.0146732
-0.0145518
-0.00960108
-0.0159412
0.0316745
-0.0157334
0.00982528
0.0163754
-0.0201253
0.0176081
-0.0236265
0.0092837
0.0199991
-0.00298921
-0.0170099
0.00935634
-0.0238629
0.0102403
0.0136226
0.00938687
-0.0229275
0.00827238
0.0225371
-0.0135962
-0.022078
0.0133523
0.0087257
0.00865423
0.0132216
-0.0218759
0.0183533
-0.0322961
0.0162153
-0.0335617
0.0173465
0.0158842
0.0174518
0.0146947
-0.0334728
0.0187781
0.0266865
-0.025793
-0.000893543
0.0272343
-7.93323e-07
0.0147698
0.0178476
0.0173707
-0.0319412
0.0145705
0.0133451
0.0195267
-0.0328718
0.030721
-0.0162563
-0.0144647
-0.013558
-0.00936353
-0.00980612
-0.012938
0.0227441
-0.0143497
-0.00958276
-0.0261638
0.0274516
-0.00128787
0.0107259
-0.0246384
0.00968729
0.0117142
-0.031915
0.0202008
0.0263801
-0.00354378
-0.033577
0.0154488
0.0181281
-0.00994896
0.0342553
-0.0123762
-0.0218791
-0.00944133
0.00518822
-0.0202497
0.0150614
0.00521321
-0.0199424
0.0155154
0.00625101
-0.0217664
0.0104228
0.0207489
-0.0311717
-0.0255159
0.0252076
0.000308294
-0.0132075
-0.0111068
0.0211605
-0.0136557
-0.0186091
-0.0109907
0.0246649
-0.0249508
-0.000682128
0.0256329
-0.0225112
0.00909197
0.0134193
0.0174493
0.0236783
-0.0250004
0.00132203
0.010967
0.0138244
-0.0200843
0.0320338
-0.0119494
-0.0188698
0.00643893
0.0124308
0.00212725
-0.0109135
-0.0133532
0.0242667
0.0168747
0.0176651
0.0106228
-0.0291535
-0.00416877
-0.0253117
0.0294805
0.0246455
-0.0136035
-0.0228025
0.00900354
0.0138924
0.0184528
-0.0333617
0.0149089
-0.0186423
-0.0170381
-0.0183555
0.0341741
0.0212539
-0.0334686
0.0122147
0.0108765
-0.0247599
0.0174896
0.0201041
-0.0375937
-0.00664902
0.0207808
-0.0141318
-0.0221022
0.0143414
0.00776081
0.00774043
0.00399567
-0.0276314
0.0236357
-0.00970131
0.0265557
-0.00182214
0.0255005
0.0247232
-0.0137084
-0.0267329
0.0246387
0.0234318
-0.00964228
-0.0148081
0.0243431
-0.00953502
-0.0274394
-0.0267939
0.00124177
0.0255522
-0.0013842
-0.0254097
0.0190874
-0.0212614
0.0215995
-0.014
-0.0244663
0.0137416
-0.0136367
0.0248466
-0.0138337
-0.0214329
0.0268932
-0.0132671
-0.0104852
-0.00898957
-0.013813
0.0135679
0.00896922
-0.0134238
-0.00854443
0.0221523
-0.0136079
-0.0316269
0.0130443
-0.0174309
0.0330013
-0.0155704
0.0107988
-0.0246939
0.0110022
-0.02473
-0.0247692
0.0138023
0.02474
-0.0136633
-0.0136023
0.0243739
-0.0133517
-0.0229117
0.0136873
0.00922443
-2.95559e-05
0.0284745
-0.0284449
-0.0163623
0.025194
-0.00883171
0.0110976
-0.0185072
0.0349234
0.0139419
-0.0137461
-0.00805858
0.0218047
0.0137279
0.00787166
-0.0286546
0.00528011
0.0137975
-0.024338
0.00973199
-0.0245636
0.0107093
0.0341529
-0.0197526
-0.0188884
0.00788569
0.0110027
-0.018633
0.0319821
-0.0133491
-0.00447289
0.0201411
-0.0156682
0.0240547
-0.0110719
0.0091246
-0.0262017
0.0269669
0.00976863
0.0165517
-0.016984
-0.00994877
-0.0100483
-0.0169346
0.0269829
0.0277486
-0.0179312
0.0180419
0.0103726
-0.0284145
0.0293549
0.017342
-0.0203547
0.0173655
0.000186382
0.0293307
-0.0109515
0.0266567
-0.00963089
0.0124081
-0.0310047
-0.0145984
0.0153913
-0.0212247
0.013257
-0.0138891
-0.0197974
0.0128348
0.00696261
-0.0168888
-0.0162798
0.0335063
-0.0172264
0.0334191
-0.0173455
-0.0160736
-0.0159834
-0.0175678
0.0335512
0.033691
-0.0178068
-0.0152711
0.0334464
-0.0150218
-0.0184246
0.0332975
-0.0147757
-0.0185218
0.0333458
-0.014719
-0.0186268
0.0325693
-0.0123686
-0.0202006
-0.0342303
0.0190218
0.0180652
-0.0329747
0.0159161
-0.00578969
-0.0130801
-0.0164657
-0.00172136
0.0181871
0.0174984
-0.0136808
0.0244614
0.0241927
-0.0134234
0.0139247
-0.0246598
0.00986665
0.0140494
-0.0247892
0.011111
0.0295513
-0.019374
-0.0101773
-0.0246513
-0.00179369
-0.023565
0.013839
0.00972603
-0.00896179
-0.0123627
-0.0205872
0.0349637
-0.0186517
-0.0356467
0.016997
-0.0309078
0.0215993
0.0114782
0.0146157
-0.0247243
0.0108892
0.00943273
-0.0243949
-0.0156601
-0.0187353
-0.0123374
0.020745
-0.00840769
-0.00907205
-0.022944
0.0134627
0.0167824
0.00321059
-0.019993
-0.0251701
0.0275897
-0.00241962
0.0197243
-0.0158373
-0.003887
-0.0339547
0.0153648
0.01859
0.0329029
-0.0144999
-0.0184031
-0.0301515
0.00192626
0.0132438
0.0100623
-0.0233061
-0.0103576
-0.0130528
0.0234104
0.011714
-0.0220716
-0.0270884
0.00940105
-0.023902
0.010882
0.01302
0.014777
0.0110776
-0.0165726
0.0263718
-0.0269918
0.0171989
-0.0103339
-0.00873335
0.0246321
-0.0158987
-0.00897358
-0.0113693
-0.00907198
0.0256192
0.0144099
0.0308709
-0.0184628
-0.0224226
-0.0314186
0.0185974
0.0128213
-0.0131298
-0.0184971
-0.0317758
0.013428
-0.0318907
0.0184627
-0.0317417
0.0184074
-0.013679
0.0182161
0.0136235
-0.0146253
0.0323226
-0.0176973
-0.0324176
-0.0177095
-0.0147081
0.0149977
0.0173073
0.0174507
-0.0327431
0.0151402
0.0176028
-0.0325787
0.0175073
-0.0171874
-0.0110825
0.000429008
0.0262575
-0.0269504
0.00023622
-0.0274452
-0.000277088
0.0363386
-0.0223395
-0.0266655
-0.0270709
0.0179862
-0.0278193
0.00949682
-0.0243109
0.0132264
-0.024324
0.013182
-0.00180095
0.0250079
-0.019169
0.0315226
-0.0123536
0.0137023
0.0111044
-0.0188659
-0.0130854
0.00141918
-0.0263024
-0.035193
0.0200557
0.00181382
-0.0250908
0.023277
-0.0286388
0.02447
-0.0133644
0.00992778
-0.022781
0.0128532
0.0140108
-0.0221798
0.00816898
0.0240704
0.0342572
0.026002
-0.023806
-0.00219603
0.0222869
0.0119685
0.017315
0.00368856
0.029554
-0.0114144
-0.0181395
-0.00578735
0.0204049
-0.0203149
0.0145275
0.0112693
-0.031279
0.0200097
-0.0249589
-0.000557009
-0.0138771
-0.0108279
0.00823084
0.0147592
-0.0142191
-0.0186241
0.0328431
-0.0174128
0.0341742
0.0231441
-0.0145561
-0.000711483
-0.0199501
0.0206616
-0.000188098
-0.0202663
0.0204544
0.0206536
-0.0212256
0.000572073
-0.0183367
-0.0111734
-0.0111984
0.0296218
-0.0219682
0.0220074
-0.00878571
-0.0131554
0.0221568
-0.00900138
0.00820569
-0.0212968
0.0130911
-0.0183137
0.0147211
-0.0324305
0.0149976
0.0174478
0.0109938
0.0137613
-0.0246481
0.0107844
0.0197711
-0.0195009
-0.017876
-0.0125579
0.0331118
0.02032
-0.0325515
0.0122315
-0.00923071
-0.018052
0.0122623
-0.0008226
-0.0267435
0.0275661
0.0289545
-0.0280424
-0.000912101
0.00982021
0.0137027
-0.0255442
0.00893854
-0.0252996
0.00893734
0.00895731
0.000957843
-0.0133218
0.0345203
-0.0180356
0.0189251
-0.0204542
-0.0295224
0.000610575
0.0289118
-0.00973572
0.0237767
-0.0209042
0.0208165
8.77075e-05
-0.00997112
0.0232192
-0.0132481
0.0208398
0.000705271
-0.021545
0.0136304
-0.0244872
0.0108568
0.0347933
-0.0167118
-0.0180814
0.0201394
-0.0035134
-0.016626
0.0216193
-0.000734013
0.0231819
-0.0213681
0.00248596
0.0166242
-0.0351314
0.00976991
0.0144188
-0.0241887
0.0288468
-0.0162454
-0.00822212
0.0222329
0.0206859
0.0151231
-0.035809
0.0279871
-0.0109559
-0.0079325
-0.0236482
0.0202607
0.0188159
-0.00901777
0.0231082
-0.0140905
0.0181368
-0.0069136
-0.0112232
0.0259623
-0.0231568
0.0137351
0.0229082
-0.010142
0.00140644
-0.0208696
0.0194631
0.0199276
0.000912124
0.0110875
-0.0247032
-0.0246785
0.0247263
0.0207445
-0.00759652
-0.0131479
0.0201676
-0.0135026
-0.00666496
0.0319316
-0.021342
-0.0105896
-0.0226767
0.00954222
0.0131345
-0.0246585
0.0138408
-0.0036622
-0.0155617
0.013918
-0.027365
0.00219488
-0.0110875
0.024827
0.0183463
-0.0219766
0.00363028
0.028969
-0.00544608
-0.0245602
0.0108501
0.00987388
-0.0216898
0.0118159
0.0221482
-0.0138623
0.0139851
0.00623157
-0.0202167
-0.0330689
0.0118694
0.0211995
-0.0212487
-0.0140829
0.00837363
-0.0132565
-0.0177387
0.0143489
0.00872424
0.0141084
-0.0231355
0.00902706
-0.0230137
0.0140925
0.00892122
-0.0230513
0.0143179
-0.000876193
0.0220841
-0.0212079
-0.0299913
0.0184473
0.011544
-0.0185304
0.0108705
0.0138337
-0.0247042
0.0240425
0.0138996
-0.0147045
0.0187199
-0.00401539
0.00449335
0.0195271
-0.00274476
0.0108611
0.0139162
-0.0247773
0.0202524
-0.000679653
-0.0195727
-0.0148509
-0.00952272
0.0271352
-0.0131258
-0.0190612
0.0330404
-0.0274114
-0.0245394
0.00938808
0.0149309
0.0204373
-0.0156284
-0.0244657
-0.0106575
-0.0151267
0.0343191
-0.0179258
-0.0139187
0.0298759
-0.0235393
-0.00633664
-0.00473423
0.0234002
-0.0140352
0.0185116
-0.00850657
0.00912481
-0.00980089
-0.00992139
-0.016477
0.0263984
-0.00096958
-0.0194856
0.0204552
-0.0147251
-0.017438
0.0199553
-0.0333609
-0.0205854
0.0334253
0.0132656
0.0205642
-0.0338298
0.00117585
0.0262758
-0.0174731
-0.0348525
0.0224763
-0.0173413
-0.0173956
0.0225508
0.0120361
-0.034587
0.0166482
0.0183543
-0.0147462
-0.00973433
0.0148291
0.00964191
-0.033757
0.011878
0.0095449
-0.0240967
-0.0108295
0.0143466
-0.0234799
-0.0235552
0.0091906
0.0143646
-0.0236026
-0.0199656
0.00211946
0.0178461
-0.0213614
0.00388519
0.0174762
-0.0212375
0.0191855
0.00205199
-0.0209853
0.0205884
-0.0215513
0.0223215
-0.000770222
0.0182828
0.0114794
-0.0237623
0.0143385
-0.0186017
-0.00867808
-0.0137904
-0.00834193
0.0217651
0.00783886
0.0129056
0.0244586
-0.0134256
-0.0171326
-0.0164291
-0.015774
0.0338319
-0.018058
-0.0188851
0.0327687
-0.0138836
0.0327106
-0.0130684
-0.0202925
0.0260654
-0.00112198
-0.0249434
-0.0120323
0.0322709
-0.0202387
0.0326177
0.0265542
-0.0261252
-0.0121457
-0.0204959
-0.0321473
0.0209294
0.0146954
0.0330583
-0.014716
-0.0307919
0.0177549
-0.0341909
0.0147104
0.0181734
0.0160682
0.00691582
-0.0193553
0.0124395
-0.00610315
0.019477
-0.0133738
-0.0341404
0.0136321
-0.0191832
-0.028072
-5.79787e-05
0.03463
-0.0290008
0.0289428
-0.0137744
-0.00962532
-0.00975328
0.0236306
-0.0164854
0.0242922
-0.0106939
-0.000641122
0.0180658
-0.0174247
0.0195506
0.000701807
-0.0272524
-0.00982753
0.0241181
-0.010033
0.0147014
-0.0195891
0.0139185
0.00791661
0.0245046
0.0216427
-0.0200322
-0.00161054
0.00341536
-0.019838
0.0164227
-0.0144216
0.0184997
0.0144215
0.0291521
-0.0306779
0.0109617
0.0105164
0.0154893
-0.0260057
0.0190289
-0.0111432
0.0138933
0.00664654
-0.0185888
0.0331386
-0.0145498
-0.0260364
0.000687179
0.0253492
0.0262094
-0.0236442
-0.00256521
-0.0192463
0.000555963
0.0186904
-0.0100671
-0.0149185
0.0100179
-0.00684171
0.0210287
-0.014187
0.00709803
-0.0207642
0.0249124
-0.0249789
0.0157756
-0.0210694
0.00529384
-0.0146287
-0.011364
-0.0127447
-0.013412
-0.0117416
0.0229354
0.0144044
-0.0303456
0.0242779
0.0251386
-0.0266065
0.00179002
0.0180082
-0.0197982
0.0134775
-0.0222597
0.00878219
0.0135339
0.00861835
0.0128993
0.0186641
0.0132193
-0.0319287
-0.0171719
0.0321695
0.021031
-0.0131921
0.0138392
0.0171393
-0.0333617
-0.0337142
0.0182757
0.0142286
0.0191172
0.0167307
-0.0314498
0.0193766
0.0159504
-0.0149048
-0.0193255
0.0148454
0.0179864
0.0340261
-0.0162712
-0.00951177
-0.0134322
0.00656063
0.0129164
-0.015193
-0.0208748
0.0236987
-0.0138259
-0.00987276
-0.0151708
-0.0196998
-0.0140033
0.0238418
-0.00983849
0.0126022
0.0216486
-0.00198149
0.0210688
-0.0290769
0.0188787
-0.000486185
0.0211384
-0.0206522
-0.0301767
0.00133946
0.0145389
-0.0244854
-0.00442941
-0.0206614
-0.0121963
-0.0226562
0.0127805
-0.022556
0.00977556
-0.0229149
0.0139024
0.00901255
0.0120212
-0.020983
-0.00736829
-0.035071
-0.0135627
-0.010984
0.00834483
0.0165238
-0.0248687
-0.0126847
0.0316474
-0.0147475
-0.00552345
0.020271
0.0141445
-0.0354035
-0.0243027
0.0110804
0.00442313
0.0160446
-0.0148107
-0.0184747
0.0299734
0.0242469
0.0146091
-0.0141843
-0.00567611
0.0198604
-0.0246683
0.010783
0.0212533
0.012981
-0.0342343
0.0216422
-0.0338405
-0.0244148
0.0272371
-0.00282229
0.00796542
-0.0260602
0.00182078
0.0180195
0.0167738
-0.013453
0.0225115
-0.0347079
-0.0204787
0.0222411
-0.00176245
0.00819156
0.0108373
-0.00137341
0.0275828
-0.00303563
0.0321878
-0.0272556
0.0171918
-0.0123019
-0.00890529
-0.0183482
-0.00288923
-0.020644
0.0196744
0.0216338
-0.0214838
-0.000150082
3.71553e-05
-0.0213029
0.0212657
0.021671
0.0241547
-0.00327194
-0.0313519
0.0317928
0.0322957
-0.0175747
-0.0148562
0.0322998
-0.0324423
0.0175861
-0.0235174
0.0273969
-0.00387952
0.0137951
-0.0246834
0.0108883
0.0109053
0.0138656
-0.0107812
-0.0138871
0.0107503
0.024584
-0.0201331
0.00764851
0.0124846
0.00731713
-0.0197506
0.0124335
-0.0132368
-0.0176272
0.0324654
-0.000210917
-0.0136877
0.0229837
-0.00967711
-0.0133066
-0.0196521
0.00627825
-0.0133219
-0.00473003
0.00540263
-0.019278
0.0138753
0.00450946
0.0142104
0.0191851
-0.00285117
-0.0279314
-0.0136987
0.0234539
-0.0232792
-0.013759
0.0235792
0.0246746
-0.0138598
-0.0265053
-0.0183681
-0.00905753
0.0186185
0.00192364
-0.0196541
-0.0199869
0.000342807
0.0196441
-0.0212712
0.033852
-0.0263584
-0.0211059
0.00059414
-0.0280474
0.0248627
0.00318466
-0.0203338
0.00015313
0.0201806
0.0298711
0.0080063
-0.0217524
-0.0301126
0.00125564
0.028857
-0.0287882
-0.0013244
-0.0153308
-0.000945914
-0.02016
0.0208261
-0.0141795
0.0139169
-0.0142037
0.023153
0.0330424
-0.0136657
0.00807403
0.0139618
-0.0220358
-0.0169902
0.0204056
0.0235293
0.0210217
0.00216026
-0.0333352
0.0146979
-0.0148824
-0.00956579
0.0288469
0.00131975
-0.0301666
0.0116342
0.00885863
-0.0204928
0.0113799
-0.0199515
0.00857163
-0.0345687
0.0119125
0.0121717
0.0223623
-0.034534
-0.0122524
0.0257511
-0.024921
-0.000830085
0.0180845
0.0162346
-0.0109752
-0.013522
0.0244972
-0.0238998
0.0225264
-0.00187945
0.026045
-0.0241656
-0.0207002
0.00278839
0.0179118
-0.0188105
0.00785453
0.0333798
-0.0181146
0.00637872
-0.0205212
0.0141425
0.00548466
0.014776
-0.0215185
-0.0115503
-0.000350619
0.025263
0.000314711
-0.0252655
0.0201987
-0.0161171
0.0106889
0.00744794
0.0082248
-0.0176992
-0.00109005
0.0240425
-0.0229525
0.0110075
-0.0246831
0.000434416
-0.0221791
4.69343e-05
0.0220371
0.000541403
-0.0220927
0.000120654
-0.0200011
0.0201218
-0.0210265
0.0206056
0.00042094
0.0304684
-0.023323
0.0224716
0.000851395
-0.0137738
0.0245292
0.0246656
-0.0110855
-0.0135801
0.012816
0.00730662
-0.0201226
-0.0263476
0.00055463
0.0096303
0.0133534
-0.0228603
0.0131832
-0.0142337
0.0183831
-0.00414946
0.0156963
0.0108604
-0.0247864
0.000774666
-0.0251354
0.0266597
-0.00152428
-0.0311725
-0.0205471
0.0190808
0.0104563
-0.0249787
0.0263979
-0.0290416
0.0106097
-0.0286992
0.000925587
0.0277736
-0.0259609
0.025068
0.000892931
0.0147557
0.020208
-0.0129935
0.0229213
-0.0138062
-0.00287814
0.0343078
-0.0267548
-0.00755303
-0.00782897
0.0222025
-0.0143735
0.0208789
-0.0331313
-0.00895882
-0.00898574
0.0233037
-0.0143301
0.0234048
-0.00907476
-0.00920862
-0.0142718
0.0234997
-0.00922783
-0.00467752
0.0220195
-0.0173402
0.0213024
-0.00396225
-0.0181756
-0.00266201
-0.0186994
0.0214193
-0.0198921
-0.00152714
-0.0206244
0.00113885
0.00116131
0.0197075
-0.0208688
-0.0209384
-0.000279028
0.0212175
-0.0218484
0.000364668
0.0123272
-0.0314962
-0.0227887
0.023093
0.0135071
-0.0213756
0.00788407
0.0232405
-0.0097334
0.0096772
0.0191947
-0.0273279
-0.000505581
-0.0279394
-0.0233241
0.00980096
0.0138977
-0.0237391
0.00685611
-0.0131327
0.000530026
0.0190969
-0.0196269
-0.000436332
0.0346908
-0.0282668
0.0252462
0.00179211
-0.00203831
0.00263021
-0.027045
0.0182116
0.0140716
0.00977025
0.0142827
-0.0241102
0.0111353
-0.0247962
0.0136609
0.0219248
0.0200465
-0.00606138
-0.0156294
-0.00593941
0.0215688
-0.0177413
-0.0209781
-0.000903226
-0.0250577
-0.0214839
-0.0122755
-0.0224323
-0.0230213
0.0138059
0.00921538
-0.0230157
0.00911201
0.0139037
-0.0100005
-0.0139114
0.0150528
0.0182059
-0.0230163
0.0139985
-0.0141058
-0.0234583
-0.00376802
-0.0167507
0.0205187
-0.00924569
0.0212669
-0.0202016
0.0109559
-0.00856734
-0.0195715
0.0110041
-0.00825554
-0.011696
-0.00455896
0.0303659
-0.0258069
0.0107062
-0.0220767
-0.00412371
-0.0168849
-0.0136257
-0.0103793
-0.0138446
0.0144019
0.00780062
-0.0192589
0.0162322
0.0030267
0.0060887
0.0143162
-0.00966159
0.0242941
-0.0146326
0.0249089
-0.0243082
-0.000600622
0.0157258
0.0237548
-0.0217182
-0.0226631
-0.000464566
0.0103834
-0.017297
0.0294463
0.00771347
0.013447
0.0123094
-0.003654
-0.0162295
0.0198835
0.0118181
-0.0239238
-0.0242314
0.0118725
0.00104116
0.022686
-0.0222711
-0.00105188
-0.00163328
-0.0233671
-0.00275425
0.0273067
-0.0245524
-0.00791784
0.0208234
-0.00142337
0.0265463
-0.025123
0.034089
-0.0159155
-0.000923147
-0.0254245
0.0132766
0.0194397
0.0192215
0.000422622
-0.0206779
0.0202415
0.0307729
-0.0221925
0.00153111
-0.0220892
0.0264117
-0.0309706
-0.00741394
0.0181028
-0.0113625
0.0233862
-0.000805026
0.027757
-0.026663
0.0173237
0.00933932
-0.0275646
0.0100755
-0.00878659
-0.0209207
0.000958916
0.0201407
-0.000424848
-0.0258802
0.0264216
-0.020402
0.000400855
0.00062437
0.0240855
-0.0247099
-0.0242287
0.0228503
0.00137843
0.0215414
-0.0133357
0.0231529
-0.0247862
-0.0253396
0.00220095
0.025196
-0.029443
0.0246566
-0.0204402
0.0128437
-0.0111382
0.01316
0.00700753
-0.0246814
0.0258833
0.016177
0.0179119
-0.0335503
0.0199023
0.0256232
-0.00040211
0.0267792
-0.0263771
-0.0228183
0.0216119
0.0231474
-0.00979399
0.0320021
-0.016833
-0.0151691
-0.0140355
0.0194381
-0.0143372
-0.00494075
-0.0182491
0.0027194
-0.019186
0.0174646
-0.0108198
-0.0124143
-0.0169935
0.0263493
-0.0275461
-0.000385259
0.0233069
-0.013414
-0.00989296
0.0134858
0.0256769
-0.00884479
-0.0265706
0.0101028
-0.0193357
0.00191103
0.0154164
-0.00737203
0.00947222
-0.0243232
0.0240913
-0.00486988
-0.00211477
-0.0200778
-0.0338569
0.0125857
-0.0269449
0.0258463
0.00112221
-0.029389
0.0133939
-0.0253979
0.02719
-0.0250108
0.027641
0.0243346
0.00738882
0.0191196
0.0129244
-0.031804
0.0191194
0.0108359
-0.024564
0.0137282
0.0018366
-0.0306248
0.014355
0.00976306
-0.00156969
-0.0290728
0.00152038
0.0275524
-0.00226552
-0.0268072
-0.0295487
0.0272832
-0.00957167
-0.013105
0.0227597
-0.00132463
-0.021435
0.00127578
0.02206
-0.0343355
0.0183411
0.00093433
0.0135695
-0.0315976
-0.00982518
-0.0127309
0.0223652
-0.0124913
-0.0223508
0.0100622
-0.0116999
-0.00998988
-0.0144188
-0.0156086
-0.00351282
-0.0260359
0.0268531
-0.0241915
0.0109025
-0.022909
0.0321415
-0.00923251
-0.0302621
0.0269563
-0.00979124
-0.0122855
0.00971723
-0.0244352
0.0101589
-0.0133492
-0.0140106
0.0205514
-0.00654077
0.0137002
0.00852638
-0.0205568
0.0347014
-0.0148302
0.0154068
0.0326587
-0.0105302
-0.0253095
-0.000668238
-0.0246413
-0.0194551
-0.00950972
0.000303543
0.0246053
-0.0245685
-0.0325357
0.0161051
0.000919265
-0.0278279
0.0269086
-0.017367
0.00995305
-0.00698355
0.0128398
0.0140149
0.00919176
0.0237164
-0.0100642
0.00997494
0.00970501
-0.0258262
0.00975517
0.0168005
-0.00971405
-0.0174271
0.00735928
-0.0237756
-0.0213633
0.0131995
-0.017157
-0.0157396
0.0328966
0.00812344
0.0108773
-0.0246797
0.0138025
-0.0246923
0.0138185
0.0108457
0.0138746
-0.0247203
-0.0247222
0.0108334
0.0111169
-0.0255795
0.0110631
-0.0244685
-0.0320204
0.0109225
0.013265
-0.0241876
-0.0186848
-0.0148654
0.0336517
-0.018957
0.0337503
-0.0145082
0.000640966
0.0343552
-0.0196448
-0.000432223
0.0274282
-0.026996
-0.0151364
0.0299192
-0.0177901
0.0341966
-0.0129434
0.0130684
-0.0238941
0.010826
-0.0283902
-0.0290083
-0.00271434
-0.0249367
-0.0245228
0.027486
-0.00296321
-0.0327772
0.0304843
-0.0117468
0.00865518
0.0226928
-0.0211616
-0.0094377
-0.026221
-0.0271788
0.0141357
-0.0237224
0.00958671
0.024726
0.0329834
-0.0207583
0.0344502
-0.0225
-0.0119502
0.00155854
-0.0287374
0.0290108
0.000469721
0.00467374
0.0342685
-0.0176203
0.0269643
-0.00252306
-0.0208744
-0.00985516
0.0208579
-0.0102389
0.0234826
-0.0124638
0.027399
-0.0282041
0.0283246
-8.95029e-05
-0.0191694
0.00590052
-0.0200848
-0.0138988
0.0247465
-0.0108477
0.0166148
0.0140624
0.00933773
-0.0268509
0.0181779
0.0231183
-0.0130624
-0.0100559
-0.0119654
-0.0140977
0.0260112
0.0149822
-0.0253077
0.0142351
0.00890898
0.0143433
-0.00270865
-0.017646
0.0200164
-0.017897
-0.0207935
0.0181315
0.00225943
0.0184633
-0.0207227
-0.0205919
0.00142887
0.019163
0.0145255
-0.0239963
-0.00945172
-0.0216467
0.0185243
0.0123466
-0.00890259
-0.00885193
0.0222042
-0.00907787
-0.0163558
0.00139866
0.0216298
-0.00777765
-0.0135691
0.0246546
-0.0100653
-0.0131336
-0.0133252
-0.0109886
0.0265602
-6.01168e-06
-0.00923339
-0.0189201
0.00559816
-0.0184157
0.00312898
0.0152868
-0.0243643
0.014818
0.00954629
0.0232702
0.016676
0.00251003
0.0169024
-0.0194124
-0.0216119
0.0288958
-0.0168922
-0.00310077
-0.019249
0.0313263
0.00682606
-0.0191806
-0.0113471
-0.0243551
0.0137214
0.0106338
-0.0335247
-0.0173487
0.0349616
0.00207729
-0.0230554
0.0251435
0.000607667
-0.0170697
-0.00431912
-0.0165553
-0.00201008
-0.0245603
0.0265704
0.0333941
-0.0179453
0.0206596
-0.0142809
-0.0220599
0.0175117
0.0157515
0.0169518
-0.0138045
-0.0266038
-0.00926188
0.0196612
-0.00165304
-0.0230217
0.00149378
0.0215279
-0.0198725
-0.00135317
0.000605556
-0.00172549
-0.0203646
-0.00856428
-0.0133116
0.0216511
-0.00845162
-0.0017571
0.0109859
0.00756329
-0.0207112
0.0165684
-0.0158232
0.0329625
0.0161232
0.0160251
0.0333352
-0.0122593
-0.0198881
-0.0181293
-0.0147016
0.0325492
-0.0177122
-0.0227957
-0.00585309
-0.013799
0.0165171
0.0181129
-6.5462e-05
-0.0139381
0.0167215
-0.0174121
-0.0272052
0.00916958
-0.0200837
0.027775
0.0248593
-0.0257032
0.0203181
-0.0190273
-0.00129081
0.00812264
-0.00983366
0.0200323
-0.018472
-0.0140957
0.0235878
-0.00183096
0.0120347
0.0213496
-0.0103455
-0.00987264
-0.0144653
0.0218525
-0.0204698
0.0217456
0.00311775
-0.0291536
-0.0261559
0.0245115
0.0193987
-0.0115442
-0.0242512
0.000291508
-0.0133262
0.0233885
0.0131472
-0.0213879
0.0215737
0.0234952
-0.000994228
-0.0242365
0.0252307
0.0101703
0.000600215
-0.00928873
0.0233037
0.00974694
0.0136392
-0.0331184
-0.0329325
0.0185913
0.0171556
0.0145189
0.0250928
-0.0149007
0.026011
-0.00971647
-0.0200488
0.0021777
0.0178387
-0.00206474
0.0205768
-0.0185121
-0.0240728
-0.0185193
-0.00218667
-0.0225691
0.0273166
-0.00474747
-0.024059
0.02626
0.00144142
0.0107765
-0.0110633
-0.0110522
-0.0262449
0.0240086
-0.0130861
-0.014929
0.0149669
0.0147932
-0.0190454
-0.0144274
0.0191408
0.0326812
0.0138255
0.0131961
-0.0334886
0.019578
-0.0318373
-0.0180139
0.0150297
-0.0271757
-0.0132761
0.0135534
0.032026
0.00504476
-0.0187635
0.0137187
0.01951
-0.0346809
-0.0281758
0.0272636
0.0347286
0.0188135
-0.0180341
-0.0207634
0.0126415
0.0220492
-0.0269247
0.00152682
-0.0348927
0.0210643
0.00451664
-0.0196107
0.0183366
0.00208301
-0.0211103
-0.0193697
-0.00185116
-0.013623
0.0218767
0.0138808
-0.0217193
0.00116336
-0.0167974
0.0348169
-0.0351179
0.0131295
0.0219883
-0.0170756
0.034892
0.0209666
0.00281679
0.0341694
-0.0160222
-0.0181472
0.0300965
-0.0032434
0.0339882
-0.0159038
-0.0199534
0.0150724
0.004881
-0.0170249
-0.025478
0.0132674
0.0110789
-0.0242998
0.0110924
-0.0159646
-0.0328089
-0.01747
0.00272249
-0.00879351
0.0169137
-0.026777
0.0098633
0.0169811
-0.0268816
0.0235768
-0.014291
-0.00928576
0.0237271
-0.00938379
0.0124766
0.0183084
-0.0321798
0.0137405
-0.0318216
0.0180811
-0.0318905
0.0147334
0.0334979
-0.0161108
0.0247172
0.0170771
-0.0330583
-0.0324138
-0.0163398
0.0160911
-0.0318851
-0.014254
0.0143459
0.00908592
-0.0139072
0.0247682
0.0250969
-0.0245466
-0.00350074
0.0126869
-0.0190956
-0.01216
-0.0120143
0.0103885
-0.0240323
-0.0108885
0.0241648
0.0156133
-0.0335617
0.0280094
-0.0100583
-0.0136375
-0.00757799
-0.0145243
-0.0144325
-0.0135424
0.0333715
-0.0198291
-0.0107934
0.0245876
-0.0137941
-0.0103135
-0.0203684
0.00335847
-0.0178711
-0.0191365
-0.018802
-0.00199156
-0.0194889
-0.00138069
-0.0221275
0.00803986
0.0129911
-0.0108563
0.0138154
0.0169653
0.0160271
0.027048
0.0336411
-0.0162057
-0.0174354
-0.000692875
0.0269968
-0.000200309
-0.0267965
-0.0265789
-0.000596797
0.0157359
0.0141833
0.0245501
0.00303967
0.0175473
0.0139753
0.011765
-0.0191784
0.0136235
0.00642306
0.00126248
0.00416258
-0.0198559
-0.00334164
0.0220844
-0.0312898
0.0120104
0.0192794
-0.0247409
0.0108072
-0.0217821
0.000347033
0.0124085
0.00939164
0.0239755
-0.0119408
-0.0121243
0.0120179
0.0354164
-0.0266455
0.0219924
0.0234634
-0.0245535
0.00232566
-0.0206739
0.0118196
-0.0270323
-0.0204132
-0.020326
0.00195693
-0.00866789
-0.0142596
0.0220971
-0.0238542
-0.00193589
0.0234958
-0.0149945
-0.0152938
-0.0247558
-0.0215599
-0.0031959
-0.0209698
-0.0138902
0.0108138
0.0138168
-0.024777
0.0109601
0.0247232
-0.0110802
0.0244773
-0.0156818
0.0330283
-0.0259651
0.0257148
0.000250345
-0.0147856
0.0271511
-0.0135851
-0.00958563
0.0243909
-0.00957287
0.0267666
-0.00906168
-0.00784386
-0.0163062
0.0194534
-0.0031472
-0.0252755
-0.0274304
-0.0218744
-0.00517058
-0.00338057
0.00255283
-0.0275193
-0.0239382
0.00979669
0.0141415
-0.0240279
0.0142123
-0.0127651
-0.0190389
0.0308246
-0.0116422
-0.0102056
-0.0188713
-0.0148932
0.0262313
-0.0184187
0.00517413
0.0137492
-0.0231876
-0.0225154
0.0129437
-0.0141192
-0.0138592
0.01254
-0.0109126
0.0247219
-0.0185655
0.0341813
-0.0142644
0.0221193
-0.00785494
0.0105349
-0.0203261
-0.020205
0.0302763
0.017259
-0.0219515
0.0218739
0.00153614
-0.0216472
0.0258153
-0.0185055
0.0292509
-0.0240637
-0.000504806
0.0283192
-0.0230526
0.014266
-0.0148565
0.0238835
0.014244
-0.0232297
-0.0206198
0.00272285
-0.0262694
0.000144155
0.0319052
0.00675376
-0.0202564
0.00527967
-0.0280457
0.0139216
-0.0319681
0.019203
-0.0210295
-0.0142458
0.0275819
-0.0182245
-0.0130652
-0.0175433
0.0346809
-0.0119212
-0.0256022
0.0101935
0.0154087
-0.0205236
-0.00997422
0.0203741
-0.00555728
0.0199892
-0.0193681
0.00939946
0.00926843
-0.008362
0.0168799
-0.000936484
-0.0221092
-0.000319554
0.0224287
0.0224123
-0.0256842
0.0130868
-0.0137862
0.0320945
-0.00170755
-0.0245374
0.014142
-0.00140609
-0.027079
0.0256729
-0.0350306
-0.0149749
-0.000457701
-0.00911338
-0.0140037
0.0169441
-0.0343569
0.0344226
0.0286757
0.03224
-0.00582836
-0.0173177
-0.0114408
-0.0212244
0.0136838
0.0139391
-0.00305049
-0.0132723
-0.0092232
0.0224955
-0.000796192
-0.0256598
0.010829
-0.0183583
0.0321799
-0.0138216
-0.0152421
-0.0183044
-0.0139857
-0.00969245
-0.0208327
0.00972583
-0.0227193
-0.00959851
-0.0129169
-0.00718409
0.0116351
-0.0318401
0.012506
-0.0249927
0.0124867
-0.0265412
-0.0198086
-0.0271908
0.017515
0.00967579
0.0203909
-0.000693982
0.0203684
-0.0199676
-0.0146027
-0.00943361
0.0113975
-0.029793
0.0183955
-0.0241109
-0.0128003
0.0138677
0.0204922
-0.00730519
-0.0253241
-0.0150814
0.0109293
0.0347073
-0.0133758
0.0243706
0.00802645
0.0346515
-0.0247982
-0.0181536
-0.0145276
-0.0214216
0.00972169
0.0248276
0.0141341
0.0094537
-0.00955608
-0.00921616
-0.0243554
-0.0248259
0.0146135
-0.0242751
0.0361322
-0.0379632
-0.00994757
-0.0247793
0.0101334
-0.00589401
-0.0160575
-0.019956
0.0128147
-0.0211212
0.00875852
-0.0168646
-0.0218445
0.00406149
-0.0326535
0.0121388
-0.0246723
0.0125335
-0.0223781
-0.0220622
0.0318355
-0.0133728
0.0137769
0.0108253
0.013896
-0.0247838
-0.024782
0.0109321
-0.0199017
-0.0258962
0.000121603
0.0257746
0.0230338
-0.00544795
0.0147593
-0.0109613
-0.0096735
-0.0138846
0.0247541
0.021024
-0.0123302
-0.00974149
0.032251
-0.014992
-0.00972993
-0.0136404
0.0133016
0.0246549
0.0343537
-0.015516
0.031409
-0.0109907
0.0245685
0.0211084
-0.0122481
0.0177404
0.0152525
0.0100019
-0.00879603
0.0230312
0.0143329
0.011123
0.0178486
-0.0212012
0.00226689
-0.0186707
-0.0208866
-0.0184804
0.0185727
-0.0141938
0.0239976
0.0137334
-0.0134612
-0.0327712
0.0170894
0.0183628
0.0261403
-0.0259961
-0.0263831
-0.0107948
-0.013649
0.0244438
0.0107645
0.0164858
0.00176654
-0.0128485
0.000342131
-0.0213717
0.0110994
-0.0248581
0.0294831
-0.0194143
0.0247305
-0.0138144
0.00971527
-0.00969895
-0.014736
0.013572
-0.025674
0.0172504
-0.0156693
0.0231835
0.0179161
-0.00454658
0.0205793
0.0116458
-0.0322251
0.010028
0.0201061
0.011187
-0.0349984
-0.0181572
0.0278712
0.00985883
-0.022142
0.00787764
-0.00995756
0.02521
0.0333872
-0.0226506
0.0134173
-0.0236499
0.0137771
0.0137135
0.0208069
-0.0197116
-0.0137969
-0.0141622
0.00757224
0.00426885
-0.0140665
-0.0210045
0.0184922
0.0247701
0.033937
-0.0194858
-0.0138715
0.0248028
-0.0137262
-0.0208118
-0.00988631
0.0294328
0.0186533
-0.0163067
-0.0197159
0.0331148
-0.018417
-0.0134535
0.0289966
0.00599005
0.0219741
0.000785252
-0.028801
-0.0138807
0.0122967
0.00914705
-0.00845349
-0.0135147
-0.0185565
0.0134791
0.0336896
0.0172569
0.033934
-0.0335536
-0.0241559
0.013374
-0.0242909
0.0109169
0.0139287
0.0108158
0.01092
-0.016865
0.0240751
-0.0131978
0.0108657
0.0138257
0.0247065
0.0138946
0.010804
0.0110194
0.0137141
0.0109818
0.0137935
-0.0247752
0.0246853
0.0110444
0.0133847
-0.0109449
-0.0109973
-0.0134006
-0.00923138
-0.0109021
-0.0138625
0.0108971
0.00989799
-0.0241016
-0.0108126
-0.00890489
0.0120517
-0.0138778
-0.00968718
-0.0247515
0.0109182
-0.0329528
0.0247531
0.0184282
-0.0145396
0.00922359
0.0148468
-0.0347778
0.0207113
0.0274538
-0.0138146
-0.0124694
0.0293875
-0.0325774
-0.0137057
0.0179061
0.0102457
0.0238347
-0.0153484
0.0125744
0.0130395
0.0296393
-0.0190413
-0.0191485
0.0139278
0.0108363
0.0139033
-0.0262399
0.0164154
-0.0127779
0.0303252
-0.00963207
0.0250389
-0.0127155
0.0226971
-0.00998158
0.0185379
0.0115798
-0.0301103
0.0247841
-0.0138771
-0.0109069
0.0263701
-0.0344121
0.010137
-0.0114905
0.030619
-0.0190529
0.0329499
-0.013897
0.0130806
-0.0311658
-0.0183173
-0.0348073
-0.0167728
-0.0104562
-0.0306262
0.0331349
-0.0172438
-0.0138866
0.0335211
-0.0165558
0.0204388
-0.0193249
0.0138694
-0.00921429
-0.0182917
-0.00927246
0.0100691
-0.0201944
-0.0194069
0.0150241
0.0189607
0.0133523
-0.0178848
-0.023042
-0.00967652
0.0238122
0.0137704
-0.0138032
-0.0110527
-0.00932813
-0.0223294
0.00963891
-0.0221302
0.0100474
-0.0227629
-0.010644
0.0135395
0.0134875
-0.0229253
0.00892163
-0.013065
0.0258491
0.0271461
-0.00982245
-0.0290289
-0.0206622
0.0114283
-0.0299086
0.0146487
0.0247502
-0.0137721
-0.0109882
0.0241625
-0.0187826
0.0137726
-0.0248173
-0.0247614
-0.0178929
0.01828
0.0150998
0.0154284
-0.0337457
0.00801358
-0.00854655
-0.0191795
0.0195804
0.0108296
-0.0236489
0.0128193
-0.0122189
0.0101612
0.0124625
-0.0151463
-0.00950379
-0.00962143
-0.0189828
0.0291988
-0.010216
0.0102506
-0.00298427
-0.0126905
0.0344044
-0.029044
0.0162661
-0.0235477
-0.0249861
-0.0214039
0.0145833
0.0184484
0.0110437
-0.0245473
0.00937848
-0.0226546
0.0103304
0.0147009
0.0139076
0.0108698
-0.0135865
0.0240313
-0.0247688
0.0108616
0.0247766
0.0274494
0.0011889
0.0110235
0.0197977
-0.00818807
0.0137878
0.0109093
-0.0111273
-0.0136054
-0.00930748
0.025431
0.0262742
-0.0165055
0.0167111
0.00995946
-0.00974153
0.000944052
0.0265655
-0.00983398
0.0163048
0.0103518
-0.0148444
0.0137106
-0.0247156
0.0246163
-0.0138532
0.0112304
0.0109881
0.0109504
-0.00943411
0.0245149
-0.0108151
-0.0139244
0.0247752
0.0203891
-0.0283942
0.0247823
0.0248226
0.0105922
0.0141272
-0.0247194
-0.0137542
0.010249
0.0249274
-0.0194876
0.0285046
-0.0183078
0.0177908
0.012915
0.0243455
-0.0245782
0.010952
-0.00891648
0.0176345
0.01421
0.0108832
-0.0246863
0.0138031
0.0138851
0.0146096
0.00955288
0.0293729
-0.00939044
-0.0132642
-0.0110211
-0.0248367
-0.0114384
-0.0190424
0.00682516
0.0255652
-0.0252569
-0.0106807
0.0246543
0.00982301
0.00986628
0.0199567
-0.0213374
-0.0322518
0.0107697
0.0173434
0.0176659
-0.0143319
0.0253149
-0.0149845
-0.0110437
0.0246843
0.0302513
0.0226794
-0.031319
0.00939793
0.0268827
-0.013875
-0.0138333
-0.0094895
0.0138792
-0.0246697
0.0246477
0.0226773
-0.0137081
-0.0168857
-0.0141871
0.0154031
0.0175982
0.0173953
0.0149905
0.0170414
-0.0320318
-0.0246809
-0.0337354
0.0170923
0.0338195
-0.0188526
0.0336568
0.0205774
0.0129212
0.0264694
-0.00940276
0.0107459
0.013926
-0.00270385
-0.0167086
-0.0201159
-0.0108691
-0.0102662
-0.0108517
-0.0136461
-0.0108412
0.0144183
-0.0180879
-0.0189598
0.0169063
-0.0313733
0.014467
0.013858
-0.0119318
0.0108401
0.013912
-0.0247521
-0.00962576
-0.0102482
-0.0139891
-0.0345504
-0.0243124
0.0102147
0.0101596
-0.0280481
0.0181641
-0.0146893
0.0249296
-0.0183647
0.0149958
0.0136202
-0.0312887
-0.0162026
0.0139151
0.013901
-0.0123796
-0.0132226
-0.00848059
-0.0170911
0.0195192
0.0116346
-0.0311539
-0.0149386
0.0330225
-0.0180839
0.00920671
-0.0221211
-0.0241135
0.0113132
-0.00291418
0.0171246
-0.0139749
-0.0290672
0.0135072
0.0123473
0.0220571
-0.0196627
-0.0229006
-0.0183295
0.0325909
0.0329105
-0.000242874
-0.0144319
-0.00975122
-0.0301858
-0.0108147
0.0341387
-0.0177233
0.0134143
0.0332936
-0.0145305
0.0169769
0.0111119
-0.0328794
0.0214386
0.0255239
4.12874e-05
0.00227236
-0.0127545
-0.0214983
-0.0260021
-0.00974554
-0.0138309
0.0247217
-0.0108529
-0.0138851
-0.0107748
0.0246228
-0.0109241
-0.0138546
0.0246601
-0.0138497
0.0108127
0.0109046
0.015469
-0.0138458
-0.0138119
-0.0178309
0.0281641
-0.0233335
-0.0281548
0.00955052
0.0186043
0.010669
0.0137241
0.0247474
0.0245106
0.0236775
-0.010945
0.0141412
0.0119938
0.00988518
0.00951504
-0.0273459
-0.0186554
-0.0117017
-0.0108846
-0.0108817
0.0179394
-0.0327965
0.0243672
-0.010819
-0.0135482
-0.00972052
0.0249346
-0.0246073
-0.0324124
-0.0252476
0.0265101
0.0261627
-0.0118511
0.0260484
-0.0235752
-0.0342521
-0.00845932
-0.0223444
0.0134527
-0.0139047
0.0247448
0.0108486
-0.0247473
0.0199947
0.011125
-0.024529
0.0187356
-0.0323073
0.0135717
0.0103547
-0.0138037
-0.0108797
0.0109225
-0.0108379
-0.0138951
0.024682
-0.0246098
-0.0107531
0.0134436
0.0110151
0.0108194
-0.0293058
0.010323
-0.0140869
-0.0108122
0.032618
0.0106984
0.010972
0.011195
-0.0208042
-0.0141719
-0.0184816
-0.0223207
0.0130975
0.0174395
-0.0333061
0.0106612
0.0188336
-0.0294948
0.0151484
0.0240863
-0.00955823
-0.0249233
0.0098908
-0.0328529
0.0146458
-0.0121802
0.0123247
-0.018483
-0.0119091
0.0109588
-0.0108722
-0.010883
0.0108166
0.0109781
-0.0107415
-0.0332841
0.0246538
-0.000594078
-0.0263501
-0.0136304
0.0234897
-0.0131526
-0.0103371
-0.0164332
-0.0244915
0.018008
-0.00383024
-0.00904277
-0.000780026
0.0320372
0.0107736
-0.0247992
0.0332412
0.0244369
-0.0140097
-0.0110965
-0.013717
-0.0224955
-0.0241258
0.00970419
0.0109003
-0.0248619
-0.0138518
-0.0246464
-0.0135339
0.0139115
-0.0234773
0.0123603
0.0154132
0.0280728
-0.0105579
-0.0090895
-0.0243775
0.0321131
-0.0189339
0.0192824
0.0190391
0.01286
-0.0112743
0.0237803
0.0119853
0.0176167
-0.017418
0.0332979
0.000900568
0.0134624
0.0245903
0.0316471
0.0108181
0.00895009
0.0180983
-0.0246977
0.0184688
-0.0328568
0.000410994
0.0135347
-0.0245596
-0.0266203
0.0163829
0.0154481
0.0137947
-0.0246793
0.026268
-0.0288554
-0.0173111
-0.0145157
0.0106189
0.013114
-0.0132273
0.0260873
0.0088607
0.0135893
0.0106034
-0.00997219
0.014456
0.00970207
0.0138257
0.0108924
0.0248127
0.0169943
0.0246795
-0.0137043
0.00516532
0.0225256
-0.0106595
-0.0178299
-0.0159099
-0.0149109
-0.0242672
0.00817569
-0.0119072
0.0324866
-0.0107404
0.0197521
-0.0317016
0.0348237
0.0178639
0.0136743
0.0162101
-0.0269847
0.0170359
-0.0170856
-0.0140987
0.0129112
0.0108522
-0.0247625
0.000983699
0.0248285
-0.0191949
0.0183951
-0.0294414
0.0169346
0.0170444
-0.0246632
-0.0119725
-0.0190801
0.0190379
0.0261301
-0.0254429
0.024151
-0.0251452
-0.0220909
0.00914813
0.0172161
-0.00932856
-0.00270426
0.0272543
-0.0141091
-0.0158919
0.0223612
-0.00646933
0.0244273
0.0337891
0.0108886
-0.0247967
0.013505
0.0109593
-0.0242826
0.0249572
-0.0189932
-0.0109092
-0.0226022
0.0126016
0.0150817
0.0263329
-0.0298821
-0.0223185
0.013279
-0.0136447
-0.010768
0.0108341
0.0350279
-0.0164427
0.0108685
-0.0135296
-0.0230815
0.0130999
-0.00685907
0.010771
-0.0138893
-0.0248071
-0.030397
0.0241821
-0.0245396
0.00881717
0.0151148
-0.00973408
-0.0230095
0.00915103
0.0163536
-0.0108729
-0.0139043
-0.0108194
-0.0132129
-0.029437
-0.013721
-0.00998509
-0.0163588
-0.0275454
-0.0151388
0.0302203
0.0176413
-0.0125306
0.0315696
0.0327542
0.0302682
-0.0250842
0.0281239
0.00110038
0.0121602
0.0132477
-0.013835
0.0108431
-0.0139266
-0.010698
0.0191108
-0.000933935
0.0246928
-0.0246201
0.0135916
0.0170971
-0.026931
0.0172935
0.00884944
-0.0264332
0.0149589
-0.00236518
-0.024315
0.0108333
-0.0103804
0.0157285
0.00948184
0.0103541
-0.0135317
-0.0107834
-0.0260483
0.00914801
-0.0243355
0.0111927
-0.00829765
-0.0178546
0.0307695
-0.0130179
-0.0117449
-0.013892
0.0268491
-0.00416973
0.0139353
0.034439
-0.0185142
0.0187116
-0.0151603
-0.0100123
-0.0247329
-0.0141669
0.0293023
-0.0148129
0.0177834
0.0296467
-0.0133832
-0.0110853
0.0280517
-0.010336
-0.0189698
0.031571
-0.022727
0.00879579
-0.0213619
0.0194423
0.0152795
0.0324785
0.024752
-0.0138302
-0.0154749
0.0249851
0.0124416
0.00986049
0.0154023
-0.0265454
0.0211932
0.0244354
-0.0110904
0.0190087
-0.0239496
0.0065073
0.0180523
-0.0126992
-0.0246199
0.0124149
-0.00970771
-0.0261204
0.0163905
0.0247184
-0.0120852
-0.0244448
-0.0105771
0.0295137
-0.0104184
-0.0109429
0.00701686
0.0172612
0.0114485
-0.0244305
0.0119844
-0.0138262
-0.010878
-0.0247636
0.0172101
0.0108627
0.0143009
-0.0137775
0.0126888
0.00813466
0.0136416
-0.00898671
0.0142482
0.0294236
-0.0246246
-0.0127573
0.0218819
0.0338653
-0.0188612
0.0291842
-0.0205325
-0.0135978
0.012999
0.012861
0.0265744
-0.0138817
-0.020565
0.0134655
0.0110655
0.0139382
-0.0138134
0.0247335
-0.0181922
-0.0165295
-0.00931771
0.031879
0.0245574
0.011466
-0.0148023
-0.0114257
0.0108601
-0.0244671
0.0137234
-0.0154855
0.00764907
-0.0238704
0.00970823
-0.0259614
0.0173515
0.014922
0.0182203
-0.00862941
-0.010717
0.0139494
-0.0247318
-0.0139671
0.0240853
-0.0291622
0.019331
0.0246819
-0.0137671
0.0247452
-0.0104478
-0.0139466
-0.0270526
-0.0291379
0.0147166
-0.0321547
-0.0186199
-0.0339272
0.0177397
-0.011184
-0.0138833
0.0108865
-0.0139296
-0.0141002
-0.0239954
-0.032766
0.0255367
-0.0185456
-0.00836484
0.0269105
0.00936136
0.0240056
-0.0234986
-0.0107889
-0.0137543
0.00894143
0.014832
0.0193371
0.0101293
-0.020067
0.0209086
-0.0147881
-0.000372366
-0.0163246
0.0308085
0.0227612
0.00132433
0.0217841
-0.0148985
-0.0110854
0.0251383
-0.0102708
-0.0263245
-0.0320138
0.0147756
-0.0178024
0.0100997
0.0082575
-0.0205949
-0.0105773
-0.0139247
0.024573
-0.0139169
-0.0156941
0.0172752
0.0167613
-0.0340365
0.0198488
0.0110452
-0.0314827
-0.0379789
0.0220751
-0.0192857
0.0227778
-0.0200561
0.0138782
0.0269269
0.0326852
-0.00931639
0.0280478
0.0276505
0.00940885
0.0242227
0.0107874
0.000470289
-0.0162741
0.025268
-0.0225335
0.0120483
-0.0238633
0.0188923
-0.0195273
-0.012275
-0.0219398
0.0129385
0.0175964
0.0107993
0.0246669
-0.0110752
-0.0323129
-0.0256256
-0.0120746
0.0352863
-0.0218336
0.0151984
0.0138414
-0.0109074
0.0197603
-0.00994595
0.0150419
0.0191394
0.0337615
-0.0179473
0.0169987
0.0128574
-0.0108916
-0.0262449
0.0247688
-0.0237986
0.0103445
0.0107226
0.024569
0.0138552
0.027988
-0.0122247
-0.0242661
0.0172684
-0.0096223
0.0178206
-0.0264193
-0.0149227
-0.0107726
0.0298402
-0.0190259
-0.0110468
-0.0181022
-0.0258745
-0.0105593
0.0175843
0.00970399
0.0099768
0.0302515
0.0114539
-0.0279095
0.00934411
-0.0247439
-0.0129984
0.0317578
0.0317255
-0.0247337
0.0138856
-0.0202352
-0.00087511
-0.0227476
0.0142883
-0.0237464
0.013366
0.025093
0.011266
0.0100498
-0.0102108
-0.0328131
-0.0131917
-0.00903425
0.0271623
-0.0246984
0.0336319
0.0200818
-0.0343422
-0.0106016
0.024471
-0.0138695
0.0139272
0.013658
0.0133026
-0.0279381
0.0138817
0.0108851
-0.012611
0.024058
-0.0120736
0.0286416
-0.0103038
0.0230251
-0.0181332
-0.0197151
0.00558333
0.0305184
-0.0119583
0.0129496
-0.0214013
-0.0109362
0.013854
0.0237839
-0.019893
-0.0139204
-0.0213497
-0.0109632
-0.0247342
0.010843
-0.0139303
0.0179291
0.0162097
0.0314867
0.008603
0.0122154
-0.0335651
0.0138695
0.0109432
0.011125
-0.0139728
0.0149222
0.00969168
0.0177971
0.0247588
-0.0173375
-0.0107656
0.00830352
0.010842
-0.0120927
-0.011001
0.0180534
-0.0150471
0.0208224
0.0266371
-0.0264244
-0.0128157
-0.00844582
0.0212615
-0.0124399
0.0247954
0.0107359
0.0108993
0.0119907
0.0136942
-0.0191778
0.0285391
-0.0314817
0.0209463
-0.0171651
-0.0330735
0.0160354
0.0246966
0.018351
-0.0291726
0.0187543
-0.0306469
0.0110263
-0.0296725
0.00862072
-0.0195187
-0.016796
0.0340712
0.0241406
0.0182452
0.00816864
-0.0125005
-0.0323052
-0.0273749
0.0110529
-0.0248047
0.0137518
-0.0282021
-0.0328759
-0.0131029
-0.00918267
-0.0247117
-0.0232084
0.0121529
-0.0139244
-0.0246384
-0.013725
-0.0139978
0.010807
-0.0108986
-0.0098238
0.0319889
-0.0134708
0.0246678
-0.0150638
0.0244989
-0.00804364
0.017496
-0.0267302
0.0138794
-0.0247323
-0.0139321
-0.0148676
0.0182632
-0.0332018
0.0240067
-0.0245115
0.012225
-0.00361589
-0.0237814
0.0248371
-0.000830461
0.0107436
-0.0180658
-0.014566
0.0136909
-0.0269836
0.00875351
0.0245038
-0.0273369
-0.0137881
-0.0108913
-0.0119806
-0.00736339
0.019344
0.0253178
-0.0247657
-0.0139388
-0.0238205
0.0106414
0.0187715
-0.0320841
0.0133126
-0.0238977
0.00971672
0.00732745
-0.0193081
0.0139087
-0.0246884
0.0168008
-0.00946982
0.0135533
0.0138198
-0.0109011
0.0316495
0.0110221
-0.0185151
-0.0144576
-0.0211258
0.00831011
-0.0244664
0.0274064
0.00950302
-0.0296803
0.0121978
0.0282194
-0.0251115
-0.00912367
0.0341637
0.00919671
-0.0256242
-0.0213015
0.0107349
0.018793
-0.0243856
-0.0253907
0.03083
-0.0139416
-0.0107342
0.0242493
-0.0241841
0.0138695
-0.0137671
-0.00858704
-0.0263619
0.0179971
0.0182025
-0.0302292
0.0120267
0.0273299
-0.0247157
0.010797
0.0183179
0.0255924
-0.01201
0.0306473
0.024484
0.0245556
-0.0145584
-0.0243963
0.00966031
-0.0190153
0.0269316
0.010777
-0.0141895
-0.0244624
0.0109011
-0.0245315
0.00962273
-0.0181611
-0.0106426
-0.0121041
-0.00975459
-0.00990084
0.0309926
-0.0314959
0.0110224
-0.0137556
0.0104282
0.0131152
-0.0115272
0.0141821
0.0184385
0.0271825
-0.0319321
-0.0246
-0.00963316
-0.0203289
0.0188661
-0.0245867
-0.0187444
0.0110647
0.0146703
-0.0241131
-0.0126744
0.0143616
-0.0135053
0.0322409
0.0132938
0.0105432
0.0187181
-0.013953
0.0108994
-0.0306566
0.0141332
0.0184519
0.0150681
-0.0132489
0.0108227
-0.0245972
-0.0177672
-0.00865722
-0.0254903
-0.013273
-0.0240555
6.09355e-06
-0.032414
0.0204413
0.0247257
-0.0137726
-0.0208917
-0.0114639
0.0302881
-0.0191988
-0.0110894
-0.0262082
-0.00929789
-0.00872483
-0.0181392
-0.00696033
-0.00617241
0.0136541
0.0108902
-0.024728
0.0108076
-0.0111777
0.0109409
0.0238649
-0.00994296
0.00814825
-0.0198442
-0.0244798
-0.0321828
0.0109106
-0.00953
-0.0111528
-0.0072464
0.0179757
0.00994399
0.0180654
-0.0121806
-0.00902287
-0.0255829
-0.0131014
-0.010645
-0.0117459
-0.0124726
0.0109673
0.0193091
0.0113921
0.018896
-0.00824418
0.0168489
0.00758
0.0107454
-0.0247963
-0.0247085
0.0246757
0.0109633
-0.0247705
-0.0175198
0.0277351
0.011026
-0.0244873
0.0111163
-0.0219721
0.0108559
0.0107303
0.0185206
-0.0111486
0.0197609
0.00939525
-0.0136932
0.00977917
-0.00931062
-0.014681
-0.0134715
0.00966448
0.0258406
-0.0107339
0.0246627
-0.0139341
-0.01088
0.0245104
0.024715
-0.0108154
0.0136985
-0.01284
-0.0189521
-0.013882
0.0108193
-0.0245445
-0.0136752
0.00943274
-0.0312773
-0.0233796
-0.0103129
0.0244478
-0.0178227
-0.0114136
0.00105501
0.00988844
0.0135409
-0.00945423
0.016546
0.0243807
-0.0324657
0.00983075
-0.0138757
-0.000660184
-0.0187259
-0.0237521
0.0138512
-0.0138834
-0.0108082
-0.0282287
0.0169151
-0.0287398
-0.00802049
-0.0238232
0.0273049
0.0243712
-0.0138272
0.000308791
0.0247473
-0.0110332
-0.011113
0.024837
-0.0244541
0.0268808
-0.0136592
-0.0188304
0.0202011
-0.0077165
0.029237
-0.0141306
-0.008916
0.0278392
0.00901163
-0.0245553
0.0247359
-0.0139202
0.0313528
-0.0138747
0.010637
-0.0137306
-0.0184707
-0.0107831
0.0237599
-0.0252658
0.00649368
-0.0177169
-0.0174575
-0.0122323
-0.0184561
0.0252741
-0.0138991
-0.0101111
-0.000468946
0.0331721
-0.0247287
0.0289297
0.010188
0.0144255
-0.0297406
-0.0246536
0.0108113
-0.013916
-0.0247347
0.0108814
-0.0271406
-0.013751
-0.012426
-0.0177382
0.0325719
-0.030696
0.0137482
-0.0247087
0.0136357
-0.0110044
-0.0247837
0.0245743
-0.0294106
-0.0250836
0.0186575
0.0204546
-0.00819231
0.00779983
0.00929892
0.016392
-0.025691
0.00111694
0.0108243
0.0116605
0.0271001
-0.0101217
0.024796
-0.0111832
0.0278364
-0.0184075
0.00892545
-0.0334569
0.0120847
-0.0107763
-0.0137846
-0.00393236
-0.0186736
-0.0134105
0.00667002
-0.024728
-0.0183735
0.0307201
-0.0108543
-0.0241296
-0.0184374
0.0236709
-0.0136511
-0.0116615
0.0198893
-0.0203255
0.0130176
-0.0292668
0.0181227
0.0241214
0.0110844
0.0118061
-0.0301703
0.0151226
-0.00725711
-0.0169373
-0.0245706
0.0193186
-0.0292897
0.0326805
0.0109186
0.0136884
-0.00686858
0.0113886
-0.0132656
-0.0138367
0.0190129
-0.0167539
0.0249847
-0.0138759
-0.0107533
0.029865
0.0182749
-0.0324813
0.0120444
-0.010635
0.0114507
-0.0191008
0.013691
0.0109909
-0.0182344
-0.0147551
0.0107973
-0.0180482
0.0307368
-0.0132408
-0.0109106
0.024807
-0.0128222
0.0131893
-0.0316864
0.0315403
0.0190033
0.0136147
0.0105329
-0.0109448
-0.0137991
-0.0187058
0.0277499
-0.0131751
0.0247187
-0.0170191
0.024849
0.0262222
-0.0096705
-0.0151813
0.0249605
-0.0247931
-0.0178256
-0.018689
0.0136366
0.0186161
0.0244919
-0.0137625
0.0137182
0.016935
0.0107994
0.0110251
-0.0107417
0.0268906
0.0109901
-0.0246977
-0.0177697
-0.0154554
0.0332251
-0.0128839
0.0109584
0.0300086
0.0221903
-0.030671
-0.0121422
-0.0244426
0.010716
-0.0129905
0.0273988
-0.0144083
-0.0110602
-0.0137235
-0.0228872
0.0112214
0.0172592
0.00863965
0.0230048
-0.00909325
0.0108487
-0.0247407
-0.0105217
0.0219702
0.0308003
-0.00827465
0.0122678
-0.013571
-0.00980865
0.0100157
0.0134487
-0.0108548
-0.0248343
0.013924
-0.0138212
0.0177004
0.0277225
0.0307151
-0.0179924
0.0189489
-0.0307435
0.0159266
0.0175712
0.0137591
0.009481
-0.0138985
0.0235367
-0.0249899
0.0109156
0.0108346
0.0139103
0.0138594
-0.0246528
0.024746
-0.0113071
0.0286586
0.0119224
0.00381067
0.0177642
-0.0329011
0.0151369
-0.0109425
-0.0250764
-0.0321444
0.0134853
-0.0115561
-0.0191004
0.032457
-0.0310749
-0.00852291
0.0104279
0.00927835
0.0108339
0.0108923
-0.00886903
0.0138651
-0.0246404
-0.0139167
0.0247402
-0.024941
0.00996375
0.0149773
0.0246927
-0.0138887
0.0173709
-0.0246367
0.0138217
0.0328917
-0.0151274
-0.025714
-0.000942071
0.0246955
0.0246485
-0.0109089
-0.0175075
-0.0245922
0.0247378
0.0292763
0.0108015
0.0100256
0.0180579
-0.0239866
0.0104445
-0.0249558
-0.0247493
0.0238215
0.00913063
-0.0106323
-0.0176683
-0.0110067
-0.0198666
0.00994742
0.0139082
0.0096595
-0.00968748
0.0136792
0.0187993
0.0180751
-0.0323159
-0.0181813
0.0136786
0.019018
-0.0325826
0.0246822
-0.0236745
0.0246796
-0.0274587
-0.0112343
-0.0182676
0.0129843
0.0180114
0.0295328
-0.00872286
0.0265472
0.0241749
0.0139449
-0.0139049
-0.0109294
0.0138461
0.0246772
-0.014792
0.0098504
-0.0246721
0.0108033
-0.0330451
-0.0117563
-0.0179161
0.0276779
-0.018397
-0.00914837
-0.0300942
0.0193148
0.0255002
0.0175779
-0.0326555
0.014345
-0.0164727
-0.00964775
0.0244087
-0.0152844
-0.0159459
-0.0124803
-0.0172
-0.00993522
-0.0182365
-0.0140597
-0.0158038
0.0333881
0.0169705
-0.0107571
0.0189543
-0.0132018
0.0238333
-0.0106315
-0.0125074
-0.0125691
0.0262277
0.0137627
0.010956
0.0138974
-0.0276695
0.00897157
0.0136446
-0.0108306
-0.013878
-0.0107999
0.0184407
0.0246409
-0.0138585
-0.0171294
0.0154561
-0.0332258
-0.0110467
-0.0243219
0.0255745
-0.0185635
-0.0179292
-0.0151159
0.0134008
-0.0181751
0.010301
-0.018437
-0.0128821
0.0138246
0.0108049
0.0327397
-0.0112754
-0.0244452
0.0137311
-0.0246886
0.0109215
-0.00979654
-0.0247126
0.0247402
-0.0109001
0.0148611
-0.0256805
-0.0185863
-0.00932318
0.0101232
-0.0273163
-0.0108053
-0.0101936
0.0268114
0.0305697
-0.0189979
-0.0266547
0.0179319
0.0138329
0.0118171
0.0138428
-0.00997883
0.0180053
-0.0137669
-0.0134074
-0.0247713
-0.0243245
0.0146732
0.0213644
-0.0300398
-0.024617
0.01381
0.013786
-0.0184257
-0.0107747
-0.0247353
-0.0308459
-0.0139077
0.00912785
-0.0177659
-0.0158144
-0.0117592
0.0108176
-0.0106575
0.0267328
0.0107722
-0.0137377
0.0310594
-0.0271132
0.0109196
0.0118656
0.0183532
-0.0137709
-0.0108124
-0.0162073
-0.0288591
0.00963602
-0.0266551
-0.0254946
0.0180709
0.0247986
0.0121996
0.0192763
-0.0243968
0.0137144
-0.0248174
-0.030748
-0.0137909
0.013769
-0.0103847
0.0224752
0.0247749
0.00685443
0.0149757
0.0244876
0.00980317
-0.0187662
-0.0127366
-0.0108127
0.0325797
0.0244514
-0.0136271
-0.018102
0.026274
-0.016451
0.0236584
-0.0146868
-0.0136583
0.00869301
0.0184071
0.0168317
0.0121609
-0.024676
-0.00953985
-0.013699
-0.0204273
0.0137189
0.0137928
0.0310661
0.027117
0.0171153
0.0138595
0.0086262
0.0187687
0.0136407
-0.0132435
0.0242379
-0.0149861
-0.0247068
-0.0181232
-0.0178638
0.032537
0.0247151
0.0183973
-0.0136898
0.0177535
-0.0334007
-0.0181362
0.0265688
-0.0177199
0.00878002
0.0109226
0.0245524
0.0330543
0.0130073
0.0107093
-0.0131784
0.0150732
-0.0108993
0.0246
-0.0280328
0.0102803
0.0139024
-0.0238843
0.0137626
-0.0119279
0.0176532
0.0192617
-0.013841
-0.0255052
0.0163322
0.0172318
0.0108904
0.0140162
-0.018439
-0.00829129
0.0144347
0.0245138
0.0109493
-0.00979065
0.0137317
-0.0243743
0.00614867
-0.0247093
-0.0280428
0.0335697
-0.0159985
-0.0306595
-0.0330566
0.0331771
-0.024671
-0.0143786
0.00956665
0.0173161
-0.0109019
-0.0180179
-0.00863683
-0.0286236
0.0185296
0.0324135
-0.0109745
0.0288584
-0.0246484
-0.033218
0.0129296
-0.0249216
0.011992
0.0194828
0.0114981
0.0137488
0.0107227
-0.0328304
0.0109299
-0.01639
-0.0175373
-0.00775058
-0.008804
-0.00963864
-0.0145609
0.0170833
-0.0138787
-0.0341133
0.0271618
0.00973476
0.0137699
-0.0336766
0.010896
0.0138443
0.0108855
0.0339493
-0.0308571
-0.0245816
-0.0250174
0.0177549
-0.0252695
-0.0106206
0.0243905
0.0137444
0.0108037
-0.0248747
-0.008898
-0.00834134
0.0262732
-0.0168417
0.0338536
0.0265365
-0.0182329
-0.010624
-0.0244394
-0.00945878
-0.0172542
-0.0139266
-0.0277839
-0.0267876
0.0169638
0.0109107
-0.0137373
0.0107886
-0.0245591
0.0138529
0.0267066
-0.00921964
-0.0178162
0.0270359
0.0138718
0.0108106
0.0109752
0.0180095
-0.0106006
-0.0325148
0.0138825
-0.0283955
0.008775
0.0196205
-0.00935017
-0.0107187
0.010793
0.0106532
0.024647
0.00904309
-0.0179384
-0.0108819
0.0243872
0.0181951
-0.00876487
0.0245611
0.024473
-0.0132006
-0.0112724
-0.0295326
0.0149806
0.0138491
0.0107979
-0.0342716
0.0145054
0.0243943
-0.0150502
-0.0108448
0.0107533
-0.0168681
-0.0138811
0.0128311
-0.0243128
-0.0138627
-0.0337617
0.0147773
0.0109422
-0.0156463
-0.011644
-0.0126804
-0.0226999
0.0138724
-0.0189022
0.0342261
-0.0234638
0.0138392
-0.0107902
0.0238975
-0.00937448
-0.0133309
-0.0171848
0.0107287
-0.0160068
0.027506
-0.0246658
0.0123444
-0.0145035
-0.0137934
-0.0275726
-0.01777
-0.0152867
-0.017769
-0.00957187
0.010692
0.0167068
0.024304
-0.0142839
-0.0104253
0.0246763
0.0245822
-0.0224203
-0.0149921
0.00931322
0.0176066
0.0245555
0.00890679
0.0109333
0.017616
-0.0267628
0.0100126
0.0286207
0.0137956
0.027015
-0.024992
-0.0246013
0.0171634
-0.0175608
-0.0150222
0.0242329
-0.00957854
-0.025803
0.017234
0.016992
0.0107952
0.024674
-0.0163332
0.0138606
0.00967969
0.0156859
-0.0253656
0.0106246
-0.0131005
0.0246762
-0.0138176
0.0273846
-0.0174985
-0.0175438
0.0244489
-0.0130944
0.0137467
0.0246676
-0.0338705
-0.0131646
-0.0114197
0.015291
0.0156192
0.0112913
-0.0242556
-0.0127053
0.0172977
-0.0283426
0.011128
0.0178403
0.00909137
0.027796
-0.0252479
0.00960161
0.0134912
0.00957899
-0.0175274
0.0163644
-0.00839411
0.0243328
-0.0096625
0.016731
-0.0325566
0.0130114
-0.0244436
-0.00848429
-0.0255564
0.0158223
0.0232151
-0.0114703
-0.00903055
-0.00880335
0.00756037
-0.00892908
-0.0113484
0.0123411
0.0123132
-0.00995536
0.025113
0.0111419
-0.0285658
-0.0163043
-0.00961795
0.0259222
0.0257291
-0.0162175
-0.0252055
0.0165727
0.0133307
-0.0140186
0.0131503
-0.0242664
-0.0239389
0.0114527
-0.0157661
0.0111976
-0.0157183
0.0102435
-0.0122842
-0.0131535
-0.0237886
-0.0115373
-0.0128537
0.0254494
-0.0159069
-0.0107489
-0.0126429
-0.013177
-0.0137553
0.0221686
0.00986675
-0.0127819
-0.0131386
-0.0111171
-0.0244075
-0.013833
-0.0108056
-0.0243958
0.0112572
-0.0283138
0.0108155
0.0150807
-0.0131541
-0.0120165
0.0246232
0.00867669
0.0142183
-0.00963158
-0.00965185
0.0254742
0.0103313
-0.0240771
0.0112928
0.0131508
-0.0142847
-0.00876781
-0.0139909
-0.0223782
-0.0249474
0.0229872
0.0131884
-0.011078
0.0252162
-0.0155732
-0.0139677
-0.0139257
-0.0260208
-0.0252875
-0.0159989
-0.0152166
0.0313304
-0.0163202
0.0301622
0.0157975
0.0174367
-0.00666716
-0.0255235
0.00952463
0.0263524
0.00417517
-0.0298042
0.00954266
-0.0260544
0.0165117
0.0260356
-0.0164929
-0.0161102
-0.0259314
0.0163135
-0.00961166
-0.0162145
0.00956807
-0.00959181
0.0262465
-0.0166547
0.0320505
-0.0253816
0.0161175
0.00952612
-0.0259444
0.0111007
0.0177767
-0.0258291
-0.00963025
0.00830727
-0.0160139
0.0255385
-0.025632
0.0256247
0.0166839
-0.0166003
0.00951563
-0.0248822
0.0105103
0.016576
-0.0164053
0.00951452
-0.0282633
-0.0144948
-0.0261407
-0.0209558
0.00417843
0.0261649
-0.0247671
0.0108447
0.0139224
-0.00956463
-0.0168585
0.0247501
0.0246662
-0.0159093
-0.0113595
-0.0103563
-0.017159
-0.015156
-0.0137658
0.024677
-0.0270673
-0.0320769
0.0147282
-0.0129481
0.0246773
0.0146844
-0.0108241
0.0247395
-0.0108884
-0.0138115
0.0246999
-0.010836
0.0247562
-0.0154819
0.0247399
-0.010861
-0.0138789
0.00833282
-0.0224705
-0.00860972
0.0227976
-0.0247017
0.0138133
0.010922
0.0139504
-0.0246668
0.0141015
0.00884044
-0.0229419
0.0247293
-0.0108633
-0.0138659
-0.0204563
0.0160687
0.00960634
-0.0241868
0.0145805
0.0109008
0.0137762
-0.0141495
0.0228658
0.0242965
-0.00955645
-0.01474
0.0140786
-0.0107618
0.0247121
0.00370234
-0.0292337
0.0230451
-0.0112815
0.0246874
0.00957035
0.0146889
0.0109494
-0.0296129
-0.00894396
-0.0142246
0.0231686
-0.0109112
0.0139861
-0.0038447
0.0246774
0.013755
3.4418e-05
0.0247353
0.0228392
0.0242031
-0.0238775
0.0137949
-0.0246865
0.0109105
0.0108975
-0.0247037
-0.0108848
-0.0138282
0.024713
0.0138299
-0.0247147
-0.00473048
0.0246867
-0.0271224
0.0141473
0.0108668
0.0138779
-0.0128879
-0.0108993
0.0246942
-0.0111681
-0.0246932
0.0156826
0.0324449
0.0137861
0.0165816
0.00874455
0.0141212
-0.0138042
0.0229629
0.0159838
0.024718
-0.0139062
-0.0108118
0.0247085
0.0246474
-0.0136874
0.0246956
-0.0137863
-0.032726
-0.0108789
-0.0138372
0.0247162
0.0138456
-0.0247246
0.00882066
0.011897
-0.0243732
0.0124761
0.0137963
0.0230231
-0.0247061
0.013873
-0.0142098
-0.00901996
0.0138922
0.0108619
0.0109003
0.0247191
-0.0141951
0.0230355
-0.0108901
0.0138857
-0.0247347
0.0138714
-0.0108673
-0.0138586
0.0247259
0.0138627
-0.02473
0.013909
0.010809
-0.010855
-0.0138923
0.0141603
-0.0231042
-0.0247464
0.0138854
-0.02471
-0.0108046
0.0247136
0.0138199
0.010862
0.0138993
0.0247542
-0.0139058
-0.0108463
0.0138992
0.024727
-0.0231299
-0.0138223
-0.013915
-0.0139136
-0.0247656
-0.0136746
-0.0247149
-0.0146391
-0.0106449
0.01383
-0.0247475
-0.0157741
0.0140881
0.00902012
-0.013839
0.0108152
-0.0247319
-0.0108322
0.0247382
-0.0231962
0.00910513
0.0140911
0.00893262
-0.0139084
-0.0247216
0.0108862
-0.0172211
-0.0150723
-0.0108593
0.013841
-0.0247206
-0.0110445
0.0275626
-0.0165181
0.0247113
-0.0138531
-0.0102012
-0.0137484
-0.00886394
0.0247473
0.01088
-0.010855
-0.0108226
0.0247283
-0.010998
-0.0134957
0.0244279
0.0134544
0.0244694
0.0109532
0.0244407
-0.0141604
0.0232655
-0.0107877
-0.0139076
0.0246953
-0.0231804
-0.010874
0.0247609
0.0104067
0.0132269
0.0108543
0.0139066
0.0247535
-0.0247248
0.013913
-0.0236389
0.0142213
0.0143014
-0.00917725
-0.014176
0.0233533
-0.0232828
0.0141056
-0.00461788
0.0212808
-0.0247599
0.0108533
0.0095006
0.0141769
0.0141716
0.0108296
-0.0139096
-0.0238459
0.00957365
-0.0247025
0.0139114
0.0108022
0.0139179
0.0247084
0.0108193
0.023374
-0.0144855
-0.00951081
-0.0247014
-0.0249051
-0.00312002
0.0280251
0.0238679
-0.0109453
-0.0108187
-0.0093111
-0.0142124
0.0235235
-0.0234646
0.0141535
0.0141931
-0.0107852
-0.0234402
0.013927
0.014507
0.0139127
-0.0106444
0.0139046
0.0247068
0.00963849
0.0144298
0.0139063
-0.0141269
-0.0139133
-0.0145374
-0.0143957
0.023553
0.0045475
0.0246638
-0.00924708
0.00960607
0.0146881
0.0243928
0.0141853
0.00936776
0.0242257
0.0288325
0.0142377
-0.0257159
0.0147927
0.0236055
-0.0107951
0.0147143
-0.0242707
-0.00954756
0.0241963
-0.00946081
-0.0264166
0.0162154
0.0237219
0.0237636
-0.00954044
-0.0142611
0.0238016
0.0142232
-0.0143039
-0.0149318
0.00955388
-0.00949771
-0.0239336
-0.00948693
-0.0144467
0.0144199
-0.0207115
-0.00729174
-0.0246632
-0.0239738
-0.0131897
-0.00958965
0.0240823
-0.011241
-0.016382
-0.0137037
-0.0109595
0.024134
-0.0252754
0.00964583
0.0144882
0.0241385
-0.0144927
0.0146555
0.0162698
0.0265815
0.0096673
0.0242478
-0.0296032
-0.0273989
0.00961523
-0.00958487
0.0243204
0.0145281
0.0243526
0.00878845
0.017793
0.0147285
0.00962406
0.0243888
0.0243596
-0.0147355
-0.0108665
0.0278434
0.0111807
-0.00960595
-0.014799
0.024405
-0.024424
0.0148181
0.0147697
-0.00882955
-0.0243847
0.010919
-0.0245862
-0.0147738
0.02446
0.0230981
0.00961498
0.0148577
0.00960225
0.0148321
0.0244897
0.0244344
0.0149018
0.00958791
0.0148993
0.024447
0.0132121
0.0108571
0.0244873
0.0148649
0.0095896
0.0244546
0.0119238
0.0115565
-0.0103886
-0.0136885
0.0241235
-0.00354399
0.0239787
0.0223222
-0.0141532
0.0210384
-0.01686
-0.0168242
-0.00431283
-0.0154675
-0.0211727
-0.014544
0.0253266
0.0166009
0.0112424
0.0116681
-0.0251981
0.0226781
-0.00415244
0.0212144
0.0277816
-0.0322929
0.00847368
0.0141445
0.00421748
-0.0210775
-0.0223842
0.0233923
-0.0115702
-0.0210339
0.00496081
0.0164895
0.00824523
0.0140769
-0.0142253
-0.0105471
0.0113636
-0.0196879
0.0155355
-0.0169553
-0.00398246
-0.0149588
-0.0278156
0.0045523
-0.00554199
-0.0224005
-0.0124529
0.00807563
-0.0223555
-0.00173041
-0.02251
0.0242404
0.0202084
0.0233105
0.00487244
0.0171607
0.0246062
-0.0136386
-0.0112511
-0.0168038
0.0242165
0.0126424
-0.022368
-0.0252833
0.0120531
0.0132302
0.0107058
-0.00757022
0.0256593
-0.0154959
0.0102898
0.0245751
0.0195289
0.0109248
0.0136968
-0.0187712
-0.0246196
0.0109586
0.0136476
-0.0136277
0.0109539
-0.0245725
-0.022916
0.012322
-0.0246508
-0.0124842
0.0247605
-0.0122674
-0.0153383
0.0324237
0.0136403
0.0124195
-0.00466338
-0.0167051
0.0129295
0.0322814
-0.0170492
0.0243859
0.00364683
0.0169539
0.0049276
-0.0214316
0.0153932
0.0247531
0.0222359
-0.0143582
0.0242108
0.00309652
-0.0168949
-0.0155424
-0.0138659
0.0246878
0.0132803
0.0165847
0.0111968
-0.027933
0.0124564
-0.0247238
0.0169563
0.0224311
-0.0121944
-0.0247001
-0.0197793
0.00816436
0.0144062
0.0323494
0.02137
-0.0310174
-0.0326691
-0.022263
-0.0216209
0.0169502
0.0236346
-0.0117382
-0.0308752
0.00949104
0.0246752
0.0108307
-0.0163073
0.0212682
-0.00798646
-0.014369
0.0142494
-0.0214916
-0.017369
-0.00497348
0.0261255
-0.0303362
0.00421068
0.0117803
0.00680128
0.0178062
0.0246459
-0.0332152
-0.0239389
0.0179024
0.00981637
0.0229352
-0.0017545
0.0233823
-0.0186215
0.0148549
0.0207813
-0.0190632
0.00730707
-0.0254594
0.0214155
0.0228914
0.00381169
-0.0168684
0.0138404
0.0108124
0.010814
0.0138738
0.00471044
-0.0120142
-0.00869629
-0.0223211
0.0303482
-0.0212239
-0.013879
-0.0246931
0.0210581
-0.0301879
-0.0133213
0.0243013
-0.0107089
-0.014605
-0.0185301
0.0242155
-0.0135298
-0.021804
-0.0103934
0.0251769
-0.0249179
-0.00201646
0.01618
-0.0119391
0.0129472
-0.00900157
-0.0151948
-0.00624008
0.0250953
0.000971845
-0.0144508
0.00183909
-0.0244977
0.0212291
-0.0207207
-0.0031082
-0.0253445
0.0283586
-0.0106924
-0.02392
-0.0249
0.00386613
0.01098
-0.0293644
0.0244624
-0.013563
0.000292072
0.0147587
0.0106917
-0.0251425
-0.0252235
0.0147043
-0.0146527
0.0147571
0.0104197
-0.0103882
-0.0145838
-0.503093
-0.0252977
-0.0251479
-0.0253926
-0.016871
0.0308028
-0.0319442
0.0245139
0.0144078
0.0109544
0.533179
0.0106263
-0.0252101
0.00871252
-0.0146714
0.0109012
0.0151235
0.0135432
0.024561
-0.010458
-0.0131477
0.0240192
-0.0245489
0.0131926
-0.0131271
-0.0107669
-0.685288
1.09553
0.219773
0.0447873
-0.0318785
-1.14548
-0.990215
-0.0108655
-0.013707
0.0135969
0.0113081
-0.0273731
0.0160651
0.0246738
-0.0138598
0.0138421
-0.0108281
-0.0104921
-0.0223939
0.0224518
0.0214003
-0.0211083
-0.0124348
-9.56105e-05
0.021496
-0.0318327
0.0165985
0.91918
-0.445018
-0.0118252
-0.010209
0.0299741
-0.000484261
-0.030304
0.00291754
0.0273864
0.0370287
-3.71354
1.41424
0.0239831
-0.00590623
0.0239928
-0.0131723
-0.0319826
0.0168565
0.0224529
-0.0117957
-0.0489275
-0.0222596
0.00204841
0.0198382
0.0173856
0.0182495
-0.0233867
0.00943534
-0.0171662
-0.0361721
0.0117738
0.776805
-1.06861
0.291805
0.0314158
-0.0201712
-0.019257
0.0303358
-0.00694454
-0.0201031
0.0201272
-0.514305
0.43684
0.0774649
0.313533
-0.0248548
0.00935893
0.0256714
-0.031532
-0.0239679
0.0132009
-0.0196783
0.0201113
-0.0215183
0.00473558
-0.0204618
0.0584675
0.047359
-0.0126441
0.0246925
0.0109404
0.0109527
0.0133486
-0.0271855
0.0202087
0.0324993
-0.0209092
-0.0243367
-0.0133766
0.0359687
-0.0357986
0.0239868
0.0243364
-0.00551988
0.0308389
0.0240284
0.0134338
0.0108768
0.0151882
-0.0267556
0.0273789
-0.0229225
-0.072836
0.0160001
0.0245851
-0.0246859
-0.0159887
-0.00272297
0.0187117
-0.0697706
-0.0212751
0.0213323
0.0247615
-0.0120889
-0.0138294
0.0246602
-0.0247026
0.0122505
0.0124521
0.0131386
0.0108542
-0.012775
0.0254294
0.0396418
-0.0061828
-0.0107753
-0.0168902
0.199668
0.0279413
-0.00698474
-0.0202859
-0.0244292
-4.79236
0.0193891
-0.0300816
0.0266616
-0.00981329
-0.0167064
0.0125819
0.0166765
-0.0265659
0.0167611
0.00986896
0.0138539
-0.0246309
0.00340685
-0.0107812
0.0284726
-0.0191012
0.0138929
-0.00715466
0.0336366
-0.0216092
-0.0288973
0.02442
-0.0517184
0.0442721
-0.0240822
0.0131357
-0.0108948
0.0240894
0.0156539
0.016202
4.02611
-0.665237
0.156016
3.4576e-05
-0.0211428
-0.00984991
-0.0181467
0.0432747
-0.119666
0.0190618
0.0213535
-0.0213082
0.196381
0.231291
0.0145631
-0.0250721
0.0102682
0.0234239
-0.0123043
0.0205643
-0.0204971
-0.0212579
0.021309
-0.00732884
-0.0217235
0.0529639
-0.0312404
0.0546506
0.168243
-0.222893
0.128923
0.0882953
-0.0151331
-0.104274
-0.0135967
-0.0196026
-0.00160086
-0.0248113
0.0116033
-0.0169022
-0.0262369
0.00241436
0.0170744
-2.81538
4.46158
0.0342168
-0.0225518
-0.0203872
0.0204393
-0.024616
0.0107866
-0.021298
0.0131942
0.0240551
-0.0126251
0.0252062
0.0248534
-0.0140248
-1.33102
-3.13083
-0.0212431
-0.00999368
0.0167877
0.0131063
-0.0312242
0.0161502
-0.017091
-0.0167604
-0.0124947
0.0280033
-0.00470166
0.0215119
0.00812365
-0.019297
0.0193664
-0.0122948
-0.0124621
-0.0139549
0.0109578
-0.0251053
0.0251619
0.0277189
0.00783662
-0.0111995
0.0242147
0.0222924
-0.0517784
0.045285
-0.0306138
0.0093697
-0.00675546
-0.0173031
0.0195621
-0.0195162
-0.0216789
-0.00562145
-0.0262108
0.0163445
0.0100538
0.0204875
-0.020433
0.0210894
0.000921759
-0.0756029
-0.389902
0.322946
-0.0213895
0.021449
-0.0229369
0.0229973
-0.0166732
0.407761
-0.429788
0.0220264
0.442518
-0.746487
0.303969
0.0131244
-0.0261475
0.007872
-0.0214031
-0.0157203
-0.00821823
0.0214023
0.016955
-0.0320344
0.131962
0.0244583
-0.15642
0.0176932
0.0142389
0.0144971
-0.0172445
-0.000803764
-0.0210462
-0.0327904
0.0288808
-0.0221466
0.0222178
-0.00432788
-0.0151413
-0.024553
0.0246188
-0.0195248
0.0195695
-0.0126176
0.025725
-0.0191691
0.019232
0.0201597
0.0100386
0.0120966
0.0125959
-0.0199032
0.0199736
0.0121601
-0.0250432
0.0222562
-0.0221913
-0.0384719
0.0197606
-0.0369366
-0.0131906
0.0258744
-0.0420754
0.0161383
0.0259371
-0.0315259
0.0341033
0.0208499
-0.0207831
-0.0109859
-0.0221291
0.0222019
-0.0178354
0.0183071
-0.157476
-0.0262731
0.0196693
-0.0194737
-1.01523
0.0198689
-0.01967
-0.0228499
0.0229205
0.0199554
-0.0198059
0.0191258
-0.0189878
0.0319482
-0.0168116
0.0205881
-0.0205234
0.0213678
-0.0212643
0.0213694
-0.0213086
-0.0219442
0.0220401
0.019961
-0.0198774
0.0589244
-0.0345622
-0.0210327
0.0157711
0.0204407
-0.0203632
0.013055
0.0110215
-0.0222088
-0.0195132
0.0195844
-0.0241216
0.0241983
-0.0199197
0.0199843
-0.0221889
0.0222624
0.0202283
-0.0201639
0.0209531
-0.0208975
0.0240724
-0.0240087
0.0194297
-0.0193659
-0.0193707
0.0194402
0.0199516
-0.0198774
0.0242455
-0.0241861
-0.0197216
0.0197845
0.0190872
-0.0190269
-0.0163914
0.0164521
0.0206117
-0.0205538
0.0250278
-0.0138207
0.0150963
0.00870955
0.0214669
-0.0182226
0.181671
0.185609
-0.0224516
0.00508616
0.963148
0.658442
-0.0141488
-0.0110048
-0.0335913
0.0141374
0.1165
-0.978897
0.480725
0.255932
0.000374416
0.0207916
0.0807395
0.179497
0.162388
-0.0176083
0.0269248
-0.0291294
-0.0237919
0.0202708
0.00889738
-0.0291682
-0.0142991
0.0302828
-0.000858027
-0.0208981
0.0126525
-0.0240513
0.712626
-0.74408
-0.0016046
-2.6608
0.254114
2.40669
0.00454547
-0.0182642
0.0135341
-0.0115392
-0.00438963
0.0146297
0.0108757
-0.0109934
0.283964
-0.46517
0.181206
0.0239782
0.0327882
-0.0628177
0.0300295
0.0124733
-0.024768
-3.63717
1.68641
-0.0124627
-0.0122399
0.0246785
-0.0294781
-0.0157071
0.0547285
0.0260312
0.4424
0.04876
-0.627777
0.229478
0.0210344
-0.000870936
0.0132273
-0.0175061
-0.0158842
0.0308176
-0.0149334
0.0114527
-0.0249604
0.011408
-0.36776
-3.54435
-1.29399
0.0130059
0.0109723
0.0771937
-0.0137759
0.0247092
-0.0117715
-0.0108382
-0.997778
0.673359
-2.48
-0.441665
-0.189366
0.213794
0.0211623
-0.0453311
0.0241688
0.0432023
-0.157421
-0.269555
-0.0299788
-0.0132606
0.0244712
2.8154
-0.0111627
-0.00905205
-0.00158231
-0.0176107
0.0931384
-0.0771658
-0.0250709
0.0241866
-0.258812
0.345804
-0.010704
1.68351
-1.16929
0.0135406
-0.291412
0.616809
-1.00026
-0.0164407
0.0976754
0.00452443
-0.179959
0.0444074
0.0123514
-0.874331
0.16102
-0.174816
0.129013
0.0458029
0.023122
-0.0232194
9.73596e-05
0.0231764
0.0638904
0.0647173
0.0241572
0.0203513
0.0241361
-0.0131638
0.000862669
0.0131343
0.0110523
0.0125008
0.0140616
0.0171516
-0.0654832
-0.0162859
-0.0269368
-0.147879
-0.042084
-0.00255816
-0.00053682
-0.0249145
0.00789935
0.0127142
0.0268559
0.0219613
-0.0795632
0.068371
0.0188439
-0.146357
0.198546
-0.487305
-2.47517
0.0226971
-0.0014729
0.0587344
0.0249775
-0.472772
0.00195139
0.0209426
0.155715
-0.871739
0.0131351
0.0242148
0.0963721
0.024146
0.107482
0.00692726
0.0211108
-0.0024114
-0.193392
0.227987
-0.0132902
0.0255149
0.0243897
-0.0134348
-0.00127913
-0.0243702
0.0114528
1.77834
-0.025139
-0.0235119
0.0286861
0.00183386
-0.0297303
-0.0526693
0.0291265
-0.0490609
0.0199344
0.242174
0.252266
0.000285469
-0.0275959
-0.0273305
-0.0124139
0.0310621
1.44214
0.0241873
0.0131653
0.0110495
0.0136817
-0.0245122
3.79929
-2.22663
-0.00382288
-0.0112593
0.024644
0.00510565
-0.294285
0.0237816
-0.0151019
-0.0086797
0.0187624
-0.0208242
0.0208866
0.000415362
0.0169451
-0.000687751
-0.0118292
-0.00198319
-0.0121721
0.0254588
-0.00734158
-0.0243817
-0.0835043
-0.00157965
0.0204932
-0.0096654
-0.0019606
0.0123395
-0.0030556
0.000585681
-0.0106034
-0.00063433
0.000413388
-0.0193157
-3.67409
0.406658
3.26744
0.0145011
-0.0134572
0.0131499
0.0242442
-0.260811
0.39197
-0.014448
0.0750248
0.86036
-0.464073
-0.0280539
-0.012248
0.00184054
-0.0400523
-0.347917
0.33666
0.0868269
0.0382018
-0.125029
0.148764
0.24434
-0.474844
-0.243054
-0.0164785
0.0311724
0.0105052
0.024895
-0.0138806
-0.775338
-0.557138
-0.00363529
-0.00534047
-0.0162556
-0.0117824
-0.0228038
-2.22772
3.67013
0.0145128
0.0109299
0.0265658
0.0308009
-0.0180801
0.0164608
0.0162107
-0.0326715
0.0241994
0.0131869
0.0110572
-0.0214452
-0.188067
0.0486447
0.139422
0.104178
1.82004
-1.198
-0.0106561
-0.0135558
0.0242119
0.0294777
-0.00747528
-0.139076
0.142963
-0.00388667
0.0356552
-0.0392897
-0.00705188
-0.0250178
0.00558296
0.0847787
-0.00837134
1.04093
-0.0232587
0.00886785
-0.00947835
-0.0322401
0.170378
-0.0239513
0.0167734
0.0624378
0.0292718
-0.0917096
0.101376
-0.114588
1.34872
-1.29365
-0.0550611
-0.0979674
0.0671236
-0.0203124
-0.0468112
0.364037
0.0131671
0.0242793
-0.0540889
0.0434952
0.0166342
0.0169212
0.0220049
0.00146107
0.0242984
-0.0132336
0.0262914
-0.00132618
0.0209065
-0.10197
-0.0122631
-0.0117625
-0.0265453
0.022094
-0.0148275
-0.0241877
0.0109899
-0.0132994
-0.0244109
-0.642623
0.719869
0.0234952
0.0242244
0.0131962
0.0110831
-0.00103979
0.0114087
0.867207
0.203554
0.505912
-0.0351839
0.0154928
0.0122505
0.0110047
-0.0214576
0.0169222
-0.0319945
0.17306
-0.207514
0.0232246
-0.0531875
-0.201467
0.625789
-0.424322
-0.0102638
0.0269096
-0.0166457
0.0131594
0.0242925
-0.039432
0.0125293
0.0269028
-0.11003
-0.00639157
0.0194093
-0.0207625
0.00195397
-0.000630523
-0.00706703
0.0196248
-0.062812
-0.0682162
0.0189655
1.24133
0.107384
-0.00799405
-0.0107039
-0.0402864
0.496228
-0.455942
0.0242425
0.0131926
0.0110999
-0.047081
0.0270229
0.00175298
-0.249653
1.23063
-3.0176
3.93057
-0.912969
0.378002
-0.0189546
0.0201435
-0.00150058
0.0524012
-0.0718198
0.0194186
-0.0182031
-0.0248965
0.192033
-0.601093
0.40906
0.00463505
-0.0261613
0.0131522
0.0242573
-0.0201818
0.11364
0.058721
-0.172361
-0.00407435
-0.0163799
-0.0192516
0.0296927
-0.0375322
0.0177031
-0.0724756
0.0567677
0.000238845
0.0178304
-0.786267
-0.0185089
0.0257509
0.0242521
0.0131758
0.0110815
0.0161103
-0.323916
0.088083
-0.0183513
0.00354974
0.056086
0.0279031
0.0217057
-0.00806674
0.0132507
0.0137687
0.0749624
0.00819772
-0.0239173
-0.00725272
-0.0404324
0.0205258
6.22159e-05
0.0232585
-0.0205899
0.0243948
-0.013288
0.0574773
-0.154408
0.0131668
0.0242876
0.221753
0.509805
-0.731557
0.211225
-0.550171
0.018546
-0.0151122
-1.12652
0.0320364
0.0415762
-0.106856
0.0652795
2.00632
-5.02015
0.0241783
-0.0134424
-0.235649
0.246247
-0.0309772
-0.0161469
0.0316425
-0.0210521
0.0158929
0.0145313
-5.06613
1.00147
3.95076
-3.76878
-0.692539
-2.42899
5.10321
2.18244
2.91687
-2.36759
-2.72518
4.42431
-4.10678
-4.69388
3.87276
3.81411
1.22519
-1.78229
-3.24852
2.83729
-5.09658
-4.17938
-0.384925
1.50157
3.28388
-2.81656
4.59336
1.28959
-5.45269
-4.88381
1.92005
-2.86284
4.50427
-0.0983262
-1.08072
-3.76329
-1.02282
4.84236
2.9199
-5.02566
-3.78822
4.96683
2.04119
2.92219
-4.71997
4.04292
0.0191383
0.0117075
0.221768
-0.136542
0.0131835
0.0111041
0.0242484
0.841001
0.0256231
-0.0284814
-0.0323748
0.0305638
-0.0773068
0.0590652
-2.09416
-0.0332859
-0.0281238
-0.00260091
0.0217948
-0.0318409
0.0165566
-0.0103411
0.629812
-3.53748
2.90767
0.236066
-0.171085
1.45631
-0.0460571
0.103667
0.039955
-0.0169917
-0.0923091
0.376273
0.0137957
-0.0242537
0.0132291
-3.84273
-0.000548245
-0.025136
0.0226105
0.0104619
0.00125758
0.0262137
0.0126591
-0.0794285
0.0383005
0.041128
-0.025809
0.0112138
0.013192
-0.0212874
-0.0333612
0.0546487
0.0183335
-0.0133072
0.0123002
-0.0268623
0.00123909
-0.00193362
0.0287409
0.186196
0.227915
0.0210266
-0.00597014
0.0130512
-0.0267814
0.0137302
0.0243332
1.74924
-0.837139
0.0167458
-0.031964
0.0168346
0.0330163
-0.0168529
-0.124865
0.199809
-0.0749438
-0.00970694
-0.0169121
-0.0264133
0.0244132
0.0381837
-0.0803844
0.0609379
-0.0161639
0.0377618
-0.0483389
-0.524734
0.0119271
-0.0315738
0.0149256
-3.42326
0.316852
-0.0157584
-0.0414872
0.0572456
-0.0288868
0.0492582
0.024389
-0.0134867
-0.0114349
-0.0310743
-0.0145584
0.0234674
4.04941
-0.066337
0.0330511
-0.0233368
0.0313488
0.123768
-0.032595
0.0113456
0.00465072
0.0132119
0.0595723
-0.00264275
0.0208183
0.13147
0.0127002
0.0263327
-0.476998
-0.0183964
0.0191753
-0.0242879
0.0226989
0.00257744
0.0464494
-0.0613423
-0.0319168
0.0143979
0.0205636
-0.000579349
-0.036651
0.0158045
-0.0206274
0.00796485
-0.022001
0.53234
0.0248432
0.0768025
-0.0272013
0.0306273
-0.872781
-0.12748
-0.714417
-0.0295875
0.0103808
-0.00533606
0.443432
-0.020377
0.0343524
-0.0115282
0.0324576
0.00880174
0.988652
-0.0116125
-0.0158212
0.577698
0.0216464
0.0130587
-0.0835352
0.0634215
-0.0464735
0.0210715
-0.00590329
-0.119316
3.58973
-0.0185353
0.0117411
0.00679421
0.0395676
0.0639442
-0.103512
-0.0107126
-0.0184869
-0.00263602
0.027056
0.0850942
-2.0817
-0.0319238
-0.0106379
-0.0191247
-0.0240156
-0.0567684
-0.645643
0.0261114
-0.0119749
-0.0141365
0.016939
-0.0280126
0.0374844
-0.0167128
0.0575516
0.0672589
0.0101592
0.0202688
0.0274179
0.0222609
2.80741
0.0604196
0.0891756
0.0646022
0.0312384
-0.0188848
-0.0145127
0.00430704
-0.0164164
-0.0019795
0.0488432
0.355486
-0.0857084
0.0642672
0.0241506
-0.0110635
0.0239527
-0.011802
0.0671808
0.080527
-0.000282234
0.0271908
0.0125556
-1.71631
-0.00549816
-0.110053
0.0365581
-0.0845059
0.0150196
-0.0386304
-0.0106152
1.79079
0.0241213
0.0255933
-0.0130734
0.00766434
-0.0617832
-0.114236
0.176019
-0.0169201
-0.0150745
0.903568
-0.502783
0.0151709
-0.666962
-0.0214281
-0.0170208
-0.0186356
-0.0247489
0.00535269
0.0154315
-0.000535268
-0.024106
0.0255141
0.0245125
-0.0153708
0.0105293
0.0252884
-0.0140304
0.194617
-0.214365
0.0926761
-0.504167
0.0164539
0.0970001
-0.00949614
0.0122684
0.700357
0.215051
-0.0208605
0.0149944
-0.0890797
-0.335243
0.0131324
-0.640965
0.173178
0.945074
-4.19015
0.0278091
0.0249393
-0.189569
0.0821406
-0.00836093
0.0313941
-0.00943846
0.570279
0.43477
-0.0317707
0.0137037
0.00800624
-0.0217099
0.0162901
0.0438457
0.0183617
0.0147637
0.0434017
-0.0222393
2.27368
-0.310189
4.07345
-3.38874
-0.684714
0.0133502
-0.024207
-0.021541
0.0302505
0.026803
-0.0266669
-0.00167836
0.0228312
-0.0036163
-0.0211052
-0.00122114
0.000398524
0.0330939
0.00446259
0.0082121
0.0200015
0.182013
0.000386065
-0.182399
0.10154
-0.0711434
-0.0157316
-0.0131157
0.175802
-0.0199398
0.0252345
-0.0247931
-0.0515655
-0.0345619
0.0298912
0.00607751
0.0154872
0.0899084
0.76106
0.187709
0.168256
-0.725367
4.55323
-1.86886
-0.0218034
-0.0156971
0.024805
-0.0125921
0.0446691
0.0512426
-0.0959118
-0.0165183
0.0325454
-0.366239
0.0198717
0.00153063
0.0161591
0.0271831
0.200338
-0.227521
-0.120721
0.0632002
0.0302497
0.0152369
0.010433
0.0163211
-0.0234032
0.00708204
-0.0103942
-2.96077
0.0185532
-0.0247663
0.0107913
-0.0144123
-0.0145834
1.23488
-4.33208
3.09719
-0.0385108
0.0161623
0.00880542
0.0217812
-0.0135088
0.0339589
-0.0155972
1.77784
0.00533502
0.0188391
-0.0141242
0.0552732
-0.00448786
0.00196725
-0.0228034
-0.0181203
-0.011623
-0.0493362
0.0314851
-0.0188517
0.0156345
0.00486362
0.0250296
-0.0137253
0.0132119
0.100795
-0.112816
-0.0197087
0.0164906
-0.0326545
0.00562748
-0.00973117
-0.0226437
-0.0198687
0.0207904
-0.59487
0.8819
-0.177897
0.170723
0.00283999
0.0117388
0.0100592
-0.0262783
-0.0147734
0.00868692
4.24116
-2.06532
0.0174921
2.72155
-1.59631
-0.227074
0.013153
-0.0218929
-0.0234382
0.0184823
0.000278359
-0.017469
-0.0434852
0.0200865
-0.042559
0.0126302
-0.0116732
0.0239089
0.0210405
0.0101304
-0.0663883
0.00591823
-0.0334379
-0.130433
0.0120373
0.0469452
0.0456953
-0.0926405
-0.0400151
-0.115559
0.0338488
0.0105344
0.0225239
0.0219715
-0.00626438
-0.0318788
0.0319627
-0.01428
-0.0175439
0.0210666
0.00942261
1.6787
3.94171
-4.00881
-0.0437699
0.00676308
-0.0227518
-0.0320412
0.0297519
0.0234307
-0.0531826
0.0107436
-0.055409
-0.0171309
0.0264703
-0.0102383
0.0475417
-0.0186621
0.0228755
0.0126414
1.50433
-0.014126
-0.0132611
0.0108902
0.563252
-0.00412082
0.0295457
0.103539
-0.0605319
-0.0659339
0.0784703
0.0746774
-0.0233085
0.0117973
-0.419191
0.585618
1.83444
0.0683595
-0.0147526
0.0264207
0.0165571
-0.0439276
-0.0130834
0.0254128
0.0127689
0.054919
-0.0676879
-0.0487822
0.0441587
0.0122059
-0.0129805
-0.0203266
-0.0142091
0.01122
2.45196
-4.94814
2.57951
-5.06728
0.156
-0.170925
-0.0295855
0.0330144
-0.0315114
-0.0430344
0.0745458
-0.5748
-2.5828
0.0258079
-0.0143583
0.0302005
0.0915485
-0.0595785
0.0278386
0.0322872
-0.0478492
1.5926
-1.84942
0.25682
1.08479
-1.13975
0.0549576
0.0279473
-0.201148
0.0242499
-0.0315232
0.0176805
0.015693
0.0817202
-0.0974132
-0.0971399
0.0677535
-0.145293
0.245396
-0.100102
-0.0184127
-1.64311
2.8656
-0.0216
-0.0233848
-0.00940561
0.0267683
-0.0236471
0.0358816
-0.19071
0.0159162
0.00711501
-0.0255638
0.0357901
-2.41808
-0.120056
0.261629
-0.170461
-0.211566
0.0279539
-0.030005
-0.0240019
0.0184107
0.131713
-0.722349
0.0767058
0.0863227
-0.0784783
0.0918331
-0.0594105
0.0208848
0.0512259
-0.0336958
0.0322512
-0.019596
0.0235271
0.0496438
0.0420562
0.00760869
-0.0524846
-0.00374353
-0.0164544
0.0319055
0.0242331
0.0303284
-0.00901498
0.0335117
-0.0285344
-0.0419178
0.0224089
0.0132553
-0.0317872
-0.0015113
0.0597122
-4.05547
5.3795
-0.0250758
0.0363441
-0.00384439
-0.0226441
-0.129738
0.152382
-0.0106835
-0.012625
-0.0823812
0.0419694
0.0301022
0.0215838
-0.051686
-0.0278192
0.00475225
0.0391172
0.194486
-0.233603
-0.353251
-0.0765368
0.0235444
-0.0263667
0.0307976
-0.00604075
0.0260733
-0.0264063
-0.107067
0.0376704
-0.0172939
-0.00251511
-0.312494
0.0926149
-0.0245758
0.0124547
0.0120952
0.0442497
-0.0243054
0.0286284
-0.0248177
-0.0151445
-0.0678074
0.109968
-0.0257566
0.0123792
-0.00699978
-0.0429249
-0.0254405
0.0141662
0.0125796
0.0126393
0.0968515
-0.0655038
0.0520709
0.042607
-0.0946779
0.00179143
-0.00970381
-0.00689397
-1.02942
0.00474961
0.0729494
0.0314762
-0.010436
0.790866
0.0211983
-0.0187116
0.0228178
-0.0227908
0.00582776
-0.0908474
0.0289777
0.0223336
0.311527
0.0213937
0.00359751
-0.0167781
-0.00453193
-0.0217049
0.0209471
0.00981714
-0.00717388
0.0271835
-0.0200097
0.0284276
-0.0159126
-0.0125149
-0.0585368
-0.0235152
-0.0307657
-5.55715
-0.0488632
0.0246009
-0.0281016
0.0668737
-0.088795
0.0280171
1.40643
0.542417
-0.0146659
0.0218727
-0.0183101
-0.00369622
0.0203583
-0.000384684
0.0179483
0.0419075
-0.0118054
-1.06825
2.23224
-0.0204286
-0.00410325
0.0204244
-0.0920024
0.0303826
-0.265531
-0.703067
0.968598
1.97584
0.80125
-2.77709
-0.0287807
0.0156822
0.0155147
0.361031
-0.500362
-0.0670836
0.00430345
-0.0122246
0.0244877
-0.0736985
0.10469
0.756559
0.966775
-0.544385
0.00728632
-0.0217343
-0.0169392
-0.0149396
0.0285873
-0.024035
-0.0522565
0.0364981
-0.0040691
0.00468155
0.0173779
-0.00706058
-0.00070033
-0.0224762
-0.0508675
0.00863034
0.0207986
0.0193715
0.0161158
1.45627
0.0219016
-0.104495
0.207199
-0.237507
-2.34315
-2.11155
0.70842
0.0105924
0.0104376
-0.0229089
0.0239608
-0.0171795
-0.00940093
0.00973994
-0.0210611
0.00930201
-0.0232072
0.0983654
-0.00382737
-1.40278
0.015924
-0.0324424
0.0267095
-0.0146512
-0.00379624
-1.69907
0.013255
-0.0240755
0.0108205
-0.0158242
0.0222846
-0.00646045
-0.0180552
-0.0330849
0.00999743
-0.0214682
0.0208339
0.0754739
-0.0448841
0.105767
0.0573074
-0.118353
0.179596
0.345294
-0.385581
-0.0454407
0.0664162
-0.0075894
-0.0167693
0.0938661
-0.00218853
-0.0916776
2.41721
-3.05182
0.634615
-0.0108075
0.0225762
-0.0189035
0.000196975
0.0529142
-0.168977
0.116063
-0.010341
-0.0166937
-0.0532224
0.018609
0.0247722
-0.0281527
-0.104193
0.0768701
0.027323
-0.009933
-0.0124201
0.0223531
-0.999312
-0.0408412
2.50803
2.30184
-0.0167269
-0.197015
0.127951
-0.0269038
0.0998532
-0.126924
0.228731
-0.101807
-0.0449053
0.173919
0.0270339
-0.047798
0.0154867
-0.0508085
0.0219351
-0.00927086
0.00269488
0.0109362
-0.0184314
-0.0208215
0.0112495
-0.0247026
0.01223
-0.0267539
0.0262679
-0.0143714
-0.215593
-0.0134477
1.79797
0.0289009
-0.0180833
0.0324335
-0.0207637
-0.0111512
0.0988136
-0.152462
0.053648
0.0243758
-0.0133579
0.00743454
0.0265659
0.0229754
-0.00284812
-0.0172858
0.0358966
-0.0183323
-0.0175643
0.0157358
-0.031841
0.788138
-0.057125
0.0211383
0.0180449
0.384115
0.418763
0.00595166
-0.213257
0.00529403
-0.0273569
-0.0168651
0.240403
0.0413333
-0.281736
0.017552
0.00742337
0.0316655
-0.019118
0.0321182
-0.0198454
1.13811
-0.0108045
0.0240594
-0.0245073
0.0245376
-0.0184519
-0.148563
0.194366
0.030472
-0.0166857
-0.309394
0.11747
0.060807
3.03468
-1.45276
-0.0230089
0.0144388
-0.0232279
0.0317137
-0.0164516
0.986693
-0.575908
0.014878
0.0275379
-0.0144868
-0.0479925
0.0242662
-0.020049
0.0282976
-0.00824863
-0.0159659
0.0321666
-0.0159754
-0.0161911
0.0124312
0.471341
-0.10157
0.50476
-0.636873
0.0328718
-0.0196545
-0.0240344
0.013129
0.039349
-0.0271144
0.0224119
-0.0222029
0.0348084
-0.0179726
0.0145266
-0.0482124
0.0336859
0.0176485
-0.030442
0.0113146
0.0585261
-0.029986
0.011208
-0.00741225
0.10877
-0.0251035
0.015156
-2.6317
-0.0240019
0.00538045
0.0224942
-0.0124811
0.010087
-0.0177765
0.0331091
-0.0309216
-0.040687
0.0716085
0.0180078
-0.0233515
0.0279163
0.0302081
-0.668407
0.224266
0.00988085
0.0214153
-0.00356666
0.0139341
-0.023487
-0.0192765
0.0304725
-0.0330568
0.0478869
0.0158155
0.0339302
0.0166538
-0.0374684
0.0188817
-0.0245447
0.130102
-0.0233362
-0.0373013
0.0606376
-0.0398243
-0.111528
0.0384963
-0.0186138
-0.00669353
0.0101498
-0.0237713
0.0224806
-0.00112836
-0.024291
0.0153698
-1.76533
-0.272659
0.46904
0.00686901
-0.0525141
-0.0271539
-0.048975
0.0761289
-0.0604782
0.100046
0.0874494
-0.00645139
-0.0150168
-0.0161442
-0.00531339
-0.093084
0.0135612
-0.0236
-0.0163262
0.00368789
0.0310089
-0.00917074
0.034427
-0.0105277
0.0286672
-0.017725
0.0261212
-0.0143593
0.0162836
0.00865894
-0.0249426
-0.0118675
0.0160321
-0.0293088
-0.0358669
0.0600926
-0.0242257
-0.0254221
0.0152631
-0.0278429
-0.067498
0.0332872
-0.286512
-2.57563
-0.0265437
0.0481275
0.0309321
-0.0209617
0.0109693
0.200243
-0.0390998
-0.0561121
0.0241115
-0.710283
-0.0320953
0.00125177
-0.0183637
-0.144871
0.127981
-0.0545987
0.025719
-0.188233
0.242884
-0.0501331
0.132598
0.00767837
-0.0183491
0.0327902
0.245608
-0.000436878
0.0782458
-0.0320167
0.0515807
0.0633171
0.105989
0.135546
-0.0269447
0.0122404
0.0147044
0.0120625
0.0276616
-0.0154762
2.2195
-0.940288
0.0127351
0.0110452
-1.49478
3.19117
-0.0237639
0.0446072
-0.105939
0.150555
0.0221332
0.0228477
-0.0380232
0.0314502
-0.00410647
-0.0273437
0.0180986
0.00336828
0.0135748
-0.025692
0.00136898
-0.00550559
-0.00986384
0.0217938
-0.0125341
0.0376692
0.0196668
-0.0205745
-0.0757353
-0.0179309
-0.0157421
0.033673
-0.239681
-0.0119502
-0.0128074
0.026198
-0.00931146
-0.0177991
0.0271105
0.176164
0.0154995
-0.00799303
-0.00912678
0.0155745
-1.82729
0.658953
1.16834
0.0928049
-0.0406697
-0.0521352
-4.25524
0.0595775
1.74431
2.41384
0.0492066
-0.0257771
0.0114716
0.0085101
0.0931786
-0.353439
0.260261
0.0306082
0.024532
-0.0123525
0.193468
-0.017363
0.0463085
-0.0208224
0.00259983
-0.0207703
0.0356775
0.483832
-0.0178191
0.0567798
-0.0389607
-0.00633659
0.153062
0.111407
0.0170296
0.0210871
0.0257147
0.00105069
-0.0167077
0.0270522
0.032087
0.082219
0.0146053
-0.0342001
0.0195948
-0.0316665
-0.0314706
0.00481252
-0.0215293
-0.00533219
-0.0222534
0.0324526
-0.00736915
-0.478028
-0.32715
0.106178
-0.0200689
0.0412278
-0.0211589
-0.0246497
0.0107689
-0.0142949
0.286864
-0.70757
1.4848
0.00803348
-0.0251644
-0.0282042
-0.0657053
0.0939095
0.0315119
0.42554
-0.244759
-0.109429
-1.87132
1.98075
-0.0134962
0.0317515
0.0275194
0.020997
-0.0485165
0.00213866
0.0297008
-0.0318395
-0.0254653
0.0085969
-0.0505636
-0.0288648
-0.00983081
-0.0153006
-0.0151059
0.0391321
-0.0240262
0.00326662
0.837287
-4.51138
0.0208147
-0.0201301
0.0116412
0.024169
-0.013027
0.129292
-0.0119024
-0.00223049
-0.050968
-0.00203556
0.0290315
0.0139299
0.0151882
0.0156897
-0.02101
0.0198555
-0.00572385
0.021392
0.0271542
-0.0149691
-0.0172418
-0.00799371
0.0150683
0.0256335
-0.0285838
0.025685
2.9728
-0.0335507
0.0175406
0.0153209
0.024218
0.00427982
0.0261628
0.0451391
0.0296392
-0.0166039
-0.253782
-0.360221
0.614004
0.0385068
-0.0436219
-0.0117244
0.0240106
-0.00356329
0.0218968
-0.0137713
-0.0157102
0.0294815
-0.0250207
-0.240182
1.41074
-3.03714
0.0146582
-0.0239696
-0.594782
-0.0511372
0.0172388
-0.0266123
0.022382
-0.125201
-0.0226231
-2.40691
3.11972
-1.64474
0.197897
-0.24816
-0.0544348
0.0260899
0.028345
0.000349082
-0.0191469
0.0266034
1.0364
-0.0473029
-0.0197459
0.0187088
0.0200433
0.962953
-0.585304
0.00217357
-0.026875
-0.237007
0.380797
0.0326563
-0.0105375
0.0213238
0.01671
0.0140676
-0.056812
0.0333737
0.799613
0.870337
-1.66995
0.00700619
-1.75097
3.03216
-0.0174466
0.019495
-0.0275445
0.0177924
0.0265124
0.0104841
0.0506885
0.000822355
-0.0515109
0.0176733
-0.46756
1.20114
-0.00492801
0.023704
-0.0642087
0.0303835
0.0338252
0.00872849
-0.0269236
0.028905
-0.00740359
-0.620966
-2.50277
-0.0126036
0.0219056
0.0329046
-0.0494965
0.0165919
-0.0214931
-0.00609352
0.0101278
-0.0237457
-0.0302832
0.117629
-0.541722
0.0224371
0.0922923
0.0182217
-0.042397
0.0713034
0.176624
-0.111603
-0.00641475
0.0186431
0.00693101
0.00510315
0.0109941
-0.015845
0.0248679
0.0746043
-0.106748
0.0321438
0.00254877
0.0175947
-0.0165052
0.0210634
-0.0217511
-0.0222696
0.0880231
-0.0272755
-0.00435902
-0.305262
-0.028818
0.00862468
-0.0213466
0.00464563
-0.0283115
-0.00190966
-0.0283807
-0.029834
0.0559387
0.0985833
-0.0776767
-0.117612
0.0401399
-2.30825
0.5437
0.651748
0.0267886
-0.0167016
-0.0165545
-0.0155408
0.0241506
-0.0131962
1.19284
-0.18083
0.00872381
-0.021425
0.0127012
-0.0109481
0.0313213
0.0210077
-0.0192759
0.139318
0.0196667
-0.019062
0.0102341
0.0166907
0.0107686
0.00432301
0.0204691
-0.0124018
-0.0238361
0.0362379
-0.0167927
-0.0160831
0.0326095
0.0154451
4.82908
-3.17121
0.0131318
-0.226975
0.270192
0.0221785
-0.0262993
0.0182531
-0.0166557
-0.0117861
1.90587
-1.67739
0.379593
-0.0217676
-0.00429046
-0.020762
0.0250525
-0.0547943
0.0186307
0.14026
-0.0584686
-0.138547
-0.00387521
-0.0241362
-0.0184749
-0.0174839
0.0283966
-0.0164527
-0.0138928
-0.00922113
-0.015208
-1.47161
-1.65132
-0.0246441
0.0305623
-0.0923563
0.00147601
-0.0501742
0.03972
0.0281944
-0.0679144
0.0196018
-0.0192527
-0.110437
-0.0788281
1.45565
-0.0236835
-0.0141371
-0.0169474
-0.0458138
-0.0365674
-0.0122779
-0.0145035
-0.000956775
-0.0294308
0.0222385
0.0338276
-0.0606842
0.0268566
-0.030145
0.0132592
-1.3967
-0.00904314
0.00426838
0.0186935
0.00212118
-0.0292673
0.0139943
-0.0297384
0.0183052
0.0255596
-1.60118
0.019261
-0.0414493
0.165645
0.235572
-0.0344636
-0.00711693
-0.0163479
-0.0807085
0.0382105
0.0113699
-0.0274973
0.0105479
0.0359214
-0.0758775
0.0399561
-0.0213594
-0.265417
0.0288791
-0.013864
-0.0423476
0.084317
-0.0380606
0.0166504
0.00412762
-0.0211773
-0.0186773
-0.0242547
0.042932
-0.0179596
0.0210699
-0.0135506
0.012355
0.0379084
-0.0612446
-0.0191996
-0.0204132
-0.0215459
0.0419592
-1.61375
0.029988
0.0211536
0.0452806
-0.0724345
0.011003
0.0177978
0.0262663
-0.211082
-0.483535
-1.34375
-0.0300605
0.0127721
-3.27996
0.882164
2.3978
-0.0217884
0.00201219
0.024087
0.0117701
-0.0156202
0.326039
-0.930236
0.604197
-0.0103746
-0.0132254
0.0184179
-0.0266533
-2.91846
4.68707
-1.76861
-0.0154489
-0.0548048
-0.140846
0.0604832
-0.024131
-0.0585401
0.0272998
-0.0271824
-0.0826464
0.00911498
-0.0713398
-0.044874
0.0823218
-0.0483227
-0.228275
0.0348828
-0.0152424
0.0149045
0.524349
0.637573
-1.16192
-0.0372322
0.0187765
-0.0448315
0.00648383
0.0106789
0.0366333
0.0323469
0.0232403
0.0311521
-0.00909989
0.0157564
-0.32262
0.363311
-0.0489435
0.0233952
0.0234866
-0.0478205
0.675477
-0.439215
0.00675872
0.0224175
-0.0357372
0.0186539
-0.00737134
-0.019743
0.0225255
-0.018232
-0.0759153
0.0731764
0.00273889
-0.0529982
0.0262504
0.0159256
0.0316352
-0.0166031
-0.015032
-0.0443532
0.0955958
0.0239806
-0.0151075
-0.0216735
-1.51148e-06
0.0245749
-0.0582624
0.0592516
-0.0289533
0.0178639
-0.00868943
-0.00856653
0.0270026
0.195259
0.0451438
-0.00313802
-0.0280622
0.0119134
-0.0236516
-0.0315146
0.0162571
0.306109
0.210527
-0.00943195
-0.00511495
-0.0315024
-0.124874
0.0423645
-0.019545
0.107751
-0.427899
0.0266305
-0.0165767
0.0246433
-0.0136845
0.042691
-0.0742024
-0.0290067
0.0318484
-0.0148469
-0.846052
0.0239183
0.0455035
0.00141725
-0.0469207
-0.040612
0.023249
0.0170136
-0.00613974
-0.0181481
-0.00823569
0.0258842
0.0138474
-0.0611272
-0.0165569
0.0776841
-0.029692
0.014559
-0.068612
0.0219737
-0.0180409
0.00787053
0.0103073
0.0232464
-0.8604
-0.0221655
0.012424
0.00244376
-0.0204216
-0.0212752
-0.311025
0.112416
0.104391
-0.233764
0.129373
0.024207
-0.0441156
0.39223
-0.00577095
0.0278321
-0.0135418
0.0639755
-0.68755
0.18774
-0.0107363
0.0258234
-0.0246567
0.0323884
0.0138496
-0.0547916
-0.0322835
0.0144006
-0.0690907
-0.0232812
0.0134726
0.215634
0.00172948
-0.023798
0.0432817
0.559588
-0.00633512
-0.0159755
0.00523575
0.0146884
-1.21403
0.0284723
-0.0394616
-0.247496
-0.131796
0.0229408
-0.0407952
0.00314936
1.78398
2.25239
-0.205029
0.299005
0.429624
0.0970419
-0.112395
-0.298335
0.0404109
-0.0448987
0.0497363
-0.288493
0.238757
-0.00628764
0.0273457
0.384684
-0.291505
-0.0354464
0.188097
0.146908
-0.191299
-0.621144
0.812443
0.0154294
0.010051
-0.0254803
-1.62884
-0.0481728
-1.60171
3.40526
-0.0318887
2.45677
-1.73501
0.718627
-0.040025
-0.472983
-0.0166698
0.0300144
0.015935
0.0116843
0.045496
-0.00881582
-0.0366802
-0.105835
0.00517275
0.934115
-1.59961
0.0128461
-0.0214702
0.164756
-0.0118672
-0.068361
0.0237135
-0.0238757
0.00994773
0.0253962
0.0303243
-0.0557205
-0.0151382
-0.0188215
0.0167072
0.0223735
-0.0258722
-0.161334
0.0651314
0.0254354
0.0303417
-0.0300502
0.0722758
-0.0484728
0.00198213
-0.0286767
-0.00995963
-0.282455
-0.18953
0.471985
-0.139952
0.0115554
-0.00138232
0.0366674
0.0167669
0.00610862
0.0325526
-0.0175937
4.36717
0.00984126
-0.11881
0.111465
-0.03165
0.012857
0.0186297
0.00915537
-0.0215886
-0.089112
0.037876
0.0151706
-0.0310559
-0.0896159
-0.74117
0.063056
-0.0325705
0.0240848
-2.34979
-0.961635
-0.0211764
0.0142779
0.0148731
-0.0351997
-1.31977
-2.26738
-0.0195247
-0.00928626
0.0124248
0.0128901
-0.0223845
-0.0138434
0.00630139
0.0227634
-0.0890363
0.0608322
-0.0354535
-0.00751819
0.0429717
-0.0181486
0.0342195
0.0106772
-0.232079
0.877818
-0.645739
0.0329868
-0.0680445
-0.00229882
0.0551062
-0.128862
0.0550121
-0.0207262
0.0326849
0.0203555
-0.0404548
-0.0405884
0.0103232
0.0414608
0.031713
-0.0731738
0.661033
-0.738959
1.53525
-0.0802212
0.018757
-0.0215571
-0.0506234
-0.327044
-0.0201517
-0.0256417
0.0149609
0.48667
0.299385
0.0122389
-0.0248689
0.0101634
0.0236969
-0.273371
1.35162
-1.07825
0.0172303
-0.0303092
0.0130789
0.0258149
-0.0444922
0.0190138
-0.035268
0.0207135
0.0156876
-0.0125451
0.0248557
-0.0083773
0.0323642
-0.00168346
0.0189074
-0.0172239
0.00961318
-0.0233276
0.0129905
0.86852
0.143928
-0.390558
0.0342402
-0.0142948
0.00942661
-0.0247975
0.0215078
-9.24971e-05
-0.133618
0.0439572
-0.107991
0.0166846
-0.0171799
0.0218903
3.88191
0.690561
-0.0145606
-0.0415743
0.0167322
-0.00611456
-0.029475
0.0855777
0.0270276
0.021556
0.173562
0.0248637
0.00658643
0.0226629
-0.0264895
-2.82845
-2.04835
-0.0262037
-0.0126574
-0.00886184
-1.85799
3.18867
0.00351935
-0.0230167
0.0324989
-0.0161976
0.00710765
0.0413939
-0.0106281
0.513925
0.0491274
-0.0406134
-0.00851401
-0.0033004
-0.0253506
-0.043928
0.0692786
-0.0296947
-0.840603
-2.79656
-0.0254378
0.089382
0.0220695
-0.0444736
-0.0158621
0.0166368
-0.00295134
0.0243562
0.019208
0.0437348
0.00741379
0.0214618
-1.11935
-0.00945224
-0.0192217
-0.0246266
0.0271835
-0.000300467
-0.0375607
-0.0241464
0.0129513
-0.00665256
0.0197252
1.19379
-0.0301292
-0.0931197
1.69601
0.0523533
-0.0347409
0.232326
0.0798178
0.0946932
-0.0372996
-0.0573936
-0.023572
0.0227739
-0.00106762
0.0930841
-0.297703
0.0386713
0.0382645
-0.0310465
0.0222788
-0.0401474
0.0197823
0.029293
-0.0490754
-0.0131291
0.0239862
0.0169233
-0.0328075
0.0311336
-0.0655268
-0.336788
0.123919
-0.0178261
0.00720326
0.0499804
-0.0148964
-0.0350839
0.0118393
-0.026616
0.0147767
-0.055329
0.0297423
-0.0112399
0.0121076
0.0289204
-0.0836485
0.0196862
-0.0125712
-0.719257
1.5389
0.349141
0.0769266
-0.0476548
0.00659964
-0.00818488
0.00322386
0.179883
-4.31453
-0.136847
0.058743
0.271893
0.0344213
-0.0172761
-0.00742646
-0.0105776
-0.0191902
0.00427538
-0.0169551
-0.0150909
0.00061278
0.0443866
-0.0109988
0.00784421
-0.0242938
-0.0193274
-0.0331684
-0.147499
0.0630962
-0.629487
0.48808
-0.669829
-0.0678033
0.00673859
0.0575223
0.0386796
0.772263
-0.0246016
0.0267752
0.0105479
-0.00759274
-0.0307532
-0.160418
0.069264
0.180499
-0.0386306
0.524139
-0.790353
0.0168669
-0.00717756
-0.00968931
-0.0450443
-0.016916
3.73129e-05
-0.0148061
-0.0841936
0.0230771
0.0322005
-0.00965325
0.0238447
-0.0149769
-0.0258333
0.057522
0.158605
-0.42363
0.413472
-0.291239
-0.0250084
0.0140915
-0.0824421
-0.0721109
0.10796
0.054858
0.0461302
-0.100988
0.0177272
0.0101982
0.905659
0.522729
-1.42839
1.93454
-3.05393
0.827144
-0.459679
-0.00355183
-0.00230443
0.0184255
0.0825667
-0.0116387
0.0047168
0.0163098
0.0164579
-0.0198892
0.00352066
0.0163685
-0.145899
0.054658
-0.0763623
0.0433552
0.0387494
-0.0821045
0.00518477
0.0213674
-0.0231723
-0.0149234
0.0281787
-0.0160194
0.016207
-0.152473
-0.0326645
0.0502829
0.0345619
0.0305851
-0.065147
-0.0908192
0.0319027
0.0589164
0.0240348
0.021492
-0.0455268
-0.0193181
-0.465162
0.182707
-0.237096
0.114185
0.0719129
-0.0112187
-0.117469
-0.110094
-0.224417
0.250607
1.66297
-1.1773
-0.0281499
0.0146036
0.0176889
-0.0274201
0.0331779
1.42086
-0.20943
0.212653
0.0121462
-0.0202197
-0.011364
-4.76856
1.5581
3.21046
1.28801
0.0161795
-0.0433782
0.0849544
0.177986
-1.39201
-0.0367271
0.0185785
-0.566886
1.42101
0.217181
-0.0761794
-0.141001
-0.0687595
0.0268769
0.0418826
-0.509732
0.275153
-0.791346
1.25155
-0.116918
0.0234679
-0.0139096
-0.0104635
-0.047524
0.0298773
-0.0151017
0.0728691
0.0455011
-1.3802
-0.00581408
-0.0301524
-0.0223688
0.00689257
-0.0214796
0.0306242
-0.016019
-0.0100751
0.00405918
0.483137
-0.0637253
0.0792677
-0.0155425
-0.0131106
-0.014915
-1.44506
-0.0192163
0.031357
-0.0112916
-0.0657121
0.0302675
0.0354446
-0.103408
0.0359098
-0.0213659
-0.0895539
0.0897582
-0.0699509
-0.0475959
0.0232784
-0.011365
0.00440118
-0.0291846
0.00337772
0.0645633
-0.0253836
0.00765892
0.0833331
-0.0192404
-0.143565
-0.0128312
-0.115419
-0.0592388
0.36196
-0.0280508
0.00392152
2.38537
-1.16607
-0.125864
-1.15548
2.40229
0.0137897
0.0630357
-0.00581764
-0.0239871
-0.169515
0.0263077
0.0210078
0.0105136
-0.0221581
0.0419404
0.0276138
-0.0189548
-0.485466
0.86941
-0.017704
0.00774637
-0.20168
0.0251406
-0.0136879
0.227238
-0.220076
0.029252
-0.0181552
-0.000832587
0.0115948
0.0180307
-0.405134
0.0830688
-0.628225
0.220785
0.00433549
0.0136679
0.0165277
-0.287292
0.160275
-0.0200154
0.0208692
-0.012866
-0.0284128
-0.0751522
-0.0257012
0.10546
-0.181063
-0.0115085
-0.357847
-0.421985
-0.999744
-0.017137
-0.0538128
0.0354542
0.0183586
0.00923557
-0.033074
-0.01168
-0.0154958
0.0271758
-2.15933
-0.0026811
-0.0198703
-0.0321522
-0.0203236
0.00819591
-0.0362085
-0.0288372
4.69044
-2.35036
-2.34008
1.10283
-0.020812
0.193634
-0.0464906
0.146521
-0.394016
0.0135664
0.012545
-0.0439275
0.0197965
-0.0230521
-0.00422615
0.0272782
1.35916
-0.859305
0.0114078
-0.0335697
-0.0245326
0.0126805
0.0635495
0.0292554
2.11095
0.0127069
1.09932
-2.7098
-0.00735291
-0.0157763
-0.261834
0.0139386
0.0261126
-0.166012
0.0708844
0.0951275
0.0335658
-0.0328367
0.0711372
0.0127715
0.00666572
-0.02119
-0.0317277
0.0165272
0.0152005
-1.71733
3.4852
0.447316
-0.0284075
0.0144552
0.00325216
0.0170199
-0.465771
-0.0414096
0.0574492
2.85172
0.106308
-0.103177
0.0761596
-0.121632
-0.0308297
-0.0106503
0.0241145
-0.852338
-0.283939
-0.0941
0.140157
-0.0460568
-0.257251
0.100979
-0.0257086
0.0821455
0.0421472
-0.0111056
-0.0202178
0.0897676
-0.0224622
-0.974645
0.00453298
0.0172106
-0.0455601
0.0514978
-0.0125332
-0.0119994
0.108916
0.00628915
0.00242
-0.00782849
0.0263775
-0.032317
0.0059395
-0.0104879
-0.0103427
0.0360574
0.0225718
0.289307
-0.309721
0.0204142
0.0235887
0.014688
-0.0225127
0.0151388
0.00776497
0.0104424
-0.0163445
-3.187
1.31784
1.86915
0.0873249
-0.0285905
-0.0144928
0.0259008
2.29631
0.112194
0.172228
-0.0337729
-0.0346585
0.0271229
0.00669558
0.534028
0.285718
-3.95309
1.30215
0.547539
0.617506
-0.0196325
0.0171308
-0.0223397
0.0314212
-0.0915358
-1.50194
-0.125805
0.0738498
-0.232231
0.0202134
0.0186917
-0.0176816
2.1998
0.0904228
-0.0201197
1.5499
-0.0358762
-0.105355
-0.0280059
0.0349658
-0.0106798
-0.0214679
-0.459352
0.0217224
-0.0220694
0.0487896
-0.0101222
-0.010204
0.020112
0.0130617
-0.0195131
-0.0327989
-0.0247077
0.0238447
-0.0111641
0.106786
-0.018505
0.0188451
-0.00188667
0.0669204
-0.0523989
-2.41536
1.26988
0.00680392
0.0238199
0.00745177
0.0103765
1.48547
0.702149
-2.18762
0.0236787
0.0289701
-0.0176771
0.0140516
0.00998879
0.00219419
0.0961712
0.0245642
-0.0480023
0.00244219
0.0127632
-0.0194152
0.152662
0.0251947
-0.0127444
0.0235702
-0.0114749
0.0247812
-0.0124064
-0.0123749
-0.194077
0.697945
0.0948621
-0.0185819
-0.031535
0.022087
0.0272279
-0.0190798
-0.00814805
-0.106816
-0.0254624
-0.00132133
0.0267837
0.573285
-0.322928
-0.029451
0.00603309
0.7888
-0.00583612
0.0200023
-0.00163183
-0.0423235
-0.0498304
0.0260324
0.0110948
0.0140458
-0.0252567
0.00727105
-0.0085774
0.0540809
-0.0176735
0.0101084
-0.000606949
-0.0156955
0.0163024
-1.93643
3.44076
0.0101514
0.0125927
0.0163036
-0.0774308
0.0238058
0.0103944
-0.0342002
0.0207637
-0.0213005
-0.00547838
0.0266454
0.0128536
-0.00667606
-0.110817
-0.0113983
-0.100524
0.102456
-0.0204271
0.0231358
-0.0538286
-0.0507893
0.0715986
0.142387
-0.0106532
-0.00750597
0.0247363
-0.150178
0.0459037
0.0141655
0.00270141
-1.19846
0.0459558
0.065299
-0.0217958
0.0151796
0.0107629
-0.0983988
0.0119872
0.0457687
-0.011673
-0.172497
0.230371
0.024734
-0.0136888
0.0110242
-0.0230071
-0.0248013
0.347963
-0.913329
-0.0146967
4.10202
1.01747
-5.11948
0.0600367
-0.0296373
-0.0758758
0.207838
0.00987604
-0.0297783
0.973509
0.00974772
0.11246
-0.0224841
0.0332957
-0.7332
1.66732
0.0300058
-0.0243784
0.069461
0.0320787
-0.0310678
0.000857272
-0.0225718
0.0746354
-0.00968715
-0.0486328
0.0491731
-0.0132236
-0.0325701
0.0961197
0.165759
-0.0343206
0.0348853
1.11079
-4.45611
1.42187
-1.20746
-0.0207518
0.16794
-0.0592461
0.270271
0.0274543
-0.000263457
0.355062
0.0540262
-0.0248997
-0.171496
0.00251871
-3.57158
-0.525264
-0.0296808
0.15719
0.08136
-0.00751983
-0.0298889
0.025512
-0.0145073
-0.0136732
-0.0271247
0.0418137
-0.0146889
0.0199617
0.120362
-0.021844
0.0373973
-0.0205393
-0.150844
-0.0217775
-0.00852649
-0.03153
0.016538
0.0257024
-0.00475976
-0.00848986
0.0246462
-0.012294
-0.0123522
-1.02371
0.429149
-0.00314294
0.0187749
-0.015632
0.43247
-0.761266
-0.0489615
0.0555321
-0.00657062
-0.0455107
-0.0099835
-0.127858
0.248758
-0.120899
-0.021658
-0.0205567
0.0375323
-0.0156578
-0.10272
-0.0238646
0.126585
0.0187476
0.00321935
0.00287561
0.0283095
-0.0144259
-0.0109241
-0.0477734
0.0943413
-0.269048
0.0111422
0.0251478
0.574296
0.361168
-0.00686379
-0.0520292
2.00044
-1.15901
-0.841433
0.022958
0.0251505
0.0290717
0.0215859
-0.0632768
1.01828
0.0124466
0.0336832
-0.0184581
0.164556
0.0230633
-0.125784
-0.0148427
0.122501
0.0125004
0.0201844
-0.0326848
-0.0207012
-0.020584
-0.00569426
0.765452
-0.0276918
-0.0482235
0.0113596
-0.0180823
1.82301
-1.22047
-0.00294067
-0.0177332
-0.0406385
0.00666282
-0.00931822
-0.0420377
0.0153211
-0.0150686
-0.0252879
-0.0162534
0.0321463
0.028159
-0.0619558
-0.0920735
-1.68331
-3.71579
0.0649658
0.000230654
-0.176795
0.312843
-0.0286237
-0.0287369
0.00441249
-0.0181375
1.19017
4.07415
-0.0394156
0.0239667
0.139967
-5.73612
0.0196205
-0.0223084
0.0128531
2.05301
0.000378604
-2.40385
4.83462
0.0354293
-0.00486416
-2.96731
-0.0503974
0.0204161
-2.35154
-0.00917518
-0.424713
0.0274107
-0.0171766
-0.0233325
-0.0161057
0.0394382
0.426246
-0.0195883
-0.509132
0.927895
-0.718615
0.0254654
0.0216553
0.00602138
-0.538588
0.482887
0.591553
0.110841
0.0220335
-0.00785662
-0.0305083
0.0161712
-0.0235792
0.0121588
0.048067
-0.0249312
-0.0300717
0.0227301
-0.0249281
-0.00882379
-0.0223941
0.0308956
0.124691
0.102961
-0.227652
-0.180414
0.0910375
-0.00733865
-0.0180762
-0.158433
-0.0650407
0.223473
0.391442
0.0123281
0.0481807
0.393222
-1.36018
0.966962
0.00380262
-0.0220506
-0.00993293
-0.0480668
0.0213057
0.0267611
0.968803
0.621866
0.125206
-0.100748
0.0430417
-0.0195688
-0.0648216
0.105818
0.0193471
-0.132253
0.288691
-0.0308194
0.0125764
0.00789004
0.0223101
-0.00957287
0.00542478
0.0127274
-0.0527958
0.0442184
-0.0219824
1.24436
-0.440692
-0.803669
0.201193
0.0223048
-0.000239191
-0.0225444
-0.091959
-0.0959635
0.187922
-0.0282221
-0.072579
0.0888826
0.0215309
0.0239064
0.00789018
-0.0915922
0.0199693
0.00140897
0.0171683
-0.00925497
0.023943
-0.0240076
-0.027733
-0.0309801
-0.0240125
0.0122501
-0.0421383
1.57158
2.31409
-1.69227
0.0126076
0.0587657
-0.008531
0.0438184
-0.0174919
-0.00750622
-0.05192
0.0185588
-0.0279611
0.47722
-0.0159388
0.475798
-0.0389585
0.0336785
-0.0539267
0.0202482
1.48304
1.31249
-0.569356
0.0110843
0.18021
-1.51444
-0.0474777
-0.389275
-0.0275206
0.0620825
-0.00245973
0.0360561
2.47019
-1.09585
0.0328293
-0.0200146
-0.0196164
-0.00713745
-0.012533
0.0273648
0.0584774
-0.0131925
-1.19373
-0.314445
-0.0226705
0.00791485
0.052704
-0.0378091
0.0191584
-0.0232548
0.0124703
0.0181269
-0.0305972
0.0345509
-0.0227771
0.0445991
0.0632055
-0.0576093
0.448446
-0.854847
0.406401
-0.213413
0.0229796
0.000518988
-0.0234715
0.013192
0.0128939
0.415343
0.482076
-1.25741
0.0238472
-0.0163102
-0.0536407
0.00429782
0.0529064
-0.201469
-0.0455377
0.0136592
-0.016539
-0.0101509
-0.0214332
0.03979
0.0227861
0.026855
0.030943
-0.057798
-0.00476445
0.0231751
1.05585
-0.174409
0.0751533
0.031689
0.00978629
-0.0310294
0.0163134
0.0256168
0.0247846
0.00498815
-0.0692009
-0.0134847
-0.027497
-0.129346
-2.26527
-1.87277
4.13804
0.0112643
0.0144202
-0.000231566
0.0564379
-0.0254495
0.0120018
-0.0249709
0.0144096
-0.0685506
0.0627589
0.0328656
-0.016309
0.0141654
0.0100036
-0.098698
0.601738
0.852443
3.98297
-0.0200249
0.216939
1.39927
-0.917193
-0.0140314
-0.0179638
0.0140005
0.0223315
-0.0169301
0.00914718
0.149743
-0.0522161
0.0925176
-0.0382554
-0.0419871
0.0358043
2.24298
-0.0371005
0.0148409
-0.193366
-1.5162
-0.0626743
0.0875459
-0.0432432
-1.1905
0.749806
-0.54854
-0.431913
0.980453
0.0198189
-0.0200505
-0.0102605
0.0217271
-0.0244604
-0.0179661
-0.0208924
0.153169
-0.371242
0.2072
-0.66373
-0.0212219
0.115356
-0.0705035
0.0539466
-0.166984
0.0467991
-0.202364
0.0135052
0.0564705
0.0311483
-0.00235717
0.0246269
-0.0222697
-0.0494983
0.206536
-0.0167161
1.297
0.00789308
-0.0161373
-0.0291316
0.0196932
-2.07255
3.72261
-0.0210464
-0.00827612
-0.0188849
-0.000639839
0.092283
-0.0674398
-0.0979137
0.0718306
0.0260831
-0.0221043
0.0124786
0.00828774
-0.019115
0.000453395
0.0360673
0.0133565
-0.0195833
-0.506984
-2.11276
2.61975
-0.031935
0.0281121
-0.0485031
0.0302711
-0.0157288
-0.0305665
0.01569
-0.0631665
0.0181388
3.03386
0.255419
-1.36494
1.10952
-0.00234917
-0.0233683
0.0257174
0.0221798
-0.0400377
0.221853
-0.352352
0.0280021
1.3096
-0.022739
0.0260356
0.00642203
1.4706
1.45712
-0.0131151
-0.00794086
0.00769425
0.0164573
-1.09534
4.83233
0.0290346
-0.0245102
0.0123864
0.0805705
-0.197441
0.00624054
0.0206092
0.303201
-0.0449275
0.00749486
-0.0209198
0.0134249
0.024501
-0.851147
1.86151
0.0243912
0.0223724
-0.421405
0.0348956
-0.0233401
-0.0202423
0.00386239
-0.0262711
-0.00291358
-0.0270426
-0.136362
0.00453637
0.0387231
-0.0233725
1.58889
-1.31658
0.0181596
-0.484949
-2.13335
1.08984
-2.94064
-0.318361
0.312001
0.00808539
-0.0306329
0.0223124
1.26254
-2.19289
0.00406151
-0.00811507
0.474637
-3.41528
-0.0175684
-0.00180886
-0.0122775
-0.012183
0.0216884
0.0672998
-0.475011
0.0023657
-0.0190779
-0.019629
0.121005
1.50081
-0.0225222
0.0151934
-0.0571407
-0.028292
-4.47782
2.0513
2.42653
-0.00628081
0.0145871
-0.00855228
0.373318
-0.0188432
0.0308968
-0.0393426
-0.225355
0.0195418
0.0273861
-0.000429788
0.0606656
-0.0389771
-0.101635
0.209537
-0.179618
-0.0221689
0.0434158
0.74512
0.0184153
0.0102481
-0.0128948
0.0251453
0.0240171
-0.0497438
-0.0312382
0.0170681
0.0141701
0.0113859
-0.0137931
-0.288641
-0.46593
0.443326
0.0493792
-0.0938739
-0.00466839
0.0210325
0.0141468
0.0267148
-0.180661
0.215427
0.111841
0.0165029
0.0210611
-0.0434112
0.0209214
0.0132019
0.822543
-0.0343097
-0.021773
0.0126047
-0.0200744
-0.0193983
-0.0708957
-0.01875
0.156356
-0.0326248
0.000162821
0.0262022
-0.0216872
-0.00451501
0.22327
-0.0847873
0.358686
-0.0191955
0.439495
0.0358172
-0.129917
-0.024678
-0.0253076
0.00179023
-0.0148942
0.511144
0.0180187
0.0473434
-0.195223
0.515446
-0.0656218
-0.28013
-0.0147303
-0.0215265
0.0255932
-0.0128693
-0.0211582
0.747447
-1.82356
1.07611
-0.0347082
-0.0541075
0.468563
-0.00706809
-0.468959
-0.0178548
0.0976974
-0.0898072
1.94989
1.9753
-0.0205391
-0.568794
-0.0327761
-0.00052302
-0.0395292
0.0299031
-0.0115017
-0.244679
0.233932
2.75251
-2.89324
-0.0689611
-0.0150648
0.0274512
0.197618
0.0189841
0.000677126
0.00705309
-0.0110021
0.0206893
-0.0169008
-0.00934054
-3.387
-0.00975236
1.85509
1.27763
-1.64531
0.0125035
-0.0219996
0.342313
-0.0243428
0.0325893
-0.11362
0.162264
-3.04997
-0.173264
-0.698475
0.0228589
-0.495121
1.01947
0.00977963
-0.0191161
-0.0222174
1.00719
0.558389
1.02552
1.53857
-0.766924
-0.0307202
0.0193914
-0.0213192
-0.0167477
0.0168354
1.46854
-3.75316
2.28462
0.0208536
-0.011074
0.021493
-0.0251355
-0.0345074
0.0120074
-0.00287485
0.0264192
0.0159162
-0.0244005
-0.00403141
-0.0214589
0.10677
-0.0794926
-0.421626
2.09613
-1.6745
1.76128
-0.0643574
-0.021934
-1.91246
-0.0117811
-0.0199466
0.14675
0.0734977
-0.0368661
0.0240699
-0.137249
0.372536
0.0116666
-0.027912
-0.156741
0.0156155
-0.0514824
0.862919
0.311658
-1.17458
-0.0225974
0.0110406
-0.00442319
-0.0212583
-0.00469317
0.0230107
-0.0151531
0.0492631
-0.0156956
0.42135
0.0459866
-0.0637343
0.0180661
-0.0178793
-0.0260413
0.0124906
-0.017026
-0.0344892
-0.0283733
-0.0158395
-0.0103357
0.0157407
0.0399934
-0.0502316
0.0234645
1.93932
-4.09905
-0.0231723
0.362861
0.0113121
-0.0188035
0.028633
-0.00982945
0.46497
0.113113
-0.114597
0.00148387
-0.00406335
-0.033128
0.245594
0.0225349
0.0303918
-0.0222869
-0.0245578
-0.0179802
0.0156616
0.0191738
-0.160101
0.112331
-0.0143893
-0.023456
-0.0119389
-0.0124039
2.63204
1.07844
-1.12078
0.134561
0.00965661
-0.144217
-0.0198273
0.0806382
-0.0245505
0.0464209
-1.69531
0.00743231
-0.0200863
0.00871972
0.00791741
-0.0239352
-0.00733555
-0.0880507
-0.0228047
0.00559138
-0.0895992
0.0207482
-0.01975
-0.047422
0.0110685
-0.0227063
-0.269837
-0.785976
0.0636272
-0.018964
0.0180889
-0.0176822
0.0304268
0.0915902
-0.0174611
-0.224411
0.0256059
-0.0153699
-0.0211667
-0.016682
0.0192104
0.0267669
-0.378728
-0.00121969
-0.025465
-0.00494926
0.0207283
-0.0127954
0.0453307
0.0260139
0.00068209
0.0238891
-0.0122981
-0.0115911
0.0190834
-0.0249087
0.0243849
-0.15228
-0.38267
1.94245
1.99298
-3.93543
-0.0278642
-0.118955
-0.482138
-0.0489509
0.015894
0.0216455
0.0126791
0.34111
-1.04418
0.0229697
0.0315341
-0.0900292
0.0756115
0.107722
0.0906918
0.00651756
0.0313245
-0.0126579
0.0231024
0.325052
-0.0580354
0.221149
0.00165749
-0.0204293
-0.0292664
0.163921
-0.134655
-0.028026
-0.0729519
-0.0180326
1.72203
0.991731
0.115021
0.0221081
-0.024983
1.72535
1.47147
-0.00732002
0.0180889
0.0444264
0.000655989
-0.0530635
-0.0167035
0.0270843
0.000472694
-0.06903
0.00374912
-0.0220762
-1.49257
0.43258
-0.0159812
-0.0292491
0.0603827
0.0247848
0.217611
0.0231856
-0.0440059
0.0462058
-0.00219988
0.547849
0.0953139
-0.0203467
0.0801923
1.73596
-1.37817
0.0227406
-0.0146969
0.0167061
-0.020502
-0.016032
-0.0149974
0.0529116
-0.0261967
0.0227442
-0.01148
0.108382
-0.0189528
0.00980178
0.0130879
-0.0705094
0.0598199
0.0172422
-0.0108376
0.0109111
-0.038707
1.49566
-0.101429
0.223666
0.0248595
-0.0292241
0.00436461
0.0199416
-0.0395083
0.021123
0.0183854
-0.14339
0.169049
0.0146539
0.0512386
0.0123959
-0.00706611
-2.14769
-0.890596
0.0191062
0.0370986
0.0286508
-0.0240001
-0.0198075
-0.0010791
0.0208866
0.0157364
-0.0157584
-0.0251245
0.521201
-0.285467
-0.235734
-0.453217
1.03154
0.00621141
-0.0171673
0.0264884
-0.0174437
0.027244
-0.0113413
0.0199048
0.00407268
-3.00928
-1.28758
-0.0211263
-0.0432588
0.466663
0.0212815
0.113394
-0.0982877
0.0461949
-0.00631355
-1.98538
1.25561
-0.0438667
0.022868
-0.0162849
0.0162183
0.0114655
-0.0537609
0.0661926
-0.0124317
0.0187015
-0.0188798
0.0376049
-0.0314596
0.0592687
-0.00535095
0.252767
0.154773
0.0200335
-0.061366
-0.0224154
-0.00395127
0.339165
-0.0181266
0.0205381
0.00864432
-0.0352655
0.0266211
-2.25057
-0.00185631
0.275671
0.0245825
-0.0124443
-0.0220945
-0.0791171
0.0148323
0.0244569
0.51866
0.0292607
0.705259
0.217603
-0.922862
0.00950187
-0.0213875
-0.0740804
0.0442623
0.029818
3.66827
-2.67405
0.390963
-0.176884
-0.0171047
-0.0198625
0.0369672
-4.37567
1.30313
3.07255
0.0377474
-0.0807818
-0.0140861
0.0274851
-0.0264484
0.0304598
-0.00401141
1.38184
-1.76096
0.0322546
0.0239433
-0.0235898
0.0675651
-0.0439753
0.0133995
-0.00731492
0.0197548
0.0313311
-0.0208982
-0.0259236
0.0321384
-1.9569
4.25765
-2.30075
0.116336
0.0121324
-0.951282
1.9223
1.67796
-4.59642
-0.00444786
0.0187295
-0.024182
0.0645808
-0.0137187
0.121566
-0.0557538
-0.0658119
0.223451
3.1689
-3.39235
0.00725279
-0.0160384
0.486791
-0.0101062
0.00501843
0.118472
0.0338588
-0.00547555
0.278884
1.08269
-0.283405
0.112944
-0.0217841
0.00730203
0.0189833
0.0294953
-0.0441717
0.0695968
-0.0144231
0.023375
-0.0110872
0.0577844
-0.0466971
0.0234602
0.0170203
0.0265877
-0.043608
2.996
0.037441
-0.408008
0.345083
-0.0174523
-0.0377361
0.0202315
-0.00400118
-0.219013
0.387269
-0.0297762
0.311596
0.220744
0.0568482
-0.0345436
-0.0182689
0.0287066
0.00026099
-0.0155478
0.268259
-0.159175
-0.354708
-0.015732
-0.0264024
0.0229975
2.14853
-1.09777
-1.05076
-0.0018599
0.0349538
-0.0253885
0.157056
-0.781732
-0.0190053
-0.00485215
0.0200081
-0.012074
0.194917
0.0171773
-0.00263769
0.026523
-0.312018
0.0233603
-0.0118888
4.83016
0.0246822
0.0164907
-0.011802
-0.0101976
-0.0104679
-0.00984031
0.0473829
0.0109618
-0.0298623
0.0526189
0.0221236
-0.0191166
-0.204468
0.0457569
-0.0361864
-0.00957057
0.024825
-0.0404136
-0.0549324
0.0748946
-0.0199622
-0.0260941
-0.0494226
0.0306087
0.0188139
-0.00869997
-0.0195886
-0.441797
-1.54359
-0.0332092
0.00492939
0.0231245
-0.0161914
-0.0207937
-0.025911
0.00674536
-0.0250988
0.0192783
0.0119847
-0.0267246
0.0458324
0.00432668
0.0246699
-0.0135405
-0.688041
-0.177796
0.00914809
-2.14053
0.0171746
-0.0808999
-0.00610299
-0.0175847
0.00178373
-0.0456156
-0.00864317
1.53991
-0.0277179
-0.0338318
0.0229726
0.00306297
-0.0193118
0.0150213
-0.0222042
0.00231503
-0.0234689
0.12096
0.00485004
-0.12581
-0.0181833
0.0897165
-0.0485885
0.0199632
0.0109246
0.00496307
0.0119096
0.0200972
-0.201671
-0.47633
0.0372684
-0.0225797
-0.0146887
-0.0738579
0.194071
-0.169821
0.0445651
-0.232798
-0.0289906
0.0578347
-0.0566135
0.131638
-0.0310731
0.00544461
0.0256285
-2.88005
0.461969
0.0325702
-0.0234552
0.00784552
-0.0953562
0.0114016
-0.0186521
0.0223076
0.0218387
0.0177578
0.00487162
0.0233106
-0.0324814
0.869772
-0.558246
0.0641443
-0.0787736
0.0445356
-0.0270027
-0.0891879
-2.61532
2.73199
-5.22347
-3.93552
-0.18943
0.412624
0.0328257
-0.0107208
-0.0318778
-0.0276972
0.0447803
0.00943212
1.11463
0.0156364
-0.0613068
-0.000421828
-0.0209458
0.0213676
0.0652368
-0.175673
0.0383068
-0.0228301
0.15413
-0.0213329
-0.0160413
1.40793
1.98584
1.03896
-0.0260522
0.0123677
-3.20377
0.0288722
-0.0368586
0.00798636
-0.107722
0.2376
-1.08653
0.490986
-0.0957362
0.162414
-0.0223213
0.0281608
0.0250458
-0.0658548
0.448601
-0.382747
0.0330196
-0.0188374
-0.341318
0.418783
-0.0347841
0.0122322
-0.100088
0.0129883
-0.0201946
0.0135767
-0.0138681
-0.234535
0.0231527
-0.0208851
-0.231884
0.0529419
0.259051
-0.0185392
-0.0298115
-0.0192035
-0.00165794
0.0143541
0.0158653
-0.0159329
-0.0164422
-0.00394878
-0.0220406
-0.0901975
0.0101984
-0.0154173
-0.00926446
0.0151489
-0.0185502
0.042585
-0.0193469
-0.0402065
0.0477387
0.0268785
0.0258611
-0.0166043
0.00576697
0.0102331
0.0204844
-0.00241995
0.0211675
-0.0245731
-1.1451
0.0233803
-0.0127172
0.0251484
0.0128867
0.0264119
0.00771161
-0.0191643
4.38921
-0.0414311
0.0227049
0.0197951
0.00955345
0.0177468
-0.0324896
0.00886494
-0.017259
-0.0168059
-0.0283386
0.0126235
0.0157152
-0.0214378
0.0213539
0.0194021
-0.010761
0.0252257
0.033077
-0.688513
-0.471927
1.16044
0.0135822
-0.00673969
0.0186461
-0.00740959
-1.20075
2.43186
-0.0100294
0.0191226
-0.034177
0.0137538
-0.0201846
0.161404
-0.105046
0.0206052
0.0106266
0.015028
-0.0404747
3.77579
-0.0263832
0.0104494
-0.0759584
4.80466
0.0147594
0.0188413
-0.189064
0.015715
1.88886
-1.22991
-0.00273188
0.0142422
-0.0383694
-0.0519235
0.0902929
0.0182084
0.0234611
0.0508811
-0.0377544
-0.0400101
0.0138109
2.59782
-1.64425
0.16241
0.00664652
-0.0313586
0.0247121
0.137226
-0.0832669
-0.0214797
0.58545
-0.0188145
0.0152245
-0.0168775
0.00302789
-0.0184743
-0.0161998
0.0181452
0.0131569
-0.34742
0.32595
0.00240109
0.0217645
0.0180265
-0.0791193
0.0274881
0.0158504
-0.011868
-0.0188882
0.0184028
-0.0004867
-0.0194001
-0.00638876
-0.275868
0.263493
0.0123742
-0.0264182
0.0181388
-3.98072
1.93237
-0.0405444
0.0172119
-0.0209681
-0.00443571
0.175978
-0.266876
0.0908981
-0.0272058
-0.0036343
0.0178138
-0.0239848
0.00652235
-0.0195423
0.0222705
-0.000618731
0.0182043
-0.021145
0.00332755
0.0187617
-0.00482328
0.0184065
-0.019449
0.00520085
0.0203132
-0.0167874
0.0116556
-0.0314109
0.0163034
0.49529
-0.0783082
0.0192014
0.0913438
0.0477452
0.0218001
-0.2149
-0.741452
1.56488
-1.84545
-0.000568912
0.0669426
0.101335
0.105864
0.0155129
0.0338961
-0.014507
-0.0102997
-0.0162956
0.0211601
-0.0327218
0.0143408
-0.0272928
0.012952
-0.643422
0.0173801
0.0125614
-0.0299415
-0.0103814
0.0301415
-0.0255065
0.00971049
0.041093
0.0148457
-0.038362
0.0181211
0.00260033
-0.0269503
-0.0124023
-0.0285856
0.0568838
0.936597
-0.00547122
-0.0195036
0.794244
-0.862047
0.017735
0.0325492
-0.00460379
-2.64535
-0.0365813
0.0156196
2.5797
0.0106362
-2.14339
0.671784
-0.0258284
0.0127128
0.00588196
-0.0250339
-0.014897
0.0270579
-0.00698499
-0.0158087
0.437249
-3.13735
2.7001
1.31712
0.0254427
-0.0356505
0.0255727
1.20533
-3.63512
2.42979
-0.0177757
0.00409105
-0.0231699
3.46842e-05
-0.0199545
-0.0628923
0.139775
-0.0791162
-0.0176541
-0.0125409
-0.0328654
-0.351736
0.0250172
-0.0255015
0.0750698
-0.0561043
-0.0269408
0.0135829
-0.568292
0.608147
-0.0303036
0.016238
0.0140656
-0.0226093
-0.0463517
0.355546
-0.385313
0.0230613
0.0127948
-0.0331061
0.0239398
0.0341265
0.02109
-0.0552165
0.00826223
0.0201221
0.0588281
-0.0828608
0.0157078
0.0209789
-1.33824
0.441694
0.00986451
0.0213789
0.0344814
-0.00512691
0.0403671
-0.110907
0.168214
0.262311
0.400284
-0.020084
-0.0343517
0.0117373
-0.00419425
0.026466
0.102584
-0.981433
0.0235846
-0.00939595
-0.0253817
-0.0236792
-2.50898
-1.69557
4.20455
-0.0950945
0.0752151
0.0423552
-0.0598487
0.0253745
-0.0143715
-0.0171146
-0.10479
0.0438748
0.426236
0.023761
0.0267982
-0.0364803
-0.0287158
-0.159544
-0.111809
0.271353
-0.0226182
-0.00615081
-0.0917653
-0.260587
-0.0781178
0.183577
0.1449
0.0288471
0.0511718
-0.0800189
-0.0243929
0.0164946
0.0274604
1.11958
2.00014
0.894688
0.0146701
-4.75421
1.8513
-0.0734605
-0.029575
-0.00490689
0.0230508
-0.126386
0.14662
-0.152394
-0.0442665
0.196661
-0.0625685
0.0477129
3.37798
-2.90335
1.92471
-0.098613
0.163215
0.0766805
0.0384304
-0.0307221
-0.0180361
-0.0133163
-0.0204974
1.03693
0.65908
-0.0129273
-0.0809524
0.0618802
-0.00598353
-0.00308973
0.0216473
-0.0185576
0.276182
-0.302876
0.0266938
-0.030835
0.041734
-0.101689
0.0599545
-3.90057
3.12707
0.540204
-0.114234
0.0282874
-0.0644927
0.0362053
0.0675888
0.026019
-0.020842
-0.005177
0.0272625
-0.0346316
-0.0243878
3.90494
-3.03361
-0.871323
-1.94319
-0.0375555
1.58947
0.229234
-0.0925812
-0.570863
1.1184
0.359099
-0.287441
-0.0716585
-0.202009
0.00469815
0.0111741
3.03966
-4.135
-0.0535788
0.0396297
-0.0250717
-0.463285
0.0929858
2.07225
0.0612857
-0.0225862
0.0217928
2.29035
-2.57686
0.0659192
-0.536005
1.32458
0.10832
-0.074471
0.527564
-0.318473
-0.0187404
-0.00867286
0.285769
0.389708
0.0105989
-0.168299
0.279706
-0.0271751
0.0596775
-0.0266293
-0.00439772
0.0310271
-0.0856279
0.00394741
0.00938748
-0.0243643
0.0186635
-0.244618
0.350795
0.0969486
-0.0482837
-0.0120196
0.203843
0.10969
-0.725578
-0.0288135
-0.0421507
0.0709643
-0.0488469
0.0359282
-0.00860323
0.0205566
-0.0207752
0.0169659
0.0043228
0.0228851
0.0265846
-0.0438085
0.0163014
0.0103841
-0.0254559
-0.0498568
0.0721756
-0.0512272
-0.0209485
-0.00804205
-0.0295981
0.0234349
-0.171989
0.438902
0.0991749
0.013938
0.0170266
0.0109147
-0.343004
-0.00494579
0.341622
-0.207796
0.343653
-0.902648
0.0386907
0.0237909
1.6519
-2.07389
-0.21423
-0.0246867
-1.16462
0.593754
0.0239883
-0.0367209
0.0127326
-0.046734
0.0362338
0.048394
-0.064205
-0.0304686
0.0119385
-0.00336314
0.0102976
-4.05117
1.44268
-0.00790844
-0.0282871
0.0666807
0.0461837
-0.112864
0.0610142
0.049124
-0.0847341
0.0376171
-0.0294212
0.286959
-0.0399094
-0.0447871
0.0295497
-0.0325775
0.00302777
-0.0135689
0.0134857
-0.0108871
-0.0244649
0.0315783
-0.00993373
-0.0193166
-0.0303599
-0.0181965
0.523365
-3.4179
-0.35257
0.572321
1.62376
-0.783935
0.0135879
0.0118475
0.178412
-0.0437566
0.11119
0.0997318
-0.288796
-0.0181216
-0.112583
2.30086
1.08347
-2.22049
0.0718076
-0.0152402
-0.199249
-0.0155225
0.161998
-0.131608
-0.783695
1.17417
-0.0064486
0.0468595
-0.0174464
0.0267799
-0.0277929
0.00420802
-0.0325205
0.0636024
-0.0260175
0.023612
-0.0126758
-3.34337
-0.0285378
0.0313151
-0.00277729
-0.0299228
-0.0738171
0.0331395
0.0318913
-0.0191192
0.0156359
-0.0893344
-0.0231875
-0.108415
0.0560529
0.0523619
-0.0200674
0.0202644
-0.00875064
-0.0538097
0.76554
0.0268858
-0.0147257
0.0264112
-0.0210938
-0.0441646
0.0969653
-0.0161301
0.0255567
-0.0303255
0.256674
0.785676
0.400352
-0.985656
-0.0254568
0.023728
-3.69146
-0.0413122
-0.029603
-0.052313
0.0265359
-0.0171685
-0.22751
-0.0308639
0.0832872
-0.0524232
0.132065
0.0250381
0.00585876
-0.495917
-5.43328e-05
-0.254397
-4.27443
3.47367
0.0566012
-0.0324896
0.305022
-0.352618
0.130106
0.0379778
-0.461896
-0.0800345
0.54193
0.0384183
-0.0307938
0.0474442
-0.40226
1.02512
-0.622863
0.424605
0.00700239
1.08446
-0.8898
-0.194657
0.289238
6.86139e-05
0.0723758
-0.0235572
-0.0488185
0.0872057
-1.49144
5.15128
-0.0333
0.0176801
0.0156199
-0.0175822
0.0116882
0.457044
-0.291399
-0.07168
-0.128941
-0.408652
1.50187
-1.09321
0.0231921
-0.0201913
-0.00300083
-0.0196678
-0.0193603
-0.0252895
-0.0173645
-0.0529404
0.027197
0.0257434
-0.401965
0.0121023
0.389863
-0.277889
0.00507266
-0.0047726
-0.0164174
-1.15733
2.47227
-1.31494
-0.229592
0.264475
-0.624435
1.28302
-0.65858
0.0598752
-0.0366349
0.490519
-0.0463873
-0.0200755
0.00466532
0.0199657
-0.039683
-0.000314631
0.310694
-0.310379
0.0283478
0.077799
0.0478355
-0.0218368
-0.0912532
-0.0985122
-0.283561
0.0230679
-0.0206725
0.544983
-0.360178
-0.0478297
0.0129579
-0.88626
-0.0917958
-0.125791
0.269568
-0.143777
2.51017
-0.0170395
-0.0264301
0.0701916
0.096153
-0.107957
-0.0843113
0.0355821
-0.158373
0.077143
1.9809
-2.41972
0.0245112
0.0552811
-0.0797923
-0.0255579
0.0294597
-0.068746
0.140236
-0.0714896
0.00224654
0.00503668
0.661575
-0.549703
-0.111872
0.0251403
3.77467
4.31686
-1.74866
-2.5682
-0.0288057
-0.0227738
-0.0184334
0.0730365
-0.0493231
-0.0133806
0.0236782
-0.00847689
0.0705577
0.0470711
-0.0620431
-0.0202454
0.00375481
0.0170356
0.0152472
0.00621664
-0.00556188
0.145735
-0.0150631
0.290836
3.13736
-3.42819
0.484622
0.483927
0.00616089
0.0596614
-0.0445843
0.0866405
-0.0777538
-1.23465
0.756937
-1.99213
0.0411645
0.0391897
-0.0103175
0.0325293
-0.0681339
0.0430891
-0.0260688
0.754143
-0.224372
0.0335891
-0.507398
0.573167
-0.0657687
0.057083
-0.011315
-0.045768
-0.0503626
0.0718341
-0.0258475
-0.0293993
-0.00495052
-0.012375
0.0304671
-0.018092
-0.0565211
-0.0144309
0.028566
-0.0208608
0.0066848
-0.0197582
0.0253604
-0.0233783
0.0118943
-0.0263871
-0.010599
-0.271965
0.355419
-0.391828
1.8681
-3.97965
-0.00825942
0.0270992
-0.584
0.0708764
-0.0117643
0.0236036
0.0196888
1.68793
0.026641
0.00800171
-0.0346427
0.196075
-1.87933
0.101158
-0.00653088
-0.0946268
0.0105851
1.71573
-1.26841
-0.0110101
0.0232505
0.0245714
0.028857
-0.0394851
-0.0171029
-0.00877064
-0.0323179
-0.00575396
0.0277577
0.0259363
0.00696983
-0.0329061
-0.0266514
0.00940957
0.00468325
0.0172838
0.341679
0.924102
-0.80059
0.093178
-0.12885
-0.0729216
-0.0302781
0.0175698
-0.0818352
0.104772
-0.100881
0.106017
-0.060566
-0.0454514
-0.0891689
-0.128641
0.173785
0.0426739
-0.0365017
-0.00617223
-0.904591
1.62185
-0.717261
0.00988446
-0.00908856
2.55165
1.1158
0.0133679
0.0201521
-3.15828
-0.725421
-2.89652
-0.044718
-0.0278776
0.00821295
0.0178089
-0.0512175
-0.0106545
0.0831083
-3.08426
-0.0609196
0.833413
0.0322157
-0.783688
1.8921
-1.10841
-0.0887559
-0.0395847
-0.00731174
0.567812
-0.239762
0.363681
0.00723536
-0.0165536
0.0712591
-0.126064
0.0666074
0.443052
-0.509659
-0.106256
0.230947
-0.0482711
0.106081
-0.0973221
0.106473
-0.120323
-0.0319217
-0.020176
-0.00647542
0.0113064
-0.0384312
-0.201533
0.424629
-0.223097
-2.97757
1.87073
1.10684
2.19443
-2.87656
-0.0604636
-0.0172901
0.0452545
0.024937
-0.00444393
-0.142756
0.326361
-0.400772
-0.0930116
0.189384
-0.0150114
-0.0451622
-0.00900014
-0.0846253
-0.140389
-0.0200817
0.0430225
0.0650058
-0.277109
1.25224
-0.0352552
0.00275709
-0.0152988
-3.52198
-0.0227407
0.770418
-0.673187
-0.0724459
0.0290678
-0.0144849
0.0338797
0.0367443
0.0413851
0.0330432
0.0393326
-0.0186943
-0.00579679
-0.034963
0.0282956
0.00666741
0.112344
0.0816886
-0.825769
0.0114238
-0.00283074
-0.0160706
0.022687
-0.0115129
-0.0672134
-0.0264339
-0.327025
-0.0196352
0.0203742
0.0226098
-0.911627
0.265888
0.34362
-0.012451
0.0179929
-0.388595
0.358864
-0.0395386
-0.0809224
-0.0779129
0.0191309
0.109292
-0.128423
-0.010569
0.0234387
-0.0149625
0.49083
0.0457885
0.387881
-0.433669
-0.073728
0.805698
0.0134451
-0.090604
0.145262
-0.353071
0.00666456
0.0213602
-0.0280247
0.0399416
-0.329074
-1.87972
4.85532
0.0362368
-0.0175829
0.155004
-0.0339012
-0.0857645
0.0241998
-0.0126051
-0.021103
0.0132746
-0.0161053
-0.0110235
0.0299711
-1.76255
0.679044
1.0835
-0.0480032
0.861816
-0.497779
0.209056
-0.0240526
0.185914
-0.0555382
-0.00923055
-0.174748
-0.0110875
2.43323
-4.31295
-0.0315042
-0.0471952
5.04431
-1.9575
0.834869
4.10132
-5.33035
2.62942
-4.04673
3.86637
2.78362
2.31024
-2.69745
-2.38626
4.10567
-4.42653
-2.75167
4.98776
-0.56875
4.70134
2.15182
-4.69796
-3.28645
-1.69313
-0.882575
-3.77949
-4.73348
3.56739
2.34976
2.70591
1.35053
1.1359
-0.815163
-0.203474
-0.0283618
-0.0573655
0.120848
-0.775031
-2.64731
3.42234
-0.0135282
-0.183401
0.115473
-0.129069
0.0219299
-0.00903983
-0.361589
0.0518681
-0.0181476
0.0402984
-0.0221508
0.000843673
0.0208721
-0.00295182
-0.0930701
-0.387159
0.607944
-0.502759
0.54587
0.114962
2.12828
-0.642806
-0.527236
-0.54863
1.07587
0.0312261
0.0333043
-0.0208577
-0.108108
-0.123168
0.231276
-0.0378511
-0.11957
-0.628622
1.89116
0.0129985
-0.0188654
0.0465565
-0.0276912
-0.195118
0.357506
0.0253126
0.00939897
-0.0147037
0.0717824
-0.0152502
-0.027326
-0.578463
-0.888379
1.46684
-0.0299044
0.0065361
0.0203387
-0.0111833
-0.537343
1.37834
-0.00510168
-0.0240665
2.41459
-2.85625
0.0196357
-0.00087333
-1.71321
-0.09077
0.0302918
0.858616
-3.12599
-0.419381
-1.37133
1.79071
0.0711824
-0.0159175
0.049596
1.63283
2.11659
1.55354
1.49153
0.497792
0.673632
-1.19411
0.520477
-0.30222
0.0623749
-0.0880835
-0.0376722
0.541555
-0.0048782
-0.536677
-0.0112864
0.850982
-0.689962
0.360278
-0.675746
-3.18247
1.60027
1.5822
-0.0239027
-0.0197454
-0.0793339
0.0180057
0.0264741
0.0173716
-0.0203122
0.0462493
0.0732478
-0.0240309
0.458902
-0.45695
-3.55492
0.0396557
-0.00522875
0.0798265
0.0298506
-0.212876
0.313855
0.0781952
0.0296048
0.0491433
0.0280503
0.0394742
-0.022742
-0.030034
-0.225116
0.477381
0.142547
-1.2118
0.0529966
-0.0646196
-0.507078
0.0102525
0.0747423
0.0220816
-0.0650946
0.129812
0.0276925
-0.032244
-0.220388
0.367295
-0.109529
-0.0172862
0.029288
-0.00474219
0.0202417
0.0246724
0.0197242
0.126559
-0.146283
-0.339627
-0.0476747
0.387301
0.0163212
0.0852772
-0.103782
-0.794326
-1.403
2.19733
0.00886185
-0.0410305
0.0321686
0.00414832
0.365605
-0.056405
-0.0123544
-0.354362
0.569413
-0.00959288
0.0329035
-0.032712
0.0359786
1.84676
1.63844
0.0186155
0.11655
-0.65176
0.195809
-0.0221766
0.034663
0.025368
0.0100612
0.119702
0.783375
3.14719
-0.00616079
0.0838741
-0.954082
0.149191
-0.132766
-0.0572233
0.0491618
-0.00255799
0.0190487
-0.0558252
-0.0564348
1.8967
-2.40369
3.37444
-2.10456
0.0132757
-0.125638
0.110795
0.0920328
0.0131265
0.116505
-0.0340308
-0.0909979
0.12051
-0.921909
0.0119609
-0.127303
-0.149656
0.0375
0.0159115
1.19135
-0.458935
1.01399
-0.55506
0.0370918
-0.0222508
0.0241069
-0.0356249
-0.33753
-1.96189
-3.10133
1.7844
0.00255108
-0.0224214
0.0978774
-3.16894
3.89754
0.108597
-0.0128705
-0.132524
-0.0324299
0.164954
-0.0246187
0.00972449
-0.0526786
0.039455
-0.016849
-0.0302939
-0.16744
-0.0642974
0.231738
0.130235
0.0154918
-0.451122
0.0174736
-0.0086428
-0.0279385
-1.93465
0.808138
0.15823
-0.0271132
0.027563
0.0216952
0.0560057
-0.0266786
-0.131223
-0.00844064
1.3682
-0.0360916
-0.0162488
0.100657
0.143764
-0.169925
1.24128
0.990964
-0.282316
-0.241648
0.000249607
0.0516891
-0.00471454
-0.064209
-0.0443506
-0.128011
-0.914816
0.027701
-0.0115297
-0.0262902
-0.967969
-2.87476
0.0218533
-0.0374276
0.0155742
0.00345216
-0.0241247
0.129776
-0.17635
0.0148086
0.0366759
-0.816168
-0.956466
0.0114274
-1.73928
0.902141
0.0424835
0.0872925
0.0155005
3.31705
-1.86078
0.0241052
-0.0133366
-0.0240945
-0.0446101
-0.378336
-0.0470246
0.42536
-0.174106
-0.0332313
-0.0189691
-0.0342183
-0.313742
0.45767
-0.0645379
0.145065
0.381433
-0.0335947
0.0617891
-0.0374329
0.167668
0.0107003
0.0100983
-0.0202144
-0.000340125
3.36543
-5.00953
-0.0531772
-0.0103754
0.0635525
0.122403
-0.0245254
0.0216821
0.0497472
-0.0122472
-0.0351008
0.0142818
-0.706698
1.13585
-0.329273
0.0479791
-0.0101405
-0.060363
-0.0596262
0.0999604
0.0393998
0.0215051
-0.0126997
-0.99024
0.0335336
-0.0195331
-0.0202427
0.0920575
-0.964838
0.0247751
-0.0136328
2.95363
0.0436515
-0.499822
-1.58188
0.106203
-0.421539
-0.0344036
-0.025116
0.0098148
0.00983704
0.166615
-0.0973513
0.0214308
-0.0161363
0.00322846
-0.0237568
-0.0217259
-0.0169339
0.00919407
-0.0253241
0.0172433
0.0502062
-0.0400759
-0.0536256
0.0300358
0.431603
-0.0863084
-0.0476495
-0.00870446
0.0112185
-0.0213605
-0.0197485
-0.0398777
0.294692
-1.50649
0.0463603
0.00572659
0.0171648
0.0313841
-0.0418441
0.160269
-0.186542
-0.0970227
-0.67885
0.746286
-3.57749
1.86119
2.84049
1.06445
-0.0179457
0.103223
3.8959
-2.04914
0.0131074
1.26449
0.53766
-1.80215
0.321313
-0.0107836
-0.0174782
0.0253927
0.0379065
0.100203
-0.0254603
-2.44196
1.05763
-0.0241604
0.00409156
-0.0335665
-0.0094613
0.0347739
0.0349214
0.016265
-0.0511864
0.109663
-0.0891503
0.0882726
-0.197802
0.0306668
-0.016326
0.973762
0.51777
-0.032222
-0.00545018
3.0535
-1.97756
0.0185592
-0.0348682
-0.0262869
0.0296087
-2.88837
4.43826
0.0490255
-0.261901
0.0868206
-0.0150382
-3.27741
-0.912739
-0.0120513
-0.683945
0.208934
-0.0171267
0.0295297
-0.0165312
-0.0130483
-0.0433865
-0.0165584
-0.0237755
0.140325
-0.0264202
0.0899444
-0.0432711
-0.0230659
-0.0236997
0.0284519
0.050495
-0.10638
0.055885
-0.000777525
-0.0470935
1.62906
-0.0283777
0.253551
-0.0228226
0.00350688
-0.765918
4.41833
1.59169
-1.10786
-0.13788
0.0336593
0.23492
-0.622079
-0.0395676
0.398254
0.00547223
0.101919
-1.12821
1.02629
0.0716198
-1.39788
-0.0603207
0.215324
0.0115152
0.0235149
0.0176211
0.639744
0.156214
3.33727
1.69177
-1.34815
-0.514251
-1.76471
0.0313067
0.0233419
-1.19759
-0.195924
0.261431
-0.0873092
0.0162923
-0.033877
-0.240237
-0.974279
0.429894
-0.0240287
-0.0500591
0.0740877
-0.0638817
0.0165788
-0.0185751
-0.0565265
0.0751015
-2.03851
0.325299
0.0287043
0.0522371
-0.0623776
-0.0575175
0.0344561
0.0230614
0.00682209
0.0407196
0.0599507
-4.14581
2.08049
0.331391
-2.59621
0.999893
0.00378771
-0.668382
0.190353
0.183876
-0.0390408
0.0167712
0.0376617
0.0195839
0.00138091
-3.01108
-0.510908
-2.2137
3.46594
-1.97825
1.05062
-0.0191496
0.00873144
-0.0656137
-0.0412785
0.0120112
-0.016348
-0.0136996
0.0470673
-0.095284
0.00292767
-0.0195472
0.318225
-0.195201
0.0202644
0.670905
0.344859
-1.74156
0.0653458
-0.162668
-0.0570414
-0.0282741
0.0853155
-0.128691
0.0468559
0.137751
-0.377512
0.301399
0.532014
0.653956
-0.480394
0.717615
-0.890879
2.98584
-0.0478554
0.546439
-0.114728
-0.0150095
4.48062
0.00470996
-1.25192
0.112169
-0.0268842
0.00768454
-0.0838604
0.115337
0.0143941
0.461339
-0.154131
-0.0354373
-1.96084
-0.57749
2.53833
0.843231
-0.47992
0.545176
0.100851
-0.00830374
0.0371608
-0.405009
-0.32067
-0.348819
-0.072577
0.177324
-0.104747
-0.0659836
-0.200892
-0.0106439
0.796562
-0.0305045
-0.062136
-0.820229
1.38804
-0.0413683
0.0168084
-0.165755
-0.041759
1.16347
-2.55619
-0.225064
0.242873
0.0352862
-0.0101459
-0.0475165
-0.0301994
0.0264559
-0.552929
-1.08082
0.374121
0.025371
0.0151462
0.0408049
0.15897
0.0193257
0.0927003
0.0111299
0.0268619
0.0286702
1.00029
0.0540007
0.0507711
-0.181714
-0.0458068
-0.494942
0.83662
-0.0948915
0.191933
0.0327435
-0.027252
0.0230578
1.11104
-2.14046
2.74755
0.0254444
-0.0747675
0.0276168
0.0513039
0.0202579
-0.0403334
0.0137083
0.0430903
-0.0471594
0.142395
1.26942
-1.41182
-0.568381
0.0273047
0.0178519
-0.247444
-0.0974099
-0.0154056
-0.543128
1.30867
-0.65727
0.0415395
-0.0919021
-0.647697
1.04805
-0.0211576
-0.0645934
0.085751
0.00165685
-0.111706
-0.658911
-2.11818
0.054556
0.0102342
0.00934996
0.0175763
0.00620113
0.0449975
-0.0511987
-4.47974
5.60289
0.377578
-4.75385
5.26664
-1.77806
4.7471
0.0132787
0.0226431
-0.0479327
-0.000634154
-0.0531756
-0.0275297
0.0125437
-0.0285846
-0.0128464
0.015513
-3.82259
0.017631
-0.0358275
0.0169955
-0.0209842
0.0679174
-0.0237028
-0.00973509
0.0229575
0.0133867
-0.0254721
0.0564151
0.0155611
0.00509712
0.0145234
0.0391189
0.0282914
-0.0153975
-0.0135917
-0.0289672
0.17025
-0.561412
-0.0628933
0.0215811
-0.0533311
-0.18826
0.154487
2.28009
2.16412
-4.44421
0.025142
-0.0547451
-0.0337159
-0.014623
0.717955
-0.0394033
-0.0160058
-0.0420586
0.0110121
-0.0150663
0.0135657
-0.0242892
-0.0703887
1.54021
-2.62317
-0.0929902
2.30832
1.41429
0.0153399
0.0159913
-1.20416
0.0256519
-0.0133124
0.264309
-0.727594
-0.132463
-0.0174589
0.149922
-0.364967
-0.0181512
-0.0431911
-0.0696995
-0.0277137
-0.120157
0.0354225
-0.0190125
-0.0486754
-0.0365676
0.0499196
0.00779828
-0.0577179
0.040789
-0.0378175
-2.02313
4.32497
-0.0617951
0.0375197
-0.0243178
-0.156526
-0.0341839
0.0254716
-0.030893
0.119816
0.109418
-0.026362
0.0325359
-1.71443
3.3039
3.53745
-0.147945
0.112212
-0.356829
-0.0601817
-0.0171802
-0.0238495
0.0367462
-0.00356831
0.0146654
-0.0110717
0.040858
-0.0297863
-0.0607642
0.0132402
0.223926
0.0265805
-0.170145
-0.0077069
0.0349694
0.0292113
-0.0790954
0.0349308
-0.0228646
1.60743
-3.76676
0.0240305
-0.0808409
-0.0355239
-0.178841
-0.000391516
0.0649549
-0.540619
-2.74145
0.044583
-0.0510316
-0.0514075
0.013852
-0.672779
1.84112
1.32508
0.554962
-1.88005
-0.194847
-0.0387562
-0.0600786
0.0313628
-0.0637854
0.0334255
-0.0813601
0.209311
0.0300588
-0.0608937
-0.0899625
-0.136221
0.0566027
0.0114878
0.0491778
-0.0409515
-3.11932
0.438179
0.259766
-0.0374193
0.0267395
-0.0422194
0.0508497
-0.0259137
0.0315225
-0.0238636
-0.015935
0.0306052
0.406368
-1.25871
0.0231734
0.0477728
0.0205932
-2.8527
1.39994
-0.602118
0.142767
-0.0255023
0.0432373
-0.95048
4.44935
0.0144274
0.0145224
0.0203398
-0.031939
0.0166967
-0.0519415
0.0084866
0.0224998
-0.0105902
0.118234
0.110497
0.53547
0.5015
0.289366
-0.0263049
0.0517476
-0.618218
-2.58555
0.644692
0.0537301
-0.0522034
-2.76131
-0.372426
-1.36656
2.48119
-0.00321112
1.83879
-1.24545
-2.50772
0.323906
0.557994
-0.0185695
0.0305535
0.0358932
-0.0225348
0.0341904
0.0230569
-0.192878
-0.584341
0.0128488
-0.0153052
0.0238884
-0.0580654
0.0335742
-0.0206875
0.589423
0.379175
-0.00778525
-0.0139828
0.235666
-0.101035
-0.0180018
0.0327612
0.215486
0.171783
-0.0187471
0.034462
0.0269085
-0.0139202
0.0422952
0.941191
-0.586129
-0.338052
0.328365
0.0364891
-0.0985137
0.0246558
-1.17619
-0.647369
-0.0566971
0.0110816
-0.0330959
0.0113001
0.114458
0.0594605
0.0397819
-0.0300341
-0.0304587
-0.542494
-0.795746
1.0885
0.0342991
0.0265079
0.0330971
0.010325
-0.0300627
-0.261929
-2.70538
-0.0146579
0.0306531
-0.0350622
0.0154739
0.0267407
0.0214401
0.0485633
0.0408186
-0.119592
0.214906
0.075429
0.0209596
0.0136893
-0.0346488
-0.0285693
0.249049
-0.947524
0.0190863
0.161306
0.0977447
4.5278
1.79005
-0.0255285
0.0410415
-0.309909
0.0854976
0.0528257
4.13519
0.115944
-0.0546575
0.0468009
0.0343591
0.0253095
0.0259291
-0.0787243
-0.0137902
-0.0707911
0.0426263
0.000531385
-0.0348284
0.0330578
-0.020899
0.0146206
-0.192448
-0.0160929
-0.154126
-0.0673014
0.104742
1.48424
0.00356108
0.00444215
-0.203749
0.316693
0.0863108
-2.8631
5.02722
0.0421312
-0.109433
0.289177
0.0485806
-0.378222
0.972674
-0.114766
0.250312
0.0342701
-0.0215428
0.0597489
0.134617
-0.461246
0.443169
0.235908
-0.15527
0.458438
0.0286832
0.0904044
0.0342695
-0.0379102
0.016752
0.110123
0.0694727
0.559617
-0.0472667
0.01576
-0.015848
-0.024255
0.0460937
-0.11669
0.235161
0.0649522
0.0837794
-0.0913776
-0.0845513
0.0632321
-0.134357
3.72563
-2.88834
0.0334315
0.0266052
-0.0761691
0.0560947
-0.0227864
0.2087
-0.0196296
-0.0136704
0.256266
0.1496
-0.405865
0.0589813
-0.0173098
-0.269982
0.062603
0.158546
-0.103663
0.0307114
0.0238724
-1.39164
0.532335
0.0193907
0.0724496
-0.102947
0.0385892
-0.260739
1.09804
-0.549037
-0.273182
-0.108996
1.43956
0.541191
-0.0702398
0.00871887
0.947784
-0.0294301
0.169628
0.0732556
-0.0105644
0.0151101
-0.716129
-0.0267085
-0.97908
0.637545
-0.000719262
-0.0320694
0.451058
0.0381986
0.0282176
-0.0911156
0.70592
6.36059e-05
0.0233887
-0.0113377
0.0140567
0.00971052
-0.0309546
0.0152125
0.0244838
0.0175801
0.228827
0.0550931
0.0449527
0.0488767
-0.0507504
-0.00594673
-0.902941
0.0147217
-0.027045
0.0123233
-0.171208
0.220213
0.0374944
0.0341141
0.0130914
0.0128709
1.3441
0.0049241
-0.0523461
-0.04759
0.0488092
0.0584552
-0.107264
-0.621573
0.0279467
0.0199402
-0.0428523
0.301414
-0.330232
0.0688402
0.0468807
0.0565018
0.0700445
0.0251686
0.035469
-0.467417
-0.0106663
-0.297251
0.307917
0.0250155
-0.0417039
0.0166884
-0.00950371
0.0309672
0.0451617
0.0313669
0.0224355
-0.0538024
0.028272
0.0399784
-0.0682504
-2.4428
-0.188025
0.060543
0.0668242
1.54125
-0.0490148
-0.136592
0.0836394
0.509038
-0.942643
0.0108351
-0.00918686
-2.38842
-0.483876
-0.031414
0.0569977
0.0272956
-0.0842933
-0.0365871
0.0178401
0.429435
0.017168
-0.0351698
-1.516
-0.0372249
0.0611133
0.185245
-0.0742067
0.0633195
-0.104091
0.0407711
0.000796828
0.0163685
0.0257759
0.0244601
0.0218484
0.0203704
0.0200765
0.0642403
0.0296692
-0.00827446
-0.0160922
0.031432
1.72225
0.536564
0.027227
0.0243537
0.0285222
0.0282576
0.0374625
0.0336217
-0.0710841
0.0200709
0.0211569
-0.107312
0.0209158
0.00895962
-0.0628158
-0.0691873
0.0326199
0.0123138
0.0128392
0.0182093
0.0174682
0.222253
-0.272334
0.0166033
0.0151483
0.0210905
0.0180416
-0.867064
0.318026
0.00993152
0.026723
-0.0530279
0.0254237
0.0291216
-0.0545452
0.026432
-0.048475
-0.211332
-0.274844
-0.0389586
0.0288336
0.0387315
-2.99372
0.846036
-0.454497
-0.707426
-0.362185
-0.0397799
0.00470925
-0.0345981
-0.00821808
0.0332369
-0.0755845
0.0219415
0.0187645
-0.0407061
0.0342441
0.027936
-1.50087
-0.0179574
0.0365166
-0.046586
0.00653029
0.0388887
-0.0859844
0.0470957
-0.193548
-0.0263392
0.0104042
-0.00186638
0.0219022
-0.0436712
0.0217689
0.0200809
0.0185526
-0.0386335
0.0387301
0.0325733
-0.846741
0.0191598
0.00947321
0.0651482
0.021634
0.0146039
0.00620333
0.2725
-0.0263663
-0.0415481
0.0297087
-2.84584
-0.0325291
0.0298776
0.0764311
-0.0463723
-0.0277305
0.0729342
-0.0452037
-0.00586175
-0.335056
0.76468
-0.251285
-0.0282178
0.0348644
0.0208326
-0.03879
-0.0258888
-2.15871
3.19767
-0.0198309
-0.0264522
-0.0159427
0.0423949
0.0597808
0.0317145
-0.0394214
-4.16494
-0.269918
-0.244211
-0.318612
0.539641
0.272802
0.0898613
0.00651537
0.00475434
0.0171425
0.0198738
-0.00659923
-0.0798227
0.0126837
0.0120503
0.0356127
-0.0186236
-0.278347
0.106337
-0.00162624
0.0108672
-0.0124156
0.0242447
0.0520737
0.0199626
0.0219966
0.31378
-0.214048
0.0197869
0.80395
-0.426897
-0.0108225
-0.00469924
-0.0276178
0.0212492
-0.0126523
0.114428
0.0021459
-0.0075752
-0.0455297
-0.013219
0.0224206
-0.0223072
0.137164
-0.0346765
0.0508796
0.018642
-0.0353965
-0.00950226
-1.72056
-0.0220144
0.114047
-0.000586791
0.0395725
0.155104
0.143359
-0.187116
0.0228677
-0.0470789
-0.0190687
0.0174678
0.0245416
0.0593862
0.0117055
-0.0407018
0.0429047
-0.0282393
4.48234
-0.0257698
0.123983
-0.0525645
-0.0365039
0.00949463
-0.0389158
0.349822
-0.0291628
-0.00580024
0.0284822
-0.0345459
0.00606377
0.0409165
-0.00548495
-0.0354315
-0.0289975
0.0340369
-0.175875
-0.00465038
0.0173516
0.429872
-0.323535
-0.123964
-0.01153
0.0296569
-0.0292047
0.0166096
0.0148224
0.0440616
-0.022065
-0.0225018
0.0185996
-0.046006
-0.582045
-0.033797
0.0280944
0.0267358
0.0387029
0.0170285
0.104859
0.305001
0.113518
-0.142785
-0.0635912
-0.587433
0.0120735
0.0292427
0.00565817
0.0335316
0.00909634
0.0666661
0.0246287
0.00171481
0.0256712
-0.0406005
0.0412922
0.141014
-0.0192562
0.00516915
0.0346949
-0.23573
0.544122
-1.4418
-0.1822
0.0346009
0.00146388
0.0324998
0.126812
0.0978051
0.0579552
0.010254
-0.0527475
0.0556102
-0.677681
-0.0429645
0.189597
0.0208527
-0.0582325
0.175469
0.0528759
0.0618792
0.714551
-0.0575014
0.0296372
0.0160486
0.00822927
0.56298
-0.312084
0.255375
-0.00394758
-0.189692
-0.0243804
0.0200166
-0.0418499
-0.0191734
-0.071319
-0.0753382
0.0216245
-0.0113903
0.0159821
0.037108
-0.0234187
-0.838014
1.00033
-0.162315
0.0647065
0.673099
-0.309817
0.0357594
-0.209315
-0.126483
0.335798
-0.0511373
-0.0422556
-0.0237797
0.00112185
-0.219976
0.0734337
0.0513071
0.0579045
0.0487158
0.118854
0.199514
-0.0848686
0.0327334
0.756761
1.08436
-0.0264915
-0.11034
1.99452
-0.0524739
-0.0364437
0.0705578
-0.0242091
0.00831816
0.0186259
0.0406458
0.208088
0.00856695
0.202956
-0.443771
0.158304
-0.184904
-0.23303
-0.0845035
0.0487842
-1.64643
0.0280629
-0.00563135
-0.0545744
-3.61528
-0.0380459
-0.119795
-0.11159
0.727025
-0.0950166
-1.87115
0.0193235
0.010158
-1.97723
-0.012123
-0.0116688
0.395547
-0.00251069
0.0202663
-2.38189
0.180622
0.0210797
-0.00986124
-0.0441749
-0.0780917
0.0688611
-0.0360324
0.0309055
0.053002
-1.65523
0.0083592
-0.0543771
0.0226401
0.108276
2.21718
2.10779
0.0769999
-0.0489496
-0.0522029
0.0200526
-0.220763
0.157176
-0.00970972
-0.147473
-0.47316
-0.829852
0.0320109
0.0141132
-0.0176063
-0.213025
0.0614075
0.0456151
-3.7875
0.0556229
0.00866891
-0.0473077
0.0469771
-0.174988
-0.0591969
4.50701
0.111179
-2.3422
-1.01604
-0.0303278
0.00933293
0.00934302
0.225344
0.0176276
0.0171016
0.064723
-0.0802242
3.01922
-0.834943
-2.18427
2.80194
1.10048
-3.90242
0.00623964
0.00921906
-0.00732397
0.0173476
0.0745933
0.0704717
2.8949
2.40474
0.114467
-0.203043
0.0885758
0.240051
-0.0215335
-0.111056
5.04493
-0.0180275
0.0580801
-0.0246286
0.020929
0.00641647
-0.0195271
-0.0955953
0.0688001
0.0267952
1.23496
-0.0150012
-0.0302601
0.028798
0.121235
-0.0114609
-0.104423
0.0189973
0.0202555
-0.0342258
0.013858
-0.0420974
-0.0098752
1.55845
0.913817
-1.26598
0.0207006
-0.0251988
0.0694611
-0.0669989
0.0223969
0.0100388
0.00806736
0.010717
-0.0194388
0.0123452
-0.0485316
2.06185
-0.031251
-0.0114862
0.0291894
-0.0144472
0.0226545
-0.0127974
-0.0098571
4.79446
-2.34669
-0.0345131
-0.0218746
-0.984057
-0.0601211
-0.0557432
0.00134021
0.0218805
-0.00956725
0.0170254
-0.0183015
-0.00896179
-0.00237909
0.70597
0.00308437
-0.0403889
-0.213611
-0.923719
1.13733
0.0154477
0.00952822
0.912392
0.0466009
0.0443239
0.0198499
0.0553277
-0.0400804
-0.014884
0.0489894
0.0218726
-0.00758875
-0.0748985
-0.00216764
-0.00448555
-0.0224438
0.0381063
-0.000398422
-0.0185656
0.311235
0.00949774
-0.01705
-0.00654183
0.0189659
-0.00845755
-0.0152694
-1.23907
0.035733
-0.0795258
0.0498884
0.025627
-0.0357885
0.018484
-0.0201103
0.0172949
0.00505817
-0.0749195
-0.0112053
1.56131
1.28407
-0.0140531
0.0202954
-0.0464747
0.0219131
-0.0104826
0.0351929
-0.0161994
-0.0267175
0.0186139
-0.0215886
-0.956296
-0.0727361
-0.0169363
-0.0141196
0.0136427
0.0125276
-0.013185
0.0268506
-0.0230325
-0.0217502
-0.0166203
-0.0290862
0.0264502
-1.82492
0.0672399
-0.0119122
-0.0234879
-0.408661
0.00491544
-2.83402
0.0303839
0.00791585
-0.0248454
0.0287307
0.319701
-4.54641
-0.00900909
-0.205761
3.06475
-2.85898
-1.03341
-0.346528
-0.0367601
0.0628891
-1.97663
-1.17856
1.78208
-1.1568
0.855358
1.74758
-0.00589397
0.0257988
-0.0258848
0.0236919
-0.0136883
-0.0266895
0.0124281
0.0141519
-0.0268761
-0.0308395
0.0158421
-0.0713178
0.0269859
-0.0454211
0.0387685
0.0378782
-0.0219121
-0.00946667
-0.364806
-0.115191
0.282712
0.0188606
0.0626344
-0.116483
0.0426396
-0.361081
-0.00556096
0.0311894
0.120937
-0.0112747
-0.0388055
0.50159
0.0539663
0.00961507
-0.112758
0.24624
0.0409516
0.000830593
3.89557
-0.0912542
0.188254
-0.0231025
0.0690632
-0.427953
0.722572
0.0277444
-0.0894281
-0.0205223
0.0354577
-0.0219792
-0.0253923
0.0416762
-0.0249451
0.0136286
-0.0148555
-0.0258506
0.149513
-0.0716743
-0.0387885
0.0216838
-0.027613
-0.0477548
-0.014128
0.0260889
0.292597
-0.192637
-0.0717748
-0.0936917
0.0225483
0.0103429
-0.0155079
0.00416253
-0.0218706
0.0177664
0.000935131
0.0131461
0.0909722
0.0969502
0.0111272
-0.0186571
1.24231
1.76035
0.0226981
-0.0233947
-0.0133786
0.0530591
0.00995893
0.0241863
0.00474882
0.163583
-0.100887
0.0250527
-0.0409472
-0.0206585
-0.278002
0.432818
0.0152982
0.0455524
-0.0949448
0.150781
-0.0381145
0.018694
-0.0723711
0.125846
-0.0431688
0.0316546
-0.0399807
-0.360424
0.565082
-0.0265345
0.00428622
-0.932772
0.0855604
-0.103326
-0.0277917
0.0238404
0.072259
0.0774274
0.049063
-0.1851
-0.0169315
3.60414
-0.584924
0.00850769
-0.0209587
0.020297
-0.00503396
-0.269322
0.0449049
-0.0250998
0.00632224
-0.0163189
-0.911614
0.198506
-0.00610836
2.9316
0.0283839
-0.015426
-0.0377013
-0.0183143
0.00261884
-4.43619
2.0961
0.104617
0.0840279
-0.095307
0.00946823
0.0371166
1.9225
2.8246
-0.118853
2.22541
1.91263
-0.00705283
0.0473285
-0.0652122
0.0104952
0.0136233
-0.0363593
0.00990706
-0.00541103
0.0214597
-4.25076
0.0190607
0.0167294
-0.710025
-0.168294
0.0718666
-0.0917567
-0.0270757
0.0464178
1.52664
-0.347366
0.138051
0.00595213
-0.0151055
0.0279003
-0.00508175
0.0226515
0.0538125
-0.236984
0.249359
0.0224024
0.012469
-0.0131344
0.021746
0.521639
0.0233679
-0.0333713
-0.0540411
3.94116
0.0464946
-0.0609535
-0.0232801
0.0613513
-0.0819051
0.0105197
0.0130309
-1.83543
0.0410633
-0.0545702
-0.00723293
-0.820315
1.735
1.46626
0.675982
0.0950919
-0.0089875
0.0638071
-0.0795728
-0.0461146
0.0337071
-0.0334808
-0.00379121
2.69749
1.89587
0.289142
0.00361484
0.0277003
3.29668
1.54569
-0.0177393
0.0327673
-4.42038
2.25169
2.16869
1.45886
-0.0102735
0.0316033
-0.0422551
0.260225
0.474893
-0.468101
-0.0224782
0.00620406
-0.0440688
0.380538
-0.0231519
0.00470009
-0.0276221
-0.0168693
-0.0362354
0.0961899
0.0359004
0.00945666
-0.229533
0.0192026
-0.0243796
0.0272018
-0.0561993
-0.0764454
-0.213334
0.28978
0.0314539
0.0856978
-0.0616103
0.219183
0.0184904
0.154732
-0.201223
-0.0274639
0.0172753
0.0250993
0.0306514
0.221709
0.251866
-0.0250037
-0.443948
0.0210223
-0.0140039
1.37296
-0.0197298
0.0281554
-0.0202715
-0.195308
0.131574
0.0637346
-0.0111302
-0.0146017
-0.206161
0.0217861
-0.0114432
-0.0211071
-0.000943132
-0.0326249
0.0125368
0.0259732
-0.485068
1.26636
-1.37235
-0.0104881
0.0995633
-0.0433598
-0.0192184
0.0134118
0.0182549
0.00899437
-0.021464
0.00797924
0.264346
1.22668
1.62113
-3.65325
0.0302826
0.0220908
-0.0523733
-0.019024
0.0209035
0.02181
0.00387506
-0.0961304
0.026508
0.0188248
-0.0205248
0.0100031
0.0218364
-3.1941
0.373852
-2.94393
3.94539
-0.021141
-0.0587534
-2.15344
4.07594
-0.0344624
-0.0182162
-0.0165391
-0.00493304
-3.05799
-1.89016
-2.23263
4.15268
-2.24435
3.93737
-0.0131044
0.0228149
2.81229
-1.73385
-0.00535146
2.74142
0.0454644
-0.00806702
-1.16032
-2.60644
-0.0304414
0.021194
0.193714
0.167454
4.68618
-1.76399
-0.0224584
0.845975
-0.560257
0.0235632
2.05026
0.765139
0.0216443
3.85134
-0.029691
0.0103745
-0.0554117
-0.0730845
-0.0051954
-0.00863414
-0.381716
0.339021
0.051926
1.45104
-4.16309
-0.758774
-2.06556
-2.69967
0.916603
-0.545383
-0.664315
1.5257
2.49641
-2.12
0.445492
-0.374337
-0.0258101
0.0148259
-0.586003
1.0284
0.0240336
0.0308495
-1.70672
-0.175314
-0.999263
1.83094
1.5435
0.011524
-0.0264919
-0.0211194
-0.295199
-0.846657
-0.0295873
0.0896615
0.0562237
0.425728
0.0125103
0.0108501
0.42529
-0.222292
0.00506206
-0.730274
0.281497
-0.110775
0.205475
-0.112957
-0.0324218
0.0225225
0.149473
0.0170304
-3.08083
-0.0486839
-0.0158985
-0.030064
0.00150384
0.0863329
-0.299746
-3.77337
-0.815164
-0.267163
0.486936
0.22988
-0.732973
-0.65416
0.0111614
0.0130717
0.000214969
0.0805245
0.740862
-0.0185233
-0.0940709
0.0551044
0.0389666
0.00694669
0.0129824
-0.0649059
0.561106
1.14343
0.0525734
0.0413188
0.021628
0.367368
0.0256155
0.0203403
-2.47763
3.89192
-0.254153
-0.0406894
0.0619049
-0.381635
0.253211
0.128424
-0.0201168
0.00689423
0.016948
0.0337666
-0.0313092
-0.00245745
-2.42471
1.10977
-0.0319646
-0.0621063
-0.0102825
-0.147896
-0.0275231
0.00824718
1.64595
-1.0827
-1.50772
-2.80523
-2.77484
-0.038532
3.88961
-2.31803
-0.0999717
0.00688771
0.963126
3.4552
-0.0228262
0.03024
1.30872
0.0652441
-0.0427186
-1.69885
0.296074
-0.192871
0.0635248
0.0649269
-0.31458
-0.00528063
0.0121114
-0.140261
0.0344268
-0.101895
-0.105043
-0.0205278
2.78875
-2.38209
0.0325155
-0.172468
0.318598
-0.19483
0.19287
-0.101832
-1.25571
-0.169925
-0.134885
0.0633958
-3.75661
5.29186
0.0152468
-0.0388189
-0.0402937
0.0180908
-1.23031
1.78129
-0.0123283
0.0119888
0.00909833
0.0269453
-0.0396163
-0.0074014
-0.0217645
0.0198833
2.2032
0.0139813
0.0599157
0.0437509
1.21436
-0.0585985
0.00973526
0.110429
0.0239799
0.0088982
0.335946
-0.375046
-0.920896
0.0200145
1.11057
-0.0372656
0.0998582
2.18375
-0.276924
-0.0202686
0.0104593
0.106767
0.184854
-0.0974046
1.59785
-0.879222
0.00356612
-0.0248111
0.857798
-0.496768
0.824633
0.973336
-0.0168782
-0.661583
-0.0486996
-2.2578
0.0648545
0.0104461
0.496555
-0.0112837
-0.0507594
0.50221
0.00495399
0.0143719
0.0198836
-0.00151316
1.26932
0.152564
0.241906
-0.0212758
-0.0870121
0.0405115
0.0465006
0.0952915
0.00936903
-0.0256516
-0.032663
0.0137764
-0.059419
0.034308
-0.0118052
0.0127529
0.085404
-2.8432
0.0283455
0.0484178
-0.376644
-0.0162318
-0.00723138
-0.0134065
0.0274275
0.740252
0.0484333
-0.0275298
-0.0216042
-0.00642182
-0.00952338
3.27255
-1.81689
-0.0188627
-0.0238769
-0.0186937
1.20476
-0.0172432
-0.363099
-3.40568
2.72249
0.341756
0.012789
0.00990916
0.620185
-0.313669
-0.0225417
-0.0149664
-0.0149397
0.0271786
0.0155492
-0.309266
-0.044174
-3.00631
0.451632
0.0348799
0.138182
-3.65862
0.632281
0.0135734
0.0170845
-0.0204846
-0.025563
0.000745334
2.30992
-0.0464245
-0.959306
0.0134036
-3.99589
-0.00750736
-0.0183815
0.0475536
0.0245312
-0.00912173
0.015915
0.0262442
0.0162491
-0.210536
-1.90946
-1.49163
-0.00386964
-1.12299
0.0232454
-0.030417
-0.155814
-0.0185517
-0.909467
-0.0132302
0.223576
-0.0442984
0.0152917
0.253804
-0.0367643
0.0357493
0.0100535
-0.0522042
0.0537767
-0.131095
0.117302
0.0321841
-0.0216362
0.0117097
0.0114385
0.0323369
-0.0212526
-0.0196011
0.0302171
0.0157788
-0.0808422
0.0402538
0.0148223
-2.16033
-0.00941892
0.0211276
-0.0209405
-0.315621
0.275606
0.0111084
0.00738201
-0.0167373
-0.0364454
-0.0253238
-0.229071
0.0262714
0.461706
-0.0259546
0.0199154
0.12041
0.043805
-0.0533756
-0.0744835
0.0575828
0.0173388
-0.0153332
-0.11309
-0.0590571
-0.0092891
-0.0202168
1.72716
0.0113283
-0.00715874
0.0467264
0.0204878
-0.0115896
0.559977
0.406036
-0.765967
-0.0209535
-0.00524256
-0.00712632
-0.0389711
0.0176959
0.0180626
-0.017999
0.00923428
-1.77904
-0.00669388
0.0093908
0.53648
0.0429497
-0.0231415
0.0365804
0.0513789
-0.0243506
-0.0270283
0.0294851
2.29333
-0.968766
-0.0181715
-0.00839694
-2.36376
3.07831
0.0117277
-0.871057
-0.0267002
-0.0361118
-2.66228
0.0209646
0.0412647
0.0506499
0.846658
-0.333754
0.00373676
0.0239221
-0.0104802
0.0299104
-0.213535
0.128748
-0.0563127
-0.00480203
0.0180041
0.0133172
-0.0282682
-0.0497514
-0.00941077
-0.0165633
1.10724
1.7512
1.56585
-0.0231618
-0.0245888
0.0181134
0.0137367
-0.0619095
-0.0262621
0.00744059
-0.0221099
3.22267
0.0451109
0.0296965
-0.0178366
0.400825
-0.0549599
-1.76508
0.38691
-0.0196087
-0.00365861
-0.0142449
-0.0187098
0.0211534
0.0210707
-0.0261706
-0.00566371
0.0446542
-0.0251284
0.0109815
-0.110367
0.0208812
0.0249707
0.0303255
-0.0613149
-1.55337
0.00860123
0.00917479
0.0317722
-0.13006
-0.659543
0.0944812
-0.0888454
0.00839744
0.0330643
-0.022857
-0.0167778
0.0623403
-0.0148563
3.58678
0.0471745
-0.0560363
0.0336684
-0.0505885
0.171965
-0.0937812
0.0215999
-0.02921
0.0126516
0.0191401
0.0217311
-0.0298765
0.180976
-0.0051504
0.912727
0.00925318
-0.052512
-0.0154784
-0.00403644
0.0280087
0.0160663
0.0103448
-0.00457085
-0.00657311
-0.0197141
-0.151966
-0.484907
0.00472267
0.030099
0.0034507
-0.0159859
-0.0622534
0.501169
-0.168367
0.421918
0.822026
0.0245422
0.288597
0.152894
0.0350948
0.016253
0.725737
-0.0874206
-0.00835149
0.0957721
0.59898
-0.106224
1.05973
0.000513844
-0.0237332
-1.21016
1.72409
-0.00629627
0.95945
-0.114393
-0.267899
-0.0367978
-0.0119841
0.0426077
0.0295293
0.213344
-0.00448558
-0.511128
0.244258
0.0981294
-0.0505445
0.0205585
0.0290485
0.0222554
0.316015
-0.810957
-0.0193389
0.0382207
0.0351325
-0.0471093
-0.0276923
-0.0840141
-0.0106768
0.0206938
0.951066
-0.0235473
-0.0196215
-0.0259184
0.0290941
-0.00777137
-0.597077
0.301166
-0.11069
-0.04697
0.0506318
-1.08761
-0.00881032
-0.0154067
0.0154997
0.0758164
-0.0419576
0.0160068
0.0101058
-3.57427
2.55144
-0.00337856
0.089852
0.0725619
0.0879351
-0.0584398
-0.0120902
1.42539
0.017566
-0.022081
0.0536435
0.0916184
-0.024499
0.0508925
-4.07486
1.77497
2.29989
0.115275
-0.0329879
-0.0461075
0.290304
0.215735
0.100528
-0.573511
-0.0230153
-0.0314308
-0.0749492
0.00901749
0.122133
0.0208717
-0.0337396
-0.0119074
-0.029371
-0.0126581
0.0748365
-0.0057746
-0.0633085
-0.0370015
-0.942181
-0.037106
-0.0139255
-0.0200101
-0.0214844
-0.489973
-0.0141309
-0.103607
-0.0152033
-0.0103787
0.0324002
0.0044183
-0.017378
-0.0114565
0.0264722
-0.0150644
-0.00931216
0.00784393
-0.316433
-0.55063
0.192316
-0.747376
1.81542
0.0167227
-0.0528883
-0.0127448
-0.0168154
4.48679
0.292958
-1.73802
-0.00521533
-0.0159867
0.0221999
0.0268694
0.0245094
-1.53869
0.170891
-0.113413
0.0990114
-0.0708505
-0.0595366
-0.202365
0.0080265
0.0184602
-4.51105
0.0455348
-0.0302188
-0.0141624
0.100028
-0.046104
-0.0539236
-0.0176035
-0.0183675
4.14912
0.00962753
0.0188785
0.0460797
0.0352958
0.0187398
-0.0193118
-0.0633091
-0.212701
0.45185
-0.566085
-0.445438
0.807398
-0.089208
0.0358769
-0.395088
-0.685731
0.0312412
0.0281352
0.0126966
-0.0819647
0.0701496
0.0260492
-0.0215938
0.019057
-0.0301889
0.0459489
-0.140704
-0.061542
-0.0499012
0.0200897
0.0158274
-0.0415055
-1.72315
3.10238
-0.0989182
0.428795
0.0217875
0.019254
-1.74661
0.00694858
0.0495741
-0.420596
-0.0626609
0.0735885
0.169682
0.119495
0.0274301
0.0157999
2.30305
4.3332
0.0150916
-0.0285034
0.0161662
0.0217431
0.00831244
0.0130548
-0.0780711
-0.0167841
0.00614299
0.222926
-0.0598788
0.135308
0.0102087
3.99838
-0.0193764
0.811734
-0.27972
-0.0255777
-0.0780856
-0.026643
0.0101118
5.01549
0.00416932
0.017088
-0.00939518
-0.0167518
-0.0363129
-0.0666337
-0.183712
0.0534771
-0.0132039
-0.0281644
0.691658
0.406378
0.0599042
0.335158
-0.395062
-0.00208332
-0.0234797
0.0126889
-0.436326
-0.0249195
0.128797
-3.76165
-0.0210279
-0.0230276
0.162939
-0.0536259
-0.496262
-0.198628
1.45972
-1.1431
0.0207788
-0.0232887
-0.0565156
-0.0258754
0.0489366
0.00921162
-0.0308696
0.382214
0.00863048
0.0321745
-0.124301
0.287302
-0.315452
-3.46867
0.0599479
-0.213019
-0.0173564
-0.011916
0.0472804
0.0505955
0.0214535
0.0956308
0.0359633
-0.237972
-0.0185279
-0.0324631
0.0168445
-0.0654773
-0.0166153
-0.0250829
0.321761
0.0751484
0.0205107
-0.0114932
0.0394634
0.00403964
-0.00437098
0.0392563
0.131621
0.0164308
-0.211481
0.0231601
2.33054
-0.266494
0.0931532
-0.0572434
-4.5403
-0.475667
0.0858825
0.00422396
-0.0549834
-0.0147601
-0.0323169
0.0580603
0.226355
-1.36177
4.21819
-0.0210632
0.00943415
0.505955
0.0131635
0.211708
0.0388996
-0.0169242
-0.0208494
0.0377737
0.360019
-0.2547
0.0530198
0.0957318
0.00770027
-0.0473749
4.55176
0.179855
0.0846728
-0.0219712
1.81716
0.0322202
-0.0236766
0.224256
-0.0147
-0.033775
-0.0208793
-0.0403693
0.0383025
0.19853
-0.0723516
0.0211244
3.25913
0.0393727
-0.0467841
-0.0172274
0.0295555
-0.63236
0.0496075
-0.0283018
2.75653
0.0185775
-0.0289202
-0.553204
0.014343
-0.023993
0.318318
-0.327141
-3.086
0.872299
0.00650207
-0.0188013
-0.0139798
0.0466083
0.00630661
0.0308542
-0.0452992
0.162079
-0.852041
-0.0304231
0.727505
-0.0234915
0.0360991
-2.54031
0.228765
-0.199236
0.0208202
0.50899
0.0279143
0.0699331
0.123397
-0.0517011
0.105702
0.0145834
-0.0114322
0.0364156
0.00438672
-0.342166
0.016164
-0.0182371
-0.0566579
0.0108899
-0.0511043
0.0435981
-0.000232441
1.47693
-0.00677009
-1.42758
-0.108992
0.0247502
-0.012763
-0.0883963
-0.0208055
-1.35399
-0.018637
-0.0379756
-0.0202178
-0.123548
0.0202777
0.00855478
-0.0703958
0.0303153
0.0213767
0.0157917
-0.0238863
-0.145887
-0.0434046
-0.0363914
0.0397975
-0.115136
0.00385865
0.0789433
-0.065244
-0.0170555
0.0158467
0.0297503
-0.00659021
-0.0468057
-0.0495168
-0.0827013
0.0234325
-0.0178175
-0.0185864
0.30817
-0.866055
-0.47073
-0.0107415
2.62445
-1.62455
-0.0257046
0.0223158
0.0159868
0.0234925
-0.00707028
0.167359
-0.118296
-0.0177753
0.0160978
-0.0354368
0.0416845
-0.0429
0.0613078
-0.0382464
-0.0159991
-1.58392
2.69076
-2.93307
0.814896
-0.0984489
1.4675
-2.76914
3.87993
-0.0216736
0.0173217
-0.0383681
-1.59238
-2.57071
-0.0156585
-0.0472348
-1.40027
2.80021
-0.244435
-0.0959664
0.151394
0.242938
1.07083
-0.0113412
0.0199733
0.00519349
-0.0573969
-3.65794
-0.122948
0.0122579
-0.0842293
0.1036
-0.0498287
2.59397
1.61058
-0.0307859
-0.0893707
-0.00389969
-0.142731
-0.00848432
0.0156204
-0.0618443
0.0228837
0.890434
-0.63376
-0.223088
0.00403286
-2.51309
-0.536874
0.0228268
0.0265524
0.00772878
0.0260971
-0.0150754
0.0171966
-0.107198
0.0850862
0.202228
0.0617555
-0.0965685
-0.0494616
-0.0281306
-0.0069051
0.0613986
-0.0819377
-0.0227787
-0.0381151
0.0100112
-0.282124
-0.608755
4.11728
0.0172847
-0.0320329
0.0228941
-0.0387303
2.68949
0.0683333
0.351394
-0.0365694
-0.314824
-0.0247124
-0.0267355
0.0305755
0.583049
0.0438766
0.00445186
-0.0470275
-0.46642
-0.0244338
0.0496931
-0.0722905
-3.13131
0.983665
0.16098
-0.0156455
-0.0520266
0.405177
0.670689
0.0179808
0.0136955
0.119734
-0.054721
-0.0650132
0.158768
0.0141794
-0.138301
0.1064
0.633852
-0.066292
-0.0503898
0.00923066
-0.0310124
0.0188857
0.0050542
-0.150194
-0.00792975
-0.274646
-1.74444
-0.101522
0.152329
0.0126247
-0.0154284
0.222328
-0.0274104
0.0877867
-0.624463
-0.052677
-0.0395215
0.0373217
-0.0166433
-0.0191842
0.616228
0.177158
0.132774
0.0481363
0.144931
-0.0181225
-0.0240506
-0.0333594
-0.252354
0.0381239
-0.357154
-0.0105413
0.0156283
-0.0265293
0.0845389
0.0198024
-0.0129944
0.0731502
-0.0260545
0.043353
0.00479386
-0.186063
0.0225149
0.261267
0.00700555
-0.0111547
1.05609
-2.83514
-0.111365
0.033279
-0.0915622
-0.0720598
0.0511113
-0.0144048
0.0532581
-0.0696511
0.0152509
-0.0177758
-0.0862052
0.00586765
1.17767
0.71119
-0.017056
-1.4486
-0.0129473
0.0215283
0.0120459
-0.00959487
-0.00400744
0.0192268
-0.011498
-0.037751
-0.0396623
-2.70255
4.54064
-2.28895
0.402705
0.0233441
-0.00896519
-0.00781626
-0.0167692
0.026207
-2.15351
-2.60033
0.00484565
0.0205763
0.0122138
0.187254
3.05934
0.0908497
0.007801
0.0134841
-0.028297
-0.00241853
-0.0210529
-0.00704854
-0.0081701
0.0013051
0.00627395
-0.139334
0.850786
0.0381476
-0.0225734
-0.0279858
0.0177289
0.0236894
-0.0581055
-0.0172431
-0.00683329
-0.331103
0.0282897
0.0422681
-0.169735
0.0629326
-0.110926
0.0141177
0.0222316
0.000943558
0.0135315
0.00310526
-0.0102748
-0.053706
0.0414588
0.0189264
0.00904574
0.0324678
2.2149
-4.51451
2.29961
-2.69586
0.0279903
-0.00565095
-0.00418986
-0.0165293
-0.539623
-0.969513
1.48728
0.0144253
0.00960184
-0.0240272
-0.260833
0.490311
-0.0559225
0.137474
0.0308668
0.0459116
-0.0198365
0.0200017
0.132171
0.0310735
-0.359098
0.0181378
-0.109902
-0.0053275
-1.05497
-0.0932868
0.23114
-0.418633
0.0284429
0.0174355
-1.44117
0.0930208
-3.87551
0.0242803
0.0521508
0.0232006
-0.0457004
2.50731
0.00122374
-0.0535008
-0.0730295
0.00183574
0.0145563
0.00184211
0.56609
-0.0362944
0.021226
0.0150684
-0.691805
0.0173512
0.00192072
-2.52395
1.21729
1.30666
0.0301366
-0.0272184
0.016837
0.387098
0.0611998
-0.0534202
-3.24225
-1.00495
1.43753
-0.0227577
-0.0555679
2.49508
-0.00616087
-1.91183
-0.586845
-0.0340397
0.136131
-0.0892749
0.0198761
0.024725
-0.0348698
-0.00258551
0.349296
-0.262413
2.12605
-4.27956
-0.0161403
0.00804274
-0.025843
0.107448
0.00659941
0.016806
0.0265086
-0.0141127
-0.0306656
0.00150276
-0.0334058
-0.0702737
-0.0380986
-0.128519
0.0243339
-0.0134667
-0.00934131
-0.304778
0.144577
-0.0261357
-0.23446
-0.0404031
-0.0130845
-0.0200956
0.940908
0.075938
0.0593698
-0.0930963
-0.0670834
-2.07372
-0.0979671
-0.0108256
-0.00867164
0.0194972
0.020632
0.0318567
1.23017
0.00833194
0.0194598
-0.245606
0.0482004
-0.0427036
-1.67664
-2.52359
4.20023
-3.1724
-0.0249591
-0.0110732
-0.291936
-0.0283596
0.0314661
-0.058624
0.00850848
0.897356
0.128906
0.106256
0.0101294
-0.538721
0.412433
-0.0255061
-0.0149177
0.0232241
-0.0493043
0.0182547
-0.00698062
0.0255945
0.0109345
-0.0207957
-0.0273733
-0.0230266
-0.0279133
0.015264
0.0119622
0.0109965
0.0199526
0.0133345
-0.00843754
-0.0571407
-0.185077
0.137881
-0.00175018
0.0139035
-0.0142685
0.000350025
0.0815278
-0.00701514
-0.00690842
0.0151403
0.0575074
-2.35369
0.0196549
-0.00249426
0.0194397
-0.011397
0.00878991
-0.201537
-0.0345852
0.236122
0.25534
0.0415762
-0.00491916
-0.0597143
-0.0224454
-0.0101205
1.05116
0.000402187
-3.1132
3.2272
1.11706
0.090139
-0.0163039
0.0199311
0.0870945
2.25896
-0.0222905
-0.00573422
0.010891
-0.0322313
-0.0356239
-0.0205754
-0.0211603
0.00705192
0.619266
0.0303924
-0.0177353
-0.0224446
-1.80632
0.0701228
0.129506
0.0160176
-0.145523
0.00933276
-0.0170615
-0.0219698
0.00592756
0.00672808
-0.0316105
-0.0203908
-0.0389482
0.012186
0.019851
0.25528
-0.21638
0.147132
0.0195348
-0.0231664
-0.0196111
0.0838713
-0.0146315
0.040806
-0.0447612
0.0137996
0.0198289
-0.561714
0.497505
-0.0232542
-0.232044
4.36894
1.86952
0.0108261
0.100007
-0.00630554
-0.0355386
0.012676
0.0141039
0.0146214
-0.0273695
-0.000119398
0.0259544
-0.0144889
0.259188
0.0118264
0.00628546
0.0363083
0.155402
-0.0419749
0.000111326
0.0235684
-0.0162973
-0.348673
-0.118702
-0.00100397
-0.0357456
-0.00860817
0.0443538
-0.104593
0.037959
-0.0956383
0.0236648
4.32647
-0.0203747
0.0265644
-0.0134184
0.0157418
-0.0630656
-0.0180696
-0.0106843
-0.283966
0.0339257
0.0803303
0.0616193
-0.0192425
0.00964766
-0.00186282
-0.345059
-0.100671
0.0811262
2.09467
-0.750572
-0.0377294
0.123307
-0.0134215
0.0110979
0.0200534
-0.0099537
-0.630704
0.271377
0.15054
0.00803677
-0.0217085
-0.0363683
-0.0094866
0.019806
-0.0602808
0.0219893
-1.53595
0.000128058
-0.0255671
3.18231
1.84491
0.0178283
-0.0115428
0.0594422
0.0439886
0.262348
0.0295096
0.0316527
0.0118111
-0.625653
-0.00917494
0.00797937
0.482283
-0.0108821
0.828961
0.64267
0.330004
-0.00706394
-0.252767
2.04272
0.0293165
-0.0158324
-0.0168032
0.0275028
-0.0137104
-2.01633e-05
0.0253577
0.0103032
0.0167778
-0.0185326
1.44632
-1.34084
-0.105484
1.5401
-0.0937784
0.198122
0.454625
-0.0345702
0.021033
-0.17425
0.262135
0.113552
-0.00724242
0.484167
0.019555
-0.0137846
0.0243696
-0.751629
-0.0242465
-0.0387262
0.0242296
0.0130123
0.0184741
-0.016947
-0.0673903
0.01164
0.0119769
0.0182402
-0.127218
0.531496
0.0151955
0.0188304
-0.0585186
0.00775643
-0.313511
0.0192071
-0.0501274
0.0180421
-0.335862
0.00677385
0.0161084
0.00998873
0.00887145
0.0155268
1.155
-0.0174075
0.326713
-0.0381161
0.0163698
-0.666073
-0.034349
-0.0226664
-0.0216854
-0.0434668
-0.0577083
0.0213658
0.00027973
0.0109068
0.026203
0.00649947
-0.0346223
0.00277966
-0.0214895
-0.0378657
0.0624079
-0.000304296
0.0262202
0.0252119
0.0186103
0.0202736
-0.0221423
0.00671389
-0.170098
-2.7902
-0.0351357
0.478305
-0.237677
0.0103536
0.00707714
0.0253722
0.0122255
0.420441
-0.0367684
0.0110892
0.0103704
0.0188511
-0.0120772
-0.0534071
-0.0149838
0.0251658
-0.00486336
-2.71101
-0.0053564
-0.0607245
0.0195375
3.37437
-0.015223
-0.0201252
-0.0159141
-0.00724304
0.0199244
0.1952
0.0246798
-0.130904
0.0104862
0.0370162
-0.0221902
0.013876
0.0198165
-0.0095267
-0.177577
0.0633412
-0.0555435
0.036197
-0.0237468
-0.0183506
0.0678855
0.437415
-0.00379488
0.00781996
0.00597388
-0.0145521
-0.026522
0.0054468
-0.0210774
0.00812926
-0.0600028
0.0180748
-0.0178074
-0.0107469
-0.0103304
0.00392707
-0.0202105
0.0337068
-0.0653174
0.0202415
-0.0489277
0.0140203
-1.88792
0.191409
0.130869
0.0198556
0.0110482
0.00876829
-1.15595
-0.00765113
0.00222247
-0.0221691
-3.05163
0.0902842
0.0105797
-0.038018
-0.00982383
0.0833007
-0.0122895
-0.0158411
-0.546949
-2.58436
0.00659353
0.0191774
-1.35831
0.0655678
-0.040627
0.070112
0.113814
0.0150316
-0.31016
0.00653194
0.0186415
-3.59858
-0.216753
0.0273645
0.0525661
0.0634251
-0.0104931
-0.00129512
0.00781792
-0.0224986
-0.00835251
-0.22136
0.190943
-0.0748982
0.0101835
0.00845799
-0.0420622
0.0353852
-0.00511175
-0.0041749
0.0168142
0.0272086
1.13806
-0.0729147
0.150342
-1.9247
0.0217369
-0.159218
-0.592411
0.0180014
0.00137165
0.0349682
-0.0215563
-1.86463
-0.0149941
0.017554
0.00392951
-0.0971789
0.106766
-0.00610941
-0.0904735
-0.0295184
0.162333
0.00547681
-0.0227776
0.0219548
0.185235
-0.104664
-0.103468
-0.0291659
-0.0217253
0.010848
-0.0213456
0.0062414
0.90781
-0.0398641
0.00605938
0.215256
1.87335
-1.35171
-0.745347
-0.0364946
-0.303734
0.294393
0.0760892
0.0765728
0.0759749
0.0743772
-0.0094223
-0.0265682
-0.0239066
0.0204956
0.0310065
-0.0210598
0.00492349
-1.48925
-0.0111004
-0.108429
-0.0275024
0.277442
-0.228598
-2.35516
1.04717
0.700407
-0.0212923
0.105456
-0.00863409
-0.0197574
-0.0565223
-0.120892
0.0164367
0.0255038
-0.0399597
-0.117379
0.0953782
-0.0249026
-0.17851
3.08459
0.021795
-0.0146509
-0.0146034
-0.834895
0.203923
0.0273019
-0.0140214
0.538835
-0.00726122
-0.145599
-0.0387195
-0.0242451
-0.35486
0.0756216
0.0270175
0.00548231
-0.682397
-0.916808
3.13171
0.0140276
-2.19206
0.0259446
0.521844
-0.00965116
-2.81861
1.90775
-0.0101801
-0.057712
-0.0127677
-0.0770101
-1.97967
-0.0723897
0.0729668
0.0161644
0.0775088
0.61764
0.000400198
0.032712
0.019243
1.1708
-0.764421
0.0777181
0.0122863
0.0138025
0.0381032
-0.0336407
-0.0141452
-1.24276
0.363541
0.0478359
-0.00418441
1.04973
0.00874731
0.671813
0.0280419
0.785747
-0.0184332
-0.196825
0.0138985
1.0743
-4.00729
-0.0228273
-0.0286723
0.0248026
0.0997162
-0.0144061
0.484132
-0.519268
-0.022098
-0.00897629
-0.144524
0.0232881
-0.0941386
-0.0329706
-0.0292149
-0.343031
-0.0304903
0.0882317
-0.0264762
-0.0246156
-0.0266086
-0.19376
-0.0339647
0.00586814
-0.0183177
0.0381018
0.0155603
-0.0107337
0.0158978
-0.184618
-1.51287
0.0128514
0.0247145
0.00639605
0.405001
0.614469
0.0205824
-0.0078192
-2.22048
0.0306577
0.0443047
-0.0196738
-0.0223884
-1.67773
-0.0602916
0.030842
-0.0220138
0.843816
-2.07467
0.0289021
-0.0747504
-0.00787235
0.0192267
0.0566716
-0.0110613
-0.181784
-3.21057
0.00564407
0.093995
-0.19575
-0.0776705
2.11234
-0.00783554
-0.0727552
0.0541688
0.0140182
3.18153
2.01372
0.186263
0.0324897
-0.197717
0.0238595
-0.00966313
0.0213474
-0.708884
1.72786
-0.00730797
-0.0140478
-0.0105137
-0.0251833
0.0173345
0.0190811
-0.0411488
0.0154442
-0.047506
0.0833829
0.0616535
-0.351062
0.00751623
0.00983138
0.4436
-0.0235101
-0.0113872
-0.0226525
0.0363642
0.017407
-1.53861
-0.0155108
0.051193
-0.0203435
0.0123983
0.152813
0.182985
0.0124669
0.0120643
0.0495112
-0.0296534
-0.0218291
-0.070308
-0.0714678
0.0318331
-0.0855015
0.0228406
0.0200381
1.96993
0.0378873
0.0224954
-0.0115911
0.0238166
-1.87173
3.8041
1.14987
2.73006
-0.0257644
0.00712746
-0.0284432
0.324058
-0.213629
-1.5765
0.290452
-1.15047
-0.0119604
0.0145665
0.024278
-0.0406078
-0.308662
-0.0625803
1.10728
-0.0284209
-0.00451189
0.127447
-0.13829
-1.45769
-0.0859002
-0.0262872
-0.0855945
0.183724
-0.0609908
0.0261951
0.0741843
1.66596
1.38855
0.113315
-0.031647
0.0165728
-0.198972
-0.00536651
-0.322466
0.0943639
-0.0129466
0.00520968
-2.84704
0.201442
-0.680849
0.0151066
-1.59941
0.0240279
0.00152993
3.85273
-0.124405
0.294461
-0.00816214
-0.0184465
0.268258
-0.239287
-0.0289715
-0.257067
-0.0101208
-0.187612
0.0708458
0.0302338
0.0433322
-0.0336885
-0.35264
-0.00288973
-0.0869616
-0.0148608
0.276209
-0.170704
0.0851096
2.88876
0.0717197
-0.0602504
-0.0301986
-0.231689
2.49806
-0.067671
-0.16991
-0.0320697
0.243435
-0.0112448
0.250568
0.0208719
-0.0832366
-0.0280677
0.920397
-0.00766277
0.103435
-0.0201774
0.0204571
0.136446
0.104165
0.00323527
-0.0300418
0.0166203
0.0461716
-0.682409
0.034111
-1.2289
0.0063301
0.0281104
-0.0106813
-0.195197
0.0198979
-0.436163
-0.00293972
-0.0150548
0.11202
-0.0887319
0.0648768
-0.0256736
0.0725837
0.117727
2.34679
0.00842886
0.0278066
-0.052645
-0.0288084
-0.304778
-0.0201929
0.0211667
-0.870118
-0.0256244
0.00880204
0.0168224
-0.437506
0.107655
-0.0210422
-3.09264
-0.025309
0.0168531
0.0105761
-0.715826
-3.39315
0.262315
0.0136801
-1.48763
0.805221
-1.27197
-0.31643
-1.7557
-0.0164052
2.02019
0.00534066
0.196888
0.0287685
-0.0713849
0.0379974
0.794467
-3.33821
-0.030635
-0.0299396
-1.81814
2.96801
0.0013384
-0.0271485
0.303555
-0.0401721
-2.23193
-0.38365
-0.0314858
-0.0762746
0.0958615
-0.0625826
-0.0174581
-0.806472
-0.0190189
-0.786317
-0.856837
-0.017617
-0.321405
0.212091
0.0141861
-0.948698
-0.0156309
0.0336296
0.16384
-0.178441
0.0117192
-0.204431
-0.0227394
-0.021186
1.52679
0.0247759
-0.0682355
0.0486344
0.656519
0.293141
0.0790599
-0.0514987
-2.04425
4.39105
0.016575
0.175827
-0.0119871
-0.495499
0.485975
0.0527336
-0.0270545
-1.2767
-0.0154239
0.046538
-0.00966197
-0.00805854
-3.66207
0.527379
0.0896224
0.1126
0.0174244
-0.195248
-0.201847
0.409262
0.0366784
0.384343
-0.0664652
2.03736
-0.0664495
0.231336
-0.0303367
-0.134925
0.00964405
-0.00841737
-0.0265592
0.00849552
-0.0139279
-0.00795407
0.149077
-0.0177775
0.0101937
0.0114426
3.64915
0.0261161
0.0484695
0.111415
)
;

boundaryField
{
    frontAndBack
    {
        type            empty;
    }
    inlet
    {
        type            calculated;
        value           nonuniform List<scalar> 
32
(
-2.12712
-4.06432
-3.3834
-4.34739
-2.67422
-5.09932
-0.317525
-5.03931
-4.78545
-1.7768
-2.57191
-4.40594
-3.81954
-1.17861
-4.96338
-3.74194
-3.08681
-4.93619
0.180361
-5.09385
-2.23609
-4.13259
-5.05568
-1.66054
-2.99189
-1.30089
-3.4698
-4.63691
-4.82333
-4.58853
-0.683197
-0.814242
)
;
    }
    outlet
    {
        type            calculated;
        value           nonuniform List<scalar> 
32
(
3.7115
3.50024
3.1171
4.03466
-0.181981
5.09277
0.821126
5.0308
2.25929
4.5643
4.1631
2.96376
4.84401
2.10576
0.67705
2.70093
5.08371
0.320864
2.54614
4.97958
4.66207
1.16609
5.06322
1.6441
4.43486
3.85244
1.31475
1.79632
4.92186
4.76523
4.31925
3.35147
)
;
    }
    walls
    {
        type            calculated;
        value           uniform 0;
    }
}


// ************************************************************************* //
