/*--------------------------------*- C++ -*----------------------------------*\
  =========                 |
  \\      /  F ield         | OpenFOAM: The Open Source CFD Toolbox
   \\    /   O peration     | Website:  https://openfoam.org
    \\  /    A nd           | Version:  dev
     \\/     M anipulation  |
\*---------------------------------------------------------------------------*/
FoamFile
{
    format      ascii;
    class       volVectorField;
    location    "1400";
    object      U;
}
// * * * * * * * * * * * * * * * * * * * * * * * * * * * * * * * * * * * * * //

dimensions      [0 1 -1 0 0 0 0];

internalField   nonuniform List<vector> 
25458
(
(-12.5276 26.613 0)
(-11.2195 29.9346 3.21196e-17)
(-10.1554 29.5048 -5.41801e-18)
(-9.12703 28.9862 -4.08517e-18)
(-7.96149 28.4198 -7.80471e-18)
(-6.65436 27.8051 -6.58044e-20)
(-5.23563 27.1325 3.121e-18)
(-3.72341 26.4019 -1.14878e-17)
(-2.10571 25.6401 1.47237e-17)
(-0.344609 24.8817 2.13231e-18)
(1.44245 24.0813 -6.28893e-18)
(-9.57398 8.66152 -4.07978e-19)
(-9.49836 10.0466 2.25482e-16)
(-9.0078 10.3033 -4.65215e-16)
(-8.43121 10.5719 2.23592e-16)
(-7.72169 10.8606 0)
(-6.88536 11.1547 1.34372e-16)
(-5.92605 11.4363 3.36407e-19)
(-4.85307 11.6857 6.63831e-20)
(-3.6398 11.9247 -3.87011e-19)
(-2.22457 12.2106 -1.42091e-18)
(-0.681621 12.4449 -8.21883e-19)
(-2.50707 1.71234 1.12065e-15)
(-2.36506 1.94389 -1.26871e-15)
(-2.08741 2.13174 4.03444e-16)
(-1.82788 2.40162 -2.81437e-16)
(-1.53159 2.72948 3.00165e-19)
(-1.183 3.10175 1.5922e-16)
(-0.766403 3.51355 -1.25444e-16)
(-0.262168 3.97456 9.97514e-17)
(0.346759 4.48987 0)
(1.05071 4.99732 6.53412e-17)
(1.82368 5.37807 -1.10018e-16)
(5.23457 -1.70959 5.88515e-19)
(6.63634 -1.96717 0)
(6.76409 -1.84669 1.15303e-18)
(6.84312 -1.70431 2.19087e-16)
(6.93149 -1.53138 -1.65124e-16)
(7.0373 -1.32938 1.04255e-18)
(7.16708 -1.0951 0)
(7.3311 -0.810511 0)
(7.5368 -0.460909 2.09308e-18)
(7.77294 -0.103672 -1.68528e-18)
(8.03249 0.170916 8.24157e-17)
(7.89149 -1.78004 0)
(11.3602 -2.38448 -2.86113e-16)
(11.7012 -2.36119 2.25699e-16)
(11.738 -2.2873 3.38955e-19)
(11.7783 -2.19075 1.42663e-16)
(11.826 -2.07751 -1.16242e-16)
(11.883 -1.94283 9.37012e-17)
(11.9517 -1.78248 -7.5561e-17)
(12.0358 -1.59305 -1.00175e-18)
(12.1321 -1.36639 -4.88462e-17)
(12.219 -1.08077 4.02962e-17)
(10.8426 -0.92089 -7.93182e-17)
(14.4431 -1.18047 5.15619e-17)
(16.5066 -1.35015 -4.39925e-20)
(17.6305 -1.42891 9.18818e-20)
(17.841 -1.41015 0)
(17.8754 -1.37415 0)
(17.91 -1.32935 -2.20932e-19)
(17.943 -1.27446 0)
(17.9602 -1.20591 1.96782e-17)
(17.9503 -1.12214 -2.19225e-19)
(17.9175 -1.02116 -1.38156e-17)
(2.18949 -0.810134 1.80544e-15)
(2.77997 -0.900559 -1.32998e-19)
(2.94456 -0.777519 -7.297e-16)
(3.08104 -0.601843 -9.84545e-19)
(3.23287 -0.385304 -1.37287e-18)
(3.41307 -0.130426 2.71114e-16)
(3.63364 0.163972 -2.07956e-16)
(3.91033 0.508114 0)
(4.25964 0.909409 -1.96601e-18)
(4.68414 1.33503 1.56874e-18)
(5.16174 1.7345 5.12031e-18)
(7.0424 -1.90523 4.66906e-16)
(9.40095 -2.35122 3.18966e-19)
(9.62005 -2.28433 -4.23346e-20)
(9.6686 -2.18635 0)
(9.72471 -2.06174 0)
(9.7923 -1.91539 9.3947e-19)
(9.87432 -1.74439 9.99672e-17)
(9.97541 -1.53903 -8.0585e-17)
(10.1028 -1.29106 9.82333e-19)
(10.2597 -1.01771 -1.59911e-18)
(10.4386 -0.721541 4.33387e-17)
(8.62582 -1.62133 9.20747e-20)
(12.5555 -2.23043 -2.26738e-16)
(13.2668 -2.28705 0)
(13.3158 -2.23135 -1.61358e-16)
(13.3491 -2.15472 1.30698e-16)
(13.3879 -2.06534 4.26544e-19)
(13.434 -1.9573 8.43471e-17)
(13.4888 -1.82917 -7.00208e-17)
(13.5502 -1.68037 0)
(13.6071 -1.4959 0)
(13.644 -1.25057 1.26831e-18)
(9.2828 -1.45756 -1.33557e-16)
(13.2644 -2.01657 1.87829e-16)
(14.458 -2.14788 -1.66847e-16)
(14.5838 -2.11225 1.97937e-19)
(14.6138 -2.05137 5.86918e-17)
(14.648 -1.9804 -4.866e-17)
(14.6883 -1.89346 4.01191e-17)
(14.7351 -1.78963 -3.24785e-17)
(14.781 -1.6693 -4.01321e-20)
(14.8109 -1.51977 4.41488e-17)
(14.818 -1.31559 1.83332e-17)
(9.66834 -1.29928 0)
(13.7962 -1.79428 8.18332e-17)
(15.3424 -1.96722 -7.18387e-17)
(15.6154 -1.95618 -2.62423e-19)
(15.6474 -1.9069 5.43175e-17)
(15.6791 -1.84889 -4.393e-17)
(15.7162 -1.77746 0)
(15.7572 -1.69141 -3.00274e-17)
(15.7917 -1.59048 -4.70051e-20)
(15.8036 -1.46585 2.05009e-17)
(15.7927 -1.29593 0)
(10.188 -1.17724 0)
(14.0595 -1.56165 -6.70629e-17)
(15.934 -1.76202 1.22874e-16)
(16.4561 -1.78423 -4.4005e-20)
(16.5056 -1.74397 -1.35246e-19)
(16.5365 -1.69531 -4.08309e-17)
(16.5722 -1.63527 3.36757e-17)
(16.6098 -1.56241 -2.77574e-17)
(16.6367 -1.47653 3.48516e-19)
(16.6384 -1.37083 0)
(16.6185 -1.22083 0)
(10.5648 -1.04569 8.77202e-17)
(14.2635 -1.35982 -5.83342e-17)
(16.2885 -1.55355 -1.54803e-19)
(17.1208 -1.60895 5.14824e-17)
(17.2238 -1.57887 0)
(17.2549 -1.53858 0)
(17.2896 -1.48878 0)
(17.3242 -1.42781 0)
(17.345 -1.35438 -1.9983e-20)
(17.3378 -1.2702 2.71173e-19)
(17.3084 -1.16344 0)
(11.9307 0.0430812 2.20392e-21)
(14.9875 0.0640468 0)
(16.9506 0.0725857 5.44995e-19)
(18.5351 0.0785612 -6.44708e-22)
(19.9004 0.0834509 -4.76847e-19)
(21.023 0.0857285 3.60928e-21)
(21.6096 0.0964528 4.45787e-19)
(21.7111 0.115315 -3.88462e-19)
(21.7211 0.136204 -5.24356e-21)
(21.7047 0.163322 2.62299e-19)
(21.669 0.186018 -4.52453e-19)
(11.0541 -0.803477 -3.6177e-17)
(14.5889 -1.01849 -2.30935e-17)
(16.6533 -1.16258 2.04835e-17)
(17.9938 -1.2526 0)
(18.3711 -1.25042 1.92108e-17)
(18.4175 -1.22081 1.50369e-19)
(18.452 -1.18371 1.39479e-19)
(18.4833 -1.13874 -1.11095e-17)
(18.4973 -1.08353 0)
(18.4843 -1.01713 0)
(18.4516 -0.924747 6.5249e-18)
(11.2212 -0.693871 -6.64907e-17)
(14.6949 -0.870088 4.19088e-17)
(16.7579 -0.990972 -1.82472e-17)
(18.2273 -1.07851 -1.8013e-17)
(18.8105 -1.09128 -1.60143e-19)
(18.887 -1.0649 1.51621e-17)
(18.9217 -1.03083 -1.2652e-17)
(18.9518 -0.988969 1.03899e-17)
(18.9633 -0.936863 -8.79787e-18)
(18.9473 -0.87586 -2.24454e-20)
(18.9103 -0.796925 -2.00712e-20)
(11.3685 -0.591461 0)
(14.7768 -0.734214 1.91774e-17)
(16.8393 -0.835187 -1.85978e-20)
(18.3734 -0.913235 -1.62355e-17)
(19.1689 -0.939071 1.24207e-19)
(19.3039 -0.917662 0)
(19.3404 -0.887788 -9.12882e-20)
(19.3701 -0.85104 1.00306e-17)
(19.3806 -0.804837 -8.26007e-18)
(19.3643 -0.750467 6.89874e-18)
(19.3277 -0.681795 -5.74425e-18)
(11.4909 -0.498229 -2.8535e-17)
(14.8455 -0.611745 1.76257e-17)
(16.9021 -0.695727 3.00388e-20)
(18.4657 -0.761675 2.92609e-20)
(19.4466 -0.795374 -1.45229e-17)
(19.6746 -0.779679 1.32684e-17)
(19.7157 -0.752852 4.27592e-21)
(19.745 -0.71979 -1.46638e-19)
(19.7546 -0.678553 0)
(19.7379 -0.629277 0)
(19.7016 -0.557358 -5.43678e-18)
(11.5997 -0.41067 -1.32774e-20)
(14.8852 -0.498457 1.63174e-20)
(16.9384 -0.567111 0)
(18.5202 -0.620975 -2.53827e-20)
(19.6423 -0.657055 0)
(19.9964 -0.648264 0)
(20.049 -0.62451 -5.24317e-18)
(20.0781 -0.595118 4.57015e-18)
(20.0868 -0.558453 0)
(20.069 -0.518066 -9.41074e-20)
(20.0319 -0.462751 0)
(11.6773 -0.328856 0)
(14.9175 -0.396223 0)
(16.9594 -0.450189 -6.37677e-18)
(18.5532 -0.492549 6.10355e-18)
(19.7696 -0.525755 2.3071e-20)
(20.2721 -0.522841 0)
(20.348 -0.500638 5.03193e-18)
(20.3772 -0.47327 -8.47108e-18)
(20.3856 -0.43786 6.99728e-18)
(20.3676 -0.398327 -2.81935e-18)
(20.3292 -0.356873 -2.51572e-18)
(11.7408 -0.252947 -1.17952e-17)
(14.9433 -0.301829 -7.1405e-18)
(16.9727 -0.342292 5.92365e-18)
(18.5737 -0.374523 0)
(19.8476 -0.402401 -5.5627e-18)
(20.5043 -0.404858 1.07204e-17)
(20.6205 -0.385034 -4.74632e-18)
(20.6509 -0.360975 3.05329e-20)
(20.6592 -0.329409 0)
(20.6418 -0.291119 0)
(20.6042 -0.257124 3.16718e-21)
(11.7827 -0.184345 0)
(14.9665 -0.216155 0)
(16.9799 -0.244867 -2.7688e-18)
(18.582 -0.268117 2.59338e-18)
(19.8898 -0.28923 -4.17454e-22)
(20.6898 -0.294779 -1.98475e-20)
(20.867 -0.276904 2.26261e-18)
(20.9 -0.254861 -1.94116e-18)
(20.908 -0.226637 0)
(20.8907 -0.189623 2.02001e-20)
(20.8535 -0.15531 1.17497e-18)
(11.8241 -0.120299 2.65484e-18)
(14.9771 -0.1357 -1.58444e-18)
(16.9786 -0.153532 1.29748e-18)
(18.5789 -0.168388 -1.20676e-18)
(19.9083 -0.182253 -1.19506e-18)
(20.8284 -0.188482 1.15529e-18)
(21.0881 -0.172784 -1.08491e-18)
(21.1271 -0.152193 9.03594e-19)
(21.1351 -0.127115 -1.15539e-20)
(21.1178 -0.0930686 6.09796e-19)
(21.0813 -0.0578076 1.78188e-20)
(11.8561 -0.0646187 1.26498e-18)
(14.9906 -0.0622092 -7.50206e-19)
(16.9768 -0.0714282 5.84408e-22)
(18.5712 -0.0788339 -5.64628e-19)
(19.9153 -0.0857117 5.51543e-19)
(20.927 -0.0902917 0)
(21.2868 -0.0764913 6.05216e-21)
(21.3376 -0.056384 -4.2062e-19)
(21.3459 -0.0331501 3.7083e-19)
(21.329 -0.00240003 0)
(21.2934 0.0343756 -1.59942e-20)
(11.9209 -0.00848236 -5.91545e-22)
(14.9777 0.0054304 0)
(16.9628 0.00506691 -3.6538e-20)
(18.5549 0.00454131 3.40776e-20)
(19.9114 0.00372652 3.1088e-20)
(20.9888 0.00181259 -6.28656e-20)
(21.4607 0.0132428 3.13551e-20)
(21.5315 0.0320696 1.23704e-22)
(21.5405 0.0531432 5.27849e-21)
(21.5238 0.0794474 -1.35623e-20)
(21.4882 0.106743 3.73564e-20)
(12.4093 0.589899 -1.28373e-17)
(15.2333 0.732064 -4.82234e-21)
(17.0208 0.817468 2.73213e-18)
(18.4343 0.885414 2.35046e-18)
(19.6896 0.945739 -2.14826e-18)
(20.8622 1.00189 -4.17657e-22)
(21.9756 1.05492 -1.54005e-20)
(23.0101 1.10446 1.80817e-18)
(23.8838 1.14552 -3.34463e-18)
(24.2986 1.17356 -5.02939e-21)
(24.3054 1.18911 1.33108e-18)
(12.4335 0.610148 6.06132e-18)
(15.2357 0.751126 -3.38398e-18)
(17.0233 0.83942 0)
(18.4349 0.909155 -2.21913e-18)
(19.6872 0.970852 4.05298e-18)
(20.857 1.02824 -1.90706e-18)
(21.9691 1.08245 1.8051e-18)
(23.0079 1.13329 3.21258e-21)
(23.8988 1.1757 -1.56822e-18)
(24.3649 1.20452 1.37111e-18)
(24.3868 1.22148 -7.24706e-20)
(11.9497 0.0891006 -2.18296e-21)
(14.9891 0.122115 -2.46569e-21)
(16.9387 0.138169 0)
(18.5146 0.149986 9.39166e-19)
(19.8845 0.159881 -9.04657e-19)
(21.0377 0.166358 -3.50753e-21)
(21.7339 0.176535 1.28726e-20)
(21.8791 0.194303 0)
(21.8913 0.212782 0)
(21.8755 0.238664 8.38614e-21)
(21.8406 0.26113 -1.40211e-20)
(11.9594 0.130159 0)
(14.992 0.1731 2.44275e-21)
(16.9266 0.195393 0)
(18.4928 0.212518 0)
(19.8636 0.227138 -6.51632e-21)
(21.0383 0.238253 6.35009e-21)
(21.8313 0.249471 -2.47275e-20)
(22.0337 0.267338 0)
(22.0496 0.284666 -1.85508e-20)
(22.0342 0.309315 3.09725e-20)
(21.9997 0.332792 -8.44592e-19)
(11.9784 0.169048 0)
(14.9875 0.222662 -2.34134e-18)
(16.9119 0.250692 1.85954e-18)
(18.4691 0.272694 -1.6824e-18)
(19.8384 0.291535 1.60794e-18)
(21.0292 0.30687 -6.1926e-21)
(21.9029 0.319502 1.18785e-20)
(22.1754 0.337169 0)
(22.198 0.353356 1.84536e-20)
(22.183 0.37584 9.39051e-19)
(22.1491 0.398728 -8.08552e-19)
(11.9995 0.203723 3.85925e-18)
(14.9822 0.265984 4.9655e-21)
(16.8965 0.298878 -1.77198e-18)
(18.4449 0.32523 1.60353e-18)
(19.8113 0.347983 -1.52171e-18)
(21.0147 0.3674 -1.12781e-20)
(21.9519 0.38231 0)
(22.3045 0.400289 -1.98699e-20)
(22.3378 0.416322 -3.41575e-20)
(22.3235 0.437157 0)
(22.2899 0.460028 -4.77377e-20)
(12.0297 0.238973 -7.3671e-18)
(14.9729 0.305756 -1.45583e-22)
(16.88 0.344166 0)
(18.4206 0.374639 -2.071e-22)
(19.7836 0.400909 1.67408e-20)
(20.9969 0.423879 2.79808e-18)
(21.9822 0.441261 -2.6661e-18)
(22.4211 0.459485 3.85175e-20)
(22.4706 0.475394 1.17295e-21)
(22.4569 0.494872 -1.78975e-18)
(22.4237 0.516219 8.95721e-20)
(12.0301 0.270272 -1.39575e-20)
(14.9762 0.341865 4.11062e-18)
(16.8663 0.385173 -3.234e-18)
(18.3965 0.419296 2.87705e-18)
(19.7551 0.448811 -2.7357e-18)
(20.9759 0.475055 -1.04387e-20)
(21.9968 0.495294 0)
(22.524 0.514267 -6.39069e-22)
(22.5967 0.530375 2.08156e-18)
(22.584 0.548267 -1.71666e-18)
(22.5514 0.575204 -4.568e-20)
(12.0411 0.296197 -6.85606e-18)
(14.9759 0.374888 -3.93553e-18)
(16.8554 0.421874 6.18123e-18)
(18.3754 0.459132 -2.74495e-18)
(19.7282 0.491572 9.94509e-21)
(20.9537 0.520677 -9.55678e-21)
(22.0006 0.543776 2.39302e-18)
(22.613 0.563772 -4.47835e-18)
(22.7167 0.580465 3.92386e-18)
(22.7052 0.59557 -3.30351e-18)
(22.6728 0.618647 1.42147e-18)
(12.0525 0.323045 -6.59139e-18)
(14.9746 0.406469 -3.75116e-21)
(16.8442 0.45736 0)
(18.355 0.497728 0)
(19.7019 0.533007 -9.79023e-21)
(20.9298 0.564826 -2.35307e-18)
(21.9963 0.590922 2.28295e-18)
(22.6873 0.612358 3.25686e-20)
(22.8309 0.630388 2.88614e-20)
(22.8216 0.644904 1.58982e-18)
(22.789 0.666787 -1.32737e-18)
(12.0594 0.345367 6.37761e-18)
(14.9825 0.432745 -3.62154e-18)
(16.8395 0.486864 2.82027e-18)
(18.3401 0.529853 0)
(19.6803 0.567598 8.99291e-21)
(20.9084 0.601819 0)
(21.99 0.630825 -1.71044e-20)
(22.7501 0.653902 1.98581e-18)
(22.9419 0.673251 -1.82552e-18)
(22.9364 0.688004 0)
(22.9042 0.702476 -7.96746e-20)
(12.0697 0.366229 -1.19665e-20)
(14.9899 0.459586 -6.91559e-21)
(16.8368 0.516416 2.70565e-18)
(18.3277 0.561637 -2.38283e-18)
(19.6604 0.601399 -1.74205e-20)
(20.8871 0.637459 0)
(21.9806 0.668731 2.05457e-18)
(22.7993 0.693 -1.91453e-18)
(23.047 0.7124 0)
(23.0469 0.728978 0)
(23.015 0.741863 7.66025e-20)
(12.0826 0.384669 5.85033e-21)
(14.9925 0.482044 -3.33506e-18)
(16.8319 0.541221 2.58409e-18)
(18.3144 0.588559 0)
(19.6401 0.630373 8.44346e-21)
(20.8644 0.66848 0)
(21.9677 0.702398 -1.54016e-20)
(22.8345 0.729008 2.79716e-20)
(23.1442 0.748931 2.52364e-20)
(23.1517 0.76536 0)
(23.1202 0.793399 -3.74265e-20)
(12.1027 0.401855 0)
(15.0039 0.502548 0)
(16.835 0.564151 4.73199e-21)
(18.3089 0.613495 -8.31364e-21)
(19.6271 0.657192 -7.74401e-21)
(20.8482 0.697174 -1.91152e-18)
(21.959 0.733416 1.82501e-18)
(22.8637 0.76257 -2.75738e-20)
(23.239 0.784338 -2.49711e-20)
(23.2576 0.79847 -4.12785e-20)
(23.2267 0.819683 0)
(12.1243 0.416733 1.08317e-17)
(15.0173 0.522584 -3.05464e-18)
(16.841 0.585693 -4.69514e-21)
(18.3067 0.63647 -2.04999e-18)
(19.6175 0.681507 1.92781e-18)
(20.8347 0.722767 -2.85566e-20)
(21.9513 0.760416 1.74344e-18)
(22.8858 0.790935 -1.66673e-18)
(23.3289 0.814066 -2.29028e-20)
(23.3626 0.827811 8.06205e-20)
(23.3319 0.848734 1.08187e-18)
(12.1604 0.428895 -1.00606e-20)
(15.0228 0.537893 0)
(16.8451 0.602351 2.25095e-18)
(18.3047 0.65462 -3.94431e-18)
(19.6089 0.701165 1.826e-18)
(20.8221 0.744034 1.38132e-20)
(21.9428 0.783597 1.31655e-20)
(22.8998 0.816209 -1.51047e-18)
(23.4094 0.841555 1.48624e-18)
(23.4623 0.856176 1.19377e-18)
(23.4314 0.874889 -6.17992e-20)
(12.2077 0.441853 -4.89675e-18)
(15.0394 0.552554 2.77959e-18)
(16.8589 0.618814 -2.13993e-18)
(18.3125 0.672669 7.14498e-21)
(19.6103 0.720739 -1.73334e-18)
(20.8188 0.765241 1.63033e-18)
(21.9417 0.806724 0)
(22.9154 0.841635 -1.52147e-18)
(23.4875 0.869479 1.30414e-18)
(23.5642 0.886528 -1.17555e-18)
(23.5335 0.903957 1.05101e-18)
(12.2606 0.458534 0)
(15.062 0.56821 2.6246e-18)
(16.8792 0.637154 -4.07113e-18)
(18.3275 0.692587 1.76318e-18)
(19.6193 0.741947 1.63157e-18)
(20.8232 0.787697 -1.53794e-18)
(21.9468 0.830491 -2.25177e-20)
(22.9333 0.866986 -1.39003e-18)
(23.5634 0.895963 1.27303e-18)
(23.6689 0.914373 3.4068e-20)
(23.6391 0.930947 -9.42019e-19)
(12.2889 0.472439 0)
(15.0989 0.582815 -2.50063e-18)
(16.9063 0.653999 1.92335e-18)
(18.3474 0.710925 -1.6811e-18)
(19.6328 0.761707 1.55163e-18)
(20.8319 0.808973 0)
(21.955 0.853446 4.33812e-20)
(22.9517 0.892256 -1.28865e-18)
(23.6332 0.923115 1.2007e-18)
(23.772 0.942931 -1.56772e-21)
(23.7431 0.964594 0)
(12.331 0.486612 -3.98692e-21)
(15.1409 0.600991 -4.74129e-21)
(16.9432 0.674275 3.64391e-21)
(18.3772 0.732748 6.32095e-21)
(19.6555 0.78498 2.90871e-18)
(20.8488 0.833711 2.40945e-21)
(21.9699 0.87968 -2.60711e-18)
(22.974 0.920612 1.86982e-20)
(23.6996 0.953516 3.44157e-20)
(23.875 0.973568 -6.24153e-20)
(23.847 0.991747 5.16593e-20)
(12.3631 0.509565 -7.93144e-18)
(15.1809 0.629464 -1.50912e-21)
(16.9781 0.705695 3.42595e-18)
(18.4061 0.766062 2.96397e-18)
(19.6779 0.819824 -2.72711e-18)
(20.8656 0.86992 9.80849e-21)
(21.9843 0.917094 -2.4477e-18)
(22.9949 0.95954 -5.86392e-21)
(23.7591 0.994034 2.08824e-18)
(23.9757 1.01561 1.94815e-18)
(23.9498 1.02935 -1.70366e-18)
(12.3731 0.532903 -7.54635e-18)
(15.2042 0.658607 4.03114e-21)
(16.9974 0.737436 -3.23765e-18)
(18.421 0.79969 2.79356e-18)
(19.6879 0.855024 -2.5713e-18)
(20.8712 0.906531 2.40358e-18)
(21.9884 0.95499 -1.84364e-20)
(23.0059 0.998913 -2.20258e-18)
(23.8047 1.03443 -5.15658e-21)
(24.0676 1.05771 1.75042e-18)
(24.0466 1.07098 4.88165e-20)
(12.3785 0.553498 7.17839e-21)
(15.2157 0.683859 -4.01541e-21)
(17.0062 0.76522 -5.83204e-21)
(18.4265 0.829468 -2.64482e-18)
(19.6894 0.886511 2.41813e-18)
(20.8691 0.939611 -2.2714e-18)
(21.9851 0.989657 -3.35957e-21)
(23.0091 1.03559 1.21745e-20)
(23.8376 1.07273 1.88486e-18)
(24.1498 1.09738 -2.57009e-20)
(24.1358 1.11393 0)
(12.3853 0.571195 -6.81818e-18)
(15.2277 0.707676 -1.30327e-21)
(17.0143 0.790991 2.90058e-18)
(18.4307 0.857024 4.75428e-21)
(19.6896 0.915664 2.30162e-18)
(20.8656 0.970251 -4.31394e-18)
(21.9803 1.02174 4.09991e-18)
(23.0099 1.06948 -3.8442e-18)
(23.863 1.10842 1.77603e-18)
(24.2261 1.13393 2.55248e-20)
(24.2211 1.14761 0)
(14.3806 1.05491 -9.72885e-18)
(17.2802 1.2682 1.08346e-20)
(19.1126 1.40739 -4.85177e-22)
(20.4959 1.51458 0)
(21.6757 1.60848 2.94583e-18)
(22.746 1.69614 -2.68222e-18)
(23.7523 1.78114 -2.52137e-18)
(24.7164 1.86518 2.31718e-18)
(25.6413 1.94859 0)
(26.502 2.03155 1.92894e-18)
(27.2116 2.0983 -1.76443e-18)
(14.4911 1.06587 0)
(17.4181 1.28956 5.66323e-18)
(19.2577 1.42932 7.68342e-21)
(20.6443 1.53778 1.37292e-20)
(21.8249 1.63299 -3.11717e-18)
(22.8942 1.72188 2.83774e-18)
(23.8979 1.80801 -2.66726e-18)
(24.8582 1.89324 2.44635e-18)
(25.7779 1.97796 -2.24725e-18)
(26.6325 2.06225 -6.55506e-20)
(27.3376 2.13211 1.19392e-19)
(14.646 1.0791 -1.06762e-17)
(17.5507 1.31175 5.97287e-18)
(19.4099 1.4521 0)
(20.8034 1.562 3.69257e-18)
(21.9863 1.65859 -3.31388e-18)
(23.0552 1.74871 0)
(24.0567 1.83605 2.1161e-20)
(25.0133 1.92244 -4.15428e-20)
(25.9281 2.00829 2.44251e-18)
(26.777 2.09344 -2.01176e-18)
(27.478 2.1629 1.83626e-18)
(14.8172 1.09758 1.1077e-20)
(17.6619 1.33084 -1.17858e-20)
(19.5461 1.47301 0)
(20.9506 1.58468 1.49024e-20)
(22.1382 1.68291 -3.48433e-18)
(23.2078 1.77462 3.20895e-18)
(24.2076 1.86347 0)
(25.1608 1.95161 4.12672e-20)
(26.0711 2.03964 -7.57058e-20)
(26.9149 2.1275 -6.85643e-20)
(27.6123 2.20391 2.06067e-18)
(15.0379 1.12506 -1.08096e-20)
(17.8285 1.35362 -1.30479e-20)
(19.7349 1.49917 0)
(21.1519 1.61244 -4.11648e-18)
(22.3473 1.71107 3.64001e-18)
(23.4207 1.80235 -2.54037e-20)
(24.4209 1.89028 3.08898e-18)
(25.3719 1.97695 -4.71397e-20)
(26.2779 2.06294 8.37137e-20)
(27.116 2.14819 -2.45505e-18)
(27.8067 2.22071 -2.17202e-18)
(12.4301 0.627588 -5.77225e-18)
(15.2515 0.770971 -7.56267e-22)
(17.0292 0.861841 2.43087e-18)
(18.4358 0.933243 0)
(19.6844 0.996399 0)
(20.8512 1.05521 -1.79388e-18)
(21.962 1.11093 -1.56322e-20)
(23.0043 1.16351 1.57775e-18)
(23.9093 1.20829 -1.45446e-18)
(24.4248 1.23919 2.70125e-18)
(24.4643 1.25681 -2.27022e-18)
(12.4366 0.642276 -5.43455e-18)
(15.262 0.791086 3.03486e-21)
(17.0359 0.883684 -2.28504e-18)
(18.4379 0.956544 1.95906e-18)
(19.6824 1.02105 0)
(20.846 1.08114 -3.82015e-22)
(21.9554 1.13811 1.27506e-20)
(23.0006 1.19193 3.45635e-20)
(23.9179 1.23845 -4.31284e-20)
(24.4808 1.27117 0)
(24.542 1.28849 1.11865e-18)
(12.4479 0.655968 4.84096e-21)
(15.2731 0.808736 2.83952e-18)
(17.0439 0.902758 -2.14304e-18)
(18.4418 0.976963 0)
(19.682 1.04271 1.67561e-18)
(20.8421 1.104 -1.5748e-18)
(21.9498 1.16222 1.48235e-18)
(22.9971 1.21735 -1.95942e-20)
(23.9248 1.26571 -2.57584e-18)
(24.5316 1.30047 -3.66662e-21)
(24.6175 1.3198 2.00062e-18)
(12.4641 0.670514 -4.82026e-21)
(15.2804 0.82682 -2.67351e-21)
(17.0499 0.922553 2.00386e-18)
(18.4445 0.998122 -1.71686e-18)
(19.6808 1.06503 0)
(20.8374 1.12737 1.45245e-18)
(21.943 1.18663 -1.37872e-18)
(22.9918 1.24278 1.2767e-18)
(23.9287 1.29263 -2.38149e-18)
(24.576 1.32928 1.0848e-18)
(24.6899 1.345 -9.53133e-19)
(12.4818 0.683374 8.94096e-18)
(15.2886 0.843175 -2.47887e-18)
(17.0564 0.940247 -1.87304e-18)
(18.4478 1.0171 1.60289e-18)
(19.6805 1.0852 0)
(20.8337 1.14874 1.37429e-18)
(21.9372 1.20929 -2.56905e-18)
(22.9871 1.26684 2.42938e-18)
(23.9324 1.31863 -1.11535e-18)
(24.6163 1.35892 3.05416e-20)
(24.7613 1.37806 2.68076e-20)
(12.5114 0.697614 0)
(15.2937 0.857397 2.16506e-21)
(17.063 0.956387 0)
(18.4523 1.03446 5.59142e-21)
(19.6819 1.10349 0)
(20.8317 1.16786 0)
(21.9329 1.2292 0)
(22.9832 1.28749 1.11528e-18)
(23.9358 1.34008 -1.04686e-18)
(24.6525 1.38141 9.0736e-19)
(24.8315 1.40263 -8.49329e-19)
(12.5218 0.71087 3.84754e-18)
(15.3067 0.872251 -2.16337e-21)
(17.0707 0.972992 1.61049e-18)
(18.4565 1.05224 -1.37742e-18)
(19.6827 1.1223 -1.24734e-18)
(20.8293 1.18766 2.3293e-18)
(21.9281 1.25007 -1.09607e-18)
(22.9785 1.30963 0)
(23.9379 1.36401 -9.39673e-19)
(24.6832 1.40736 8.64413e-19)
(24.8982 1.43005 0)
(12.5434 0.721271 -3.54072e-18)
(15.3179 0.885742 1.96425e-18)
(17.081 0.987645 0)
(18.4637 1.06791 4.72595e-21)
(19.6864 1.13891 1.14176e-18)
(20.8296 1.20517 -1.06856e-18)
(21.9259 1.26849 0)
(22.9762 1.32901 1.41319e-20)
(23.9417 1.3848 0)
(24.7121 1.42993 7.95711e-19)
(24.9651 1.45383 -1.40453e-18)
(12.5694 0.732573 -3.22543e-18)
(15.3294 0.899259 -1.79724e-18)
(17.0925 1.0023 1.8465e-21)
(18.4726 1.0835 2.29859e-18)
(19.692 1.15532 -1.03949e-18)
(20.8318 1.22235 -7.27377e-21)
(21.9253 1.28643 -9.17438e-19)
(22.9751 1.34776 8.44118e-19)
(23.9461 1.40476 0)
(24.7381 1.45153 7.25376e-19)
(25.0301 1.47794 -6.2096e-19)
(12.5973 0.743961 -2.9251e-18)
(15.3384 0.911511 -4.10361e-22)
(17.1024 1.01594 1.22709e-18)
(18.4807 1.09815 0)
(19.6972 1.17079 0)
(20.8339 1.23858 8.89971e-19)
(21.9248 1.30347 -8.29002e-19)
(22.974 1.36568 0)
(23.9499 1.42385 0)
(24.7605 1.47217 0)
(25.0926 1.50036 5.64367e-19)
(12.6241 0.754486 -2.94918e-21)
(15.3509 0.922249 1.46601e-18)
(17.1145 1.02799 1.10655e-18)
(18.4908 1.11107 -1.88038e-18)
(19.7045 1.18448 8.506e-19)
(20.8381 1.253 0)
(21.9263 1.31866 0)
(22.9747 1.38176 -6.99003e-19)
(23.9549 1.44114 -2.02788e-21)
(24.7813 1.4908 1.5158e-20)
(25.1531 1.52369 5.06885e-19)
(12.6493 0.765353 -2.33139e-18)
(15.364 0.933567 2.60466e-18)
(17.1271 1.04077 -9.81401e-19)
(18.5013 1.12476 0)
(19.7124 1.19887 7.57287e-19)
(20.843 1.26801 -7.01556e-19)
(21.9287 1.33429 -4.85182e-21)
(22.9761 1.39808 9.09185e-21)
(23.9599 1.45845 0)
(24.7998 1.50885 5.06015e-19)
(25.2109 1.54126 -4.48687e-19)
(12.6722 0.774929 -2.05768e-18)
(15.3821 0.943811 1.14412e-18)
(17.1434 1.05225 0)
(18.5151 1.1371 0)
(19.7234 1.21201 -6.64452e-19)
(20.8511 1.28195 6.19285e-19)
(21.9341 1.34909 9.01265e-21)
(22.9805 1.41391 -1.16625e-21)
(23.9675 1.47577 5.09894e-19)
(24.8191 1.52854 -4.56338e-19)
(25.2682 1.56434 0)
(12.6965 0.78393 -1.75804e-18)
(15.4016 0.953744 -9.78289e-19)
(17.1618 1.06321 7.37117e-19)
(18.5311 1.14869 6.22741e-19)
(19.7365 1.22405 -5.63804e-19)
(20.8611 1.29437 -6.6198e-22)
(21.9415 1.36182 -4.16851e-21)
(22.9866 1.42689 -4.63308e-19)
(23.9759 1.48891 -8.75384e-21)
(24.8375 1.54222 3.88992e-19)
(25.3235 1.58009 3.49278e-19)
(12.7171 0.792456 -2.95202e-18)
(15.4212 0.963858 8.21206e-19)
(17.1801 1.07434 1.32405e-21)
(18.5471 1.16061 2.23738e-21)
(19.7497 1.23674 0)
(20.8714 1.30785 -6.52114e-22)
(21.9491 1.3762 0)
(22.9928 1.44238 -1.20608e-20)
(23.9839 1.50576 -3.59817e-19)
(24.854 1.56024 6.55994e-19)
(25.3742 1.60662 -2.84405e-19)
(12.875 3.00977 1.98718e-16)
(16.1297 3.77387 -1.01512e-16)
(18.582 4.38289 7.42499e-17)
(20.937 4.99379 -6.20536e-17)
(23.4445 5.66517 -2.11041e-19)
(26.1962 6.423 5.22016e-17)
(29.152 7.26916 -4.8364e-17)
(31.8911 8.09923 4.46429e-17)
(33.4585 8.62919 -3.92862e-17)
(33.9031 8.82963 -3.39699e-17)
(34.1806 9.0338 2.84626e-17)
(13.8109 3.50113 0)
(17.1675 4.33664 0)
(19.7968 5.03946 -1.48196e-19)
(22.3277 5.74253 0)
(25.0119 6.51055 0)
(27.916 7.36578 0)
(30.9047 8.28763 -8.28067e-19)
(33.2633 9.0601 0)
(34.2652 9.44318 -6.44787e-19)
(34.5043 9.59103 1.16789e-18)
(34.7861 9.83823 -2.97467e-17)
(12.7459 0.80063 1.2968e-21)
(15.4451 0.972954 0)
(17.2037 1.08446 4.98155e-19)
(18.5687 1.17149 -4.20149e-19)
(19.7685 1.24827 3.79413e-19)
(20.8871 1.32 -3.54916e-19)
(21.9621 1.38901 0)
(23.0043 1.45598 5.42091e-21)
(23.9968 1.52052 2.88038e-19)
(24.8748 1.57534 -2.68917e-19)
(25.4275 1.61591 -2.49594e-19)
(12.7718 0.808771 8.85097e-19)
(15.4713 0.982292 0)
(17.2287 1.09453 0)
(18.5916 1.18199 3.13584e-19)
(19.7887 1.25906 -2.82199e-19)
(20.9044 1.33101 -2.61063e-19)
(21.9765 1.40015 4.91264e-19)
(23.0168 1.4672 -2.30458e-19)
(24.0102 1.53207 -2.1491e-19)
(24.8949 1.58886 5.52206e-21)
(25.4774 1.63027 3.64329e-19)
(12.7974 0.816163 2.61532e-22)
(15.4942 0.990771 -3.34788e-19)
(17.2519 1.1039 3.76193e-22)
(18.6133 1.19201 0)
(19.808 1.26965 5.72647e-22)
(20.9208 1.34214 -1.71629e-21)
(21.9902 1.41192 1.61207e-21)
(23.0286 1.47965 -1.58292e-19)
(24.0224 1.54511 2.93631e-19)
(24.913 1.60389 -2.70087e-19)
(25.5227 1.64876 1.16693e-19)
(12.8256 0.823389 6.29602e-19)
(15.5218 0.999178 -3.50435e-19)
(17.279 1.11309 1.31646e-19)
(18.6388 1.2018 1.11734e-19)
(19.8312 1.27998 -1.00968e-19)
(20.9412 1.35302 9.4095e-20)
(22.0078 1.42337 -8.8001e-20)
(23.0442 1.49181 -8.40073e-20)
(24.0381 1.55786 7.75134e-20)
(24.9342 1.61751 7.18845e-20)
(25.5685 1.66758 2.04059e-21)
(12.8573 0.830988 1.40606e-20)
(15.5505 1.00759 0)
(17.3082 1.12235 6.57058e-21)
(18.6667 1.21161 -5.70127e-21)
(19.8569 1.2902 0)
(20.9642 1.36356 0)
(22.028 1.43423 -6.4152e-21)
(23.0622 1.50306 5.50278e-21)
(24.0559 1.56955 0)
(24.9568 1.62897 1.24552e-21)
(25.6129 1.67896 0)
(12.8869 0.83794 5.46522e-22)
(15.5819 1.01515 0)
(17.3392 1.1307 1.15099e-19)
(18.6964 1.22052 -9.64945e-20)
(19.8844 1.29962 -8.54718e-20)
(20.9892 1.3735 7.85399e-20)
(22.0502 1.44471 -7.38639e-20)
(23.0821 1.51422 6.8518e-20)
(24.0752 1.5818 0)
(24.9803 1.64279 -2.70798e-21)
(25.6552 1.69189 0)
(12.9184 0.845417 -5.30992e-22)
(15.6157 1.02324 -3.22145e-19)
(17.373 1.13977 2.41063e-19)
(18.7289 1.23019 -2.02319e-19)
(19.9149 1.30974 -5.20882e-22)
(21.0171 1.38402 2.60452e-21)
(22.0754 1.45563 -1.53655e-19)
(23.1049 1.52551 2.872e-19)
(24.0973 1.59355 -1.32036e-19)
(25.0062 1.6561 2.6914e-21)
(25.6976 1.70516 0)
(12.9469 0.85173 8.80402e-19)
(15.6538 1.03102 1.91347e-21)
(17.4099 1.14815 0)
(18.7642 1.239 -3.06923e-19)
(19.9481 1.31895 3.92137e-22)
(21.0477 1.39362 2.49645e-19)
(22.1032 1.46563 0)
(23.1304 1.53596 2.14725e-19)
(24.1218 1.60443 -2.01797e-19)
(25.034 1.66833 1.81178e-19)
(25.7393 1.71892 -1.62483e-19)
(12.9809 0.857479 1.18992e-18)
(15.6913 1.03906 -6.60344e-19)
(17.4483 1.15669 4.95198e-19)
(18.8016 1.24802 -8.2617e-19)
(19.9835 1.32837 3.70595e-19)
(21.0805 1.40339 -3.38818e-19)
(22.1332 1.47576 3.18375e-19)
(23.1578 1.54649 -1.2157e-21)
(24.148 1.61528 2.71164e-19)
(25.0628 1.68009 -2.37789e-19)
(25.7798 1.73106 0)
(13.0214 0.86388 1.49491e-18)
(15.7304 1.04729 8.28014e-19)
(17.4893 1.16544 -6.22426e-19)
(18.8422 1.25728 -1.82124e-21)
(20.0223 1.33809 -4.62979e-19)
(21.1169 1.41358 4.28943e-19)
(22.1668 1.48645 0)
(23.1888 1.55782 5.19605e-21)
(24.1777 1.62735 0)
(25.0948 1.69339 -8.64858e-21)
(25.8213 1.74906 0)
(13.0678 0.8708 1.80657e-18)
(15.7705 1.05458 -1.00424e-18)
(17.5325 1.17341 1.60332e-21)
(18.8854 1.26571 6.30888e-19)
(20.0642 1.34684 -2.32483e-21)
(21.1565 1.42255 -5.20011e-19)
(22.2037 1.49561 4.11944e-21)
(23.2231 1.56718 4.42429e-19)
(24.2105 1.63691 -4.22145e-19)
(25.1292 1.70245 -3.62828e-19)
(25.8631 1.75669 3.27043e-19)
(13.1109 0.877976 0)
(15.8121 1.06209 2.47845e-21)
(17.576 1.1817 -3.45905e-21)
(18.9291 1.2745 3.11318e-21)
(20.1069 1.35605 0)
(21.1972 1.43217 6.08805e-19)
(22.2418 1.50564 -5.71606e-19)
(23.2585 1.5777 7.61979e-21)
(24.2442 1.64826 -4.69664e-19)
(25.1639 1.71507 4.27846e-19)
(25.9032 1.76817 1.14062e-20)
(13.1561 0.885401 0)
(15.8559 1.06942 -1.35391e-18)
(17.622 1.1901 1.01902e-18)
(18.9754 1.28356 4.49626e-22)
(20.1524 1.36562 7.59186e-19)
(21.2409 1.4422 -6.93457e-19)
(22.283 1.51615 6.50529e-19)
(23.2972 1.5887 -6.05545e-19)
(24.2811 1.65984 -8.12176e-21)
(25.2013 1.72808 -5.21151e-19)
(25.9451 1.78104 8.92016e-19)
(13.1991 0.892238 -2.8729e-21)
(15.9069 1.07751 -1.53986e-18)
(17.6733 1.19889 1.15305e-18)
(19.0265 1.29282 -3.53551e-21)
(20.2023 1.37529 -8.5624e-19)
(21.289 1.45226 7.92374e-19)
(22.3288 1.52658 0)
(23.3404 1.59953 -6.73142e-19)
(24.3223 1.67106 6.3102e-19)
(25.2426 1.7403 -2.21795e-21)
(25.9895 1.79494 5.11921e-19)
(13.2478 0.89853 -6.19415e-18)
(15.9567 1.08561 1.72267e-18)
(17.7262 1.20757 0)
(19.0796 1.302 1.07966e-18)
(20.2546 1.38488 -9.63239e-19)
(21.3395 1.46218 -1.38464e-20)
(22.3769 1.53683 8.24493e-19)
(23.3859 1.6101 -7.78422e-19)
(24.3656 1.68185 0)
(25.2853 1.75142 1.88903e-20)
(26.0338 1.80603 5.93937e-19)
(13.3012 0.905623 -2.96796e-21)
(16.0094 1.09393 3.80698e-18)
(17.7822 1.21656 -1.45485e-22)
(19.1365 1.31156 -2.38886e-18)
(20.3108 1.39501 1.06151e-18)
(21.3941 1.47288 -9.7202e-19)
(22.4293 1.54813 9.11456e-19)
(23.4357 1.62216 0)
(24.4132 1.69481 7.66101e-19)
(25.3318 1.76545 -1.33259e-21)
(26.081 1.82428 -1.85326e-21)
(13.3569 0.913706 3.77131e-18)
(16.0622 1.10177 3.90266e-21)
(17.8391 1.22539 0)
(19.1947 1.32095 1.31602e-18)
(20.3688 1.40474 -5.09605e-21)
(21.4507 1.48284 -1.07876e-18)
(22.4837 1.55825 0)
(23.4875 1.63234 0)
(24.4624 1.70496 -1.26987e-21)
(25.3794 1.77479 -2.54544e-20)
(26.128 1.82967 0)
(13.4085 0.921763 -4.11564e-18)
(16.1222 1.11036 0)
(17.9006 1.23506 3.51265e-21)
(19.257 1.3314 5.85909e-21)
(20.4307 1.41595 1.28658e-18)
(21.5114 1.49486 -1.16359e-18)
(22.5423 1.57118 8.91815e-21)
(23.5436 1.64638 0)
(24.5159 1.72056 -1.30837e-21)
(25.4308 1.79305 5.29465e-20)
(26.1794 1.85207 7.34291e-19)
(13.4647 0.931598 -4.48964e-18)
(16.1867 1.11858 2.49024e-18)
(17.9674 1.24485 3.10909e-22)
(19.3246 1.34187 -1.56631e-18)
(20.4982 1.42681 -4.9104e-21)
(21.5777 1.50596 1.26738e-18)
(22.6066 1.58241 -1.19526e-18)
(23.6053 1.65757 2.18675e-18)
(24.5751 1.7314 -9.83492e-19)
(25.4878 1.80294 -2.75185e-20)
(26.2347 1.86236 2.49754e-20)
(13.4991 0.936726 -4.89619e-18)
(16.262 1.12853 2.7217e-18)
(18.0387 1.25488 3.12918e-22)
(19.3949 1.35216 -1.68612e-18)
(20.5675 1.43743 -5.80584e-21)
(21.6455 1.51692 1.38959e-18)
(22.6723 1.59374 1.28016e-18)
(23.6683 1.66937 -1.1716e-18)
(24.635 1.74388 1.07734e-18)
(25.5447 1.81589 -9.93067e-19)
(26.2889 1.87462 8.98553e-19)
(13.5657 0.941373 -5.23524e-18)
(16.3259 1.14013 8.44662e-22)
(18.1107 1.26643 2.17258e-18)
(19.4685 1.36436 -7.35858e-21)
(20.6405 1.45031 6.07074e-21)
(21.717 1.53047 1.48172e-18)
(22.7416 1.60791 -1.38696e-18)
(23.7349 1.68417 2.07231e-20)
(24.6984 1.75947 -1.90668e-20)
(25.6046 1.83266 0)
(26.3465 1.89188 -6.26836e-20)
(13.6534 0.950592 -5.24913e-21)
(16.3937 1.15072 -5.84767e-21)
(18.1883 1.27769 0)
(19.5495 1.37645 -1.93765e-18)
(20.7219 1.46317 1.72367e-18)
(21.7972 1.54407 -1.5991e-18)
(22.8197 1.62228 1.48505e-18)
(23.8101 1.69939 -2.06014e-20)
(24.7705 1.77554 1.27658e-18)
(25.6734 1.84969 -1.14163e-18)
(26.413 1.91259 1.03005e-18)
(13.7422 0.961414 0)
(16.4606 1.16056 0)
(18.2646 1.28879 5.05807e-21)
(19.6298 1.38832 2.07766e-18)
(20.8037 1.4755 -1.84893e-18)
(21.8783 1.55667 0)
(22.8988 1.63503 1.27569e-20)
(23.8863 1.71215 1.46548e-18)
(24.8431 1.78813 -1.37091e-18)
(25.7418 1.86139 -3.95034e-20)
(26.4775 1.91753 -4.78792e-21)
(13.8325 0.973593 -6.27796e-18)
(16.5351 1.17123 3.52151e-18)
(18.3466 1.30132 -2.66768e-18)
(19.7156 1.40206 2.22505e-18)
(20.8911 1.49036 0)
(21.9657 1.57271 1.80644e-18)
(22.9845 1.6524 6.55694e-23)
(23.9693 1.7311 -1.55498e-18)
(24.9226 1.80917 -1.40671e-18)
(25.8173 1.88615 2.58766e-18)
(26.5517 1.94943 6.76805e-20)
(13.9161 0.986533 0)
(16.6136 1.18127 0)
(18.4309 1.31321 0)
(19.8033 1.41467 0)
(20.9806 1.50325 2.11325e-18)
(22.0553 1.58556 -4.13112e-22)
(23.0726 1.6649 -1.80367e-18)
(24.0546 1.74283 -1.68693e-18)
(25.0041 1.81952 -2.3978e-20)
(25.8944 1.89375 1.42855e-18)
(26.6244 1.94821 1.34947e-18)
(13.9857 0.998383 -7.1043e-18)
(16.7032 1.19369 3.9828e-18)
(18.5219 1.32766 0)
(19.8961 1.43056 0)
(21.0744 1.52059 -8.42983e-21)
(22.149 1.60447 2.03569e-18)
(23.1649 1.68561 -1.88809e-18)
(24.1441 1.76575 -1.6938e-18)
(25.0895 1.84533 1.63296e-18)
(25.9747 1.92473 1.4545e-18)
(26.7031 1.98847 -1.31142e-18)
(14.0662 1.01408 -7.57657e-18)
(16.8038 1.20537 -4.24061e-18)
(18.6252 1.34223 3.19607e-18)
(20.0012 1.44634 -1.0718e-20)
(21.1803 1.53721 0)
(22.2545 1.62175 0)
(23.269 1.70339 -1.61697e-20)
(24.2455 1.78378 1.86722e-21)
(25.1873 1.863 1.70855e-18)
(26.0684 1.94093 -1.55082e-18)
(26.7943 2.00308 -1.40824e-18)
(14.1053 1.02023 -8.21326e-18)
(16.9334 1.22127 4.54778e-18)
(18.744 1.35789 -1.94631e-22)
(20.1175 1.46244 -5.62626e-18)
(21.2953 1.55403 2.49254e-18)
(22.3683 1.63944 2.27203e-18)
(23.3809 1.72206 -2.10693e-18)
(24.3545 1.80364 1.96828e-18)
(25.2922 1.88435 -5.97296e-20)
(26.1684 1.9639 -1.69258e-18)
(26.8898 2.03014 -9.05595e-20)
(14.2024 1.02917 -8.64202e-21)
(17.0331 1.23779 0)
(18.8581 1.37488 0)
(20.2351 1.48022 0)
(21.4129 1.57248 1.00404e-20)
(22.4846 1.65837 2.46316e-18)
(23.495 1.74127 -2.22926e-18)
(24.4655 1.82289 -2.14633e-18)
(25.3989 1.9034 3.94637e-18)
(26.2698 1.98193 -1.62769e-18)
(26.9855 2.03934 -1.01902e-19)
(14.2855 1.04381 1.81477e-20)
(17.1495 1.25283 -5.06126e-18)
(18.9776 1.39163 -7.61528e-21)
(20.3577 1.49839 0)
(21.5365 1.59187 1.12458e-20)
(22.6074 1.67908 -1.93951e-20)
(23.6158 1.76353 1.09338e-21)
(24.5832 1.84702 2.22104e-18)
(25.5125 1.93008 -4.08119e-18)
(26.3781 2.01355 1.76743e-18)
(27.0918 2.07925 1.00545e-19)
(7.78039 1.24265 9.88877e-17)
(10.5448 1.71202 -4.29792e-17)
(12.3155 2.03466 1.24854e-19)
(14.0038 2.36845 4.41552e-17)
(15.8092 2.74212 -1.92766e-17)
(17.8443 3.17852 3.44783e-17)
(20.1877 3.69764 -3.16432e-17)
(22.884 4.31483 -2.92342e-17)
(25.8964 5.03579 7.5345e-20)
(28.7941 5.78105 2.33377e-17)
(30.5781 6.31421 2.00842e-17)
(8.94257 1.53946 0)
(11.7715 2.04854 -8.87273e-17)
(13.67 2.41397 5.90191e-17)
(15.474 2.78663 0)
(17.4002 3.20223 1.55004e-19)
(19.5638 3.68544 1.53082e-19)
(22.0378 4.25658 -2.60945e-19)
(24.8425 4.92667 0)
(27.8512 5.68824 2.88364e-17)
(30.3251 6.37198 -5.1278e-17)
(31.4949 6.7555 2.19427e-17)
(9.9768 1.85316 1.96876e-19)
(12.9166 2.41308 8.59389e-20)
(14.9421 2.82582 6.26251e-17)
(16.8694 3.24242 -1.44175e-19)
(18.9268 3.7046 -8.89751e-17)
(21.2295 4.23875 4.0591e-17)
(23.8396 4.86352 -3.78699e-17)
(26.7399 5.58418 3.52667e-17)
(29.6309 6.35272 3.14366e-17)
(31.5463 6.90835 -2.68712e-17)
(32.257 7.16882 -2.27978e-17)
(10.951 2.19288 -1.52068e-19)
(13.9982 2.81062 1.89301e-16)
(16.1599 3.27874 -6.63138e-17)
(18.2185 3.74903 -5.40821e-17)
(20.4144 4.26908 9.62122e-17)
(22.8604 4.86664 -4.42882e-17)
(25.5999 5.55725 0)
(28.5525 6.33567 3.77029e-17)
(31.1529 7.07543 -3.4319e-17)
(32.4745 7.49703 -4.50238e-19)
(32.9016 7.71956 5.78054e-20)
(11.9141 2.57532 -1.9873e-16)
(15.0962 3.26998 9.86081e-17)
(17.3903 3.80027 7.01116e-17)
(19.5863 4.33365 -6.27348e-20)
(21.9292 4.92228 1.32302e-19)
(24.5242 5.59387 -4.84087e-17)
(27.3827 6.35886 0)
(30.3028 7.18218 -4.12587e-17)
(32.4401 7.84 3.71352e-17)
(33.2463 8.13763 0)
(33.5503 8.33604 -1.68183e-18)
(14.6997 4.05434 0)
(18.2489 5.00062 0)
(21.0628 5.81536 -1.6905e-19)
(23.7834 6.63145 0)
(26.6524 7.51584 2.64862e-19)
(29.6894 8.48306 4.97621e-19)
(32.5749 9.45111 5.77306e-17)
(34.3796 10.0993 -5.23267e-17)
(34.934 10.3612 0)
(35.0831 10.5056 -3.8881e-17)
(35.3789 10.7775 1.32484e-18)
(15.1517 1.14672 1.20349e-17)
(17.9012 1.36064 2.67408e-20)
(19.8112 1.50826 5.33038e-18)
(21.2238 1.62267 -4.42558e-18)
(22.4111 1.72412 3.9202e-18)
(23.4744 1.82015 -3.57418e-18)
(24.4642 1.91431 3.29442e-18)
(25.4059 2.00831 -2.94399e-18)
(26.3052 2.10207 2.69589e-18)
(27.1413 2.19655 -3.81076e-21)
(27.8444 2.29004 -4.588e-18)
(15.3316 1.07638 -1.19396e-17)
(18.1005 1.4262 6.73484e-18)
(20.1285 1.57847 -9.95137e-21)
(21.6449 1.69081 0)
(22.9132 1.78329 -3.82106e-18)
(24.0354 1.86065 3.55789e-18)
(25.065 1.92684 -3.314e-18)
(26.0307 1.98519 -4.43088e-20)
(26.9414 2.03748 -1.9706e-21)
(27.779 2.08162 7.00873e-20)
(28.46 2.12253 4.63685e-18)
(15.9603 2.18251 1.09291e-17)
(18.6849 2.00885 -1.13322e-17)
(20.0601 2.01599 1.64168e-17)
(21.1228 2.12594 -1.21699e-17)
(22.083 2.21213 -3.45182e-20)
(22.9838 2.27242 0)
(23.8391 2.31964 0)
(24.6598 2.3548 -2.12436e-17)
(25.4557 2.37134 1.71871e-17)
(26.2176 2.37367 0)
(27.0017 2.33647 4.08502e-20)
(5.23589 0.300073 -2.88571e-16)
(7.49979 -0.802739 6.43268e-17)
(7.97571 -1.17407 7.42913e-17)
(8.10886 -1.15748 5.12232e-17)
(8.12584 -1.10475 -7.73833e-19)
(8.08673 -1.07411 -6.53177e-19)
(8.03126 -1.04948 -4.24109e-17)
(7.97508 -1.03424 -3.1359e-17)
(7.91085 -1.04329 -2.34122e-17)
(7.82105 -1.06636 7.2117e-17)
(7.74408 -0.949051 -3.38766e-17)
(4.42243 -1.01136 -3.70684e-16)
(4.35838 -0.999578 6.99714e-17)
(4.03357 -1.03464 0)
(3.69405 -1.09391 -2.49318e-17)
(3.35655 -1.17912 3.69867e-17)
(3.02153 -1.29228 -2.93044e-17)
(2.68871 -1.437 1.21882e-17)
(2.35746 -1.61779 -1.03799e-17)
(2.02432 -1.84527 8.86838e-18)
(1.68248 -2.13963 2.46899e-19)
(1.33218 -2.47959 -2.65009e-19)
(2.82001 -0.649364 1.62607e-19)
(3.07977 -0.735244 7.26018e-17)
(3.07483 -0.818286 -5.02723e-20)
(2.98393 -0.887838 2.53069e-20)
(2.84448 -0.961011 -4.10195e-17)
(2.66453 -1.0389 3.2356e-17)
(2.44283 -1.12352 -1.33236e-17)
(2.17424 -1.21688 8.76848e-20)
(1.85034 -1.32175 3.14817e-19)
(1.45924 -1.44026 -8.69822e-18)
(0.982369 -1.57112 9.92253e-18)
(0.617603 -0.157115 -1.46505e-19)
(0.575309 -0.177589 0)
(0.462629 -0.226843 9.18251e-20)
(0.349864 -0.284038 -6.00134e-20)
(0.233715 -0.362396 -8.77896e-20)
(0.109188 -0.460624 6.86489e-20)
(-0.0299782 -0.579519 -1.0944e-19)
(-0.190749 -0.719796 -9.4654e-20)
(-0.381713 -0.882531 -1.05652e-17)
(-0.612343 -1.0675 9.10392e-18)
(-0.892144 -1.26587 0)
(-0.0560123 -0.00825078 -5.69783e-21)
(-0.159991 -0.00989499 1.41658e-16)
(-0.348642 -0.0212237 -5.12317e-17)
(-0.524207 -0.0376925 -3.38091e-17)
(-0.692582 -0.0704489 2.45987e-17)
(-0.859253 -0.118998 1.92022e-17)
(-1.03045 -0.184505 -1.54817e-17)
(-1.21318 -0.26836 0)
(-1.41549 -0.372684 1.14412e-17)
(-1.6469 -0.499211 -1.96154e-17)
(-1.91888 -0.646762 -6.6104e-20)
(-1.22547 0.227928 1.12854e-19)
(-1.39864 0.238912 6.53517e-20)
(-1.62973 0.238093 -5.32124e-17)
(-1.81226 0.226576 3.53974e-17)
(-1.97139 0.196748 1.00917e-19)
(-2.12079 0.151566 0)
(-2.26908 0.0914225 -1.2831e-19)
(-2.42349 0.0156851 1.07631e-19)
(-2.59173 -0.0773263 -1.85086e-19)
(-2.78215 -0.189506 1.03247e-17)
(-3.00398 -0.317935 -1.13283e-17)
(-1.93171 0.363388 -1.04887e-16)
(-2.1539 0.388892 -6.4086e-17)
(-2.44877 0.409018 1.09317e-16)
(-2.66729 0.414257 -3.70746e-17)
(-2.84442 0.40098 -2.7408e-17)
(-3.00194 0.372892 -1.78782e-20)
(-3.15223 0.330993 1.75187e-17)
(-3.30481 0.275531 -1.47121e-17)
(-3.46816 0.206205 -2.69214e-20)
(-3.65081 0.122481 1.08372e-17)
(-3.86396 0.0210329 -1.2576e-17)
(-2.52129 0.476264 0)
(-2.77965 0.512842 0)
(-3.12953 0.55258 -5.68672e-17)
(-3.38299 0.572729 -1.18169e-20)
(-3.57812 0.572633 5.77851e-17)
(-3.74294 0.557493 -2.26401e-17)
(-3.89231 0.52946 0)
(-4.03628 0.489278 1.20585e-19)
(-4.18326 0.436876 2.06057e-19)
(-4.34036 0.372529 -1.14568e-17)
(-4.51432 0.298626 2.50169e-17)
(-2.94222 0.548897 0)
(-3.23049 0.594237 0)
(-3.63287 0.649285 -5.94527e-17)
(-3.92204 0.682909 4.15476e-17)
(-4.13598 0.696255 1.19891e-19)
(-4.30907 0.695114 0)
(-4.4591 0.682273 1.52698e-19)
(-4.59793 0.658991 -3.95153e-22)
(-4.73468 0.625738 -2.19036e-19)
(-4.87758 0.582885 -1.89017e-19)
(-5.0358 0.531197 0)
(-3.1885 0.590562 0)
(-3.49472 0.642741 0)
(-3.94336 0.71504 0)
(-4.27127 0.763725 -8.61626e-20)
(-4.50843 0.790779 0)
(-4.69425 0.803338 0)
(-4.84927 0.804974 -1.02765e-21)
(-4.98674 0.797486 -1.36961e-19)
(-5.11716 0.782033 0)
(-5.24963 0.759462 2.01855e-19)
(-5.3935 0.730575 0)
(-3.28889 0.601293 8.86025e-20)
(-3.60497 0.657425 0)
(-4.09263 0.741454 0)
(-4.45901 0.802737 9.27181e-22)
(-4.72118 0.84253 1.35227e-19)
(-4.92241 0.868349 -1.06134e-19)
(-5.08563 0.884005 -2.22803e-17)
(-5.22577 0.891957 1.86193e-17)
(-5.35415 0.893943 0)
(-5.48017 0.891509 0)
(-5.61371 0.885502 0)
(-3.24047 0.586462 -1.76392e-19)
(-3.55625 0.644852 0)
(-4.07176 0.740886 0)
(-4.47734 0.815887 4.99265e-17)
(-4.76857 0.868967 -1.43854e-19)
(-4.99006 0.908271 1.18018e-19)
(-5.16645 0.938064 -2.39767e-17)
(-5.31408 0.961158 0)
(-5.44519 0.979525 0)
(-5.56991 0.995439 0)
(-5.69737 1.01074 4.91308e-19)
(-3.0651 0.54776 8.96543e-17)
(-3.37673 0.606871 -6.26573e-17)
(-3.90654 0.709722 7.03726e-17)
(-4.3483 0.796554 -5.19121e-17)
(-4.67152 0.863241 3.87227e-17)
(-4.91743 0.91707 -6.07514e-17)
(-5.11146 0.961993 4.96038e-17)
(-5.27082 1.00165 -2.0757e-17)
(-5.4086 1.03865 -2.69956e-19)
(-5.53599 1.07457 0)
(-5.66268 1.11045 1.61716e-17)
(-2.74976 0.486618 0)
(-3.04768 0.54485 6.22799e-17)
(-3.57245 0.652666 -7.14386e-17)
(-4.04121 0.750768 0)
(-4.39944 0.831998 0)
(-4.67661 0.901907 0)
(-4.89457 0.963758 -2.03864e-19)
(-5.07029 1.02096 -2.11277e-17)
(-5.21689 1.07696 3.66065e-17)
(-5.34499 1.13471 -1.57844e-17)
(-5.4634 1.19522 4.89611e-19)
(-2.33351 0.407909 0)
(-2.60363 0.461987 5.95172e-20)
(-3.1052 0.568689 0)
(-3.58384 0.672522 5.53003e-17)
(-3.9707 0.765334 -4.24061e-17)
(-4.28228 0.85052 -1.28924e-19)
(-4.53029 0.928845 0)
(-4.72865 1.00294 -3.52338e-19)
(-4.89017 1.07589 2.92814e-19)
(-5.02537 1.15227 7.32685e-21)
(-5.14305 1.23911 -5.3969e-19)
(-1.83224 0.317222 0)
(-2.06466 0.365652 -6.119e-20)
(-2.52648 0.468575 -1.41135e-19)
(-3.00001 0.575539 -2.19592e-19)
(-3.40224 0.677205 1.7279e-19)
(-3.74478 0.777159 3.53147e-17)
(-4.02909 0.873844 -2.87789e-17)
(-4.26005 0.967747 1.88961e-19)
(-4.44752 1.06091 -3.17176e-19)
(-4.60139 1.15749 2.69037e-19)
(-4.73089 1.26545 -1.82079e-17)
(-1.23567 0.213529 0)
(-1.41915 0.254394 -6.1849e-17)
(-1.82353 0.351619 7.53583e-17)
(-2.27859 0.460177 1.13574e-19)
(-2.68458 0.568343 1.7025e-19)
(-3.04784 0.6802 0)
(-3.36766 0.794652 -2.33219e-19)
(-3.64056 0.910523 -1.95084e-19)
(-3.86663 1.02751 0)
(-4.05136 1.14815 2.76302e-19)
(-4.20217 1.2768 0)
(-0.59048 0.102566 4.21185e-20)
(-0.715046 0.133206 -6.19857e-20)
(-1.04418 0.217035 7.823e-17)
(-1.464 0.32101 -5.92112e-17)
(-1.8595 0.431333 -4.5235e-17)
(-2.22955 0.55081 3.72956e-17)
(-2.5719 0.678272 -3.12085e-17)
(-2.88213 0.81245 2.68889e-17)
(-3.15436 0.952626 2.32379e-17)
(-3.38349 1.09802 -3.90062e-17)
(-3.56854 1.24886 3.91716e-17)
(0.0437953 0.00289406 -8.5599e-20)
(-0.0157182 0.0224579 0)
(-0.238854 0.0925958 0)
(-0.596026 0.189616 6.19821e-17)
(-0.964621 0.298143 -4.68161e-17)
(-1.3274 0.419617 -1.50411e-19)
(-1.6791 0.553278 -3.24497e-17)
(-2.01438 0.698742 2.80408e-17)
(-2.32635 0.85561 -3.82759e-19)
(-2.60576 1.0242 3.21448e-19)
(-2.84226 1.20279 -2.08344e-17)
(0.608059 -0.0904566 -8.61322e-17)
(0.611581 -0.0836602 6.31924e-17)
(0.50048 -0.0423352 -8.78625e-17)
(0.225783 0.0334226 1.34882e-16)
(-0.0947657 0.128541 -5.00763e-17)
(-0.427951 0.241212 0)
(-0.766019 0.371118 -3.3459e-17)
(-1.10354 0.518851 2.90641e-17)
(-1.43371 0.684679 -2.52314e-17)
(-1.74537 0.868516 2.11541e-17)
(-2.0211 1.06908 6.8308e-19)
(1.05911 -0.156072 -4.15059e-20)
(1.12179 -0.160827 6.19528e-20)
(1.14023 -0.141239 0)
(0.99128 -0.0889345 0)
(0.753311 -0.0138177 0)
(0.475382 0.0810151 1.62702e-19)
(0.174542 0.194431 0)
(-0.142665 0.328435 2.32906e-19)
(-0.471256 0.485227 0)
(-0.798688 0.665978 3.52941e-19)
(-1.10646 0.869947 -1.09086e-20)
(1.2368 -0.185332 -8.31873e-17)
(1.32606 -0.196969 -3.46069e-23)
(1.43073 -0.202265 9.77872e-17)
(1.397 -0.180809 -3.99301e-17)
(1.25347 -0.133257 2.91788e-17)
(1.05102 -0.0644145 -2.28645e-17)
(0.814016 0.023353 2.88467e-19)
(0.553979 0.131186 -2.26226e-21)
(0.276208 0.262368 0)
(-0.0137106 0.42 0)
(-0.30641 0.607921 -1.5758e-18)
(1.35403 -0.200356 4.15527e-17)
(1.46305 -0.216105 3.20045e-17)
(1.63396 -0.232937 -1.04765e-16)
(1.71654 -0.232565 4.44915e-17)
(1.67935 -0.208752 1.2635e-19)
(1.56831 -0.164141 -2.48587e-17)
(1.40786 -0.100323 1.99091e-17)
(1.21298 -0.0157485 -2.63397e-19)
(0.992868 0.0916291 -4.44727e-19)
(0.754654 0.226008 0)
(0.505316 0.391028 1.2882e-17)
(1.34937 -0.197634 -4.16409e-17)
(1.46261 -0.214686 0)
(1.67289 -0.241573 5.58848e-17)
(1.84755 -0.259954 -1.9584e-19)
(1.9024 -0.256194 -3.67048e-17)
(1.87705 -0.234003 -4.38641e-19)
(1.79619 -0.19502 0)
(1.67355 -0.138215 -2.90336e-19)
(1.51821 -0.0617218 -1.46183e-17)
(1.33742 0.0359906 1.32062e-17)
(1.13756 0.158459 1.41023e-17)
(1.31624 -0.187489 -4.17743e-17)
(1.43628 -0.204231 3.27166e-17)
(1.68907 -0.230546 0)
(1.94989 -0.254091 0)
(2.08408 -0.257648 3.86315e-17)
(2.12475 -0.24296 2.28177e-19)
(2.10063 -0.212257 -4.69343e-17)
(2.02857 -0.166238 3.86928e-17)
(1.91908 -0.104436 -1.64603e-17)
(1.77937 -0.0265609 -4.18833e-19)
(1.61533 0.0724587 -1.40616e-17)
(1.42011 -0.19683 4.06133e-20)
(1.55919 -0.214538 3.23687e-17)
(1.86691 -0.243064 -5.42727e-17)
(2.17686 -0.269668 -1.86722e-19)
(2.3514 -0.276331 -3.62166e-17)
(2.42361 -0.264635 2.81009e-17)
(2.42343 -0.23848 0)
(2.37184 -0.199647 0)
(2.2817 -0.148456 -1.50665e-17)
(2.16078 -0.0844989 1.30295e-17)
(2.01416 -0.00780044 1.22484e-17)
(1.61866 -0.222175 8.27912e-17)
(1.7798 -0.241945 3.12795e-23)
(2.13181 -0.275427 -9.90047e-20)
(2.455 -0.304895 -4.37187e-17)
(2.62528 -0.313733 3.32903e-17)
(2.68917 -0.305669 -7.32211e-22)
(2.68183 -0.285888 -4.16182e-17)
(2.6256 -0.256774 -2.63897e-19)
(2.53253 -0.219058 1.39383e-17)
(2.40863 -0.172659 0)
(2.25627 -0.119208 -1.26823e-17)
(1.84181 -0.250767 8.02397e-20)
(2.02086 -0.272837 -3.16042e-17)
(2.39149 -0.311437 4.89746e-17)
(2.69371 -0.342777 4.08885e-17)
(2.82837 -0.35265 -3.04165e-17)
(2.86206 -0.348617 -2.36783e-17)
(2.83395 -0.336004 1.91838e-17)
(2.76365 -0.31773 2.46306e-19)
(2.66073 -0.294607 1.44015e-21)
(2.52874 -0.266479 -1.09764e-17)
(2.36746 -0.234249 7.91345e-19)
(2.02176 -0.275531 -4.09407e-17)
(2.20731 -0.299827 3.13534e-17)
(2.56596 -0.345105 9.31925e-20)
(2.81349 -0.378233 -3.82341e-17)
(2.90083 -0.390869 2.80984e-17)
(2.90338 -0.393216 -2.18721e-17)
(2.85532 -0.390284 0)
(2.77196 -0.384197 0)
(2.6603 -0.376031 1.88424e-21)
(2.52288 -0.365492 -6.6901e-19)
(2.35977 -0.353666 1.07341e-17)
(2.07235 -0.280927 -4.04568e-17)
(2.25236 -0.305932 -3.0874e-17)
(2.56987 -0.353395 4.47434e-17)
(2.7576 -0.386458 -3.55574e-17)
(2.80926 -0.402948 5.18915e-17)
(2.79119 -0.413114 -2.0125e-17)
(2.73058 -0.420429 1.26555e-19)
(2.63885 -0.427501 0)
(2.52065 -0.435259 1.81145e-19)
(2.37721 -0.443065 3.12667e-19)
(2.20738 -0.453528 3.77845e-21)
(1.98782 -0.268973 -4.02491e-17)
(2.15632 -0.294549 3.02539e-17)
(2.41982 -0.344015 8.11134e-20)
(2.55532 -0.377884 2.52935e-19)
(2.58086 -0.398851 -9.23017e-20)
(2.54986 -0.416456 0)
(2.48328 -0.433609 1.49681e-17)
(2.38965 -0.452157 -1.9254e-19)
(2.2721 -0.472973 3.73877e-21)
(2.13081 -0.496166 4.71007e-21)
(1.96354 -0.524918 -9.94309e-18)
(1.77363 -0.239286 3.95763e-20)
(1.92096 -0.263825 5.91599e-20)
(2.12843 -0.312732 -7.94789e-20)
(2.22366 -0.347199 3.08939e-17)
(2.23151 -0.37249 -4.53058e-17)
(2.19292 -0.397097 1.77377e-17)
(2.12384 -0.423338 0)
(2.03097 -0.453067 -1.19551e-17)
(1.91701 -0.487538 1.02426e-17)
(1.78264 -0.527454 0)
(1.62657 -0.575469 -3.10224e-19)
(1.45453 -0.194932 8.13168e-17)
(1.57312 -0.216373 -6.06664e-17)
(1.7262 -0.260774 -1.47513e-21)
(1.7896 -0.293609 6.1857e-17)
(1.78492 -0.320786 -2.27873e-17)
(1.74182 -0.34945 1.79871e-17)
(1.67197 -0.381221 -1.46004e-17)
(1.58039 -0.417829 -1.24891e-17)
(1.46907 -0.460726 2.13222e-17)
(1.33841 -0.511204 -9.52891e-18)
(1.18714 -0.571583 0)
(1.09199 -0.146675 4.00827e-20)
(1.17873 -0.164362 -5.99377e-20)
(1.27797 -0.203751 8.31799e-17)
(1.31133 -0.234621 -6.28901e-17)
(1.29535 -0.262443 2.31126e-17)
(1.24892 -0.293285 1.78358e-17)
(1.17981 -0.328294 -1.49621e-17)
(1.09164 -0.368999 1.27344e-17)
(0.986145 -0.416941 -1.08125e-17)
(0.864029 -0.473806 -9.18848e-18)
(0.725224 -0.539969 1.04882e-17)
(0.700382 -0.0950766 4.20589e-17)
(0.753308 -0.108219 6.15123e-20)
(0.798743 -0.138993 -4.32412e-17)
(0.803181 -0.165043 -3.28507e-17)
(0.776664 -0.191281 4.75404e-17)
(0.727313 -0.222086 2.96058e-19)
(0.659013 -0.257899 1.24744e-19)
(0.573896 -0.300219 -2.56968e-17)
(0.47322 -0.350698 1.10773e-17)
(0.357862 -0.410759 3.03406e-19)
(0.228527 -0.48029 0)
(0.30117 -0.0454777 -4.30733e-17)
(0.319792 -0.0541762 3.22e-17)
(0.311371 -0.0781601 8.79451e-20)
(0.286449 -0.100264 0)
(0.249332 -0.124388 -2.44967e-17)
(0.197704 -0.154008 1.90392e-17)
(0.131761 -0.18921 -1.56507e-17)
(0.0520811 -0.231168 2.62872e-17)
(-0.0404103 -0.281354 1.83616e-19)
(-0.144868 -0.341245 -1.01392e-17)
(-0.260213 -0.410731 0)
(-0.0795836 0.00227752 -4.39697e-17)
(-0.0938496 -0.00169598 -3.31013e-17)
(-0.153214 -0.0148639 4.71006e-17)
(-0.206805 -0.0299322 -1.39137e-19)
(-0.254656 -0.0500619 -1.00279e-19)
(-0.308885 -0.0768582 -1.97221e-17)
(-0.372872 -0.109808 3.21015e-17)
(-0.447228 -0.149581 -1.34524e-17)
(-0.531772 -0.197066 -1.79082e-19)
(-0.625613 -0.253408 0)
(-0.727663 -0.320868 0)
(-0.442708 0.0428875 -4.28809e-20)
(-0.488855 0.0426481 0)
(-0.596208 0.0340036 -4.58189e-17)
(-0.67633 0.0214429 3.44581e-17)
(-0.73414 0.00246589 2.49123e-17)
(-0.79016 -0.0233785 -1.95679e-17)
(-0.850966 -0.0552836 1.21888e-19)
(-0.918502 -0.0936728 1.30664e-17)
(-0.992565 -0.139875 -1.09548e-17)
(-1.07184 -0.195134 -9.62322e-18)
(-1.15335 -0.255508 -6.98134e-21)
(-0.766711 0.0806251 0)
(-0.84234 0.0847719 0)
(-0.996744 0.0868451 -9.1812e-20)
(-1.10587 0.0819368 3.517e-17)
(-1.17501 0.0682686 -2.54562e-17)
(-1.23338 0.0470892 1.53689e-19)
(-1.29111 0.0196408 1.5999e-17)
(-1.35153 -0.0139848 5.38248e-21)
(-1.41513 -0.0541546 -2.26935e-17)
(-1.4809 -0.10251 1.95821e-17)
(-1.54611 -0.160736 -3.31225e-19)
(-1.03511 0.10762 -4.44327e-17)
(-1.13717 0.114898 0)
(-1.33516 0.122238 -4.6396e-17)
(-1.47249 0.12145 3.49541e-17)
(-1.55438 0.110955 2.52424e-17)
(-1.61704 0.0929483 -1.96781e-17)
(-1.67349 0.0689036 -1.59429e-17)
(-1.72836 0.0389822 1.32738e-17)
(-1.78242 0.00260856 1.10947e-17)
(-1.83429 -0.0410807 -1.93876e-17)
(-1.88064 -0.0917256 1.08219e-17)
(-1.26701 0.130448 0)
(-1.39271 0.140825 3.39505e-17)
(-1.63012 0.15531 -4.66034e-17)
(-1.79462 0.160164 -6.17814e-22)
(-1.88949 0.153996 2.56407e-17)
(-1.9568 0.140001 3.2955e-21)
(-2.01215 0.119964 3.67812e-21)
(-2.06131 0.0943411 -1.34497e-17)
(-2.1055 0.0627658 -1.13132e-17)
(-2.14331 0.0246658 9.71356e-18)
(-2.17096 -0.019153 1.07867e-17)
(-1.4554 0.146619 -4.53087e-17)
(-1.60222 0.15936 6.89115e-17)
(-1.87597 0.178613 -9.3712e-17)
(-2.06584 0.1876 3.54299e-17)
(-2.17292 0.185052 0)
(-2.24439 0.174701 -2.00712e-17)
(-2.29807 0.158514 3.23637e-17)
(-2.34079 0.137095 1.08009e-19)
(-2.37421 0.110253 -2.27784e-17)
(-2.39696 0.0774839 9.46285e-18)
(-2.40506 0.039875 1.00066e-17)
(-1.6088 0.158001 4.57438e-17)
(-1.7738 0.172597 -3.48381e-17)
(-2.07965 0.196031 -1.84526e-19)
(-2.29289 0.208653 3.54727e-17)
(-2.41186 0.209157 2.5839e-17)
(-2.48778 0.201829 8.02727e-20)
(-2.54042 0.18882 -1.2509e-19)
(-2.57764 0.170884 -2.71061e-17)
(-2.60168 0.148005 1.14141e-17)
(-2.61148 0.119968 1.02387e-17)
(-2.60337 0.0882903 3.2583e-19)
(-1.73056 0.165485 -4.52486e-20)
(-1.91096 0.181475 -3.51835e-17)
(-2.24532 0.208105 9.17059e-20)
(-2.48011 0.22382 3.5654e-17)
(-2.6101 0.227204 -2.60711e-17)
(-2.68989 0.222892 -8.11985e-20)
(-2.74081 0.213114 1.65525e-17)
(-2.7714 0.198772 -1.36445e-17)
(-2.78409 0.180137 2.30688e-17)
(-2.77751 0.157431 -9.87928e-18)
(-2.74716 0.131697 -3.37116e-19)
(-1.82067 0.168938 -4.64995e-17)
(-2.01347 0.185943 3.54634e-17)
(-2.37214 0.214919 4.75642e-17)
(-2.62619 0.232994 -7.16323e-17)
(-2.76634 0.238579 5.24365e-17)
(-2.84969 0.236555 -2.03332e-17)
(-2.89888 0.229222 1.66488e-17)
(-2.92322 0.217504 -1.37076e-17)
(-2.92573 0.201752 -1.13958e-17)
(-2.90561 0.182341 9.75127e-18)
(-2.85937 0.16133 1.06042e-17)
(-1.89221 0.169932 4.70538e-17)
(-2.09589 0.187587 -3.58577e-17)
(-2.47492 0.218026 4.77994e-17)
(-2.745 0.237759 -7.22479e-17)
(-2.8939 0.245086 5.27466e-17)
(-2.98022 0.244902 8.15438e-20)
(-3.02763 0.239513 -1.6936e-17)
(-3.04607 0.229961 1.39529e-17)
(-3.0389 0.216652 -1.18812e-17)
(-3.00556 0.199892 0)
(-2.94217 0.181824 0)
(-1.94867 0.169107 -4.74756e-17)
(-2.16167 0.187131 0)
(-2.55712 0.218184 0)
(-2.84047 0.238845 -3.62908e-17)
(-2.99703 0.247315 1.0342e-19)
(-3.08573 0.248364 4.1537e-17)
(-3.13105 0.24432 -1.67284e-17)
(-3.14341 0.236262 1.38911e-17)
(-3.12646 0.224704 -1.18331e-17)
(-3.0797 0.209992 0)
(-2.99936 0.193641 0)
(-1.99808 0.167097 -4.68335e-20)
(-2.21992 0.185219 3.58073e-20)
(-2.62854 0.216247 -4.77806e-17)
(-2.92173 0.237209 7.27523e-17)
(-3.08435 0.246284 -5.3669e-17)
(-3.17447 0.248031 4.19016e-17)
(-3.21709 0.244742 -3.39397e-17)
(-3.22303 0.237522 1.41928e-17)
(-3.1962 0.226948 1.18969e-17)
(-3.13629 0.213377 -2.03828e-17)
(-3.03976 0.198364 1.1022e-17)
(-2.04627 0.164624 9.70966e-17)
(-2.27612 0.182735 -3.68548e-17)
(-2.6952 0.213289 -4.77036e-17)
(-2.99513 0.234053 -1.41069e-23)
(-3.16187 0.243327 5.35744e-17)
(-3.25218 0.24542 -2.09599e-17)
(-3.29136 0.242575 -1.69671e-17)
(-3.2905 0.235896 -2.34913e-22)
(-3.25378 0.226 2.35698e-17)
(-3.18108 0.213342 -1.03301e-17)
(-3.06908 0.199539 3.44716e-19)
(-2.09404 0.161648 0)
(-2.33256 0.17982 -3.72019e-17)
(-2.76116 0.209593 4.73677e-17)
(-3.06468 0.229622 -3.60052e-17)
(-3.23299 0.238601 2.68495e-17)
(-3.32176 0.240552 2.09263e-17)
(-3.35624 0.237643 5.62077e-23)
(-3.34765 0.230939 -1.4088e-17)
(-3.30019 0.220965 -9.7272e-22)
(-3.21372 0.208 1.0261e-17)
(-3.08473 0.194049 -1.12698e-17)
(-2.14553 0.158677 4.99497e-17)
(-2.39352 0.176639 -1.87955e-17)
(-2.83142 0.205744 4.62306e-20)
(-3.1365 0.225024 -1.78523e-17)
(-3.30445 0.233616 1.31402e-17)
(-3.39037 0.235395 -8.05521e-20)
(-3.41955 0.232472 0)
(-3.40331 0.225916 6.92591e-18)
(-3.34609 0.216421 -5.66389e-18)
(-3.248 0.204722 -5.00734e-18)
(-3.1062 0.192636 5.40754e-18)
(-2.19485 0.155228 -2.5192e-17)
(-2.45091 0.172841 2.78607e-22)
(-2.89655 0.200879 -4.54477e-20)
(-3.20208 0.219174 1.75758e-17)
(-3.36811 0.227117 5.099e-20)
(-3.4495 0.228519 0)
(-3.4714 0.225404 0)
(-3.44483 0.218872 1.06564e-19)
(-3.37364 0.209548 9.04625e-20)
(-3.25679 0.197983 -4.94895e-18)
(-3.08929 0.186541 9.57183e-22)
(-2.25386 0.151441 -2.56087e-17)
(-2.52 0.168964 1.91228e-17)
(-2.97299 0.195589 -2.31931e-17)
(-3.27563 0.212286 3.47326e-17)
(-3.4368 0.219013 -1.28423e-17)
(-3.51152 0.219411 -7.84924e-20)
(-3.52476 0.215396 8.09264e-18)
(-3.48749 0.208001 -1.27639e-22)
(-3.40373 0.19785 -5.75082e-18)
(-3.27318 0.185596 0)
(-3.09289 0.173135 5.26979e-18)
(-2.30993 0.147635 -2.60231e-17)
(-2.58641 0.164926 1.9397e-17)
(-3.04698 0.191047 4.52394e-20)
(-3.3463 0.20712 0)
(-3.5019 0.213672 -1.26464e-17)
(-3.56919 0.214264 9.97585e-18)
(-3.57308 0.210729 0)
(-3.52441 0.204182 1.03905e-19)
(-3.427 0.19539 -8.7845e-20)
(-3.28009 0.184945 0)
(-3.07969 0.173806 5.37246e-18)
(-2.36072 0.142704 0)
(-2.64633 0.1594 -2.37304e-22)
(-3.11296 0.184165 -4.4563e-20)
(-3.40802 0.198829 0)
(-3.55708 0.204291 1.23786e-17)
(-3.61608 0.204008 -1.95185e-17)
(-3.60989 0.199756 1.57065e-17)
(-3.54937 0.192525 -1.01616e-19)
(-3.43831 0.182883 -5.41835e-18)
(-3.27608 0.171451 -4.72638e-18)
(-3.05909 0.160556 5.04494e-18)
(-2.42021 0.137692 2.61741e-20)
(-2.71531 0.153871 1.98436e-17)
(-3.18681 0.177487 0)
(-3.47619 0.191101 -1.66454e-17)
(-3.61764 0.196024 1.23516e-17)
(-3.66773 0.195549 7.4649e-20)
(-3.65116 0.191379 -7.74734e-18)
(-3.57864 0.184513 1.05763e-22)
(-3.45373 0.175527 1.35727e-22)
(-3.27536 0.165045 4.53536e-18)
(-3.03909 0.15586 4.93182e-18)
(-2.46702 0.131591 2.69715e-17)
(-2.77015 0.147297 -1.95827e-20)
(-3.2459 0.170023 2.26392e-17)
(-3.53022 0.182862 -1.65145e-17)
(-3.66435 0.187489 0)
(-3.7054 0.187117 0)
(-3.67795 0.18343 7.66604e-18)
(-3.59252 0.177453 -6.36347e-18)
(-3.45221 0.169883 5.39281e-18)
(-3.25544 0.161578 1.44192e-19)
(-2.99723 0.155793 -5.13245e-18)
(-2.51046 0.124401 0)
(-2.82213 0.139545 3.95155e-20)
(-3.30133 0.16087 0)
(-3.57917 0.17259 -2.08706e-22)
(-3.70465 0.176763 0)
(-3.73525 0.176435 9.33865e-18)
(-3.69517 0.173228 -2.24007e-22)
(-3.59451 0.168178 -1.26352e-17)
(-3.43565 0.162027 5.3379e-18)
(-3.21612 0.155686 0)
(-2.92974 0.153195 -5.13296e-18)
(-2.53575 0.116104 0)
(-2.85363 0.130899 -1.99303e-20)
(-3.33465 0.151628 0)
(-3.60584 0.163189 3.15125e-20)
(-3.72233 0.168021 -1.19255e-17)
(-3.74176 0.169072 9.32079e-18)
(-3.688 0.16795 7.50296e-18)
(-3.57081 0.165816 -6.22704e-18)
(-3.39239 0.163788 0)
(-3.15029 0.163447 -7.08222e-20)
(-2.83912 0.167762 0)
(-2.54574 0.106367 2.83648e-17)
(-2.87125 0.120253 2.04151e-20)
(-3.35204 0.138439 0)
(-3.61236 0.148181 1.60035e-17)
(-3.71662 0.152021 -1.1751e-17)
(-3.72217 0.152706 -9.15457e-18)
(-3.65211 0.151725 5.87817e-22)
(-3.51545 0.150204 6.20736e-18)
(-3.31368 0.1491 0)
(-3.04346 0.14985 6.99548e-20)
(-2.6978 0.157937 1.5754e-19)
(-2.56942 0.0948541 1.4406e-17)
(-2.90075 0.107233 1.05242e-17)
(-3.37744 0.122645 -2.51723e-22)
(-3.62336 0.130637 -3.09848e-20)
(-3.71232 0.133627 -5.79336e-18)
(-3.70148 0.134146 0)
(-3.6131 0.133568 -3.654e-18)
(-3.45555 0.133078 3.03713e-18)
(-3.22977 0.133871 2.61229e-18)
(-2.9323 0.137608 -5.83088e-22)
(-2.55678 0.147902 -4.96019e-18)
(-2.59429 0.0812351 2.88529e-20)
(-2.93422 0.0921692 2.09632e-20)
(-3.4044 0.104124 0)
(-3.63191 0.109904 0)
(-3.7023 0.111765 0)
(-3.67213 0.111898 -4.45765e-18)
(-3.56273 0.111622 3.55489e-18)
(-3.38164 0.112076 0)
(-3.12929 0.114605 -2.52417e-18)
(-2.80177 0.121089 2.17257e-18)
(-2.39229 0.135922 -2.51361e-18)
(-2.63346 0.0685464 -1.51318e-17)
(-2.98319 0.0773685 0)
(-3.44162 0.0854328 -1.09307e-17)
(-3.64611 0.0886688 -1.45553e-20)
(-3.69432 0.0888318 5.52773e-18)
(-3.64148 0.0878193 3.34969e-20)
(-3.5079 0.0868931 2.71471e-20)
(-3.30021 0.0872663 2.28257e-20)
(-3.01803 0.0903252 -3.84613e-20)
(-2.65667 0.0980066 -2.12853e-18)
(-2.20821 0.116125 2.07165e-21)
(-2.71292 0.0539886 -1.53712e-17)
(-3.07366 0.0602137 1.07744e-20)
(-3.51203 0.0630261 -1.04012e-20)
(-3.68727 0.063039 1.4132e-20)
(-3.70838 0.0608931 5.30667e-18)
(-3.62852 0.0581672 -4.14327e-18)
(-3.46663 0.0559664 -1.32069e-20)
(-3.22811 0.0555717 -2.18515e-20)
(-2.9116 0.0584503 2.39792e-18)
(-2.51149 0.0666621 -4.15401e-18)
(-2.01792 0.0864377 2.28735e-18)
(-2.81431 0.0399564 -7.88787e-18)
(-3.18933 0.044284 5.53179e-18)
(-3.60447 0.0438082 2.01115e-20)
(-3.74826 0.0418452 3.50294e-18)
(-3.74007 0.0382608 -2.55193e-18)
(-3.63077 0.0345023 0)
(-3.43793 0.0316569 -1.60907e-18)
(-3.16592 0.0311604 1.34661e-18)
(-2.81249 0.0345237 -1.17972e-18)
(-2.37118 0.0443574 1.04347e-18)
(-1.82903 0.0680118 3.64284e-20)
(-2.95248 0.024165 -4.02723e-18)
(-3.34577 0.0255897 5.56688e-18)
(-3.73205 0.0211108 -2.48288e-18)
(-3.83982 0.0169074 0)
(-3.79791 0.0118682 -4.81982e-21)
(-3.6547 0.00713791 -3.76149e-21)
(-3.42608 0.00372293 7.76731e-19)
(-3.11512 0.00308216 -6.41095e-19)
(-2.71821 0.00681968 8.5426e-21)
(-2.22699 0.0179314 -1.01229e-18)
(-1.62177 0.0460537 -3.45681e-20)
(-3.09288 0.00800134 2.05916e-18)
(-3.5014 0.00745241 1.40006e-18)
(-3.86188 0.00237248 -2.41634e-18)
(-3.93736 -0.00122837 8.13229e-19)
(-3.86288 -0.00466792 4.61323e-21)
(-3.68542 -0.00693442 4.6833e-19)
(-3.41966 -0.00677607 -3.7914e-19)
(-3.06763 -0.00255055 3.18034e-19)
(-2.62479 0.00777591 -2.64395e-19)
(-2.08031 0.0279958 0)
(-1.40623 0.0682171 0)
(-3.21248 -0.0120512 -2.10075e-18)
(-3.63634 -0.0155252 -1.40338e-18)
(-3.96523 -0.0232886 1.16271e-18)
(-4.00509 -0.027552 -7.82363e-19)
(-3.8946 -0.0303065 5.7376e-19)
(-3.67847 -0.0309162 2.17368e-22)
(-3.36989 -0.0280108 3.60702e-19)
(-2.9696 -0.019763 -6.20943e-19)
(-2.47158 -0.00404672 2.57332e-19)
(-1.85809 0.0244885 -7.52142e-21)
(-1.08642 0.0791658 0)
(-3.32939 -0.030427 0)
(-3.76723 -0.0326451 0)
(-4.06635 -0.0338402 4.47469e-21)
(-4.07251 -0.0309521 -1.54037e-18)
(-3.92523 -0.0244272 1.13585e-18)
(-3.66759 -0.0136135 6.91371e-21)
(-3.31168 0.00269176 -5.7062e-21)
(-2.85734 0.0268437 4.63252e-21)
(-2.29541 0.0592238 8.05004e-21)
(-1.59596 0.0997478 -4.67197e-19)
(-0.696356 0.17311 1.76457e-21)
(-3.07633 -0.0451705 0)
(-3.52563 -0.0447972 0)
(-3.82339 -0.0347506 9.39431e-21)
(-3.82314 -0.0181069 0)
(-3.66036 0.00776243 -9.03375e-21)
(-3.38038 0.0433426 -7.02093e-21)
(-2.99815 0.0907927 1.13646e-20)
(-2.51746 0.153094 0)
(-1.93126 0.236731 0)
(-1.2113 0.351523 3.05738e-20)
(-0.30542 0.487814 -1.14809e-18)
(-2.79253 -0.0702292 0)
(-3.18088 -0.0781768 0)
(-3.4021 -0.0842464 -9.2836e-21)
(-3.33848 -0.078121 0)
(-3.11719 -0.062456 4.57227e-18)
(-2.77542 -0.0369934 -3.54659e-18)
(-2.32475 -0.000721371 2.87166e-18)
(-1.76514 0.0495389 -4.83891e-18)
(-1.07666 0.117097 2.16718e-18)
(-0.211247 0.210928 -2.07292e-18)
(0.89908 0.372759 4.80455e-18)
(-3.06268 -0.0908129 1.95601e-20)
(-3.42798 -0.104418 -1.20836e-17)
(-3.53529 -0.117767 0)
(-3.39001 -0.120302 0)
(-3.1053 -0.118795 4.26122e-18)
(-2.70853 -0.111707 -3.3721e-18)
(-2.20448 -0.0976208 0)
(-1.58253 -0.0731694 1.96577e-20)
(-0.80293 -0.0334864 -2.20661e-18)
(0.215493 0.033038 4.28994e-18)
(1.59716 0.185116 -2.42541e-18)
(-3.47011 -0.114958 6.91507e-22)
(-3.88325 -0.127694 2.28598e-20)
(-3.91397 -0.130123 0)
(-3.698 -0.1246 -5.63081e-18)
(-3.34205 -0.114783 4.09714e-18)
(-2.86918 -0.0984101 -3.22663e-18)
(-2.2787 -0.0725291 5.44137e-18)
(-1.54379 -0.0320401 -2.42867e-18)
(-0.59469 0.0299122 0)
(0.686236 0.124103 0)
(2.48168 0.31411 0)
(-3.41665 -0.134176 -2.04162e-20)
(-3.9131 -0.140717 2.47019e-17)
(-3.92923 -0.118173 -3.39582e-17)
(-3.67836 -0.0839963 1.11881e-17)
(-3.27114 -0.0361433 3.15147e-20)
(-2.736 0.0261218 0)
(-2.07105 0.106136 -4.18548e-20)
(-1.23505 0.210844 -4.93285e-18)
(-0.139934 0.350529 9.49147e-18)
(1.3546 0.533085 -9.05742e-18)
(3.49281 0.795994 1.0182e-17)
(-2.56713 -0.132599 -4.63944e-17)
(-2.98569 -0.13143 2.72825e-17)
(-2.98872 -0.0882021 0)
(-2.7242 -0.0228808 -4.62505e-20)
(-2.29328 0.0698494 0)
(-1.72774 0.187362 -6.7658e-18)
(-1.01875 0.333647 1.16802e-17)
(-0.11493 0.518138 -1.05492e-17)
(1.06379 0.752061 7.85401e-22)
(2.64869 1.04263 4.4824e-18)
(4.91901 1.393 -1.43534e-19)
(-1.36179 -0.0739923 5.09656e-20)
(-1.57593 -0.0609693 3.01405e-17)
(-1.45262 -0.00260479 -4.00558e-17)
(-1.12731 0.0759 2.9984e-20)
(-0.658745 0.184161 1.82438e-17)
(-0.0608581 0.321068 -7.19521e-18)
(0.689437 0.49407 6.05033e-18)
(1.64506 0.714868 -5.32373e-18)
(2.88823 1.00055 0)
(4.55394 1.36709 4.26626e-18)
(6.92421 1.80676 -8.39453e-18)
(-0.958967 -0.067765 5.41006e-17)
(-0.860629 -0.0482147 -5.90787e-17)
(-0.435969 0.00942933 3.74282e-17)
(0.0690794 0.0871081 -1.17153e-17)
(0.664948 0.191708 -8.49451e-18)
(1.37763 0.328482 -4.86193e-20)
(2.26028 0.508968 5.69823e-18)
(3.38451 0.750573 -8.01784e-20)
(4.83746 1.07574 4.61734e-18)
(6.73554 1.51104 -4.07162e-18)
(9.28052 2.0744 -4.02031e-18)
(-0.700376 -0.0346583 5.61086e-17)
(-0.376401 0.0134563 2.67264e-17)
(0.295098 0.108903 -1.56292e-17)
(1.00709 0.218119 0)
(1.80057 0.354649 5.88186e-20)
(2.72755 0.528905 9.5351e-20)
(3.85359 0.756192 -5.33045e-18)
(5.25142 1.05589 3.0102e-22)
(7.00346 1.45345 8.72701e-18)
(9.20509 1.98181 -3.73555e-18)
(11.9797 2.6722 -3.43698e-18)
(0.14585 0.0188967 5.33327e-20)
(0.819971 0.0998991 4.89988e-20)
(1.68928 0.220502 0)
(2.54577 0.355754 -1.82877e-17)
(3.4823 0.52209 1.4016e-17)
(4.57219 0.731023 -1.18879e-17)
(5.88966 0.998357 1.04106e-17)
(7.51078 1.34342 -9.32851e-18)
(9.51795 1.79123 8.29088e-18)
(11.9991 2.37002 7.48364e-18)
(15.0235 3.1334 -1.43356e-17)
(0.921358 0.10943 1.09662e-16)
(1.94366 0.234836 -4.26359e-20)
(2.99551 0.389127 0)
(4.0043 0.554725 0)
(5.10093 0.753102 1.3848e-17)
(6.36921 0.997611 -2.37952e-17)
(7.8847 1.30443 1.07207e-17)
(9.72292 1.69285 -7.3414e-20)
(11.9649 2.18674 1.32339e-19)
(14.6944 2.80753 -1.23983e-19)
(17.97 3.64195 -7.22182e-18)
(2.10121 0.246057 -1.04931e-16)
(3.48127 0.419132 4.24552e-17)
(4.66686 0.60211 2.46568e-17)
(5.79173 0.795954 -3.48969e-17)
(7.00887 1.02425 -4.81563e-20)
(8.4107 1.30182 1.22746e-17)
(10.0754 1.64514 0)
(12.0792 2.0739 0)
(14.5004 2.61206 0)
(17.4135 3.27054 1.20439e-19)
(20.8846 4.15625 -6.90404e-18)
(3.19077 0.396914 1.01007e-16)
(4.91866 0.618158 -4.06793e-17)
(6.23632 0.827873 2.42966e-17)
(7.48692 1.04733 -1.77278e-17)
(8.83391 1.30103 1.47403e-17)
(10.376 1.60579 0)
(12.193 1.97854 0)
(14.3602 2.43908 0)
(16.9488 3.0098 9.67342e-18)
(20.0103 3.69298 -8.68456e-18)
(23.5579 4.60705 0)
(4.27296 0.5653 1.02048e-16)
(6.39887 0.850317 -4.08958e-17)
(7.83117 1.08606 0)
(9.19429 1.3331 1.84812e-17)
(10.6574 1.61475 -1.55242e-17)
(12.3239 1.95003 0)
(14.275 2.35665 0)
(16.5837 2.85468 1.847e-19)
(19.31 3.46394 -1.5347e-19)
(22.4669 4.18687 2.71049e-19)
(25.8801 5.0853 0)
(5.40056 0.756236 0)
(7.86596 1.11626 0)
(9.40397 1.37672 0)
(10.8735 1.65029 -1.94461e-17)
(12.4485 1.95962 1.65457e-17)
(14.2361 2.32501 1.45858e-17)
(16.318 2.76507 -1.2287e-20)
(18.7624 3.29964 -2.4928e-17)
(21.6105 3.94457 1.32418e-20)
(24.8078 4.70061 3.33404e-19)
(27.8499 5.5106 8.76257e-18)
(6.60642 0.982872 1.00583e-16)
(9.25314 1.40125 -4.23034e-17)
(10.9053 1.68956 -5.41778e-20)
(12.482 1.99083 0)
(14.1696 2.32978 -6.64487e-20)
(16.0784 2.72828 -1.57106e-17)
(18.2896 3.2059 1.66712e-20)
(20.8627 3.78138 1.36145e-17)
(23.8091 4.46617 1.20816e-17)
(26.9394 5.23788 -1.09956e-17)
(29.3991 5.918 -2.76807e-19)
(15.6141 4.69931 0)
(19.4037 5.7896 0)
(22.4235 6.73912 1.6698e-19)
(25.3518 7.6917 3.11335e-19)
(28.4084 8.7131 2.03767e-20)
(31.5234 9.79656 6.61786e-17)
(34.0887 10.7378 -6.25451e-17)
(35.2694 11.2168 5.48459e-17)
(35.5402 11.4039 -4.79929e-17)
(35.6623 11.5633 -1.28486e-18)
(35.9751 11.8336 0)
(16.5538 5.47079 -2.20287e-16)
(20.6503 6.7509 1.2021e-16)
(23.8963 7.86711 9.42683e-17)
(27.0484 8.98805 -1.65659e-16)
(30.279 10.1709 7.68169e-17)
(33.3364 11.3431 -7.32322e-17)
(35.3412 12.1548 6.76881e-17)
(35.9726 12.4682 1.86354e-18)
(36.1066 12.6248 0)
(36.2215 12.7953 -3.99461e-17)
(36.5352 13.0562 3.20892e-17)
(17.5841 6.42736 4.60648e-16)
(22.0431 7.95967 -1.10066e-19)
(25.5346 9.27972 -4.04183e-16)
(28.9228 10.6085 1.62236e-19)
(32.2671 11.9687 1.69584e-16)
(35.0097 13.1374 -1.57942e-16)
(36.3045 13.7309 2.91992e-16)
(36.5637 13.9288 -2.53002e-16)
(36.6484 14.0837 1.05632e-16)
(36.7456 14.2593 -8.60827e-17)
(37.033 14.5326 1.44197e-16)
(18.7976 7.67693 4.75553e-16)
(23.5827 9.508 -7.36245e-19)
(27.3655 11.0967 -5.93984e-19)
(30.9853 12.6861 -1.96713e-16)
(34.2673 14.1912 1.85806e-16)
(36.3677 15.1983 -1.7697e-16)
(36.9948 15.5537 -1.56418e-16)
(37.0655 15.6984 1.59863e-18)
(37.1236 15.8523 1.10927e-16)
(37.1738 16.0203 -1.46985e-18)
(37.4046 16.2995 0)
(19.9956 9.25857 4.88461e-16)
(25.1968 11.5218 -3.61916e-19)
(29.3294 13.4902 -2.33701e-16)
(33.0922 15.3904 4.02265e-19)
(35.952 16.8945 -2.04399e-16)
(37.1871 17.5941 1.83442e-18)
(37.3553 17.7876 3.31687e-16)
(37.3461 17.9342 -2.76174e-16)
(37.3548 18.0886 2.26782e-16)
(37.3245 18.2654 -1.83541e-16)
(37.4834 18.5532 7.70226e-17)
(20.9728 11.3094 4.91784e-16)
(26.8792 14.2774 -2.87374e-16)
(31.3743 16.8035 4.62748e-19)
(34.9487 18.9665 2.30694e-16)
(36.9214 20.1629 -2.24056e-16)
(37.3554 20.4987 0)
(37.3016 20.6103 -1.27898e-18)
(37.2455 20.7351 1.39917e-16)
(37.1846 20.8213 -1.17145e-16)
(37.0664 20.9385 -9.57506e-17)
(37.1704 21.1316 5.16862e-18)
(22.3479 15.0251 -5.15845e-16)
(29.3203 18.805 0)
(33.8279 21.9266 -2.76552e-16)
(36.4163 23.9833 1.66135e-18)
(37.2099 24.5159 2.57598e-16)
(37.1485 24.5479 0)
(36.9891 24.5996 -1.84246e-16)
(36.8343 24.63 1.56377e-16)
(36.6363 24.5805 1.2624e-16)
(36.3582 24.5945 -1.03897e-16)
(36.3361 24.6277 -5.38582e-18)
(23.6788 22.8742 6.07367e-16)
(31.8775 26.8377 -8.18899e-19)
(35.4335 29.8702 0)
(36.1884 31.1063 7.44579e-16)
(36.0738 30.9294 -6.91474e-16)
(35.8065 30.7286 2.84542e-16)
(35.4827 30.5798 -8.66673e-18)
(35.1059 30.3349 1.76751e-16)
(34.6474 29.9855 -3.24625e-16)
(34.1074 29.6778 -3.68347e-18)
(33.8996 29.2497 2.97839e-18)
(18.8182 34.7448 -1.99532e-15)
(27.5931 38.0033 4.74636e-16)
(29.4379 39.6886 4.86312e-16)
(28.7692 39.7522 -9.42784e-16)
(28.3967 39.2735 4.04387e-16)
(28.0354 38.7805 -1.3782e-18)
(27.5987 38.2066 -2.46494e-16)
(27.114 37.5161 2.14091e-16)
(26.5446 36.7523 2.5295e-18)
(26.0079 35.9898 0)
(25.953 35.0581 0)
(1.78203 40.382 0)
(8.21431 43.6369 1.90032e-16)
(9.06349 43.7599 -1.97595e-16)
(9.01118 42.8818 -1.46004e-16)
(9.29604 42.0214 1.15172e-16)
(9.64373 40.993 7.60782e-17)
(10.0786 39.8075 -6.08906e-17)
(10.5591 38.502 7.86129e-17)
(11.0713 37.1177 -1.18186e-16)
(11.9202 35.6399 8.3743e-17)
(13.3317 34.0544 -5.88257e-17)
(24.8687 10.1228 -1.11212e-18)
(31.3863 5.21271 0)
(29.2936 10.0256 0)
(32.9636 26.211 2.53605e-17)
(27.2635 10.4019 0)
(21.8543 0.738893 -5.50423e-18)
(21.022 2.97314 6.44039e-18)
(22.1868 3.6192 0)
(25.1069 6.71018 0)
(36.1619 16.3937 -2.37724e-17)
(24.9062 6.8114 -2.68957e-17)
(25.9159 6.39772 -3.61066e-18)
(24.8534 6.79868 0)
(29.6229 7.95427 -1.561e-18)
(27.418 9.51892 -7.32083e-18)
(21.8607 6.15502 0)
(24.6861 6.70502 1.35616e-18)
(-0.333138 0.214838 -1.35194e-17)
(29.7514 8.10276 0)
(29.2813 6.43709 0)
(23.1604 3.97747 8.42741e-18)
(23.5865 6.2373 -3.17874e-17)
(25.5724 7.4217 -1.14618e-17)
(25.2795 3.0263 -1.02991e-19)
(32.0334 13.0653 -4.61875e-18)
(24.7771 6.43772 -1.48009e-17)
(36.7316 15.9231 1.33871e-17)
(17.7924 8.53421 -2.00203e-18)
(23.1225 9.46099 2.75371e-18)
(27.5593 4.74879 9.25341e-18)
(24.7502 6.4477 -1.19527e-18)
(-1.12287 -0.915963 9.73813e-19)
(25.1561 6.50488 -7.81007e-20)
(25.0433 6.38349 2.23347e-18)
(28.1478 7.14837 0)
(26.946 6.66831 8.73905e-21)
(25.1593 6.93162 0)
(25.0137 6.38901 -3.79481e-18)
(-1.23638 -0.831413 -1.76029e-17)
(28.6708 7.54122 -2.90173e-17)
(29.5735 7.94269 1.8763e-18)
(28.1061 4.70603 0)
(25.1491 7.1645 3.3199e-18)
(10.2884 4.44936 1.24773e-18)
(17.295 30.2758 -7.44193e-19)
(27.035 7.71804 0)
(29.6213 9.18351 0)
(25.2092 6.55849 0)
(25.1634 9.4294 3.17688e-18)
(25.6676 6.60375 -5.78132e-17)
(29.6801 8.00353 0)
(29.1175 9.26587 -1.07625e-17)
(24.9685 6.38573 4.25151e-18)
(29.4755 8.84081 0)
(10.0879 4.27739 -3.70738e-20)
(23.6586 6.69068 5.74361e-18)
(27.0935 4.62827 -5.9021e-19)
(27.8797 8.89003 0)
(23.56 6.32469 3.28085e-17)
(22.117 5.25004 0)
(-1.1384 -2.42606 -9.50582e-18)
(27.0715 4.182 8.63174e-19)
(8.366 4.93449 -1.15096e-17)
(29.6589 7.98753 0)
(27.5691 5.90692 0)
(25.8038 5.07903 -8.85535e-18)
(-6.36458 0.120981 -2.52567e-21)
(2.76538 1.02535 3.78348e-18)
(24.9735 6.39666 0)
(23.6369 4.40306 -1.19132e-17)
(22.3623 9.92006 0)
(29.4315 8.13228 -3.33069e-18)
(-6.50018 -0.107418 4.6652e-18)
(29.3049 6.53843 0)
(34.9316 20.0572 -1.13817e-17)
(25.2217 6.77975 0)
(27.1529 12.121 8.0522e-18)
(24.482 6.2959 4.6215e-18)
(23.148 9.3641 -2.75371e-18)
(11.1923 1.96032 -1.69773e-17)
(28.8049 6.94671 1.12655e-17)
(21.698 3.38652 -6.10478e-18)
(24.835 7.45373 6.39636e-18)
(23.1784 15.1189 1.65495e-18)
(21.4462 8.74727 -6.07255e-18)
(22.8819 5.25237 3.19304e-18)
(21.1949 5.63956 -2.66319e-18)
(21.5074 9.70356 0)
(25.5116 6.41417 1.65701e-17)
(25.1125 6.83033 0)
(22.4216 8.55275 -8.49167e-18)
(23.7737 4.86702 0)
(23.4433 3.19775 -6.89142e-18)
(25.2558 4.28509 2.93459e-18)
(25.503 7.036 -8.60277e-18)
(25.1156 6.77879 -2.89451e-19)
(10.833 3.19519 -3.537e-18)
(25.582 5.09728 1.50976e-18)
(25.1022 6.72755 0)
(25.4011 3.47343 0)
(25.057 6.39406 -3.75029e-19)
(23.5972 6.74395 1.6487e-17)
(24.6133 8.2555 2.64955e-18)
(21.0361 5.9296 -6.5436e-18)
(10.0668 5.39987 9.68573e-18)
(27.4098 5.1856 2.04634e-19)
(24.2791 13.7855 4.0488e-18)
(9.57418 1.92844 -6.83526e-18)
(27.7307 6.26858 0)
(21.6345 3.42463 1.02331e-17)
(21.566 5.86056 3.31393e-17)
(25.7639 7.13734 -7.56479e-18)
(29.6726 8.00309 0)
(21.1415 2.75893 9.83834e-18)
(21.5004 14.4433 0)
(23.8639 6.05806 -2.96623e-18)
(23.6035 9.96355 3.08148e-18)
(26.8336 8.38543 1.04852e-17)
(22.2551 3.54157 0)
(29.5276 7.48039 -5.56361e-18)
(24.9616 7.01216 -3.62624e-18)
(27.4084 8.99973 0)
(26.4593 6.68077 0)
(29.6449 7.9715 0)
(23.5394 4.43622 1.20658e-17)
(30.7941 7.46074 5.45516e-18)
(23.7238 11.4539 2.85848e-19)
(24.9206 12.3563 2.21462e-18)
(22.6348 6.88031 -1.68746e-17)
(24.702 8.35919 3.18015e-19)
(26.9975 6.41878 1.87804e-19)
(26.6857 4.16228 -1.26802e-18)
(24.6829 6.76961 -1.35616e-18)
(27.8569 2.32968 0)
(34.6179 20.7322 0)
(31.7232 13.0809 -8.3099e-18)
(30.2073 6.88411 0)
(23.141 3.5511 5.23927e-18)
(29.2769 6.77984 0)
(23.7996 4.72973 4.94569e-18)
(25.9436 12.2887 2.44444e-18)
(25.8918 6.00127 2.17465e-17)
(29.2676 7.26749 1.37667e-17)
(24.9266 6.41342 -5.64341e-18)
(26.9865 7.27615 0)
(25.428 6.384 0)
(29.6598 7.99395 -3.76947e-18)
(28.557 6.96825 0)
(27.2611 17.7023 1.47416e-18)
(21.2165 2.75356 -5.28799e-20)
(28.2248 8.97368 0)
(25.1031 10.1344 -9.20536e-18)
(23.9399 10.8271 3.52371e-19)
(20.4192 7.30345 -1.30277e-17)
(27.4811 9.69989 1.02189e-17)
(25.419 6.37812 0)
(22.0763 3.60089 -5.1842e-18)
(24.3458 11.3471 0)
(25.3756 7.09652 -1.00631e-17)
(22.3294 3.50942 3.86046e-18)
(27.023 7.61826 1.5153e-17)
(27.061 7.22625 0)
(23.1378 4.09097 0)
(9.58397 -0.122658 2.69434e-18)
(15.2172 3.23335 -6.13923e-18)
(29.4456 7.87612 1.29991e-17)
(23.8944 7.78994 -1.04133e-17)
(21.2951 6.2071 2.50287e-18)
(23.9363 16.6101 0)
(25.2497 6.61279 2.30837e-17)
(7.07381 1.41206 2.08293e-18)
(23.1304 15.4311 -3.64129e-18)
(20.0395 4.15093 7.20107e-18)
(25.854 5.42087 5.71572e-19)
(25.1103 6.7285 4.247e-19)
(-8.58759 -4.5597 3.3192e-18)
(24.9884 10.05 3.92253e-18)
(25.0205 3.82229 4.30966e-18)
(23.2692 1.74408 -5.30241e-18)
(28.4548 23.9125 2.13076e-17)
(25.4606 6.27908 0)
(24.9334 6.40062 0)
(2.14949 -1.03515 -1.16599e-18)
(23.3095 11.3429 1.48076e-19)
(27.5359 9.0655 -6.38541e-18)
(-7.62907 -3.04789 1.41234e-18)
(25.2661 6.47451 -4.71425e-18)
(27.0022 4.21632 1.31001e-18)
(24.7519 8.43647 -1.92834e-19)
(18.2925 6.02053 2.10996e-17)
(25.4898 6.73238 -1.20834e-17)
(25.3855 6.54862 1.54739e-17)
(23.4235 7.11909 1.84122e-18)
(27.7268 7.40753 -5.08072e-17)
(18.4719 5.87475 -7.50869e-18)
(25.3541 6.51364 1.09332e-18)
(24.6623 3.63474 9.88017e-19)
(21.1472 8.76497 1.81854e-18)
(28.2685 7.82619 -1.53298e-17)
(25.7845 5.50625 0)
(27.0777 12.0182 -7.20733e-18)
(7.89485 -1.57504 0)
(26.8814 7.22791 0)
(29.6475 7.97215 0)
(28.0328 7.11465 0)
(21.077 6.38377 0)
(29.6303 8.12385 0)
(25.647 6.63035 5.61897e-17)
(-7.86235 -3.97017 -2.74244e-18)
(25.2956 6.64986 2.44873e-17)
(28.9578 6.95808 -4.00767e-17)
(23.1451 7.97522 1.37487e-17)
(26.6438 10.9701 -9.56566e-18)
(26.3626 5.22331 -4.02198e-18)
(27.0264 4.27141 -5.21679e-18)
(11.2808 1.74955 1.17203e-17)
(24.9825 6.99438 -1.25224e-17)
(29.8636 8.22905 3.7311e-18)
(26.086 6.1329 0)
(22.4185 8.44334 0)
(27.507 11.9362 7.02306e-18)
(27.9146 2.29889 -8.15243e-19)
(27.3196 9.53842 0)
(21.9493 4.09882 1.13763e-18)
(23.4596 5.34119 1.12713e-17)
(19.6015 8.13149 0)
(25.1499 6.745 -6.84373e-18)
(25.8761 6.43574 1.09231e-19)
(28.3708 4.62504 0)
(25.0347 6.43803 -4.75111e-18)
(29.5439 9.2048 0)
(25.394 6.5326 -2.64275e-17)
(27.107 10.5471 0)
(20.4681 5.22424 0)
(23.6975 10.023 -6.59466e-19)
(28.4775 4.74615 -2.97155e-18)
(23.8954 6.37638 0)
(27.037 5.60605 0)
(27.398 7.03386 -2.97022e-18)
(31.1109 10.2452 3.64148e-18)
(20.0966 4.24737 -1.38709e-17)
(24.0958 2.81251 4.36108e-19)
(25.65 7.77459 1.47347e-17)
(28.6941 7.39817 7.71422e-18)
(28.4875 4.82439 2.97155e-18)
(27.5367 11.8461 1.75495e-18)
(20.8002 0.210203 -1.30954e-17)
(29.9353 8.26604 -5.21669e-18)
(6.68651 2.74283 3.60272e-18)
(28.2264 10.0648 -7.5919e-18)
(24.4895 6.70171 0)
(29.4236 8.14913 6.02985e-18)
(29.2388 6.90015 4.0704e-18)
(24.864 6.68354 -1.83062e-19)
(26.7421 17.8339 2.4848e-18)
(19.0387 7.79692 3.36271e-18)
(24.9508 6.66349 0)
(18.089 -0.165366 1.02753e-17)
(25.9869 3.26998 3.6986e-19)
(28.3744 4.70439 0)
(23.9946 7.78096 -9.06933e-18)
(25.1363 7.14174 2.48328e-18)
(23.9378 2.24328 0)
(25.098 6.72117 -1.82372e-18)
(24.9753 6.35265 0)
(21.7108 5.81791 -1.90649e-19)
(27.7563 9.10841 -6.78077e-19)
(25.3784 9.03318 1.22802e-18)
(29.7077 8.00966 -9.64521e-19)
(24.9314 6.32718 1.29615e-17)
(22.5121 11.0232 0)
(27.0676 6.0932 -1.82594e-17)
(30.908 4.20342 0)
(24.5804 8.05809 0)
(26.686 5.03553 7.14518e-18)
(27.5479 7.32249 -9.44467e-19)
(24.9277 6.34614 -2.27976e-17)
(27.0133 4.1047 1.14229e-20)
(23.2794 9.3351 -5.22253e-18)
(31.073 9.1564 5.00877e-18)
(20.091 5.00735 0)
(0.275725 0.216119 -9.84313e-18)
(-8.59029 -4.55753 -3.53443e-18)
(24.3726 2.99001 -1.93597e-18)
(27.0221 5.976 1.69474e-17)
(26.3463 4.07678 0)
(31.7114 7.68597 0)
(23.33 2.68985 2.7306e-18)
(23.4238 2.62151 1.23011e-18)
(10.5656 0.126574 0)
(31.1507 10.163 -7.48723e-18)
(-4.46583 -0.252167 2.03938e-17)
(-3.60262 -3.27211 0)
(24.9363 6.6619 -1.99464e-17)
(25.2875 7.57995 -1.95092e-17)
(29.6284 8.11069 4.09311e-18)
(-7.40807 -2.87596 5.52484e-18)
(24.5287 8.00077 5.33341e-18)
(35.8068 11.3858 -2.16099e-17)
(23.466 2.61229 4.77238e-18)
(25.8423 4.89373 -2.13509e-18)
(29.6073 7.96986 0)
(26.434 4.9716 3.09855e-18)
(19.9798 3.08898 -1.25562e-17)
(27.3595 4.82953 -3.82541e-18)
(29.0289 7.01942 0)
(25.5746 6.65961 9.47336e-18)
(29.5802 7.93841 1.1849e-18)
(31.0066 10.5947 -2.78846e-18)
(29.9647 8.29175 0)
(25.2679 6.52715 3.45536e-18)
(6.68865 -1.64632 2.7365e-17)
(22.4433 13.2606 6.68652e-21)
(25.1706 9.3052 1.51843e-18)
(27.9222 10.0757 1.40561e-17)
(24.3568 2.94543 0)
(29.5525 7.93815 -1.58354e-18)
(26.1328 3.53849 -2.8492e-19)
(25.1716 6.62581 4.54502e-18)
(30.3202 8.57843 0)
(23.8457 6.00958 0)
(24.9422 7.07206 -1.64467e-18)
(27.2104 6.2406 8.62204e-19)
(29.6863 8.07257 0)
(23.0461 7.92784 -6.37741e-18)
(25.9547 4.68529 0)
(22.519 7.10446 0)
(26.6207 7.47786 -6.77712e-18)
(30.0294 8.35745 -5.74839e-18)
(-6.21499 2.12123 0)
(20.7964 8.59379 2.17914e-20)
(27.0311 4.17079 0)
(25.2121 6.57067 -2.64027e-18)
(21.0731 3.1122 0)
(25.8242 6.75485 3.44402e-18)
(22.2037 1.92841 -4.37853e-18)
(19.385 6.15149 5.14143e-18)
(26.5235 2.00393 2.22317e-18)
(-0.229796 -0.478844 -3.90661e-18)
(22.8404 5.37541 -1.01963e-17)
(-0.986312 0.811594 1.1113e-17)
(25.02 6.37207 0)
(26.401 13.9466 0)
(-7.01934 -4.04807 1.25845e-18)
(24.9825 2.81235 0)
(25.1097 6.84186 -6.5274e-19)
(28.1983 6.58112 3.51681e-18)
(27.7976 8.94991 1.31324e-17)
(25.79 3.58967 4.11445e-20)
(22.1499 1.97017 1.7982e-19)
(30.7714 8.48958 -1.73173e-18)
(11.5027 3.15589 -1.348e-18)
(4.42532 17.7267 -3.10092e-18)
(10.0903 2.25872 6.04535e-20)
(7.6398 1.53104 -2.10665e-18)
(0.462608 -0.638859 -3.4989e-17)
(28.43 9.34254 -1.55445e-17)
(27.7616 7.49769 5.0807e-17)
(27.1876 10.5405 0)
(7.98997 0.956954 0)
(24.1218 8.37227 -3.24891e-18)
(19.3645 6.10309 -2.52083e-18)
(22.4901 9.43753 -4.12952e-18)
(25.3253 6.49179 5.06523e-18)
(26.4806 5.75414 3.64009e-18)
(-9.11102 -4.48125 -3.10093e-18)
(25.6514 7.84708 -1.05761e-17)
(25.4341 6.76713 -2.83464e-17)
(32.9166 28.1499 0)
(25.2891 6.49481 7.84273e-18)
(12.2632 2.33251 1.25974e-17)
(-7.82895 -3.80598 -2.86757e-18)
(19.7274 8.09595 1.84847e-19)
(25.4888 6.75777 4.05766e-17)
(23.1909 5.2779 7.83823e-18)
(24.8363 12.3978 -1.91866e-18)
(30.2814 5.41553 -4.13157e-17)
(27.106 4.36586 -2.93072e-18)
(25.1524 8.26554 0)
(25.7278 6.01148 -6.80268e-18)
(29.6329 11.8298 0)
(29.8496 8.2167 -1.88248e-17)
(25.5322 7.38435 1.83607e-17)
(30.979 5.18516 -1.54308e-17)
(26.1943 3.62794 0)
(25.1251 6.74594 6.4231e-18)
(-6.29698 -2.34748 1.84405e-19)
(25.2929 6.79704 -1.47814e-17)
(25.7234 6.10594 3.57592e-18)
(23.3901 1.81936 -2.75313e-18)
(24.9802 6.67326 0)
(24.1308 3.74675 -7.28267e-19)
(26.8166 23.8458 0)
(25.9983 6.10691 0)
(22.0739 1.26156 -3.46708e-17)
(23.2587 9.66207 -3.04255e-19)
(2.63175 14.3702 0)
(25.4231 6.39808 0)
(27.806 4.25656 1.68031e-19)
(25.0415 6.41682 -6.4316e-18)
(23.6214 11.757 0)
(24.4995 6.96376 5.12666e-19)
(25.2804 6.51868 -1.62403e-17)
(28.9888 8.45767 -1.08693e-17)
(29.4865 8.94916 0)
(29.8437 11.0435 0)
(25.3176 6.29845 -1.72584e-18)
(24.5003 6.67597 0)
(23.4533 7.03154 0)
(25.3343 6.50081 -2.30229e-17)
(31.0137 10.503 -2.83608e-18)
(25.354 7.11598 -9.81141e-18)
(25.0684 6.43024 -5.51179e-18)
(21.0792 3.04414 0)
(24.8493 6.34883 -1.06824e-17)
(29.5117 11.8018 -3.83999e-19)
(9.98867 5.47646 3.41072e-18)
(25.9555 6.22889 0)
(25.1045 6.70997 3.43647e-18)
(0.599323 0.0298909 -2.09598e-17)
(20.6705 6.93839 1.16147e-17)
(24.3925 11.46 -1.32385e-18)
(23.7933 11.3322 0)
(26.7635 9.99185 5.34604e-18)
(21.6286 14.7312 0)
(27.5159 7.4265 -3.64206e-18)
(21.6326 9.68416 0)
(19.4556 5.05699 0)
(30.7021 7.48524 0)
(-0.128884 -2.19428 1.99917e-18)
(29.6358 7.97921 0)
(27.1524 4.63688 0)
(21.2986 2.63314 0)
(24.9079 6.79649 8.09945e-18)
(25.2221 10.0937 1.71071e-18)
(28.1312 7.41412 2.32321e-20)
(-0.0925102 0.621487 2.81024e-19)
(27.5106 7.52193 -4.63071e-18)
(22.5026 11.122 -2.24191e-19)
(26.6779 4.22238 0)
(25.1646 6.95234 -5.75081e-18)
(30.84 8.4108 0)
(25.0224 6.36071 5.23625e-18)
(24.0523 3.32117 9.50722e-18)
(30.9631 9.95792 0)
(23.5924 16.8223 0)
(24.773 7.12184 -9.46873e-18)
(25.0365 6.86023 -1.3027e-17)
(5.13671 0.987836 0)
(27.0516 6.30532 5.72581e-18)
(-5.37052 -1.81837 7.06086e-18)
(0.545546 0.273309 1.19083e-17)
(28.238 7.45259 0)
(25.1962 6.58932 2.51436e-18)
(25.9027 8.96382 -1.44868e-17)
(25.8003 6.73142 9.10395e-18)
(17.9513 8.68744 1.92426e-18)
(26.4507 6.82659 0)
(25.0609 6.88287 1.00637e-18)
(26.5852 1.97896 -2.50567e-18)
(25.1774 6.614 -4.07413e-18)
(24.181 8.31655 0)
(22.3552 5.71458 6.79124e-18)
(28.5901 4.87686 0)
(25.9952 8.17608 1.07698e-19)
(19.8986 5.90138 -7.6102e-18)
(23.5948 5.39263 -1.08073e-17)
(22.6071 7.1702 -3.13478e-17)
(21.2656 3.30277 0)
(23.1512 9.60735 1.80589e-18)
(28.5905 4.95907 1.04227e-19)
(20.9393 3.00287 3.3001e-18)
(19.6811 7.53171 5.70227e-18)
(25.1618 6.78716 0)
(21.2219 2.64514 0)
(25.1486 6.73901 0)
(-3.28599 -3.40439 0)
(22.5688 3.24708 1.08376e-17)
(25.1933 6.60905 0)
(25.1318 6.49566 2.00122e-18)
(25.1081 6.72369 1.21336e-17)
(25.2021 6.50416 -4.6424e-18)
(1.82226 0.760379 0)
(20.9469 9.88048 7.2298e-18)
(27.5265 6.68089 -3.3339e-18)
(25.5969 3.83683 0)
(25.2104 6.66545 1.10003e-17)
(25.0876 6.67602 2.64951e-17)
(25.4828 6.29389 -3.73438e-18)
(25.4845 6.43769 -1.24545e-17)
(30.6596 8.44398 0)
(25.7131 9.03632 0)
(25.0418 6.4418 -4.3501e-18)
(-6.01654 -3.61397 5.49811e-18)
(28.0085 4.84919 6.11641e-18)
(25.133 6.64361 1.94639e-17)
(25.0047 2.85252 -3.15998e-21)
(25.6519 6.41313 4.29577e-17)
(32.1337 7.82609 0)
(22.0245 8.90012 8.47593e-18)
(20.9989 6.92151 -5.92792e-18)
(25.2895 6.78569 0)
(27.5964 7.64211 -1.27077e-17)
(26.192 3.6955 2.97819e-20)
(23.4827 15.6027 0)
(22.8847 10.4973 -1.67151e-18)
(25.7842 7.36941 5.00696e-17)
(21.2561 3.36251 5.36983e-18)
(24.7355 8.30963 0)
(-4.90218 -3.58525 1.21171e-21)
(25.1306 12.276 -6.12844e-18)
(26.8554 6.63135 0)
(18.1152 6.08538 -1.03052e-17)
(29.1496 6.07506 -2.41417e-17)
(-6.09015 -3.93732 5.39584e-18)
(28.1014 2.40781 0)
(22.7473 12.5691 4.64319e-20)
(22.831 10.4086 9.19707e-19)
(25.1878 6.7063 8.84834e-18)
(29.4028 8.82271 0)
(27.5521 4.51304 2.15983e-18)
(24.0767 2.76235 0)
(25.0639 6.30863 6.61959e-19)
(24.3675 5.98096 0)
(9.94885 3.17985 2.73098e-20)
(5.29987 1.00111 -1.48904e-17)
(24.9616 8.41704 0)
(-5.38008 -1.28172 0)
(26.5156 9.32396 -1.44566e-17)
(21.7538 6.07844 -4.93849e-18)
(30.5377 8.3602 -5.78499e-18)
(25.2694 6.46572 0)
(26.3812 5.05178 0)
(23.5824 5.9893 1.03995e-17)
(23.4676 3.96175 2.93793e-18)
(20.7221 1.49335 -8.3462e-18)
(27.2389 10.3167 -1.13076e-17)
(28.3984 9.25563 0)
(36.1219 11.566 1.30878e-17)
(15.3359 3.58374 -4.97737e-18)
(25.5277 6.98972 -2.86271e-17)
(23.0203 2.98015 -3.70328e-18)
(25.2052 6.57603 4.40661e-19)
(25.9961 3.31292 0)
(29.1949 10.0091 -1.29253e-17)
(23.1847 6.2515 0)
(24.7761 8.54385 4.14036e-19)
(22.749 6.9022 1.68394e-17)
(23.3942 11.2594 1.30734e-20)
(25.8019 8.91797 1.2648e-17)
(25.2639 2.9877 -5.45538e-19)
(25.7929 6.05402 -4.06717e-19)
(24.2214 13.9738 -3.97231e-18)
(16.8511 16.4649 -5.7172e-18)
(1.56503 0.373096 1.11542e-18)
(24.6505 3.55971 0)
(-6.00187 1.22945 -7.23144e-18)
(28.9418 7.47245 0)
(29.1874 2.58751 1.7461e-17)
(25.3019 6.49473 4.81241e-19)
(-6.09336 1.92591 -9.14171e-20)
(20.8769 9.97471 -5.83248e-18)
(21.7565 3.90528 8.32368e-18)
(19.8716 8.43259 5.6844e-18)
(27.4206 5.59102 -1.58967e-18)
(20.9617 3.63774 -1.26565e-17)
(25.3619 6.30022 2.29157e-18)
(23.8133 10.8422 -4.5109e-19)
(25.0472 6.89551 4.66708e-18)
(24.6074 10.062 -5.84974e-19)
(25.2045 6.56485 2.5452e-18)
(8.73814 1.82759 -8.3178e-18)
(21.8074 10.937 0)
(25.1631 4.30533 -3.64738e-18)
(23.4542 16.0025 -2.9792e-18)
(18.9157 7.72395 3.49032e-18)
(27.4507 5.35042 -3.35348e-18)
(23.9658 7.34878 1.14491e-18)
(22.3412 9.81438 -2.86693e-18)
(24.8687 6.81487 0)
(17.4628 -0.145281 2.26294e-17)
(23.8328 6.29869 -1.1785e-17)
(21.0107 6.28339 -4.77456e-18)
(8.0051 4.61072 6.40815e-18)
(27.4261 6.93629 -2.9112e-21)
(29.1919 7.71731 -2.59191e-18)
(8.29638 -0.0276066 0)
(25.2097 6.50281 5.49844e-18)
(24.5088 6.43416 1.21436e-17)
(25.8004 6.42758 0)
(20.0726 6.05173 -2.90557e-18)
(22.5478 9.31411 7.07272e-18)
(30.4866 8.67208 1.56369e-17)
(25.8972 6.26582 -2.45517e-17)
(8.1935 2.78763 7.01971e-17)
(27.8191 9.04239 0)
(25.2647 6.61469 -1.06802e-17)
(28.3814 8.15658 0)
(29.4106 8.96632 0)
(25.6147 8.51702 1.2006e-17)
(25.7535 6.04747 -1.50767e-17)
(24.9132 7.05882 9.87733e-18)
(24.9578 3.25985 -7.93992e-20)
(-6.0184 -3.86054 0)
(27.7352 18.0187 -8.99498e-18)
(20.1625 5.1237 -9.33032e-18)
(12.2994 5.51943 -1.4799e-18)
(21.8254 0.805255 -7.47334e-18)
(24.8723 7.39854 4.75837e-18)
(7.31525 -0.682783 8.60106e-18)
(25.035 6.89227 -7.80401e-18)
(28.6364 7.48446 1.97193e-17)
(25.1389 6.49554 0)
(-6.45304 -2.59208 -3.37524e-19)
(27.7717 7.9661 4.74585e-18)
(26.3434 6.65518 4.22304e-18)
(28.6973 5.0252 1.16243e-19)
(25.7453 3.57804 -4.1145e-20)
(14.3067 1.05941 1.78194e-17)
(20.0756 4.62539 0)
(25.3635 8.91824 0)
(24.8422 3.14006 3.56747e-18)
(22.2041 3.67559 0)
(27.5349 4.46098 -2.15984e-18)
(-6.94352 -1.56534 0)
(27.915 8.39413 1.82849e-17)
(0.372133 -0.702872 5.06126e-18)
(28.028 10.1331 0)
(28.4652 6.3559 7.30811e-18)
(22.3109 0.705466 -7.15126e-18)
(26.7719 7.48548 -2.0217e-17)
(25.493 7.01323 3.56261e-17)
(26.6168 9.31922 -7.81913e-18)
(7.26231 -1.64483 0)
(24.3331 5.81307 0)
(25.5754 6.48958 -2.98011e-17)
(30.3845 8.56677 1.08124e-19)
(24.9079 6.75306 -2.03817e-17)
(25.088 7.01751 1.20952e-18)
(22.099 8.83331 -4.20559e-18)
(25.1022 6.722 -1.34089e-17)
(28.6983 5.11144 3.40164e-18)
(9.99956 0.055521 2.81691e-18)
(29.215 7.15298 -8.22499e-18)
(22.1618 10.9284 2.65479e-18)
(23.3418 1.81004 3.10819e-19)
(29.199 7.78436 -6.7897e-18)
(21.038 3.68119 5.56394e-18)
(25.1046 6.72987 0)
(22.1636 2.02737 -1.89653e-19)
(4.72615 3.25881 -6.79874e-18)
(29.5914 7.94713 3.74161e-18)
(23.3743 3.9982 6.55092e-18)
(26.1066 6.23098 1.71133e-17)
(25.1581 6.77616 -7.7491e-18)
(24.4113 3.39478 0)
(24.7709 6.65973 0)
(-4.15804 -2.78727 4.23072e-18)
(29.333 10.114 4.88513e-18)
(25.7904 4.94638 0)
(24.8218 12.013 1.37606e-19)
(24.8766 4.98211 4.55491e-18)
(30.8743 10.0197 2.14539e-19)
(9.34878 8.14526 -1.40619e-17)
(25.0333 6.4787 0)
(27.9973 8.29317 -2.2528e-18)
(-9.15123 -4.38447 0)
(25.1231 6.73997 4.59589e-18)
(30.0628 6.7176 0)
(27.7014 9.11867 0)
(24.456 7.0587 0)
(19.571 8.28067 -1.69022e-18)
(25.2169 6.54061 -5.59054e-19)
(24.383 9.98582 6.82804e-19)
(25.5895 3.29944 2.16745e-19)
(21.2341 4.59818 0)
(19.2393 11.3759 1.3531e-18)
(29.1598 7.83575 -9.92206e-18)
(28.765 10.4365 9.06603e-18)
(22.281 1.93383 0)
(25.1907 6.85674 1.44461e-17)
(30.2062 8.96222 -1.09262e-18)
(-7.41914 -2.90942 -3.06769e-18)
(28.1402 6.64421 1.31771e-20)
(29.3778 9.81653 -2.15103e-18)
(25.347 7.00164 1.98263e-18)
(25.2917 6.66765 -1.38874e-17)
(27.5175 7.45229 -8.81048e-18)
(25.2222 6.7907 2.36141e-17)
(26.0021 4.44916 -9.97923e-19)
(27.3727 5.2328 0)
(26.2434 8.01668 4.44499e-18)
(26.7675 3.71408 0)
(5.7801 2.45005 -3.80895e-18)
(24.7462 10.0273 0)
(24.6951 2.9136 0)
(29.6989 8.0278 5.18904e-18)
(23.238 1.69929 7.66978e-18)
(25.1427 6.64331 0)
(-4.63967 -3.04769 3.74073e-18)
(24.6958 8.1947 2.07544e-19)
(29.2124 7.84371 -8.09461e-19)
(26.4815 6.75674 4.02621e-18)
(24.5292 6.99241 -9.96202e-19)
(29.7032 8.00861 0)
(0.875514 -0.533255 2.08297e-17)
(28.1786 8.91143 -5.27596e-18)
(24.9131 2.98507 1.78793e-18)
(27.3605 7.85774 -2.237e-17)
(-4.73054 -1.30152 7.30964e-18)
(24.8294 8.31078 0)
(29.6171 7.97071 -1.71022e-18)
(25.1095 1.66382 5.82982e-20)
(29.6638 7.99625 0)
(29.0163 7.54485 0)
(29.6186 7.97092 5.12339e-18)
(6.59987 1.26446 1.08806e-17)
(-0.298448 1.13237 0)
(22.6425 3.24832 -5.3739e-18)
(28.8197 2.57372 4.19074e-18)
(27.3283 4.87796 2.75842e-18)
(25.8277 7.04027 1.00442e-17)
(23.1605 8.05268 0)
(29.6999 8.01673 2.45798e-18)
(15.4576 4.60796 0)
(23.722 8.76321 0)
(32.2064 13.3142 1.38021e-17)
(22.8837 3.88233 2.37941e-17)
(25.0901 6.54331 0)
(23.4628 1.89105 0)
(25.144 6.65348 1.96097e-17)
(25.0724 6.89184 -1.49075e-18)
(24.9403 7.00701 1.19214e-17)
(15.6181 4.48158 9.14923e-20)
(27.0556 4.68425 -3.75269e-18)
(25.0041 6.18847 -4.6279e-18)
(28.5007 6.46272 -6.65365e-18)
(21.9421 14.8042 0)
(27.526 6.42834 -7.18815e-18)
(-6.87088 1.71728 0)
(24.9147 6.72968 9.99211e-19)
(25.4594 1.73822 0)
(22.6466 8.61833 -1.08893e-17)
(20.6745 5.42047 -1.1662e-17)
(27.0039 5.6806 0)
(25.0865 6.29923 0)
(25.3768 9.46491 0)
(29.6823 7.88306 0)
(28.5545 7.02735 -1.14001e-18)
(27.0865 4.29658 5.56888e-18)
(19.4323 7.77152 8.2909e-18)
(22.6734 3.2055 4.1388e-18)
(26.0486 6.3541 0)
(25.0785 6.62896 9.08945e-18)
(10.7238 5.52916 -7.10015e-18)
(20.7108 3.39045 0)
(25.0465 6.73995 0)
(25.8557 6.9599 0)
(11.0652 3.76605 -7.24856e-18)
(29.7362 8.04217 0)
(8.49191 -0.369116 -2.83438e-17)
(25.3869 6.78807 -1.29585e-18)
(-6.5072 1.60807 -3.72283e-19)
(19.6153 7.4318 9.52306e-20)
(25.3269 7.00695 7.13052e-18)
(20.5477 7.31399 1.30279e-17)
(25.0237 4.46385 2.32337e-18)
(29.138 7.79453 -2.41865e-18)
(24.4238 6.86405 -2.5903e-17)
(25.9741 6.92007 -1.0251e-17)
(26.8641 3.15741 -1.25503e-17)
(19.8674 7.93924 0)
(29.6665 7.97081 6.71321e-18)
(27.3718 12.0917 2.22242e-18)
(23.7946 5.95151 0)
(30.6608 8.36894 4.21261e-19)
(25.1166 6.7719 2.43874e-19)
(23.4105 1.8781 -2.55244e-18)
(20.2026 5.0178 -1.92038e-17)
(27.6034 8.03853 -3.18836e-17)
(25.2378 6.62332 -1.57924e-17)
(25.4532 6.99989 -1.89096e-17)
(24.2489 1.28565 1.89593e-18)
(28.4931 6.97574 5.87155e-18)
(28.4661 6.87185 -1.28859e-17)
(25.4381 8.50932 0)
(25.507 5.83206 -1.7256e-18)
(20.8106 9.19995 -1.57172e-18)
(22.2215 5.26758 -5.50015e-18)
(25.1067 6.82273 5.14074e-19)
(29.691 7.99155 -1.07019e-18)
(25.6175 4.87601 0)
(24.8669 7.50515 -3.03081e-18)
(24.2257 9.81266 0)
(23.4235 3.26246 1.3128e-17)
(15.0811 5.68943 0)
(25.6304 3.3296 -1.1085e-19)
(28.8277 3.49005 1.07953e-17)
(25.2095 6.76933 0)
(26.2738 12.1941 -2.04042e-18)
(29.4961 8.72422 -2.43183e-18)
(24.588 2.87479 0)
(20.889 0.291838 1.3468e-17)
(28.8 5.17893 -5.74954e-18)
(28.4549 7.21568 -4.01931e-18)
(27.0168 5.52904 3.45714e-18)
(26.7861 9.85976 1.34822e-17)
(0.0214726 -0.970578 -1.71997e-17)
(17.5428 7.74292 -9.96056e-18)
(25.1567 6.79347 0)
(29.1468 8.62939 -1.76372e-17)
(22.3448 0.748219 2.5456e-18)
(23.8786 6.47006 1.84886e-17)
(25.078 6.8172 -1.55908e-17)
(29.6375 7.96521 0)
(26.032 6.26332 0)
(25.345 7.18631 0)
(25.1571 2.83039 0)
(24.4945 9.9432 -2.6774e-18)
(19.7477 7.96926 0)
(12.9408 2.88869 2.53038e-18)
(28.7834 5.28189 7.71881e-18)
(26.2887 5.87846 -6.04951e-18)
(24.6 3.69211 -2.4993e-18)
(25.374 6.76854 0)
(26.1879 5.87413 1.31188e-17)
(30.8887 3.94437 0)
(25.0595 2.77152 -9.3235e-20)
(24.2801 3.05215 -7.0657e-19)
(24.305 4.43382 -1.48355e-17)
(-4.5369 -1.34316 0)
(24.9071 6.62938 -1.34616e-18)
(4.61563 21.9562 -7.10241e-18)
(25.7518 5.91519 0)
(13.4752 5.47427 0)
(25.0754 6.42729 1.16688e-17)
(28.8052 9.73567 2.58587e-18)
(23.2333 5.37951 0)
(26.9433 5.49387 3.90734e-19)
(21.1268 9.07832 5.52718e-18)
(24.8197 5.05827 -1.01301e-18)
(25.0626 6.3917 -9.92363e-19)
(24.8565 7.35561 -3.81855e-18)
(25.1636 6.51932 -3.9441e-19)
(25.0529 6.74307 -1.64784e-17)
(20.5584 4.27465 -3.44384e-18)
(24.4757 3.4237 2.72954e-18)
(18.0321 5.29635 -5.5175e-18)
(16.5504 3.66804 -8.24129e-18)
(24.8119 12.149 -1.50646e-18)
(25.0725 6.42883 2.67726e-19)
(24.6476 5.12257 8.78066e-18)
(27.4989 5.31698 6.01268e-18)
(24.9674 6.40325 0)
(21.1325 6.71223 0)
(29.8677 4.20759 0)
(25.4723 1.75796 -8.31876e-20)
(25.6228 5.89452 2.39914e-19)
(24.9546 4.50161 0)
(27.6171 9.74402 -1.42879e-17)
(1.97565 11.994 -2.52253e-17)
(1.11864 1.87969 -6.10288e-19)
(29.0524 9.22313 0)
(25.1405 6.60635 0)
(26.3937 5.7875 -5.55109e-18)
(27.6303 6.19715 -1.08877e-18)
(20.5939 4.34857 -2.60647e-18)
(28.5198 7.1493 -4.11506e-18)
(27.208 4.2322 -2.79971e-18)
(0.458131 0.21835 0)
(25.2532 3.04829 1.06353e-19)
(20.9887 5.34549 -4.86658e-18)
(20.332 0.072553 7.96566e-18)
(26.3929 5.31439 -4.38959e-18)
(23.9768 6.34992 3.27138e-17)
(26.2842 4.0702 0)
(22.6946 7.41322 1.79275e-17)
(25.5462 3.84691 0)
(24.9328 6.46111 -2.42897e-18)
(25.201 6.70694 -6.87597e-18)
(28.2197 7.78039 2.66956e-17)
(24.0078 11.4872 1.38015e-18)
(27.3549 8.28594 3.85766e-18)
(13.9078 4.95146 -6.8703e-18)
(25.1966 6.88583 -2.74066e-17)
(20.828 5.16718 0)
(24.8819 3.01102 -7.09264e-19)
(25.4192 6.747 1.39236e-18)
(25.0415 2.79739 0)
(8.29512 8.3451 1.57205e-17)
(26.3656 6.83404 1.92023e-17)
(22.5168 8.63392 6.70374e-19)
(24.9367 6.36245 1.212e-17)
(29.5974 8.06266 -4.53948e-18)
(26.2335 4.8403 -9.74873e-18)
(23.6342 4.90976 -2.1778e-17)
(23.7543 7.72601 1.12721e-17)
(23.8079 6.4781 2.763e-17)
(27.4634 7.70329 0)
(2.78076 -2.26221 1.19786e-17)
(25.8406 12.245 0)
(21.89 4.73503 1.75255e-19)
(3.22538 2.72996 -7.21824e-18)
(24.6055 8.19774 -2.40442e-18)
(3.72961 0.731088 1.10513e-17)
(24.8867 6.56807 -1.02821e-17)
(26.0882 7.63186 0)
(26.4239 5.15916 5.24629e-18)
(26.8198 6.07731 -1.40296e-18)
(27.1233 2.13751 9.58828e-19)
(24.9969 6.5065 0)
(29.0571 7.81299 1.53067e-18)
(24.6622 10.2817 -1.12094e-18)
(14.0163 0.458859 0)
(29.7243 8.01164 1.60486e-18)
(-3.85439 -3.43038 -2.83375e-18)
(29.6282 7.97526 0)
(25.6392 8.45737 -1.89605e-17)
(21.2322 4.69564 -1.32385e-19)
(24.6077 2.84392 0)
(3.23199 -0.314909 6.08862e-18)
(25.5583 5.19137 -4.33871e-19)
(22.1129 11.18 6.13088e-20)
(25.6676 5.09421 -1.29406e-18)
(21.7856 11.0639 4.51364e-19)
(-5.11876 -4.00702 0)
(20.4037 5.31519 8.96433e-18)
(1.07138 -0.159332 -1.19307e-17)
(29.5034 7.96921 2.804e-18)
(28.8914 6.09918 1.79758e-17)
(24.9526 6.3956 0)
(26.2479 5.49058 -1.11623e-17)
(28.3697 10.4656 1.26894e-18)
(25.3717 6.15001 5.88416e-18)
(29.0895 7.75446 1.70121e-17)
(27.3832 8.88897 3.48682e-17)
(25.4705 6.10706 0)
(27.4356 5.52428 -3.08649e-18)
(27.0686 4.42029 -2.58367e-18)
(13.0929 5.64933 0)
(0.540133 -0.155099 4.30632e-18)
(25.8241 3.75139 0)
(25.0088 6.39635 8.73381e-18)
(25.2972 6.54549 -3.80312e-19)
(19.8752 5.99827 2.01884e-17)
(14.8114 13.1862 0)
(21.789 2.31878 0)
(25.5176 24.9765 0)
(21.788 2.28093 0)
(24.408 6.83693 2.36803e-17)
(23.2756 2.68702 0)
(25.0598 5.98701 2.26485e-18)
(24.7051 7.10151 7.57192e-18)
(7.83631 23.9648 6.22346e-18)
(26.0401 12.062 0)
(24.4609 7.64922 0)
(23.051 3.56647 0)
(25.048 12.3785 1.09557e-19)
(24.5232 3.36416 -2.323e-18)
(22.522 0.821344 -5.15287e-19)
(17.0721 2.23021 -1.15263e-17)
(29.4937 7.97657 0)
(23.453 2.79799 0)
(23.5437 7.03447 0)
(23.7472 6.32303 0)
(25.1847 6.50533 0)
(24.2122 11.3425 0)
(24.1035 3.38612 -7.03188e-18)
(25.0811 12.5053 -3.97409e-18)
(24.3419 5.89309 1.60361e-18)
(23.2546 1.8521 -2.82334e-18)
(22.4526 7.13721 0)
(28.9415 3.11025 6.64974e-18)
(0.713894 0.839726 0)
(21.7851 4.69128 -2.47886e-17)
(24.8194 6.65584 7.63921e-18)
(25.3697 6.52531 -2.01449e-20)
(27.9275 11.5616 -3.62752e-18)
(35.9612 17.1089 1.1958e-17)
(24.277 4.6372 7.84908e-18)
(25.2475 7.61935 1.20367e-17)
(28.5937 7.36408 0)
(25.1433 6.92607 0)
(30.1788 8.45094 8.85702e-18)
(25.4647 6.77287 -1.71348e-17)
(26.289 8.51504 3.63725e-18)
(28.0643 7.55202 -1.9379e-17)
(27.4962 9.63002 1.84553e-17)
(25.0305 6.67356 0)
(29.6445 7.95991 -8.8606e-18)
(25.7651 6.49535 3.85524e-18)
(25.5416 6.47224 -2.51145e-17)
(25.9271 4.6002 3.19952e-20)
(-0.921661 1.57999 5.21015e-18)
(25.5172 4.90324 1.56006e-20)
(25.1504 6.55536 -1.77862e-17)
(29.4091 7.54558 0)
(24.2657 1.25171 -2.13108e-18)
(25.9421 6.14858 -1.24386e-17)
(18.6806 0.554035 1.0552e-17)
(24.7088 6.26851 -8.433e-18)
(21.4987 3.49859 0)
(25.3725 6.37401 2.99648e-19)
(24 8.9938 0)
(36.8221 20.0512 0)
(22.8857 9.38132 2.27899e-18)
(25.758 4.40055 2.58193e-19)
(17.871 8.94568 6.53315e-18)
(26.6356 2.02479 -2.24938e-18)
(22.0868 11.29 1.47794e-18)
(27.18 5.04343 0)
(25.1665 6.54221 6.78301e-18)
(28.1528 7.57154 -3.04022e-17)
(24.3704 5.94511 0)
(25.1062 6.7237 -1.51015e-17)
(25.4236 6.09354 -6.69869e-19)
(23.2417 3.43478 5.811e-18)
(21.5068 9.40637 -7.2415e-18)
(23.1066 7.5083 2.58082e-17)
(24.5868 3.37484 0)
(23.2381 4.16861 2.03073e-19)
(15.8058 1.14345 1.49515e-17)
(-5.15533 -0.158328 0)
(28.657 7.04127 -7.03294e-19)
(20.8249 5.24573 -5.86487e-18)
(26.1421 12.0392 0)
(25.3224 7.80922 1.00388e-17)
(25.1006 6.5151 1.38912e-17)
(26.1857 5.32138 0)
(-1.02915 -1.14906 -1.00056e-17)
(-2.25532 0.207698 0)
(25.088 3.83609 -1.06818e-18)
(-2.85364 -3.51964 0)
(19.6883 5.07978 -2.73995e-18)
(21.1684 8.78971 -1.89532e-18)
(0.978819 1.75566 -1.92855e-17)
(26.9503 10.3696 0)
(25.7687 6.92871 2.13785e-17)
(26.3424 7.74193 3.52631e-17)
(26.1394 3.58735 0)
(24.8076 3.27869 2.47281e-18)
(30.841 3.37087 -1.1042e-17)
(25.0408 6.60222 0)
(25.1005 7.42994 0)
(28.2069 9.95643 -4.1842e-18)
(21.3309 2.53426 0)
(25.1034 6.72571 3.15775e-17)
(25.4153 6.50078 -1.37554e-18)
(26.311 7.99813 4.25784e-19)
(8.38518 17.2075 0)
(12.1375 5.61341 0)
(24.3955 7.67753 5.81747e-18)
(22.6866 5.89944 7.66354e-18)
(22.2166 7.82881 -1.26324e-17)
(23.492 4.39308 2.11829e-17)
(24.9923 6.6804 2.01151e-17)
(26.7898 8.01906 4.40855e-18)
(28.5498 2.85218 -1.14877e-17)
(20.0354 4.3393 7.06425e-18)
(22.7192 0.753917 0)
(27.0581 12.2461 0)
(23.4039 5.54646 2.66487e-17)
(27.5962 11.6089 7.08709e-18)
(23.5957 6.05483 0)
(4.34065 -0.30091 2.84416e-19)
(25.1431 6.48403 -1.54766e-20)
(29.8725 7.55889 1.04123e-17)
(26.0236 5.11877 0)
(25.1051 6.74047 -1.16396e-17)
(24.4786 6.61107 3.35229e-17)
(24.7831 6.69511 3.50492e-17)
(19.4419 8.30961 0)
(21.3281 3.40922 5.92203e-18)
(25.6963 5.57009 1.35528e-18)
(26.5684 7.42022 7.17089e-18)
(28.1118 6.81315 3.71867e-18)
(11.969 2.5531 0)
(23.205 7.46884 -1.55994e-17)
(29.8231 8.17303 -2.18549e-18)
(18.2034 4.58117 -1.41221e-18)
(-5.04594 -1.77783 -4.24041e-19)
(-3.3938 -2.27711 0)
(25.1662 6.54947 2.27332e-20)
(24.8887 6.78285 0)
(35.4711 13.6557 -1.00341e-17)
(25.2664 7.5161 1.22583e-19)
(28.05 10.6583 5.02702e-18)
(23.7572 8.65519 -4.02129e-20)
(29.1674 7.3868 4.57593e-18)
(25.0803 6.54366 0)
(27.1498 6.31208 -8.6221e-19)
(25.1013 7.03756 1.74813e-18)
(6.09065 1.94391 2.0363e-18)
(12.108 1.0583 0)
(20.8998 8.51863 -1.3962e-20)
(23.0038 8.9026 7.82699e-18)
(26.655 8.38725 -1.12391e-18)
(23.4775 2.69119 2.03205e-19)
(18.8242 10.7815 -6.51536e-18)
(24.2826 9.7045 4.24619e-19)
(25.2533 6.47728 -6.90189e-18)
(22.3407 7.74646 2.55856e-17)
(11.5865 5.5189 3.51565e-18)
(25.2352 7.7161 1.79628e-17)
(3.12411 -2.41724 -1.15104e-17)
(-6.19213 2.69748 1.14946e-17)
(22.1841 10.7976 -2.6548e-18)
(25.2049 6.90356 3.75776e-18)
(1.7577 0.492473 -7.53856e-18)
(24.5885 10.1866 3.04657e-18)
(29.635 8.08163 5.02591e-18)
(25.0858 6.80883 0)
(25.1787 6.85632 -5.84147e-18)
(25.0839 6.68377 2.00873e-17)
(27.2716 6.94934 4.89799e-18)
(20.8757 5.19798 3.72001e-18)
(27.4468 7.08843 4.01415e-18)
(-6.30683 2.55342 -7.8579e-18)
(25.732 7.34281 -4.80281e-17)
(21.5575 2.8353 0)
(26.8585 10.2157 9.19118e-18)
(25.8121 6.81636 -1.1481e-17)
(25.0449 8.33573 7.54575e-19)
(21.4011 2.5264 0)
(24.9446 7.32385 -8.07053e-19)
(26.3859 8.25378 -6.16202e-18)
(20.7854 5.50512 1.38685e-17)
(28.8182 9.6234 0)
(24.683 6.23923 2.15047e-17)
(24.9231 12.2229 -1.71781e-18)
(26.7208 10.8786 -5.52439e-18)
(23.8295 7.72998 -5.61452e-18)
(-2.42457 -3.41928 0)
(29.7155 8.00162 0)
(29.9764 8.34513 7.05769e-18)
(23.3137 10.6256 3.2047e-18)
(20.7817 3.35899 -6.38023e-18)
(29.0788 7.14828 0)
(29.0919 6.91139 -4.1838e-18)
(24.365 6.82031 0)
(25.1526 6.55033 0)
(27.8183 8.41416 -2.19814e-17)
(-6.24258 -1.65149 0)
(25.3091 6.55901 -1.33818e-17)
(27.9564 4.55574 -1.53416e-17)
(22.3309 13.0882 8.94797e-21)
(22.6266 13.2573 2.82286e-19)
(24.2248 4.03454 0)
(24.1958 3.82032 4.09125e-18)
(24.9269 6.75597 1.08875e-17)
(25.669 4.4327 -3.32372e-21)
(22.6015 12.5317 -3.32218e-19)
(18.7929 8.32864 7.71925e-18)
(26.3491 7.83641 3.27839e-18)
(22.6981 0.80241 0)
(27.8805 11.3049 -9.46171e-20)
(26.6357 5.09132 -4.53389e-18)
(19.9404 8.1611 -4.70314e-18)
(-2.22752 0.169337 -2.34259e-17)
(19.406 11.5414 4.74057e-18)
(21.8519 6.29556 -9.80313e-18)
(25.0422 6.41421 6.53613e-18)
(27.4974 8.01794 2.66402e-17)
(25.1079 6.52324 -1.03935e-17)
(29.7045 8.00157 -2.53334e-19)
(25.0773 6.63615 -4.77963e-18)
(24.6071 3.02924 0)
(36.0334 19.4553 1.67475e-17)
(26.5831 3.82203 0)
(31.3883 9.15795 0)
(22.7936 3.25209 6.37851e-18)
(23.6413 11.6677 2.39505e-19)
(25.8202 6.92406 -8.10581e-18)
(24.7818 7.45872 -6.84327e-18)
(28.0562 8.77468 1.08392e-17)
(26.1845 7.82358 -1.46795e-17)
(25.1387 6.64106 1.29621e-17)
(26.2521 12.1274 3.72638e-18)
(24.0391 7.69149 5.80081e-18)
(25.1412 6.73286 1.02253e-17)
(-7.96859 -3.25272 0)
(25.1389 6.48518 0)
(26.1926 5.43487 2.27e-18)
(29.8228 7.76625 0)
(29.2699 7.80167 -1.34208e-18)
(30.606 8.43846 3.57692e-18)
(22.0943 7.57031 -1.17329e-17)
(12.8559 3.42035 0)
(10.2068 2.7768 0)
(21.5952 3.06268 5.01692e-18)
(22.8091 7.35996 -1.38015e-17)
(27.9243 10.8451 0)
(24.8565 7.62078 2.76467e-18)
(22.6115 6.35563 1.28646e-18)
(28.3912 30.2484 3.75245e-18)
(30.6717 7.31697 -1.66564e-18)
(30.6826 8.46612 0)
(17.6357 5.83914 -4.16081e-18)
(25.0132 6.4063 0)
(24.9625 6.06687 0)
(28.1701 17.7017 7.27678e-18)
(19.302 4.9203 0)
(24.8409 3.08972 -1.96821e-18)
(25.3039 6.53436 1.41807e-17)
(22.1312 4.18005 0)
(26.2696 13.8004 8.15557e-18)
(22.8604 10.2761 -2.23757e-18)
(19.8547 4.4278 7.35312e-18)
(25.3079 6.8798 2.78641e-17)
(13.3325 0.467431 1.13881e-17)
(22.8933 8.8627 -1.0607e-17)
(25.0789 6.39608 0)
(25.3713 7.15841 0)
(14.3323 3.66033 0)
(-1.10409 -1.06591 1.05438e-17)
(25.0007 6.40126 4.12668e-19)
(25.731 5.76062 -4.53604e-18)
(24.7839 8.19569 -3.70997e-18)
(24.823 6.67089 7.78364e-18)
(25.0986 6.56998 -2.22222e-17)
(29.4616 8.15746 -5.17029e-18)
(25.1973 6.65806 8.40366e-18)
(23.0624 6.48264 -5.63765e-20)
(-1.23109 0.630482 -1.26105e-17)
(25.8356 6.04516 -3.21461e-17)
(23.3053 5.61069 1.21397e-17)
(21.1305 5.14459 0)
(27.8089 8.05623 -2.12332e-17)
(24.5544 6.44148 -5.20886e-18)
(2.09194 -2.51861 9.44471e-19)
(25.5185 6.95651 -1.33283e-17)
(25.2398 12.2961 3.59284e-18)
(25.639 6.75182 2.86076e-18)
(24.9879 6.22026 -9.04213e-18)
(21.4172 3.53812 7.92857e-18)
(27.4578 6.42632 5.85644e-19)
(21.0291 5.03969 0)
(25.8619 5.95286 0)
(20.8688 3.08195 7.06437e-18)
(14.2761 2.88102 -3.96971e-18)
(29.8567 7.86374 -5.28084e-18)
(25.7532 3.28124 9.3133e-20)
(26.9111 5.56251 -1.48971e-17)
(20.8968 3.12987 -6.83836e-18)
(13.474 2.4035 0)
(22.1533 6.19725 -8.81499e-18)
(25.1552 9.05734 0)
(27.4535 11.0646 1.08643e-17)
(28.0469 7.49324 5.92272e-18)
(24.4877 11.5099 7.1452e-19)
(23.9513 6.01269 -2.14409e-18)
(23.0598 3.03365 1.13744e-18)
(14.0728 5.58846 -1.65718e-18)
(7.81837 2.44364 -4.13935e-18)
(27.6248 9.03636 1.29859e-17)
(29.4903 7.94698 -1.4959e-18)
(22.4441 3.60985 -3.03085e-18)
(17.932 -0.373163 -1.66743e-20)
(17.0777 7.79036 -3.6992e-18)
(23.8126 8.4277 -9.16405e-18)
(27.4064 4.84469 -4.23257e-18)
(12.3912 5.56754 -3.08947e-18)
(20.5901 5.22794 -1.73447e-17)
(20.1875 0.100237 -7.96595e-18)
(29.7639 8.19664 3.81742e-18)
(25.0059 6.50387 -1.45557e-17)
(24.1405 11.4798 0)
(23.0752 6.27831 0)
(26.5105 5.63835 -1.39669e-18)
(25.7545 4.73305 -4.87862e-19)
(0.654032 0.395908 0)
(14.2297 5.14989 -1.84797e-17)
(27.2072 9.43007 0)
(19.8869 7.11955 2.92187e-18)
(18.3146 5.85365 -2.13063e-17)
(24.4281 6.60657 -1.09455e-17)
(26.9695 13.394 0)
(20.7244 6.5312 7.26736e-18)
(28.3911 10.3935 -3.86647e-18)
(24.9349 6.82931 -1.46084e-17)
(25.5429 6.64919 -9.43118e-18)
(27.6073 5.84664 -2.23587e-18)
(25.0387 6.36962 -5.38602e-18)
(29.4967 8.1979 6.05439e-20)
(23.6361 1.04065 0)
(-2.56025 0.00817285 1.42553e-17)
(14.3093 30.8412 2.33037e-17)
(25.4293 6.5245 0)
(25.5891 7.72351 0)
(20.0912 4.07263 -1.19788e-19)
(25.7743 6.65671 0)
(21.5777 8.17841 0)
(26.391 3.7574 0)
(27.2471 2.16278 -1.78717e-18)
(32.3023 7.61312 7.68202e-18)
(25.6481 7.11921 0)
(27.3106 2.19642 0)
(24.0798 2.79996 0)
(23.7132 12.1422 0)
(26.8781 6.13342 3.56692e-18)
(25.393 6.49126 -1.77396e-18)
(25.1265 6.73524 0)
(12.8745 3.31994 -1.35388e-18)
(24.8167 6.5767 2.55123e-17)
(24.835 4.47811 -1.483e-20)
(24.6633 2.93144 0)
(21.3363 6.87503 -9.68944e-18)
(24.1314 3.11631 2.31103e-18)
(29.4696 9.15531 -7.29533e-18)
(3.35566 0.308905 7.79409e-19)
(32.7333 13.0054 8.84883e-18)
(25.1361 6.51127 0)
(27.0613 9.63472 6.44705e-18)
(25.8848 6.87527 3.42079e-18)
(28.3099 8.17736 -3.86981e-18)
(23.7517 1.49322 1.87395e-17)
(25.0779 6.76377 0)
(21.258 6.60217 -1.66117e-17)
(0.312819 0.208703 1.09719e-17)
(25.1402 6.7271 -2.52949e-17)
(24.9613 7.36183 -6.48439e-19)
(25.3087 6.85973 8.44053e-18)
(19.8199 8.2053 6.02674e-18)
(25.012 6.37918 -1.20633e-18)
(24.9544 6.28292 0)
(22.9357 5.95983 -1.60185e-17)
(25.0526 6.35411 -5.10408e-18)
(28.4848 11.4568 -6.61753e-20)
(-8.96943 -4.64115 -3.37561e-18)
(-7.01867 -2.64044 -6.34583e-19)
(-2.64405 2.34894 1.4855e-17)
(25.0398 6.4866 1.44104e-17)
(20.6203 6.10392 -3.23521e-19)
(20.1678 5.22188 0)
(24.7544 7.3675 0)
(29.4281 7.86095 -1.25928e-17)
(1.3541 0.412727 3.67942e-17)
(26.7335 3.72542 0)
(27.4945 6.75778 3.33396e-18)
(29.7954 10.9311 7.96088e-19)
(14.2697 3.92982 0)
(29.5856 7.96187 0)
(26.932 8.24249 -9.11845e-18)
(27.9372 10.7285 -9.24603e-18)
(25.1492 6.48906 -6.28717e-18)
(25.2126 6.54509 0)
(21.9515 0.723498 6.508e-18)
(27.2376 4.35575 1.03445e-18)
(23.3855 2.58563 -9.79065e-19)
(26.6496 6.58413 2.87231e-19)
(25.7937 6.27078 0)
(29.1271 7.48852 1.91238e-17)
(29.5006 8.90362 1.92612e-18)
(25.0163 6.40581 -4.49958e-18)
(25.3241 6.61995 1.35611e-17)
(24.9901 6.40175 0)
(24.8981 6.43219 -5.50258e-19)
(23.5158 1.75658 -1.92192e-18)
(8.83207 2.0634 1.65264e-17)
(25.3978 6.36727 -7.46282e-18)
(29.529 8.18585 4.52273e-18)
(24.9042 6.13034 -1.11021e-17)
(2.03253 0.896409 -8.47904e-18)
(29.511 7.95616 4.22671e-18)
(24.9815 7.71766 -2.94097e-18)
(25.3847 2.35998 0)
(-3.95912 -3.85361 -5.69764e-18)
(25.9293 4.74178 -9.69595e-19)
(25.3226 6.50973 -6.576e-18)
(25.0933 4.23911 -2.50185e-18)
(24.0405 7.28016 -6.14669e-18)
(25.1077 6.72686 3.02339e-19)
(25.109 6.72945 2.85165e-17)
(26.2153 8.4437 -1.41554e-17)
(26.249 3.56626 -1.18141e-18)
(25.3833 7.65692 0)
(31.6357 6.14821 3.16667e-17)
(25.3908 6.12139 6.6986e-19)
(25.2656 6.53928 -1.40999e-17)
(25.5852 7.88438 -7.9755e-18)
(18.9434 10.5968 0)
(29.7326 8.41194 0)
(11.4828 5.48923 1.71037e-18)
(15.0784 4.94094 6.34671e-18)
(29.5583 8.07463 -4.39272e-18)
(26.7243 6.10113 -5.03507e-19)
(24.7063 8.48162 -2.93197e-19)
(24.8036 6.27522 0)
(22.7343 13.0724 -5.92519e-20)
(25.6974 5.86856 -2.32272e-19)
(-4.51796 -0.592836 1.72515e-20)
(30.5577 8.19678 0)
(27.2833 12.1481 4.28727e-18)
(25.2922 4.17251 -1.08534e-18)
(27.4802 6.82978 -3.75498e-18)
(28.9104 9.77661 3.37703e-18)
(1.10498 0.565706 4.68043e-18)
(25.3665 6.54789 0)
(29.11 9.33006 5.36017e-18)
(7.3726 1.46708 4.44787e-18)
(29.054 8.48374 0)
(29.779 8.21307 4.96163e-18)
(24.9602 5.16763 4.67888e-18)
(24.9248 6.57476 0)
(23.3059 9.15425 5.22257e-18)
(24.5924 7.09435 8.3972e-18)
(24.8031 6.69212 -1.95618e-17)
(5.20849 2.60662 0)
(20.875 6.74354 3.07604e-19)
(30.3249 8.42995 7.75814e-18)
(24.982 6.96742 9.60094e-18)
(23.1098 8.84583 0)
(22.3154 1.87297 0)
(24.3358 6.59364 -9.98871e-19)
(25.1412 7.05632 1.28362e-18)
(24.5207 6.91715 7.51411e-18)
(21.1065 6.94591 9.01995e-20)
(5.78907 4.92964 3.98786e-17)
(20.9002 11.3983 -1.52256e-18)
(24.9188 6.58641 -2.15475e-17)
(27.1504 5.50642 0)
(-7.06101 -4.01291 0)
(29.5834 2.81482 0)
(25.9398 5.20648 2.0741e-20)
(14.0237 5.15633 -3.55772e-19)
(29.709 8.00083 -4.51551e-18)
(14.2958 4.12674 8.5513e-20)
(25.365 26.5299 1.23637e-17)
(24.0676 2.84838 0)
(27.5741 5.95793 0)
(-5.18601 -3.91816 1.28536e-18)
(24.9752 6.49658 0)
(25.5275 6.54292 2.49303e-17)
(27.0466 5.49442 -1.26425e-17)
(22.6454 2.83558 -3.97529e-18)
(24.9712 6.3687 0)
(3.05111 0.686763 1.29661e-17)
(27.3592 5.61015 -3.75103e-19)
(18.0397 9.0953 1.01627e-17)
(23.6432 12.2001 0)
(22.4689 5.76003 -3.32474e-18)
(24.1927 4.70171 -8.9703e-18)
(29.0738 8.6394 1.67118e-17)
(24.9756 3.88162 0)
(20.1534 3.70961 -1.88355e-17)
(19.6213 7.64157 -6.52438e-18)
(25.8173 12.1107 0)
(25.4909 6.06555 -4.19486e-18)
(24.874 10.2581 -3.29021e-19)
(22.452 0.799952 4.89327e-19)
(20.6198 8.99257 -4.29694e-19)
(23.6232 5.51173 0)
(24.5461 6.41838 0)
(23.25 2.73661 3.83527e-18)
(26.7597 3.66369 0)
(14.7573 2.77538 0)
(25.3296 11.3785 -2.19732e-18)
(25.3128 4.36643 3.05191e-18)
(24.8676 6.74144 1.66969e-17)
(-6.41994 -0.628315 7.73109e-18)
(27.4461 11.1859 -6.69233e-18)
(26.0199 6.72866 1.88074e-17)
(24.1572 17.4817 -4.62418e-18)
(-4.95401 2.98873 -9.4154e-18)
(27.9538 9.96955 -2.09539e-17)
(26.5708 8.22735 -8.61989e-18)
(-0.297186 0.145324 0)
(21.5043 3.80583 -1.48234e-17)
(26.1662 3.53501 -6.28138e-19)
(29.1309 7.8612 0)
(28.5094 6.83678 -4.53266e-18)
(2.03389 0.499831 1.37918e-17)
(24.5757 6.48273 1.53678e-17)
(25.9525 7.62449 0)
(25.1525 6.5264 0)
(27.8229 11.5694 -3.48862e-18)
(25.2804 9.10588 4.05166e-18)
(23.9387 11.3584 -2.59481e-18)
(28.6455 8.34956 4.20545e-18)
(30.0245 8.38963 0)
(21.0705 9.90071 1.46601e-18)
(25.2307 6.7071 8.82302e-18)
(20.9946 9.37641 9.07694e-18)
(24.1391 5.46036 -1.67019e-17)
(33.3467 7.82181 0)
(4.10141 -2.14483 9.96224e-19)
(25.2732 6.67107 0)
(10.7135 5.09813 -4.98557e-18)
(22.8156 3.71146 0)
(25.1968 6.50485 -9.28108e-19)
(23.4316 2.84689 0)
(24.7098 6.99386 0)
(26.7417 4.14983 1.75153e-18)
(23.2296 2.9594 0)
(26.2517 32.4637 -3.81501e-18)
(-6.28349 1.23639 0)
(25.1599 6.80578 0)
(-6.07578 1.36255 0)
(25.2528 6.79964 1.55729e-17)
(15.0618 5.45014 0)
(29.4763 7.84936 -6.41228e-18)
(25.1993 6.79496 2.07201e-19)
(12.0827 5.58296 3.12587e-18)
(25.4404 9.55936 -5.44222e-18)
(-4.301 -0.908539 -5.56098e-19)
(25.8554 7.00534 1.71337e-17)
(24.97 3.32193 2.22035e-18)
(-6.318 -0.916468 -1.56425e-19)
(27.8109 9.23746 6.14785e-18)
(0.237685 0.332702 9.45116e-18)
(12.9156 1.02768 0)
(25.13 6.67198 0)
(24.4956 24.2208 8.37832e-18)
(26.0422 12.2041 0)
(25.0854 7.48178 -3.89453e-19)
(27.1664 9.72477 0)
(24.9455 8.94795 1.66419e-18)
(22.8655 6.20723 0)
(29.0271 7.37749 0)
(28.9794 7.60227 0)
(24.8297 6.59605 -6.55478e-17)
(-7.84415 1.54641 -5.74474e-18)
(20.7851 3.24743 6.34694e-18)
(23.2955 27.3374 0)
(17.9074 7.87395 -1.97314e-17)
(19.5158 8.69788 0)
(28.497 7.0467 1.72816e-17)
(24.7499 4.56741 -6.47725e-18)
(25.3299 6.55813 7.56114e-18)
(27.1734 8.2592 5.93489e-18)
(27.671 11.6848 -8.90586e-18)
(17.8414 8.34567 0)
(19.7902 2.0805 0)
(25.8089 3.83932 0)
(25.424 8.41195 1.04472e-17)
(28.4152 11.3737 -5.55821e-18)
(25.648 6.45513 0)
(25.5901 9.00477 0)
(29.4057 8.12091 0)
(29.6766 9.23517 0)
(21.6296 8.28884 5.32662e-18)
(20.2354 5.30653 0)
(25.2993 6.57387 0)
(18.0414 7.96689 7.81925e-18)
(26.1635 10.2115 6.42173e-18)
(20.1861 4.62962 -3.46651e-18)
(11.8485 3.49528 0)
(20.6162 9.08424 5.08255e-18)
(19.3408 11.1242 0)
(22.8287 3.61713 3.23167e-18)
(28.5658 6.79002 -4.52775e-18)
(25.2214 11.451 0)
(26.3392 3.62802 5.20658e-19)
(27.5518 5.27098 -1.72802e-17)
(30.7728 12.9444 1.32996e-17)
(29.7658 8.23541 0)
(29.6493 7.99003 4.98e-18)
(21.4642 3.73739 8.64196e-18)
(15.2448 4.51828 -5.18985e-18)
(28.3654 5.25076 -4.88788e-17)
(23.607 13.2667 6.19627e-20)
(27.0595 6.49526 6.7552e-18)
(20.9828 5.77379 3.91966e-18)
(27.1839 2.10974 -1.14459e-18)
(15.4771 5.43845 7.12518e-18)
(26.9771 5.08518 0)
(29.8545 8.12514 -4.74293e-18)
(26.1235 8.14031 -1.11115e-17)
(24.2481 5.69753 0)
(28.9091 7.49549 8.10758e-18)
(25.1366 6.58198 6.03881e-18)
(27.7112 7.72245 5.02888e-18)
(13.0929 4.03313 -8.76206e-18)
(27.404 4.48332 -6.86225e-19)
(24.3174 4.02132 6.6648e-18)
(31.6092 7.41902 -6.27206e-18)
(24.9043 6.41585 -6.05535e-18)
(31.4015 4.21866 0)
(29.9424 8.6652 9.08976e-18)
(27.7054 6.3802 1.83035e-17)
(23.1303 10.4354 4.28718e-18)
(23.9563 5.52113 6.04294e-18)
(25.1061 7.14485 -1.14395e-18)
(24.2962 17.9723 0)
(23.534 7.99247 0)
(20.985 6.50698 1.15013e-17)
(27.0447 11.2354 7.66446e-18)
(24.7391 6.96875 0)
(26.7459 10.2764 -1.37702e-17)
(25.186 6.98981 -3.98769e-18)
(30.0041 8.26005 -4.08816e-18)
(24.0222 6.15142 5.39215e-18)
(27.3014 5.20348 -4.16159e-19)
(18.3776 -0.13759 0)
(27.2273 8.09082 2.79453e-18)
(28.9608 5.57387 -6.53583e-18)
(27.3234 6.88245 0)
(0.00678749 -1.03225 1.89368e-17)
(23.411 2.74606 2.64266e-18)
(23.8473 11.6533 8.53385e-19)
(25.5462 6.42514 6.41954e-18)
(24.2372 6.3157 0)
(20.842 5.78801 1.32536e-18)
(28.7822 8.27191 -4.32994e-18)
(25.2128 6.53631 -2.61159e-18)
(16.2055 15.9802 6.33918e-18)
(28.7163 7.4633 -3.83351e-18)
(15.291 6.79471 0)
(26.7527 5.05729 9.51395e-20)
(14.1305 6.19829 0)
(26.8649 7.13355 3.04206e-17)
(25.6542 3.68244 -1.3541e-19)
(15.5847 1.40449 0)
(27.43 4.4736 3.51614e-18)
(25.142 6.58823 -6.66508e-18)
(21.2327 9.5443 6.09965e-18)
(27.0159 6.1415 5.12251e-18)
(20.8587 3.23153 -3.21395e-18)
(29.5933 7.96738 4.51428e-18)
(26.6895 2.04374 -7.63599e-20)
(31.0476 3.50115 -4.94136e-18)
(25.0638 6.36962 0)
(29.6454 8.07154 0)
(29.3481 7.70397 -2.27029e-17)
(23.5924 3.06181 0)
(25.0798 6.83029 1.33072e-17)
(23.4253 2.47418 0)
(9.04753 4.72553 -4.33415e-18)
(29.5668 7.93558 0)
(24.9417 6.33656 8.52235e-18)
(25.5059 6.38152 -1.44728e-17)
(20.7868 32.4109 0)
(28.0089 2.36715 0)
(28.5088 8.16323 0)
(8.71372 4.99193 0)
(25.1126 6.74452 7.52425e-18)
(27.4657 7.89751 2.05525e-17)
(19.1386 8.71078 0)
(29.7085 8.46594 9.71566e-18)
(28.9419 5.65065 2.15754e-18)
(20.4138 4.26842 -8.36562e-21)
(22.3351 7.17767 -1.58711e-17)
(23.3559 2.66421 0)
(25.1575 6.66677 9.38681e-18)
(25.3392 6.41223 6.02991e-18)
(22.4255 3.64573 8.71011e-18)
(29.3177 7.87543 4.12207e-18)
(-0.459038 1.10179 8.32005e-18)
(29.5421 7.93251 -3.13559e-18)
(23.8102 8.85372 -2.32635e-18)
(26.0798 3.88646 -8.95155e-19)
(27.7727 11.3169 9.46186e-20)
(32.5793 13.286 0)
(25.9326 4.1303 1.87979e-18)
(25.1321 6.47922 -5.47857e-18)
(29.3245 9.86473 9.37517e-18)
(29.8206 8.18257 -3.08002e-18)
(24.0324 7.33508 3.26602e-20)
(-3.0033 -3.66123 5.78451e-18)
(25.2151 6.55896 -4.4529e-19)
(25.3342 7.87699 5.668e-18)
(28.4786 6.65079 5.57946e-17)
(-1.54366 0.187715 2.97849e-17)
(27.3972 5.30952 0)
(23.5062 2.71792 0)
(13.1406 4.31081 1.6974e-20)
(27.5745 6.33416 1.11345e-17)
(26.663 6.69204 -3.78494e-18)
(25.8446 6.85211 8.10579e-18)
(10.0895 -1.05182 -4.01465e-18)
(26.5251 18.2484 0)
(-1.49993 -0.654634 1.74758e-17)
(25.0495 6.59933 9.03501e-18)
(24.5829 6.33044 -2.71916e-18)
(33.3481 22.9368 -1.99627e-17)
(26.2114 4.7228 0)
(23.7211 7.04444 1.91753e-17)
(25.2542 6.78464 2.4188e-17)
(26.2791 5.03385 0)
(25.3026 6.43675 -8.07575e-19)
(26.9185 4.19669 -2.80636e-18)
(24.8626 6.56655 -1.8735e-17)
(18.9447 8.29437 -9.60678e-18)
(28.0872 3.9086 0)
(25.0387 6.02513 -6.15348e-18)
(24.7192 3.00893 -1.06728e-18)
(26.7419 3.77742 0)
(0.111879 -2.48528 7.81391e-18)
(19.475 7.66384 3.96533e-18)
(29.6655 8.00194 0)
(31.5181 13.3035 3.26279e-20)
(23.2105 3.63872 0)
(20.6916 9.1813 -1.72249e-18)
(26.1383 3.70708 1.68695e-19)
(24.7358 7.12997 -1.48339e-18)
(24.3049 6.16149 -1.17879e-18)
(25.1611 6.55856 0)
(25.1761 6.17904 0)
(30.7996 8.40524 1.99239e-18)
(21.3285 3.48336 -9.22194e-18)
(29.1483 6.4055 5.54971e-18)
(21.3505 10.4225 -5.05715e-18)
(27.8292 7.64326 -5.38706e-18)
(21.0811 8.95091 -5.86721e-18)
(29.7761 8.34182 -5.23317e-18)
(29.5984 7.81505 0)
(28.7103 7.02118 1.07037e-17)
(31.9659 8.27253 -2.16864e-18)
(24.4432 7.09248 -1.21628e-17)
(29.6219 8.4161 0)
(27.4238 7.22205 -3.96033e-19)
(24.6429 3.08463 0)
(0.723682 -2.49193 6.87099e-18)
(22.9159 14.2148 0)
(2.63068 -0.788823 6.27918e-18)
(24.8794 6.72982 -3.93738e-17)
(24.9324 6.16042 6.50466e-18)
(29.5814 8.04582 -4.72786e-18)
(24.008 8.92806 9.30545e-19)
(37.26 14.5118 7.40808e-18)
(27.6697 4.5983 2.25396e-17)
(24.9479 8.68899 -1.70262e-18)
(29.0721 9.45575 -3.90921e-20)
(25.4934 2.99805 0)
(29.7474 8.05166 4.45803e-18)
(26.9245 8.07409 -9.22685e-18)
(20.6632 0.229874 1.33771e-17)
(26.9048 5.31742 9.90901e-18)
(24.9177 6.07526 3.50049e-18)
(23.7678 11.5814 -1.01684e-18)
(31.6265 8.18273 1.98689e-18)
(17.0868 19.4642 -3.30296e-19)
(22.6082 2.78188 3.88852e-18)
(1.67446 0.475439 0)
(27.6309 6.32261 -9.41341e-18)
(22.4661 7.38006 -1.0698e-17)
(25.1324 6.35173 -7.30462e-18)
(23.3433 3.27277 -3.46793e-18)
(25.3757 4.15429 0)
(25.1705 6.56698 0)
(0.75156 -0.36934 2.07035e-17)
(22.4635 7.81513 -1.17169e-17)
(26.5368 3.78261 0)
(29.5727 8.06735 -4.98322e-18)
(24.6547 6.05305 1.37715e-17)
(24.2163 6.22505 0)
(25.1357 6.96998 0)
(17.0602 17.09 2.84482e-18)
(25.0712 6.83883 -1.10015e-18)
(25.3312 6.63285 8.00343e-18)
(22.5863 7.33135 1.93916e-17)
(24.0391 4.83171 0)
(-2.39645 -3.02372 1.19401e-17)
(27.9485 8.6303 -9.16341e-18)
(29.6568 7.97209 0)
(24.7796 6.40438 0)
(25.1963 6.08744 0)
(25.6612 6.11456 -1.63337e-17)
(25.1163 6.89925 -2.13993e-18)
(27.3075 8.0336 -2.79452e-18)
(23.2809 10.4946 -3.24939e-18)
(-7.31801 2.0702 1.46556e-17)
(18.0066 9.33109 2.11553e-18)
(25.3515 2.77269 4.35212e-20)
(10.0099 1.84319 1.50245e-17)
(29.4933 7.87775 1.56759e-17)
(25.5125 3.03085 0)
(11.1704 5.58357 0)
(22.9295 13.0804 6.63947e-20)
(28.6298 2.75458 4.67252e-18)
(26.681 7.47138 1.1366e-17)
(25.3278 2.79282 0)
(25.9953 8.90745 1.98384e-17)
(28.0316 10.9243 4.53709e-18)
(27.1822 5.65931 4.8078e-18)
(23.1856 1.58535 9.70726e-19)
(25.1907 6.5435 0)
(25.0487 6.85552 1.20456e-17)
(23.0188 6.39538 1.17432e-17)
(-7.97609 -3.36827 0)
(30.7991 8.41 0)
(20.8034 6.95132 -6.40308e-18)
(24.8467 6.73903 0)
(19.706 7.74284 0)
(25.0392 6.67885 1.26853e-17)
(19.675 6.52942 0)
(26.1791 5.59773 -1.18168e-17)
(21.3428 7.02133 3.58966e-18)
(24.3511 3.42347 3.25328e-18)
(25.074 6.40099 1.32801e-18)
(12.5538 5.44826 0)
(24.5185 7.4005 9.99188e-18)
(23.5462 11.2876 -1.3757e-20)
(26.2086 3.52698 0)
(25.0318 6.35795 5.30021e-18)
(26.0713 5.62265 -9.08861e-18)
(22.1256 12.7614 7.26809e-19)
(26.99 11.3761 -8.54688e-20)
(25.3628 7.05917 9.52856e-18)
(23.8449 8.31958 5.02187e-18)
(26.1993 7.50416 0)
(23.202 1.61638 2.1821e-18)
(21.09 4.42343 0)
(24.792 6.80568 0)
(25.104 6.68622 -2.243e-17)
(3.4148 2.35081 2.87936e-18)
(23.2353 2.91576 0)
(25.8973 1.83727 4.34534e-19)
(24.6719 6.63778 2.41048e-17)
(22.4553 5.79284 -1.5259e-17)
(25.2877 6.34024 5.17041e-19)
(23.8856 1.19824 0)
(29.6417 7.97954 -4.28977e-18)
(10.6862 0.0419291 -2.97706e-18)
(26.3524 7.88186 2.60716e-17)
(29.6839 8.0083 -3.6897e-19)
(29.0688 9.50821 -1.14003e-17)
(22.1037 7.79393 0)
(24.4931 6.88269 0)
(25.2934 6.09242 1.88887e-19)
(28.0605 7.61198 -3.13948e-18)
(-7.41334 -4.15876 3.23948e-20)
(24.787 7.08525 1.10149e-17)
(25.1998 6.57002 0)
(13.981 5.25259 3.57784e-19)
(29.788 11.1407 8.53733e-18)
(-9.26602 -4.51775 3.28813e-18)
(28.9024 2.66038 0)
(27.3356 7.2863 3.96031e-19)
(24.969 7.18031 2.66165e-18)
(26.0933 10.3041 -6.78073e-18)
(30.3414 6.57184 2.4326e-17)
(24.1491 7.39688 -2.70136e-18)
(24.9796 7.11552 2.72564e-18)
(25.9438 7.91401 -1.30643e-17)
(24.2818 7.34735 1.59731e-17)
(24.9591 7.24777 -3.11546e-18)
(25.7983 7.76257 0)
(26.0109 4.51561 -3.48855e-20)
(14.492 0.506367 -6.73953e-19)
(25.6413 7.6059 7.15028e-18)
(25.6171 6.435 -2.14213e-17)
(20.9947 0.863503 -3.59246e-18)
(26.7391 2.07245 9.99997e-18)
(23.4916 5.97635 -3.23029e-18)
(-1.45826 -0.593495 -2.21608e-17)
(25.2171 6.84031 0)
(27.3663 2.18979 1.14657e-18)
(29.6106 8.10659 4.38234e-18)
(30.2417 3.14234 0)
(27.1879 4.45054 1.53987e-18)
(25.9742 6.36703 -4.31668e-18)
(21.0022 6.64511 0)
(29.8584 3.55454 1.12285e-17)
(24.9565 6.85555 1.14476e-17)
(25.885 3.89391 0)
(25.9565 3.78487 0)
(25.7935 4.00676 6.67271e-19)
(25.6998 4.13102 -1.01374e-20)
(26.0296 3.67933 -7.54468e-19)
(29.7532 8.36104 3.92841e-20)
(28.9697 3.86719 -8.46703e-18)
(25.5994 4.26784 -1.16498e-19)
(29.4562 8.00813 0)
(22.551 6.94947 -1.30255e-17)
(25.1836 6.54252 0)
(28.1805 2.37135 0)
(23.7705 5.6583 1.18208e-17)
(28.1608 4.1547 2.69315e-17)
(6.11884 2.93583 -2.35859e-18)
(24.3918 7.29937 0)
(24.0181 10.9722 1.54723e-20)
(24.9952 7.05674 0)
(25.4367 6.29549 0)
(-3.43395 -2.35607 3.85297e-18)
(25.0913 6.56189 1.72179e-17)
(26.9573 7.03736 -3.05669e-17)
(27.5865 4.45158 -2.41635e-17)
(26.0976 5.28324 3.01806e-18)
(25.4856 7.44601 0)
(17.1385 -0.101177 0)
(35.7406 14.0015 0)
(25.1914 6.13421 1.4238e-18)
(26.0071 6.37414 0)
(27.0853 5.45289 -3.74947e-18)
(29.6124 8.06624 9.15824e-18)
(29.638 7.97015 2.95603e-18)
(23.9941 7.61665 0)
(30.3973 8.35446 -2.31498e-17)
(25.1956 6.82112 -2.79794e-17)
(23.6094 9.64834 8.02909e-19)
(10.6641 2.89517 0)
(14.9476 12.6408 9.68256e-18)
(29.0626 6.742 -3.63396e-17)
(24.6912 6.22804 7.8047e-18)
(23.2839 8.67066 0)
(25.1285 6.89281 8.23609e-18)
(25.7697 7.44475 1.44164e-17)
(29.7234 8.00568 -4.81775e-18)
(23.4535 8.51904 4.30453e-18)
(25.4935 4.40174 6.00467e-19)
(24.6078 4.41219 9.95373e-18)
(26.405 7.85929 -5.53925e-18)
(23.6173 8.37268 0)
(31.2718 9.0838 0)
(23.8952 5.80555 1.34943e-17)
(23.7677 8.23435 0)
(29.642 7.96589 0)
(22.2901 5.7093 -1.11625e-18)
(10.1269 2.58614 0)
(27.1015 4.48964 2.6938e-18)
(29.4712 11.6542 0)
(27.1599 4.87367 2.43606e-18)
(25.2043 7.4972 -3.23275e-18)
(21.7604 8.30616 7.40771e-19)
(27.1753 4.73363 2.27067e-18)
(25.9219 5.33733 -4.0427e-18)
(26.7065 3.78943 2.87662e-19)
(27.2806 5.33034 -5.00359e-18)
(20.0574 5.53673 0)
(25.278 6.54661 0)
(25.0324 6.87326 9.5472e-18)
(20.2881 5.57611 0)
(23.9069 8.10114 4.2312e-18)
(-7.47973 -3.55923 -6.13418e-19)
(24.9249 6.44404 0)
(20.5182 5.61641 -7.91885e-18)
(24.7187 11.9251 1.40182e-19)
(22.2447 12.7765 -9.69164e-19)
(29.9474 4.40451 0)
(8.04319 1.21657 -3.79958e-18)
(25.1963 6.73209 -1.12993e-17)
(25.0391 8.8709 -5.67853e-18)
(26.051 5.36079 -1.97829e-18)
(21.1544 7.19613 1.5531e-17)
(22.0196 8.28039 -4.82648e-18)
(13.7362 5.05339 -3.27622e-18)
(25.5258 6.35255 2.68725e-17)
(3.04277 -0.953097 1.34231e-17)
(15.0722 6.59019 0)
(22.7309 4.09416 0)
(2.68714 -2.00734 1.96737e-17)
(25.3582 6.13244 -3.23845e-19)
(9.53551 2.57879 0)
(29.8959 8.26684 -7.44831e-18)
(24.6205 7.64842 -1.76915e-18)
(6.20615 2.74602 -1.18768e-16)
(24.6659 11.6832 2.06353e-18)
(25.5068 7.73312 -5.40597e-18)
(25.2118 6.79875 -2.95691e-17)
(25.7486 9.16163 0)
(25.3081 6.15726 -2.022e-19)
(24.7611 7.0501 -1.14726e-17)
(-2.14947 2.12635 1.64733e-17)
(26.9723 10.2943 0)
(29.302 7.85238 -8.0157e-18)
(1.0959 1.72253 -4.04644e-18)
(25.0842 6.41052 0)
(27.4535 9.41778 1.67354e-17)
(-0.861877 -2.83825 -1.7332e-18)
(33.3146 7.70363 0)
(23.2294 1.80336 1.00954e-19)
(22.9537 3.96006 -5.26701e-18)
(24.8394 3.25366 -4.36323e-18)
(25.3026 6.18592 3.81977e-19)
(26.8377 6.28562 -7.61473e-18)
(17.291 18.4654 5.82013e-19)
(21.7332 10.7259 1.05828e-18)
(35.6518 13.2227 -1.00049e-17)
(25.9939 7.35309 -9.41505e-18)
(23.0761 9.12377 1.15329e-17)
(24.3214 3.47146 -2.41516e-18)
(29.1756 7.80824 0)
(22.3919 10.9556 -2.06506e-18)
(25.4623 7.57569 2.30162e-20)
(25.1267 6.73808 0)
(26.5348 7.46666 -3.82082e-17)
(20.1586 5.61051 -5.46214e-18)
(20.3846 5.66162 9.33462e-18)
(19.9489 5.57229 3.39063e-18)
(23.5998 1.085 -3.75625e-18)
(24.6752 5.76046 0)
(23.8034 8.12536 0)
(29.615 2.9196 -1.10378e-19)
(27.876 4.02511 -7.3267e-19)
(24.0776 2.69625 0)
(23.6543 8.25776 0)
(29.6037 9.32357 5.90341e-20)
(28.3081 7.3426 -4.14192e-18)
(23.4981 8.39728 0)
(29.6192 7.95594 -5.40468e-18)
(-4.47796 -1.75628 -6.20429e-18)
(23.0048 11.6084 0)
(23.3269 8.54624 0)
(23.0011 4.26844 4.18494e-18)
(23.1503 8.71887 0)
(26.577 5.73385 0)
(25.2691 7.68846 -1.53983e-17)
(22.9964 5.85111 -3.00664e-17)
(25.1127 6.74053 -8.12488e-18)
(23.9378 7.99842 8.976e-18)
(1.32883 -2.40293 -1.05847e-17)
(20.6281 5.69104 3.83627e-18)
(24.0391 7.97225 0)
(29.5414 9.0589 5.72011e-19)
(23.8876 12.7554 0)
(26.4213 5.81243 0)
(25.1396 6.82734 8.45618e-18)
(25.1737 6.73133 2.39461e-18)
(19.2922 7.79926 -6.62702e-18)
(25.1948 6.97804 2.78056e-18)
(20.7573 5.64465 0)
(26.3267 7.53389 8.81912e-18)
(29.6647 8.00302 0)
(25.2088 6.75573 0)
(25.0373 7.09313 -8.25784e-19)
(23.0227 1.6906 2.77775e-18)
(25.1856 6.74926 0)
(25.1231 6.68172 1.06326e-17)
(26.5898 13.8842 0)
(0.897434 0.396578 0)
(29.4747 9.08896 0)
(29.5704 7.94966 -4.1549e-18)
(-5.35374 -2.37892 -6.20184e-18)
(25.1801 6.71448 1.61533e-17)
(23.191 9.08081 0)
(21.3282 4.52434 0)
(20.2498 14.9297 0)
(27.3041 4.5195 8.64232e-18)
(25.1553 6.54133 -2.81952e-18)
(24.0311 1.28235 -1.93469e-18)
(27.8052 4.22683 -1.46138e-17)
(25.2608 6.21312 -3.8197e-19)
(20.3161 5.00769 -4.69945e-18)
(-2.94089 -1.66047 0)
(25.4154 3.0835 2.53648e-19)
(23.8984 8.5013 -9.44879e-18)
(21.853 10.6838 0)
(21.5945 10.461 5.09393e-19)
(25.0724 6.85462 -1.32447e-18)
(22.1317 6.3104 1.25765e-17)
(-4.07713 -0.994479 0)
(-3.32098 -0.94776 0)
(28.5435 3.94432 -4.43237e-18)
(29.97 11.9841 4.10074e-18)
(29.4105 7.85966 0)
(26.9377 9.68154 0)
(31.3048 7.12758 0)
(29.7508 8.08897 -9.50313e-18)
(-1.43943 -0.308416 0)
(27.67 7.95634 0)
(29.3926 3.61778 -1.59793e-17)
(24.9186 6.82758 -5.20283e-19)
(25.1089 6.74213 8.9444e-18)
(28.0636 8.69535 -6.77876e-18)
(26.029 5.35876 3.8805e-18)
(25.0163 5.23774 -1.04876e-17)
(23.7525 5.54058 0)
(29.3373 8.92331 0)
(15.5709 7.362 7.67011e-18)
(22.0264 4.22733 2.20475e-18)
(-6.03674 -2.87694 -7.72765e-18)
(23.8769 5.69473 -1.70138e-17)
(19.1582 5.17903 -1.30361e-18)
(30.4838 3.2637 -1.23964e-17)
(11.6111 3.75098 0)
(29.8518 7.69817 1.21057e-18)
(25.4651 7.78765 5.84592e-18)
(25.9124 3.24964 -1.72696e-19)
(9.19576 5.4747 -5.29789e-18)
(24.8046 3.17158 -2.18452e-18)
(27.1445 8.90454 -1.36439e-17)
(21.2533 4.90777 0)
(23.9745 7.23153 7.68586e-18)
(27.2559 8.20342 -5.93488e-18)
(17.7076 7.0313 -4.65527e-18)
(25.8455 4.56957 0)
(13.2584 9.792 -7.59464e-18)
(27.9232 2.42795 -1.06762e-17)
(25.2356 6.7587 1.16553e-17)
(-3.1052 -3.61897 0)
(24.99 6.10251 5.80473e-18)
(25.3293 6.58789 0)
(26.085 3.66201 4.58395e-19)
(25.9566 3.86602 5.54415e-21)
(25.3267 12.1541 -2.3843e-18)
(27.2638 4.41597 -1.03448e-18)
(25.8748 3.97589 -6.44346e-19)
(26.0188 3.76112 8.54164e-19)
(25.7819 4.09829 0)
(1.7734 0.423283 0)
(25.6886 4.23073 -5.10242e-22)
(25.0684 8.52914 0)
(25.588 4.36913 -3.87106e-19)
(22.2885 1.08078 -1.08487e-17)
(26.8742 10.0808 7.76527e-18)
(23.7549 6.72194 -1.01229e-18)
(28.9795 5.80284 -4.57047e-18)
(26.9489 4.81115 1.97544e-18)
(25.0518 12.1566 -3.82927e-18)
(29.7494 8.05161 -5.56789e-18)
(23.325 1.74951 0)
(-0.651731 0.195364 7.95079e-18)
(25.0293 6.425 2.57136e-18)
(-0.380942 1.12437 4.48498e-18)
(25.9219 4.4121 9.97935e-19)
(25.227 6.51581 0)
(24.554 12.0843 0)
(25.1223 2.8222 0)
(21.0296 11.3481 4.45586e-18)
(23.9745 12.8274 3.27733e-19)
(20.6136 6.86004 6.04361e-18)
(25.8 5.74914 -4.13185e-18)
(-6.52435 -3.29089 0)
(21.3831 11.733 0)
(29.6601 8.42473 0)
(29.1148 7.61026 -3.20798e-18)
(24.7704 11.2777 -3.25481e-18)
(23.7889 7.231 -4.58443e-18)
(24.1734 2.78258 0)
(24.0129 2.84116 6.59645e-18)
(24.974 6.52938 1.06496e-17)
(24.783 6.00383 1.19142e-17)
(23.0174 4.14209 -8.87237e-18)
(18.1863 9.46615 -2.11745e-18)
(27.4376 9.27958 3.36305e-18)
(21.0042 0.588924 0)
(25.1365 6.63671 9.19497e-18)
(23.1949 3.73891 -8.32552e-18)
(26.1561 6.03957 0)
(26.1225 4.74016 -9.36656e-20)
(23.8821 16.197 2.97928e-18)
(26.0677 6.36871 0)
(21.6708 8.55903 0)
(26.1263 7.88511 0)
(25.2891 3.46269 -9.80299e-19)
(25.5097 3.33866 -2.80826e-19)
(25.1318 6.67312 -1.22563e-17)
(25.1082 6.73755 1.07324e-17)
(-6.02494 2.23795 0)
(25.1471 8.70219 0)
(24.9846 2.87919 0)
(25.5662 3.9287 1.28936e-20)
(25.5054 7.56944 5.46146e-18)
(26.101 8.02828 8.91176e-18)
(27.664 6.24112 -3.71559e-20)
(23.4743 13.2457 5.69842e-19)
(26.7066 3.84347 2.09816e-18)
(26.2883 7.64749 0)
(25.5226 6.70864 -3.01096e-17)
(25.856 5.41574 2.64735e-18)
(23.9881 5.84018 -1.07848e-17)
(25.0946 6.72285 3.00144e-18)
(25.1187 6.78463 1.05024e-18)
(25.6543 7.73942 -7.87255e-18)
(25.1098 1.63033 -7.7265e-19)
(27.9514 7.69752 6.19793e-18)
(-6.98783 -1.22362 6.97789e-18)
(24.6048 3.13711 -3.50859e-18)
(25.289 9.25131 -6.82747e-18)
(17.6178 -0.357113 -1.40599e-17)
(25.5104 2.96275 -1.32694e-19)
(23.1644 2.9798 4.75022e-18)
(23.3679 2.85004 -2.36417e-18)
(25.0478 6.77211 -1.89497e-17)
(25.483 6.47024 -2.66183e-17)
(-6.82146 -3.63673 -1.00319e-18)
(28.9858 9.03247 -8.98951e-18)
(25.0562 9.12645 0)
(29.0778 5.82858 -6.72635e-19)
(-6.84492 1.34528 -1.55463e-17)
(21.0636 6.15184 0)
(26.4297 7.94412 0)
(29.9536 8.31738 0)
(21.3447 10.1036 0)
(22.193 3.13018 0)
(22.1336 14.6221 2.19148e-19)
(25.7903 7.89798 -7.92237e-19)
(30.9787 7.91136 -7.49087e-18)
(21.0556 3.77018 9.48476e-18)
(27.224 4.901 0)
(25.952 6.39845 -5.72544e-19)
(25.0189 6.39392 -4.54977e-18)
(21.2252 3.2512 -8.87055e-18)
(24.8637 6.91289 -5.63676e-19)
(24.6386 4.52937 0)
(25.0038 7.0876 8.80175e-19)
(25.267 6.75949 0)
(22.8611 8.7418 0)
(23.331 2.78961 8.02712e-18)
(27.1494 11.2434 -3.94698e-18)
(21.0778 9.2988 -1.04172e-17)
(-1.77551 0.188852 2.372e-17)
(29.2255 7.83744 7.27442e-18)
(25.4778 4.50884 -4.68328e-20)
(21.5597 8.7776 7.60459e-18)
(25.1077 6.70408 0)
(25.2504 8.87126 0)
(21.4737 10.1067 -6.61584e-18)
(23.7024 5.29002 1.88802e-17)
(24.9616 6.9523 0)
(28.1717 6.74185 -7.65261e-18)
(24.1999 6.14035 -2.44107e-18)
(23.2132 8.94144 -3.21979e-18)
(25.363 7.39945 -5.5499e-20)
(20.8407 6.45287 -9.35819e-18)
(25.7232 7.74723 -1.87315e-17)
(26.8689 4.98533 -1.77888e-18)
(26.4787 12.324 -3.09878e-18)
(25.4629 6.68331 -1.12784e-17)
(24.3255 7.28804 -1.33624e-17)
(25.612 6.47239 0)
(25.1033 6.74478 3.24522e-18)
(25.0542 6.43863 7.98258e-18)
(27.3214 6.04992 4.68502e-17)
(25.0085 7.00679 0)
(25.3582 7.28075 2.43229e-18)
(26.3764 9.0279 -7.6112e-19)
(25.5254 2.73292 0)
(24.4993 7.26719 0)
(25.5723 6.09554 0)
(24.8575 6.63106 8.05738e-18)
(23.4349 9.41334 -2.00246e-18)
(30.1868 8.32177 3.44522e-18)
(29.8575 11.8951 -3.95979e-18)
(25.2921 6.24766 -3.00905e-18)
(24.9916 7.14857 -1.35424e-18)
(27.3474 4.95401 1.83651e-19)
(26.7871 7.31267 -4.67681e-17)
(24.0132 5.94198 2.14409e-18)
(23.8011 6.12503 -1.29478e-17)
(25.0465 6.42257 0)
(25.241 7.40441 1.50918e-17)
(22.5431 2.84802 -4.81357e-20)
(25.7062 7.06701 0)
(27.2405 4.46142 -8.67834e-19)
(27.7883 8.71408 7.00689e-18)
(24.1162 1.77312 1.88249e-17)
(21.8818 10.5574 0)
(30.1279 8.36658 6.68789e-18)
(23.9957 6.10974 2.62966e-17)
(22.3222 3.83966 1.13018e-18)
(26.5565 5.92734 -7.75919e-19)
(23.0282 3.1049 0)
(26.243 3.73885 -7.06062e-20)
(24.1516 2.81839 2.96822e-18)
(23.1385 3.02587 -5.60391e-18)
(24.6984 7.33162 5.61832e-19)
(24.0647 7.87387 7.05165e-19)
(27.4067 6.54077 -3.59216e-19)
(24.0003 4.9303 4.67812e-18)
(22.6718 3.39153 -5.09802e-18)
(23.3424 2.89986 -2.46468e-18)
(26.6636 3.85352 -2.44787e-18)
(22.8085 0.862427 -3.8635e-18)
(28.8504 6.70573 1.05001e-17)
(20.8899 5.09655 -9.15948e-18)
(27.119 12.3348 5.99744e-19)
(22.7546 10.1898 2.98491e-18)
(24.5619 4.60853 0)
(32.0708 7.33069 -6.90061e-18)
(23.6145 2.76808 1.0843e-22)
(25.0769 6.62717 -3.59257e-19)
(25.3787 4.54542 0)
(19.2913 11.8083 -4.74063e-18)
(27.5043 5.03846 0)
(17.962 6.61206 -1.1444e-17)
(27.157 4.5059 -1.78135e-18)
(21.9675 5.73801 -1.10112e-17)
(22.015 4.39337 -1.72267e-18)
(29.534 9.2886 1.22545e-17)
(25.0403 6.7903 -1.94995e-17)
(20.0878 4.43656 0)
(20.8647 5.73081 6.42381e-18)
(23.9889 2.88801 -3.49808e-18)
(7.66036 0.579487 0)
(24.9694 6.92608 -5.76787e-18)
(23.0674 11.3943 -9.77197e-20)
(24.5054 6.53804 0)
(23.1182 5.82885 8.03997e-18)
(25.762 5.39402 -2.51846e-18)
(24.2056 7.33484 0)
(27.6769 8.71791 9.61895e-18)
(25.3472 5.9554 -1.7916e-18)
(29.8761 8.20419 3.75332e-18)
(25.9063 5.57959 -5.03423e-18)
(21.9317 10.8935 0)
(21.1128 3.6245 5.40057e-18)
(20.6885 8.56246 0)
(31.3046 7.74555 0)
(29.6835 8.07093 -9.87132e-18)
(25.0162 7.03336 0)
(-5.87036 -3.9616 0)
(27.1326 4.16803 4.54717e-18)
(27.1353 5.60051 -4.80787e-18)
(25.2498 6.42765 -9.9401e-19)
(28.7585 6.56574 1.04355e-17)
(29.6083 7.99214 -4.9198e-18)
(20.5652 14.6204 1.36468e-18)
(23.0968 11.5149 0)
(23.5746 11.438 0)
(25.9903 6.76608 -4.12013e-17)
(31.8603 7.02041 0)
(30.384 8.1105 0)
(28.6573 6.13465 -3.57968e-18)
(29.5711 7.94897 1.57178e-17)
(25.4864 2.93498 5.24521e-20)
(23.1567 3.4541 9.01939e-20)
(29.5539 7.92774 0)
(29.4019 9.04888 -7.08723e-18)
(24.9509 6.2231 9.33987e-18)
(29.5404 7.9266 3.32876e-18)
(2.06064 0.461052 -4.70854e-18)
(25.8407 4.45452 -2.58192e-19)
(29.542 7.94189 -7.30731e-18)
(23.966 5.62261 3.23923e-18)
(12.9285 3.30792 8.71239e-19)
(27.432 6.33692 3.07588e-18)
(24.436 6.70933 0)
(20.3569 4.54757 3.11699e-18)
(28.5759 7.00341 1.22998e-17)
(26.6315 1.98058 1.33924e-18)
(25.7041 3.72109 -9.40567e-21)
(24.1436 10.9647 2.4703e-18)
(23.5203 5.59905 -1.03263e-17)
(25.4619 7.65475 0)
(24.2338 3.33847 0)
(28.4766 7.50186 -1.3462e-17)
(21.7458 10.0822 -1.8044e-18)
(21.4712 9.01114 -7.57441e-18)
(29.3638 11.6144 0)
(26.2164 5.11408 0)
(27.9728 7.77165 -2.14927e-17)
(24.984 7.21512 -1.75556e-18)
(-2.6829 -3.56595 0)
(8.34949 5.53675 -3.60312e-20)
(29.6221 7.99401 0)
(29.6337 8.17487 2.67932e-18)
(24.4385 7.24691 0)
(1.12811 -0.323206 -1.22147e-17)
(23.5792 3.0932 0)
(7.93792 -1.46318 -1.13006e-17)
(19.8661 5.49222 0)
(-1.11438 -2.79665 1.16069e-20)
(24.742 3.06648 -1.96088e-18)
(6.55851 -0.228522 -1.77838e-18)
(28.8477 10.4125 -9.38043e-18)
(30.3033 8.21001 1.25828e-19)
(24.5521 8.1154 2.62821e-18)
(25.1662 6.83324 -5.9448e-18)
(22.2956 5.5425 6.40655e-18)
(29.5892 7.95259 -9.78488e-18)
(22.284 9.9968 0)
(26.9638 4.20462 4.50391e-18)
(24.3637 3.5637 -1.29769e-19)
(27.155 5.32911 -3.44323e-18)
(25.2575 6.6625 6.1816e-17)
(25.5596 6.35406 -1.77441e-17)
(24.492 7.35924 0)
(24.8164 5.34117 -1.1795e-18)
(24.798 7.33637 0)
(25.0707 6.39555 1.03392e-17)
(24.9803 6.38327 -7.85177e-18)
(17.389 5.68587 4.34971e-18)
(23.3092 1.85999 0)
(19.8142 7.17396 0)
(25.0416 6.2881 0)
(3.21366 1.33863 -4.08502e-18)
(26.4429 7.4191 -3.13909e-18)
(26.5057 9.35495 8.46343e-18)
(29.7397 7.70711 -4.83526e-18)
(25.6268 6.07382 0)
(25.3877 6.74737 1.71786e-17)
(25.541 6.89849 -3.58359e-17)
(13.0791 5.55018 7.88209e-19)
(23.9613 11.6125 0)
(27.1756 4.23873 2.19632e-18)
(25.2958 6.60334 -1.22921e-17)
(24.5883 6.34663 1.61731e-18)
(20.0024 5.86623 -4.64734e-20)
(18.9164 2.55123 0)
(25.1309 2.97124 1.82822e-18)
(11.6574 2.94116 0)
(29.553 7.93314 6.54294e-18)
(25.5002 6.52147 -2.20204e-17)
(24.3631 6.56311 0)
(26.2603 7.88361 -1.71492e-19)
(21.9477 3.43421 0)
(23.2778 2.78447 -2.75939e-18)
(21.2263 6.43119 0)
(31.4316 7.18392 6.71476e-18)
(29.5523 7.94762 3.63753e-18)
(23.3368 7.89856 9.86776e-18)
(25.3054 7.47732 -1.56202e-17)
(15.9719 6.89465 0)
(6.56854 0.992034 1.06587e-17)
(23.8442 2.91199 1.83729e-18)
(27.4034 4.98215 -4.27593e-19)
(25.1129 6.69729 -2.3832e-17)
(23.2803 3.81316 8.73147e-18)
(24.9818 6.52208 0)
(24.9957 9.89909 3.86725e-18)
(22.7785 3.29757 -1.48307e-17)
(22.2661 8.25781 -3.67867e-18)
(25.348 6.76532 -2.41926e-17)
(25.3013 6.75495 0)
(25.5781 7.21481 -2.72309e-17)
(25.0059 6.24733 -7.84693e-18)
(22.4886 2.85313 5.85191e-18)
(28.1075 7.28767 -3.51529e-18)
(27.7569 4.12427 0)
(29.2823 7.96276 -8.15001e-18)
(0.297697 1.43413 0)
(21.3126 11.6531 -1.30615e-18)
(-5.28779 3.00232 0)
(27.0325 8.11036 0)
(27.1926 4.33944 0)
(24.9585 6.42943 1.01746e-18)
(28.0098 7.85673 2.22408e-17)
(25.3544 7.58786 1.3663e-17)
(27.6228 7.3866 0)
(27.1079 4.92845 -2.76898e-18)
(-7.49553 1.92634 -7.14351e-18)
(26.0476 10.7429 4.1091e-18)
(24.0586 7.52923 -7.05806e-18)
(26.9448 5.19326 -6.00945e-18)
(22.0508 5.33899 6.41348e-18)
(21.4558 9.26799 0)
(25.3458 3.02195 4.12081e-19)
(20.4806 4.25227 -3.65994e-20)
(29.7184 8.00951 6.93668e-18)
(30.7597 8.76119 8.21574e-18)
(30.1469 6.3943 -4.42694e-17)
(26.3115 6.9062 5.49769e-17)
(25.2102 6.82417 1.13363e-17)
(-1.3919 0.163805 -3.87748e-17)
(22.3566 7.3248 -5.75385e-18)
(-6.97441 -2.69532 1.21208e-18)
(3.27414 2.70599 -1.96597e-18)
(-3.29798 -3.77264 7.94666e-18)
(25.6958 7.1542 -1.32904e-17)
(26.0194 5.54088 -2.81627e-18)
(30.4438 9.76686 -1.55892e-18)
(24.8109 8.13411 1.57307e-18)
(29.7129 8.7981 4.27528e-18)
(27.9315 7.44623 0)
(24.6007 11.4524 0)
(26.948 7.78302 2.81068e-17)
(26.1944 7.65463 0)
(28.3042 9.80573 -9.43143e-18)
(27.4232 5.96997 -4.72509e-18)
(29.5735 7.95691 0)
(35.0616 17.2771 0)
(25.258 7.53334 2.50927e-18)
(24.8834 7.27303 2.13031e-18)
(26.0213 10.9791 -6.49415e-19)
(24.1048 6.71922 1.83942e-17)
(26.5592 12.0028 4.24415e-18)
(25.2804 3.49806 0)
(23.3693 5.41442 -2.37234e-17)
(26.0212 3.91827 -5.54418e-21)
(25.0595 6.79113 0)
(25.17 6.5078 -5.65788e-18)
(25.1779 6.80134 -1.26169e-17)
(25.2918 6.40208 -1.2366e-18)
(27.2798 7.92187 -2.07331e-17)
(25.8547 4.1581 -1.60731e-18)
(23.0692 3.90874 -1.44179e-17)
(29.5857 7.93696 0)
(27.5496 5.06394 -2.50705e-18)
(24.9417 6.42713 -1.01746e-18)
(-9.13445 -4.64664 0)
(25.1503 7.41259 0)
(25.7503 6.16467 -8.98029e-18)
(29.1449 6.87143 3.25708e-17)
(28.6058 7.7174 0)
(29.6013 7.96388 0)
(26.541 5.7981 -8.16483e-18)
(26.3474 3.76477 -2.67192e-18)
(29.626 9.38635 2.3124e-20)
(25.0792 6.79544 -6.41663e-18)
(28.9044 7.977 0)
(24.1332 7.55085 1.71487e-17)
(27.3203 9.22677 0)
(27.0675 4.54784 -6.32989e-18)
(27.0034 5.04784 0)
(29.71 8.00792 -3.47503e-18)
(22.9647 5.09491 -1.30798e-18)
(29.8126 8.15021 0)
(30.7508 8.66318 -8.2217e-18)
(21.3173 9.22867 0)
(9.01054 1.40296 -3.80423e-18)
(21.3243 5.0004 0)
(25.2348 6.84376 3.03664e-19)
(25.3906 8.31284 -9.38491e-18)
(26.8184 7.4161 2.05611e-17)
(25.3373 6.53549 1.56478e-17)
(29.4116 8.37813 -7.3247e-18)
(22.991 10.2279 6.13048e-18)
(30.0316 8.13012 0)
(25.1714 6.55699 8.33264e-18)
(25.8434 4.78261 6.05117e-19)
(25.2965 6.24226 4.38142e-19)
(19.9607 14.7621 0)
(30.4605 8.5677 1.40465e-18)
(23.506 5.89718 -1.11997e-17)
(25.1589 5.65435 4.21892e-18)
(23.6991 7.76862 -1.15833e-17)
(-6.5134 -4.04578 0)
(20.247 4.54214 3.46649e-18)
(23.2208 6.69507 -1.08683e-17)
(22.5714 2.90725 -3.63607e-18)
(25.1902 6.80587 3.12614e-17)
(29.2825 8.45198 3.17611e-18)
(24.422 6.83626 0)
(25.482 7.32084 3.57253e-18)
(-1.00575 -1.90803 -1.77546e-18)
(27.1192 4.27636 6.25531e-18)
(10.948 5.20091 2.34899e-18)
(25.4846 9.08696 5.97528e-18)
(26.6894 6.2003 5.03508e-19)
(26.2854 4.75899 5.80016e-19)
(24.7716 6.98515 0)
(25.0962 6.58068 1.00891e-17)
(25.7517 6.1852 -5.79224e-18)
(19.9109 4.52471 -5.71005e-18)
(19.9173 4.33476 -1.46654e-17)
(29.2316 10.223 1.01718e-17)
(24.6719 6.01861 -3.13903e-17)
(27.8604 27.1531 -1.24482e-17)
(28.5103 6.27197 -3.6943e-18)
(28.0696 8.90976 0)
(-2.81416 -0.168153 -1.4172e-17)
(27.0022 4.53382 5.68541e-18)
(34.7752 17.7315 6.0477e-18)
(29.827 8.27322 4.89508e-18)
(25.1599 6.65783 -9.15003e-18)
(31.6626 9.11811 0)
(27.0186 5.23116 7.47099e-18)
(25.6715 5.71424 4.14583e-18)
(24.3408 3.0264 -7.55423e-21)
(24.8597 6.1882 0)
(25.0004 8.36452 4.96434e-18)
(24.9366 6.77048 8.62371e-18)
(24.8394 2.98626 0)
(25.1873 12.0089 3.77128e-18)
(24.8415 8.72426 -1.5601e-18)
(30.4662 8.9328 -8.5476e-18)
(29.7639 8.39101 -5.46018e-18)
(23.3425 11.4642 -2.3433e-19)
(27.4914 6.18827 0)
(23.6995 10.622 3.74137e-19)
(1.27635 0.0670496 1.14766e-17)
(26.2538 7.77594 -8.51065e-18)
(24.63 3.00599 1.23548e-18)
(26.7198 3.62519 3.48707e-20)
(26.7154 3.58061 -1.40921e-18)
(19.9937 6.41626 -7.27979e-19)
(14.2168 5.58658 8.02572e-21)
(28.1384 11.5234 4.55997e-18)
(4.342 -1.93724 -3.71041e-18)
(18.1115 6.3226 2.15318e-17)
(4.99017 1.88162 -2.4781e-18)
(25.1489 6.50823 1.12433e-17)
(23.105 4.34011 1.41478e-17)
(29.4899 6.74468 -2.91962e-17)
(30.1771 8.98813 3.2804e-19)
(13.6744 4.29596 5.11794e-18)
(-2.06463 0.190449 8.3856e-20)
(25.3898 7.54279 0)
(22.4612 7.52692 1.09407e-17)
(27.3417 5.3644 -7.17502e-19)
(24.9869 6.49439 8.96341e-18)
(24.5122 6.83877 2.26835e-17)
(23.6357 1.14175 0)
(25.2705 6.56297 2.19813e-17)
(29.3103 10.1971 -9.63713e-18)
(4.24531 0.705842 2.7882e-18)
(21.4426 9.4742 8.13873e-18)
(29.6783 8.01861 5.40514e-18)
(27.0406 4.9012 0)
(15.5876 0.335889 4.32692e-18)
(25.309 6.58741 2.60009e-17)
(27.3865 7.4829 -3.74202e-18)
(22.0372 10.9748 0)
(2.84437 0.608935 2.25211e-17)
(28.001 8.58462 9.41664e-18)
(22.2558 7.53515 0)
(25.337 6.74432 -4.09272e-18)
(22.8278 5.94775 2.57313e-17)
(25.5666 6.75052 -3.62481e-17)
(21.5375 7.83216 1.66579e-18)
(26.2956 7.82666 -4.97605e-17)
(27.0375 5.35272 -4.02209e-18)
(25.635 4.7757 5.70931e-19)
(28.0088 7.24996 4.88121e-18)
(25.1343 3.42023 -7.46261e-19)
(24.4108 7.53054 0)
(23.9829 7.15136 0)
(28.2791 11.1923 4.69155e-18)
(2.09845 0.561658 1.84578e-17)
(20.479 6.08369 1.40576e-17)
(26.8165 3.80602 -1.40502e-18)
(24.978 6.54083 -1.21739e-18)
(25.5235 6.57187 -6.55692e-17)
(24.9445 6.80346 1.48365e-17)
(25.5007 7.85648 0)
(24.4937 1.45512 -3.86649e-19)
(-4.24202 -3.84707 -1.52256e-17)
(19.272 8.65224 3.38084e-18)
(24.0716 3.27806 7.13331e-18)
(9.18047 2.261 -1.19081e-17)
(24.4193 6.94614 -2.93733e-17)
(29.0691 7.78379 0)
(21.404 6.65571 2.38664e-17)
(26.913 6.93784 0)
(21.4343 8.72145 -7.22473e-18)
(21.6219 8.07258 -1.77358e-17)
(20.8898 14.7108 -1.14027e-18)
(25.7742 3.70307 0)
(23.7221 7.19594 -4.96889e-18)
(2.20971 1.93868 0)
(-1.99662 -3.51454 2.83226e-18)
(29.7094 8.04068 -3.86415e-18)
(24.6513 9.77218 -2.35726e-18)
(-7.54769 -3.34678 6.30949e-19)
(21.4299 6.80567 6.3846e-18)
(24.9545 11.9566 0)
(25.1596 6.71679 -1.71414e-17)
(25.2709 6.77681 0)
(24.7855 7.01476 6.23158e-18)
(26.7008 11.0583 8.76087e-18)
(22.4076 5.68599 1.12112e-18)
(23.2321 10.7174 -7.54579e-19)
(24.9657 6.55162 3.11136e-17)
(25.6483 8.49907 0)
(26.318 8.37342 3.36941e-18)
(21.1453 6.113 -3.09883e-18)
(23.9327 7.0163 3.96188e-18)
(27.3576 7.62609 7.06216e-18)
(26.2568 5.16277 2.20982e-18)
(29.1156 7.72974 0)
(27.2233 5.37117 4.63593e-18)
(14.0445 5.68707 -5.08045e-18)
(16.2488 5.75815 0)
(21.885 8.22366 0)
(26.1354 6.34794 5.32956e-18)
(29.5322 8.35294 0)
(12.7465 5.96132 -5.266e-18)
(25.155 6.60323 8.33254e-18)
(26.1274 10.659 -8.10812e-18)
(25.0576 6.75718 9.04252e-18)
(1.75429 -1.90974 1.86909e-18)
(25.5194 8.55692 -1.72214e-19)
(25.83 6.24178 -2.04083e-17)
(29.8035 8.17099 6.30473e-19)
(19.7706 6.45459 6.56876e-18)
(25.1989 7.43488 3.01255e-18)
(22.7177 8.759 0)
(-7.18822 -3.47728 6.18281e-18)
(27.4403 6.14458 0)
(-2.64989 0.0386912 4.49093e-18)
(8.01529 1.62273 0)
(23.1418 7.7057 0)
(24.758 11.7711 1.24783e-19)
(29.0133 7.78317 0)
(23.6324 2.72561 -2.45826e-18)
(26.3358 3.66375 -4.28179e-19)
(29.4674 7.60495 0)
(26.2416 4.16056 0)
(25.4548 6.42999 -1.68612e-17)
(29.7364 8.01958 3.80655e-18)
(25.0858 6.79894 -4.03465e-18)
(10.5053 4.82499 0)
(25.5093 6.48509 4.26656e-17)
(27.1183 5.73327 2.07571e-17)
(26.9884 6.2301 -5.13093e-18)
(-3.43404 -3.7751 6.46451e-18)
(30.7221 8.43346 -3.17667e-18)
(3.6021 2.32754 1.80272e-18)
(25.013 6.40308 -8.48023e-18)
(28.5993 7.69451 0)
(25.7595 6.36197 5.67894e-18)
(24.9123 6.35572 -3.76083e-18)
(27.8611 8.79401 0)
(25.4491 6.96251 0)
(24.9812 6.88268 0)
(21.2845 10.2286 2.78517e-18)
(24.7401 3.15536 2.44781e-18)
(23.1278 10.296 -1.43983e-18)
(-1.83173 -3.44204 0)
(25.6575 7.25771 -1.9863e-18)
(23.7359 5.10845 -1.03593e-17)
(24.4248 9.70752 -1.84876e-18)
(25.6491 7.15194 0)
(24.6331 6.40423 0)
(27.7923 7.79564 1.13236e-17)
(24.7973 7.28168 -5.39007e-18)
(29.0486 7.71781 -1.13207e-17)
(26.6613 4.8064 -9.63399e-18)
(23.5641 1.77387 -3.10227e-18)
(22.1318 8.5071 -1.79369e-18)
(24.3928 5.78752 0)
(26.7399 12.1328 1.63239e-18)
(24.8916 6.77539 0)
(24.9752 7.28897 0)
(20.2039 4.4448 0)
(24.9738 6.15225 0)
(16.2681 5.69565 -5.67111e-18)
(27.9961 7.61828 2.42508e-17)
(26.1175 5.09664 0)
(23.2249 4.28957 0)
(25.0444 8.75587 2.37103e-18)
(14.0294 5.67749 1.67477e-18)
(23.5 2.78737 -4.34962e-18)
(25.809 5.89517 7.15142e-19)
(22.137 8.2005 4.93766e-18)
(28.5179 7.3956 0)
(29.6151 8.17973 3.34692e-18)
(25.4517 6.40286 0)
(25.191 7.33396 -1.56159e-17)
(27.1868 4.67624 0)
(23.2686 3.92635 -7.78326e-18)
(24.4532 6.96057 1.06431e-17)
(23.5564 5.70899 4.5032e-18)
(9.34733 27.2888 -1.11952e-17)
(24.6786 5.22264 -1.0179e-17)
(21.4821 3.41179 0)
(22.8003 12.7262 -1.30617e-20)
(23.9022 2.75836 -1.19298e-18)
(25.1009 6.99525 -1.12879e-18)
(16.7969 7.26869 4.49086e-19)
(25.0858 6.59573 5.20999e-18)
(25.1958 6.77282 -2.57129e-17)
(24.1277 7.69581 -6.00776e-18)
(9.10784 5.54885 -1.62616e-18)
(25.0624 6.3302 -5.53762e-18)
(29.1105 8.50466 0)
(29.5769 7.93584 0)
(26.9859 4.32987 0)
(24.8552 6.78524 0)
(29.2818 7.75962 1.13309e-17)
(24.9957 6.51881 0)
(25.9201 6.57155 0)
(21.8618 9.80386 0)
(25.039 6.76812 -3.35871e-17)
(24.7685 8.63262 2.04664e-18)
(24.1904 3.39003 0)
(27.9059 3.78642 -5.35876e-19)
(25.2332 2.96293 0)
(27.3509 2.2644 1.4377e-18)
(26.9854 6.83281 -4.10265e-17)
(25.0021 2.78625 0)
(25.8206 6.58405 1.764e-18)
(29.4243 7.94209 0)
(22.8299 7.24414 0)
(23.6169 8.07728 -7.41926e-18)
(27.2601 5.24801 -7.16059e-19)
(25.1467 1.67673 -6.84653e-20)
(24.8884 6.21181 0)
(26.1926 3.32807 4.45553e-20)
(-7.82172 1.80311 6.00911e-18)
(23.9833 4.74197 -9.32986e-18)
(24.7002 11.5491 0)
(25.1313 6.64493 -1.01047e-19)
(21.3397 6.35892 -7.54807e-18)
(18.5596 1.46612 -1.87049e-17)
(25.1936 6.49263 -2.777e-19)
(26.5576 4.52302 -9.41604e-20)
(26.1909 4.04461 0)
(27.0824 5.19361 -4.49052e-18)
(27.8576 4.00678 3.56859e-19)
(26.7533 5.55998 -2.42057e-17)
(25.5514 7.25506 -1.32275e-17)
(25.0359 6.26101 0)
(21.2789 5.12525 0)
(28.789 6.26355 0)
(26.1477 4.91592 1.65236e-19)
(21.383 10.3211 5.05726e-18)
(24.0053 10.6857 0)
(28.4721 2.47223 -2.24938e-19)
(25.237 6.77282 -3.56366e-17)
(22.6295 2.89469 0)
(26.5414 3.59924 0)
(27.2092 9.30215 9.7911e-18)
(25.8099 3.65907 0)
(26.1033 10.8801 6.22232e-19)
(21.0306 10.1329 0)
(25.1539 6.97101 7.77982e-18)
(25.7503 5.59526 -1.36152e-18)
(29.7566 8.12812 8.43759e-18)
(26.5414 12.2223 -6.22982e-18)
(26.5902 7.33488 -6.36538e-17)
(22.3678 5.61821 1.4211e-17)
(27.4683 8.80197 5.99938e-19)
(25.7122 12.0775 0)
(19.9174 7.81466 0)
(10.538 4.68085 -2.80121e-18)
(-2.90236 -3.26655 0)
(28.4357 11.0629 -9.45814e-18)
(22.3136 1.74651 -4.36261e-18)
(25.0669 6.3995 -1.08337e-17)
(25.912 1.8588 -2.00618e-19)
(19.5226 8.55721 8.19258e-18)
(25.9181 11.999 0)
(26.1434 7.72656 1.51533e-17)
(25.4897 7.60006 0)
(24.7356 5.42227 -5.95273e-18)
(24.9678 6.42025 0)
(29.7808 8.25397 0)
(-7.30609 -4.10929 2.6501e-18)
(25.8064 6.45361 0)
(19.7617 7.68877 4.56105e-18)
(26.1401 4.01749 0)
(-6.04998 -2.47489 -1.57257e-17)
(27.441 4.94223 0)
(-1.50742 -3.30635 0)
(25.2235 6.50571 3.75616e-18)
(25.1452 6.51391 1.16268e-17)
(25.2718 6.58703 -1.00676e-17)
(25.2089 6.52811 0)
(27.8443 7.89786 7.48138e-18)
(29.6076 8.09411 0)
(30.9582 12.7974 4.49824e-18)
(7.3374 5.61588 3.2637e-18)
(25.3945 6.35897 1.07312e-17)
(19.8918 7.60166 -5.83929e-18)
(24.4819 6.7949 8.28491e-18)
(25.0775 6.76915 0)
(23.0307 10.521 -3.24576e-18)
(21.1863 6.13133 -1.80446e-17)
(22.8018 7.0151 0)
(25.113 2.92384 -1.4986e-20)
(25.1916 4.52007 1.72773e-18)
(7.01513 6.05638 -8.32826e-17)
(21.8707 10.0584 0)
(21.6406 9.41999 0)
(25.6207 5.28354 -1.31124e-18)
(25.2407 6.66746 -6.04679e-17)
(30.6675 8.05735 0)
(25.178 6.78135 3.18555e-18)
(28.9045 9.28763 7.66671e-18)
(25.3733 6.72727 0)
(24.3727 4.67032 8.5346e-18)
(28.7603 8.52768 -3.70682e-18)
(25.1913 6.78279 -3.52735e-18)
(-3.90157 -0.692169 -4.03559e-18)
(25.0199 6.42163 2.85747e-18)
(26.7824 3.81803 0)
(28.8871 5.36727 -4.10191e-18)
(26.7432 6.29155 4.54228e-18)
(24.846 5.54819 9.12542e-18)
(27.08 4.76586 0)
(21.4439 7.33991 7.43477e-18)
(25.108 2.99602 -8.83291e-19)
(24.9715 8.55437 1.72541e-18)
(24.8887 7.07124 -3.37205e-18)
(23.4138 7.69258 0)
(27.0062 4.40108 4.84006e-18)
(27.5932 7.95547 -4.29041e-18)
(24.8662 8.20713 -1.02476e-18)
(23.4306 2.70252 -3.50236e-18)
(23.3371 3.33818 6.3199e-18)
(25.8908 6.3421 2.29001e-17)
(7.40998 0.147542 0)
(26.9499 5.7238 8.7945e-18)
(29.498 8.27275 8.65009e-18)
(23.8546 5.092 3.50364e-17)
(25.5803 6.79044 -7.10966e-19)
(-4.06821 -1.66387 -2.56406e-18)
(23.5088 8.68346 2.08712e-18)
(25.7953 8.29916 9.64587e-18)
(23.8943 2.92553 -1.82222e-18)
(22.6146 7.73027 -3.05044e-18)
(23.3549 5.78258 0)
(21.7053 10.8527 2.0689e-18)
(27.2911 4.6614 -1.15071e-18)
(25.7318 6.97337 -2.13784e-17)
(24.4194 10.7011 -2.11307e-18)
(21.983 4.63388 -2.31898e-17)
(25.9342 6.64262 3.01531e-17)
(27.5462 6.5002 3.62545e-18)
(10.5582 5.32104 1.19887e-18)
(29.6393 8.02366 4.58134e-18)
(24.9027 6.62195 -3.19116e-17)
(22.2231 3.99622 0)
(6.59454 5.59853 0)
(29.7642 8.07103 4.58326e-18)
(23.3994 3.66683 -4.34799e-18)
(27.1051 6.82406 -5.16083e-17)
(26.6875 6.39093 8.31167e-18)
(14.8672 1.04549 -1.61218e-18)
(22.27 11.6752 -2.8175e-19)
(25.281 6.57307 -4.82617e-18)
(27.1931 7.52357 -3.67548e-18)
(26.8643 5.33458 -2.80662e-18)
(24.5118 6.74467 3.20185e-17)
(28.186 7.21342 -3.59552e-18)
(24.9883 6.92129 5.59017e-18)
(24.9839 6.02863 4.54999e-18)
(25.1025 6.43269 -4.39415e-19)
(26.5667 4.43644 -2.4296e-18)
(27.1639 6.91409 4.97241e-17)
(26.0005 5.83074 1.28065e-18)
(33.767 13.2392 0)
(27.4648 6.30879 -1.9809e-17)
(27.3822 11.971 0)
(25.2791 6.5059 -3.52815e-18)
(25.0727 6.44449 6.37302e-19)
(28.5323 11.0581 7.20389e-18)
(-6.72932 -4.24302 0)
(21.087 5.90799 -5.55136e-18)
(19.2566 4.60217 1.28123e-17)
(20.715 6.04104 -1.94654e-17)
(24.3047 3.65197 7.5082e-18)
(29.4614 7.97487 0)
(25.0531 6.80151 0)
(25.1967 6.74579 -1.23188e-17)
(21.6978 10.1741 0)
(25.1756 6.74064 0)
(13.3163 -0.526636 1.27761e-17)
(25.5554 6.71856 3.87016e-17)
(22.7083 2.67073 7.83917e-18)
(21.9909 6.41775 7.69542e-18)
(18.5797 13.0866 5.03088e-18)
(20.4185 5.99737 0)
(20.8527 4.87408 1.81165e-17)
(25.1309 7.66844 0)
(23.2979 7.54086 -5.08445e-18)
(25.2679 6.81344 -2.3958e-17)
(26.8103 3.75522 1.43702e-18)
(23.2856 4.12395 -6.18225e-18)
(23.4125 7.07864 0)
(-4.92874 -2.28776 1.23644e-17)
(22.1234 4.0528 0)
(30.9167 8.47337 -1.62561e-17)
(30.0417 8.12577 5.17538e-18)
(28.1494 10.1415 0)
(29.5566 7.93017 3.20233e-18)
(22.1975 5.91664 -4.46775e-17)
(-1.38126 -0.37595 -1.16424e-17)
(27.5097 5.86373 0)
(-7.0777 1.24342 -4.91064e-18)
(24.0004 6.26867 9.95953e-19)
(25.8185 6.1739 2.9229e-17)
(27.4428 5.88253 -6.60245e-19)
(23.6 1.73478 0)
(27.9638 8.72695 -9.53581e-18)
(25.163 6.725 0)
(21.9241 10.2914 9.58221e-20)
(29.3906 10.32 -6.23675e-19)
(22.8889 4.44523 -8.62592e-18)
(25.4319 6.72117 0)
(23.2563 3.35771 -6.62297e-18)
(29.3236 6.19857 2.34286e-17)
(24.7073 7.28077 0)
(26.7491 5.31013 1.33813e-17)
(10.5445 3.64161 1.44744e-18)
(27.9493 8.1476 -1.4482e-17)
(29.6034 7.98014 6.86473e-18)
(23.8571 6.19955 1.1785e-17)
(24.1564 7.8522 5.68557e-18)
(18.0474 5.82855 -1.41926e-18)
(26.2177 5.95368 -5.73175e-18)
(25.4536 8.8421 0)
(29.5571 8.08807 -4.44486e-18)
(24.6636 7.10917 -4.24106e-18)
(28.1171 8.04421 7.44273e-18)
(25.3237 3.04475 1.02993e-19)
(28.8752 5.46951 0)
(23.188 5.92803 -6.8481e-18)
(26.7214 4.28246 2.90197e-18)
(26.3709 11.8599 1.28605e-18)
(-3.91449 -1.11271 0)
(23.3411 8.89389 2.74298e-18)
(22.0911 2.11224 0)
(20.0243 4.52983 0)
(29.652 7.97205 5.57437e-18)
(0.92812 -2.36451 -5.62753e-18)
(24.5034 7.04314 1.0012e-18)
(27.0759 6.39428 -1.72951e-17)
(21.0991 3.53035 -5.35682e-18)
(29.6864 8.00816 4.57007e-18)
(-2.83697 -0.923257 0)
(28.3789 7.58612 0)
(25.3411 6.57036 -8.20012e-18)
(25.1803 6.6944 -1.15142e-17)
(30.8419 8.46012 3.13542e-18)
(-4.36111 -2.72926 -1.97952e-18)
(26.9247 4.31176 0)
(29.6671 8.45568 -3.42115e-20)
(22.327 3.71942 -5.17441e-19)
(23.0388 11.7358 1.11984e-20)
(19.9556 8.03777 0)
(24.8858 9.81096 -5.49799e-18)
(25.086 6.5838 0)
(23.9737 7.05804 0)
(3.97952 2.09562 0)
(25.1037 6.71738 0)
(24.9471 7.10581 -1.21544e-17)
(20.995 5.68833 2.91549e-18)
(23.6019 3.71462 0)
(27.9367 2.63223 1.74436e-17)
(32.1064 6.53547 0)
(23.9901 9.25343 0)
(22.1106 5.70021 -9.74318e-18)
(-2.177 -1.5997 1.7619e-18)
(26.9241 6.7382 4.10264e-17)
(20.7377 6.68083 -2.55727e-18)
(28.0265 6.80173 -3.34915e-18)
(27.0279 10.4491 3.38853e-18)
(25.8084 7.03579 -3.00987e-17)
(22.0916 2.07485 0)
(26.499 6.89435 -1.27994e-17)
(29.5685 7.93462 0)
(25.1188 6.74111 -5.96817e-18)
(25.3069 7.17469 1.12162e-18)
(22.4859 1.82684 4.67445e-18)
(21.7028 9.55471 0)
(25.5579 8.00499 0)
(29.5824 7.95654 0)
(20.2403 4.73277 -6.50711e-18)
(28.8768 22.7651 -5.49346e-18)
(20.5358 4.45129 -7.78251e-18)
(-5.57675 -2.81543 7.42463e-18)
(13.0967 -0.329073 -3.57005e-17)
(30.0105 8.13822 -5.17891e-18)
(24.5575 6.52365 -1.56283e-17)
(29.1587 6.44747 0)
(25.5351 3.40048 -2.126e-19)
(20.4128 4.64148 3.03381e-18)
(27.4505 7.87944 6.79449e-18)
(25.0463 2.93454 0)
(26.5659 4.78856 -4.08463e-18)
(20.8858 3.81393 -1.11571e-17)
(22.7098 4.01733 0)
(23.6925 4.62245 -1.7055e-17)
(29.3881 9.18891 7.44958e-18)
(24.6436 6.44794 2.42821e-17)
(23.2815 2.88915 2.46468e-18)
(25.2503 6.26534 -8.37835e-19)
(29.7047 8.04921 5.29672e-18)
(22.7577 9.40753 -2.88322e-18)
(17.8101 6.71519 0)
(25.5937 3.42268 -4.52289e-20)
(14.8799 5.5219 -3.24514e-18)
(16.943 3.83318 4.21972e-18)
(25.6042 7.64383 1.3123e-17)
(25.2208 6.69631 -8.73045e-18)
(23.8163 6.62809 -3.74036e-17)
(24.9827 6.85049 0)
(18.1798 5.5483 0)
(23.919 7.08591 -8.51624e-18)
(26.9162 9.81445 -1.39084e-17)
(29.3241 9.0741 3.42553e-18)
(24.2042 3.25296 -3.73468e-18)
(29.454 9.30826 -3.65608e-18)
(28.0777 7.076 0)
(25.0671 6.43623 -4.18234e-18)
(34.2453 25.3866 -2.53608e-17)
(25.7256 7.11377 -1.46918e-17)
(28.2355 11.3063 2.3708e-18)
(25.0805 6.57823 0)
(25.1834 6.72511 1.90321e-17)
(25.1208 6.43696 -7.3937e-18)
(25.1184 6.73872 7.05118e-18)
(15.0971 5.72664 -3.37419e-18)
(25.2209 6.74919 1.77081e-17)
(27.4449 7.3637 1.52819e-17)
(27.1874 4.74887 -2.90345e-18)
(25.167 8.3823 9.0723e-19)
(19.8425 7.71273 6.05262e-18)
(24.8728 6.64696 0)
(24.6202 6.47692 1.72469e-17)
(22.0665 5.95959 1.87474e-17)
(21.9986 10.5077 -1.58954e-18)
(25.4088 6.69961 0)
(25.185 6.75951 1.25075e-17)
(29.3401 7.87356 -4.12102e-18)
(9.15056 2.04233 -8.40097e-18)
(20.1383 6.58774 2.4026e-18)
(26.4617 7.46534 3.84674e-17)
(25.6351 6.66435 2.26331e-18)
(23.2645 8.05719 0)
(25.9976 8.30248 0)
(29.5166 9.42485 0)
(26.2046 8.87064 1.15616e-18)
(25.8652 6.28385 -1.494e-18)
(22.3322 7.60846 -1.33604e-17)
(29.6189 8.0794 -4.62958e-18)
(17.6951 5.89301 8.73133e-18)
(-0.433345 -0.738112 -4.09501e-18)
(26.9426 5.47515 -9.21917e-18)
(-4.11187 -3.84851 -3.30402e-18)
(27.5208 4.93625 -1.13712e-18)
(25.8881 6.74805 -7.04752e-18)
(26.9831 4.66961 3.23104e-18)
(24.6346 3.19424 3.24508e-18)
(24.5029 3.67138 -4.76405e-18)
(28.7355 7.91759 -1.01083e-17)
(24.8903 6.60482 3.55294e-18)
(24.2672 7.48279 0)
(26.1884 8.98497 -1.28801e-18)
(23.0139 6.07305 1.57225e-17)
(25.3022 12.0632 0)
(-2.0984 -3.55339 -1.32645e-18)
(24.9762 6.62261 1.3424e-18)
(29.7143 8.01674 1.29302e-19)
(25.574 8.04933 0)
(25.3791 7.77518 0)
(29.7762 8.17479 -3.56135e-18)
(25.9258 3.67381 5.97676e-19)
(21.5127 8.00436 7.80978e-18)
(27.7023 4.98782 0)
(24.5882 11.9628 0)
(2.75273 1.08436 0)
(29.5551 9.55756 4.85705e-18)
(29.5602 7.86467 -1.66334e-17)
(24.9306 6.78782 0)
(7.4627 5.57322 3.2678e-18)
(28.6387 8.73731 1.42453e-19)
(27.6966 4.81327 3.10013e-18)
(21.856 4.14571 0)
(24.4188 4.46986 5.59915e-18)
(29.8429 8.14471 -1.23519e-18)
(21.6587 5.56619 3.24097e-17)
(13.4251 6.22752 -2.78603e-18)
(27.5758 5.02326 2.45463e-18)
(25.1114 6.70238 2.3832e-17)
(29.6331 7.95914 -3.15923e-18)
(25.1303 6.5035 -2.55155e-18)
(24.7019 3.20833 2.95942e-18)
(26.644 3.55872 -2.40403e-18)
(21.7186 10.3049 4.84196e-18)
(24.9587 12.6184 0)
(29.6337 7.96713 0)
(24.9028 2.94751 -1.29485e-18)
(25.1665 6.57496 0)
(-6.07971 -3.20402 -1.97628e-18)
(23.5077 15.0428 0)
(23.5537 14.7286 -1.05274e-18)
(26.3283 6.54172 -5.89315e-18)
(21.7892 8.46538 6.31971e-18)
(28.5591 6.76346 -5.79766e-17)
(25.2031 3.02915 8.09612e-19)
(29.7421 8.44675 -4.99173e-18)
(25.0825 8.42357 -9.45111e-19)
(25.0577 6.44813 7.29622e-18)
(27.3276 9.04587 1.22151e-17)
(21.8581 6.7477 -6.15586e-18)
(25.1486 6.83275 -8.1353e-18)
(24.6337 10.5221 -2.51006e-18)
(29.5013 8.0374 0)
(25.3751 6.37714 4.93108e-18)
(27.4847 6.25982 3.03902e-18)
(27.1719 6.70419 -6.48195e-18)
(25.1474 8.92523 0)
(24.2112 10.8251 -1.03781e-18)
(8.23482 5.59913 -8.94163e-21)
(10.1218 -1.07031 0)
(25.1449 10.9464 0)
(-0.626856 -2.96524 0)
(25.6821 10.1213 1.76393e-19)
(25.0561 12.0528 2.3552e-18)
(24.7868 6.40997 -3.08459e-18)
(23.9058 4.51064 -5.75104e-20)
(21.676 3.67761 1.40226e-17)
(26.7084 5.80815 -1.32044e-17)
(-2.4973 -2.35837 0)
(29.59 7.98189 -2.30359e-18)
(24.969 6.56527 -1.00985e-17)
(25.1541 8.58608 -1.31758e-18)
(29.6341 9.54187 1.28935e-18)
(27.3015 4.43247 -2.17511e-18)
(24.4216 8.27586 1.80166e-18)
(25.0495 6.40285 9.92361e-19)
(25.4765 6.14934 0)
(25.0031 6.95442 8.18787e-18)
(25.8864 6.67635 -1.8901e-17)
(25.0041 2.91751 7.9056e-19)
(22.8246 14.4602 -4.98237e-19)
(22.7805 10.0552 0)
(25.0945 6.81109 3.99772e-18)
(28.6863 10.3707 0)
(25.0013 6.39332 9.5755e-18)
(3.57249 6.05838 1.06567e-16)
(21.2018 3.65 -5.09795e-18)
(24.8201 7.02097 -1.36812e-17)
(24.5688 6.52579 -2.76312e-17)
(22.4327 2.92685 0)
(26.6477 8.05677 1.64797e-17)
(25.2259 6.64517 -8.74686e-18)
(25.3248 2.97484 -3.95069e-19)
(24.7131 7.07607 -1.85556e-20)
(30.7323 9.98383 2.90073e-18)
(27.2664 4.85808 0)
(25.6487 10.6194 0)
(24.7648 9.859 1.69472e-18)
(26.0502 6.43922 5.7149e-19)
(21.8464 9.55937 -3.055e-18)
(28.3183 9.9019 -4.43695e-18)
(14.4417 -0.366549 -6.6131e-18)
(25.0879 6.44507 9.77634e-18)
(19.8885 5.99098 0)
(25.1101 7.3259 0)
(20.918 6.20827 3.1958e-18)
(21.724 9.82101 0)
(27.3154 11.7729 -3.52606e-18)
(29.4721 8.03 -5.04574e-19)
(-7.61014 1.51245 0)
(-7.53043 -3.76464 0)
(25.062 3.41087 0)
(26.7854 3.86983 -1.2177e-18)
(20.9488 5.31253 3.10544e-18)
(20.0233 4.71596 0)
(28.9891 7.81801 -7.40257e-18)
(25.1161 4.45322 -2.29089e-18)
(28.6136 3.09039 -3.18971e-17)
(23.6849 1.15369 0)
(25.3354 7.04316 -3.45271e-20)
(28.2762 9.05654 -6.71462e-18)
(7.15778 3.98328 -1.21334e-18)
(2.74997 -1.87491 0)
(28.3058 6.86484 2.36049e-17)
(26.6935 5.05541 -8.07185e-18)
(-1.09338 0.159032 1.02222e-17)
(21.5162 6.55229 -7.32289e-18)
(22.753 11.4225 -3.70293e-19)
(26.3059 4.85344 0)
(24.9302 6.60148 2.22163e-17)
(24.4266 12.1102 -1.15645e-18)
(16.699 22.1704 0)
(25.0688 6.81721 1.11883e-17)
(29.2185 8.43959 -2.81453e-18)
(29.8066 8.15768 0)
(24.9967 6.70778 -8.42231e-19)
(25.7264 6.46876 -1.90115e-18)
(24.6137 7.25448 0)
(25.0963 6.61292 0)
(28.9209 3.55898 1.95883e-18)
(19.1742 7.18633 0)
(26.1233 6.1934 -1.20762e-17)
(25.0969 6.7397 8.98865e-18)
(25.0969 6.82235 -4.57212e-18)
(30.3931 8.57379 2.80084e-18)
(26.7595 8.62877 0)
(29.42 4.22088 1.52603e-17)
(-6.40579 -3.53324 4.61091e-18)
(18.4142 3.21083 -8.73081e-18)
(24.1223 3.67476 0)
(26.9043 5.26759 4.02209e-18)
(-7.49104 -4.07944 5.46146e-18)
(25.1755 6.82625 1.30161e-17)
(23.7124 4.43256 -1.93871e-19)
(23.4264 9.11303 4.76111e-18)
(29.0199 7.74914 0)
(-1.32597 -3.16692 6.79393e-18)
(26.0877 5.46192 -4.58797e-18)
(26.3981 8.91662 1.12066e-17)
(25.0486 7.12176 2.21773e-20)
(26.8875 6.41253 0)
(25.2416 6.63648 2.87774e-17)
(24.7095 1.4285 0)
(-7.54002 0.710399 8.04078e-18)
(29.4115 7.87552 -9.0718e-18)
(24.1545 13.6375 0)
(23.8845 6.94785 4.24424e-18)
(-1.27952 -0.671688 3.29962e-17)
(25.1053 6.69272 2.97046e-17)
(25.5287 1.77963 8.18456e-20)
(25.6783 3.06819 2.50156e-20)
(36.8091 21.1492 1.61148e-17)
(22.1936 4.50647 0)
(12.3062 5.60779 -4.39095e-19)
(25.2503 6.75057 -1.23886e-17)
(17.9409 6.4006 0)
(24.0883 6.11039 -3.62029e-17)
(23.6721 5.19755 0)
(22.9276 8.62279 0)
(29.57 8.05568 -4.92473e-18)
(24.7289 8.12242 2.08317e-20)
(29.0704 7.68767 0)
(-7.46585 -2.99388 -2.84466e-18)
(25.7198 10.5416 -6.74722e-18)
(23.831 5.3382 -1.5043e-17)
(24.7103 3.08989 -1.50669e-18)
(29.5867 8.07449 2.37605e-18)
(24.7536 7.40992 0)
(25.0568 6.76481 2.76398e-17)
(24.6856 7.18869 -4.05555e-18)
(24.7091 6.88291 -1.51147e-17)
(23.8796 8.62685 4.36187e-18)
(26.6737 12.2334 -1.65096e-18)
(26.1365 3.77283 -1.18296e-18)
(29.5961 8.0516 -2.12769e-20)
(27.6614 5.13787 -2.08311e-20)
(24.1931 5.52244 0)
(21.6878 8.68164 0)
(24.1024 2.9007 9.47364e-20)
(12.9958 5.60303 -4.05261e-18)
(26.8795 5.95278 1.73192e-17)
(22.0266 3.41969 0)
(26.8969 11.3755 0)
(18.4867 5.45447 -4.00145e-18)
(25.1126 7.51911 0)
(24.1822 2.86392 -3.13539e-18)
(27.3071 7.41794 8.11916e-19)
(25.1394 6.66195 1.65065e-17)
(25.431 7.07089 2.66924e-18)
(25.5032 9.18585 -7.49782e-18)
(28.9403 8.51732 0)
(25.1436 6.37492 1.06753e-17)
(2.93457 -1.58414 -5.6591e-18)
(24.1912 8.00767 0)
(25.1121 6.22298 7.23234e-19)
(20.6172 5.01542 0)
(17.0401 7.6146 0)
(6.52081 0.429689 0)
(23.7138 1.49008 0)
(22.2324 4.24007 -3.46298e-18)
(25.3159 6.19395 -4.97159e-19)
(29.037 7.84771 0)
(-9.14315 -4.63881 0)
(-2.49732 2.07416 4.13766e-18)
(25.7367 7.67333 3.05956e-17)
(22.8619 11.4427 0)
(16.5987 5.46623 -1.39197e-18)
(25.4381 6.66639 0)
(22.1625 4.43318 1.47193e-18)
(25.0378 6.74833 -6.19882e-20)
(28.2952 9.2395 -6.41363e-18)
(33.1985 12.6892 1.07242e-17)
(20.9167 5.46956 -3.10546e-18)
(19.02 5.78698 9.11519e-18)
(25.7553 4.60113 0)
(31.0062 8.09092 -3.59139e-18)
(19.8 6.67667 0)
(29.7308 8.01668 1.09098e-20)
(28.9862 9.10387 -8.91717e-18)
(23.628 7.12749 2.4508e-18)
(25.1522 6.63258 3.01062e-18)
(29.6162 8.38781 -3.21618e-20)
(22.6432 8.87835 6.88541e-18)
(25.2478 8.74753 0)
(23.3166 3.50209 0)
(27.632 11.4794 4.59248e-18)
(22.3235 4.05567 1.80758e-18)
(24.0201 2.93777 0)
(24.92 1.58498 0)
(27.4743 6.03866 5.93713e-18)
(22.4166 7.11266 0)
(21.5373 9.96652 4.44955e-18)
(26.4702 4.53947 0)
(25.0473 6.73136 0)
(22.8034 11.2142 1.11794e-19)
(24.5799 6.60093 0)
(24.9557 6.67742 0)
(24.8481 6.67548 0)
(29.5023 7.96943 -5.8148e-21)
(18.7737 13.7136 2.96504e-18)
(18.1052 7.19584 1.0136e-17)
(26.6783 9.12864 -8.43621e-18)
(25.9102 7.50041 -5.17043e-19)
(25.5049 6.88981 2.16702e-17)
(23.3631 4.11479 1.21725e-17)
(8.86948 0.933617 6.15108e-20)
(25.7281 3.86689 1.40312e-20)
(21.0547 4.93201 -8.85267e-18)
(22.4195 3.88503 0)
(23.232 7.7252 1.81157e-17)
(28.1475 17.1259 7.27555e-18)
(28.5178 16.8649 3.77603e-18)
(25.1496 6.63548 -1.16721e-18)
(25.2497 11.0407 -2.92667e-18)
(22.1719 11.7415 1.38206e-18)
(23.3311 0.920644 -2.01725e-19)
(25.0482 6.78168 2.85289e-17)
(24.3779 12.237 1.62373e-19)
(28.0386 8.25566 9.47661e-18)
(20.2525 6.33945 1.26287e-17)
(24.1172 5.95966 0)
(25.8255 3.27367 2.89497e-19)
(-1.40894 -0.65885 1.87859e-17)
(17.6711 21.543 -4.76697e-19)
(-1.43133 -0.699769 -8.50948e-18)
(24.993 6.6953 -2.04952e-17)
(30.1696 8.12467 7.92294e-18)
(32.4895 8.02735 5.59343e-18)
(28.7865 9.02643 9.33531e-18)
(22.2826 6.14366 1.5329e-17)
(24.3893 5.17512 -1.72374e-17)
(24.9948 6.57711 2.01081e-18)
(25.4784 6.51243 6.27467e-19)
(26.5664 3.88833 9.718e-20)
(26.2454 3.80147 -2.50274e-18)
(26.6579 3.91677 -1.61869e-18)
(24.9895 6.42042 -8.35795e-18)
(19.8894 6.49587 -9.69124e-18)
(26.3542 3.81443 2.08843e-18)
(22.5225 3.71997 -9.41084e-18)
(26.4649 3.85572 2.86438e-19)
(25.7524 12.3334 0)
(27.1408 12.923 0)
(16.9051 5.06704 2.56227e-18)
(24.8962 6.55301 1.07084e-17)
(24.9366 5.67332 4.18731e-18)
(26.0877 5.66531 1.88157e-20)
(25.175 3.06634 0)
(1.37968 0.483662 -1.9803e-17)
(25.1797 6.56638 0)
(23.0971 4.46741 -1.74138e-17)
(22.641 3.59709 0)
(13.1726 10.2312 -4.17082e-18)
(36.9493 14.5179 -1.14248e-17)
(1.70898 -2.08931 1.08461e-17)
(26.9963 9.05551 -2.7438e-18)
(22.2654 11.0124 0)
(22.803 2.70975 3.53415e-18)
(21.673 2.38182 5.39794e-18)
(23.9341 5.17447 -9.19967e-18)
(25.167 6.70921 1.89834e-18)
(22.7426 3.46371 3.74727e-18)
(26.1958 5.30327 -5.02315e-18)
(22.1472 3.0927 0)
(22.7483 7.12547 1.73181e-17)
(25.2343 7.34988 1.09071e-17)
(24.8433 3.34593 -6.41865e-20)
(25.8895 10.9506 0)
(22.857 3.35192 8.0585e-18)
(19.4741 11.9925 0)
(25.2869 6.64265 -2.24025e-17)
(26.6944 9.20873 2.46361e-17)
(27.3905 5.81663 -1.45518e-18)
(25.3077 6.77249 0)
(22.97 3.25922 0)
(4.26618 8.79755 -2.82406e-17)
(25.7012 5.46873 2.37234e-19)
(25.0612 6.36865 5.57085e-18)
(23.0757 3.17109 -9.47681e-18)
(26.6895 7.27269 1.79386e-17)
(25.179 6.48546 -7.23054e-18)
(23.4941 1.85022 2.71891e-18)
(23.1802 3.0872 0)
(25.0726 6.35298 5.33264e-18)
(23.3763 2.95816 8.26118e-18)
(23.2838 3.01503 5.76117e-20)
(23.5626 2.85918 0)
(22.2493 3.00741 0)
(23.4715 2.90215 -3.91866e-18)
(13.149 5.64363 3.43052e-18)
(24.0798 5.02573 1.79222e-17)
(25.1265 7.03439 0)
(26.0099 8.8115 0)
(22.9128 11.2152 -5.86174e-19)
(24.7026 6.62845 -1.14767e-17)
(20.6153 7.45629 0)
(21.5769 8.90486 7.5743e-18)
(29.5735 8.10862 -2.21238e-18)
(23.6449 2.82043 2.19452e-18)
(23.9085 1.22919 1.21867e-18)
(32.3817 7.8192 0)
(27.2689 6.72501 8.44999e-18)
(28.9635 3.60824 0)
(25.6283 7.21151 -5.94052e-18)
(23.648 1.75093 4.8065e-18)
(22.6726 2.62591 -3.53776e-18)
(25.1319 6.51898 0)
(25.249 7.23478 -1.36367e-18)
(25.0042 10.9865 0)
(11.6551 5.06557 1.76372e-19)
(-1.40755 -0.0775663 0)
(24.5209 9.81051 1.45546e-18)
(21.1428 4.87796 2.41925e-17)
(24.7165 5.04635 -3.43361e-18)
(24.2451 4.88466 0)
(25.6325 7.41473 1.82655e-17)
(26.3787 1.94028 2.24068e-18)
(28.5019 7.56246 6.91942e-18)
(24.2246 7.24672 -1.15088e-18)
(21.1119 9.551 -1.44674e-18)
(24.4409 3.75871 4.13498e-18)
(26.1245 7.26443 0)
(-1.16629 0.170859 1.4476e-17)
(25.0443 6.45118 -1.61906e-17)
(20.3721 4.3536 -1.6882e-18)
(29.6501 8.12982 5.50611e-19)
(19.7532 5.52411 -1.19366e-17)
(25.0522 6.42929 -2.69689e-18)
(28.3076 6.64378 1.59226e-17)
(25.089 6.97557 -6.68619e-19)
(1.23991 -1.95117 -2.03322e-18)
(29.5485 7.88982 6.67858e-18)
(25.5904 9.74281 -7.71973e-19)
(24.4159 4.78396 -7.81695e-18)
(24.9668 6.84681 -1.14476e-17)
(23.5399 2.80734 2.95452e-18)
(30.1366 8.14444 -7.91821e-18)
(24.9831 6.42269 -1.30189e-18)
(20.0036 7.14556 2.71842e-18)
(23.556 9.30185 -2.05016e-18)
(27.8291 7.51049 0)
(28.3047 11.4 5.9878e-20)
(0.626939 -2.67636 3.62118e-18)
(27.1476 5.24336 -1.15958e-18)
(24.509 6.59155 -9.87842e-19)
(24.6056 4.71744 7.88766e-19)
(25.1666 6.56003 7.45075e-18)
(21.7504 5.43071 -1.86018e-17)
(26.6083 3.52526 -1.61465e-18)
(22.8468 6.33777 4.95663e-18)
(22.0327 6.09532 0)
(25.352 6.50266 1.5786e-17)
(28.8694 8.50132 0)
(25.7584 6.83478 0)
(30.5298 9.81628 -6.147e-18)
(25.2912 7.41608 -2.28755e-18)
(24.7898 4.6635 0)
(25.6572 7.04756 0)
(29.7344 8.27291 1.46922e-19)
(25.0605 6.24228 -5.7689e-19)
(28.8265 7.98063 0)
(24.984 4.61977 0)
(30.1049 8.19999 -3.65133e-18)
(24.6897 1.45574 -6.69039e-19)
(25.1804 4.6296 -1.61033e-18)
(25.2812 6.74806 0)
(22.1763 3.20444 8.66917e-19)
(25.3636 4.65324 -2.11087e-18)
(25.0283 6.98762 -8.45426e-19)
(27.1634 4.388 0)
(20.585 8.15568 0)
(24.9157 7.23978 -2.74911e-19)
(25.3374 6.60288 9.64157e-18)
(23.132 0.982035 0)
(27.1006 5.11701 5.74962e-18)
(27.2885 6.69538 2.31903e-17)
(24.4853 5.19216 1.12214e-17)
(25.3943 3.11226 -6.16789e-19)
(32.7888 21.7285 2.19107e-17)
(26.5838 7.53368 0)
(24.9485 6.8175 -1.56435e-17)
(25.1292 7.08393 0)
(25.3783 6.87695 2.39983e-18)
(28.2287 6.75707 1.63611e-17)
(9.66616 4.94496 8.82667e-18)
(22.4965 9.93864 -1.16483e-18)
(24.9805 6.42571 1.61275e-17)
(25.0617 6.86375 -3.38116e-18)
(26.7701 6.71285 1.0068e-17)
(29.1554 7.54747 -1.91238e-17)
(28.327 10.2868 1.27122e-17)
(23.8316 9.96231 0)
(25.9189 6.45463 -1.56008e-17)
(22.1907 6.42403 0)
(32.6359 8.0457 -7.41062e-18)
(26.4014 11.6451 0)
(25.2776 6.59937 3.02481e-17)
(27.0749 12.9839 0)
(20.5929 4.5576 1.626e-17)
(25.1573 6.56956 -5.53269e-18)
(26.1774 3.28347 4.15983e-20)
(24.1858 7.47801 -1.08459e-17)
(21.086 5.29332 0)
(15.6059 -0.152405 9.21843e-18)
(24.533 7.20655 0)
(34.0158 8.39193 -2.05638e-19)
(25.3472 7.6989 9.55648e-18)
(24.5509 6.29636 2.7798e-18)
(25.9402 6.37865 2.52816e-17)
(-1.12608 0.188948 1.7433e-17)
(24.9892 12.7217 0)
(29.554 7.95682 7.99374e-18)
(28.0268 10.5147 -4.64784e-18)
(27.0769 9.4984 -5.86375e-18)
(25.0907 6.42928 -5.62851e-19)
(22.7731 4.50326 0)
(26.1865 4.14245 0)
(21.5343 9.15759 0)
(25.2006 6.87552 -1.0058e-17)
(25.1175 6.52426 -2.69488e-17)
(26.9408 5.37996 -3.90738e-19)
(25.46 6.62256 2.59668e-17)
(23.4192 7.79893 0)
(22.746 0.869615 3.86357e-18)
(29.2578 8.96336 0)
(18.1656 1.04598 -1.20017e-19)
(25.5553 6.14021 0)
(23.0119 10.0662 -1.51628e-18)
(27.6086 8.59018 0)
(25.4766 6.91306 9.92929e-18)
(19.6574 5.89552 -7.61032e-18)
(15.9943 5.84322 1.23236e-17)
(26.0521 7.86872 3.11147e-17)
(23.5997 9.83853 -7.26849e-19)
(23.8121 5.68878 -7.01513e-18)
(22.7307 8.49814 -1.97249e-19)
(29.9427 8.1697 -3.73077e-18)
(25.1665 3.48856 2.63905e-18)
(27.2716 7.23572 0)
(26.8595 3.8988 -1.47272e-18)
(20.9047 6.87259 6.07156e-18)
(24.3783 7.1717 1.22761e-17)
(25.3049 6.61861 -5.44299e-17)
(19.4136 8.44537 5.2278e-18)
(22.5527 2.95944 0)
(37.3364 15.0494 -2.47071e-17)
(27.3229 6.53361 4.50947e-18)
(29.6922 8.40172 1.15214e-18)
(27.8604 8.03295 0)
(21.8177 10.3472 -4.04115e-18)
(22.0636 8.6948 -4.56894e-18)
(29.5841 7.95123 3.78596e-18)
(31.3032 7.22036 6.41969e-18)
(26.175 6.88581 3.58195e-18)
(29.821 8.12621 1.93307e-17)
(22.417 1.82001 -4.80184e-18)
(25.0428 6.79971 -1.07305e-17)
(29.294 7.02848 -1.16906e-18)
(26.6615 3.69818 0)
(19.8136 6.79039 -7.1436e-18)
(29.4007 4.20074 1.28531e-17)
(23.1705 11.2973 0)
(28.5795 6.52125 -2.80734e-17)
(27.2965 5.01129 0)
(24.8547 8.90797 0)
(29.0718 6.95919 0)
(29.5563 8.11686 -4.23492e-18)
(21.0332 9.16186 0)
(23.79 10.5331 -5.18256e-19)
(29.6672 7.98734 2.96059e-21)
(21.1471 3.14411 0)
(29.6001 9.42911 -5.68494e-18)
(31.4935 6.84851 1.18412e-17)
(29.7267 8.08204 -1.55934e-17)
(30.6055 8.46169 1.52635e-17)
(24.5432 6.94027 -3.94106e-18)
(31.0673 7.53028 0)
(22.545 5.1654 1.11185e-17)
(21.9344 8.64527 -5.4212e-18)
(22.5842 3.52505 4.71345e-18)
(2.57387 -2.06771 0)
(25.8876 7.66887 -1.9916e-17)
(27.688 5.09555 1.69185e-19)
(20.0307 4.90084 0)
(25.2144 7.61308 0)
(25.1267 6.78223 -3.61573e-18)
(25.2869 6.48979 -5.68981e-18)
(25.4047 6.34065 0)
(22.521 1.7715 -4.18163e-18)
(29.6595 8.03716 0)
(29.5757 7.96737 0)
(29.0797 6.19668 -7.07582e-18)
(26.8659 5.2406 0)
(29.5815 7.97737 0)
(24.2147 1.33059 2.22262e-18)
(24.9525 5.62092 0)
(27.6243 5.11269 -1.60128e-19)
(21.7354 2.38502 0)
(27.2068 4.67229 8.08142e-19)
(30.8151 7.76988 0)
(24.0864 6.2581 -1.36431e-17)
(22.9125 3.77786 -1.2799e-17)
(29.6152 8.00084 -4.1614e-18)
(26.6825 12.0128 4.52879e-18)
(27.1459 4.79381 2.46796e-18)
(30.2617 8.4924 -1.0714e-17)
(26.957 3.86229 -1.97112e-20)
(27.4888 4.97398 0)
(23.2631 6.32606 -1.54798e-17)
(19.8828 7.36198 1.98526e-17)
(26.9323 7.56459 -1.79089e-17)
(28.799 8.01085 0)
(21.3431 8.98671 0)
(26.1101 7.77624 7.49374e-18)
(9.13534 4.47585 -1.25765e-18)
(26.9411 5.10236 2.78412e-18)
(29.2315 7.81431 0)
(16.1099 3.78307 0)
(25.1726 6.79021 1.14174e-17)
(29.5825 7.97164 -5.39624e-21)
(21.1544 14.4076 3.0809e-19)
(25.1086 6.87187 1.6402e-18)
(18.1165 5.78304 1.45827e-18)
(25.2545 9.49462 -3.1769e-18)
(30.0788 4.85887 -4.01054e-18)
(19.0734 13.9061 -7.77113e-18)
(30.5554 7.91208 0)
(21.7959 2.9594 -3.46058e-20)
(29.5813 6.90377 2.16882e-17)
(29.7433 9.19107 -5.15184e-18)
(24.9689 11.1146 0)
(29.5622 7.95015 -4.67237e-18)
(6.74678 3.69534 -1.25697e-18)
(24.5869 7.3013 7.90846e-18)
(27.1401 11.9194 0)
(30.3061 7.98071 0)
(23.5935 9.55987 -1.85836e-18)
(27.6721 6.08813 -4.59198e-18)
(25.6093 3.49829 0)
(24.9495 4.29069 -4.15907e-18)
(29.5462 7.93531 4.89026e-18)
(24.9184 3.36291 -1.86744e-18)
(21.4702 4.99503 1.80946e-17)
(17.6454 0.389331 4.88313e-18)
(30.6558 9.07228 1.13474e-18)
(26.8947 4.24547 0)
(11.9407 3.78214 0)
(23.7036 1.21737 1.66497e-18)
(23.6875 1.2429 -1.54256e-18)
(29.3159 7.83468 0)
(29.537 7.92532 0)
(28.1474 7.66864 -7.75867e-18)
(28.6504 7.65641 -1.06757e-17)
(21.6178 3.83633 1.10313e-19)
(22.2191 7.526 2.69546e-17)
(25.7997 6.12319 -1.81855e-18)
(29.0086 7.42983 2.58562e-17)
(26.5033 11.884 -5.54978e-18)
(25.4845 6.63349 0)
(30.3428 3.72101 4.34855e-18)
(25.3386 6.41503 -2.99648e-19)
(29.5582 7.96527 -8.44619e-18)
(28.5885 6.06449 0)
(28.6196 6.25589 3.45958e-18)
(23.0994 0.954139 2.31944e-18)
(29.5313 7.92075 -9.95973e-18)
(28.0348 7.7081 -2.12836e-17)
(15.128 0.64525 -1.85255e-17)
(27.0185 6.1814 0)
(22.0588 7.66384 -5.39779e-18)
(29.1703 6.24105 1.38337e-18)
(21.037 7.56456 7.24128e-19)
(12.0553 -0.540489 7.86775e-18)
(25.0668 6.06417 2.65613e-18)
(27.1048 6.29444 0)
(21.1498 3.80209 -1.90188e-17)
(29.2226 6.6512 0)
(21.547 8.50784 0)
(29.5307 7.91889 5.09355e-18)
(20.2545 5.12613 1.27839e-17)
(26.9733 4.4556 9.29399e-19)
(23.9601 7.0612 3.42403e-18)
(25.4717 11.1962 2.20355e-18)
(25.0829 6.78401 0)
(24.2866 8.35325 -2.07551e-18)
(23.6842 9.48935 5.41228e-18)
(14.0233 3.37155 0)
(24.6169 2.90774 0)
(25.1009 6.43581 9.16737e-18)
(25.8724 5.68372 1.13969e-17)
(27.4695 5.08767 -2.58282e-19)
(29.5288 7.92441 0)
(20.9405 4.83697 -2.51081e-17)
(25.6065 2.96783 1.83745e-20)
(29.6591 7.99778 0)
(24.9277 5.95806 -4.26916e-18)
(24.7358 3.27208 -5.53241e-18)
(33.0611 23.8041 2.60796e-17)
(22.0788 10.7172 0)
(21.4519 7.57142 0)
(2.9178 2.33944 0)
(21.0612 5.64712 -1.32745e-18)
(24.1504 6.6992 -2.64523e-18)
(26.9844 6.62299 3.86682e-17)
(25.6587 4.54493 7.77232e-20)
(22.3251 2.92004 -5.88131e-19)
(23.3567 2.75135 -8.18491e-18)
(28.5414 7.46838 1.38583e-17)
(24.9239 6.19786 -5.52285e-18)
(25.3652 7.48349 1.08256e-17)
(22.306 10.7431 0)
(25.057 6.21321 6.49052e-18)
(32.6039 6.53831 6.55858e-18)
(25.6785 6.96238 0)
(-1.34964 0.265022 -2.43297e-17)
(29.5283 7.93134 0)
(24.9425 3.43651 1.81676e-18)
(29.5766 8.37672 -4.30129e-18)
(29.5291 7.93986 6.5709e-18)
(15.5707 4.01467 -6.77109e-18)
(-1.83393 -0.862829 0)
(25.2099 6.67745 0)
(28.3937 7.47805 1.29166e-17)
(20.0352 8.25082 -1.49108e-18)
(24.935 3.09142 6.31377e-19)
(22.7594 6.13646 0)
(20.39 5.85846 2.62336e-18)
(23.3079 3.60136 0)
(30.6807 9.91077 -6.5473e-18)
(25.2393 6.48369 1.00784e-18)
(25.2125 6.41197 0)
(23.0215 6.70148 -1.32774e-17)
(20.2643 4.35842 0)
(26.5284 7.71206 5.89014e-18)
(25.7229 3.94589 -4.28779e-20)
(-6.78692 -3.04354 8.84729e-18)
(25.5226 4.20269 1.16497e-19)
(25.9023 3.74046 -5.49116e-19)
(20.955 5.94862 1.24407e-17)
(25.2062 6.72908 -1.37007e-17)
(24.9671 7.04529 0)
(25.3153 6.74012 2.16364e-17)
(27.0732 5.06342 -1.99338e-18)
(25.7455 3.59839 0)
(23.6824 6.23083 4.38911e-19)
(16.8828 6.58213 0)
(25.764 7.48979 -6.75938e-18)
(31.1629 8.86423 -8.89056e-18)
(25.8945 3.26268 1.48081e-19)
(21.9248 8.50257 -2.02433e-19)
(7.01648 0.593237 0)
(25.61 7.11392 2.04049e-17)
(23.367 5.89338 0)
(20.6866 5.32081 1.7833e-17)
(25.9052 6.8599 -3.91413e-17)
(26.986 4.95802 -3.4925e-18)
(27.2008 6.92094 -4.68787e-18)
(25.7669 9.92732 -7.1838e-18)
(21.4698 2.80544 1.78479e-19)
(29.7514 8.13226 1.04239e-17)
(31.4609 9.11979 9.33688e-18)
(-6.80978 -4.16299 -2.66121e-18)
(24.5014 4.38591 -6.72714e-18)
(24.4693 7.57975 2.21695e-18)
(19.9724 6.30617 1.83691e-17)
(25.1377 6.70579 -1.21872e-17)
(27.8742 7.7424 -1.89431e-17)
(27.301 9.08784 0)
(25.4698 6.57408 -2.16859e-17)
(26.8561 3.84652 1.4787e-18)
(25.8483 5.52086 4.44084e-18)
(26.9253 3.8744 3.19106e-20)
(19.6905 6.57036 4.30904e-18)
(21.5457 5.53802 0)
(29.7155 8.29248 0)
(25.9701 6.53974 3.74004e-17)
(17.8408 5.86714 -2.84906e-18)
(24.2878 5.32428 0)
(23.2818 5.71584 0)
(-9.09693 -4.64677 1.08859e-17)
(22.5724 7.60538 1.08383e-17)
(24.8723 6.43018 3.53774e-18)
(24.9426 6.25813 1.02773e-17)
(26.9379 12.2341 -6.42289e-18)
(26.1047 3.34208 5.41685e-19)
(27.9203 7.32021 4.62793e-18)
(27.3565 6.32884 0)
(20.2006 5.40602 0)
(24.1468 3.68776 3.3896e-18)
(29.0212 8.61684 8.34738e-18)
(23.3233 7.64901 -2.01217e-17)
(25.0345 6.80893 5.49362e-18)
(27.1883 7.45828 0)
(28.5905 10.9001 -1.14501e-17)
(20.0306 6.7664 0)
(22.1111 4.66487 0)
(24.5872 3.52099 0)
(25.1552 6.58549 -9.01037e-18)
(28.7012 2.60087 -3.71775e-18)
(22.7477 6.05055 -2.82062e-17)
(25.9294 8.03302 9.51678e-18)
(20.9878 0.472887 3.5975e-18)
(36.6527 12.0649 0)
(29.3351 7.63997 1.86714e-17)
(25.5708 8.86484 0)
(24.3105 7.42013 0)
(21.5866 3.63584 0)
(23.5595 3.98481 -9.05736e-18)
(20.4214 6.30646 3.69796e-18)
(37.2748 16.0978 6.46258e-18)
(22.8969 4.3202 4.30197e-18)
(23.8967 13.0739 1.62802e-18)
(24.6841 6.45399 -5.32251e-17)
(29.1193 10.083 4.06635e-18)
(6.47817 -0.341899 -3.45133e-18)
(24.0199 7.44877 0)
(29.8128 8.29889 -6.24432e-19)
(29.8111 8.25329 0)
(25.8571 7.915 -3.34682e-17)
(25.862 7.77743 -3.42364e-17)
(17.932 5.96421 -9.94922e-18)
(17.7456 6.07884 1.15563e-17)
(22.638 10.9426 4.8807e-20)
(29.3367 8.86435 -6.02865e-18)
(24.6535 5.90347 0)
(24.9953 6.38337 4.87399e-18)
(24.8592 6.88513 0)
(26.2001 5.41348 1.4146e-17)
(22.5269 8.35436 0)
(24.0738 7.3945 -2.92457e-18)
(26.9603 4.5892 -4.93878e-18)
(27.8132 7.06517 1.3929e-17)
(21.5318 0.61874 0)
(26.6415 10.2104 0)
(29.1665 7.88816 9.74766e-19)
(20.2192 5.95338 -3.99168e-18)
(24.7624 6.77165 0)
(20.1208 6.46063 2.64738e-18)
(14.7448 4.98066 -2.66425e-18)
(24.9642 6.8872 0)
(24.9778 6.41283 1.30189e-18)
(26.8235 4.23644 -1.95471e-18)
(27.0232 4.8246 0)
(21.9334 4.10905 -2.60381e-18)
(25.7139 3.26192 0)
(21.2555 3.52691 4.06167e-18)
(23.9279 2.97679 9.40079e-18)
(26.5354 3.7375 0)
(23.9843 2.78897 -3.75255e-18)
(29.3667 9.73707 0)
(24.4319 7.47845 5.42235e-18)
(-3.67068 -3.84714 -5.32217e-18)
(23.9364 10.5625 0)
(28.5881 2.54441 1.31398e-17)
(29.6269 8.0001 0)
(23.509 4.74181 -2.52578e-17)
(25.6942 6.5316 -7.58997e-18)
(26.0571 5.1811 -7.96102e-20)
(26.2414 4.92994 -3.57819e-18)
(23.6793 5.72761 4.25073e-18)
(25.5882 9.22722 0)
(20.0261 6.66083 1.81932e-17)
(8.79532 0.506916 0)
(25.9657 4.13913 4.69758e-18)
(22.9107 1.56686 -3.91824e-18)
(25.7833 5.21726 -5.16373e-18)
(25.1465 6.58639 1.67226e-17)
(26.8832 7.54409 -1.87066e-18)
(11.6856 1.67255 2.39145e-17)
(23.8042 2.92469 -1.76255e-18)
(27.6069 8.81262 -3.31665e-17)
(24.6372 3.86525 -4.67131e-18)
(28.1796 3.8835 -8.15731e-19)
(26.6678 3.74865 -2.87663e-19)
(24.8369 7.25883 -1.05526e-17)
(25.1872 6.68234 1.23819e-18)
(28.9006 7.42887 -8.21917e-18)
(17.4386 5.45475 -2.62563e-18)
(8.53287 3.96767 -3.7558e-18)
(9.45884 -1.08984 0)
(25.294 4.47856 -6.99044e-19)
(28.9021 6.40819 0)
(29.6628 7.9784 -5.53102e-18)
(26.3137 4.57987 0)
(21.011 0.256775 -8.50383e-18)
(29.4462 7.85021 1.33437e-20)
(19.9672 8.54905 -6.71942e-18)
(25.0503 6.75294 9.94684e-18)
(25.6569 3.09062 -3.14148e-20)
(25.7387 5.69717 5.0303e-19)
(36.079 22.4686 0)
(24.1884 9.35212 5.48228e-19)
(12.4359 4.47104 4.73848e-18)
(30.2084 8.49899 6.7461e-18)
(25.8735 5.94107 -7.12595e-19)
(25.0994 6.74153 0)
(20.9877 3.83426 9.78424e-18)
(16.8945 -0.691848 0)
(23.4767 1.79252 -2.7984e-18)
(26.7967 4.16972 1.9117e-18)
(25.2498 6.05542 -2.14179e-19)
(24.4468 4.58282 -4.41243e-18)
(25.0747 7.34396 2.00074e-19)
(25.5039 5.01332 4.05262e-19)
(27.3507 5.68176 -2.57381e-18)
(29.4628 8.26202 -7.01291e-18)
(23.6682 1.47281 2.7149e-18)
(25.0551 7.06621 2.31371e-19)
(24.7138 7.97708 -1.81607e-19)
(24.1054 7.24211 0)
(23.6071 2.68152 -2.93781e-18)
(24.423 5.9335 -6.07424e-19)
(27.1082 10.9548 -4.94277e-18)
(24.9272 6.84529 4.98573e-19)
(24.239 4.51298 1.33317e-17)
(24.1661 7.61126 4.84104e-18)
(25.9139 7.72916 5.26964e-17)
(30.2963 8.53448 -5.42773e-18)
(25.9646 3.33106 0)
(-1.26607 -3.38306 2.85327e-18)
(25.5612 5.37627 4.32526e-19)
(25.5447 4.1057 0)
(24.2339 3.4777 -3.61502e-19)
(24.9206 5.49504 -8.27898e-18)
(27.6381 2.22362 0)
(26.0179 7.6308 0)
(-1.28839 -3.34612 -5.68275e-18)
(25.18 6.51451 1.54036e-18)
(25.6361 6.16058 8.25998e-18)
(25.0165 6.40568 8.27707e-18)
(24.2956 7.08979 0)
(27.6611 5.93511 0)
(24.6955 6.09615 -2.51498e-18)
(24.1342 6.84173 -1.38367e-17)
(25.0748 6.41236 6.11465e-18)
(25.1668 6.47014 2.35269e-19)
(28.8439 9.43863 -5.65645e-18)
(29.8243 3.74492 3.92823e-18)
(25.4429 10.5408 1.40242e-18)
(26.8726 12.1348 5.21803e-18)
(27.5288 4.78492 2.07096e-17)
(22.9224 9.26015 -2.10201e-18)
(22.7852 2.76181 0)
(29.3339 7.9989 0)
(21.8115 5.94613 6.33851e-18)
(25.0992 6.72996 9.75379e-20)
(29.2056 6.67633 0)
(22.2201 5.54333 1.42894e-18)
(29.6021 8.33347 9.38885e-18)
(27.0862 5.3782 1.67346e-19)
(23.8888 4.95706 -1.43566e-17)
(25.418 6.94634 1.47781e-17)
(21.5996 3.04566 -5.36561e-18)
(32.1838 8.08648 7.30809e-18)
(27.9969 7.14232 0)
(22.998 11.1291 2.53847e-19)
(-5.02602 -1.35186 -1.04149e-17)
(24.2534 8.05787 0)
(24.7306 6.77815 -1.30878e-17)
(25.1112 6.739 0)
(25.1654 6.50183 0)
(29.7506 8.05636 -4.1006e-19)
(24.9904 6.86501 0)
(13.9883 1.49375 -5.74441e-19)
(25.1501 6.7123 1.25308e-17)
(21.4856 2.72242 0)
(24.8527 6.59263 5.58643e-17)
(20.1888 1.24286 -3.58571e-18)
(23.8653 9.65825 -1.54181e-18)
(29.1317 7.94371 1.36894e-17)
(25.1576 6.51191 0)
(24.6961 6.31645 0)
(27.1054 6.6118 0)
(21.5556 10.1966 2.776e-18)
(22.3835 1.75517 4.23516e-18)
(22.2767 1.80397 4.32648e-18)
(20.3662 9.88427 0)
(21.3827 8.04971 -4.43777e-18)
(7.61417 4.00949 2.15796e-18)
(25.0958 6.55315 0)
(27.4164 8.68592 0)
(19.6604 7.86624 0)
(25.1035 6.7153 -1.40305e-17)
(20.4154 1.66711 1.70525e-17)
(25.9092 5.25157 0)
(25.8675 6.1321 2.32802e-17)
(25.7503 7.01807 2.63909e-17)
(25.0407 7.25567 1.30066e-18)
(25.135 2.89546 -1.14911e-18)
(29.6699 9.2857 -2.47812e-18)
(-5.53684 -3.32157 4.68831e-18)
(27.2484 4.77975 1.50583e-18)
(29.6639 11.2949 -3.84397e-18)
(26.9714 13.2527 5.28092e-18)
(21.1828 6.85209 1.70562e-17)
(24.5349 1.43732 0)
(15.299 -0.720239 1.86651e-17)
(34.0081 8.21204 0)
(25.3449 6.40757 7.13042e-19)
(25.724 5.2978 1.44068e-18)
(20.0802 4.81221 0)
(17.9936 6.60166 -7.42789e-19)
(26.2271 6.88126 1.66409e-17)
(25.4537 7.54236 0)
(28.2061 5.37513 0)
(24.9641 6.2434 -8.5093e-18)
(24.5695 6.34029 -7.6154e-20)
(25.5991 3.097 -5.37383e-20)
(25.0383 6.81701 4.79039e-18)
(27.2936 4.39857 -2.37675e-19)
(22.2255 3.88904 -1.13018e-18)
(29.4074 7.70041 5.60647e-18)
(25.4186 9.40838 2.13012e-18)
(29.4102 7.86861 -9.4054e-18)
(26.2662 6.20568 0)
(28.2034 4.31183 1.12522e-17)
(-7.72532 -3.32606 -2.59175e-18)
(24.9553 6.57518 5.73275e-19)
(-5.39634 -0.873416 -9.95302e-18)
(22.7263 2.76977 -1.52832e-20)
(27.3585 6.15679 0)
(28.3066 9.46951 8.09577e-18)
(11.6159 4.95761 -1.83968e-19)
(27.4344 6.61859 -5.3468e-18)
(27.4395 11.7535 -1.89782e-18)
(25.9536 7.30604 -2.14278e-17)
(28.0743 8.14706 -6.0726e-18)
(30.5037 8.73842 -4.25486e-18)
(29.6091 7.98791 4.53051e-18)
(25.1136 6.40479 -1.12347e-17)
(27.4012 6.70095 5.34681e-18)
(24.9985 6.4045 -7.63502e-18)
(27.8682 4.83633 6.59334e-18)
(26.1681 3.34712 0)
(22.3858 1.87783 0)
(26.6966 4.02506 -8.97913e-19)
(25.6619 9.98806 0)
(25.4703 6.52647 -1.58317e-17)
(13.0154 3.55816 -9.13835e-19)
(29.1319 10.168 0)
(29.0049 8.34983 5.11784e-18)
(27.9148 8.06644 2.08658e-17)
(26.0169 5.71176 2.11782e-17)
(28.0777 6.73704 1.42171e-17)
(27.8653 5.53076 0)
(21.8638 5.42489 -8.184e-18)
(24.8872 6.25026 9.73947e-18)
(22.7087 2.82521 -3.40927e-18)
(29.3479 8.38881 -3.13768e-18)
(25.046 6.43575 0)
(25.6187 3.07312 5.77158e-20)
(0.860027 0.227416 0)
(25.3487 6.72625 3.00145e-17)
(29.5237 7.97375 -4.25334e-18)
(25.8832 6.7349 6.73614e-17)
(5.47306 3.3444 0)
(26.4867 12.1015 4.47659e-18)
(26.8225 13.4731 5.31882e-19)
(2.86318 -2.53038 4.85115e-18)
(-9.0603 -4.61622 0)
(23.1991 2.72874 -7.76415e-19)
(6.99585 0.188991 0)
(27.5989 5.15607 0)
(27.2476 4.32502 0)
(36.0789 24.2333 0)
(28.7192 8.01738 1.26973e-17)
(14.9483 0.147346 1.886e-17)
(29.6346 7.97734 0)
(0.50971 0.285145 -4.03863e-17)
(24.8147 6.71085 -8.77233e-18)
(24.7106 7.01179 0)
(26.6764 9.21281 -1.94053e-18)
(22.0817 15.0552 0)
(25.2406 6.33852 8.25691e-19)
(22.9489 11.8279 -9.42828e-20)
(26.0863 5.00207 2.86712e-18)
(21.9243 9.67634 3.16664e-18)
(29.6478 8.02396 0)
(23.9257 2.88227 -1.84093e-18)
(-0.985086 -3.22991 -1.59449e-18)
(21.4896 10.807 -1.24316e-18)
(25.6487 3.62683 0)
(24.8243 6.19783 0)
(25.283 5.7111 -6.62241e-19)
(24.7883 5.24439 1.87866e-18)
(21.6397 2.46201 -1.182e-17)
(28.5781 6.2514 3.51523e-17)
(26.6631 5.69954 -1.06439e-17)
(24.8981 6.25621 0)
(23.2343 0.93279 3.3377e-18)
(18.8372 13.3122 0)
(18.9523 7.52495 0)
(26.679 7.51911 0)
(26.0957 4.82638 1.75329e-19)
(24.8378 7.75682 -8.37546e-20)
(27.295 4.84751 0)
(-8.67521 -4.60052 1.68847e-18)
(24.7044 6.39121 0)
(25.0956 6.66558 1.54315e-17)
(9.56119 -1.2819 -3.31017e-19)
(25.5904 8.36173 1.66528e-18)
(29.6292 7.64128 0)
(21.6172 10.3588 1.1614e-18)
(25.1711 6.80947 -1.21815e-17)
(20.5381 5.4718 0)
(29.1352 7.8978 7.30506e-18)
(21.9378 9.92082 0)
(21.938 4.51252 1.54901e-17)
(28.3406 7.62495 1.14092e-17)
(15.3621 -0.162365 -3.71309e-17)
(25.7021 7.25069 1.9863e-18)
(25.4627 6.71177 -6.59587e-19)
(29.5373 8.09501 2.08988e-18)
(21.582 10.892 -1.03219e-18)
(2.63577 1.98725 -2.993e-18)
(31.6512 6.40651 1.03789e-17)
(24.7801 6.79705 0)
(22.38 8.16773 1.46571e-17)
(24.874 7.70752 -6.55055e-19)
(21.4845 6.41937 -1.4621e-17)
(21.315 6.22226 3.80248e-17)
(29.1542 7.7047 0)
(-7.27018 0.564009 0)
(25.007 6.38845 0)
(29.746 8.0356 3.662e-18)
(11.3066 5.61024 0)
(29.2774 7.50553 0)
(24.6048 7.88609 3.11724e-18)
(24.6383 5.39211 0)
(25.4645 7.28903 -1.04814e-17)
(23.3735 8.76237 0)
(19.871 8.81222 0)
(24.7607 5.50975 4.81311e-18)
(25.0634 2.9802 -3.21378e-19)
(25.5289 7.34475 0)
(25.3865 6.38363 -4.55601e-18)
(27.2741 9.70193 7.45833e-18)
(24.8881 6.3643 4.81476e-18)
(25.5487 7.17288 2.98605e-17)
(24.9892 6.27879 1.61166e-17)
(24.8927 6.95882 1.91238e-19)
(24.8258 6.45252 -1.53216e-17)
(9.37717 4.18881 3.83489e-18)
(22.6924 1.7373 3.77708e-18)
(29.4893 7.76459 -6.74374e-19)
(18.914 5.7028 2.49727e-18)
(29.6147 7.9842 -6.74352e-18)
(27.5262 8.94224 0)
(19.6874 6.63925 3.54839e-18)
(25.4461 6.89752 -8.04451e-18)
(22.6917 8.97023 -6.22081e-18)
(25.0992 6.73596 2.20028e-17)
(24.9933 6.8986 0)
(24.7693 10.3188 3.89878e-18)
(26.8435 5.82661 7.7878e-18)
(25.9849 7.25095 -1.42755e-17)
(30.4652 8.68517 -1.41127e-18)
(25.9633 14.0343 5.99359e-20)
(23.7735 6.56631 -1.9516e-17)
(28.9392 8.4949 -5.77141e-18)
(25.2261 6.65873 8.11375e-18)
(29.9857 8.12305 5.0885e-18)
(4.79011 -0.969061 5.39729e-21)
(33.3693 13.298 1.26998e-18)
(21.0157 3.49687 6.0479e-18)
(26.1802 11.9138 -3.16263e-18)
(25.5522 6.93015 2.68239e-17)
(29.4438 7.94046 -1.04106e-17)
(23.3824 3.76684 0)
(8.70376 15.0914 0)
(9.54401 18.8708 6.39474e-18)
(26.9432 2.06053 1.7177e-18)
(23.4855 5.78962 -4.5032e-18)
(24.965 6.44582 -2.46125e-19)
(23.9638 8.29318 -3.85717e-19)
(23.7022 8.4543 5.8931e-18)
(24.6053 6.28846 0)
(21.1239 10.1172 2.93985e-18)
(28.787 7.37864 -7.61002e-18)
(24.8405 7.04664 -1.63469e-17)
(23.5606 3.6463 -5.48228e-18)
(29.3165 8.68873 4.89406e-18)
(29.3737 7.94009 -2.59429e-18)
(24.8387 6.35892 2.52593e-18)
(27.4789 11.6288 -4.99271e-18)
(25.1301 7.6162 3.89321e-18)
(27.7507 5.33035 -2.76204e-18)
(21.4422 4.54826 0)
(25.6516 6.04705 3.51666e-18)
(24.6863 6.25913 -9.07331e-18)
(11.6479 4.05831 0)
(25.5858 6.41021 1.78476e-17)
(29.4305 10.1131 1.02626e-19)
(4.04509 -1.69505 -1.49578e-17)
(29.438 7.88526 2.13081e-18)
(15.2354 5.27153 7.46773e-19)
(26.0894 3.21764 8.06297e-19)
(27.6039 6.48023 -4.03041e-18)
(29.6875 9.5917 0)
(26.1516 5.78446 1.05548e-17)
(23.9484 6.18743 -2.68089e-17)
(19.8054 5.30506 8.1418e-18)
(24.4876 7.91406 -5.0009e-18)
(22.4197 0.742142 2.89382e-18)
(25.1886 6.83167 8.26386e-18)
(27.2477 4.6361 3.15169e-18)
(25.0115 6.41171 0)
(24.0093 13.3696 0)
(30.3561 8.52681 8.29434e-18)
(23.9847 8.17818 -3.71164e-18)
(16.8622 3.96595 5.26644e-18)
(26.7349 12.3565 0)
(25.2826 6.4904 0)
(26.162 7.96573 -1.96369e-17)
(17.8566 5.60909 5.26329e-18)
(21.2207 9.34075 0)
(29.6338 8.15793 -2.89379e-18)
(19.8879 5.38809 0)
(35.688 10.2379 -1.13927e-17)
(24.7543 7.25712 3.14728e-18)
(26.9435 7.45064 -1.37952e-18)
(25.0313 1.63929 -1.35996e-18)
(23.7294 2.87259 1.50308e-18)
(25.6632 5.64091 -1.87252e-18)
(28.4313 7.36596 -1.24573e-17)
(24.9227 6.6198 2.25628e-17)
(26.3643 5.99818 4.52378e-18)
(22.8405 0.901781 4.14984e-18)
(24.8207 11.1443 2.68683e-18)
(26.6917 8.69812 -1.10642e-17)
(24.6207 12.1744 0)
(16.4837 6.3708 0)
(27.9061 7.60094 3.63778e-17)
(3.89489 1.86735 -8.47568e-18)
(-5.56436 -4.02421 -1.39294e-18)
(26.6819 5.4532 3.8095e-17)
(24.185 7.75964 -5.00949e-18)
(24.2692 5.93989 -1.60362e-18)
(21.2041 5.99784 0)
(26.9519 3.80978 -3.3903e-18)
(3.49209 0.706037 1.73434e-17)
(25.0824 6.44956 -6.37302e-19)
(25.6931 4.94709 -6.13887e-19)
(14.4483 4.81953 -8.72276e-19)
(23.6239 11.1657 0)
(22.2276 6.1185 -1.13858e-17)
(-4.43889 -3.91413 -2.09663e-19)
(24.8472 8.05637 0)
(21.6435 10.6433 -5.79272e-18)
(22.271 3.11007 -4.16734e-18)
(17.071 4.56484 6.54761e-18)
(25.1947 6.84366 -3.13401e-18)
(-0.810889 -3.10239 -5.22842e-18)
(24.6393 11.3133 2.25465e-18)
(26.0265 9.6369 -3.55317e-18)
(24.9511 6.54464 -3.22576e-17)
(25.0702 2.90588 0)
(26.8638 3.62747 3.2515e-18)
(26.1984 6.18525 -1.70726e-17)
(24.0693 9.79914 -2.47783e-19)
(24.7264 14.5024 0)
(21.6624 3.08597 5.33557e-18)
(6.21716 3.67684 -8.32412e-21)
(25.5394 3.31285 4.07308e-19)
(29.9565 8.13525 -1.74022e-20)
(27.344 5.99145 0)
(26.1561 7.57997 3.95936e-17)
(21.3695 10.8432 0)
(20.0403 5.10582 6.2044e-20)
(27.6835 5.75419 -2.43853e-18)
(24.8641 5.62834 1.76203e-18)
(16.5541 -0.943712 0)
(25.8281 6.76668 -1.37089e-17)
(27.4442 5.40264 0)
(27.8625 8.19974 4.63612e-18)
(25.1272 3.04486 0)
(7.16171 7.79531 -2.99233e-17)
(21.9576 10.1615 3.20702e-18)
(24.8975 8.38535 -2.18413e-18)
(24.0232 10.4343 0)
(19.9457 9.78241 2.65801e-18)
(25.0616 6.36053 -1.33254e-17)
(21.953 10.7638 0)
(23.3339 4.58731 -2.85613e-18)
(22.0337 3.11936 4.48768e-18)
(26.0855 3.60686 -7.76586e-19)
(22.9895 4.52055 3.52859e-18)
(1.98165 0.509428 -1.83244e-17)
(29.5443 9.00523 -5.72023e-19)
(29.7072 8.00155 -4.26871e-18)
(23.4039 3.47748 -5.22095e-18)
(24.9788 11.825 -2.52644e-18)
(25.0986 6.64837 -1.38013e-17)
(22.926 14.9285 0)
(27.181 6.16425 0)
(29.0073 6.57074 -2.15371e-18)
(29.14 2.84689 -2.93469e-17)
(28.384 2.48338 0)
(24.9005 6.73348 3.80428e-17)
(29.562 7.974 0)
(19.987 8.7489 -6.02865e-18)
(23.3076 5.9131 2.31088e-17)
(25.1442 6.71759 2.12155e-17)
(7.36204 2.71211 0)
(-6.05326 -3.87312 -5.28061e-18)
(-1.15789 0.182735 3.4877e-17)
(21.3338 9.87371 2.79177e-18)
(24.9405 6.56771 4.62145e-19)
(25.1381 6.60016 -8.64445e-18)
(24.9433 6.4589 0)
(27.6146 8.06195 -1.86438e-20)
(24.4239 7.0017 2.29211e-17)
(26.3712 4.62343 0)
(25.6428 12.2913 -2.26201e-18)
(-2.00923 -3.29946 4.04572e-18)
(20.3639 5.77607 0)
(26.4243 7.02332 5.92663e-18)
(25.4376 4.82915 -1.56006e-20)
(21.7476 8.02137 1.16269e-17)
(-6.70769 0.285339 1.57388e-17)
(25.2368 6.68118 -8.37699e-18)
(28.5734 4.26249 -2.04641e-17)
(26.6927 3.6861 -1.2757e-18)
(27.689 4.92094 2.84785e-18)
(29.6396 8.34272 -4.54776e-18)
(26.913 3.76884 0)
(28.1659 7.10826 3.97902e-18)
(25.2745 6.28905 -6.29225e-18)
(29.8381 8.04031 1.96192e-18)
(25.0586 6.43501 0)
(24.1315 6.21853 0)
(25.0539 6.41262 7.19543e-18)
(25.1956 2.95918 5.59768e-19)
(27.3776 8.6456 0)
(22.9131 3.00223 0)
(12.3416 5.65403 -1.66771e-18)
(22.2414 9.54207 -1.89039e-19)
(21.502 4.67247 0)
(9.02394 0.188795 1.49763e-18)
(26.9369 12.0239 1.70066e-18)
(25.7141 6.20547 -1.52098e-17)
(26.7893 3.60293 -1.84643e-19)
(25.5556 7.59259 0)
(25.446 6.18705 0)
(-3.18055 -2.08492 0)
(29.4319 7.90279 2.27733e-18)
(26.9303 3.92702 1.56354e-18)
(25.1463 6.72391 -5.63784e-18)
(22.3014 6.00485 8.56929e-18)
(-8.69498 -3.72721 0)
(21.1051 5.77865 -5.42064e-18)
(23.3453 2.62332 0)
(-6.31286 1.67488 4.00599e-19)
(25.8922 6.44411 5.37497e-19)
(22.218 5.7901 -4.09172e-18)
(26.1291 3.32202 -5.61296e-19)
(21.609 2.82364 -5.16881e-18)
(28.0499 6.32142 3.75168e-18)
(9.74745 7.25232 3.53113e-17)
(24.3422 3.73969 -4.62625e-18)
(25.1055 6.71992 0)
(24.0187 11.2111 1.1512e-18)
(25.5895 6.555 0)
(20.4671 5.87175 -9.219e-18)
(25.016 6.40545 0)
(25.5772 5.92154 -2.49468e-18)
(0.0345039 0.407975 0)
(27.5101 4.87347 1.13711e-18)
(28.9429 8.40624 1.67718e-17)
(-1.0418 -2.67861 0)
(24.0553 7.11837 -1.28821e-17)
(21.3922 7.65004 -9.78579e-18)
(25.1827 6.82462 -2.79072e-18)
(23.6967 2.69101 -2.48215e-18)
(22.8802 8.75135 9.04034e-18)
(23.7528 1.6458 -2.50709e-18)
(25.3829 6.7062 1.42688e-17)
(25.0243 4.33082 5.1192e-18)
(24.8954 6.6391 6.56653e-18)
(-3.05015 -0.570208 7.75339e-19)
(26.0142 1.89215 0)
(23.4453 5.21881 8.69769e-19)
(23.9829 9.17384 -1.46809e-18)
(29.6401 8.09575 -5.0595e-18)
(16.4919 5.64487 3.11229e-18)
(27.7574 8.31657 0)
(23.092 3.77547 0)
(16.492 5.37379 8.94931e-21)
(5.42895 3.11089 -2.79268e-18)
(25.9632 6.49317 -1.66565e-17)
(24.045 6.26548 -1.74231e-18)
(23.6977 7.10283 2.7373e-17)
(22.6872 2.7228 -1.00839e-20)
(24.8675 6.60861 -1.8486e-17)
(31.1001 7.95886 -9.54505e-18)
(25.6625 3.02655 0)
(25.4512 3.0878 -4.80925e-19)
(5.42337 0.183581 -4.13416e-18)
(27.6698 8.90106 -7.45911e-18)
(22.6272 10.244 -3.38954e-18)
(2.6682 0.550654 0)
(25.1783 6.50075 3.8553e-18)
(19.9877 8.62579 1.35199e-17)
(37.4463 16.7443 0)
(23.6638 8.56957 4.53981e-20)
(24.4226 6.74747 -3.37048e-18)
(24.5871 6.56157 9.6329e-19)
(25.9141 6.46449 -1.03251e-18)
(29.3867 7.96058 -4.60067e-18)
(20.4176 4.44163 -3.11692e-18)
(25.9794 5.52235 4.78807e-19)
(20.3572 4.73501 3.11161e-18)
(25.4557 6.48016 2.07601e-17)
(25.0707 9.23831 0)
(21.9496 5.87428 0)
(24.6087 6.50587 1.16814e-17)
(10.2436 4.57687 -7.47278e-18)
(22.4679 7.94928 0)
(25.8368 3.31882 -3.29652e-19)
(24.9907 6.35182 -5.91816e-18)
(25.3435 2.94854 0)
(24.2214 2.78841 -1.76213e-18)
(27.9988 7.01811 -1.36541e-17)
(27.6127 5.04734 -2.41345e-18)
(25.0994 6.95654 6.37646e-19)
(25.4611 6.07135 0)
(25.9476 3.2421 -5.47234e-19)
(25.0544 6.40847 -9.00406e-19)
(29.5635 9.66036 0)
(-1.14144 1.64287 -1.04759e-17)
(19.0602 9.20735 -6.98801e-18)
(22.0235 10.3769 1.735e-18)
(24.0287 8.3745 4.1259e-18)
(21.0918 25.8952 -6.98688e-18)
(19.3842 8.75778 3.22645e-18)
(22.9274 3.19707 -4.95699e-18)
(25.3442 3.09602 -6.85233e-19)
(23.7278 8.04647 0)
(27.7747 5.219 -9.12009e-20)
(29.3787 7.97156 -3.06971e-19)
(28.1613 10.6861 -1.32884e-17)
(25.1827 6.50449 -5.37079e-19)
(15.8956 4.15898 0)
(25.0808 6.16061 -2.99485e-18)
(26.3023 9.2719 -3.63801e-18)
(30.3012 8.63749 -1.36705e-18)
(24.1864 3.11726 0)
(21.4296 9.63401 -7.53586e-19)
(25.1294 6.74784 -6.42311e-18)
(29.3161 9.1441 3.39786e-18)
(24.4866 5.20671 1.96359e-19)
(29.4201 8.00997 0)
(25.2448 6.25421 -3.91316e-19)
(21.0191 5.55784 -2.91548e-18)
(19.8193 7.50641 -5.9409e-18)
(25.0674 6.4525 0)
(25.9973 4.17881 0)
(21.7316 2.98475 0)
(24.5437 7.91228 -6.80521e-18)
(24.4582 12.3286 0)
(25.0426 6.55891 -1.71866e-19)
(25.8813 7.95233 4.259e-17)
(-3.86513 -0.905988 -7.80666e-19)
(23.1498 6.0381 -5.86091e-18)
(23.4225 8.31026 4.98193e-18)
(25.1415 6.62415 -8.94638e-18)
(28.6926 7.64786 1.21025e-17)
(25.0157 6.65552 5.453e-19)
(21.223 7.28652 -7.67812e-18)
(29.5917 8.1161 -4.63925e-18)
(20.3184 9.75783 -2.37946e-18)
(25.133 6.46848 2.5065e-18)
(25.0403 11.2219 4.95397e-18)
(29.401 7.88517 4.69629e-18)
(26.5167 4.99741 -3.38327e-18)
(23.8619 7.61382 -1.45276e-17)
(26.4374 9.37961 1.13852e-18)
(29.3808 9.25766 -1.115e-17)
(24.8492 6.8712 0)
(22.1439 5.53905 -9.00439e-18)
(25.0828 6.50767 0)
(23.0594 8.61444 7.39564e-18)
(25.0071 6.69836 0)
(8.92396 2.33246 0)
(0.123572 -1.59998 -1.92675e-19)
(27.9958 8.95338 -1.74409e-17)
(27.3567 6.56797 -1.3981e-17)
(25.115 7.28037 -2.81082e-18)
(31.2939 7.94588 4.65363e-18)
(28.6602 8.0698 2.8982e-18)
(27.3208 5.8367 -4.47e-18)
(28.6279 8.85026 0)
(31.4368 3.69181 2.37554e-17)
(25.0039 6.93154 -4.29269e-18)
(25.4884 11.0521 0)
(22.9934 4.66508 0)
(24.9335 1.60637 -4.76195e-19)
(29.4444 9.37816 0)
(25.7302 5.9436 -5.90038e-18)
(20.5897 5.47202 0)
(22.5798 0.789517 -6.98527e-18)
(21.6015 2.97161 -5.32496e-18)
(25.4004 6.50674 0)
(25.6827 6.19291 4.87262e-18)
(26.1178 8.78864 1.03183e-18)
(30.1037 8.12716 2.62228e-18)
(26.3765 4.14441 -1.91026e-18)
(27.7442 5.01072 2.79417e-18)
(20.8498 3.7514 0)
(25.0471 2.86671 3.15994e-21)
(27.5156 8.25609 0)
(25.1759 6.51062 0)
(26.7473 3.88369 1.14512e-18)
(26.7223 6.49996 -5.12822e-18)
(20.5299 4.64796 0)
(21.1527 10.4056 -3.25353e-18)
(25.1277 6.93125 -5.07515e-18)
(24.4127 11.2272 0)
(25.0848 6.43445 -1.10515e-17)
(-4.61381 -1.82976 -1.47626e-17)
(30.0235 16.3993 1.32537e-17)
(0.180319 -2.23774 2.02247e-18)
(25.8756 3.63195 0)
(27.3418 10.9901 -8.89448e-18)
(12.4321 2.65101 -6.78103e-18)
(25.0234 8.26227 -6.56992e-18)
(25.0222 6.30613 0)
(29.4919 9.50672 -8.96282e-18)
(24.5401 6.66221 8.41271e-18)
(21.8029 2.88939 5.29695e-18)
(28.0687 6.98197 0)
(29.7305 8.02518 0)
(25.3728 6.63136 -1.3548e-17)
(26.9943 7.41864 1.35914e-17)
(25.0893 6.83295 -3.25468e-18)
(25.1099 7.41542 -6.13273e-19)
(26.5016 11.1813 -3.34848e-18)
(24.0876 6.1596 0)
(24.4303 3.00219 -3.00645e-18)
(27.986 8.46985 -1.55243e-17)
(24.8982 6.58963 1.0928e-17)
(24.6054 5.3052 8.12354e-18)
(27.6712 5.20587 -2.63419e-18)
(24.2579 12.2475 -1.59735e-19)
(27.7148 5.30003 2.8075e-18)
(24.459 3.57128 -3.79001e-18)
(28.8859 9.50279 0)
(24.9738 5.97744 1.62602e-18)
(12.3143 -0.490127 2.55695e-17)
(28.7239 8.78602 -4.37414e-20)
(25.2831 6.81251 5.15256e-18)
(29.2522 9.02731 0)
(22.0524 12.1288 -1.38504e-18)
(30.3487 9.81369 4.42132e-18)
(26.648 5.21029 -1.61231e-17)
(25.0245 6.51654 1.13026e-17)
(24.739 6.86495 2.88496e-17)
(19.8626 8.93926 -6.15432e-18)
(28.0678 11.4264 -6.43819e-18)
(26.285 7.49857 -5.98539e-17)
(25.2044 11.8581 -3.12647e-18)
(26.6271 3.6619 2.48324e-18)
(25.5653 1.79083 -1.19712e-21)
(22.7295 1.68824 -2.5039e-19)
(24.4463 7.28363 -7.90101e-19)
(26.1749 6.25984 2.01805e-18)
(24.6909 6.82601 0)
(29.6851 7.99567 -4.02341e-18)
(26.4095 11.2833 -1.05771e-17)
(25.7557 3.32559 0)
(25.4653 6.34588 0)
(20.5347 9.69106 2.21159e-18)
(24.665 7.25007 0)
(28.1303 10.4343 9.81295e-18)
(23.8449 5.47899 0)
(22.4877 2.97482 3.35182e-18)
(26.2321 9.18546 7.61664e-19)
(20.2744 9.99544 2.36902e-18)
(4.52432 -0.331923 -6.3775e-18)
(21.2332 7.46666 0)
(30.2107 7.44503 0)
(25.2925 7.14029 0)
(24.1686 4.79634 0)
(29.7032 3.19993 1.62423e-17)
(20.6235 5.12289 -8.83788e-18)
(22.765 2.66451 1.02658e-20)
(26.7081 9.28667 -8.98327e-18)
(25.7397 6.87983 4.18734e-17)
(25.6082 5.64135 2.48607e-18)
(27.5608 4.95937 0)
(26.315 8.19964 1.51076e-18)
(19.6666 5.44508 5.99383e-18)
(20.426 5.4119 -1.79847e-17)
(27.2078 4.43563 6.35934e-18)
(21.4555 4.77146 -8.71114e-18)
(24.0956 2.66077 6.33169e-20)
(27.7822 5.29105 3.0611e-18)
(25.6163 5.87958 4.11813e-18)
(-0.922249 -0.822317 -3.38297e-17)
(25.4384 11.4625 -2.462e-18)
(21.76 3.61879 -6.83747e-18)
(24.0764 1.26068 2.38446e-18)
(25.0774 6.57691 0)
(24.0725 5.7862 0)
(27.6446 5.24598 2.61529e-18)
(24.2156 10.5761 -7.83739e-20)
(25.3322 8.37712 -1.08237e-17)
(25.9931 6.66501 -1.88074e-17)
(25.2665 7.32023 0)
(24.6075 6.25034 9.21247e-19)
(29.5442 10.7358 -1.30878e-17)
(29.5673 11.3211 6.58212e-18)
(29.8154 8.03245 -3.94781e-18)
(20.1086 6.81951 5.30648e-18)
(22.9307 1.61902 4.61671e-18)
(30.1957 12.1556 -1.88644e-18)
(22.101 10.5832 2.98534e-18)
(26.0754 3.80365 2.07195e-18)
(26.0563 5.45204 9.41818e-18)
(23.4448 8.97692 -1.56573e-19)
(25.9423 4.03274 -1.02852e-18)
(30.0721 8.14349 0)
(21.6563 3.15664 0)
(23.8035 6.80417 1.88886e-17)
(25.7677 4.29374 5.10241e-22)
(25.7352 9.78248 7.31373e-18)
(26.8401 7.46542 0)
(27.7739 8.5045 0)
(25.3579 3.60019 -1.00306e-18)
(25.0037 6.39834 6.21033e-18)
(24.4252 7.19754 0)
(26.8964 7.97018 2.43313e-17)
(25.1526 7.35048 0)
(21.2685 3.60543 0)
(23.7839 7.04131 -1.8583e-17)
(21.6493 3.50337 -8.12284e-18)
(22.0177 11.1006 -8.55682e-20)
(28.2407 7.03933 0)
(25.1434 11.2427 -2.93065e-18)
(25.8891 5.50161 -4.83051e-19)
(25.186 6.95606 -2.78056e-18)
(25.1759 2.98372 -1.07795e-18)
(-5.58016 -1.73876 0)
(27.8382 5.97573 7.99509e-18)
(14.0907 3.16701 8.4071e-18)
(26.3095 8.83088 -9.9993e-18)
(22.294 3.05103 -1.10343e-18)
(-5.97533 -0.30333 -1.12917e-17)
(25.1711 7.05121 4.45727e-18)
(25.517 1.75031 -1.06966e-19)
(24.6682 6.81038 0)
(25.2436 6.86297 -1.56157e-17)
(28.3568 10.9679 0)
(17.9707 7.34453 0)
(20.0909 8.81899 0)
(25.5031 6.61714 1.83873e-17)
(29.3852 10.2598 0)
(28.5301 3.80238 0)
(27.4976 8.75034 -2.31033e-18)
(28.0182 6.40142 0)
(25.3103 7.32967 0)
(26.1167 7.32586 0)
(25.7224 6.91017 0)
(17.5387 7.58445 6.58505e-18)
(30.6895 9.10012 0)
(21.6741 2.86888 3.32134e-19)
(29.4509 8.18419 7.61657e-18)
(25.0412 6.50682 1.46509e-17)
(32.3398 6.93575 0)
(21.6743 9.95643 1.79735e-18)
(25.2937 6.44419 -1.73493e-18)
(26.8704 8.752 0)
(22.9903 6.18534 0)
(25.9941 5.63572 -1.08879e-18)
(25.5619 4.58014 -1.70963e-19)
(25.318 6.95737 -2.70225e-18)
(27.7181 4.77182 -3.27152e-18)
(22.0291 3.18077 -6.33922e-18)
(27.8072 5.17814 -2.98465e-18)
(26.9417 3.65242 -7.36276e-20)
(28.801 10.9138 -4.10788e-18)
(24.9682 6.70316 -1.1979e-17)
(22.8938 9.99503 -3.11028e-18)
(23.1984 11.8841 6.63772e-20)
(18.3555 6.79645 7.58482e-19)
(20.41 9.65829 2.3386e-18)
(25.1198 6.54583 -6.49925e-19)
(22.375 2.83229 2.39364e-18)
(5.80763 1.18127 5.54307e-18)
(23.3136 3.58918 -5.28761e-18)
(22.0698 11.9629 0)
(22.8232 6.30374 -5.10689e-18)
(21.6759 7.78258 0)
(21.6727 0.779802 0)
(29.5747 8.09681 1.10346e-17)
(25.6882 6.43275 0)
(27.8362 7.89393 1.41527e-17)
(27.2786 5.15983 -1.25266e-17)
(29.1728 7.93625 -7.08477e-18)
(25.7203 7.37224 7.03573e-18)
(29.6489 10.7861 6.55279e-18)
(20.8987 9.11631 3.07947e-18)
(25.7488 5.12821 3.05177e-18)
(25.6729 7.61381 -1.3123e-17)
(28.0272 6.55436 0)
(28.2024 11.1048 0)
(24.4881 6.37551 2.41575e-17)
(25.2543 6.56353 2.36506e-18)
(21.2876 9.98624 1.44649e-18)
(7.71588 3.95927 0)
(15.2817 5.33719 -7.26874e-19)
(29.5875 7.97298 -2.24558e-18)
(-0.0836855 -2.56358 -2.39434e-18)
(27.3074 4.5398 -4.21967e-18)
(24.3846 14.1321 2.6079e-18)
(27.7188 7.84408 -4.80064e-18)
(25.295 1.64247 2.86445e-19)
(25.4122 6.67575 0)
(27.4369 8.18777 3.40229e-17)
(24.9614 6.79212 -2.14314e-17)
(27.946 7.19599 1.66244e-17)
(25.5718 7.31317 2.40628e-17)
(26.7955 3.65386 0)
(21.695 3.77637 -1.18732e-17)
(23.6771 2.72986 2.38284e-18)
(30.2003 8.41319 -1.28625e-18)
(29.2788 2.91163 1.88685e-18)
(27.0041 4.1107 -1.32403e-18)
(-4.59899 -1.35248 0)
(36.563 15.3304 0)
(25.1184 6.39589 1.40776e-17)
(25.108 6.74192 6.83442e-19)
(4.33614 0.965078 1.31853e-17)
(-5.55464 -4.16173 5.67292e-20)
(25.2617 6.86544 8.27698e-18)
(3.24814 -1.8052 -3.52191e-18)
(24.1983 8.91977 2.60475e-18)
(21.4316 7.08374 -2.0532e-17)
(17.9095 0.669954 6.30882e-18)
(35.2323 9.78028 1.19094e-17)
(28.454 6.17647 5.2019e-19)
(25.2117 6.56593 -5.77489e-18)
(2.69807 0.657937 -2.83698e-19)
(25.1169 6.69084 2.43702e-17)
(24.8713 6.66517 0)
(25.0832 6.7581 0)
(21.8217 11.9676 4.00847e-18)
(25.4141 14.0224 0)
(27.8391 8.55705 0)
(25.8325 11.0529 7.76047e-18)
(25.0617 7.01596 1.15196e-18)
(26.2521 19.4946 8.78221e-19)
(29.9943 7.80081 0)
(21.2206 3.74413 -6.0747e-19)
(28.6427 5.60483 4.47342e-17)
(24.0903 8.89004 0)
(25.2899 6.84559 -2.97978e-18)
(13.1296 4.26635 8.81123e-18)
(23.5841 7.9022 1.13752e-19)
(37.3776 17.9395 0)
(-0.932058 0.808598 0)
(24.0711 5.66333 -5.23287e-18)
(15.2182 13.6384 4.30813e-18)
(25.417 11.8682 0)
(26.7197 7.44592 7.4867e-18)
(28.1912 9.76037 2.52013e-17)
(28.2624 8.01544 -9.77151e-20)
(19.549 5.47814 -4.28978e-18)
(29.3386 7.96758 0)
(28.9779 16.9966 -2.09862e-17)
(26.8239 3.91126 1.31573e-18)
(24.1032 2.73329 4.95044e-19)
(21.5207 10.6827 -1.32953e-18)
(29.5671 7.98273 0)
(24.7325 5.98109 9.55593e-19)
(24.6828 9.63292 1.00807e-18)
(29.4619 7.80221 2.69151e-18)
(28.0764 7.99214 1.33966e-17)
(20.0264 5.75277 -1.93468e-17)
(22.7384 1.79984 -3.37288e-18)
(3.53773 -1.557 3.81831e-18)
(25.7812 6.27207 0)
(1.79483 -1.67662 -2.00158e-18)
(28.0055 6.70571 0)
(25.0734 6.70859 0)
(24.0114 6.99401 0)
(25.015 3.45511 0)
(25.2592 6.64554 -2.80535e-17)
(25.1017 6.50744 -6.96381e-18)
(21.1099 4.53163 0)
(19.0656 7.50327 -9.29846e-18)
(27.8807 6.80237 0)
(-0.760141 1.38429 2.11449e-17)
(-0.515328 0.257162 -2.94092e-17)
(24.125 6.19263 1.49833e-17)
(26.9021 3.61268 -1.52185e-18)
(25.2509 6.54311 6.04134e-19)
(24.1844 7.1227 -3.63419e-18)
(30.6703 5.02325 2.26577e-17)
(-0.160985 0.243535 -3.24444e-17)
(25.5819 9.37816 0)
(26.8879 3.83413 -3.05108e-18)
(25.5673 9.59715 5.44219e-18)
(21.3257 4.75928 1.80351e-17)
(27.4164 8.08898 -2.5718e-17)
(23.6239 12.4286 1.02337e-19)
(25.9918 7.35737 -3.99642e-18)
(24.9087 6.3265 0)
(-4.67139 -3.98665 4.87958e-20)
(6.50629 -1.676 -9.78754e-18)
(-6.44507 1.88778 -5.67086e-18)
(25.8772 9.34216 4.69704e-18)
(27.831 8.60436 7.29701e-18)
(-1.50787 -0.156786 1.11546e-17)
(24.7018 6.94818 0)
(25.9558 5.17401 -1.89228e-18)
(24.9537 6.76705 0)
(28.6564 7.89764 1.23163e-17)
(29.5711 8.35054 -8.48834e-18)
(28.6244 8.61122 -4.60854e-18)
(22.6299 2.73026 4.00497e-18)
(19.9105 0.606123 1.28559e-17)
(20.0984 8.56957 -3.54344e-20)
(25.2518 8.42741 0)
(7.73889 4.1805 -3.78157e-18)
(25.1217 6.51652 1.94273e-17)
(29.8523 6.72898 0)
(27.676 5.02905 -1.69185e-19)
(-0.53283 0.857554 0)
(24.913 6.44613 9.90812e-18)
(-2.51853 -3.24406 3.88129e-18)
(25.0661 6.75165 7.42806e-18)
(21.5379 2.85214 -3.47584e-19)
(18.0385 4.25881 7.85892e-19)
(24.9944 2.98783 -3.70053e-19)
(-7.03976 1.57021 1.71854e-17)
(29.6051 7.96176 -2.3213e-18)
(28.4676 6.63351 0)
(26.0043 6.2609 -2.58054e-18)
(24.1585 2.90637 -9.47367e-20)
(4.02513 0.789574 -1.09202e-17)
(19.726 5.63545 -4.01842e-18)
(6.92168 4.16747 7.55817e-18)
(24.8308 6.46235 8.0084e-18)
(26.7415 4.06349 8.97917e-19)
(24.0789 2.94532 0)
(24.9707 6.43155 -2.82613e-18)
(24.957 6.33251 -2.47943e-19)
(33.1038 13.0094 -1.0777e-17)
(24.9678 7.83502 -2.15439e-18)
(26.2174 9.50892 6.59598e-19)
(3.46187 0.685965 -1.73475e-17)
(22.2543 4.36236 -1.47193e-18)
(22.9148 4.89783 -2.13384e-17)
(26.6576 10.7232 -5.34579e-18)
(26.0126 3.99939 -3.71649e-19)
(20.7013 8.09501 -5.48485e-18)
(20.1608 5.06673 1.33855e-17)
(0.360106 0.158001 2.50726e-18)
(25.6568 6.36509 -2.64901e-17)
(25.8498 4.26101 8.73924e-19)
(29.4202 10.4963 0)
(25.1006 6.84777 1.52366e-18)
(28.3636 6.18717 -3.16361e-18)
(24.1414 6.05033 -1.10498e-17)
(-1.94173 -0.0523495 9.1662e-19)
(26.4015 7.39734 2.66708e-17)
(26.8964 4.58407 -1.86901e-18)
(23.6253 2.64208 -2.26764e-21)
(25.6235 3.00834 -1.2931e-20)
(25.1322 6.42047 -4.23698e-18)
(29.9346 8.33531 0)
(22.2826 8.39034 -6.98652e-20)
(29.7025 8.03488 -4.72923e-18)
(23.5591 8.22961 5.53765e-18)
(20.4642 9.44435 4.78074e-18)
(25.0528 6.45452 -7.39644e-18)
(28.1875 6.50057 0)
(30.1712 8.3807 1.32322e-18)
(28.2152 6.95059 7.27084e-18)
(9.50665 1.32455 -7.26809e-18)
(22.3278 4.18036 1.69427e-17)
(29.7607 16.7415 -1.34686e-17)
(19.0114 7.8006 0)
(37.5112 18.8032 0)
(26.2361 5.71823 1.38409e-18)
(25.4315 6.44379 1.93766e-17)
(20.3724 9.53763 -4.80626e-18)
(25.245 7.12537 -3.86544e-19)
(-3.42711 -0.460354 0)
(21.1371 9.76952 7.60439e-19)
(25.3264 1.65364 -9.02394e-20)
(-2.75432 0.14986 2.5323e-17)
(25.0369 3.00715 3.70055e-19)
(22.1361 2.99387 -7.07728e-19)
(30.8884 6.46549 -3.25083e-19)
(25.0463 6.58218 0)
(25.2261 7.48178 -4.56092e-18)
(25.5861 6.68803 0)
(29.4545 7.9539 2.79119e-18)
(22.157 10.3215 -1.32538e-18)
(25.0625 6.73952 8.49393e-18)
(29.5057 7.94331 4.48879e-18)
(30.1622 8.13393 1.48899e-17)
(20.081 7.99965 -2.77768e-18)
(23.6702 2.64657 0)
(30.27 3.75385 1.18223e-17)
(26.1987 5.14168 3.28055e-18)
(21.8896 2.46572 0)
(25.6742 6.35054 -4.67297e-18)
(11.0178 4.88584 0)
(-4.94041 -1.56654 0)
(26.8971 3.93955 8.95813e-20)
(25.7281 6.44367 7.78218e-19)
(21.5277 3.15276 0)
(20.6195 9.59528 2.54112e-20)
(26.398 1.96451 4.83254e-20)
(18.6023 5.42676 -2.68301e-18)
(22.4263 3.99964 -1.80758e-18)
(24.1276 9.26207 0)
(25.0859 6.41817 1.05401e-17)
(1.29249 -1.71389 2.03408e-18)
(27.4041 4.23223 1.12336e-18)
(25.4226 7.01293 1.89096e-17)
(25.6549 6.67233 -3.51582e-17)
(27.686 5.34016 0)
(24.8544 11.3724 0)
(33.8456 8.19352 0)
(24.5589 6.829 -3.03669e-17)
(21.5057 0.69386 0)
(24.5276 10.7288 0)
(25.1839 6.55782 0)
(26.193 3.82216 1.52383e-18)
(23.3047 8.33463 -6.14529e-18)
(23.0633 0.871158 -3.81423e-19)
(22.4154 10.8115 3.60784e-20)
(25.0241 6.96453 0)
(22.8866 11.5708 0)
(22.2543 5.99006 5.64562e-18)
(26.9076 3.7178 0)
(26.5119 8.85298 8.78307e-20)
(13.8034 11.9595 -7.77939e-18)
(-0.258038 -2.84191 0)
(31.7224 7.05207 0)
(25.0079 6.29535 -5.60337e-18)
(22.5132 3.84143 1.47834e-17)
(24.9331 7.17288 0)
(20.5998 5.83308 -1.09737e-17)
(22.4341 6.36258 0)
(20.2433 5.80178 0)
(11.3922 2.62376 7.30865e-18)
(29.8844 8.11751 4.85863e-18)
(26.8429 3.74313 0)
(26.6084 3.93328 1.54468e-18)
(11.7463 0.11867 0)
(26.5129 3.90145 -3.465e-19)
(25.6988 6.47841 -2.13023e-17)
(23.925 5.29117 -9.33779e-19)
(27.5853 4.91741 -1.95839e-18)
(26.2997 3.84222 -5.77889e-20)
(26.767 9.15725 -9.86599e-18)
(22.2022 4.58039 1.25633e-17)
(26.4043 3.86198 -1.19295e-18)
(27.2367 4.9855 0)
(26.5621 5.31999 -3.59901e-18)
(13.948 5.02794 2.87871e-18)
(29.0781 6.67968 4.50114e-18)
(29.0431 6.45016 -6.36645e-18)
(23.5396 9.18532 0)
(22.516 3.30431 1.08184e-19)
(25.2229 6.51404 -1.30701e-17)
(25.1736 6.54899 -4.85569e-18)
(28.7329 6.80748 1.96768e-17)
(20.8858 3.67944 6.3694e-18)
(25.5605 6.07057 5.92729e-18)
(25.1895 7.28329 4.54187e-18)
(29.528 10.6329 9.83244e-18)
(22.6249 3.6842 -5.37747e-18)
(-0.630322 0.246808 -2.37045e-17)
(21.5799 3.54847 0)
(-4.993 -1.46037 -2.99286e-18)
(29.4335 10.5926 -3.06119e-18)
(20.0951 7.85204 -4.11525e-18)
(26.5836 5.00113 1.05629e-17)
(27.757 5.07832 0)
(20.5801 9.80909 -2.16246e-18)
(20.7745 7.67894 6.30628e-18)
(25.6387 11.8808 -3.98893e-18)
(26.3109 8.12262 0)
(20.5212 10.2602 0)
(24.4742 9.56271 0)
(29.2861 15.5635 7.96732e-18)
(22.7287 3.55896 0)
(29.6809 7.99445 0)
(25.4744 7.84518 1.77655e-18)
(21.5863 7.56173 0)
(29.5449 7.95152 -7.64446e-18)
(25.5993 6.61765 0)
(23.5901 4.67376 1.6331e-17)
(25.1835 6.61211 -6.95167e-19)
(25.2723 6.87504 0)
(25.1536 6.05478 -6.40248e-20)
(24.5492 11.7347 1.87705e-18)
(34.2141 8.65206 9.16547e-18)
(27.617 7.51271 1.29529e-17)
(25.0296 6.77504 2.98482e-17)
(0.39392 -0.916313 0)
(24.1683 8.21462 0)
(24.0123 12.2952 2.18887e-19)
(25.0955 6.6016 4.54494e-18)
(23.9906 2.98388 0)
(24.5571 10.4444 1.31041e-18)
(27.2634 4.52875 4.43883e-18)
(22.8363 3.44941 5.19247e-19)
(25.0408 6.34055 4.45263e-18)
(29.6504 8.14967 0)
(-4.52705 2.71028 1.4284e-17)
(25.1704 10.7885 0)
(-2.42008 2.45902 -3.02421e-17)
(21.1855 4.35507 0)
(24.4531 6.33194 -9.6032e-18)
(25.1184 6.86455 -5.37998e-18)
(22.9439 3.3351 -7.63459e-18)
(24.5873 7.20982 -1.4157e-17)
(-8.39539 -4.552 8.20612e-19)
(29.616 7.99679 -2.28494e-18)
(24.955 6.37318 7.59537e-19)
(23.0488 3.24449 1.20982e-17)
(24.5667 6.90907 -1.25661e-17)
(28.3215 2.8163 -6.125e-18)
(24.0473 5.1443 -1.6592e-17)
(32.2109 7.20454 1.26251e-17)
(25.0073 6.5285 3.5522e-18)
(21.1633 10.0079 -1.06367e-17)
(27.3311 6.32143 -1.5722e-17)
(30.779 5.49095 1.86088e-17)
(25.1254 6.77322 0)
(23.1543 3.15931 -3.00836e-18)
(-2.82454 -0.354987 0)
(24.7233 9.02834 0)
(23.2546 3.08752 0)
(24.7149 6.37606 -8.36892e-18)
(9.61323 0.915692 7.50608e-18)
(23.3548 3.01325 -1.09085e-17)
(25.5144 6.16446 0)
(25.3459 5.70211 0)
(27.6436 6.17075 -3.52641e-18)
(28.2838 7.24124 0)
(24.0597 6.93657 -9.24013e-18)
(23.5352 2.9054 -3.76094e-18)
(23.4413 2.96294 8.47934e-18)
(26.9983 3.95666 1.70513e-18)
(23.7104 3.02607 3.5856e-18)
(27.7217 6.4144 0)
(22.6861 7.54093 -4.80257e-18)
(27.1932 6.80174 4.21272e-18)
(10.7537 0.0195101 8.79888e-20)
(36.6281 12.2867 0)
(25.2306 6.51282 -6.27518e-20)
(27.1015 4.2136 -3.52312e-18)
(23.6233 2.86342 -4.34254e-18)
(28.7043 10.8553 1.15929e-17)
(26.3506 12.0693 0)
(24.8611 6.01492 7.00046e-21)
(20.2126 4.26304 6.34985e-18)
(24.1952 5.01499 0)
(25.1057 6.58729 3.17529e-17)
(27.0985 8.70884 6.16511e-19)
(29.691 11.9772 6.55924e-18)
(25.5843 8.02922 2.47084e-18)
(29.6208 7.99211 -4.5473e-18)
(14.8062 -0.925897 -2.94549e-17)
(23.9353 2.79843 0)
(19.6115 5.66885 -4.3588e-18)
(20.0454 7.79016 2.95258e-18)
(20.1996 8.75648 -2.78942e-18)
(27.7121 6.0804 0)
(25.0437 7.03825 0)
(25.3065 6.44095 1.05778e-17)
(25.6458 6.99697 0)
(25.2558 8.24077 0)
(34.6067 8.76626 -6.3767e-18)
(30.071 2.89068 3.67697e-18)
(30.2701 8.59297 6.81391e-18)
(30.3622 8.63752 -4.13383e-18)
(25.3313 6.78059 2.39971e-17)
(25.4267 7.98091 -2.47084e-18)
(-1.54682 -0.0970841 2.96966e-17)
(-6.7475 -2.60233 0)
(27.9426 7.91962 2.24019e-17)
(24.9405 7.7146 0)
(25.926 5.07403 0)
(26.9668 3.96716 0)
(25.0935 6.6748 -1.74109e-17)
(4.36669 0.813889 0)
(24.3586 4.88418 0)
(27.7227 5.64297 -2.71263e-18)
(31.1957 7.32578 7.20581e-18)
(28.5039 10.8289 1.15575e-17)
(24.4803 6.46525 -1.1681e-17)
(24.5293 5.43568 0)
(27.5631 6.07283 1.80578e-18)
(29.717 8.45535 4.41534e-18)
(24.711 6.42825 2.75425e-17)
(29.5225 8.13989 -3.48946e-18)
(21.5925 3.1871 5.30228e-18)
(25.2452 6.42445 0)
(22.5763 7.73749 -5.38313e-18)
(23.1601 11.7611 -1.84481e-19)
(24.5101 3.5235 2.6241e-18)
(27.3236 4.48341 0)
(36.4934 17.8005 0)
(25.4379 6.64131 -2.06261e-17)
(19.5374 7.36248 -2.69703e-18)
(28.4166 8.04867 0)
(16.1427 -0.7508 0)
(25.8121 7.266 -3.5641e-18)
(30.2388 8.20778 2.54596e-20)
(24.533 4.80639 0)
(22.8668 8.4978 0)
(25.5659 6.53221 1.72685e-17)
(26.8653 5.53061 4.76037e-18)
(23.0747 5.07147 0)
(29.7079 8.66698 -6.20096e-19)
(24.9026 9.67386 3.71211e-18)
(25.6033 5.46157 0)
(28.5884 6.48514 -8.65724e-18)
(23.7637 2.65637 -7.53375e-20)
(25.1225 9.68412 0)
(25.1641 6.45375 1.09626e-18)
(27.7548 5.40014 -4.45724e-20)
(-6.74275 -2.40874 -1.49881e-18)
(29.3485 10.6501 6.19469e-18)
(23.6981 12.3184 0)
(24.7185 4.74684 -7.88767e-19)
(22.745 11.0114 -4.64061e-20)
(25.3433 14.1448 2.07901e-18)
(25.8486 7.26408 -2.71059e-17)
(24.9361 6.63496 5.75084e-19)
(21.7791 3.40616 -8.30768e-18)
(25.272 6.68611 0)
(23.7448 2.69365 0)
(21.4582 9.85309 -2.60355e-18)
(24.4927 5.90663 9.58841e-18)
(27.417 5.05567 3.83212e-18)
(19.808 7.29855 -2.87498e-18)
(24.8943 4.70917 4.78867e-18)
(29.3635 7.88883 -2.97627e-20)
(24.7272 7.17978 1.1124e-17)
(26.1482 5.57635 3.62037e-18)
(25.0232 6.48285 -1.2268e-19)
(25.0874 4.67738 0)
(20.3212 9.28479 2.62908e-18)
(25.8129 7.64358 -3.05957e-17)
(25.3527 6.97517 -2.28157e-18)
(25.2662 4.69616 2.04699e-18)
(20.0963 4.68258 -5.87737e-18)
(24.079 7.82643 0)
(30.8779 8.45519 1.84891e-18)
(19.7392 9.00661 6.15433e-18)
(-2.56371 0.116375 -2.32658e-17)
(29.7002 7.53761 -5.03768e-18)
(29.9591 7.38773 3.38566e-19)
(24.7724 6.82289 5.81516e-18)
(18.4546 3.9325 0)
(25.0374 6.33779 1.63475e-17)
(25.004 6.45125 0)
(19.8332 9.89674 5.33821e-18)
(29.4543 10.8007 -3.04109e-18)
(29.3568 10.7476 -3.02272e-18)
(20.643 7.69615 0)
(26.5045 7.27046 3.13308e-17)
(20.2507 9.49388 5.01243e-18)
(21.727 3.05687 -5.18473e-18)
(19.829 5.19738 8.0208e-18)
(0.36771 0.0802584 -5.76319e-18)
(25.171 2.9016 -5.02062e-21)
(24.922 6.38081 -1.69811e-18)
(27.7237 5.43706 2.57993e-18)
(25.6433 3.98273 5.15352e-20)
(24.4184 12.4548 0)
(20.4952 9.91109 2.19868e-18)
(25.1716 6.76958 0)
(-3.43954 -0.79168 2.43083e-18)
(29.5606 8.01199 0)
(25.5672 7.22209 0)
(29.3085 6.38344 0)
(20.0875 10.2221 0)
(27.2619 6.6195 -9.11607e-18)
(25.2408 11.1611 3.8681e-18)
(20.7501 7.43609 -3.29889e-18)
(23.8863 6.79608 -1.882e-17)
(24.2632 6.94301 0)
(26.453 4.59486 0)
(-5.35994 -3.75807 -1.33696e-17)
(25.8747 11.8763 5.41454e-18)
(24.7894 4.3685 4.15329e-18)
(-5.95655 -3.84751 1.15912e-17)
(23.864 2.82479 5.37201e-19)
(26.9758 10.9912 2.8724e-19)
(27.2794 11.9036 0)
(14.0072 3.16802 0)
(24.4072 7.7856 -2.48271e-18)
(25.255 6.58646 0)
(26.1055 8.48329 1.3299e-17)
(22.5901 1.77995 8.16711e-18)
(-6.46126 -2.23287 0)
(21.9324 3.5802 -1.48277e-17)
(12.8934 4.39906 5.03248e-18)
(23.2356 11.6695 9.78374e-20)
(20.1497 9.5895 -1.01291e-17)
(19.8893 6.99844 0)
(23.1343 2.91488 2.8509e-18)
(23.1092 11.9816 -8.41875e-21)
(24.977 6.81573 0)
(26.592 7.91567 -1.57415e-19)
(25.1788 8.28119 0)
(25.7274 6.78398 0)
(25.132 6.65062 -2.84098e-17)
(22.7353 11.1139 7.01029e-19)
(20.1528 8.20795 0)
(-0.783024 -3.1594 7.70536e-18)
(29.5723 7.9929 2.3248e-18)
(30.3911 4.22092 0)
(-0.569899 -0.880993 0)
(25.5342 10.6234 -1.40242e-18)
(26.7587 7.09596 2.67179e-17)
(25.1836 6.66255 -1.74927e-17)
(22.3651 12.8975 -1.07173e-20)
(24.9234 7.49714 4.25593e-19)
(24.7442 6.8347 -1.28798e-17)
(23.3531 12.0278 0)
(35.6246 10.3857 6.14355e-18)
(28.9988 9.74434 0)
(30.5007 8.61943 -7.10057e-18)
(29.584 7.98455 0)
(8.50012 1.72999 0)
(25.1343 6.70274 -1.00965e-17)
(29.7303 8.01182 -1.78673e-18)
(25.5725 8.15191 3.20862e-18)
(28.7427 9.432 4.85213e-18)
(26.1152 3.27848 5.45334e-19)
(22.4366 6.9006 1.30256e-17)
(0.643071 0.248402 -2.64123e-19)
(27.6567 8.49687 9.31112e-18)
(20.0121 7.58102 0)
(36.9737 13.1393 -1.65274e-17)
(25.7163 3.08753 -1.11923e-19)
(30.5428 8.49482 -1.6367e-18)
(22.9292 7.00456 -7.71359e-18)
(20.2215 9.37001 -6.45725e-20)
(29.9933 8.12678 0)
(24.9131 7.85204 2.92635e-18)
(24.354 5.39378 -9.94428e-18)
(23.7364 13.0548 2.02781e-18)
(24.5181 6.3489 4.63285e-17)
(23.3161 11.9134 1.47553e-19)
(16.42 3.63431 -9.00177e-18)
(25.0861 6.46108 0)
(27.7267 5.12202 -2.19345e-20)
(26.7501 3.56675 -1.26964e-18)
(25.2887 6.44931 8.12149e-18)
(27.5601 5.13218 1.46881e-19)
(25.9393 7.19183 1.4836e-17)
(21.5497 3.37698 0)
(16.8503 -0.309055 0)
(24.8842 6.37517 4.78111e-18)
(20.8441 7.90013 -1.62508e-17)
(24.1764 7.27417 0)
(22.9215 4.07588 1.03089e-17)
(25.8304 6.36069 0)
(21.306 9.45023 -9.72588e-18)
(20.3579 7.38435 -1.10547e-17)
(19.7513 5.11407 -2.08601e-18)
(29.5624 7.98842 0)
(-7.03854 -3.98399 -6.82933e-18)
(25.6653 9.35735 0)
(20.6238 4.73672 9.44709e-20)
(-1.57988 -0.403449 0)
(30.3274 3.94911 0)
(21.5542 11.0237 1.0642e-18)
(21.5821 7.31852 0)
(4.19956 3.17082 -6.73385e-18)
(5.90129 1.40743 -6.02997e-18)
(28.7889 9.27508 -9.72425e-20)
(25.8103 5.36291 -1.41629e-17)
(28.1472 8.74418 -1.00293e-17)
(23.4979 7.63041 8.62622e-18)
(3.95506 -0.442656 -1.05929e-18)
(29.8585 8.09829 -7.69688e-18)
(31.225 7.00116 -2.43823e-17)
(25.9356 5.76994 0)
(-3.65611 -1.88531 1.62606e-17)
(26.8682 3.67781 -3.12864e-20)
(28.0594 6.47578 6.39986e-18)
(26.3397 7.54375 -1.54186e-20)
(27.4864 8.57823 0)
(25.458 10.4134 -4.42184e-18)
(29.3547 7.75168 0)
(9.39946 4.39028 -1.38458e-20)
(29.6678 8.32412 4.9179e-18)
(19.8628 6.26632 -6.23039e-18)
(29.7671 9.5515 -2.75043e-18)
(24.7152 12.2035 0)
(20.7037 7.38394 2.19321e-18)
(25.2061 6.58168 3.47824e-18)
(25.1281 7.30115 2.00298e-18)
(25.4095 4.33286 -2.10163e-18)
(22.9825 11.9532 2.36358e-19)
(27.0346 6.5579 -1.00683e-17)
(19.5285 7.89553 -9.01729e-19)
(24.4269 7.35611 1.19782e-17)
(22.0357 8.41915 5.18795e-18)
(29.7572 8.0645 7.82586e-18)
(1.79905 0.350553 3.02607e-17)
(23.676 9.35387 -3.15242e-18)
(31.0437 7.33935 6.14995e-18)
(-7.41258 -4.18712 -2.77278e-18)
(23.6312 17.3164 0)
(29.3255 10.4557 -8.68964e-18)
(23.134 11.1635 1.93413e-19)
(26.9215 5.68887 0)
(26.0172 3.25259 4.53706e-19)
(29.5701 8.02419 0)
(21.0007 3.40956 6.31586e-18)
(28.1916 8.09793 0)
(-2.55604 0.135495 0)
(22.8594 2.70381 3.88285e-18)
(37.0041 13.5658 1.65262e-17)
(23.6941 13.3809 -3.94609e-19)
(29.6788 8.02718 8.24366e-18)
(30.1724 8.36371 -1.66124e-18)
(-2.03709 0.123597 1.92929e-17)
(25.8842 3.34175 6.95785e-19)
(22.8276 11.7921 9.48228e-20)
(36.6776 14.0793 0)
(20.949 3.5449 6.21196e-18)
(5.70292 1.12901 0)
(24.0997 3.15758 -5.99889e-18)
(14.2894 -0.594315 0)
(25.4862 8.95992 -2.45067e-18)
(-0.906935 -1.09882 0)
(29.5485 7.96028 8.12316e-18)
(30.8126 7.58597 0)
(34.4554 8.77575 0)
(21.9069 3.50506 7.01498e-18)
(17.7586 6.29229 -1.16242e-17)
(22.103 3.31234 0)
(15.8046 -0.0383374 1.8239e-17)
(29.6477 8.36668 4.59335e-18)
(26.4044 4.88342 2.87948e-18)
(10.4484 5.61409 0)
(11.395 5.59611 -3.49927e-18)
(25.6158 7.07238 -7.76393e-19)
(28.6923 8.05357 1.9243e-17)
(25.6362 6.49195 -5.07193e-18)
(29.6267 7.99582 0)
(26.9445 3.70489 1.72753e-18)
(27.344 7.35992 0)
(24.7725 6.89007 -1.67443e-18)
(19.7533 6.01456 0)
(26.0969 10.0904 -5.44191e-18)
(25.0207 7.21703 0)
(29.2652 10.8012 2.98984e-18)
(31.2021 4.87772 -3.11192e-17)
(24.8994 3.23626 1.89027e-18)
(10.5507 14.9703 -3.48099e-18)
(11.3564 20.7586 -4.45514e-19)
(28.8118 9.11377 4.76812e-18)
(25.743 5.36742 -1.03956e-18)
(30.6011 7.77613 -5.65819e-18)
(29.5872 7.96704 1.35008e-17)
(25.698 6.72773 -2.22541e-17)
(20.2333 10.2442 0)
(26.6867 3.63527 2.72461e-18)
(25.7894 5.7275 -3.95664e-18)
(26.231 3.35425 -4.45551e-20)
(29.4756 8.61391 -3.81942e-18)
(25.1323 6.41143 -6.51976e-18)
(18.3466 5.52656 -5.55454e-18)
(20.4418 10.3852 -2.15922e-18)
(26.8716 12.3562 -9.25021e-19)
(26.6667 12.4645 3.50269e-18)
(29.3178 6.2375 6.80636e-18)
(25.1046 6.61843 0)
(29.5524 7.9697 0)
(24.8065 6.78779 1.57793e-17)
(14.2185 5.72744 2.92012e-18)
(19.9934 9.40458 2.81133e-18)
(36.1861 11.1226 0)
(-1.78156 0.107065 0)
(26.9859 3.79842 1.76634e-18)
(29.5614 7.9474 -9.34116e-18)
(29.2564 10.6014 5.84657e-18)
(21.5013 3.68227 0)
(-3.89698 -3.78226 0)
(28.486 6.40126 1.75594e-17)
(20.4612 10.1393 -2.22212e-18)
(13.6702 -0.790174 0)
(20.1953 9.1144 -5.50347e-18)
(24.4536 2.83979 1.52805e-18)
(-1.7371 -0.463281 0)
(24.5572 6.751 -2.4107e-17)
(22.9539 7.20624 8.12371e-18)
(25.1589 6.59359 9.59341e-18)
(25.1098 6.43776 -6.26803e-18)
(26.1129 11.8273 -3.88463e-18)
(25.1937 6.57186 5.75874e-18)
(30.3535 7.8696 0)
(26.5804 6.39255 -5.07288e-19)
(25.5669 11.2702 -2.20355e-18)
(31.9924 7.43122 -7.5775e-18)
(20.0861 9.827 0)
(22.5838 14.9321 -1.38837e-19)
(21.9174 12.2083 2.5541e-18)
(25.0872 6.70664 -1.19347e-17)
(23.3953 7.46918 -3.68581e-19)
(29.5427 7.932 -1.46806e-17)
(29.5337 8.1088 2.11654e-18)
(24.9621 6.33954 -3.52247e-18)
(25.2328 3.5238 -2.64478e-19)
(21.9622 11.8956 -4.83194e-18)
(25.1465 6.60536 0)
(29.6333 8.24834 -4.34594e-18)
(16.7091 0.419206 -4.02259e-18)
(24.33 10.8482 1.54632e-18)
(31.3636 6.63055 -1.76129e-17)
(25.4016 6.41558 0)
(29.5927 8.13002 0)
(29.099 5.97155 4.87946e-18)
(23.4956 8.72428 -8.86014e-18)
(36.6049 13.4597 0)
(18.1872 9.69431 0)
(23.5232 2.55717 0)
(26.7919 5.38259 2.59745e-18)
(27.2523 7.07323 1.48418e-18)
(21.3463 2.71244 -1.463e-18)
(27.0169 5.32697 2.67494e-18)
(26.6423 2.28054 -7.60087e-18)
(29.5589 8.01942 -4.54887e-18)
(24.245 9.24013 -6.81881e-19)
(29.4777 8.01927 5.04589e-19)
(27.2311 4.34876 0)
(20.2636 4.18095 2.45658e-20)
(27.3354 6.76902 0)
(29.5307 7.92252 0)
(30.7361 8.54467 -3.3721e-18)
(25.3678 6.4884 1.21713e-18)
(20.0046 7.35996 -1.33194e-17)
(29.7078 8.00103 1.15156e-18)
(18.6499 1.63107 0)
(0.676304 0.364572 2.1377e-17)
(-1.04695 0.231432 -2.59727e-17)
(26.7586 2.02059 1.60367e-18)
(25.1783 6.42799 -2.69405e-19)
(26.3869 8.15614 -6.09269e-18)
(27.5612 9.43074 -2.41389e-17)
(24.0679 12.1598 0)
(-6.02419 -4.24918 3.25164e-18)
(25.1433 6.78069 6.7494e-18)
(29.5241 7.91698 1.62531e-17)
(26.2407 3.28897 7.41276e-19)
(25.1476 6.79004 1.48631e-18)
(27.4467 6.10263 -2.32128e-17)
(27.1689 7.86755 3.85079e-17)
(25.4517 6.6 -1.72954e-18)
(19.8859 8.55049 -8.06294e-18)
(27.5742 6.66415 6.38369e-19)
(29.7375 8.01461 -1.13368e-18)
(25.0526 6.99332 -3.38396e-19)
(-7.13985 -3.86644 0)
(25.3249 2.90976 0)
(25.3789 2.9631 0)
(23.7069 1.63014 2.58498e-18)
(29.5217 7.91447 0)
(36.1262 11.2631 7.58599e-18)
(25.762 11.2829 -3.02922e-18)
(23.9117 7.58454 1.45276e-17)
(19.6507 9.68577 -2.90528e-18)
(22.2515 10.4056 -1.31971e-18)
(25.1851 6.50668 0)
(24.9406 6.84377 -1.31269e-18)
(22.9408 6.27404 3.85936e-18)
(36.2947 14.1978 0)
(0.22021 0.223196 -3.29763e-17)
(6.18053 -0.310527 3.88865e-18)
(-8.92827 -3.93644 0)
(24.8988 7.31339 -4.73359e-19)
(27.2966 6.41624 -1.98137e-19)
(28.112 9.11939 -1.25496e-17)
(28.6634 8.02305 -8.96746e-22)
(28.7982 7.92377 -2.04186e-18)
(29.5202 7.91944 -2.95958e-18)
(15.3843 3.71961 0)
(35.1165 9.40591 -1.33042e-17)
(19.7346 9.14209 -3.00242e-18)
(25.1615 6.50817 8.95634e-18)
(13.8326 3.0246 1.38271e-17)
(25.0926 6.65874 0)
(24.211 12.3649 1.34857e-18)
(26.3273 5.72173 3.24471e-18)
(25.3207 6.49428 -8.20014e-20)
(26.4617 11.4069 7.75076e-18)
(-0.364858 -2.47667 -1.88647e-18)
(24.3956 4.07944 -9.64879e-18)
(20.1021 9.31795 2.68526e-18)
(29.521 7.92671 0)
(25.4385 8.72517 7.62162e-18)
(5.50231 0.992781 1.53656e-17)
(27.7075 5.23182 2.77453e-18)
(24.8816 2.81569 1.00958e-18)
(25.0938 6.64272 -1.33025e-17)
(25.9232 4.30938 -2.03634e-19)
(25.1433 6.90124 -6.7912e-18)
(21.5846 6.4305 -5.04739e-18)
(11.1921 6.21265 -3.68531e-18)
(20.7121 7.94208 6.24839e-18)
(30.1282 8.92225 0)
(27.646 11.8237 -3.78537e-18)
(22.6616 8.38989 1.10591e-17)
(29.6403 7.99659 -7.99264e-18)
(23.7347 3.20122 -7.38356e-18)
(19.8679 9.34667 -2.84012e-18)
(29.6939 7.92036 0)
(29.3531 7.94692 2.59425e-18)
(14.3918 0.0446303 0)
(24.5054 7.14758 0)
(25.0444 6.37087 -5.23018e-18)
(23.6252 6.82727 0)
(23.9486 7.00595 -7.32087e-18)
(23.0303 6.22586 -7.10911e-18)
(25.1678 6.69165 1.82352e-18)
(29.5218 7.93419 -6.57093e-18)
(24.9144 6.26797 -8.17121e-18)
(25.1151 6.75928 0)
(23.018 0.855038 -2.72069e-18)
(21.6698 2.94392 -8.32651e-20)
(25.1648 8.11671 0)
(29.9376 9.60946 -9.31916e-18)
(28.3416 7.0602 0)
(28.2198 6.93628 -4.10896e-18)
(25.1202 6.76085 2.39526e-18)
(26.2798 8.41321 -2.17825e-19)
(30.3357 12.1656 1.38709e-19)
(21.125 4.05826 -1.22037e-19)
(30.6608 8.56072 -1.6e-18)
(30.0166 6.12493 8.95682e-18)
(5.95948 -1.8185 1.03857e-17)
(24.2508 8.53624 4.02443e-18)
(34.3784 8.63768 -1.8154e-17)
(22.5198 3.36109 0)
(27.9234 11.2289 8.90153e-19)
(26.7983 6.91406 -3.56633e-17)
(20.6007 -0.0311997 -9.28716e-20)
(25.1796 5.27121 -3.53387e-18)
(25.1034 6.73865 -6.95418e-19)
(29.8855 8.3236 1.18661e-18)
(35.0263 9.54019 2.70434e-17)
(23.703 6.86534 -3.64986e-17)
(-0.564716 0.150668 0)
(27.7356 5.18974 -2.77269e-18)
(27.0138 7.19577 4.4894e-18)
(29.5998 7.97097 6.82118e-18)
(28.0608 6.63424 0)
(29.2695 7.86799 -1.02971e-17)
(25.1503 6.77327 -1.22512e-17)
(19.3569 -0.179177 -1.26988e-18)
(13.3321 -0.497011 -1.20845e-17)
(4.62353 0.760526 1.58672e-17)
(20.087 9.19172 5.50346e-18)
(27.8356 4.88084 -6.70867e-20)
(27.855 6.96283 1.9395e-18)
(24.9938 6.54719 -3.56853e-18)
(26.5882 6.21038 -6.75537e-18)
(-6.76366 -4.36555 0)
(29.0165 10.0378 -4.05329e-18)
(29.7158 8.01071 -4.69666e-18)
(24.6653 6.38207 0)
(27.7436 5.66965 0)
(25.2143 6.51394 7.57732e-18)
(22.6762 4.89323 0)
(29.5572 7.97896 0)
(-1.89873 -0.346231 0)
(25.5836 6.17451 2.41135e-18)
(29.412 4.00998 -3.20837e-17)
(29.0535 6.03921 -4.8794e-18)
(24.4435 6.27998 -4.89974e-18)
(28.6859 9.00495 8.46199e-18)
(19.6706 6.18144 0)
(-3.14452 3.12088 1.19881e-17)
(15.7515 -0.969189 0)
(8.45831 1.93565 2.50094e-18)
(26.9505 6.417 1.35842e-17)
(17.0145 4.96917 -2.65305e-18)
(-7.43805 1.67549 0)
(26.9806 3.63668 -1.77488e-18)
(19.8545 9.21125 2.97379e-18)
(19.6961 5.33301 -5.99397e-18)
(25.295 6.52207 1.62403e-17)
(24.2009 6.83472 9.12056e-19)
(0.81641 -0.795386 0)
(22.7111 5.56649 8.16262e-18)
(29.4988 10.4428 5.86809e-18)
(28.2067 9.41345 -6.57294e-18)
(-5.33765 -1.67437 -3.10417e-18)
(28.683 8.11191 6.0274e-19)
(26.4843 3.50115 1.05153e-18)
(21.7315 5.68863 -3.23719e-17)
(21.5637 7.07531 3.16634e-19)
(19.506 9.61991 2.98097e-18)
(21.8277 4.64847 1.01772e-17)
(25.2691 6.53458 -2.99e-19)
(-3.73633 -3.72075 9.39663e-18)
(29.6863 8.37439 -1.15214e-18)
(-2.34664 0.167773 -2.09637e-17)
(29.3512 7.99411 0)
(21.5289 3.07727 0)
(21.466 3.186 0)
(28.2639 11.4996 -4.76231e-18)
(29.1751 10.7457 -5.30398e-20)
(25.9361 7.61454 0)
(1.83939 -1.43716 0)
(18.3695 -0.684021 2.03692e-17)
(23.6975 3.2578 3.01652e-18)
(29.7549 8.68293 -3.80679e-18)
(28.9595 8.00451 0)
(30.2054 8.18783 -5.2746e-18)
(23.9431 4.58071 2.24634e-17)
(32.2359 7.28947 0)
(29.7015 8.63122 6.20095e-19)
(29.5939 7.99036 -2.32703e-18)
(25.2594 8.14818 0)
(-2.49149 0.166809 -2.34765e-17)
(26.8347 3.692 -1.59539e-18)
(26.8806 3.78249 1.57124e-18)
(28.3669 7.40566 2.53636e-17)
(26.8851 4.37179 3.9914e-18)
(27.8025 7.80655 -3.7497e-17)
(27.571 4.85389 4.41759e-18)
(26.3256 11.7359 4.36857e-18)
(33.2669 7.69519 5.53633e-18)
(-1.51586 0.174945 0)
(12.7457 4.89032 -2.82897e-18)
(20.0863 8.93889 0)
(17.8699 3.9558 8.7841e-18)
(22.9428 6.79887 -1.53073e-17)
(25.3742 6.80628 -1.74815e-17)
(-0.272061 0.253237 0)
(22.3278 2.88035 -2.67327e-18)
(-2.51543 0.0713909 0)
(31.5178 6.66105 -4.82689e-18)
(16.9986 4.31334 1.3242e-17)
(-1.89553 0.159053 0)
(19.3427 4.9861 0)
(-2.54626 0.150178 0)
(29.833 8.19788 0)
(23.885 12.2986 -2.61459e-19)
(26.4795 3.80298 2.72586e-20)
(29.3587 7.80954 2.083e-20)
(25.1195 6.85074 1.0024e-18)
(26.3826 7.63642 1.06303e-17)
(25.8613 6.45742 1.09801e-17)
(-2.0752 0.106707 1.84423e-17)
(11.4859 2.70611 0)
(26.2551 3.3344 -7.8881e-19)
(27.034 3.99381 1.74471e-18)
(26.994 3.90438 -1.65013e-18)
(24.3038 6.24071 4.57115e-19)
(25.9435 5.39369 6.18473e-18)
(-2.71674 0.119748 -6.48454e-18)
(20.1907 8.99898 0)
(20.8372 0.0473384 0)
(26.4124 6.47301 0)
(19.5903 5.78004 1.26037e-17)
(19.52 5.59236 1.28003e-17)
(25.1055 6.88895 0)
(-1.74603 -2.86151 1.41898e-17)
(26.628 3.8108 4.71656e-19)
(27.2183 6.10064 -1.71501e-18)
(30.2487 6.37066 0)
(29.7514 8.00822 0)
(29.7237 8.02231 -1.29302e-19)
(25.0281 6.44137 1.59479e-17)
(7.30768 1.42771 0)
(25.4887 6.66312 -1.46129e-17)
(29.6106 8.13577 0)
(27.842 7.66084 2.72591e-17)
(-0.266167 -2.57092 -3.77494e-18)
(21.5699 2.46128 -6.05384e-18)
(26.2292 5.36738 5.39193e-18)
(28.6907 9.57989 0)
(9.0064 2.84475 0)
(23.8081 2.66008 4.81455e-18)
(-5.34747 2.73594 0)
(-3.59452 -0.909438 0)
(27.7904 5.43265 0)
(-2.02674 -0.223579 -2.42472e-17)
(30.9458 6.45708 0)
(29.5748 8.00918 0)
(10.4217 5.77848 1.08956e-17)
(9.19177 1.60651 -2.12218e-19)
(21.4349 8.57422 0)
(27.2187 5.47554 0)
(26.2553 12.6368 3.4243e-18)
(24.5553 7.30174 -1.02713e-17)
(21.4306 5.22861 6.75834e-18)
(26.3583 5.48428 7.48278e-18)
(24.5077 12.552 0)
(10.2086 4.19112 0)
(26.4089 5.74828 -7.76668e-18)
(32.2113 6.97427 0)
(26.2936 3.36149 0)
(28.0118 6.25942 3.85208e-19)
(0.754222 0.257889 -3.1528e-17)
(24.8761 5.99209 6.33494e-18)
(26.8724 11.9147 3.05331e-18)
(30.5556 9.91255 7.93613e-19)
(30.5091 8.27535 0)
(25.1407 5.7143 -7.52623e-18)
(28.8314 5.83314 -8.92994e-18)
(24.6882 7.90952 0)
(20.1869 9.72008 7.42686e-18)
(20.0201 9.53915 0)
(27.6024 4.93019 1.56654e-18)
(1.1402 -0.704145 4.66517e-17)
(20.9482 8.90451 0)
(17.2651 -0.832991 0)
(-4.44576 1.7509 0)
(21.7287 9.28817 7.06033e-18)
(1.69368 -0.202518 -1.38997e-17)
(29.5677 7.99843 0)
(29.5881 7.99274 -2.31584e-22)
(-3.15109 1.75329 0)
(-0.205541 0.143329 1.14189e-18)
(27.6377 6.01693 4.11783e-18)
(1.48346 0.185732 1.54332e-17)
(19.2156 9.12883 3.51098e-18)
(21.8864 11.1456 -2.19994e-18)
(23.4793 12.0421 4.02416e-19)
(23.277 12.1324 0)
(29.5687 7.19283 -1.60527e-17)
(26.0618 7.22461 -3.29475e-17)
(24.3533 7.0669 -1.66638e-17)
(22.8743 5.18301 0)
(0.453185 -0.73258 0)
(25.0024 6.37655 -7.4008e-18)
(13.8325 6.55304 -2.66257e-18)
(24.3618 10.5712 1.02272e-18)
(-1.65314 0.187921 1.83486e-18)
(23.8172 9.54059 3.92393e-19)
(24.0838 12.3945 1.05316e-18)
(23.8887 13.2887 -2.00917e-19)
(24.7678 14.216 0)
(24.4471 5.38512 0)
(20.3018 9.16524 -5.20214e-18)
(19.6415 5.14076 0)
(19.7839 5.00989 -6.30975e-18)
(-1.72552 0.125223 -3.40276e-17)
(16.509 3.96868 0)
(25.1143 6.12999 5.70874e-18)
(21.6599 11.1083 9.72401e-19)
(21.4255 11.0638 -2.44462e-18)
(24.966 7.64562 -1.96119e-20)
(22.4184 2.83179 1.17231e-18)
(6.35722 1.70917 2.04154e-18)
(23.9522 4.98531 1.99281e-18)
(25.2421 6.8315 1.57519e-17)
(11.1622 2.34359 0)
(29.779 9.48415 2.5371e-20)
(29.7403 8.60539 -5.04172e-18)
(-2.77661 2.86947 -1.4015e-18)
(-3.04121 2.92611 -1.2902e-20)
(19.5031 8.02193 6.73621e-18)
(30.4783 8.47466 3.40142e-18)
(27.3498 5.44944 -7.94496e-18)
(29.5687 8.03109 -4.64156e-18)
(21.0791 3.35901 0)
(20.9222 3.36818 -9.39955e-18)
(11.3876 2.43845 -1.62534e-17)
(22.0269 3.62554 1.04935e-17)
(26.8083 6.73222 0)
(28.0034 9.06928 2.97282e-17)
(23.9328 12.5826 1.10675e-18)
(22.731 11.8834 1.47201e-19)
(6.81934 1.19026 -1.5293e-17)
(19.3424 4.20312 1.07602e-18)
(20.2223 6.82846 0)
(29.1392 6.69152 0)
(15.8853 0.369831 -4.29202e-19)
(16.1437 -0.299735 0)
(20.5201 -0.145287 -8.27509e-18)
(10.3777 5.60663 0)
(25.4189 6.91506 8.0445e-18)
(11.055 13.6471 3.34847e-18)
(12.9358 20.5556 6.00193e-18)
(25.0663 6.64951 0)
(-0.250003 0.11964 0)
(29.2102 8.39684 0)
(26.73 12.5915 -3.84211e-18)
(26.5387 12.455 -1.19416e-19)
(14.2097 3.46664 1.40373e-18)
(0.857044 -0.700387 0)
(25.7247 3.39162 9.9167e-21)
(13.8143 5.50868 3.03709e-18)
(29.7626 8.72246 -1.26981e-18)
(26.9825 3.74608 0)
(12.5465 5.30236 -2.98465e-18)
(-1.97604 0.138451 -4.66552e-20)
(26.3355 6.98336 -4.15613e-17)
(22.3775 10.3561 -1.14258e-18)
(26.2017 3.26285 -6.87742e-19)
(27.6988 6.368 5.04363e-18)
(24.9788 14.1236 -2.82811e-18)
(27.0651 7.04231 5.50446e-17)
(2.7202 0.505187 0)
(30.0314 8.40598 4.95104e-18)
(-0.848445 -3.01794 0)
(9.61842 2.0054 1.23439e-17)
(25.9233 5.74232 -7.89013e-18)
(4.42492 3.68919 -3.84274e-18)
(25.7378 3.06443 1.17266e-19)
(27.8 5.10566 -2.95034e-18)
(26.7693 4.60791 0)
(30.6497 8.49576 3.37388e-18)
(24.3685 1.38611 1.85278e-18)
(-0.16545 0.272021 -5.99456e-18)
(2.54644 0.6722 -1.36258e-17)
(1.18187 0.257645 3.33563e-17)
(20.4245 3.96391 0)
(11.079 4.58111 7.51975e-18)
(5.06443 0.962729 -1.96947e-17)
(5.04479 -1.76129 4.3097e-18)
(19.7668 8.60709 6.47784e-18)
(24.9795 6.39838 0)
(23.9882 6.1961 -4.55639e-19)
(24.9944 6.83426 0)
(25.2879 2.89595 -4.53707e-19)
(25.3989 2.94008 0)
(-1.70852 -0.479507 0)
(18.9804 4.39363 9.45978e-18)
(31.4503 8.99716 9.32278e-18)
(26.3562 12.3075 -1.45153e-18)
(22.8772 2.65391 0)
(29.3413 7.85571 0)
(23.7473 11.1833 0)
(27.1452 7.48143 -1.43672e-18)
(24.3045 6.2611 1.85712e-17)
(-7.09198 -3.18556 -4.66583e-18)
(25.2398 2.9106 0)
(22.6268 1.72943 -8.0597e-18)
(-1.41466 -2.75316 -1.89833e-18)
(24.8796 6.87058 -6.47359e-18)
(1.70776 0.584708 4.01247e-19)
(29.4208 15.9376 -8.10144e-18)
(29.9257 8.46821 0)
(29.8129 8.73904 0)
(19.9719 9.00776 0)
(18.8529 7.9201 0)
(0.426139 -0.796681 2.43145e-17)
(26.3625 11.5177 0)
(23.9022 6.64929 3.65705e-17)
(29.7247 9.88477 9.40982e-18)
(27.8841 8.30257 0)
(29.9272 8.37539 -1.35508e-18)
(27.0984 10.2568 2.46417e-18)
(0.191315 0.198968 -3.36782e-17)
(26.5453 6.5767 0)
(22.8441 2.46289 0)
(19.1819 7.70543 -6.86231e-18)
(-1.77497 -0.343398 -2.40697e-17)
(27.9449 7.50523 1.95741e-18)
(28.5621 8.88385 -7.17197e-18)
(28.2847 6.86582 4.18366e-18)
(-0.812909 0.237548 0)
(-2.61876 0.172936 2.94945e-18)
(-0.861727 0.157502 3.5023e-17)
(24.2415 9.02031 -8.99143e-19)
(-2.75656 0.174548 5.19262e-17)
(26.3297 7.56226 3.62535e-17)
(29.3709 7.7959 0)
(29.6096 7.97788 -2.26191e-18)
(22.8981 3.05995 -5.24184e-18)
(27.3196 7.93269 7.05731e-18)
(21.8517 3.66041 8.5244e-18)
(25.0598 6.3789 5.32146e-18)
(18.5694 -0.546192 -1.94815e-17)
(18.8307 -0.628027 1.55744e-18)
(-7.13262 -4.39788 3.99067e-19)
(-7.03616 -4.40478 -3.46944e-18)
(-2.77954 0.172148 0)
(23.0491 1.88105 0)
(1.69493 -0.388342 -1.5426e-17)
(5.95064 0.209009 3.93286e-18)
(24.9977 6.75852 1.14493e-17)
(17.1398 4.90827 2.64277e-18)
(15.4897 4.63426 2.69837e-18)
(0.633623 0.587145 3.84551e-17)
(-1.42107 0.189921 3.27136e-17)
(20.9869 0.0268367 -1.13518e-19)
(29.5919 10.4782 -9.7169e-18)
(22.0669 2.50165 -9.64533e-18)
(21.9882 2.89002 1.00348e-17)
(-2.54852 -0.959736 8.58453e-18)
(-0.0818649 -1.86362 0)
(21.4606 3.03604 -5.66107e-18)
(22.6181 9.79746 1.16477e-18)
(1.30417 -1.4452 0)
(-2.17979 -0.110216 -6.8115e-18)
(25.2118 6.36507 0)
(32.4435 7.54731 0)
(-5.83014 -4.20775 -3.15206e-18)
(25.4574 6.55404 3.95711e-17)
(27.5933 4.81199 -2.6689e-18)
(11.6187 4.70899 0)
(25.111 6.63292 -2.52235e-17)
(0.983565 0.369744 -2.53217e-17)
(-1.63442 0.151595 1.49869e-17)
(0.439245 -0.67949 -3.78961e-17)
(19.9727 9.13181 0)
(21.6296 0.339146 -6.45977e-18)
(25.4747 6.37976 2.71505e-18)
(-4.50073 1.53964 0)
(1.92045 -0.15593 3.55951e-17)
(-3.22704 1.51723 1.22021e-17)
(27.0657 3.98277 1.84385e-18)
(1.54893 -0.599269 -2.76187e-17)
(24.6308 6.33756 0)
(1.66727 0.154208 -9.55341e-18)
(19.4681 5.82749 0)
(24.9979 6.44066 -7.37449e-18)
(28.8423 8.15582 -7.22677e-18)
(29.6137 8.15053 0)
(29.8634 9.18946 -3.48703e-18)
(-1.85778 0.203907 2.83237e-17)
(23.8286 2.62327 -2.60635e-18)
(27.825 5.39442 0)
(27.7914 5.50157 -3.00551e-18)
(25.1962 6.56463 -8.78916e-20)
(27.32 6.24206 0)
(24.4748 12.6844 -1.77847e-18)
(24.6219 12.518 1.10108e-19)
(28.801 8.03439 4.22617e-18)
(14.9418 4.80235 0)
(19.9089 9.64116 -5.43583e-18)
(28.8056 7.83287 2.93047e-18)
(23.1505 12.1097 0)
(23.3254 12.2576 3.04378e-21)
(23.5119 1.06493 3.00799e-18)
(30.1345 8.54949 5.48069e-18)
(29.2869 16.6662 -1.02026e-19)
(-2.2695 0.154638 2.61925e-17)
(19.7129 4.92481 -1.22132e-19)
(-2.38176 0.159195 2.66157e-17)
(30.6533 8.59112 -1.62192e-18)
(21.6368 11.24 -2.04208e-18)
(21.3349 10.9731 1.38158e-18)
(5.80716 1.76992 0)
(24.5846 6.40202 -4.75316e-18)
(29.8439 9.46027 0)
(29.7163 8.50106 0)
(29.7324 8.57067 -4.94965e-18)
(19.6058 -0.453 1.3475e-18)
(19.3755 8.05916 -7.67667e-18)
(-2.44539 0.146841 -2.38273e-17)
(29.5818 8.03611 0)
(21.0761 3.27613 6.20169e-18)
(-2.5835 0.148138 0)
(22.606 11.8465 5.85675e-19)
(11.6283 2.54848 -8.86277e-18)
(30.0426 6.98393 -3.27629e-18)
(30.4191 6.98292 0)
(15.6138 0.650227 1.84663e-17)
(9.55205 5.59145 8.10499e-19)
(-2.66172 0.150596 2.31004e-17)
(8.57186 4.38957 2.85715e-18)
(-2.5269 0.157944 2.34008e-17)
(10.3491 12.635 0)
(13.7008 19.0548 3.84406e-19)
(13.9062 21.6701 1.11671e-19)
(12.1783 13.6167 -1.21666e-17)
(26.8874 6.20622 -1.30521e-17)
(26.6616 12.7051 0)
(25.0648 2.8409 3.36366e-19)
(11.5871 4.82316 -2.26556e-18)
(28.0395 6.17923 -4.63751e-19)
(26.3183 3.3418 8.80497e-19)
(26.2545 3.22295 -8.30666e-19)
(-2.75563 0.171114 0)
(29.9123 8.33724 8.12501e-19)
(26.0418 3.33727 -4.20653e-19)
(27.8349 5.06257 3.05022e-18)
(30.5034 8.4108 0)
(30.7016 8.48926 0)
(23.2454 1.95434 -3.02002e-18)
(20.4354 9.32972 -7.20873e-18)
(25.566 6.61981 -4.38943e-18)
(-1.78653 0.151132 -1.92651e-17)
(19.6577 8.51154 -6.52282e-18)
(19.7613 8.73126 0)
(-2.77607 0.175825 -2.58218e-17)
(29.603 8.01192 -2.35785e-18)
(25.2669 2.85802 -4.41675e-19)
(25.436 2.95223 0)
(0.404894 -2.73584 0)
(25.3152 6.83029 -1.4339e-18)
(-2.77178 0.163265 0)
(-2.21997 -0.121497 0)
(-2.60057 -1.50643 7.75469e-18)
(-1.91512 -2.78442 3.99477e-18)
(-1.56979 -1.9943 0)
(29.8247 8.38054 0)
(21.7507 0.32822 6.22492e-18)
(28.2611 6.76907 1.00779e-18)
(-2.62065 0.0744113 0)
(0.714052 -2.91552 0)
(24.6999 6.71473 1.55099e-17)
(30.1088 8.51149 0)
(30.1852 8.55024 -5.41201e-18)
(-2.37455 -0.0312001 -6.92859e-18)
(29.6292 7.98069 -7.2281e-18)
(25.0059 13.9192 2.72123e-18)
(-1.51772 -1.61843 -1.84563e-17)
(23.8246 2.46901 2.38405e-18)
(-7.73298 -4.44956 -3.71626e-18)
(24.1572 10.4526 -6.2889e-19)
(-1.04402 -3.03287 -1.07134e-17)
(-1.93076 -0.201514 5.68356e-17)
(0.0441174 -0.768282 -3.95096e-18)
(22.3088 2.51678 -1.38522e-19)
(-3.53065 -0.5707 -1.68802e-17)
(15.4175 4.69631 2.77586e-18)
(15.5957 4.46338 -1.32936e-18)
(-2.01773 -0.231682 -1.77217e-17)
(-5.40492 0.434279 1.64042e-17)
(29.6081 10.5693 3.2391e-18)
(29.6674 10.4114 9.86445e-18)
(-1.63437 -0.302869 -2.09283e-17)
(-5.05661 1.73379 0)
(-0.934413 -0.490155 0)
(21.9247 2.91078 4.91284e-18)
(-5.40713 -4.12897 2.6289e-18)
(23.1704 6.49478 -1.31726e-17)
(1.41351 -0.55149 -2.55537e-17)
(-3.82648 1.73804 5.00516e-18)
(21.4618 2.95996 5.64458e-18)
(1.82222 -1.16391 -4.12424e-18)
(-0.010636 -0.620158 0)
(1.58263 0.0102862 0)
(1.17326 0.417178 0)
(27.6331 4.83313 0)
(27.5784 4.7475 -2.62828e-18)
(-6.00834 1.0417 0)
(-0.98439 0.170358 1.69144e-17)
(25.0055 6.41145 -1.07342e-18)
(25.393 7.44191 -1.36184e-17)
(-5.681 1.30409 0)
(1.28544 -0.677381 0)
(1.84136 -0.481031 2.99455e-17)
(27.0989 4.02749 6.00875e-20)
(-5.07215 1.52098 -7.62527e-20)
(19.4524 5.94628 1.386e-19)
(-3.90267 1.54545 -1.05301e-17)
(1.22104 0.324938 -3.27358e-17)
(1.88035 -0.00794741 8.5962e-18)
(2.04709 -0.3319 -8.42739e-18)
(-2.47752 1.45756 0)
(23.8046 2.58362 -2.3074e-18)
(23.8715 2.62939 2.52309e-18)
(29.3649 10.965 -6.29774e-18)
(27.8261 5.53722 3.20974e-18)
(27.822 5.32275 -2.96626e-18)
(-5.58341 2.07581 0)
(-0.912441 1.0772 -3.45718e-17)
(0.662045 0.482486 -6.36003e-17)
(-4.3977 2.20423 -3.41566e-18)
(3.30812 1.40799 0)
(-5.29322 -4.09038 2.13567e-19)
(24.3411 12.7138 -3.16903e-18)
(24.7232 12.6094 -1.6712e-18)
(29.2972 7.78552 -5.676e-18)
(23.2419 12.371 -3.31497e-21)
(20.3252 10.122 2.22237e-18)
(5.41029 2.14794 9.18955e-19)
(4.87092 1.14208 4.08879e-18)
(19.7565 4.81995 -1.24708e-19)
(21.2036 11.0108 -1.38421e-18)
(21.7431 11.3207 9.58453e-19)
(4.76753 1.52348 0)
(6.27691 2.12376 -1.29571e-20)
(29.9129 9.50469 0)
(29.7697 8.54564 -5.03057e-18)
(19.3414 8.20921 -8.09795e-18)
(19.2666 7.96862 7.97755e-18)
(29.6533 8.23372 9.15111e-18)
(29.6824 8.23549 -4.65749e-18)
(30.1437 10.5305 0)
(29.5949 8.03153 0)
(21.1484 3.24011 6.01781e-18)
(22.582 11.7164 -1.91723e-19)
(22.5076 11.9372 -7.00901e-19)
(12.5739 2.82472 0)
(24.8809 2.74896 -1.00052e-18)
(8.81978 5.60828 8.58287e-19)
(12.8112 14.4053 1.59914e-17)
(14.0572 23.814 1.9555e-18)
(14.9792 18.8617 -1.58905e-19)
(11.2454 11.718 -1.60216e-17)
(26.725 12.8271 -9.93096e-19)
(11.1349 4.57105 2.37665e-18)
(28.2512 10.4983 -1.46518e-18)
(27.82 4.99213 -6.64221e-20)
(30.4904 8.3966 -1.67701e-18)
(30.0385 8.30183 0)
(25.7761 3.08485 0)
(25.7985 3.06174 0)
(19.6329 8.79365 0)
(19.6784 8.37816 1.62605e-18)
(22.9317 2.64975 0)
(25.4559 2.99145 0)
(25.2274 2.84537 5.20639e-19)
(25.2851 2.8294 9.88434e-19)
(29.2675 10.901 -3.02496e-18)
(29.4667 10.906 0)
(29.0456 7.88635 0)
(23.3182 6.11421 2.75755e-18)
(-2.91346 -3.043 4.18959e-20)
(20.2492 -0.226201 9.38285e-18)
(28.3208 6.6992 -1.09332e-18)
(29.6346 7.98434 7.32206e-18)
(22.8404 2.60914 2.35612e-19)
(19.4327 5.0803 0)
(-7.99167 -4.42487 3.9754e-19)
(-2.09428 -3.105 1.02482e-17)
(-1.19803 -3.032 0)
(15.727 4.39812 1.33296e-18)
(14.0708 4.46149 -2.82522e-18)
(-1.845 -0.330142 0)
(26.4973 3.43556 1.12692e-18)
(29.7615 10.4412 0)
(29.6454 10.3227 -3.29236e-18)
(21.8691 2.86743 -5.18305e-18)
(24.9203 2.7604 9.2441e-19)
(24.8615 2.77596 -9.88526e-19)
(21.5341 2.92977 5.51972e-18)
(21.3906 2.91358 0)
(1.29609 -1.15455 4.13821e-18)
(27.5391 4.7308 2.58942e-18)
(27.5993 4.70591 2.32326e-18)
(-0.715161 0.164936 0)
(27.1336 4.02014 2.02684e-18)
(25.7827 3.01886 2.35009e-19)
(19.3422 5.9979 1.48972e-19)
(22.9499 2.60092 -1.1045e-19)
(-0.756681 0.0685464 -1.17748e-17)
(23.8928 2.59384 0)
(27.8576 5.28199 9.53438e-20)
(27.823 5.60827 -1.91327e-19)
(26.3363 12.5382 3.45126e-18)
(24.2955 12.8543 1.64906e-18)
(23.2974 12.5058 -4.12921e-19)
(25.8191 2.9299 2.78488e-19)
(19.6865 4.72606 -1.24528e-19)
(21.1705 11.1478 7.71102e-20)
(21.7364 11.4455 1.89008e-18)
(5.61055 2.18281 1.62151e-20)
(29.8157 8.55628 5.01884e-18)
(19.2112 8.23908 8.43708e-18)
(29.6078 8.03541 -2.34586e-18)
(26.4713 3.45429 -2.16645e-18)
(26.5339 3.46534 0)
(22.4707 11.6755 2.37986e-19)
(22.5275 12.0762 1.91358e-20)
(9.51987 2.06611 -1.04137e-17)
(8.01583 5.61395 -3.39155e-18)
(10.8687 10.754 1.99555e-17)
(13.8115 14.075 -1.54714e-17)
(15.6345 17.8193 -5.80013e-18)
(26.8617 12.8538 0)
(26.6449 12.9522 9.80659e-19)
(12.8767 5.03921 -3.16452e-18)
(8.95082 3.84698 1.63428e-20)
(1.05185 0.697992 -4.66321e-18)
(30.1839 8.27939 -1.68058e-18)
(29.0957 7.94073 0)
(19.6236 8.93062 -6.65043e-18)
(23.2816 6.05243 2.69419e-18)
(-3.4598 -3.26977 3.81719e-18)
(-3.33776 -3.04681 -8.76959e-18)
(5.27031 3.93337 3.83374e-18)
(28.2913 6.6071 1.09706e-18)
(29.6301 7.98592 -2.58409e-18)
(28.8861 7.81861 -4.70142e-18)
(28.7772 7.90515 -1.03983e-17)
(-8.42533 -4.40919 -3.63744e-18)
(31.085 10.0259 7.48755e-18)
(-2.59321 -3.38826 -7.74692e-18)
(13.9912 4.59461 -2.6699e-18)
(17.3901 4.79502 -2.63487e-18)
(14.2407 3.95363 0)
(29.7143 10.2557 -6.66048e-18)
(21.8777 2.79941 5.09364e-18)
(21.3959 2.83377 -1.7848e-19)
(21.3197 2.94359 0)
(1.81799 -0.835501 2.08416e-18)
(0.254357 -1.45157 -2.09677e-18)
(27.5201 4.66925 0)
(-1.13174 0.130237 -1.51506e-17)
(0.0480279 0.204575 0)
(19.2755 4.54107 1.1108e-17)
(27.1711 4.06384 -2.07038e-18)
(27.1325 3.96759 -3.99945e-18)
(19.238 5.92736 2.42544e-18)
(19.3347 6.1238 -8.98773e-18)
(22.8239 2.51321 0)
(23.9369 2.60037 0)
(27.8517 5.20886 -1.63335e-19)
(27.8587 5.64744 1.96485e-19)
(27.903 5.31441 0)
(26.3825 3.34998 -9.42025e-19)
(24.394 12.9702 4.75001e-19)
(20.2908 3.84284 -7.26668e-18)
(23.4376 12.5184 0)
(23.2126 12.6277 4.03567e-19)
(19.7365 4.62474 8.3019e-18)
(19.5646 4.74246 1.48297e-17)
(21.6092 11.5234 6.59426e-20)
(21.8519 11.5195 8.27952e-19)
(9.60804 3.50662 1.78828e-18)
(29.8507 8.52872 5.73104e-18)
(29.6078 8.04348 2.3232e-18)
(29.6254 8.03143 7.11818e-18)
(28.0246 6.04204 3.63267e-18)
(28.0008 6.12055 3.5472e-18)
(22.4192 12.1736 2.31144e-20)
(10.4806 2.19901 2.10056e-17)
(10.1053 10.1809 -9.60571e-18)
(11.735 10.1041 -8.74186e-18)
(14.0053 13.3442 -1.10132e-17)
(29.858 9.96855 0)
(29.9709 8.37293 3.38665e-20)
(26.718 13.1269 -5.53357e-18)
(12.4325 4.80566 2.37691e-20)
(7.36273 3.37163 -2.38587e-18)
(30.1904 8.27323 -1.68405e-18)
(19.4915 8.99928 4.94863e-18)
(-4.42453 -3.51182 4.82609e-20)
(-2.7804 -2.78804 1.96404e-18)
(26.3564 3.36957 0)
(26.3709 3.30317 1.97251e-18)
(20.2202 3.91371 0)
(20.3887 3.86422 0)
(28.3513 6.52753 3.36923e-18)
(-8.54168 -4.32746 3.15027e-18)
(-8.66812 -4.43505 3.31774e-18)
(-2.70822 -3.43334 0)
(12.7722 3.66811 0)
(14.3388 3.86288 0)
(28.0874 6.01716 -3.20069e-18)
(29.6847 10.1709 0)
(21.8205 2.75229 -5.2236e-18)
(21.2488 2.89359 -5.92089e-18)
(-0.255682 -1.43781 2.16658e-18)
(2.87115 -0.536422 -2.04451e-18)
(29.7655 9.95423 -3.12943e-18)
(27.4823 4.65466 -2.44193e-18)
(-0.810514 0.142322 1.21191e-17)
(0.552696 0.241197 -1.52172e-18)
(29.9112 9.90167 0)
(24.8531 13.6125 -1.6051e-19)
(24.8305 13.8228 3.194e-18)
(27.2061 4.05428 -2.04901e-18)
(27.1718 4.1226 3.73639e-20)
(19.4398 6.18886 0)
(19.2176 6.18318 9.06834e-18)
(23.9593 2.64219 0)
(23.959 2.56602 6.78107e-20)
(27.9461 5.27269 0)
(27.8515 5.72107 -1.96483e-19)
(24.3451 13.1321 4.40266e-19)
(30.0337 8.40104 6.60654e-19)
(23.0631 12.6125 0)
(23.5133 12.6501 0)
(19.6726 4.52711 -6.02339e-18)
(19.8528 4.61921 -1.89632e-18)
(21.8429 11.6702 6.87602e-21)
(21.9644 11.4615 0)
(29.8391 8.4969 4.41022e-18)
(29.8967 8.53727 -4.44774e-18)
(29.6216 8.04678 5.8877e-18)
(29.6284 8.02572 2.36056e-18)
(22.2939 12.1238 -1.48647e-20)
(22.4414 12.3254 6.45632e-19)
(8.05302 1.6273 -1.10554e-17)
(21.9982 2.82477 -4.91066e-18)
(11.664 9.33161 0)
(26.619 13.2455 2.00899e-18)
(5.36243 2.64901 -3.27285e-18)
(14.2845 5.28071 6.53081e-18)
(30.5481 8.3833 1.64815e-18)
(26.2666 3.26894 8.01456e-19)
(-4.92794 -3.70227 3.72179e-18)
(-3.22659 -2.78575 -3.94668e-18)
(28.4339 6.53975 -9.46021e-18)
(28.3131 6.43749 -1.037e-18)
(23.961 2.41308 6.7088e-20)
(-8.76097 -4.23598 4.28598e-20)
(-1.21932 -3.03015 0)
(-3.98065 -3.63879 3.08041e-18)
(11.4488 3.30416 -1.38826e-18)
(28.1094 5.93694 3.20324e-18)
(29.7441 10.1039 -3.1275e-18)
(21.8318 2.68275 -5.18152e-18)
(21.1718 2.92854 6.05818e-18)
(3.35141 -0.234163 -5.8167e-18)
(-1.34947 -1.73646 1.90532e-18)
(27.4651 4.59324 4.85981e-18)
(-1.13544 0.125254 0)
(27.2392 4.10362 0)
(19.2172 6.3141 4.38797e-18)
(24.0031 2.57306 2.06162e-18)
(23.937 2.52451 -7.06026e-20)
(27.9989 5.31101 0)
(27.8877 5.76441 2.01301e-19)
(24.4603 13.2534 0)
(24.1922 13.1703 -4.28083e-19)
(22.9589 12.7551 -2.90666e-19)
(23.665 12.6474 9.38749e-19)
(19.7331 4.42821 -2.01627e-18)
(21.9653 11.738 3.24015e-18)
(29.8684 8.46744 -9.48941e-18)
(29.91 8.57156 4.50602e-18)
(29.6226 8.05761 -5.91793e-18)
(29.6457 8.02225 -4.79286e-18)
(30.0581 8.4336 -6.60653e-19)
(22.3074 12.4651 0)
(8.87425 1.75293 0)
(26.4568 13.2077 -4.69032e-18)
(16.6799 5.95674 -3.27627e-18)
(4.89316 2.40049 0)
(13.8592 5.05113 6.7163e-18)
(30.4937 8.37327 0)
(-5.80003 -3.91386 0)
(-4.56386 -3.68399 4.70425e-19)
(28.3637 6.35445 1.03703e-18)
(-8.7055 -4.07504 4.41753e-20)
(-5.07226 -3.83444 0)
(10.2415 3.1492 2.16235e-18)
(28.1766 5.90865 3.7547e-18)
(29.709 10.0226 6.31925e-18)
(29.8394 10.1211 -9.68871e-18)
(21.7738 2.63624 5.6403e-18)
(2.81649 -0.209367 4.17268e-18)
(27.4805 4.54946 -2.50955e-18)
(-0.936429 0.128566 1.25273e-17)
(27.2773 4.09684 -2.00839e-18)
(19.101 6.38571 4.57361e-18)
(24.025 2.539 -2.10814e-18)
(27.8773 5.83713 -2.01301e-19)
(28.0005 5.38811 -6.69076e-18)
(27.9334 5.73229 -2.04861e-19)
(24.4087 13.4279 0)
(23.7507 12.778 -9.38759e-19)
(23.0313 12.9027 2.76688e-19)
(19.6712 4.32294 1.01803e-17)
(29.8545 8.43709 4.35487e-18)
(29.9579 8.5802 0)
(29.6472 8.01672 -9.54674e-18)
(29.6599 8.02422 0)
(29.6394 8.06059 0)
(13.3589 2.98587 1.57502e-17)
(6.59043 1.30248 1.21377e-17)
(26.3522 13.331 9.87413e-19)
(18.6664 6.38809 2.43456e-18)
(2.99397 1.68857 4.28073e-18)
(11.4488 4.34178 -6.77594e-18)
(30.1034 8.2019 -3.60132e-18)
(-6.21056 -3.93555 0)
(-6.27153 -4.09804 0)
(28.3234 6.26944 -1.06455e-18)
(-8.68974 -3.9096 -3.19165e-18)
(-8.54279 -4.04209 3.48643e-18)
(9.08069 2.84133 1.38813e-18)
(28.1952 5.82895 -3.6684e-18)
(29.8982 10.049 0)
(29.6193 10.0038 3.00731e-18)
(21.792 2.56269 -4.9776e-18)
(21.7025 2.65599 -3.3662e-19)
(3.32321 0.122647 4.18397e-18)
(19.2765 4.07642 2.24307e-18)
(27.2813 4.04246 2.22086e-18)
(27.3117 4.14673 -2.35339e-18)
(19.1116 6.52035 0)
(24.0685 2.54662 0)
(27.9109 5.88418 0)
(28.0544 5.43112 -7.88272e-20)
(24.5377 13.5571 0)
(23.6762 12.9133 -9.83382e-19)
(19.7368 4.22798 -1.00951e-17)
(19.5397 4.32113 -1.70937e-17)
(29.8138 8.43065 -4.74442e-18)
(29.9897 8.54591 0)
(29.8775 8.40649 4.44064e-18)
(29.671 8.01465 0)
(29.6329 8.01324 1.19026e-17)
(7.33813 1.52887 -1.16907e-17)
(26.178 13.3004 -9.23425e-19)
(26.4033 13.5309 3.71531e-18)
(10.9615 4.12692 3.43158e-18)
(21.0584 6.95699 -3.36151e-18)
(1.7057 1.25347 -2.55577e-18)
(30.126 8.20659 3.6013e-18)
(-7.16667 -4.27932 0)
(-8.81373 -3.91407 0)
(-8.43795 -3.855 7.83061e-19)
(9.02132 2.63012 -1.42129e-18)
(29.9973 10.0631 6.61187e-18)
(21.8632 2.54728 -3.26536e-19)
(21.6519 2.5951 0)
(4.43362 0.411305 3.88582e-18)
(2.83389 0.172848 -4.22231e-18)
(27.3532 4.1402 -4.26295e-20)
(27.3087 4.20223 0)
(19.2349 6.5752 0)
(18.9967 6.60445 9.30177e-18)
(24.09 2.58721 -6.32519e-20)
(24.0906 2.51316 0)
(27.896 5.95688 0)
(24.4827 13.7451 0)
(24.7029 13.506 -2.48161e-18)
(25.7934 2.95351 0)
(19.6802 4.11632 1.86958e-17)
(19.8614 4.23438 7.0919e-18)
(30.0373 8.55086 0)
(29.8615 8.37842 -4.34757e-18)
(29.6356 8.008 -7.10306e-18)
(29.6836 8.01795 0)
(5.35847 1.18221 2.00926e-19)
(23.0034 2.59853 3.59139e-18)
(23.0229 2.55101 -3.48742e-18)
(26.0633 13.4071 4.52479e-18)
(26.1405 13.1323 0)
(21.3981 7.148 3.28553e-18)
(0.0308218 0.583933 -8.8431e-19)
(8.62603 3.37561 -4.3741e-18)
(23.0756 7.29844 0)
(29.8343 8.08369 0)
(30.4599 8.31419 7.17446e-18)
(-7.5297 -4.37866 -1.7389e-18)
(30.0542 9.98329 6.56359e-18)
(21.5818 2.61367 -4.97725e-18)
(21.8832 2.47757 4.93109e-18)
(22.9643 1.14395 0)
(4.934 0.737579 -3.89014e-18)
(1.73216 -0.104993 3.96589e-18)
(27.3868 4.19392 2.32841e-18)
(18.862 6.54479 -4.57155e-18)
(19.2529 6.70487 0)
(25.7623 2.12712 -8.48133e-21)
(24.1336 2.52162 0)
(24.0699 2.47181 -6.43918e-20)
(27.9301 6.00959 -3.40292e-18)
(26.0151 2.38913 5.92037e-19)
(25.9727 2.37096 0)
(24.6311 13.8817 -6.43592e-19)
(25.961 2.32569 0)
(23.138 2.41231 1.04399e-19)
(22.9889 2.50561 3.49881e-18)
(25.9189 2.3082 0)
(25.9081 2.26353 0)
(19.7514 4.02543 -1.03411e-17)
(25.8142 2.18645 -3.03425e-19)
(25.856 2.20263 1.06124e-20)
(25.8661 2.2468 -3.60694e-19)
(29.879 8.3481 5.04352e-18)
(30.0625 8.51101 -6.6544e-19)
(30.0571 8.58871 0)
(21.6108 1.67057 -1.37816e-18)
(24.0097 2.34486 -6.67509e-20)
(29.6847 8.00706 -5.20242e-18)
(29.6486 8.0064 0)
(29.6887 8.0283 0)
(6.19644 1.24259 0)
(24.1362 2.44746 6.14803e-20)
(25.9032 13.3528 -1.02145e-18)
(8.13045 3.11218 8.80451e-19)
(22.9621 7.157 0)
(-0.418573 0.333985 8.77344e-19)
(-1.07258 0.190003 0)
(25.1711 7.7058 0)
(21.3427 1.81913 0)
(29.7502 8.05239 -3.81174e-18)
(29.8731 8.08806 0)
(21.57 1.59205 0)
(-7.10472 -4.33565 0)
(22.9991 2.3637 1.08091e-19)
(22.9764 2.41149 -1.11464e-19)
(22.8877 2.3643 -1.15357e-19)
(26.0706 2.4541 1.909e-20)
(25.8041 2.14278 8.48134e-21)
(30.1567 9.99065 3.35602e-18)
(30.0049 9.90563 -6.56357e-18)
(21.9521 2.46178 3.23196e-19)
(25.4499 2.20426 -1.37203e-19)
(29.9821 8.27962 -4.50917e-18)
(27.433 4.18931 -2.51615e-19)
(19.3749 6.74941 0)
(18.7338 6.63285 -1.44881e-17)
(25.5555 2.31991 1.86499e-20)
(24.1561 2.48886 -5.8914e-20)
(27.9849 5.98643 3.60875e-18)
(27.9101 6.08344 -3.39711e-18)
(24.5798 14.0934 0)
(19.7031 3.91046 1.46547e-17)
(29.9135 8.34709 3.1411e-20)
(30.0391 8.47476 6.6544e-19)
(30.1081 8.59418 -6.77312e-19)
(29.8618 8.32326 0)
(29.6972 8.01096 -2.45803e-18)
(29.6509 7.99961 8.06123e-18)
(4.48701 0.915668 4.19309e-19)
(9.85635 2.15694 8.65883e-18)
(25.7718 13.4556 1.00324e-18)
(10.0024 3.65936 -1.79412e-18)
(-0.640083 0.431708 -3.3106e-18)
(26.9577 7.89777 2.77392e-18)
(-1.94887 -0.308495 -8.70246e-19)
(5.91248 2.38148 2.73283e-18)
(29.7239 8.04139 3.29994e-18)
(26.0276 2.43508 5.43232e-19)
(-7.50074 -4.44914 8.51466e-19)
(30.2073 10.0768 0)
(30.2035 9.91136 -3.45748e-18)
(21.9735 2.39872 3.19789e-19)
(24.093 2.43839 -6.14803e-20)
(25.931 2.19004 0)
(27.4441 4.13332 -2.4528e-18)
(27.465 4.24607 2.9769e-19)
(21.8566 1.33041 5.1954e-18)
(18.755 6.78562 0)
(18.5859 6.56961 9.71435e-18)
(19.4756 6.67324 4.1027e-18)
(19.4002 6.87291 4.03807e-18)
(24.1989 2.49802 1.9012e-18)
(27.9433 6.14004 -2.89484e-19)
(19.783 3.82382 -6.22687e-18)
(19.5723 3.89079 -2.0438e-18)
(21.3007 1.90122 0)
(29.8287 8.3223 5.63265e-18)
(30.1302 8.63528 6.77311e-19)
(29.8766 8.2947 -6.12005e-19)
(5.3039 1.18071 -2.98731e-18)
(19.6687 3.46795 1.05711e-17)
(25.792 13.6649 -4.65335e-18)
(25.6096 13.3925 6.30177e-18)
(28.2808 8.08028 -4.16482e-18)
(-2.38304 -0.550103 -2.66183e-18)
(-1.66746 0.0513086 6.55315e-18)
(25.9406 2.23479 -1.56861e-20)
(25.8881 2.17376 -3.9786e-19)
(29.7378 8.03815 -1.64546e-18)
(-8.14656 -4.55521 2.60051e-18)
(30.3188 10.0821 -3.45303e-18)
(22.0399 2.3864 -3.1979e-19)
(21.9328 2.34145 3.25501e-19)
(27.453 4.29552 -3.78677e-20)
(27.5134 4.24244 0)
(18.5741 6.40858 0)
(18.6288 6.89002 0)
(19.5209 6.90744 -1.22399e-17)
(24.2219 2.46582 -1.8372e-18)
(24.2185 2.53919 -1.84666e-18)
(19.5258 3.76711 -1.0772e-17)
(19.9023 3.84573 0)
(29.8585 8.272 -4.24043e-18)
(30.0958 8.67661 0)
(30.185 8.64069 -5.47887e-18)
(3.95967 0.92722 -1.30676e-17)
(25.5979 13.2195 -3.10323e-18)
(25.4714 13.4809 0)
(-1.33772 -0.159849 7.17495e-18)
(29.2909 8.08045 5.5651e-18)
(-3.75755 -1.15615 0)
(28.3446 8.20632 0)
(24.2642 2.4756 0)
(29.8526 8.07748 1.94268e-18)
(24.3894 2.50559 0)
(-8.44095 -4.57417 -4.12657e-19)
(-3.25204 -1.02313 0)
(20.9396 2.10608 2.89068e-20)
(30.3792 10.1676 4.34401e-20)
(22.0648 2.31911 -3.03601e-19)
(27.5465 4.30023 2.57387e-18)
(19.5499 7.02272 -7.96074e-18)
(18.665 7.04698 9.18214e-18)
(18.4269 6.32602 0)
(-4.34224 1.41722 0)
(24.2607 2.54837 4.83011e-21)
(24.2026 2.42436 0)
(-4.47103 1.08586 0)
(6.21402 0.768393 0)
(5.60568 0.729301 1.02223e-17)
(-6.56445 -0.0247007 0)
(-6.42333 0.324941 4.35354e-20)
(-8.08768 -0.780487 -3.94225e-18)
(3.29274 0.0478665 -6.84878e-18)
(-8.03559 -1.46993 3.95195e-18)
(0.984437 0.164178 -8.5815e-18)
(19.9797 3.76662 -7.99898e-18)
(19.3908 3.74355 -2.24296e-18)
(0.947624 0.113925 0)
(-8.53193 -1.83145 -3.91765e-18)
(30.2089 8.68603 1.10662e-17)
(29.8721 8.24386 4.89798e-18)
(30.2147 8.5927 5.49275e-18)
(1.62825 0.182797 0)
(5.01562 0.27596 9.75824e-18)
(-9.10058 -2.50582 -3.98641e-18)
(4.02718 0.00201405 -4.58847e-18)
(-8.68046 -2.16375 3.9983e-18)
(-2.11563 2.13753 -3.92684e-18)
(-9.24478 -2.81385 4.06217e-18)
(4.41958 0.14021 -4.19247e-18)
(3.49343 -0.0956919 4.51549e-18)
(-2.91921 1.79718 0)
(2.96616 0.249334 6.20186e-18)
(25.45 13.1462 0)
(-9.57423 -3.12409 -4.07903e-18)
(-4.58633 -1.49169 3.35768e-18)
(3.31494 -0.0905687 4.06292e-20)
(-4.16696 -1.38291 3.50375e-18)
(29.5214 8.09232 -5.93179e-18)
(2.86095 0.170505 6.06677e-18)
(-3.58555 1.76856 0)
(-5.2056 0.719926 0)
(2.50977 -0.267944 4.15898e-20)
(29.8725 8.07647 0)
(2.85655 0.110668 -4.36288e-18)
(3.15369 -0.043494 6.6966e-18)
(2.11777 0.0258116 4.6555e-18)
(1.57144 0.121372 0)
(3.92175 0.115853 -5.09824e-18)
(-9.66251 -3.60661 0)
(2.00795 0.196593 9.23742e-18)
(-5.76615 0.693492 -4.80693e-18)
(1.37814 0.196058 -4.97484e-18)
(6.42838 0.861318 -4.75819e-18)
(-4.92653 -1.9144 -9.45743e-21)
(5.09275 0.473759 4.92534e-18)
(-7.17879 -0.39822 3.83688e-18)
(2.2086 0.13937 1.74802e-20)
(-10.1283 -4.07519 4.30301e-18)
(3.75741 0.0271755 4.99348e-18)
(1.30731 0.447326 0)
(-8.22976 -1.13767 3.92998e-18)
(-7.58917 -0.414663 -4.8891e-20)
(3.83842 -0.0505994 -4.49292e-18)
(-7.88688 -1.12284 3.91504e-18)
(4.62704 0.173674 4.31901e-18)
(-10.204 -4.23295 -8.63794e-18)
(5.22911 0.349454 7.76761e-18)
(0.857491 -0.0766605 0)
(4.2112 0.287284 -5.14473e-18)
(30.4882 10.1681 -3.56417e-18)
(30.3193 10.261 3.54631e-18)
(-3.1362 -1.09755 9.25261e-19)
(-9.70594 -3.39469 -4.14648e-18)
(22.1355 2.31222 5.1011e-18)
(2.28871 0.209663 -6.79568e-18)
(5.41965 0.640917 0)
(-10.1381 -4.34279 1.10765e-18)
(-9.44527 -4.16692 0)
(2.36055 -0.208922 -4.65699e-18)
(-7.78881 -3.29277 0)
(0.315146 2.58678 -5.38028e-20)
(-1.7869 -0.398577 0)
(27.1969 2.41511 0)
(4.3772 0.132545 -4.62268e-18)
(3.00624 0.0129645 4.42948e-18)
(4.56689 0.214772 0)
(-0.784955 0.35804 -1.47891e-17)
(27.5978 4.30088 -5.35291e-18)
(-0.121824 2.79364 4.80004e-18)
(-7.71604 -3.20468 0)
(-0.52577 0.966946 0)
(18.546 7.15796 -4.95065e-18)
(18.2765 6.42185 -1.0678e-17)
(18.4287 6.16571 -1.89316e-19)
(19.466 7.10899 0)
(-9.53407 -3.36398 4.02392e-18)
(-4.51885 -1.69841 -3.65286e-18)
(-0.562517 2.49312 -7.90312e-18)
(-9.5889 -4.23344 0)
(-0.0994924 3.16436 -9.09087e-18)
(-9.96141 -3.85528 -4.11305e-18)
(-1.35054 3.32916 5.25049e-18)
(24.2268 2.39236 1.87613e-18)
(24.2805 2.58913 -1.76253e-18)
(27.07 2.30097 1.82481e-18)
(0.771422 0.531443 0)
(-10.2166 -4.6278 0)
(-8.38936 -3.65775 -6.40405e-19)
(-0.944901 4.56456 -4.05003e-18)
(-8.01827 -3.37401 -3.66464e-18)
(26.9943 2.43712 5.41307e-20)
(-10.0385 -3.87887 4.24604e-18)
(-7.47416 -3.12195 3.6648e-18)
(-10.3225 -4.51739 4.2333e-18)
(-8.77624 -3.21517 1.01507e-17)
(-8.96253 -3.88234 0)
(-0.414125 5.0049 0)
(-0.459179 4.47836 -3.96139e-18)
(-8.33026 -3.39641 -4.61785e-18)
(-0.83746 0.737303 0)
(-10.3508 -4.63708 0)
(-8.57012 -3.68265 0)
(-0.106528 0.43908 -6.35536e-18)
(0.321668 0.321605 5.84797e-18)
(19.3496 3.61048 -2.23098e-18)
(19.9468 3.65405 9.962e-18)
(20.0863 3.78961 0)
(19.3041 3.84219 2.03152e-17)
(-0.554089 1.37331 0)
(29.4317 4.93689 -1.47872e-19)
(29.8538 8.22473 -2.46414e-20)
(26.8425 2.42222 0)
(30.268 8.69183 -5.54406e-18)
(29.9041 8.23954 -9.92985e-18)
(0.897225 -0.00547471 8.04951e-18)
(26.9389 2.41187 -5.41307e-20)
(1.47801 -0.0150364 -7.1531e-18)
(-0.164708 1.99826 0)
(-8.70873 -2.88809 0)
(-0.164299 1.58936 5.63236e-18)
(0.290911 2.1935 0)
(-9.3925 -4.12666 3.77429e-18)
(-10.1625 -4.42921 3.26105e-18)
(29.6312 7.96745 2.62162e-18)
(-9.93938 -4.44436 0)
(-9.00721 -2.65547 0)
(25.446 12.979 0)
(-5.36798 -1.94252 -3.43534e-18)
(26.896 2.44708 0)
(-8.92875 -2.30045 0)
(-9.43731 -4.34106 -4.29525e-18)
(26.6442 3.03734 2.73575e-18)
(-0.401944 5.27989 3.56871e-18)
(27.9435 4.09716 0)
(-10.3123 -4.45111 -8.523e-18)
(-9.16208 -1.79558 -4.39772e-18)
(29.6989 8.00786 0)
(30.1262 8.1591 0)
(26.5742 3.23334 0)
(26.5539 2.92774 -3.95099e-20)
(2.75094 -0.291797 1.04145e-17)
(26.601 3.00746 0)
(-0.532195 3.3471 4.68553e-18)
(27.1382 2.38939 0)
(-9.33014 -4.27991 4.22103e-18)
(-0.964163 3.17189 -5.09601e-18)
(28.0938 3.95342 3.30207e-18)
(-0.95141 5.02995 -3.73803e-18)
(28.1882 3.70597 9.9596e-20)
(29.2116 4.07261 0)
(27.9818 4.17192 6.7356e-20)
(28.0466 3.87708 2.93891e-18)
(-8.74388 -0.737866 4.22976e-18)
(-10.2879 -4.65021 3.98897e-18)
(19.1165 3.68414 -9.31775e-18)
(26.5638 3.08139 -3.99872e-20)
(-8.6934 -3.44904 0)
(-1.3731 3.65605 0)
(-10.0729 -4.51081 3.93231e-18)
(26.7631 2.54505 -1.47884e-18)
(28.0768 3.80018 9.61067e-20)
(25.4603 6.27685 4.41987e-18)
(-10.2519 -4.64643 -4.00602e-18)
(6.59037 0.749694 4.28885e-18)
(26.0671 2.78434 0)
(29.1313 4.55357 4.45314e-18)
(28.1595 3.78911 0)
(-1.09756 5.18162 3.54294e-18)
(-4.01437 -1.55081 3.77598e-18)
(-1.01409 5.2654 3.57457e-18)
(27.9929 3.57843 -2.90014e-18)
(4.64198 0.536909 -5.36218e-18)
(27.0373 2.4009 0)
(-6.11778 -2.45512 -7.29388e-18)
(27.1264 2.32589 0)
(26.5976 2.95622 -1.27939e-18)
(-9.87915 -4.44828 -5.36574e-18)
(-1.61111 5.18852 -5.73821e-21)
(27.2407 2.3749 0)
(27.0239 2.33959 -1.83837e-18)
(-0.45312 0.224008 6.90439e-18)
(-0.463171 5.23351 0)
(26.6861 3.0135 -1.3756e-18)
(27.2279 2.30905 0)
(-8.81281 -0.693699 0)
(-10.1553 -4.50847 4.24438e-18)
(-0.989639 5.24513 -3.57626e-18)
(-0.954602 3.8231 -1.15845e-18)
(-3.45042 -1.38605 -7.85133e-18)
(29.0112 3.94005 -4.22264e-18)
(26.7132 2.51985 1.36304e-18)
(-1.39926 2.16596 7.86582e-18)
(-9.63232 -4.27292 -7.55811e-18)
(29.0417 4.64296 0)
(-0.956292 4.1033 5.40545e-18)
(29.8997 5.43009 5.46837e-18)
(30.5712 7.71834 1.38806e-18)
(28.4543 6.95908 9.00223e-18)
(28.7832 4.46024 3.95598e-18)
(30.5459 10.0866 0)
(30.5536 10.2718 0)
(28.0962 4.25609 0)
(30.9521 6.20539 -5.8948e-18)
(22.1774 2.36424 0)
(26.6117 2.7184 0)
(30.7866 4.32491 5.79318e-18)
(22.1626 2.24476 2.26344e-20)
(29.1467 3.93847 4.19344e-18)
(27.865 6.41033 1.46685e-19)
(26.7304 3.04457 0)
(28.8599 3.36601 0)
(-0.473029 4.2414 -8.23044e-18)
(26.0343 2.80904 0)
(-9.73678 -4.38775 -4.18684e-18)
(25.9624 2.81232 0)
(29.0959 4.42086 0)
(-2.43938 4.79577 0)
(-1.06238 5.23282 -3.52268e-18)
(26.6499 2.68964 0)
(28.9953 3.70462 0)
(26.1384 2.9896 0)
(26.115 2.85183 2.21101e-20)
(28.0599 4.17691 -3.09589e-18)
(-4.30437 3.8811 5.29989e-18)
(19.4941 3.16083 -8.76749e-18)
(29.0935 5.40819 -8.91092e-18)
(29.4297 3.66535 4.63829e-18)
(28.9431 3.82035 -3.97198e-18)
(-8.70619 -0.332627 0)
(-4.43791 -1.76926 9.14233e-21)
(-5.34391 0.378075 3.87642e-18)
(-0.144693 0.798985 0)
(27.6186 4.24431 2.85963e-18)
(-7.97164 0.299538 4.00511e-18)
(-6.812 -2.75455 3.63157e-18)
(29.3572 4.08436 0)
(27.6288 4.36207 -2.47619e-18)
(-9.56155 -4.34545 4.48265e-18)
(26.5825 2.5576 3.90572e-20)
(19.5043 7.22041 -8.06252e-18)
(18.3825 7.11918 9.71564e-18)
(18.594 7.32058 -1.3568e-17)
(18.585 6.08193 -5.33029e-18)
(2.89607 -0.211505 -5.29192e-18)
(3.45252 -0.125342 -4.95073e-18)
(-0.949044 4.74946 0)
(-0.491751 5.15494 -1.16156e-20)
(-8.04891 -3.89755 1.08163e-18)
(-8.86285 -1.10368 0)
(30.0716 5.55021 1.81448e-19)
(-7.28505 1.31303 0)
(-2.09121 4.2001 -9.2237e-19)
(26.525 3.10386 1.24352e-18)
(30.4013 7.70453 -1.17476e-17)
(24.322 2.59839 -1.68831e-18)
(26.7995 2.4564 0)
(30.7399 6.52555 -5.59097e-18)
(24.2093 2.3506 -1.8249e-18)
(25.9594 3.07868 0)
(28.0491 3.648 3.01865e-18)
(28.6401 4.33088 3.78253e-18)
(2.16861 0.651041 -1.04107e-18)
(26.807 2.51263 1.51926e-18)
(27.9792 4.02997 3.0809e-18)
(28.7458 4.34714 0)
(29.4671 6.30366 0)
(30.371 7.72294 -5.761e-18)
(-7.1069 -3.55509 0)
(-9.04815 -1.43051 0)
(28.0583 4.02829 -3.0815e-18)
(28.9727 4.84903 4.58733e-18)
(-1.43484 1.26011 1.55305e-17)
(24.2944 2.37122 -5.28307e-20)
(29.6161 3.63963 -4.5948e-18)
(26.0594 2.73911 0)
(6.34898 0.662173 -3.23108e-20)
(26.0923 2.71358 2.12324e-20)
(26.1551 2.87468 -7.60155e-19)
(28.1835 4.65692 -3.18536e-18)
(25.8463 2.3191 -3.47987e-19)
(27.5888 3.5972 -7.80365e-20)
(27.4162 2.91758 0)
(-9.89068 -4.31818 1.11741e-18)
(13.4888 2.92089 -4.97624e-18)
(28.6021 3.54395 3.83427e-18)
(30.5057 7.71848 4.1033e-18)
(29.6313 6.59955 5.17938e-18)
(27.7292 3.76922 -2.756e-18)
(-9.9274 -3.65788 4.1943e-18)
(-1.87378 -0.73665 8.18189e-18)
(-4.94181 1.39134 0)
(20.1606 3.71731 0)
(19.2127 3.58223 -9.3026e-18)
(19.4442 3.51838 -1.54686e-17)
(28.353 4.28936 -3.54881e-18)
(-3.20174 4.16088 0)
(-9.42945 -4.46348 -8.69084e-19)
(29.6569 7.82536 -2.61923e-18)
(-9.6136 -4.32186 -4.12002e-18)
(20.1163 3.89315 0)
(24.4444 1.79973 -2.93185e-18)
(-8.70831 -0.274761 0)
(5.61906 0.505392 0)
(-4.54759 3.94922 8.39033e-18)
(24.5787 1.57652 -1.34082e-18)
(26.5144 2.95231 3.62837e-20)
(25.9214 3.05712 -3.7847e-19)
(29.9207 8.21313 4.97225e-18)
(30.2954 8.74164 0)
(-9.37005 -4.20019 0)
(27.4155 3.8098 0)
(-1.65409 5.16642 0)
(26.4009 2.69862 0)
(29.824 8.22857 -4.58197e-18)
(25.8878 2.33632 0)
(-2.16521 3.99093 -2.78528e-18)
(28.1047 4.63555 3.55723e-18)
(26.7738 3.02029 0)
(1.89833 2.69329 -3.89086e-18)
(-2.96864 3.49576 -3.73639e-18)
(29.3176 5.0186 -4.44199e-18)
(27.9281 3.03968 2.73075e-18)
(30.8755 5.97301 0)
(24.6183 1.74708 3.87406e-20)
(11.579 2.36602 -4.89555e-18)
(28.5984 4.2263 0)
(24.6377 1.67749 -1.24635e-18)
(-6.85537 -3.36458 0)
(24.5871 1.61904 0)
(-9.53614 -4.31278 -3.5676e-18)
(27.4037 3.32992 0)
(-3.33192 4.32018 9.64256e-21)
(25.8966 3.07938 3.8004e-19)
(28.5684 5.78507 0)
(1.39075 5.23859 0)
(26.9043 2.50493 5.29014e-20)
(-4.74767 4.34968 -4.84771e-18)
(18.5272 5.60098 -3.90465e-18)
(27.1725 7.38451 -2.45063e-19)
(30.5146 6.18035 -5.69505e-18)
(0.16282 5.09341 3.53979e-18)
(8.80684 1.70348 1.36296e-18)
(1.3493 5.11292 6.76002e-18)
(25.3217 12.9099 0)
(24.6267 1.6355 1.27638e-18)
(-2.98198 -2.63147 0)
(30.5503 6.31778 5.47653e-18)
(-5.73812 -2.15153 0)
(25.7074 2.76378 4.01708e-21)
(24.269 2.40254 -5.57054e-20)
(26.3769 2.18568 -1.04111e-18)
(-4.58606 4.36211 0)
(-0.420777 4.85757 0)
(28.5272 3.45536 -1.12729e-19)
(-9.84752 -4.20393 -1.13083e-18)
(28.4982 4.21727 0)
(28.405 2.99767 -3.39047e-18)
(28.5489 5.88627 -4.03248e-18)
(27.3608 3.81855 -2.28994e-18)
(-7.41017 0.983921 -4.00149e-18)
(-8.93422 -3.74795 0)
(-7.59065 1.30979 0)
(26.3908 2.23565 -1.01189e-18)
(0.734861 0.859417 5.10714e-18)
(26.7382 2.6869 -1.44139e-18)
(-1.11482 -1.08641 0)
(28.445 4.29998 3.41891e-18)
(21.5105 6.17582 0)
(25.9942 2.78784 -5.21425e-19)
(26.5097 3.32225 0)
(24.6079 1.70433 4.10403e-20)
(25.9711 2.85649 -1.62713e-20)
(27.0407 3.34291 1.91214e-18)
(25.8588 3.05865 3.06879e-19)
(-4.16355 -1.90894 5.27806e-18)
(29.388 3.37637 4.67054e-18)
(-4.73126 4.1879 1.3804e-18)
(24.8745 1.76919 2.80499e-20)
(24.4347 1.91513 -1.5759e-18)
(26.698 2.71645 1.44621e-18)
(27.541 3.54237 7.80365e-20)
(7.0682 4.12686 0)
(30.6646 5.04387 -5.80149e-18)
(27.3273 3.47632 4.31374e-18)
(-6.04938 0.00273057 -3.87683e-18)
(26.6712 2.55131 -1.3713e-18)
(29.7291 8.01105 0)
(-8.72904 -0.560095 4.88943e-18)
(27.5331 2.77804 2.36651e-18)
(-9.34292 -4.41535 3.89778e-18)
(14.0806 3.94255 -4.33242e-18)
(25.8213 6.49463 -8.69874e-18)
(28.9517 3.47018 0)
(-7.76941 -3.45182 -1.0913e-20)
(0.204497 5.33803 3.47845e-18)
(-8.99442 -3.95956 -4.8688e-18)
(0.874992 3.11753 -4.10469e-18)
(27.7261 2.89914 0)
(25.8347 2.27493 7.10411e-19)
(24.4545 1.84309 2.9979e-18)
(-1.25252 -0.0967022 1.3293e-17)
(27.6544 3.58098 0)
(28.8945 4.48569 4.27698e-18)
(27.8545 3.07504 -2.92192e-18)
(29.821 6.79532 7.30259e-19)
(28.3136 4.19781 0)
(29.6163 4.4268 -1.56114e-19)
(-3.08223 3.44449 -8.09764e-18)
(27.6557 3.96759 -1.12683e-19)
(11.3506 2.35773 5.3587e-18)
(-9.26552 -4.30441 0)
(25.7934 2.25832 0)
(30.1131 6.81587 5.77952e-18)
(27.5047 3.42353 2.29679e-18)
(18.9287 3.92177 -9.75621e-18)
(24.4681 1.56899 0)
(26.0247 2.10128 -1.72317e-20)
(24.308 1.87192 1.70317e-18)
(7.91989 1.53179 0)
(-8.21497 -4.02682 3.30689e-18)
(-4.53506 4.16344 -1.4832e-18)
(27.0907 3.32295 0)
(26.4466 3.09743 1.09523e-18)
(29.8509 5.77391 5.335e-18)
(28.9142 3.59066 0)
(27.1357 3.36435 0)
(24.0895 2.24471 1.98843e-18)
(29.6309 5.71305 0)
(24.8163 2.19481 0)
(0.828829 2.75297 -4.30827e-18)
(27.5546 3.47567 -2.44064e-18)
(30.4004 4.69743 0)
(-7.63307 -1.43962 -3.86898e-18)
(26.7768 3.34301 1.49487e-18)
(-0.662537 -1.1867 -2.47051e-20)
(-1.00467 -1.14918 1.31963e-17)
(26.4148 2.56991 0)
(29.569 4.26134 0)
(26.9968 3.30359 -1.85488e-18)
(-8.67947 -4.05343 1.06147e-18)
(9.31136 5.39806 -3.29247e-18)
(7.2417 1.34655 0)
(28.5516 3.35232 0)
(-1.41573 4.43316 4.26008e-18)
(13.5916 2.90573 -4.59703e-18)
(0.735354 4.49983 0)
(-5.99872 2.55781 -3.8886e-18)
(28.7299 6.70061 6.02034e-18)
(-9.3991 -4.31557 0)
(24.0989 1.50116 -4.01414e-18)
(-3.96958 3.88154 4.61755e-18)
(-2.83741 3.15644 0)
(1.95514 3.04783 3.75041e-18)
(2.67551 0.00686457 -5.91992e-18)
(-1.1723 0.866957 -3.2853e-18)
(-9.11371 -4.63682 -1.91162e-18)
(24.9958 1.96283 0)
(25.8439 2.75261 3.38549e-19)
(-8.84397 -3.82409 4.0878e-18)
(-0.935503 1.98817 0)
(25.7086 1.95457 -2.07811e-19)
(3.03509 1.98424 -7.56233e-18)
(26.2046 2.03998 0)
(26.8314 2.36556 0)
(1.86803 4.85787 -3.37693e-18)
(27.3375 3.41416 -2.21381e-18)
(26.8918 2.17227 0)
(27.5119 2.55786 0)
(25.533 1.96849 5.70695e-20)
(-10.0017 -4.07294 -4.45206e-18)
(25.2937 1.88466 3.57616e-19)
(25.7378 1.92663 1.18909e-21)
(-1.98348 -0.902388 4.08821e-18)
(26.4457 2.72307 0)
(26.3911 2.64874 -3.14913e-20)
(24.0536 1.48316 -2.00956e-18)
(27.1886 3.34419 6.44565e-20)
(3.13619 0.382068 1.27143e-17)
(26.8175 3.3789 1.60627e-18)
(26.3129 2.92135 3.00178e-20)
(28.4325 5.56354 0)
(-6.41082 2.52901 0)
(26.8194 3.05267 0)
(28.7431 3.40502 0)
(26.6553 2.44173 -1.33553e-18)
(26.1379 2.56766 2.32364e-20)
(-9.54398 -4.37694 4.42846e-18)
(26.5433 3.30273 0)
(25.9181 2.58843 -1.43144e-20)
(-2.88168 3.73556 3.65376e-18)
(30.4777 8.22917 5.41088e-18)
(27.6167 3.7205 0)
(-2.25958 2.42252 -8.61637e-18)
(24.7937 2.33274 0)
(-8.55918 -0.462944 -4.07677e-18)
(-8.34092 -3.49774 -3.32917e-18)
(-6.25324 -1.61816 9.84021e-19)
(-6.1188 -2.40727 -3.97686e-18)
(30.7097 7.89104 1.40578e-18)
(25.5058 1.99652 0)
(-2.6462 4.35174 0)
(27.8227 3.68683 2.85436e-18)
(20.8281 5.01226 3.7788e-18)
(23.315 2.28602 9.45006e-20)
(25.669 2.74542 -1.01432e-19)
(-7.70965 1.61279 3.22076e-18)
(29.7067 7.99459 1.96026e-18)
(22.2312 2.23873 4.80881e-18)
(26.3128 2.47633 9.37523e-19)
(-2.15443 2.34172 8.11765e-18)
(-0.564175 2.20467 0)
(27.3728 3.52494 2.37628e-18)
(30.6863 10.2673 0)
(10.434 1.89857 3.2875e-20)
(-1.66905 1.05505 -1.92523e-17)
(27.3585 2.87821 2.17755e-18)
(27.5715 3.66319 2.47463e-18)
(27.0054 3.07201 -5.51664e-20)
(26.1063 2.59477 2.02198e-20)
(-1.96178 4.56382 0)
(28.0114 3.49805 2.99869e-18)
(26.2786 2.50524 -8.80651e-19)
(26.1588 2.14965 -7.71508e-19)
(25.421 1.81323 0)
(-5.31883 -2.05807 3.98419e-18)
(24.4234 1.87174 -1.4608e-18)
(27.1885 2.77314 -2.04076e-18)
(7.79438 5.43853 -3.21335e-18)
(-10.3585 -4.59977 -4.08694e-18)
(-0.643862 -1.11691 -1.1543e-20)
(-4.58704 -2.12975 -5.3599e-18)
(10.1059 5.33583 4.03149e-18)
(-2.50793 4.66808 3.60792e-18)
(4.57188 0.787294 0)
(18.7839 4.336 0)
(-0.397387 5.21481 0)
(26.4506 2.54074 0)
(-6.11785 -3.37914 -3.72079e-18)
(5.3152 5.11798 7.80268e-19)
(26.9839 2.77126 -1.73704e-18)
(24.7191 1.8615 0)
(24.709 1.81962 3.65934e-20)
(26.2572 2.58236 -8.75335e-19)
(24.089 1.79953 -1.96786e-18)
(24.8712 2.24974 0)
(26.3776 3.13959 -9.85006e-19)
(25.8874 2.61453 0)
(23.4432 2.25485 -9.11774e-20)
(7.02051 5.41749 -3.26312e-18)
(5.21856 4.95552 2.35021e-18)
(30.9062 5.95332 -5.69753e-18)
(30.5196 8.30518 5.05789e-18)
(7.6472 1.4554 -5.85779e-18)
(28.3349 3.77275 -1.04913e-19)
(-10.2022 -4.5291 8.07211e-18)
(10.77 2.01426 -4.27885e-18)
(-5.10237 4.16102 -1.29446e-18)
(30.7252 7.79851 0)
(27.2348 3.38791 -2.15534e-18)
(24.4757 1.77152 1.52417e-18)
(24.3621 2.35119 4.99659e-20)
(27.6093 4.42261 2.53786e-18)
(26.5362 2.77221 1.24708e-18)
(29.6754 7.979 0)
(-1.37189 4.42524 -2.75371e-18)
(-7.84779 0.645778 3.98038e-18)
(-3.67662 3.21306 0)
(0.149246 -0.0795071 4.42607e-18)
(5.67128 0.99158 0)
(0.745419 1.98337 0)
(-8.56979 -2.17861 3.93923e-18)
(24.9069 2.15337 -2.66281e-20)
(18.4894 7.45091 9.40521e-18)
(-2.78249 4.96902 -3.73673e-18)
(11.0839 2.31834 5.84842e-18)
(7.10382 0.852487 -3.92163e-18)
(25.9849 3.05635 -4.84005e-19)
(1.98366 -0.0992248 -6.35007e-18)
(26.7052 2.46534 0)
(29.1813 3.55228 0)
(-1.08483 -0.55424 -4.31126e-18)
(20.2227 4.80522 0)
(18.7569 7.34869 1.85271e-19)
(24.6691 1.80466 -1.25304e-18)
(-5.14769 -2.27088 0)
(28.7406 4.65132 -4.06496e-18)
(19.4276 7.31186 8.35555e-18)
(-2.51961 4.95578 -3.94292e-18)
(28.4123 2.67325 -7.69692e-19)
(23.2131 2.36956 3.28658e-18)
(27.4983 2.48855 0)
(-9.10959 -4.58039 1.84847e-18)
(25.2668 1.91212 0)
(24.4604 2.41478 -1.43952e-18)
(-6.78743 1.64491 0)
(24.2356 2.3188 0)
(26.3693 2.54739 1.68142e-20)
(24.3425 2.6384 1.68406e-18)
(24.9137 1.78369 -8.80678e-19)
(24.8634 1.72782 2.99561e-20)
(26.5819 2.79884 -3.88224e-20)
(25.6916 2.83027 0)
(11.8364 2.27399 4.07607e-18)
(26.2902 2.55413 9.35422e-19)
(23.5187 1.35797 -7.16344e-19)
(0.0102593 -0.992906 0)
(25.184 2.25283 0)
(12.9142 2.62856 0)
(-2.32096 3.52255 3.6901e-18)
(27.431 3.75102 2.40325e-18)
(24.7441 2.74057 -3.68107e-20)
(-1.40295 -0.503301 3.99956e-18)
(26.2472 2.35879 9.10952e-19)
(7.70507 1.19231 9.08325e-18)
(26.2026 2.33958 -2.60615e-20)
(29.7974 8.01996 4.16214e-18)
(28.3009 3.85941 3.31028e-18)
(27.0942 2.89774 1.9336e-18)
(28.1305 3.63053 -3.19751e-18)
(26.5079 2.6155 0)
(31.0334 5.30282 5.82407e-18)
(7.41663 1.26536 -1.01117e-17)
(7.36807 0.934706 -4.05879e-18)
(26.1339 2.73526 -3.83536e-20)
(24.6076 2.42006 -1.27325e-18)
(27.6844 4.36522 0)
(29.8177 5.00081 -8.43176e-21)
(24.1666 2.34033 0)
(-9.23387 -2.10367 0)
(14.9276 3.30759 -4.69168e-18)
(23.5288 1.4147 -2.89287e-18)
(15.3709 3.35093 -8.29119e-18)
(25.7185 2.80599 0)
(27.3952 3.3944 0)
(28.5683 3.64579 -3.5661e-18)
(23.4577 1.28005 2.89101e-18)
(-0.859214 -1.10731 -1.09327e-20)
(12.5102 2.49512 4.12126e-18)
(16.5701 3.81677 0)
(27.9087 2.52774 -2.87645e-18)
(25.6461 2.50771 1.73105e-21)
(24.2771 1.90185 -3.48254e-18)
(27.4624 3.30726 0)
(24.8854 2.29087 0)
(3.02662 4.72645 3.58958e-18)
(12.6776 2.55242 -6.35886e-18)
(27.5023 7.26801 -3.94349e-18)
(26.9578 2.53165 -1.80733e-18)
(2.99951 4.54201 3.65765e-18)
(-4.21736 4.51789 0)
(2.2176 5.52003 0)
(26.3072 2.8738 9.50662e-19)
(-9.93383 -4.43254 -4.08869e-18)
(26.3708 3.09196 1.06019e-18)
(28.1993 6.78108 0)
(1.15355 0.803542 0)
(29.8977 8.05132 -5.18951e-18)
(4.71807 0.834592 -6.54988e-18)
(24.3603 1.6062 0)
(29.0798 5.54235 4.40778e-18)
(29.7697 8.00923 0)
(13.3089 3.62414 -4.49892e-18)
(24.4034 2.36243 -1.61253e-18)
(25.2098 2.22592 0)
(-0.0354249 4.28123 -3.65756e-18)
(28.3192 2.93605 3.23322e-18)
(29.7147 7.99765 -3.92719e-18)
(31.2091 3.75016 -1.11609e-17)
(-8.39503 0.732909 0)
(27.7213 3.96413 -2.76028e-18)
(26.329 2.16778 9.36826e-19)
(22.7428 5.62205 -3.37885e-18)
(28.4827 4.39603 1.13124e-19)
(-9.91331 -3.66685 -8.69857e-18)
(29.0506 7.73642 5.91227e-18)
(24.8312 2.23608 1.00685e-18)
(27.1525 3.05723 1.93934e-18)
(30.5607 8.32568 -2.91725e-18)
(27.3534 3.28331 0)
(19.1647 3.8244 2.47084e-18)
(3.12287 1.1035 3.95319e-18)
(3.74288 2.16726 4.47403e-18)
(27.036 2.80319 -1.8622e-18)
(24.6587 1.76239 -3.87406e-20)
(-8.79951 -1.84603 4.0426e-18)
(24.5078 1.58581 0)
(24.8928 2.11203 -2.8761e-20)
(23.085 2.41129 -1.04399e-19)
(27.8584 4.6458 2.964e-18)
(-1.86705 2.50622 -6.87413e-18)
(28.2119 5.14799 6.98573e-18)
(26.4707 3.29227 -1.09081e-18)
(27.8819 4.71703 0)
(1.27749 2.16143 -4.29622e-18)
(-3.40255 3.92246 3.6705e-18)
(27.2395 3.6742 -2.09365e-18)
(25.9512 2.92417 -4.57432e-19)
(27.7922 2.94571 -2.752e-18)
(27.1839 2.70957 1.97202e-18)
(30.4372 8.23164 -5.13646e-18)
(5.37296 4.74315 3.65701e-18)
(0.10821 -0.739859 0)
(30.3723 8.11532 -1.13172e-18)
(20.2615 3.74158 7.45197e-18)
(-4.63015 4.4449 0)
(30.7644 7.8927 -7.09161e-18)
(2.41626 2.14147 4.9007e-18)
(19.1751 3.4381 9.26051e-18)
(30.8033 4.58928 5.59486e-18)
(-8.11872 1.31813 -5.6314e-18)
(0.690593 4.87873 0)
(30.3601 8.74726 0)
(11.3605 2.13385 3.23088e-18)
(30.8115 8.39594 9.69408e-19)
(27.0669 2.58538 1.8256e-18)
(24.4858 2.38499 4.47742e-20)
(23.2376 2.32546 -3.08223e-18)
(28.2026 5.05985 -6.88806e-18)
(26.1891 2.11779 7.93763e-19)
(-1.37533 0.149669 -9.71726e-18)
(26.4402 2.48986 1.09496e-18)
(-0.853568 -1.24293 1.88336e-17)
(29.8068 8.21021 -9.03236e-18)
(29.7596 5.65882 -5.50903e-18)
(0.146031 0.444075 4.30105e-18)
(16.8244 3.76592 3.06647e-18)
(0.591705 -0.606372 -1.77749e-18)
(-10.3814 -4.53557 -4.16585e-18)
(29.532 5.6123 0)
(25.8747 2.72779 0)
(30.5115 7.01567 5.33883e-18)
(24.5397 1.56051 0)
(29.9566 8.20868 -6.36725e-19)
(27.6834 3.70802 2.65635e-18)
(28.3002 4.36072 0)
(3.34672 5.27683 3.21571e-18)
(26.4783 2.45952 -1.12494e-18)
(-8.76616 -1.56152 1.26202e-18)
(3.92188 3.42531 0)
(26.2367 2.92064 2.69699e-20)
(26.7874 2.71471 0)
(6.17015 4.90861 -3.6565e-18)
(-4.23805 -2.41605 0)
(0.724847 5.03919 -6.99695e-18)
(30.2576 8.79148 0)
(7.01917 3.92026 3.08034e-18)
(18.9267 4.52773 0)
(-9.21941 -3.72361 0)
(24.7589 1.87618 -1.06909e-18)
(30.853 5.24649 -5.7925e-18)
(27.7996 3.75821 2.83263e-18)
(29.8934 8.0001 -1.12396e-18)
(25.1252 1.78843 0)
(18.2483 4.16483 0)
(26.268 2.63063 9.01895e-19)
(27.2901 3.36785 0)
(-10.0642 -4.04686 4.15328e-18)
(25.8532 2.79588 -1.48549e-20)
(21.4415 5.29 0)
(24.2781 2.02094 0)
(-1.15147 -0.400094 -1.34313e-17)
(27.5965 2.81824 0)
(30.7027 7.84838 1.38254e-18)
(8.25493 4.9725 2.81683e-18)
(8.67612 1.55241 4.85961e-18)
(-8.37 0.697933 0)
(25.0005 2.22281 -2.45089e-20)
(-0.423272 -1.15815 -7.72427e-18)
(25.3253 12.7645 2.48544e-18)
(28.9718 4.39437 -4.13976e-18)
(26.4951 2.13835 -6.24319e-20)
(24.5586 1.9579 -1.40152e-18)
(-4.81724 1.71773 -3.76241e-20)
(1.2388 4.7801 3.47802e-18)
(-10.1723 -4.67311 3.90862e-18)
(24.8414 2.1671 9.75524e-19)
(25.8938 2.05517 -4.37625e-19)
(28.2247 4.19268 0)
(23.2899 2.23926 0)
(24.4958 1.85785 1.42366e-18)
(27.1428 2.86777 -1.86412e-18)
(29.714 8.00417 0)
(30.116 7.99867 1.2748e-18)
(-0.624188 -0.851473 8.88758e-18)
(-2.01459 5.00618 0)
(9.11645 1.79174 9.75569e-18)
(24.2512 2.05193 -5.62075e-20)
(23.5016 1.50371 0)
(-4.59567 3.62485 -3.38744e-20)
(24.5473 1.91542 -1.34048e-18)
(-7.98149 1.32462 -7.74661e-19)
(16.9451 3.89205 4.5944e-18)
(-1.77797 2.09083 -7.39876e-18)
(23.3928 2.24902 9.11775e-20)
(24.7495 1.98691 2.19381e-18)
(28.6857 5.33004 -3.03182e-18)
(25.6682 1.94121 -1.12001e-19)
(13.6518 2.86157 4.23124e-18)
(24.2036 1.91864 1.8093e-18)
(0.909542 -0.7934 5.79839e-18)
(25.2031 12.9766 0)
(3.1016 4.80079 3.26827e-18)
(25.1636 1.80231 0)
(23.0094 2.45787 -1.07689e-19)
(29.7681 8.00987 3.88526e-18)
(24.9532 2.60108 0)
(3.02308 5.45576 0)
(29.6954 7.98759 4.23582e-18)
(23.946 2.29259 0)
(27.2304 3.73089 0)
(-5.98289 -3.21837 0)
(27.9322 2.95697 2.82143e-18)
(25.9222 2.02504 0)
(28.5012 4.03492 3.59244e-18)
(28.4961 2.94713 1.10311e-19)
(7.00812 1.27672 0)
(26.7117 2.26521 2.81602e-18)
(25.0158 2.58771 3.23374e-20)
(-5.7185 -2.33292 7.52286e-18)
(25.1592 6.46195 3.75675e-18)
(23.212 2.18672 6.38761e-18)
(29.7052 7.99771 0)
(4.00873 0.524243 -4.48012e-18)
(27.3036 2.9101 -3.07967e-20)
(25.4373 2.00983 -6.3125e-21)
(21.0072 5.06833 -4.07641e-18)
(8.40627 1.45717 9.45843e-18)
(3.68697 4.65759 0)
(24.0286 1.56237 0)
(14.0006 3.0749 -5.13267e-18)
(-1.73817 1.36911 1.17832e-19)
(6.88424 1.3564 0)
(28.8225 7.67677 -5.84966e-18)
(30.1929 8.06891 -4.55728e-18)
(27.9816 2.5662 5.84335e-18)
(-3.98596 4.57744 3.80544e-18)
(23.901 2.28348 2.26842e-18)
(26.2773 2.94517 -2.69699e-20)
(27.3424 2.6057 -2.20898e-18)
(24.5886 1.77428 4.17662e-20)
(27.9369 3.95665 0)
(26.1865 3.05914 -7.40078e-19)
(28.0053 2.91664 -2.89446e-18)
(0.00430106 4.10995 8.01495e-18)
(23.2895 2.32903 -9.78102e-20)
(27.0524 3.16731 -1.80101e-18)
(3.20674 0.858379 -3.97351e-18)
(9.864 1.70105 -4.14221e-18)
(25.0541 2.60152 -7.14665e-19)
(30.1114 8.01864 -5.73793e-18)
(28.9887 4.97145 4.22426e-18)
(10.7014 2.02195 0)
(25.3473 2.67693 -1.17653e-20)
(27.4748 2.88447 0)
(29.538 6.41774 0)
(25.4215 2.45235 0)
(29.686 7.99753 5.71835e-18)
(29.3077 5.44034 -4.671e-18)
(28.8677 4.802 -4.25725e-18)
(26.0544 2.07024 2.02872e-20)
(3.32036 3.61552 3.42032e-18)
(-7.58442 1.89788 -3.19599e-18)
(24.0438 1.78492 0)
(6.34657 4.25659 0)
(-6.22843 3.39021 0)
(27.1989 3.62679 2.00673e-18)
(10.8394 1.94247 3.88045e-18)
(0.359757 0.194012 0)
(25.9423 2.39892 -1.40402e-20)
(3.41505 5.38365 3.25592e-18)
(24.5825 2.44908 2.64066e-18)
(24.8281 1.86391 0)
(30.3802 8.14419 -1.12112e-18)
(-10.2341 -4.22607 4.20604e-18)
(-4.96729 -1.828 3.53156e-18)
(11.469 2.15021 0)
(-4.08917 4.4707 -2.78556e-20)
(1.5023 -0.658007 -5.47668e-18)
(3.81122 4.90128 0)
(26.7715 2.96607 0)
(-6.75303 -2.65621 0)
(25.1812 2.5777 5.0026e-19)
(29.7213 8.00854 0)
(-7.04462 0.988073 7.7438e-18)
(-7.48038 1.28661 0)
(29.8071 8.02634 7.11184e-21)
(25.1446 2.23834 0)
(-6.66263 1.95392 3.87644e-18)
(1.83228 2.85576 0)
(-2.08023 -0.693693 3.82728e-18)
(25.5885 2.18012 4.34551e-20)
(25.5996 2.22267 -1.9307e-20)
(2.00313 -0.502057 -5.57676e-18)
(3.81943 5.0528 3.52391e-18)
(26.9895 7.10054 3.85025e-18)
(23.2397 2.1427 -3.27948e-18)
(-1.08793 -0.270686 0)
(25.0387 2.12719 7.1636e-19)
(24.7392 1.94517 -1.09343e-18)
(27.2975 3.30562 -6.64966e-20)
(24.1218 1.76813 1.90174e-18)
(24.393 1.57843 0)
(25.6273 2.83623 0)
(23.4672 1.33632 7.16344e-19)
(25.6066 2.49075 -1.73106e-21)
(-0.286278 -0.759621 0)
(13.6534 2.79298 3.87412e-18)
(25.5425 2.65154 -2.63945e-21)
(25.7264 2.69669 -1.87061e-19)
(24.7053 2.72927 3.68106e-20)
(23.5528 1.52326 -2.76194e-18)
(28.1384 3.20578 -3.11203e-18)
(-9.65463 -4.48857 3.653e-18)
(25.3731 2.6526 -3.0422e-19)
(30.4552 8.22468 -1.076e-18)
(23.35 5.82897 3.49257e-18)
(26.0505 3.05641 0)
(30.1218 8.10101 2.31708e-20)
(8.15073 4.79576 3.85531e-19)
(26.3578 2.49772 -2.03458e-18)
(26.864 3.19579 -1.5761e-18)
(4.02757 0.806779 8.32319e-18)
(27.1139 2.20139 -1.88443e-18)
(26.5923 2.61055 -1.30581e-18)
(26.8145 2.94019 0)
(27.0051 3.12992 -5.70925e-20)
(9.54856 1.59205 0)
(25.3857 1.95422 -2.35901e-19)
(24.9564 1.94851 8.27787e-19)
(20.222 4.9288 1.19933e-18)
(26.0378 2.1471 -1.94564e-20)
(25.1143 1.74726 0)
(25.3383 2.52996 3.51995e-19)
(22.6996 0.918645 0)
(29.7628 7.21248 0)
(-3.23647 4.30629 0)
(2.43348 4.73386 -2.52059e-18)
(29.8936 7.07812 5.68259e-18)
(22.1167 5.42075 4.51785e-18)
(24.9295 2.62811 -8.71033e-19)
(25.7361 2.73916 1.79903e-19)
(24.6392 1.83183 1.21993e-18)
(6.07102 5.15279 0)
(24.8382 1.90531 1.01579e-18)
(23.1031 1.30763 -4.26119e-18)
(1.04952 2.83144 -3.92029e-18)
(-6.48331 -2.65155 -3.7378e-18)
(23.2421 2.6376 -7.62357e-19)
(-0.893852 -1.04082 0)
(26.535 2.53387 -3.90572e-20)
(28.6568 3.31444 0)
(29.6412 6.11606 0)
(24.7794 6.85823 -3.83742e-18)
(-1.01636 -0.660118 -8.91085e-18)
(24.5313 1.51889 -9.26449e-20)
(-8.0617 -3.324 0)
(29.3132 6.08136 -4.77908e-18)
(20.9837 5.17565 -1.22678e-18)
(-7.62568 -3.58184 -1.05649e-18)
(23.7905 1.79591 2.22893e-18)
(29.5914 3.32495 -6.25726e-19)
(24.0701 1.87744 0)
(27.0495 3.22536 1.8552e-18)
(29.9955 5.70989 0)
(24.3844 1.53507 -1.04084e-19)
(25.0258 2.19564 0)
(11.7496 2.33717 0)
(9.15763 1.71195 -2.99659e-20)
(23.0592 1.34683 3.45635e-18)
(29.8106 8.00711 0)
(11.7515 5.36679 3.21708e-18)
(2.45013 2.49333 2.86264e-18)
(24.5296 1.98629 1.40837e-18)
(25.399 1.88539 -2.14143e-19)
(29.8622 8.01372 3.3028e-18)
(1.7381 0.668463 3.07477e-18)
(24.7659 2.77991 0)
(30.3858 8.10569 0)
(23.6054 2.1037 7.9655e-20)
(1.55239 5.48219 0)
(-3.48734 3.47195 0)
(24.4028 1.78453 -6.05118e-20)
(23.1081 1.51846 -2.69643e-18)
(24.2006 6.19588 1.1221e-18)
(13.3679 2.91201 -4.05815e-18)
(24.4049 1.94413 1.53404e-18)
(25.9021 2.85952 3.98482e-19)
(-8.48937 -4.04348 5.31537e-18)
(9.65662 1.93414 -5.58562e-18)
(26.1725 2.0712 0)
(24.5985 1.81693 1.31162e-18)
(25.3594 2.71539 3.42403e-19)
(30.4095 7.9148 -5.05738e-18)
(25.6903 2.13994 1.39608e-19)
(24.6474 2.43224 -3.96953e-20)
(24.0249 1.86374 0)
(-9.91651 -4.43575 -3.25991e-18)
(24.0172 1.51362 2.07148e-18)
(23.2661 2.59732 0)
(26.3735 2.77479 1.36856e-20)
(-1.02022 -1.0044 -7.23842e-18)
(26.25 3.01531 8.55065e-19)
(-3.96652 0.784734 -3.96271e-18)
(31.0631 5.35476 1.81772e-19)
(25.3332 1.89859 1.04605e-20)
(25.68 2.09721 -1.57939e-19)
(25.0055 2.00375 0)
(30.5324 8.24179 1.06631e-18)
(24.6068 2.30961 0)
(-8.37341 -3.68474 -7.97674e-18)
(20.704 0.730672 8.88308e-18)
(-9.90445 -4.01275 -4.05199e-18)
(24.5477 1.75904 1.32796e-18)
(26.0667 1.99393 -6.76624e-19)
(26.7958 2.77073 -4.90063e-20)
(24.2186 1.96336 -1.82553e-18)
(-9.80172 -4.36494 4.02374e-18)
(23.2374 2.23446 -3.18259e-18)
(25.3108 2.5558 -3.55624e-19)
(9.26442 1.86637 0)
(24.8456 2.38665 0)
(23.1478 1.48164 3.26228e-18)
(0.257232 1.39423 -6.69972e-20)
(27.704 3.28931 0)
(30.4365 8.11952 0)
(25.9231 2.94752 1.63494e-20)
(6.18667 1.18581 1.86077e-18)
(14.8879 3.19251 4.01813e-18)
(23.5552 2.09487 -8.42176e-20)
(22.2584 2.17957 -4.57174e-18)
(19.877 2.15686 0)
(30.4177 8.19906 -1.09098e-18)
(-8.58424 -4.44183 0)
(25.9805 2.08524 5.20463e-19)
(30.759 10.386 -3.41092e-18)
(-7.48417 -2.04191 0)
(26.0197 2.92234 5.49911e-19)
(23.9358 1.96423 -6.77e-20)
(24.3016 2.1825 -1.6462e-18)
(29.0121 7.39226 5.52971e-18)
(7.90472 1.55714 0)
(26.4263 6.90923 1.00778e-17)
(-2.58496 4.99637 0)
(30.2033 8.16204 0)
(20.7472 0.849603 -7.05347e-18)
(23.4033 2.51896 0)
(21.9051 5.47883 -4.04033e-18)
(26.855 2.27191 0)
(15.445 3.42547 -2.9102e-18)
(29.6988 7.99459 0)
(-0.980676 -1.22458 -2.36458e-17)
(25.9899 2.94577 -5.02532e-19)
(30.2223 8.2076 -3.8766e-18)
(29.8487 6.20008 1.72694e-19)
(12.5186 2.42459 -7.47108e-18)
(-0.856181 -1.27348 1.67875e-18)
(20.0332 2.69654 0)
(7.97966 4.22789 -7.63059e-19)
(5.31895 1.02653 0)
(29.101 5.16001 1.295e-19)
(23.8239 1.76105 0)
(28.495 5.72018 -2.46131e-19)
(9.09084 5.03376 8.25004e-21)
(-0.675011 -0.28794 0)
(29.5157 6.14028 5.29009e-18)
(23.4671 2.30061 0)
(5.54152 1.08048 -8.70532e-18)
(26.838 2.1529 0)
(25.5782 2.51679 -3.18579e-21)
(0.796888 5.27661 -3.41167e-18)
(18.8443 3.57362 -8.00553e-18)
(14.4356 3.07114 3.07736e-18)
(28.0926 7.38561 4.61639e-18)
(24.3466 2.71007 -3.45931e-18)
(-3.27345 -1.44426 1.04042e-18)
(25.012 2.15434 -6.94445e-19)
(6.09954 5.40865 3.48433e-18)
(26.4391 2.25462 0)
(23.4705 2.21415 -8.78718e-20)
(22.9213 2.41191 1.11464e-19)
(-8.32302 0.520923 1.16254e-17)
(24.8497 1.64422 -9.35972e-19)
(21.8987 5.45488 -1.14347e-18)
(27.0532 3.0464 -5.88378e-20)
(26.7983 7.04816 4.14475e-18)
(27.9663 4.81116 -6.45216e-18)
(26.86 3.36007 -1.60094e-18)
(25.4272 1.85976 0)
(25.9843 1.96407 0)
(-0.814624 -0.72247 0)
(27.0597 2.52443 0)
(23.8362 2.23045 -2.35375e-18)
(30.4863 7.7841 6.89244e-19)
(29.837 8.11329 -4.68483e-18)
(24.8814 2.18094 0)
(24.7686 6.38753 3.51961e-18)
(26.4992 2.32562 1.15582e-18)
(26.0396 3.01236 5.92625e-19)
(25.5019 2.84875 0)
(-1.51695 0.647769 0)
(30.6652 8.35594 9.74643e-19)
(17.2504 4.0279 0)
(23.3855 6.27209 8.08041e-18)
(23.317 2.37482 -9.44089e-20)
(25.5172 2.03838 0)
(29.2022 5.36249 9.41603e-18)
(23.1705 5.87197 -1.21844e-18)
(20.0426 2.57213 -1.97086e-18)
(30.284 5.85488 0)
(23.5033 1.2434 -5.5793e-18)
(19.9417 2.50176 -8.16994e-18)
(14.8906 3.17725 0)
(24.3179 1.58944 0)
(24.2339 1.88787 -1.7489e-18)
(24.22 2.27659 -1.80425e-18)
(26.8189 3.21738 0)
(-1.57057 3.79083 3.72894e-18)
(27.1165 5.7902 -4.61658e-18)
(28.8565 7.23693 4.67036e-18)
(25.4093 2.41093 -7.89254e-21)
(22.2999 2.05591 4.23473e-18)
(19.4792 7.42421 -7.34731e-18)
(25.6412 2.77 -6.94949e-20)
(27.432 3.5077 -2.29737e-18)
(10.8612 5.37901 -3.2123e-18)
(28.7116 4.54165 -7.85836e-18)
(26.6186 3.31455 -4.19532e-20)
(10.2615 1.95516 0)
(-2.2996 2.4727 0)
(27.7258 2.82218 0)
(18.2244 4.30481 0)
(6.33084 5.48731 3.22762e-18)
(28.161 12.0513 2.60305e-18)
(23.5979 2.189 8.4535e-20)
(26.417 2.79975 1.05659e-18)
(25.0425 1.86814 0)
(25.1429 2.56307 -5.85398e-19)
(25.5887 2.55875 2.11204e-21)
(24.4759 1.92944 -1.39026e-18)
(23.3704 1.5562 3.13073e-18)
(-6.50091 -1.02397 3.90878e-18)
(14.9276 3.26175 4.35244e-18)
(4.36725 0.843047 7.58487e-18)
(23.6523 6.00293 0)
(-1.13181 -0.523447 0)
(29.9804 8.07511 4.20119e-18)
(5.31771 5.40503 8.51475e-19)
(24.3223 2.66885 1.72103e-18)
(25.2307 2.0482 4.22817e-19)
(29.8646 8.01932 1.09348e-18)
(26.1017 2.4259 -6.72443e-19)
(30.7315 8.36361 -3.93748e-18)
(9.65196 1.96834 0)
(24.8062 2.37336 0)
(30.4285 6.36197 -5.80516e-18)
(20.0041 2.12007 -8.08806e-18)
(28.3303 4.45801 0)
(-5.63423 3.80977 0)
(22.1837 0.827313 -2.13102e-18)
(18.5423 7.60885 0)
(25.6281 2.57596 -1.32757e-20)
(23.2936 2.41763 0)
(28.8812 3.2432 0)
(16.2097 3.52422 0)
(23.9943 1.5941 0)
(-3.80123 3.0399 1.09815e-17)
(1.74444 2.57394 -3.96612e-18)
(29.8214 5.16778 -1.62088e-19)
(28.6735 3.20298 -1.13662e-19)
(-0.0830829 -1.06229 -7.22158e-18)
(-9.29967 -4.13543 -8.06256e-18)
(28.2122 3.86831 -3.32685e-18)
(30.0712 6.35401 0)
(19.8545 2.29217 -2.10292e-18)
(28.1491 3.11646 6.38333e-18)
(23.8089 2.26645 2.29438e-18)
(-2.56764 3.42697 0)
(27.9208 3.81416 -9.26892e-20)
(-5.05762 4.25334 -4.47619e-18)
(-8.03004 -0.55382 6.1693e-18)
(-8.37245 -0.702346 0)
(22.7167 0.973952 0)
(24.0457 1.43394 6.55435e-20)
(23.9927 2.10151 0)
(23.0765 2.03162 0)
(28.1019 11.9422 2.68277e-18)
(10.355 1.98624 0)
(32.0952 8.35556 -7.36013e-18)
(19.9578 2.37177 8.1077e-18)
(-9.7602 -4.55066 -3.93284e-18)
(-2.22549 -1.9891 1.03456e-17)
(20.6308 5.0672 -1.25708e-18)
(26.802 2.25086 0)
(23.6188 2.23469 -8.15124e-20)
(23.374 2.55366 -1.18514e-20)
(2.0496 5.29613 -3.28706e-18)
(23.4049 1.25819 3.0148e-18)
(6.5864 1.27919 0)
(27.7377 3.492 -2.73037e-18)
(26.7319 3.09739 1.43485e-18)
(24.3833 2.64775 1.61123e-18)
(13.069 2.85296 6.50657e-18)
(1.73294 -0.530826 6.76788e-19)
(23.4892 1.4483 2.83124e-18)
(-8.93818 -4.23992 4.36066e-18)
(22.2322 2.06096 0)
(30.3219 8.10128 1.13171e-18)
(26.7909 5.56451 -9.7261e-18)
(31.5144 7.61794 0)
(28.293 12.0564 1.19045e-17)
(30.3756 7.89989 5.05934e-18)
(28.5403 11.8381 7.2148e-20)
(27.8617 3.96158 0)
(11.8112 5.28794 -6.71557e-18)
(30.3015 6.97267 -1.14856e-17)
(28.0249 3.72702 2.89537e-18)
(26.2969 2.20009 -9.11984e-19)
(15.0993 3.18394 6.10231e-18)
(28.0559 3.23899 3.02877e-18)
(24.6335 2.28077 1.30747e-18)
(30.2111 8.0268 0)
(21.3409 1.49347 -6.00568e-18)
(24.2781 2.32961 0)
(5.10623 0.857816 -2.77001e-20)
(4.15964 0.727656 7.63463e-18)
(26.7292 2.63168 -4.46465e-20)
(-2.85635 -1.74992 -4.60406e-18)
(15.3173 3.83136 -2.58356e-19)
(-0.872432 3.81484 -3.70747e-18)
(24.89 1.65741 -1.66927e-20)
(6.13597 2.71771 -3.75727e-19)
(23.5205 2.22091 -2.67757e-18)
(21.1552 5.15286 3.05628e-18)
(19.6826 5.44936 4.05064e-18)
(-8.23702 1.05248 5.56333e-18)
(20.9537 4.05038 5.25602e-18)
(4.77816 0.903724 0)
(30.7415 8.38289 6.62107e-18)
(26.4719 2.64431 0)
(24.1878 1.7066 -1.89429e-18)
(30.3459 7.96767 1.2919e-18)
(0.867574 2.25679 5.02445e-18)
(29.8214 8.18632 4.43002e-18)
(25.6874 2.67845 0)
(26.7711 2.60073 0)
(30.0183 8.08742 0)
(28.1083 3.38982 0)
(-8.16912 -2.39463 -5.57091e-18)
(28.4645 3.66527 3.58748e-18)
(-5.46883 3.76907 6.15093e-18)
(23.3846 1.61167 1.10833e-20)
(11.5238 2.93614 -1.12686e-19)
(26.6224 2.52695 -4.24033e-20)
(24.3709 1.81323 1.53205e-18)
(2.62997 0.419127 -4.33832e-18)
(29.816 8.00451 0)
(24.655 2.14067 -1.23887e-18)
(29.788 8.00603 1.09382e-18)
(26.5636 3.44776 1.57503e-19)
(-0.814717 -1.61917 -5.34263e-18)
(24.0626 6.16592 1.14136e-18)
(26.5359 2.29273 -1.22608e-18)
(28.3131 4.02932 -7.34431e-20)
(29.7646 8.00807 -1.08185e-18)
(23.0906 1.2469 -8.66332e-19)
(21.4872 1.42595 4.68381e-21)
(24.1015 1.84549 0)
(28.7595 7.34808 5.36937e-18)
(27.9019 4.45753 -3.18937e-18)
(15.9232 3.577 0)
(-9.83004 -4.69009 -3.85539e-18)
(22.0854 1.84549 4.9791e-18)
(26.776 3.29101 0)
(31.7356 8.10139 6.829e-18)
(-7.96452 0.988489 0)
(-7.75661 1.88035 4.68493e-18)
(3.87974 0.451846 -1.45931e-18)
(-7.0842 -2.8403 0)
(25.5682 2.09518 6.70683e-22)
(-0.906933 1.56561 0)
(24.7763 2.18117 -1.07633e-18)
(25.0289 2.41359 7.39655e-19)
(11.7363 2.21505 -3.32877e-18)
(30.3969 8.68777 -1.38589e-18)
(28.0327 4.8351 3.17314e-18)
(29.806 8.0881 4.72463e-18)
(25.0151 2.26391 -2.23928e-20)
(20.3338 3.67512 0)
(27.5095 7.31059 0)
(1.47431 5.41088 0)
(27.4734 2.81429 -2.30506e-18)
(24.9816 4.3517 -1.62041e-19)
(28.49 7.60504 3.86676e-18)
(25.6031 2.75217 -9.97265e-21)
(24.8145 1.67363 1.02986e-18)
(-7.20444 2.19863 -4.25071e-18)
(25.0949 2.40107 -6.48559e-19)
(21.5058 5.20903 -4.40328e-18)
(-5.14187 3.54971 0)
(-0.466619 2.78368 3.89047e-18)
(26.1931 2.2922 0)
(21.3123 1.23445 -6.01414e-18)
(27.4638 3.62294 2.38909e-18)
(2.07028 -0.0121179 -6.46917e-18)
(25.654 1.90027 0)
(23.982 1.97656 -2.05855e-18)
(25.1916 2.03388 1.46966e-20)
(28.8244 4.04623 -3.81368e-18)
(28.0584 12.3778 -2.65026e-18)
(25.8165 2.34684 -9.03522e-21)
(-1.18676 -0.066855 -1.20122e-17)
(26.1298 2.94417 0)
(25.1447 2.12875 -5.3879e-19)
(28.3536 12.1769 -2.8041e-18)
(25.1602 1.91085 5.7371e-19)
(27.2074 3.56903 1.02536e-19)
(22.2619 0.940336 0)
(-5.27984 4.11594 6.19006e-18)
(23.7257 1.86754 2.48373e-18)
(26.3021 2.42729 4.43079e-20)
(29.9717 8.17916 0)
(20.3564 0.784833 -1.87063e-18)
(-0.00912489 0.133787 -4.17574e-18)
(26.505 2.84973 -3.75642e-20)
(22.6461 2.26828 -3.88592e-18)
(27.1225 2.61512 0)
(24.2622 1.97683 0)
(31.9007 8.04178 7.01353e-18)
(25.38 1.802 0)
(30.1001 9.07778 -5.69742e-18)
(29.9776 8.22775 5.74974e-18)
(22.2626 0.852771 -2.08102e-18)
(19.0292 3.40193 0)
(25.6569 2.5501 7.84917e-20)
(26.0888 3.07979 -6.50128e-19)
(29.7347 8.07726 4.58729e-18)
(30.3246 7.96892 8.79623e-21)
(25.5193 1.92666 -5.65886e-20)
(30.0517 3.64692 -4.87916e-18)
(32.2982 8.29336 6.40634e-18)
(28.5121 5.11837 0)
(24.305 2.29834 0)
(30.6901 8.33087 -4.03012e-18)
(24.4983 2.31428 0)
(30.225 8.08451 -5.64305e-18)
(23.9741 2.0564 6.82363e-20)
(24.4283 2.21873 -1.47206e-18)
(10.2097 2.14771 7.89236e-20)
(2.19815 4.33189 -3.66145e-18)
(2.6553 5.23089 3.28756e-18)
(27.2696 3.77937 0)
(31.6759 8.23549 1.67835e-18)
(22.0444 1.90263 -1.03963e-17)
(30.5173 8.30133 -1.00534e-18)
(26.0638 2.5744 -6.33935e-19)
(26.82 3.10712 0)
(0.153932 5.09078 7.06253e-18)
(31.5197 8.27665 -6.81401e-18)
(-8.25361 -2.68798 0)
(30.1059 8.11482 1.05047e-18)
(29.7963 8.01576 0)
(24.1273 2.13555 -5.98373e-20)
(1.23045 -0.359814 -6.70637e-18)
(26.8648 3.14118 1.63033e-18)
(30.1685 9.1031 5.62585e-18)
(20.1974 1.83849 7.76673e-18)
(25.4438 12.6948 -2.59975e-18)
(29.3145 7.78326 -1.13617e-22)
(30.8204 8.3931 2.88739e-18)
(27.2482 2.87259 0)
(10.2377 2.38145 -3.56823e-18)
(12.2839 2.47117 3.07013e-18)
(27.6465 3.23681 -2.52386e-18)
(24.5731 2.1137 4.24756e-20)
(26.4869 3.38982 0)
(29.7464 8.00791 -4.91962e-18)
(-1.28406 -0.895295 0)
(-10.2935 -4.45518 4.12406e-18)
(-5.0005 3.99766 -7.46135e-18)
(25.7826 2.21466 2.85922e-19)
(26.2656 2.84939 8.50046e-19)
(26.4341 3.42628 0)
(23.0489 2.07783 3.54412e-18)
(-5.37598 1.6958 -3.87236e-18)
(-2.07139 2.06642 0)
(-7.44662 -3.6156 -3.93364e-18)
(-7.62298 2.13128 0)
(-9.09173 -4.28911 0)
(30.3506 4.89806 5.49806e-18)
(1.92746 5.03088 -1.19632e-20)
(23.8823 2.23969 2.26507e-18)
(0.215848 5.37679 3.43302e-18)
(18.4315 4.29241 -1.93551e-20)
(27.1063 2.48789 6.03547e-20)
(-4.67351 -2.62457 -1.13824e-18)
(20.7198 1.05919 6.46103e-21)
(3.85849 0.726422 0)
(30.7355 8.3526 -3.9583e-18)
(28.0034 2.83066 -9.03232e-20)
(25.2072 12.7001 -2.50388e-18)
(21.2958 1.40553 -6.03997e-18)
(2.83416 4.09345 -6.77371e-18)
(26.6465 3.08892 -1.31021e-18)
(26.0938 2.20972 6.43763e-19)
(30.3937 7.89742 -5.13565e-18)
(-7.2853 -2.90116 2.68793e-20)
(25.8468 2.59563 -3.19006e-19)
(21.9531 1.56179 5.05547e-18)
(26.9015 3.39737 0)
(30.4163 7.92056 -4.96502e-18)
(26.3483 2.08608 -9.9958e-19)
(-5.18372 -2.89962 -9.6106e-19)
(24.6224 5.87554 0)
(28.4847 3.16984 -3.54557e-18)
(20.5755 4.98189 -2.97968e-18)
(4.46949 2.06629 -3.47031e-18)
(26.7369 3.36189 -1.50282e-18)
(28.1427 2.64436 3.13431e-18)
(23.366 2.2907 -9.45006e-20)
(27.8364 2.41503 3.40599e-19)
(28.9845 7.25177 -4.38368e-18)
(-1.3128 4.60154 2.67482e-18)
(20.3555 0.384868 0)
(25.2782 1.95314 -1.1185e-20)
(-5.61621 3.89975 0)
(-2.55333 2.78578 0)
(1.00016 3.77959 0)
(29.7257 8.06921 0)
(30.4871 9.27747 -1.52372e-18)
(0.44564 3.65185 0)
(26.3121 2.6532 9.1259e-19)
(29.1348 11.3922 0)
(20.1606 1.96214 -7.83529e-18)
(5.91432 0.520996 -4.17034e-18)
(21.7422 1.23082 5.37596e-18)
(28.2318 2.7848 -6.19816e-18)
(0.269274 1.01165 0)
(1.31468 2.53956 0)
(29.7678 8.05406 -3.54087e-18)
(25.3286 2.00852 0)
(-1.63671 2.75211 0)
(24.7885 1.84932 0)
(24.6591 4.16064 5.83455e-18)
(20.1003 2.2046 1.95394e-18)
(21.1927 1.56996 -1.53501e-18)
(23.2106 2.27851 3.08972e-18)
(-9.08246 -4.22606 0)
(26.2669 2.10187 -2.85999e-20)
(30.6462 8.09842 0)
(23.4939 5.9652 -5.48289e-18)
(24.4657 1.72772 4.69879e-20)
(28.1567 2.9264 0)
(27.7551 2.46281 0)
(23.503 1.70182 2.73444e-18)
(4.90651 0.381839 -4.78616e-18)
(23.7089 1.81798 -5.17811e-18)
(26.8803 2.71318 -1.72214e-18)
(27.0039 2.49683 1.74786e-18)
(19.4145 0.393662 0)
(29.7954 8.10618 0)
(-5.08218 3.57795 -7.69394e-18)
(29.8295 8.08102 -4.73353e-18)
(24.7893 2.00117 -1.013e-18)
(-7.07327 2.45842 0)
(28.5937 3.83986 -3.61928e-18)
(-7.63554 -3.99926 3.43148e-18)
(27.5291 2.70633 -7.36549e-20)
(24.0746 1.35879 -2.04553e-18)
(26.6402 2.63584 1.4176e-18)
(26.406 3.06972 -9.92978e-19)
(27.9518 3.43283 0)
(29.772 8.00694 1.0757e-18)
(-9.91553 -3.88091 8.87161e-18)
(-7.49248 -3.88499 -3.38499e-18)
(26.6964 3.32793 0)
(-0.661839 -0.366669 9.60236e-18)
(21.9851 1.63462 -5.03164e-18)
(25.6585 2.70345 9.75986e-20)
(0.789236 -0.235092 0)
(20.6706 0.946247 7.04779e-18)
(30.0557 8.1112 -3.07231e-18)
(21.2772 13.872 -4.48723e-19)
(24.532 2.10028 1.35144e-18)
(26.1564 3.08148 7.20334e-19)
(20.2736 5.72853 -4.05462e-18)
(31.6716 7.63418 -1.6894e-20)
(25.8733 2.88333 0)
(24.1716 2.1472 5.98373e-20)
(28.9292 4.27174 4.03464e-18)
(21.2111 1.21935 0)
(26.0009 2.98992 5.1686e-19)
(29.698 7.99557 -3.81724e-18)
(28.2646 5.00443 3.48448e-18)
(8.79777 1.77738 0)
(27.1496 3.64038 0)
(26.7343 3.2568 -1.46841e-18)
(21.3513 1.32629 5.99458e-18)
(27.4911 3.73986 -2.39047e-18)
(30.4021 7.46401 0)
(25.8346 2.86322 3.08241e-19)
(-0.427798 0.232108 -1.59606e-17)
(27.7148 4.43179 0)
(22.706 2.26721 3.78215e-18)
(25.0207 7.06416 -1.23255e-19)
(20.0342 1.99024 8.01824e-18)
(24.8569 1.83702 0)
(20.2194 2.1716 -9.68574e-18)
(-2.21203 3.01246 -6.71938e-18)
(24.7383 1.79281 0)
(28.0773 4.55505 0)
(27.6513 3.16358 2.60957e-18)
(7.85399 1.10077 -3.11482e-20)
(20.5198 1.89264 0)
(25.1914 1.77526 1.46302e-20)
(23.3122 2.59401 0)
(-9.77034 -4.54643 0)
(-0.946909 3.57022 0)
(25.8612 6.74717 -4.97939e-18)
(27.7395 7.33187 4.84979e-18)
(25.3462 1.83336 2.04701e-20)
(-4.91266 2.88976 -9.59382e-19)
(-1.01514 -1.23394 2.14427e-17)
(27.9633 4.60245 -2.65059e-18)
(-8.51999 -4.38739 0)
(-4.09195 -2.13886 4.02584e-18)
(3.80541 5.29935 8.49979e-19)
(24.908 2.04349 -8.64692e-19)
(30.997 8.78679 -6.41519e-18)
(27.1725 2.57994 0)
(-4.98145 3.78222 5.2224e-18)
(1.44039 3.25747 0)
(-1.45619 1.49789 -9.34931e-18)
(26.898 2.2361 1.08628e-19)
(28.5001 5.02318 3.69205e-18)
(27.778 3.18569 0)
(30.0895 9.0191 -5.63038e-18)
(28.85 7.44288 4.50283e-18)
(2.55012 0.556827 -2.68549e-18)
(22.3217 2.17486 -4.45657e-18)
(24.134 1.4721 2.00572e-18)
(28.3442 5.03759 0)
(29.7109 8.00278 4.43704e-18)
(-5.11262 -2.71403 -1.00169e-18)
(0.0640209 -0.834516 1.74974e-20)
(28.4708 3.27232 0)
(25.763 2.28617 0)
(31.1116 8.50468 0)
(23.6328 2.06532 -4.95574e-21)
(27.7762 4.43858 -2.85054e-18)
(25.079 2.57507 -1.03201e-20)
(31.4181 8.21556 -6.536e-18)
(3.5551 0.348228 4.07687e-18)
(-7.01401 -1.06591 0)
(27.059 2.23961 -5.59415e-20)
(17.131 3.06941 -3.24932e-18)
(27.8682 4.51531 3.34659e-18)
(-8.73388 -4.10484 0)
(30.5518 9.21679 0)
(19.5519 1.86193 0)
(29.26 4.59359 -4.42646e-18)
(-2.18426 4.11711 -5.01575e-18)
(30.1779 7.26746 5.33571e-18)
(25.5949 2.44843 2.89304e-22)
(25.1996 1.92496 4.53318e-19)
(25.2272 1.898 -4.68099e-19)
(-0.729773 -0.492216 -3.33516e-18)
(-6.27318 -2.66318 -3.95575e-18)
(-5.16259 -1.77934 0)
(-3.3844 4.7529 -4.31208e-18)
(29.7049 8.00266 -1.70164e-18)
(5.92713 0.881539 -5.19461e-18)
(21.5471 13.9159 0)
(26.3954 2.10312 1.44053e-20)
(28.4357 5.17241 0)
(-8.43351 -4.19282 -1.17713e-20)
(25.9407 2.88043 0)
(29.943 8.86673 0)
(31.2852 8.25531 1.6679e-18)
(24.5391 2.3264 -2.75313e-18)
(27.862 2.90754 2.82655e-18)
(30.6296 8.32829 4.07652e-18)
(25.6776 2.63602 2.90937e-21)
(-6.59016 3.22294 5.73076e-18)
(30.797 7.63193 -5.78649e-18)
(28.1838 4.10734 3.28921e-18)
(-3.87565 4.07684 -9.37609e-19)
(31.7873 9.61615 -1.85658e-18)
(28.1312 5.02766 6.33046e-18)
(30.0241 8.9941 0)
(-4.63283 4.26394 -3.89571e-18)
(-2.34549 4.67151 -4.34892e-18)
(7.59346 1.47438 0)
(-2.82206 -1.20536 -5.1242e-18)
(27.659 2.77999 0)
(27.4109 12.9711 2.46093e-18)
(27.5389 12.8864 -2.46137e-18)
(29.8514 8.00633 9.7429e-21)
(27.771 3.26264 0)
(-5.25498 2.01297 -3.78592e-18)
(29.725 8.03303 -3.31996e-18)
(-6.75539 0.655691 -3.81709e-18)
(24.9901 2.2911 0)
(24.3287 1.79832 5.09603e-20)
(24.4713 2.34395 0)
(28.6026 5.47512 8.39901e-18)
(31.0055 8.00718 0)
(1.41569 -0.0946496 0)
(-0.226294 -0.373326 -7.78771e-18)
(30.1105 8.12544 3.05814e-18)
(7.9581 1.28943 0)
(30.8998 10.3975 0)
(24.5729 1.48896 0)
(28.0503 4.91646 3.44218e-18)
(2.28865 5.4358 0)
(30.9237 10.8623 0)
(-4.26093 3.1841 0)
(23.667 2.24236 7.82635e-20)
(2.69925 3.14919 3.90324e-18)
(31.0458 8.69284 6.42028e-18)
(30.9565 8.07765 6.04056e-18)
(28.4304 3.75932 -1.105e-19)
(7.59151 3.24739 9.32435e-19)
(30.6189 8.32346 0)
(21.8002 1.16669 0)
(23.3603 1.29325 -3.01265e-18)
(23.5534 1.26882 -2.10544e-20)
(19.5202 2.01377 8.83988e-18)
(31.9661 8.27086 -1.40763e-17)
(-2.93732 4.83408 4.19292e-18)
(-0.954423 2.7979 0)
(23.4242 1.77365 5.78114e-18)
(-3.35935 2.86532 -1.18838e-17)
(23.9046 1.7409 0)
(19.8428 1.40793 0)
(25.7415 2.19865 2.20805e-19)
(24.8246 1.71311 -1.03297e-18)
(22.4034 5.62716 1.19876e-18)
(28.5223 5.31622 3.80138e-18)
(-5.63981 3.30933 3.91819e-18)
(-8.51123 -4.16375 -3.00016e-19)
(26.614 2.4737 1.34009e-18)
(31.2441 8.36537 1.69979e-18)
(24.593 2.37942 0)
(1.47848 4.51744 0)
(30.7084 8.12316 0)
(33.502 9.76271 1.12401e-17)
(23.3963 1.20235 0)
(5.8335 0.596448 4.60699e-18)
(21.2707 2.46489 -5.87128e-18)
(5.96957 1.08236 7.69468e-18)
(-0.867726 -1.01775 -9.48503e-18)
(24.3502 1.88635 0)
(25.552 2.90967 0)
(30.2723 8.20642 2.50533e-19)
(29.7351 8.16255 -4.67863e-18)
(26.3704 3.41582 8.77367e-19)
(27.1093 3.59539 0)
(26.8705 2.32955 -5.15625e-20)
(29.7414 8.00706 -3.86358e-18)
(32.0635 11.0059 -1.0445e-17)
(29.9131 8.00142 4.6917e-18)
(29.081 7.83285 -4.05166e-18)
(25.1207 2.69554 1.88243e-20)
(27.2539 3.00527 0)
(24.8688 2.02934 9.41929e-19)
(24.7108 2.19578 0)
(-9.59864 -3.62738 0)
(23.8264 2.1045 -7.47138e-20)
(26.0066 2.17692 1.6472e-20)
(25.697 2.02596 0)
(25.951 2.11555 -5.04666e-19)
(27.6142 12.6455 0)
(25.0687 2.31917 -9.63418e-21)
(30.5779 8.13037 -1.42813e-18)
(24.6299 2.16911 1.28241e-18)
(24.907 1.89292 0)
(22.1073 0.88114 -9.98344e-18)
(23.5434 2.43599 -2.79194e-18)
(10.8791 5.19261 3.5728e-18)
(22.5489 1.11238 0)
(-8.08996 -1.64548 -4.96976e-18)
(-8.51827 -1.80972 1.3511e-18)
(8.82374 4.17153 3.8099e-18)
(25.4356 2.38438 0)
(26.8589 2.53853 0)
(27.4685 3.23973 0)
(24.8007 2.04259 -1.03321e-18)
(-9.68793 -3.8612 -9.20436e-18)
(21.0629 0.808322 0)
(25.2804 1.84408 -1.04531e-20)
(5.85481 4.82088 -3.18571e-18)
(17.1086 3.80099 -3.36945e-18)
(25.055 2.05904 -2.02999e-20)
(32.2476 11.1474 1.04616e-17)
(-5.18251 -0.595711 0)
(29.3751 5.8011 5.1344e-18)
(30.8716 11.0203 -7.30071e-18)
(21.1821 2.47847 0)
(21.3836 2.36489 0)
(21.9342 1.96271 5.07107e-18)
(29.8123 8.00736 -1.08448e-18)
(-9.1255 -1.82979 4.14792e-18)
(29.9352 4.90097 5.22716e-18)
(-0.566373 -1.1888 -1.56359e-17)
(25.6553 2.01125 0)
(-1.11501 -0.747001 2.65621e-18)
(29.7113 7.999 3.84124e-18)
(1.24361 1.06559 -4.83188e-18)
(30.3609 7.9855 -3.64351e-18)
(24.728 1.75084 -1.09921e-18)
(25.7239 1.9969 7.0826e-21)
(30.5235 8.31464 2.85889e-18)
(3.41053 0.480205 -4.01204e-18)
(23.055 1.78281 0)
(24.7275 2.45679 -1.14474e-18)
(25.5863 1.91318 0)
(31.1885 8.57258 1.31515e-17)
(-8.94607 -3.27423 3.96315e-18)
(-9.28703 -2.7368 0)
(4.5379 0.867564 0)
(5.49524 0.931392 0)
(32.3856 9.39715 9.90953e-18)
(28.5482 4.59369 0)
(-8.92535 -4.35393 0)
(2.59032 5.09148 -6.53917e-18)
(24.2681 2.09574 5.37434e-20)
(27.5279 3.21402 0)
(24.6955 2.1542 0)
(-6.49101 1.33406 -7.75763e-18)
(26.4084 3.44493 2.98236e-20)
(16.9616 5.57742 2.96517e-18)
(29.7103 7.99748 0)
(24.3706 1.65116 1.67269e-18)
(29.2744 3.24212 -4.53832e-18)
(25.1308 2.19707 5.61476e-19)
(28.4253 4.47332 0)
(23.5907 1.18542 -4.04604e-19)
(28.1181 4.94321 4.18475e-19)
(29.8854 8.84733 -5.31903e-18)
(25.1423 1.97855 5.64147e-19)
(29.7754 4.4725 -1.57918e-19)
(29.7137 8.0034 -9.69703e-18)
(25.2419 1.83099 0)
(23.8287 2.31046 -2.29074e-18)
(32.0038 9.82551 -1.55753e-17)
(29.605 7.93053 1.13944e-18)
(-3.13916 3.72673 1.41049e-17)
(29.1857 12.2403 -6.65521e-18)
(-5.78087 -2.81174 0)
(24.6806 2.00039 1.15948e-18)
(26.5178 3.37095 -3.72343e-20)
(-8.12477 1.3145 0)
(18.1625 4.20151 3.0768e-18)
(26.6673 2.79894 0)
(23.9649 1.80307 4.3382e-18)
(25.4477 2.05141 -1.75726e-19)
(26.7024 3.4311 -2.85986e-20)
(29.7432 8.00457 1.2711e-20)
(3.82345 0.752311 0)
(22.497 1.94252 -1.31699e-19)
(28.7802 7.33127 -4.58426e-18)
(25.2015 15.3353 2.09071e-18)
(26.7618 2.85447 -1.46585e-18)
(26.2834 2.32869 1.45126e-20)
(25.9645 3.18503 5.4406e-19)
(-3.60468 4.5453 -2.32518e-20)
(29.8133 4.64782 -5.00696e-18)
(25.5381 2.12276 3.76124e-20)
(24.0066 1.64263 0)
(24.4851 1.65613 -1.42767e-18)
(24.9463 1.90735 8.06146e-19)
(28.1534 2.83416 3.15046e-18)
(21.1993 13.6065 -1.19104e-18)
(32.0296 8.11365 1.45631e-17)
(26.2504 2.05585 0)
(26.3216 2.70202 -9.69458e-19)
(31.0533 8.86545 -6.5701e-18)
(26.9003 3.45068 0)
(24.266 1.52637 1.76832e-18)
(23.374 2.46528 -9.42349e-20)
(23.2931 2.14863 9.78564e-20)
(-0.228747 -0.211419 -9.41381e-18)
(23.9456 1.34751 -2.34714e-18)
(-9.53791 -3.77888 0)
(18.454 7.74559 0)
(10.8063 1.91394 0)
(-1.21726 -1.98822 5.69318e-18)
(30.9018 7.91496 -5.78266e-18)
(23.0879 2.63908 -1.07838e-19)
(0.403615 3.31989 8.45554e-18)
(22.4406 2.05301 4.31778e-18)
(28.6899 5.42974 -8.9512e-19)
(28.8837 7.02116 0)
(-5.80249 3.8247 -3.63784e-20)
(29.6993 8.00519 0)
(24.6185 1.90181 1.21664e-18)
(29.7526 8.00391 1.0666e-18)
(23.8452 2.1499 0)
(26.9249 2.68203 1.61184e-18)
(22.216 2.13428 0)
(26.6624 14.2733 -4.49454e-18)
(26.5885 2.85085 1.2522e-18)
(26.2257 3.08405 8.36289e-19)
(24.7511 2.20918 1.07919e-18)
(30.3248 5.48247 -5.5653e-18)
(26.1139 2.30361 7.1593e-19)
(23.8917 1.69252 -3.5978e-20)
(-2.25683 5.04997 3.60308e-18)
(18.417 4.17376 -1.06404e-17)
(28.9573 6.36736 0)
(20.4055 4.84985 0)
(26.8619 2.97218 0)
(26.888 2.77083 1.62196e-18)
(26.7396 3.41329 1.39754e-18)
(1.22952 1.41782 4.54816e-18)
(23.9099 2.20456 -2.25808e-18)
(24.4772 2.45567 1.43839e-18)
(24.7027 2.48496 -3.74597e-20)
(13.9213 3.07327 -1.38068e-18)
(28.1405 12.2762 0)
(17.5252 8.63125 -1.00753e-17)
(-0.349055 -0.641748 3.66375e-18)
(5.75848 4.63223 -3.16848e-18)
(24.4042 2.61676 -1.59751e-18)
(26.354 2.94691 -3.00178e-20)
(19.6917 1.42353 8.64619e-18)
(29.7051 8.00108 -5.76251e-18)
(5.68037 0.459613 -4.03846e-18)
(23.4513 2.51994 -2.44534e-18)
(29.658 7.97837 0)
(19.5986 0.414572 9.34498e-18)
(22.9057 1.8119 -3.66085e-18)
(24.858 2.42693 1.0067e-18)
(19.3932 7.55108 -3.62071e-18)
(31.4708 8.09831 0)
(-6.71381 -3.34344 4.04067e-18)
(29.3536 7.91202 4.1315e-18)
(-3.69525 4.41 7.43315e-18)
(16.7199 5.69383 1.66453e-17)
(27.7617 12.6931 -7.89117e-18)
(-8.83957 -3.96741 5.06851e-18)
(27.3604 3.58644 -2.29336e-18)
(22.1206 0.960426 4.89231e-18)
(30.45 7.80267 5.64337e-18)
(5.06354 0.753809 -5.60606e-18)
(30.3657 13.1411 -8.20668e-18)
(7.0976 1.34065 2.46272e-18)
(26.9014 2.88843 0)
(24.8777 1.91977 -2.94335e-20)
(24.7458 1.68254 -1.09847e-18)
(25.6127 1.88462 5.40599e-20)
(30.0967 8.19794 -5.27067e-18)
(28.8866 6.80765 -3.97515e-18)
(8.92566 1.60909 0)
(25.3881 2.5864 2.70865e-19)
(26.1916 2.63582 7.59153e-19)
(26.9111 3.06179 1.65925e-18)
(24.9198 2.08475 8.62937e-19)
(27.2441 2.80791 -2.04712e-18)
(30.6941 8.9426 7.2589e-20)
(20.1098 1.7411 0)
(-6.25047 -3.34753 0)
(-1.39589 4.206 0)
(3.67681 0.656701 0)
(23.3408 1.44485 -2.32239e-18)
(27.548 2.36314 -2.29757e-18)
(23.1795 1.71359 3.27543e-18)
(26.4102 2.15241 2.10011e-18)
(31.7372 9.47298 -5.55189e-18)
(21.06 2.66962 6.37163e-18)
(24.9448 2.66715 8.76216e-19)
(25.0062 2.65345 0)
(25.1309 2.62944 -6.42012e-19)
(25.1588 2.70984 -1.8824e-20)
(25.4112 2.66873 2.1763e-19)
(25.5212 2.56759 -8.93285e-20)
(25.539 2.50025 1.06969e-21)
(25.6384 2.61828 -6.44645e-20)
(26.2133 2.56089 0)
(26.2972 3.08751 9.38955e-19)
(27.5835 3.26317 4.14974e-20)
(32.8022 8.54246 7.04278e-18)
(26.9196 7.05817 3.76651e-18)
(19.3589 0.19112 2.28214e-18)
(-3.8341 1.11731 0)
(30.9651 9.41375 0)
(18.9937 3.24554 2.3932e-18)
(29.8476 8.0074 4.55995e-18)
(25.8969 2.65864 -3.68651e-19)
(26.3243 3.01787 -9.72126e-19)
(28.4116 4.9821 0)
(13.8564 2.82394 8.2404e-19)
(25.7069 2.61058 0)
(25.826 2.66492 -3.04956e-19)
(26.0419 2.64683 0)
(-5.30585 3.11705 -3.89195e-20)
(29.3585 12.6747 3.45321e-18)
(1.50156 5.45906 -1.7032e-21)
(14.5874 3.31488 -3.02415e-18)
(28.1079 12.5188 -5.47516e-18)
(-2.01125 2.08742 -1.0778e-17)
(23.2524 2.50253 -3.25654e-18)
(27.5319 12.2371 9.55616e-18)
(32.0375 12.5457 2.28755e-18)
(26.5492 2.87683 -1.21861e-18)
(26.2341 2.48451 -2.72823e-20)
(27.3625 3.08297 -7.057e-20)
(26.3306 3.06524 -3.05984e-20)
(26.4006 3.28312 -1.02772e-18)
(-9.1904 -3.29999 -4.77869e-18)
(-0.467055 -1.19916 7.74827e-18)
(1.87481 -0.5681 -5.48882e-18)
(21.5709 0.935015 -5.3971e-18)
(23.6822 2.07498 2.54621e-18)
(29.9262 8.06675 -5.09131e-18)
(-1.12289 -0.194749 -2.25871e-17)
(29.9491 8.16288 -1.02016e-17)
(1.56697 0.38157 -2.68659e-17)
(4.02441 0.891878 3.77521e-18)
(3.18176 4.98482 1.10368e-20)
(20.3144 3.57465 1.84483e-18)
(27.955 7.44047 0)
(27.0511 2.98679 1.93768e-18)
(25.0433 2.34609 -1.39978e-18)
(27.3086 7.21386 0)
(27.6619 12.2766 -2.50237e-18)
(24.4485 2.07358 1.48181e-18)
(23.9324 1.83648 -2.18176e-18)
(26.2571 2.40702 -2.82472e-20)
(25.1624 2.06068 -1.74957e-20)
(-4.58159 2.3424 3.84945e-18)
(29.7344 8.03811 -5.61168e-18)
(-9.27582 -3.58008 0)
(-8.00215 1.59112 0)
(27.3488 2.67253 0)
(31.8539 11.0853 7.99366e-18)
(10.9497 2.24134 -2.88824e-20)
(28.7115 13.5377 -3.30092e-18)
(28.6612 7.31761 0)
(-3.7723 -1.61247 -4.01667e-18)
(2.88221 3.9014 6.62272e-18)
(29.9847 8.12583 0)
(25.9904 2.58132 -5.04201e-19)
(27.4746 3.09813 2.24513e-18)
(27.5924 3.11493 2.45606e-18)
(-3.549 -1.7667 4.4694e-18)
(25.5549 2.43187 5.36404e-20)
(7.53771 5.07819 0)
(21.4474 1.33932 1.16222e-17)
(8.77965 4.00461 -3.7283e-18)
(1.55147 -0.187969 0)
(16.5876 3.89127 0)
(2.43664 0.518811 -2.5985e-18)
(27.8613 2.82644 2.81806e-18)
(-0.618877 -0.887644 0)
(8.02358 4.45475 6.6951e-18)
(26.2905 2.01918 5.76388e-20)
(29.7478 8.03262 5.67892e-18)
(27.3585 3.21858 0)
(0.963685 -0.218649 -5.513e-18)
(22.3436 1.03826 5.61847e-18)
(18.1129 10.6477 9.44299e-18)
(28.8159 7.45022 3.98202e-18)
(19.3743 2.06015 9.17084e-18)
(20.1558 1.61533 5.94047e-18)
(26.1484 2.27396 1.36161e-20)
(23.905 1.37744 0)
(19.908 0.735447 -2.03543e-18)
(-6.2172 -2.83443 -1.35675e-17)
(6.16796 5.28299 3.21273e-18)
(28.0706 7.47029 0)
(21.0199 5.1284 4.14655e-18)
(25.1174 2.58932 6.24937e-19)
(25.2456 2.56661 1.48015e-20)
(26.4986 2.79907 0)
(31.5295 9.31116 -1.41696e-17)
(25.8898 3.14537 0)
(26.0606 2.23959 -6.45683e-19)
(26.7477 2.43224 -1.46198e-18)
(14.9167 3.33494 5.04239e-18)
(-1.86836 1.80231 1.61626e-17)
(27.4787 3.55919 -2.39167e-18)
(27.5083 3.67674 -2.48436e-18)
(33.0568 8.49962 -1.60698e-17)
(8.69628 3.58294 3.10909e-18)
(22.3308 0.966588 -4.67086e-18)
(3.50169 3.16941 -3.90481e-18)
(21.2252 2.06692 0)
(24.8622 2.70929 9.73301e-19)
(26.8642 3.02801 5.15966e-20)
(26.2575 3.06179 -1.71515e-18)
(24.6691 1.95843 -3.81426e-20)
(28.2762 3.69023 1.04913e-19)
(26.0113 3.14477 -1.86448e-20)
(-5.02302 4.17574 -4.07473e-18)
(30.6942 5.84009 0)
(0.271548 -0.99255 2.90084e-20)
(1.5361 4.86657 -3.57014e-18)
(0.855201 5.12034 -6.95852e-18)
(31.7091 7.51248 -1.04776e-20)
(17.441 8.88015 2.22955e-18)
(26.4436 14.3393 9.03243e-18)
(30.6861 10.4958 -3.31019e-18)
(22.7296 1.11489 -9.96229e-19)
(22.5274 1.47909 1.06877e-18)
(-3.25331 2.68624 0)
(-9.02468 -4.28816 -4.42717e-18)
(18.2067 10.8922 -1.41043e-17)
(27.5091 12.7369 3.75728e-18)
(18.606 3.88036 -2.37415e-18)
(0.447323 3.35491 0)
(5.29946 2.54054 -8.00865e-19)
(21.3144 13.1794 -7.12785e-19)
(31.6606 9.73347 -1.86696e-18)
(30.7861 8.37444 0)
(26.1716 2.1964 0)
(25.5697 12.9069 2.82084e-18)
(24.5063 1.90094 1.17102e-20)
(19.4158 4.55881 -3.0885e-18)
(29.7942 8.01182 0)
(2.80646 -0.30429 -4.72439e-18)
(6.96617 4.90862 4.59534e-18)
(3.40207 3.90829 3.36572e-18)
(4.52742 2.95283 -3.35874e-18)
(-7.80449 -0.0623321 5.23076e-20)
(23.0334 1.44714 -3.12935e-18)
(24.0744 1.57943 -1.99004e-18)
(29.7103 7.99609 3.82975e-18)
(29.691 7.98725 0)
(30.0203 15.0111 4.26303e-18)
(30.5221 8.10711 1.27303e-17)
(16.4768 4.07592 1.43318e-18)
(30.0822 8.23298 2.65897e-20)
(12.4359 2.38933 0)
(25.4606 2.46833 0)
(27.4148 3.19347 0)
(-2.15299 5.10564 -3.7055e-18)
(9.17453 5.16389 -6.5373e-18)
(24.9505 2.27718 -8.49023e-19)
(29.7242 8.00523 8.38533e-18)
(22.213 1.06334 -4.71744e-18)
(25.0555 2.38675 1.06405e-20)
(2.32431 0.504104 -9.86951e-18)
(-7.7862 -1.77182 3.944e-18)
(25.0442 2.6672 0)
(30.609 8.9331 7.62011e-18)
(28.6708 11.8239 -6.07678e-18)
(29.1527 11.2881 -2.67472e-18)
(31.5082 8.60919 8.60586e-18)
(30.7896 8.08819 5.91678e-18)
(31.3701 8.05504 -1.27947e-17)
(27.7678 7.33113 -4.86558e-18)
(27.686 2.43241 -2.57413e-18)
(16.7128 5.96254 9.81115e-18)
(28.1727 4.88753 0)
(28.5221 5.4178 -9.88082e-20)
(3.59754 4.42938 0)
(21.0851 13.1059 2.41233e-18)
(15.7353 3.38948 0)
(21.9757 2.03318 -4.76469e-18)
(25.1831 2.68412 0)
(29.8492 14.7128 8.07504e-18)
(19.6972 1.82712 8.60536e-18)
(-1.10789 3.04171 -3.83297e-18)
(13.742 3.08391 0)
(19.822 1.14498 8.3867e-18)
(-8.28813 1.02963 -4.98702e-18)
(-2.22777 2.44027 -1.0902e-17)
(22.4032 5.59653 0)
(27.7476 12.1955 2.48332e-18)
(27.3843 12.6777 -1.25928e-18)
(4.79796 0.6185 0)
(9.71699 1.77379 -4.57081e-18)
(20.9719 2.70885 0)
(21.4036 2.27703 0)
(17.207 3.32658 -3.28034e-18)
(26.4224 2.38733 0)
(18.3321 4.32264 -1.05535e-17)
(32.677 8.36634 9.72667e-19)
(29.7284 8.0066 -1.0621e-18)
(-0.810047 -1.12356 -1.53817e-17)
(-1.15866 0.00642404 2.88113e-18)
(30.5511 13.3202 8.23044e-18)
(30.5468 8.05543 -1.27588e-17)
(8.39281 1.64605 4.52618e-18)
(1.82349 -0.276681 -6.21504e-18)
(23.3954 1.46437 2.23331e-18)
(31.1369 8.39818 6.50322e-18)
(22.7818 1.07558 9.74609e-19)
(-8.99364 -4.45576 3.83653e-18)
(25.8238 2.8202 -6.32757e-19)
(32.0638 10.1949 -1.99951e-18)
(25.6188 2.15256 -4.60474e-20)
(26.5966 2.36616 -1.2617e-18)
(-0.353269 -1.03142 -1.95543e-20)
(24.6892 1.88875 0)
(33.7856 14.6889 1.19254e-17)
(29.6845 7.98685 7.88962e-18)
(29.0395 13.3753 0)
(-8.23432 0.797184 -5.84031e-18)
(28.1775 4.26491 0)
(24.527 1.82976 -4.25453e-20)
(27.5788 2.5926 0)
(24.3814 1.85703 -4.86388e-20)
(17.162 5.72197 -2.64272e-19)
(31.75 12.5593 8.79133e-18)
(16.7983 2.7268 -1.03163e-17)
(29.2961 12.3706 3.18029e-18)
(21.2913 1.57442 7.58434e-18)
(21.7756 17.2634 2.36106e-18)
(5.28488 5.48396 2.52801e-18)
(22.4607 5.58316 -3.99575e-18)
(24.4115 6.24254 4.0575e-18)
(27.4172 3.1263 -2.25891e-18)
(23.4858 1.94703 0)
(22.6568 2.37187 1.23005e-19)
(30.4907 8.50459 0)
(31.6222 9.19101 5.36318e-18)
(31.0234 11.4403 -7.39817e-18)
(30.4117 5.29785 1.81164e-19)
(29.135 13.2034 -3.44566e-18)
(28.928 12.1517 9.38373e-18)
(28.0801 2.96951 0)
(32.1112 9.21445 0)
(30.2245 7.95154 0)
(22.6356 0.899383 -5.04113e-18)
(30.1042 8.00996 1.15288e-18)
(19.3316 2.67588 6.78606e-18)
(0.0613045 -0.402004 1.29336e-17)
(27.9726 4.46543 -1.98543e-19)
(9.44667 1.9807 3.02897e-18)
(17.5939 4.01318 4.96899e-18)
(29.7692 8.11026 5.8385e-18)
(24.3279 2.15153 0)
(24.4646 2.11642 -4.54038e-20)
(22.5061 1.59394 5.29778e-18)
(23.9082 1.9987 2.23007e-18)
(30.3387 9.29943 0)
(29.8548 9.03824 0)
(29.7768 8.81203 -1.29067e-18)
(31.8817 13.7739 0)
(29.5435 12.6295 -6.99696e-18)
(-0.32259 -0.946203 -7.85266e-18)
(1.72736 -0.369236 0)
(23.945 6.05416 -4.12266e-18)
(20.56 1.78338 0)
(23.3058 1.27217 1.8734e-20)
(16.7054 2.15138 0)
(31.3405 8.7518 1.69882e-18)
(27.8309 4.028 1.84435e-19)
(3.65819 0.712083 -9.23173e-18)
(15.4715 3.47846 4.84174e-18)
(23.1244 5.80898 -4.08699e-18)
(20.5659 5.02845 4.66559e-18)
(24.0738 2.00143 0)
(23.0765 2.12806 -3.41284e-18)
(22.8236 2.2655 1.15799e-19)
(30.3224 8.11896 -5.51339e-18)
(31.0144 8.52727 -6.34275e-18)
(0.408786 -0.869527 6.83594e-18)
(26.778 2.34255 0)
(-0.713947 -0.139951 2.61929e-18)
(31.1532 8.68163 -4.88413e-18)
(23.4508 1.68579 0)
(18.3059 10.4483 -7.63037e-18)
(29.9855 7.99139 -3.50963e-18)
(-9.81093 -4.48094 0)
(2.83546 5.49595 -2.48489e-18)
(24.406 2.68759 -1.55796e-18)
(24.9916 2.61447 -7.77399e-19)
(25.5107 2.52605 9.13571e-20)
(25.5706 2.62624 -2.75674e-20)
(26.0322 2.60125 0)
(-1.20049 2.75903 -7.75574e-18)
(32.151 13.6551 -9.27262e-18)
(20.8391 17.0226 7.28149e-19)
(16.8363 3.92843 0)
(24.9384 2.34532 -8.33778e-19)
(23.3951 2.42271 -3.05437e-18)
(30.5169 7.84254 -5.39842e-18)
(32.4421 12.2493 -1.12979e-17)
(24.7688 1.91793 1.03466e-18)
(24.4448 2.62663 0)
(25.094 2.07332 2.02999e-20)
(16.4673 6.11013 -1.74338e-17)
(30.0164 12.8608 -3.73449e-18)
(-1.18916 1.32349 0)
(29.8659 7.93275 -4.77068e-18)
(30.401 8.28593 3.82316e-18)
(3.03811 5.38224 3.4308e-18)
(3.59852 5.5631 8.00492e-19)
(28.5118 7.62994 -1.05241e-18)
(26.2351 3.13008 -7.95486e-19)
(30.7033 8.79823 -4.54605e-18)
(16.871 11.515 -1.6209e-19)
(28.7662 3.93518 -3.93369e-18)
(28.9468 4.04921 0)
(2.60818 0.458837 7.47035e-18)
(29.6998 7.98952 4.07541e-18)
(16.9799 2.25954 1.34585e-17)
(23.5276 1.61148 2.7741e-18)
(-0.64925 -0.294658 -4.19287e-18)
(23.8032 2.34661 0)
(27.761 4.02852 0)
(-5.78586 -0.644574 -3.90511e-18)
(26.4338 2.07101 -1.12824e-18)
(28.4389 5.4667 -9.49832e-20)
(-2.73722 -0.973561 4.1029e-18)
(-0.621194 0.397275 -2.11766e-20)
(7.84076 1.70222 0)
(9.83272 1.6993 3.39764e-18)
(13.5804 2.72306 3.01193e-20)
(10.063 5.38002 0)
(19.5075 4.60498 9.74656e-19)
(16.8021 3.80771 -8.5363e-18)
(29.7861 8.05447 1.16388e-18)
(27.9653 3.35195 -2.89785e-18)
(-6.90118 2.22364 3.99519e-18)
(30.8561 5.00139 5.95578e-18)
(33.1591 11.5146 -2.34039e-18)
(3.99849 0.72718 0)
(18.4113 4.92634 -2.59453e-18)
(27.4129 2.77613 2.16001e-18)
(25.7178 6.4908 -4.30799e-18)
(25.526 2.82503 -1.03704e-19)
(22.7812 1.90407 0)
(21.2722 17.4044 0)
(24.0106 1.94301 2.0371e-18)
(22.733 2.21482 -4.00951e-18)
(19.9049 1.27059 -1.03287e-17)
(-2.43688 3.09925 0)
(-0.672471 -0.295568 -7.62879e-18)
(21.6668 0.959554 0)
(17.4271 8.20779 1.42329e-18)
(27.4173 13.139 -4.47178e-18)
(29.6428 7.97489 0)
(-0.93718 -0.584829 0)
(5.5173 5.37215 8.18021e-19)
(20.8381 12.7784 2.17223e-18)
(30.0782 8.08748 0)
(26.6203 2.77142 0)
(26.9573 3.03668 -3.38161e-18)
(24.0109 1.81723 0)
(25.3682 2.02288 2.46998e-19)
(24.2855 1.61777 -5.47059e-20)
(29.7207 8.00499 4.49514e-18)
(20.3098 4.99367 -7.55341e-18)
(-2.84155 3.0069 -2.58915e-18)
(24.697 1.62668 0)
(-7.57318 -3.77834 0)
(-4.79851 -2.23192 -3.00276e-18)
(0.535532 1.35832 4.14175e-18)
(5.00908 4.56677 6.40592e-18)
(8.62731 1.60654 -3.19168e-18)
(7.84504 1.26299 -3.37598e-18)
(5.95034 3.22766 9.86984e-19)
(19.8555 4.79802 -4.56747e-18)
(28.9244 7.76628 0)
(26.7582 7.04126 -4.6025e-18)
(29.834 8.06311 -1.17934e-18)
(29.8713 8.06185 -3.62224e-18)
(29.9132 8.05996 0)
(26.3374 2.80067 -9.87799e-19)
(24.7062 2.08413 1.13881e-18)
(29.7223 8.14832 -4.65075e-18)
(16.009 10.384 -7.64673e-18)
(-9.49514 -4.17182 0)
(-3.17616 4.90241 3.91793e-18)
(23.1747 1.38659 -4.13624e-18)
(26.8587 3.46768 1.67783e-18)
(28.2246 4.0308 -6.65231e-18)
(26.8297 2.68446 5.03624e-20)
(29.736 8.004 -1.05726e-18)
(22.2707 5.54544 0)
(23.194 1.2291 -3.24849e-18)
(23.2968 1.21382 6.23313e-18)
(-0.596517 4.79372 -3.59177e-18)
(25.108 2.33354 6.26119e-19)
(30.4358 8.26232 3.42448e-18)
(18.4846 4.39715 -1.26893e-18)
(22.3253 1.99582 -4.39932e-18)
(-3.77807 3.64799 8.25891e-18)
(22.8419 1.09837 -9.74601e-19)
(21.4359 1.50172 -5.82688e-18)
(4.39286 4.71911 -3.19137e-18)
(4.65587 3.54437 -3.28128e-18)
(24.3115 2.10833 -1.72741e-18)
(28.2987 3.23666 0)
(26.1238 2.35028 2.29976e-20)
(25.4879 2.06606 -4.23034e-21)
(23.2309 1.40557 -2.39756e-18)
(28.4005 3.09896 3.38115e-18)
(23.6145 2.31851 -8.16742e-20)
(27.748 3.90026 0)
(30.1166 8.31776 6.61911e-18)
(5.98194 1.13319 -7.77013e-18)
(21.7418 2.03263 -1.11151e-17)
(25.0601 2.70629 0)
(24.6659 2.0704 0)
(31.4098 10.2324 -8.24834e-19)
(31.8888 10.1147 -7.71989e-18)
(31.6008 8.70234 -8.82603e-18)
(28.1934 3.36154 1.01042e-19)
(30.7423 5.62582 0)
(23.0744 1.40676 -8.55069e-19)
(23.2459 1.4619 -1.74173e-20)
(20.6529 1.57433 -7.04471e-18)
(15.5822 3.55401 -1.48428e-18)
(20.0487 1.01219 1.00642e-17)
(27.271 3.49378 -2.11521e-18)
(27.2304 2.61061 0)
(24.7001 2.26531 -1.15121e-18)
(21.2507 0.759954 -6.19931e-18)
(19.885 0.307119 9.2449e-18)
(24.2217 1.84308 -1.72797e-18)
(23.5401 1.66413 0)
(28.0053 4.54152 1.98546e-19)
(4.48643 4.90977 0)
(5.34867 3.39001 7.91874e-21)
(18.5428 7.91128 0)
(23.6949 1.90456 0)
(22.881 2.26622 -1.15799e-19)
(22.7923 2.21539 3.90508e-18)
(30.7412 8.58546 -6.10961e-18)
(30.8419 8.71927 -1.24008e-17)
(30.7464 8.86678 -7.75473e-18)
(30.1142 9.20947 5.02097e-18)
(29.7822 8.8571 1.29067e-18)
(17.0236 11.8751 -7.69758e-18)
(-9.3415 -2.4571 0)
(23.7787 2.09426 7.47138e-20)
(21.0551 16.4821 -9.79904e-19)
(19.4614 2.74368 -9.82334e-20)
(21.1504 1.30291 -4.67797e-18)
(5.93494 1.13397 -1.81411e-18)
(0.649482 -0.511871 1.76704e-18)
(25.4562 6.60406 -3.68493e-18)
(31.0124 7.69369 0)
(31.7924 7.84588 -6.64796e-18)
(9.81023 2.77937 7.09582e-20)
(22.1975 0.985486 0)
(29.7971 11.4651 -6.47399e-18)
(33.1125 8.25379 -1.4459e-19)
(19.9394 0.455584 -8.57624e-18)
(31.9566 9.6638 7.68815e-18)
(17.2784 7.99638 -1.29028e-17)
(6.73338 1.05918 -2.55318e-18)
(22.4008 1.99707 -8.54107e-18)
(-10.1024 -4.50677 0)
(28.8121 7.1212 0)
(-4.6389 -1.97105 3.02636e-18)
(4.57477 5.3062 0)
(3.79192 5.39474 -4.27691e-18)
(20.4282 3.70339 1.79488e-18)
(20.6366 2.64779 7.06566e-18)
(29.9297 8.02508 -1.10196e-18)
(29.8111 8.00722 0)
(30.2266 8.03338 5.33388e-18)
(26.3911 2.92295 -3.31252e-20)
(23.8411 1.93981 -7.37689e-20)
(23.7648 1.9639 2.34134e-18)
(23.132 2.13292 0)
(30.4259 9.04576 -7.18548e-20)
(30.4062 9.24815 0)
(29.7029 8.18271 1.17485e-18)
(29.937 4.72806 -5.33284e-18)
(16.455 2.32648 -1.4513e-17)
(17.6616 5.11707 3.18417e-18)
(24.6881 1.73557 0)
(18.2697 7.76978 2.37222e-18)
(21.2557 2.22273 -6.09454e-18)
(21.3733 2.12985 0)
(24.9919 6.45393 0)
(22.0928 1.71389 -6.0679e-18)
(22.4211 1.69999 4.89625e-18)
(24.2076 2.03926 5.62075e-20)
(24.0852 1.92323 0)
(23.7585 2.04783 -7.76045e-20)
(22.965 2.21905 3.53877e-18)
(30.9391 11.6032 0)
(29.7254 8.18243 4.55972e-18)
(30.0142 8.93901 0)
(22.827 1.49459 2.88134e-18)
(30.1199 5.00094 -5.55177e-18)
(16.4661 3.77136 0)
(-1.23125 0.266263 8.35128e-18)
(24.1648 1.61358 0)
(24.2961 1.66346 -5.24064e-20)
(24.5528 2.36726 2.76344e-18)
(29.7081 6.24073 0)
(33.4936 9.08768 -8.77004e-18)
(25.445 12.5573 5.78689e-18)
(-8.06855 -1.26876 5.12534e-18)
(21.315 0.589774 -8.59145e-19)
(20.2493 2.05082 5.77299e-18)
(24.0324 1.33795 2.15062e-18)
(21.3394 1.65823 6.00253e-18)
(3.85891 3.1176 0)
(10.4546 1.82469 0)
(25.2325 2.63287 9.01488e-19)
(23.5365 1.95792 0)
(23.4582 1.98751 0)
(23.2144 2.09373 -3.30015e-18)
(-7.44909 -0.0584835 4.82428e-20)
(-9.43964 -4.01397 4.67593e-18)
(3.80759 0.694207 0)
(-1.30902 0.650794 -1.13152e-19)
(21.1722 12.13 0)
(29.6575 7.98009 -1.99048e-18)
(16.2056 9.21868 -1.44157e-17)
(18.6439 2.97357 -1.03917e-17)
(30.1942 8.0229 5.24642e-18)
(17.4297 4.57441 1.52043e-17)
(24.7638 2.7126 -3.40706e-20)
(23.6597 1.80525 3.22212e-19)
(23.2962 2.05656 0)
(22.9919 2.073 -3.65173e-18)
(22.6346 2.42567 -1.26491e-19)
(19.3533 2.21864 2.31847e-18)
(29.6638 8.19797 8.25457e-18)
(29.8757 8.80026 0)
(16.0446 10.784 1.01726e-17)
(22.3962 2.61336 0)
(22.2435 2.75471 -4.72811e-18)
(22.1725 2.83151 0)
(32.0032 8.52041 1.83856e-18)
(-1.9683 4.91956 -3.95862e-18)
(29.6789 4.75427 5.0255e-18)
(29.0244 12.2799 -6.2633e-18)
(26.394 2.46806 1.0561e-18)
(9.86325 2.06324 -7.86626e-18)
(24.109 1.54885 3.96774e-18)
(25.1098 1.85538 -6.23763e-19)
(25.2156 1.85678 0)
(24.3391 1.67961 -1.57603e-18)
(10.803 2.28259 0)
(29.7633 8.01008 1.08183e-18)
(29.7222 8.00515 0)
(29.6893 8.00149 4.02711e-18)
(29.7168 8.00447 -1.04245e-18)
(23.7424 2.21321 2.37938e-18)
(23.7355 2.29496 2.54798e-18)
(29.5702 7.75933 5.09038e-18)
(16.5103 2.64731 1.83681e-17)
(30.4466 7.77917 0)
(1.05651 4.07248 0)
(22.2594 17.5594 -2.36107e-18)
(32.5946 9.42849 8.2012e-18)
(22.6893 1.95088 0)
(30.6176 7.89888 4.1154e-18)
(33.7376 14.1636 0)
(27.7753 4.56352 2.98237e-18)
(4.5197 5.47861 0)
(5.58899 5.46684 -7.85189e-19)
(9.75731 1.96421 0)
(6.62746 0.732316 7.79456e-18)
(20.6161 4.96713 0)
(17.8339 4.17323 8.81518e-18)
(26.6464 2.38816 0)
(2.09657 5.38908 3.31162e-18)
(12.5359 2.68907 0)
(5.13189 0.957452 1.7588e-18)
(27.7987 12.848 2.61641e-18)
(20.6744 1.77225 0)
(21.893 16.7075 0)
(23.8554 1.35804 0)
(23.6622 2.32529 2.64867e-18)
(23.5173 2.39167 0)
(23.0182 2.68843 1.0958e-19)
(20.4032 1.9105 7.43529e-18)
(30.983 8.62386 6.33316e-18)
(30.9816 11.1373 7.41226e-18)
(31.1944 8.2045 4.76383e-18)
(-8.33799 -0.0411628 -8.17876e-18)
(33.4177 11.705 -2.43847e-18)
(28.4964 12.4281 5.88996e-18)
(23.2324 2.54793 3.06862e-18)
(17.682 0.641442 0)
(22.5373 1.04253 0)
(27.0649 14.3454 2.6994e-18)
(24.1213 1.32359 1.80345e-18)
(20.4506 3.79959 7.1387e-18)
(20.8638 2.92005 -3.84533e-18)
(21.1409 2.32644 0)
(20.9774 2.2731 0)
(18.5447 8.23085 -1.24344e-17)
(18.5886 8.55807 7.86072e-18)
(21.4876 2.26711 0)
(21.4934 2.04397 -5.76059e-18)
(21.6131 1.96523 -5.56929e-18)
(21.7338 1.89302 6.56398e-21)
(24.4689 2.7362 0)
(25.7561 2.67162 -7.68542e-21)
(23.3241 2.01358 3.04303e-18)
(22.5598 2.32498 4.13674e-18)
(22.4142 2.55596 0)
(22.3356 2.62357 0)
(22.1839 2.76896 0)
(-9.14457 -2.18937 0)
(18.072 15.0445 3.13223e-18)
(29.7506 12.4107 -3.60264e-18)
(24.0781 6.13682 -3.8906e-18)
(30.2891 7.93478 -4.88779e-18)
(33.1985 9.07252 8.45242e-18)
(25.121 2.37436 6.07743e-19)
(17.7528 5.64183 -1.25019e-18)
(25.6607 12.5532 7.04756e-19)
(27.7788 11.9765 2.21479e-18)
(18.7992 0.721716 1.2675e-17)
(22.4285 1.93933 4.40655e-18)
(29.9967 7.9874 -1.18056e-18)
(28.2802 12.2884 0)
(4.58562 5.19054 -3.53019e-18)
(12.5345 2.74807 -7.20474e-19)
(6.61722 0.959617 8.51196e-19)
(9.50416 1.64618 -3.30202e-18)
(24.6855 2.69013 -1.24238e-18)
(25.4263 2.60237 1.9908e-19)
(22.4596 1.46285 -1.06878e-18)
(30.5112 8.2218 0)
(31.7445 8.68418 1.41648e-17)
(32.2296 10.0702 0)
(26.4174 3.16749 0)
(30.6799 14.0236 -8.59056e-18)
(20.2863 1.60224 1.93539e-18)
(33.1059 10.3907 -8.79768e-18)
(-7.36197 -3.39844 1.0436e-18)
(24.5778 1.88729 5.2072e-20)
(14.885 3.38033 -4.67833e-18)
(8.1266 1.19759 0)
(-0.748415 -1.26273 1.71972e-17)
(2.188 3.99962 3.48981e-18)
(0.832054 4.99325 -3.54447e-18)
(29.1571 7.7258 9.97244e-18)
(23.2423 2.41511 -4.16038e-21)
(29.5794 11.0711 -1.38481e-18)
(21.3343 12.2205 0)
(17.8666 2.21646 -1.17257e-17)
(19.8018 11.6914 -1.98278e-18)
(21.9736 1.76851 0)
(22.6395 5.69731 1.16959e-18)
(22.2101 1.66545 4.63628e-18)
(27.1506 2.99549 0)
(23.4057 1.97812 2.83243e-18)
(23.9514 1.75561 -2.16901e-18)
(22.6202 2.32217 4.02341e-18)
(22.5939 2.5328 -1.2558e-19)
(19.0595 2.68056 -2.32734e-18)
(22.2122 2.6497 0)
(29.9746 13.0606 -7.67048e-18)
(16.3217 4.77836 0)
(28.5679 12.3065 -5.88995e-18)
(23.8047 1.52571 -2.46065e-18)
(29.71 8.00033 6.65257e-21)
(24.9899 2.39961 -2.37216e-20)
(23.7569 2.33906 -2.46263e-18)
(29.6807 7.9883 -3.94979e-18)
(22.4956 1.15827 3.18756e-18)
(25.5474 12.5018 1.96405e-18)
(29.0852 3.43277 0)
(-0.588697 -0.139262 0)
(3.54735 5.52754 2.41696e-18)
(4.68357 5.22569 0)
(26.3466 6.88412 5.04768e-18)
(22.3947 1.6343 -8.26891e-21)
(30.0128 8.0516 -3.80097e-18)
(24.2316 2.2021 -5.73061e-20)
(30.331 8.07398 5.54979e-18)
(30.8595 8.11629 -6.07298e-18)
(29.6885 8.10651 -4.68508e-18)
(29.6448 8.21317 -4.5425e-18)
(25.1728 2.10182 5.52759e-19)
(16.9925 5.33148 -3.24529e-18)
(18.0165 11.1311 8.79921e-18)
(20.3021 0.653431 -7.66733e-18)
(29.9368 7.99891 1.16692e-18)
(21.8724 1.55058 0)
(30.2798 9.49754 -5.31339e-18)
(0.416002 1.04671 4.28224e-18)
(1.29511 1.09706 -3.93553e-18)
(4.76923 5.34513 0)
(21.1191 2.41516 0)
(21.2318 2.30825 1.22312e-17)
(18.6569 8.87607 -1.186e-17)
(21.3441 2.21052 0)
(21.4602 2.12236 0)
(21.5983 2.18056 -5.55618e-18)
(21.5783 2.04002 5.60207e-18)
(21.9372 2.09441 5.34984e-18)
(18.8076 3.03001 1.24296e-17)
(18.2312 3.34791 1.9271e-17)
(17.8934 3.45405 -1.15454e-17)
(30.0345 8.0508 1.10977e-18)
(30.3645 8.19232 -1.387e-18)
(30.6899 8.53176 0)
(31.1267 9.25205 6.63748e-18)
(28.8303 15.1733 3.71863e-18)
(29.9773 14.4492 8.07168e-18)
(30.3898 9.17395 0)
(30.1921 9.3088 7.37851e-19)
(29.9797 9.21054 5.8714e-18)
(29.9809 9.08525 -7.17201e-19)
(19.2081 2.27729 7.03699e-18)
(22.7425 1.58577 4.19953e-18)
(22.7645 1.48082 -3.00418e-18)
(29.4194 13.003 0)
(26.5572 2.39851 1.30378e-18)
(14.1648 3.21457 0)
(1.82804 0.38165 8.29204e-18)
(28.3578 11.9514 -5.29087e-20)
(30.2227 7.93646 -4.92162e-18)
(21.145 0.726488 -6.36993e-18)
(34.7695 10.9933 1.34861e-18)
(19.7141 0.284446 -9.58363e-18)
(17.0885 9.23639 0)
(16.5555 9.11342 1.1249e-17)
(17.5716 9.30379 -9.42051e-18)
(31.3592 12.7332 0)
(27.651 13.8007 0)
(22.6262 1.94694 2.77757e-21)
(17.2264 5.24334 -3.12782e-18)
(29.7157 7.96123 -1.14194e-18)
(23.973 2.25821 -2.16545e-18)
(27.4766 14.8913 2.8451e-18)
(18.7656 2.69437 0)
(29.8926 8.05143 4.81142e-18)
(26.1794 15.8838 0)
(24.599 1.97207 4.10952e-20)
(30.6644 11.4537 -1.79094e-18)
(14.2243 6.89777 1.84934e-17)
(28.4868 11.9477 0)
(26.9401 3.54277 0)
(30.9365 7.98827 -1.1835e-17)
(3.8647 0.177665 0)
(30.2478 12.5558 -4.01475e-18)
(29.707 8.00239 0)
(23.7028 2.12149 -2.46079e-18)
(19.467 2.88968 -2.00408e-17)
(24.8966 1.85157 8.72755e-19)
(30.3736 8.02774 -1.18564e-18)
(28.342 7.40032 0)
(29.6439 7.66411 1.32822e-18)
(32.3998 11.5408 0)
(25.1192 2.26538 -1.96095e-20)
(32.0585 7.79479 4.79981e-19)
(17.2303 6.68992 -3.03806e-18)
(19.0419 5.17952 -9.08966e-18)
(17.6733 8.17774 0)
(29.38 12.0298 -2.44622e-17)
(27.8956 4.58919 2.67695e-18)
(2.04741 3.64663 -3.799e-18)
(26.4024 16.1711 -2.75833e-18)
(23.4817 2.0379 0)
(23.3811 1.92625 -4.25024e-21)
(23.3211 2.10551 9.41287e-20)
(22.8698 1.45168 9.61633e-19)
(22.7906 1.37392 -3.86919e-18)
(29.2423 12.5307 0)
(28.7427 12.8647 6.28519e-18)
(28.5626 12.8596 0)
(20.5195 10.5081 0)
(17.8649 5.05207 2.20924e-19)
(27.1151 3.53948 0)
(28.0756 3.05725 -3.07764e-18)
(24.7566 1.72419 1.06337e-18)
(24.707 1.66738 1.75958e-20)
(16.8664 3.01781 1.73457e-17)
(30.9492 10.2403 -3.83424e-18)
(22.9978 1.77324 0)
(19.3491 2.96551 -6.79098e-18)
(18.9382 2.93431 -2.35752e-18)
(18.1 3.48548 2.97124e-18)
(18.3618 3.69691 -1.32848e-17)
(30.2914 8.21722 1.04376e-18)
(29.9996 8.01769 0)
(26.0099 2.67284 5.53734e-19)
(24.1809 2.0711 0)
(24.5164 2.05776 -1.44188e-18)
(23.9477 1.88354 6.70862e-20)
(23.716 1.95258 2.59609e-18)
(22.7398 2.3171 0)
(19.4662 2.45784 -8.89645e-18)
(31.5053 14.3456 -4.81555e-18)
(-9.58171 -3.10836 -4.44533e-18)
(29.4149 4.23437 0)
(31.4183 7.95494 1.28775e-17)
(25.6086 2.11019 -6.75824e-20)
(18.062 4.5012 -2.97325e-18)
(17.9157 4.86754 2.1608e-19)
(29.7017 7.99112 -3.82598e-18)
(27.4095 2.70743 -2.294e-18)
(22.1561 1.11664 1.18866e-18)
(27.0183 2.61939 -1.83261e-18)
(31.8433 9.34335 7.39835e-18)
(13.0265 3.21803 6.00211e-18)
(0.463399 0.279438 -2.67975e-20)
(17.5231 9.88384 0)
(22.813 1.85448 2.3715e-19)
(17.0133 2.55565 -3.63298e-18)
(29.1417 13.5727 0)
(0.764051 1.96051 -1.00412e-18)
(6.17038 5.05922 -4.78878e-21)
(7.75047 5.18234 3.59632e-18)
(3.87851 5.03546 3.20747e-18)
(5.31511 3.11178 6.43174e-18)
(3.7704 1.59714 -4.56176e-18)
(8.84782 2.04107 0)
(18.5306 8.73212 -8.21912e-18)
(18.6119 9.04322 1.55669e-17)
(21.3802 13.4156 8.64076e-20)
(8.99004 1.40746 -3.59827e-18)
(9.31533 5.28512 0)
(26.3566 6.90683 4.1071e-18)
(29.7489 8.01967 1.13367e-18)
(29.987 8.04218 -1.25806e-18)
(17.1906 4.6156 1.2917e-17)
(26.0185 2.718 -5.52694e-19)
(15.2973 6.13959 4.22188e-19)
(30.3669 8.13946 -5.61812e-18)
(30.4466 8.30598 -7.05318e-18)
(30.4743 8.40159 -1.14714e-17)
(30.5895 8.42723 -4.39856e-18)
(30.7169 8.45638 -7.54187e-18)
(30.8942 8.78847 6.29988e-18)
(30.887 8.94933 1.12025e-17)
(30.8662 9.11609 -6.38472e-18)
(31.2585 9.72782 0)
(31.5695 10.651 0)
(31.5472 8.83762 -1.75886e-18)
(30.5566 9.00096 0)
(29.9697 9.02883 7.17213e-19)
(14.3164 7.36118 0)
(15.8811 12.5783 0)
(-5.75882 3.07825 -3.95028e-18)
(26.1006 3.1241 2.07431e-20)
(25.7937 3.12599 -1.38034e-20)
(26.4136 2.33717 3.23281e-20)
(20.8391 1.0742 -6.76038e-18)
(23.973 1.67495 -6.82081e-20)
(-0.951603 -1.30738 -1.05335e-17)
(27.9186 12.3525 1.04738e-17)
(21.9245 1.04575 5.25544e-18)
(16.2826 2.85548 -1.8755e-17)
(32.7508 9.24597 -1.65707e-17)
(31.9119 7.5662 -1.39018e-17)
(33.3137 8.18706 8.26206e-18)
(1.39169 0.384868 -1.23311e-17)
(32.5364 11.9871 -7.01309e-18)
(32.2965 9.23203 -9.82928e-18)
(24.8317 2.45444 -1.01204e-18)
(20.3678 2.02568 -5.6002e-18)
(26.3045 14.1745 -6.58939e-18)
(24.5173 1.78674 -4.47653e-20)
(31.3347 8.43145 -1.64707e-18)
(15.6405 3.67406 1.60171e-17)
(18.6188 2.78951 1.03106e-17)
(19.2485 1.95985 -1.16722e-17)
(17.5827 12.2627 4.83822e-18)
(28.9242 11.7904 -6.07507e-18)
(17.0622 10.8869 1.05336e-17)
(30.0236 7.82511 4.96597e-18)
(30.6618 9.32832 -1.25857e-17)
(29.6684 12.0984 -6.55907e-18)
(19.3039 0.872311 2.36188e-18)
(19.1062 0.538659 2.35908e-18)
(19.0133 0.363681 1.03314e-17)
(-1.79254 4.96182 0)
(28.8208 6.49929 4.70928e-18)
(-2.15603 -1.17112 4.17012e-18)
(2.54223 2.60151 2.97776e-18)
(3.05089 5.04357 3.53563e-18)
(3.04542 1.67543 3.87502e-18)
(20.7061 3.10036 6.53425e-18)
(20.7798 2.95234 7.9181e-18)
(20.8864 2.83198 0)
(21.2986 2.37993 -3.00942e-20)
(21.3157 2.05878 5.99804e-18)
(21.515 2.19191 0)
(28.0288 7.45842 -1.0479e-18)
(26.9146 7.08511 4.19738e-18)
(18.8378 3.19948 -1.25287e-17)
(29.4753 7.96356 1.04188e-18)
(30.3231 8.22844 3.15726e-18)
(29.7825 8.0535 -3.17204e-18)
(30.4415 8.21476 3.17874e-18)
(30.3078 8.17437 -1.0544e-18)
(30.0432 8.07511 0)
(29.8095 8.01071 5.40258e-18)
(29.7841 8.00802 4.56569e-18)
(29.8161 8.00646 3.43816e-18)
(29.8227 8.00711 1.15183e-18)
(29.7925 8.07945 -1.68193e-20)
(29.8543 8.05414 -1.1954e-18)
(29.8746 8.02139 -1.20215e-18)
(29.9363 8.04658 4.94801e-18)
(29.9598 8.05603 4.99751e-18)
(23.7933 1.92779 -2.33688e-18)
(29.0343 14.9474 3.78367e-18)
(29.5253 14.7268 -3.93431e-18)
(30.38 14.1206 -4.08282e-18)
(29.6689 8.11174 1.98106e-18)
(30.1375 13.229 3.85202e-18)
(-4.40404 4.48357 -4.02554e-18)
(-1.8987 4.66294 0)
(29.1827 4.31954 0)
(29.3612 4.49271 -4.82563e-18)
(29.584 12.4667 3.5167e-18)
(28.4959 12.1775 5.78184e-18)
(30.1997 10.9451 -8.11405e-18)
(24.0529 1.6587 -2.02049e-18)
(21.4369 5.32371 1.28444e-18)
(28.014 12.6271 8.15358e-18)
(1.33379 -0.791532 -6.2467e-18)
(32.6777 8.72505 0)
(21.5158 21.194 4.29085e-18)
(30.0813 12.4249 0)
(29.724 8.00409 4.21607e-18)
(18.4218 1.16175 -1.08056e-17)
(18.9147 4.44412 -1.56793e-19)
(23.5653 1.57702 -2.81806e-18)
(31.383 8.63045 0)
(27.464 12.4506 -7.37447e-18)
(34.6964 10.6596 -1.34861e-18)
(19.0225 11.8527 -5.20945e-18)
(27.3083 7.2039 -8.7426e-19)
(17.0231 8.0212 8.55168e-18)
(16.8986 8.25687 2.88138e-18)
(31.377 12.32 0)
(27.4643 13.7097 5.25867e-18)
(25.5893 2.81819 -1.72136e-20)
(-6.20963 -3.19958 6.31671e-18)
(30.7088 9.61827 -8.09741e-18)
(30.6801 8.04282 0)
(20.5479 3.82485 -1.23146e-17)
(20.6322 12.4385 2.51974e-18)
(20.6536 13.1705 3.04368e-18)
(21.43 12.8016 -2.09102e-18)
(12.835 2.50163 0)
(11.8309 2.20957 -7.37677e-18)
(18.1704 3.67627 1.3975e-17)
(17.828 3.24226 0)
(17.9344 2.88343 -1.43899e-17)
(17.1469 4.19363 9.84327e-18)
(30.2403 8.15819 1.05439e-18)
(29.7955 8.01093 -1.1619e-18)
(29.8189 8.05534 -8.20269e-18)
(24.321 2.03401 0)
(26.4668 2.8752 3.43606e-20)
(31.8602 9.94581 7.7478e-18)
(31.4268 10.3879 1.39896e-17)
(31.6936 10.9514 -8.03935e-18)
(31.2733 11.2441 1.91086e-18)
(19.3324 2.52072 0)
(13.9657 7.70206 1.83237e-17)
(29.8402 13.5153 3.86042e-18)
(31.2379 13.8316 1.35803e-17)
(20.0514 1.26505 2.03675e-18)
(-8.85835 -1.49139 -4.12149e-18)
(-9.53856 -2.82685 -4.3775e-18)
(-9.69338 -3.39995 0)
(29.3447 13.1816 3.43973e-18)
(32.867 10.293 1.1043e-17)
(-4.28711 4.5604 -4.04819e-18)
(18.5609 15.3025 -2.5628e-18)
(32.5358 15.0344 -2.20351e-19)
(20.7054 1.47099 1.39783e-17)
(21.6621 12.355 1.47612e-18)
(19.1489 1.20271 -2.34794e-18)
(21.0217 11.8465 -4.67618e-18)
(27.0265 3.51262 5.70265e-20)
(31.3025 7.8188 -7.84361e-18)
(17.948 11.6688 6.58165e-18)
(21.0819 18.0765 0)
(22.3625 20.5373 -4.72787e-18)
(30.2208 12.7785 8.07551e-18)
(31.5494 7.89162 -6.40694e-18)
(21.6244 1.12494 1.40865e-18)
(29.6956 7.9995 1.12383e-18)
(18.8337 4.31117 7.24982e-18)
(33.4667 8.63402 -2.16016e-18)
(-3.14941 3.37182 2.18744e-18)
(12.6929 3.67738 -2.98199e-17)
(19.8395 0.586559 -2.1313e-18)
(17.1489 8.9697 1.02635e-17)
(3.28465 -0.193699 0)
(20.0336 2.93344 0)
(12.07 5.7172 5.68433e-17)
(-4.7425 0.412554 0)
(19.7718 2.06722 8.47645e-18)
(23.0892 1.74072 3.58115e-18)
(20.4165 11.5623 -1.63306e-18)
(20.8478 11.931 0)
(24.9227 2.69412 2.87873e-20)
(25.1063 2.6555 6.47029e-19)
(24.1981 2.11512 5.67798e-20)
(16.3234 5.04316 3.60045e-18)
(15.9414 6.45193 -3.38426e-19)
(30.6635 11.7504 2.00887e-19)
(18.6313 1.85318 1.30347e-17)
(26.3919 3.23587 0)
(16.4065 10.9878 0)
(25.1815 1.9929 -4.75666e-19)
(28.8845 11.9107 6.15386e-18)
(24.2202 1.67657 1.88519e-18)
(18.8844 19.8884 0)
(29.6955 7.99239 0)
(27.3037 3.60138 2.16264e-18)
(17.2679 1.27732 0)
(18.5889 4.17016 2.54066e-18)
(16.4793 7.47146 -1.6364e-17)
(32.0844 11.8496 8.75381e-18)
(33.6189 9.30689 -1.80566e-17)
(18.6759 4.03591 7.64683e-18)
(1.72243 0.399543 2.5115e-17)
(20.3917 3.5125 -1.84483e-18)
(20.4579 3.35286 7.19628e-18)
(20.5325 3.19895 7.16284e-18)
(20.6178 3.04959 -7.05547e-18)
(22.6695 13.6467 5.78269e-19)
(17.3731 3.89841 0)
(14.0866 2.93663 0)
(24.8677 2.64234 9.78805e-19)
(24.9406 2.73419 -9.16306e-19)
(25.6967 2.56766 -3.74343e-21)
(15.2226 10.3155 -1.45002e-17)
(15.6736 10.108 8.74091e-18)
(31.5582 13.59 0)
(17.3685 12.6339 -6.39542e-18)
(25.2802 2.10375 0)
(19.5816 15.5525 1.07469e-18)
(23.0007 1.32702 3.56961e-18)
(28.5576 12.0628 -5.78183e-18)
(15.644 3.61668 4.80102e-18)
(31.4868 7.7546 0)
(29.7084 7.99685 0)
(23.4628 1.53937 0)
(33.0736 8.88574 8.13685e-18)
(30.2454 7.93315 0)
(23.2215 2.45921 -3.07944e-18)
(23.1886 2.63637 7.68412e-19)
(30.4854 7.83996 0)
(25.9004 2.38109 1.40402e-20)
(-1.12488 -0.867887 -5.3568e-18)
(17.3056 9.43385 -9.53731e-18)
(20.3066 2.25173 7.55867e-18)
(22.7794 0.999416 3.40919e-18)
(-0.601408 -1.03827 0)
(-3.42028 3.59671 -2.02957e-18)
(-0.926282 -0.219181 0)
(4.23873 2.92811 4.93686e-18)
(20.1055 12.0295 -5.28602e-18)
(29.7587 8.03757 -1.14166e-18)
(31.7335 10.2246 2.10421e-18)
(31.0882 10.8277 0)
(32.2699 10.4821 -1.86123e-18)
(29.623 12.9603 -7.18089e-18)
(6.95434 5.31025 -3.18823e-18)
(34.4146 11.2301 1.01665e-17)
(30.7763 7.79598 0)
(35.1583 12.4754 1.17045e-17)
(30.2943 7.46318 5.76491e-18)
(22.4712 1.01716 0)
(22.6139 1.13505 -4.0777e-18)
(35.1498 11.1837 -1.30808e-17)
(21.8261 1.61631 -5.24226e-18)
(8.1321 1.27585 3.43502e-18)
(20.9021 2.64456 -6.62856e-18)
(21.0107 2.52826 0)
(21.1564 2.56277 0)
(19.0837 9.94231 7.9844e-20)
(19.7852 10.6532 0)
(20.3502 11.2429 -1.81045e-18)
(21.0467 12.8732 -1.68722e-18)
(20.8931 13.2711 -9.13483e-19)
(23.5706 14.2417 -8.29989e-19)
(19.8272 4.66054 3.35253e-18)
(21.168 1.99233 -1.57687e-18)
(25.6319 6.66166 0)
(18.9204 3.50695 1.44777e-19)
(17.7303 3.98257 -1.17116e-17)
(30.3657 8.19794 1.0589e-18)
(24.0561 1.95589 6.44495e-20)
(16.4003 4.76489 -1.81635e-17)
(22.9939 2.26801 3.51792e-18)
(30.4091 8.21823 -4.22793e-18)
(30.8579 8.48877 0)
(31.4275 9.91694 1.49531e-19)
(31.5801 10.1331 7.76738e-18)
(31.7418 10.3945 -9.61293e-18)
(27.7334 15.3398 -9.43927e-18)
(31.3683 10.8951 -7.82478e-18)
(31.1544 11.1063 -5.50368e-18)
(28.9352 14.6533 0)
(30.9171 11.2973 1.46273e-17)
(31.2102 11.4173 -1.91086e-18)
(30.7149 11.0486 7.10617e-18)
(30.6381 9.24315 0)
(30.4784 8.98654 6.64816e-18)
(30.1197 9.27426 7.16091e-19)
(30.0438 9.11437 0)
(30.8362 8.19539 -6.00082e-18)
(31.7752 9.20848 7.33695e-18)
(31.0551 8.34114 -1.25912e-17)
(14.5687 6.14703 -4.51252e-18)
(15.093 7.17461 5.16669e-17)
(32.4289 10.1488 0)
(14.7696 7.47931 -1.23473e-17)
(31.2326 14.1193 -4.6094e-18)
(31.8383 14.1944 -1.99396e-19)
(31.2375 8.1033 1.61527e-18)
(32.1612 14.3957 4.93645e-18)
(19.9766 1.76263 0)
(20.3386 1.48392 1.86371e-18)
(17.3932 11.9408 0)
(28.2326 3.07699 -3.15072e-18)
(17.0586 14.968 0)
(19.1835 15.9827 0)
(29.2989 12.8398 3.36144e-18)
(21.3744 1.15708 5.96712e-18)
(19.8966 1.00777 -2.04119e-18)
(16.1287 9.56131 1.41639e-17)
(18.4641 4.76929 2.59452e-18)
(27.5883 12.4981 0)
(21.6455 15.9523 0)
(21.509 16.4035 9.59411e-19)
(18.6228 12.1769 5.40977e-18)
(21.654 1.21229 0)
(29.7664 7.91053 4.65843e-18)
(34.2675 14.8646 -5.96321e-18)
(24.7963 1.73907 1.03859e-18)
(21.966 0.900926 -5.91009e-18)
(30.8637 7.62884 0)
(13.6355 3.21102 0)
(17.7641 5.44965 1.47402e-18)
(30.8303 9.2853 -1.69973e-18)
(28.1064 13.4157 -5.88048e-18)
(24.8124 20.1025 4.41369e-18)
(20.2414 14.1455 -8.28879e-19)
(-6.09868 -2.53262 -3.84216e-18)
(1.50314 3.58907 0)
(17.3815 6.3098 -1.19808e-17)
(16.9422 6.09516 -2.77558e-19)
(17.6215 9.06064 6.86463e-18)
(31.6073 12.797 9.0155e-18)
(27.0928 14.1191 0)
(18.0246 10.1012 -1.62071e-17)
(27.4884 2.33676 0)
(20.2042 0.350377 0)
(17.6199 0.137069 -1.15179e-20)
(30.3606 9.54373 -6.52113e-18)
(23.559 1.32669 2.4507e-18)
(-9.61584 -4.29886 0)
(1.274 3.62937 0)
(19.3052 10.1858 2.94563e-18)
(18.5471 3.26487 1.31789e-17)
(18.476 3.56482 1.31264e-17)
(28.6094 7.67714 0)
(29.0331 7.80867 3.25621e-18)
(29.7687 8.08367 -3.50311e-18)
(16.6848 4.69755 1.70021e-17)
(26.8097 2.88474 0)
(30.4313 8.36496 1.12533e-17)
(30.5631 8.49385 4.37678e-18)
(30.8288 8.57411 0)
(30.8405 8.87229 -4.71647e-18)
(30.8265 9.03196 -1.26195e-17)
(31.2313 9.60319 1.38476e-17)
(31.1503 9.81697 0)
(30.9263 9.83578 0)
(31.5835 10.4808 7.82594e-18)
(31.2036 10.9501 -1.86367e-18)
(31.6277 8.94415 1.75886e-18)
(30.5284 9.13907 0)
(30.7581 8.22911 7.51449e-18)
(19.0909 2.01218 2.3696e-18)
(15.0097 6.7653 1.25156e-17)
(29.9533 8.91731 0)
(32.4617 10.3552 -8.2828e-18)
(20.3276 1.25775 -7.60075e-18)
(32.1133 8.63394 5.58436e-18)
(20.7054 1.26755 -5.27218e-18)
(33.1764 11.2277 2.34039e-18)
(20.4468 10.6481 -2.06639e-18)
(-0.270683 -0.586755 -6.98488e-18)
(20.6668 10.0421 3.87918e-18)
(33.3882 14.9728 5.78684e-18)
(23.7922 1.47475 0)
(20.5676 20.6603 -2.70175e-18)
(34.4246 11.5895 -1.08035e-17)
(23.6881 2.28729 -8.10054e-20)
(18.1451 1.44083 1.12987e-17)
(19.7023 2.87961 6.39263e-18)
(15.9436 2.79317 1.16383e-17)
(17.6123 5.3211 -2.94577e-18)
(33.0101 9.27441 -1.80044e-19)
(23.4681 2.38691 0)
(-8.25773 -0.0311864 0)
(15.5444 3.53827 -1.3881e-18)
(17.4289 7.37548 0)
(33.8231 9.83218 0)
(22.4124 2.11175 4.18409e-18)
(17.8634 10.5542 -1.89708e-18)
(29.6911 11.5651 -5.34922e-18)
(8.90196 1.48408 -8.75416e-18)
(28.7134 3.51649 -3.69717e-18)
(30.9341 9.31362 6.4789e-18)
(16.103 8.00724 -9.85698e-18)
(26.287 2.72853 2.72858e-20)
(32.9271 10.8119 -8.77964e-18)
(32.87 11.628 -2.31064e-18)
(28.8143 11.3778 -5.92153e-18)
(23.206 1.49706 4.03861e-18)
(32.7469 13.5408 0)
(31.203 7.81029 -4.54627e-18)
(28.4534 4.12104 -7.10441e-18)
(34.0236 11.7474 -2.5767e-18)
(22.3778 16.1126 0)
(13.9474 2.77261 0)
(25.2854 20.9104 1.61232e-18)
(34.6887 14.4538 -6.24592e-18)
(23.499 1.17965 2.56935e-18)
(28.5068 5.62114 -3.73095e-18)
(20.4493 3.25027 0)
(20.5152 11.21 3.64654e-18)
(20.2757 12.1745 0)
(21.9657 13.7191 1.06134e-19)
(22.3489 13.8847 -5.27641e-19)
(22.1117 13.9027 -1.06135e-19)
(23.646 13.574 -6.39294e-19)
(26.9472 7.11941 -1.06512e-18)
(29.9402 8.04845 0)
(29.7767 8.0177 0)
(29.7867 8.03718 -1.15588e-18)
(29.802 8.02889 4.66415e-18)
(29.7994 8.0628 8.19694e-18)
(26.5563 16.8602 8.64986e-18)
(24.5684 2.72626 -1.37577e-18)
(24.983 2.67976 0)
(25.1691 2.64398 1.81786e-20)
(26.2439 2.70553 -2.72858e-20)
(26.8452 2.80027 -1.57859e-18)
(26.9062 2.94569 -5.31721e-20)
(15.4205 5.00511 0)
(14.9874 5.52388 1.76641e-17)
(15.3284 6.52181 -1.63118e-17)
(30.7539 11.5995 0)
(30.2263 9.05851 0)
(30.2935 14.3918 -8.22322e-18)
(19.2017 2.74982 2.42466e-18)
(18.9867 1.72471 9.8508e-18)
(15.4768 7.27817 -4.53573e-18)
(14.155 8.25783 1.58011e-17)
(15.336 8.65641 -3.37953e-18)
(14.871 9.97545 1.59092e-17)
(16.7295 12.2415 -9.21552e-18)
(30.909 14.2595 -4.52126e-18)
(19.9322 1.5226 0)
(19.9377 1.89596 0)
(20.1294 1.38137 -7.90089e-18)
(26.1671 3.12711 2.34413e-20)
(29.7578 13.1253 3.7419e-18)
(-4.07185 4.49277 0)
(17.5455 15.3273 3.21722e-18)
(18.0826 14.5139 5.12528e-18)
(18.9631 17.033 -1.43705e-18)
(32.4701 11.045 -2.14779e-18)
(29.894 12.5442 0)
(20.733 16.1236 0)
(29.1667 11.0529 0)
(20.4562 13.618 8.67871e-19)
(1.09315 -0.542557 0)
(18.1762 4.65646 -2.17802e-17)
(32.9594 15.7877 5.72117e-18)
(32.9694 16.3212 0)
(32.4259 8.40093 0)
(20.9391 15.6866 0)
(17.9471 5.36898 0)
(19.6798 20.698 1.80261e-18)
(21.2762 0.86824 6.37286e-18)
(23.4093 1.52081 -2.9691e-18)
(30.82 9.77353 0)
(18.6895 4.5929 0)
(18.4326 11.9391 0)
(21.6871 1.06014 0)
(23.3348 20.7666 0)
(30.278 8.01863 -3.50729e-18)
(30.2668 8.01909 -1.17098e-18)
(23.1376 1.20784 0)
(33.9414 15.7345 -1.88849e-17)
(15.3269 2.98734 0)
(14.6365 3.28593 4.79317e-18)
(34.8074 11.8238 1.07792e-17)
(33.0443 12.1142 -1.15226e-17)
(32.2108 11.3748 -2.12449e-18)
(27.5949 13.4052 7.91138e-18)
(30.4729 7.83894 -5.22848e-18)
(23.614 2.40157 -1.4178e-22)
(24.7252 21.7718 -2.14779e-18)
(27.8425 20.1396 9.43567e-18)
(20.7766 14.0293 5.49227e-19)
(13.0445 4.25977 2.36545e-17)
(30.2391 7.96845 4.85135e-18)
(16.9408 7.29663 -1.22495e-17)
(16.9573 8.7485 1.40215e-19)
(31.9969 12.0856 8.48822e-18)
(27.2863 14.0227 0)
(27.2471 14.7419 -2.87992e-18)
(17.8044 10.2862 8.08514e-18)
(18.2546 10.2003 -6.85482e-20)
(12.1542 5.03377 1.89947e-17)
(8.97089 4.22611 3.6585e-17)
(25.6521 14.6582 0)
(23.9656 2.13565 0)
(20.6358 12.9132 -2.11274e-18)
(22.4509 13.6731 1.19802e-19)
(22.8219 13.8156 -5.78266e-19)
(23.5967 13.999 0)
(20.4292 13.3292 0)
(20.1783 13.1949 2.61104e-18)
(24.0124 14.7475 2.50355e-18)
(24.4902 6.24867 -3.95835e-18)
(24.6888 15.514 3.43276e-18)
(27.2554 3.06939 6.65289e-20)
(23.6384 1.97911 -8.05603e-20)
(15.638 5.59496 -3.93732e-18)
(15.3542 5.36315 0)
(28.5169 15.097 -3.41755e-18)
(19.1568 1.68003 9.53587e-18)
(18.8517 1.60253 -1.00129e-17)
(14.6741 11.1066 -2.28055e-17)
(16.4935 11.378 0)
(25.2994 2.03566 1.19007e-20)
(16.4815 15.1489 5.3599e-18)
(28.3226 12.6875 2.85282e-18)
(6.51036 1.22513 0)
(20.7333 13.7158 -8.49705e-19)
(0.193394 -1.03255 -1.34828e-17)
(28.0638 12.7801 0)
(4.46079 0.497516 -3.85622e-18)
(31.2861 15.52 2.26409e-19)
(27.8797 13.1779 -8.36486e-18)
(32.6432 9.07327 -1.60043e-17)
(33.2075 8.65817 0)
(18.569 1.31361 1.31989e-17)
(24.663 2.47282 3.74597e-20)
(23.628 21.7171 -6.77038e-18)
(21.0656 14.1083 -9.62663e-20)
(33.4662 17.2744 5.75826e-18)
(18.758 5.26127 0)
(31.9779 11.4456 0)
(20.5305 3.09746 0)
(20.6185 2.94838 -1.74492e-18)
(20.7143 2.81083 6.88297e-18)
(20.9203 2.55127 6.58966e-18)
(20.7456 2.51538 -6.85217e-18)
(18.3223 8.79288 8.21911e-18)
(18.5477 9.45661 0)
(19.2533 10.0175 1.20728e-17)
(19.9624 10.6412 0)
(19.7695 11.3124 7.86929e-18)
(20.1655 11.8095 5.22827e-18)
(20.5113 11.8882 0)
(21.7705 13.2697 -6.89546e-20)
(22.1011 13.4953 -6.39745e-20)
(30.2698 11.0621 -1.66193e-18)
(19.1988 2.44136 -7.06188e-18)
(19.281 1.79441 -2.29058e-18)
(19.4384 1.75513 2.29058e-18)
(17.5705 4.75335 -2.40399e-17)
(19.4826 1.59805 8.99651e-18)
(19.6376 1.571 -8.67012e-18)
(15.7324 9.70648 0)
(29.6923 13.3233 0)
(31.4661 14.6971 0)
(19.8825 1.65855 -2.10252e-18)
(20.4581 1.26016 0)
(20.6444 1.36992 5.90593e-21)
(18.5401 4.33886 4.77312e-18)
(28.3109 3.14134 0)
(18.1917 16.241 5.16977e-19)
(19.4025 16.4953 -4.99483e-19)
(33.7185 11.5445 2.46337e-18)
(32.5346 15.4725 0)
(28.7193 12.299 2.9838e-18)
(28.778 12.1723 -6.13181e-18)
(28.7869 11.4822 5.92155e-18)
(31.3241 7.92969 1.24511e-17)
(20.8224 1.2751 -8.49802e-18)
(21.3398 1.06229 0)
(23.9131 1.61004 0)
(18.3578 4.62872 1.06301e-17)
(16.1691 7.42753 3.48259e-18)
(18.4722 5.21927 1.02596e-17)
(30.9668 7.92295 5.93341e-18)
(21.3388 15.6523 0)
(27.7101 13.1211 -2.62494e-18)
(23.8085 20.1954 -7.587e-18)
(33.997 12.1055 -8.01088e-18)
(19.7136 2.47846 0)
(19.8162 2.68509 0)
(18.199 1.20813 0)
(19.5905 2.94726 2.24753e-18)
(29.4457 7.72834 0)
(19.9233 2.87621 -8.16858e-18)
(18.8496 4.57527 0)
(18.5896 5.33058 -8.57617e-18)
(18.4238 11.4214 6.21117e-18)
(15.8598 2.40672 -3.90183e-18)
(15.4908 2.309 2.19817e-18)
(15.2112 2.60409 -2.19824e-18)
(14.7996 2.52544 -2.44086e-18)
(14.4652 2.81253 2.44085e-18)
(14.3894 3.65609 -4.79318e-18)
(31.4693 19.0273 -4.69825e-19)
(17.9294 5.76184 2.01901e-19)
(17.4991 0.434057 -1.28686e-17)
(18.4585 10.9483 0)
(20.9476 0.782325 6.64263e-18)
(17.1585 5.96094 -3.71024e-17)
(18.7937 5.11924 0)
(19.381 13.3258 0)
(16.8931 7.76963 -9.35645e-18)
(22.1469 1.32307 0)
(26.5533 14.7516 0)
(17.55 10.154 0)
(22.776 15.5938 1.40561e-18)
(23.1192 16.6224 1.28268e-18)
(11.3066 6.08302 -5.92509e-17)
(25.7607 12.4736 -6.51147e-19)
(17.2782 5.01908 2.86723e-18)
(23.1464 1.74661 -6.98461e-18)
(17.4884 11.3214 0)
(27.8069 4.37861 2.93531e-18)
(28.7542 6.10937 4.61479e-18)
(23.8109 15.1865 1.28145e-18)
(24.3667 15.4449 -1.87613e-18)
(25.8271 15.9264 -2.4134e-18)
(27.7328 16.426 -3.18522e-18)
(16.207 4.52219 1.8292e-17)
(28.0491 15.8349 -1.03724e-17)
(14.961 5.92607 -1.69903e-17)
(30.9638 8.37212 6.30633e-18)
(28.283 15.2948 -3.31328e-18)
(29.0019 4.17192 0)
(17.5862 15.9462 -3.59971e-18)
(18.31 16.8884 1.12399e-18)
(19.3588 17.6294 -7.59595e-21)
(19.9612 16.5904 5.38421e-19)
(3.50621 0.590049 0)
(20.8785 19.5137 -2.30479e-18)
(28.3596 4.11811 3.52909e-18)
(22.026 15.8863 3.04855e-19)
(31.7834 19.8299 -6.55065e-18)
(11.6578 4.46164 6.86631e-18)
(12.8563 4.81351 -2.36827e-17)
(17.5064 4.95679 -2.40794e-17)
(20.3943 0.544006 0)
(30.3842 14.9644 2.03753e-19)
(4.37352 5.58517 -3.32562e-18)
(4.19961 5.49607 0)
(20.3773 3.4105 0)
(20.8269 12.5492 -3.36481e-18)
(21.0014 12.2288 -1.20079e-18)
(21.4838 13.0133 1.31908e-18)
(23.8308 13.882 7.5802e-19)
(20.1878 12.9138 -2.61104e-18)
(25.7566 6.68787 2.95624e-18)
(24.5402 14.9401 -6.05809e-18)
(25.1374 15.8922 4.006e-18)
(17.3933 4.17599 0)
(25.6638 16.2374 2.42266e-18)
(26.2756 16.5245 2.76036e-18)
(26.9677 16.7461 -2.85664e-18)
(27.725 16.8741 1.23882e-17)
(26.3435 2.84909 -9.47831e-19)
(16.0185 5.14417 0)
(23.2422 2.04997 6.36388e-18)
(15.9161 6.122 3.00445e-17)
(26.2225 2.43629 0)
(28.0685 16.2306 3.35521e-18)
(30.8908 8.32259 6.10026e-18)
(30.9918 8.9576 -6.40213e-18)
(31.3986 10.7231 -7.57731e-18)
(28.3265 15.6335 6.8988e-18)
(29.1329 13.9832 -3.5796e-18)
(18.9528 1.90578 0)
(17.7832 4.70933 2.28408e-19)
(19.2046 1.50845 -1.17419e-17)
(14.6099 6.60221 -1.34436e-17)
(29.8437 8.92893 -3.93792e-18)
(15.5295 8.31247 1.34964e-17)
(15.5701 9.00751 3.25239e-18)
(15.2253 10.7655 1.14733e-17)
(16.3186 12.1168 1.94742e-18)
(16.1493 13.0339 -1.59623e-18)
(22.1124 2.84905 -9.81071e-18)
(-2.59481 2.71073 0)
(30.8425 14.567 -4.40648e-18)
(19.4316 1.31717 1.59064e-17)
(19.5953 1.29988 -6.52514e-18)
(-8.23817 -0.417264 7.95424e-18)
(6.82011 3.47961 0)
(17.2095 14.3633 0)
(21.784 5.59864 -1.32418e-19)
(22.9572 1.36801 3.62293e-18)
(18.6646 15.8367 -5.24748e-19)
(18.7784 18.4258 1.33191e-18)
(20.1292 19.0031 8.04277e-19)
(32.6791 11.1919 0)
(29.0283 13.0265 -6.62344e-18)
(32.0661 15.6975 1.55987e-17)
(26.5561 3.40207 3.72343e-20)
(28.8059 12.4348 -3.12391e-18)
(28.872 11.5749 5.9488e-18)
(29.2647 11.2375 -1.04907e-19)
(14.8665 3.34581 1.45492e-18)
(13.2109 2.8806 -1.46274e-18)
(27.0791 3.44055 -1.90781e-18)
(32.4009 16.5877 1.08621e-17)
(21.4713 1.17524 0)
(27.8658 12.5939 -5.01837e-20)
(31.4658 16.3212 4.93034e-18)
(31.3064 16.78 5.28488e-18)
(31.6408 17.2729 -5.15573e-18)
(18.4463 1.9224 -1.34623e-17)
(22.8652 19.1754 4.74952e-18)
(23.5968 19.3737 -3.34911e-18)
(33.6509 12.2572 -7.35117e-18)
(19.4422 4.69696 1.4942e-18)
(20.227 13.7955 1.17589e-18)
(29.7452 8.00864 -1.07154e-18)
(17.9213 1.51066 -1.13767e-19)
(17.4838 1.43885 1.55937e-17)
(17.5965 0.918533 0)
(16.9956 1.37995 0)
(28.1201 7.41025 -4.9178e-18)
(30.067 7.82956 5.03353e-18)
(31.4241 17.8025 0)
(31.8067 18.4358 -1.11254e-17)
(23.5203 2.47466 2.80672e-18)
(26.8174 21.526 -1.0133e-17)
(28.6363 21.6442 1.08227e-17)
(20.5323 14.2502 -5.09404e-19)
(17.2184 0.488638 1.3402e-17)
(22.5855 0.929763 -2.28914e-20)
(19.0076 0.713994 -1.22856e-17)
(19.6688 0.567387 -6.54741e-18)
(16.7961 6.78105 -1.2703e-17)
(18.7056 3.75377 2.54355e-18)
(34.0528 9.60048 9.83322e-18)
(17.0573 8.49649 8.24547e-18)
(17.2867 9.71418 9.49321e-18)
(32.1627 12.2927 7.02966e-18)
(31.6165 12.3324 -1.06376e-17)
(31.2592 12.5088 0)
(27.2916 13.8112 -5.25866e-18)
(27.1221 13.7014 2.48307e-18)
(-0.804423 -1.21454 -9.72709e-18)
(26.8005 14.6749 1.06021e-19)
(26.3823 14.5615 -2.31976e-18)
(30.0159 8.22143 5.15964e-18)
(28.3535 18.9409 0)
(10.8197 4.67024 -3.19693e-17)
(10.648 5.53053 5.77876e-17)
(29.5529 11.5216 1.7276e-17)
(20.1532 2.5272 1.97086e-18)
(20.1281 0.886549 0)
(20.2728 0.900143 1.53327e-17)
(11.3808 2.21573 0)
(-4.32947 -1.41567 0)
(1.98092 3.39271 0)
(4.48342 5.53606 6.67995e-18)
(18.7115 7.89152 -8.03352e-18)
(21.6892 13.0697 0)
(17.5053 3.98478 0)
(30.0742 8.04616 5.15456e-18)
(17.5184 4.37515 -3.05853e-18)
(24.6255 2.7071 0)
(24.7455 2.67324 -3.62436e-20)
(25.2964 2.62241 -3.53449e-19)
(25.4928 2.59319 0)
(25.5599 2.58445 2.57658e-20)
(23.6265 1.84304 8.09559e-21)
(22.9642 2.12079 0)
(24.6586 6.36482 0)
(22.4527 2.44256 0)
(31.0406 9.04473 -6.53469e-18)
(31.2076 9.15613 5.16338e-18)
(31.388 9.28564 7.07079e-18)
(27.9907 15.1753 9.72274e-18)
(31.8595 9.06618 -5.5157e-18)
(29.9159 13.9538 3.849e-18)
(29.7023 8.14997 4.86782e-18)
(29.7385 8.19832 0)
(32.6974 10.6868 6.6929e-18)
(22.1357 2.72579 1.49644e-19)
(26.4392 3.31212 5.6195e-20)
(32.1741 14.7674 -5.30726e-18)
(32.4373 13.8473 1.03199e-17)
(29.0121 11.4299 9.15642e-18)
(28.9468 11.2429 -5.98251e-18)
(33.1404 13.6274 1.85056e-17)
(12.8354 2.67887 0)
(23.3011 1.48159 0)
(17.6242 11.6265 0)
(21.5688 19.2462 0)
(23.4363 1.42809 2.93359e-18)
(27.8267 12.451 -2.59146e-18)
(31.1647 15.9178 -5.0285e-18)
(20.8305 1.66379 -6.76463e-18)
(24.6198 2.35052 0)
(33.4886 16.707 -2.76317e-18)
(18.577 11.6569 0)
(34.2739 12.7192 -2.70627e-18)
(30.6923 16.0051 -4.48807e-18)
(30.4275 12.4616 -3.66841e-18)
(26.2046 20.7364 -2.04052e-18)
(27.7205 21.2722 1.56785e-17)
(30.5157 7.59893 6.56907e-18)
(28.4281 19.6825 -9.43562e-18)
(18.9202 12.1276 0)
(18.5808 11.1805 -6.21125e-18)
(12.8271 2.46313 0)
(19.3916 0.708694 2.24519e-18)
(19.1511 0.168576 7.04942e-18)
(30.6066 15.2825 1.86283e-20)
(31.0091 15.1893 9.37866e-18)
(19.6746 13.1589 0)
(16.4373 8.0073 -1.58905e-17)
(25.3823 2.32697 0)
(30.5835 7.89914 6.73361e-18)
(20.4182 2.2219 4.2789e-20)
(27.7366 18.6775 0)
(10.2093 3.93625 -1.16445e-18)
(18.8382 1.07939 1.00727e-17)
(28.6188 5.95832 4.2544e-18)
(28.6921 6.33544 0)
(-9.43809 -4.19706 0)
(-9.49837 -4.63017 3.82248e-18)
(20.6164 3.76529 -1.74359e-18)
(21.0744 2.57931 -6.3465e-18)
(21.0714 2.2557 0)
(18.7522 9.17856 -3.74765e-18)
(19.0616 9.75909 -3.24095e-18)
(20.0456 10.7965 0)
(20.0568 11.1187 6.58385e-18)
(20.0979 11.4565 0)
(21.6919 1.82166 -6.8071e-18)
(21.9702 1.89527 -1.06916e-17)
(24.3204 15.1344 4.60837e-18)
(27.5689 7.31452 1.00646e-18)
(18.506 3.08227 -1.04696e-17)
(18.1786 3.15132 1.75384e-19)
(22.2019 1.79447 0)
(24.3802 16.7282 0)
(17.1134 4.83886 1.26853e-17)
(23.6457 1.89317 -2.60595e-18)
(23.5656 1.91906 0)
(15.9647 5.45623 1.48698e-17)
(22.5751 2.42996 -3.98241e-18)
(29.1023 14.4404 0)
(19.056 2.51253 -1.19693e-17)
(14.6597 8.26805 -3.29696e-19)
(15.7293 11.5337 0)
(22.6382 1.44721 8.10679e-18)
(22.2585 2.6954 4.71153e-18)
(16.1596 11.6854 0)
(16.9476 12.6176 2.74504e-19)
(17.0031 13.4557 0)
(33.1488 10.6477 0)
(31.7238 15.37 -1.01386e-17)
(17.9443 12.2686 -4.49598e-18)
(5.61178 1.07654 -7.15127e-18)
(2.69192 0.495989 -7.68949e-18)
(18.002 5.18577 1.15031e-17)
(31.994 16.1597 -1.05235e-17)
(18.1208 11.9433 6.05088e-18)
(3.23923 0.445209 0)
(26.609 2.22629 -1.36642e-18)
(29.9664 7.88862 1.20011e-18)
(18.1404 11.3925 -6.58165e-18)
(30.8408 7.7082 7.1914e-22)
(21.5462 15.2902 -7.06494e-20)
(27.7795 13.4789 -8.40053e-18)
(18.8488 11.6479 5.31586e-18)
(18.8399 11.1999 -5.82435e-18)
(18.9776 11.4036 -1.34097e-18)
(27.9515 12.1255 5.16942e-18)
(30.175 7.94903 -1.2158e-18)
(17.1192 7.10226 2.16799e-19)
(18.4328 3.869 2.83391e-18)
(32.3427 11.7886 -8.67386e-18)
(30.6933 8.1943 -1.48503e-18)
(30.0901 8.29153 3.90513e-18)
(24.5888 2.15583 -4.02116e-20)
(29.0269 13.7579 -3.51283e-18)
(21.0283 2.43513 0)
(19.1631 10.3384 -5.92742e-18)
(19.5283 10.4506 -4.80485e-18)
(21.5743 12.6595 0)
(22.7492 13.4325 -2.82293e-19)
(23.83 13.6686 7.99656e-19)
(23.7719 14.6432 -1.38365e-18)
(18.4196 3.38614 -1.33855e-17)
(17.9784 3.10033 1.74862e-19)
(17.7598 3.61071 0)
(17.4 3.76923 1.57183e-17)
(24.7822 15.8515 -5.89019e-18)
(24.2419 2.12723 -1.83611e-18)
(16.5359 5.24871 0)
(30.4601 8.194 5.59955e-18)
(30.3699 8.37772 -1.27161e-17)
(30.6623 8.41031 1.49017e-18)
(30.7965 8.43699 -4.61508e-20)
(30.7499 8.72312 6.21975e-18)
(30.6528 11.1732 0)
(30.5866 9.07348 -6.16026e-18)
(30.4486 9.11664 0)
(30.3138 9.14801 -4.36044e-18)
(30.1792 9.16733 7.63468e-20)
(30.0476 9.17467 -5.8381e-18)
(19.0712 2.18524 0)
(15.5967 7.6417 3.66703e-18)
(15.6349 11.0675 0)
(31.1489 8.06651 4.62386e-18)
(31.777 14.9717 0)
(32.4934 14.1392 -1.03197e-17)
(20.5223 1.36841 0)
(-8.37112 -0.77945 0)
(17.6897 14.2141 -4.26298e-18)
(-3.78509 4.72862 3.94174e-18)
(20.2775 16.0971 -6.03398e-19)
(29.6761 12.7794 1.07046e-17)
(-5.67774 -2.89629 -1.1098e-18)
(28.8325 13.0326 -6.40063e-18)
(20.9425 13.5329 6.45947e-19)
(20.69 10.7573 0)
(18.4283 4.47471 1.05589e-17)
(21.5329 1.10468 4.30512e-18)
(19.9175 13.3381 0)
(29.749 8.00567 -1.06659e-18)
(32.7989 8.88493 -1.62476e-19)
(30.0037 7.91845 -1.20159e-18)
(20.5943 1.97888 7.12949e-18)
(34.4369 15.3455 -2.66311e-19)
(16.1468 2.21508 1.93899e-17)
(14.7154 1.99189 1.81708e-17)
(22.0793 1.0941 -1.20861e-18)
(22.3159 16.5582 2.26814e-18)
(24.0917 18.9105 0)
(30.7482 17.8448 -2.90388e-19)
(29.5101 12.156 1.32776e-17)
(22.5933 0.997838 4.14757e-18)
(13.6548 4.15031 0)
(27.9794 11.9256 -2.64178e-18)
(19.4016 1.02046 0)
(19.0345 1.05734 0)
(17.0491 6.85678 1.24825e-17)
(22.6998 17.3411 1.41695e-18)
(20.4484 2.10932 -7.34778e-18)
(26.6821 15.2168 8.02733e-18)
(11.9301 3.78129 -6.86617e-18)
(26.0855 14.2043 4.31357e-18)
(20.1708 2.40607 0)
(20.5319 0.58046 -7.43224e-18)
(29.6785 10.9035 0)
(30.8809 9.49204 -1.65482e-18)
(30.2733 9.42041 -6.77228e-18)
(-8.18846 -3.43911 3.5595e-18)
(-1.53603 0.0194888 -4.15307e-18)
(18.7324 9.35691 -3.6126e-18)
(18.8924 9.65598 0)
(19.7714 10.1707 -4.04027e-20)
(20.286 11.4293 1.94048e-18)
(21.9328 1.83242 5.07104e-18)
(29.6695 8.01703 3.15619e-18)
(25.8733 16.5812 0)
(25.9216 17.3911 0)
(27.0424 16.3413 -6.01179e-18)
(26.7634 16.0792 3.00731e-18)
(27.1029 3.08343 -1.88768e-18)
(23.7096 2.03742 7.76045e-20)
(15.622 5.94419 4.32308e-18)
(22.9081 2.2169 0)
(27.7346 15.6733 0)
(22.4939 2.49111 0)
(30.7318 9.01811 6.29716e-18)
(31.1566 9.05774 1.67842e-18)
(31.3359 9.17405 -6.80137e-18)
(31.1676 9.35775 0)
(31.5563 9.07376 1.77784e-18)
(31.0317 9.76042 0)
(31.5715 9.98386 -1.51379e-17)
(31.9094 10.4908 -7.99481e-18)
(30.4982 11.1828 -6.81672e-18)
(30.9091 8.23426 -6.19453e-18)
(31.7743 8.94373 -1.82476e-18)
(29.7589 13.7336 3.74154e-18)
(18.7823 1.96591 -2.03145e-17)
(17.8584 4.52627 2.3014e-17)
(29.9086 9.00388 0)
(14.6774 9.11206 -1.10133e-17)
(32.6765 10.4555 2.15939e-18)
(32.0124 8.78171 -7.41668e-18)
(16.6981 13.0526 8.52528e-18)
(30.4965 14.6589 4.40551e-18)
(31.0008 13.6296 -4.56354e-18)
(31.2001 7.98502 -6.25743e-18)
(16.8007 13.9764 0)
(-2.10021 5.09718 0)
(19.2538 19.1102 2.6801e-20)
(20.0305 15.6485 -1.14427e-19)
(32.6507 11.4475 0)
(33.7149 11.2222 -2.46337e-18)
(28.7363 12.57 3.0417e-18)
(33.265 9.96081 -2.30413e-19)
(16.3881 10.1682 0)
(20.5375 10.7721 0)
(20.7512 10.6203 0)
(20.6545 10.2683 -1.96536e-18)
(18.0419 4.16589 -2.7874e-18)
(18.2376 4.96666 0)
(27.9565 12.8928 0)
(33.4362 15.473 -1.73468e-17)
(31.1314 7.88077 0)
(27.69 12.4128 2.49151e-18)
(34.0215 10.7284 1.23864e-17)
(31.0019 7.78236 0)
(19.9298 13.6424 -1.12835e-18)
(34.0844 16.3486 1.56655e-17)
(30.3607 7.8589 -9.0343e-18)
(13.8828 3.68999 0)
(32.5671 18.2657 1.24987e-17)
(30.1934 7.76856 6.65526e-18)
(27.9057 11.9985 -2.54237e-18)
(16.7401 9.66074 7.9085e-18)
(29.8088 8.11831 4.72472e-18)
(27.4445 13.5122 -5.27718e-18)
(26.8426 14.4322 9.94652e-20)
(22.5066 2.05383 0)
(22.5978 2.00109 8.15054e-18)
(30.0408 8.24139 5.23553e-18)
(30.1351 8.1845 0)
(17.6486 7.4113 0)
(-6.08464 3.5614 0)
(3.75039 4.35247 3.70639e-18)
(4.58233 4.73935 0)
(20.8589 2.38914 -6.6849e-18)
(21.1001 2.1656 0)
(21.6961 1.96386 1.08412e-17)
(29.8279 8.08104 -3.98144e-18)
(22.1477 5.52326 0)
(22.167 1.72308 -3.52737e-18)
(29.9388 8.03227 -3.2839e-18)
(29.8432 8.00505 -1.11323e-18)
(29.8331 8.00884 0)
(30.0674 8.0753 -1.54658e-20)
(30.2273 7.99604 -9.14236e-18)
(25.4379 2.64351 -2.20843e-19)
(26.181 2.58858 -2.32364e-20)
(30.4023 8.27475 -4.14129e-18)
(30.6727 9.09142 6.13585e-18)
(31.697 9.88429 9.33329e-18)
(30.2517 9.1961 7.42465e-20)
(31.0349 8.10933 -3.26735e-20)
(29.6937 8.16974 -5.86186e-18)
(29.6906 8.20166 -4.59895e-18)
(29.8219 8.78243 0)
(14.8818 8.69496 0)
(14.9775 9.51248 -1.62634e-17)
(22.9308 1.4691 -9.61623e-19)
(31.1212 7.96225 0)
(25.2913 2.14512 -1.05478e-20)
(28.6961 12.0515 -8.94415e-18)
(29.0651 11.0988 0)
(7.35539 1.43796 7.64485e-18)
(8.71747 1.73753 7.76033e-18)
(6.75513 1.27686 6.55596e-18)
(22.3289 19.5636 0)
(23.7621 2.25798 7.53837e-20)
(23.814 1.38966 0)
(23.108 2.59328 0)
(17.4781 4.04078 7.99552e-18)
(1.65515 4.17612 0)
(20.1549 0.630696 0)
(19.0158 5.3112 0)
(17.0425 7.54818 1.18896e-17)
(34.5211 9.93714 1.05548e-17)
(26.9551 3.20978 -1.73992e-18)
(4.50316 2.65546 0)
(18.8296 8.8155 7.88566e-18)
(18.888 9.47319 3.52152e-18)
(19.701 10.4838 0)
(20.2086 10.8004 0)
(20.5946 11.5137 -3.3027e-18)
(21.9927 13.2965 -6.39295e-20)
(29.778 8.00717 0)
(17.7392 4.35088 -8.69628e-18)
(16.7784 4.45135 -3.42566e-18)
(25.2072 2.55171 -5.31206e-19)
(26.2347 2.65781 0)
(26.955 2.97904 1.78825e-18)
(30.2894 8.05817 -5.45084e-18)
(28.4509 16.394 -9.9051e-20)
(30.5558 8.31989 0)
(29.3587 14.9758 3.97273e-18)
(29.527 14.2208 -7.55668e-18)
(29.5033 13.7681 -1.47135e-17)
(29.6911 8.13577 4.84042e-18)
(29.0528 11.7603 -1.03307e-19)
(28.9256 11.3457 -3.04348e-18)
(29.055 11.2036 6.11313e-18)
(30.2537 10.8403 1.63955e-18)
(4.97073 0.905008 -1.69023e-18)
(20.664 10.5053 0)
(16.0678 7.10835 -3.83254e-18)
(28.2269 12.8097 -2.90639e-18)
(16.739 10.7322 -2.21826e-18)
(20.7236 10.1533 -1.9588e-18)
(32.2758 17.121 -1.08621e-17)
(18.5972 4.45664 0)
(34.0515 11.0539 -1.26587e-17)
(30.0524 11.1672 0)
(25.7107 2.22655 -4.86505e-21)
(22.8074 18.4653 7.45218e-18)
(33.3744 12.0197 1.24415e-17)
(17.2141 2.11712 -1.3254e-17)
(16.1079 1.79433 -1.35768e-17)
(15.7024 3.03844 3.99228e-18)
(34.3156 12.3365 2.41971e-17)
(34.7648 12.2195 -1.09644e-17)
(34.3479 10.5347 -7.40926e-18)
(30.4592 15.6198 2.38827e-20)
(17.3396 8.43978 0)
(22.7139 15.9616 2.6641e-18)
(25.7618 14.4482 0)
(20.0768 2.33038 0)
(20.57 11.0409 3.88759e-18)
(31.298 8.55048 -6.57208e-18)
(28.5924 5.57852 3.78952e-18)
(3.42517 2.90065 -3.9429e-18)
(6.94655 5.18845 -3.61772e-18)
(19.662 11.4921 -3.94417e-18)
(21.2235 12.7307 7.82604e-19)
(22.1198 13.1108 -2.47313e-19)
(23.7767 14.3669 0)
(21.8601 2.09386 0)
(24.0422 15.0314 -4.38903e-18)
(28.1159 7.5104 -3.1002e-18)
(18.9216 2.76436 -7.35584e-18)
(24.5483 16.087 -6.96361e-20)
(25.28 16.242 0)
(24.6486 16.4808 1.99783e-18)
(29.7643 8.01343 -4.57227e-18)
(29.818 8.03549 4.70125e-18)
(29.895 8.02793 1.20215e-18)
(25.6961 16.9481 0)
(25.2359 16.9536 0)
(26.4339 17.3076 -5.90186e-18)
(27.3239 17.0657 -1.23883e-17)
(17.0417 4.41094 -9.67589e-18)
(16.8626 4.90519 -1.68761e-17)
(25.4717 2.50974 0)
(25.7956 2.69028 7.68542e-21)
(24.5841 2.04271 -4.1804e-20)
(23.8705 1.90493 -2.29381e-18)
(22.9926 2.17113 -3.52587e-18)
(30.3188 8.21366 -5.51222e-18)
(28.1819 14.7093 -3.17984e-18)
(30.1975 9.38011 5.23871e-18)
(30.1932 13.8938 8.12357e-18)
(19.3726 1.47798 -1.59595e-17)
(19.7388 1.68264 2.14885e-18)
(14.9215 7.90832 -3.42e-17)
(22.5722 1.43018 4.17208e-18)
(22.6824 1.40047 -5.01801e-18)
(-4.28897 4.19262 -2.87971e-20)
(-2.71179 5.00151 -3.73109e-18)
(26.4875 6.86487 0)
(29.8714 12.7126 3.7474e-18)
(18.0088 12.91 0)
(28.5708 12.5714 0)
(28.8385 11.6891 -8.895e-18)
(28.6728 11.5111 0)
(29.1696 10.9516 5.60866e-20)
(29.3639 11.0697 6.29776e-18)
(20.9985 1.19293 1.65234e-18)
(21.1714 1.12225 0)
(13.8235 3.05939 1.49403e-18)
(1.76563 0.327269 -8.10334e-18)
(-0.195289 -0.75817 -6.88102e-18)
(18.1115 4.82536 1.10354e-17)
(18.1891 5.135 0)
(28.0018 13.0612 5.56467e-18)
(4.65104 0.432617 -3.89689e-18)
(29.716 8.00008 0)
(24.209 1.63025 0)
(31.053 7.8711 0)
(21.5019 1.01523 -5.22487e-18)
(18.2784 1.80282 8.21347e-18)
(18.6294 4.73651 -9.93051e-18)
(25.0037 2.33201 0)
(17.732 1.35682 8.99321e-18)
(24.6735 2.40373 -1.21542e-18)
(27.7065 7.11615 0)
(18.6705 4.31687 0)
(18.8851 4.83283 9.64192e-18)
(17.1281 0.791316 -1.45836e-17)
(27.9203 13.3608 8.37636e-18)
(29.9392 11.5132 -1.54076e-19)
(30.4396 7.61553 -7.21312e-19)
(19.3007 0.546476 -2.36354e-18)
(18.8738 5.36241 0)
(34.2761 10.2202 -2.1951e-17)
(21.5001 12.1125 1.74347e-18)
(27.8132 13.6821 2.79275e-18)
(5.25653 0.391015 3.33768e-20)
(26.1354 14.6079 2.14415e-18)
(22.1343 5.55678 -1.92019e-19)
(23.0859 16.16 -3.52445e-18)
(20.2813 3.37273 0)
(20.547 3.39252 -1.38318e-17)
(20.5308 2.89627 -1.81539e-18)
(19.2159 9.64784 3.32069e-18)
(20.362 11.7565 1.67316e-18)
(21.1924 2.15324 0)
(28.6498 14.6045 -6.81211e-18)
(30.4132 11.0623 6.82482e-18)
(16.236 6.5792 -1.77958e-17)
(15.9712 8.92728 3.0333e-18)
(-1.79852 4.04672 4.85512e-18)
(26.5859 2.31338 3.8808e-20)
(11.5442 2.45363 1.59369e-18)
(20.7296 10.3802 7.22868e-20)
(21.1958 1.39604 6.22827e-18)
(29.787 12.2404 3.66301e-18)
(29.9784 11.2773 -6.53395e-18)
(30.8817 7.84464 1.43379e-18)
(15.0826 3.29402 0)
(24.3406 1.46792 -1.02031e-19)
(33.4923 8.36202 0)
(29.5809 10.9704 0)
(19.6634 1.15072 0)
(16.6637 7.24881 1.30061e-17)
(16.6002 7.75562 2.8351e-17)
(16.5933 8.28591 3.05477e-18)
(16.6473 8.82109 -1.95873e-17)
(21.6408 12.1892 1.5907e-18)
(20.5593 2.08652 -7.18462e-18)
(20.2822 2.36888 -1.51792e-17)
(18.3324 4.01078 7.95709e-18)
(18.4535 8.07664 0)
(20.475 12.0973 -1.43088e-18)
(23.2018 13.9298 0)
(23.478 13.629 2.0144e-18)
(17.5351 3.58993 9.31908e-18)
(30.1615 8.10808 0)
(29.7732 8.03139 1.15588e-18)
(27.4315 15.8298 -6.14741e-18)
(30.5049 8.28547 0)
(30.5416 8.38684 4.28286e-18)
(31.3932 9.78032 -7.36074e-18)
(29.8139 14.1942 -1.20007e-17)
(20.0723 1.5084 2.43047e-20)
(20.265 1.37589 0)
(26.1383 2.22709 -7.2889e-19)
(29.1067 12.8656 6.52105e-18)
(29.0025 12.7079 -3.29181e-18)
(32.3155 8.61385 0)
(32.4401 8.73416 0)
(28.4878 12.7012 0)
(28.7474 11.9333 1.18723e-17)
(22.2047 18.1915 -3.47533e-18)
(19.7007 2.74394 -8.48377e-18)
(19.8169 2.93688 8.26743e-18)
(31.9243 7.88624 4.2253e-20)
(30.7718 8.00911 -5.79547e-18)
(30.8136 7.95824 1.16083e-17)
(30.392 12.9192 8.2066e-18)
(32.8267 19.6457 1.23319e-17)
(-8.49095 -0.126329 -6.80029e-18)
(1.45674 0.419193 0)
(17.562 5.74708 -1.16015e-17)
(17.1901 6.44997 2.75716e-17)
(19.3762 13.6587 3.31085e-18)
(18.4296 2.51978 8.02253e-18)
(28.5003 13.5134 3.08666e-18)
(25.5638 2.84263 -4.36698e-20)
(30.5305 9.63049 -1.57916e-18)
(31.2221 8.76149 4.97574e-18)
(19.4838 10.2546 -5.5448e-18)
(20.5345 1.57954 0)
(23.9256 1.65937 6.8208e-20)
(18.3158 5.26171 0)
(18.5162 1.52213 -1.33245e-17)
(18.0769 1.88322 2.81446e-18)
(17.5598 5.96625 0)
(29.9881 11.6697 6.60093e-18)
(28.6685 7.74694 -2.98305e-19)
(-0.299666 3.3336 3.8362e-18)
(5.3175 2.27328 4.03654e-18)
(6.51479 1.68963 0)
(20.9538 2.36629 0)
(19.948 10.9666 -2.27354e-18)
(20.238 12.4089 0)
(20.4159 12.7915 0)
(22.3303 13.4856 5.64085e-20)
(21.8573 1.96556 -5.20741e-18)
(15.9605 3.44469 0)
(21.9398 1.69775 -1.28548e-18)
(25.3088 2.66186 0)
(26.3861 2.87431 0)
(23.9938 1.89673 -2.17406e-18)
(16.8008 5.15474 3.34518e-18)
(15.7806 4.90031 -3.90274e-18)
(16.4957 5.52565 -1.40532e-17)
(32.0833 10.3825 1.81405e-17)
(27.9647 14.8748 0)
(29.3934 13.9797 1.10999e-17)
(31.4154 8.84386 -1.69882e-18)
(18.6658 1.65386 1.0423e-17)
(31.0942 14.8411 0)
(28.2095 3.27148 0)
(28.4899 3.84994 3.75049e-18)
(31.8187 8.53941 -7.13786e-18)
(28.7643 4.14386 3.93767e-18)
(22.0274 6.41271 3.8398e-18)
(33.4356 11.0625 0)
(28.8241 12.7205 -3.18271e-18)
(29.4629 11.1266 0)
(30.5033 9.35815 -4.56484e-18)
(2.5623 -0.0841472 1.16169e-17)
(18.1439 4.3361 2.76513e-18)
(21.6689 18.4561 0)
(-0.624333 -0.949235 0)
(18.3127 1.58177 -8.35836e-18)
(17.3246 0.98487 1.29773e-17)
(16.9674 1.69086 0)
(24.9248 1.82494 -8.70378e-19)
(20.7039 1.96264 0)
(23.2414 1.19147 6.44713e-18)
(16.6931 1.828 0)
(22.0589 1.01551 -1.24401e-18)
(25.0981 1.81464 2.01842e-20)
(27.8706 12.2237 -7.77454e-18)
(22.1231 1.24763 -1.22076e-18)
(23.0363 2.6413 -3.3955e-18)
(35.1713 15.5413 5.25585e-18)
(24.776 1.65771 1.12514e-18)
(24.6778 1.69296 0)
(27.3707 12.5358 4.92236e-18)
(19.5723 0.715883 -2.24519e-18)
(18.8427 5.49224 -4.74636e-18)
(17.2878 7.5575 -1.19873e-17)
(34.3672 9.65347 -1.01266e-17)
(16.378 3.17643 1.09015e-17)
(30.109 8.25515 0)
(35.1879 11.6078 1.44784e-18)
(25.9891 14.4121 -2.25379e-18)
(17.7259 11.0577 -1.81462e-18)
(30.5896 9.39281 4.70498e-18)
(28.8907 5.9649 0)
(19.9781 11.308 -6.56876e-18)
(20.019 11.6573 1.99009e-18)
(20.637 11.33 1.49372e-18)
(23.0287 13.7879 0)
(23.4119 13.8611 0)
(30.5319 8.27956 -3.17057e-18)
(24.4465 2.69719 1.48167e-18)
(25.6094 2.64361 3.52139e-20)
(25.7466 2.62869 0)
(25.8658 2.68414 3.83106e-19)
(24.6522 2.02827 -1.23764e-18)
(26.2838 2.9922 0)
(24.7731 2.07008 1.0698e-18)
(15.6665 6.66526 1.89861e-17)
(28.2685 14.0358 3.24497e-18)
(19.4777 2.30642 0)
(15.4455 9.38485 0)
(29.2628 11.1184 -6.3621e-18)
(-0.606729 -0.544169 0)
(29.7016 7.99695 -6.20114e-18)
(16.4009 1.64887 0)
(23.4714 2.47102 2.89485e-18)
(22.6673 1.09275 9.0868e-18)
(25.1982 2.2941 0)
(17.3743 5.61564 -1.22835e-17)
(32.8192 11.9076 2.08843e-17)
(18.7897 0.346153 1.07557e-17)
(30.1236 7.58048 -6.23979e-18)
(-0.49134 0.688824 4.17628e-18)
(4.13158 5.41666 0)
(8.10918 1.6636 -3.14136e-18)
(18.716 3.30686 1.25808e-17)
(18.3232 3.02737 0)
(26.3596 2.99482 1.00119e-18)
(30.8856 8.63532 6.23697e-18)
(28.4549 14.796 1.02549e-17)
(29.3921 14.4505 -3.84203e-18)
(30.2618 9.26617 0)
(31.0834 8.24277 6.33152e-18)
(29.6994 8.21766 4.66874e-18)
(29.8362 8.8797 3.94149e-18)
(7.43154 1.45299 0)
(23.5409 2.35151 -2.84487e-18)
(22.6588 1.02452 -4.04574e-18)
(31.7326 12.1109 -1.47828e-17)
(31.8116 11.2889 -8.04436e-18)
(30.116 7.54946 6.06042e-18)
(-7.90327 -3.26959 0)
(-9.81714 -4.70716 0)
(20.5926 3.67049 7.08995e-18)
(20.7068 2.90836 -1.20596e-17)
(20.8049 2.77203 6.7785e-18)
(20.9684 2.80552 0)
(18.475 8.40504 4.13904e-18)
(19.8262 10.3234 2.5179e-18)
(20.2912 10.6488 2.09515e-18)
(20.2339 11.1035 -1.99076e-18)
(20.6459 12.2167 9.20466e-20)
(14.6432 3.04264 8.48216e-19)
(12.9165 2.55478 0)
(30.5392 8.24147 -9.66744e-18)
(22.531 1.65857 -4.27341e-18)
(23.7743 1.87987 2.39012e-18)
(23.1582 2.18196 0)
(30.3106 8.26334 6.94606e-18)
(30.799 9.19566 1.68853e-18)
(28.5733 14.3371 -3.2644e-18)
(28.9955 14.1829 7.05751e-18)
(27.8202 3.39567 2.77785e-18)
(15.7393 7.01958 -1.92568e-17)
(26.1675 2.3691 -2.29976e-20)
(-9.25381 -2.18114 4.18757e-18)
(28.9698 12.4179 -3.22643e-18)
(20.8863 1.1804 1.17746e-17)
(12.0794 2.62534 -1.6396e-18)
(9.22594 1.88884 0)
(20.8666 10.3786 6.55643e-20)
(24.2321 1.5542 -1.77395e-18)
(-0.930729 -1.29729 0)
(23.9144 1.42609 0)
(22.2861 1.08759 4.57652e-18)
(22.4276 1.13581 1.08116e-18)
(32.7186 17.6406 0)
(23.5165 2.30651 5.53602e-18)
(-7.61466 -2.20345 7.38842e-19)
(31.7846 8.30953 5.36414e-18)
(21.3328 0.68824 0)
(17.3996 5.39505 0)
(19.6478 13.8437 -3.06198e-18)
(16.9971 9.86834 2.46515e-18)
(31.3693 11.9316 0)
(-0.927364 -1.26857 0)
(17.6295 10.7714 2.01946e-18)
(22.9642 1.81939 0)
(33.6556 8.27232 4.60628e-18)
(0.079678 4.59033 3.78018e-18)
(18.7699 1.27365 -1.28255e-17)
(18.981 4.94555 0)
(-9.99212 -4.68363 3.82631e-18)
(31.0117 9.22899 -5.03332e-18)
(18.909 2.43071 -2.50849e-18)
(20.2604 1.14125 9.62637e-18)
(32.8119 10.0659 -2.162e-18)
(15.9204 8.29619 -2.41385e-19)
(32.9311 11.0705 0)
(19.5881 2.53445 1.74779e-17)
(21.0446 1.29197 4.87437e-18)
(18.5247 5.05432 0)
(17.3396 10.6498 6.45485e-18)
(33.1132 9.47801 0)
(18.9202 4.40553 -9.2342e-19)
(27.3977 16.1968 6.43399e-18)
(24.7209 2.12594 -1.1363e-18)
(30.8116 8.35167 -4.66596e-20)
(30.1961 11.1787 1.66192e-18)
(31.8443 8.79314 0)
(24.8876 1.96112 -9.18754e-19)
(15.3529 7.94177 1.50135e-17)
(-5.4202 2.85999 3.83351e-18)
(16.488 6.39917 -1.00286e-17)
(20.4757 18.1765 0)
(21.0641 1.1054 6.43381e-18)
(29.7085 8.00537 0)
(9.67334 2.00715 0)
(16.4025 9.81753 -1.31278e-17)
(-0.198913 -1.13126 -3.57797e-20)
(19.3277 1.18335 -6.86522e-18)
(15.9591 7.68688 -3.46065e-18)
(17.1588 11.2188 -1.10831e-19)
(0.877625 -0.0133637 -5.46371e-18)
(31.6621 7.92589 0)
(31.1032 7.69855 5.85242e-18)
(24.6488 1.87418 0)
(30.2044 8.07304 0)
(30.382 8.08347 0)
(0.732219 1.59543 -4.90253e-18)
(22.9665 2.69236 -1.0958e-19)
(33.0533 18.8712 -1.15788e-17)
(28.0884 12.1472 -5.30072e-18)
(17.3593 7.14779 1.20749e-17)
(18.6856 5.00716 0)
(27.2855 13.2269 -1.06543e-18)
(20.5774 0.705073 1.28306e-17)
(28.3543 5.13189 0)
(20.7315 2.6157 4.52585e-20)
(20.8415 2.48685 6.72545e-18)
(18.0544 3.82553 -1.41444e-17)
(29.9058 8.0885 -1.06933e-18)
(29.9614 8.05695 0)
(30.4648 8.13563 -4.27009e-18)
(30.4481 8.4614 5.71046e-18)
(31.4171 9.06372 0)
(31.2937 9.38898 0)
(22.7216 1.5253 -1.30983e-20)
(26.6277 3.41526 -1.3345e-18)
(25.64 2.23836 9.80786e-20)
(24.674 2.29366 1.15158e-18)
(4.31908 5.58342 -3.28269e-18)
(20.8296 12.1236 -9.70096e-20)
(25.0731 16.5391 0)
(24.6462 2.7474 1.33399e-18)
(24.8026 2.7245 1.09113e-18)
(24.2471 2.24489 1.79901e-18)
(25.9373 2.6784 -1.33993e-20)
(24.1187 2.014 0)
(24.4601 2.00125 -1.45994e-18)
(23.7854 2.01134 0)
(23.1327 2.03764 0)
(24.733 2.05621 -3.37687e-20)
(22.8312 2.3649 7.60322e-18)
(18.7562 2.51167 1.27338e-17)
(24.961 2.2087 -7.92733e-19)
(20.1197 1.13794 -9.89239e-18)
(26.5828 3.33396 0)
(21.2037 0.939848 -1.57312e-18)
(25.6387 2.08217 6.67261e-20)
(21.4039 0.987674 -7.58946e-19)
(30.0358 11.4058 6.75028e-18)
(21.8383 1.02302 -5.44567e-18)
(30.9214 7.78072 5.78498e-18)
(24.6856 2.22404 0)
(24.5264 2.39662 -2.83153e-18)
(30.7555 9.3595 -9.54108e-20)
(29.4639 12.3383 3.34834e-18)
(25.1334 2.30659 -6.21779e-19)
(30.6911 8.35971 -4.83223e-18)
(17.3846 7.77909 0)
(16.7827 9.35232 0)
(23.6148 1.59495 2.70609e-18)
(32.9175 9.66819 1.05468e-17)
(20.6347 0.457437 0)
(25.9697 12.435 -2.79923e-18)
(30.6212 9.67656 0)
(19.6355 2.10828 -1.73837e-17)
(4.72627 3.8253 -3.26201e-18)
(21.5457 2.33113 0)
(15.8804 4.58816 3.90274e-18)
(22.7461 1.41842 9.8996e-19)
(33.4084 10.7749 0)
(19.5833 2.67805 -8.76256e-18)
(0.851071 -0.791091 6.2988e-18)
(0.476894 -0.786466 6.85531e-18)
(25.1488 1.86973 5.35269e-19)
(25.4754 2.40018 -1.18943e-19)
(24.9252 2.30456 1.71266e-18)
(30.4234 8.09522 0)
(30.3483 7.85819 -6.34908e-18)
(19.924 2.74948 8.11661e-18)
(27.4364 12.3236 -2.38548e-18)
(30.4696 7.84318 0)
(30.176 10.7296 2.11303e-19)
(17.3648 6.07869 2.43244e-17)
(-10.3295 -4.61366 0)
(18.4446 0.553812 0)
(10.4954 1.8304 3.77079e-18)
(16.1329 3.53877 3.82416e-18)
(30.7433 11.3085 -5.48212e-18)
(24.9873 2.07171 -2.31139e-20)
(29.3747 13.5584 3.65246e-18)
(12.7584 2.79289 8.26e-18)
(-0.950557 -1.31583 0)
(4.35384 0.699706 -1.56084e-18)
(17.7836 4.24314 -1.54151e-18)
(29.723 8.00157 0)
(30.2862 7.94006 0)
(30.1551 7.75942 3.91405e-18)
(1.24522 0.358916 0)
(2.77002 3.41087 0)
(6.70318 1.52141 0)
(29.8027 8.00997 0)
(30.1448 8.03988 -3.92725e-18)
(24.2583 2.17055 1.72067e-18)
(25.8048 2.73321 -2.62494e-19)
(24.6116 2.01434 3.88688e-20)
(30.3196 8.02588 0)
(16.2057 5.95792 -3.32718e-19)
(30.7042 9.17312 6.32648e-18)
(31.3335 9.50817 -6.9741e-18)
(24.9465 2.16746 8.45623e-19)
(19.8022 1.92719 -8.39779e-18)
(-3.09207 4.90412 0)
(-2.85474 4.75807 -8.62684e-18)
(29.451 5.58717 1.06861e-17)
(18.1653 12.5432 0)
(23.16 1.32756 4.13257e-18)
(21.2372 1.04159 0)
(21.0677 5.22068 3.91968e-18)
(30.3477 9.37536 0)
(19.0854 1.37915 -2.45234e-18)
(20.8788 1.56666 -1.10655e-20)
(21.7745 1.08341 5.47952e-18)
(21.5046 5.34067 0)
(24.4441 1.6399 0)
(19.7275 2.33852 1.06635e-17)
(17.8886 1.75701 -1.18752e-17)
(17.4547 1.7166 -3.35205e-18)
(18.351 0.770767 0)
(28.0739 2.78432 0)
(30.7644 7.72097 -5.64788e-18)
(23.3676 2.37905 3.0674e-18)
(23.0761 2.5499 0)
(19.1142 0.878437 -2.36188e-18)
(20.0987 0.490952 0)
(19.8251 3.06544 -8.80067e-20)
(23.4438 1.15792 -2.65664e-18)
(23.6005 1.2321 -2.60562e-18)
(3.6947 5.55741 3.30447e-18)
(11.2378 2.34603 7.46974e-19)
(20.3079 10.9353 2.00948e-18)
(20.4297 12.5438 1.31247e-18)
(14.8043 3.10873 0)
(22.062 1.64486 4.88997e-18)
(24.3376 2.07757 1.6689e-18)
(24.4065 2.06032 -1.57304e-18)
(24.4748 2.04418 -1.43291e-18)
(22.5488 1.5437 0)
(22.7977 2.31625 -3.7642e-18)
(23.8168 6.48331 0)
(10.5958 2.06429 -2.98169e-20)
(24.3182 1.75373 1.6568e-18)
(24.936 2.23605 0)
(29.7255 8.00589 1.06211e-18)
(30.239 7.97539 4.79765e-18)
(30.3936 7.95135 4.89784e-18)
(29.5423 7.64084 -6.39599e-18)
(18.9387 4.69895 0)
(30.0908 8.16943 -3.81492e-18)
(22.413 1.06288 -1.1123e-18)
(-2.46677 2.69737 2.81055e-18)
(19.9695 12.7681 -1.62386e-18)
(22.6871 1.84404 0)
(23.1697 1.79763 6.46842e-18)
(17.9538 0.605116 -1.1768e-17)
(20.8116 2.6742 5.06241e-20)
(21.8214 2.03232 5.40713e-18)
(22.3252 1.62148 0)
(22.4382 1.58138 -5.42668e-18)
(25.0263 2.08594 2.31139e-20)
(-0.400529 -1.02126 0)
(-0.86155 -1.28677 0)
(18.4944 12.4828 -5.40972e-18)
(17.6675 1.85198 -1.22789e-17)
(21.9844 0.991199 1.21571e-18)
(21.2994 5.08145 -1.81638e-18)
(30.0573 10.7247 6.75317e-18)
(19.8207 0.871205 0)
(23.4107 1.7218 -2.89144e-18)
(20.7809 3.06061 0)
(21.7213 13.6893 0)
(21.8145 1.89487 0)
(11.4595 2.09531 -3.59313e-18)
(24.5431 2.0289 4.1804e-20)
(24.4884 1.97233 1.41172e-18)
(23.9173 1.9176 0)
(23.6882 1.9898 -2.44655e-18)
(23.0488 2.17462 0)
(27.1377 2.80525 1.98462e-18)
(18.7634 2.15516 9.74152e-20)
(22.3194 2.68246 0)
(22.8526 1.39223 0)
(25.2121 2.11623 -4.75816e-19)
(25.9738 3.12178 0)
(25.9122 3.12288 -2.50922e-20)
(25.2633 2.17207 0)
(25.3093 2.07679 9.82202e-21)
(25.397 1.99551 -4.86529e-21)
(23.1324 1.42571 4.21098e-18)
(28.9752 12.0225 -3.06584e-18)
(20.0118 12.4995 0)
(27.6834 12.9499 2.63914e-18)
(19.8239 2.55176 0)
(23.7509 2.13093 2.37417e-18)
(-0.979088 -1.28323 1.46897e-17)
(22.0291 0.846793 0)
(24.5179 2.46693 3.79442e-20)
(24.0003 1.41485 -6.55434e-20)
(-8.8046 -3.01582 0)
(-8.243 -4.02392 0)
(-5.62877 -2.57345 3.99598e-18)
(1.5564 1.99642 0)
(5.35357 4.55981 -3.70725e-18)
(3.05667 5.17619 0)
(21.5234 12.4695 8.09571e-20)
(8.47263 5.38415 3.5631e-18)
(9.3386 5.16542 0)
(29.8091 8.01489 -3.50375e-18)
(24.1099 2.09142 6.2414e-20)
(26.674 2.85243 0)
(23.6164 1.93038 0)
(23.3774 2.02135 2.94706e-18)
(22.7154 2.36933 -1.23005e-19)
(22.5543 2.48484 0)
(31.0019 8.19824 -3.46202e-20)
(22.4748 2.54784 0)
(18.9145 2.25186 9.95988e-18)
(-2.00887 2.44108 3.87351e-18)
(25.2408 2.08923 -4.36668e-19)
(26.0362 3.12287 5.43545e-19)
(25.3784 2.06419 -7.02941e-21)
(20.3064 17.0664 -7.5381e-19)
(-1.30959 2.58752 0)
(23.9853 1.72279 0)
(24.0863 1.62742 2.01383e-18)
(-0.0280775 -0.995772 -1.44541e-17)
(23.8318 1.62795 2.3692e-18)
(26.8185 3.431 -1.59766e-18)
(20.5431 10.0255 2.19731e-18)
(7.63366 5.21425 0)
(23.827 1.43988 7.22217e-20)
(13.4789 2.98414 -8.46927e-18)
(24.242 1.60096 5.47059e-20)
(1.79186 1.61148 -5.42444e-18)
(31.6226 8.0463 0)
(29.7005 8.00009 3.33353e-18)
(29.7453 8.0085 8.20232e-18)
(22.1765 1.19296 4.74956e-18)
(23.7323 2.37618 -2.47588e-18)
(-8.00483 -0.247717 0)
(18.9018 1.41388 2.45234e-18)
(2.69076 0.565343 2.79221e-18)
(17.63 3.96674 0)
(22.0499 1.77476 0)
(22.2819 1.67684 0)
(29.8084 8.00698 0)
(24.6272 2.63922 1.32258e-18)
(25.3766 2.54558 -9.35342e-21)
(26.8521 2.85701 0)
(22.6147 1.55745 0)
(-0.897492 -1.28466 -9.45106e-18)
(18.5953 2.23146 0)
(29.7437 8.00786 1.07155e-18)
(23.6948 2.20465 -2.47416e-18)
(24.8464 1.79563 0)
(5.22513 0.822702 1.15032e-17)
(16.7491 6.51195 1.32517e-17)
(27.6653 14.0181 5.58987e-18)
(23.743 1.78266 2.62382e-18)
(27.8049 4.50774 -2.86272e-18)
(28.285 5.18612 -3.97035e-18)
(1.44838 1.70463 2.09934e-20)
(2.44874 2.31549 5.00119e-18)
(20.7295 11.6331 0)
(8.50992 5.29195 -3.61305e-18)
(17.8452 3.81379 1.15722e-17)
(30.3395 8.15502 -4.35867e-18)
(26.7206 2.88153 2.35487e-20)
(30.2854 8.01545 -5.30487e-18)
(30.7465 8.3081 -5.9433e-18)
(31.5819 9.43784 7.18193e-18)
(29.9018 8.95137 0)
(22.3635 2.72845 0)
(23.8536 2.06884 7.14598e-20)
(19.9915 17.6738 3.7639e-19)
(32.9492 14.756 -5.34481e-18)
(27.0734 3.49646 1.91338e-18)
(-6.58468 3.05017 5.8954e-18)
(18.0628 2.11415 1.13995e-17)
(0.0968544 4.82326 0)
(24.807 1.78088 0)
(16.2945 6.88587 -1.04577e-17)
(21.8548 1.82719 5.21996e-18)
(26.2592 2.80209 8.62294e-19)
(-0.565092 2.60829 0)
(29.6849 7.98821 0)
(19.0882 2.99216 9.59881e-18)
(29.8037 8.00898 0)
(29.8356 8.00613 -4.55848e-18)
(29.9764 8.0116 -4.92464e-18)
(30.1141 8.02977 -1.29808e-18)
(29.7192 8.11748 -4.59138e-18)
(26.2015 2.51307 -2.42097e-20)
(23.1597 2.08789 1.01577e-19)
(30.3862 8.04958 5.47666e-18)
(30.9453 8.46787 0)
(30.9708 9.13426 4.89782e-18)
(31.2274 8.95644 6.78236e-18)
(31.5087 9.68273 7.18989e-18)
(32.082 10.7986 -6.00963e-18)
(-1.72745 3.28955 -3.74461e-18)
(26.3293 2.34824 0)
(17.4459 13.3944 0)
(17.783 13.7215 0)
(25.2599 2.02134 -1.19007e-20)
(27.5702 6.21123 4.49113e-18)
(26.6628 3.39686 0)
(26.9853 3.4723 -5.70266e-20)
(30.8089 9.66757 6.48891e-18)
(25.1762 1.843 -5.33849e-19)
(24.5294 6.22073 7.67905e-18)
(11.5048 2.53842 -7.84143e-18)
(29.6832 7.99573 -5.27101e-18)
(18.7307 4.86144 1.687e-19)
(25.2303 1.79029 -1.46304e-20)
(23.5893 2.35736 2.75401e-18)
(31.9145 11.6657 8.2607e-18)
(25.435 2.27341 0)
(22.5344 1.99889 0)
(24.6567 1.60889 0)
(26.1282 2.05607 -7.17878e-19)
(31.4622 8.40032 0)
(28.7924 6.2952 0)
(4.18976 4.25899 0)
(3.75726 2.48429 -8.7788e-19)
(21.6547 2.24999 5.27762e-18)
(16.4513 3.60335 0)
(17.9078 4.07752 -3.79786e-18)
(16.6421 3.70795 -7.9124e-18)
(29.7568 8.09932 -1.16454e-18)
(29.9133 8.08288 -5.02806e-18)
(-9.79933 -3.41274 0)
(22.9738 1.42866 -4.14061e-18)
(26.4695 2.40846 -1.16068e-18)
(32.188 9.88724 1.58228e-17)
(23.4445 2.42699 9.11416e-20)
(24.2977 1.4506 1.77491e-18)
(-8.70165 -1.1885 -1.37437e-18)
(30.2489 11.5748 5.99492e-18)
(30.0815 7.97765 -3.57138e-18)
(17.8757 2.4538 -2.83403e-18)
(25.2835 2.68699 2.76644e-20)
(14.3295 10.1419 0)
(23.0507 1.50468 2.81459e-18)
(29.0684 12.558 3.1937e-18)
(0.517565 -0.413841 -6.4809e-20)
(23.1594 2.59351 -3.2996e-18)
(20.5891 4.9266 1.67466e-18)
(-0.730958 -0.0787347 8.02892e-18)
(18.7123 0.920145 2.63873e-18)
(30.6746 8.35426 3.98881e-18)
(22.1634 1.85278 4.8234e-18)
(30.2097 8.12172 4.33203e-18)
(29.854 8.03252 0)
(29.943 8.02316 -6.1137e-18)
(28.7363 14.1548 -3.32543e-18)
(19.2124 2.90722 9.38378e-18)
(22.658 1.51044 -4.08142e-18)
(16.1082 8.60837 -1.22336e-17)
(-1.27207 2.17714 -6.40411e-18)
(33.2687 13.9899 -2.46737e-17)
(27.1652 3.52374 -6.39728e-20)
(20.719 1.66887 0)
(17.2126 1.82838 1.62031e-17)
(24.84 6.3294 4.01286e-18)
(30.4608 7.8745 -5.3033e-18)
(19.5744 1.01453 0)
(16.963 6.35115 -1.25252e-17)
(18.6765 0.546086 -1.05404e-17)
(-0.641247 -1.2066 0)
(22.346 2.11359 1.37065e-19)
(22.7195 16.8218 -3.64593e-18)
(25.8809 12.5193 2.81883e-18)
(22.873 1.86065 -3.97585e-18)
(0.426347 0.297664 0)
(27.873 14.1087 2.9935e-18)
(19.6096 10.1285 1.10412e-17)
(27.4578 7.27599 1.08271e-18)
(16.2186 5.65387 -3.43463e-19)
(33.3365 10.2093 -9.27853e-18)
(28.7931 13.7456 3.273e-18)
(2.93094 4.12975 -2.77799e-18)
(20.6946 11.8219 0)
(24.8228 2.7644 -1.05413e-18)
(25.3226 2.59662 3.75361e-19)
(25.2724 2.54069 1.2085e-20)
(25.6199 2.68566 -5.71456e-20)
(26.6384 2.93122 2.69458e-18)
(24.8533 2.09804 2.8761e-20)
(26.3053 3.13435 -9.09843e-19)
(26.3448 3.16115 9.87811e-19)
(24.9593 2.09882 0)
(14.2062 10.7489 0)
(26.3528 3.20799 0)
(24.645 2.21084 0)
(30.8324 8.02715 1.85917e-20)
(6.15362 3.53427 3.11029e-18)
(20.6285 2.7514 0)
(14.0068 2.85727 3.67107e-18)
(32.8755 14.3455 1.60008e-17)
(-2.07685 3.57746 0)
(23.8504 1.54299 -2.33302e-18)
(25.7093 2.06881 1.57502e-19)
(27.2362 2.67506 -2.09072e-18)
(29.7151 8.00391 -7.3258e-18)
(20.7429 1.8602 -1.70513e-18)
(23.1801 2.54898 -3.16402e-18)
(22.7192 1.89881 0)
(30.4131 8.15131 -3.33486e-18)
(28.8825 7.69128 8.70667e-18)
(-8.35302 -4.16255 0)
(6.94129 3.43973 0)
(21.6276 2.32328 0)
(14.1022 3.0073 0)
(24.586 2.69633 0)
(24.646 2.67889 -1.23959e-18)
(24.7063 2.66147 4.31353e-20)
(25.1941 2.618 1.5489e-20)
(25.258 2.60707 -4.64634e-19)
(30.7021 8.66112 1.21197e-17)
(31.5043 11.0154 7.67318e-18)
(28.2399 3.52351 -3.20555e-18)
(-6.26639 -2.93706 0)
(26.7383 2.37712 1.46528e-18)
(20.4687 10.9214 -5.94319e-18)
(30.4299 9.41379 4.59493e-18)
(28.287 12.974 2.88746e-18)
(-1.78312 -1.04212 -5.61568e-19)
(-8.021 1.30845 -4.46838e-18)
(20.4864 1.68984 0)
(32.0107 9.36952 0)
(23.3409 1.17699 -6.4509e-18)
(4.99036 0.956036 8.36451e-18)
(18.4447 2.7188 -1.0775e-17)
(33.9317 9.34261 -2.23585e-19)
(33.405 9.52768 6.67666e-18)
(25.4485 2.31553 -1.88491e-19)
(25.3564 2.35377 9.93326e-21)
(17.2859 10.3442 -6.38857e-18)
(25.0664 1.69526 6.31415e-19)
(29.3722 7.89515 3.31841e-18)
(24.3884 2.71865 0)
(24.5283 2.71688 0)
(24.8045 2.79196 0)
(25.4542 2.57686 -1.9123e-19)
(26.1162 2.64122 0)
(26.7548 2.79941 -4.55337e-20)
(27.0008 2.95191 -5.68105e-20)
(23.049 2.27021 0)
(26.2742 3.15591 8.70946e-19)
(-1.81716 3.01791 0)
(-0.043932 -0.978528 0)
(-0.712453 -1.25988 0)
(23.8451 1.67724 3.59782e-20)
(25.67 2.21074 4.86504e-21)
(24.2507 6.208 0)
(27.2942 2.7086 6.53991e-20)
(16.4571 8.5587 9.27111e-18)
(23.8744 2.3188 -2.34784e-18)
(17.9212 4.19282 0)
(27.3129 12.2775 -1.0048e-17)
(30.6052 9.48206 1.46473e-18)
(18.2501 2.43376 -2.80964e-18)
(30.0464 8.03686 0)
(25.0681 2.64119 -2.088e-20)
(29.6992 8.12009 1.9544e-20)
(29.7255 8.21844 -4.51551e-18)
(2.32921 -0.463185 0)
(23.4367 1.62927 2.89589e-18)
(18.9397 5.08039 0)
(22.8949 1.05701 0)
(-6.3979 -2.80813 0)
(30.0062 7.98994 -5.81247e-18)
(27.9453 4.73485 -3.19512e-18)
(28.4396 5.27133 -7.53272e-18)
(21.6206 13.4648 8.18384e-19)
(21.253 5.18282 0)
(24.5089 2.74646 1.45694e-18)
(24.8236 2.69679 1.03901e-18)
(24.884 2.68218 -2.87873e-20)
(24.8909 2.6151 -9.45225e-19)
(25.7749 2.75798 2.70007e-19)
(24.3803 2.09045 1.57748e-18)
(27.0987 2.95898 -1.87401e-18)
(27.2004 2.96693 0)
(31.0786 9.44845 0)
(26.4242 3.21522 3.40265e-20)
(30.726 13.7544 1.27775e-17)
(17.6157 12.9657 0)
(-8.02872 1.5856 5.97889e-18)
(27.2606 3.55352 -2.03367e-18)
(29.7144 7.99923 0)
(27.7056 3.83632 2.64912e-18)
(24.2139 1.46156 1.93639e-18)
(18.6586 4.46288 -7.87404e-18)
(27.6702 3.51142 2.65676e-18)
(20.0645 0.75074 2.03543e-18)
(16.5817 6.96848 0)
(30.5259 9.54074 -4.7526e-18)
(23.5408 1.15418 2.04239e-18)
(18.2896 2.82761 1.10433e-17)
(21.0072 12.4331 0)
(29.7323 8.10248 1.14922e-18)
(27.2036 3.09621 0)
(24.8583 1.98817 9.21309e-19)
(30.3823 8.47169 -5.62357e-18)
(20.4651 1.47867 -1.86371e-18)
(26.7064 3.4802 -1.42835e-18)
(24.1433 1.69075 -1.87598e-18)
(23.8647 1.59364 -1.23263e-20)
(18.4294 2.13084 0)
(21.5965 1.28145 0)
(24.557 1.64517 1.38655e-18)
(24.5673 1.68849 -1.38715e-18)
(23.8175 2.18577 2.36017e-18)
(23.3227 2.46442 9.42341e-20)
(23.1274 1.15123 3.50661e-18)
(26.112 2.01111 1.55544e-18)
(26.3386 2.03328 -5.76388e-20)
(3.96228 5.18769 -3.23104e-18)
(5.52639 1.60815 -8.44808e-19)
(20.5332 2.79118 0)
(22.4146 1.51438 0)
(19.5822 4.7551 -1.3657e-18)
(3.40067 0.543327 0)
(30.321 7.95919 -4.90625e-18)
(14.8966 3.34082 -4.07871e-18)
(28.8237 6.90867 3.80755e-18)
(28.5613 7.72145 0)
(23.8483 6.0291 -3.85391e-18)
(29.9211 8.01669 1.21803e-18)
(30.2857 8.44148 4.09913e-18)
(30.086 13.4519 -7.92108e-18)
(16.9406 3.96804 1.54302e-18)
(29.7848 8.00825 -1.09379e-18)
(27.5745 13.2196 -8.21958e-20)
(18.5926 2.42715 -7.75425e-18)
(26.911 3.1179 5.34969e-20)
(29.856 8.02687 0)
(26.2058 3.15201 -3.77199e-21)
(-8.4617 -0.401124 -8.22853e-18)
(-5.2062 4.17478 0)
(26.0901 2.37925 6.53868e-19)
(6.17348 1.1368 -1.56839e-18)
(-5.69619 3.73255 0)
(14.71 3.34831 6.60612e-18)
(19.7175 12.8695 -1.34746e-19)
(23.3691 2.20232 0)
(19.6139 2.25464 6.87553e-20)
(23.8534 1.29688 0)
(17.0075 10.1777 -2.27975e-18)
(24.566 2.65729 0)
(24.9725 2.1402 -2.38169e-20)
(-3.9873 2.36611 -3.78676e-18)
(17.651 4.18401 4.99776e-20)
(24.1316 1.6438 0)
(-1.01193 0.131091 -1.07573e-19)
(1.55907 5.01491 3.49925e-18)
(15.7071 3.59657 6.91282e-18)
(17.9203 0.141202 0)
(18.0984 2.75845 -8.39511e-18)
(28.7066 6.91022 -4.31348e-18)
(19.1113 3.15008 7.02393e-18)
(25.8319 3.14517 -2.36655e-19)
(-0.945148 -0.196619 8.04935e-18)
(29.7143 8.00004 -5.88215e-18)
(21.8842 1.18694 0)
(23.4757 1.59341 -2.88989e-18)
(24.7667 2.46938 1.07685e-18)
(25.5774 2.88408 4.2565e-20)
(16.694 10.3832 0)
(30.6256 8.02675 5.65989e-18)
(-2.40636 4.79564 8.39336e-18)
(24.1062 2.28759 -1.92272e-18)
(29.6958 7.99404 2.02291e-18)
(27.4656 2.66986 2.35775e-18)
(9.41307 1.6678 0)
(25.5159 2.8917 0)
(24.1364 2.05884 0)
(30.6099 8.54277 1.47134e-18)
(23.3173 1.53593 0)
(23.7702 2.17643 -4.89515e-18)
(-6.979 -2.72263 6.23816e-18)
(31.2502 11.7565 0)
(27.7167 3.13375 -2.59775e-18)
(30.5016 11.4506 0)
(25.9504 3.14438 -4.05214e-19)
(18.7624 4.49561 1.33693e-18)
(32.4191 9.0616 1.58645e-17)
(0.819092 5.35542 0)
(23.9556 2.21451 2.17107e-18)
(-1.6853 -0.282195 0)
(3.78097 4.55108 -3.64857e-18)
(5.37612 5.05901 2.70915e-18)
(5.36856 5.19321 8.99127e-19)
(3.72914 5.52358 -3.3804e-18)
(26.1824 6.86919 0)
(29.8502 8.00201 1.11323e-18)
(27.5313 3.14398 -2.39194e-18)
(31.7191 10.7658 -7.95809e-18)
(31.9056 10.6811 1.60149e-17)
(25.3488 2.09135 -9.82202e-21)
(25.6275 2.03972 1.39329e-21)
(28.1763 13.1015 0)
(29.7084 7.99636 -1.93564e-18)
(24.3499 1.72461 -1.70182e-18)
(8.2493 1.64632 0)
(15.266 3.26142 -3.8271e-18)
(29.7096 8.00304 1.08073e-18)
(18.1413 4.00732 2.78741e-18)
(8.68013 1.345 -3.47129e-18)
(7.88069 1.07974 -3.07834e-20)
(30.3447 8.43148 5.56437e-18)
(30.498 8.03963 1.40471e-18)
(26.3844 2.41803 0)
(32.9992 9.88618 -1.1021e-17)
(29.967 8.11047 0)
(31.711 8.44651 0)
(28.1599 13.6164 5.92537e-18)
(31.5609 8.47853 -6.88444e-18)
(26.6084 15.5087 -2.65008e-18)
(17.6593 2.10871 3.10827e-18)
(-5.02343 2.61197 -2.86383e-18)
(-4.99554 -2.87809 1.17148e-18)
(29.0837 11.6355 -1.91666e-20)
(21.097 0.916833 1.57313e-18)
(0.594671 -0.072826 0)
(27.5872 2.66677 -7.80161e-20)
(16.2632 3.63093 -4.13774e-18)
(30.6765 8.33455 4.49742e-18)
(25.1132 2.00543 -5.6293e-19)
(26.3384 2.39746 -9.52572e-19)
(28.3038 3.60121 0)
(28.6531 3.94006 9.02572e-20)
(28.8187 3.8312 4.11974e-18)
(28.2596 12.5392 2.82007e-18)
(12.4198 2.54675 -4.50559e-18)
(-0.749109 -0.902374 -8.04408e-18)
(1.30211 -0.266414 -1.32489e-20)
(21.5983 5.25847 8.1116e-19)
(18.0328 1.04155 0)
(17.7868 1.09714 0)
(18.4942 0.944953 -2.63873e-18)
(30.3784 7.99405 -1.19918e-18)
(28.2337 13.2829 5.88048e-18)
(30.5222 8.2797 -3.41503e-18)
(7.02634 0.920174 0)
(18.76 3.47369 -2.01007e-17)
(30.588 8.28837 3.12256e-18)
(27.9031 3.2914 -4.4594e-20)
(29.465 13.3642 0)
(26.0742 3.14613 -1.78562e-20)
(33.6896 10.5907 2.35647e-18)
(26.2354 6.637 -7.16697e-18)
(25.173 2.32109 1.75212e-20)
(33.9142 10.1035 9.68185e-18)
(18.3136 0.355021 1.09815e-17)
(29.6422 7.97708 0)
(27.3082 3.11044 -6.65289e-20)
(25.1055 2.11443 0)
(25.1321 1.93762 -5.59166e-19)
(0.254782 -0.272191 0)
(21.9432 1.12808 -1.26411e-18)
(18.1106 0.800711 0)
(23.442 2.34158 0)
(23.5771 1.43458 0)
(29.0116 6.80464 4.44372e-18)
(-6.57441 -3.12682 0)
(-3.61847 -1.33932 -4.06146e-18)
(21.7061 2.10208 7.05657e-18)
(30.619 8.29612 7.30397e-18)
(25.8534 3.12298 0)
(28.9924 11.5454 -9.24799e-18)
(26.5655 2.45075 1.22919e-18)
(-0.471997 -0.913337 1.49154e-17)
(23.7692 1.37141 2.53725e-18)
(27.7067 12.0639 -2.19042e-18)
(24.1881 2.19058 5.73061e-20)
(6.86592 3.71808 3.85774e-18)
(7.65123 3.49552 -9.86513e-19)
(-3.69666 4.60843 4.70998e-18)
(-3.9666 -2.07482 6.52764e-21)
(7.02839 1.11578 2.72024e-20)
(-4.39109 4.02365 0)
(-5.34841 -2.65223 5.43178e-18)
(28.3432 12.4222 -5.69786e-18)
(12.3388 2.65197 4.45367e-18)
(31.592 11.916 6.28014e-18)
(22.6174 5.61367 -3.86093e-18)
(25.7638 6.66898 3.88769e-18)
(29.1504 11.8702 3.13336e-18)
(28.466 12.9969 0)
(28.2112 4.73877 6.59615e-18)
(21.6278 2.10399 -1.42584e-18)
(25.8363 3.08174 0)
(26.4489 3.3591 1.0683e-18)
(25.4181 2.07877 1.87481e-19)
(25.5483 2.16483 -3.54571e-20)
(26.6865 2.35468 0)
(-0.625851 -1.13937 0)
(28.827 13.3748 0)
(27.1303 13.4992 -7.44474e-18)
(23.4483 2.1674 0)
(7.67351 5.3938 0)
(29.7577 8.0745 -5.76817e-18)
(28.0434 3.32419 -4.97654e-20)
(-6.6388 2.74968 4.18296e-18)
(1.80197 1.96759 5.17299e-18)
(31.3628 7.73865 -6.60664e-18)
(29.2186 12.1097 6.51935e-18)
(28.4257 3.48407 0)
(15.5068 3.51483 0)
(24.2578 1.48115 0)
(25.546 1.89915 0)
(-9.99893 -4.17922 0)
(24.6867 2.75785 -5.0294e-21)
(28.3544 3.40465 -3.31326e-18)
(-6.14924 1.01416 0)
(29.5318 4.69355 4.74718e-18)
(-3.21543 -2.05387 4.92738e-18)
(29.7107 7.99608 -8.82196e-18)
(25.9405 1.95118 0)
(25.3698 2.39533 7.89254e-21)
(-6.75767 2.78975 -1.62852e-17)
(20.3215 1.81897 7.57451e-18)
(32.593 9.9925 0)
(30.904 9.59756 1.65481e-18)
(-3.31542 3.94148 0)
(-9.92771 -4.55135 0)
(22.4899 1.70878 -5.37274e-19)
(10.6522 2.19889 0)
(25.6594 2.16789 -1.31595e-19)
(24.5679 1.84463 5.46988e-20)
(25.5277 2.45835 -5.40722e-20)
(31.109 9.56109 -6.89808e-18)
(29.8005 9.0117 7.18507e-19)
(-4.74664 4.12389 -3.90806e-18)
(27.2838 13.4221 4.9689e-18)
(20.3646 1.70196 -7.50789e-18)
(9.00117 1.40728 -3.97632e-18)
(22.9062 2.11726 -3.65195e-18)
(30.262 13.6485 8.04103e-18)
(-6.89119 0.30686 4.73919e-20)
(0.0389367 -1.02464 6.7313e-18)
(30.1815 11.4319 -6.76571e-18)
(19.5146 3.29795 1.97346e-17)
(33.6265 8.83383 1.98336e-17)
(-1.0666 -0.973085 1.10749e-17)
(30.1534 7.95233 1.22399e-18)
(19.6553 0.86542 0)
(28.7707 7.67988 -4.63917e-18)
(24.7659 2.25048 1.09662e-18)
(-10.2878 -4.56668 0)
(18.0754 2.54062 1.42748e-17)
(27.987 4.68062 2.71671e-18)
(-9.79405 -4.61807 -3.89176e-18)
(5.12493 3.20964 -3.95025e-18)
(21.3477 12.3974 -2.68311e-18)
(22.8199 2.16453 -7.6567e-18)
(-6.0205 1.34916 3.7974e-18)
(30.5221 13.5589 -1.65307e-17)
(-1.08401 -0.40484 0)
(25.9071 1.98244 0)
(-7.62694 1.11227 0)
(17.4463 2.22923 -3.10827e-18)
(28.0819 4.77904 -2.90221e-18)
(-2.58859 -0.666517 0)
(-1.26026 0.635777 -1.84486e-20)
(4.59386 4.90691 0)
(24.0008 2.02249 2.12056e-18)
(31.1672 8.86662 -8.14584e-20)
(30.4238 11.3148 0)
(-4.89374 4.2855 0)
(30.0458 4.61646 5.30934e-18)
(22.2773 5.82799 -8.29387e-18)
(1.23346 -0.746445 1.46016e-18)
(21.5046 1.2655 -5.76475e-18)
(1.66885 -0.315923 0)
(23.3276 2.53668 4.67142e-18)
(-6.26622 -2.08612 0)
(27.7991 4.63284 -3.05155e-18)
(28.6593 5.7461 -2.58915e-19)
(24.8289 2.6298 -1.0617e-18)
(25.6421 1.96829 1.10699e-19)
(-8.41286 -1.05623 -1.11541e-17)
(5.39105 1.80715 4.07596e-18)
(20.5006 3.64272 -8.87742e-18)
(24.4184 1.98746 0)
(16.3239 4.24977 -3.68465e-18)
(23.8337 2.02248 0)
(-4.96993 3.77884 3.79996e-18)
(28.3986 3.57974 0)
(-2.10352 2.63605 7.21545e-18)
(21.3721 0.891435 -6.18536e-18)
(29.708 8.00016 1.19502e-20)
(23.6749 2.15905 0)
(18.2477 2.21897 -1.1165e-17)
(-5.21594 3.98869 -4.31605e-18)
(33.6325 10.3094 6.80742e-18)
(17.2653 2.63773 -9.84583e-18)
(30.6266 8.22498 -7.29516e-18)
(0.304386 -0.837048 0)
(21.1717 11.9371 0)
(30.5687 8.19404 1.44956e-18)
(23.6853 2.36947 0)
(28.7323 7.5395 5.69869e-19)
(4.54006 4.35956 3.71769e-18)
(25.7852 2.80071 0)
(31.4597 11.1991 -7.91945e-18)
(28.3537 3.94585 3.42125e-18)
(25.9628 2.1606 -1.6472e-20)
(7.15 1.38596 2.6527e-20)
(24.264 1.69262 -5.5633e-20)
(24.3082 1.54397 0)
(24.6871 2.33455 1.20583e-18)
(29.7379 8.23605 0)
(-5.63467 -0.30536 0)
(17.4375 4.10162 -1.38374e-18)
(23.2044 1.28892 -2.47527e-18)
(26.7892 7.01789 -2.5581e-18)
(0.492899 0.270865 1.48362e-17)
(-0.316341 -0.793007 -3.61866e-18)
(25.3611 2.61217 -2.89002e-19)
(27.4039 3.63734 7.1492e-20)
(30.3513 8.01373 -3.59342e-18)
(27.5944 3.04235 -7.68479e-20)
(23.1923 5.17472 4.91356e-18)
(29.1189 11.9906 3.15471e-18)
(20.986 1.38171 -6.51993e-18)
(15.1392 3.61386 -2.84301e-18)
(18.0633 0.363703 1.14172e-17)
(31.3536 8.96114 -6.74102e-18)
(30.2978 9.08102 -1.45371e-18)
(-3.15465 4.46848 -7.25138e-18)
(-3.48637 4.78435 0)
(22.7484 4.92078 -9.82193e-18)
(28.5823 3.12356 3.63619e-18)
(25.8775 2.1294 3.98674e-19)
(25.995 2.0102 5.45448e-19)
(23.3018 2.50631 -2.97172e-18)
(-1.17498 -0.997884 0)
(-1.00563 -0.88676 -1.116e-17)
(23.9832 2.18015 0)
(24.3966 2.1335 -4.8353e-20)
(27.4341 2.45751 0)
(-10.3815 -4.58539 0)
(2.30481 5.16199 0)
(5.68714 0.662985 7.37236e-18)
(29.7561 8.05231 0)
(30.2674 11.308 0)
(28.2615 3.43338 3.23131e-18)
(-2.00947 3.25331 6.12302e-18)
(17.0889 3.9672 -3.1188e-20)
(30.4137 7.95087 -5.21161e-18)
(27.8709 4.38547 0)
(21.1929 12.5185 1.8188e-18)
(25.5038 2.63459 2.63945e-21)
(26.0836 2.66761 0)
(24.8401 2.05659 -9.44514e-19)
(25.078 2.14142 0)
(25.498 2.10789 -2.14765e-21)
(20.876 1.37546 6.72274e-18)
(21.0244 1.00099 -8.12648e-18)
(0.759011 -0.856337 6.32223e-18)
(29.7106 8.00116 -8.72265e-21)
(28.4279 13.3173 -3.11032e-18)
(-7.08157 2.44881 8.76532e-18)
(-0.750635 0.166859 2.98652e-17)
(25.3665 15.1107 0)
(27.2486 3.26188 2.12876e-18)
(17.3125 2.9004 -9.50005e-18)
(32.0227 9.07278 0)
(0.741489 -0.325369 1.48712e-17)
(-8.71623 -3.7454 0)
(30.4157 11.5866 -7.07057e-18)
(32.4772 10.8132 2.14779e-18)
(30.0172 7.98518 1.16817e-18)
(28.0474 13.9703 6.04346e-18)
(-7.32869 -1.72702 -3.88221e-18)
(30.4165 8.27219 0)
(24.8161 15.003 3.13209e-18)
(17.4521 3.36179 -1.23498e-17)
(29.7319 8.13005 4.6402e-18)
(31.0148 9.64406 0)
(23.397 2.16052 0)
(-2.58014 -1.26672 -3.33132e-18)
(-4.93571 3.28754 0)
(6.11607 0.961019 1.06616e-17)
(2.97213 -0.282443 0)
(26.3136 2.11844 9.95094e-19)
(29.7281 8.05004 0)
(4.91591 4.33567 3.19095e-18)
(4.10046 4.00082 3.26951e-18)
(25.0982 2.72072 6.73344e-19)
(15.8169 3.99759 -1.20754e-17)
(28.676 7.27304 -9.12813e-18)
(25.722 2.26985 0)
(-3.06305 -1.52854 0)
(18.6484 3.59155 -1.03001e-17)
(25.488 2.44213 0)
(26.1783 2.41649 0)
(30.3485 8.2921 4.25384e-18)
(30.5008 7.99263 1.38007e-18)
(32.3122 8.91177 -7.6036e-18)
(-1.52866 1.93042 8.60001e-18)
(4.22051 0.641394 -4.5665e-18)
(24.4129 1.66739 -1.59e-18)
(3.33209 0.655028 1.09774e-17)
(29.7178 7.5916 -1.0033e-17)
(-7.11775 -0.221707 4.15373e-18)
(17.0727 3.93953 5.401e-18)
(26.0105 2.87799 -5.34636e-19)
(-5.61516 3.95589 4.59432e-18)
(30.352 9.02761 -5.87446e-18)
(-2.78058 3.46493 -7.13903e-18)
(8.45986 5.24865 3.14917e-18)
(-6.65652 -1.35531 0)
(29.1318 3.6832 1.33683e-19)
(26.1587 2.66257 -7.61358e-19)
(26.3655 2.72573 1.03586e-18)
(26.6339 2.87888 -1.33955e-18)
(28.3664 13.6643 3.14842e-18)
(15.5018 3.63934 0)
(27.2631 14.4857 -2.66272e-18)
(22.9738 1.72196 0)
(28.8329 6.70516 -4.67966e-18)
(-2.44937 2.80611 0)
(20.8199 1.47194 -6.58224e-21)
(-0.224207 -0.13741 9.64035e-18)
(28.0584 4.69619 -4.04244e-19)
(25.0602 6.45902 8.33944e-18)
(17.7226 2.81722 -3.0488e-18)
(29.8353 8.02588 0)
(25.9591 2.60785 1.01047e-18)
(23.4765 2.12668 8.74582e-20)
(-9.41582 -2.49717 -4.34673e-18)
(31.042 11.7675 0)
(0.279748 -0.19156 8.5189e-18)
(27.4664 15.1827 3.09658e-18)
(3.45045 0.667074 6.81367e-18)
(6.80706 1.02642 -4.86859e-18)
(34.0549 9.05264 7.05659e-18)
(-10.103 -4.64786 -7.68924e-18)
(26.4538 2.77341 -1.08564e-18)
(26.6834 2.9608 -1.46862e-18)
(22.1488 2.66325 0)
(2.33185 0.493133 2.65363e-18)
(20.9108 0.981391 1.64492e-18)
(27.372 7.02451 5.34201e-18)
(30.3198 7.91608 1.25595e-18)
(30.3962 8.23306 -2.50537e-19)
(24.5875 2.62813 -1.3916e-18)
(28.6556 13.9185 3.35478e-18)
(25.1572 2.17003 -5.43875e-19)
(20.65 1.16006 -7.05337e-18)
(8.49884 3.73917 0)
(5.41559 1.00004 -7.08211e-18)
(1.01188 -0.6341 0)
(25.7312 2.15548 -2.19117e-19)
(27.2921 3.66109 2.21585e-18)
(27.1645 2.51659 -6.03546e-20)
(0.550885 4.22916 -3.80215e-18)
(25.3595 1.87197 0)
(28.2495 4.91419 0)
(22.5359 2.38059 4.13189e-18)
(30.3323 8.34395 1.40183e-18)
(32.1148 8.91275 7.67657e-18)
(22.8964 1.34937 0)
(-7.71255 2.09975 -5.11556e-18)
(-3.89017 -1.60851 4.01907e-18)
(2.18721 5.50128 -3.29426e-18)
(7.34735 1.29957 4.15106e-18)
(24.7203 2.01445 -1.06971e-18)
(2.35452 -0.260147 -1.42515e-18)
(-1.82784 1.65066 -1.07342e-19)
(23.5485 2.18123 -2.83512e-18)
(32.2781 10.6912 2.07057e-18)
(23.9937 1.36597 -2.10712e-18)
(2.11268 3.70355 0)
(28.3216 14.2768 3.2865e-18)
(-8.72714 -1.12983 0)
(1.63181 -0.64648 0)
(-7.60435 -1.83079 5.48855e-18)
(1.5642 5.4571 -3.3949e-18)
(20.4936 0.805213 1.87591e-18)
(29.3049 7.88442 0)
(30.0659 5.17339 5.58985e-18)
(-2.89863 4.17807 0)
(24.6196 2.23949 -1.31253e-18)
(28.1556 4.80177 -7.78331e-20)
(17.5493 2.96221 1.54859e-17)
(29.8896 8.09373 3.72424e-18)
(27.1966 2.9035 -6.22348e-20)
(27.8309 3.31879 4.77761e-20)
(10.7598 2.25123 1.61181e-18)
(25.3275 2.4892 0)
(20.8864 10.6093 0)
(2.47764 -0.417021 5.20423e-18)
(23.3302 1.12236 3.33573e-18)
(25.5349 1.85778 -4.39978e-21)
(-6.97745 -3.67776 0)
(29.7767 8.00484 -5.39935e-18)
(29.6986 4.91922 -5.0998e-18)
(24.7782 1.8076 0)
(-9.92414 -4.65109 0)
(-9.05862 -3.95256 -8.88145e-19)
(-9.46035 -4.57958 -8.68573e-21)
(31.599 11.3434 1.59744e-17)
(29.7274 8.00022 -4.18727e-18)
(-0.902034 -1.25561 1.18895e-17)
(30.4385 9.49792 7.62974e-18)
(-9.51497 -4.69062 0)
(24.8063 2.65742 -8.02055e-21)
(26.6585 3.34708 4.19531e-20)
(28.7986 7.48146 -1.04711e-17)
(32.2629 9.56186 -7.93979e-18)
(26.1503 3.19211 8.97142e-20)
(26.0822 2.16355 1.94564e-20)
(23.8918 2.15998 0)
(29.4133 7.01647 0)
(25.0654 2.20987 6.61635e-19)
(28.6723 5.64236 2.58914e-19)
(28.7359 5.81924 0)
(2.42457 1.16287 -5.19535e-18)
(20.483 3.54479 1.79186e-18)
(22.8785 2.16662 1.16119e-19)
(-0.26578 -1.1318 4.88106e-20)
(30.3845 7.94472 9.94842e-18)
(17.4516 6.76504 -1.24114e-17)
(19.8443 4.74928 4.16266e-18)
(17.1516 3.76092 2.48877e-19)
(24.5661 2.29716 1.36857e-18)
(26.4007 3.02143 -3.18716e-20)
(28.2363 2.98351 -3.2523e-18)
(-0.594947 -1.21017 -4.47845e-20)
(31.4721 9.54874 -7.18547e-18)
(23.3172 2.19651 0)
(20.9402 10.4862 -1.63447e-18)
(25.7753 2.32993 9.03523e-21)
(30.9389 11.9427 0)
(25.3942 2.47854 0)
(25.3456 1.94014 -3.13184e-19)
(24.6601 2.36307 8.9012e-21)
(30.4169 7.87338 5.21836e-18)
(24.0725 5.98645 0)
(-8.80877 -0.92017 4.87221e-18)
(31.0418 12.1173 0)
(25.6156 2.90182 1.70833e-20)
(23.9609 1.44513 0)
(25.0764 1.73362 0)
(32.0796 9.52356 -7.67665e-18)
(29.7216 8.09113 -1.16763e-18)
(24.6287 1.94404 -1.21628e-18)
(25.1231 2.04637 1.74957e-20)
(27.1636 2.22951 0)
(6.19254 3.79075 0)
(4.51091 1.81556 3.54351e-18)
(23.8057 1.84437 -4.76839e-18)
(-1.75949 3.77298 0)
(-7.46666 1.61974 0)
(26.3462 2.62555 1.00496e-18)
(25.0913 2.18267 0)
(-6.98618 2.71006 0)
(6.37241 0.685978 3.81679e-18)
(28.7861 6.00719 -2.74771e-19)
(22.4744 2.38547 0)
(29.734 8.00542 5.27474e-18)
(1.21929 0.350512 2.01858e-20)
(31.6772 11.7068 -6.28228e-18)
(28.5403 13.1727 3.14674e-18)
(-7.3071 2.41917 0)
(-1.68816 3.12647 0)
(24.5164 1.62906 1.38045e-18)
(16.6181 3.71701 1.77228e-17)
(28.8176 6.19568 0)
(28.8571 6.3885 0)
(25.2104 1.96597 4.91121e-19)
(23.5915 2.44083 -1.19822e-21)
(31.2652 12.1227 0)
(25.0818 1.88235 6.25441e-19)
(-2.53831 -0.925893 -3.92167e-18)
(31.3318 11.5718 -7.94836e-18)
(-6.28735 2.78938 -3.94874e-18)
(24.0315 1.73796 0)
(28.9834 7.78346 -3.72135e-18)
(-1.15933 0.440064 -2.46921e-17)
(28.6661 6.8069 -1.18727e-18)
(30.5875 8.30918 -5.12773e-18)
(16.1572 3.97304 0)
(-4.47063 2.63684 0)
(26.0231 3.0787 0)
(26.4208 3.37855 -3.12222e-20)
(20.8685 0.871961 0)
(26.76 6.93288 -5.30236e-18)
(24.5422 2.43743 -7.46936e-21)
(28.7366 13.1867 3.26478e-18)
(25.6403 2.87769 -2.29675e-21)
(30.1593 8.12965 -5.23313e-18)
(28.8853 6.59914 -4.71823e-18)
(1.15367 -0.510357 -5.47806e-18)
(0.307519 -0.0483339 -8.99251e-18)
(27.8702 4.09577 2.78145e-18)
(25.6988 6.63604 -2.60167e-18)
(15.836 3.39188 0)
(30.1407 11.7115 8.62728e-19)
(30.5335 7.95597 0)
(23.5896 1.49028 2.77427e-18)
(6.37484 0.988317 -4.35125e-18)
(20.5573 3.49026 5.34937e-18)
(16.1817 3.41102 3.72842e-18)
(23.8609 1.98695 0)
(30.7496 11.9216 -7.40787e-18)
(0.870134 5.44106 8.32734e-19)
(30.8164 7.84212 4.23269e-18)
(24.2429 1.76782 0)
(-7.55553 -0.104712 -5.88775e-18)
(23.7037 5.84466 6.35592e-18)
(30.3515 8.21308 1.02643e-18)
(17.6886 2.57816 2.988e-18)
(25.5918 2.7105 3.08026e-20)
(26.4233 2.84915 -3.43606e-20)
(31.3288 4.23098 3.68988e-19)
(33.8751 8.47403 -1.41571e-17)
(23.6259 2.1504 2.64519e-18)
(26.5608 3.03104 -3.81621e-20)
(8.52903 5.36668 3.27877e-18)
(17.5089 6.99458 0)
(32.6823 9.61834 -8.46825e-18)
(-0.841787 -0.227464 3.28097e-18)
(-5.63242 1.03399 9.66344e-19)
(-8.65767 -1.49684 -5.00146e-20)
(26.589 3.38281 0)
(26.7795 3.44866 1.59988e-18)
(26.9409 3.48907 0)
(24.7925 2.44152 3.19622e-20)
(25.3075 1.81921 -3.66526e-20)
(25.2499 1.98023 0)
(29.7368 8.05648 0)
(30.3844 8.22977 -1.06607e-18)
(24.4657 2.6669 -1.52706e-18)
(23.3704 1.35093 -7.47588e-19)
(-8.20204 0.283292 -6.10649e-18)
(-1.71486 2.00152 1.38979e-17)
(25.2611 2.50005 0)
(26.2945 2.77662 -8.8586e-19)
(26.0702 2.28564 0)
(24.4345 1.59524 0)
(27.4921 7.04686 5.55307e-18)
(30.1503 7.97823 4.74012e-18)
(26.0409 14.8438 0)
(31.2145 5.62089 -6.09338e-18)
(28.7154 11.7123 3.07197e-18)
(29.6967 7.98973 0)
(25.9688 2.65265 -4.8959e-19)
(28.0101 13.7524 -8.90825e-18)
(26.2068 15.0666 0)
(26.9387 2.80153 1.74329e-18)
(28.7573 7.66266 2.98311e-19)
(3.84298 1.3356 9.29659e-19)
(21.8605 1.68968 6.50164e-18)
(23.5329 2.04699 2.7361e-18)
(-6.31223 3.48009 0)
(5.29437 0.766775 3.65202e-18)
(27.2979 2.77461 2.10241e-18)
(-0.427826 5.3234 -6.63943e-21)
(33.8877 8.81726 -6.66763e-18)
(17.4646 2.49178 -3.19135e-18)
(24.5263 2.64647 -1.43617e-18)
(13.8428 5.07102 -3.56418e-17)
(28.6755 7.87167 4.84746e-18)
(24.3907 2.01714 0)
(26.0169 2.2224 0)
(24.699 1.93072 0)
(27.6218 2.47663 2.60209e-18)
(28.0306 7.47547 -3.34808e-18)
(21.142 1.48116 0)
(22.023 1.14978 1.26411e-18)
(14.2121 5.42364 1.49097e-17)
(26.1263 2.5207 2.11705e-20)
(30.415 8.11395 4.13667e-18)
(-1.8593 4.48886 -4.40561e-18)
(23.374 2.11253 -9.41288e-20)
(-7.88765 1.83182 4.73387e-18)
(24.7131 2.41636 8.89577e-21)
(27.819 3.89349 0)
(29.6996 8.09309 -4.6096e-18)
(26.4506 2.30542 3.55456e-20)
(28.213 4.34885 0)
(30.3912 8.19615 1.08225e-18)
(29.846 8.09121 4.78803e-18)
(16.749 3.97775 -1.02176e-17)
(27.751 3.41886 -8.32577e-20)
(7.84277 3.60803 -2.22212e-18)
(23.2602 1.30964 -3.95599e-18)
(28.1775 3.94862 -3.18774e-18)
(10.0674 5.22886 2.33622e-18)
(30.2503 8.1718 1.02636e-18)
(2.78532 5.43228 -7.33523e-18)
(-2.53864 2.83849 0)
(-8.80477 -3.78981 -3.52834e-18)
(28.426 13.8791 -9.42846e-18)
(26.1389 3.14869 -2.07431e-20)
(-3.68226 4.77026 0)
(26.5256 2.48185 -1.23327e-18)
(30.4539 7.87538 0)
(-7.32499 -0.75047 -3.8757e-18)
(28.1371 14.4394 3.20354e-18)
(29.8099 7.63179 5.15791e-18)
(27.997 3.0948 1.36865e-19)
(26.5086 2.37699 1.11902e-18)
(28.5955 7.44145 -5.15742e-18)
(28.0637 2.69597 -3.04098e-18)
(-9.13082 -3.06367 0)
(12.7012 2.69753 -5.0314e-18)
(26.2501 2.18251 -2.77721e-20)
(-7.91083 1.09229 0)
(29.119 3.29791 -1.28151e-19)
(26.8216 2.62762 0)
(24.4194 2.40362 1.51135e-18)
(17.048 3.51626 3.54218e-18)
(-1.13088 0.903941 -7.54798e-18)
(-6.8464 2.28887 -6.06301e-18)
(26.482 15.0076 0)
(16.6215 4.21474 -3.47678e-18)
(27.4899 7.25919 -7.14181e-18)
(2.92924 5.55063 0)
(25.8711 2.4087 1.11182e-20)
(30.2752 8.17864 0)
(26.842 15.7409 -5.78802e-18)
(18.4065 4.3168 -8.72695e-18)
(25.3264 15.6293 -2.0141e-18)
(23.2725 1.36741 7.79417e-19)
(22.0455 1.22787 1.22076e-18)
(22.3749 1.18409 0)
(-4.2034 3.39576 0)
(25.9835 2.25173 -5.21112e-19)
(17.3223 3.89756 0)
(21.0379 1.47591 6.46845e-18)
(30.2983 7.91961 -6.24576e-18)
(27.9471 3.74015 -2.91398e-18)
(27.6387 3.84501 -2.74044e-18)
(20.9865 1.56706 -6.51996e-18)
(29.8763 8.04306 1.04127e-18)
(27.9284 2.78344 -2.71355e-18)
(25.4221 2.34241 1.84611e-19)
(30.9493 3.42775 0)
(28.716 5.92616 -4.27819e-18)
(17.6079 3.19817 0)
(20.5248 1.15092 0)
(29.1332 4.18479 0)
(18.6561 4.42754 0)
(25.5883 6.66815 -1.0999e-18)
(24.0467 2.03455 0)
(27.3067 3.1749 2.12588e-18)
(0.799909 -0.757589 0)
(29.0653 4.77288 -4.43067e-18)
(7.65368 1.34907 5.1644e-18)
(30.2677 8.09773 -3.36315e-18)
(29.321 4.34684 1.42454e-19)
(0.882463 5.37826 -3.40451e-18)
(29.8701 8.08283 1.2282e-18)
(29.7553 8.1265 -5.8841e-18)
(23.6107 2.01768 -2.73164e-18)
(0.862669 5.43726 2.51035e-18)
(15.2528 3.68213 4.34785e-18)
(11.1973 2.2481 4.77841e-18)
(23.5917 2.27351 -8.4728e-20)
(1.27022 -0.590668 0)
(24.8906 15.2998 0)
(23.8708 1.77501 0)
(30.6334 5.72347 5.54146e-18)
(-6.85093 -3.87926 4.85496e-18)
(16.6767 3.21709 -1.76506e-17)
(30.6968 9.52246 1.49894e-18)
(30.7788 9.45445 6.41307e-18)
(29.5043 4.53777 -1.44491e-19)
(27.2723 7.20129 -1.17843e-18)
(26.952 2.25726 -1.90939e-18)
(17.0186 3.96687 2.74356e-19)
(8.62001 1.38002 4.24949e-18)
(-9.38671 -3.06473 4.70764e-18)
(25.601 1.95433 2.11523e-21)
(29.7671 8.06026 4.60496e-18)
(29.9293 5.26722 0)
(23.6615 2.40741 0)
(30.4861 11.7334 1.46679e-17)
(29.7947 8.9587 2.18704e-18)
(-2.24298 4.33588 4.74625e-18)
(-9.03865 -3.92846 0)
(19.2202 4.5405 4.075e-18)
(31.5361 11.5393 7.88918e-18)
(-2.11041 -1.02472 -1.07448e-18)
(25.3397 6.57553 9.62446e-18)
(26.9492 3.32371 0)
(-7.16475 2.64481 9.11974e-18)
(28.6351 11.6209 0)
(27.6159 3.90808 1.66671e-19)
(21.8167 1.75646 -5.24681e-18)
(27.4776 14.1347 -5.58987e-18)
(25.2485 6.55675 -1.21579e-18)
(28.4516 4.57748 0)
(32.5305 9.79212 8.0933e-18)
(24.4429 2.26069 -4.6576e-20)
(23.56 2.00776 -2.65901e-18)
(29.9116 7.25961 5.01035e-18)
(27.002 2.21972 1.78269e-18)
(-0.631727 -0.556095 0)
(24.3432 1.51794 1.04084e-19)
(10.3018 2.12643 -1.57979e-18)
(29.4179 7.27674 -5.74823e-18)
(26.2027 6.86021 1.12022e-18)
(27.5539 2.44574 0)
(-8.10205 -2.39671 3.90357e-18)
(16.3152 3.71578 -1.46663e-17)
(-6.11735 3.58559 -5.43913e-18)
(11.5943 2.3908 -7.55921e-19)
(18.0029 4.04393 -4.76806e-18)
(32.3299 9.73786 -1.61417e-17)
(27.5331 3.79593 0)
(25.7464 2.35749 0)
(29.097 5.02828 -9.05764e-18)
(26.957 3.15352 1.68915e-18)
(24.8087 1.93234 -9.56806e-19)
(22.393 0.92131 -3.43962e-18)
(14.6308 4.07134 -2.3261e-17)
(28.612 4.51542 3.87272e-18)
(22.9461 5.81299 -4.9344e-18)
(25.9656 2.03961 -5.28379e-19)
(24.806 2.26392 -1.00952e-18)
(21.7348 1.75139 0)
(28.8445 4.68739 4.06991e-18)
(24.2305 5.63593 0)
(2.91838 4.35342 3.35632e-18)
(1.72304 4.4299 0)
(15.0649 4.01482 1.3371e-17)
(-8.4966 -4.22593 0)
(27.8986 14.349 -8.94292e-18)
(30.4423 7.87602 5.13921e-18)
(25.4956 1.84629 1.21354e-19)
(29.9642 3.501 4.65979e-18)
(7.26885 1.01694 0)
(24.3706 2.16391 0)
(30.4314 8.06571 0)
(-5.41405 3.55265 0)
(-0.631117 -0.65922 -9.26119e-18)
(17.9027 5.34714 3.95808e-18)
(-8.02468 0.840652 6.64916e-20)
(21.5729 4.3963 5.23968e-18)
(26.2174 2.21388 0)
(24.9778 2.35916 -2.58304e-20)
(24.2968 1.82771 5.4112e-20)
(25.5767 2.77674 1.87429e-20)
(26.1675 2.70941 7.02108e-19)
(24.4389 2.14627 4.83531e-20)
(24.6397 2.09868 3.95581e-20)
(6.63225 4.86518 -3.13376e-18)
(23.1307 2.22713 0)
(25.9073 2.09985 4.21736e-19)
(5.96047 1.47786 0)
(5.03538 0.377914 0)
(2.38985 1.47331 -3.04937e-18)
(23.9473 1.57743 0)
(14.6661 5.24054 -1.79245e-17)
(11.8272 2.50714 1.45526e-18)
(27.0945 2.42619 0)
(-10.2971 -4.35759 4.20732e-18)
(-8.13981 1.00143 0)
(24.065 2.07955 -6.24139e-20)
(23.3274 1.38748 2.29398e-18)
(-9.09579 -4.01859 1.0337e-20)
(-6.48299 -3.55504 0)
(22.3037 1.16233 1.98855e-20)
(23.1575 2.27499 1.01309e-19)
(22.2508 1.21378 -4.60842e-18)
(-8.45606 0.458529 -3.83847e-18)
(16.7777 3.49592 -1.72234e-17)
(26.3664 2.31723 -3.23281e-20)
(26.3091 2.24889 -3.00641e-20)
(24.7675 2.64528 0)
(27.212 2.47786 6.42647e-20)
(0.177954 5.20554 3.52364e-18)
(25.726 2.54166 0)
(24.8961 2.2222 0)
(25.6532 2.81185 7.0605e-20)
(27.5145 3.35652 -2.45897e-18)
(19.2455 4.63925 -3.8858e-18)
(26.7253 2.93536 2.8656e-18)
(19.9563 4.7326 0)
(25.5534 2.69311 6.58233e-20)
(25.757 2.82494 0)
(27.2529 3.19957 -2.13408e-18)
(27.6953 3.36277 2.67041e-18)
(29.8662 8.03265 0)
(-4.88491 0.0739806 -3.949e-18)
(30.1064 8.17058 1.02152e-18)
(7.85134 3.83768 -7.48041e-19)
(26.7861 2.19608 -4.89237e-20)
(0.609975 -0.567746 5.85213e-18)
(-6.98347 -2.35274 0)
(27.4439 3.4434 -2.38277e-18)
(27.6351 2.54945 -7.96905e-20)
(-1.19843 -0.0232031 0)
(27.1556 15.6261 8.853e-18)
(26.7644 2.28633 0)
(6.10478 3.00682 -6.05615e-18)
(28.5879 3.01378 3.53475e-18)
(-0.553904 4.93466 -7.09015e-18)
(-6.19499 -0.343208 0)
(28.6037 4.03457 3.86093e-18)
(-2.75838 3.17524 8.06897e-18)
(19.0586 4.59871 -7.18744e-21)
(27.5963 3.78568 8.08675e-20)
(0.594464 4.47468 0)
(25.8845 2.92658 0)
(27.0032 14.8478 1.11294e-19)
(13.2952 5.26219 2.74806e-17)
(20.4673 1.03552 -1.86928e-18)
(25.923 2.79167 0)
(2.65528 3.50423 -3.50975e-18)
(24.5062 2.67651 0)
(-2.69809 2.41556 0)
(1.81328 0.950001 0)
(15.6688 4.30032 -2.02038e-17)
(26.2948 15.5809 0)
(-3.93184 4.66153 0)
(27.765 2.54035 -2.62398e-18)
(20.333 1.02482 -5.73131e-18)
(28.449 3.94053 0)
(27.7105 14.7552 -2.97371e-18)
(20.543 0.929116 -7.27337e-18)
(24.1464 1.9818 0)
(16.6985 3.87015 1.35404e-18)
(29.7056 8.00139 4.37636e-18)
(23.8864 1.51072 -2.27409e-18)
(27.4577 2.59969 -7.1018e-20)
(2.28461 4.88231 -5.07429e-21)
(24.2536 1.81291 1.7256e-18)
(23.3918 2.33689 0)
(23.9277 2.04482 -4.52363e-18)
(23.7156 6.05295 5.03961e-18)
(15.1608 4.71477 0)
(7.36591 0.984872 0)
(22.5235 0.904719 4.26404e-18)
(-3.83121 3.4767 8.94145e-18)
(-6.11879 2.27384 0)
(15.2863 4.36155 1.68276e-17)
(26.675 2.30026 -1.40881e-18)
(25.652 2.28131 -9.78804e-20)
(29.7529 8.00349 -4.216e-18)
(25.0798 2.25113 -1.31168e-18)
(27.8354 2.57695 0)
(24.199 1.75251 0)
(8.16864 1.1527 3.8183e-18)
(30.3758 3.73717 -3.09814e-19)
(28.6007 5.26534 0)
(26.2359 2.13429 -2.55905e-20)
(24.275 1.73811 0)
(12.6347 6.13487 -7.89109e-17)
(26.3352 2.5761 -1.19776e-20)
(6.94509 3.20323 -3.58802e-21)
(22.4645 0.946157 -1.12639e-18)
(-3.44317 3.10621 -1.07032e-17)
(13.2502 5.82427 1.69984e-17)
(30.1936 8.19491 -1.02621e-18)
(27.4761 14.3709 -2.89884e-18)
(0.214034 -0.739753 0)
(25.224 2.15753 4.59478e-19)
(29.5239 7.18743 6.49605e-19)
(-0.839558 -1.15138 8.72995e-18)
(25.7767 14.875 0)
(30.2849 8.02179 -1.17333e-18)
(24.7794 2.40111 0)
(23.0761 2.22361 0)
(13.644 2.89201 -3.04518e-18)
(2.73199 0.923344 -3.18295e-18)
(1.43788 -0.623417 -5.97566e-18)
(26.1057 15.3298 0)
(23.5272 2.13457 2.66494e-18)
(25.6926 2.29746 0)
(25.8294 2.39113 -3.20081e-19)
(24.9629 2.42666 0)
(7.30578 4.73872 3.23377e-18)
(27.0362 3.39935 -3.67522e-18)
(29.4013 5.66323 0)
(29.869 8.00538 4.68026e-18)
(29.466 7.95248 3.8508e-18)
(24.29 2.25627 0)
(25.8166 2.62149 6.25413e-19)
(23.4243 1.3718 -2.19929e-18)
(27.7034 3.63951 -2.65883e-18)
(24.3484 2.0037 0)
(23.454 2.07843 0)
(26.9454 2.86004 -5.47188e-20)
(0.483199 -0.93141 -1.57695e-18)
(23.8116 1.71114 0)
(22.9657 5.77351 -8.38631e-18)
(13.3415 7.68693 -3.62661e-17)
(13.974 4.59383 -5.10005e-18)
(23.2732 1.03855 -3.01918e-18)
(25.6584 15.6284 0)
(27.8777 3.45607 0)
(30.1755 6.01856 5.74555e-18)
(-5.55158 3.29997 1.96474e-18)
(1.23273 0.427901 5.25153e-18)
(3.8083 1.42204 -9.88795e-19)
(0.325966 0.0129562 -9.26256e-18)
(-3.50991 3.87674 0)
(5.92086 0.6527 0)
(25.2028 12.5587 3.97408e-18)
(-0.941582 -0.821063 -9.54243e-18)
(29.2935 5.57276 0)
(29.0122 3.18928 1.28151e-19)
(12.5932 6.80208 -4.85155e-18)
(28.3991 7.57706 3.42714e-18)
(13.1499 7.08561 -1.82374e-17)
(25.4437 2.53562 -6.60346e-21)
(28.9558 7.77159 9.81408e-19)
(25.2886 2.47386 0)
(-3.87503 -2.61191 -3.66509e-18)
(30.5531 8.30558 1.02754e-18)
(28.4047 2.78437 0)
(9.45771 1.80763 -5.01622e-18)
(-1.07633 -0.823972 1.68761e-17)
(26.0382 2.02565 6.32559e-19)
(28.4891 3.91075 5.86296e-18)
(27.8461 3.82378 -8.81429e-20)
(0.35369 -1.66275 -6.13851e-18)
(12.7604 5.2934 6.23166e-18)
(5.80361 1.2516 8.45772e-19)
(24.8937 1.70348 1.03313e-18)
(28.5992 5.17103 0)
(8.70253 1.31005 -3.83596e-18)
(23.2981 5.82047 -3.62629e-18)
(17.6207 4.70008 4.41427e-18)
(23.8757 1.45833 2.19992e-18)
(-7.67366 0.292679 0)
(13.2367 2.84491 2.94314e-18)
(27.1947 15.3114 0)
(2.2601 4.71466 -3.60924e-18)
(-1.01304 -1.11598 1.04402e-17)
(29.9624 7.99225 5.80946e-18)
(30.3561 8.25349 -3.92488e-18)
(27.6969 14.4883 1.18283e-17)
(24.9271 1.97539 -8.30079e-19)
(23.9343 1.52804 2.18197e-18)
(24.1906 1.99483 1.83099e-18)
(14.1732 5.89812 4.83852e-18)
(25.0545 2.27814 1.37879e-18)
(-1.28394 -0.79837 5.5544e-19)
(1.70671 0.281214 7.87378e-18)
(25.2458 2.67283 -5.02531e-19)
(27.1281 2.67737 -1.84057e-18)
(23.4019 2.07043 -2.93425e-18)
(12.0634 2.54989 5.31351e-18)
(-6.97189 -3.38589 -5.73017e-18)
(26.5647 2.69241 -1.22696e-18)
(2.35893 4.51397 -4.22348e-18)
(23.9704 1.49595 -2.17791e-18)
(19.1675 4.45651 3.60628e-18)
(29.9463 8.00699 4.51598e-18)
(29.9455 7.99706 -1.15697e-18)
(14.7556 4.82851 0)
(27.394 2.56644 2.27222e-18)
(23.5429 2.26677 8.33022e-20)
(25.2208 2.69854 4.86224e-19)
(13.7244 6.1398 2.0547e-17)
(13.7531 6.66186 1.95649e-17)
(26.9599 15.1243 -8.09085e-18)
(24.0286 2.1907 0)
(27.9678 3.88467 -2.95537e-18)
(30.1953 8.01737 4.67766e-18)
(26.7755 3.13007 0)
(25.3182 12.4884 -7.2646e-18)
(-1.44899 1.87157 1.42407e-17)
(25.8922 2.81604 -3.99222e-19)
(8.94916 2.42111 4.47681e-18)
(25.0247 1.93602 2.16612e-20)
(14.4661 4.4765 4.71235e-18)
(29.6806 7.99616 1.0581e-18)
(30.6329 8.29941 -1.03852e-18)
(30.4779 8.25797 -1.03111e-18)
(23.4939 5.98536 0)
(26.4591 2.17092 1.15083e-18)
(-10.2255 -4.55586 4.09712e-18)
(24.5786 2.22663 -1.3096e-18)
(-3.90164 3.92437 -1.40822e-17)
(29.9375 6.05502 5.2875e-18)
(-0.965668 -1.05269 1.12603e-17)
(24.317 2.22514 1.69647e-18)
(-0.222668 3.59189 0)
(24.4959 1.69996 -4.38998e-20)
(-0.122431 1.6201 0)
(19.9353 4.86556 5.7828e-18)
(-9.47881 -4.18517 7.88316e-18)
(24.9763 2.03069 2.52166e-20)
(-0.410952 5.33335 0)
(15.4351 3.42449 3.12369e-20)
(24.1539 1.56633 0)
(30.3904 8.2277 -3.19042e-18)
(27.4177 2.9861 0)
(24.1299 1.93657 0)
(0.350068 0.28135 -1.27313e-17)
(26.6893 3.12016 -1.48272e-18)
(23.9007 2.0797 2.16691e-18)
(28.7832 3.15303 0)
(30.5504 8.2843 -3.12882e-18)
(4.92451 5.5199 0)
(24.1006 2.16825 0)
(26.6801 2.60561 -1.32713e-18)
(30.1101 7.98124 -4.91933e-18)
(30.592 8.31168 0)
(24.5064 2.12948 -1.37214e-18)
(25.1657 6.44853 6.40784e-18)
(-1.8505 2.20257 -1.34086e-17)
(2.4124 0.325957 0)
(21.6902 5.35387 -4.23676e-18)
(29.2704 7.87283 5.49699e-18)
(29.7498 8.00623 0)
(27.6601 2.93523 7.8853e-20)
(28.6093 2.76662 5.01722e-20)
(27.0001 3.24726 1.79996e-18)
(24.178 1.82854 -5.73038e-20)
(30.8256 3.20377 5.54429e-18)
(24.1783 1.49049 -1.91648e-18)
(-8.47781 0.369033 0)
(2.49036 0.379007 -7.20696e-18)
(23.1758 1.11466 -3.56533e-18)
(25.3434 2.42183 0)
(18.6105 4.27185 0)
(27.7702 4.68023 -4.07183e-19)
(29.7013 7.99509 1.83286e-18)
(28.6053 7.66557 -4.91406e-18)
(26.733 2.17486 4.89236e-20)
(29.1234 4.12367 -3.52415e-19)
(28.3743 3.30874 0)
(23.2352 1.13434 -3.44495e-18)
(23.2803 1.1028 0)
(24.8187 1.9739 1.01017e-18)
(-7.17414 0.645778 3.93316e-18)
(4.05159 0.142439 4.21126e-18)
(27.896 3.67246 -2.93303e-18)
(25.0311 1.82712 -7.14473e-19)
(27.0421 2.8636 0)
(3.95081 0.320458 4.03982e-18)
(-1.44297 4.78968 0)
(29.6983 8.0011 4.39521e-18)
(9.99299 1.96708 5.06201e-18)
(28.1006 4.10649 0)
(30.2002 7.99154 -1.29411e-18)
(24.347 2.30966 1.63161e-18)
(-3.0399 1.47655 0)
(30.2808 8.1405 0)
(25.3549 2.46307 0)
(-0.869816 -0.79625 0)
(30.5684 8.27584 1.03112e-18)
(25.6555 15.1076 -2.23464e-18)
(0.105787 4.78712 0)
(13.4317 2.71373 2.41829e-18)
(-5.26269 -2.19716 0)
(24.7403 2.27851 -1.13528e-18)
(25.4884 2.33114 -9.05171e-20)
(25.9084 3.01404 1.14591e-20)
(24.8198 2.30495 3.07434e-20)
(-1.88285 -1.71678 -5.02381e-18)
(13.4515 3.16181 -2.81722e-18)
(29.6512 6.36803 5.42025e-18)
(29.6774 7.97984 0)
(29.9365 8.00163 1.20551e-18)
(24.4301 2.33223 0)
(25.8016 15.3649 2.17214e-18)
(1.18608 4.57114 0)
(27.4283 2.37946 -2.72241e-19)
(29.999 8.10061 0)
(26.4833 2.08771 -1.22794e-18)
(30.3626 11.8701 -7.29751e-18)
(30.1175 8.06233 -5.60277e-18)
(30.0724 7.98501 -5.87745e-18)
(30.1922 11.8574 3.40429e-18)
(-8.61222 0.0708345 4.71737e-18)
(7.7595 5.05187 -7.58586e-21)
(-3.77611 2.94465 3.79007e-18)
(25.4764 2.65997 1.46316e-19)
(25.466 1.87291 -1.16052e-19)
(-5.49587 3.95055 8.41449e-18)
(26.3564 2.26768 1.04427e-18)
(26.1777 3.01357 0)
(26.5278 2.72063 2.01413e-20)
(24.937 2.0165 -2.52166e-20)
(25.7054 2.34088 1.51387e-19)
(24.4545 2.18871 1.51674e-18)
(-6.81687 -2.91964 0)
(-8.04521 -3.62438 0)
(24.5372 1.71571 -1.32733e-18)
(25.946 2.72274 -1.53485e-20)
(-3.49123 3.70344 -3.72164e-18)
(26.5701 3.18352 3.85606e-20)
(29.9807 7.99793 0)
(25.4047 2.51966 6.60346e-21)
(29.7191 8.00628 0)
(24.1169 2.21175 0)
(26.4521 3.14602 3.54185e-20)
(24.7398 2.38821 1.13526e-18)
(2.2741 5.48632 2.54326e-23)
(7.09466 0.953133 0)
(26.9887 3.41772 1.82632e-18)
(-4.15264 3.60776 -8.35947e-18)
(-9.41426 -3.56226 -4.01601e-18)
(25.5019 2.37339 1.18632e-19)
(2.05505 -0.487357 0)
(26.6058 3.11147 1.34914e-18)
(4.97922 5.57027 3.23563e-18)
(30.3065 8.0333 1.17335e-18)
(-5.77464 3.84589 -9.09913e-18)
(27.1828 3.74164 2.0915e-18)
(-7.17515 -3.02466 3.77696e-18)
(24.5636 2.18481 4.31032e-20)
(26.4818 2.69547 0)
(30.614 6.51067 5.65559e-18)
(-3.7116 4.03786 1.56726e-21)
(26.1133 2.13299 -6.85374e-19)
(10.6256 2.36281 7.49522e-19)
(24.0558 2.15715 0)
(29.2213 4.86057 5.59789e-18)
(26.0995 2.0859 6.65272e-19)
(25.5421 2.38947 2.93327e-20)
(26.4258 2.62054 0)
(0.367102 3.08595 3.89109e-18)
(2.30935 5.27409 3.42961e-18)
(10.0209 2.03283 -5.75373e-18)
(28.4821 7.60239 0)
(29.7083 8.00068 5.17489e-19)
(29.8667 8.00541 4.51149e-18)
(24.0381 2.11282 0)
(24.5987 2.08506 -3.95581e-20)
(-4.49393 4.49097 4.39102e-18)
(23.8535 1.85747 2.29699e-18)
(2.23402 -0.348974 1.41301e-18)
(30.2486 7.13927 -1.09476e-17)
(6.73335 5.03583 0)
(29.8339 8.00815 -3.5082e-18)
(26.0422 2.85389 0)
(29.4369 6.03418 -5.2844e-18)
(24.1883 1.53691 1.85976e-18)
(26.996 2.89277 5.47188e-20)
(26.228 2.26173 -2.69351e-20)
(0.212667 5.38278 0)
(29.2094 5.22714 -4.60622e-18)
(30.6939 8.35622 -6.65208e-21)
(23.8855 1.82289 0)
(29.9642 8.07795 -3.03263e-18)
(9.89607 1.64445 8.39874e-18)
(-6.6456 3.1242 0)
(28.0745 2.51594 -2.99215e-18)
(25.5578 2.05306 4.59765e-22)
(24.9921 1.81285 7.90319e-19)
(25.318 1.96733 3.249e-19)
(-2.72336 4.16439 -3.64318e-18)
(26.9464 3.3786 0)
(26.977 2.7118 5.39646e-20)
(-7.83174 -4.07753 0)
(29.7001 8.00079 0)
(-1.18437 -0.502428 7.63391e-18)
(26.2025 2.94429 2.39752e-20)
(30.0359 7.98023 1.19492e-18)
(29.5388 7.93987 1.11842e-18)
(26.2717 6.83378 -8.94991e-19)
(25.9862 2.74323 5.37727e-19)
(-3.6295 4.25485 7.7807e-21)
(-3.57232 4.53993 9.79459e-18)
(12.1647 2.7403 3.57424e-18)
(0.178972 -0.550721 7.85504e-18)
(29.1757 5.63114 0)
(1.13338 3.10807 -3.86947e-18)
(30.6545 7.85549 -1.38256e-18)
(30.0217 8.01116 5.16398e-21)
(-1.12873 0.953504 0)
(27.8484 3.155 0)
(29.9513 8.00534 -1.20552e-18)
(29.6982 7.99952 -5.6891e-21)
(-9.54508 -4.54414 8.66859e-19)
(30.1703 8.15523 3.0912e-18)
(6.92298 5.30579 0)
(30.016 8.04173 -1.10976e-18)
(25.8896 6.7414 1.2329e-18)
(30.1693 7.98997 0)
(28.9261 4.6069 -1.2936e-19)
(2.15277 4.11688 -3.72191e-18)
(0.21244 -0.453246 6.38409e-21)
(1.12087 -0.788284 -1.47827e-18)
(24.9621 1.69286 -5.05443e-20)
(24.1664 1.78311 5.97535e-20)
(27.3576 2.34852 2.7224e-19)
(-5.65103 2.29608 3.83894e-18)
(23.9194 2.12501 0)
(24.3595 2.237 0)
(30.7247 8.37005 4.83263e-18)
(25.0446 2.01801 -6.72307e-19)
(-3.19287 4.61175 -2.26626e-21)
(25.3976 2.7327 5.36584e-19)
(25.5386 2.7595 -9.25636e-20)
(-0.243263 1.31105 0)
(25.4652 1.98221 0)
(1.54448 -0.542481 0)
(2.53227 0.628852 0)
(25.4122 1.92672 2.13699e-19)
(26.4714 2.92496 -3.62837e-20)
(-6.36589 1.65896 3.86287e-18)
(-0.234675 -0.466575 -9.81927e-18)
(30.0735 7.99347 6.16036e-18)
(-7.92523 -4.22226 -3.89818e-18)
(24.1598 1.90496 1.89445e-18)
(26.6946 2.21162 -1.43736e-18)
(-8.91353 -1.00215 0)
(30.1524 8.11211 4.48181e-18)
(30.0516 7.97682 3.61748e-18)
(26.274 2.28028 -8.71586e-19)
(28.6359 3.74119 0)
(25.1966 2.18452 -1.61261e-20)
(30.0211 8.00433 4.59709e-18)
(-7.12268 -3.83516 -3.80346e-18)
(6.13024 5.30822 0)
(-6.37 3.14311 -1.22719e-17)
(27.3558 2.8109 -2.24153e-18)
(24.7271 2.34751 0)
(26.082 2.87598 0)
(29.8956 8.00883 1.19046e-18)
(29.468 5.90562 -5.15734e-18)
(26.5227 2.24116 0)
(24.3947 2.43397 -5.04147e-20)
(25.9144 2.74772 0)
(-6.74768 -3.00287 -1.16562e-20)
(0.580568 -0.92746 7.79384e-18)
(25.5262 2.71818 -6.59928e-20)
(9.57015 1.5505 -9.13807e-19)
(24.8724 2.35918 0)
(23.7639 1.31278 1.74266e-18)
(-2.78915 3.96431 0)
(26.7678 7.05649 -8.11152e-18)
(6.8476 5.47952 -2.63072e-18)
(26.1175 3.05757 1.3351e-18)
(0.379772 0.0335079 -6.80174e-20)
(-6.16084 3.60347 4.78339e-18)
(6.65182 1.16207 -5.55147e-18)
(-6.84614 3.04449 -4.84287e-18)
(26.4637 3.24422 -3.40265e-20)
(21.9813 5.39437 0)
(24.7613 2.13962 0)
(-10.24 -4.34432 0)
(19.7032 6.03027 -3.69489e-18)
(24.3628 1.93011 -1.62716e-18)
(27.1438 3.69555 0)
(24.3337 1.95993 1.5795e-18)
(29.3105 3.08722 -8.31256e-20)
(29.9732 8.19189 3.43075e-18)
(26.7332 3.20467 1.46997e-18)
(24.4844 2.27288 4.65761e-20)
(29.8886 8.00621 1.12396e-18)
(24.1461 1.85962 -1.89895e-18)
(28.4929 2.8451 0)
(-5.77002 1.99269 4.41245e-20)
(-3.09132 4.49692 1.47301e-20)
(-0.264462 -0.663499 8.20737e-18)
(26.047 2.36075 -5.70362e-19)
(6.44539 1.09028 -5.44853e-18)
(24.5524 2.2558 1.35415e-18)
(-0.239311 -0.0139766 2.55675e-18)
(25.0927 1.92339 -6.4719e-19)
(-4.69996 3.39812 3.76476e-18)
(30.2509 7.95071 0)
(-1.46784 4.92489 3.88786e-18)
(23.8057 1.27599 -2.25808e-18)
(25.5738 1.98282 -7.0656e-22)
(27.2816 2.57371 0)
(8.55357 5.04572 -3.66131e-18)
(26.1452 2.44531 0)
(27.2264 3.44783 2.02209e-18)
(29.8219 8.03317 4.0431e-18)
(1.57768 5.25307 -5.89176e-21)
(24.9317 1.71795 -1.11637e-19)
(26.3707 6.87183 -7.76492e-21)
(25.5863 2.02523 -1.85181e-21)
(27.2027 3.15822 -2.00227e-18)
(27.6186 3.45587 2.50657e-18)
(-8.98646 -2.78061 3.72809e-20)
(27.9576 7.41164 -3.70318e-18)
(-1.29934 0.0253689 0)
(0.581364 3.85544 -3.76649e-18)
(-9.08134 -2.03185 0)
(29.6967 8.02031 0)
(-0.964906 5.12878 3.69035e-18)
(24.0649 1.70609 0)
(26.1575 2.49276 2.42097e-20)
(18.0087 4.21854 0)
(-1.30174 0.352426 8.62516e-18)
(-0.632526 0.525778 0)
(24.1261 1.42428 7.86567e-21)
(25.0145 1.89489 2.37427e-20)
(30.4206 8.23379 2.44755e-20)
(24.5222 2.17184 1.37116e-18)
(27.0957 3.26477 0)
(27.6902 4.48969 -2.95314e-18)
(24.7869 2.11171 0)
(15.9756 4.1148 4.74595e-18)
(24.8269 2.12558 -9.77645e-19)
(29.9716 7.99806 0)
(29.7399 7.09875 -1.0133e-17)
(27.5763 3.33343 4.93792e-18)
(-10.2393 -4.67463 -3.9613e-18)
(30.0665 8.12058 3.02328e-21)
(26.7067 2.77092 4.55337e-20)
(-0.395692 -0.0898928 0)
(30.3287 8.2138 0)
(24.0824 1.40585 -7.86571e-21)
(25.7765 2.60298 -2.41781e-19)
(30.706 8.34237 0)
(30.4242 8.17105 8.90495e-18)
(27.8622 3.53252 -2.87937e-18)
(30.156 7.97181 0)
(2.24527 1.73953 5.93283e-22)
(25.4133 2.77333 -2.67975e-19)
(27.3896 3.69799 -2.27067e-18)
(-5.83908 3.28187 -1.63041e-17)
(24.3862 2.20645 -4.8929e-20)
(30.2191 8.23343 -3.74399e-18)
(24.1103 1.72162 1.94117e-18)
(1.91334 -0.465883 -5.02721e-18)
(25.9732 3.01278 4.84425e-19)
(-1.99374 1.92243 -8.5995e-18)
(-4.15984 3.43393 0)
(27.7892 3.02405 8.59822e-20)
(29.6959 6.22048 -5.18355e-18)
(24.1496 2.29798 -6.07694e-20)
(27.9045 2.45101 2.44316e-18)
(29.4133 6.02575 1.0391e-17)
(24.3926 1.74039 3.6959e-20)
(24.2908 1.94619 1.76781e-18)
(28.5784 4.41305 -3.78145e-18)
(-4.05277 4.65155 0)
(30.4804 8.26991 -4.01942e-18)
(-3.34176 4.82631 0)
(-2.40806 3.26536 3.77288e-18)
(29.8473 8.04132 -4.00778e-18)
(28.3159 2.83716 -1.0093e-19)
(-3.22797 -1.78935 -7.90244e-18)
(16.3687 3.70706 8.92067e-18)
(30.5804 8.29025 -4.00732e-18)
(27.9125 3.21081 -5.78354e-18)
(29.3658 3.80383 -4.39042e-18)
(29.848 8.01195 -1.17606e-18)
(26.0364 2.31479 1.78346e-20)
(2.58326 3.17919 -3.62813e-18)
(29.8966 8.00279 0)
(1.33728 3.87318 7.4869e-18)
(24.5576 6.23969 -2.6494e-18)
(24.3741 2.27903 -1.67644e-18)
(30.1482 8.0734 1.11656e-18)
(24.4237 1.71198 -6.05235e-20)
(24.0452 2.23426 -2.07301e-18)
(29.8804 8.00541 3.54906e-18)
(30.1591 7.96928 4.92387e-18)
(27.9887 3.17883 5.84615e-18)
(29.9507 8.00079 4.56034e-18)
(23.9293 6.03797 3.74064e-18)
(24.7537 2.31947 0)
(-5.90351 3.46014 0)
(-6.79059 2.92463 -8.87016e-18)
(24.9642 1.83933 0)
(27.1293 3.42246 0)
(30.016 8.00149 4.91313e-18)
(2.96251 5.53937 5.48024e-22)
(27.4556 3.86292 0)
(30.1417 8.00505 -1.2748e-18)
(-3.15261 2.96993 -3.73589e-18)
(-5.91902 -2.70138 4.1503e-18)
(29.4175 4.78839 -4.61836e-18)
(27.6367 4.48276 2.60802e-18)
(0.209853 5.34924 -3.45046e-18)
(25.074 1.99122 6.50887e-19)
(26.8185 3.27093 0)
(27.1751 2.29037 0)
(-2.47971 3.93122 0)
(6.42879 4.48761 3.17141e-18)
(25.7661 2.5596 2.42249e-19)
(5.46873 1.94974 -4.06639e-18)
(14.0667 3.05338 -4.71575e-18)
(-6.03214 3.25737 0)
(-0.928863 -1.24117 -9.54476e-18)
(25.4792 1.91308 0)
(-8.4975 -2.44406 -7.91198e-18)
(25.9347 2.991 4.26362e-19)
(-9.28407 -2.52054 4.12962e-18)
(1.86562 0.660717 0)
(7.21819 4.57266 -6.35223e-18)
(30.7597 7.94989 5.66438e-18)
(24.9119 2.37269 0)
(30.4812 8.18305 -4.42868e-18)
(29.9216 8.00185 -4.73501e-18)
(-1.32524 1.61855 -2.84787e-17)
(24.416 2.29079 4.94679e-20)
(-1.21624 -0.300224 0)
(28.1471 2.55479 4.73789e-20)
(27.3064 2.97601 -2.15118e-18)
(24.4964 2.20135 0)
(-2.39298 3.66034 0)
(29.8611 8.00485 0)
(-0.0254667 3.82261 -4.19363e-18)
(-6.8617 -0.721584 0)
(27.9203 2.69993 -2.96819e-18)
(2.19061 1.44654 1.93378e-18)
(25.5131 2.78418 1.91008e-19)
(5.55978 4.17345 -3.19941e-18)
(27.9877 2.65365 -3.20608e-20)
(25.9934 2.29712 5.17886e-19)
(30.2556 7.98129 1.27254e-18)
(8.07263 1.48573 5.27157e-18)
(-0.980189 -1.2208 0)
(30.0324 7.99168 -1.20739e-18)
(30.0662 8.0121 0)
(26.2303 2.87396 -8.52536e-19)
(29.8726 8.00351 -9.11722e-18)
(0.0561952 4.66018 0)
(-8.54405 0.13461 -1.35229e-18)
(24.8597 2.31844 -3.07434e-20)
(25.059 1.80067 -8.1227e-21)
(17.8028 4.11946 4.26011e-18)
(-6.67923 3.20815 4.96875e-18)
(4.69524 1.34675 8.81292e-19)
(-3.78296 4.36427 -5.47948e-18)
(30.3784 8.16439 0)
(24.5111 2.24329 0)
(24.1768 2.26567 0)
(28.7592 7.71775 7.608e-18)
(26.5379 3.2538 3.7105e-20)
(30.0907 7.96658 -4.80362e-18)
(25.2564 1.7194 0)
(27.173 3.46578 0)
(-9.47261 -4.67782 3.4494e-18)
(29.8005 5.92376 -5.47958e-18)
(27.5349 2.92598 0)
(5.48152 3.93077 0)
(27.8303 7.40665 3.1423e-18)
(27.7211 4.55443 0)
(30.4386 7.95124 -5.2977e-18)
(-2.93543 3.73942 -6.64014e-18)
(15.6073 4.54515 4.2147e-18)
(1.58267 5.34255 3.40554e-18)
(-0.964744 -0.729554 0)
(1.43587 4.31726 3.68509e-18)
(25.4879 2.70131 -1.40665e-19)
(8.33872 1.56848 0)
(28.3559 7.58622 0)
(30.4418 8.1789 4.38884e-18)
(30.4996 7.92714 1.05744e-17)
(-5.92983 3.48946 6.3108e-18)
(-1.48631 0.524097 0)
(30.2375 7.97935 -1.27253e-18)
(27.6542 2.70486 7.80163e-20)
(30.2931 7.98065 5.20809e-18)
(25.5674 12.7587 -2.83836e-18)
(25.0642 1.95027 6.27291e-19)
(-7.02656 1.93651 -4.06432e-18)
(-6.50714 2.98134 4.13357e-18)
(24.897 2.44027 -2.92129e-20)
(27.5972 2.89146 -7.8853e-20)
(30.3952 7.90492 -8.22007e-21)
(19.5319 4.67224 0)
(27.3817 2.4973 4.24999e-21)
(-7.6837 -3.2652 1.39182e-18)
(30.3258 7.96864 -1.29188e-18)
(-9.66322 -3.13755 4.24158e-18)
(27.714 2.66319 0)
(27.475 3.02868 -2.39497e-18)
(24.975 1.88057 -8.27686e-19)
(26.4736 2.22225 0)
(27.9169 3.59683 8.9703e-20)
(26.9079 3.23157 -5.18152e-20)
(25.0485 1.75957 6.7813e-19)
(29.1076 5.37934 5.614e-18)
(-7.15154 2.77737 9.56938e-18)
(-7.64643 -2.92915 4.27837e-18)
(30.4241 8.01571 -5.46691e-18)
(-7.029 2.83365 -7.31156e-18)
(28.6544 4.13753 -1.17468e-19)
(24.9239 2.41305 0)
(7.64162 5.46481 3.5432e-18)
(26.4971 2.56387 0)
(27.3618 3.01635 0)
(26.5581 2.20748 -1.20467e-18)
(4.82347 1.14575 -8.90666e-19)
(27.7207 3.05775 0)
(4.96155 1.72284 3.95696e-18)
(-1.49738 4.01933 3.64899e-18)
(26.9672 2.31518 0)
(-1.54639 1.66069 2.92262e-17)
(25.3013 1.77313 -4.03927e-19)
(27.3335 3.71053 2.20594e-18)
(27.8465 2.65888 8.73657e-20)
(26.2098 2.73172 2.42374e-20)
(27.1949 3.2841 -2.07002e-18)
(29.7204 3.4615 6.25733e-19)
(27.2729 2.50709 -6.42647e-20)
(-5.27448 3.89019 0)
(-2.92307 4.83375 -3.6526e-18)
(20.196 4.89219 4.41869e-18)
(25.4527 1.9406 0)
(26.0587 2.94467 1.76217e-20)
(24.161 2.22279 0)
(24.0177 2.26798 2.07926e-18)
(29.8905 8.00455 -4.59036e-18)
(27.7041 2.58535 2.70824e-18)
(26.6435 2.19238 0)
(29.9058 8.00102 4.55263e-18)
(26.1075 2.80635 0)
(27.5348 2.99741 2.46152e-18)
(-8.20804 -2.75203 -5.43427e-18)
(-0.57787 0.861035 -2.15381e-17)
(-1.73979 5.05235 -3.55177e-18)
(27.0839 2.77203 1.85525e-18)
(-9.53206 -2.83704 4.16472e-18)
(27.6584 3.00997 0)
(26.9258 2.35309 5.15625e-20)
(26.4331 2.9493 3.31252e-20)
(27.7846 2.70301 0)
(26.5545 2.64004 1.26862e-18)
(26.4378 2.99821 3.49866e-20)
(-6.16529 3.43028 6.21517e-18)
(-4.12517 4.03807 0)
(30.1105 7.96324 0)
(28.7499 3.72461 -3.96691e-18)
(29.5671 5.00558 -1.53795e-19)
(-7.21195 2.69242 -4.32678e-18)
(30.5474 7.77481 -6.89233e-19)
(-0.276764 0.543833 4.61017e-18)
(19.4135 3.38253 6.65546e-18)
(27.1022 3.14336 0)
(26.5811 2.12297 1.17327e-18)
(-9.67871 -4.63915 8.49704e-19)
(0.776214 4.68256 0)
(26.6232 2.27915 1.31117e-18)
(27.3214 3.76907 0)
(27.6301 3.38583 -2.59841e-18)
(26.4795 3.02579 -3.49866e-20)
(30.602 7.92612 -6.84821e-18)
(29.952 7.9958 -1.15618e-18)
(27.7906 2.78192 0)
(28.0912 3.47529 0)
(25.2637 1.75903 8.60453e-20)
(-7.15479 -3.1025 3.96375e-18)
(27.7727 3.62392 0)
(29.6982 6.91728 5.0025e-18)
(-8.99187 -1.66424 0)
(26.2172 2.77877 2.61958e-20)
(-0.519518 3.67749 4.42956e-18)
(28.2241 2.69419 3.2923e-18)
(29.1995 4.95646 9.11017e-18)
(18.2212 4.98149 0)
(-8.34574 -2.13146 -3.90396e-18)
(26.9646 2.59064 0)
(30.2898 7.93067 -1.27558e-18)
(-6.4614 -2.55869 3.54407e-18)
(28.3394 7.57888 3.64546e-18)
(-6.32742 3.46719 -4.68212e-18)
(-3.4313 4.75472 0)
(-0.00966003 -0.170035 6.52145e-18)
(26.5182 3.00238 3.81621e-20)
(-10.1568 -4.43589 1.23648e-20)
(29.1908 3.0035 0)
(-6.78924 3.09728 5.49378e-18)
(19.3654 3.11241 6.81305e-18)
(-5.39738 3.71729 -3.99191e-18)
(26.6298 2.13838 -1.28491e-18)
(10.3368 2.07116 5.18676e-18)
(28.153 3.54614 3.22261e-18)
(29.9143 7.99834 0)
(30.6708 7.98319 -5.69051e-18)
(31.3706 4.94928 -5.59549e-18)
(19.2803 3.34405 -9.21701e-18)
(26.1624 2.92059 7.1276e-19)
(27.1473 3.24272 0)
(27.5139 3.85631 0)
(28.792 3.61619 3.84958e-18)
(25.4649 2.83136 0)
(29.5228 6.90248 -1.27772e-19)
(-9.72612 -4.67521 -7.91769e-18)
(27.3022 2.40511 2.25798e-18)
(30.3234 7.93004 1.27557e-18)
(-1.51202 5.10872 -3.71441e-18)
(28.3638 5.41541 -8.94837e-20)
(20.5447 5.10882 -1.41611e-19)
(26.9061 3.28633 1.65573e-18)
(-4.25139 4.31748 0)
(30.0434 7.99121 -3.64738e-18)
(30.1801 7.96834 0)
(0.641659 4.08597 3.69299e-18)
(28.7145 2.82619 -5.01729e-20)
(30.0008 7.99821 4.86052e-18)
(25.4231 2.70939 -2.43867e-19)
(25.4751 2.76724 1.69206e-19)
(26.1413 2.78145 -7.10023e-19)
(-2.31786 4.9876 3.61798e-18)
(26.866 2.59577 -5.16647e-20)
(26.861 3.30661 -1.66174e-18)
(-0.0938895 4.06612 -3.73398e-18)
(29.0353 3.06306 -5.37446e-19)
(25.4513 2.79129 7.10506e-21)
(25.4615 2.72622 -1.68136e-19)
(30.0954 7.98351 0)
(-7.50165 -3.20156 0)
(30.3555 7.90486 5.13727e-18)
(-4.10058 2.05911 3.8391e-18)
(30.0411 8.0057 -4.99118e-18)
(27.0244 2.67966 5.7665e-20)
(27.1509 3.1826 2.00975e-18)
(19.9861 4.82176 -4.32498e-18)
(19.6011 3.08454 8.69173e-18)
(-3.00159 4.73304 3.65511e-18)
(24.3359 2.38194 5.28307e-20)
(-7.31258 2.58707 -9.40339e-18)
(26.9178 2.62356 5.16647e-20)
(12.2634 2.56517 -4.90938e-18)
(-0.746631 4.25782 3.68947e-18)
(-4.74278 -2.05795 0)
(28.8118 4.2565 -4.05624e-18)
(29.2141 3.8151 4.29138e-18)
(-4.07517 4.25306 0)
(27.3201 2.46833 -2.13107e-18)
(-1.48793 0.802203 6.42271e-18)
(26.0901 2.92118 -6.25379e-19)
(26.6146 3.26476 -1.34147e-18)
(-1.16903 5.01248 -3.5349e-18)
(-1.58916 1.22434 1.82069e-17)
(27.0781 2.7106 1.85176e-18)
(-9.90654 -4.40689 -7.86794e-18)
(26.5441 2.15625 6.19824e-20)
(26.694 3.27704 4.35159e-20)
(-8.08439 0.658019 -4.21173e-18)
(-1.8991 4.71684 0)
(-4.19444 -2.89782 -1.26359e-18)
(28.6956 2.9594 -3.73612e-18)
(-9.03685 -4.09029 3.09677e-18)
(-8.49775 -0.0134644 5.38457e-18)
(30.6245 7.97447 0)
(30.6462 7.93053 1.38007e-18)
(26.1826 2.80401 0)
(26.0685 2.98947 1.72894e-20)
(-8.38309 0.334711 -1.08279e-18)
(-0.68899 4.45464 3.61327e-18)
(30.3227 7.98708 -5.30869e-18)
(26.745 3.51601 1.47649e-18)
(-9.06612 -4.02553 0)
(-3.46818 2.08443 0)
(27.5537 3.91333 0)
(29.782 5.50246 1.64493e-19)
(24.9421 1.75734 8.50881e-19)
(27.7908 3.55168 2.88733e-18)
(26.6909 3.17199 0)
(25.6759 12.6883 -2.93455e-18)
(30.5297 7.92787 -5.37858e-18)
(0.178985 5.19451 -7.93047e-21)
(29.6926 5.24507 -1.59366e-19)
(24.9811 1.77168 -1.26406e-20)
(26.7818 3.49973 0)
(26.7758 3.18326 0)
(-1.21906 1.27191 1.03997e-17)
(30.3929 7.96873 3.95352e-18)
(28.3214 2.62437 7.69698e-19)
(28.7633 4.6328 -5.64134e-18)
(-10.26 -4.59682 -4.00782e-18)
(30.1531 7.98776 0)
(30.2233 4.27351 -5.19279e-18)
(25.0322 1.68181 7.43116e-19)
(30.089 7.99655 3.74216e-18)
(26.4836 3.07509 -1.16236e-18)
(26.1076 3.01257 -6.67121e-19)
(0.875627 5.313 -6.56566e-21)
(30.3873 8.00572 0)
(3.16101 2.98035 0)
(3.1102 2.64769 0)
(25.0014 1.70545 5.05451e-20)
(-4.53431 3.48279 0)
(-2.62816 4.35798 0)
(-9.85109 -4.28303 -5.00399e-18)
(28.7921 3.03499 1.16852e-19)
(-1.35783 0.810821 0)
(26.1971 5.1141 -9.81502e-18)
(-2.70763 4.52259 9.42561e-18)
(11.8025 3.46068 1.11771e-18)
(-5.76086 -3.58285 -3.62731e-18)
(29.9663 8.3129 -6.41021e-19)
(29.4324 5.3767 -1.51158e-19)
(25.8915 4.87313 -1.60136e-19)
(-4.58652 3.23956 9.32385e-18)
(-7.17537 -3.21759 3.9333e-18)
(30.5414 8.0022 -1.38007e-18)
(27.6758 4.2448 0)
(-1.21531 4.89577 3.58299e-18)
(25.0101 1.74528 -7.53396e-19)
(-0.338692 -0.335013 0)
(-7.55791 2.3188 5.65093e-20)
(12.5133 3.77082 -5.21402e-18)
(28.92 2.97797 5.37439e-19)
(29.5499 5.4662 0)
(-10.0419 -4.47432 0)
(-4.71916 3.75152 -5.38122e-18)
(28.2899 5.27715 -3.20206e-18)
(-5.65549 -2.40626 0)
(-5.35937 -2.04152 -3.61024e-18)
(19.2532 3.19768 2.16284e-18)
(-1.54545 5.16061 3.68887e-18)
(28.3642 5.32173 7.36818e-18)
(-9.01114 -1.37139 0)
(26.1893 2.85042 0)
(-8.8271 -3.8241 0)
(-5.5206 -3.36372 -1.20997e-18)
(26.21 2.99057 0)
(-10.0324 -4.53797 3.85225e-18)
(-8.49404 -3.92687 -1.04658e-18)
(27.7094 4.30932 0)
(-1.86224 1.58073 -9.81894e-18)
(-3.16479 -0.423526 -4.05929e-18)
(-5.64979 -1.55364 3.96803e-18)
(-10.0585 -4.6951 -3.87634e-18)
(-9.90441 -4.47079 3.77684e-18)
(30.4962 7.95247 8.31637e-21)
(30.4251 7.97525 6.72857e-18)
(1.04211 0.115512 0)
(19.7221 3.1341 0)
(29.6751 4.13193 -4.96105e-18)
(29.6623 6.63748 -5.98016e-18)
(-9.76431 -4.13721 1.00123e-18)
(29.2864 4.73451 -4.51282e-18)
(29.6862 5.40274 1.59367e-19)
(-8.62593 -3.95353 0)
(29.8616 6.77755 -1.58373e-19)
(30.3979 6.83023 0)
(30.0598 4.43799 5.39549e-18)
(30.1455 8.16751 0)
(-1.66469 1.15796 1.03252e-17)
(30.225 6.66577 -5.70453e-18)
(-8.24206 -3.37799 3.95294e-18)
(30.6217 6.70822 0)
(31.1325 4.6472 -5.64479e-18)
(-10.071 -4.67741 3.92186e-18)
(30.9485 3.90151 1.06878e-19)
(29.6831 5.97255 0)
(24.3533 2.42326 5.04147e-20)
(30.6686 4.28628 -5.64819e-18)
(-8.09797 -3.53101 -1.09116e-20)
(27.7721 4.31142 2.90937e-18)
(30.2589 4.0751 -5.42298e-18)
(29.8996 4.35428 5.05264e-18)
(26.5292 3.1534 -1.24346e-18)
(26.6529 3.24439 1.29539e-18)
(30.0127 4.00917 5.46002e-18)
(29.8073 8.04544 0)
(29.6033 5.86146 0)
(26.4925 3.17492 -1.19697e-18)
(-9.27691 -4.07543 -3.86738e-18)
(29.9342 3.80605 -5.06865e-18)
(29.7497 6.50696 -5.31313e-18)
(26.6086 3.16212 -1.30746e-18)
(30.3921 4.00126 5.32424e-18)
(20.0302 3.58004 5.95076e-18)
(-7.02944 -2.9901 3.95809e-18)
(29.8536 4.17743 4.92195e-18)
(-7.87182 -3.51074 -3.94542e-18)
(29.9518 6.49725 5.67651e-18)
(26.498 3.22367 1.1224e-18)
(24.2591 2.62015 1.8109e-21)
(29.5708 5.16035 1.53795e-19)
(29.3206 5.15789 -1.46292e-19)
(20.1972 3.4349 -7.69702e-18)
(29.1847 4.82157 8.97147e-18)
(19.0775 3.93378 6.99998e-18)
(26.6503 3.19346 0)
(18.9682 3.66007 9.72623e-18)
(29.3331 3.52295 -4.42571e-18)
(-8.36404 -3.61032 0)
(20.1361 3.61065 0)
(31.1546 4.56688 5.88472e-18)
(29.444 3.95367 0)
(29.6114 3.96716 0)
(-9.99258 -4.50342 1.07774e-20)
(24.281 2.65972 0)
(18.8402 4.04278 0)
(29.4407 5.23333 1.51158e-19)
(-10.0333 -4.58214 3.95802e-18)
(-2.28941 -0.0467583 4.09981e-18)
(-9.62934 -4.36061 -3.94656e-18)
(-8.55555 -3.21431 0)
(29.8687 8.20012 5.07634e-18)
(-8.63115 -3.75654 -1.06183e-20)
(-6.09643 -1.30169 2.95378e-18)
(3.66009 0.303687 0)
(-8.37639 -3.59065 0)
(29.9015 8.19662 4.93418e-18)
(29.71 3.82208 4.96045e-18)
(-9.54814 -4.23396 0)
(29.8499 8.05355 0)
(-7.94893 -2.89741 0)
(0.192785 2.52048 7.92412e-18)
(30.3727 10.3553 3.6351e-18)
(-3.43297 0.492998 3.9834e-18)
(-2.73265 0.539015 0)
(-7.79847 -2.6276 -3.94391e-18)
(-3.86851 -0.485724 0)
(-4.17529 -1.11217 4.02814e-18)
(-9.33705 -3.91666 0)
(-0.769282 1.89117 -4.00048e-18)
(-8.95469 -3.85297 0)
(29.9157 8.16961 2.31043e-20)
(30.4894 10.3748 -3.69427e-18)
(-5.80622 -1.85407 0)
(-4.39223 -0.21569 0)
(20.216 3.54284 0)
(18.8688 3.77384 9.72531e-18)
(-8.0006 -3.70379 0)
(3.52935 0.218053 5.58215e-18)
(29.8507 8.18432 0)
(-4.85069 -1.18032 -3.97914e-18)
(-2.14469 0.268051 -2.16928e-20)
(18.9108 4.18425 2.42831e-18)
(-7.43875 -2.82487 0)
(-6.7234 -2.48814 0)
(-7.58755 -3.07312 -3.93292e-18)
(-6.97325 -1.98441 0)
(-1.50993 1.85774 2.24812e-20)
(-3.29635 0.822823 3.94463e-18)
(-5.3363 -0.923902 -3.94091e-18)
(-5.67766 -2.01526 -3.34631e-18)
(-0.884738 1.581 -4.04219e-18)
(-3.71865 -0.163044 -4.00586e-18)
(4.37015 0.376747 0)
(-3.31913 -0.736989 -4.05662e-18)
(0.092827 2.2254 0)
(-7.1285 -2.28116 3.92576e-18)
(-4.24576 0.117115 -3.12879e-20)
(30.5516 10.4833 0)
(-6.56785 -2.21189 0)
(-6.04577 -2.22999 0)
(-2.87287 0.213815 -2.50732e-20)
(-4.69469 -0.864857 0)
(-1.87522 0.907491 0)
(18.8221 7.0889 -1.36924e-17)
(-2.34376 1.51009 2.98198e-18)
(25.3989 2.14759 -2.03675e-19)
(-1.74582 1.2275 8.08059e-18)
(-2.46874 1.18794 -3.03175e-18)
(18.8593 7.24556 4.33021e-18)
(-6.94381 -2.68022 3.37136e-18)
(25.4622 2.24633 3.6157e-21)
(24.2833 2.51661 1.75744e-18)
(25.3113 13.3999 -2.79397e-18)
(-3.67663 -1.25214 -3.62484e-18)
(30.1155 8.72179 -5.54394e-18)
(24.4077 2.54613 -4.84324e-20)
(25.3165 13.2226 2.82183e-18)
(30.1728 8.7314 -5.38989e-20)
(-2.69405 -0.870593 -9.29594e-19)
(25.1879 13.1395 0)
(24.2875 2.44404 0)
(22.9573 1.08242 3.66341e-18)
(25.583 2.2927 -1.26157e-21)
(24.7116 2.59356 3.57629e-20)
(25.4788 2.17713 1.3971e-19)
(30.1954 8.78117 0)
(25.2382 2.41796 1.34078e-20)
(19.3372 4.2006 1.10813e-17)
(19.7421 3.70544 8.28513e-18)
(24.6952 2.55368 1.173e-18)
(24.3294 2.45428 -1.66673e-18)
(25.7513 2.0838 2.4934e-19)
(24.3852 2.57677 1.60141e-18)
(19.9577 3.23828 8.08735e-18)
(25.1568 2.49654 -5.71055e-19)
(18.4501 6.66797 0)
(21.9688 1.42418 1.27726e-18)
(24.4487 2.55646 4.84324e-20)
(19.795 3.50388 -1.0451e-19)
(22.2271 1.53973 5.82657e-18)
(19.6128 3.67779 -6.45052e-18)
(25.7798 2.05501 -2.48925e-19)
(30.0433 10.1494 -6.61188e-18)
(27.493 4.12995 -1.65064e-19)
(24.4125 2.47499 0)
(23.0211 1.16469 -7.09799e-18)
(27.5277 4.18648 1.65066e-19)
(30.3149 9.898 -1.02984e-17)
(20.3487 3.09967 -7.4247e-18)
(24.344 2.56695 0)
(25.7661 2.0112 -7.08261e-21)
(18.4721 6.83397 0)
(24.4668 2.5964 0)
(24.3251 2.52641 0)
(24.3479 2.49532 1.66263e-18)
(30.3778 9.97478 1.80857e-17)
(25.5689 2.36254 -4.68031e-20)
(19.8279 3.62436 -8.26146e-18)
(19.5756 3.55103 1.51205e-17)
(19.6411 3.33934 -8.60518e-18)
(21.9997 1.4997 0)
(21.294 1.74006 -6.04457e-18)
(24.5696 2.58815 1.35365e-18)
(24.4537 2.48574 0)
(24.6391 2.50148 4.02044e-20)
(24.8367 2.56247 -1.00532e-18)
(24.8213 2.52236 2.03876e-18)
(18.2912 6.59288 -1.05072e-17)
(24.4714 2.52626 0)
(25.6437 13.7699 -1.56638e-18)
(25.1604 2.38892 1.10768e-18)
(27.5824 4.18416 -1.67327e-19)
(24.5924 2.55896 0)
(25.4711 13.6814 3.29663e-18)
(24.6888 2.62187 1.1964e-18)
(18.3384 6.94632 1.04721e-17)
(29.9302 8.31618 -5.05488e-18)
(24.5071 2.60691 1.43972e-18)
(30.4994 9.97747 -3.20607e-18)
(29.96 8.25679 -5.71338e-18)
(19.8865 3.42874 -8.18686e-18)
(24.6555 2.54169 0)
(20.004 3.46607 -7.9097e-18)
(29.9099 8.29187 0)
(25.7436 2.47199 -1.98447e-19)
(24.7186 2.52531 -1.20525e-18)
(24.0293 2.38741 -6.40901e-20)
(24.5351 2.50752 1.45226e-18)
(30.0217 8.27367 5.13378e-18)
(24.9631 2.53419 0)
(24.9491 2.49398 -8.24229e-19)
(19.7397 3.26328 0)
(23.0025 0.977698 -7.16179e-18)
(24.5755 2.51889 -4.29483e-20)
(19.9415 3.11629 -1.61832e-17)
(24.8132 2.59012 0)
(24.5989 2.48969 -1.3614e-18)
(25.1951 2.51124 0)
(20.4375 2.94122 9.12317e-18)
(25.2378 2.30886 -4.3962e-19)
(24.5121 2.53713 0)
(24.5295 2.57719 0)
(24.8458 2.49476 -9.96157e-19)
(20.0725 3.28283 0)
(24.6493 2.61031 0)
(25.2773 2.43299 -3.98902e-19)
(25.1452 2.45611 5.72186e-19)
(25.0916 2.50842 -6.88233e-19)
(25.0794 2.46808 0)
(24.6323 2.57045 0)
(25.7843 2.4896 7.40268e-21)
(25.3169 2.33856 3.40304e-19)
(20.2481 3.04976 7.64016e-18)
(25.2259 2.37699 0)
(24.9385 2.56121 0)
(25.8133 2.46269 0)
(24.7507 2.60562 -1.13834e-18)
(25.2493 2.24056 0)
(25.2633 2.28201 0)
(29.9243 8.26116 0)
(19.8617 3.30693 8.15074e-18)
(20.0924 3.39782 7.77257e-18)
(25.3952 2.25813 -2.38152e-19)
(25.3028 2.29695 -3.50972e-19)
(24.9751 2.46699 8.46507e-19)
(20.3563 3.20781 7.4491e-18)
(24.7821 2.50961 -1.10703e-18)
(25.3594 2.1328 2.92403e-19)
(25.4102 2.18924 0)
(25.4681 2.13525 -4.95361e-21)
(23.9652 2.3358 -2.11403e-18)
(25.0656 2.53494 1.3513e-18)
(2.52163 1.44026 2.62971e-18)
(24.8756 2.57533 0)
(25.5706 2.25003 1.93596e-20)
(30.0466 8.29851 -3.20623e-20)
(20.1358 2.87881 0)
(25.1063 2.44159 0)
(24.9103 2.48052 9.08999e-19)
(25.6774 2.3682 -1.55114e-19)
(25.5153 2.30413 9.30708e-20)
(25.1722 2.42969 -5.65271e-19)
(20.2406 2.71206 0)
(20.0413 3.05451 0)
(26.0831 2.50068 -2.11705e-20)
(25.7149 2.49867 1.9156e-19)
(24.7582 2.53763 1.12935e-18)
(24.774 2.57764 8.09913e-21)
(20.1364 2.75961 0)
(29.9735 8.61804 -5.24818e-18)
(25.2224 2.48505 0)
(20.4396 3.04855 -7.34112e-18)
(25.0017 2.54777 7.66859e-19)
(25.8009 2.41864 3.09806e-19)
(25.8198 12.884 0)
(25.7956 2.53326 0)
(25.1865 2.36221 -5.37848e-19)
(25.0407 2.45389 0)
(25.8655 1.96864 -3.7445e-19)
(20.2683 3.26447 0)
(25.2516 2.3503 4.38701e-19)
(24.8849 2.50783 -9.11377e-19)
(24.8996 2.54804 0)
(25.304 2.40658 7.57683e-19)
(25.13 2.52276 1.95654e-20)
(25.6223 2.42182 -5.08109e-20)
(23.1608 2.3669 -1.01121e-19)
(23.1695 2.45806 -1.00811e-19)
(22.912 2.31507 0)
(23.0534 2.36467 -1.08091e-19)
(23.0779 2.31801 1.04702e-19)
(23.0633 2.45777 1.07689e-19)
(23.0959 2.50349 0)
(20.3405 2.77403 -7.45956e-18)
(26.0099 2.50876 0)
(20.3402 2.88619 7.50321e-18)
(25.027 2.52103 0)
(25.014 2.48075 -2.43621e-20)
(25.2759 2.21348 0)
(25.779 1.94157 -1.62099e-20)
(25.3154 2.22832 -1.15581e-20)
(25.3288 2.26999 3.17984e-19)
(25.7315 2.42862 0)
(20.8748 2.02884 -6.65973e-18)
(20.2418 2.93585 -7.60081e-18)
(21.0366 2.09227 6.42756e-18)
(25.3685 2.28512 9.20757e-21)
(20.4478 2.62132 0)
(20.3543 2.55478 0)
(18.9781 6.31913 0)
(25.3823 2.21626 2.3864e-19)
(25.3307 2.15978 -2.82645e-19)
(25.4282 2.12043 2.08074e-19)
(20.4401 2.73104 0)
(20.8504 1.8499 -5.00679e-18)
(20.1652 3.22059 7.75828e-18)
(25.5186 2.19225 -2.87749e-21)
(25.6906 2.41157 1.26011e-19)
(21.1451 1.65625 0)
(25.9976 2.46291 -5.63902e-19)
(20.1521 3.10561 -7.72321e-18)
(25.8546 2.48069 3.75787e-19)
(25.5023 2.26175 -7.44619e-20)
(20.2491 2.59542 0)
(25.2112 2.44442 1.61503e-20)
(25.8837 2.45344 -3.74757e-19)
(25.6235 2.30868 1.26157e-21)
(20.3705 2.44132 7.49197e-18)
(21.6078 1.81892 1.37765e-18)
(25.2912 2.36529 -3.73959e-19)
(25.9797 2.53601 1.52239e-20)
(30.0061 9.75417 -3.34568e-18)
(21.352 1.97645 -5.9601e-18)
(24.1598 2.41472 0)
(26.0526 2.52828 6.14965e-19)
(25.6746 2.48147 0)
(20.6829 2.34379 4.26906e-20)
(20.6043 2.27108 -1.41618e-17)
(20.5481 2.58462 -7.12981e-18)
(25.8346 2.11385 0)
(25.7595 2.40139 0)
(20.6625 2.44696 7.00307e-18)
(25.8222 2.07004 0)
(21.6968 1.67676 -4.05363e-18)
(25.6093 2.37883 4.8874e-20)
(25.8503 2.04023 1.21842e-20)
(25.8364 2.5516 -3.48092e-19)
(25.8662 2.52501 3.47136e-19)
(25.3427 2.20132 -3.15475e-19)
(21.5784 1.43742 5.61542e-18)
(25.9076 2.54378 4.40969e-19)
(20.4993 2.298 4.6574e-20)
(25.9552 2.44421 4.68033e-19)
(21.8877 1.40948 -6.4674e-18)
(21.4796 1.58481 5.79331e-18)
(20.6335 2.1656 7.04992e-18)
(30.0503 9.83093 6.6571e-18)
(24.0355 2.31103 6.37558e-20)
(20.5619 2.47795 0)
(20.4759 2.4077 7.29897e-18)
(22.2217 1.34107 -9.31697e-18)
(25.7933 1.98291 0)
(22.9679 2.31592 -3.53059e-18)
(23.1487 2.50344 3.27601e-18)
(23.1317 2.32032 -1.04702e-19)
(20.7377 2.14476 0)
(21.9103 1.26822 -3.89305e-18)
(30.1486 9.83423 0)
(25.5304 2.2345 7.06564e-20)
(20.7824 2.3195 6.81696e-18)
(30.1492 10.1612 -6.82076e-18)
(25.6629 2.43854 -1.2382e-19)
(20.772 2.04379 0)
(22.2994 1.55352 -1.15081e-18)
(20.8091 2.22027 -6.77167e-18)
(25.9377 2.5169 -4.5497e-19)
(25.9257 2.47178 -4.69332e-19)
(22.1999 1.46902 0)
(22.1073 1.58468 1.19671e-18)
(25.6367 2.35174 3.31955e-21)
(20.9078 2.20141 6.62444e-18)
(21.0726 2.00136 -4.80722e-18)
(25.8593 1.91928 -2.89152e-19)
(20.9129 1.93261 6.66021e-18)
(20.8928 1.75279 0)
(21.0552 1.83157 -6.42533e-18)
(20.9978 1.74796 0)
(25.8351 1.9965 3.68548e-19)
(21.043 1.65626 0)
(21.1976 1.74027 6.21355e-18)
(23.0322 1.22553 4.379e-18)
(21.4327 1.6619 -5.83297e-18)
(21.2073 1.90589 0)
(21.5661 1.89293 0)
(21.4799 1.89361 0)
(21.4334 1.81882 5.82696e-18)
(30.4343 8.30935 -1.79429e-18)
(21.4409 1.97183 5.7968e-18)
(24.141 2.37281 0)
(21.566 1.74409 -1.42728e-18)
(25.8163 1.90774 2.04049e-19)
(21.7427 1.60732 5.39757e-18)
(21.6177 1.51954 -5.5841e-18)
(25.9872 13.0886 0)
(24.0979 2.36318 0)
(24.073 2.39641 6.40901e-20)
(21.631 1.36628 1.37109e-18)
(21.0139 1.92304 6.47179e-18)
(30.0391 8.14989 0)
(21.7191 1.3804 -1.37109e-18)
(21.754 1.46114 -1.326e-18)
(21.7723 1.31398 -5.35444e-18)
(21.8381 1.47377 6.54706e-18)
(24.0795 2.32075 -6.37558e-20)
(22.0778 1.51286 4.86467e-18)
(25.706 12.968 0)
(23.0134 1.03723 -2.57158e-20)
(21.9911 1.28651 3.73983e-18)
(22.0186 1.36382 -3.75391e-18)
(30.1996 10.2523 3.39555e-18)
(25.8738 13.1866 -3.36713e-18)
(21.154 1.82694 -6.25792e-18)
(22.0965 1.38017 -1.22887e-18)
(22.3444 1.4995 0)
(22.2468 1.41343 4.6413e-18)
(19.9256 4.14767 0)
(21.4773 1.74106 -4.36133e-18)
(22.182 1.59672 -5.9093e-18)
(22.272 1.28738 3.48578e-18)
(23.0721 1.05914 0)
(22.3442 1.30653 -3.33285e-18)
(22.3939 1.25564 3.35291e-18)
(22.3667 1.37721 -1.1017e-18)
(25.9023 12.6568 -2.97988e-18)
(25.9589 12.9329 -8.20744e-19)
(22.598 1.316 -9.30361e-18)
(22.5794 1.24861 1.06818e-18)
(22.4366 1.39486 -3.23158e-18)
(20.0475 3.96877 -1.53862e-17)
(22.5515 1.36339 -1.07551e-18)
(23.9376 2.4479 0)
(22.5126 1.2278 -1.03146e-18)
(22.6283 1.20304 4.10578e-18)
(19.8716 4.03641 -1.97719e-18)
(22.4635 1.27573 1.10989e-18)
(22.4837 1.34493 1.07584e-18)
(22.6927 1.22444 0)
(21.7052 1.52956 0)
(22.6633 1.33533 1.01988e-18)
(22.7421 1.18029 0)
(22.7095 1.29029 -9.80027e-19)
(22.8045 1.20236 3.80255e-18)
(22.7728 1.31 9.9698e-19)
(22.8541 1.16015 -3.79489e-18)
(24.1328 2.59484 2.04695e-18)
(22.8188 1.26709 4.76918e-18)
(22.88 1.28706 2.75311e-18)
(22.9143 1.1818 0)
(22.9262 1.2456 -4.58964e-18)
(22.9857 1.26641 -2.66476e-18)
(23.071 1.12988 3.64406e-18)
(22.1246 1.45406 -4.83277e-18)
(27.3425 4.25185 0)
(24.2178 2.61057 1.89081e-18)
(24.154 2.56209 0)
(22.3194 1.42985 0)
(30.0632 8.15244 -4.02537e-18)
(27.3789 4.24803 0)
(25.7233 13.1302 0)
(19.0595 4.43214 -1.86709e-17)
(18.935 6.98073 -4.46982e-18)
(25.8023 12.7387 2.93455e-18)
(19.0161 6.74514 -8.89064e-18)
(19.9404 3.95383 9.78588e-18)
(29.9933 8.40345 -5.17266e-18)
(19.1483 6.79229 8.89065e-18)
(3.95279 2.19339 -7.95189e-19)
(24.1965 2.57112 -3.66512e-21)
(26.0321 12.697 -2.42953e-18)
(27.4108 4.29756 0)
(0.752504 0.748762 -3.59684e-18)
(18.9006 6.83703 4.55355e-18)
(19.4762 4.20627 -1.30303e-19)
(19.342 7.08789 0)
(26.0633 12.8405 4.04728e-18)
(30.024 8.62638 6.70078e-19)
(19.355 3.97181 -2.37126e-18)
(19.5488 4.10628 1.22353e-19)
(19.0758 7.01852 -4.32875e-18)
(19.1359 4.06877 -9.3542e-18)
(27.3244 4.03541 1.47335e-19)
(18.7183 6.17678 0)
(18.8519 6.39907 -9.75971e-18)
(19.1262 4.31242 9.32824e-18)
(19.2672 4.31013 6.6889e-18)
(0.287116 0.504254 4.43436e-21)
(27.3603 4.08693 2.22873e-18)
(19.2501 7.18477 -9.04853e-18)
(19.1757 6.92564 1.282e-17)
(19.3002 7.30364 -4.28367e-18)
(19.3057 6.96164 -4.3173e-18)
(30.0422 8.66825 -6.70077e-19)
(19.4926 3.98585 -1.5238e-17)
(29.8486 8.12493 -1.80137e-18)
(19.0586 4.18414 -9.31182e-18)
(19.1132 7.15231 8.85082e-18)
(18.7174 6.3241 9.75967e-18)
(19.0061 7.27521 0)
(27.4073 4.08022 2.41423e-18)
(19.3533 4.65177 -1.37657e-19)
(-8.21147 -3.43998 0)
(-8.46956 -3.69495 4.15176e-20)
(-8.37859 -3.65825 2.30759e-18)
(-5.06692 -3.8748 0)
(23.8252 2.39007 2.4465e-18)
(26.4893 12.9433 0)
(-5.88891 -4.06447 3.54653e-18)
(15.8985 5.54631 -3.32911e-18)
(1.41729 1.35234 0)
(2.15868 1.49771 2.51046e-18)
(18.3923 6.19564 4.25374e-18)
(24.6136 13.208 -2.24098e-18)
(24.739 13.3235 2.24094e-18)
(23.9593 2.48979 -6.73661e-20)
(-6.32661 -4.1866 -6.91946e-18)
(24.0052 2.4214 -6.7088e-20)
(24.0035 2.49755 2.1829e-18)
(0.92959 1.08148 0)
(20.6341 6.63925 -3.42722e-18)
(23.9403 2.37046 2.18835e-18)
(23.8709 2.39766 -7.27829e-20)
(23.8928 2.44035 0)
(24.0262 2.46338 6.43918e-20)
(23.8022 2.50529 -4.69514e-18)
(29.8879 8.12566 3.59737e-18)
(28.0626 5.88128 -7.96495e-20)
(23.8951 2.36211 0)
(28.0027 5.90889 -3.68481e-18)
(27.9745 5.77991 2.09946e-19)
(29.9957 8.47378 -5.20507e-18)
(24.0032 2.64915 2.01389e-18)
(19.4414 6.30901 0)
(27.2046 4.16331 0)
(29.9269 8.5056 -5.1713e-18)
(24.0253 2.6143 -2.12886e-18)
(29.7166 8.05685 0)
(19.4603 6.55277 4.3156e-18)
(19.3327 6.37483 -1.33239e-17)
(29.911 8.47286 5.06966e-18)
(27.238 4.15338 0)
(27.9613 5.85674 -2.09945e-19)
(19.1176 4.91175 0)
(-8.94102 -4.36875 0)
(-8.93996 -4.25827 -4.03351e-18)
(29.972 8.51094 1.03591e-17)
(29.9882 8.3385 -4.50412e-18)
(29.9335 8.3747 5.11776e-18)
(24.0692 2.62051 0)
(25.704 2.87247 -1.17125e-19)
(19.3421 6.49946 -4.21893e-18)
(27.269 4.20473 -2.07831e-18)
(26.2062 12.8748 0)
(26.4011 13.0565 1.5394e-19)
(28.0295 5.74947 -3.47009e-18)
(29.9748 8.44056 3.68211e-20)
(19.4886 4.63978 -1.93362e-17)
(28.0781 5.80047 3.4705e-18)
(28.1417 5.77052 3.63724e-18)
(-8.99528 -4.11171 -2.48565e-18)
(19.3366 4.4281 -2.3652e-18)
(19.5445 4.53357 2.14224e-18)
(29.9342 8.43918 5.14541e-18)
(29.6752 8.0331 0)
(30.0278 8.33474 -5.1986e-18)
(29.9156 8.40842 -5.04594e-18)
(19.1355 4.55257 9.26932e-18)
(19.1127 5.98611 -9.07432e-18)
(27.1694 3.95733 9.4176e-20)
(29.6421 8.03552 -4.75224e-18)
(25.8067 2.99574 -2.42666e-19)
(25.6783 2.89632 1.19689e-19)
(18.8561 6.108 0)
(20.3512 -0.115215 -8.64274e-18)
(19.3011 4.76726 -8.9259e-18)
(19.1628 4.78739 1.81875e-17)
(29.6401 8.04207 0)
(30.0524 8.36301 0)
(19.102 6.11675 4.58529e-18)
(30.0202 10.3241 6.54135e-18)
(27.2057 4.00342 1.99239e-18)
(26.2478 13.0278 3.63926e-18)
(23.2803 12.7723 -5.34212e-19)
(23.4438 12.7797 0)
(30.0956 8.3574 -5.20115e-18)
(15.6282 5.95041 0)
(1.21642 -0.434808 -4.00286e-18)
(19.4748 4.42461 -8.68992e-18)
(-8.32027 -4.28722 -3.11376e-18)
(29.6611 8.03093 0)
(-4.25787 -3.28132 4.85259e-18)
(23.5117 12.9277 8.69481e-19)
(21.6949 0.675061 0)
(1.29183 -0.815285 0)
(19.5619 6.47954 0)
(19.0796 4.67568 -9.17474e-18)
(23.1893 12.9173 5.641e-19)
(-4.80429 -3.52119 -6.80412e-18)
(0.267989 -1.10217 4.23196e-18)
(25.8446 3.0162 2.46416e-20)
(25.8575 2.95012 0)
(25.7422 2.89149 0)
(19.5459 6.36464 0)
(18.9767 6.18574 -4.72942e-18)
(27.2449 3.99366 0)
(29.6735 8.03963 2.40888e-18)
(29.5839 8.02099 2.34913e-18)
(25.7553 2.93387 1.76064e-19)
(25.807 2.88709 -2.79004e-19)
(1.79901 -0.494846 0)
(-8.38193 -4.16527 2.69504e-18)
(29.6552 8.04394 -2.43924e-18)
(22.6722 2.47339 4.08547e-18)
(8.47603 3.59721 0)
(29.6555 8.05043 0)
(21.8537 3.00057 -5.06308e-18)
(-5.74919 -3.74955 -9.0164e-19)
(-0.421598 -0.0190319 4.97974e-18)
(10.145 4.08093 -4.10575e-18)
(25.8701 2.99307 -3.33436e-19)
(0.533538 -2.49511 4.89868e-18)
(2.35971 -2.36158 9.75277e-18)
(2.47343 -1.86151 -1.41557e-17)
(27.5764 4.64417 7.53573e-19)
(29.838 10.3703 3.33236e-18)
(9.67594 3.84633 4.17139e-18)
(25.7686 2.86751 0)
(2.47202 -1.85663 -8.1598e-18)
(27.537 4.62651 0)
(-3.5053 -3.37231 0)
(29.9806 10.229 0)
(0.515423 -2.73344 -8.53408e-18)
(6.37151 2.8676 -8.44012e-19)
(29.81 10.2815 3.22711e-18)
(32.7013 7.44165 4.02056e-19)
(7.14494 2.69007 -9.52042e-19)
(-3.76309 -3.55983 7.23476e-18)
(22.6525 2.52721 -3.84584e-18)
(29.9416 10.4046 -8.90318e-18)
(23.6862 2.45072 -2.49703e-18)
(21.7861 0.655101 0)
(0.855091 0.439588 -4.02799e-18)
(7.45988 3.10903 -3.42181e-18)
(2.38081 1.15832 -2.79815e-18)
(5.88866 2.62225 4.24554e-18)
(0.0613701 0.214934 2.92786e-18)
(27.5202 4.56863 0)
(29.8782 10.2068 6.49449e-18)
(2.79934 1.17572 0)
(6.96547 2.8785 3.48268e-18)
(25.5612 7.13012 0)
(-4.99946 -3.76514 0)
(3.88997 1.89638 8.83279e-19)
(1.88888 0.923803 -4.77505e-18)
(-0.66924 0.0136774 2.80203e-18)
(30.1282 10.3443 3.37689e-18)
(29.616 8.20578 0)
(29.784 8.45655 0)
(23.8253 2.54705 4.69894e-18)
(4.33413 1.68179 9.96694e-19)
(21.9165 2.97768 4.9192e-18)
(25.698 6.68577 2.12295e-17)
(4.85341 2.13237 7.6907e-21)
(29.4973 7.68329 0)
(3.40197 1.65427 -4.44325e-18)
(23.8698 2.4759 0)
(29.7605 8.51207 0)
(23.8703 2.553 7.32495e-20)
(25.1205 6.76997 -5.10791e-19)
(23.6922 2.60994 1.57569e-19)
(4.35804 1.88833 8.33137e-21)
(1.53213 0.941988 -2.73968e-18)
(22.1153 2.55139 4.78714e-18)
(23.8018 2.42644 -2.38446e-18)
(21.9441 2.77999 0)
(22.0726 2.74161 -1.49644e-19)
(25.4501 6.23044 7.46876e-18)
(24.9635 6.27925 -1.71749e-17)
(26.9354 4.72185 1.88914e-18)
(25.0374 6.61375 0)
(23.7568 2.49913 -7.58874e-20)
(23.7329 2.45678 -7.91215e-20)
(20.0425 6.10127 6.63308e-18)
(-1.13423 -0.221849 9.48421e-19)
(26.2834 3.20192 -8.69198e-19)
(29.7951 8.48739 0)
(26.2163 3.19709 7.76673e-19)
(26.3049 3.29578 -1.75693e-18)
(26.3325 3.27531 9.00915e-19)
(6.64951 2.49045 9.26419e-19)
(22.4533 0.611176 -4.81987e-18)
(21.8166 0.569746 0)
(25.4574 7.19182 -3.19319e-18)
(25.5657 2.95051 -5.45826e-21)
(21.9061 0.557226 -1.82852e-19)
(23.8923 2.51755 7.06026e-20)
(20.7628 -0.0490661 7.81476e-18)
(29.7197 8.75014 -5.02665e-18)
(25.8591 6.55483 -5.31988e-18)
(19.4909 6.78669 0)
(15.211 5.73328 3.13353e-18)
(23.7555 2.41956 2.47203e-18)
(6.13309 1.4917 2.22448e-17)
(22.0616 2.80614 4.79889e-18)
(5.47615 1.06546 -8.95832e-18)
(25.6324 3.39347 1.07416e-19)
(25.2044 6.57393 -5.43945e-18)
(23.2103 11.5568 1.13688e-19)
(23.0605 12.2146 7.35396e-20)
(26.2562 5.2057 0)
(21.9137 2.59717 -5.0389e-18)
(29.6812 8.52478 6.10955e-19)
(22.0396 2.93067 -5.19409e-18)
(26.3221 3.22879 0)
(26.1882 3.21734 6.54793e-19)
(21.872 8.09335 -1.06653e-17)
(24.8816 11.7349 2.52644e-18)
(29.8298 9.1248 0)
(23.1066 12.3496 -1.88294e-19)
(20.016 8.37101 -4.54499e-18)
(12.6375 12.7523 0)
(20.2643 6.6236 -8.4812e-18)
(24.8053 6.74415 2.16177e-17)
(15.1269 5.76488 3.29427e-18)
(14.1552 5.6757 8.73882e-19)
(12.1559 11.9569 1.60209e-17)
(21.2034 0.105269 -1.58991e-19)
(26.2674 6.37679 -4.54293e-17)
(25.1505 6.15762 -4.89691e-18)
(24.64 13.0497 0)
(31.2393 13.1886 -8.77605e-18)
(22.0203 2.69606 0)
(-3.3729 -3.44597 -1.90149e-18)
(19.547 6.01508 4.40385e-18)
(27.6498 5.8764 0)
(28.1608 8.657 7.98666e-18)
(16.4448 17.8766 1.73545e-18)
(17.0857 6.17244 0)
(27.952 5.42699 3.27154e-18)
(22.8999 2.46104 0)
(22.73 2.46956 -1.22384e-19)
(14.0832 4.25249 0)
(16.2771 5.84144 9.48898e-18)
(22.8085 2.41545 -3.75777e-18)
(22.7675 2.51661 0)
(27.1834 5.09299 -2.33357e-18)
(22.0876 2.4359 4.82275e-18)
(22.8596 2.55895 1.14312e-19)
(29.8699 9.81833 0)
(29.7755 9.80347 -3.15301e-18)
(22.9146 2.55608 -1.14312e-19)
(24.5713 12.7953 1.77848e-18)
(23.0614 6.20062 4.03724e-18)
(30.4836 8.55156 0)
(21.5675 6.84196 -6.38968e-18)
(-7.70942 -4.47414 0)
(21.4433 0.369751 3.80105e-18)
(22.5052 8.21051 -6.52694e-18)
(24.0217 1.13851 0)
(27.8648 5.42864 -1.94072e-19)
(25.6922 2.93838 -8.94513e-20)
(28.0986 5.63869 0)
(21.9799 2.58146 0)
(27.9532 6.41461 0)
(-1.46484 -3.41014 -4.99714e-18)
(21.9545 2.71265 -5.00544e-18)
(25.0063 5.65447 -8.91588e-18)
(24.7129 12.7487 0)
(14.1254 4.16442 2.74389e-18)
(21.584 0.26323 1.37658e-17)
(13.4597 12.7514 8.5609e-18)
(21.0479 0.122689 8.07261e-18)
(-6.19992 -2.13832 4.66272e-18)
(25.1863 6.51399 0)
(32.9331 7.76753 0)
(6.08525 3.94115 -3.81768e-18)
(5.30526 4.15348 0)
(27.8643 5.50192 -2.95815e-18)
(6.04473 3.71009 -3.86863e-18)
(3.62082 3.67545 9.45987e-19)
(4.50472 4.14622 -3.77033e-18)
(4.36983 3.44335 0)
(25.7215 3.02223 1.47705e-19)
(21.8992 2.66424 1.0088e-17)
(21.9986 2.51389 0)
(-8.02905 -4.49338 3.1897e-18)
(25.7447 2.9993 -1.47207e-19)
(25.9152 7.46858 1.20656e-17)
(11.9265 4.88698 0)
(23.7381 2.61544 2.32082e-18)
(23.009 12.4708 1.14443e-19)
(17.6349 5.95701 0)
(29.6403 9.87044 3.11976e-18)
(31.29 8.79274 9.37848e-18)
(22.2638 2.46749 -4.5453e-18)
(22.2277 2.58788 0)
(23.9651 13.0207 -2.17395e-18)
(24.2942 12.4709 -2.77957e-18)
(25.1153 6.49124 -5.39166e-19)
(24.5728 6.68673 0)
(21.7535 0.499655 6.36011e-18)
(-0.222904 -1.03288 1.10536e-17)
(25.9956 9.51125 6.84361e-18)
(27.2886 4.73895 9.78118e-20)
(21.9087 0.393318 1.86265e-19)
(24.0567 5.20848 7.56678e-18)
(-4.19071 -1.25412 -3.2939e-18)
(-2.50354 -0.425953 -3.31337e-18)
(29.5873 8.01482 -7.37171e-22)
(28.8794 9.59694 0)
(20.5182 3.9768 0)
(24.4996 1.3376 -2.35424e-19)
(22.0587 0.454251 0)
(20.5621 5.84435 0)
(21.6614 4.86237 -4.36316e-18)
(26.5637 8.1526 0)
(23.6344 6.59246 7.0384e-18)
(29.7264 8.79304 0)
(24.2713 8.83516 1.22457e-18)
(22.4619 11.5472 1.09957e-20)
(10.4344 4.61209 7.48233e-19)
(19.5408 6.12597 0)
(23.7359 12.0083 0)
(26.4695 12.5569 -3.45127e-18)
(25.1716 6.58272 -2.16126e-18)
(24.5298 12.947 -4.75102e-19)
(19.3509 6.23289 -2.95608e-18)
(22.2005 0.510257 0)
(25.6689 2.96275 8.8336e-20)
(22.3502 0.62484 0)
(22.3712 2.50792 1.38522e-19)
(22.0331 2.6301 0)
(27.9505 6.27503 -3.27444e-18)
(26.3083 3.40764 8.10855e-19)
(21.9406 0.463985 1.84443e-19)
(25.2042 6.52672 2.67049e-18)
(22.3335 0.566666 3.30389e-19)
(27.9052 5.38933 0)
(25.1364 7.31044 3.72524e-18)
(24.1465 2.73892 -4.95037e-19)
(22.9345 2.50714 0)
(29.734 8.88569 5.21854e-18)
(29.7405 8.93281 2.66353e-18)
(25.6888 19.3316 0)
(21.7874 0.40286 -6.2631e-18)
(26.2969 12.7746 -6.95401e-18)
(26.0698 1.87052 0)
(4.30145 1.2049 -4.03221e-18)
(24.8536 1.47546 1.54654e-18)
(22.7512 2.41761 0)
(27.9417 5.65717 2.04861e-19)
(9.94195 4.36225 -7.62079e-19)
(22.0989 2.61562 0)
(22.155 2.42526 0)
(22.5794 0.675016 0)
(29.9133 9.75259 0)
(27.2416 2.1149 3.58689e-18)
(26.5217 12.6921 0)
(22.6917 2.57387 0)
(19.5579 5.05378 2.10392e-18)
(31.0111 8.4765 -9.68133e-18)
(29.6157 8.01598 -4.69732e-18)
(29.5975 8.02576 0)
(3.35902 0.524501 4.22845e-18)
(23.8469 1.06663 -3.08187e-18)
(27.1578 7.44848 -4.26307e-18)
(27.3065 7.10656 -5.45089e-18)
(3.16923 2.05978 -5.01789e-18)
(4.15906 2.66331 -9.92898e-19)
(23.9371 1.10352 0)
(12.728 3.78769 -2.68505e-18)
(22.0864 0.520056 0)
(25.2328 5.65065 9.6048e-19)
(26.7781 6.04077 -1.5168e-17)
(22.9201 0.785387 0)
(26.5893 7.41667 3.1928e-17)
(25.7303 2.95743 -1.76793e-19)
(24.1066 1.1857 0)
(26.1236 12.6046 -3.96416e-18)
(26.4158 5.98395 4.57543e-18)
(25.4762 7.21115 1.94751e-17)
(25.6305 2.94414 -1.48484e-20)
(22.1802 2.53936 -4.66767e-18)
(28.8382 8.00736 3.03896e-18)
(19.3852 4.87018 -8.67654e-18)
(-8.52946 -4.50869 3.11262e-18)
(25.9761 1.87796 2.46777e-19)
(24.3473 1.28073 2.56102e-19)
(29.8751 8.60245 -4.37795e-20)
(24.8433 7.38853 -8.49463e-19)
(29.7583 8.15957 -1.1813e-18)
(29.7954 8.13607 -1.99934e-20)
(19.596 4.94585 1.47063e-17)
(10.6789 5.54152 1.36223e-18)
(5.18377 3.45906 0)
(3.67281 3.91349 -9.56077e-19)
(22.2242 0.57494 1.70112e-19)
(23.2343 0.878377 -4.08122e-18)
(29.691 7.98838 3.14598e-18)
(24.5715 1.37795 1.87379e-18)
(28.8831 7.97243 -3.18803e-18)
(29.6888 8.55775 4.32073e-18)
(25.6224 1.71058 0)
(23.5401 0.964212 7.52185e-18)
(28.5787 8.07856 5.80808e-19)
(25.7576 1.73649 0)
(22.4655 0.684306 4.27596e-18)
(24.7835 1.45083 -1.43448e-18)
(22.101 2.91008 5.07725e-18)
(27.9501 5.50321 -3.29625e-18)
(24.9203 1.49556 5.23663e-20)
(27.6099 5.22143 0)
(27.5348 4.83514 -3.13194e-18)
(26.4575 1.89585 -1.20452e-18)
(29.9339 8.38848 0)
(24.8275 7.08123 1.04806e-17)
(27.9461 6.56097 0)
(27.377 8.19204 2.34295e-18)
(20.6375 7.18658 -3.49749e-18)
(25.0495 1.53954 0)
(26.8245 3.5877 -1.56194e-18)
(25.1138 1.56872 -7.92747e-19)
(28.9581 2.27871 -5.78426e-18)
(24.3523 8.28386 1.94616e-18)
(22.291 2.57699 0)
(28.6563 2.38393 -3.7833e-18)
(25.3636 6.39998 -1.94343e-17)
(28.4775 2.35348 5.18654e-19)
(25.2413 1.60573 -6.98559e-19)
(28.2982 2.31411 -4.36505e-18)
(28.1363 2.27838 -4.8863e-19)
(29.7964 8.65603 5.88517e-19)
(25.4365 1.65431 3.33319e-19)
(27.8488 2.21929 3.10854e-18)
(25.5605 1.6854 1.44168e-19)
(27.5961 2.16261 0)
(27.4654 2.11098 0)
(2.55558 2.54549 -2.27131e-18)
(19.3956 5.62995 9.18798e-18)
(27.3534 2.10829 3.3579e-19)
(22.2414 2.35547 4.58708e-18)
(19.2073 5.01395 2.23983e-18)
(25.6922 1.71992 -1.16843e-19)
(27.1628 2.06118 -4.23903e-18)
(25.8224 1.74886 -5.51626e-20)
(26.9636 2.00732 -1.98894e-18)
(26.8655 1.97266 -2.49873e-19)
(25.9537 1.77827 0)
(26.0204 1.80212 -1.08974e-18)
(26.7724 1.95796 1.89332e-18)
(26.0896 1.80872 0)
(26.6864 1.93514 -2.00763e-18)
(26.6102 1.92947 -1.30826e-18)
(26.2318 1.83835 9.14838e-19)
(26.16 1.82688 -1.16089e-19)
(26.5312 1.89377 -2.25378e-19)
(26.3796 1.86931 -1.38392e-18)
(25.6844 3.00332 0)
(26.2466 3.39975 0)
(29.7873 8.61914 -6.78511e-19)
(-2.91729 -0.673812 3.37884e-18)
(29.5788 8.00403 -2.33401e-18)
(19.4866 9.45774 0)
(24.8799 6.59023 0)
(18.2605 8.9883 -8.0855e-18)
(18.3851 9.3402 0)
(25.0969 6.45076 -2.49471e-19)
(26.0761 3.25401 6.14688e-19)
(27.0601 11.8 -3.17275e-18)
(25.1064 2.85244 2.98109e-19)
(26.9768 7.89819 -2.57014e-17)
(25.0141 6.36568 -1.0405e-17)
(25.4949 7.25597 -2.18434e-17)
(25.6088 7.98792 0)
(21.3971 11.1973 1.27496e-18)
(7.34305 -1.28534 6.91201e-19)
(23.9271 1.14326 0)
(24.7568 6.60694 0)
(10.8787 5.37696 3.51828e-18)
(24.1525 11.217 8.8081e-20)
(27.7727 4.96922 -6.05933e-18)
(20.2058 7.05445 0)
(21.2867 8.89807 0)
(20.7052 9.83423 0)
(21.397 3.15178 0)
(25.2807 7.20328 -1.28771e-18)
(24.0078 1.18619 0)
(25.0508 6.65796 -4.63643e-17)
(13.9308 9.66432 3.16285e-17)
(13.869 8.7141 -2.0242e-17)
(19.9311 6.07139 -6.62346e-18)
(19.3713 5.75146 9.17031e-18)
(-3.44712 -0.649775 3.78532e-18)
(22.3908 2.44936 4.38221e-18)
(24.3151 6.6942 -2.90486e-17)
(22.2669 2.29455 -4.59646e-18)
(25.3901 10.8183 0)
(27.9918 5.62367 -3.27989e-18)
(25.0821 6.77148 0)
(28.1062 5.55877 3.527e-18)
(27.9051 5.53999 3.1577e-18)
(25.2877 6.72793 -1.29014e-18)
(27.5192 4.77552 6.17e-19)
(27.2908 5.50885 3.98624e-18)
(23.7298 10.7308 -1.43521e-19)
(24.9586 6.45828 -1.6167e-17)
(29.2598 7.94643 8.15015e-18)
(25.651 6.02577 1.72924e-18)
(21.5095 11.2872 3.427e-18)
(23.8446 1.1064 2.9364e-18)
(28.0399 5.67069 3.3787e-18)
(21.4269 2.6776 -4.33516e-18)
(20.8771 0.430092 -3.59748e-18)
(30.1293 9.48808 -6.04927e-18)
(22.1993 2.47696 4.64539e-18)
(7.84826 3.62654 -7.89303e-19)
(26.459 3.5204 -1.04259e-18)
(25.2953 6.43197 0)
(25.1668 6.62527 -1.0508e-17)
(26.4375 12.7986 3.54374e-18)
(22.3328 2.28864 0)
(26.4873 5.3645 9.65139e-18)
(24.4956 1.50062 9.26451e-20)
(24.42 1.50795 -1.56017e-18)
(22.7849 2.61374 -2.24541e-19)
(25.6207 6.54726 0)
(22.7484 2.56861 -3.84827e-18)
(27.9008 5.61425 0)
(25.1107 6.81013 0)
(24.2881 7.54078 0)
(25.4375 3.73318 -3.83442e-19)
(23.1251 6.71671 2.30491e-17)
(24.7982 7.98668 4.10573e-19)
(30.8038 8.40648 0)
(23.077 1.93363 0)
(25.0398 6.75977 1.08296e-17)
(21.3901 3.07085 0)
(24.2487 12.6034 2.63541e-18)
(24.4779 1.37695 -1.67006e-18)
(29.6135 8.02118 0)
(21.1756 3.39896 -1.09871e-17)
(25.7239 2.08621 0)
(4.37434 0.800546 0)
(27.6375 5.0055 2.6254e-18)
(22.3593 2.22968 4.58434e-18)
(24.6062 7.34025 -1.97298e-18)
(23.7592 2.57838 -2.54377e-18)
(24.9836 6.57033 0)
(27.5581 6.1277 0)
(25.0376 6.39883 4.40199e-18)
(3.25917 2.35083 -3.02536e-18)
(25.3155 7.10662 1.60904e-17)
(26.2021 5.75898 0)
(30.5795 8.62443 1.60841e-18)
(25.7575 8.8093 -2.42626e-17)
(25.3863 3.03249 -3.47423e-19)
(24.7967 6.95521 1.66522e-17)
(26.8172 8.43507 2.86095e-17)
(22.527 11.3501 -1.9567e-18)
(19.898 8.42045 6.78426e-18)
(13.2098 5.84285 -7.85283e-19)
(22.2846 2.40631 4.52052e-18)
(21.4783 11.4453 -3.30769e-18)
(22.3725 2.33954 0)
(24.7649 1.47832 1.43633e-18)
(22.4245 2.22572 4.17941e-18)
(27.691 5.40678 -2.74458e-18)
(29.9338 8.12139 5.08163e-18)
(23.8633 9.886 -5.14018e-19)
(26.7264 8.50673 0)
(18.3527 7.95545 0)
(24.835 1.50047 -2.60025e-18)
(-7.60901 -1.08076 0)
(-7.13551 -0.536549 -1.60661e-17)
(26.0905 12.4662 3.02579e-18)
(19.5168 4.85064 2.25703e-18)
(27.2371 7.68656 0)
(29.2188 7.69052 0)
(20.297 10.3754 -2.26658e-18)
(24.9912 5.32715 6.06319e-18)
(25.1003 6.80266 0)
(-7.73325 -4.37532 -3.90506e-19)
(32.6329 6.27668 -6.54317e-18)
(24.9521 7.44892 2.66647e-19)
(29.8266 8.59167 -4.4353e-20)
(-7.95343 -4.33349 0)
(24.8383 6.98818 2.84018e-17)
(29.7692 8.14013 -3.57585e-18)
(22.4356 2.33438 4.30811e-18)
(22.4505 2.16746 -4.32077e-18)
(25.5855 5.99971 0)
(23.0798 1.83622 0)
(29.6875 6.63699 -2.81365e-17)
(29.0867 7.55822 0)
(20.2097 10.5115 4.43818e-18)
(19.9845 10.3586 0)
(26.2352 8.3479 1.34035e-17)
(28.3985 4.89162 0)
(28.294 4.76819 -3.38256e-18)
(22.8959 2.74567 -3.64979e-18)
(25.0301 1.57142 0)
(24.8624 2.84183 6.57958e-20)
(25.0919 6.84324 -3.52941e-19)
(23.2209 1.90195 6.22007e-18)
(29.7062 7.99247 -5.69914e-18)
(28.9928 2.51566 1.14637e-18)
(26.0696 7.5741 -2.44248e-17)
(26.9413 11.1133 -7.13929e-18)
(29.2279 8.052 0)
(28.8414 2.44558 3.82757e-18)
(24.8513 6.43816 8.02516e-18)
(28.6378 2.41476 5.02346e-19)
(18.8303 5.31651 -2.62907e-18)
(28.4678 2.36537 4.13621e-18)
(35.3173 14.5993 7.26859e-18)
(26.9454 12.4836 3.64982e-18)
(25.1346 6.60082 2.08681e-18)
(22.4614 2.27714 -8.58942e-18)
(25.5757 1.72094 0)
(22.5152 2.1658 -4.20044e-18)
(26.821 3.53687 1.56328e-18)
(26.8996 3.55869 1.29072e-20)
(25.2114 6.63772 -3.49447e-17)
(29.5885 9.92898 -3.06567e-18)
(23.161 1.99259 0)
(25.6567 1.73466 0)
(24.86 6.36971 4.90208e-18)
(21.4014 3.29813 5.7028e-18)
(21.2718 11.252 1.48008e-18)
(26.3049 1.8582 -7.16309e-20)
(25.7321 1.74728 1.00203e-19)
(20.0804 5.41682 0)
(25.8059 1.76282 -2.81566e-19)
(22.3764 2.96288 3.78969e-18)
(27.7512 2.19371 0)
(27.9975 5.54598 3.18423e-18)
(6.4494 1.34595 4.25248e-18)
(27.6329 2.15946 0)
(23.8333 2.83638 1.12699e-18)
(24.0088 9.67919 1.12993e-18)
(26.6132 1.92183 0)
(26.5215 1.91519 2.35145e-18)
(22.2222 2.86832 0)
(27.0822 2.03306 -2.91402e-20)
(27.6512 5.31238 0)
(26.9741 2.00271 0)
(26.1123 1.83028 5.74162e-19)
(26.0245 1.81762 5.19578e-19)
(26.8747 1.98302 -6.81519e-20)
(8.62462 5.38911 -5.60509e-17)
(26.7923 1.96886 -7.05993e-19)
(26.2704 1.85859 -5.97288e-20)
(26.1878 1.84283 1.05732e-19)
(26.6828 1.94868 1.31359e-18)
(20.5834 9.48127 -4.45888e-18)
(25.1028 6.75841 0)
(23.2994 1.96169 -5.85158e-18)
(28.4939 6.08363 -5.20191e-19)
(22.5237 2.27392 -8.3575e-18)
(22.5423 2.11001 4.18514e-18)
(24.7795 6.05733 1.12734e-17)
(19.1718 5.13744 6.79966e-18)
(24.3202 8.11186 4.40339e-18)
(25.8305 6.65147 0)
(22.8247 4.1313 0)
(28.1534 5.69108 0)
(21.9149 9.42903 0)
(26.6237 5.90407 0)
(26.0423 9.29235 -1.28644e-17)
(28.0767 6.93669 -1.49597e-17)
(24.6132 6.32276 0)
(24.9538 8.20316 3.44856e-18)
(29.704 8.07078 0)
(21.5609 2.70234 0)
(25.7361 3.13021 0)
(25.3882 6.95684 -1.47781e-17)
(11.0868 1.34132 0)
(18.3734 9.80745 7.74834e-18)
(29.4457 7.98651 0)
(25.2221 6.61744 -1.33384e-17)
(22.3487 2.39908 -4.4038e-18)
(-1.23943 0.305515 -3.18451e-18)
(0.287747 0.961314 3.19705e-18)
(19.7993 8.33535 -7.78291e-19)
(29.6037 8.24279 -1.16605e-18)
(30.2412 8.89525 5.61164e-18)
(22.5504 2.21826 4.17111e-18)
(22.6057 2.11033 0)
(-6.57457 -4.33167 3.03539e-18)
(28.0515 5.51062 0)
(23.3509 6.47365 -3.46294e-17)
(18.4072 9.13538 -7.85411e-18)
(23.5879 8.80609 0)
(24.9067 6.32477 -1.47471e-18)
(24.9505 6.60229 -8.71112e-18)
(27.0613 3.66484 6.05023e-20)
(24.8888 3.06773 -1.7874e-20)
(21.3336 8.76713 -3.85765e-18)
(20.4456 6.48194 0)
(24.0867 8.5527 3.97759e-18)
(6.6189 -1.41491 1.41379e-18)
(19.9343 5.67734 3.20671e-18)
(-0.303571 -2.26178 -4.03161e-18)
(31.6057 5.06694 0)
(25.0881 7.06692 -2.23953e-18)
(8.42661 3.00589 3.73351e-18)
(20.5758 3.91501 8.00387e-20)
(23.616 3.25217 0)
(24.1028 8.03543 6.66997e-18)
(2.82717 -0.883852 0)
(28.4882 7.65616 -4.91045e-18)
(30.1996 5.06808 7.04167e-18)
(25.2761 6.91558 0)
(28.2182 8.05505 1.50247e-17)
(26.4373 4.74114 4.65893e-18)
(25.6606 6.20781 -1.23812e-17)
(22.6123 2.21693 0)
(22.6329 2.05633 -4.06211e-18)
(21.2656 9.10584 0)
(27.8684 9.88074 1.81068e-17)
(29.6821 11.1358 -5.74115e-18)
(27.3094 6.08038 0)
(19.2569 5.80111 -1.13358e-17)
(23.0409 13.2249 -3.24781e-19)
(21.7865 3.09632 5.12084e-18)
(-2.22641 0.143937 -2.33123e-17)
(23.13 8.47032 -7.39569e-18)
(27.096 3.92408 0)
(-2.2662 0.148815 1.61245e-18)
(19.886 4.99419 -4.13082e-18)
(24.6293 2.77625 -2.64345e-18)
(24.591 2.7641 -5.30219e-21)
(23.7349 2.53596 7.9303e-20)
(24.8613 6.90189 9.66889e-18)
(21.2576 2.82522 -4.04248e-19)
(22.6397 2.16306 -1.24873e-19)
(22.6955 2.05816 -3.42299e-21)
(26.3505 1.87717 6.12327e-20)
(26.4358 1.8936 -1.2579e-18)
(14.1435 9.17469 3.56607e-18)
(22.2409 11.1345 -6.71223e-19)
(23.4528 5.97868 0)
(24.8127 6.40117 0)
(27.2318 11.675 3.17799e-18)
(27.9186 6.21394 2.1398e-19)
(26.3463 3.43521 -9.02787e-19)
(18.4297 10.0237 7.47768e-18)
(29.938 8.65201 1.05193e-17)
(27.6953 7.03529 1.18093e-17)
(26.4398 11.0461 -3.03511e-18)
(25.4773 5.93469 4.90918e-19)
(7.75488 4.74259 0)
(22.701 2.16339 4.06622e-18)
(22.7228 2.00599 3.93342e-18)
(5.45275 3.77477 3.58624e-18)
(24.8304 5.96257 2.48176e-18)
(3.36609 -0.555436 0)
(21.7492 12.719 5.90726e-19)
(22.0259 12.9308 0)
(21.6757 14.1787 7.48643e-20)
(19.61 5.24989 0)
(32.8099 8.27958 -9.60233e-18)
(21.6472 6.59467 0)
(25.2903 6.90945 5.1733e-19)
(7.20332 0.840939 4.03788e-18)
(29.5262 9.61849 0)
(26.3334 6.51565 -1.53861e-17)
(22.7286 2.11114 -7.86225e-18)
(22.7842 2.00933 3.81923e-18)
(26.8956 8.11795 1.63043e-18)
(0.811784 0.317303 -1.15057e-17)
(24.1113 7.16508 0)
(21.1742 3.49403 5.29005e-18)
(24.953 6.8779 0)
(25.1137 6.6605 2.13977e-17)
(25.1434 6.66095 -1.15043e-17)
(19.8188 12.3312 -1.87985e-18)
(19.7261 11.908 3.87464e-18)
(28.9146 7.84693 0)
(29.9042 8.13021 -4.94017e-18)
(21.3195 3.02965 0)
(24.8103 6.35191 0)
(30.7541 8.64479 3.32048e-18)
(24.4623 1.52449 0)
(24.3209 8.45627 1.57485e-18)
(22.789 2.113 3.81671e-18)
(22.8123 1.95887 0)
(17.586 6.40457 1.21514e-17)
(23.2955 6.64092 2.22556e-17)
(18.9394 14.9832 2.139e-18)
(13.3272 5.57643 3.47785e-18)
(34.8498 10.0018 2.46859e-18)
(28.9075 7.80173 6.59182e-18)
(21.2236 3.12772 0)
(25.0744 6.35062 1.30255e-17)
(30.747 8.38462 -7.50039e-18)
(25.1228 6.9522 0)
(21.421 7.78205 5.14429e-18)
(22.8165 2.0623 -3.81187e-18)
(22.8726 1.96371 0)
(26.8758 12.595 3.84206e-18)
(23.9456 6.53009 -9.54983e-19)
(19.0475 7.93637 -1.12504e-17)
(26.3143 5.97261 0)
(29.8434 15.9718 0)
(25.343 2.88576 0)
(-7.1157 -2.72305 0)
(22.2454 7.37567 -8.59561e-18)
(30.048 10.5301 1.99441e-18)
(26.758 4.53497 2.90667e-18)
(25.4425 1.68233 0)
(23.492 2.64912 -5.57573e-18)
(25.5101 1.69816 -1.59887e-19)
(22.525 1.88589 -1.28943e-19)
(22.6225 1.83798 -4.18726e-18)
(28.4322 4.62623 1.95574e-17)
(22.8761 2.06561 3.69828e-18)
(22.9019 1.915 3.68815e-18)
(25.3987 7.23506 0)
(24.9895 6.4061 -8.6117e-18)
(25.8091 7.0923 1.0085e-17)
(19.6845 9.841 2.86087e-18)
(29.8871 8.6405 -5.22655e-18)
(25.0902 6.51645 0)
(30.1753 8.8787 -5.73493e-18)
(24.1469 10.6923 8.04284e-19)
(28.4842 7.74731 -4.22831e-18)
(25.106 6.73523 -4.54017e-19)
(23.6176 2.48312 -2.70009e-18)
(24.2919 7.13507 0)
(24.5546 11.2149 -1.69226e-19)
(23.8165 5.8619 0)
(25.0526 3.05558 0)
(24.2339 2.86586 0)
(25.2038 6.57209 -3.0943e-18)
(25.1654 6.50158 5.66282e-19)
(25.1137 6.67047 9.15321e-19)
(25.1113 6.72994 -5.95887e-18)
(25.1307 6.71131 -5.78628e-18)
(25.1138 6.73251 -2.48692e-18)
(25.2106 6.51551 -3.23385e-20)
(25.1427 6.63884 0)
(25.129 6.64774 5.00951e-18)
(25.1134 6.73141 0)
(24.8364 6.41563 1.77541e-23)
(25.1674 6.59845 0)
(25.1787 6.49744 0)
(25.1129 6.73084 4.72911e-18)
(25.1333 6.69125 -4.7062e-18)
(25.2304 6.54972 2.45802e-18)
(25.1381 6.51473 9.84125e-19)
(25.1059 6.71491 -3.10001e-18)
(25.1181 6.73054 0)
(25.2291 6.52781 -1.80848e-20)
(25.1225 6.72628 6.74424e-18)
(25.1289 6.54056 -1.13389e-18)
(25.1089 6.69509 7.50601e-19)
(25.1144 6.7319 -3.3976e-19)
(25.1393 6.59862 -4.99465e-18)
(25.1092 6.72637 -2.54444e-17)
(0.349489 0.112608 7.31041e-18)
(-0.744146 0.0220075 0)
(25.5178 6.67711 4.43102e-17)
(24.4864 5.46724 8.55645e-18)
(22.961 1.92109 0)
(22.9037 2.0165 0)
(25.45 6.51025 1.32152e-17)
(29.9376 17.2239 4.13489e-18)
(21.2921 4.99577 0)
(28.9128 7.76101 6.16835e-18)
(25.1549 6.72984 0)
(26.525 10.717 5.34579e-18)
(25.4972 1.6737 0)
(-6.81118 1.05047 -5.53184e-18)
(29.6685 8.69237 0)
(27.624 4.94086 2.58588e-18)
(25.0835 6.69613 -9.69893e-18)
(21.648 6.56395 -1.29289e-17)
(25.0845 6.41376 -9.93996e-18)
(23.1865 5.0891 0)
(22.5359 9.53346 6.68969e-18)
(24.262 6.67161 9.58347e-18)
(23.6677 2.56818 -1.65537e-19)
(22.9623 2.02134 3.58157e-18)
(22.9911 1.87407 0)
(25.0807 6.7097 1.33891e-17)
(-7.62821 -0.732198 -1.06235e-19)
(23.3216 13.5021 -2.20536e-18)
(22.9498 13.417 0)
(8.76188 2.57996 -3.92144e-18)
(25.3786 10.968 0)
(30.0431 15.6462 -8.57618e-18)
(29.4929 15.2935 -7.96732e-18)
(30.7797 9.14998 4.73056e-18)
(22.5658 4.65096 0)
(29.1602 16.234 1.22248e-17)
(27.0223 3.84014 -2.80093e-20)
(26.6714 6.47621 0)
(23.9132 2.73414 1.47606e-18)
(25.3813 2.90098 -3.39418e-19)
(28.919 15.5102 -3.66939e-18)
(28.7473 16.1344 -1.12057e-17)
(30.5074 16.392 -4.49303e-18)
(30.4998 17.2697 -1.503e-17)
(26.0539 5.79305 -1.654e-17)
(23.8612 7.90056 1.09474e-17)
(27.3687 2.25943 -1.23908e-18)
(25.5459 3.10629 -5.99159e-20)
(22.9904 1.97384 0)
(25.3308 6.42314 -7.07708e-18)
(29.6576 8.09899 1.95033e-18)
(29.6342 8.48154 -4.77614e-18)
(30.1934 8.3359 -1.33116e-18)
(25.4754 6.729 0)
(6.93513 4.37403 0)
(6.1236 4.36511 0)
(27.0269 3.89308 0)
(26.7899 4.29197 -3.63693e-18)
(28.922 7.72176 0)
(30.2846 8.84548 5.81223e-18)
(29.2852 7.9992 0)
(25.4287 7.20727 0)
(23.1373 1.84312 -3.34899e-18)
(24.4396 6.78868 -2.60982e-18)
(29.8108 8.34917 -4.7271e-18)
(29.8013 8.40249 -3.47918e-19)
(25.1043 6.62885 0)
(25.1143 6.91837 4.44824e-18)
(26.5811 4.687 3.30887e-18)
(22.3622 5.67679 0)
(23.0482 1.98008 0)
(25.1458 1.72296 3.39167e-20)
(25.2181 1.71178 4.87418e-19)
(19.016 5.29495 0)
(20.0504 10.5022 0)
(27.4985 7.26969 0)
(20.7086 3.79222 5.81835e-18)
(25.2169 6.55096 0)
(28.3115 4.85593 5.31071e-20)
(26.4757 10.5885 -4.62131e-18)
(27.9027 7.10051 0)
(25.2261 6.28966 -1.51557e-19)
(34.0424 13.5341 1.1262e-17)
(30.5155 8.49665 -6.79019e-18)
(23.1341 1.94102 0)
(28.658 8.9061 1.68268e-17)
(19.3703 9.72745 3.13336e-18)
(19.5572 9.96425 -8.36131e-18)
(23.5797 8.18558 8.76558e-18)
(28.5824 7.95073 0)
(24.1661 9.12733 -2.06349e-18)
(24.9581 6.39885 3.98434e-18)
(27.0626 3.93574 -1.84499e-18)
(-1.79463 -2.53932 2.0034e-18)
(23.545 11.4891 0)
(29.0493 7.93232 4.18919e-18)
(29.6637 8.07197 -2.83088e-19)
(25.8773 1.78028 7.05831e-19)
(27.3943 11.5323 9.53251e-18)
(25.9522 1.79573 0)
(27.7064 5.92907 0)
(26.1267 5.95032 0)
(25.8998 9.95357 0)
(22.4604 10.4362 1.20324e-18)
(25.2981 7.0777 -1.68437e-17)
(25.0852 7.25554 -1.25455e-18)
(29.6378 7.99067 4.74966e-18)
(28.1161 11.3191 -6.73782e-18)
(25.1664 7.52335 0)
(30.3937 10.8121 -3.02904e-18)
(30.6359 10.9156 -6.83659e-18)
(35.6139 15.1207 0)
(25.0997 7.09205 0)
(26.8596 3.52088 -1.6397e-18)
(-2.49385 -3.43714 0)
(25.3153 6.42873 5.12609e-18)
(20.6312 4.97304 -9.8107e-20)
(28.9407 7.6841 -5.64323e-18)
(23.2163 1.99952 -3.18043e-18)
(24.4956 7.45873 -1.53143e-17)
(24.3624 14.307 -3.01961e-18)
(25.0359 6.19367 2.91649e-18)
(25.1787 6.5073 0)
(27.4734 2.16136 4.70901e-18)
(28.3131 8.55907 -8.6463e-18)
(27.4229 2.15131 2.46552e-18)
(0.252062 -2.00288 2.01444e-18)
(29.6136 9.80033 -9.37964e-18)
(22.3598 8.03101 -3.28729e-18)
(24.9827 6.70461 2.32174e-17)
(29.8466 8.66982 5.78489e-18)
(26.1392 3.2582 -6.61282e-19)
(29.5536 8.13059 4.26014e-18)
(19.9138 4.71646 0)
(22.6625 9.30826 -3.12119e-18)
(28.366 7.16207 0)
(24.8025 6.46207 1.53216e-17)
(26.5278 3.57326 0)
(9.47703 6.11316 2.23097e-17)
(26.7036 3.9603 -2.03046e-18)
(20.8859 8.39684 -6.2347e-18)
(29.8568 8.70981 -5.8895e-18)
(26.1252 6.30495 -3.75708e-18)
(23.3284 1.91737 2.81776e-18)
(29.8737 10.8432 -7.96098e-19)
(27.1928 7.4807 1.18184e-17)
(25.0719 6.7981 9.39738e-18)
(6.957 0.741515 0)
(29.9886 11.0501 0)
(29.9982 10.8385 0)
(6.90161 12.5793 0)
(29.3795 6.75469 0)
(24.5146 6.30312 -4.79601e-17)
(28.9691 7.64808 -1.10372e-17)
(27.8827 5.09315 0)
(23.5501 2.59864 -4.33612e-20)
(5.93937 2.21337 0)
(28.8122 18.5174 -2.34166e-18)
(27.8895 5.1659 3.16019e-18)
(-1.34828 -2.53139 0)
(25.2201 6.5162 5.28365e-18)
(17.5037 4.72911 0)
(26.6833 9.76384 -1.61871e-17)
(26.6541 10.0398 -1.29932e-17)
(20.5508 6.33583 0)
(23.6889 2.5306 -2.66041e-18)
(24.7016 6.32909 -2.53384e-18)
(21.786 12.1058 -2.76957e-18)
(23.5465 2.51776 -1.72538e-19)
(25.689 1.86759 0)
(29.8432 7.85556 -1.11063e-18)
(27.6352 6.68565 0)
(29.9515 8.69249 0)
(25.7855 6.73516 -5.37389e-17)
(29.6904 8.08246 0)
(25.0026 6.372 -5.77089e-18)
(19.5876 6.71368 -3.98646e-18)
(19.609 6.82529 -3.9255e-18)
(24.1839 12.1461 -1.09143e-18)
(-1.7508 -3.00937 5.57545e-18)
(16.1875 1.06316 -1.70497e-17)
(26.9527 13.7883 0)
(26.7269 14.0473 2.32937e-18)
(27.4643 4.70037 2.42375e-18)
(16.928 2.54177 -7.20263e-18)
(25.6766 3.13535 0)
(27.6882 5.59539 1.82547e-17)
(25.1321 9.83643 0)
(25.5002 7.1798 -2.67032e-17)
(6.9539 4.74286 -9.18125e-19)
(25.6352 6.12555 0)
(7.86024 2.70971 0)
(25.2897 7.24353 0)
(25.0014 6.29888 0)
(3.52734 -1.32495 -5.84563e-18)
(23.5901 1.68164 0)
(20.1398 4.95866 -1.29638e-17)
(21.7441 2.84479 -3.32135e-19)
(24.6119 6.62712 2.51326e-19)
(25.0925 6.70939 0)
(26.948 8.92626 0)
(27.8499 7.16807 -4.32866e-17)
(2.44104 -1.60828 1.68927e-19)
(30.121 7.22839 5.00516e-18)
(6.80016 5.5234 -4.37769e-18)
(24.9789 6.44766 -1.48255e-17)
(1.02129 0.249565 0)
(24.3652 2.86354 -9.4219e-19)
(-0.800588 -0.949452 1.04838e-17)
(23.695 2.82246 -2.11713e-18)
(28.1354 6.91664 4.28956e-18)
(27.6487 4.89862 0)
(20.7015 8.35649 -8.0196e-19)
(30.5745 8.86585 -1.50613e-18)
(25.4811 3.71306 1.60947e-19)
(25.1087 6.50384 -6.01498e-18)
(25.1094 6.67424 0)
(25.8879 1.76745 -3.79312e-19)
(26.9803 3.58304 -1.83442e-18)
(27.0639 3.60991 0)
(29.5944 8.00206 5.90582e-22)
(29.0836 17.5101 1.72769e-17)
(29.6193 17.6227 0)
(19.728 -0.277163 1.31909e-17)
(-5.48234 2.28841 2.87136e-18)
(27.155 6.48925 2.26123e-17)
(21.3214 8.51176 -5.04586e-18)
(21.8176 3.37058 2.07401e-18)
(24.4137 8.13407 2.9657e-18)
(26.2342 6.52133 6.41282e-18)
(24.2167 3.63499 -5.26737e-18)
(27.6209 6.54828 -5.10887e-18)
(24.1848 5.9078 0)
(24.4101 1.34204 0)
(-8.09126 -3.58552 5.48652e-18)
(29.7655 7.84335 1.02996e-17)
(27.2245 5.13159 5.17583e-18)
(-6.25433 1.00438 2.23505e-17)
(25.7326 5.57741 4.1162e-18)
(25.5312 6.6235 -1.65726e-17)
(24.9644 6.55173 0)
(25.0172 6.40292 4.51754e-18)
(25.1762 6.50441 0)
(27.9139 7.00962 0)
(-1.63738 -3.17152 0)
(27.7872 5.64154 1.88378e-19)
(28.3719 8.31711 0)
(20.7467 9.94882 -3.87923e-18)
(-1.56817 -0.614573 2.17608e-18)
(30.2434 8.08002 6.86959e-18)
(24.62 5.95882 5.16911e-18)
(24.3325 1.31356 -2.48448e-18)
(30.1632 8.30836 1.33117e-18)
(27.538 6.90507 0)
(28.1494 7.80056 -1.39214e-17)
(21.3266 2.79545 3.74895e-19)
(3.60539 1.09091 -2.38339e-17)
(-5.19824 -1.48114 -2.93178e-18)
(19.8004 23.1459 4.5601e-18)
(21.7518 2.77273 0)
(25.1844 6.57379 -7.56706e-19)
(27.2967 5.9209 -6.51528e-19)
(24.7492 2.80976 -3.68819e-20)
(24.7098 2.79821 3.68814e-20)
(26.8482 4.7136 1.09133e-17)
(25.0976 6.6994 -2.0146e-17)
(27.5387 11.3805 -1.21474e-17)
(27.4824 4.75952 0)
(21.974 2.15132 0)
(30.497 8.85956 -7.13718e-18)
(25.0302 6.7872 6.84661e-18)
(23.3407 0.953621 -3.14905e-18)
(26.818 7.51812 -2.33808e-18)
(7.33537 -1.398 -1.42691e-18)
(-1.85717 -0.153451 0)
(20.0731 -0.190262 8.62152e-18)
(-7.66468 1.99538 -5.52972e-20)
(28.0846 9.80595 0)
(25.2681 3.10615 3.08299e-21)
(21.042 2.93352 -6.80807e-18)
(22.8252 2.80234 -3.62831e-18)
(25.3239 2.84871 2.91862e-20)
(30.3224 5.46389 0)
(11.5776 4.57068 -1.43345e-18)
(25.5939 7.34336 -6.94696e-19)
(30.3528 8.85649 -5.72756e-18)
(28.4087 8.0985 0)
(24.3656 5.92304 0)
(22.0515 0.600038 0)
(24.8482 6.46581 6.61064e-18)
(27.486 6.58024 -4.34065e-17)
(19.7721 9.58144 2.76848e-18)
(23.4803 3.62899 4.34802e-18)
(23.3478 1.65093 -1.38931e-18)
(21.9685 4.30939 -4.45256e-18)
(29.6071 8.00759 -2.35532e-18)
(25.2051 6.51731 -6.92283e-18)
(25.4277 8.49258 7.22047e-18)
(25.1233 6.53386 9.15529e-18)
(26.1847 5.39734 2.42618e-18)
(21.8196 12.9084 0)
(8.75005 0.801081 -5.7915e-17)
(25.3589 3.70355 3.8345e-19)
(19.0055 -0.488563 0)
(22.7463 6.89131 0)
(26.1078 5.13764 0)
(20.9197 10.0829 3.06402e-20)
(29.3629 8.01908 3.25085e-18)
(27.8111 5.74843 0)
(21.9699 14.2052 1.60068e-19)
(28.8478 8.04573 -3.57431e-18)
(29.5048 7.98943 0)
(25.9975 6.18984 8.16465e-18)
(26.4837 9.8894 0)
(26.2003 7.50789 -1.28002e-17)
(22.4009 6.22214 0)
(25.9183 6.41953 -6.08104e-18)
(19.4571 5.39689 0)
(30.0048 8.70477 0)
(27.0658 6.99027 -1.08878e-17)
(23.1807 5.88461 1.53627e-20)
(25.4978 6.58099 7.83253e-18)
(-4.90543 2.39946 0)
(8.90472 5.6155 -7.79853e-18)
(25.2065 6.69823 1.45038e-17)
(25.1113 6.74031 -2.75034e-18)
(25.3097 3.64125 0)
(21.3645 0.416572 -4.03925e-19)
(31.8462 6.81591 -5.0834e-18)
(29.083 8.39867 -9.82194e-18)
(33.4768 20.5878 -7.41532e-18)
(29.1766 7.9724 -9.19112e-18)
(5.11296 5.58874 6.57685e-18)
(3.82737 -2.31197 -2.46263e-17)
(22.6613 12.1147 -4.49066e-19)
(28.5689 4.70632 3.8438e-18)
(25.169 6.51167 7.19132e-18)
(26.4218 3.4916 -9.13098e-19)
(24.9412 2.79942 0)
(24.9218 2.82756 0)
(25.0373 6.51603 -3.93983e-18)
(12.9717 4.59569 -5.95586e-18)
(23.4697 4.19594 -8.14158e-18)
(23.6106 4.06723 0)
(24.0344 5.46978 2.73894e-21)
(22.8792 1.75989 3.72969e-18)
(25.0236 6.41134 -5.93396e-18)
(24.9832 6.38068 0)
(25.0671 6.80695 0)
(25.4494 4.72511 0)
(27.4047 4.35975 0)
(19.886 12.0851 -2.06229e-18)
(27.27 5.77011 7.89693e-18)
(27.7584 5.53895 -3.55897e-19)
(28.9225 7.89547 1.05894e-17)
(-5.006 -3.08473 0)
(27.7256 5.50589 1.74785e-19)
(27.9278 6.7084 0)
(21.4312 3.89489 0)
(26.0548 3.27761 -5.03073e-19)
(25.1336 6.72371 1.37911e-17)
(25.1364 6.71607 -7.6451e-18)
(28.4161 5.63743 2.01508e-17)
(23.1643 1.89459 0)
(29.5995 7.99839 4.64796e-18)
(29.6906 7.98301 3.71555e-18)
(29.1831 26.0194 -1.16495e-17)
(28.6427 8.45476 -6.55446e-18)
(25.0927 6.7919 -2.59951e-18)
(26.1823 3.39531 6.04988e-19)
(26.9509 12.7286 -2.00999e-18)
(23.3287 4.36122 1.54237e-17)
(-0.833738 0.195009 1.58829e-17)
(21.1737 7.59121 -4.90568e-18)
(25.2497 6.9032 0)
(17.6153 6.63052 1.21725e-17)
(25.2866 6.98127 0)
(31.3379 7.49271 -3.94488e-18)
(25.9349 8.72372 1.12642e-17)
(29.7037 8.33003 -4.81141e-18)
(28.4835 7.83349 -8.87596e-18)
(26.0766 5.81657 0)
(25.0529 5.77776 -5.49342e-18)
(19.3936 -0.407924 1.39333e-18)
(25.1366 6.52717 -1.40918e-17)
(25.0951 11.7882 0)
(29.6895 7.98371 -3.16544e-18)
(26.4331 9.22956 1.69702e-17)
(25.1052 6.71889 0)
(19.42 15.0875 -1.15407e-18)
(28.0277 5.64746 0)
(20.6597 3.62408 0)
(34.9501 10.3368 7.77572e-18)
(25.1858 9.20014 -7.59486e-18)
(25.1389 6.81537 -5.58711e-18)
(24.9299 5.75761 -7.77498e-18)
(27.1515 5.86859 -4.14956e-17)
(23.0539 9.24282 -5.57367e-18)
(26.3697 4.02836 1.47569e-18)
(-7.92561 -3.59037 -2.73468e-18)
(21.3823 7.45835 -9.75729e-18)
(7.95771 2.38754 3.00006e-18)
(26.7564 8.61042 2.33062e-17)
(24.8012 6.49068 0)
(26.1827 7.39888 1.09655e-17)
(23.2016 4.53016 0)
(18.5683 -0.281049 8.76049e-18)
(29.1451 8.37337 7.77094e-18)
(30.5752 8.61165 4.31283e-18)
(25.192 3.11552 1.00183e-18)
(21.6187 2.75231 5.35803e-18)
(21.4006 8.64642 -6.50713e-18)
(23.2566 10.2123 -1.52012e-18)
(29.1715 10.6531 -8.67781e-18)
(29.781 8.29628 0)
(29.624 8.00486 7.15143e-18)
(28.6141 8.76942 0)
(29.5571 8.04919 2.45578e-20)
(29.6108 7.95521 -3.60007e-18)
(27.6687 11.2234 0)
(0.836702 1.26766 3.07583e-18)
(29.9102 8.72492 5.26827e-18)
(28.2787 9.14933 0)
(25.1996 6.58116 -3.85543e-19)
(24.942 3.14825 0)
(27.4347 4.87908 3.10035e-18)
(29.2507 4.64916 1.08892e-17)
(22.8187 1.75368 4.09445e-18)
(26.6294 7.25697 1.14234e-18)
(29.2727 8.33367 0)
(30.1816 8.33276 0)
(27.3917 5.67202 0)
(26.4483 6.06987 0)
(28.7384 11.2982 8.86244e-18)
(1.13824 -2.59759 1.68104e-18)
(14.9576 3.33431 -8.40448e-18)
(26.8413 9.58373 0)
(5.57157 0.439021 9.45546e-19)
(24.0369 6.41587 -3.13503e-17)
(27.5596 4.42178 -7.93717e-20)
(27.4804 4.35649 3.78675e-20)
(24.2815 9.919 0)
(29.7145 8.3534 4.89631e-18)
(22.5909 1.89033 -3.93453e-18)
(29.6844 7.98105 0)
(25.8897 5.24275 4.52038e-18)
(29.6621 7.97055 3.84216e-18)
(30.0994 8.08996 0)
(24.7543 8.1113 5.34467e-19)
(27.6916 5.61319 -1.99882e-18)
(27.2174 11.0333 0)
(29.3467 7.83131 2.195e-18)
(28.5371 7.6 -1.10511e-18)
(28.5795 7.40332 0)
(23.0964 4.72249 3.09967e-18)
(22.317 6.41572 0)
(-3.34506 -3.73012 0)
(24.0566 3.45055 0)
(25.285 6.46237 -7.3671e-18)
(29.3228 3.47286 -8.84908e-18)
(28.2572 7.72464 3.81697e-18)
(24.8622 5.17616 0)
(32.9415 12.4109 -7.21804e-18)
(23.6642 2.48853 5.22189e-18)
(24.8307 6.423 0)
(20.0327 10.0824 0)
(26.1388 3.91735 0)
(19.6869 5.85397 -8.07578e-18)
(28.108 7.85482 0)
(27.1758 7.30802 5.82547e-18)
(-0.231668 0.0348964 -2.60676e-18)
(25.4156 7.16632 0)
(19.8827 10.046 -7.84315e-18)
(0.359645 -0.901753 1.0596e-17)
(30.3931 8.80042 0)
(23.6675 11.9457 1.08711e-19)
(29.7012 8.0029 1.07023e-18)
(20.3613 4.91761 0)
(22.4113 3.07239 0)
(24.5519 5.10057 0)
(30.1897 8.3225 0)
(11.3412 2.84429 -7.16791e-21)
(25.1714 6.51789 -1.31782e-18)
(21.7835 7.87156 1.20319e-17)
(28.9772 11.0315 0)
(28.5842 7.89554 -5.45236e-18)
(30.602 6.80367 -8.42774e-18)
(24.9788 6.66251 0)
(28.2751 7.52341 0)
(-5.78452 1.50247 0)
(29.2461 10.5121 2.9055e-18)
(24.899 1.52468 1.04227e-18)
(20.1345 9.96381 -2.40634e-18)
(-5.50941 1.66784 2.27381e-17)
(29.3309 8.31479 3.25409e-18)
(-2.61008 0.156818 -3.23995e-18)
(25.3361 6.7095 -1.83041e-18)
(24.9678 1.54688 1.05681e-18)
(20.8375 23.3536 1.07035e-17)
(26.3896 6.37186 0)
(24.868 6.49961 0)
(25.0481 6.69334 0)
(27.7071 6.22758 -5.48006e-18)
(24.1338 3.23639 -4.02693e-18)
(23.5455 1.86558 -2.62354e-18)
(25.7265 6.25951 1.54303e-17)
(23.8149 6.11852 0)
(31.6083 8.42005 -1.00806e-18)
(27.8354 5.86267 -3.17229e-18)
(22.5866 5.7634 -2.6471e-17)
(25.0324 6.29114 1.15538e-17)
(25.7263 6.79954 -9.46647e-18)
(19.2655 5.22777 8.93637e-18)
(30.0197 8.74857 0)
(29.7525 8.08707 -1.75488e-18)
(23.0957 13.5743 4.63493e-19)
(26.6341 4.63498 -2.49759e-18)
(29.861 15.2999 4.2625e-18)
(22.323 9.44014 -8.78118e-18)
(26.9741 2.09171 0)
(27.5213 8.17335 -4.57538e-18)
(23.3004 14.5806 0)
(23.4005 10.3991 -4.70316e-22)
(21.5339 4.896 -9.13364e-18)
(27.9056 8.88968 -8.30195e-19)
(20.903 5.05636 0)
(19.9284 4.90018 4.13086e-18)
(25.2453 6.55527 -2.83482e-18)
(29.4465 7.88304 0)
(25.3503 6.80627 2.84261e-18)
(24.0639 7.05303 1.31863e-17)
(25.1563 6.82494 5.63494e-18)
(25.1738 6.76153 0)
(25.0221 7.29161 0)
(27.0198 3.67867 0)
(28.6708 15.7459 3.75947e-18)
(30.7538 16.8493 9.7099e-18)
(11.6481 5.45063 -3.67423e-18)
(24.1698 15.9995 0)
(23.796 15.5234 -2.90343e-18)
(23.9838 1.26519 1.0223e-18)
(22.4933 12.8453 0)
(28.3206 6.10506 4.22434e-18)
(21.6498 0.969286 -9.2635e-18)
(24.964 6.77902 -1.31395e-17)
(30.242 8.12199 5.4509e-18)
(25.6164 3.1391 -3.25876e-22)
(22.797 11.6624 1.55341e-19)
(25.3151 6.42203 -8.20496e-19)
(27.0569 3.77513 2.0548e-18)
(2.28298 0.153743 -2.31137e-18)
(19.6638 5.9674 1.19465e-17)
(27.3832 6.90248 4.08345e-21)
(7.75053 4.56717 3.76541e-18)
(26.2245 1.9015 9.78171e-19)
(24.482 3.84108 0)
(17.7756 1.18042 2.12525e-18)
(25.146 5.36238 2.3646e-18)
(26.427 6.50488 4.37295e-17)
(28.8711 8.38037 -1.13134e-17)
(24.177 1.25266 0)
(22.5889 5.54457 0)
(25.0584 6.68057 2.28719e-17)
(29.5762 7.93745 -3.27736e-18)
(-2.39339 1.65019 -3.0407e-17)
(24.5911 8.67373 -5.72917e-20)
(10.9769 5.04223 0)
(28.2108 10.2671 -1.43834e-17)
(-1.59273 1.48811 0)
(25.9164 3.30702 -2.25086e-19)
(29.8253 8.3748 9.85125e-18)
(29.0827 10.8881 3.00207e-18)
(28.846 7.55542 2.63225e-17)
(1.28144 -0.0937214 -4.53245e-18)
(25.1813 1.73617 -5.33189e-19)
(25.4716 6.23807 -8.16907e-18)
(28.9163 9.13891 6.23286e-18)
(25.2773 6.53352 5.63284e-19)
(29.9211 8.76822 0)
(16.0963 1.84801 0)
(28.2277 7.67458 -1.65389e-17)
(25.1728 5.82515 -2.92976e-18)
(29.5906 8.08706 -2.40728e-18)
(26.9326 8.46887 -3.59414e-17)
(20.0948 7.03354 -7.12003e-18)
(21.1847 5.39168 0)
(27.8183 10.6499 1.88642e-17)
(9.45436 1.77733 0)
(18.926 9.09835 0)
(22.949 2.74042 -3.54007e-18)
(20.1113 8.44964 -1.30066e-17)
(-8.2854 -3.45729 0)
(19.0518 9.37865 0)
(21.6912 4.77724 1.29968e-17)
(30.0774 3.30235 -4.78434e-18)
(29.6984 8 0)
(26.1176 3.39201 3.43967e-20)
(23.7783 6.87131 2.49839e-17)
(24.8253 2.8285 -1.1579e-18)
(25.12 6.42582 6.83949e-18)
(2.94189 2.28397 0)
(22.3276 3.15919 1.20365e-17)
(2.81431 0.546642 0)
(1.86572 0.390607 8.49599e-18)
(27.5414 8.38093 0)
(21.7192 3.19591 -7.97432e-20)
(27.684 5.80852 2.43858e-18)
(9.71864 5.61036 3.48195e-18)
(21.2607 0.214621 -6.53128e-18)
(30.1441 8.97803 -6.8222e-20)
(29.3872 9.59012 0)
(19.3945 9.89574 -6.00495e-18)
(30.0685 8.17903 0)
(30.0054 8.17019 0)
(24.4267 1.31158 1.85518e-18)
(25.4317 6.47102 1.70258e-17)
(30.1445 7.93449 1.30323e-17)
(35.7104 11.0628 -5.15195e-18)
(25.0156 6.37809 0)
(22.0375 2.15456 0)
(23.9229 6.87251 -1.6902e-17)
(17.5456 4.58587 -1.28437e-18)
(-0.582371 -1.05616 -6.46543e-18)
(24.3248 7.80396 -7.05957e-18)
(-0.232768 -1.72621 -2.08988e-18)
(22.2423 3.26088 0)
(26.0509 3.39295 4.02402e-19)
(24.7761 6.74344 -1.93613e-17)
(27.097 3.763 -1.87104e-18)
(26.1245 3.21292 -7.82472e-20)
(24.3366 8.19547 -1.90412e-18)
(20.1977 8.64075 0)
(26.7944 8.32826 5.05838e-18)
(25.9741 3.38254 -1.97517e-20)
(28.4542 7.59923 -7.9055e-18)
(25.2166 6.21214 -7.07446e-19)
(29.0139 8.37691 -1.27357e-17)
(25.2494 6.48643 7.23749e-18)
(21.4586 0.279093 1.14521e-19)
(29.7622 8.31849 0)
(22.6749 11.6276 -8.88382e-19)
(25.8973 3.38527 -4.11416e-19)
(25.0359 6.47343 0)
(-4.71886 -3.39918 0)
(25.5572 3.15241 1.38625e-19)
(26.8683 7.84649 -6.30653e-18)
(25.4892 3.15498 0)
(30.4812 10.921 6.85008e-18)
(30.1228 8.38786 0)
(25.8149 3.38784 0)
(27.9211 6.34949 -2.15137e-19)
(25.6695 7.45357 -2.36019e-17)
(24.8036 7.14926 0)
(22.1643 3.35653 -7.62687e-18)
(25.0391 2.73225 0)
(24.9802 2.74591 0)
(21.2942 4.408 -3.45704e-18)
(29.5976 10.1507 -3.35975e-18)
(25.3118 11.8059 0)
(25.4137 3.16058 5.07924e-19)
(28.5899 10.2155 -6.17414e-18)
(11.3517 2.44048 0)
(9.50569 1.95717 0)
(25.6147 10.9753 0)
(21.47 3.26114 -5.5903e-18)
(28.2352 10.9896 8.21573e-18)
(21.9582 6.54456 6.828e-18)
(24.771 1.61289 -1.03206e-18)
(25.0681 6.74507 2.26173e-17)
(-4.63819 -3.2943 0)
(12.4452 4.40439 8.99079e-19)
(15.4675 5.35606 3.32972e-18)
(8.55591 4.90055 -3.72386e-18)
(30.1292 8.46538 -5.31641e-18)
(30.1773 8.46017 9.27184e-18)
(28.7211 8.36941 6.91927e-18)
(20.2519 4.91652 6.94728e-18)
(29.9241 8.19043 1.75731e-18)
(20.3831 5.11629 0)
(24.6405 6.51561 -2.78902e-17)
(29.4325 7.89135 1.13483e-17)
(18.2788 8.43374 -8.60044e-18)
(22.5982 1.66935 4.47952e-21)
(22.7037 1.63166 2.59507e-19)
(20.7146 4.36744 1.01401e-17)
(23.7373 3.32982 -2.58009e-18)
(5.52645 -1.89983 0)
(5.97264 1.01363 0)
(21.8642 3.7479 0)
(25.6014 3.0324 0)
(26.0906 9.40735 1.29319e-17)
(23.7422 3.63357 1.96153e-18)
(25.2866 10.7419 0)
(26.9773 9.40713 0)
(26.0802 9.00964 0)
(28.3929 10.8609 3.63484e-18)
(-1.7152 -0.241477 0)
(-6.84595 -4.352 0)
(20.7012 3.19716 0)
(20.6246 3.34329 6.82097e-18)
(24.6654 6.34963 0)
(20.2897 4.34761 -8.35972e-18)
(23.1376 10.0118 -6.06702e-18)
(23.7623 3.97241 -6.24155e-18)
(28.24 8.49163 0)
(24.9971 6.38966 1.32663e-19)
(25.6457 6.25711 0)
(19.868 4.81134 -7.61733e-18)
(26.1669 1.90649 3.97607e-19)
(18.6207 10.1012 2.9234e-20)
(24.5927 9.54531 0)
(22.5944 2.68619 -4.17677e-18)
(28.3891 7.37372 6.89966e-18)
(29.5505 8.00698 2.25871e-18)
(-5.69097 -3.62958 4.50037e-18)
(30.0792 8.16533 -3.51445e-18)
(29.4476 7.94527 -4.20907e-18)
(22.7553 2.86736 -2.74948e-20)
(15.4767 6.42178 -2.64886e-18)
(33.6637 7.9427 1.46153e-17)
(22.0252 0.763482 0)
(27.5768 6.67318 -1.19252e-17)
(29.0923 8.05123 -8.50835e-18)
(26.194 1.98897 9.31589e-20)
(29.5222 7.94364 -3.31588e-18)
(28.3034 8.26057 1.92314e-17)
(27.2975 9.25429 8.6668e-18)
(25.0642 6.76783 -7.89704e-18)
(29.2058 8.31507 -5.53502e-18)
(20.7065 4.55932 -1.48892e-17)
(26.1505 12.2715 -3.15997e-18)
(27.6609 6.91416 -2.45555e-17)
(26.3129 7.41853 -9.0377e-19)
(27.9111 10.4585 8.71378e-18)
(25.1511 7.26472 3.00345e-18)
(28.7074 17.8832 -8.70915e-18)
(30.0761 8.76195 -6.90287e-19)
(17.9423 26.6522 1.24577e-18)
(25.0193 5.60039 0)
(25.1115 3.55444 2.56458e-20)
(26.5428 8.04953 -1.2349e-17)
(24.8498 4.33894 -6.04809e-20)
(28.6744 3.6406 -3.60908e-18)
(27.2393 4.26277 9.50388e-19)
(26.7867 4.04261 -2.04752e-18)
(25.1503 7.10746 0)
(0.23796 0.25456 0)
(24.1638 5.62556 5.23287e-18)
(26.3455 4.22056 0)
(28.2375 8.81948 2.93495e-17)
(24.5202 4.05969 4.47439e-18)
(24.2927 2.8321 1.60367e-18)
(23.5184 3.18884 -1.66794e-18)
(20.0645 -0.0496756 0)
(25.2152 6.8685 6.44959e-18)
(28.4743 7.79387 0)
(25.2567 6.48766 5.18435e-19)
(30.0631 10.9407 6.49824e-18)
(29.2688 8.82798 9.04404e-20)
(27.072 8.59814 -1.48715e-17)
(22.0919 3.58041 0)
(23.6994 3.13793 -6.59542e-18)
(30.4852 8.64212 1.45465e-18)
(19.3464 9.3763 -6.40026e-18)
(23.5996 2.60181 2.77031e-18)
(21.4178 3.61597 -9.79649e-18)
(21.0623 10.4868 3.45783e-18)
(24.7254 12.344 1.91872e-18)
(23.8371 2.69923 -2.66746e-18)
(23.8381 12.1642 0)
(23.7353 3.08526 3.32087e-18)
(21.5989 0.436506 0)
(25.3485 7.67556 -1.04703e-17)
(27.6829 6.87265 4.47965e-18)
(27.5333 6.71942 0)
(27.9404 5.19892 0)
(27.04 4.05289 -8.07166e-19)
(15.8471 4.22347 0)
(24.7685 2.92204 0)
(25.0256 6.32568 -6.1304e-18)
(25.73 1.88043 2.09292e-19)
(27.1161 8.13963 0)
(23.708 7.63952 -6.91184e-20)
(21.2761 3.16391 8.67229e-18)
(25.1065 6.47988 5.45172e-18)
(28.4683 8.07412 0)
(25.193 6.59951 -2.08223e-18)
(28.9553 9.24343 -2.60265e-18)
(24.8129 6.41275 3.81626e-20)
(29.1872 8.92069 8.80528e-18)
(25.7748 3.14829 0)
(24.5152 14.5221 0)
(24.2703 6.48493 2.26213e-17)
(27.168 7.14354 -1.29118e-18)
(29.273 7.95365 -1.1368e-18)
(27.4353 4.19983 -3.35571e-19)
(26.447 4.14209 1.70729e-18)
(19.6186 9.36402 2.95387e-18)
(24.4533 3.05815 -2.22722e-18)
(25.021 6.52702 -1.72487e-17)
(26.2529 4.29776 8.67132e-20)
(25.0765 1.6197 4.32699e-19)
(27.2553 4.83585 1.94432e-18)
(23.0091 3.70228 -6.22663e-18)
(25.4625 8.60036 -2.96201e-18)
(20.569 7.56913 0)
(23.5528 11.6196 -3.60639e-19)
(9.3149 3.74794 0)
(23.7831 8.96459 7.6559e-19)
(29.531 8.31334 0)
(25.7584 8.1706 -7.78971e-18)
(29.9775 8.78476 0)
(26.6734 7.16896 0)
(26.9291 13.9868 0)
(29.792 8.53264 -1.46322e-18)
(29.7068 7.99834 9.01903e-18)
(22.9488 11.3501 1.10691e-19)
(29.6213 7.96042 -4.05289e-18)
(29.853 9.21793 3.48432e-18)
(3.27176 -1.98987 0)
(24.5844 6.86493 0)
(24.1312 6.3271 1.48484e-17)
(29.3803 8.26961 1.66509e-18)
(24.452 2.76778 1.54307e-18)
(24.4115 2.75848 0)
(25.5772 6.58787 0)
(25.5656 6.45858 -1.48323e-18)
(5.74016 5.59018 -3.2621e-18)
(22.61 5.31957 0)
(26.8303 6.49928 4.51444e-18)
(30.0387 8.0921 -5.35158e-18)
(23.466 6.15907 1.98164e-18)
(25.0009 6.65272 2.71606e-17)
(24.4637 2.96867 2.02684e-20)
(27.7017 10.8367 9.56983e-18)
(30.1492 8.57442 -5.50945e-18)
(-0.258186 -1.07887 -4.24076e-18)
(22.4829 4.75339 -9.67942e-18)
(27.7768 2.30287 3.7012e-18)
(24.4428 3.15583 4.06935e-18)
(21.8173 8.7299 0)
(25.1044 6.75172 0)
(21.4321 10.6116 2.01803e-18)
(25.1129 6.08372 1.92776e-18)
(22.1039 3.22604 2.66689e-18)
(20.7073 5.9131 1.32672e-17)
(23.0521 2.72901 -3.04245e-18)
(22.8321 6.7839 2.21431e-18)
(31.159 10.3798 0)
(28.8855 8.18361 0)
(-0.986072 0.187448 2.23662e-17)
(29.5951 8.22667 1.16606e-18)
(29.7028 8.02138 -9.68721e-19)
(30.0087 9.6229 -2.04511e-18)
(17.7685 9.46487 0)
(17.98 9.85422 8.1317e-18)
(22.6815 2.93643 3.50376e-18)
(6.14464 4.56344 0)
(17.8764 20.1752 -2.84535e-19)
(23.9985 12.063 0)
(27.3077 5.08675 0)
(29.71 9.39867 0)
(25.0515 6.67402 -3.56912e-17)
(29.5884 8.43868 1.11757e-18)
(30.2529 8.40514 -4.01163e-18)
(23.6271 1.6479 0)
(30.418 22.5033 2.17327e-17)
(26.4643 4.8167 -3.24153e-18)
(22.6067 3.01361 0)
(25.0075 6.41457 -1.21004e-18)
(22.5271 10.1473 -3.63262e-18)
(22.6901 3.3357 0)
(27.8514 5.9835 -3.4244e-18)
(23.9529 2.71351 0)
(29.7796 8.02151 2.20409e-18)
(23.169 2.6821 3.19193e-18)
(25.1075 8.23305 -2.80536e-18)
(24.7018 6.35903 0)
(23.1933 6.62856 -2.31124e-17)
(24.7519 2.8744 0)
(30.1188 11.9829 -1.67957e-18)
(25.0053 6.36386 6.41322e-19)
(21.3595 5.23921 2.5211e-18)
(6.00271 5.5377 1.87783e-21)
(29.6709 8.08276 2.83089e-19)
(-0.811407 -0.65391 -2.83199e-17)
(27.0885 7.93182 1.81359e-17)
(-0.371547 -0.698641 0)
(25.0681 6.79069 0)
(25.2461 6.73576 -1.00063e-17)
(24.6396 5.8405 0)
(25.2056 3.65094 2.92807e-19)
(-4.21474 -3.80384 0)
(29.2477 7.97905 5.38626e-18)
(1.04096 0.281149 9.46728e-18)
(-1.9756 0.156773 -2.42349e-17)
(25.1045 6.59783 -2.21004e-17)
(21.6862 7.66028 0)
(18.1401 6.69833 1.70558e-17)
(15.1017 4.84194 -2.67085e-20)
(25.6626 6.92009 0)
(-2.12989 0.145699 0)
(21.3974 4.79299 7.40947e-18)
(30.6202 8.79566 7.69953e-18)
(22.5031 3.54536 -9.5196e-18)
(29.4869 7.88851 -8.58676e-18)
(29.6593 8.30539 0)
(25.3126 3.75576 2.22018e-19)
(25.312 6.82497 0)
(24.1238 6.97446 -2.64707e-18)
(25.1496 6.52322 -1.17401e-17)
(29.7827 9.10358 0)
(29.6594 8.00819 0)
(29.6689 8.01515 -4.03108e-18)
(29.6224 9.14275 0)
(22.8132 9.78451 -1.26052e-18)
(20.3808 6.20998 3.82726e-18)
(25.4292 6.29668 6.50787e-19)
(22.8908 12.0506 -2.34127e-19)
(25.4064 3.86471 0)
(-7.2923 2.33012 -8.5202e-18)
(-7.55724 2.25995 1.1706e-17)
(22.3917 3.53069 -3.5023e-18)
(5.15736 3.56258 4.07438e-18)
(25.089 6.78069 -4.58391e-18)
(28.2439 6.12348 -2.70831e-19)
(29.3263 8.12613 2.66378e-18)
(27.7351 6.01215 0)
(22.5735 2.58648 0)
(23.0634 8.14987 0)
(24.9999 6.42194 1.31741e-18)
(25.0413 3.33958 0)
(30.3761 6.22947 2.563e-17)
(27.0234 3.56792 1.83297e-18)
(24.9329 6.44606 1.32252e-18)
(24.6294 3.79008 3.66755e-18)
(23.5346 8.60568 4.20936e-18)
(25.4506 6.43307 0)
(29.0024 7.9027 -4.28052e-18)
(7.9377 2.24642 -2.97007e-18)
(16.1567 4.04242 -1.38072e-18)
(11.081 8.67548 1.08625e-17)
(-6.96996 -3.98765 0)
(-7.8434 -4.13953 -4.2649e-18)
(25.3724 9.77713 1.18316e-17)
(19.5757 12.4159 6.22295e-18)
(18.0606 -0.607847 7.1461e-20)
(25.7594 1.80197 -2.01441e-19)
(25.5337 11.8022 0)
(25.6857 9.21948 6.47718e-18)
(35.4757 10.2256 -2.60667e-17)
(24.5356 7.56278 -1.07314e-17)
(28.6582 6.99247 0)
(28.6356 7.21165 5.95239e-18)
(28.7931 11.0149 5.6295e-18)
(30.464 8.80266 7.10576e-18)
(22.3209 10.6104 0)
(28.3651 10.1021 4.68907e-18)
(23.0564 8.3837 0)
(27.0956 9.22699 -1.11413e-17)
(25.1617 6.70094 -1.66607e-17)
(25.189 7.06957 -4.05669e-18)
(9.36511 4.89839 1.22468e-20)
(30.0939 8.81041 -4.83855e-18)
(21.9717 3.01626 -4.94969e-18)
(19.7494 9.43576 -2.9765e-18)
(25.0514 6.58958 0)
(25.3379 8.69504 -6.69033e-19)
(19.5515 10.8264 1.34728e-18)
(27.7783 6.97105 0)
(-7.18758 -4.35424 -2.62203e-18)
(20.1694 8.09287 2.77769e-18)
(23.7115 6.13905 4.64495e-17)
(25.0458 6.41784 2.20506e-18)
(29.573 8.89261 -3.51306e-18)
(10.9336 5.27161 0)
(21.8488 3.06925 0)
(29.6643 7.96979 -3.84216e-18)
(19.6086 9.22002 0)
(21.3465 4.22433 1.84557e-18)
(24.6752 6.08238 0)
(28.081 7.05425 1.20667e-17)
(30.2047 8.06483 -1.36268e-18)
(25.1951 6.55175 0)
(27.7836 5.70585 -1.88378e-19)
(22.1339 5.91484 1.13453e-17)
(22.614 2.63271 -5.13883e-19)
(14.6628 4.86335 0)
(15.078 5.06424 -1.5836e-18)
(25.6779 11.2188 5.67818e-18)
(24.0277 2.69204 -2.15608e-18)
(25.0037 6.74943 -1.00858e-17)
(24.9221 7.13335 1.91521e-18)
(26.0404 13.888 -1.39352e-17)
(20.7535 4.20075 3.10135e-18)
(21.5339 5.10618 -1.827e-17)
(27.5376 8.2417 2.29143e-17)
(26.1177 5.73761 -2.91576e-18)
(15.75 1.56228 3.76408e-18)
(21.6885 2.72779 1.71372e-19)
(29.0865 10.7931 -2.96871e-18)
(29.5077 7.96159 -4.23614e-18)
(24.4702 2.88462 0)
(30.3665 9.62706 0)
(-6.45824 -2.30585 0)
(25.0776 6.60032 6.67067e-18)
(29.5206 7.98671 0)
(24.8021 9.59988 8.05754e-19)
(21.6295 0.6079 -8.16389e-19)
(24.5065 6.17179 -5.4736e-18)
(27.6886 10.0656 -6.31472e-18)
(-4.97609 -3.94943 1.68363e-18)
(23.5906 6.39721 1.63504e-17)
(25.2462 6.57577 -1.43927e-17)
(26.2823 12.421 1.92555e-18)
(29.9352 8.09454 0)
(8.57703 4.56785 -2.7916e-18)
(26.7358 7.20349 -1.78848e-17)
(25.5075 3.09251 -8.40606e-20)
(30.8431 8.12997 3.59138e-18)
(3.02087 -1.10444 0)
(28.9274 8.6187 8.9514e-18)
(29.7742 8.00545 0)
(24.9744 6.80242 6.65784e-18)
(5.94416 5.57388 0)
(30.7874 13.1853 0)
(21.3195 10.6432 -7.6161e-19)
(27.7566 5.60487 3.18145e-18)
(20.8689 7.78212 1.22256e-17)
(26.0015 3.20639 -5.94393e-19)
(22.1095 5.4582 0)
(24.8352 6.40165 2.36676e-20)
(-2.18206 -0.0606746 -3.12302e-18)
(25.1576 6.5615 9.76673e-18)
(25.5677 3.53141 3.6059e-19)
(22.7609 12.0159 4.36685e-19)
(25.0053 6.47003 8.58758e-20)
(27.5259 7.03203 -2.15083e-18)
(29.9903 8.83227 0)
(25.0872 4.15392 -1.57952e-18)
(21.0149 3.93616 -1.05633e-17)
(25.1465 7.45985 3.64778e-18)
(24.9641 4.03107 -2.13447e-18)
(27.0198 3.73236 -1.17537e-19)
(25.782 7.88805 3.08949e-18)
(27.8072 6.79824 -2.63531e-18)
(26.5509 7.19212 -4.83636e-18)
(21.6462 3.94709 1.06197e-19)
(19.664 7.04682 1.58002e-17)
(29.1206 9.63677 -3.43272e-18)
(24.6543 1.49412 1.51174e-18)
(27.6927 5.54391 -6.72939e-19)
(22.0298 2.99364 4.81636e-18)
(23.6959 3.54846 -8.10782e-18)
(20.1231 7.88559 2.88906e-18)
(27.5073 5.54331 0)
(29.3355 8.74231 -1.74175e-18)
(25.1389 6.59346 9.98421e-18)
(29.6823 8.2885 0)
(29.5571 8.03815 4.71556e-18)
(23.7099 3.88369 0)
(26.2851 3.42719 -2.15812e-20)
(22.9274 12.1855 0)
(26.0387 8.40195 0)
(25.0981 6.47556 2.00176e-18)
(21.17 3.89891 9.47053e-18)
(25.0722 6.66979 -2.8412e-17)
(-8.1103 -4.42782 -3.81147e-18)
(19.1995 9.47513 0)
(21.8202 7.90797 -2.71819e-18)
(18.4905 5.53311 0)
(25.79 7.77976 2.01117e-17)
(25.057 6.41478 0)
(22.5361 2.69368 4.28342e-18)
(7.38713 1.97346 -3.99896e-18)
(25.2123 6.51856 0)
(16.1426 4.84574 -3.81622e-18)
(26.5857 8.67256 0)
(29.0036 8.5949 -1.38295e-17)
(15.0036 3.06667 -6.85504e-18)
(21.7312 4.96737 -1.58458e-17)
(23.3586 1.70414 0)
(25.5428 12.3704 -2.62357e-18)
(25.8744 7.20966 2.7106e-17)
(19.7736 6.08058 0)
(30.0433 7.00424 1.54639e-17)
(25.5739 10.3663 0)
(26.1548 8.27774 0)
(29.673 8.73186 4.84861e-20)
(19.4889 5.28271 0)
(25.5686 6.80832 0)
(26.6456 4.03937 4.89949e-20)
(26.4187 7.3141 0)
(22.401 10.2043 4.77915e-18)
(23.5961 2.52169 1.72537e-19)
(29.3602 8.12189 0)
(27.1259 6.99728 0)
(5.42166 -0.898242 3.73104e-18)
(30.5802 8.73536 -1.52195e-18)
(26.0475 7.72043 2.42657e-17)
(25.7817 6.33552 1.82938e-17)
(24.9864 1.52171 -1.21831e-18)
(21.9678 0.613 -1.45852e-18)
(24.7978 3.40586 -1.49136e-19)
(24.696 3.31989 5.14713e-18)
(24.9416 6.34275 -1.1863e-18)
(29.7285 10.7116 -1.34088e-17)
(29.5422 8.3977 -1.03043e-18)
(29.5508 10.2142 1.01657e-17)
(26.8575 5.62273 0)
(27.8075 10.9094 -2.74318e-18)
(28.4757 8.65468 2.95464e-18)
(24.8948 3.49043 -1.85241e-18)
(-5.91853 0.871289 -2.5143e-17)
(26.4196 6.85621 5.14264e-18)
(26.0042 3.55515 0)
(28.4569 8.31243 1.03415e-17)
(-1.46248 -1.11027 2.75535e-19)
(29.641 8.51228 0)
(23.8453 12.5048 -1.59002e-18)
(25.4007 3.0029 3.38209e-19)
(24.9112 5.37209 -2.89526e-18)
(26.4004 7.34184 -1.33089e-18)
(-0.973231 -0.521501 1.12302e-17)
(23.5446 1.09533 -1.64414e-18)
(11.8692 17.401 -1.43665e-17)
(-0.0180389 -0.541587 0)
(24.3081 7.87628 4.28269e-19)
(22.6368 10.8248 1.70282e-18)
(27.1688 3.90406 4.20537e-18)
(29.563 8.20069 2.73515e-20)
(25.677 5.76527 -5.03029e-19)
(10.637 5.57223 3.48019e-18)
(23.2541 6.20369 2.72397e-18)
(26.5136 10.9353 6.09645e-18)
(27.1862 9.03675 0)
(5.17718 5.57891 -3.41042e-18)
(22.9367 5.74597 0)
(25.6614 7.37065 0)
(29.3459 7.84533 8.02843e-18)
(4.98814 2.69866 -2.95642e-18)
(24.5302 2.78599 -2.92481e-18)
(28.7131 8.49198 2.6479e-17)
(20.8279 7.54765 9.82537e-18)
(29.6577 8.61507 0)
(30.1548 8.82525 0)
(25.0381 6.6907 0)
(28.6718 4.73182 -3.6989e-18)
(2.41178 -2.63929 0)
(-4.97168 2.143 0)
(26.4662 4.07424 0)
(19.4847 9.1419 -6.73162e-18)
(-1.24401 -2.2758 4.11323e-18)
(9.23107 1.90419 -2.14453e-18)
(-1.10743 -0.505707 -7.81934e-18)
(29.8943 8.15365 0)
(22.0737 6.81398 0)
(29.6827 8.81831 0)
(21.9358 4.86702 6.71698e-18)
(12.0556 2.3598 0)
(10.5727 3.08611 -3.11206e-17)
(23.1525 14.1641 0)
(24.847 6.49109 0)
(18.6859 0.159399 -1.02738e-20)
(-6.70664 -3.8881 1.93361e-18)
(25.7477 11.8203 -3.55436e-18)
(24.2838 6.01902 1.26803e-17)
(25.3683 6.50993 0)
(29.3776 8.16411 7.65091e-19)
(25.4044 5.87291 -5.36379e-19)
(13.7853 3.00538 0)
(29.6857 8.86289 -1.08853e-17)
(1.62143 2.08246 -9.41479e-19)
(24.6985 6.48752 1.84578e-17)
(22.9145 1.71411 -3.96507e-18)
(-2.16514 0.0790829 -1.89362e-17)
(30.1668 8.08549 0)
(26.7916 5.18876 0)
(23.7088 2.91987 0)
(28.7775 7.56449 -1.74707e-17)
(26.7199 2.1237 0)
(23.9099 7.24926 0)
(15.9829 2.84979 1.15824e-17)
(25.3241 7.38073 -4.27873e-18)
(23.453 1.07044 0)
(29.7186 8.09402 0)
(25.4368 3.01583 -2.69001e-19)
(25.0673 6.97406 0)
(-0.314698 -1.10831 7.79543e-18)
(26.0914 7.33439 -4.74605e-18)
(24.5903 6.07133 1.48846e-17)
(29.4059 8.6252 7.2648e-18)
(22.1782 11.8997 -1.69028e-18)
(25.12 6.43712 -1.06677e-20)
(25.0882 6.62601 -2.47532e-17)
(25.0171 6.40679 -1.67674e-17)
(25.6245 6.40371 4.12152e-18)
(19.5252 5.06357 -1.00071e-17)
(9.17049 -0.885272 1.23638e-17)
(24.4684 7.82025 2.41831e-18)
(-8.14084 -4.13203 -2.95227e-18)
(24.3185 6.46867 0)
(21.6748 9.16879 -7.11726e-18)
(25.1314 6.47497 0)
(24.7366 6.59258 0)
(20.8543 3.97908 -4.39389e-18)
(25.1192 6.41558 -1.40034e-18)
(21.6588 7.42403 0)
(25.3641 6.5505 0)
(30.0501 8.84996 6.24773e-18)
(25.0075 6.67407 -3.26701e-17)
(25.4066 6.44136 -1.96107e-18)
(29.8566 8.26819 0)
(24.5761 6.79593 -7.33769e-18)
(29.7265 8.00614 0)
(29.7463 8.00759 0)
(27.8038 5.81739 3.25784e-18)
(36.1526 15.0264 0)
(13.5612 0.649 -2.83012e-18)
(22.9921 7.11042 -7.40488e-18)
(-3.80526 -3.86427 -1.41985e-18)
(23.909 5.99567 -5.72414e-18)
(22.7924 1.69778 -3.69087e-18)
(25.877 5.45617 6.01327e-18)
(26.9064 6.54026 -5.74336e-17)
(24.0928 6.80206 -4.98753e-18)
(26.2929 3.72689 1.16024e-18)
(22.1536 4.7955 -9.11426e-18)
(25.4306 6.26162 0)
(20.9113 0.671103 -6.72519e-18)
(20.7718 0.493966 0)
(28.9855 8.72524 -1.24331e-18)
(15.1354 1.38593 1.32153e-18)
(20.0877 7.67712 -5.89247e-18)
(29.6527 8.58077 0)
(29.5535 8.00075 -6.75557e-18)
(29.0641 8.70746 5.64729e-18)
(25.5898 5.61168 0)
(28.4794 7.90891 -5.61181e-19)
(27.949 11.7951 -4.25551e-18)
(27.7428 11.4567 1.59024e-18)
(27.1221 10.1214 -1.21519e-17)
(24.8387 12.5549 -2.25288e-19)
(20.7294 8.93703 0)
(6.71626 3.0045 -4.02572e-18)
(24.7656 6.14979 1.07937e-17)
(23.4845 7.53169 -2.5557e-17)
(22.5937 10.3738 -2.05661e-19)
(24.2484 3.20631 4.84519e-18)
(22.6914 12.261 0)
(4.89651 2.41991 -1.0096e-18)
(31.2279 7.61349 9.06631e-21)
(25.2145 6.53265 0)
(9.37925 4.73273 0)
(24.9691 9.29748 0)
(25.421 6.42988 -6.0219e-18)
(23.4785 5.8811 -6.45706e-18)
(28.1134 6.30355 -2.1365e-18)
(30.2063 8.14332 -8.03002e-18)
(24.1828 4.11779 -5.2082e-19)
(-5.55413 0.24484 -1.51592e-17)
(28.2252 5.54276 -2.73063e-17)
(25.4804 6.94325 -1.02393e-17)
(29.575 8.13893 0)
(25.2276 6.16936 0)
(24.8152 6.77129 -1.98965e-17)
(26.9257 7.15445 -7.53441e-18)
(19.3968 5.19543 -8.71987e-18)
(20.6469 3.53126 3.3393e-18)
(10.229 4.73297 0)
(25.1788 6.4975 -5.18514e-18)
(-1.58867 0.163603 -2.54666e-17)
(-5.46645 -2.5644 1.53994e-17)
(21.4631 3.97755 0)
(24.7949 6.41138 0)
(26.7466 11.9146 -4.54782e-18)
(20.8192 3.90311 -7.55894e-19)
(22.4204 2.7184 -4.13267e-18)
(21.2611 9.77229 -7.5194e-19)
(25.6474 11.9714 5.07658e-18)
(25.8621 11.2716 -1.00938e-18)
(22.4864 5.30273 -8.62044e-18)
(10.4685 -0.264403 0)
(24.0217 9.24848 0)
(24.1907 2.96032 0)
(19.5696 6.16824 0)
(24.7522 6.63839 0)
(0.651565 1.306 5.14371e-18)
(22.7231 9.54806 0)
(25.3436 4.86593 0)
(21.2155 4.091 -8.63908e-18)
(25.4921 3.44452 3.01291e-19)
(26.2207 5.61238 -5.13036e-18)
(26.9089 4.4441 -4.31635e-18)
(24.84 3.91596 -7.24502e-19)
(25.2206 7.26178 0)
(25.1552 6.60248 -1.20077e-17)
(24.1542 3.93394 -4.56943e-18)
(17.7954 7.00816 2.2618e-18)
(20.9188 3.29481 -4.1188e-18)
(25.4784 4.05202 0)
(24.991 6.40942 4.1834e-18)
(33.6041 12.6018 -7.75283e-18)
(23.7309 1.7309 0)
(25.0192 6.40974 -8.04196e-18)
(30.6193 8.66687 -4.48187e-18)
(28.1937 9.08776 0)
(27.9187 6.48792 0)
(29.5449 7.92216 -6.43062e-18)
(3.77473 2.35647 6.20002e-18)
(22.721 1.79438 -4.04214e-18)
(24.8905 6.69619 0)
(29.7532 9.68245 -2.96725e-18)
(29.1919 9.71478 -3.43361e-18)
(19.3942 12.2502 -4.33782e-18)
(23.794 2.96581 -1.07768e-19)
(22.179 3.03273 0)
(30.2808 8.19012 2.27234e-20)
(27.8604 6.10389 0)
(24.9728 3.06109 -7.34663e-19)
(-6.66607 0.777205 0)
(24.1672 1.3433 2.18194e-20)
(24.2044 1.41807 -1.9707e-18)
(25.1141 6.76599 -7.71101e-19)
(24.3394 6.31856 1.79206e-17)
(7.35409 -0.228493 -7.02111e-18)
(27.427 4.69037 0)
(18.1759 8.2806 7.86291e-18)
(27.2563 8.84492 -1.96408e-17)
(23.5214 7.82685 0)
(17.544 -0.709496 0)
(25.0369 6.35515 -4.31551e-18)
(19.6387 6.29817 0)
(25.1101 6.74227 1.94685e-18)
(25.1346 6.61962 0)
(26.6504 3.60243 1.30753e-18)
(23.9026 3.02848 -2.70313e-18)
(24.6614 6.33224 0)
(22.976 11.0023 -7.50198e-19)
(22.9846 6.60634 -2.91451e-17)
(29.8398 10.7316 7.15288e-18)
(25.6158 1.77056 -2.50487e-20)
(19.9538 -0.306726 -1.72405e-17)
(24.9052 7.20195 1.64008e-18)
(30.5354 8.67069 1.44439e-18)
(26.7898 5.47416 -2.79482e-18)
(29.7456 8.00396 0)
(25.2054 6.54457 -3.11165e-19)
(-7.07434 -2.97256 0)
(3.48307 -0.853867 0)
(28.7146 9.34465 -1.01736e-17)
(25.1613 6.52051 9.26479e-18)
(22.5508 11.4767 9.94506e-19)
(15.3567 6.50124 0)
(23.4348 6.51623 -3.31262e-18)
(27.9563 7.82064 -1.53445e-18)
(18.2213 5.7226 1.43211e-17)
(9.50604 0.508657 0)
(25.0061 6.54353 -9.91906e-18)
(21.8161 4.29225 -7.80339e-20)
(16.0519 3.78954 -8.33975e-18)
(27.3583 10.1417 -1.66614e-17)
(24.5955 2.94858 -1.43732e-18)
(25.0879 6.76846 2.36707e-17)
(27.5312 4.35634 7.93721e-20)
(28.3991 8.53263 5.13253e-18)
(24.5987 3.24097 3.07071e-18)
(15.9733 14.7131 -7.3975e-18)
(15.8624 13.5045 6.17582e-18)
(3.32942 0.927616 0)
(25.8553 10.582 1.39686e-17)
(26.1861 7.51393 1.30029e-18)
(22.1861 12.2066 -1.78314e-18)
(24.9678 6.67514 2.61484e-17)
(30.4352 8.27527 0)
(-0.239734 -2.00984 0)
(29.6016 7.94435 -1.19639e-19)
(26.5502 9.97688 3.66442e-18)
(18.8725 4.53844 -1.53753e-18)
(21.3821 5.29764 4.70643e-18)
(28.667 9.4801 -4.39039e-18)
(24.013 14.0275 -4.76512e-19)
(25.26 6.83159 0)
(29.4121 7.90153 -2.27734e-18)
(25.0139 9.62711 -7.92684e-19)
(24.4528 6.87614 2.65964e-18)
(25.1027 6.44627 -1.6227e-17)
(27.1252 10.8256 5.52612e-18)
(26.2661 9.07576 -7.30772e-19)
(23.1282 6.1943 7.07425e-18)
(28.6415 7.71561 0)
(25.9829 11.7901 2.02322e-18)
(-5.7149 -4.19919 2.98486e-18)
(24.5174 6.55919 2.62356e-17)
(30.1312 8.07081 5.30531e-18)
(26.5387 6.29412 -7.8996e-18)
(20.8001 7.3169 9.75697e-18)
(29.4193 8.20101 -1.36376e-17)
(25.5911 5.65125 4.74621e-18)
(26.526 4.32273 1.1356e-18)
(24.1568 2.6341 -1.98519e-18)
(30.0521 9.52664 2.79522e-18)
(26.3683 8.57958 9.38749e-18)
(24.4161 6.01578 0)
(21.1314 10.3537 0)
(16.6811 1.46524 0)
(26.4879 3.66362 0)
(24.0651 3.47161 7.22016e-18)
(23.9087 4.71109 1.50104e-18)
(25.6308 4.07562 -5.04435e-20)
(6.44014 1.53946 2.40504e-18)
(26.0708 4.05954 -4.36081e-19)
(25.3026 6.99751 -3.83459e-19)
(20.7387 3.65629 1.00566e-17)
(28.6149 7.51806 1.10512e-18)
(25.3544 6.39631 2.91386e-20)
(24.4108 6.56654 1.1586e-17)
(28.546 7.65563 -1.26771e-17)
(28.1302 8.11894 0)
(31.9147 9.13648 -1.69437e-17)
(25.7491 8.4553 1.91126e-17)
(25.1173 6.75771 0)
(25.4059 5.04222 3.62743e-19)
(24.6539 7.35253 -5.19948e-18)
(22.0828 3.48679 0)
(29.8254 2.99757 0)
(30.0647 8.90203 -6.94739e-19)
(28.7443 9.18027 0)
(16.6833 5.333 3.62828e-18)
(21.8687 11.2666 1.06288e-18)
(11.4021 16.0674 0)
(-0.407734 0.207011 -2.34318e-17)
(13.3079 1.50338 2.4581e-17)
(20.3243 15.2621 -4.31597e-19)
(23.4105 3.39318 -9.83662e-20)
(26.6761 3.54387 1.33372e-18)
(-7.01656 -3.60033 -5.83793e-18)
(-7.83488 -3.9582 5.97002e-18)
(20.0697 7.47203 -9.92614e-18)
(32.6236 12.457 0)
(25.4515 5.21688 0)
(24.9455 6.38137 -5.38081e-18)
(25.0374 7.18415 0)
(20.7472 7.20811 -3.3875e-18)
(26.0633 4.14506 3.84764e-19)
(29.488 8.129 4.50183e-18)
(24.8362 6.63225 -3.65813e-17)
(25.6318 7.30909 0)
(-1.28319 0.158488 -2.17675e-17)
(23.2519 8.45953 1.3209e-17)
(11.0571 4.3878 0)
(0.155546 -2.42616 4.81919e-19)
(3.69363 -2.34925 5.22868e-18)
(25.469 5.3756 -4.32201e-19)
(28.2184 6.52702 -4.86882e-17)
(25.6822 6.48935 1.99211e-17)
(24.5733 2.79178 1.38263e-18)
(12.4812 8.16163 1.87048e-17)
(28.2772 8.63237 8.6463e-18)
(20.0653 6.22631 4.90033e-18)
(-6.44013 0.491306 3.31253e-18)
(23.3689 9.61053 -4.83966e-18)
(29.5425 8.06648 4.45563e-18)
(24.7223 6.81148 1.3889e-17)
(20.6689 3.93217 7.463e-18)
(28.664 8.74188 -4.36621e-18)
(24.67 6.15749 1.1237e-17)
(24.231 6.78612 2.5696e-17)
(26.6709 3.49598 1.65232e-19)
(26.6007 3.47952 1.15374e-18)
(22.5362 4.86627 2.27268e-18)
(23.2397 8.2488 0)
(22.884 5.13352 -1.2996e-17)
(-1.81829 -2.00378 -3.8954e-18)
(25.0528 6.4713 0)
(25.0853 6.65962 -1.92048e-17)
(25.0143 6.4007 7.15106e-18)
(28.9861 10.9315 0)
(20.8824 11.5756 -1.45263e-18)
(26.0789 8.43827 0)
(28.5582 7.83799 2.21815e-17)
(3.11495 2.01619 0)
(27.4254 2.27232 0)
(27.508 2.16052 -4.14279e-18)
(25.3501 1.71911 4.15244e-19)
(27.2957 8.66333 0)
(28.7939 8.40854 6.71341e-18)
(24.0197 4.03581 5.02268e-18)
(27.5893 7.40665 3.37065e-18)
(23.5376 11.948 0)
(24.151 8.50234 -7.60426e-18)
(-0.236385 0.862558 2.34226e-21)
(18.49 5.80314 -1.93542e-17)
(25.6466 8.78692 9.56925e-19)
(27.357 10.857 -1.2598e-17)
(23.9732 3.69797 -1.04258e-19)
(26.3283 6.88526 -3.58122e-18)
(23.9233 3.26953 0)
(11.4658 2.73827 4.02128e-18)
(24.7458 6.19292 0)
(27.1674 4.28406 -1.59923e-18)
(25.2795 6.50263 3.8965e-20)
(28.5406 8.80227 -7.152e-18)
(25.4178 6.31693 3.47083e-18)
(23.5138 4.82466 1.71208e-17)
(22.9883 6.90435 0)
(27.1179 8.03966 0)
(25.3227 8.10587 0)
(24.9522 6.6316 1.03168e-17)
(26.7258 7.0027 -3.62692e-17)
(26.9544 4.79702 0)
(27.2482 6.84988 8.1726e-18)
(-4.29492 -3.69842 0)
(25.2449 6.59965 0)
(25.7796 8.35543 9.44334e-18)
(21.1227 0.620748 6.95523e-18)
(-1.94485 -0.0220623 -9.62134e-19)
(25.1686 6.52761 -5.21949e-18)
(25.231 6.87665 0)
(28.3915 10.2144 5.69746e-18)
(28.548 7.74268 5.40272e-18)
(25.06 6.95504 0)
(24.168 3.00574 0)
(25.0852 6.50239 -1.67579e-17)
(24.3504 5.56043 9.80739e-18)
(23.5783 1.83028 5.22e-18)
(26.8584 6.8731 0)
(24.8108 6.22746 1.52512e-17)
(25.4952 6.85917 4.6556e-17)
(28.6309 4.42638 -1.19284e-17)
(22.8338 0.968231 -4.01319e-18)
(22.9437 0.964154 0)
(21.6348 7.19417 -1.29699e-17)
(29.7107 8.05106 5.97304e-18)
(26.2563 6.71455 5.98094e-19)
(25.0346 6.49778 -3.36359e-17)
(23.3556 11.1086 1.10173e-19)
(19.9403 0.0362294 0)
(18.7534 8.50786 -7.86083e-18)
(29.562 8.29927 6.19412e-18)
(24.6755 4.35184 -1.24424e-17)
(28.9339 9.36759 0)
(24.6832 6.86629 1.72353e-17)
(33.181 5.79531 0)
(24.7314 1.59766 0)
(19.5066 11.0779 -6.94686e-18)
(24.9904 6.82111 0)
(27.8206 7.27869 -1.48202e-19)
(20.9536 6.06625 0)
(25.4309 4.22667 6.41824e-19)
(28.8055 8.23837 -5.59211e-18)
(28.2177 8.27508 -2.08247e-17)
(21.6858 10.5306 1.17862e-18)
(27.012 4.51825 0)
(23.2473 5.21401 -7.83828e-18)
(24.4303 10.4506 -1.54851e-18)
(24.9833 7.76161 0)
(22.6661 12.9052 -1.63029e-20)
(27.21 3.89418 -2.15158e-18)
(23.6215 2.56371 1.65536e-19)
(29.8983 8.19614 0)
(30.7148 18.9957 0)
(7.47047 4.54191 0)
(28.9963 5.33234 4.38244e-18)
(21.4555 6.45462 2.48723e-18)
(29.9911 7.70225 0)
(23.5902 7.66616 -7.7847e-18)
(23.6259 5.02092 2.65112e-17)
(25.9279 5.68517 0)
(25.818 6.42192 -2.05301e-17)
(25.7701 14.0873 3.86069e-18)
(25.3059 6.72383 1.90031e-17)
(25.4142 7.27777 1.04814e-17)
(25.1503 6.49702 3.11622e-18)
(24.0468 4.58136 -1.0794e-17)
(30.8529 10.159 -3.6153e-18)
(30.6639 10.0944 4.0885e-18)
(28.9831 4.04444 2.45285e-17)
(27.7257 5.28605 5.63561e-18)
(20.4897 8.07849 -8.22084e-18)
(26.5917 4.31307 -1.31182e-18)
(13.5325 5.97115 2.34002e-18)
(25.0186 6.39354 -1.9864e-19)
(8.42562 2.84874 -1.98222e-18)
(23.9272 6.74041 -1.68875e-17)
(6.32866 3.15621 0)
(25.6407 8.27401 1.33222e-17)
(26.7488 18.767 -9.06526e-19)
(28.2997 2.31751 0)
(22.8791 2.79517 3.53551e-18)
(28.1618 2.28329 -3.35751e-18)
(23.4776 2.55736 0)
(24.9301 7.59851 -1.11517e-18)
(24.8634 6.26944 -9.59632e-18)
(21.7382 0.827197 9.27431e-18)
(29.5981 9.08178 0)
(24.6047 7.79642 -4.60014e-18)
(27.6122 8.22805 -1.5858e-17)
(19.1864 10.973 0)
(23.2757 8.07565 0)
(26.1979 11.7112 -1.88031e-19)
(25.2482 5.56769 1.66619e-18)
(24.9141 6.4761 6.00348e-19)
(25.1293 6.87281 3.52736e-18)
(25.0721 6.4164 -8.08529e-18)
(25.1452 6.5 -1.45022e-17)
(6.47804 5.61057 0)
(27.0729 6.70949 0)
(23.7918 6.97849 5.2063e-18)
(22.1956 6.38631 -8.28418e-18)
(7.0801 5.55785 -2.40064e-18)
(25.1619 6.7688 8.50419e-18)
(20.7325 9.62294 0)
(22.5682 10.0211 0)
(27.4113 5.47697 3.34713e-18)
(21.0104 8.31809 0)
(31.2704 6.98842 -9.34314e-18)
(25.1471 6.67514 1.82206e-17)
(25.0951 6.46618 -9.40101e-18)
(20.0582 7.25649 2.70242e-18)
(27.9967 6.63797 -1.48043e-17)
(24.5764 6.12943 -1.2019e-17)
(26.5601 3.60172 0)
(16.4072 3.4487 6.85073e-18)
(21.0312 4.70107 0)
(24.1254 15.6332 2.9034e-18)
(25.4417 6.87064 0)
(25.717 3.15453 0)
(35.5524 11.7918 9.22396e-18)
(28.268 5.80293 0)
(28.4997 8.02582 -1.97531e-17)
(25.209 6.71663 4.0691e-17)
(29.6561 8.18344 5.47312e-19)
(25.0713 6.65475 -2.23098e-17)
(24.625 1.42959 0)
(25.9988 7.8338 -3.72905e-17)
(-4.19165 -0.962898 2.94777e-18)
(25.5541 5.76675 9.97576e-19)
(22.7171 9.83302 0)
(22.5273 4.54132 1.04547e-17)
(28.6903 4.84759 3.87703e-18)
(19.1186 5.39489 0)
(27.705 6.629 6.01865e-18)
(25.1052 6.43744 -2.23227e-18)
(24.9602 6.59172 8.71112e-18)
(21.601 3.26749 1.08693e-18)
(19.4928 -0.0930833 0)
(26.5161 6.48415 0)
(24.9227 6.38395 2.99354e-18)
(32.7746 7.49635 5.46946e-17)
(24.9885 6.44902 -7.58567e-19)
(23.085 7.59978 0)
(23.8755 9.1201 0)
(27.4674 8.40535 0)
(24.2356 2.75452 1.87892e-18)
(-5.42036 1.40285 -1.70362e-17)
(24.9001 6.88155 -1.20888e-17)
(28.205 7.43124 -3.47588e-17)
(26.8313 7.75989 -2.92938e-17)
(28.6726 7.97568 -1.2195e-17)
(29.4875 7.93394 1.58393e-22)
(18.5519 9.66482 -9.63565e-18)
(26.2681 4.23009 0)
(25.5746 6.52726 -3.80581e-18)
(-3.66016 -3.4689 -2.32955e-18)
(25.2354 6.8034 6.5505e-18)
(24.3879 1.41188 -9.24688e-19)
(-2.62817 -2.72122 1.15892e-17)
(28.2825 5.72016 0)
(9.79961 5.58472 -3.57715e-18)
(30.8173 4.71424 2.66192e-17)
(-1.99113 -2.99874 -3.65559e-18)
(29.3916 11.9009 1.25059e-17)
(21.0181 8.71439 0)
(22.6335 6.76037 0)
(20.4356 7.5824 -3.55555e-18)
(28.8414 2.77847 0)
(24.6999 7.59294 6.86797e-18)
(21.6737 2.53097 4.17755e-18)
(27.3157 4.38878 2.39012e-18)
(6.35819 5.55148 3.26928e-18)
(-1.32461 1.59733 3.29937e-18)
(9.61815 4.52627 3.11113e-18)
(30.1658 8.204 5.30268e-18)
(25.1672 6.54761 0)
(32.2726 6.05097 1.29821e-17)
(26.4688 3.56745 1.03273e-18)
(25.2425 6.70617 0)
(28.4509 6.13401 -3.51026e-17)
(0.205896 -3.02793 0)
(28.5633 7.85848 0)
(25.0166 6.41631 -7.80014e-18)
(25.1114 6.64313 2.90259e-17)
(25.0144 6.45228 1.08701e-17)
(27.4045 5.73831 1.45518e-18)
(19.3714 8.91359 -8.79151e-18)
(3.67162 1.1195 -5.54835e-18)
(24.9617 3.00834 -8.23758e-19)
(22.7181 5.01302 1.67339e-17)
(25.0077 6.8643 -3.68009e-18)
(26.7959 7.94183 -6.96547e-19)
(26.5213 11.6593 -2.35249e-18)
(29.119 7.66522 0)
(23.0367 14.6401 0)
(25.1565 6.73651 0)
(29.6037 7.54483 0)
(25.1675 6.59209 2.82553e-18)
(24.4174 3.10025 -8.31504e-21)
(23.1433 5.4757 8.64317e-18)
(29.5152 8.08547 2.03518e-18)
(29.6344 7.9924 -4.79123e-18)
(24.5828 6.72317 2.73816e-17)
(23.2185 17.5573 -1.99365e-18)
(23.9189 18.3 0)
(27.5326 9.21742 -3.36307e-18)
(16.8411 0.888779 -1.51256e-17)
(16.4328 1.31445 0)
(26.1297 1.94013 -9.09094e-19)
(26.7507 6.82907 3.56632e-17)
(19.8201 5.71599 3.58478e-18)
(28.3253 5.86943 0)
(31.4641 6.17966 0)
(18.7743 7.77485 1.00255e-17)
(18.8091 7.48928 8.42429e-18)
(22.1287 8.08496 -1.41993e-17)
(25.0442 6.62089 5.19549e-19)
(29.4772 10.0511 5.70999e-18)
(29.7346 8.02817 -1.82676e-18)
(27.0997 3.70821 -6.05024e-20)
(25.3187 12.3746 5.96529e-18)
(25.0261 6.63151 -3.03948e-17)
(23.7402 1.03371 2.6895e-18)
(23.7797 2.74683 5.08411e-19)
(12.9662 5.48322 2.7722e-18)
(19.2059 0.613404 8.76989e-18)
(16.9484 3.78013 -4.41688e-18)
(-3.34232 -3.00742 7.47834e-19)
(27.8214 5.93541 3.24845e-18)
(26.6084 8.9158 6.64782e-18)
(28.8185 7.497 -2.72813e-17)
(26.9697 4.01923 -1.38456e-18)
(27.4643 4.39545 0)
(28.2304 5.57791 -8.64004e-20)
(27.0585 8.22139 1.11218e-17)
(24.8254 6.37649 -4.61348e-18)
(29.2593 7.4221 0)
(19.2457 -0.532749 0)
(29.5454 8.02434 4.41632e-18)
(5.24189 -0.439291 2.13079e-20)
(25.795 5.92151 -8.30788e-18)
(20.7287 3.87839 -7.36586e-18)
(8.53679 3.13766 -3.29406e-18)
(26.1517 6.15438 -1.41502e-18)
(30.5644 8.74236 -2.9453e-18)
(25.378 6.41858 1.79808e-17)
(28.4256 7.59141 0)
(31.1302 9.12447 1.02171e-18)
(17.6508 3.24928 -1.22159e-17)
(6.9666 3.45136 -2.88525e-18)
(9.72033 3.9833 0)
(3.30062 -2.42965 3.89828e-18)
(18.9535 8.93228 0)
(26.8668 13.135 -1.30051e-19)
(-3.87806 -3.05767 1.27767e-17)
(25.1723 6.5189 3.70275e-19)
(22.8067 1.59698 8.14824e-18)
(22.1965 6.83958 0)
(24.8781 8.48745 0)
(30.3847 2.73759 0)
(29.5214 8.02425 -4.90246e-18)
(24.7925 1.53912 0)
(-2.16564 -0.058918 -2.74235e-17)
(0.284541 -1.72803 0)
(10.8111 5.44972 0)
(24.9613 7.83401 4.47777e-18)
(14.4593 11.9832 8.12506e-19)
(23.3108 8.15247 -7.05831e-18)
(28.9942 7.35391 -1.72767e-17)
(18.6816 3.08166 1.70293e-17)
(2.8041 0.533102 0)
(21.601 6.32011 2.47946e-17)
(24.6738 8.70421 -1.90284e-18)
(23.7853 1.61143 -3.72491e-20)
(29.8123 9.66031 6.88037e-18)
(24.2217 8.72314 6.66724e-19)
(11.989 7.75278 -2.24017e-17)
(25.2244 6.71822 -2.51693e-17)
(27.285 8.08432 0)
(21.8841 5.63367 1.9036e-17)
(20.2773 6.94356 0)
(30.2113 8.99868 5.62392e-18)
(10.1812 3.98649 3.91103e-18)
(25.9906 4.98878 1.07898e-18)
(26.2226 3.42071 -6.75954e-19)
(29.416 7.92713 1.13508e-17)
(27.5684 6.00684 0)
(28.3596 7.76008 -5.54055e-19)
(28.1029 6.15869 -3.96551e-18)
(24.9798 2.94502 -1.33152e-18)
(24.9063 6.46574 0)
(-5.87786 0.542464 -1.92406e-17)
(30.0309 8.1882 -5.19878e-18)
(25.1074 6.70457 -1.45604e-17)
(26.7279 10.631 0)
(24.8751 7.29273 0)
(31.1254 10.6865 0)
(31.2966 10.4523 -1.42051e-17)
(24.8721 6.70765 0)
(26.8241 4.35921 -3.99492e-18)
(28.7709 7.29903 0)
(29.5056 8.0178 -2.03628e-18)
(24.4526 6.12986 0)
(29.5964 8.52502 0)
(26.1572 6.57926 -5.99014e-18)
(31.2084 7.26079 -7.20593e-18)
(28.7765 7.94255 0)
(26.853 6.35226 -1.70016e-17)
(21.6276 6.9714 1.79302e-17)
(25.8013 6.95928 0)
(29.3431 7.9245 -5.28635e-18)
(28.4556 7.97508 1.47099e-17)
(28.0404 7.47134 -1.45374e-21)
(-2.28059 -3.52588 5.01136e-18)
(25.1131 6.75423 1.67839e-18)
(24.9122 6.72035 -3.2922e-17)
(1.64562 0.412855 0)
(27.6387 7.85274 -8.13869e-18)
(25.0379 6.3812 -9.38392e-18)
(29.4218 18.6882 2.33102e-18)
(25.8353 6.51278 -1.55691e-17)
(29.1716 8.02797 0)
(24.553 8.58208 4.22517e-19)
(25.144 6.74601 -5.52856e-18)
(28.7306 5.94897 -1.99799e-17)
(21.4052 0.20242 -6.26995e-18)
(24.5761 5.47754 0)
(23.573 11.045 0)
(26.3597 3.48305 0)
(26.087 3.18915 7.82474e-20)
(29.371 8.06413 0)
(19.6878 7.33078 8.20249e-18)
(28.5779 7.28623 6.76824e-18)
(25.1648 3.39175 -8.74857e-19)
(26.9584 8.56974 1.45115e-17)
(24.7303 7.04922 -6.82763e-18)
(6.26596 1.27302 9.47428e-18)
(29.6427 7.99527 3.96014e-18)
(15.1283 6.13667 -2.87824e-18)
(29.7323 7.43855 -8.20427e-20)
(24.0494 5.99508 9.0415e-18)
(-7.67339 -4.28809 0)
(-3.25886 -2.90249 -5.46017e-18)
(25.8749 1.92561 7.55734e-18)
(28.172 5.44266 -4.04426e-18)
(24.5059 5.29252 0)
(24.9375 6.47437 -2.26225e-18)
(27.121 4.14351 -3.89194e-20)
(24.8896 6.3974 0)
(-1.63813 1.27474 3.15667e-17)
(22.243 9.08435 -8.56943e-18)
(23.7544 10.385 4.19877e-19)
(30.1018 8.43046 0)
(19.749 6.34855 -6.65664e-18)
(13.2661 2.66069 9.85798e-18)
(20.307 6.73913 0)
(22.5858 12.3673 0)
(4.35349 3.0216 3.68462e-19)
(-2.79547 -2.80102 -1.03374e-17)
(29.5692 5.86998 -1.4831e-17)
(24.8439 18.0798 0)
(29.6386 7.90792 -8.71966e-19)
(31.292 10.1359 0)
(31.1806 9.94046 -3.73747e-18)
(23.9665 10.3139 0)
(24.7954 5.6861 0)
(21.784 3.1655 7.97436e-20)
(28.7735 5.50278 -4.13367e-18)
(24.9952 6.56404 0)
(24.816 6.57431 -3.33389e-19)
(22.2407 8.85499 1.28057e-17)
(25.0523 6.56867 -3.73015e-17)
(-1.70499 2.09291 1.54197e-17)
(25.0002 2.71951 0)
(-1.23801 -1.99753 4.12977e-18)
(29.7064 8.04715 3.39431e-18)
(26.0735 10.528 4.88916e-19)
(24.9634 6.69609 -1.20351e-17)
(25.0992 3.07598 0)
(1.53932 1.85516 0)
(29.5644 10.0685 6.30099e-18)
(27.8783 7.50654 -5.4523e-17)
(29.7742 6.0303 2.80113e-17)
(28.4123 7.2873 -6.11212e-18)
(15.2776 5.33741 -3.46787e-18)
(25.4923 3.05548 0)
(11.9844 2.58635 0)
(23.3015 1.62995 -1.43706e-18)
(25.0992 6.86443 0)
(28.4299 8.70204 6.69283e-18)
(11.9561 4.74371 -7.53645e-18)
(23.8423 7.12103 -4.46747e-18)
(24.7421 6.31577 -2.30686e-18)
(20.717 11.0089 0)
(22.0824 9.90347 4.97666e-18)
(12.7989 15.387 1.27677e-18)
(16.2344 5.17797 -6.85113e-18)
(19.2371 5.3504 0)
(6.27731 0.719954 0)
(24.2697 2.92155 0)
(29.558 6.21424 0)
(24.4728 6.51287 2.37042e-17)
(25.1389 6.63929 4.57491e-18)
(-4.15058 -3.04548 -4.03788e-18)
(13.9775 6.71808 -2.66098e-18)
(20.8408 10.168 2.00056e-18)
(28.2215 5.66074 0)
(24.3007 7.244 0)
(27.7988 10.1296 0)
(30.0467 8.104 -1.0045e-20)
(17.717 7.05892 0)
(25.1209 6.74677 4.19502e-18)
(17.4152 5.06139 0)
(10.2472 4.61309 1.22646e-18)
(12.8108 4.6255 -8.81541e-19)
(25.1035 6.73275 -2.61331e-17)
(29.0287 2.62447 -1.20377e-18)
(25.5977 1.84734 4.8979e-21)
(25.7119 6.00795 2.24371e-17)
(24.5988 6.33478 0)
(22.7331 14.0413 0)
(25.961 1.84769 -2.87583e-19)
(25.161 6.68384 1.61013e-18)
(28.51 7.16007 -5.17976e-18)
(-8.264 -3.82592 -1.55184e-18)
(25.1068 6.8029 0)
(18.5514 4.90635 0)
(18.1931 8.61325 -8.13632e-18)
(25.1342 6.71319 1.07542e-17)
(23.9593 11.0899 0)
(22.6384 1.62167 3.96064e-18)
(18.9659 10.9794 1.17956e-17)
(26.2142 5.69513 -5.22465e-19)
(11.7677 5.26028 4.61287e-19)
(21.6226 4.46555 1.23402e-17)
(19.2387 21.8489 -2.57266e-18)
(25.0364 7.32738 0)
(26.9302 11.8119 3.17275e-18)
(25.0263 6.38587 0)
(24.8253 6.96502 -1.4671e-17)
(-1.70068 0.141081 0)
(24.9457 14.583 -3.09891e-18)
(24.6772 6.73142 2.02813e-17)
(25.932 6.83385 6.87361e-17)
(33.3181 7.6537 -2.59447e-18)
(31.9771 9.00117 -7.5988e-18)
(25.6944 6.61671 2.91306e-18)
(11.0052 3.80134 3.68426e-18)
(20.7807 9.73471 0)
(15.1569 5.73929 0)
(16.8066 2.53752 -1.19644e-17)
(7.57368 1.63006 0)
(30.4408 8.66358 0)
(26.7826 6.15761 3.05039e-17)
(23.5041 12.3982 -8.87424e-20)
(3.41827 0.635615 -1.13749e-17)
(25.2911 5.96442 0)
(25.5086 5.89794 1.88503e-18)
(21.5753 0.790097 0)
(26.2639 6.47063 0)
(20.618 3.24356 -1.34863e-17)
(27.4424 7.18376 1.10571e-17)
(24.3744 6.75414 6.76146e-18)
(16.2655 5.85507 0)
(27.2078 7.83589 -7.40862e-18)
(25.328 6.91843 3.0249e-17)
(20.2963 8.93029 2.675e-18)
(24.209 6.72707 5.50762e-21)
(23.6848 1.71489 -2.47584e-18)
(29.2174 8.11615 0)
(25.0505 6.48758 -1.31842e-17)
(24.6608 7.42148 -4.25125e-19)
(27.4862 7.2773 -3.01257e-18)
(-1.17054 -0.527411 -1.51964e-17)
(28.3375 8.03289 0)
(-1.49232 -0.442224 1.35954e-17)
(14.1138 3.75624 1.55733e-17)
(23.4137 11.8086 -1.20416e-19)
(20.7194 3.49003 -3.33934e-18)
(21.0194 9.48274 1.08806e-17)
(24.7875 7.35461 -5.04181e-18)
(27.9895 2.2969 8.15248e-19)
(17.5611 5.95714 -9.61555e-18)
(5.546 -2.0165 -1.11704e-17)
(19.7199 6.85739 1.57683e-17)
(24.8967 6.91578 -3.08183e-18)
(27.597 7.29468 0)
(-2.45776 0.0147035 2.18201e-17)
(-2.37392 -0.0485176 -3.06137e-18)
(9.16224 2.71881 -1.25783e-17)
(2.90074 -1.35763 1.90405e-18)
(22.2779 6.75238 8.19042e-18)
(24.1506 13.2929 1.0564e-18)
(22.8273 12.2924 0)
(26.0089 6.42542 0)
(21.4446 2.61553 6.86745e-18)
(29.1724 7.87272 4.10599e-18)
(25.1806 2.84432 0)
(27.354 4.40333 -3.52657e-18)
(27.3664 4.35889 2.29932e-18)
(25.7154 3.34067 0)
(24.4434 2.91488 3.18034e-18)
(25.3067 6.50646 1.68383e-18)
(27.0937 3.87126 0)
(21.8541 9.30162 -6.00156e-18)
(25.2098 6.62522 0)
(25.5164 6.71982 0)
(25.0186 6.6925 0)
(19.2138 6.19049 0)
(3.28014 2.91634 9.17359e-18)
(29.8709 11.7778 0)
(24.291 3.82312 0)
(30.2623 8.95179 0)
(31.9654 8.8156 1.02309e-17)
(29.0431 7.10564 5.25022e-18)
(30.7519 8.36016 1.96615e-18)
(26.1492 1.97522 -9.22447e-20)
(25.3564 6.5313 0)
(26.4868 6.99026 1.11269e-17)
(26.1952 6.32655 2.94571e-17)
(26.7062 4.86556 0)
(25.2677 6.50464 9.60945e-18)
(25.1599 6.54652 0)
(14.2183 5.63523 2.66514e-18)
(25.0896 6.9391 2.46607e-19)
(29.7025 8.02363 0)
(24.533 7.07764 0)
(24.0085 3.62397 0)
(29.007 9.93781 1.20783e-17)
(25.0757 6.5673 -5.88181e-18)
(34.4591 9.31661 -1.09267e-17)
(29.7227 8.00223 0)
(24.3323 7.18068 -1.19157e-17)
(28.4888 8.29023 0)
(31.8434 8.47807 -4.98831e-18)
(26.4997 4.66802 -1.74387e-18)
(25.0091 6.89333 0)
(28.5465 6.65712 4.97951e-18)
(21.3364 5.93766 1.42026e-17)
(29.7016 8.00694 3.37026e-18)
(29.6724 8.00238 0)
(26.3573 4.72413 -4.7506e-18)
(14.3669 5.43907 3.4099e-18)
(20.3683 6.51933 0)
(28.6889 10.2731 6.82506e-18)
(24.4143 4.12952 9.82209e-18)
(24.7879 6.53683 -4.49359e-17)
(23.9581 6.60194 -8.05002e-19)
(28.1685 5.52498 -6.72136e-18)
(24.9921 14.8331 3.529e-18)
(25.409 14.6775 1.98675e-18)
(28.4736 8.14914 -5.80812e-19)
(27.8999 6.63743 0)
(25.817 6.60408 -2.1436e-17)
(25.367 6.93071 2.65327e-17)
(20.1998 4.07899 7.67521e-18)
(24.3687 10.3441 5.76908e-20)
(28.3829 11.1897 0)
(26.6908 8.28688 -4.43105e-18)
(26.8664 4.69904 0)
(26.4767 1.98604 0)
(7.58312 4.2941 -8.40797e-18)
(-9.46638 -4.66509 0)
(28.1189 6.19336 3.13988e-19)
(7.03611 2.41922 0)
(25.1136 6.66944 0)
(-0.560052 0.198086 -1.38772e-17)
(27.2024 8.36341 5.28765e-19)
(29.4115 8.3607 3.64651e-18)
(30.054 9.3079 7.38284e-19)
(20.6486 6.70957 4.69464e-18)
(25.1058 6.73332 -3.30367e-19)
(0.43784 -2.79683 -5.16085e-18)
(19.6398 6.1858 4.04897e-18)
(22.4311 5.94471 5.5939e-19)
(24.9431 2.866 9.46985e-19)
(27.3613 7.34765 0)
(23.3627 6.57993 2.34835e-17)
(24.8739 6.39287 -3.87936e-19)
(27.2479 3.94029 0)
(29.7216 8.25494 -1.46923e-19)
(29.8887 8.07009 0)
(-5.53933 -4.10209 -1.98472e-18)
(25.3722 7.3889 0)
(24.8084 2.85672 1.04938e-18)
(26.6551 6.01122 0)
(29.7101 8.00155 0)
(24.2818 4.34527 -5.02417e-18)
(29.6221 8.67576 -1.18328e-18)
(23.1003 2.72912 -4.28842e-19)
(29.6811 4.57623 6.22966e-18)
(24.8781 6.91723 2.70231e-18)
(25.1294 6.73515 1.85581e-18)
(23.6371 0.988043 0)
(27.1495 7.7589 -2.1732e-17)
(25.3704 6.90782 -1.23238e-17)
(22.4556 9.72786 4.29726e-18)
(25.316 3.12664 -2.15685e-20)
(5.28426 -0.502706 5.75204e-18)
(22.9537 3.11337 8.90777e-18)
(29.4058 6.57677 0)
(20.2535 4.00791 -4.46539e-19)
(26.4683 9.11878 -7.8891e-19)
(21.6776 6.72207 -1.28534e-17)
(25.5026 6.64293 0)
(0.625657 -2.93495 -1.33363e-17)
(0.140481 -3.08324 0)
(25.1492 6.66553 -1.85299e-17)
(24.9072 11.6048 0)
(25.0078 6.83792 -4.0393e-18)
(26.1639 9.98428 0)
(19.3441 9.22091 1.34806e-17)
(26.061 7.36457 -2.91493e-19)
(24.91 6.93831 -5.68189e-19)
(23.2259 5.88679 5.74526e-18)
(-6.26231 -4.23941 1.83571e-18)
(27.8471 4.7671 0)
(23.3216 1.0087 5.31311e-18)
(28.1113 5.39501 3.46727e-18)
(15.1638 5.63759 5.04585e-18)
(24.2849 3.01285 0)
(13.7473 0.726206 -4.0389e-18)
(25.09 6.35472 -2.71985e-18)
(24.7592 7.20945 -6.84418e-18)
(20.5796 0.340243 -1.29122e-19)
(24.7702 2.84862 0)
(30.1631 6.05991 -1.68998e-17)
(21.9905 6.89304 -1.15997e-17)
(23.38 5.99413 -2.38355e-17)
(24.2692 7.7439 1.48976e-17)
(-7.23432 0.319861 -4.4417e-18)
(25.7897 10.1863 2.58772e-18)
(29.6091 7.94805 -4.59346e-18)
(27.3376 7.74112 -4.52194e-19)
(21.5397 3.29997 3.47348e-18)
(29.5944 8.46942 -1.11757e-18)
(24.9877 6.65201 -8.46625e-18)
(15.0679 4.6959 -4.19245e-18)
(-1.26435 0.0699468 1.29749e-17)
(25.1812 6.51823 4.66343e-18)
(2.99652 1.50893 2.06149e-18)
(27.1085 11.6911 0)
(21.8597 2.35443 -3.25508e-19)
(23.4462 0.973889 -3.68771e-18)
(27.6427 6.39042 -1.22901e-19)
(25.9807 9.84965 4.742e-18)
(24.5783 4.20039 0)
(25.1022 6.69874 1.6571e-17)
(24.6449 1.57101 0)
(24.6113 1.50708 -2.42339e-18)
(18.024 7.55547 -2.19191e-18)
(29.2891 9.68752 0)
(27.7625 8.09991 -5.17924e-18)
(25.9392 3.20051 2.38361e-19)
(25.0426 6.71774 -1.36561e-17)
(29.5007 9.91073 8.03544e-18)
(25.452 7.8744 -3.49201e-18)
(27.8066 11.0563 2.51683e-18)
(24.3459 11.0822 -3.95903e-19)
(26.1609 12.3995 1.77541e-18)
(23.5325 12.1595 4.42638e-20)
(25.2247 9.99465 0)
(25.0805 6.65364 4.25026e-17)
(25.2274 6.96153 2.38599e-17)
(12.6403 2.60027 0)
(22.132 3.84198 1.39832e-18)
(24.108 6.91574 2.87201e-17)
(23.7091 2.77405 0)
(25.1175 6.5069 1.72667e-17)
(-2.19019 0.0339819 0)
(30.6899 10.8115 -3.50929e-18)
(22.6597 11.5094 3.75521e-19)
(25.2566 6.52284 -3.51599e-18)
(29.8903 8.32129 3.9939e-20)
(28.8999 5.85538 4.416e-18)
(30.1819 10.4453 0)
(23.7871 6.03466 -6.1311e-18)
(18.2408 13.2023 0)
(25.1508 6.63715 0)
(30.6218 8.66214 1.56083e-18)
(7.81916 5.50972 3.28309e-18)
(25.3662 6.17899 -1.24669e-19)
(0.481126 0.498544 2.43463e-17)
(24.0376 6.93178 -2.70396e-17)
(27.1027 6.63742 0)
(25.3857 2.8483 0)
(30.5829 12.8118 -9.04103e-18)
(24.0783 6.12883 0)
(28.7919 4.87781 -3.53176e-18)
(22.9499 1.52468 3.97572e-18)
(20.6352 4.84928 6.72545e-19)
(26.5495 5.07361 0)
(-6.22495 2.99139 4.1384e-18)
(18.8392 14.541 -5.01021e-20)
(30.3148 19.5337 0)
(10.1634 5.03824 3.69533e-18)
(25.5069 7.00453 -7.84197e-19)
(25.6498 6.56964 0)
(20.6533 6.25194 0)
(24.9361 6.74053 1.75025e-17)
(23.1411 0.836548 0)
(24.6105 6.66503 -1.44302e-17)
(25.3114 6.48384 1.17796e-17)
(25.0724 6.75534 -1.94043e-17)
(25.0554 6.66598 5.18053e-17)
(20.4145 4.82875 0)
(29.5474 7.98799 0)
(25.0353 6.5813 -2.24425e-17)
(18.7005 8.19909 1.23574e-17)
(29.4465 9.96768 -8.35551e-18)
(26.9229 7.46414 -1.35914e-17)
(25.0794 6.75003 1.26138e-17)
(25.2159 2.88873 0)
(28.1108 5.31458 -3.43451e-18)
(10.1472 5.16118 0)
(17.1362 0.382412 0)
(18.0565 7.44562 4.0669e-18)
(26.1551 10.4319 -3.96748e-18)
(24.6261 6.54987 4.08832e-17)
(18.1976 7.59244 -2.11456e-18)
(18.2798 7.24588 -1.01361e-17)
(29.8926 4.91644 2.64842e-17)
(25.1808 6.58183 2.16126e-18)
(31.3628 24.03 -3.13714e-17)
(30.3307 8.96617 0)
(25.9241 7.27375 4.402e-18)
(29.699 7.99612 -2.05916e-18)
(25.1848 6.53222 5.56792e-18)
(22.5959 3.4161 1.03815e-18)
(29.7311 9.7471 0)
(8.94075 10.9091 -3.32852e-17)
(24.9171 6.5526 0)
(27.5925 12.0333 -4.57563e-18)
(30.6349 8.76554 -1.21535e-20)
(27.4877 6.79252 0)
(25.0031 6.8424 -5.81647e-20)
(7.24053 1.39911 0)
(29.2902 20.9407 -1.08227e-17)
(14.383 -0.271503 -6.68403e-18)
(24.6067 7.20423 -1.41969e-18)
(23.4489 9.51006 6.05847e-18)
(22.7858 4.42547 -4.78961e-18)
(11.2486 5.53798 3.76106e-18)
(25.2336 6.30317 2.61537e-18)
(27.4898 5.13754 -1.85255e-18)
(27.8648 6.22951 0)
(29.1654 9.0546 -2.8436e-18)
(29.3838 11.421 5.81782e-18)
(26.3976 3.51125 9.25747e-19)
(30.0566 5.29748 -1.43443e-17)
(24.8501 6.70082 0)
(25.5789 7.52825 0)
(27.151 7.61503 -6.43867e-18)
(23.5095 4.54034 -2.00032e-17)
(11.5485 3.60649 2.81976e-18)
(0.200471 -0.732527 0)
(-8.14162 -4.50441 1.92051e-18)
(30.009 8.07922 5.27275e-18)
(27.198 8.67391 -7.72201e-18)
(24.9301 6.64937 -2.01364e-17)
(26.4264 7.73314 0)
(20.804 3.61438 5.99076e-18)
(29.4008 8.76675 0)
(29.2973 9.28231 3.53187e-18)
(22.478 3.05175 3.5408e-18)
(24.9418 6.85191 1.00333e-17)
(-4.79365 -3.23623 0)
(26.0484 1.95358 0)
(28.8673 7.81551 -6.83195e-18)
(27.7517 6.88146 -6.31671e-18)
(22.5781 8.00258 0)
(20.2999 8.8184 2.70069e-18)
(6.13265 1.49335 0)
(21.1516 5.51795 0)
(18.0237 8.23048 0)
(21.3166 11.8645 0)
(27.0576 3.82861 0)
(30.6286 12.1978 -4.01947e-18)
(27.2891 7.24923 0)
(26.5004 5.89175 -5.39568e-18)
(15.3655 21.2727 -1.1106e-19)
(25.7847 6.68782 -1.06768e-17)
(28.2407 7.50216 1.50803e-17)
(26.0614 3.20921 -5.55137e-19)
(29.781 10.5328 -7.02113e-18)
(29.7013 8.00026 -1.14079e-18)
(24.8923 6.42923 -5.63188e-18)
(29.6177 8.63895 -3.50771e-18)
(26.6207 8.46321 0)
(26.1931 6.81782 -1.63049e-17)
(24.9616 6.41142 -3.16119e-18)
(28.5803 8.54134 0)
(28.112 10.3451 -4.66692e-18)
(26.8984 3.99204 9.50622e-20)
(27.2691 11.5616 -6.17738e-18)
(25.3398 6.46903 0)
(24.5025 4.20927 0)
(26.3217 6.75836 -4.8364e-17)
(28.6059 6.58844 0)
(17.7653 9.72362 0)
(25.0329 6.3812 9.97431e-18)
(19.7444 6.9658 3.65423e-18)
(26.079 6.46169 1.95795e-18)
(25.0717 6.70339 -1.39692e-17)
(28.8648 7.76919 6.30252e-18)
(25.316 6.18883 -2.74632e-18)
(26.2909 3.66042 0)
(22.0481 9.43597 2.74365e-18)
(32.3418 8.15334 2.16775e-18)
(32.2117 7.87038 -4.22204e-19)
(29.7068 2.87051 2.7992e-18)
(24.9258 8.05489 0)
(25.0541 6.72725 9.36325e-18)
(25.3077 10.601 -2.34174e-18)
(19.804 5.82487 3.63482e-18)
(8.57663 5.51849 -2.38585e-18)
(25.0295 6.40296 4.43771e-18)
(18.9776 10.2461 0)
(25.2585 7.27313 0)
(2.87879 0.585119 -3.98175e-18)
(21.8802 0.875242 -3.67629e-18)
(21.7329 0.919893 -3.18154e-18)
(28.8778 7.86556 -1.40929e-17)
(14.4859 3.59014 2.7681e-18)
(25.0966 6.70552 0)
(28.3971 6.98003 0)
(25.1976 6.64487 2.95355e-17)
(25.1971 6.94006 9.29356e-18)
(9.9934 3.3148 0)
(25.032 6.11468 -9.45158e-18)
(28.0511 5.2723 3.45897e-18)
(30.2771 8.35555 0)
(23.438 6.43338 1.13996e-17)
(25.0987 6.79399 4.83621e-18)
(24.8663 6.99071 0)
(4.66636 1.89255 8.48213e-18)
(25.6044 6.80964 1.34084e-17)
(25.205 2.80429 -6.70552e-19)
(23.3611 11.6888 4.32558e-20)
(25.0519 6.50689 0)
(25.1062 6.55156 -2.78065e-19)
(24.7265 6.64997 0)
(8.40172 1.66535 1.33727e-17)
(29.4128 9.52125 4.45138e-18)
(28.8698 7.72648 -6.05213e-18)
(21.7992 12.4499 -1.05108e-19)
(25.2015 6.53449 0)
(25.2248 2.78421 7.00017e-20)
(-6.94733 -4.13216 1.86051e-18)
(28.4501 7.78473 1.25966e-17)
(23.1192 2.68241 0)
(34.6384 13.0004 -1.14738e-17)
(28.7651 11.1985 -1.62859e-20)
(-4.1829 2.91626 -1.15877e-17)
(28.5142 11.6461 -6.30589e-18)
(25.8226 9.6962 6.80682e-18)
(25.0044 6.72994 -9.45515e-18)
(25.1005 6.46113 1.66577e-17)
(26.5454 9.78742 -4.64367e-18)
(27.6562 4.79223 0)
(21.2044 7.07528 -2.84273e-17)
(25.3587 6.57001 -1.23856e-17)
(27.7542 6.55612 4.65282e-18)
(26.3706 8.51655 7.81019e-18)
(24.0547 3.94284 -4.92331e-18)
(10.3585 2.1995 -1.75693e-17)
(25.0394 6.44807 4.5747e-20)
(29.6717 7.99186 4.6614e-18)
(25.8245 8.72627 -2.23878e-17)
(29.035 8.05409 9.94322e-18)
(25.2255 7.05094 1.0519e-17)
(28.8829 7.68439 5.69603e-18)
(25.2642 2.79819 -5.87507e-19)
(-2.88962 -3.0355 -8.27924e-19)
(3.41549 1.07314 2.93887e-17)
(21.8557 2.22964 -2.77485e-18)
(29.7169 9.45675 2.86361e-18)
(26.0938 11.1033 -6.45664e-18)
(25.6886 6.88057 -2.07048e-17)
(28.7649 8.16083 5.75887e-18)
(20.3508 4.16813 2.29297e-18)
(24.2502 2.82749 0)
(12.883 18.0139 6.21863e-18)
(27.6605 5.51181 0)
(24.7418 11.0334 0)
(-8.88017 -4.61208 4.66618e-19)
(29.2194 7.76175 -1.76607e-17)
(27.9876 2.24952 -3.12623e-18)
(25.2851 2.77421 0)
(27.8766 2.21095 0)
(5.8971 -1.8509 1.30674e-17)
(24.4972 17.1793 9.28988e-18)
(25.1096 6.73473 -6.27922e-18)
(26.4991 7.18045 3.74959e-17)
(25.0214 3.08361 1.30885e-18)
(24.1494 11.7213 0)
(24.9584 6.61947 -2.73531e-17)
(24.5368 9.13635 0)
(18.1728 6.88319 -5.14146e-18)
(21.2416 4.19512 4.26495e-18)
(27.2445 5.63327 0)
(26.5229 2.06152 0)
(23.2307 6.13189 2.84347e-17)
(28.9057 7.64321 0)
(-1.19366 -0.669018 -5.79587e-18)
(17.9123 18.1928 0)
(23.1928 0.975532 0)
(21.713 22.2285 -6.76373e-18)
(25.3383 6.07847 0)
(-2.03023 2.23134 9.14803e-18)
(28.8836 11.0704 6.05384e-18)
(28.0451 5.19466 0)
(25.1999 6.51431 0)
(25.1327 6.5348 1.57511e-17)
(25.4029 6.33567 1.68927e-18)
(24.5563 8.42304 8.0182e-19)
(21.7942 3.80897 0)
(25.0225 7.15279 4.64267e-19)
(24.439 5.55049 -1.75811e-17)
(15.1847 6.95919 -6.63467e-18)
(25.0149 6.84808 4.11443e-18)
(29.607 8.19648 -4.49711e-18)
(29.2334 5.98278 6.05368e-18)
(29.1735 5.73384 2.27425e-18)
(29.6595 8.01417 1.07266e-17)
(25.9678 13.7073 3.62836e-18)
(26.2607 13.6316 -4.65064e-18)
(7.61404 13.6113 9.48267e-18)
(28.6419 7.574 0)
(24.218 9.57583 2.34398e-20)
(22.3249 0.826908 2.7475e-18)
(22.6991 0.704508 0)
(22.9102 9.86112 1.40904e-18)
(9.32966 5.47065 0)
(27.4162 11.4223 5.97351e-18)
(24.8755 6.04624 0)
(24.7781 6.49949 5.24976e-19)
(20.9619 10.7179 0)
(21.3119 3.77302 0)
(28.9435 7.59545 6.89531e-20)
(30.3784 8.91298 0)
(24.0238 6.48951 -3.02565e-17)
(24.2335 3.15837 0)
(13.132 8.03733 -4.3212e-19)
(31.1768 12.9292 8.81588e-18)
(29.9586 10.4904 -2.97981e-18)
(-7.38674 2.42985 0)
(22.0679 11.5349 -3.31916e-18)
(21.1576 7.374 -1.64014e-19)
(8.03732 1.939 7.87939e-18)
(25.8771 7.3152 1.55151e-17)
(27.9393 8.90322 -1.5328e-18)
(18.9993 5.91462 -4.62016e-18)
(26.9462 2.14831 0)
(22.5145 2.59357 0)
(25.0924 6.42268 0)
(22.0013 7.47245 0)
(23.2115 5.53717 0)
(27.9775 5.08339 -3.35972e-18)
(-1.30488 -0.802051 -1.03116e-20)
(36.5089 12.3778 -1.80558e-17)
(22.221 10.5361 1.34931e-18)
(24.5744 6.98949 -7.07815e-18)
(25.1991 6.59082 -1.70109e-17)
(25.0384 3.5264 -1.53073e-18)
(24.7797 6.35333 -1.94239e-17)
(23.6982 3.39741 5.20771e-18)
(-6.17075 -4.26383 -3.1508e-18)
(25.6551 3.15955 3.25874e-22)
(16.6994 5.60837 0)
(24.8708 6.5235 -1.09761e-17)
(23.7004 3.70975 0)
(26.7476 3.9443 2.04267e-18)
(31.8055 3.90692 4.87632e-18)
(25.2347 6.9362 -7.3518e-19)
(21.5208 2.5705 6.70158e-18)
(29.984 8.09403 -1.29461e-18)
(27.1769 3.796 -2.1024e-18)
(26.4759 5.29454 5.2627e-18)
(26.6658 8.19028 -1.21897e-17)
(27.0055 4.06416 -1.86442e-18)
(20.5242 9.25585 6.03241e-18)
(23.3123 6.92261 0)
(26.6334 3.76216 0)
(22.4133 6.34804 0)
(-8.28544 -3.45358 0)
(25.1104 6.5682 0)
(23.033 4.92683 2.18488e-17)
(28.6775 11.1397 -1.65721e-17)
(25.2411 6.53749 0)
(10.7547 5.0699 1.15179e-18)
(-6.60263 2.63388 -4.27224e-18)
(25.909 11.1848 3.71556e-18)
(24.7921 3.05799 1.68194e-18)
(12.7397 4.15553 3.8842e-18)
(18.3405 7.87426 5.64877e-18)
(29.6434 7.9859 4.43266e-18)
(10.0481 9.0865 -2.5583e-17)
(25.3278 6.4842 0)
(-7.80947 -4.13909 -5.94143e-19)
(26.626 4.55879 2.32094e-18)
(24.4743 7.37574 0)
(20.3946 9.0842 0)
(25.081 6.4662 6.45489e-18)
(29.534 8.33981 4.33735e-18)
(26.2717 8.74344 6.81417e-18)
(29.6324 7.9602 4.39859e-18)
(25.2488 8.5354 1.20467e-18)
(29.5437 8.05504 8.83592e-18)
(28.9806 8.23564 0)
(25.5799 5.70318 -3.11827e-20)
(25.3957 6.73581 -6.07935e-18)
(29.3307 11.4829 0)
(25.0592 5.38311 -4.97976e-18)
(24.9608 6.75262 2.85251e-17)
(-7.86845 0.629344 6.97028e-20)
(-7.54567 0.188489 -8.62461e-19)
(24.1035 1.21218 0)
(28.3862 7.49435 0)
(30.0572 9.37351 5.15472e-18)
(27.1111 8.54827 7.09249e-18)
(27.2926 3.93271 -7.45871e-20)
(23.7557 7.9282 7.30209e-18)
(21.8186 2.15069 3.33585e-18)
(21.7255 2.23201 0)
(23.5681 8.92737 -3.87196e-18)
(26.7144 9.62354 0)
(25.1124 6.70251 1.77014e-17)
(26.5089 5.18144 0)
(26.8197 7.26282 1.79419e-17)
(23.7468 1.45562 0)
(30.9801 9.08462 2.56417e-18)
(25.3288 6.89725 0)
(24.3735 7.06005 -2.03516e-18)
(29.7027 8.10135 1.71645e-18)
(24.3769 1.45559 1.00279e-18)
(22.5997 0.718588 0)
(25.8292 11.4778 0)
(26.3218 8.72221 0)
(25.1012 12.7706 2.26009e-20)
(27.1375 7.43226 -1.18698e-17)
(28.7058 7.11008 -6.73954e-19)
(22.8116 2.85634 3.50932e-18)
(21.2405 3.06346 5.79574e-18)
(25.1399 6.55781 -2.99784e-18)
(23.8265 2.74407 -5.08405e-19)
(23.472 8.20397 -9.57645e-18)
(30.2196 8.39906 0)
(27.1663 12.6554 3.31349e-18)
(27.0828 12.7557 2.01001e-18)
(30.2444 8.32483 -5.48774e-18)
(27.5043 6.59207 0)
(14.251 5.21537 7.68276e-18)
(26.5556 22.2301 -4.88936e-18)
(25.7388 6.7545 4.86353e-17)
(24.8155 6.35068 -8.87425e-18)
(24.3598 6.20746 2.14093e-18)
(15.0549 1.81824 -8.6199e-18)
(15.741 1.66157 -1.25022e-18)
(-0.268589 0.227633 -4.24089e-18)
(22.2878 11.9669 1.31563e-18)
(29.676 7.99688 -5.10565e-18)
(29.0599 7.34128 5.02615e-18)
(0.607511 0.311535 -7.67898e-18)
(19.6258 7.23082 8.36134e-18)
(25.1905 6.53727 7.31755e-18)
(25.1584 6.57641 -1.56813e-17)
(28.5965 2.67105 0)
(23.379 10.2644 1.10669e-18)
(25.4209 5.99067 0)
(22.3788 11.7445 1.32476e-18)
(25.6619 9.54254 0)
(24.6371 10.6156 0)
(29.0148 7.61209 0)
(28.2397 7.61333 0)
(25.0737 6.53342 0)
(27.8911 3.44926 1.00599e-18)
(29.4885 10.3533 -5.14503e-18)
(27.2747 2.0849 3.03552e-18)
(27.549 11.2621 0)
(27.1824 2.04431 3.02398e-18)
(27.8358 6.05357 1.04875e-19)
(28.4527 9.10275 0)
(21.1112 10.9139 1.58342e-18)
(23.5761 4.17228 7.20568e-18)
(24.9539 7.46101 2.63094e-18)
(26.8597 8.74643 0)
(26.4335 5.0832 0)
(26.2799 2.5244 1.27683e-18)
(-0.468646 -0.55272 4.03755e-17)
(26.7197 5.33845 0)
(28.6283 11.3213 9.03596e-18)
(25.108 6.50984 6.39833e-19)
(25.3081 1.61561 -9.59102e-19)
(23.8957 1.28329 -6.80708e-19)
(30.8905 9.08283 0)
(23.4434 4.33253 8.56946e-18)
(25.0565 6.68899 0)
(1.87959 -2.62066 0)
(24.1707 5.81487 -1.01378e-18)
(-4.31678 -3.94207 6.42837e-18)
(26.6865 13.3796 -5.83908e-19)
(22.6804 7.79975 5.48555e-18)
(17.9137 7.65194 1.42379e-17)
(29.3648 11.2917 7.67501e-18)
(24.7076 6.60044 2.31315e-17)
(29.7834 8.1485 1.70685e-18)
(25.2004 7.15089 1.17747e-17)
(21.9339 2.22611 0)
(24.1112 2.99914 2.718e-18)
(26.5532 5.59169 0)
(25.0667 6.73375 4.6739e-19)
(24.6606 6.47685 -6.28676e-18)
(29.2871 8.5251 8.57408e-18)
(25.1799 6.57746 0)
(28.5622 8.48332 0)
(28.4081 8.51152 7.78072e-18)
(28.9058 10.7778 0)
(25.1715 6.91546 -3.18781e-18)
(23.3113 4.48876 -1.23972e-17)
(4.76193 -1.21639 -3.65381e-18)
(29.0059 8.17193 7.31838e-18)
(25.2384 3.13555 0)
(28.9873 6.24509 2.66153e-18)
(28.9551 6.04399 0)
(-5.84511 -1.82991 0)
(22.2807 9.64144 -5.9504e-18)
(25.1911 6.50715 0)
(24.9868 5.80069 5.92621e-18)
(27.8173 7.16068 -6.20294e-18)
(27.7666 6.98936 -5.89924e-18)
(25.3921 6.66169 -3.13514e-17)
(25.2076 6.52101 9.19001e-19)
(30.071 12.2802 0)
(-0.833573 -1.17465 -3.09705e-17)
(-0.174615 0.192838 -1.23358e-17)
(28.1933 9.65014 -2.03818e-17)
(23.2683 8.30921 0)
(25.0896 6.74793 1.04406e-17)
(25.5475 4.68574 1.00876e-19)
(9.64627 -0.358758 2.6829e-20)
(-4.27892 2.35676 6.60998e-18)
(25.4479 7.44067 -1.49744e-18)
(27.4899 4.44895 0)
(25.1077 5.82747 -3.98656e-18)
(28.647 8.39484 0)
(19.1419 14.2904 3.70846e-18)
(25.3323 6.47643 -3.8965e-20)
(23.2566 1.65865 0)
(24.9431 6.95833 0)
(24.8704 5.79142 -1.13598e-18)
(-0.669486 -0.725334 0)
(0.256471 -0.704457 0)
(20.3346 6.41094 -8.81545e-18)
(23.7185 4.05788 6.14655e-18)
(22.328 4.61059 -2.31238e-17)
(-9.02827 -3.96842 0)
(28.4576 6.6327 4.67856e-18)
(28.3956 9.65718 -9.40418e-18)
(10.9006 1.64606 7.53441e-18)
(24.5935 8.50445 -2.06907e-19)
(23.5499 3.48007 0)
(25.1236 6.78674 3.73078e-18)
(23.1991 4.66072 -1.50035e-17)
(26.421 7.128 -6.48672e-18)
(24.891 6.67764 0)
(24.9132 10.8714 -2.42779e-18)
(26.3808 2.01398 3.17948e-19)
(28.8994 10.871 -1.31222e-18)
(-1.37188 0.0927568 -1.43248e-17)
(24.9827 6.51988 0)
(22.528 10.7604 1.83448e-20)
(26.0386 5.94448 -1.64419e-17)
(22.4363 4.22401 5.77013e-19)
(12.5286 5.44669 -4.54658e-19)
(15.4308 12.391 0)
(14.8394 11.5749 1.21106e-17)
(26.5755 4.68953 9.52935e-19)
(24.8697 6.4828 -1.01197e-17)
(27.6768 8.68313 2.31132e-18)
(22.8308 1.6509 6.33537e-21)
(25.1455 6.46156 -7.18324e-18)
(21.2199 8.58226 0)
(15.4617 5.00506 0)
(30.4499 8.92348 5.15196e-18)
(25.8267 5.59502 -2.2606e-18)
(25.3809 6.42181 1.46447e-17)
(22.3415 2.77752 0)
(24.8029 1.60023 1.29243e-18)
(25.1669 2.79419 0)
(25.1739 6.53364 0)
(26.9687 4.52704 -7.31812e-18)
(17.7203 7.99551 6.84223e-18)
(17.7252 7.62028 0)
(29.7614 11.36 3.59572e-18)
(24.8998 6.37704 1.60955e-17)
(25.7929 3.19044 1.2454e-20)
(25.2463 6.52517 1.1424e-18)
(29.8778 9.6908 0)
(25.6504 13.9442 0)
(29.143 8.33526 7.77401e-18)
(19.1305 12.321 0)
(9.48363 3.17194 3.76228e-18)
(6.06774 9.05461 -1.35385e-17)
(35.7201 10.4583 0)
(30.4468 9.67592 1.66145e-18)
(-0.230005 -2.74978 -1.95793e-18)
(24.9501 9.06784 4.78026e-18)
(25.2719 2.92046 4.94037e-19)
(22.526 4.04702 7.26807e-18)
(29.7137 8.00274 -8.49685e-18)
(32.7852 8.22363 -4.78364e-18)
(24.2246 6.06744 7.63295e-19)
(28.6342 9.94627 0)
(29.7679 8.10852 0)
(23.2342 3.01626 0)
(27.9042 9.46282 6.53118e-18)
(27.6874 11.1031 9.67302e-18)
(27.1669 5.87416 0)
(28.7249 8.86387 -2.20312e-17)
(23.9348 2.66965 0)
(25.0632 6.53382 9.90438e-18)
(30.1527 8.24375 1.31258e-18)
(27.2267 12.3597 4.29911e-18)
(8.73376 4.5332 -3.04481e-18)
(7.7944 2.29166 8.25078e-18)
(26.6009 3.99284 -4.89953e-20)
(29.666 8.12404 -6.66065e-19)
(2.38808 0.510987 -4.92578e-18)
(3.12762 0.617928 5.56312e-18)
(21.2809 10.7603 0)
(29.9591 8.08195 -3.8562e-18)
(28.8055 4.99936 -4.62008e-18)
(26.3035 3.9309 0)
(33.8076 18.6139 -1.6146e-17)
(27.6597 5.44309 0)
(24.7637 6.88443 0)
(15.3889 3.52747 0)
(25.1058 6.64963 7.4483e-18)
(32.9425 5.90317 -7.22236e-18)
(30.6146 12.0574 5.78035e-20)
(29.7769 8.00634 0)
(29.564 8.21942 -4.49445e-18)
(30.6385 8.03341 -9.06499e-18)
(23.2527 10.0792 1.89522e-18)
(26.8114 11.1418 0)
(25.2405 6.48938 0)
(24.8894 3.85669 0)
(22.7064 3.75321 7.69839e-20)
(30.6294 10.7078 0)
(31.0099 13.3644 0)
(20.674 4.16558 0)
(25.3345 1.70159 -3.93273e-19)
(25.6885 3.603 -3.96806e-20)
(24.532 8.94262 3.68781e-19)
(23.6267 3.13886 3.46849e-18)
(22.6964 4.69095 -1.1809e-17)
(25.201 6.68325 0)
(25.8951 1.90323 4.89518e-19)
(24.139 2.66719 -2.04932e-18)
(18.6042 10.7327 7.91916e-19)
(26.1584 3.41752 -5.10906e-20)
(25.4554 1.79951 9.36806e-20)
(24.6013 6.93696 1.2566e-17)
(28.8608 10.2408 0)
(25.0176 6.4105 6.18678e-18)
(26.8592 9.46359 0)
(25.9635 8.60789 -1.18004e-17)
(26.0248 3.1856 -5.05773e-19)
(26.4538 8.01297 2.75505e-17)
(26.5998 8.947 5.90603e-19)
(24.0413 8.08021 -1.66815e-18)
(29.7397 8.12596 3.24155e-18)
(25.1314 6.81046 3.6638e-18)
(21.549 6.55363 1.39302e-18)
(22.6698 5.64442 3.01151e-20)
(25.2035 6.5516 -3.36458e-18)
(24.389 9.46712 0)
(27.1342 3.80606 -6.22153e-20)
(-2.49642 0.149766 -3.3611e-18)
(25.983 3.63682 -1.00038e-19)
(21.9638 2.28385 0)
(29.3275 8.28328 0)
(20.4405 0.14976 3.98935e-18)
(29.5371 8.00968 0)
(25.4368 7.14109 -6.19669e-18)
(32.2371 4.33725 2.35668e-17)
(23.0046 3.39787 7.6243e-18)
(25.556 5.5379 0)
(25.1326 6.72097 -2.16855e-18)
(25.1456 6.55041 0)
(25.1231 6.73712 -6.00478e-18)
(24.759 6.35827 -4.87187e-19)
(30.2615 8.27921 5.46575e-18)
(24.1122 13.0377 7.36016e-19)
(29.4165 7.98447 0)
(23.1079 3.30742 -1.08726e-17)
(29.2801 6.18216 -1.89373e-20)
(25.1455 6.52923 1.18662e-17)
(25.8284 10.8264 -2.34942e-19)
(28.1186 11.7572 -5.96261e-18)
(23.6671 6.43612 0)
(23.2994 3.14618 -3.94312e-18)
(25.5096 8.6764 -1.64493e-17)
(19.33 5.43075 0)
(28.2092 9.30737 -6.07179e-18)
(25.0577 6.46395 -7.33273e-18)
(25.1157 6.58455 -4.31504e-18)
(24.5138 2.81571 1.3911e-18)
(25.0931 6.78341 -3.62967e-18)
(29.7985 8.15371 2.79237e-18)
(24.2514 6.84869 8.79589e-18)
(21.6589 0.516065 -5.4707e-18)
(24.9981 6.46115 0)
(30.2888 3.55263 3.60606e-19)
(24.1355 5.21151 0)
(32.7375 7.26284 -5.66826e-18)
(22.6691 5.43597 -1.47015e-17)
(22.4444 15.0981 1.17437e-18)
(26.2037 7.16237 -9.95473e-18)
(23.4829 3.01982 -4.24768e-18)
(26.3488 6.33372 -2.01431e-17)
(21.1634 6.54835 0)
(26.1123 9.20633 0)
(22.3999 3.13874 -9.14711e-19)
(23.6517 2.9162 -3.85624e-21)
(0.140171 0.826024 -1.11291e-19)
(-0.748464 1.14342 4.94674e-17)
(26.9243 7.76345 -2.95518e-18)
(24.1108 6.39089 2.67405e-17)
(28.67 7.7013 0)
(24.5283 7.3045 -9.89262e-18)
(29.7231 8.00516 0)
(24.5523 5.95868 -6.57783e-18)
(29.549 3.12306 1.08527e-17)
(27.1215 7.26282 0)
(25.1921 6.5582 -5.01861e-18)
(26.089 4.59895 -2.2956e-18)
(27.3273 2.29961 -6.93541e-19)
(27.7022 10.7162 -2.39714e-19)
(27.2332 4.56742 -3.32662e-18)
(13.3693 11.4837 8.02062e-18)
(25.1105 1.58552 4.3313e-19)
(26.0685 3.31846 4.79073e-19)
(25.1719 1.60915 -4.72407e-20)
(19.6692 11.1742 2.99421e-18)
(19.72 10.7807 -1.18878e-18)
(22.7874 7.61558 -4.46208e-18)
(20.4257 5.01903 0)
(27.0673 2.11881 1.79357e-18)
(19.3637 1.26134 1.5406e-17)
(23.9518 3.2131 0)
(25.0635 10.705 -4.77201e-18)
(28.4657 8.57557 -5.90161e-18)
(34.7659 16.5906 0)
(-0.246233 0.849642 -9.81675e-18)
(14.2024 1.89575 -4.79092e-17)
(13.2523 2.17807 1.08385e-17)
(12.1017 7.01538 1.27173e-17)
(25.3358 1.75782 8.73365e-20)
(25.0379 18.5303 0)
(6.11619 2.25515 0)
(25.0411 6.94958 0)
(28.1691 11.8557 0)
(27.8643 6.36212 3.35569e-18)
(25.5972 3.16674 0)
(2.51939 -2.25985 -5.04677e-18)
(29.5015 6.52879 0)
(29.4801 6.7798 -6.20736e-18)
(22.863 12.4404 5.71637e-23)
(25.1048 6.71356 0)
(29.4382 8.03589 0)
(25.4008 2.88445 3.5998e-19)
(22.0431 2.02261 2.32349e-18)
(26.0919 3.41833 -8.4611e-19)
(22.8433 10.9584 1.1944e-18)
(8.93304 2.65729 -5.57393e-18)
(23.2344 7.87518 -1.09023e-17)
(25.4345 12.3132 -5.99204e-19)
(27.6212 5.61814 0)
(20.1895 4.82118 0)
(11.7423 2.68935 0)
(13.5316 3.0172 -1.19389e-17)
(24.9226 1.64583 -1.12416e-18)
(29.8682 9.0915 -2.78127e-18)
(29.9262 9.17309 2.65563e-18)
(24.575 3.85649 0)
(24.9574 6.33359 -8.48969e-20)
(22.3166 3.23615 -6.75297e-18)
(21.4442 2.40086 -2.27163e-19)
(12.4165 10.5325 8.7422e-18)
(25.1691 6.45941 5.1412e-18)
(23.2173 1.02197 0)
(23.1197 1.0418 0)
(27.8079 10.5262 -4.22472e-18)
(22.2323 3.33268 8.41853e-19)
(25.3333 2.73471 -5.71771e-20)
(24.5765 4.90783 0)
(23.2267 1.5519 0)
(26.0171 3.4151 -3.2016e-19)
(25.9412 3.40968 1.40673e-20)
(25.1326 6.75419 4.87825e-18)
(29.672 7.97859 0)
(8.50437 2.12331 -1.47488e-18)
(30.1073 8.02581 -1.95484e-17)
(25.1468 6.70514 7.37748e-18)
(25.459 3.179 0)
(4.73556 0.333323 9.92558e-19)
(24.8076 5.76129 9.19665e-19)
(25.8624 3.41123 3.31031e-19)
(25.1833 7.59542 -1.14841e-17)
(25.1089 6.48938 0)
(19.1741 7.59775 8.47247e-18)
(-6.11139 0.787438 2.34501e-17)
(24.7924 8.85153 5.02392e-18)
(25.3818 1.62873 6.24312e-20)
(22.2977 5.15693 -5.52975e-18)
(26.6358 7.6811 6.21312e-18)
(25.5319 3.17465 0)
(25.2371 6.50931 0)
(27.8824 6.98393 4.35332e-17)
(26.6691 11.3767 4.04966e-18)
(26.8844 6.20963 -2.43455e-21)
(24.9179 4.80779 -8.13874e-20)
(29.2261 11.4655 -3.78587e-18)
(25.01 6.66263 -2.40688e-17)
(27.1364 4.12236 3.83215e-18)
(19.2588 10.4954 -6.47781e-18)
(27.2852 12.8863 0)
(22.1641 3.43659 6.53991e-18)
(28.3028 2.54332 0)
(24.4427 14.6845 0)
(5.7816 1.14593 9.08205e-18)
(2.88207 0.575019 -5.53729e-18)
(26.7916 6.55332 3.2139e-17)
(27.2391 19.0186 -3.90081e-18)
(26.4883 20.0848 0)
(30.7282 9.80757 0)
(25.2607 4.79893 -2.48476e-18)
(26.8685 10.8728 1.41402e-17)
(19.2747 7.51647 4.68067e-19)
(19.0866 7.39972 8.08017e-18)
(20.1236 0.227211 -1.26718e-18)
(24.3849 7.42739 -1.19782e-17)
(19.7228 14.1521 0)
(23.4221 1.11022 4.21692e-18)
(22.1461 2.14607 -2.88406e-18)
(25.1317 7.98776 0)
(28.4471 11.5552 4.4616e-18)
(29.4711 3.06689 2.86004e-18)
(28.9926 7.85556 0)
(25.2003 6.53915 9.04163e-18)
(21.6528 4.56277 -2.36078e-19)
(24.6301 12.3973 2.1159e-18)
(11.2772 2.72915 -2.51986e-18)
(2.22701 -0.489664 1.04377e-18)
(24.6719 5.7212 2.76472e-18)
(29.3038 7.47915 -7.22411e-18)
(18.2635 5.41823 5.6593e-18)
(18.0728 5.66838 1.35097e-17)
(29.7186 7.99934 0)
(28.6707 6.41611 3.92523e-18)
(28.6931 6.60754 0)
(21.6158 11.6466 1.48577e-20)
(20.8147 11.1192 0)
(22.4834 15.4192 6.10754e-19)
(21.8689 15.3362 3.33076e-19)
(34.0516 13.9628 -1.1262e-17)
(19.4887 0.107421 0)
(21.5254 0.860184 7.53638e-18)
(21.4222 0.725947 0)
(30.344 8.23887 -2.42461e-18)
(18.2188 7.88141 0)
(20.7591 4.48096 -1.52128e-19)
(29.6061 8.53409 -4.83523e-18)
(26.068 7.15558 3.32985e-17)
(22.8203 0.747679 0)
(24.9597 4.99865 0)
(22.7834 4.63037 3.94554e-18)
(24.7931 6.84309 -5.81516e-18)
(25.1546 6.89227 0)
(26.0477 3.56062 0)
(25.0088 8.04597 -5.20386e-18)
(25.2815 6.79562 2.30655e-18)
(21.3784 4.33303 3.45702e-18)
(32.8396 7.8228 0)
(23.1823 23.9691 -1.18614e-17)
(23.8148 6.95008 -1.52632e-19)
(18.842 10.3948 0)
(1.02128 -2.91513 0)
(30.1345 9.63087 7.12921e-18)
(25.5051 6.21809 -1.21521e-17)
(29.592 8.82551 2.54222e-18)
(23.6829 7.87479 -1.37228e-17)
(-8.73536 -4.54889 -5.15039e-18)
(29.5454 8.03348 4.4197e-18)
(30.4842 8.56296 6.15749e-18)
(20.7836 4.29188 0)
(28.4586 10.0437 0)
(27.5372 6.04068 0)
(29.5308 7.94986 3.37014e-18)
(19.0224 8.58546 0)
(29.5265 8.15529 0)
(26.3177 9.11314 8.5822e-18)
(25.0173 6.50673 2.35349e-17)
(20.2453 8.28915 0)
(25.0785 7.17926 0)
(29.3028 9.61176 0)
(28.7151 10.75 -1.657e-17)
(25.0686 6.67828 -9.55212e-18)
(20.766 4.66466 8.41639e-18)
(25.0769 6.69631 2.38664e-17)
(-1.74832 0.19092 -3.04398e-18)
(25.0672 6.59678 -3.02663e-17)
(27.656 6.54317 9.72449e-18)
(24.7383 2.94142 0)
(7.21722 2.35884 -7.31967e-18)
(30.6631 8.35905 3.91938e-18)
(26.8785 2.06937 -6.41864e-20)
(25.1354 6.79463 0)
(25.316 6.70874 -2.13517e-17)
(29.1946 8.85897 2.96446e-18)
(21.3088 5.35781 -2.52107e-18)
(22.9364 8.38687 -8.96547e-18)
(22.8404 5.02982 -7.24465e-19)
(25.1283 6.61409 -2.86972e-18)
(30.1276 9.41609 0)
(29.404 2.61445 0)
(30.8912 25.939 0)
(22.4953 2.64837 0)
(-2.64132 -1.93316 0)
(24.2196 7.78031 9.93134e-19)
(26.9858 9.29058 -1.02658e-17)
(23.0165 0.810431 7.568e-18)
(26.8433 4.62672 0)
(27.1932 5.7932 2.10372e-18)
(24.5446 7.49803 1.24963e-17)
(13.0001 2.79879 -1.23018e-17)
(21.7497 6.50569 0)
(21.7245 3.27105 0)
(25.3385 7.2965 0)
(27.5704 5.73136 -4.39403e-18)
(25.209 10.5182 1.27678e-18)
(25.7987 7.56051 1.7082e-17)
(29.27 8.77412 0)
(22.7422 2.92479 0)
(23.8574 7.19685 4.77863e-18)
(22.0361 3.99378 7.13415e-18)
(27.0298 5.82667 -1.85671e-18)
(16.5299 2.9005 3.91832e-18)
(22.2764 2.84892 -2.61992e-18)
(23.2557 6.4318 3.61112e-17)
(19.2328 8.98108 1.41223e-17)
(28.6168 8.06051 -5.77968e-18)
(24.5627 1.39825 0)
(3.87702 1.01068 2.27479e-17)
(25.0404 6.45699 1.62951e-17)
(2.68864 0.371708 0)
(29.0153 9.6539 6.45753e-18)
(28.5199 10.7217 -1.293e-17)
(27.3801 10.2721 1.13079e-17)
(22.806 2.10878 8.66328e-19)
(24.729 6.37583 0)
(1.41977 -0.0336142 0)
(23.2275 11.0685 -1.14185e-19)
(27.2148 3.84083 2.18879e-18)
(25.8825 6.49627 1.68687e-18)
(20.7828 11.2837 -1.76121e-18)
(18.0211 3.97401 0)
(24.3948 7.10496 2.47754e-17)
(25.2291 6.50536 2.20021e-18)
(28.0058 11.6231 4.30207e-18)
(29.2163 8.07152 0)
(25.1978 6.51171 -1.68668e-18)
(30.9136 6.86821 4.51653e-17)
(29.8421 8.03578 -1.19914e-17)
(26.2978 3.47037 -7.72578e-19)
(22.9019 7.44766 -1.96247e-17)
(25.3317 7.80708 4.32566e-18)
(25.0818 6.56224 -2.65965e-18)
(-6.25866 -2.27413 0)
(29.5375 7.9707 -8.88413e-19)
(25.1343 3.63107 -1.57627e-18)
(24.0468 6.6336 -1.24911e-17)
(20.2271 5.90612 5.86184e-18)
(24.1523 6.96273 -5.47312e-18)
(25.3171 5.55469 -1.58512e-19)
(28.3007 6.39181 1.51544e-17)
(26.5186 5.94971 3.53204e-18)
(20.868 3.49436 -1.26938e-17)
(29.4998 8.11377 -9.00728e-19)
(25.2569 6.72623 0)
(25.2465 6.68999 0)
(22.6697 2.99768 -3.22328e-18)
(25.1517 6.68282 -1.05904e-17)
(25.0208 6.79624 -1.07962e-17)
(20.8031 8.1606 -8.02996e-18)
(23.7891 9.76773 1.02582e-18)
(24.8162 11.5118 0)
(23.2202 7.34141 5.85028e-18)
(23.4964 7.21664 0)
(29.6649 7.98424 0)
(25.0808 6.74477 0)
(25.1651 6.67433 -1.58346e-17)
(10.4198 0.907583 -3.5615e-18)
(22.9436 7.95905 0)
(25.2352 3.72821 -1.24506e-18)
(25.4879 2.90787 2.77677e-20)
(9.57125 2.04113 0)
(25.1119 6.45292 -6.94608e-18)
(19.6275 14.7633 -2.14638e-18)
(30.581 7.42646 0)
(3.54619 -1.05713 3.7062e-18)
(23.1192 8.2643 0)
(20.5352 4.12513 -1.79576e-18)
(25.0811 7.86623 8.89729e-18)
(25.3331 3.82642 0)
(26.2561 6.00435 0)
(25.1275 6.7686 0)
(27.1103 7.10422 0)
(25.9526 7.13369 1.36521e-17)
(25.0479 6.1472 3.01318e-18)
(26.7829 5.90278 -5.26966e-18)
(32.8027 5.37776 -2.73658e-17)
(24.3933 7.77694 7.06706e-18)
(20.4499 8.31693 7.13557e-18)
(4.66782 -1.63055 0)
(27.1846 5.01821 -2.89706e-18)
(25.0896 6.73712 -3.2637e-17)
(25.1859 6.60225 5.26169e-18)
(21.4852 5.21691 0)
(25.2509 6.48774 -4.089e-18)
(25.2698 5.76419 1.06911e-18)
(25.019 6.46277 -1.12303e-17)
(24.4746 2.80836 -1.45945e-18)
(24.2587 6.99652 -8.77406e-18)
(26.0625 8.31433 -1.04248e-17)
(27.3742 4.44674 1.17611e-18)
(27.3306 3.98152 -2.37853e-18)
(25.1468 6.62976 0)
(29.5508 7.93178 -4.48428e-18)
(29.6448 7.96331 1.86956e-18)
(-1.00289 -0.427278 9.55732e-18)
(24.6799 6.51211 6.07821e-18)
(27.3773 5.10911 -3.47354e-18)
(25.1493 6.84575 -4.98459e-18)
(25.495 9.82613 1.67923e-18)
(20.5897 7.77952 9.87699e-18)
(25.0639 6.77513 0)
(30.1836 7.72691 0)
(25.0924 6.3732 -5.0418e-18)
(22.5342 6.15162 9.11394e-18)
(25.7672 5.80668 3.68356e-18)
(25.9272 18.2404 1.50664e-18)
(24.9404 6.33656 1.04599e-17)
(-6.47725 -2.38896 -4.50493e-18)
(26.8357 4.95886 -1.0846e-18)
(25.877 9.19588 7.02176e-18)
(29.1543 10.3707 -5.38409e-18)
(23.7693 9.29178 0)
(20.7004 4.02145 -1.61948e-18)
(-0.145056 -0.324002 0)
(24.2068 6.31741 -1.08171e-17)
(28.386 8.09296 0)
(25.0334 7.23454 0)
(21.5561 6.01955 -3.3312e-17)
(25.1467 6.19753 1.1963e-18)
(25.5491 6.77648 3.57459e-17)
(25.6619 8.894 -1.06721e-17)
(29.5188 7.91306 -1.23462e-17)
(29.8967 9.57002 6.15502e-18)
(29.6352 9.6746 0)
(21.1002 0.307512 0)
(21.0743 9.68881 -4.12199e-18)
(28.9995 10.7365 0)
(8.81861 -1.2146 7.64947e-18)
(20.9929 3.25026 -1.6119e-17)
(28.8695 11.1658 -5.99435e-18)
(27.1388 4.18074 0)
(25.3462 10.3184 4.42185e-18)
(27.8042 9.61169 1.25099e-17)
(20.9455 7.99423 3.17157e-18)
(34.9901 21.8509 0)
(27.466 5.20803 0)
(21.7229 5.67647 0)
(24.6037 9.21931 0)
(24.8066 12.8479 -3.14781e-20)
(24.8248 6.80732 5.04606e-18)
(27.5642 2.22746 1.29637e-18)
(25.1498 6.41161 2.58118e-19)
(25.5779 7.03793 -9.62864e-18)
(26.8904 5.77991 6.11856e-18)
(25.1402 6.8696 -2.83904e-18)
(25.4948 8.35211 6.02233e-18)
(16.641 3.79115 6.24193e-18)
(25.0148 6.47162 0)
(29.7309 8.07791 2.74458e-18)
(29.4995 7.91532 -1.32602e-17)
(29.6116 7.96298 0)
(29.6734 8.05336 0)
(28.3948 9.43985 9.66063e-18)
(24.1987 2.6422 -1.90611e-18)
(25.1443 6.61611 2.0346e-18)
(28.9626 8.45936 -4.16787e-18)
(25.5862 3.60563 -3.13736e-19)
(25.4658 3.82018 0)
(26.1112 5.95945 0)
(26.3747 5.87903 -3.27243e-18)
(27.0844 9.11166 -9.80194e-18)
(21.0171 8.19872 9.00233e-18)
(25.0036 6.41089 -3.77716e-18)
(21.6651 5.10601 0)
(25.0043 4.11626 2.00394e-18)
(20.6614 8.35672 1.58275e-18)
(27.4655 2.12918 -1.27478e-18)
(27.3899 2.09547 -2.13209e-18)
(28.0908 11.1271 -4.0217e-18)
(29.5033 7.93183 -3.0726e-18)
(24.3538 12.0124 1.41813e-18)
(21.1033 3.96281 1.91414e-17)
(4.75019 3.34345 1.05645e-17)
(28.9191 8.67839 0)
(29.5476 8.42703 1.03042e-18)
(25.1357 6.78021 -7.1398e-18)
(24.9165 6.29784 1.37227e-19)
(25.4275 6.59429 2.06899e-17)
(28.3844 7.97918 5.03354e-18)
(23.6613 7.26015 0)
(28.2692 7.381 -2.20506e-19)
(24.7556 5.80991 0)
(29.8628 8.16057 1.2352e-18)
(25.3416 8.58142 -6.17411e-18)
(23.0378 7.30408 7.24941e-18)
(25.1123 6.61425 -1.46906e-17)
(25.2318 6.81725 -7.64055e-18)
(25.1063 10.2913 7.21875e-18)
(11.1434 2.81055 -1.31741e-17)
(8.34534 3.26809 0)
(23.4001 7.38523 9.70264e-18)
(24.8238 6.5018 2.65257e-17)
(25.1578 6.52577 -9.7463e-18)
(9.88296 -0.735106 0)
(20.9485 3.99941 1.61681e-17)
(28.3819 8.10331 -3.75326e-18)
(11.5433 3.0769 2.88067e-17)
(26.1024 3.50421 1.15385e-19)
(28.8569 8.57362 -8.90698e-18)
(27.1927 6.41453 -3.89138e-18)
(23.3555 14.3108 8.15823e-19)
(23.6024 7.11571 -2.19606e-17)
(22.986 2.78268 3.64792e-18)
(25.0911 6.77209 -4.50321e-18)
(28.8217 10.6176 0)
(35.3029 10.4813 4.96421e-19)
(18.4499 0.15118 -1.13334e-17)
(26.6619 6.02241 0)
(21.2629 3.92565 -8.57028e-18)
(22.6613 5.86889 2.67746e-17)
(21.5648 4.01253 0)
(26.1332 6.13364 -3.99694e-18)
(-3.087 2.12118 1.2754e-17)
(22.8547 3.20555 2.56393e-18)
(22.8278 9.6502 0)
(25.6264 6.47457 -1.07585e-18)
(27.579 5.25828 3.00522e-19)
(19.9926 5.34052 0)
(25.5049 3.50449 3.17528e-19)
(24.8753 4.00593 0)
(24.9921 5.52565 0)
(27.4053 4.73052 0)
(29.1612 10.4658 -2.72868e-18)
(24.7548 6.6149 0)
(25.0198 6.40964 7.72182e-18)
(25.6211 6.90773 -1.58407e-17)
(24.7244 3.38748 -2.36242e-18)
(27.7477 11.8729 1.01645e-17)
(24.6844 6.35649 1.27117e-18)
(21.8722 4.96662 3.3435e-17)
(24.8259 3.47202 -2.07995e-18)
(24.5475 6.61192 -3.70601e-17)
(29.1061 8.94062 -8.19016e-18)
(24.9561 7.97688 0)
(24.2236 7.90779 0)
(25.0979 9.16863 0)
(25.3284 7.25525 0)
(30.753 8.82853 -5.77615e-18)
(24.5419 7.1061 0)
(24.0731 8.15065 -6.66995e-18)
(25.1898 8.10978 0)
(25.1216 6.75813 -5.67052e-18)
(27.8969 10.3321 8.30519e-18)
(25.0429 7.75152 -4.10788e-18)
(27.708 7.78339 9.06554e-18)
(12.4688 0.226524 1.11824e-17)
(26.0143 7.04551 1.35739e-17)
(22.1142 9.54672 2.61385e-18)
(21.7508 3.98748 5.19359e-18)
(25.4378 7.06569 -2.58154e-17)
(24.3617 7.0126 -7.34876e-18)
(26.6767 2.10827 1.43328e-18)
(-1.73488 -2.28045 -4.08639e-18)
(31.8641 7.40892 7.23689e-18)
(24.8397 6.84711 1.66675e-17)
(24.7032 7.65096 -4.67059e-18)
(28.6116 8.64473 -6.54361e-18)
(29.7274 8.31323 0)
(14.8277 -0.164378 0)
(25.0972 6.72944 -1.52646e-17)
(27.5344 5.616 0)
(18.7131 5.52319 9.16793e-18)
(25.0084 6.44992 0)
(13.6681 10.8359 3.15366e-18)
(25.454 6.87847 9.52685e-19)
(25.0522 6.82435 3.4769e-18)
(20.5125 8.8144 -4.61486e-18)
(29.4675 10.1948 -1.33516e-17)
(24.6264 3.30648 -2.83789e-18)
(27.0818 4.12292 -1.85691e-20)
(-5.98219 -3.74881 -9.26791e-19)
(29.3287 8.15027 -5.381e-18)
(26.4214 6.84387 -5.647e-18)
(27.0585 5.98123 -3.86407e-18)
(26.6115 6.50025 -6.58215e-18)
(29.7169 8.08479 0)
(23.6742 1.66416 0)
(24.7448 7.84662 -1.64235e-19)
(19.0848 5.52284 0)
(25.171 6.48032 -9.08303e-18)
(26.1607 8.17173 0)
(24.5969 6.30534 4.27497e-19)
(25.2704 6.85095 -8.1547e-18)
(27.0363 6.96911 -8.10973e-18)
(22.5657 5.58363 -7.66093e-19)
(22.0716 4.88782 -1.57081e-17)
(26.6361 4.10695 -3.8984e-19)
(18.5881 5.94604 1.64675e-17)
(-0.321799 -1.05177 -7.66226e-18)
(23.8306 11.0838 0)
(25.0819 6.66823 1.23064e-18)
(25.2018 7.8768 -2.15683e-18)
(27.2432 10.0767 5.37819e-18)
(25.9723 5.91088 -6.65256e-18)
(29.3766 8.18876 5.40811e-18)
(27.1641 8.92497 0)
(24.2388 6.8936 0)
(28.9086 5.04704 0)
(28.3376 11.5757 1.51263e-18)
(25.3948 6.89632 0)
(26.347 7.16398 0)
(30.2231 10.6272 -2.11305e-19)
(24.6942 6.36226 2.22217e-18)
(25.3303 9.67975 5.0001e-18)
(24.6746 8.03908 0)
(24.4417 6.74891 0)
(25.2752 6.73268 0)
(25.5533 6.7593 0)
(28.4526 7.69765 4.91051e-18)
(26.6433 5.37589 0)
(24.3723 9.24878 2.93751e-19)
(26.5415 6.12323 7.47177e-18)
(24.9855 6.43942 1.60271e-17)
(9.72622 3.46176 7.43898e-18)
(25.7243 7.46539 1.95889e-19)
(20.8414 5.86068 -6.42389e-18)
(25.1301 6.84704 -1.59554e-18)
(25.465 10.0219 7.56194e-18)
(25.7161 7.51076 5.92688e-18)
(20.2156 6.37823 1.03802e-17)
(23.4841 7.76712 1.72239e-18)
(22.4302 10.5594 -1.08865e-18)
(29.6928 8.06008 0)
(24.6758 6.93786 1.00492e-17)
(6.74043 -0.544287 0)
(25.0912 6.74319 9.77082e-18)
(25.1955 6.51973 -3.74607e-18)
(26.9114 9.1323 0)
(20.902 9.75529 0)
(-2.74849 -2.55313 -5.223e-20)
(22.2811 4.81554 1.12987e-17)
(19.4353 14.4388 1.49975e-18)
(24.2232 2.6819 3.84637e-18)
(21.3425 3.18956 -2.87558e-18)
(27.2016 5.21909 0)
(22.9493 8.14536 0)
(24.595 9.03456 -8.17257e-19)
(24.2333 10.3454 9.81214e-19)
(-1.97864 -0.21052 1.71076e-17)
(22.1075 0.646857 -5.72535e-18)
(23.7383 2.97793 1.07771e-19)
(20.9283 4.75612 7.17542e-18)
(29.6461 8.59819 1.4067e-18)
(19.3029 5.55228 -4.4127e-18)
(28.2253 7.1234 -7.45565e-18)
(25.1342 6.76604 7.52101e-19)
(24.7139 6.76059 2.79082e-17)
(8.09982 10.1515 1.25501e-17)
(21.8826 4.26717 4.90159e-18)
(24.0045 9.89771 8.94357e-19)
(23.8306 9.05683 7.27285e-18)
(28.1055 9.25249 1.30134e-17)
(24.605 6.28694 1.18153e-18)
(25.0842 6.87989 7.01331e-19)
(15.6347 1.12279 2.68907e-18)
(29.7683 8.16491 -1.4256e-18)
(27.0076 10.0379 1.2659e-17)
(23.0036 5.1566 0)
(22.4458 2.90058 0)
(23.5578 3.43697 5.83092e-18)
(25.0878 6.70095 1.13416e-17)
(24.3556 6.04378 -3.37375e-17)
(24.1986 3.05054 0)
(25.9557 6.95093 0)
(24.849 10.6599 -2.16237e-18)
(24.0823 4.11438 5.20826e-19)
(28.7165 8.13106 -5.13273e-18)
(29.0405 10.2266 0)
(26.3 11.9269 1.53902e-18)
(28.1169 8.47556 0)
(28.0996 9.47841 -7.01118e-18)
(25.6902 10.4105 0)
(23.836 3.02286 0)
(20.792 0.642304 0)
(27.9865 5.15844 0)
(25.6734 1.83514 0)
(20.7323 8.82239 1.9415e-18)
(26.4426 3.58653 0)
(22.266 2.95688 5.36571e-18)
(23.9626 1.22387 -1.47256e-18)
(24.5324 7.76941 -4.02669e-19)
(25.0212 7.6414 9.72166e-19)
(25.1657 6.75195 0)
(29.5435 7.99372 4.63363e-18)
(8.81358 0.173899 6.51376e-18)
(26.0191 6.82522 -2.71057e-19)
(26.513 3.64703 0)
(27.244 10.7745 7.95882e-18)
(25.0186 6.68201 1.94159e-17)
(25.4021 6.55701 0)
(30.2531 8.58056 2.67966e-18)
(25.1785 6.8873 1.2804e-17)
(22.88 7.78972 -1.67366e-19)
(23.0365 2.7777 7.09346e-18)
(24.9768 6.59452 -3.31669e-17)
(26.0582 6.30007 -4.07635e-18)
(-7.79566 -4.20414 0)
(24.3065 2.80087 0)
(-0.668069 0.181937 -6.55183e-20)
(2.75586 0.75651 -3.94274e-18)
(18.9497 5.57153 2.47229e-18)
(11.1338 0.939377 6.73275e-18)
(24.9932 1.62902 0)
(28.933 10.0903 -4.18203e-18)
(29.8995 8.35771 4.80436e-18)
(30.4817 8.94007 0)
(24.0553 11.9458 7.9542e-19)
(7.61871 1.41072 -1.32989e-17)
(27.6689 2.26859 -4.15535e-18)
(25.0203 6.40092 0)
(24.8789 6.85237 -4.48856e-19)
(25.8337 5.87909 4.12021e-18)
(27.2183 8.73861 -1.66014e-17)
(25.0001 6.36016 -2.73373e-18)
(26.5588 8.58175 8.36502e-18)
(-0.646451 1.18663 -9.36151e-18)
(25.3306 4.96511 -1.662e-18)
(26.2527 6.82639 0)
(29.7262 8.06036 -2.74458e-18)
(25.5376 5.68457 0)
(24.2136 11.0979 -9.16186e-19)
(26.0515 7.12645 0)
(22.6016 8.11974 0)
(24.5696 1.45266 0)
(24.3477 7.93215 -6.17048e-19)
(28.8201 9.94406 -1.31745e-19)
(5.89243 2.98979 6.94124e-18)
(25.0591 6.55526 -1.08338e-17)
(4.24185 -0.744067 -1.13914e-17)
(25.1191 6.62791 -2.38716e-17)
(29.8446 9.39853 0)
(24.9307 7.40469 2.9563e-19)
(25.1882 6.49073 0)
(25.0884 6.75878 9.7105e-18)
(28.3379 7.51518 -1.24967e-17)
(26.6103 4.24254 0)
(31.0902 7.59654 0)
(19.905 6.60597 -9.11071e-18)
(31.7868 21.4065 -2.70402e-17)
(-6.34484 -4.09824 1.39844e-18)
(24.7079 7.93017 3.05105e-18)
(25.7275 8.27306 -1.31216e-17)
(28.6187 9.06118 -1.79154e-17)
(24.0683 9.35461 3.70972e-19)
(25.1201 6.75103 0)
(27.043 10.7253 -6.39811e-18)
(26.0433 6.64196 6.06901e-18)
(25.0199 6.4152 1.42135e-17)
(20.9292 8.79011 0)
(25.1281 6.45456 -4.84689e-18)
(25.3841 5.13544 -7.16808e-19)
(28.7076 9.79374 -6.21387e-18)
(25.4639 6.85008 -3.37621e-17)
(24.4738 6.0478 1.09095e-18)
(28.9088 9.89834 -1.0019e-17)
(13.5757 15.9697 0)
(26.5139 8.57178 0)
(26.1907 7.0052 -6.02281e-17)
(25.3499 5.9746 0)
(22.1937 8.62737 3.90669e-18)
(25.416 5.30143 7.90764e-21)
(24.364 9.0476 1.39155e-19)
(21.8142 3.48477 -3.63172e-18)
(23.9899 11.845 -7.95418e-19)
(29.4036 8.07846 -1.77699e-18)
(24.7277 6.44069 -2.82865e-18)
(25.127 6.57329 -1.5037e-17)
(25.1227 6.82672 0)
(28.0072 9.30678 2.66285e-19)
(26.6399 5.46369 0)
(-5.48579 -2.18021 4.0581e-18)
(25.9546 10.0778 5.44184e-18)
(24.578 6.65312 4.5756e-18)
(26.2637 7.04672 -3.16731e-17)
(25.5159 6.04111 0)
(26.5626 5.23651 0)
(22.4376 2.65803 4.49216e-18)
(28.5879 9.64734 -1.06115e-17)
(22.2857 7.29658 0)
(29.3427 8.59546 -6.87514e-18)
(24.7031 6.19321 -2.94576e-17)
(22.4693 5.52314 1.99731e-17)
(24.6172 6.16326 1.3043e-17)
(25.1691 6.52332 0)
(25.9725 3.57861 0)
(22.4236 9.62093 3.76401e-18)
(28.0987 11.6041 2.85376e-18)
(21.6727 3.30297 -5.65915e-20)
(6.03453 -0.0761748 -4.09533e-18)
(25.091 6.76206 -1.22121e-17)
(22.0522 5.45344 -1.90625e-17)
(27.1319 3.86036 0)
(24.7368 6.93258 7.5368e-18)
(28.5852 7.77663 5.75336e-18)
(27.8621 8.453 7.68112e-19)
(26.0864 4.57294 -1.46988e-18)
(28.6134 8.58206 -6.5938e-18)
(8.62944 3.38831 1.50841e-18)
(30.7518 8.91462 -2.69401e-18)
(28.1198 7.71775 1.55235e-17)
(25.2453 7.19429 8.21351e-18)
(13.3842 5.527 -3.59602e-18)
(25.3216 6.52727 -1.3109e-17)
(16.4871 -0.121316 0)
(29.6768 8.06147 0)
(27.3783 3.97614 2.45392e-18)
(27.9041 9.13319 9.87554e-18)
(24.7712 6.22904 -1.81226e-18)
(29.6303 7.95313 4.01925e-18)
(27.2608 3.83412 -2.30252e-18)
(24.7768 6.65746 0)
(24.9081 6.70452 0)
(27.3369 4.29832 2.2343e-18)
(22.0147 8.013 5.42992e-18)
(26.039 7.49963 -3.12459e-17)
(0.246726 -3.08226 2.81366e-18)
(25.0181 6.39886 -6.54845e-18)
(24.084 9.57115 -1.4775e-18)
(26.8996 8.7489 -2.4815e-19)
(28.2254 5.97433 -8.21543e-18)
(17.8537 6.93021 0)
(24.6545 7.16372 2.97618e-18)
(25.0042 7.54511 3.48882e-18)
(24.3267 6.74304 7.3085e-18)
(25.317 6.40006 -2.91137e-20)
(29.652 7.98961 -4.94276e-18)
(27.2651 8.55678 8.66219e-18)
(24.832 6.25922 -1.10431e-17)
(21.081 4.22088 0)
(29.1565 7.92599 3.56596e-18)
(24.3636 5.57296 0)
(25.1629 6.59501 -1.8266e-17)
(29.4999 8.38466 -4.013e-18)
(28.0614 6.5161 2.86477e-17)
(25.8729 9.48035 -1.20628e-17)
(25.3491 11.2396 4.22907e-18)
(27.2827 6.47576 0)
(22.9205 2.83689 -3.63878e-18)
(27.7278 7.45975 -2.84394e-18)
(16.4561 0.21434 1.94338e-17)
(35.9967 12.9888 -2.33795e-19)
(25.0701 6.51587 0)
(25.1658 6.7438 0)
(24.6081 11.059 -1.86065e-19)
(25.6332 6.24736 9.21015e-18)
(25.2187 6.86139 -2.11114e-18)
(26.6222 3.61631 -9.62409e-19)
(26.3222 8.30372 -1.42237e-17)
(28.4928 8.95188 1.56166e-17)
(25.1357 6.69632 -1.58951e-19)
(0.613452 0.150565 4.23659e-18)
(25.1749 6.59672 -1.2479e-17)
(14.1103 4.49532 -9.38051e-18)
(28.0093 6.83824 3.99751e-19)
(25.1279 6.71783 5.4447e-18)
(25.1128 6.73234 -1.53079e-17)
(25.185 6.58717 -7.6933e-18)
(25.1419 6.61712 -1.30331e-17)
(25.1135 6.73159 -1.94315e-18)
(25.0537 6.4805 3.72555e-19)
(25.1204 6.65976 1.96582e-17)
(25.1325 6.7026 4.91679e-18)
(25.1201 6.72944 0)
(25.13 6.52213 -7.95815e-19)
(25.2233 6.5239 -3.11075e-19)
(25.2342 6.53079 1.98976e-19)
(25.1351 6.57571 3.36761e-18)
(25.1139 6.73214 -1.38529e-19)
(25.0205 6.77295 6.74161e-18)
(26.159 6.29444 1.57825e-17)
(25.3315 7.05157 -7.98603e-18)
(23.5371 6.62287 7.84568e-18)
(26.0651 3.50194 0)
(20.2177 7.98336 1.15426e-19)
(25.0699 6.72082 7.53858e-18)
(27.7364 5.95713 0)
(26.7589 7.85429 -2.70366e-17)
(24.954 7.54408 -3.31312e-19)
(24.371 8.85348 0)
(22.4586 2.75688 0)
(24.7579 7.55144 -7.8696e-18)
(27.5963 8.41167 3.05061e-19)
(30.1157 8.44922 -4.49495e-18)
(15.5632 16.0912 -6.36019e-18)
(24.7221 5.65372 2.02205e-17)
(24.8707 6.30426 -1.18906e-18)
(26.0904 6.74423 2.68345e-17)
(26.1611 6.67152 0)
(25.0199 6.62195 2.06509e-17)
(33.8944 12.8694 5.51309e-18)
(23.1034 5.81846 1.0722e-18)
(27.5857 6.18924 4.75711e-18)
(25.1136 3.12583 1.25978e-18)
(23.7653 1.69571 2.41057e-18)
(24.6924 7.02193 0)
(23.1653 6.81951 -2.08916e-17)
(25.0326 6.56922 2.30171e-17)
(0.328761 1.14697 0)
(-2.60474 -0.271461 0)
(27.2249 6.24679 0)
(9.58086 5.21499 -4.03261e-19)
(24.6732 6.56982 0)
(22.7844 1.80072 -3.91867e-18)
(29.5209 8.07415 -2.03519e-18)
(29.7184 8.04917 -5.00563e-21)
(29.6111 8.56719 0)
(32.5503 5.7754 -3.83501e-17)
(26.2405 11.4837 0)
(25.3526 6.86946 1.07184e-17)
(16.3264 3.60959 0)
(28.1513 6.36225 2.26131e-18)
(25.4267 6.51313 -2.2393e-17)
(20.2565 7.16029 0)
(25.1176 6.8088 6.38004e-19)
(25.0158 6.87608 -3.39328e-18)
(21.2685 11.38 1.35123e-18)
(24.8959 3.1722 -8.15461e-19)
(25.038 6.6319 2.46401e-17)
(23.5135 11.8424 0)
(28.1485 8.506 0)
(24.9408 6.44748 -1.34083e-18)
(24.963 6.72793 2.83437e-17)
(29.7822 7.56418 0)
(26.7711 4.89145 0)
(25.3564 7.22743 0)
(25.1836 6.51194 0)
(30.282 8.14149 -5.5435e-18)
(25.2182 6.60582 0)
(25.0561 6.48064 1.41757e-17)
(26.0021 5.87515 1.809e-17)
(24.9989 6.47972 1.16395e-17)
(25.6668 5.83111 -5.21845e-18)
(28.5966 7.97739 -5.37126e-18)
(23.446 11.0164 0)
(24.1638 1.40049 -2.00651e-18)
(24.6123 7.05987 5.89334e-18)
(16.0695 3.6596 8.99873e-18)
(24.7898 6.92779 -1.79025e-17)
(25.0265 6.39458 -5.97166e-18)
(24.921 6.47735 2.26225e-18)
(25.2356 6.52358 -1.1247e-17)
(28.7007 7.94116 0)
(20.2245 8.40088 5.75249e-18)
(22.6305 0.824052 2.30442e-18)
(11.0861 4.00548 -1.14276e-17)
(24.4531 4.29991 7.1922e-18)
(19.5155 12.6913 -1.40551e-19)
(21.0274 8.46754 8.07206e-19)
(27.3241 8.35232 -8.27021e-18)
(28.3728 7.98001 0)
(24.2071 2.71369 -2.14207e-18)
(25.0013 7.44753 0)
(25.1204 6.73778 -6.48723e-18)
(-5.15215 -3.51974 0)
(25.1037 7.20626 0)
(30.3944 8.7489 4.37693e-18)
(26.7868 7.66778 0)
(31.6947 5.98702 0)
(8.14619 1.59826 -3.86475e-18)
(26.4911 5.45299 0)
(23.936 3.09195 3.35511e-19)
(17.9153 3.50455 -1.80253e-17)
(24.794 6.41384 -4.72793e-18)
(28.5237 5.96046 0)
(25.0717 6.93872 -2.17645e-18)
(27.9887 9.73707 -1.85845e-18)
(25.5869 6.38114 0)
(23.6361 1.50763 0)
(29.4151 7.43651 0)
(27.6844 6.05474 0)
(18.1807 7.19362 6.88538e-19)
(27.244 5.64861 1.08237e-20)
(25.1125 6.4528 0)
(25.4994 5.82076 -1.13981e-18)
(24.8353 2.90713 0)
(25.7661 1.86381 0)
(24.0469 12.5227 8.77634e-20)
(24.3897 8.66401 0)
(25.2639 6.90053 0)
(26.6016 6.73468 1.46619e-17)
(25.778 1.82214 -3.12183e-19)
(31.0587 6.12722 3.99101e-17)
(25.1357 6.47013 0)
(7.05774 -0.933535 -9.06592e-18)
(3.64073 -1.37554 -9.3163e-18)
(25.4774 7.13731 -6.80354e-18)
(26.9441 6.81712 0)
(24.9904 6.3196 2.61239e-20)
(28.5964 11.4288 -1.1972e-17)
(29.5267 8.00343 -4.25508e-18)
(21.8152 8.84661 0)
(25.0452 6.43606 4.16778e-19)
(28.7407 8.09081 -8.46892e-18)
(29.2662 5.88208 -1.20966e-17)
(24.9857 6.45936 1.37911e-17)
(23.5092 6.15178 -1.7237e-17)
(29.4385 7.92505 -2.80607e-18)
(28.5679 7.15192 -7.24633e-19)
(28.1064 7.41894 1.98619e-17)
(25.1197 6.65639 -1.0201e-17)
(35.8992 18.6956 0)
(27.9781 8.00841 -3.22328e-17)
(20.1412 5.72085 5.46214e-18)
(25.4785 3.11695 3.02381e-19)
(29.1129 7.34028 0)
(25.4878 6.3212 0)
(29.5345 8.01826 4.26053e-18)
(23.5903 6.97372 0)
(21.3316 3.86509 0)
(22.8084 4.26661 0)
(19.2103 3.42211 1.7623e-17)
(27.2174 5.94442 0)
(19.0235 12.6212 4.45628e-18)
(-4.93115 0.150006 8.17409e-18)
(22.3099 8.97427 4.20035e-18)
(23.8407 10.2916 -7.84732e-19)
(13.6855 5.41501 -3.5424e-18)
(25.0345 6.72375 1.23813e-19)
(25.0571 6.62453 5.39553e-18)
(28.3024 5.95306 -8.98405e-20)
(28.3154 7.25192 6.10111e-18)
(28.8709 7.28469 1.5593e-17)
(29.6338 7.97093 -4.60205e-18)
(2.12795 2.12104 1.02367e-17)
(13.2823 2.77772 -1.00147e-17)
(25.9236 9.28146 0)
(25.2568 7.13601 0)
(27.8384 6.17311 0)
(20.602 4.21897 0)
(14.6749 3.30965 -1.52434e-17)
(29.3665 7.92115 0)
(25.9282 6.75691 -3.71905e-17)
(24.8102 1.56026 0)
(25.2164 6.98011 -8.39796e-18)
(25.0455 6.39665 -2.39563e-18)
(25.0165 11.5667 2.3716e-18)
(23.2833 6.9596 8.05189e-20)
(24.7708 6.52083 1.60354e-17)
(26.5077 7.61269 0)
(25.2173 6.51972 4.64913e-19)
(25.1155 6.44916 1.27882e-17)
(20.81 9.52968 2.03412e-18)
(28.6657 7.25422 0)
(25.0986 6.68509 0)
(24.3587 1.73407 6.23029e-19)
(27.5201 7.72205 -1.67129e-17)
(29.6834 7.99167 3.25083e-19)
(29.2782 7.91716 9.8301e-18)
(26.2773 11.2535 3.41606e-18)
(27.2168 7.60299 -1.99746e-17)
(27.947 7.44158 3.73433e-17)
(25.1148 11.652 1.34095e-18)
(25.1694 6.84365 0)
(3.97452 3.04285 2.16752e-18)
(20.7041 4.75029 0)
(25.0871 6.52418 1.68442e-17)
(27.3394 7.16783 2.06171e-17)
(1.10315 0.305331 -1.02234e-17)
(22.1037 5.41965 -1.1896e-17)
(13.6957 -0.328198 -2.00102e-19)
(30.4709 4.38175 0)
(27.4968 5.2484 0)
(25.1796 6.52204 -5.42336e-18)
(6.74867 2.26749 -1.05635e-17)
(31.2237 9.26042 -1.38541e-18)
(29.713 8.03495 8.84159e-21)
(28.4918 7.24409 -3.32508e-17)
(24.4154 8.48299 -4.12608e-19)
(25.3441 6.69191 0)
(25.3473 2.82935 0)
(24.8652 6.39194 6.93216e-18)
(26.466 2.75793 1.86888e-18)
(22.056 9.6672 0)
(25.5117 6.78366 0)
(22.4625 8.77706 0)
(26.172 6.94012 8.46352e-19)
(23.3299 6.74407 0)
(25.1172 6.37448 0)
(16.2664 14.0558 -6.90213e-18)
(10.106 3.56897 -3.74848e-18)
(8.20905 4.86966 0)
(25.0818 6.71688 0)
(17.7599 5.57875 0)
(28.2938 11.6731 -4.70116e-18)
(26.0722 6.54026 5.40761e-18)
(25.2493 5.99971 0)
(23.9664 13.6164 -1.9906e-18)
(29.1534 8.59282 5.90394e-18)
(24.8437 6.23988 0)
(22.3957 6.78491 -7.70558e-18)
(25.3463 6.44208 0)
(16.3095 5.34572 4.11496e-19)
(-5.4565 -3.35136 2.04817e-18)
(25.9789 6.59144 4.83187e-18)
(24.2574 6.12396 0)
(22.1718 12.4008 9.52339e-19)
(25.2315 6.55655 8.05941e-19)
(21.909 3.10905 0)
(17.6699 5.24658 0)
(31.2467 6.32318 0)
(26.4499 6.6663 4.63259e-17)
(27.4095 7.57379 -1.26637e-17)
(26.3014 11.0315 0)
(24.4071 6.31742 -1.30749e-17)
(5.03367 3.37916 4.37768e-18)
(8.81487 3.63596 -3.81943e-18)
(24.9296 6.72436 1.06189e-17)
(27.6756 9.97104 -1.997e-17)
(18.7319 5.12943 0)
(27.9144 7.3554 -1.83636e-17)
(27.9635 8.98782 7.31954e-18)
(19.2905 4.6278 -1.63197e-18)
(15.4475 5.43317 0)
(22.3375 8.74796 -1.07242e-17)
(25.1318 6.55856 0)
(27.535 7.82882 5.0218e-17)
(25.1604 3.95931 0)
(28.6471 7.16305 -6.92479e-18)
(23.9732 14.2587 -2.45469e-18)
(29.3411 7.90029 -5.21899e-18)
(30.0066 6.46213 -9.57204e-18)
(28.9115 5.1608 2.24719e-18)
(24.9488 6.48593 0)
(24.1342 7.02332 0)
(20.2387 5.03547 1.21843e-17)
(22.0347 7.01221 2.03514e-17)
(26.4552 10.8173 0)
(26.3783 4.79487 0)
(26.1259 4.18973 2.45217e-18)
(27.46 4.78971 -2.02955e-18)
(25.6213 6.69504 2.76397e-17)
(25.3337 3.17527 1.38432e-18)
(21.9691 3.08142 -4.86011e-18)
(26.8241 2.10872 -9.47397e-19)
(25.2655 7.0814 0)
(21.8471 3.20207 -4.8733e-18)
(25.2573 6.5122 1.2321e-17)
(28.096 7.48593 0)
(24.9868 6.71804 0)
(24.799 7.20328 4.32826e-19)
(26.3017 6.61403 9.3451e-18)
(26.7461 6.65478 0)
(21.3958 6.52123 -4.17852e-18)
(12.5684 4.68047 7.06705e-19)
(25.431 5.45845 0)
(22.1804 11.3634 -2.92542e-18)
(29.6621 7.98715 0)
(29.6477 7.98424 0)
(15.2185 4.86592 0)
(27.3673 4.71124 -2.18074e-18)
(27.9008 9.5667 -2.57807e-17)
(28.9219 8.04581 5.17883e-18)
(29.0787 8.18683 -4.57583e-18)
(26.4564 6.45131 -4.28218e-17)
(19.5338 3.93826 1.25001e-17)
(22.5584 2.78705 3.98995e-18)
(23.0651 1.69062 -3.91668e-18)
(26.3279 10.8029 4.91036e-18)
(25.065 6.92133 1.32491e-18)
(25.5465 11.4145 0)
(23.2776 13.0536 5.14208e-20)
(30.4454 8.73562 -9.86781e-18)
(27.9787 2.23192 3.85282e-18)
(24.4416 8.31153 -2.20507e-18)
(25.0083 6.33857 -8.61233e-18)
(25.0762 6.741 -2.94204e-17)
(25.217 6.5247 -5.73672e-18)
(25.0862 6.73364 0)
(30.8393 5.92276 -1.04502e-17)
(25.2118 6.48721 0)
(26.519 3.52991 -1.11943e-18)
(22.8925 1.66004 1.04279e-20)
(25.0116 6.58259 3.53677e-18)
(25.1747 6.22728 -4.66503e-19)
(32.5154 12.7322 0)
(29.5331 8.26494 6.50371e-18)
(28.1565 10.8887 -4.80137e-18)
(29.3926 7.31413 -9.75399e-18)
(25.104 6.53299 1.17645e-17)
(25.7333 11.4192 3.24634e-18)
(23.0915 10.9047 4.88445e-21)
(29.5012 8.05825 4.2733e-18)
(26.7369 4.73084 -2.74605e-18)
(23.9833 8.68495 1.79956e-18)
(25.4295 5.79547 -2.6797e-19)
(30.209 9.61058 -3.08004e-18)
(25.0656 6.48317 -1.29125e-17)
(23.4118 10.8905 1.16331e-19)
(25.1022 6.66524 -1.65743e-17)
(29.5777 8.69969 1.10775e-18)
(0.605787 1.52373 -5.10101e-18)
(24.2852 8.64226 -4.11472e-18)
(26.1067 9.86291 -4.742e-18)
(25.0382 6.38843 0)
(25.1725 6.59687 0)
(26.689 7.66163 0)
(32.2104 5.54714 2.61396e-17)
(25.0929 6.71464 1.02501e-17)
(20.5851 6.47476 -1.46648e-17)
(24.651 6.58008 -3.96001e-17)
(26.505 4.39856 0)
(29.2795 8.36965 0)
(-0.758303 0.731395 6.89134e-19)
(23.8089 10.174 5.44953e-19)
(27.2384 7.69341 -1.13396e-17)
(14.4048 3.87699 2.9414e-17)
(29.9855 9.26984 -5.85038e-18)
(29.0806 5.74857 0)
(28.5555 7.92988 5.61583e-18)
(25.1795 6.67333 1.48332e-17)
(23.9981 6.86876 1.51605e-17)
(26.3439 10.5614 0)
(29.9578 8.25667 -5.18436e-18)
(18.8944 0.98021 -1.89089e-18)
(26.7067 7.80532 -9.23048e-18)
(25.056 6.4982 -1.52765e-18)
(28.364 5.85604 0)
(23.7745 6.16785 -1.99003e-18)
(20.6731 9.39743 0)
(25.1136 6.68248 -2.41425e-17)
(25.031 6.53659 -3.61167e-18)
(28.582 5.29089 2.99542e-17)
(3.48767 0.893378 -7.11512e-18)
(24.8525 6.32654 0)
(26.4634 5.7917 -1.70052e-17)
(30.5289 8.83967 -1.46594e-18)
(25.2644 7.02911 5.47776e-18)
(25.0718 6.76177 0)
(24.34 3.89944 0)
(25.1933 6.53879 0)
(32.6715 7.7928 0)
(27.964 6.42643 -3.65989e-17)
(-1.9957 -2.65346 6.01629e-18)
(-4.87504 -4.05972 -2.93662e-18)
(8.29612 4.57858 -2.57965e-19)
(25.0525 6.71951 -1.18806e-17)
(24.4782 8.16595 -4.14495e-18)
(25.1131 6.60371 1.46437e-17)
(24.6447 6.61355 2.61799e-17)
(24.9247 6.69001 0)
(25.0089 6.71134 -9.56481e-18)
(21.1682 4.26463 -4.26498e-18)
(26.3655 6.1769 0)
(25.0982 6.92233 7.35429e-19)
(27.0968 7.46366 1.72516e-17)
(25.2174 6.94054 -3.10682e-18)
(29.5347 8.23266 2.21862e-20)
(25.1186 8.14339 2.76261e-18)
(25.68 6.80396 -1.6925e-17)
(26.3528 10.3519 0)
(21.8279 7.60436 0)
(21.9039 6.66654 0)
(25.0435 6.63974 -1.93252e-17)
(25.4211 11.9769 1.13108e-18)
(21.9599 7.10281 0)
(30.7278 7.13836 -1.23014e-18)
(25.2149 9.64866 -5.00013e-18)
(2.78101 -2.52295 3.87764e-19)
(27.1555 8.52993 7.72768e-18)
(25.2008 6.52401 5.01399e-18)
(26.5772 7.11831 -3.12435e-17)
(25.1195 6.54193 -9.47145e-18)
(19.8611 6.99849 -1.10722e-17)
(24.6263 6.85716 0)
(24.753 6.26349 8.43301e-18)
(25.5352 11.6773 3.03984e-18)
(26.606 4.76877 -3.2874e-18)
(-3.12315 -2.59107 -1.11887e-17)
(25.0967 6.75906 1.05986e-17)
(25.1727 6.53131 7.80588e-18)
(21.9721 11.3393 -2.16683e-19)
(16.1938 5.13437 7.41825e-18)
(25.3196 6.45839 -1.10789e-17)
(21.7174 11.8994 -2.05809e-18)
(24.4385 10.2218 1.46078e-18)
(21.0065 7.73399 0)
(5.19256 -0.765066 1.93605e-18)
(28.9257 8.98498 1.47306e-18)
(24.5743 7.0454 -1.47545e-17)
(24.8245 9.47126 -5.96265e-18)
(20.7066 15.3654 0)
(25.1765 6.35913 5.22196e-19)
(22.1512 2.9469 0)
(24.9243 6.36106 0)
(24.9874 6.79239 0)
(25.9449 9.72572 -3.83272e-18)
(25.3231 5.31337 2.56418e-19)
(26.3582 10.1062 0)
(25.2456 5.00419 3.83777e-18)
(24.4721 6.11502 0)
(22.3612 4.72976 2.16627e-17)
(25.0247 6.41863 -6.37891e-18)
(24.8692 7.18888 -3.87539e-19)
(24.8808 7.01221 -7.36288e-18)
(25.1979 6.5217 0)
(27.0919 6.14333 -8.59233e-18)
(24.9869 6.58599 0)
(-7.81126 -3.76426 -6.83001e-19)
(29.1374 4.90472 -5.11425e-18)
(25.1082 6.70231 -6.38926e-18)
(21.9306 12.3549 -1.30654e-18)
(25.2624 6.98176 0)
(20.2406 7.85413 0)
(25.0619 6.5629 9.64575e-18)
(28.3379 7.72931 1.51295e-17)
(24.3917 2.90601 -6.50468e-19)
(22.102 8.15545 0)
(26.2358 6.74585 2.44416e-17)
(27.7789 7.2405 0)
(25.0303 6.70626 -7.74213e-18)
(25.7374 6.35623 -1.78914e-17)
(24.6962 6.68845 -1.12983e-17)
(11.919 0.970902 -3.50334e-18)
(26.3449 7.24764 0)
(24.5271 7.69951 8.09527e-18)
(25.3509 6.89034 -1.02016e-17)
(25.2445 6.52738 -8.89948e-18)
(21.1264 4.74951 -2.86757e-20)
(25.0169 6.51151 3.01881e-18)
(8.54533 1.32515 -1.12956e-17)
(24.6057 5.70275 -2.76128e-18)
(24.2494 2.96268 0)
(13.9963 16.8986 0)
(24.0282 6.1228 1.37992e-18)
(26.3596 9.88077 8.27915e-18)
(25.4546 6.82167 0)
(21.7624 4.07722 -1.48798e-18)
(23.8036 3.08905 0)
(27.6254 7.11544 1.23202e-17)
(23.3499 5.90915 5.77386e-18)
(24.9533 6.73971 -1.62307e-17)
(25.3095 6.67875 3.57636e-17)
(25.7629 8.20536 -1.87909e-18)
(7.44337 -0.48431 0)
(26.7249 5.23829 0)
(29.0882 10.5982 1.1045e-17)
(25.6632 6.84373 -1.78549e-17)
(24.9467 6.50049 -1.54126e-17)
(23.0647 10.6066 -5.12352e-19)
(16.3828 1.11964 0)
(24.8346 7.21327 -5.6721e-19)
(24.6945 19.0309 0)
(27.0255 9.90814 1.06384e-17)
(27.2995 3.88 -2.43524e-18)
(22.1259 9.10122 0)
(25.1243 6.44578 9.98251e-18)
(12.0072 5.91952 0)
(21.5082 10.2978 -1.32702e-18)
(26.1536 6.8772 -5.20697e-18)
(27.4702 7.00415 0)
(25.0277 6.40602 0)
(25.5536 6.39188 2.58097e-18)
(25.9914 4.83317 0)
(22.7345 5.65185 -1.62382e-18)
(25.2962 6.47258 0)
(25.1134 6.55908 -9.91164e-18)
(22.327 4.9363 0)
(21.8235 3.92181 0)
(24.5731 7.09796 2.21666e-18)
(30.205 9.5349 6.28701e-18)
(27.2608 10.6616 0)
(26.5754 4.12246 0)
(25.1611 3.14553 -1.09758e-19)
(22.2634 9.32639 -4.52319e-18)
(25.2581 6.94302 0)
(26.123 6.80173 -5.39687e-17)
(26.9391 7.03752 7.91115e-18)
(26.0901 8.10961 1.75242e-17)
(30.126 5.68696 1.59518e-17)
(25.5061 6.46348 9.96501e-19)
(25.2176 7.21881 0)
(24.0457 4.211 8.39161e-18)
(25.6042 6.87316 -2.07411e-17)
(21.3379 6.53769 0)
(22.1314 6.60273 0)
(25.6097 8.69406 1.82368e-17)
(23.0564 5.27498 2.69155e-18)
(25.0485 6.70323 0)
(13.988 0.987679 3.33e-18)
(27.4166 4.02604 -2.54359e-18)
(24.65 2.84948 0)
(5.80819 -1.97186 -8.46013e-18)
(25.1128 6.73456 -2.00116e-18)
(25.1244 6.65664 -2.99654e-17)
(25.1129 6.73391 3.50477e-18)
(24.8887 6.43432 -3.73197e-19)
(25.1321 6.71486 8.66527e-18)
(25.1114 6.73375 7.21799e-18)
(25.1342 6.70689 -1.0405e-17)
(25.1683 6.60969 5.72613e-18)
(25.135 6.69663 7.80106e-18)
(25.1415 6.64332 3.90643e-18)
(25.1828 6.60054 1.48586e-18)
(25.1129 6.73499 5.08638e-18)
(25.1587 6.50722 -1.59037e-20)
(25.1162 6.667 -5.46072e-18)
(25.1138 6.73539 2.40732e-18)
(25.1418 6.62437 1.08434e-17)
(25.1211 6.73161 6.3688e-18)
(25.1377 6.54688 0)
(25.1331 6.55962 -2.37047e-19)
(25.124 6.72916 0)
(25.2175 6.53542 3.50262e-19)
(25.2195 6.54423 3.54978e-19)
(25.1147 6.73456 -3.39407e-21)
(25.1379 6.60798 -4.13866e-18)
(28.3619 8.35288 -4.27234e-18)
(29.2728 8.16016 4.13234e-18)
(22.9402 9.60621 -2.56424e-18)
(22.5309 10.6239 5.36752e-18)
(20.1844 6.25906 -1.07466e-17)
(29.4311 8.04592 -6.58923e-18)
(24.2032 11.5934 0)
(25.1242 6.6572 1.7964e-17)
(29.5102 8.44743 0)
(18.7698 5.75275 3.70345e-20)
(26.711 5.51584 -2.36112e-18)
(29.4978 7.99781 -4.26977e-18)
(24.9952 3.16847 0)
(25.783 5.59264 0)
(25.3806 3.19599 0)
(29.1159 2.67647 -2.51836e-18)
(22.5429 6.0243 4.0899e-17)
(27.8351 6.63731 3.01629e-18)
(29.3487 8.03332 -9.74812e-18)
(26.0659 8.5856 -1.39937e-17)
(25.0629 6.7277 -1.56834e-17)
(25.2354 6.89157 0)
(21.9382 5.09652 -1.453e-17)
(26.4461 6.29875 -6.18454e-18)
(28.251 6.14281 -1.48354e-17)
(25.1727 6.64457 2.53677e-17)
(24.7821 3.52847 4.08428e-18)
(26.633 3.46192 -1.37415e-19)
(25.1895 6.91994 -4.4779e-18)
(29.2612 8.0144 0)
(21.7288 6.36895 -3.94053e-19)
(25.0083 6.40726 0)
(29.143 7.98501 4.88221e-18)
(20.9346 7.30728 -1.22082e-17)
(25.7076 1.80633 2.01448e-19)
(21.2863 4.02094 1.18625e-19)
(22.3432 6.55261 0)
(25.276 6.48575 -4.6254e-19)
(22.6778 7.91857 0)
(25.1877 6.52113 0)
(-5.50298 -1.64539 -2.4864e-18)
(25.0594 6.51586 0)
(27.6205 5.34942 -2.36773e-18)
(24.6988 6.54495 0)
(28.5899 4.89596 -2.45079e-17)
(24.2875 6.78567 -2.76963e-17)
(29.0172 7.95283 8.49748e-18)
(28.4456 7.88091 2.87273e-17)
(26.9815 9.05089 2.46128e-17)
(25.7838 9.57357 -6.36933e-18)
(28.8857 7.91691 0)
(24.0336 3.78326 7.28272e-19)
(9.18933 -1.3488 -1.3917e-17)
(23.4563 10.6724 7.66903e-19)
(25.2585 6.52118 6.08032e-19)
(28.647 9.15089 8.96762e-18)
(22.5414 3.11004 -5.35675e-18)
(28.0214 5.7958 0)
(0.2806 -2.94129 1.61719e-18)
(25.3108 5.82559 -4.83993e-20)
(23.9711 3.33952 -1.09423e-18)
(29.4263 8.58147 1.32801e-18)
(25.2306 6.48922 3.3826e-18)
(25.2288 6.59576 -2.97055e-18)
(23.1007 6.90577 0)
(24.249 6.3746 3.36469e-17)
(25.2306 4.10241 1.98839e-18)
(20.5672 0.0931755 -9.31751e-18)
(26.2449 3.62 0)
(21.0291 11.6731 6.06763e-18)
(-3.58194 -3.58851 -4.58393e-18)
(25.185 6.58787 1.14656e-17)
(16.2588 2.20633 1.22042e-17)
(-1.70133 0.507494 0)
(21.764 7.17936 1.38449e-17)
(24.4002 6.66885 -1.12593e-17)
(29.3575 9.95579 0)
(23.6628 7.59613 0)
(5.33466 -1.54297 0)
(27.762 8.24772 6.75062e-18)
(24.825 4.07099 -2.49944e-18)
(-7.3157 -2.7915 -1.53483e-18)
(25.1567 6.7593 0)
(22.284 5.386 -4.88695e-18)
(27.6932 5.79291 -4.09004e-17)
(7.05335 4.20813 0)
(25.1785 6.54585 0)
(12.1076 -0.274485 -9.162e-18)
(21.5673 5.32557 -9.51695e-18)
(25.112 6.47564 -1.44204e-17)
(29.0899 9.00371 1.90167e-17)
(24.9835 6.632 -7.29401e-18)
(4.41852 2.43601 8.14331e-19)
(27.4256 5.80608 7.92759e-18)
(25.0851 3.67572 -3.27322e-19)
(28.8347 8.69646 -1.02638e-17)
(12.4386 1.76794 0)
(25.2747 3.88188 -1.75413e-18)
(25.473 6.31934 0)
(31.1654 8.7279 1.80905e-17)
(13.1626 -0.506655 9.57746e-18)
(26.1577 11.5841 -3.88286e-18)
(25.2801 6.14672 5.68146e-19)
(25.0746 6.68446 9.65623e-18)
(24.8511 6.37594 2.20665e-17)
(29.4787 8.08912 7.37395e-18)
(23.5327 10.4461 0)
(25.2169 6.52129 0)
(20.1873 7.262 0)
(23.5176 7.01214 2.70759e-18)
(22.7248 3.04931 6.86542e-18)
(24.9169 6.86219 1.06414e-17)
(24.8144 2.93778 0)
(28.8719 8.12196 0)
(27.6205 2.33726 4.15691e-18)
(25.2582 6.49676 0)
(24.6213 6.73334 -1.59104e-17)
(26.9364 8.57081 0)
(29.231 9.56185 3.53037e-18)
(25.3652 6.43932 0)
(25.1204 6.64699 0)
(27.7876 6.71221 3.13869e-18)
(0.665348 -0.773706 0)
(24.3909 10.9621 0)
(24.6537 2.80791 1.57145e-18)
(29.6307 8.75624 3.69014e-18)
(24.7849 10.911 0)
(23.8785 2.69508 0)
(26.1719 3.45568 -1.32869e-18)
(25.2047 5.88633 8.31961e-19)
(24.9485 6.42871 4.38175e-18)
(27.4645 4.49559 -2.47307e-18)
(24.8571 6.41918 -1.47404e-17)
(29.1231 8.81563 1.10253e-17)
(25.098 6.77815 0)
(25.0262 6.38271 4.45715e-18)
(22.4556 9.19644 -1.79251e-18)
(25.1574 6.52695 0)
(26.6535 6.81432 -1.47231e-17)
(25.1494 6.53594 -1.48757e-17)
(22.1427 14.3763 -4.4238e-19)
(27.9866 10.2967 0)
(25.009 6.56981 0)
(24.7468 6.36309 -7.07192e-19)
(25.2093 6.53902 1.64211e-17)
(24.8697 6.45851 -6.61063e-18)
(19.9403 5.07545 -4.77174e-18)
(20.5416 5.01702 1.28002e-17)
(29.6351 8.79816 1.22974e-18)
(26.5715 11.7847 0)
(20.8712 4.47714 -8.6237e-18)
(25.9001 8.52026 1.20688e-17)
(24.6078 6.97282 1.38104e-17)
(26.9346 4.0328 1.47678e-18)
(24.5383 2.86086 -1.303e-18)
(27.6957 10.4631 1.29047e-20)
(24.8232 6.3655 -1.51996e-17)
(25.6182 3.22075 0)
(24.8845 6.4916 -2.20851e-17)
(25.134 6.57416 1.13389e-18)
(25.2088 6.84815 7.65591e-18)
(29.0959 8.22687 2.64748e-18)
(16.9307 2.43805 0)
(25.4711 3.23712 0)
(24.9646 6.49945 -7.05411e-18)
(25.8688 3.46775 -2.61382e-19)
(22.4531 3.17549 -1.93559e-18)
(30.8089 8.98011 1.25009e-17)
(25.7776 6.51353 0)
(26.7468 6.37929 -3.01025e-17)
(22.3009 3.38314 -5.78646e-18)
(26.7685 9.39013 0)
(25.3574 6.46977 9.66428e-18)
(25.1177 6.57508 0)
(23.0481 0.954669 1.91834e-18)
(23.368 10.0073 -1.19895e-18)
(20.4104 6.95852 0)
(27.0167 8.39489 2.56393e-17)
(26.7895 4.41486 0)
(22.9985 3.64057 -1.19105e-19)
(25.032 6.45468 0)
(25.1093 6.46612 1.4692e-17)
(24.2709 9.47326 -2.34043e-20)
(29.0141 8.32395 4.2507e-18)
(12.8995 4.76312 1.24687e-17)
(23.7596 2.78353 2.1691e-18)
(30.8198 9.02367 -2.57343e-18)
(25.11 6.79368 -1.74128e-18)
(9.78146 3.36557 3.74435e-18)
(29.6036 8.98285 -2.73016e-18)
(26.8679 11.7014 0)
(23.9037 2.83777 1.34541e-18)
(27.074 7.89174 1.35602e-17)
(28.4137 8.45703 1.02048e-17)
(25.3597 6.68055 2.98837e-18)
(11.2493 4.81198 7.20028e-18)
(24.9792 1.59845 5.61484e-19)
(25.2234 3.22044 1.12647e-19)
(24.2339 12.0314 7.45227e-19)
(24.8818 6.96483 7.48955e-18)
(27.571 11.0119 -1.02649e-17)
(26.2078 4.82715 7.24937e-18)
(29.0371 9.36338 0)
(25.1073 6.71914 0)
(21.1876 10.2453 1.01535e-19)
(24.9747 6.61847 2.45328e-17)
(21.4829 4.35991 -1.55649e-18)
(24.0847 6.5318 1.50339e-17)
(30.9603 8.37062 0)
(25.185 6.63872 -4.92969e-18)
(24.3425 6.95792 0)
(31.8699 8.84533 -1.19062e-17)
(25.2546 3.18646 0)
(27.036 7.49809 0)
(23.8098 4.51091 0)
(21.8098 6.75311 5.88539e-18)
(0.906277 -2.89599 0)
(29.4096 2.39034 5.15983e-18)
(20.4942 6.5556 0)
(16.3104 5.78689 0)
(28.4818 9.18999 0)
(23.5204 6.4753 -1.73402e-17)
(20.7923 4.04985 -1.49189e-18)
(26.6077 8.35062 1.68501e-17)
(23.3122 4.71494 -3.1047e-19)
(24.9969 6.73901 -1.17809e-17)
(13.1265 3.15238 0)
(22.125 9.32713 5.38073e-18)
(20.4022 8.75542 0)
(24.8746 5.86268 5.96404e-18)
(28.498 8.43304 -1.08701e-17)
(25.1624 6.63652 -1.3365e-17)
(23.3153 4.836 1.01588e-17)
(26.4388 7.91156 0)
(26.8121 4.75358 -7.8623e-19)
(24.6625 6.43936 5.59014e-18)
(26.5641 6.08237 0)
(25.74 6.66204 0)
(20.4745 3.30895 -1.65542e-18)
(19.0157 6.18431 3.53543e-18)
(26.876 8.2615 -1.51717e-17)
(26.1928 6.49869 0)
(24.4882 5.61823 -9.39982e-18)
(25.48 7.48834 1.59712e-17)
(27.2223 11.1466 0)
(23.6471 4.26556 -2.49867e-19)
(25.0328 3.13558 -1.52344e-18)
(27.1798 11.4637 -3.62467e-20)
(25.2077 5.42052 -7.38458e-19)
(24.6033 6.26525 -1.04553e-19)
(26.9157 4.93854 3.61258e-18)
(27.6235 5.54599 0)
(29.2681 8.26644 -5.85589e-18)
(25.0869 5.88731 6.40164e-18)
(23.7075 8.2639 0)
(6.89912 1.76501 0)
(28.8137 7.61747 1.94624e-17)
(28.7837 7.70722 -5.68355e-18)
(26.6591 8.74149 -1.01945e-17)
(29.4679 4.98251 -2.30522e-17)
(25.103 6.75043 0)
(24.5351 6.03078 -1.7273e-17)
(26.8504 10.6134 -9.13297e-18)
(28.7903 7.80558 -6.38305e-18)
(26.4134 8.35773 0)
(27.5418 5.5452 1.95221e-18)
(24.5297 6.2106 -1.4432e-17)
(28.2933 9.60629 1.25086e-17)
(29.0805 8.30521 0)
(24.6597 7.7606 3.81735e-18)
(26.7429 8.11829 2.43936e-17)
(26.4331 6.38331 3.73476e-18)
(22.5364 6.38927 0)
(29.2039 8.27998 5.52881e-18)
(25.4173 6.85803 -1.3464e-17)
(20.794 6.30794 -1.61706e-17)
(26.7774 6.8268 -5.28212e-18)
(26.476 9.65395 1.55134e-17)
(25.1723 6.65405 0)
(27.3584 6.79271 0)
(22.7855 7.73358 1.56991e-17)
(24.889 6.53124 -1.8328e-17)
(25.517 6.26776 8.21885e-18)
(28.3763 7.78172 -2.44652e-17)
(25.0073 6.64237 -1.20875e-17)
(28.0981 9.58346 0)
(26.3783 3.6893 0)
(25.1467 6.46998 -5.98947e-18)
(27.5817 10.891 4.48231e-18)
(26.6182 7.98489 -6.76975e-18)
(28.1424 6.22122 4.20434e-18)
(28.2496 8.55917 8.53754e-18)
(25.1681 6.89769 2.94004e-18)
(25.0596 6.42114 -4.76167e-18)
(29.7344 8.10601 -1.13592e-17)
(25.0322 6.42869 1.53827e-18)
(29.9681 8.36907 3.33816e-19)
(24.9788 6.47723 2.14459e-18)
(28.868 8.3288 3.68642e-18)
(24.9419 10.7479 4.47521e-18)
(23.3671 7.97832 0)
(26.9166 10.7261 2.88741e-18)
(25.3702 6.39429 -3.71395e-20)
(-6.68899 -3.78901 -7.60511e-18)
(-8.11736 -3.40602 4.76704e-20)
(28.463 5.91489 4.2805e-18)
(23.772 2.87273 -1.43393e-18)
(24.2643 2.69072 0)
(27.6757 6.78802 -5.34655e-18)
(23.8058 3.20419 -4.19539e-18)
(24.9041 6.41397 1.67287e-18)
(28.2574 8.4133 -2.61526e-17)
(25.9667 7.15105 0)
(23.3674 9.87374 -1.30328e-18)
(24.7905 6.86812 5.72864e-18)
(26.4195 3.65495 1.05927e-18)
(25.4509 7.90778 0)
(28.7269 8.31482 -6.75401e-18)
(24.5174 2.89428 1.28501e-18)
(21.44 2.47549 3.31394e-18)
(25.2869 6.71971 -1.36718e-18)
(23.0309 9.80455 2.26755e-18)
(23.1485 9.87285 1.88951e-18)
(28.0993 8.36752 -7.64429e-18)
(25.4156 6.79308 3.89381e-17)
(25.1963 6.51244 0)
(23.8141 3.33239 -4.91907e-18)
(26.8922 4.56995 3.8209e-18)
(24.5907 7.59739 6.59078e-18)
(26.1409 9.64589 -3.92214e-18)
(27.945 8.30679 6.18271e-18)
(23.8294 3.62957 -1.96152e-18)
(24.9089 6.29504 -1.3162e-18)
(25.7495 8.0277 3.39148e-17)
(27.545 6.87062 7.40216e-18)
(21.2113 0.553187 7.83003e-18)
(23.8582 3.96349 0)
(23.8187 3.47346 -4.35066e-18)
(23.8409 3.78402 8.34256e-18)
(25.1313 6.79991 0)
(25.9365 8.42694 0)
(20.7987 3.53604 -6.43241e-18)
(27.7912 8.22749 0)
(25.0976 6.7164 -1.91325e-17)
(25.1165 5.20811 6.47289e-18)
(21.5165 4.46177 0)
(23.3431 6.09677 -2.29587e-17)
(27.6436 8.13961 -1.74845e-17)
(25.7392 7.29668 1.0596e-17)
(25.3056 7.05844 0)
(28.1996 6.05537 -3.68196e-18)
(0.897026 -2.83326 0)
(25.9814 6.0167 3.6961e-18)
(25.2725 6.6285 0)
(29.7782 8.12755 -8.39002e-18)
(22.5013 5.07656 -8.81833e-18)
(25.8272 3.49363 2.23455e-19)
(21.7449 3.54079 0)
(26.1362 7.11881 -2.54087e-17)
(25.4409 3.26745 0)
(25.9422 4.90412 6.73226e-19)
(26.3729 8.92185 -1.83568e-17)
(25.0287 6.84716 0)
(24.078 7.96956 -4.03555e-21)
(27.6895 10.3354 -1.46414e-17)
(24.6439 6.91197 -1.13782e-17)
(28.817 10.7134 2.39356e-18)
(26.2301 4.61111 0)
(24.0663 4.41025 -1.89453e-18)
(24.4407 9.34623 -3.7698e-19)
(26.6954 11.7975 0)
(27.0831 5.89103 0)
(29.7956 18.2199 5.07583e-18)
(26.4998 4.20046 2.69221e-19)
(29.4629 8.23731 0)
(22.6779 5.2221 0)
(24.324 6.7804 0)
(26.4416 3.76188 2.25344e-18)
(-5.92363 -1.90923 4.93743e-18)
(25.3704 6.61706 0)
(22.89 0.994431 0)
(-6.55487 -2.36776 -1.35642e-18)
(26.4032 4.2822 -1.89838e-18)
(20.8452 8.99952 -3.26073e-18)
(26.3036 4.36115 1.77515e-20)
(26.1984 4.46649 -2.63868e-18)
(29.3832 8.24335 4.99113e-18)
(22.8923 7.56083 -8.84376e-18)
(22.606 3.09342 0)
(20.8207 4.13297 -3.10143e-18)
(25.0895 10.5657 5.61995e-18)
(26.7674 7.05382 5.89227e-18)
(25.5494 3.04389 2.24144e-19)
(24.5157 3.06703 -2.06817e-18)
(25.4172 7.10304 1.22191e-17)
(26.0192 7.97839 -8.13076e-18)
(24.5181 2.97777 0)
(24.5035 3.16819 3.79694e-18)
(25.5323 6.29199 -1.2482e-17)
(28.4377 6.00528 0)
(29.042 8.83496 -1.32142e-17)
(18.8689 8.63746 0)
(29.1475 8.14888 9.39328e-18)
(24.4996 3.2832 3.48405e-18)
(27.5766 5.6546 0)
(25.1028 6.38447 8.49011e-20)
(24.9787 6.44307 5.33001e-18)
(25.0039 6.47151 0)
(26.4507 3.63753 0)
(25.195 6.47649 4.3929e-18)
(29.1446 9.5704 -3.50116e-18)
(25.1395 7.90875 -9.40741e-18)
(30.8337 7.39813 1.09338e-17)
(29.0048 8.14029 7.88876e-20)
(25.1378 6.56456 0)
(25.5494 6.83579 -3.43532e-17)
(26.5811 6.58524 1.28753e-17)
(23.6419 10.9534 0)
(26.7925 5.10643 1.53487e-18)
(26.5819 7.06175 -4.82455e-18)
(29.4096 8.44973 -1.71676e-18)
(24.747 3.65719 -4.67114e-18)
(25.3638 6.48533 -1.30458e-17)
(26.0134 7.10583 0)
(29.5247 8.67802 0)
(31.2901 8.29338 0)
(24.8194 6.83084 0)
(27.0713 4.08218 -2.5037e-18)
(26.3966 7.06365 5.03484e-19)
(25.1522 6.87496 0)
(22.7128 3.10475 -7.07449e-18)
(25.6739 3.31767 0)
(25.3995 3.4645 -1.18901e-19)
(25.4162 3.35878 8.64287e-19)
(24.7169 3.80967 -3.23564e-18)
(25.0888 6.61712 0)
(24.2142 11.8222 0)
(25.994 4.26948 0)
(21.418 4.15165 5.52932e-18)
(28.586 10.9966 1.46991e-17)
(25.1749 7.7102 -7.62049e-18)
(27.5731 10.1504 1.85627e-17)
(26.1328 9.07659 -5.12428e-20)
(-6.80453 0.644055 0)
(25.1357 6.61928 1.49627e-17)
(22.2346 7.99272 3.86753e-18)
(26.8703 4.49731 0)
(28.6206 10.6827 4.44052e-18)
(25.1331 6.78552 2.48765e-18)
(25.2947 3.98414 1.20464e-18)
(27.4672 9.96212 1.0869e-17)
(23.6182 3.38979 -6.89276e-18)
(25.0143 6.40566 6.93172e-18)
(24.7001 5.5759 -1.08237e-17)
(26.677 11.3081 6.16288e-18)
(29.4659 8.69977 3.82671e-18)
(30.0256 8.11028 2.10298e-18)
(25.1235 6.59114 -1.40643e-17)
(25.2185 10.3796 -3.77909e-18)
(27.5225 5.76277 0)
(21.8473 9.06965 0)
(26.9502 5.84572 -6.27085e-18)
(6.89922 -1.12909 0)
(25.2413 6.53564 -9.28948e-19)
(26.3437 6.28952 7.61579e-18)
(24.7472 6.56868 9.34306e-19)
(26.4355 5.96115 -6.26459e-18)
(25.2187 6.5618 7.09618e-19)
(23.0173 7.41297 8.19118e-18)
(20.3588 8.24261 2.57666e-18)
(23.9874 2.71802 1.25259e-18)
(16.7013 0.384397 -1.57956e-17)
(25.5637 10.2113 2.27054e-18)
(28.2585 7.82887 5.54064e-19)
(23.3269 7.31115 0)
(29.6932 7.99597 -2.06247e-18)
(23.5863 7.19132 7.50409e-18)
(24.3115 6.36865 -1.10657e-18)
(24.3414 6.41702 -1.89408e-17)
(20.9172 8.12328 3.08561e-18)
(-6.78571 -4.35758 -1.70932e-18)
(26.3334 3.50106 0)
(1.00256 -2.906 -1.15345e-17)
(26.2039 5.44422 -8.03861e-18)
(29.3355 8.69532 1.74176e-18)
(24.7677 5.87652 -7.48563e-18)
(22.0965 0.736582 0)
(24.7317 6.54161 -1.36185e-17)
(30.4346 18.3224 5.22891e-18)
(25.1253 6.76047 1.51852e-18)
(22.7725 3.92671 3.15264e-18)
(21.1272 8.76635 -3.00158e-18)
(13.0156 -0.147861 -4.54506e-18)
(-1.15093 -1.36728 -4.29419e-18)
(26.1707 6.02315 0)
(27.616 8.41459 -1.26846e-17)
(25.0901 7.79363 -4.29834e-18)
(7.67255 -1.05212 3.05296e-18)
(25.0957 6.73409 3.71435e-17)
(26.6979 5.92879 4.61074e-18)
(25.7887 8.96678 5.14575e-18)
(0.756338 0.478835 -1.49354e-17)
(30.4409 4.62492 -2.50745e-17)
(24.2173 6.94798 0)
(24.318 6.97452 1.62363e-17)
(20.5654 8.27692 -1.32234e-17)
(29.0013 5.2174 4.35163e-18)
(21.2355 5.73352 0)
(29.4496 7.88435 0)
(25.0088 6.40553 0)
(25.0874 6.74079 4.9281e-19)
(10.2748 -0.520472 -1.07317e-17)
(25.796 9.2183 5.89654e-18)
(25.2098 6.58336 5.90554e-18)
(21.3876 4.05187 1.20883e-19)
(28.8624 7.18232 -1.55929e-17)
(18.6703 5.66759 -2.59269e-18)
(29.4608 8.4306 0)
(23.5603 6.88001 0)
(23.6504 7.34234 -7.07803e-18)
(29.234 9.16794 0)
(22.3655 11.4919 0)
(25.3608 10.1891 0)
(24.8019 3.60651 1.80836e-18)
(25.5454 2.97533 -3.23264e-20)
(23.3259 6.75291 0)
(29.4986 8.22629 3.84332e-18)
(25.1404 6.85294 1.14127e-18)
(26.8038 5.80813 0)
(14.4634 1.74121 0)
(25.1495 6.62082 -2.76057e-18)
(5.41883 -1.35255 3.50569e-18)
(26.029 5.97858 5.38137e-18)
(26.284 5.91833 4.74337e-18)
(9.42178 -0.625547 -2.86761e-18)
(29.4253 8.28253 0)
(21.1373 8.14184 -6.10469e-18)
(25.566 6.86908 3.86359e-17)
(20.7771 8.31217 5.99158e-18)
(21.7991 5.56056 0)
(30.6487 8.8741 -2.6569e-18)
(25.1326 6.7706 4.42342e-18)
(22.9476 10.7628 1.24308e-18)
(29.2153 8.13997 0)
(13.0781 0.89892 2.91201e-18)
(28.9725 8.78949 6.27536e-18)
(23.1428 7.26265 -6.20065e-18)
(23.4878 7.33584 -8.39422e-18)
(19.417 10.7524 -2.15294e-18)
(25.2985 1.7044 0)
(29.4011 8.67589 -3.70911e-18)
(24.3998 6.40839 -1.50315e-17)
(26.5278 8.5039 0)
(13.4769 5.32758 -3.06361e-18)
(20.5826 4.74415 0)
(-5.44665 -1.58768 0)
(26.5754 6.03823 0)
(26.0849 8.03564 3.01893e-17)
(29.277 8.66075 0)
(26.8556 6.99662 3.98727e-19)
(28.403 5.84613 0)
(21.8251 4.46999 -2.59578e-18)
(24.7758 6.56442 -1.41581e-17)
(29.0607 10.3222 7.24919e-18)
(26.5634 4.1876 0)
(25.1199 6.61866 2.66622e-17)
(30.7301 10.1857 3.85469e-18)
(27.6557 5.65123 1.22256e-18)
(24.4288 3.90751 -4.16495e-18)
(25.1951 9.16247 -1.40668e-17)
(12.9055 -0.567185 -7.52274e-18)
(25.0614 7.68776 3.55371e-18)
(24.1134 4.31041 -3.80022e-18)
(28.5705 8.01986 -5.45081e-18)
(25.0172 6.40581 -6.78956e-18)
(23.2589 6.99841 1.34476e-17)
(22.4551 4.96022 -2.27268e-18)
(27.5828 10.2704 1.33994e-17)
(24.8621 6.83676 -8.96953e-18)
(25.9585 7.01081 -1.23288e-17)
(25.4557 3.32734 -4.27799e-19)
(29.4779 8.58919 7.65164e-18)
(27.133 13.1407 1.23007e-18)
(29.7879 8.19479 6.63822e-18)
(25.1936 8.02551 0)
(29.3435 8.433 6.30609e-18)
(21.401 3.37536 -5.89553e-18)
(24.7723 3.74235 0)
(25.8774 8.34498 -9.44334e-18)
(30.191 21.0798 6.03521e-18)
(27.4658 10.0885 -6.07914e-18)
(24.7532 3.8936 3.84418e-18)
(23.8397 3.14703 5.69118e-18)
(25.4335 3.41898 -4.3406e-19)
(25.8865 5.93739 -3.63548e-18)
(24.5901 7.66392 -7.28677e-18)
(20.6269 8.7634 -6.80773e-18)
(30.1016 8.51215 0)
(25.7129 8.1204 0)
(24.544 2.93996 2.94926e-19)
(25.5156 6.8314 1.0895e-17)
(25.4285 6.81562 -1.30887e-17)
(25.0061 6.42792 -6.41871e-18)
(13.6538 1.38544 3.07925e-18)
(25.1314 6.83288 1.44938e-18)
(29.2277 10.3386 0)
(30.5479 8.76236 2.84376e-18)
(24.4524 6.6769 9.06761e-19)
(26.3128 6.99592 6.24246e-18)
(24.9665 6.46101 4.11603e-18)
(29.0844 8.12786 -1.77186e-17)
(24.4263 9.14311 -2.20618e-19)
(27.7321 7.33699 0)
(24.7085 6.9164 -8.02532e-18)
(26.4912 7.01167 3.80798e-18)
(23.851 7.72552 -1.74549e-18)
(26.2752 7.12046 4.15879e-17)
(25.0261 6.42564 1.74262e-17)
(24.5467 3.03031 0)
(26.6793 7.00849 -8.14521e-20)
(24.5406 3.12297 1.89784e-18)
(26.1432 8.66895 -1.89819e-18)
(24.5332 3.22902 -3.32511e-18)
(27.481 10.8111 -2.45198e-19)
(29.4225 8.22607 -6.86375e-18)
(23.4447 13.048 -1.67786e-18)
(24.2261 9.07996 -4.68107e-18)
(3.07587 2.595 0)
(24.5263 6.14538 -1.85619e-18)
(25.2906 5.40107 -4.0526e-20)
(26.477 4.2718 1.96706e-18)
(26.1699 4.55294 0)
(26.3792 4.35282 -1.63183e-18)
(26.2779 4.44593 3.71588e-18)
(25.0992 6.7532 0)
(24.9909 3.58325 1.46087e-18)
(23.6037 1.34712 4.41464e-18)
(25.979 5.97605 -4.02639e-18)
(24.897 6.31375 1.01611e-17)
(29.513 8.00805 1.42185e-17)
(27.3387 4.75867 -1.81372e-18)
(25.0386 7.58611 -5.65259e-19)
(25.0443 6.52737 -2.05599e-18)
(22.6301 5.10172 6.00411e-18)
(-0.522084 -1.13702 5.341e-19)
(29.3577 9.40324 0)
(14.3457 5.55056 3.79407e-18)
(22.8072 5.23491 0)
(20.8223 8.75268 7.07869e-18)
(23.4156 4.89042 0)
(27.4675 4.02236 0)
(27.9705 8.5381 0)
(25.236 3.27404 8.98988e-19)
(25.0107 6.43424 0)
(28.0053 9.41605 9.69933e-20)
(28.9442 10.1839 0)
(27.1239 8.42867 -1.94284e-17)
(27.7235 6.71405 -5.42095e-18)
(28.9399 8.29601 0)
(28.347 8.39877 1.87062e-17)
(24.8637 6.35208 5.35275e-19)
(24.6462 7.56874 -6.35545e-18)
(23.8463 3.27072 5.12341e-18)
(30.0864 8.48442 0)
(25.1322 6.27677 0)
(19.1113 8.87412 -3.51029e-18)
(23.9219 4.04463 -1.57453e-19)
(28.8328 10.0469 7.15183e-18)
(29.6992 8.03573 3.76572e-18)
(27.8288 6.43659 -2.18295e-17)
(30.7491 9.00622 5.36608e-18)
(25.1323 6.46009 8.29714e-18)
(27.7475 8.13354 2.02809e-17)
(23.8966 3.87213 -6.10462e-18)
(23.8804 3.70505 1.04259e-19)
(23.857 3.40509 4.50796e-18)
(28.7195 9.89631 -6.45138e-18)
(27.8901 8.22328 1.59601e-18)
(27.4782 6.87377 -8.00037e-18)
(23.8668 3.55111 0)
(25.1242 6.81463 1.91098e-18)
(22.8015 8.62821 0)
(24.4228 8.94652 -1.96551e-20)
(28.0435 8.29315 3.44182e-18)
(24.7251 6.40865 8.09593e-18)
(28.5182 8.12456 0)
(28.1951 8.35009 1.25041e-17)
(24.5757 6.58577 4.70965e-18)
(25.1201 6.48043 -1.24246e-17)
(24.0387 11.7284 0)
(27.6142 6.76593 4.11464e-18)
(28.7978 8.29438 -9.55641e-18)
(31.3341 3.59399 -1.6735e-17)
(-0.24682 1.09932 -7.36834e-19)
(24.9992 6.63192 6.25411e-18)
(28.6046 9.74491 1.6023e-17)
(26.5606 5.50317 0)
(28.6661 8.27657 6.90152e-18)
(6.64172 3.47275 -1.40898e-18)
(23.1984 13.2386 4.0099e-19)
(25.2354 7.15979 -8.46966e-18)
(25.3311 8.27579 0)
(24.7637 6.91414 6.26035e-18)
(25.1937 6.48872 -1.75529e-18)
(25.3774 5.84578 5.33843e-20)
(28.5219 9.03527 0)
(28.4862 7.93077 -4.63576e-18)
(23.4967 10.7966 1.33135e-20)
(24.2376 6.262 -2.25425e-17)
(24.8397 6.34866 3.59329e-18)
(28.168 5.88951 1.38854e-17)
(26.6389 7.58613 1.13083e-17)
(27.9086 9.23925 5.6484e-18)
(28.4825 9.59681 0)
(25.0202 6.64035 1.06337e-17)
(30.244 8.49091 1.62569e-18)
(25.029 7.48953 -8.8501e-19)
(25.0768 6.52417 0)
(27.7178 8.4991 -7.68101e-19)
(28.8045 5.77947 0)
(26.9755 6.72937 3.50356e-18)
(26.481 8.20596 3.57489e-18)
(25.0772 6.72119 -2.23709e-17)
(29.4613 8.0607 0)
(25.8485 9.3569 6.31323e-18)
(30.3703 5.86797 -2.44131e-17)
(25.1908 5.50677 0)
(26.7178 8.01763 -2.34152e-17)
(25.332 6.85319 -8.44054e-18)
(27.811 9.06989 0)
(24.9774 6.72875 -2.76576e-17)
(25.8899 6.5666 -2.6116e-18)
(29.8462 8.05568 -2.2042e-18)
(25.2246 6.52781 0)
(27.7578 4.90173 2.94676e-18)
(25.0571 6.40207 2.39563e-18)
(21.0043 7.99875 -1.92127e-19)
(22.325 9.2068 -4.23339e-18)
(23.271 6.82589 2.3423e-17)
(24.4335 8.76015 0)
(26.8472 8.15353 1.38619e-17)
(10.4618 5.5493 4.05418e-19)
(27.8146 7.33544 0)
(25.2031 6.60222 0)
(26.9813 8.29112 6.55935e-20)
(24.6696 6.51789 0)
(8.98664 1.63807 1.30585e-17)
(27.4367 8.45755 9.03753e-18)
(23.1008 1.65233 -4.86167e-19)
(16.5086 2.53887 0)
(27.4235 7.68984 2.40589e-17)
(26.1983 11.3577 0)
(28.4021 8.92459 -6.30059e-18)
(28.4369 10.6495 -3.91615e-18)
(24.8664 6.39657 -1.54854e-17)
(24.0773 5.63554 0)
(27.1202 7.55861 1.75452e-17)
(25.0254 6.58656 2.2962e-17)
(30.9426 8.44484 -6.7724e-18)
(24.2328 9.09021 -3.02066e-18)
(25.3354 6.4564 0)
(27.3489 3.87344 4.73943e-18)
(24.8869 6.46981 2.3316e-17)
(24.7981 6.38966 -8.64682e-18)
(24.8748 6.43576 1.42693e-17)
(12.3116 1.90771 0)
(3.68042 -2.37913 9.31737e-18)
(25.2572 6.52232 -7.13026e-19)
(26.4202 5.50062 -3.81735e-18)
(22.0369 6.69479 0)
(25.2693 5.89227 -8.19084e-19)
(23.6264 10.3561 -6.54879e-19)
(26.5028 6.73458 -3.59599e-17)
(24.4514 8.57415 -2.8532e-19)
(27.1811 8.3801 0)
(23.7796 7.34228 0)
(30.3256 8.93072 -3.42931e-19)
(28.8405 4.99931 2.12558e-17)
(26.3637 6.1964 -1.60436e-18)
(25.9857 6.85831 1.339e-17)
(25.2679 6.49564 -3.88173e-19)
(25.2489 7.10327 -1.26955e-17)
(23.5611 10.5725 -6.7273e-19)
(21.2931 7.97186 0)
(27.5616 5.86246 0)
(28.3206 2.38836 4.17231e-18)
(27.8513 5.85183 3.19758e-17)
(10.3747 -1.05528 9.98644e-18)
(25.0936 6.53251 -1.34898e-17)
(25.8708 9.17472 0)
(25.0883 6.71745 2.54979e-17)
(28.8059 7.91505 0)
(28.4052 9.75257 -4.91021e-18)
(26.6824 4.79227 2.58333e-18)
(25.2871 6.48444 -7.84265e-18)
(6.78082 -1.80419 7.69672e-18)
(29.2996 8.03522 2.84358e-18)
(22.2454 6.6386 -8.19045e-18)
(24.4772 8.40432 5.01756e-19)
(28.9364 7.95041 -7.56594e-18)
(23.4341 6.75899 0)
(25.0001 6.7189 1.05692e-17)
(25.2064 6.5276 2.05456e-18)
(29.1916 8.01043 -9.68175e-18)
(25.2521 7.05208 -1.80512e-17)
(25.0407 6.70906 0)
(29.0662 7.97987 0)
(25.3093 6.47143 0)
(25.2503 6.9615 -1.64494e-17)
(25.1097 6.54165 -2.19626e-19)
(29.3829 8.04986 6.54574e-18)
(25.1906 6.52565 -6.2449e-18)
(26.2265 11.1299 5.75992e-18)
(29.7285 5.67504 2.57426e-17)
(25.0211 6.71316 1.7037e-17)
(25.2521 7.00281 -1.8955e-17)
(24.494 8.24535 9.21079e-19)
(30.607 8.35328 -3.84442e-18)
(20.5565 4.05213 1.79582e-18)
(26.2486 10.9047 0)
(26.2956 9.9909 2.92004e-18)
(27.6681 7.21821 0)
(26.3623 6.67459 0)
(27.5175 7.09667 -2.21783e-17)
(25.7043 5.84273 5.04343e-18)
(26.2928 10.4435 3.96751e-18)
(26.2943 10.2252 -6.42177e-18)
(26.2666 10.6784 -4.53821e-18)
(29.673 7.97696 -3.33258e-18)
(28.4695 6.50819 -3.18416e-19)
(26.5471 4.83376 1.90968e-18)
(26.1298 7.05164 5.18549e-17)
(25.1943 6.5566 -2.5827e-19)
(27.6721 8.32574 -1.56555e-18)
(25.1364 6.67031 1.04539e-17)
(25.8262 5.05627 0)
(31.2907 8.50967 0)
(28.795 8.46536 -1.31479e-17)
(20.3792 7.17717 0)
(29.012 8.2902 -2.41881e-18)
(9.9551 3.90078 0)
(29.216 6.90179 1.3397e-18)
(25.1424 6.79785 -1.79577e-18)
(25.3291 6.67661 -1.49036e-17)
(25.2031 6.73567 0)
(26.0447 6.03222 -2.28323e-19)
(35.5603 12.2094 -9.05666e-18)
(30.7222 8.7192 -1.54463e-18)
(24.3839 8.56646 -1.9016e-18)
(25.142 6.66352 1.91365e-18)
(21.4535 5.74607 0)
(21.5373 5.61383 2.8689e-18)
(27.063 12.4838 -3.64989e-18)
(24.7161 1.56556 0)
(27.7231 9.22034 -3.75632e-17)
(25.1242 6.99364 0)
(26.4061 3.55796 -8.47464e-19)
(23.2037 10.9417 0)
(29.6736 8.1651 0)
(28.1238 6.46952 -9.03773e-18)
(25.1227 6.4205 0)
(14.0037 4.67744 1.82937e-18)
(24.9647 6.82608 0)
(23.1783 5.56029 4.57801e-18)
(21.8807 6.53647 1.0947e-17)
(29.4986 8.35696 0)
(4.69229 -1.42406 3.49644e-18)
(13.386 1.70862 0)
(28.4165 5.75473 0)
(25.1727 6.48798 -1.36864e-19)
(24.9096 6.652 0)
(28.9289 8.25972 0)
(26.616 5.64845 0)
(23.5577 3.79202 -5.00209e-19)
(27.4702 5.12127 1.68523e-17)
(7.12901 5.59078 -8.34876e-19)
(23.455 7.02972 -2.79434e-18)
(11.7953 5.15989 3.25645e-18)
(24.8292 8.78856 -2.34252e-20)
(28.651 10.0445 0)
(25.3663 6.68905 -1.48459e-17)
(24.9192 3.56215 1.69662e-18)
(34.9014 9.69684 3.26151e-18)
(28.2465 7.30015 5.7009e-18)
(27.9054 4.97846 -1.24895e-18)
(25.2102 6.52535 -7.64137e-19)
(25.175 6.5226 4.56506e-18)
(21.3583 7.25023 7.61744e-18)
(27.9962 11.0546 -7.48576e-18)
(28.3543 5.69314 0)
(24.8526 6.53306 1.01088e-17)
(22.1791 8.59745 0)
(28.2286 5.32169 -2.53455e-19)
(10.1369 2.30619 -1.93575e-17)
(20.3887 8.98451 -2.69058e-18)
(27.0616 5.75162 -6.49126e-20)
(18.7266 9.77357 5.19344e-18)
(25.1794 7.16669 -7.35967e-18)
(-1.99947 0.0468616 0)
(22.1303 9.7775 -7.42458e-18)
(25.3911 6.50295 1.04143e-17)
(19.2317 12.8184 1.93065e-18)
(28.2327 5.40925 4.28831e-18)
(25.2338 6.5515 -1.0117e-18)
(-4.40213 -3.01482 -7.74455e-19)
(16.1907 3.69185 0)
(28.8351 8.9885 -1.02435e-17)
(-3.06715 -3.25948 1.95643e-18)
(27.1505 12.5607 -2.81335e-18)
(33.206 7.09977 2.17183e-17)
(24.7438 1.53859 0)
(27.1026 6.80045 0)
(22.4239 5.39719 -8.52307e-18)
(28.2967 5.45789 -3.94499e-18)
(24.4685 11.6529 -9.49659e-19)
(28.2329 8.12988 0)
(20.4711 4.1377 4.67482e-18)
(19.1446 10.6451 3.30259e-18)
(24.0238 3.04633 0)
(21.0838 10.6969 -1.69095e-18)
(24.2042 6.19193 0)
(28.2969 5.54717 1.77224e-18)
(30.1817 8.26688 -1.31257e-18)
(18.8222 0.0206645 -1.25432e-17)
(23.8311 1.19868 -1.24741e-18)
(25.3037 6.69489 0)
(28.3602 5.60212 2.12167e-18)
(25.255 7.77814 -1.23048e-17)
(26.6859 10.4825 -4.12424e-18)
(10.9677 1.28832 0)
(27.4723 4.8528 -2.07073e-18)
(-7.41813 -4.4513 -3.30917e-18)
(2.16232 0.25615 7.0786e-18)
(26.1376 5.4902 -6.80564e-18)
(28.5799 7.58137 1.958e-17)
(6.99151 -1.67591 -3.71385e-19)
(25.0317 6.66498 0)
(20.6161 5.63597 0)
(29.2768 11.8054 -1.03414e-17)
(26.7179 6.48182 -2.45915e-17)
(26.5602 10.4619 8.09865e-18)
(28.006 4.96587 -3.66817e-18)
(29.0978 8.02783 0)
(27.5796 7.35581 0)
(21.3467 3.63857 0)
(19.9716 6.20699 0)
(12.8077 4.16569 -3.51305e-19)
(28.9329 8.07214 -3.61517e-18)
(25.072 6.4619 -1.33432e-17)
(28.3393 8.69667 -1.26876e-17)
(29.5768 8.15301 -4.68384e-18)
(28.943 2.85568 4.30471e-18)
(21.7423 2.512 1.34498e-18)
(5.67521 5.58521 0)
(21.3428 5.81533 4.83658e-18)
(26.8249 3.96125 1.30469e-18)
(-6.50136 -2.28204 -7.3528e-19)
(28.1658 5.27878 0)
(23.5135 3.11822 2.3393e-18)
(11.8046 1.30958 0)
(29.5312 9.78417 0)
(25.1541 6.45844 2.03857e-18)
(33.1661 6.82031 3.92566e-18)
(25.7201 17.7579 5.97489e-18)
(25.0447 6.46852 -2.35965e-18)
(-3.14101 2.35875 -1.18168e-17)
(26.4578 1.94753 -1.40923e-18)
(25.1913 6.50297 -1.83779e-18)
(23.9545 3.54681 -3.70152e-18)
(30.8822 10.6156 8.9967e-18)
(26.0349 11.2147 -4.99268e-18)
(26.3623 5.23514 0)
(25.1525 6.6394 -1.05066e-17)
(3.06369 0.833066 1.07969e-18)
(25.141 6.76115 0)
(25.0206 6.92129 -4.01939e-18)
(22.3701 4.40792 0)
(25.3552 6.63706 -1.26477e-17)
(25.1291 6.60593 -1.30275e-18)
(30.2367 8.50128 -4.12049e-19)
(25.0613 6.83727 -1.13976e-18)
(25.2134 7.06707 9.80453e-18)
(25.1142 6.46245 -6.84086e-18)
(-0.230052 0.232775 0)
(32.3616 4.31417 -3.15731e-17)
(23.1307 2.76784 0)
(30.3581 8.8466 -6.74756e-18)
(24.8248 5.90419 0)
(30.0064 7.23132 -9.83624e-18)
(27.8379 6.30011 -3.34031e-18)
(24.0753 4.63692 9.32985e-18)
(23.8849 9.02826 -6.5095e-19)
(24.117 1.28051 0)
(17.0245 0.298932 -1.50416e-17)
(19.8429 6.18512 -1.28931e-17)
(24.6988 6.12223 0)
(29.1584 9.12421 -2.91725e-18)
(29.3107 10.374 5.79417e-18)
(29.9862 9.40693 -1.21394e-17)
(23.3002 18.1278 -2.10719e-18)
(22.8963 4.72019 7.36591e-18)
(16.7641 1.20853 1.54757e-17)
(22.5299 4.15368 -7.68877e-18)
(28.5641 9.44845 7.7397e-20)
(26.5022 3.96098 -3.48518e-19)
(28.1568 5.19477 -5.90671e-18)
(25.5924 6.93996 1.59159e-17)
(20.4979 9.13348 0)
(17.8683 4.77204 1.23009e-17)
(30.4286 12.3159 3.59285e-18)
(24.2527 8.15238 0)
(-2.27178 2.46031 -3.81593e-18)
(18.6995 7.62544 0)
(28.6862 7.86977 -2.45562e-17)
(26.497 8.76147 -5.85853e-18)
(26.1893 3.87963 0)
(24.9042 6.33976 -8.56978e-18)
(29.7442 8.14686 -1.6373e-18)
(23.9842 8.74748 -9.11238e-19)
(28.2163 7.55259 1.47411e-17)
(24.6697 6.77163 0)
(28.0209 5.04387 5.52069e-18)
(24.3429 7.64196 -8.68049e-18)
(16.1604 1.80962 -1.48443e-21)
(25.1243 6.74901 -4.56064e-18)
(25.5565 6.15221 -3.73394e-19)
(-7.05489 1.97865 -9.43497e-18)
(26.2034 7.23217 0)
(25.0043 6.41968 -7.44047e-18)
(18.7065 12.7084 -5.03107e-18)
(6.61511 -0.524394 -2.33677e-18)
(23.399 3.07554 5.06728e-18)
(25.1097 6.68131 -7.57426e-19)
(19.1827 5.60268 -4.42906e-18)
(23.2127 3.22169 3.7487e-18)
(31.4811 7.34238 8.11382e-18)
(25.7139 11.0628 -8.60225e-18)
(23.9856 3.47021 3.85181e-18)
(29.7047 8.04841 3.56312e-18)
(29.4174 8.48644 8.82434e-18)
(24.0188 5.33823 -9.23618e-18)
(21.9827 6.35051 -5.24186e-18)
(29.2328 8.52772 0)
(26.5234 10.2402 7.33734e-18)
(27.7933 6.19275 3.23186e-18)
(26.2239 4.90777 -2.88912e-18)
(25.5953 7.04739 0)
(26.2272 6.43228 -8.19031e-18)
(27.5062 4.0765 -2.85845e-18)
(30.6377 8.33477 1.96494e-18)
(23.7439 1.07384 -2.69654e-18)
(28.0948 5.15644 1.93608e-18)
(20.9819 10.9437 -7.37478e-20)
(29.5596 8.28467 -1.10486e-17)
(9.98327 2.87309 -1.09522e-17)
(26.9298 12.9769 0)
(27.3886 3.92158 1.55831e-19)
(29.5046 11.4297 -1.63734e-17)
(9.66616 3.78034 0)
(25.2218 6.90761 0)
(24.9627 6.65556 0)
(23.0872 3.38405 7.12056e-20)
(9.03916 4.19754 0)
(29.2842 9.35167 3.49533e-18)
(19.8114 2.50441 1.05885e-17)
(29.4265 8.1063 -4.01495e-18)
(25.0565 6.78392 -8.99631e-18)
(29.6182 7.96177 8.97294e-18)
(22.1725 11.4784 3.00339e-18)
(24.4132 4.98558 0)
(34.5489 19.0592 1.56237e-17)
(21.6412 6.10154 8.6591e-18)
(27.1169 6.0297 0)
(25.0545 6.42568 0)
(-5.91826 -2.0532 0)
(25.6103 5.93206 1.89007e-18)
(22.8483 1.55344 -8.10201e-18)
(27.6503 5.72269 1.19858e-18)
(24.6137 3.43234 0)
(24.7528 4.85002 0)
(22.5909 9.71817 4.30129e-18)
(10.6681 1.00634 5.84318e-18)
(28.1295 6.07835 3.97825e-18)
(25.6814 3.42272 -4.72071e-21)
(25.0886 4.79306 4.03317e-19)
(2.64443 -2.53931 5.484e-18)
(21.3469 8.1566 -5.16816e-18)
(25.0747 7.13307 0)
(29.6112 19.3618 0)
(21.0096 15.0157 8.24746e-19)
(25.1062 6.69569 -7.27561e-18)
(25.6021 6.97731 -1.64425e-17)
(27.922 5.05223 -4.27521e-19)
(30.9948 6.5295 1.5124e-17)
(28.5489 11.2466 0)
(32.6187 7.95595 8.20688e-18)
(25.4724 5.53447 2.62848e-19)
(29.6072 7.97353 0)
(25.0221 6.90242 1.78763e-18)
(23.5402 5.89896 -1.87655e-17)
(26.8326 7.60862 0)
(7.92916 5.58943 3.33202e-18)
(23.1581 1.66057 -1.42404e-18)
(23.7348 3.47345 9.1954e-18)
(24.6747 2.99487 1.06729e-18)
(23.7488 3.7895 -1.72174e-18)
(25.1954 6.54911 5.81747e-18)
(27.2987 4.29511 -2.56957e-18)
(26.2339 1.96896 6.52964e-20)
(25.3134 8.02456 4.47786e-19)
(23.7725 1.5589 2.37839e-18)
(27.7749 11.6705 4.61327e-18)
(18.7465 5.88672 -5.13599e-18)
(24.9295 6.93511 0)
(27.2995 7.53042 -1.01053e-17)
(1.02189 -2.70599 1.66213e-18)
(28.0813 5.07597 -5.67395e-18)
(25.1396 6.76705 -8.53662e-18)
(24.1646 2.70629 2.22209e-18)
(25.0289 6.69748 -7.68003e-18)
(30.3357 10.6318 0)
(26.6597 4.93891 0)
(-4.6587 -2.99092 -9.80215e-18)
(25.1366 6.67943 -1.58728e-17)
(25.1513 7.08347 2.76373e-18)
(24.7979 7.19248 4.98245e-18)
(28.105 8.59078 0)
(25.2165 6.81695 5.35963e-20)
(25.5477 9.93016 -7.29629e-18)
(23.6539 9.11613 1.02418e-17)
(25.008 3.22906 -2.40039e-18)
(25.1574 6.75282 7.42109e-18)
(25.1152 6.74016 3.39407e-21)
(5.73641 3.06891 4.18996e-21)
(25.3092 6.92639 -1.95291e-17)
(24.8109 6.38705 -3.58006e-18)
(11.0667 5.51783 0)
(29.968 8.04318 -1.51475e-17)
(23.5489 2.71674 0)
(21.9318 9.12238 0)
(29.6833 7.99645 0)
(31.2749 10.6235 6.17106e-18)
(30.5263 8.58562 -4.58817e-18)
(23.6384 1.32156 -3.14702e-18)
(25.1416 6.62974 -4.13994e-18)
(25.5559 9.32992 0)
(25.0223 6.43391 2.06541e-19)
(30.7459 7.19955 -2.25711e-19)
(18.4323 4.40795 -1.81625e-17)
(25.3326 6.83477 0)
(25.1109 6.25251 0)
(22.9674 2.988 0)
(22.7937 2.97189 4.05023e-19)
(-0.373529 1.14189 2.15586e-17)
(24.093 8.61698 -1.6327e-18)
(25.0675 8.00736 0)
(22.9161 3.58849 3.07773e-18)
(29.5018 8.21183 3.2378e-18)
(24.3476 7.55843 0)
(25.1339 11.3862 -1.00181e-18)
(35.037 9.58651 -2.79583e-18)
(24.9826 6.60845 2.40194e-17)
(29.5335 7.95992 0)
(12.505 -0.831765 -6.08713e-18)
(25.1884 6.51833 0)
(29.5728 7.94577 -1.89845e-17)
(23.6093 3.55148 4.28739e-18)
(27.9448 4.93476 -4.1554e-19)
(30.3871 7.60161 6.53315e-18)
(8.62427 5.55461 -7.59081e-18)
(1.47401 0.423025 0)
(25.0495 6.8176 -7.54631e-18)
(29.5268 7.91927 4.31338e-18)
(23.6475 3.02478 0)
(26.8719 8.64101 2.17702e-19)
(25.4135 6.63029 -1.79964e-17)
(24.5746 6.24337 -2.75387e-18)
(25.123 6.45665 0)
(26.4842 10.3327 0)
(24.6122 7.16709 9.98154e-18)
(29.6971 8.06187 -4.60888e-18)
(29.6738 7.9895 4.89569e-18)
(21.9084 8.9131 0)
(32.5161 4.82184 0)
(29.5023 7.90999 0)
(24.517 10.9539 -4.04736e-18)
(1.05299 0.324424 2.62833e-18)
(30.825 6.31551 -1.96531e-17)
(27.2869 4.33692 0)
(25.1342 6.68409 1.48386e-17)
(25.1253 6.33138 -9.03694e-18)
(28.9107 10.5752 -5.16537e-18)
(25.1263 6.72563 -7.546e-18)
(25.9499 3.46296 3.83719e-19)
(25.2929 6.53826 7.75718e-19)
(25.261 6.45667 8.77687e-18)
(22.4177 8.41696 1.1023e-19)
(29.5021 7.92279 -6.0247e-18)
(25.2599 7.91921 0)
(29.9829 9.48187 3.69338e-19)
(24.9988 6.42408 7.60448e-18)
(25.0121 6.3508 1.87309e-18)
(23.4016 2.66701 -1.85681e-18)
(24.7455 6.09758 -1.64228e-17)
(17.0753 4.09072 -1.50856e-18)
(25.9346 10.492 7.46532e-18)
(24.591 5.95958 2.13519e-18)
(30.2284 8.25328 5.4058e-18)
(20.3057 8.58338 -2.72429e-18)
(30.2033 8.41271 -3.31245e-18)
(23.5846 3.2014 -5.00102e-18)
(27.8109 8.77859 2.22919e-19)
(26.429 8.43919 0)
(25.3968 9.29001 -1.6449e-18)
(25.5414 7.48397 -4.67922e-18)
(29.7299 7.4454 -6.59881e-18)
(9.46189 5.54994 2.46356e-18)
(26.3053 6.07462 3.1329e-19)
(29.534 8.80679 0)
(25.803 3.34385 0)
(25.5942 8.19203 -1.24705e-17)
(20.4285 8.42385 0)
(28.8888 8.80993 9.36791e-18)
(-8.14227 -3.99099 4.29031e-18)
(23.5696 2.76562 2.50259e-18)
(-1.40193 0.649934 0)
(24.1978 6.60229 -1.34807e-17)
(22.1492 9.99949 -3.10595e-18)
(28.0463 8.14377 2.09024e-17)
(24.8572 7.81238 0)
(25.0841 6.75264 -1.04406e-17)
(29.3779 7.94385 0)
(27.8749 6.63032 1.3048e-17)
(26.8458 5.95771 7.16795e-18)
(17.8362 -0.848617 -1.60697e-17)
(25.7771 3.41755 1.57701e-19)
(27.9938 9.6323 0)
(23.6489 1.55938 -2.58443e-18)
(21.5735 6.21699 0)
(24.8507 7.54349 -1.40172e-18)
(29.7663 8.27551 0)
(12.8242 4.04858 3.5444e-19)
(7.72458 -0.678119 -6.67569e-18)
(26.2471 6.05374 0)
(-9.22032 -4.29187 0)
(25.1933 6.52076 1.88199e-18)
(25.0774 6.37427 3.63936e-18)
(-5.81234 2.5822 -2.59413e-18)
(25.0681 7.3937 -1.77496e-19)
(-8.11562 -4.36768 4.09036e-18)
(20.7806 9.43352 -8.10687e-18)
(25.0681 6.95135 0)
(22.0373 3.3318 0)
(23.8388 7.37357 0)
(31.3137 9.99002 1.28842e-17)
(27.5607 4.07602 -5.18583e-20)
(9.77778 4.70346 5.43961e-18)
(20.8334 7.11078 6.45633e-18)
(28.764 5.60154 -4.26657e-18)
(0.212989 -0.237872 0)
(22.7641 1.67162 0)
(24.9489 6.52885 2.62266e-17)
(25.14 6.63281 -1.40956e-17)
(8.24786 2.96812 5.4805e-18)
(29.6212 7.94895 0)
(29.2203 9.23515 6.22656e-18)
(7.07921 2.15755 4.39567e-18)
(-4.13976 -3.54724 4.40814e-18)
(25.6439 6.93403 0)
(28.1882 6.28711 -1.05276e-18)
(28.3694 6.88073 0)
(22.4274 5.17144 0)
(-5.71203 0.681186 -1.70477e-17)
(25.0802 3.15661 -8.07666e-19)
(21.2527 5.60914 1.0068e-17)
(28.8801 10.3347 0)
(24.9202 2.88735 -2.16815e-18)
(24.2453 7.04646 -1.01554e-17)
(25.0828 6.85896 -4.92199e-18)
(25.1588 6.85216 6.24613e-18)
(26.646 6.65332 2.81221e-17)
(25.119 6.73219 0)
(22.6284 4.28504 0)
(20.7749 10.8676 1.86306e-18)
(25.2893 6.88504 -2.8291e-17)
(20.0713 4.76969 6.34781e-18)
(27.9256 4.85932 4.86408e-19)
(29.7392 9.37427 0)
(22.7601 8.25635 -1.02821e-17)
(21.7641 2.45593 8.46894e-18)
(27.7235 4.66563 2.94814e-18)
(27.4413 3.91815 -3.40504e-19)
(25.1781 6.55227 0)
(25.1714 6.50425 0)
(25.1741 6.51385 8.35566e-19)
(20.9151 10.2813 0)
(29.4687 8.10366 -3.71023e-18)
(28.0778 8.44143 7.64433e-18)
(24.6359 6.24851 0)
(25.1148 6.74228 0)
(20.3033 5.49278 9.43808e-18)
(29.2558 7.9227 -4.91555e-18)
(30.0319 8.1128 2.0359e-18)
(17.7751 7.27645 0)
(-5.95896 3.03723 8.29522e-18)
(22.408 4.5308 -1.10844e-17)
(25.1301 6.72637 -8.39273e-18)
(25.1448 6.53714 -1.22539e-18)
(20.6354 9.29585 -1.25024e-18)
(25.1199 6.68918 -1.50517e-17)
(29.3004 7.94149 0)
(24.2916 2.72974 4.65372e-19)
(25.1379 6.54319 -1.47882e-17)
(25.3479 6.43218 -4.47732e-18)
(-0.0703537 0.877254 -9.13873e-19)
(25.1593 6.61183 -7.34752e-18)
(29.5294 7.99658 0)
(25.2161 3.37527 0)
(25.1496 6.75859 0)
(25.0165 3.65303 1.73185e-18)
(19.2799 8.49422 -1.03943e-17)
(25.5645 1.83691 0)
(24.6862 6.57347 -2.19753e-17)
(27.8517 4.94987 4.94045e-18)
(24.8165 6.53597 5.59343e-18)
(25.1155 6.73399 3.33403e-18)
(29.3438 9.47029 7.41106e-18)
(25.0167 6.42327 0)
(25.1028 6.71456 0)
(-0.0225171 -0.947084 8.99633e-18)
(25.0326 6.754 0)
(22.4831 14.0722 4.01167e-19)
(25.0945 6.69681 -1.20164e-17)
(24.9965 6.43995 -6.08958e-18)
(25.1545 6.9942 -2.28321e-18)
(23.044 9.67419 2.16859e-18)
(24.397 11.896 0)
(29.8029 6.96741 1.23342e-17)
(23.8995 9.44887 4.98941e-20)
(24.6509 6.88398 -1.06358e-17)
(6.52639 0.983259 0)
(25.9197 7.53857 0)
(26.7881 3.97914 1.06115e-18)
(24.9897 10.3474 3.14084e-18)
(25.2299 6.31963 -5.97401e-18)
(25.0963 6.46917 -2.51496e-19)
(22.5207 3.17014 -1.90474e-18)
(25.2886 6.53352 3.8506e-21)
(25.567 6.21988 9.05193e-18)
(25.4323 6.55309 -4.00768e-17)
(27.6787 2.37123 -1.34132e-18)
(25.1519 6.69833 2.89305e-18)
(25.1222 6.60046 1.35522e-17)
(25.0163 6.73 1.04581e-17)
(24.7619 6.47292 3.82906e-19)
(23.3866 7.00444 1.38269e-19)
(23.6436 1.25551 0)
(25.3015 3.20771 2.4328e-20)
(23.4481 12.2777 -5.16338e-19)
(24.9672 6.46819 1.542e-17)
(25.6226 6.84265 -7.17783e-18)
(26.2446 8.64748 1.15586e-17)
(26.5441 3.51069 1.16996e-18)
(32.7549 7.82937 -1.61224e-17)
(27.787 10.2856 -3.93447e-18)
(25.1512 6.65182 6.50016e-18)
(25.2168 7.02391 -1.57263e-17)
(23.438 0.937006 4.00374e-18)
(25.063 6.61651 -5.39553e-18)
(22.9719 2.83095 0)
(29.0356 8.89742 7.9045e-18)
(20.5252 4.83092 1.08181e-17)
(24.7237 7.78202 3.88897e-19)
(25.3952 6.87266 1.3464e-17)
(21.0087 8.58078 0)
(24.7815 9.09849 -1.27754e-18)
(25.6241 6.35214 1.16346e-17)
(25.8316 3.20685 -1.24537e-20)
(25.8937 5.80829 0)
(27.8453 5.42462 -5.63559e-18)
(28.3832 7.69063 0)
(25.1054 6.7102 0)
(27.5629 6.51649 1.4672e-17)
(25.107 6.65829 8.62019e-19)
(24.2782 2.7615 0)
(25.4495 6.60036 0)
(29.2242 9.84727 -1.04531e-17)
(29.7047 8.02584 0)
(25.0742 6.50379 0)
(23.9972 3.09884 -3.42761e-19)
(25.1776 6.51193 -6.59749e-19)
(19.243 5.137 0)
(25.1085 6.73367 1.20374e-17)
(26.1881 6.18319 7.89509e-18)
(31.8985 3.98022 0)
(20.3566 4.0285 6.68488e-18)
(26.7461 9.41832 -3.94338e-18)
(24.0302 6.62955 -2.33188e-17)
(25.1107 6.73082 -2.49463e-17)
(25.1114 6.73165 -6.40095e-18)
(24.958 6.29988 1.05646e-17)
(25.531 7.09859 0)
(25.4749 5.76276 3.11829e-20)
(24.7522 6.48433 -5.51922e-19)
(28.5233 8.84384 0)
(8.67246 -1.0284 9.22702e-18)
(28.7468 7.12212 0)
(24.8362 6.87093 -2.11294e-17)
(18.7704 9.96696 -3.67233e-18)
(23.9187 4.32644 -1.77943e-17)
(28.268 7.02624 4.27185e-18)
(25.1634 8.83595 -1.09723e-17)
(20.4999 8.93145 5.22269e-18)
(24.7496 6.33142 -4.27869e-19)
(25.1586 6.50064 -1.44784e-17)
(22.9815 9.06057 -9.06373e-18)
(23.6644 9.00482 -1.3501e-17)
(25.7165 7.90246 -5.58874e-18)
(-2.6942 -2.25256 -4.17149e-18)
(25.4733 7.07156 3.10037e-18)
(27.146 8.11062 7.4841e-18)
(25.1917 6.52823 -6.79866e-18)
(25.0173 7.96194 1.53288e-18)
(10.441 -1.06588 7.59103e-18)
(28.9477 8.10986 6.33125e-18)
(24.4361 6.20197 -6.12868e-18)
(24.963 6.48257 0)
(19.1563 5.72885 -8.99245e-18)
(24.2855 1.41383 -9.36606e-19)
(24.2428 13.4375 -1.05642e-18)
(19.1797 8.38161 0)
(29.7751 8.09448 0)
(25.1472 6.47964 5.02962e-18)
(23.8191 4.339 9.59647e-18)
(5.38063 -1.13639 3.50728e-18)
(29.0178 4.37438 0)
(21.8938 24.2569 8.63483e-18)
(20.2848 8.04518 -1.23238e-18)
(25.0449 6.52468 0)
(25.1796 6.60683 5.91896e-18)
(25.1539 6.81352 -8.10995e-18)
(23.1916 3.29538 0)
(23.3748 3.13076 0)
(27.563 9.93758 1.15765e-17)
(26.7116 7.73314 -5.22726e-18)
(28.999 10.64 5.30159e-18)
(25.1961 6.62015 0)
(24.6343 9.42017 0)
(25.1178 6.67628 0)
(30.2346 8.55552 -4.00278e-18)
(27.8403 8.10018 2.65235e-18)
(23.7732 10.9582 0)
(29.7224 11.7135 -7.21251e-18)
(25.3822 6.51479 8.03933e-18)
(26.7663 5.66564 0)
(27.7141 4.88004 -6.24855e-18)
(24.9791 6.77224 2.72828e-17)
(23.4704 6.61172 -1.87941e-17)
(24.0886 3.05014 -1.67223e-20)
(24.1749 7.13005 0)
(-4.13814 2.66942 -8.24895e-19)
(27.6253 5.41454 -1.60569e-19)
(23.1047 7.08943 -1.40191e-17)
(27.7065 7.57117 0)
(23.8936 12.058 -8.77696e-19)
(25.1041 6.76084 5.38195e-18)
(23.5688 7.4654 2.46034e-17)
(22.0435 9.03276 0)
(25.1853 6.29529 -1.8526e-20)
(25.454 5.9332 -1.66273e-18)
(25.0022 6.58922 1.06385e-17)
(24.6182 5.5536 1.2674e-17)
(22.4904 7.73916 -1.78026e-18)
(25.1605 6.61029 -1.64306e-17)
(25.9551 11.6387 3.66914e-18)
(25.3157 11.6721 -1.2344e-18)
(23.8805 6.11366 0)
(25.3119 6.80624 1.36287e-17)
(11.6101 1.63988 -7.35221e-18)
(25.6106 8.75931 0)
(29.5129 7.91306 -6.46214e-18)
(23.0857 2.91553 0)
(23.4134 6.93384 0)
(25.2597 6.52446 -7.35566e-21)
(25.2717 6.64169 2.61351e-17)
(26.8609 4.00298 1.36837e-18)
(29.4573 8.40341 7.35146e-18)
(23.2486 5.01185 0)
(25.2786 6.93424 0)
(21.9065 7.82933 -6.11894e-18)
(25.1527 6.37636 0)
(29.2773 8.61961 0)
(27.5996 4.13058 1.49174e-18)
(26.2585 7.35347 -3.83586e-17)
(19.1588 13.1324 -4.42947e-18)
(24.9075 6.66947 2.69803e-17)
(28.8392 5.67728 5.35306e-18)
(25.3706 6.66954 2.93639e-17)
(27.0173 8.77828 1.16204e-17)
(25.5657 3.08089 -1.1414e-19)
(25.4589 5.99936 9.12788e-20)
(24.9566 6.43388 -3.9791e-19)
(-7.88708 -4.50591 -1.70356e-18)
(24.5313 6.81247 0)
(25.4635 10.1547 -4.06543e-18)
(25.3929 6.6436 3.165e-17)
(34.2843 9.02981 0)
(25.1688 17.7284 -5.97485e-18)
(28.6801 5.48358 -3.34611e-17)
(24.2455 6.14181 1.36125e-17)
(25.572 6.27275 0)
(25.3906 6.45708 0)
(-4.00822 -0.709847 2.53639e-22)
(25.6896 6.29277 -1.49355e-17)
(24.6821 4.93088 -5.00549e-18)
(29.6934 7.99971 0)
(25.1428 6.43909 -8.79491e-18)
(24.8893 6.35597 -1.6652e-17)
(26.5532 5.86606 7.59739e-18)
(23.9086 3.14759 -2.71375e-18)
(25.1537 7.22247 -5.41024e-18)
(25.1479 6.69056 0)
(25.0067 4.85044 1.29452e-19)
(29.473 9.83882 -2.71538e-18)
(27.4804 3.96943 3.40502e-19)
(15.0459 17.0286 4.25825e-18)
(25.2671 14.863 -1.99665e-18)
(24.6735 6.97448 1.20645e-17)
(25.0645 5.71272 4.4692e-18)
(24.174 10.2258 -8.99219e-19)
(25.0549 6.57495 2.26304e-17)
(19.1238 8.14148 -2.69932e-19)
(29.3922 8.3278 -3.95801e-18)
(21.6477 5.60222 -2.14796e-18)
(25.2959 6.95922 0)
(24.3367 6.2192 1.01353e-17)
(22.9409 0.908069 2.14149e-18)
(24.5567 4.02819 3.86689e-18)
(23.4235 7.17442 0)
(27.432 4.58541 -4.40625e-18)
(26.9012 4.85568 3.34089e-18)
(-0.902582 -2.85676 1.9866e-18)
(23.2869 10.8618 -7.87208e-19)
(23.4711 9.80075 1.27558e-18)
(17.6731 5.8835 -3.51047e-18)
(-9.44545 -4.62595 0)
(21.5287 11.71 -1.76833e-20)
(23.1601 5.74785 0)
(23.3513 13.3114 -2.71823e-19)
(25.2309 6.72911 2.61675e-17)
(22.453 4.33517 -2.48936e-17)
(8.45048 2.91168 0)
(31.5507 8.8944 -2.06426e-17)
(24.9874 6.47969 -2.50583e-17)
(23.5436 1.00028 -3.39867e-18)
(22.2351 0.710594 -2.48936e-18)
(29.4103 8.02053 0)
(23.5626 2.95199 4.9749e-18)
(24.7645 6.72455 -6.67799e-19)
(21.7744 4.89697 6.08856e-18)
(24.8713 7.0439 1.89317e-17)
(26.6027 3.72235 5.00689e-19)
(25.7875 7.26486 5.44678e-18)
(25.2318 6.57509 0)
(-1.27265 -0.358266 8.69487e-18)
(30.8758 8.8976 -1.15702e-17)
(20.4622 7.07713 -8.46701e-18)
(26.7502 11.7018 0)
(24.9575 6.91204 0)
(-9.08499 -4.14231 3.56189e-18)
(29.6919 8.25379 0)
(25.1116 6.67611 0)
(25.1123 6.6882 1.21811e-17)
(25.636 7.52318 0)
(24.4315 6.36484 -1.4477e-17)
(1.27881 -2.10814 -4.08367e-18)
(25.0025 6.43581 7.66379e-18)
(9.69598 4.53119 0)
(25.3746 6.85788 -1.13007e-17)
(25.4782 6.03332 0)
(26.8093 13.6721 5.09347e-18)
(32.7351 4.76169 0)
(27.8565 6.4949 0)
(21.1462 11.4432 -6.66625e-18)
(24.2584 6.53314 -2.76968e-17)
(25.3453 5.46883 4.0526e-20)
(29.6858 9.64855 -2.50462e-18)
(25.1411 6.65479 -1.66138e-18)
(25.067 6.4676 1.33616e-17)
(24.7382 10.6981 -2.18879e-18)
(28.3278 5.00551 2.16793e-17)
(25.1657 6.57596 5.53269e-18)
(25.6945 5.99329 0)
(27.5841 5.32224 2.14484e-18)
(26.5469 4.00909 -1.0749e-18)
(-2.17418 -0.117478 -1.89287e-17)
(29.6454 7.96171 2.66879e-19)
(23.86 2.77577 6.13237e-19)
(25.0939 6.72753 0)
(26.4828 5.64164 0)
(25.0426 6.42796 -1.46292e-18)
(19.6657 -0.129444 -5.97977e-18)
(29.6928 8.00331 0)
(25.1923 6.58921 1.60247e-18)
(17.6912 4.53915 1.32667e-18)
(30.0193 8.11007 -4.20718e-18)
(-2.53953 0.0306161 -3.49126e-17)
(29.2758 7.79553 5.33513e-18)
(28.2703 7.94124 1.10311e-18)
(24.9787 8.11192 0)
(26.2406 3.94497 0)
(25.91 10.7103 -1.15884e-17)
(26.8089 4.4851 0)
(28.8182 8.76161 1.91281e-18)
(24.303 3.34784 0)
(28.6902 11.051 5.65209e-18)
(25.3423 3.52593 6.61161e-19)
(25.021 6.73929 2.17589e-19)
(25.0374 6.92774 2.3222e-18)
(29.083 10.5077 -2.73509e-18)
(30.6501 6.98961 -1.13046e-17)
(23.5437 3.00981 0)
(26.7129 4.65748 0)
(25.056 6.52462 1.23507e-17)
(25.129 6.56512 2.20821e-17)
(25.8516 3.25034 0)
(22.6076 3.99459 0)
(23.2852 3.2134 7.15775e-18)
(23.4633 3.07393 -9.95092e-19)
(28.1201 6.04707 -1.4056e-17)
(27.8055 4.92935 -1.9914e-17)
(25.7461 7.46296 5.88573e-18)
(21.7984 10.492 2.35666e-20)
(25.4111 6.83435 0)
(29.7512 8.00488 0)
(24.1473 6.62781 0)
(20.9653 7.53082 -2.24601e-17)
(24.6529 7.69225 0)
(24.5083 5.85421 -5.95328e-18)
(26.4289 4.40997 0)
(25.7812 8.77948 8.15234e-18)
(24.1087 5.30296 0)
(29.6368 5.3229 -2.41404e-17)
(12.0095 4.41979 7.20207e-18)
(27.7921 4.74653 4.07179e-19)
(21.9083 3.17743 0)
(29.9944 7.97512 1.92527e-17)
(29.4481 8.07771 -3.72304e-18)
(15.3126 5.6768 -1.01927e-17)
(30.3575 7.45808 0)
(20.4479 0.315108 -4.05357e-18)
(20.2724 6.18067 -9.90722e-18)
(24.1525 14.3927 2.45472e-18)
(25.8485 5.80676 3.56997e-18)
(30.7862 6.92989 8.43145e-18)
(26.2803 5.55654 5.16617e-18)
(17.5804 5.82332 0)
(25.1911 6.51615 -3.75181e-18)
(28.317 8.80168 -2.50126e-17)
(29.6493 7.98515 9.93474e-18)
(25.1754 3.19984 -1.06841e-18)
(26.1546 7.44721 -1.51611e-17)
(28.0063 11.7351 5.3142e-18)
(29.3136 8.06113 6.28048e-18)
(29.5178 7.90891 0)
(29.093 8.44584 0)
(24.5149 5.00168 0)
(29.7988 8.23398 0)
(24.4007 6.23246 -1.14726e-17)
(28.2914 8.72354 -7.98873e-18)
(26.0695 7.01015 -2.94305e-17)
(28.1454 8.35558 -4.37904e-18)
(23.6065 10.8334 2.08585e-19)
(25.3089 6.48218 -3.27736e-18)
(29.5699 7.93035 1.10428e-17)
(29.1796 5.55587 -2.17447e-17)
(28.5289 9.8976 1.04382e-17)
(-1.70823 -1.71589 0)
(28.7966 7.8564 0)
(0.320136 0.761743 0)
(26.8275 8.81579 0)
(24.0465 10.2105 0)
(24.848 4.88156 -8.58702e-18)
(21.0595 4.12388 0)
(23.7939 1.2345 7.1923e-19)
(25.1167 6.73954 4.88293e-20)
(-1.7295 -1.37983 4.0618e-18)
(14.2599 4.35557 0)
(25.1738 4.84906 2.16127e-18)
(27.657 4.13216 -4.80368e-18)
(27.9513 11.4337 2.10772e-18)
(25.3339 6.79628 -3.10316e-17)
(24.9853 6.36898 7.90894e-18)
(24.4123 2.82864 -7.48973e-19)
(21.8335 2.43859 -8.30861e-18)
(24.2403 1.39958 -1.36668e-19)
(25.7462 11.6686 -3.38015e-18)
(28.4729 9.51148 -7.0992e-18)
(-7.87756 -3.17743 1.59751e-18)
(24.3314 2.74065 -4.65679e-19)
(29.5263 7.95468 -3.37046e-18)
(25.131 6.48974 2.26347e-18)
(-1.20794 -0.56083 -1.19819e-17)
(26.1224 6.69083 2.47573e-17)
(23.6861 10.1401 6.59478e-19)
(24.61 1.55675 2.90452e-18)
(29.709 8.03228 -1.4617e-18)
(30.7697 6.67282 -2.09471e-17)
(21.5336 8.40392 -1.3461e-17)
(21.3641 15.0375 -1.65498e-19)
(22.5195 2.74774 -9.17759e-18)
(29.209 8.22006 5.18171e-18)
(27.1802 4.55751 3.27742e-18)
(26.6874 6.89247 -5.6257e-18)
(25.0677 6.71478 8.32636e-18)
(28.0851 9.91667 7.70137e-18)
(22.9745 9.48416 2.56427e-18)
(24.4556 6.29602 3.59758e-18)
(29.5804 8.73768 3.32042e-18)
(25.9032 3.17647 1.98787e-19)
(25.097 6.75238 -2.19476e-17)
(23.9965 3.86194 4.52475e-20)
(29.6674 8.1543 0)
(23.0473 5.67474 4.15393e-19)
(32.5126 8.4327 0)
(27.6931 2.15755 0)
(22.8815 8.27618 9.17928e-18)
(25.103 6.67353 0)
(23.9386 3.40323 0)
(27.5545 6.4287 0)
(29.4842 7.91399 5.46615e-18)
(29.5889 7.94602 -5.27327e-18)
(22.907 3.49214 0)
(-0.393389 -2.96589 0)
(25.381 7.04376 1.14922e-17)
(25.2507 7.9966 0)
(29.5259 7.98454 4.25337e-18)
(22.1493 3.06066 0)
(10.0575 5.48925 8.51722e-19)
(29.0522 7.98637 -5.17041e-18)
(28.7654 10.2144 -6.93814e-18)
(27.202 7.22908 -2.13026e-17)
(25.7717 8.63962 0)
(-7.45619 -2.89047 0)
(27.731 7.04134 2.68834e-18)
(29.446 9.6319 0)
(29.163 8.46638 0)
(29.0774 9.14829 0)
(24.5577 9.33465 3.64808e-19)
(-0.266337 1.17045 2.57801e-17)
(25.3566 6.60234 -1.2507e-17)
(25.2238 6.55014 0)
(34.5343 13.3912 -1.1572e-17)
(23.8808 11.8642 0)
(21.7835 7.40045 1.2791e-17)
(20.2118 7.66535 1.35556e-18)
(30.3114 10.4444 0)
(25.2291 6.5404 -2.31192e-18)
(25.2927 6.83097 0)
(26.2185 5.85596 4.0154e-18)
(25.5272 6.23933 1.6929e-17)
(27.5491 5.35606 -2.08476e-18)
(30.7882 8.42515 5.60969e-18)
(24.6256 7.08985 -1.48487e-17)
(25.5702 7.00337 0)
(28.8203 5.78818 0)
(5.6782 -1.99157 0)
(24.9758 6.74985 -1.50209e-17)
(25.212 6.52712 -6.28901e-19)
(25.3931 3.25113 0)
(18.1569 13.6058 0)
(29.3947 8.09359 5.38387e-18)
(23.139 0.888484 -4.97331e-19)
(36.3462 13.0715 1.8912e-19)
(20.3998 8.64992 2.71036e-18)
(25.194 5.77648 2.20825e-18)
(10.3318 3.29875 -2.13115e-18)
(27.5358 3.96967 0)
(24.8711 6.77068 0)
(25.2855 6.53735 0)
(25.85 7.5171 -8.52444e-18)
(29.1579 9.93311 1.52833e-17)
(22.6001 3.88173 -6.59368e-18)
(30.7702 8.39432 -6.11359e-18)
(28.2654 7.90219 3.94845e-18)
(24.1683 11.9331 0)
(-1.07666 0.182157 0)
(30.5943 12.5883 0)
(22.5656 9.01353 7.05901e-18)
(25.2371 6.51554 1.8195e-17)
(29.7203 9.31424 7.33163e-18)
(34.7045 9.34116 1.21714e-17)
(25.6396 9.42839 -1.23768e-18)
(25.073 6.50816 0)
(29.4107 7.09613 -2.08577e-18)
(25.0513 19.5559 0)
(23.0094 1.54111 0)
(25.1354 6.59091 1.19472e-18)
(22.9219 6.94519 0)
(29.8718 7.99097 0)
(24.3507 6.65957 4.80823e-17)
(22.4604 14.6609 -1.00766e-18)
(24.8085 8.731 4.53419e-18)
(26.5667 3.72746 -1.24718e-18)
(25.0792 6.73617 1.35419e-17)
(28.6157 9.29319 9.92019e-18)
(29.7497 8.02801 -1.99431e-17)
(23.2598 9.81475 1.76848e-18)
(28.0194 6.29946 1.11636e-17)
(25.0684 6.88586 5.81645e-20)
(25.8166 5.83953 0)
(20.6392 8.45828 2.3407e-18)
(29.9226 9.29559 6.0387e-18)
(19.7429 6.13892 4.50416e-18)
(18.2066 4.14438 5.37096e-18)
(30.5196 7.26452 -5.69652e-18)
(20.8584 9.35245 1.00866e-17)
(25.0529 7.13011 0)
(29.4989 7.90185 2.47951e-18)
(28.5028 2.63554 0)
(25.0756 6.73137 0)
(23.7635 9.17951 0)
(23.4748 10.1859 -1.13501e-19)
(21.9662 3.21198 2.138e-18)
(-4.57315 -2.63636 -9.12666e-18)
(28.1523 7.78294 3.73457e-18)
(23.8711 9.33674 -1.2243e-18)
(19.9966 5.25377 -9.61884e-18)
(-7.41621 0.918531 0)
(29.5283 7.96557 -1.85128e-18)
(29.5914 7.94147 0)
(25.1578 6.58662 6.89664e-18)
(18.7796 8.0228 -3.80815e-18)
(24.8379 7.13498 -4.21416e-19)
(29.5439 7.92029 7.67238e-18)
(22.3483 12.5931 -5.71301e-20)
(4.20151 -1.99226 0)
(25.0438 6.46869 0)
(30.1761 7.60956 0)
(25.1123 8.63579 3.70181e-18)
(22.3606 3.02849 -3.26494e-18)
(24.7284 6.331 -4.03452e-18)
(31.7295 7.09779 0)
(24.5456 6.23335 4.68984e-18)
(24.8214 6.36839 -3.36901e-18)
(26.7451 5.74982 -2.46479e-18)
(26.5411 5.69479 3.41113e-17)
(29.505 7.90485 8.69307e-18)
(24.2424 5.77386 1.70254e-17)
(29.7726 7.99016 1.19346e-17)
(24.9389 6.30783 -1.37227e-19)
(6.70806 4.05235 0)
(28.5358 2.52906 0)
(18.3313 7.41764 -9.4054e-18)
(25.1581 6.61791 1.76781e-17)
(9.46933 12.2737 1.03484e-17)
(13.9892 0.0171709 -6.97511e-18)
(25.4721 6.80578 1.64532e-17)
(23.1682 7.17572 -1.31088e-17)
(23.567 7.3824 8.39422e-18)
(24.9577 6.71704 1.50615e-17)
(22.6049 11.2818 0)
(25.0188 6.55162 2.88411e-17)
(20.3731 8.12274 1.23238e-18)
(3.66084 -0.875113 6.78888e-18)
(25.4195 6.57233 3.67015e-17)
(19.5547 3.74742 1.32434e-17)
(25.0359 9.49469 5.35613e-18)
(24.7513 6.50609 -3.82907e-19)
(16.2261 3.08976 0)
(23.9495 4.22476 9.08019e-18)
(32.966 5.24582 2.81554e-17)
(29.4853 7.90718 7.96027e-18)
(-4.58149 -2.62904 0)
(25.0422 6.33835 -9.45549e-18)
(25.8474 8.1831 8.44279e-18)
(28.6043 4.75934 -6.74282e-18)
(25.6701 3.82421 -1.11443e-20)
(22.6582 3.12418 -1.79543e-18)
(25.0193 6.40053 2.89793e-18)
(22.6303 9.58004 -7.59315e-18)
(24.8726 6.385 -4.51105e-18)
(25.5091 6.10332 -2.16548e-18)
(25.5955 10.8618 -2.15142e-18)
(27.3771 10.6244 8.32924e-18)
(25.0284 6.41005 7.1477e-18)
(21.9537 3.78063 5.99961e-18)
(22.6775 4.45149 1.6569e-17)
(22.9794 5.36278 1.88323e-17)
(15.8648 19.7496 0)
(29.486 7.92306 -3.04385e-18)
(25.5403 7.06033 -8.38551e-18)
(27.501 12.1322 -8.89439e-18)
(27.3556 4.49347 -8.24077e-20)
(25.4099 6.61088 1.70615e-17)
(28.3532 6.02573 4.15793e-18)
(29.1467 19.9023 0)
(3.14151 -2.36365 0)
(19.7004 4.3014 -1.25561e-17)
(23.7092 5.94406 1.10803e-17)
(27.5554 6.27183 -9.26745e-18)
(27.0446 2.07153 3.83085e-20)
(16.7758 5.12125 0)
(17.6719 5.67103 6.3134e-18)
(25.1067 6.39939 7.18086e-18)
(26.3545 5.7897 9.13387e-18)
(24.7472 8.94481 0)
(-1.21459 -2.95798 2.64739e-18)
(23.6194 2.95751 4.79144e-18)
(22.5146 8.87258 -1.57175e-17)
(24.5883 7.12807 2.17356e-17)
(24.9083 6.89718 1.21843e-17)
(-0.159448 -2.02861 6.05549e-18)
(24.3181 1.38523 -1.84822e-18)
(22.7898 3.03403 -7.53902e-19)
(28.5832 8.35461 0)
(21.1601 10.7848 -1.57253e-18)
(-3.79836 -0.730313 -2.79162e-18)
(29.7009 10.6054 1.08224e-17)
(25.0498 6.91485 -6.4639e-19)
(25.1224 6.68145 -1.82399e-17)
(25.0793 6.78142 6.78916e-18)
(20.9404 11.0787 1.73141e-18)
(24.2322 5.18364 -7.53028e-18)
(-8.40853 -4.57915 0)
(23.7789 4.14903 0)
(21.1624 3.01522 -7.00273e-18)
(29.6612 7.98878 0)
(25.0706 6.47695 0)
(30.7881 12.275 5.11562e-18)
(27.0825 8.28145 -9.84615e-18)
(27.329 8.50408 -1.7296e-17)
(26.9917 7.29646 1.55906e-19)
(25.0996 6.49467 -1.92684e-18)
(25.1472 6.83399 0)
(24.7377 4.0454 0)
(25.0174 6.43822 -6.75686e-18)
(24.4706 7.87983 -5.59845e-20)
(24.6152 6.79389 0)
(26.0143 1.94284 0)
(30.2784 8.18934 -2.44992e-18)
(25.2216 6.55251 1.13339e-19)
(19.8848 0.920666 2.02691e-18)
(25.6391 6.49598 0)
(27.6961 4.19087 0)
(24.8251 6.0795 9.86799e-18)
(24.9035 12.8445 2.73385e-18)
(27.3542 9.78685 -9.48777e-18)
(23.2923 5.66979 -4.15345e-19)
(21.0941 7.82579 1.1261e-17)
(26.4244 4.02284 -1.11639e-18)
(32.4161 5.28751 1.21661e-17)
(29.2698 11.6989 0)
(27.2713 7.43881 -1.71668e-17)
(25.1737 7.02795 -7.09685e-18)
(12.4126 -0.452714 7.15624e-18)
(13.2952 0.0698144 1.51093e-17)
(-7.06084 -2.67194 0)
(21.4805 11.9514 -1.74346e-18)
(23.4994 6.71107 0)
(24.9231 6.67701 -8.9764e-19)
(25.0344 6.41624 -6.83796e-18)
(28.432 6.7986 5.68687e-18)
(25.193 6.60945 0)
(24.8808 9.23501 1.03854e-19)
(26.2881 3.5487 1.40766e-18)
(20.91 10.8421 -7.52514e-20)
(-5.37345 -3.45752 -1.72423e-18)
(23.5648 2.67875 3.30656e-19)
(25.7338 3.19775 -2.41421e-20)
(23.0078 1.68196 0)
(26.2777 1.97993 -6.52972e-20)
(25.5661 6.2866 0)
(25.0423 6.40339 -8.80285e-19)
(25.0409 6.65685 1.89636e-17)
(25.9158 3.49266 -4.73513e-19)
(25.587 3.73597 1.77663e-19)
(29.642 8.2654 -3.1313e-18)
(25.1874 6.57074 6.46256e-18)
(25.0005 6.81015 0)
(22.6908 3.83782 2.1225e-18)
(21.1016 2.84169 -4.90319e-18)
(25.6439 11.4781 0)
(29.2087 8.19421 -5.13399e-18)
(29.0394 8.00024 0)
(25.3197 6.64772 4.8896e-17)
(24.209 6.60804 3.97006e-18)
(22.6456 6.21449 -1.17543e-17)
(-7.28127 -3.05438 0)
(22.7882 5.43904 4.49736e-19)
(26.6435 7.74141 2.46109e-17)
(19.7032 4.91758 1.6031e-18)
(25.1242 6.66378 -7.12307e-18)
(23.5576 9.02353 0)
(30.2878 9.6659 -2.83781e-18)
(-2.65629 -2.37654 0)
(26.218 7.1563 5.79146e-18)
(22.4332 3.41042 -5.65935e-18)
(25.1275 6.73013 -6.93934e-18)
(27.5758 4.02293 2.99622e-18)
(30.2794 8.26603 3.8808e-18)
(28.5832 8.75648 7.4556e-18)
(25.8118 7.62403 0)
(29.0765 2.81226 -5.09395e-18)
(25.7833 3.46497 -3.30228e-20)
(26.2948 6.37352 -5.62534e-18)
(24.3157 6.83551 0)
(25.9033 7.09494 -1.26545e-17)
(24.4675 4.01305 2.64211e-18)
(25.77 6.4297 2.08936e-17)
(22.2993 8.64093 1.06161e-17)
(26.4054 6.21397 6.386e-18)
(24.9337 6.50455 -1.69436e-17)
(10.609 2.27816 0)
(32.206 8.06715 -8.29364e-18)
(6.73528 -0.791735 -3.45241e-18)
(22.6901 9.98576 0)
(22.2979 10.1469 0)
(24.8742 3.6229 1.10774e-19)
(24.2537 3.06058 -2.66843e-18)
(25.1743 4.94268 0)
(22.8717 7.89077 -5.84827e-18)
(29.5405 7.98336 0)
(25.2208 1.67524 2.68188e-19)
(-5.71647 2.79867 0)
(25.2881 2.96221 4.63502e-19)
(25.6621 3.51646 3.51264e-20)
(26.8613 4.98147 0)
(24.6698 6.66972 -2.45895e-17)
(25.9766 6.69228 -5.44935e-18)
(27.596 10.6409 -9.12954e-18)
(4.29443 1.57964 0)
(26.3548 3.96247 0)
(21.0686 7.9433 -8.44594e-18)
(25.132 6.47164 1.48295e-18)
(25.1272 6.64274 0)
(23.3831 4.25627 -1.49889e-17)
(20.3165 8.47141 0)
(18.9424 10.0474 -6.42042e-18)
(25.001 7.36905 1.53668e-18)
(21.8151 0.951348 6.19093e-18)
(21.5517 4.27984 1.37856e-17)
(21.0418 11.1867 -3.12847e-18)
(12.9923 2.82925 -8.37169e-18)
(25.5378 6.47628 2.81496e-18)
(21.747 9.06347 0)
(25.9474 7.42873 1.86163e-17)
(22.716 8.14921 1.1144e-17)
(24.6113 3.94526 -3.55931e-18)
(26.502 7.85557 1.14415e-17)
(28.6384 2.48633 -6.34568e-19)
(27.9799 7.29044 0)
(26.2472 1.92291 5.25754e-20)
(25.1149 6.79383 3.03324e-19)
(24.3048 5.25163 0)
(25.1463 6.54303 0)
(-1.45654 0.150663 1.85015e-17)
(24.996 6.43336 3.46544e-18)
(31.0362 5.69011 -1.86089e-17)
(27.2308 6.08702 -5.25114e-18)
(28.9563 8.1879 -1.03327e-17)
(29.5965 8.31224 -4.67221e-18)
(29.271 8.23818 -1.16563e-17)
(25.1858 6.52179 4.54944e-18)
(23.1765 2.77203 -3.37283e-18)
(29.5253 8.64523 -4.21161e-18)
(25.5652 3.01494 -1.08465e-19)
(26.0387 6.14047 -1.44826e-18)
(29.7067 8.00547 -5.97875e-18)
(26.5314 4.06907 1.32918e-18)
(29.3631 7.90216 4.96217e-18)
(24.8053 6.15495 -2.03349e-18)
(27.0456 2.0047 -3.49273e-19)
(25.2279 6.34955 0)
(15.9699 6.25576 -2.31501e-18)
(27.8329 6.43139 0)
(24.4609 7.13791 0)
(25.1324 6.67661 -1.29947e-17)
(29.8751 10.562 8.5045e-18)
(25.0271 6.41661 4.49063e-19)
(22.5514 6.50638 0)
(-2.21315 0.0771032 2.72788e-18)
(25.1251 6.72313 5.41323e-18)
(27.5914 4.5409 0)
(27.6378 4.72793 -3.00916e-18)
(29.536 7.97512 8.88429e-19)
(26.3568 9.67044 -1.44892e-17)
(24.8237 7.03308 2.39189e-22)
(26.7599 10.4004 8.54376e-18)
(29.498 5.53412 -7.48972e-19)
(31.3947 5.40997 1.64649e-17)
(6.53345 10.7928 1.37643e-17)
(21.6789 4.12845 1.48797e-18)
(24.9031 6.52217 -1.74185e-17)
(-7.43391 -4.31071 -1.83665e-18)
(24.1987 1.20563 0)
(26.4929 6.23732 0)
(30.7432 10.5899 6.58042e-18)
(29.6452 7.96346 5.38213e-19)
(24.0244 9.4615 7.17942e-19)
(28.7606 7.87741 0)
(29.5531 7.33286 1.83128e-17)
(26.1778 6.56814 0)
(27.3038 8.39729 -1.03956e-17)
(25.9708 7.49373 2.1557e-17)
(29.673 8.27007 2.46119e-18)
(25.3584 6.55212 -3.88933e-19)
(29.9189 9.36486 6.08963e-18)
(25.2435 3.61763 0)
(29.6908 7.97905 8.60742e-18)
(35.1567 12.8719 2.36005e-17)
(-7.19652 -4.29848 0)
(29.5061 8.16088 -2.71216e-18)
(24.2489 6.62796 9.93616e-18)
(26.4516 6.13331 -6.15512e-18)
(25.1519 6.53621 0)
(27.907 11.1018 9.2959e-19)
(24.2989 6.87414 0)
(27.2915 6.901 0)
(-3.74374 2.79306 -6.14768e-18)
(25.0938 6.89223 -9.95475e-19)
(25.5178 6.77391 -5.35545e-17)
(29.247 9.49066 -1.06447e-17)
(28.4662 11.7433 1.26082e-17)
(28.3455 7.82204 0)
(29.2055 8.73352 0)
(20.4515 6.75762 0)
(24.7583 6.326 1.16559e-17)
(25.4176 6.53451 -2.5094e-18)
(15.1632 0.710081 0)
(24.4229 6.14023 0)
(26.6335 6.97213 0)
(25.588 6.25259 -6.77955e-18)
(25.131 6.75833 4.2325e-18)
(33.2958 6.68998 0)
(24.8248 6.32235 1.11872e-17)
(11.3215 3.63454 -1.0447e-18)
(27.3359 11.2247 4.01695e-18)
(26.5739 4.92275 0)
(28.3607 9.08193 1.71762e-17)
(-6.77006 -2.44073 -1.53855e-18)
(27.1499 9.87315 -7.82762e-18)
(25.8511 3.18865 2.80288e-19)
(23.0703 7.79374 -7.90536e-18)
(25.9973 8.23892 9.92913e-18)
(26.6328 13.7287 -5.09338e-18)
(24.9799 6.46932 4.04486e-19)
(28.7333 10.5572 0)
(25.1704 6.60611 0)
(21.7773 6.96982 0)
(21.5181 2.51661 3.26192e-18)
(23.4183 1.01562 0)
(7.98182 1.65365 1.37088e-17)
(9.49887 3.40357 -4.46314e-18)
(25.0327 6.41916 -4.49063e-19)
(25.0153 3.96188 0)
(27.7569 4.19671 0)
(27.4783 5.64126 3.52751e-18)
(29.6691 7.99237 4.69092e-18)
(28.2401 2.42416 -3.47973e-18)
(23.593 10.2254 7.97227e-19)
(-1.63223 -3.36749 1.14899e-18)
(23.4487 6.33233 2.31949e-17)
(25.3999 1.70709 0)
(26.0095 8.14919 -1.87108e-17)
(29.3403 8.56487 0)
(25.1879 6.51049 2.36389e-18)
(25.0666 6.66306 1.60493e-17)
(26.2915 6.13091 0)
(28.1543 8.22502 0)
(25.2156 6.56922 -1.94573e-18)
(24.8479 6.55327 4.18815e-17)
(25.9252 5.86957 0)
(25.3881 6.61389 2.34753e-18)
(24.2268 10.1342 0)
(26.32 1.94892 -1.03333e-18)
(26.9751 5.99771 4.29362e-18)
(25.137 7.01255 0)
(25.2613 6.69187 -1.81058e-17)
(25.127 6.63272 0)
(12.0341 4.22523 7.28223e-18)
(29.2732 8.18488 6.90145e-18)
(20.5873 4.92321 -1.2929e-17)
(25.0235 6.41171 0)
(15.3492 5.63917 0)
(25.3922 8.13343 0)
(25.4854 3.59346 7.95308e-19)
(24.0853 6.59689 0)
(25.645 6.28891 -1.25765e-17)
(23.9986 6.74675 1.83027e-17)
(25.1471 6.76303 8.21021e-18)
(18.0427 6.99869 0)
(28.3119 7.17959 2.95515e-18)
(27.7538 9.91697 -1.50665e-19)
(20.5898 7.08154 1.24317e-17)
(24.9714 6.31835 3.31623e-18)
(29.7035 7.99918 3.50887e-18)
(25.4904 7.10972 1.8547e-17)
(25.2697 5.24523 -1.43858e-18)
(25.1166 6.74237 2.49827e-18)
(25.0692 6.63809 -1.70019e-18)
(6.6684 -1.12066 -7.95236e-18)
(25.1434 4.1303 4.11864e-18)
(25.1844 6.62767 3.15978e-18)
(25.0026 17.2577 -4.82797e-18)
(24.772 6.68109 -1.19407e-17)
(29.7743 8.02116 0)
(28.2989 8.96559 -7.05296e-18)
(24.8033 7.86836 2.0421e-19)
(29.7613 8.16402 1.69335e-18)
(24.4403 3.26933 -3.70937e-18)
(-1.57034 -0.535872 0)
(23.5457 6.54709 0)
(25.0479 6.48289 0)
(15.7016 0.398719 6.89944e-19)
(24.2793 3.12447 2.35614e-18)
(25.3893 7.90942 -5.66802e-18)
(27.8051 9.69918 -5.83246e-18)
(25.2064 6.58246 1.34755e-18)
(29.3984 7.99674 0)
(28.5934 8.29868 0)
(12.5744 0.542004 0)
(17.46 5.97243 0)
(26.6507 5.19379 1.3734e-19)
(24.8677 7.15165 3.44594e-18)
(29.1556 8.09692 0)
(23.8857 4.13987 0)
(25.6283 8.11439 0)
(24.7188 5.92321 -3.69326e-20)
(25.0236 6.72296 0)
(25.0983 6.76221 -7.60005e-18)
(20.3902 7.72955 1.94589e-17)
(25.1189 6.79904 -1.34308e-18)
(26.0764 7.45633 1.06139e-17)
(18.7809 -0.219296 -1.17352e-17)
(29.6723 7.9872 4.84998e-18)
(26.6792 6.22062 -3.76032e-18)
(27.7495 2.23968 -1.08532e-19)
(25.1689 6.53595 -8.01068e-18)
(-2.63792 -0.160883 0)
(23.5321 2.64464 -3.66645e-19)
(19.0502 0.0191044 -1.2025e-17)
(25.2283 7.00327 1.8955e-17)
(27.0491 8.00114 -8.25499e-18)
(19.1719 25.8958 0)
(-5.42104 -3.50329 0)
(26.5669 2.07769 1.39607e-18)
(13.3299 0.334254 -1.0748e-17)
(11.178 0.672287 -8.4701e-18)
(24.8301 7.92622 -2.15751e-19)
(24.8127 6.90698 -1.08531e-17)
(27.1693 6.6107 0)
(25.132 6.3928 -4.95369e-18)
(20.9658 6.4827 0)
(22.854 5.34568 0)
(25.1331 6.68987 6.80004e-19)
(25.8619 8.10762 1.76828e-17)
(17.906 17.249 1.0753e-18)
(23.4707 10.0615 -2.25795e-18)
(25.1306 7.20445 3.86519e-19)
(27.6347 4.02484 3.13208e-18)
(25.0421 6.53493 3.61167e-18)
(23.0819 22.3255 1.03122e-17)
(20.7325 5.08099 0)
(19.0236 7.25636 0)
(25.1674 6.32212 -4.97502e-19)
(25.2204 11.5985 1.37952e-18)
(26.1377 6.97857 7.30636e-18)
(25.7714 3.21433 2.41418e-20)
(27.4129 8.1193 -2.50281e-18)
(10.7518 1.56805 -3.04923e-17)
(19.751 5.49711 -2.60467e-17)
(22.7375 3.20108 -3.56996e-18)
(22.1166 3.76745 5.39517e-18)
(24.8645 10.5304 0)
(32.144 8.76703 2.04873e-17)
(22.0867 10.1175 -9.46027e-20)
(25.1408 6.47628 7.50526e-18)
(26.7702 2.09917 0)
(29.1315 8.75415 -5.47279e-18)
(27.8152 6.56512 -3.18756e-18)
(25.173 6.86964 4.44743e-18)
(26.583 9.07261 0)
(27.1359 7.00994 1.3087e-17)
(26.2352 3.46659 1.38792e-18)
(24.7394 9.39863 2.17122e-18)
(4.43294 -0.545786 0)
(24.7011 3.96205 0)
(26.9599 8.98317 0)
(27.4868 10.6961 -1.29814e-17)
(24.9891 6.78131 0)
(20.317 7.93596 0)
(27.5982 10.5193 3.84869e-18)
(5.5822 1.05397 -5.27502e-18)
(24.3231 11.802 0)
(23.787 2.81842 -3.76618e-18)
(25.5007 6.80915 -1.97206e-17)
(26.3186 5.69188 7.26654e-18)
(19.4849 6.0752 9.93658e-18)
(30.1814 9.75595 0)
(33.1014 7.28857 5.19162e-19)
(25.2254 6.56685 2.19527e-17)
(29.266 5.83164 -2.94623e-18)
(27.1251 4.98529 5.50559e-19)
(-1.88444 0.092971 -3.72854e-20)
(25.2595 3.39276 1.20986e-18)
(18.4563 13.876 -3.29097e-18)
(22.2509 5.03416 2.19484e-17)
(24.1822 7.0704 0)
(23.6437 7.5124 -2.20636e-17)
(26.6994 5.60452 0)
(22.8609 4.824 -2.5853e-17)
(23.1512 7.00195 4.05856e-19)
(22.0102 7.90515 0)
(21.5862 4.10819 0)
(27.4716 2.29911 -8.76637e-19)
(26.1061 13.5483 -2.69382e-19)
(25.1653 6.26073 0)
(23.4315 5.00205 -2.27766e-18)
(2.19459 -1.7874 0)
(25.8873 3.19927 -1.79022e-19)
(25.0229 6.40914 -2.21114e-19)
(25.022 6.42842 -1.46326e-17)
(27.2512 9.95951 1.40503e-17)
(27.7889 6.55079 2.51464e-19)
(29.363 5.20133 2.231e-17)
(29.2075 8.68227 5.96924e-18)
(18.6572 10.3281 0)
(29.3936 8.54261 0)
(27.6333 9.2699 2.20064e-18)
(24.983 6.7609 -1.28994e-17)
(23.2256 4.89186 1.06879e-17)
(25.9076 8.26199 -8.64054e-18)
(22.3852 0.85906 7.94575e-18)
(22.6426 6.32479 2.2346e-17)
(28.5093 8.37935 -1.08329e-17)
(30.9607 9.04386 -2.50763e-18)
(22.8356 3.08008 0)
(28.7564 7.82342 0)
(27.8409 11.7716 -4.86015e-18)
(25.6787 7.56505 -1.73559e-17)
(25.3536 6.65857 0)
(26.2254 6.61553 2.45635e-17)
(6.64371 -1.81 0)
(25.4261 11.6088 -4.47764e-18)
(24.0428 9.12023 4.2267e-18)
(23.7434 4.25123 0)
(27.4942 6.23323 2.67423e-17)
(25.7349 7.53405 1.70948e-17)
(25.1249 6.54923 -1.95384e-18)
(12.2161 -0.0451011 0)
(26.0398 11.5562 3.586e-18)
(24.336 3.13527 -2.22203e-18)
(29.4043 8.63616 -3.9526e-18)
(24.0214 8.58996 0)
(25.4105 1.74309 0)
(23.6442 5.89517 4.03588e-17)
(24.451 9.32487 3.07702e-18)
(21.9236 7.69782 -5.62559e-18)
(27.5688 6.94953 0)
(26.4819 6.5907 -3.54657e-17)
(25.37 6.45569 -1.11462e-17)
(21.963 3.87329 -9.5402e-20)
(24.5727 5.62856 -1.17841e-17)
(28.7048 7.60858 0)
(29.3318 8.20123 0)
(32.0258 7.31625 -6.84466e-18)
(26.2703 7.27977 2.5782e-17)
(30.9574 12.2823 0)
(27.3566 9.90215 -9.95792e-18)
(25.1335 6.57873 0)
(25.0575 6.70583 0)
(26.3023 9.77112 -1.03334e-17)
(25.1177 6.74857 -7.25217e-19)
(25.1109 6.75483 -4.34041e-18)
(25.1173 6.68984 1.27988e-17)
(25.6947 6.34139 1.51432e-17)
(32.7438 7.32119 -1.21873e-17)
(27.0317 11.5883 3.75784e-20)
(22.0662 11.6647 3.49682e-21)
(25.538 6.3268 -3.59833e-18)
(25.1393 6.44108 8.88254e-19)
(25.1848 6.49814 0)
(21.8645 5.20742 -1.44014e-17)
(25.2505 6.5046 -1.3673e-19)
(23.469 6.86329 0)
(16.3551 5.76048 3.49464e-18)
(18.8642 5.97991 4.88064e-18)
(32.1951 12.7843 0)
(27.351 6.99622 0)
(29.3304 8.2265 6.31188e-18)
(25.1845 7.20632 0)
(22.4639 6.58004 0)
(19.1574 7.99446 -6.52887e-18)
(20.1237 3.44424 7.69641e-18)
(26.9961 2.17073 -1.05724e-18)
(26.5978 7.8913 -3.30951e-17)
(21.517 4.17157 0)
(24.9022 6.50208 0)
(28.2491 6.27924 0)
(22.5067 9.07767 7.43734e-18)
(25.3082 6.54387 0)
(25.3335 6.66335 -4.55562e-17)
(24.6658 8.87097 -8.601e-19)
(25.223 6.58589 1.35709e-17)
(-1.36956 -0.810748 0)
(28.3807 7.87721 -2.2102e-17)
(24.7078 9.20515 0)
(21.4394 6.01699 -1.03329e-17)
(25.4904 10.7853 0)
(25.1377 6.69329 -5.43051e-18)
(25.2087 6.51809 2.49736e-18)
(26.8914 9.11243 -2.79472e-18)
(29.3039 8.49578 -6.66962e-18)
(21.0439 7.62505 0)
(27.754 7.64386 -1.02083e-17)
(29.6569 7.97107 -5.39472e-19)
(20.857 3.41067 1.59118e-17)
(29.5448 8.25277 0)
(24.1257 12.6304 -1.56334e-18)
(22.1921 0.633173 1.34028e-17)
(26.1826 4.31248 1.04906e-18)
(24.7822 6.6067 0)
(25.0374 6.64851 -1.89636e-17)
(29.5065 8.05206 -3.92197e-18)
(29.6528 9.75851 3.3726e-18)
(25.1029 6.78678 -5.19055e-19)
(27.0379 7.66731 6.08472e-18)
(27.7964 4.25701 -3.42548e-18)
(-4.45068 -1.04336 1.49375e-20)
(4.548 -0.816853 4.03153e-18)
(21.2367 10.5775 0)
(29.7964 6.34288 8.63751e-18)
(24.0315 7.47239 8.64261e-18)
(21.0163 7.4114 2.32242e-17)
(24.6453 4.25574 3.45076e-18)
(24.228 6.43339 1.12596e-17)
(25.4101 5.72859 2.67971e-19)
(27.498 5.51264 2.19533e-18)
(25.6311 1.82895 -6.81961e-20)
(24.7647 10.4511 -8.01883e-19)
(28.7826 7.75598 0)
(25.3939 5.90594 0)
(25.2017 3.85378 -1.78241e-18)
(24.8732 2.91253 4.20837e-19)
(24.9025 7.00681 0)
(25.1002 6.71419 1.46404e-17)
(25.9395 8.08266 -1.76828e-17)
(25.2079 6.57438 -3.56066e-18)
(28.5063 10.2689 0)
(26.8656 11.4828 0)
(25.1865 6.48443 7.63325e-18)
(24.2394 7.21856 0)
(24.6962 7.483 0)
(12.7311 4.98155 0)
(18.8749 7.98845 0)
(24.2986 5.5048 1.23646e-17)
(20.9736 4.0881 -1.12047e-17)
(26.4133 5.59762 3.87684e-18)
(26.827 4.83424 -2.4953e-18)
(28.8663 8.22638 0)
(29.6485 9.49859 -1.28941e-18)
(18.5883 5.47016 -5.64512e-19)
(24.9627 6.64294 1.64217e-17)
(24.2904 7.66484 -4.54182e-18)
(-8.65166 -3.72328 0)
(29.9308 8.26549 1.72401e-18)
(25.6373 11.6158 3.38016e-18)
(21.8243 7.29408 -6.62573e-18)
(24.7308 6.49222 0)
(9.83568 4.96404 -4.84078e-18)
(-6.61954 2.3537 6.72153e-18)
(28.8061 7.66301 0)
(26.6687 7.82971 2.85831e-17)
(31.5997 8.75153 1.88813e-17)
(25.1021 6.77977 2.11314e-18)
(24.0319 6.38818 1.15887e-17)
(25.1163 6.73039 3.74142e-18)
(24.6836 6.93383 1.46333e-18)
(12.9567 4.62385 -5.31826e-18)
(29.1048 7.88064 -5.12677e-18)
(25.9599 10.2827 7.1863e-18)
(23.0074 5.8066 -2.92813e-18)
(22.1872 10.2007 0)
(21.8642 7.49137 -6.34509e-18)
(25.0198 6.56415 -1.33153e-17)
(28.5834 9.20857 0)
(24.8757 9.11643 -2.677e-18)
(24.0041 2.77635 -1.42718e-18)
(11.153 8.11303 3.51436e-18)
(29.1753 7.15212 -1.08747e-17)
(29.7929 8.11387 6.58495e-18)
(23.3743 6.26177 -5.17389e-18)
(25.5153 3.24853 -3.23818e-19)
(23.4883 5.98016 0)
(24.7431 6.71863 -7.62747e-18)
(31.4646 4.45029 0)
(27.6751 4.08074 3.1799e-18)
(26.6539 9.42961 -2.81389e-18)
(22.3719 3.35737 -5.71353e-18)
(4.52095 -1.8267 -4.79062e-18)
(20.2779 7.75955 -1.19972e-17)
(19.2679 1.98443 1.47851e-18)
(-6.83214 2.0431 4.76186e-18)
(15.5318 25.5118 -6.27666e-18)
(25.1981 7.81527 2.27518e-18)
(25.0526 8.09289 0)
(24.8571 6.42643 1.39523e-19)
(16.4492 2.97465 -7.24634e-18)
(26.6212 9.52904 -2.59452e-18)
(26.2744 3.49067 0)
(25.0247 7.89099 8.89791e-20)
(27.5919 7.68679 0)
(27.4128 4.63721 5.26033e-20)
(29.5455 7.97811 0)
(26.9209 4.47261 3.36502e-18)
(24.9188 6.4962 1.72021e-17)
(24.6391 7.02802 3.68024e-19)
(-7.92063 0.380529 0)
(21.9814 6.47933 -3.67845e-19)
(29.044 8.2417 -1.13463e-17)
(29.5135 8.4777 4.07709e-18)
(26.792 4.95889 -3.00932e-18)
(24.6341 6.76619 0)
(25.0298 6.54811 0)
(27.1911 6.01002 4.66258e-18)
(24.6362 6.82826 0)
(21.7464 2.15038 0)
(25.0482 5.46259 4.23724e-18)
(26.7734 4.55456 -2.23112e-18)
(23.4687 3.8115 4.55643e-18)
(26.9805 7.61549 -6.13833e-18)
(24.9289 5.8879 -2.1453e-19)
(24.0348 3.14585 3.63248e-19)
(23.7352 1.40433 -2.54042e-18)
(22.4403 8.97157 8.01829e-18)
(25.6957 10.7855 1.69289e-18)
(29.5579 8.48984 1.1161e-18)
(25.4736 8.24183 4.22649e-18)
(25.134 6.54947 1.83168e-17)
(24.9407 9.42466 -4.23894e-18)
(21.8272 5.70858 5.52358e-18)
(25.0988 12.8983 -6.24064e-19)
(25.2474 6.51025 -9.48852e-18)
(21.8563 6.87366 5.51441e-18)
(25.7462 6.48099 0)
(24.4358 1.40727 -2.19933e-18)
(20.5349 6.67288 -8.34033e-18)
(30.7404 21.9178 6.21443e-18)
(26.6167 11.2062 3.34853e-18)
(-0.024136 -3.04331 3.50114e-18)
(25.1749 6.49955 -1.76484e-19)
(31.0611 12.4551 -6.08169e-19)
(22.6029 6.74614 1.21992e-17)
(22.1643 8.46909 8.29502e-18)
(25.8155 8.53641 0)
(28.5106 9.79909 -5.51469e-18)
(26.3896 7.15293 0)
(29.2681 8.10758 -3.06112e-18)
(29.5714 10.287 -7.6759e-18)
(28.338 7.92446 4.93777e-18)
(25.2365 1.62331 -1.49253e-20)
(12.8029 5.19872 -2.02592e-19)
(22.4833 6.70728 6.5541e-18)
(28.7708 7.62515 0)
(27.0612 11.4872 -1.31983e-19)
(24.9315 6.50141 -3.15712e-19)
(24.147 8.64158 0)
(21.5839 4.71162 0)
(24.9825 5.8557 -5.79107e-18)
(10.2018 0.757286 5.51212e-19)
(25.1948 1.6616 3.03743e-19)
(24.3157 2.9191 0)
(26.5792 6.18666 0)
(28.7442 7.72082 0)
(27.9112 6.85883 -1.93955e-18)
(25.1926 6.50058 -4.88737e-20)
(23.1121 4.85143 -1.01589e-17)
(22.6631 6.54241 0)
(22.6905 6.65525 -1.11759e-17)
(27.7139 9.56179 -1.33196e-17)
(25.1463 6.50189 -8.11765e-20)
(29.1967 7.65349 5.43087e-18)
(12.3945 9.0098 0)
(23.4938 5.81494 0)
(18.7365 1.99299 -1.05936e-17)
(28.4487 8.20357 -6.61468e-21)
(29.2296 7.49916 -6.42914e-18)
(25.0484 6.41053 0)
(18.8325 6.11401 -7.10622e-18)
(25.1927 22.6506 2.11839e-18)
(20.7624 3.74652 -5.80098e-18)
(25.2211 6.53583 -1.68415e-18)
(25.0592 6.71377 0)
(35.4133 10.9736 2.01834e-17)
(20.6123 7.89623 -6.49195e-18)
(-6.9926 0.937092 0)
(28.7487 10.0992 7.32404e-18)
(20.9068 4.15362 0)
(26.2088 3.48426 -7.55059e-19)
(27.2926 7.08357 -1.85251e-17)
(15.781 1.50336 0)
(4.12608 0.715044 -1.2751e-18)
(24.9831 6.74005 0)
(25.1173 6.49308 1.28986e-17)
(29.5633 8.52185 3.38748e-18)
(24.9983 6.79916 -1.03793e-17)
(26.6015 6.89062 -1.67762e-17)
(24.3779 2.84795 9.53149e-19)
(25.6541 3.23296 6.83376e-20)
(22.3882 11.8862 0)
(29.4926 7.90446 -2.75789e-18)
(27.7008 4.60334 2.06833e-18)
(22.8415 10.8204 -2.48204e-18)
(27.8598 4.26601 3.78354e-18)
(26.1808 9.76761 0)
(15.4275 2.00243 1.14849e-17)
(-0.269903 0.217242 3.001e-17)
(25.7431 3.49406 -1.07537e-19)
(25.1872 6.54414 -7.73267e-18)
(24.7613 6.38049 1.36661e-17)
(25.1034 4.005 -1.70277e-18)
(29.1985 9.36551 3.78246e-18)
(29.6764 7.99536 -5.07282e-18)
(25.0796 6.72627 2.08418e-17)
(25.1016 6.47274 -1.1655e-18)
(27.6095 5.76597 6.63765e-18)
(25.0102 6.79075 3.07358e-19)
(23.8358 12.3672 0)
(23.6126 1.40182 -1.23774e-18)
(25.7323 9.32685 1.71224e-18)
(19.7738 -0.00672022 0)
(21.5085 5.44299 0)
(30.6734 8.36726 -2.06021e-18)
(25.1224 6.55791 2.47592e-19)
(31.9706 7.05495 7.16442e-18)
(25.734 6.40209 0)
(25.1297 6.49997 -3.33049e-19)
(17.7325 3.90753 0)
(26.8245 4.0684 1.07714e-18)
(24.9032 6.52712 4.10559e-18)
(25.115 6.73187 -2.12649e-18)
(25.5352 6.21351 3.73393e-19)
(24.8244 6.37348 1.38399e-18)
(25.1913 1.57597 2.00025e-18)
(29.7126 7.9977 7.01846e-21)
(29.7552 9.03558 -3.03807e-18)
(25.3247 14.4821 6.20873e-18)
(24.4699 6.24838 5.64232e-18)
(24.6749 1.55528 0)
(24.4538 1.44029 1.97963e-18)
(29.6317 7.95848 0)
(28.4378 9.94366 0)
(30.3772 10.5414 0)
(20.145 6.83933 0)
(24.8703 6.94694 -8.18379e-18)
(19.0047 5.62587 0)
(16.3391 5.55449 0)
(29.5301 8.76178 -4.38145e-20)
(23.6141 3.89056 0)
(29.5846 8.19377 -6.2755e-18)
(25.4896 3.98171 0)
(25.3171 13.8814 0)
(25.5873 7.56595 -7.29871e-18)
(24.1621 6.44306 -2.69057e-17)
(28.6787 8.22676 6.67358e-18)
(10.4283 3.25639 5.31853e-18)
(-4.26669 -3.39696 -1.87373e-18)
(25.7824 8.60591 1.28483e-17)
(28.0465 11.2271 7.24765e-18)
(26.1922 6.68827 -1.53592e-17)
(26.4517 9.46051 0)
(21.2127 0.299119 8.78703e-18)
(7.15412 2.60584 0)
(15.4667 14.7465 -2.01141e-18)
(25.1293 6.72118 0)
(29.5996 8.86844 -5.10945e-18)
(29.2725 7.88683 4.54511e-18)
(30.4211 10.7305 3.02909e-18)
(25.435 12.1858 1.76435e-18)
(22.3838 3.28693 6.78787e-18)
(25.0964 7.10628 -2.12695e-18)
(27.2646 4.24563 2.47962e-18)
(20.4955 6.87746 -9.12072e-18)
(24.4234 6.57834 -8.65255e-18)
(25.1357 6.74532 9.68536e-18)
(25.2271 6.49805 -3.06502e-18)
(25.5423 3.21287 0)
(25.1469 6.47589 0)
(24.8118 6.88477 1.54965e-17)
(25.1252 6.7963 6.2817e-19)
(26.5035 8.30308 -1.98809e-17)
(22.0224 7.88551 0)
(25.6963 7.96742 -2.0235e-17)
(-0.646084 -1.11646 1.84461e-17)
(23.9375 1.3052 2.03412e-18)
(28.3046 4.59794 0)
(25.0725 6.69125 -1.96423e-17)
(21.8302 7.09319 0)
(25.9053 7.03938 -2.27153e-17)
(25.0702 6.49175 1.27607e-17)
(29.8181 9.31003 3.5418e-18)
(28.3394 8.98527 -1.31159e-17)
(25.6118 5.99393 -6.36033e-18)
(25.1265 6.75619 2.89818e-18)
(33.2012 6.20656 7.43141e-18)
(24.2615 5.07193 9.06911e-18)
(28.5865 7.64109 -1.95802e-17)
(20.8627 4.66904 2.38973e-18)
(26.0018 6.04427 0)
(8.44386 1.78733 -1.06156e-17)
(25.1346 6.62896 -1.63707e-17)
(28.3525 11.7577 9.83194e-18)
(-2.31665 -3.41559 -4.55061e-18)
(27.7367 4.08607 0)
(24.8452 6.942 -4.79703e-18)
(26.5618 13.57 -3.7154e-18)
(29.5738 8.62136 9.87915e-18)
(24.3347 6.91708 1.15525e-17)
(21.0853 0.436173 0)
(21.1651 8.01948 -2.74632e-18)
(26.4008 6.0521 6.17495e-18)
(26.8961 9.21915 3.11066e-18)
(9.66299 4.83704 1.3824e-18)
(24.9719 6.50933 1.57912e-18)
(19.7 7.14766 -4.04519e-18)
(28.2132 6.2012 2.7083e-19)
(31.6312 5.52507 0)
(24.2444 5.67199 -1.80701e-17)
(29.4631 11.2336 0)
(24.7922 6.58266 2.94641e-17)
(24.8192 6.73222 0)
(27.2838 5.69871 9.77906e-20)
(27.0356 7.31984 1.48925e-19)
(25.6928 3.47349 0)
(25.9147 6.31279 6.54373e-18)
(23.7206 1.1196 0)
(24.9403 6.69635 4.48673e-18)
(25.1897 6.53171 7.02853e-18)
(25.3656 4.00361 0)
(17.4553 5.89625 3.58688e-18)
(28.5453 9.35641 1.49672e-17)
(30.8713 7.22206 0)
(20.9575 7.09743 5.10092e-18)
(22.7257 6.84193 0)
(29.2234 8.58605 -7.71004e-18)
(25.1801 6.53387 -7.75151e-19)
(26.6674 6.32555 3.01024e-17)
(25.1861 3.77327 4.7034e-19)
(24.9362 4.17288 2.32179e-18)
(25.6771 3.27796 -8.17998e-20)
(12.8629 9.34322 -1.77278e-17)
(20.7639 6.49313 5.98674e-18)
(21.9949 5.46967 -2.41259e-18)
(24.7738 6.29152 0)
(13.6366 0.953519 0)
(25.33 3.37055 0)
(24.9828 6.35145 -5.19552e-19)
(27.4243 4.77276 4.48614e-18)
(-2.33526 -3.27682 -2.80947e-18)
(23.9994 9.19249 0)
(25.1557 6.49199 1.93192e-18)
(27.7379 7.13931 0)
(26.5613 7.04168 1.88943e-18)
(29.5361 8.03712 -5.16386e-18)
(28.9139 6.17072 2.88238e-18)
(25.6109 5.78889 0)
(31.9788 8.73515 -8.81941e-18)
(27.2975 5.56996 1.95127e-18)
(27.4709 5.72068 -3.99356e-19)
(25.0342 6.40627 0)
(24.0286 6.81753 0)
(27.4008 10.4876 -6.88277e-18)
(26.0708 6.83183 2.19727e-18)
(25.1074 6.78711 -1.71927e-18)
(26.9267 5.92608 -6.2517e-18)
(29.1577 8.07342 0)
(25.0842 6.47475 -5.9997e-18)
(28.5463 8.54382 0)
(24.363 3.08751 2.35683e-18)
(31.4328 20.4722 8.64098e-18)
(21.7357 5.21027 0)
(25.1807 6.59471 6.21357e-18)
(29.9277 12.1966 -4.02153e-18)
(-1.75663 -0.170546 0)
(25.1614 6.53308 1.00743e-17)
(0.249801 0.244628 -2.97361e-18)
(25.1598 6.86905 -1.11071e-17)
(25.0959 6.76846 3.74482e-18)
(29.4749 8.49946 -8.35486e-18)
(25.2342 5.09418 -1.94043e-18)
(24.0909 12.7511 8.20824e-19)
(25.6708 3.19585 -2.65866e-20)
(24.7711 9.28281 -1.20986e-19)
(28.7038 8.55009 -4.6743e-20)
(28.9524 7.85086 -3.61451e-18)
(26.9165 11.6005 2.67285e-18)
(28.6343 10.5839 -4.30842e-18)
(25.3803 6.97444 0)
(26.4679 5.41166 -1.90018e-17)
(26.9942 7.81132 -6.76094e-18)
(24.9934 6.46611 3.67862e-19)
(23.8078 1.14249 0)
(21.9347 5.5302 1.32395e-17)
(27.899 4.33189 -1.95125e-18)
(24.985 10.4757 0)
(-1.31299 -1.13146 0)
(26.5097 9.56307 5.29133e-18)
(28.7485 7.77166 1.1955e-17)
(28.963 7.17285 7.37349e-18)
(20.3594 7.51595 3.73489e-18)
(22.8601 2.89926 8.28997e-19)
(30.4086 8.70491 0)
(8.83174 -0.171438 0)
(22.1258 5.01863 -5.82922e-18)
(24.8536 4.14158 2.71329e-18)
(27.0531 8.87817 1.34165e-17)
(13.3627 8.66651 2.46105e-17)
(24.3619 10.1136 -5.26094e-19)
(-9.2829 -4.22506 0)
(28.7563 7.67352 0)
(26.3407 3.54217 2.72231e-20)
(24.8547 7.64389 7.34663e-19)
(28.4059 6.70924 -4.70879e-18)
(22.0623 5.12036 6.18764e-18)
(25.0285 5.89391 2.56672e-18)
(29.5963 8.15941 2.92352e-18)
(25.1486 6.01206 -9.49679e-19)
(33.1745 7.91041 0)
(24.7116 3.5104 0)
(25.145 6.8089 8.10995e-18)
(25.5702 6.49059 3.26966e-19)
(25.1318 6.58826 0)
(16.6207 6.44371 -2.09623e-19)
(32.1401 8.16055 0)
(26.9671 8.94688 -1.34145e-17)
(24.9807 3.72306 -3.72594e-18)
(23.7253 4.56984 1.54135e-19)
(25.3285 6.54707 4.55745e-20)
(27.3557 8.24863 -3.77067e-18)
(4.04915 1.04615 2.27111e-18)
(25.4587 14.3023 -2.11406e-18)
(21.6885 5.32469 8.77652e-18)
(26.7787 9.05814 -8.94071e-18)
(25.2133 6.48965 0)
(25.118 6.67019 -7.6731e-18)
(20.9116 4.56729 -2.3897e-18)
(29.0799 8.27814 1.37429e-17)
(25.112 3.74462 -7.04215e-19)
(26.0746 6.73835 0)
(25.144 7.78522 9.34471e-18)
(26.4234 2.031 -3.17954e-19)
(24.5337 6.89896 0)
(9.6458 0.239821 1.83308e-18)
(25.5869 3.24357 0)
(23.8384 6.12391 1.5794e-18)
(22.4496 3.26179 -3.475e-18)
(25.0341 6.39987 8.13677e-18)
(26.7914 9.27094 1.05158e-17)
(25.2965 5.16331 1.40044e-18)
(24.1487 6.507 0)
(24.6392 6.9885 -2.92395e-17)
(26.0676 4.41431 0)
(25.1571 6.53793 -1.24911e-17)
(25.109 6.75218 0)
(25.0985 6.77084 2.98422e-18)
(24.8107 6.2948 -1.24039e-17)
(-3.15483 -2.53857 3.78294e-18)
(24.2859 6.57324 0)
(15.398 11.7836 0)
(25.4933 6.46235 -8.84616e-19)
(28.3402 10.6806 -1.61022e-17)
(25.0105 6.33641 1.89711e-18)
(26.9627 4.12482 2.87411e-18)
(3.10146 -2.18609 5.1254e-18)
(22.2851 2.78587 2.88403e-18)
(4.06412 2.99179 -6.30027e-18)
(27.7778 4.1449 1.77345e-18)
(24.513 11.8623 0)
(25.1765 7.10679 -4.38137e-18)
(25.1254 5.9218 0)
(25.183 6.52937 0)
(23.897 10.0828 0)
(25.3961 8.22823 -1.0085e-17)
(29.6631 7.96878 9.96957e-18)
(18.4535 14.3183 3.33229e-18)
(25.4467 7.35844 -1.53967e-17)
(25.198 7.1177 -5.21883e-18)
(26.9934 7.43474 -5.72722e-18)
(25.2874 3.35134 7.14948e-19)
(29.2406 7.89771 0)
(27.5127 10.4371 1.0348e-17)
(31.4324 5.72548 0)
(32.4586 8.60863 5.94529e-18)
(18.9144 5.44992 0)
(24.9419 6.71437 1.04256e-17)
(25.0664 6.49896 1.52765e-18)
(28.1598 8.1663 0)
(17.6051 7.78731 -6.86626e-19)
(29.8526 11.2537 -3.75255e-18)
(11.6923 4.04251 0)
(29.8002 8.14901 3.08019e-18)
(23.0824 1.60517 0)
(29.2865 8.05075 2.84117e-18)
(29.79 9.21908 7.04623e-18)
(27.6142 6.69813 -6.11035e-19)
(27.3275 4.57847 -3.38591e-18)
(-0.268675 0.220767 8.90106e-18)
(28.1787 11.6794 1.4963e-18)
(25.0868 6.86859 0)
(27.2528 9.32862 0)
(36.2168 12.1514 1.41529e-17)
(25.4207 6.49082 1.30971e-18)
(27.8946 6.8103 -1.44503e-17)
(22.6243 9.07805 3.16436e-18)
(22.9127 2.89085 2.43654e-18)
(29.6695 7.98818 2.43746e-18)
(29.7513 7.20156 0)
(-0.764232 1.43584 -3.0141e-17)
(30.1201 9.70342 3.52505e-18)
(32.9483 8.14323 4.15991e-18)
(25.8489 5.66103 -2.64408e-18)
(22.171 0.762103 5.92301e-18)
(25.1126 6.72985 0)
(25.0225 6.45228 -2.59543e-18)
(25.2233 6.683 -9.60054e-18)
(26.0834 1.93397 0)
(23.8924 2.65805 -2.89994e-18)
(29.7523 8.02408 5.0858e-18)
(29.739 9.1587 2.53242e-18)
(23.5532 6.06568 0)
(24.8856 6.43848 0)
(22.8537 2.95476 -4.05023e-19)
(-4.71813 -3.84077 0)
(27.9657 4.34546 5.84738e-18)
(4.47507 -2.02723 0)
(28.2161 6.35048 0)
(26.3783 4.85767 7.61487e-18)
(25.8383 11.6042 -3.66913e-18)
(24.9449 6.41847 -4.64681e-18)
(24.6476 7.50878 3.39841e-18)
(20.2462 7.37182 -5.69768e-18)
(24.6878 6.76066 -2.38199e-17)
(25.8836 10.3713 -4.66695e-19)
(27.7852 4.85823 -3.26405e-18)
(27.2569 12.4845 0)
(25.2189 6.73912 -2.34666e-17)
(26.1827 7.37597 4.06343e-17)
(8.78082 4.71168 -1.70344e-18)
(-6.61609 -3.75162 3.09099e-18)
(24.9126 6.84718 -5.1294e-20)
(25.6775 8.61064 0)
(27.6682 7.49853 0)
(-2.61548 -1.70809 4.25436e-18)
(-5.20864 -3.97772 0)
(25.1132 6.74508 -3.31601e-18)
(29.6755 8.1359 0)
(24.0173 3.20925 -2.41315e-18)
(3.3725 0.668002 -5.67855e-18)
(9.16138 -1.28396 4.43436e-18)
(24.915 6.55438 -2.05188e-18)
(24.3233 5.65149 -1.02325e-17)
(34.0248 17.6452 -1.62615e-17)
(28.969 4.58919 -1.50001e-17)
(26.5037 3.59363 -6.20324e-20)
(29.7295 8.0287 3.88796e-19)
(29.0865 8.2189 4.57586e-18)
(27.6053 7.57437 7.51086e-18)
(-6.00615 -4.15043 3.63715e-18)
(25.0478 6.4276 2.37447e-18)
(1.34175 0.63445 -3.11842e-17)
(24.4151 7.93018 4.30504e-19)
(30.4191 12.0075 8.70807e-18)
(25.1307 6.7285 1.96664e-17)
(21.0125 4.27535 -5.35773e-18)
(22.6309 4.19664 0)
(29.5271 8.17917 0)
(21.9472 9.21146 6.0016e-18)
(28.8835 8.87594 4.64185e-18)
(12.5717 5.34528 4.53019e-19)
(27.6443 7.2985 1.46631e-18)
(25.805 1.8729 -3.73891e-19)
(25.4379 6.34631 0)
(29.0715 9.89767 -4.7242e-18)
(26.0275 3.45774 -3.29256e-19)
(26.126 4.25215 -9.78358e-19)
(25.1319 6.67286 7.57995e-18)
(22.3597 6.98925 0)
(28.0194 5.14532 2.6663e-17)
(26.3766 3.57259 -4.92472e-22)
(27.6304 8.02172 -2.72765e-18)
(24.7037 10.8176 2.04481e-18)
(1.59232 1.92024 7.8787e-18)
(24.3533 5.07434 8.1954e-18)
(29.1636 9.78626 1.02296e-17)
(21.3394 3.26254 -4.13199e-18)
(20.9945 3.15384 6.10638e-18)
(24.6914 2.8215 0)
(24.8391 1.61212 0)
(28.5087 8.17573 -1.06141e-17)
(21.0076 4.36972 -5.93332e-18)
(24.9064 3.71076 0)
(25.2293 6.38756 6.64828e-18)
(24.0425 6.69699 -6.90933e-18)
(29.4058 8.18464 0)
(25.4302 6.32293 1.91873e-18)
(25.4478 8.08553 -8.40031e-19)
(28.0779 7.31658 4.445e-20)
(27.8428 4.15388 -5.03202e-18)
(27.5402 5.23019 0)
(-0.204303 -0.914985 -9.86796e-18)
(25.93 1.91569 -2.96985e-19)
(21.3743 11.476 -6.5729e-20)
(29.7608 7.46443 1.0941e-17)
(28.1281 8.92918 9.85417e-18)
(32.4219 7.07502 7.65009e-18)
(29.4154 7.91374 5.67275e-18)
(18.5131 10.5178 0)
(0.0749943 0.0159233 2.0747e-17)
(25.335 8.60644 -9.09402e-18)
(20.9194 4.41123 8.38678e-18)
(25.4862 1.81341 0)
(17.7083 4.22042 -1.5438e-18)
(26.3334 4.49445 -1.47256e-18)
(26.1065 6.90738 4.30457e-17)
(7.76462 3.18836 4.74603e-18)
(25.1353 6.64377 -1.84898e-18)
(23.9206 8.84035 4.0021e-18)
(24.5717 10.8383 1.88116e-18)
(26.1706 5.2413 6.62382e-18)
(27.2738 5.12531 4.16154e-19)
(24.6517 1.3915 0)
(25.1758 6.50858 1.79629e-18)
(24.4132 1.47268 1.93991e-18)
(29.3932 6.96327 -7.79456e-18)
(23.1254 1.56772 -9.70779e-19)
(28.1485 7.27436 1.45172e-17)
(25.0227 6.65783 -2.86583e-18)
(22.0261 2.26808 0)
(26.0038 6.91116 0)
(30.367 8.68688 9.61877e-18)
(28.285 8.16649 -5.33768e-19)
(-0.0191359 -0.827261 0)
(18.9782 -0.315926 7.81187e-18)
(21.9783 5.30467 0)
(-6.49973 -4.27116 0)
(27.7941 6.06801 7.75632e-19)
(25.0854 6.45254 0)
(33.1317 7.70703 0)
(27.7712 6.13861 -3.90416e-18)
(28.0048 4.41182 0)
(24.2087 4.3014 2.99958e-18)
(16.3365 5.67954 0)
(24.5758 8.26698 -2.78116e-19)
(25.0188 6.3701 1.78821e-18)
(15.1524 6.99389 5.44946e-18)
(20.9714 9.67149 0)
(10.6367 4.12935 0)
(21.2529 10.4473 2.96585e-18)
(24.362 6.11833 2.13885e-17)
(24.6931 5.78904 -9.54631e-18)
(26.048 9.10167 0)
(24.1699 12.866 -9.35003e-19)
(22.9779 7.63118 8.00221e-18)
(29.061 8.52156 0)
(26.3028 9.5601 9.44821e-18)
(18.5338 1.5609 -1.46018e-18)
(24.086 3.61528 -6.2315e-18)
(24.7804 6.39569 8.69506e-19)
(29.8004 8.27761 0)
(29.589 8.27152 5.5226e-18)
(29.7253 8.00727 4.85904e-18)
(25.8307 1.80596 3.97708e-19)
(9.28934 -0.310595 4.66183e-18)
(29.345 6.32253 0)
(26.8805 4.14204 -1.32807e-18)
(26.4167 5.3309 -4.86935e-18)
(22.6727 10.4616 1.97641e-18)
(22.8609 2.15988 0)
(25.5111 6.43034 8.58319e-19)
(23.4046 4.67641 6.45454e-19)
(25.3783 1.66003 -3.50485e-19)
(19.7554 6.02884 -8.03728e-18)
(29.531 8.04751 -4.65347e-18)
(27.6548 4.58667 -1.84915e-18)
(21.5096 0.452334 -2.55595e-18)
(24.8676 6.1412 1.06701e-17)
(22.8228 5.75118 -1.33876e-17)
(25.2792 6.70875 -2.89047e-17)
(1.91822 0.275799 -2.36841e-18)
(25.1899 2.89591 -8.24272e-19)
(21.4578 10.5014 6.71177e-19)
(21.3191 9.66426 2.27293e-18)
(20.4398 7.27507 0)
(22.8815 6.58891 1.74905e-17)
(23.9723 1.66324 -6.3671e-19)
(25.1828 6.56175 -1.29785e-17)
(29.4947 8.30453 -4.3618e-18)
(24.8374 6.91801 5.77826e-18)
(27.7193 5.7092 2.72963e-18)
(25.1085 5.98534 3.37268e-19)
(29.7699 8.07511 0)
(22.7478 4.83504 1.4717e-17)
(25.1149 2.75497 -8.05259e-19)
(30.1873 8.16593 0)
(25.022 6.48114 0)
(24.8817 2.87341 -5.81921e-19)
(24.763 6.32034 -4.80864e-18)
(29.5831 6.48857 3.51982e-17)
(27.8837 4.21628 -4.19877e-18)
(13.5266 6.54685 0)
(24.9354 2.92816 2.38335e-18)
(30.5656 8.82304 0)
(25.2042 6.51923 -2.31061e-18)
(24.8594 6.51416 -5.41364e-18)
(25.5392 3.70195 2.38029e-19)
(-7.21283 -4.41305 0)
(25.1909 6.69494 0)
(24.5523 12.3214 0)
(30.5273 10.6602 0)
(25.2071 6.5181 0)
(22.9744 7.73397 0)
(29.1761 9.43849 3.71559e-18)
(25.0765 6.55227 1.21916e-17)
(29.5211 8.03398 9.81076e-19)
(26.4355 4.89885 -8.33458e-18)
(29.6886 8.04136 0)
(28.4469 11.2843 0)
(25.1623 6.62945 -2.8352e-17)
(27.6003 9.59141 -9.24406e-18)
(28.0718 4.43131 1.12913e-18)
(28.3853 8.85325 6.17064e-18)
(27.6243 4.52622 1.06387e-19)
(25.287 6.69339 0)
(-4.04012 -2.47708 -5.61728e-18)
(17.6409 5.04598 5.27306e-18)
(25.22 9.89207 1.33218e-18)
(28.1946 10.8107 0)
(28.0596 7.86628 0)
(25.1849 6.58595 -8.71222e-18)
(25.1936 7.01936 1.91074e-17)
(22.4986 12.6126 4.37891e-19)
(24.6427 6.68415 1.38784e-17)
(26.3783 8.06623 -6.04428e-18)
(22.9434 10.6512 5.91005e-19)
(24.3215 2.86716 -1.97571e-18)
(25.2133 6.49374 0)
(25.1495 2.76465 0)
(27.7176 9.11898 2.74494e-17)
(12.7083 11.3687 -8.02108e-18)
(29.2236 7.08539 3.5739e-18)
(25.3816 7.30913 9.59369e-18)
(28.0222 6.81677 8.36681e-18)
(35.3247 16.0642 -3.68159e-19)
(24.7977 6.64697 9.12946e-19)
(0.467468 0.762592 -1.57815e-17)
(13.794 2.35636 -1.24738e-17)
(25.7367 6.62704 3.54568e-17)
(19.1523 -0.144825 -5.30052e-18)
(11.4168 6.78414 3.035e-17)
(24.8908 7.12871 0)
(25.6678 14.2757 0)
(25.1419 6.57744 -1.39287e-17)
(29.7044 8.99985 -2.11032e-18)
(25.3695 1.76857 -8.73351e-20)
(16.6141 0.734398 4.87149e-18)
(23.1232 10.7148 0)
(6.17127 2.00998 -1.69814e-18)
(26.8294 4.14274 0)
(-6.93569 -4.31204 3.03589e-18)
(28.2979 11.8487 -1.32896e-17)
(2.3335 -2.40824 4.76846e-18)
(24.3448 2.80307 0)
(22.0547 2.22146 -1.75158e-18)
(25.9254 3.55351 -3.65283e-19)
(25.0913 6.49265 -6.04331e-19)
(25.0959 6.48966 1.084e-18)
(26.3806 3.62146 6.03078e-19)
(27.1598 7.39804 6.26252e-19)
(25.4102 6.50145 0)
(28.7456 8.20281 1.72397e-17)
(26.4442 3.97179 1.65515e-19)
(34.8623 9.08104 2.65468e-19)
(26.7366 5.09848 2.62944e-18)
(25.0899 6.90828 0)
(24.523 8.77367 -1.60287e-19)
(7.97021 2.30494 -1.15659e-18)
(24.9279 6.40826 2.63628e-19)
(-1.55425 0.145901 0)
(23.0729 2.81801 -3.42224e-18)
(25.6865 6.53501 0)
(24.2299 7.16456 0)
(-3.94066 -2.06493 8.52724e-18)
(20.1932 7.46657 1.92891e-17)
(24.4124 3.20453 -2.07198e-18)
(10.5715 2.2612 0)
(26.8654 5.07518 -5.38346e-18)
(24.9537 1.66054 0)
(29.9321 9.11143 4.41233e-18)
(27.752 5.74219 -2.20616e-18)
(22.6429 5.65284 -6.29728e-18)
(27.9502 4.23093 4.10305e-18)
(20.0724 5.19666 1.29644e-17)
(-1.47056 -0.499786 0)
(28.0936 8.1208 -7.44283e-18)
(19.0452 8.4294 1.94437e-18)
(20.9215 9.55787 -5.58784e-18)
(18.4896 4.60242 2.91128e-18)
(28.7757 8.59081 1.13783e-17)
(28.1267 8.74914 0)
(20.238 6.09258 -5.11014e-18)
(26.0322 6.62972 0)
(23.6944 1.57742 -4.98155e-18)
(25.1728 2.74546 0)
(26.1261 7.19125 0)
(22.7006 9.17876 -3.15409e-18)
(25.2093 2.7523 0)
(25.0237 6.39782 0)
(25.2324 2.73224 -4.805e-19)
(28.5927 8.10573 -1.15882e-17)
(24.6853 2.88035 0)
(-1.08475 0.150427 9.66402e-18)
(24.6025 6.21551 -8.10254e-18)
(28.1111 4.50324 -1.12918e-18)
(-4.08819 -0.804153 0)
(23.1659 1.06694 0)
(25.269 2.74029 -1.48245e-19)
(22.8328 0.793986 0)
(24.8565 1.54993 1.68131e-18)
(25.2261 6.92872 3.45366e-18)
(25.2939 2.72099 5.71782e-20)
(23.2829 1.57104 0)
(25.3677 3.33742 -5.38913e-19)
(26.4971 5.60051 -2.10471e-17)
(29.5739 8.58805 0)
(24.7235 6.67683 9.44982e-18)
(29.6696 7.97945 0)
(20.8441 6.10141 8.2745e-18)
(27.8298 6.89356 2.10263e-17)
(22.2725 5.2195 0)
(21.3822 5.44819 0)
(27.813 9.28781 -5.38899e-18)
(-5.90101 -4.20435 -2.91719e-18)
(30.8351 10.7679 4.42273e-18)
(24.7118 2.86158 0)
(4.18669 0.00751314 -1.87337e-20)
(25.4386 8.82548 1.31908e-17)
(24.9397 6.35669 1.13689e-17)
(25.8447 1.84464 0)
(25.3915 2.79431 -1.99375e-19)
(24.7549 7.49843 6.94274e-18)
(27.3242 11.3396 4.72317e-18)
(20.5064 8.60325 4.59476e-20)
(25.1441 6.77662 5.00319e-18)
(29.7672 8.01273 5.01496e-18)
(28.9978 8.5522 7.14096e-20)
(19.9169 5.16972 -4.90398e-18)
(26.6704 5.77432 2.56962e-18)
(28.9888 7.10864 -1.4876e-17)
(7.83316 -0.796765 9.60985e-18)
(25.2073 2.8654 0)
(-7.6292 -4.48774 3.49999e-18)
(-2.95758 -0.248735 -2.72511e-18)
(21.4499 5.64546 1.67088e-17)
(-5.86527 -3.52135 -1.05306e-18)
(27.3217 4.64126 1.95218e-18)
(25.1388 7.87344 0)
(26.3037 1.90526 -1.31417e-18)
(25.0675 6.47704 0)
(24.7595 13.0212 -2.68413e-18)
(28.2658 8.30717 0)
(13.9014 4.9468 0)
(27.3783 4.6284 2.67863e-18)
(25.4654 6.5354 -1.69779e-18)
(25.0642 6.69352 0)
(25.0203 7.40448 -1.44635e-18)
(26.1357 6.4589 6.74261e-18)
(25.1134 6.21871 0)
(31.2031 7.50202 1.17233e-17)
(27.9913 4.29557 -4.15446e-18)
(4.00981 3.30752 8.66341e-18)
(29.6269 7.95467 -2.69507e-19)
(29.696 8.95585 -7.1553e-19)
(27.2168 2.0451 0)
(25.0796 6.48008 0)
(26.8157 7.34922 3.78881e-19)
(23.6794 1.34197 9.37825e-20)
(28.1808 4.52241 -5.52832e-19)
(29.1854 11.6157 1.69452e-20)
(24.1864 3.53758 3.4584e-18)
(19.4332 10.5416 5.10297e-18)
(-3.68224 2.14353 -9.73256e-18)
(20.4152 4.84518 9.21331e-18)
(14.3818 -0.424674 4.87042e-18)
(25.1231 6.48739 -1.32071e-17)
(25.1356 6.73372 -8.73938e-18)
(24.0333 2.75494 2.30588e-18)
(22.9156 6.39498 0)
(27.2031 19.7963 4.98818e-18)
(26.3985 3.92093 -1.65515e-19)
(25.5167 6.50682 4.57367e-18)
(30.6286 9.76311 0)
(25.419 3.92867 0)
(25.1096 6.73724 4.14209e-18)
(24.3543 2.77009 2.19768e-18)
(25.0886 6.73005 0)
(29.8221 9.58398 0)
(26.8517 2.01883 -1.20321e-18)
(7.06656 2.03927 -1.67495e-18)
(5.48387 1.48646 2.9924e-18)
(14.166 3.28283 4.88174e-18)
(25.407 2.82875 1.66292e-19)
(24.7991 6.62352 1.34092e-17)
(23.2754 7.15659 2.05356e-17)
(29.4666 8.74368 -3.9047e-18)
(29.7132 8.02863 -2.00295e-21)
(19.9784 0.22804 1.2672e-18)
(26.5802 3.54056 2.50743e-18)
(25.3133 3.26492 -6.58375e-19)
(24.2442 1.35085 0)
(20.0506 14.274 0)
(25.3998 7.35083 1.08209e-18)
(23.7423 6.41035 0)
(24.8695 13.2771 0)
(21.1044 2.88179 -1.19197e-17)
(22.1198 2.20619 -1.69746e-18)
(27.7045 6.73754 0)
(30.2735 9.74527 -4.10533e-19)
(15.8729 7.42368 7.28317e-18)
(7.22721 4.31517 0)
(23.7157 1.29177 5.99449e-19)
(21.4429 6.1486 -1.97815e-17)
(11.5605 0.634378 -3.47024e-18)
(31.026 9.19466 -5.42479e-18)
(25.0565 6.80838 0)
(13.9848 2.0445 -1.31249e-17)
(30.5694 20.3739 -1.27457e-17)
(29.4422 7.91484 3.16899e-18)
(29.9437 7.46294 1.26788e-19)
(24.8244 6.56076 -2.52313e-17)
(22.897 0.882903 -6.49073e-18)
(21.9434 4.03864 0)
(14.2752 14.622 1.21691e-17)
(29.7756 7.5001 0)
(0.123366 0.676784 -3.92913e-17)
(18.0777 5.47461 -7.05914e-18)
(25.1003 6.70805 5.14085e-18)
(29.5609 8.15766 5.45788e-18)
(21.7535 11.7147 -2.0107e-18)
(6.8618 2.76933 0)
(25.1424 3.8913 2.63849e-18)
(29.7237 8.00919 0)
(25.0802 13.1933 -1.60519e-18)
(31.1926 4.63951 0)
(30.4881 8.78203 5.21946e-18)
(22.1197 15.5321 -1.10316e-18)
(13.0451 2.0132 7.18359e-18)
(25.3997 4.08039 0)
(19.6524 0.150717 1.12615e-17)
(24.2382 7.61157 -1.64879e-17)
(28.0602 4.31424 0)
(7.68033 2.99653 0)
(24.9664 13.0836 0)
(22.0325 12.6201 5.31562e-19)
(28.5641 8.20191 9.07503e-19)
(21.3865 0.554047 0)
(28.2215 4.60798 5.52846e-19)
(24.008 10.1007 0)
(26.569 11.4466 0)
(25.0162 6.74856 9.24797e-18)
(23.995 8.47896 7.6272e-18)
(25.0641 6.70173 0)
(25.5098 8.10823 1.56516e-17)
(28.9692 5.44011 2.1745e-17)
(22.9566 2.91854 -4.31878e-18)
(24.9801 13.393 0)
(21.4329 0.846397 6.85771e-18)
(25.2373 6.49471 -3.85624e-18)
(24.9711 6.35727 5.19553e-19)
(29.9991 10.6517 -1.39761e-17)
(8.54931 4.21152 1.49412e-18)
(27.4319 4.39813 0)
(25.2895 7.02951 3.97021e-19)
(27.7456 6.49376 -7.28468e-18)
(25.1107 6.77945 -1.9182e-18)
(26.4252 6.37827 0)
(14.9837 15.5142 4.00155e-18)
(24.8598 13.1254 0)
(25.0863 6.266 -3.78788e-18)
(30.2795 8.21502 4.77827e-18)
(23.6126 7.73394 0)
(28.2359 6.44339 0)
(25.4616 3.5417 -1.08057e-18)
(18.2966 8.06059 0)
(21.3584 5.56821 -3.45302e-17)
(29.8429 8.23869 0)
(20.3333 0.78254 0)
(27.5055 5.44356 -2.25339e-18)
(25.1057 6.77345 -4.48655e-19)
(29.6887 8.04857 0)
(25.4415 2.84993 0)
(25.081 13.3536 1.72405e-18)
(25.1073 6.74841 -1.70691e-17)
(25.1141 5.52072 6.00331e-20)
(22.9838 3.46867 0)
(17.747 4.12607 1.21527e-17)
(28.1533 7.67724 1.78213e-19)
(26.5907 6.86562 5.44312e-18)
(29.0507 5.24268 -2.14533e-17)
(25.1388 14.2205 -1.57519e-18)
(26.1308 5.87949 -3.66688e-18)
(24.6016 7.47811 2.39333e-20)
(28.1009 4.38585 0)
(24.9811 13.561 0)
(5.37617 1.34579 0)
(25.109 6.77323 4.3435e-18)
(26.1483 4.40999 -4.57587e-19)
(25.1971 5.97786 0)
(22.9267 0.81779 -2.11623e-18)
(25.0965 2.77904 9.3236e-20)
(24.2947 1.34271 -6.9311e-19)
(25.2433 6.50366 3.94745e-18)
(-8.25007 -4.54754 -2.61761e-18)
(26.2468 5.28209 -5.55559e-18)
(22.7073 4.33785 -1.30202e-17)
(34.5083 14.0973 0)
(26.4045 8.69331 5.06434e-18)
(-3.68241 -2.33126 0)
(28.7289 6.51632 0)
(21.1515 11.6043 2.55162e-18)
(23.4369 8.01085 -4.07098e-18)
(21.2564 7.67353 4.90575e-18)
(23.749 1.21452 1.13756e-18)
(26.2376 8.13842 5.04167e-18)
(30.0397 9.70794 -3.55979e-18)
(25.1914 13.4635 0)
(14.2824 3.3354 1.41686e-19)
(23.2526 2.8187 0)
(25.4526 2.93929 1.29964e-19)
(29.6038 3.21261 0)
(27.9462 6.08257 0)
(23.9889 7.58568 2.03879e-18)
(25.1061 13.6744 0)
(29.3271 8.06768 1.60693e-18)
(24.9522 11.3716 -2.35748e-18)
(26.3851 5.60561 8.12011e-19)
(23.3685 1.09987 -4.76202e-19)
(25.7077 3.21799 1.44131e-21)
(28.4734 7.40269 0)
(-5.74906 -1.79968 0)
(30.0576 9.59453 2.77924e-18)
(22.214 2.92158 -5.37376e-18)
(19.2417 7.37138 -5.55569e-18)
(25.0252 6.61468 -1.05017e-17)
(25.4355 5.59372 -2.92089e-19)
(24.3137 6.15208 0)
(25.0603 6.63409 1.74313e-18)
(8.22031 2.77501 8.09315e-19)
(8.784 -1.1067 -2.37694e-18)
(25.7166 6.55252 -4.95314e-18)
(25.2141 13.6216 0)
(16.2037 0.417636 -2.02514e-17)
(25.0945 3.21161 0)
(15.7112 7.20336 0)
(-5.5465 -3.24536 1.90192e-18)
(4.44851 1.01537 -6.45799e-19)
(27.5308 5.16133 2.66596e-18)
(25.0671 6.5815 1.59297e-17)
(4.19829 0.847193 -3.89886e-18)
(24.1573 14.6631 0)
(28.2205 2.52338 0)
(27.2822 12.7349 -5.95737e-19)
(29.638 7.98375 -3.24747e-18)
(23.3165 7.07903 0)
(28.1742 4.41089 0)
(25.897 10.1661 -6.46724e-18)
(26.6079 5.72404 0)
(8.41404 2.98454 -7.58637e-19)
(27.0997 4.06355 0)
(25.1356 13.8927 2.62835e-19)
(25.2603 6.74454 -2.03306e-18)
(21.0412 2.82316 0)
(28.4742 7.1797 2.97724e-17)
(25.1132 6.68201 0)
(29.2306 7.22989 3.11641e-17)
(27.5875 5.51399 -2.18263e-18)
(29.6478 7.98154 -5.20819e-18)
(25.3285 13.7508 0)
(25.3597 3.28502 5.62317e-19)
(35.1752 18.3658 2.34175e-18)
(23.7086 12.5376 5.92435e-19)
(7.29637 1.92426 1.68163e-18)
(25.0223 6.75692 4.55617e-19)
(28.2146 4.47851 0)
(30.4955 10.5676 0)
(20.2594 7.56972 -1.4857e-18)
(-1.54515 -0.00551354 0)
(26.1086 3.45596 9.85231e-19)
(25.4005 6.21006 0)
(24.1273 8.71476 -2.66063e-18)
(24.9864 6.97462 -1.04619e-18)
(26.2229 7.03883 -6.04323e-18)
(29.7571 8.10031 8.80586e-18)
(25.3612 6.51807 0)
(21.5195 2.39347 2.27175e-19)
(29.1557 7.89525 -9.74781e-19)
(27.5913 4.60679 0)
(-6.1211 -4.19916 0)
(25.1874 6.5035 -2.42228e-18)
(22.0746 1.94141 3.28164e-18)
(29.5455 6.66009 7.24887e-18)
(32.315 8.65872 -7.87498e-18)
(25.1512 6.48836 2.52644e-18)
(25.0845 6.64503 1.2799e-19)
(21.8489 12.6001 -1.46875e-18)
(19.8005 10.9524 2.84901e-18)
(-7.88897 -3.17621 -1.56647e-18)
(25.0186 6.44873 0)
(27.2757 2.29367 6.93565e-19)
(21.22 7.78373 0)
(28.289 4.50842 0)
(29.2002 2.8922 0)
(25.1104 6.74986 0)
(25.3498 6.57363 -2.19892e-18)
(24.9984 6.61004 0)
(28.5663 10.0999 0)
(25.759 6.55015 5.44717e-18)
(24.589 6.38423 -5.2383e-18)
(22.424 3.47789 7.00992e-18)
(24.7997 7.63037 0)
(26.6908 8.89215 9.04352e-20)
(10.1414 5.52093 -8.73032e-19)
(28.625 8.19152 -1.25942e-17)
(9.93642 5.43639 0)
(22.8185 3.13245 -3.4268e-18)
(25.0747 6.90762 -1.08129e-18)
(25.6202 12.1801 4.37396e-18)
(27.633 4.62632 8.21268e-19)
(28.462 10.5495 7.95552e-18)
(10.9655 4.30176 -3.10631e-18)
(22.2817 11.3212 3.55368e-20)
(22.2629 5.50956 1.51134e-17)
(23.967 4.4184 1.96439e-18)
(25.2935 6.62754 3.65128e-17)
(26.2365 3.99491 0)
(25.3006 6.54194 1.21471e-18)
(25.3653 5.60334 1.58513e-19)
(27.7009 4.70706 -6.19755e-20)
(21.0171 7.19781 3.3636e-19)
(26.8659 8.90275 0)
(28.23 7.92953 -1.72708e-17)
(-0.485659 -0.989044 0)
(24.4819 6.27752 -2.41547e-18)
(24.8587 3.76897 0)
(25.0585 6.60697 -1.07075e-17)
(24.1988 6.54538 6.66411e-18)
(27.8313 5.15184 -2.649e-17)
(25.1561 6.62089 -4.66238e-18)
(25.1221 6.46701 -4.21667e-19)
(21.6152 4.66384 0)
(26.6003 3.67257 -7.14756e-19)
(25.1608 6.49971 0)
(26.8481 5.07288 -7.87307e-19)
(29.7696 9.28448 -3.5343e-18)
(21.2665 0.38296 -6.16438e-18)
(21.537 5.39357 -1.62245e-18)
(32.8289 6.76841 -4.76289e-18)
(25.2651 6.55023 -4.40664e-19)
(26.636 4.35161 0)
(26.3509 5.02534 -2.82663e-18)
(24.938 6.39886 -1.1732e-18)
(26.6926 4.51574 -3.2753e-18)
(25.8943 6.13546 2.4302e-18)
(29.7066 7.99491 3.37393e-18)
(24.872 1.58731 -1.06631e-18)
(26.0585 6.94715 -1.26998e-19)
(26.3622 5.11816 0)
(20.5213 8.49037 -2.39034e-18)
(20.5135 5.86527 6.43222e-18)
(25.2403 6.51947 -6.26047e-19)
(21.7908 3.2916 2.76781e-18)
(25.691 1.76958 2.26935e-20)
(25.1217 6.5024 -1.18201e-17)
(26.1467 1.86687 -7.16424e-19)
(25.6626 6.73984 3.89511e-17)
(27.251 9.21341 4.76369e-18)
(26.0658 5.02618 2.83258e-19)
(10.8477 7.2525 0)
(24.7244 1.50097 0)
(26.5832 6.75489 -1.16557e-18)
(19.7465 4.35798 -1.0557e-17)
(25.686 5.90931 7.42302e-18)
(25.1701 6.55553 -7.88548e-18)
(21.2293 8.21256 -1.10595e-17)
(23.7428 7.62932 6.69211e-18)
(16.8241 0.75298 0)
(21.6977 8.94597 0)
(24.7992 3.01206 1.33674e-19)
(25.8547 7.11882 0)
(23.5455 5.16338 1.30107e-17)
(30.6192 8.79553 -8.53721e-18)
(29.6246 6.19143 -1.44626e-17)
(25.0879 6.68902 6.40629e-18)
(25.1388 6.75266 -9.91793e-18)
(25.0285 6.46399 0)
(25.1424 3.23374 0)
(24.6105 8.34571 -2.81312e-20)
(25.1352 6.64951 0)
(28.4705 8.27118 1.01219e-17)
(24.8816 7.09452 3.37009e-18)
(22.3159 11.2058 -7.40813e-19)
(25.1644 6.62076 5.00872e-18)
(25.0996 6.74668 1.69656e-17)
(27.8975 6.2194 -2.29094e-17)
(25.9079 6.92219 0)
(25.4651 5.67276 0)
(25.8244 8.03162 -1.81412e-17)
(27.3592 4.57777 2.27175e-18)
(29.0702 9.80128 -9.40817e-18)
(23.4758 3.52127 0)
(29.6028 7.94676 0)
(25.2792 3.29977 -7.886e-19)
(25.0958 6.6334 4.54397e-19)
(25.706 6.60528 -2.46823e-17)
(26.1987 9.55637 4.34007e-18)
(26.7909 2.04201 -8.08912e-19)
(26.4931 3.71112 0)
(5.95462 -0.853549 8.29275e-18)
(24.8803 7.59792 -2.92483e-19)
(24.958 6.46319 0)
(26.275 9.36573 -1.98686e-19)
(17.8161 0.523354 0)
(21.9196 8.7315 0)
(18.9853 8.17313 0)
(24.9712 7.08627 8.41656e-19)
(27.3086 5.89479 7.24508e-18)
(25.0069 6.60211 -1.35868e-17)
(23.8201 11.7701 0)
(26.5823 11.5816 -6.78064e-20)
(4.63947 -0.0601507 0)
(23.7766 5.33963 0)
(25.4435 3.63136 -6.5931e-19)
(26.3206 3.57027 -2.95917e-19)
(27.3528 4.66083 0)
(24.921 6.52838 1.43209e-17)
(26.3206 5.37757 0)
(27.7725 6.25312 2.89966e-18)
(24.9212 7.02061 0)
(21.3202 8.39129 -9.85701e-18)
(24.8381 6.76803 0)
(27.7019 6.4745 0)
(25.1255 6.46462 -1.48295e-18)
(25.2186 6.50945 0)
(25.1042 6.49386 -1.20436e-18)
(22.3722 11.3719 6.98919e-19)
(25.3954 6.47365 4.77912e-18)
(24.7078 8.78746 1.09254e-18)
(23.7271 1.54187 2.47709e-18)
(26.3366 6.94744 5.31612e-18)
(25.0414 6.56518 1.08544e-17)
(25.1171 6.73313 0)
(26.5474 3.66381 0)
(25.0861 6.7257 -1.45331e-17)
(29.1441 8.17591 0)
(26.5551 5.46883 -1.17553e-17)
(25.1095 6.74876 6.58584e-18)
(20.1167 6.05071 5.70342e-18)
(25.62 6.31323 3.14104e-18)
(23.706 5.82431 0)
(22.5773 14.4627 1.45495e-18)
(23.694 5.98609 -1.66788e-17)
(24.8644 7.10915 -2.39189e-22)
(25.0265 6.44817 0)
(29.4982 7.95634 5.36013e-18)
(13.4479 5.24702 -4.6873e-19)
(25.0056 6.62258 -6.25411e-18)
(25.0065 6.48859 -1.2619e-17)
(26.5878 3.58505 -1.55436e-18)
(22.2685 11.5449 0)
(21.312 7.86525 0)
(24.8647 6.41165 5.44972e-19)
(25.0357 6.4247 1.46292e-18)
(26.8141 7.79765 -6.53529e-18)
(28.9968 10.4584 2.81986e-18)
(26.0588 4.30284 -8.26997e-19)
(24.1281 8.71261 -3.93283e-18)
(25.1254 6.47887 1.74571e-17)
(22.8407 5.46248 0)
(27.9903 6.95774 0)
(25.0135 6.33168 -4.57995e-18)
(29.4327 7.96172 3.0014e-18)
(26.0722 6.48087 4.61976e-18)
(24.1294 4.49425 0)
(27.587 7.15604 -2.79739e-18)
(25.0708 6.77661 0)
(28.4625 7.28632 4.62819e-18)
(22.8346 5.54212 7.08022e-18)
(25.8802 3.57637 3.96488e-19)
(28.3449 7.66666 0)
(27.5872 7.0889 3.05729e-18)
(26.3888 6.11778 1.30478e-17)
(-2.86209 -0.17365 -6.12237e-19)
(29.5832 8.25308 0)
(9.27531 3.55781 0)
(29.6547 9.02098 5.4759e-18)
(26.1356 6.37592 0)
(24.7119 4.20566 -3.02988e-19)
(12.6409 5.0119 9.83603e-19)
(27.8199 6.01199 -1.02955e-17)
(24.1091 3.52539 -3.77778e-18)
(25.9494 7.99358 0)
(21.9708 3.2753 0)
(12.5831 4.25253 5.43276e-18)
(26.466 4.71603 -8.71201e-19)
(28.7625 8.65637 3.8691e-18)
(29.3491 8.30553 0)
(7.6499 1.31245 3.96866e-18)
(23.4995 3.29436 -7.51135e-18)
(25.0613 3.24909 0)
(21.3696 3.73043 0)
(24.1791 10.0273 0)
(27.6359 6.93528 -1.88847e-18)
(25.0058 6.76721 5.58778e-18)
(19.8003 4.84875 0)
(4.28631 -0.313785 -4.0259e-18)
(27.7875 6.31188 -3.27636e-18)
(22.7334 11.311 -9.73071e-20)
(22.6333 10.5688 -1.77952e-18)
(24.572 8.85502 3.0271e-19)
(25.0109 6.4251 -2.3814e-18)
(24.9344 6.52143 -1.27582e-17)
(25.6191 6.78653 1.66521e-17)
(13.3008 5.95338 0)
(27.6507 6.62843 -2.93905e-18)
(27.784 5.95148 0)
(25.1645 6.49665 6.20282e-18)
(22.0482 3.91113 -1.27612e-17)
(19.2703 10.7941 5.1546e-18)
(18.5338 5.70454 0)
(22.148 7.32404 4.44156e-18)
(29.3138 8.08474 4.8167e-18)
(20.1049 5.66262 7.53412e-18)
(23.6586 6.05629 -1.61859e-17)
(25.0127 6.81441 -1.53167e-17)
(-6.3053 -4.24022 3.36242e-18)
(21.2234 8.32515 1.09806e-17)
(21.7805 4.39849 -5.50032e-18)
(20.3026 5.98535 -6.26707e-18)
(24.8133 6.53659 3.04392e-17)
(28.3144 10.7808 -1.20396e-19)
(25.1487 6.55688 0)
(15.7816 0.173349 -1.47889e-17)
(27.1946 5.53742 1.26425e-17)
(30.2455 7.1466 0)
(26.4083 6.2049 -1.09463e-17)
(27.4998 10.331 -9.91299e-18)
(19.4657 1.10616 -3.70998e-18)
(26.2988 7.20784 0)
(27.9788 6.8545 -4.68014e-19)
(29.9512 4.76 -2.65131e-17)
(27.6316 8.28658 -3.09748e-18)
(22.033 7.38179 6.42289e-18)
(20.8367 4.98561 0)
(25.0931 6.74931 2.33544e-18)
(10.5908 3.80714 0)
(24.5757 5.82158 6.73666e-18)
(24.3533 6.50902 0)
(23.5293 5.043 -1.61064e-17)
(26.7306 8.79227 -3.03004e-17)
(17.9156 4.61992 8.16237e-18)
(27.8103 9.39409 1.46866e-17)
(25.2452 6.92443 0)
(25.2537 6.71462 3.83597e-18)
(30.9389 7.34514 -1.68067e-18)
(-2.05756 -0.114752 2.74915e-17)
(23.4062 6.16834 1.76481e-17)
(22.08 3.02387 -5.02069e-18)
(34.7032 9.0519 1.26506e-17)
(30.1337 8.52927 -1.13043e-17)
(6.80237 -1.61133 -5.02323e-18)
(28.6878 7.81338 6.78548e-18)
(26.6932 11.598 2.87352e-18)
(25.1546 6.6208 2.16848e-17)
(25.1581 6.63469 7.38447e-18)
(24.5603 6.27916 7.99903e-18)
(30.6599 8.88173 9.73527e-18)
(26.0819 6.85129 2.78792e-17)
(24.9034 6.965 -1.30366e-17)
(26.4101 7.56669 -8.53559e-18)
(25.0953 6.68978 0)
(25.5142 6.32556 4.04745e-18)
(24.3921 2.78288 -1.08928e-18)
(21.7607 4.58373 -7.99833e-18)
(27.7695 5.85235 3.47304e-18)
(24.838 6.69941 1.66681e-17)
(15.548 2.45945 8.21903e-18)
(25.2045 6.49491 -6.87482e-19)
(25.1313 6.67025 0)
(22.2345 6.95618 0)
(20.1 5.93436 0)
(22.4393 11.3101 -8.57918e-19)
(27.407 4.53509 0)
(30.3864 8.69325 0)
(27.1281 8.01827 0)
(23.4872 3.38153 0)
(26.0238 11.4273 -3.54764e-18)
(25.4161 7.03846 2.6827e-17)
(24.801 7.57203 2.1617e-18)
(29.7482 8.08201 -5.3119e-18)
(26.9516 6.06458 -8.38477e-19)
(22.4223 11.1845 1.84972e-18)
(25.0928 6.47973 0)
(26.3186 6.21958 0)
(24.8356 6.72871 0)
(28.8116 8.90297 -1.11975e-17)
(-3.64616 2.34989 -8.77704e-18)
(25.0974 6.67987 -1.11161e-17)
(28.9106 10.4955 -2.55406e-18)
(25.3258 9.83724 -1.22583e-17)
(25.7844 3.25633 -6.00083e-20)
(21.1738 8.87013 2.97292e-18)
(12.5618 5.15255 -4.92107e-18)
(27.7743 6.0188 0)
(24.4263 6.45025 8.49022e-18)
(29.025 8.39906 4.79892e-18)
(28.813 5.17551 1.93975e-17)
(25.0179 6.48829 1.14662e-17)
(20.9278 4.23722 0)
(29.4836 8.53034 -4.206e-18)
(26.6941 4.33945 -9.13165e-19)
(14.4102 15.2733 2.65602e-19)
(25.6147 18.5756 -1.91631e-18)
(9.13561 -1.2911 0)
(27.5504 5.42311 2.1045e-18)
(22.0981 6.51429 -9.10192e-18)
(25.0228 6.80523 1.85074e-17)
(27.579 6.04248 -3.25445e-18)
(25.0022 6.7756 -1.71605e-17)
(26.9287 4.08162 0)
(25.6786 6.06106 -2.90284e-18)
(17.1194 0.171643 -9.50205e-18)
(32.7104 7.85532 0)
(29.6245 7.95488 1.33713e-19)
(2.01236 0.334018 0)
(21.1308 10.5914 0)
(25.3435 3.4429 -4.35874e-19)
(22.9872 1.63028 -5.05549e-19)
(25.1257 6.29866 0)
(28.1831 7.99486 -5.50089e-18)
(24.5659 6.22933 1.74489e-17)
(23.6905 6.55074 0)
(28.9599 8.03407 0)
(25.9155 11.3935 0)
(15.101 14.2025 -4.6154e-18)
(26.275 6.14 -5.14493e-18)
(24.8495 7.10305 -2.36976e-18)
(24.6997 7.43005 -2.98413e-18)
(29.0332 8.0829 0)
(22.0328 3.73599 -5.83978e-18)
(23.5755 3.30247 1.94001e-18)
(25.0897 6.72247 -1.27294e-17)
(28.6432 8.14509 1.86331e-17)
(26.4691 10.1188 -1.00911e-17)
(14.4366 6.79436 -1.63401e-18)
(4.66495 1.32372 -2.26796e-18)
(23.3649 1.03327 -1.74936e-18)
(25.9245 6.06136 0)
(27.1534 6.47175 0)
(28.3598 8.40835 3.44909e-18)
(22.7992 8.05773 0)
(26.6433 5.86588 0)
(20.6089 8.66672 8.14639e-18)
(27.1533 4.28347 -1.25401e-18)
(25.2074 5.15849 1.07247e-17)
(25.0639 6.46314 -3.52649e-19)
(25.0263 6.64851 2.69945e-18)
(26.0755 8.72255 6.00689e-18)
(25.0248 6.44086 -4.57469e-20)
(23.3462 7.23201 -6.68628e-18)
(29.6508 8.92719 -6.92953e-18)
(25.202 6.53626 -2.19308e-18)
(25.1096 6.76092 2.42584e-18)
(20.4344 7.90107 0)
(24.01 2.71772 -3.00916e-18)
(29.5306 8.53665 0)
(25.0853 6.19838 -1.89329e-18)
(29.6011 8.94743 8.20509e-18)
(24.6825 3.43943 0)
(25.127 6.37028 2.6482e-19)
(13.6095 5.37014 0)
(25.0169 6.82535 0)
(24.6466 6.71728 -2.75235e-17)
(26.6532 4.63315 5.04554e-18)
(25.3374 6.95962 3.62689e-18)
(25.8329 3.54067 -2.47623e-19)
(23.3199 6.00598 0)
(27.78 6.43517 4.74028e-19)
(27.4312 8.49798 0)
(27.7294 6.1456 0)
(27.7464 5.80989 -3.78789e-18)
(25.0843 7.58194 -5.69825e-18)
(27.5892 5.4501 0)
(28.0798 7.95249 0)
(27.3764 8.3347 6.45182e-19)
(20.7706 4.68988 -9.11189e-18)
(25.1038 6.33679 0)
(25.0571 6.46913 -2.14504e-18)
(28.5862 10.4296 9.04073e-18)
(25.0299 6.827 0)
(24.9789 6.64138 7.29401e-18)
(28.2403 10.627 6.90642e-18)
(25.1458 5.12416 0)
(29.0894 8.10229 0)
(28.9583 8.91816 -7.50524e-18)
(24.5705 6.36153 -1.13025e-17)
(25.06 6.54141 -2.17571e-17)
(28.9846 10.3679 -2.45298e-18)
(25.1051 6.7452 -6.83442e-19)
(25.6547 6.77846 1.9553e-17)
(25.5477 6.589 1.95724e-17)
(20.747 4.83203 -4.46682e-18)
(22.0889 3.10183 0)
(25.4555 6.13199 2.2275e-18)
(22.8961 8.07534 0)
(22.8265 9.16185 0)
(28.422 7.4283 0)
(29.8719 9.25917 -7.47766e-18)
(26.8558 4.04507 -2.77743e-18)
(28.5748 7.70868 5.35226e-18)
(24.2417 4.17838 0)
(27.7318 6.27319 5.08737e-18)
(26.502 6.91659 -2.40551e-18)
(25.0405 6.5542 0)
(-4.64095 -1.07318 6.55175e-19)
(25.909 7.87651 1.53417e-17)
(27.7306 9.75317 5.83251e-18)
(25.0458 6.83341 -5.74407e-18)
(20.6471 4.07763 1.61955e-18)
(28.1296 4.96409 0)
(22.7772 5.84825 -1.30416e-17)
(29.001 9.51916 9.03362e-18)
(30.7959 8.95219 2.80164e-18)
(25.0178 6.76374 -6.41087e-19)
(24.4047 8.05796 -1.87456e-18)
(21.1159 8.39175 0)
(25.0377 6.73128 7.44428e-18)
(28.6852 8.67287 4.36629e-18)
(25.2988 6.58694 -5.6713e-20)
(33.0095 7.50026 -1.96922e-17)
(25.2214 7.0984 1.41063e-17)
(25.0235 6.38848 0)
(27.6836 7.71303 0)
(29.1808 7.86452 9.95012e-18)
(22.7575 3.14322 0)
(29.6169 7.94946 -7.08825e-18)
(25.1167 6.75087 3.07765e-19)
(28.1385 7.92234 0)
(28.0716 8.2451 -3.44183e-18)
(27.2068 11.3698 -4.35915e-20)
(24.3874 5.69139 0)
(24.9589 6.50808 1.3957e-17)
(0.590554 -2.17416 -7.49546e-18)
(21.9225 5.31093 1.60558e-17)
(27.458 5.40974 0)
(25.0533 6.64126 0)
(34.8513 13.6789 3.00613e-17)
(29.3779 8.50041 -9.14223e-18)
(25.0933 6.75245 -1.89433e-17)
(26.8906 4.08777 1.43453e-18)
(22.5833 4.48919 0)
(-2.95754 -3.50343 0)
(25.1378 6.75568 -2.1649e-18)
(25.1667 6.4901 3.02248e-18)
(25.1432 6.57244 -3.50274e-18)
(28.5553 7.11818 -2.24299e-17)
(28.5711 11.1731 4.19495e-18)
(25.5067 6.94096 -1.02136e-18)
(23.4092 8.141 1.39525e-17)
(24.7571 7.67133 0)
(21.9059 3.30544 0)
(26.8017 11.2922 -4.95015e-18)
(24.4907 6.23249 8.06525e-18)
(26.5192 7.6414 -2.18798e-17)
(24.4059 6.49489 -8.94431e-18)
(26.0551 4.67001 1.52582e-18)
(28.4555 8.78776 -8.55327e-18)
(25.1139 6.73962 2.23549e-18)
(28.6516 7.83536 6.32991e-18)
(24.7418 6.52553 -4.62601e-18)
(24.8043 4.21699 4.77562e-18)
(20.5138 7.97557 1.00265e-17)
(24.6757 7.04334 5.30918e-18)
(25.1029 6.41011 0)
(25.5829 6.31423 2.66918e-18)
(27.0385 6.87161 9.67652e-18)
(22.0667 12.4559 -5.03684e-19)
(25.9223 6.18637 -1.48974e-18)
(24.1844 5.37853 1.37341e-17)
(25.3661 6.01758 -3.6396e-19)
(26.6532 6.8631 5.61681e-18)
(25.6415 1.78398 2.50503e-20)
(29.6262 8.29735 0)
(21.4729 0.54892 -8.67098e-19)
(28.9617 8.08889 2.08729e-18)
(25.9251 9.10845 0)
(29.1497 8.25912 -6.03742e-18)
(7.54795 2.58388 0)
(25.3978 6.25755 0)
(24.9395 6.55185 -2.05988e-17)
(21.9067 3.9414 -1.9953e-22)
(23.7106 11.8154 -1.29606e-19)
(30.9147 12.6165 -9.0644e-18)
(27.8919 9.77492 1.85848e-18)
(21.3531 5.70344 0)
(25.512 12.1502 -7.36206e-19)
(25.1378 6.32565 -3.09333e-19)
(23.0708 10.7955 9.24792e-19)
(26.1889 9.43033 0)
(25.4572 3.04576 3.19669e-19)
(29.6189 8.27974 0)
(24.4311 6.28772 -1.75484e-18)
(25.4162 6.09245 -1.33463e-18)
(25.5176 8.18799 7.01008e-18)
(29.6473 8.88142 1.03757e-17)
(27.7127 6.8567 -6.68325e-18)
(24.9065 7.9235 0)
(25.1449 6.57056 1.26653e-17)
(33.0566 6.33896 0)
(25.9845 6.98286 0)
(27.7646 5.90469 0)
(25.4142 6.47804 -2.54295e-17)
(29.7953 8.24947 0)
(23.025 1.59356 0)
(24.9706 6.37019 -4.28267e-18)
(24.998 6.33144 6.59421e-18)
(29.6457 7.98762 6.30058e-19)
(24.7503 2.97366 0)
(25.0735 6.61808 9.72718e-18)
(29.9003 10.6672 3.66962e-18)
(25.9899 8.56018 0)
(22.1556 7.03134 -2.03514e-17)
(25.452 6.27138 -2.60267e-21)
(-1.59449 0.0380631 0)
(25.537 9.38952 0)
(22.7317 10.7634 -1.8763e-18)
(24.823 6.61571 -1.84766e-17)
(25.366 7.99167 -5.07289e-19)
(26.4594 7.21304 0)
(24.5742 7.38989 1.87993e-18)
(23.4056 4.54362 0)
(29.6971 7.98984 3.39053e-18)
(24.8959 6.84176 7.10703e-18)
(27.7647 4.79108 0)
(29.7403 8.16989 1.63736e-18)
(25.057 6.65121 0)
(25.0616 6.41048 0)
(29.6399 7.75622 -1.71459e-17)
(28.6797 7.75928 0)
(25.1307 6.74332 0)
(29.1725 8.50772 0)
(25.079 6.49354 1.15763e-17)
(29.0968 7.27053 0)
(21.2297 8.68903 5.85076e-18)
(11.7556 -0.240941 0)
(-5.186 -4.09668 3.17093e-18)
(25.1083 6.38242 -2.64821e-19)
(22.0656 9.24962 0)
(29.7984 9.36523 0)
(25.847 7.3605 0)
(32.9287 7.6506 5.92404e-18)
(25.7746 6.58926 1.30458e-18)
(23.6658 9.76229 -2.20031e-18)
(29.5042 9.72923 -3.52684e-19)
(26.8981 7.3519 -9.0285e-18)
(29.4653 8.31501 2.87012e-20)
(24.4545 5.68944 2.21223e-17)
(25.3968 6.56871 -3.44493e-17)
(10.0611 5.45827 0)
(25.1137 6.7487 0)
(26.7275 4.4043 -9.47041e-22)
(24.832 6.11727 -1.36313e-17)
(23.1508 2.86191 -2.85634e-18)
(27.2059 7.0697 -2.6754e-17)
(32.3435 7.89431 -7.40334e-18)
(25.4694 7.40874 0)
(25.1765 5.92249 0)
(11.6594 5.15779 0)
(27.1323 7.31116 0)
(22.5986 11.1704 -9.86269e-19)
(24.9456 6.35793 4.81673e-18)
(24.7715 7.73522 -9.67665e-19)
(24.0726 10.0131 0)
(24.9314 6.86788 0)
(23.4803 9.69355 0)
(18.8917 4.52266 -4.69786e-18)
(25.0635 6.58997 -1.75586e-17)
(21.4414 8.22378 9.47783e-18)
(29.8002 8.19786 -5.31114e-18)
(29.3468 2.80875 4.64146e-18)
(29.2868 2.65903 -3.48745e-18)
(28.5865 7.8177 -1.15276e-17)
(22.9486 5.55036 -5.42959e-18)
(24.1449 7.65959 -4.13702e-21)
(22.7209 10.6452 -1.15278e-19)
(26.0915 11.3378 0)
(20.8762 6.24345 2.40652e-17)
(21.8439 3.26208 5.4945e-18)
(24.5973 4.08851 2.13597e-19)
(-7.37274 -2.87782 0)
(23.844 11.9548 8.77722e-19)
(27.1452 5.74095 -2.70471e-18)
(25.9945 8.90441 -1.58957e-17)
(25.2339 4.02475 -7.96566e-19)
(26.3305 6.26573 3.74958e-17)
(25.8703 6.00037 3.66125e-18)
(20.8742 4.30662 0)
(25.2982 6.68456 1.60675e-18)
(24.7669 6.39355 9.98105e-20)
(29.1237 8.53841 0)
(25.3827 6.48665 5.91573e-18)
(22.1951 7.1413 1.58714e-17)
(25.9112 7.0688 9.34441e-19)
(24.2965 11.6031 9.46828e-19)
(14.4121 1.3713 1.61298e-21)
(15.4871 0.606378 -4.5726e-18)
(25.0358 6.83517 0)
(2.15825 -2.52997 0)
(28.1844 8.12192 4.02218e-18)
(25.1385 6.78473 0)
(22.7751 7.96313 0)
(21.8909 3.36264 0)
(29.4689 7.99714 -4.28211e-18)
(25.1151 6.74775 -3.16308e-19)
(26.1479 3.47142 1.60796e-18)
(-4.61193 -4.0222 -4.101e-18)
(26.502 6.31743 2.63227e-17)
(25.2968 8.98618 5.86029e-18)
(27.6617 7.18959 2.9401e-18)
(25.1644 6.49094 -5.05983e-18)
(25.1007 14.4654 -4.07941e-18)
(19.9233 6.82478 3.4675e-18)
(23.4282 11.5213 0)
(29.4616 8.34148 0)
(25.3537 6.80458 -2.36382e-17)
(29.2492 7.8726 -2.24796e-18)
(29.6987 9.08963 6.64613e-18)
(24.8266 6.52299 -2.65258e-17)
(25.8416 7.16324 0)
(26.225 4.94541 3.2562e-18)
(24.9975 5.08415 0)
(25.3446 6.93823 -2.83652e-17)
(26.4528 3.72545 -5.87695e-19)
(26.5553 7.57432 0)
(25.2063 6.54577 -1.59092e-17)
(26.7547 11.4865 -4.80414e-18)
(26.8449 7.62052 8.98119e-18)
(20.748 4.99956 0)
(25.0257 11.4505 -2.54327e-18)
(28.3078 8.43913 -5.03247e-18)
(21.1136 8.51723 0)
(30.1121 8.51955 0)
(20.3797 4.10302 -8.98737e-18)
(25.1565 7.0124 0)
(25.9924 3.48668 6.6134e-19)
(13.64 6.67122 -2.18106e-18)
(25.2034 6.52878 -3.10142e-18)
(23.6573 1.42071 -2.92164e-18)
(28.8165 8.086 -7.66801e-18)
(25.387 6.58514 1.94107e-17)
(25.1384 6.74081 7.36327e-19)
(27.974 8.64877 0)
(27.65 7.02803 -2.61833e-19)
(25.0732 6.78237 -5.96032e-18)
(24.6793 1.51019 7.24242e-19)
(26.5411 9.4 -2.14045e-18)
(25.4044 3.51826 5.27749e-19)
(25.8828 7.41642 0)
(25.0276 6.59651 -2.29784e-17)
(25.4122 6.03387 5.16327e-19)
(16.3066 0.897661 0)
(22.6491 5.97962 -1.18649e-17)
(19.9436 6.93641 -1.15198e-17)
(25.1975 6.52953 -2.63411e-18)
(25.1976 6.52607 2.6376e-18)
(23.9662 7.44696 8.28077e-18)
(29.2674 8.08745 -6.0498e-18)
(22.328 6.8168 -6.76432e-18)
(26.3462 5.46036 2.35336e-19)
(25.1343 6.73771 0)
(22.444 2.80024 -4.43563e-18)
(25.0193 6.60351 1.31246e-17)
(27.6752 6.55516 3.96843e-17)
(26.2729 5.49412 5.15695e-18)
(23.3511 5.05698 2.27767e-18)
(26.7212 7.55203 -1.12303e-17)
(26.4455 7.64455 1.3302e-17)
(29.8311 8.22717 0)
(25.0811 3.3076 0)
(22.8183 10.6026 0)
(23.6727 6.98469 1.40853e-17)
(35.9151 12.4493 0)
(24.9383 6.8801 0)
(25.1045 6.3144 0)
(25.135 6.65124 -1.09488e-17)
(27.4359 6.77245 0)
(25.0829 5.06142 0)
(22.7679 5.64151 4.05437e-17)
(23.7141 7.39165 2.20773e-19)
(25.1386 6.56539 7.16607e-19)
(25.1074 6.76217 -5.77269e-18)
(25.1073 7.48396 8.56537e-18)
(11.6973 4.14721 -1.55494e-18)
(27.826 6.72671 1.95653e-19)
(20.0481 6.9552 1.49038e-18)
(26.5467 6.44365 0)
(21.0226 10.288 0)
(25.0526 6.83984 0)
(28.2672 7.60373 -8.75404e-18)
(26.7693 8.96289 0)
(26.417 3.68759 -1.67283e-18)
(25.3717 6.11298 1.30079e-18)
(25.0113 6.78266 1.23871e-17)
(11.7461 5.33242 0)
(24.4015 3.31069 4.02865e-18)
(25.096 5.59227 -1.40023e-18)
(26.0153 6.45305 -2.27993e-17)
(29.6117 7.95131 4.59371e-18)
(25.0317 6.73795 7.57009e-18)
(22.2218 9.76833 3.09676e-18)
(25.1022 6.76663 -1.05829e-17)
(29.5329 8.5686 -5.30732e-18)
(26.2719 6.28771 3.31082e-18)
(25.2013 3.30219 -9.55118e-19)
(21.0285 4.59314 0)
(31.9973 4.43719 6.18121e-18)
(7.8318 -0.882835 -5.76329e-18)
(23.0214 5.46598 -2.68463e-17)
(22.7465 6.48217 3.2181e-18)
(25.1555 3.27751 0)
(23.3489 5.1647 0)
(22.8014 6.67956 -2.21431e-18)
(24.914 6.97976 6.79224e-18)
(24.6799 4.10428 -2.13599e-19)
(21.1852 0.471008 -8.38239e-18)
(29.7974 7.92703 0)
(-1.60558 -3.07834 -9.90879e-19)
(23.1044 5.64718 -5.45084e-18)
(24.955 6.6898 -5.90881e-18)
(25.6272 6.72848 -2.76397e-17)
(16.3064 0.83522 -4.79934e-18)
(22.7371 6.37147 -3.4761e-17)
(25.9921 7.76872 -2.27461e-17)
(23.4149 11.6127 2.36498e-20)
(9.40253 3.21559 2.8737e-18)
(28.9642 9.60884 0)
(25.7693 6.08022 0)
(20.471 7.79468 0)
(2.85201 -2.31449 -6.8986e-18)
(25.1599 6.61274 0)
(27.0509 9.27827 -1.09937e-18)
(24.3255 8.01204 2.13152e-18)
(-3.66076 -3.6384 3.63473e-18)
(25.5402 3.6381 1.66334e-19)
(24.6134 7.42855 -9.32794e-18)
(25.273 6.63859 6.70117e-19)
(25.356 9.96113 -3.64184e-18)
(25.834 7.46696 -2.77515e-17)
(29.1878 7.90803 0)
(27.1684 8.10281 -3.20062e-18)
(23.1908 2.85917 2.8023e-18)
(26.3516 9.45267 4.14288e-18)
(25.0502 6.54095 0)
(29.5584 8.17143 0)
(25.0873 7.14831 0)
(29.2476 8.40994 -5.72987e-18)
(24.3517 11.6974 -1.01187e-18)
(29.515 7.96469 -2.60968e-18)
(25.0235 6.49749 -8.55954e-20)
(28.5457 8.25598 -9.07498e-19)
(28.566 10.5184 -4.46994e-18)
(24.4333 6.5299 -1.80768e-17)
(32.6079 7.10839 -9.75732e-18)
(26.6257 4.42533 0)
(23.8463 7.44352 0)
(27.7149 5.83777 0)
(17.2012 23.7955 4.94531e-18)
(23.896 7.32918 0)
(18.9311 8.007 0)
(25.1537 6.57022 2.13347e-17)
(24.9592 6.52422 -1.22225e-17)
(25.0208 5.93969 -7.33223e-18)
(29.6921 9.1329 -3.35546e-18)
(28.5103 10.3605 3.82182e-18)
(24.3574 3.19254 4.41059e-18)
(22.8492 6.50979 0)
(23.0569 2.85953 0)
(29.3534 8.10301 0)
(25.2049 6.56001 -1.21012e-17)
(23.1188 2.81487 0)
(-1.20593 -3.10678 -1.74579e-18)
(24.3882 6.90325 -2.70023e-17)
(23.6914 1.3884 0)
(31.5093 4.85568 0)
(25.3158 6.95939 0)
(25.0785 7.45825 1.55904e-18)
(30.1437 7.34167 -1.53285e-17)
(25.1446 6.75238 0)
(13.9776 6.79687 -4.27022e-18)
(25.3507 6.83048 9.54259e-18)
(25.7692 10.3401 0)
(20.6929 4.91535 5.91937e-18)
(25.6368 5.93152 5.40056e-18)
(29.449 8.55314 4.56759e-18)
(24.9387 6.91387 0)
(27.6572 4.68752 -4.17874e-18)
(21.579 11.8622 2.11057e-18)
(25.2068 6.53506 2.34783e-18)
(29.9364 7.36998 1.72429e-19)
(24.7241 6.72878 -4.16149e-17)
(22.4218 14.2531 -8.54122e-19)
(20.0312 5.06393 -8.38378e-19)
(25.4475 6.17726 -1.12442e-18)
(31.9839 4.70082 6.27864e-18)
(25.4775 6.22425 1.23826e-18)
(25.3916 6.60229 -2.08288e-17)
(27.7669 6.36678 0)
(26.0957 1.88496 0)
(24.8159 6.39803 -4.81048e-19)
(24.947 6.4282 4.86116e-19)
(25.2131 6.55041 9.08899e-18)
(24.3282 4.19657 -8.63023e-18)
(23.7851 7.49804 3.26851e-18)
(23.9576 7.37366 0)
(25.1648 6.9886 0)
(25.7652 7.20159 -2.72359e-17)
(27.371 4.54831 8.24078e-20)
(22.1303 7.20983 -1.18399e-17)
(24.035 6.52956 6.71941e-18)
(25.4889 7.9648 -3.09408e-19)
(25.3881 6.82573 0)
(26.5814 6.34579 -2.88055e-17)
(-5.62859 -1.78005 6.87821e-18)
(29.3435 7.82516 8.45998e-18)
(24.5357 7.56533 7.34855e-19)
(26.4093 4.47169 1.63729e-18)
(29.1518 8.22536 0)
(26.0597 7.00987 -2.3953e-18)
(27.9821 8.06993 0)
(23.0076 2.86394 0)
(29.5988 8.17361 1.62791e-20)
(25.3705 6.84218 2.50931e-17)
(25.5194 12.0368 -1.13109e-18)
(29.4278 8.30773 3.81947e-18)
(24.4459 8.01012 -3.07293e-18)
(25.107 6.75679 3.10906e-18)
(25.1716 6.61358 0)
(25.2648 6.70772 2.32952e-17)
(25.3727 7.0149 0)
(-4.82235 -4.04023 -1.55386e-18)
(26.6812 4.44652 8.62855e-19)
(24.937 6.97784 -6.00445e-18)
(26.5657 3.64104 0)
(23.7136 7.4569 1.47302e-17)
(28.3888 7.15647 -3.83299e-18)
(1.14603 -1.75908 -7.03857e-18)
(23.9089 7.48398 0)
(25.0208 4.92437 0)
(25.0934 6.37585 2.69721e-18)
(25.1406 6.65377 9.72072e-18)
(24.9792 12.9409 7.84475e-19)
(18.9158 24.1399 0)
(25.6048 6.75236 -2.02959e-17)
(21.6839 4.39484 6.16242e-18)
(24.5622 5.7575 2.75706e-18)
(29.7527 9.07777 -3.05599e-18)
(28.5549 8.67364 1.40367e-17)
(24.9293 6.89773 0)
(29.4368 9.7034 3.50496e-19)
(22.5501 4.3638 1.49009e-17)
(27.2128 5.2653 1.47124e-17)
(25.0978 6.74508 -8.79338e-18)
(26.2911 7.30534 -3.83783e-18)
(26.0896 6.64511 -2.47573e-17)
(21.6446 4.29663 -2.05508e-17)
(30.7468 12.523 -5.11578e-18)
(26.1211 6.57524 -1.59978e-17)
(32.353 4.80692 0)
(-5.27277 -1.49202 0)
(24.7826 6.39415 -5.43914e-19)
(25.3675 6.58481 1.23856e-17)
(28.0337 5.30643 0)
(27.1642 7.16096 2.72625e-17)
(25.1247 6.34421 3.09333e-19)
(25.1054 6.76765 3.51369e-18)
(25.1715 6.54127 0)
(25.1109 6.76674 -2.11761e-18)
(26.489 7.78794 1.32833e-17)
(27.2886 5.38619 0)
(26.1506 6.4112 5.49702e-18)
(21.7033 4.22348 6.65717e-18)
(23.7798 4.42316 -1.19778e-17)
(29.0448 8.46754 0)
(30.1578 8.56683 -1.35877e-18)
(25.2231 6.64535 -6.70118e-19)
(26.3452 5.6175 -1.77283e-18)
(25.1737 6.62297 5.87224e-18)
(26.0719 6.54626 2.81219e-17)
(25.1309 3.31699 0)
(22.8 4.77578 0)
(26.8865 7.65471 5.80906e-18)
(21.9494 7.28199 -6.50961e-18)
(26.5606 7.72103 -2.79981e-17)
(22.8755 9.06247 2.18759e-18)
(27.7183 9.43615 -2.86997e-18)
(22.8087 8.97114 6.19441e-18)
(25.0833 6.48739 7.73457e-19)
(29.9837 8.45516 1.90081e-18)
(29.5814 8.18006 0)
(24.9239 6.54467 1.78419e-17)
(-3.92941 -3.63979 -1.87162e-18)
(19.3927 4.63218 0)
(25.0971 4.97885 0)
(24.7449 6.69228 8.61603e-18)
(32.1518 5.09945 -1.22675e-17)
(25.5856 5.99084 0)
(24.6584 7.4124 1.07234e-17)
(24.3337 3.28445 2.17175e-18)
(22.9949 5.65158 0)
(25.0617 6.82387 1.01913e-17)
(25.5839 6.88112 2.97686e-18)
(24.3143 3.22706 -4.79556e-18)
(25.7179 7.19874 2.31575e-17)
(25.0369 6.74542 0)
(22.0152 7.20259 6.25814e-18)
(23.8046 7.57234 3.326e-18)
(21.4293 8.33817 1.20954e-17)
(12.3069 -0.128292 -4.1706e-18)
(18.6423 4.96349 6.73571e-19)
(25.0663 6.54915 -1.01517e-17)
(25.0491 6.55151 0)
(25.0792 6.61249 1.63616e-17)
(28.6516 7.7795 -5.62079e-18)
(25.3967 6.99036 0)
(23.2021 2.80794 8.649e-21)
(4.70843 -0.313881 4.29027e-18)
(26.0228 6.57113 -2.32003e-17)
(24.3517 4.29758 0)
(24.8828 6.41263 7.45426e-19)
(23.7559 1.14791 -4.43639e-19)
(24.4613 5.79833 1.02346e-17)
(24.499 5.73359 -1.83549e-17)
(25.5749 6.01822 0)
(27.0755 7.16114 -3.18523e-17)
(25.0934 6.49982 1.54982e-17)
(26.8926 10.5605 -7.96522e-18)
(22.999 2.90522 0)
(25.4331 2.8985 1.01067e-20)
(26.4155 8.60436 -1.34945e-17)
(29.6504 9.06408 -2.75436e-18)
(25.4528 2.87657 0)
(25.1561 6.63496 -4.92422e-18)
(29.8312 7.14044 -2.22151e-17)
(25.4316 8.01993 -9.52361e-18)
(25.7894 7.1732 2.17141e-17)
(24.0843 8.76754 1.1677e-18)
(27.6324 9.36582 2.71392e-18)
(30.0784 7.23297 0)
(5.62167 -0.0288369 0)
(25.1553 6.63742 7.90265e-18)
(28.3994 7.03173 0)
(25.7747 7.12206 9.26063e-18)
(24.3203 7.57506 -2.17336e-19)
(23.0422 2.9515 3.74365e-18)
(26.8665 10.422 3.67103e-18)
(24.2648 7.44018 0)
(7.27682 -0.507912 0)
(27.4499 2.43283 0)
(24.8902 6.81253 1.84156e-17)
)
;

boundaryField
{
    frontAndBack
    {
        type            empty;
    }
    inlet
    {
        type            freestreamVelocity;
        freestreamValue uniform (25.1141 6.7293 0);
        value           nonuniform List<vector> 
32
(
(25.1125 6.72518 0)
(25.1139 6.72926 2.34608e-20)
(25.1134 6.72869 1.31506e-18)
(25.114 6.72932 -2.0848e-19)
(25.1193 6.72361 -1.82839e-18)
(25.1141 6.72934 -2.80414e-20)
(25.13 6.67903 0)
(25.1141 6.7293 0)
(25.1141 6.72931 3.81822e-20)
(25.1219 6.7137 -1.92924e-18)
(25.1126 6.72676 -5.47535e-19)
(25.1145 6.72945 0)
(25.1157 6.72873 1.2755e-18)
(25.1125 6.71899 2.26298e-19)
(25.1141 6.72941 -1.40194e-20)
(25.1137 6.72907 -2.03007e-18)
(25.1178 6.72619 1.47763e-18)
(25.1141 6.72931 -2.55611e-20)
(25.1309 6.66156 -7.86954e-18)
(25.1141 6.72931 -6.37104e-21)
(25.1208 6.71963 1.78146e-18)
(25.115 6.72932 0)
(25.1141 6.72937 -3.32151e-21)
(25.1126 6.72235 -1.64445e-18)
(25.1131 6.72787 0)
(25.1225 6.70515 -5.95626e-18)
(25.1166 6.72789 1.23945e-18)
(25.1143 6.7294 3.32495e-19)
(25.1141 6.72946 -1.33897e-19)
(25.114 6.72931 0)
(25.1138 6.71286 0)
(25.1248 6.68885 0)
)
;
    }
    outlet
    {
        type            freestreamVelocity;
        freestreamValue uniform (25.1141 6.7293 0);
        value           nonuniform List<vector> 
32
(
(25.1527 6.52329 -7.16912e-20)
(25.1899 6.6066 -2.04224e-18)
(25.1797 6.61437 -2.26205e-18)
(25.1624 6.51462 5.33862e-19)
(25.1139 6.70605 3.61725e-19)
(25.2096 6.51773 -3.20036e-20)
(25.1214 6.68909 2.46972e-18)
(24.8364 6.41563 1.77539e-23)
(25.1482 6.64563 0)
(25.1774 6.50219 0)
(25.213 6.5766 2.09007e-18)
(25.1346 6.54549 8.43028e-19)
(25.2221 6.54009 -1.69827e-20)
(25.1257 6.58172 -8.86609e-19)
(25.1305 6.64423 -3.25123e-18)
(25.1627 6.63179 -5.27837e-18)
(25.0539 6.48119 3.71512e-19)
(25.1169 6.69844 8.72444e-18)
(25.1272 6.55927 -6.53157e-19)
(25.219 6.53203 -2.98765e-19)
(25.2238 6.54797 1.81754e-19)
(25.1287 6.62231 2.34577e-18)
(25.2149 6.52447 4.5438e-19)
(25.1272 6.60288 0)
(25.2265 6.55814 -8.21025e-19)
(25.2115 6.58464 -8.23101e-19)
(25.129 6.6753 -2.24545e-18)
(25.1408 6.65983 -4.34526e-18)
(25.0964 6.46972 -2.50972e-19)
(25.2871 6.53526 3.81634e-21)
(25.1727 6.50797 -1.70014e-19)
(25.1427 6.52712 -7.21702e-20)
)
;
    }
    walls
    {
        type            noSlip;
    }
}


// ************************************************************************* //
