/*--------------------------------*- C++ -*----------------------------------*\
  =========                 |
  \\      /  F ield         | OpenFOAM: The Open Source CFD Toolbox
   \\    /   O peration     | Website:  https://openfoam.org
    \\  /    A nd           | Version:  dev
     \\/     M anipulation  |
\*---------------------------------------------------------------------------*/
FoamFile
{
    format      ascii;
    class       volScalarField;
    location    "450";
    object      nuTilda;
}
// * * * * * * * * * * * * * * * * * * * * * * * * * * * * * * * * * * * * * //

dimensions      [0 2 -1 0 0 0 0];

internalField   nonuniform List<scalar> 
25458
(
0.000207068
7.01701e-05
3.6005e-05
3.98258e-05
4.04167e-05
4.07317e-05
4.08895e-05
4.09706e-05
4.09284e-05
4.09235e-05
4.09388e-05
0.000214679
0.000111648
4.56999e-05
3.83022e-05
3.97109e-05
4.04744e-05
4.09748e-05
4.11926e-05
4.13769e-05
4.15294e-05
4.14995e-05
0.000166002
0.000129742
6.46445e-05
3.8149e-05
3.89653e-05
4.01387e-05
4.08888e-05
4.14879e-05
4.19056e-05
4.21586e-05
4.19709e-05
0.000170794
0.000169216
0.000125312
5.76967e-05
3.82788e-05
3.92544e-05
4.05279e-05
4.19839e-05
4.28777e-05
4.31947e-05
4.2528e-05
0.000151394
0.000188045
0.000184152
0.000117576
5.17787e-05
3.84325e-05
3.98432e-05
4.22343e-05
4.36867e-05
4.41678e-05
4.30264e-05
0.000145332
0.000216999
0.000284024
0.000298084
0.000249281
0.000134943
5.14424e-05
4.09627e-05
4.51738e-05
4.70438e-05
4.49221e-05
0.000160109
0.000147687
9.11349e-05
4.31499e-05
3.83584e-05
3.97095e-05
4.07392e-05
4.17584e-05
4.24086e-05
4.26978e-05
4.22632e-05
0.000155789
0.000179954
0.000157341
8.37026e-05
4.17712e-05
3.86763e-05
4.02343e-05
4.21392e-05
4.3299e-05
4.36813e-05
4.27783e-05
0.000148136
0.000194945
0.000206646
0.000154007
7.06579e-05
3.94488e-05
3.93233e-05
4.22687e-05
4.40487e-05
4.46525e-05
4.32895e-05
0.000154087
0.000202141
0.000226829
0.000189287
9.89224e-05
4.41719e-05
3.88012e-05
4.22105e-05
4.43835e-05
4.51357e-05
4.35732e-05
0.000149386
0.000206897
0.000244296
0.000221371
0.000134531
5.4699e-05
3.86112e-05
4.20172e-05
4.46854e-05
4.56179e-05
4.38777e-05
0.00014557
0.000210575
0.000259141
0.000249767
0.000173707
7.31102e-05
3.97405e-05
4.16725e-05
4.49356e-05
4.60988e-05
4.42081e-05
0.000150224
0.000214538
0.000272494
0.000275241
0.000212751
0.000100198
4.34558e-05
4.125e-05
4.51094e-05
4.6576e-05
4.45509e-05
0.000132791
0.000226247
0.000353604
0.000450908
0.000511046
0.000521448
0.000464927
0.00031823
0.00012189
5.22781e-05
4.84484e-05
0.000152658
0.000219866
0.000294532
0.000318739
0.000282599
0.000174805
6.55428e-05
4.12576e-05
4.50986e-05
4.74909e-05
4.53039e-05
0.000155347
0.000221871
0.00030389
0.000337456
0.000312999
0.000216617
8.70967e-05
4.28819e-05
4.48851e-05
4.79e-05
4.57045e-05
0.000154572
0.000223108
0.000311978
0.000354347
0.000340949
0.000257732
0.000116516
4.6952e-05
4.45862e-05
4.82443e-05
4.61215e-05
0.000152791
0.000224031
0.000319049
0.000369593
0.000366676
0.000296451
0.000152782
5.48232e-05
4.4375e-05
4.8496e-05
4.65497e-05
0.000150721
0.000224775
0.000325309
0.000383377
0.000390294
0.000332246
0.000193911
6.79578e-05
4.45689e-05
4.86269e-05
4.69699e-05
0.00014867
0.000225359
0.000330896
0.000395872
0.000411936
0.000365268
0.000237361
8.75099e-05
4.5682e-05
4.86257e-05
4.73781e-05
0.000146163
0.000225766
0.000335842
0.000407199
0.000431804
0.000395943
0.000280844
0.000114094
4.84668e-05
4.85082e-05
4.77542e-05
0.000145066
0.000226075
0.000340303
0.000417553
0.00045014
0.000424569
0.000322622
0.000147343
5.38562e-05
4.83581e-05
4.80779e-05
0.000143228
0.000226205
0.000344274
0.00042704
0.000467138
0.000451347
0.000361911
0.000186205
6.29638e-05
4.83289e-05
4.83199e-05
0.000139974
0.000226237
0.000347779
0.000435728
0.000482906
0.000476346
0.000398523
0.000228886
7.68185e-05
4.86878e-05
4.84711e-05
0.000137092
0.000226248
0.000350888
0.000443674
0.000497521
0.000499676
0.000432758
0.00027352
9.63355e-05
4.98293e-05
4.85053e-05
0.000109514
0.000219084
0.000374006
0.000527372
0.000671321
0.000796242
0.000890372
0.000937903
0.000917334
0.000799026
0.000535018
0.000105603
0.00021896
0.000374015
0.000528794
0.000674898
0.00080279
0.000900891
0.000953633
0.000939786
0.000830032
0.000580214
0.000135482
0.000226116
0.000356192
0.00045761
0.000523619
0.000541849
0.000495375
0.000361783
0.000153535
5.67383e-05
4.83328e-05
0.000135422
0.000225726
0.000358539
0.000463887
0.000535423
0.000561055
0.0005242
0.000403225
0.000190439
6.39226e-05
4.82598e-05
0.000133402
0.000225334
0.000360492
0.000469633
0.000546473
0.000579184
0.00055155
0.000442418
0.000231708
7.47362e-05
4.8367e-05
0.000130698
0.000225041
0.000362208
0.000474933
0.000556844
0.000596306
0.000577427
0.000479317
0.000275773
8.98432e-05
4.88858e-05
0.000128577
0.000224764
0.000363732
0.000479817
0.00056655
0.000612454
0.000601913
0.000514229
0.000321238
0.000109853
5.01007e-05
0.000125682
0.000224511
0.000365047
0.000484296
0.000575616
0.000627673
0.000625104
0.000547445
0.000366804
0.000135112
5.2407e-05
0.000127089
0.000224075
0.000366362
0.000488524
0.000584149
0.000642048
0.000647103
0.000579145
0.00041134
0.000165459
5.61922e-05
0.000123965
0.000223657
0.000367357
0.000492365
0.000592123
0.000655635
0.000668065
0.000609604
0.000454457
0.000200911
6.21348e-05
0.000120572
0.000223424
0.000368193
0.00049591
0.000599651
0.000668551
0.000688057
0.000638737
0.000495511
0.000240371
7.06348e-05
0.000122539
0.00022293
0.000369106
0.000499286
0.000606777
0.000680835
0.000707155
0.000666646
0.000534615
0.000283163
8.23241e-05
0.000117811
0.000222621
0.00036975
0.000502414
0.000613551
0.000692562
0.000725399
0.00069328
0.00057171
0.000327921
9.75908e-05
0.000120584
0.000222102
0.000370499
0.000505388
0.000619969
0.000703722
0.000742808
0.000718718
0.000607107
0.000373732
0.000116775
0.000122088
0.000221417
0.000371233
0.000508248
0.000626088
0.000714358
0.000759424
0.000743028
0.000641007
0.00041955
0.00013999
0.000121593
0.000220848
0.000371834
0.00051096
0.000631951
0.000724538
0.000775309
0.000766269
0.00067352
0.000464471
0.00016709
0.000119738
0.000220486
0.000372219
0.000513379
0.000637437
0.000734205
0.000790483
0.000788557
0.000704869
0.000508112
0.000198261
0.000117934
0.00022025
0.000372558
0.000515609
0.000642602
0.000743403
0.000805002
0.000809964
0.000735085
0.00055003
0.00023299
0.000113619
0.00022026
0.00037279
0.000517685
0.000647534
0.00075223
0.000818943
0.000830499
0.000764039
0.000589783
0.000270466
0.00011601
0.000219931
0.000373214
0.000519677
0.000652176
0.000760606
0.000832264
0.000850198
0.000791839
0.000627611
0.000310336
0.000113723
0.000219734
0.000373338
0.000521314
0.000656316
0.000768344
0.000844861
0.000869124
0.000818791
0.000664263
0.000352973
0.000110459
0.000219822
0.000373389
0.000522802
0.000660191
0.000775666
0.000856881
0.000887313
0.000844815
0.000699651
0.000397461
0.000111959
0.000219548
0.000373746
0.000524443
0.000664055
0.000782783
0.000868468
0.000904811
0.00086985
0.000733742
0.000442924
0.000108426
0.000219428
0.000373795
0.000525896
0.000667727
0.000789612
0.000879604
0.000921652
0.000894013
0.000766869
0.000489188
6.68967e-05
0.000192935
0.000334513
0.000502834
0.00068573
0.000875447
0.00106386
0.00124127
0.00139445
0.00150374
0.00153679
6.4695e-05
0.000192068
0.000332658
0.000500998
0.000684297
0.000874817
0.0010645
0.00124378
0.00139961
0.0015127
0.00155202
6.21164e-05
0.00019112
0.000330672
0.00049891
0.000682488
0.000873723
0.00106466
0.00124589
0.00140463
0.00152198
0.00156786
5.84092e-05
0.000190236
0.000328841
0.000497257
0.000681222
0.000873121
0.00106516
0.00124815
0.00140957
0.00153087
0.00158215
5.51629e-05
0.000188937
0.000326154
0.000494618
0.000679278
0.000872417
0.00106625
0.00125171
0.00141647
0.00154224
0.00159963
0.000103109
0.00021893
0.00037377
0.000529833
0.000678052
0.000808888
0.000910908
0.000968784
0.000961592
0.000860502
0.00062485
0.000104412
0.00021853
0.000373841
0.000530963
0.00068112
0.000814771
0.00092059
0.000983452
0.000982734
0.000890144
0.000667888
0.000104746
0.000217954
0.000373943
0.000532186
0.000684228
0.000820584
0.000930052
0.000997701
0.0010032
0.000918806
0.000709032
0.000103886
0.000217481
0.000373741
0.000533112
0.000687016
0.000826021
0.000939066
0.00101143
0.00102307
0.000946839
0.000749272
0.000102587
0.000217135
0.000373552
0.000534014
0.000689747
0.000831334
0.000947841
0.00102475
0.00104233
0.000973893
0.000786481
0.000101425
0.000216776
0.000373324
0.000534863
0.000692416
0.000836547
0.000956418
0.0010377
0.00106092
0.000999853
0.000822651
0.000100261
0.000216445
0.000372859
0.000535314
0.000694569
0.000841174
0.000964373
0.00105001
0.00107887
0.00102516
0.000857503
0.000100309
0.000216004
0.000372628
0.000535895
0.000696726
0.000845676
0.000972068
0.00106189
0.00109616
0.00104939
0.00089004
0.000100232
0.000215448
0.000372326
0.000536403
0.000698747
0.000849945
0.000979406
0.00107326
0.00111275
0.00107262
0.000921149
9.86854e-05
0.00021503
0.000371845
0.00053674
0.000700564
0.000853932
0.000986349
0.0010841
0.00112862
0.00109488
0.000950863
9.67084e-05
0.000214738
0.000371297
0.000536992
0.000702287
0.000857777
0.000993043
0.00109451
0.00114378
0.001116
0.000978755
9.62367e-05
0.000214331
0.000370657
0.000536949
0.000703567
0.000861082
0.000999115
0.00110421
0.00115814
0.00113619
0.00100573
9.55965e-05
0.000213884
0.000370085
0.000536878
0.000704671
0.000864062
0.00100473
0.00111332
0.00117176
0.00115544
0.00103048
9.50372e-05
0.000213371
0.000369468
0.00053674
0.000705637
0.000866794
0.00100996
0.00112188
0.00118462
0.00117363
0.00105485
9.43794e-05
0.00021286
0.000368673
0.000536297
0.000706143
0.000868915
0.00101445
0.00112964
0.00119671
0.00119127
0.00107877
0.000167966
0.00021877
0.000267059
0.000256408
0.000178226
7.43939e-05
4.55272e-05
4.63941e-05
4.66918e-05
4.4713e-05
4.23295e-05
0.000170979
0.000214614
0.000253119
0.000231118
0.000142999
5.81851e-05
4.43226e-05
4.6069e-05
4.62661e-05
4.44381e-05
4.22568e-05
9.37514e-05
0.000212288
0.000368162
0.000536246
0.000707086
0.000871418
0.00101916
0.00113736
0.00120834
0.00120771
0.00109955
9.32525e-05
0.000211643
0.000367362
0.000535901
0.000707767
0.000873668
0.00102357
0.00114462
0.00121929
0.00122314
0.00111985
9.2777e-05
0.000211088
0.000366429
0.000535228
0.000707972
0.000875354
0.00102736
0.0011512
0.00122946
0.00123769
0.00113945
9.22503e-05
0.000210587
0.000365597
0.000534548
0.000708019
0.000876736
0.00103071
0.00115724
0.00123895
0.00125148
0.00115841
9.1722e-05
0.000210064
0.000364693
0.000533738
0.000707824
0.000877748
0.00103357
0.00116265
0.0012477
0.0012644
0.0011765
9.10729e-05
0.000209562
0.000363688
0.0005327
0.000707226
0.00087817
0.00103568
0.00116723
0.00125563
0.00127667
0.00119388
9.0391e-05
0.000209013
0.000362888
0.000531942
0.0007069
0.000878775
0.00103782
0.00117163
0.00126317
0.00128831
0.00121023
8.97768e-05
0.000208371
0.000361925
0.000531055
0.000706479
0.000879271
0.00103978
0.00117574
0.00127029
0.00129947
0.00122646
8.91498e-05
0.000207743
0.000360888
0.000530031
0.000705881
0.000879554
0.00104148
0.00117952
0.00127701
0.00131016
0.00124223
8.85501e-05
0.000207114
0.000359927
0.000529094
0.000705377
0.000879928
0.00104324
0.0011833
0.0012836
0.00132056
0.00125769
8.79888e-05
0.000206479
0.000358802
0.000527929
0.000704603
0.00088001
0.00104469
0.00118673
0.00128975
0.00133024
0.00127143
8.72755e-05
0.000205924
0.000357608
0.000526544
0.00070343
0.00087955
0.00104551
0.00118951
0.0012953
0.00133953
0.00128567
8.65581e-05
0.000205342
0.000356652
0.000525478
0.000702588
0.000879367
0.00104652
0.00119236
0.0013008
0.0013487
0.00129978
8.58801e-05
0.000204682
0.000355548
0.000524309
0.000701685
0.000879135
0.00104746
0.00119511
0.0013062
0.00135789
0.00131429
8.51942e-05
0.000204037
0.00035444
0.000523116
0.000700762
0.000878891
0.00104838
0.00119782
0.00131152
0.00136679
0.00132781
8.44412e-05
0.000203408
0.000353383
0.000521996
0.000699934
0.000878763
0.00104943
0.00120066
0.00131695
0.00137584
0.00134198
8.37777e-05
0.000202758
0.000352297
0.00052085
0.000699098
0.000878646
0.00105049
0.00120344
0.00132208
0.00138392
0.00135288
8.29895e-05
0.000202156
0.000351128
0.000519542
0.00069801
0.000878211
0.00105121
0.00120594
0.00132721
0.00139316
0.00137028
8.23873e-05
0.000201518
0.000350114
0.00051846
0.0006972
0.000878084
0.00105225
0.00120874
0.00133252
0.00140168
0.00138085
8.13614e-05
0.000200908
0.000348853
0.00051708
0.000696034
0.000877549
0.00105285
0.00121107
0.00133729
0.00140963
0.00139277
8.04726e-05
0.0002003
0.000347798
0.00051596
0.000695161
0.000877304
0.00105369
0.00121356
0.00134211
0.00141766
0.00140565
7.96306e-05
0.00019961
0.000346698
0.000514864
0.000694393
0.000877225
0.00105473
0.00121627
0.00134724
0.00142631
0.00141968
7.87969e-05
0.000198902
0.000345533
0.000513679
0.000693543
0.000877084
0.00105571
0.00121885
0.00135199
0.0014337
0.00142906
7.78728e-05
0.000198215
0.000344379
0.000512486
0.000692655
0.000876893
0.00105666
0.00122154
0.00135727
0.00144324
0.00144798
7.70266e-05
0.000197467
0.000343199
0.000511315
0.000691846
0.000876833
0.00105778
0.00122436
0.00136238
0.00145096
0.00145537
7.57814e-05
0.000196769
0.000341711
0.000509705
0.000690464
0.000876105
0.00105822
0.00122661
0.00136733
0.00146011
0.0014729
7.41084e-05
0.000196128
0.000340474
0.000508473
0.000689541
0.000875874
0.00105917
0.00122938
0.00137276
0.00146904
0.00148459
7.26059e-05
0.000195352
0.00033917
0.000507305
0.000688853
0.000876029
0.00106061
0.00123266
0.00137859
0.00147813
0.00149757
7.0879e-05
0.000194548
0.000337658
0.000505894
0.000687956
0.000876034
0.00106191
0.00123569
0.00138373
0.00148543
0.00150594
6.96504e-05
0.000193698
0.000336128
0.000504337
0.000686775
0.000875653
0.00106278
0.00123836
0.00138897
0.00149486
0.00152549
0.000164941
0.000235032
0.00032005
0.00035482
0.000330809
0.000234895
9.85568e-05
5.07576e-05
4.85814e-05
4.62396e-05
4.27911e-05
0.000161493
0.000232155
0.000310925
0.000337904
0.000304371
0.000197775
7.78512e-05
4.86484e-05
4.82618e-05
4.59195e-05
4.26806e-05
0.000162255
0.000229188
0.000301109
0.000319797
0.000276203
0.00016113
6.31667e-05
4.75795e-05
4.79078e-05
4.56052e-05
4.25834e-05
0.000158461
0.000225393
0.000290448
0.000300324
0.000245844
0.000126964
5.36948e-05
4.70345e-05
4.75234e-05
4.52961e-05
4.24907e-05
0.000161732
0.000222066
0.000279319
0.000279358
0.000213037
9.74837e-05
4.82578e-05
4.66974e-05
4.71141e-05
4.49978e-05
4.24067e-05
0.000172663
0.000209444
0.000237221
0.000203165
0.000109947
4.81731e-05
4.3849e-05
4.57149e-05
4.58404e-05
4.41692e-05
4.2188e-05
4.78344e-05
0.000187737
0.000322038
0.000488327
0.00067035
0.000861007
0.00105322
0.00123853
0.00140525
0.00153597
0.00160305
6.20865e-05
0.000188633
0.000334302
0.000513971
0.000711452
0.000916914
0.00112151
0.00131599
0.00148828
0.00162068
0.00168479
5.12704e-05
0.000142793
0.000258716
0.000345063
0.000446911
0.000572663
0.000713559
0.000861975
0.0010117
0.00115566
0.00127948
2.60131e-05
0.000123916
0.000232571
0.000309042
0.000393288
0.000512102
0.000660834
0.000827656
0.00100309
0.0011785
0.00133416
4.55914e-05
0.000168719
0.000319688
0.000520382
0.000750811
0.000994742
0.00123956
0.00147559
0.00169191
0.00187238
0.00198842
7.58391e-05
0.000168701
0.000323607
0.000508428
0.000714093
0.000931197
0.00115247
0.00137016
0.0015736
0.00174684
0.00186446
9.75173e-05
0.00016929
0.000329044
0.000514753
0.00072297
0.000943291
0.00116702
0.00138506
0.00158529
0.00174967
0.00184901
0.000109112
0.000172579
0.000336682
0.000523142
0.000730882
0.000949591
0.00117052
0.00138429
0.00157823
0.00173335
0.00181854
0.000117069
0.000175554
0.000341317
0.000527657
0.00073482
0.000952495
0.0011717
0.0013827
0.00157228
0.00172041
0.00179364
0.000121539
0.000178774
0.000346302
0.000533033
0.000739853
0.0009564
0.00117358
0.00138148
0.00156668
0.00170877
0.00177152
0.000125254
0.000181888
0.000350558
0.000537319
0.000743414
0.000958513
0.00117344
0.00137811
0.00155904
0.00169646
0.00175866
0.000128017
0.000185324
0.000354941
0.000541649
0.000747
0.000960665
0.00117335
0.00137465
0.00155058
0.00168058
0.00173177
0.000131618
0.000189651
0.000359255
0.000545479
0.000749944
0.000962259
0.00117295
0.00137129
0.00154277
0.00166611
0.00170756
0.000139214
0.000195781
0.000363678
0.000549067
0.000752823
0.000964082
0.00117305
0.00136868
0.00153599
0.00165273
0.00168274
0.000144977
0.000199944
0.000367297
0.000552591
0.000756027
0.000966382
0.00117368
0.00136667
0.00153012
0.00164128
0.00166214
0.000144508
0.000201042
0.000370038
0.000556004
0.000759171
0.000968466
0.00117395
0.00136425
0.00152396
0.00163028
0.00164509
0.000137898
0.000199127
0.00037113
0.00055816
0.000760953
0.000969109
0.0011728
0.00136051
0.00151651
0.00161799
0.00162977
0.000134809
0.000199087
0.000372762
0.00056051
0.000763109
0.000970396
0.00117251
0.00135772
0.00150988
0.001605
0.00160372
0.000134484
0.000200777
0.000375328
0.000563431
0.000765754
0.000972112
0.00117259
0.00135538
0.0015042
0.00159491
0.00158731
0.000133787
0.000202738
0.000377627
0.000565848
0.000767656
0.000972891
0.0011716
0.00135186
0.00149726
0.00158367
0.00157212
0.000133257
0.00020462
0.000379882
0.000568247
0.000769591
0.000973759
0.00117074
0.00134845
0.00149022
0.00157152
0.0015524
0.000132878
0.000206467
0.000382192
0.000570668
0.000771525
0.000974632
0.00116992
0.00134513
0.00148337
0.00155977
0.00153381
0.000132906
0.000208263
0.000384255
0.000572792
0.000773175
0.000975264
0.0011689
0.00134165
0.00147639
0.00154791
0.00151484
0.000132143
0.00021002
0.000386316
0.000575053
0.000775098
0.000976252
0.00116825
0.00133849
0.00146966
0.00153634
0.00149674
0.000130887
0.000211776
0.000388444
0.000577367
0.000777034
0.000977208
0.00116753
0.00133523
0.00146276
0.00152456
0.00147873
0.0001303
0.000213446
0.000390293
0.000579332
0.000778578
0.000977766
0.00116643
0.00133163
0.00145552
0.00151238
0.00146137
0.000129136
0.000215111
0.000392309
0.000581546
0.000780444
0.000978686
0.00116571
0.00132838
0.00144853
0.00149981
0.00143979
0.000127791
0.000216842
0.000394162
0.00058346
0.000781881
0.000979099
0.00116447
0.00132468
0.00144139
0.00148816
0.00142304
0.000126048
0.000218518
0.000395751
0.000585134
0.000783141
0.000979374
0.00116306
0.0013207
0.00143374
0.00147551
0.00140398
0.00012477
0.000220019
0.000397374
0.000586973
0.000784637
0.000979862
0.00116177
0.00131671
0.00142594
0.0014626
0.00138461
0.000122891
0.000221562
0.000399315
0.000589061
0.000786223
0.000980265
0.00116024
0.00131236
0.00141767
0.00144918
0.00136493
0.00012195
0.00022311
0.000400807
0.000590397
0.000786826
0.000979571
0.0011576
0.00130693
0.00140842
0.00143499
0.00134502
0.00012091
0.000224484
0.000402115
0.0005917
0.000787564
0.000979098
0.00115513
0.00130151
0.00139886
0.00141988
0.00132342
0.000120574
0.0002258
0.00040385
0.000593482
0.000788755
0.000978952
0.0011528
0.00129601
0.001389
0.00140434
0.00130137
0.000118316
0.000227232
0.000405194
0.000594686
0.000789112
0.00097776
0.0011493
0.0012893
0.00137802
0.0013879
0.00127849
0.000118066
0.000228545
0.000406562
0.000595779
0.000789265
0.000976288
0.00114543
0.00128209
0.00136631
0.00137041
0.0012543
0.000116072
0.000229983
0.00040775
0.000596679
0.000789184
0.000974507
0.00114114
0.0012743
0.00135388
0.00135203
0.00122902
0.000114913
0.000231278
0.000408837
0.000597429
0.000788896
0.000972427
0.00113641
0.00126591
0.00134061
0.00133258
0.00120251
0.000113736
0.000232413
0.000409907
0.000598189
0.000788564
0.000970177
0.00113133
0.00125695
0.00132653
0.00131203
0.00117496
0.0001137
0.000233428
0.000411208
0.000599028
0.000788119
0.000967622
0.00112576
0.00124731
0.00131156
0.00129034
0.00114582
0.000114043
0.000234461
0.000412192
0.000599332
0.000786958
0.000964215
0.00111924
0.00123665
0.00129555
0.00126763
0.00111514
0.000113783
0.000235428
0.000413025
0.000599525
0.000785686
0.000960627
0.00111239
0.00122543
0.00127864
0.00124357
0.00108394
0.000114331
0.00023629
0.000414059
0.000599859
0.000784437
0.000956902
0.00110521
0.00121363
0.00126087
0.00121819
0.0010491
0.000114592
0.000237192
0.000414903
0.000599831
0.000782652
0.000952494
0.00109722
0.00120095
0.00124214
0.00119183
0.00101377
0.000115062
0.000238065
0.000415645
0.000599617
0.000780605
0.000947737
0.00108877
0.00118761
0.0012225
0.00116419
0.00097643
0.000115583
0.000238878
0.000416277
0.000599269
0.000778373
0.000942698
0.00107988
0.00117365
0.00120199
0.00113535
0.000937728
0.000116128
0.000239637
0.000416986
0.000598966
0.000776101
0.000937485
0.00107064
0.00115911
0.00118062
0.00110522
0.000896683
0.000116821
0.000240386
0.000417616
0.000598442
0.000773456
0.00093176
0.00106077
0.00114384
0.00115843
0.00107416
0.000853474
0.000117675
0.00024112
0.00041811
0.000597681
0.000770475
0.000925598
0.00105034
0.00112787
0.0011354
0.0010421
0.000808993
0.000118456
0.000241831
0.000418548
0.000596818
0.000767319
0.000919149
0.00103948
0.00111129
0.00111153
0.00100892
0.000762256
0.00011929
0.000242517
0.000418957
0.000595844
0.000763943
0.00091235
0.00102812
0.00109403
0.00108683
0.000974809
0.000713921
0.000120156
0.000243184
0.000419283
0.000594682
0.000760261
0.000905119
0.00101619
0.00107607
0.00106129
0.000939824
0.000664268
0.000121291
0.000243807
0.000419527
0.000593338
0.000756295
0.000897488
0.0010037
0.00105737
0.00103486
0.000903922
0.000613482
0.000122997
0.000244432
0.000419712
0.000591859
0.000752106
0.0008895
0.000990687
0.00103794
0.0010075
0.00086705
0.000561933
0.000122927
0.000245137
0.000419766
0.00059022
0.00074766
0.000881103
0.000977077
0.00101771
0.000979176
0.000829197
0.000510096
0.00012358
0.000245741
0.000419782
0.000588416
0.000742887
0.000872205
0.000962794
0.000996666
0.000949905
0.000790402
0.000458653
0.000125001
0.000246241
0.000419731
0.000586414
0.000737763
0.000862794
0.000947834
0.000974779
0.000919628
0.000750446
0.000408282
0.000127232
0.000246644
0.000419627
0.000584233
0.000732308
0.000852891
0.000932218
0.000952067
0.00088831
0.000709073
0.000359311
0.000130683
0.00024699
0.000419505
0.000581882
0.000726522
0.000842494
0.000915955
0.00092855
0.000855971
0.000666137
0.000312426
0.000133666
0.000247377
0.000419248
0.000579244
0.000720293
0.000831525
0.000899017
0.000904263
0.000822706
0.000621649
0.000268448
0.000137542
0.000247832
0.00041888
0.000576299
0.000713612
0.000819997
0.000881431
0.000879221
0.000788513
0.00057549
0.000227835
0.000139738
0.000248455
0.000418242
0.000572956
0.000706457
0.000807934
0.000863228
0.000853433
0.00075341
0.000527763
0.000191105
0.000141698
0.000249052
0.000417294
0.000569263
0.000698925
0.000795433
0.000844458
0.000826881
0.000717351
0.000478698
0.000158595
0.000143428
0.000249617
0.00041638
0.000565594
0.000691357
0.000782731
0.000825204
0.000799467
0.000680065
0.000428434
0.000130222
0.000143727
0.000250193
0.000415295
0.000561692
0.000683471
0.000769593
0.000805374
0.000771332
0.00064201
0.000378692
0.000106966
0.000143212
0.000250601
0.000413915
0.000557453
0.000675169
0.000755942
0.000784925
0.000742462
0.000603124
0.000330444
8.85489e-05
0.000145394
0.000250811
0.000412598
0.000553163
0.000666668
0.000741909
0.000763868
0.000712689
0.000562887
0.000284068
7.41422e-05
0.000147588
0.000250966
0.000411093
0.000548563
0.000657742
0.000727346
0.000742181
0.000682175
0.000521551
0.000241097
6.35814e-05
0.000150121
0.000251072
0.000409384
0.000543645
0.000648389
0.000712243
0.000719837
0.000650877
0.000478941
0.000202108
5.60502e-05
0.000152215
0.000251141
0.00040748
0.000538431
0.000638619
0.000696585
0.000696799
0.000618773
0.000435104
0.000167656
5.09132e-05
0.000153806
0.000251144
0.000405378
0.000532897
0.00062839
0.000680319
0.00067302
0.000585872
0.000390419
0.000138187
4.76055e-05
0.00015585
0.0002511
0.00040309
0.000527022
0.000617662
0.000663398
0.000648431
0.000552098
0.000345455
0.0001138
4.5616e-05
0.000157626
0.000251032
0.000400559
0.000520763
0.000606409
0.000645789
0.000622965
0.000517316
0.000301034
9.43488e-05
4.45314e-05
0.000158673
0.000250925
0.000397795
0.000514148
0.000594656
0.000627492
0.000596558
0.000481289
0.000258067
7.93617e-05
4.402e-05
0.000158688
0.000250753
0.000394819
0.000507194
0.000582413
0.000608506
0.000569189
0.000443841
0.00021767
6.83062e-05
4.38536e-05
0.000158798
0.000250541
0.000391599
0.000499857
0.00056964
0.000588809
0.000540878
0.000404931
0.000180979
6.05545e-05
4.3853e-05
0.000157617
0.000250197
0.000388061
0.000492109
0.000556306
0.000568357
0.000511619
0.000364622
0.000148806
5.53675e-05
4.39095e-05
0.000155111
0.000249587
0.000384311
0.000483999
0.00054238
0.000547074
0.000481355
0.000323212
0.00012163
5.20611e-05
4.39622e-05
0.0001586
0.000248991
0.000380447
0.000475467
0.000527764
0.000524855
0.000450009
0.000281428
9.96826e-05
5.0078e-05
4.39775e-05
0.000160472
0.000248324
0.000376177
0.000466368
0.000512379
0.000501604
0.000417411
0.000240305
8.27845e-05
4.8957e-05
4.39451e-05
0.000158601
0.000247347
0.000371539
0.000456751
0.000496214
0.000477259
0.000383368
0.00020117
7.04741e-05
4.83524e-05
4.38668e-05
0.00016205
0.00024643
0.00036676
0.000446642
0.000479222
0.00045175
0.000347619
0.000165228
6.19205e-05
4.80196e-05
4.37536e-05
0.000164101
0.000245417
0.000361555
0.000435857
0.000461327
0.000425093
0.000310204
0.000133743
5.63559e-05
4.78026e-05
4.36191e-05
0.000165423
0.000244288
0.000355883
0.000424367
0.0004425
0.000397287
0.000271459
0.00010753
5.29408e-05
4.76094e-05
4.34723e-05
0.000164147
0.000242849
0.000349657
0.000412127
0.000422658
0.000368224
0.000232175
8.69198e-05
5.09701e-05
4.73957e-05
4.3323e-05
0.00016166
0.000241046
0.000342928
0.000399136
0.000401691
0.000337694
0.000193676
7.17556e-05
4.98847e-05
4.71449e-05
4.31777e-05
0.000159396
0.000239012
0.000335862
0.000385374
0.000379446
0.000305337
0.000157478
6.12931e-05
4.92807e-05
4.68627e-05
4.30376e-05
0.00016415
0.000237274
0.000328382
0.000370657
0.000355834
0.000271042
0.000125383
5.46749e-05
4.88938e-05
4.65569e-05
4.29105e-05
0.000169098
0.000202405
0.000219044
0.000172592
8.20869e-05
4.29334e-05
4.36277e-05
4.53323e-05
4.54172e-05
4.39101e-05
4.21234e-05
0.000164243
0.000193993
0.000198833
0.000140354
6.14186e-05
4.06564e-05
4.34416e-05
4.49387e-05
4.4995e-05
4.36591e-05
4.20649e-05
0.000159076
0.000184219
0.000176538
0.000108547
4.82992e-05
3.99599e-05
4.32652e-05
4.45321e-05
4.45721e-05
4.34125e-05
4.20069e-05
0.000155915
0.000173424
0.000151961
8.02552e-05
4.14535e-05
4.00512e-05
4.3079e-05
4.4112e-05
4.41456e-05
4.3167e-05
4.19517e-05
0.000157404
0.000161606
0.000124843
5.84909e-05
3.88251e-05
4.03234e-05
4.28608e-05
4.36771e-05
4.37117e-05
4.29151e-05
4.18836e-05
0.000155252
0.000147714
9.61737e-05
4.48726e-05
3.86862e-05
4.06304e-05
4.25979e-05
4.32227e-05
4.32699e-05
4.26595e-05
4.18189e-05
0.000162285
0.000133979
6.92655e-05
3.85302e-05
3.92293e-05
4.0878e-05
4.22916e-05
4.27479e-05
4.28079e-05
4.23806e-05
4.17269e-05
0.000202792
0.000110381
4.68851e-05
3.81553e-05
3.99944e-05
4.10426e-05
4.19348e-05
4.22426e-05
4.23105e-05
4.20607e-05
4.15828e-05
0.000124649
4.37234e-05
3.43535e-05
3.95483e-05
4.08044e-05
4.12107e-05
4.15667e-05
4.17091e-05
4.1747e-05
4.16755e-05
4.14585e-05
6.92033e-05
3.41651e-05
3.80364e-05
4.08475e-05
4.16435e-05
4.14691e-05
4.13696e-05
4.12596e-05
4.11713e-05
4.11077e-05
4.10739e-05
4.00191e-05
4.0086e-05
4.00741e-05
4.07444e-05
4.00589e-05
4.04493e-05
4.00626e-05
4.00583e-05
4.00003e-05
4.04868e-05
4.00041e-05
4.00566e-05
4.00048e-05
4.01338e-05
4.00297e-05
4.003e-05
0.000231512
4.10516e-05
4.01306e-05
1.9358e-06
4.00433e-05
4.00123e-05
4.00082e-05
4.00767e-05
4.00916e-05
4.00061e-05
4.05463e-05
4.00415e-05
4.00264e-05
4.01403e-05
4.0006e-05
1.01691e-05
4.00038e-05
5.51237e-05
4.00408e-05
4.01274e-05
4.00042e-05
4.0009e-05
2.74784e-05
4.00727e-05
4.01145e-05
4.00679e-05
4.00051e-05
4.0127e-05
4.09461e-05
4.00259e-05
4.00876e-05
3.99257e-05
4.00187e-05
4.00076e-05
4.00995e-05
4.00883e-05
3.13621e-05
4.00875e-05
4.01273e-05
4.001e-05
4.00952e-05
4.00394e-05
4.00126e-05
4.0034e-05
4.01853e-05
4.00845e-05
4.15414e-05
4.0137e-05
4.01194e-05
4.0136e-05
0.000685222
4.01381e-05
4.27969e-05
4.00302e-05
4.00329e-05
4.01074e-05
0.000503092
1.46879e-07
4.04399e-05
4.00034e-05
4.00377e-05
3.97809e-05
4.00223e-05
4.01447e-05
4.00651e-05
4.00532e-05
4.00055e-05
4.00574e-05
3.42675e-06
4.00576e-05
4.01074e-05
4.00279e-05
4.00089e-05
4.0003e-05
4.00232e-05
4.00229e-05
4.00677e-05
4.00477e-05
4.00072e-05
4.0002e-05
4.01259e-05
4.00368e-05
4.00002e-05
4.00877e-05
3.83763e-05
4.00103e-05
0.00145539
2.42176e-05
4.35746e-05
4.01024e-05
4.00691e-05
4.01293e-05
4.00423e-05
4.00526e-05
4.00336e-05
3.97439e-05
4.00989e-05
4.00628e-05
4.0072e-05
4.01191e-05
4.00328e-05
0.000210882
4.00594e-05
0.00113982
4.00042e-05
4.0032e-05
4.00978e-05
4.00969e-05
4.00295e-05
4.04025e-05
4.00364e-05
4.00364e-05
4.00171e-05
4.00109e-05
4.01146e-05
4.00882e-05
0.000252943
0.000352585
4.04391e-05
4.00856e-05
4.00937e-05
4.00579e-05
2.54798e-05
4.00248e-05
4.00422e-05
4.00264e-05
0.000411889
4.00066e-05
4.003e-05
4.00321e-05
4.01017e-05
4.00569e-05
4.01286e-05
4.00638e-05
4.00414e-05
4.00216e-05
4.00222e-05
4.00322e-05
4.00272e-05
4.00105e-05
4.01509e-05
4.0022e-05
4.00059e-05
4.00613e-05
4.00288e-05
4.00306e-05
4.00398e-05
4.01658e-05
0.00198262
4.01184e-05
4.00124e-05
1.50498e-05
4.0074e-05
4.00038e-05
4.02769e-05
4.00596e-05
4.00505e-05
4.00528e-05
4e-05
4.01412e-05
4.00203e-05
4.00563e-05
4.01031e-05
4.02533e-05
4.00153e-05
4.00067e-05
4.01993e-05
4.00366e-05
4.00343e-05
4.01235e-05
4.00119e-05
4.00906e-05
0.00128864
4.0058e-05
4.00062e-05
4.00061e-05
0.000238708
4.00373e-05
4.01628e-05
4.00216e-05
4.00595e-05
4.86812e-05
4.00625e-05
4.00372e-05
4.00358e-05
4.01893e-05
4.00224e-05
4.00982e-05
4.00438e-05
4.00339e-05
4.00916e-05
4.00075e-05
4.01526e-05
4.00042e-05
4.00685e-05
4.00181e-05
4.004e-05
4.00607e-05
4.00928e-05
0.00193737
4.00041e-05
4.01364e-05
4.00248e-05
4.00207e-05
4.00436e-05
0.000656302
4.00265e-05
4.01556e-05
4.00196e-05
4.00403e-05
4.00017e-05
4.00576e-05
3.96694e-05
4.00062e-05
4.00849e-05
4.00064e-05
4.0054e-05
4.0043e-05
4.00282e-05
3.98355e-05
4.00101e-05
4.00957e-05
4.01274e-05
4.00867e-05
4.00499e-05
4.0073e-05
4.00122e-05
4.00704e-05
3.96789e-05
4.00438e-05
4.06668e-05
4.01289e-05
4.01358e-05
4.00654e-05
4.00055e-05
4.01057e-05
2.07558e-05
2.82183e-05
4.01182e-05
4.00425e-05
4.00039e-05
4.05099e-05
4.00778e-05
3.96094e-05
4.00118e-05
4.0005e-05
4.01437e-05
4.00003e-05
4.00075e-05
4.00343e-05
0.00194089
4.0013e-05
4.01112e-05
0.000305824
4.00426e-05
4.00367e-05
4.00953e-05
4.00089e-05
4.00796e-05
4.04493e-05
4.00068e-05
4.00917e-05
4.00229e-05
4.01502e-05
4.00435e-05
4.06233e-05
4.01463e-05
4.00764e-05
4.00379e-05
4.0085e-05
4.01022e-05
4.00655e-05
4.00667e-05
4.01586e-05
4.00903e-05
0.00152012
4.01777e-05
4.00041e-05
4.00089e-05
4.00915e-05
4.01349e-05
4.001e-05
4.05627e-05
4.00673e-05
4.00472e-05
4.01296e-05
4.00681e-05
4.01592e-05
4.00972e-05
1.04417e-05
4.0007e-05
4.01326e-05
4.00816e-05
4.01225e-05
4.00061e-05
0.0017515
4.00585e-05
4.00179e-05
4.00495e-05
4.00766e-05
4.01231e-05
4.00852e-05
4.00028e-05
4.01316e-05
4.00109e-05
4.00042e-05
4.01176e-05
4.01222e-05
4.00195e-05
4.0054e-05
4.002e-05
4.00624e-05
4.01272e-05
0.000135969
4.0034e-05
4.00852e-05
4.00032e-05
4.00583e-05
4.012e-05
4.0084e-05
4.01614e-05
9.70727e-05
4.01314e-05
4.19734e-05
4.0156e-05
4.00104e-05
4.00589e-05
4.3257e-07
4.0069e-05
4.00033e-05
4.03633e-05
4.00393e-05
4.00818e-05
4.00828e-05
4.00995e-05
4.01263e-05
4.07858e-05
4.013e-05
4.02975e-05
9.47065e-06
4.0046e-05
4.00377e-05
4.0056e-05
0.00171048
4.00127e-05
4.0156e-05
4.00237e-05
3.99039e-05
4.00668e-05
4.01504e-05
4.00112e-05
4.00055e-05
4.09163e-05
4.00074e-05
4.01487e-05
4.01545e-05
4.00407e-05
4.00061e-05
4.00196e-05
4.00401e-05
4.01378e-05
4.0093e-05
0.00108593
4.00377e-05
4.00619e-05
4.01227e-05
4.00079e-05
4.00944e-05
4.00854e-05
4.0001e-05
4.0181e-05
4.00044e-05
4.00212e-05
4.0097e-05
4.00032e-05
4.00494e-05
4.02389e-05
4.00257e-05
4.01411e-05
4.00293e-05
4.07068e-05
4.00091e-05
4.00904e-05
3.98727e-05
4.004e-05
4.00074e-05
4.00066e-05
4.01532e-05
4.00836e-05
4.00653e-05
4.00242e-05
4.00054e-05
4.00136e-05
4.00066e-05
4.00827e-05
4.0006e-05
4.13659e-05
4.00616e-05
0.000278995
4.0058e-05
4.01276e-05
4.00169e-05
4.00006e-05
6.47611e-05
4.00299e-05
4.00257e-05
4.00358e-05
4.0028e-05
4.0075e-05
4.21198e-05
4.00274e-05
4.01133e-05
4.04043e-05
4.01866e-05
4.00872e-05
4.00962e-05
4.00658e-05
4.00039e-05
4.0027e-05
3.65614e-05
4.01987e-05
4.00298e-05
4.00448e-05
4.0088e-05
4.00044e-05
4.01164e-05
4.00105e-05
4.00656e-05
4.00948e-05
4.00698e-05
4.00056e-05
4.00033e-05
4.03763e-05
4.01128e-05
4.01646e-05
4.08143e-05
2.84901e-05
4.00023e-05
4.00163e-05
4.00703e-05
4.0041e-05
4.00166e-05
4.00035e-05
0.000339104
4.00019e-05
4.00124e-05
4.00232e-05
4.0386e-05
0.00174284
4.00402e-05
4.00188e-05
4.00172e-05
4.00579e-05
4.00288e-05
4.01366e-05
4.00612e-05
4.00362e-05
4.00027e-05
4.00649e-05
4.00014e-05
4.01756e-05
4.00623e-05
3.98161e-05
4.00324e-05
4e-05
4.00057e-05
4.01348e-05
4.00304e-05
4.01212e-05
4.00722e-05
4.00024e-05
4.00007e-05
4.00147e-05
4.00088e-05
4.01054e-05
4.00146e-05
4.00044e-05
4.47334e-05
4.0064e-05
4.0002e-05
4.00704e-05
4.0011e-05
4.01197e-05
4.00245e-05
4.00326e-05
4.00042e-05
4.22758e-05
4.00849e-05
4.00609e-05
4.00366e-05
4.00105e-05
4.00573e-05
4.00097e-05
3.395e-05
4.00337e-05
4.012e-05
4.00564e-05
4.00706e-05
1.66222e-05
0.000368967
4.0046e-05
4.00358e-05
4.00018e-05
4.00855e-05
4.00883e-05
4.00721e-05
4.00138e-05
4.39565e-05
4.01246e-05
4.03083e-05
0.00163797
0.000564186
4.00231e-05
4.00318e-05
4.0108e-05
4.00134e-05
4.00637e-05
3.01776e-05
4.00435e-05
4.01497e-05
4.0045e-05
4.0043e-05
4.0664e-05
4.39104e-05
4.00074e-05
4.00668e-05
4.0024e-05
4.00789e-05
4.0073e-05
4.00155e-05
4.00108e-05
4.00145e-05
4.00359e-05
4.00153e-05
4.00739e-05
4.00412e-05
4.00735e-05
4.01164e-05
4.04432e-05
4.00629e-05
0.00127758
0.00018105
0.00150055
4.00072e-05
0.000419082
4.00328e-05
4.01562e-05
4.39755e-07
4.01099e-05
4.00577e-05
4.00256e-05
4.003e-05
4.00035e-05
4.00179e-05
4.00292e-05
4.03056e-05
4.00397e-05
4.00458e-05
4.0066e-05
4.00447e-05
4.01056e-05
0.000642309
4.00301e-05
4.00046e-05
4.055e-05
4.00103e-05
4.00354e-05
3.94738e-05
4.02004e-05
0.0010464
4.01775e-05
4.00103e-05
4.00061e-05
4.00531e-05
4.01678e-05
4.00217e-05
4.0132e-05
4.00158e-05
4.07872e-05
0.00215052
4.0004e-05
4.00545e-05
4.00783e-05
4.00157e-05
4.00246e-05
4.00048e-05
4.00772e-05
2.09061e-05
4.01315e-05
3.71644e-05
4.01179e-05
4.04135e-05
4.00055e-05
0.00180977
4.00036e-05
4.00715e-05
4.01349e-05
4.01605e-05
4.00359e-05
4.00894e-05
4.15545e-05
4.0081e-05
4.04011e-05
4.00472e-05
4.00125e-05
4.00783e-05
4.00545e-05
4.00869e-05
5.88232e-05
4.00428e-05
4.01999e-05
4.00599e-05
4.22058e-05
4.08154e-05
4.00231e-05
4.00073e-05
4.00245e-05
4.01922e-05
4.00126e-05
4.00082e-05
4.01285e-05
4.00036e-05
4.00043e-05
4.00232e-05
4.00003e-05
4.12819e-05
4.01655e-05
0.000155483
4.00413e-05
4.00971e-05
4.00849e-05
4.00541e-05
4.00002e-05
4.00827e-05
4.024e-05
4.01131e-05
4.00414e-05
4.00205e-05
4.00025e-05
4.00662e-05
0.00011725
4.01295e-05
4.00726e-05
4.00443e-05
4.00307e-05
4.00264e-05
4.00911e-05
4.02914e-05
4.00062e-05
4.01498e-05
4.01483e-05
4.00007e-05
4.0093e-05
0.00221042
4.00071e-05
4.00387e-05
3.92357e-05
4.00165e-05
4.00815e-05
4.00477e-05
4.00617e-05
4.00957e-05
4.00605e-05
4.00838e-05
4.00038e-05
4.0156e-05
3.99876e-05
4.01219e-05
4.00778e-05
4.00058e-05
4.00041e-05
4.00323e-05
4.00037e-05
4.006e-05
4.01018e-05
4.00195e-05
4.00773e-05
4.01369e-05
4.00185e-05
4.00768e-05
4.00928e-05
4.01084e-05
4.0003e-05
4.01292e-05
4.0009e-05
4.01005e-05
4.0105e-05
4.00071e-05
4.01076e-05
0.0001337
4.00405e-05
4.00788e-05
4.00286e-05
4.01857e-05
4.00095e-05
4.00972e-05
3.23803e-05
4.01011e-05
4.00711e-05
4.00991e-05
4.03524e-05
0.000203615
4.00636e-05
0.000730743
4.00987e-05
4.02672e-05
4.00185e-05
4.00943e-05
4.01547e-05
4.00169e-05
4.01005e-05
4.00497e-05
4.00046e-05
4.00921e-05
4.00042e-05
4.00038e-05
4.00045e-05
4.016e-05
4.00931e-05
4.00116e-05
4.32409e-05
4.00788e-05
4.01134e-05
0.000260919
2.94525e-05
0.000121867
4.0019e-05
4.0042e-05
4.00948e-05
4.00151e-05
4.00209e-05
4.00906e-05
3.56032e-05
4.00912e-05
4.00422e-05
4.00631e-05
4.00157e-05
4.00019e-05
4.01243e-05
4.00516e-05
4.00017e-05
4.00095e-05
0.000226151
4.01226e-05
0.00182856
4.00052e-05
0.000519132
4.00374e-05
4.00051e-05
4.00297e-05
4.00408e-05
0.00115207
4.00079e-05
4.00949e-05
0.0016572
4.00386e-05
4.01149e-05
4.0039e-05
4.00115e-05
4.01205e-05
4.00019e-05
4.00923e-05
4.00428e-05
4.00344e-05
4.00033e-05
4.00071e-05
6.63723e-05
4.31175e-05
4.0055e-05
4.00117e-05
4.00235e-05
4.00315e-05
4.00309e-05
4.00029e-05
4.0104e-05
4.00416e-05
4.00055e-05
4.00126e-05
4.0066e-05
4.01186e-05
4.0082e-05
4.00979e-05
4.00031e-05
4.00394e-05
4.01547e-05
4.00746e-05
4.05041e-05
4.29008e-05
2.64455e-05
4.0093e-05
4.00258e-05
9.61631e-05
1.14587e-05
4.00027e-05
4.00856e-05
4.06231e-05
4.00098e-05
4.00028e-05
4.01036e-05
4.00177e-05
4.00059e-05
4.00696e-05
4.0015e-05
4.00398e-05
0.0018044
4.27592e-05
4.00224e-05
4.00565e-05
4.00049e-05
4.00224e-05
4.00955e-05
4.00701e-05
4.01013e-05
4.00322e-05
0.000872878
2.80345e-05
4.08159e-05
4.00375e-05
4.01166e-05
3.98303e-05
4.00716e-05
4.00194e-05
4.00904e-05
4.00328e-05
4.00237e-05
4.00177e-05
4.00049e-05
4.00035e-05
4.00017e-05
4.00468e-05
4.00662e-05
3.39903e-05
4.21908e-05
4.00336e-05
4.00226e-05
4.00212e-05
4.01078e-05
4.00067e-05
4.00333e-05
4.00958e-05
6.25233e-05
4.00298e-05
4.00356e-05
4.00317e-05
4.10072e-05
3.99506e-05
4.0083e-05
4.00022e-05
4.00622e-05
4.00446e-05
4.00433e-05
2.37118e-05
4.00837e-05
2.51113e-05
4.00785e-05
4.012e-05
4.06254e-05
4.00616e-05
4.00108e-05
4.00843e-05
4.00201e-05
4.00665e-05
3.67671e-05
4.00024e-05
4.00563e-05
4.0024e-05
0.0020727
4.01294e-05
4.00041e-05
4.0043e-05
4.0079e-05
4.00054e-05
4.0069e-05
4.03006e-05
4.00162e-05
4.00213e-05
4.00067e-05
4.00952e-05
4.01407e-05
4.00229e-05
4.0013e-05
4.00093e-05
4.46173e-05
4.01876e-05
4.00411e-05
4.00402e-05
3.98209e-05
4.00102e-05
4.04674e-05
4.00045e-05
4.41292e-05
4.00648e-05
4.00913e-05
0.000206515
4.00052e-05
4.00739e-05
4.00205e-05
4.04731e-05
4.01136e-05
9.68017e-05
4.00904e-05
4.00181e-05
4.00465e-05
4.0073e-05
0.000820368
4.00358e-05
4.00402e-05
4.00402e-05
4.00404e-05
4.01584e-05
4.00417e-05
0.000164757
4.01184e-05
4.00632e-05
4.00067e-05
4.00422e-05
4.00579e-05
4.04912e-05
4.00652e-05
4.00355e-05
4.00244e-05
4.01092e-05
4.00944e-05
4.01176e-05
4.01356e-05
4.00815e-05
4.00081e-05
4.00059e-05
4.00402e-05
4.01085e-05
4.00798e-05
4.02851e-05
4.00811e-05
4.00077e-05
4.00651e-05
4.00159e-05
4.00058e-05
4.07297e-05
4.00351e-05
4.00079e-05
4.00579e-05
4.00357e-05
4.00684e-05
4.06035e-05
4.01714e-05
4.01179e-05
4.00672e-05
4.00127e-05
4.00102e-05
4.00286e-05
4.00189e-05
4.00637e-05
4.00375e-05
4.00129e-05
4.00918e-05
1.18055e-05
4.00903e-05
4.01628e-05
4.00407e-05
4.0005e-05
4.00729e-05
4.00461e-05
4.04796e-05
4.00299e-05
4.00092e-05
4.0066e-05
4.00041e-05
4.01265e-05
4.00058e-05
4.00208e-05
4.00398e-05
4.00328e-05
4.00021e-05
4.01175e-05
4.00559e-05
4.00083e-05
4.00541e-05
0.000125384
4.00379e-05
4.00044e-05
0.00108173
0.000212138
4.00212e-05
4.01518e-05
4.00064e-05
4.00513e-05
4.0029e-05
4.00212e-05
4.06037e-05
4.00205e-05
4.00539e-05
4.00433e-05
0.000152716
4.00415e-05
4.00497e-05
4.00021e-05
4.00481e-05
4.19117e-05
4.00001e-05
4.00324e-05
4.00602e-05
4.00266e-05
4.00158e-05
4.00688e-05
4.00374e-05
4.03135e-05
0.00128456
4.05688e-05
4.00416e-05
4.00343e-05
4.00102e-05
4.00054e-05
4.01973e-05
1.422e-05
4.00243e-05
4.00578e-05
4.01542e-05
4.01161e-05
5.45594e-05
4.00398e-05
4.00507e-05
4.00091e-05
4.00187e-05
4.00851e-05
4.00735e-05
4.00897e-05
4.0003e-05
4.00078e-05
4.00582e-05
4.00677e-05
4.00002e-05
4.0261e-05
4.00205e-05
4.03187e-05
4.01191e-05
4.00081e-05
3.93372e-05
4.00224e-05
4.03493e-05
4.00026e-05
2.84542e-05
0.00141891
4.00497e-05
4.11003e-05
4.00392e-05
4.0019e-05
4.0042e-05
3.51519e-05
4.02205e-05
3.45814e-05
0.00152494
4.00546e-05
4.00005e-05
4.00059e-05
4.00054e-05
4.0039e-05
4.00555e-05
4.00427e-05
4.00852e-05
4.09772e-05
4.06189e-05
4.00137e-05
4.013e-05
4.01254e-05
4.01621e-05
4.01249e-05
4.00431e-05
1.9217e-05
4.03366e-05
4.00083e-05
4.00489e-05
4.0016e-05
0.000399853
4.00046e-05
4.01177e-05
4.00044e-05
0.000111087
4.05087e-05
4.00329e-05
4.00186e-05
0.00013296
4.00669e-05
4.00691e-05
4.00126e-05
4.0014e-05
4.00236e-05
4.01205e-05
4.00099e-05
4.0182e-05
2.26315e-05
4.00408e-05
4.00043e-05
4.0547e-05
4.00179e-05
4.00877e-05
4.00026e-05
4.00038e-05
4.00007e-05
4.01085e-05
4.01217e-05
3.99785e-05
3.2964e-05
4.00094e-05
4.0135e-05
4.00302e-05
4.00097e-05
0.00132549
4.00692e-05
4.00054e-05
1.3543e-05
4.00414e-05
4.00707e-05
4.00068e-05
4.00333e-05
4.00423e-05
4.00127e-05
4.01574e-05
4.00995e-05
4.01349e-05
4.00367e-05
4.0052e-05
5.84472e-05
3.73767e-06
4.00082e-05
3.99921e-05
4.00387e-05
0.000214041
4.00057e-05
4.00697e-05
4.00621e-05
4.00513e-05
4.00397e-05
4.00467e-05
4.00033e-05
4.00508e-05
4.00515e-05
4.00411e-05
4.01616e-05
4.02851e-05
4.00487e-05
4.00766e-05
4.00406e-05
8.89443e-05
4.00591e-05
4.00296e-05
4.06312e-05
4.00318e-05
4.00065e-05
4.00998e-05
4.00017e-05
4.00778e-05
4.05381e-05
4.00893e-05
4.01418e-05
4.0066e-05
4.00385e-05
4.00092e-05
4.00065e-05
4.00445e-05
4.00193e-05
4.00022e-05
4.00372e-05
4.00115e-05
4.0001e-05
3.99485e-05
3.996e-05
4.00507e-05
4.00696e-05
4.00943e-05
4.01003e-05
4.00268e-05
4.01271e-05
4.01214e-05
4.01374e-05
4.00176e-05
4.00479e-05
0.000348515
4.01102e-05
4.06542e-05
4.04881e-05
4.00998e-05
0.000703821
4.00916e-05
4.00129e-05
4.01332e-05
3.41593e-05
4.00795e-05
4.00063e-05
4.00499e-05
4.00567e-05
4.00341e-05
4.00501e-05
4.00048e-05
4.05306e-05
4.00182e-05
4.00191e-05
4.00059e-05
4.01268e-05
1.64937e-05
3.96505e-05
4.00364e-05
0.0013302
4.00049e-05
4.00035e-05
4.01064e-05
4.00018e-05
4.0015e-05
4.0156e-05
4.00244e-05
4.00188e-05
4.00401e-05
4.00367e-05
4.00061e-05
4.01812e-05
4.0007e-05
4.00342e-05
4.0061e-05
4.00103e-05
4.00514e-05
4.01245e-05
4.00436e-05
4.00265e-05
4.00602e-05
0.00191938
4.0074e-05
4.00812e-05
4.00448e-05
4.00584e-05
4.01632e-05
4.00254e-05
4.00128e-05
4.00508e-05
3.85563e-05
4.00296e-05
4.00117e-05
4.00666e-05
4.01164e-05
0.000252318
4.00371e-05
4.01232e-05
4.00596e-05
4.05465e-05
1.60368e-05
4.00145e-05
4.00977e-05
4.0118e-05
4.00428e-05
4.04729e-05
4.00778e-05
4.00054e-05
4.00202e-05
4.00153e-05
4.01316e-05
4.00476e-05
3.94832e-05
4.28017e-05
4.00285e-05
4.00383e-05
4.00584e-05
4.0006e-05
4.00456e-05
4.00353e-05
4.00615e-05
4.00041e-05
4.00072e-05
4.01173e-05
0.000161055
4.01038e-05
3.83949e-05
4.01359e-05
4.10344e-05
3.99944e-05
4.00107e-05
4.00508e-05
4.00646e-05
4.00257e-05
4.00893e-05
0.000245634
4.04132e-05
3.95447e-05
0.000197466
4.01451e-05
4.00455e-05
4.00957e-05
4.01946e-05
4.00006e-05
4.01261e-05
4.00056e-05
4.00358e-05
4.00768e-05
4.00324e-05
4.0073e-05
4.0079e-05
4.00941e-05
4.01378e-05
3.99345e-05
4.0026e-05
4.00768e-05
4.00516e-05
4.01305e-05
4.00017e-05
4.00329e-05
4.06886e-05
4.00008e-05
4.00058e-05
4.00043e-05
4.00404e-05
4.0009e-05
0.000282055
4.00167e-05
0.000262516
4.00526e-05
4.01455e-05
4.0149e-05
0.000102451
4.0006e-05
4.00366e-05
4.00414e-05
4.00055e-05
4.01143e-05
4.08047e-05
4.00772e-05
4.01254e-05
4.00632e-05
4.0152e-05
4.01023e-05
4.03656e-05
4.00495e-05
3.32767e-05
4.09687e-05
4.0478e-05
4.00876e-05
4.00659e-05
4.01041e-05
4.00465e-05
4.00806e-05
4.00882e-05
4.00578e-05
4.00049e-05
4.02464e-05
4.00065e-05
4.01077e-05
4.06968e-05
4.00113e-05
4.01035e-05
4.00104e-05
4.01572e-05
4.01279e-05
0.000317958
4.01367e-05
4.01645e-05
4.00518e-05
4.0007e-05
4.00462e-05
4.00099e-05
4e-05
4.00001e-05
4.00197e-05
4.0086e-05
4.00098e-05
4.01311e-05
4.00501e-05
4.00055e-05
4.00115e-05
4.00666e-05
4.00842e-05
4.01211e-05
4.01427e-05
4.0105e-05
4.00867e-05
4.00112e-05
4.19961e-05
4.00481e-05
4.00348e-05
0.00140344
4.01126e-05
4.0038e-05
4.00499e-05
4.04507e-05
4.00684e-05
4.07904e-05
4.00061e-05
4.00844e-05
4.0241e-05
0.00210674
4.00778e-05
4.00229e-05
4.00042e-05
4.00203e-05
4.01621e-05
4.00052e-05
4.10217e-05
4.00333e-05
4.01248e-05
4.0004e-05
4.00169e-05
4.00852e-05
4.00077e-05
4.00044e-05
4.00066e-05
4.00322e-05
4.07091e-05
4.00442e-05
4.00041e-05
4.00991e-05
4.01519e-05
0.000964041
4.00545e-05
4.01135e-05
4.0103e-05
4.01487e-05
4.02967e-05
4.00734e-05
4.01226e-05
4.01621e-05
4.00052e-05
4.00083e-05
4.00493e-05
4.00643e-05
4.00072e-05
4.05453e-05
4.01077e-05
4.00429e-05
4.00464e-05
4.01199e-05
4.00286e-05
4.00804e-05
4.00531e-05
3.94579e-05
4.00386e-05
4.00406e-05
4.00247e-05
4.00197e-05
4.05871e-05
4.00365e-05
4.00181e-05
4.01182e-05
4.00655e-05
4.00778e-05
4.01713e-05
4.00312e-05
4.00475e-05
4.00043e-05
0.000366697
4.00496e-05
4.00122e-05
4.00776e-05
2.77324e-05
4.00451e-05
7.10058e-06
4.1069e-05
4.0053e-05
4.00855e-05
4.0092e-05
4.43049e-05
4.07343e-05
4.00059e-05
4.56015e-05
4.00033e-05
4.00457e-05
4.00126e-05
4.00262e-05
0.00167979
4.01335e-05
4.0031e-05
4.00029e-05
4.00308e-05
4.0016e-05
4.05902e-05
4.01873e-05
4.00038e-05
2.88293e-05
4.00513e-05
4.00151e-05
4.00687e-05
4.00057e-05
4.00906e-05
4.00679e-05
4.08794e-05
0.0010712
4.00029e-05
0.00103967
4.00039e-05
4.01141e-05
4.00999e-05
4.00034e-05
4.01198e-05
4.00225e-05
4.00955e-05
4.00093e-05
4.00751e-05
0.000298846
0.00199079
4.03054e-05
4.04528e-05
4.00031e-05
4.02408e-05
4.00391e-05
4.00076e-05
4.00265e-05
4.0016e-05
4.0016e-05
0.000203605
0.000443461
4.00054e-05
4.28966e-07
4.00528e-05
4.03398e-05
4.00521e-05
4.00406e-05
4.00561e-05
4.00326e-05
4.00061e-05
4.00284e-05
4.00441e-05
4.00459e-05
4.01538e-05
4.00784e-05
4.00127e-05
4.00497e-05
3.94915e-05
4.00135e-05
4.01061e-05
4.00866e-05
4.00239e-05
4.00399e-05
4.00051e-05
4.00477e-05
4.00322e-05
4.00453e-05
4.01278e-05
4.00389e-05
4.00629e-05
4.0055e-05
4.3563e-05
4.00357e-05
4.00858e-05
4.00483e-05
4.00766e-05
4.00769e-05
4.00943e-05
4.0053e-05
4.68882e-05
4.00613e-05
4.00529e-05
4.01221e-05
4.01079e-05
0.000493048
4.70975e-05
4.00494e-05
4.00923e-05
7.65214e-07
4.17593e-05
4.00786e-05
4.00035e-05
3.5965e-05
4.01333e-05
4.00902e-05
4.00411e-05
4.00898e-05
4.00065e-05
4.00913e-05
4.01472e-05
4.00417e-05
4.00331e-05
4.0015e-05
4.00058e-05
4.00833e-05
4.00135e-05
4.00345e-05
4.00427e-05
4.00052e-05
4.00339e-05
4.00047e-05
4.01224e-05
3.19517e-05
4.01008e-05
4.04928e-05
4.00282e-05
4.47083e-05
4.01158e-05
3.13745e-05
4.00665e-05
4.00373e-05
4.00089e-05
4.01162e-05
4.01083e-05
0.00160405
3.6839e-05
4.01412e-05
4.00732e-05
2.7977e-05
4.00839e-05
1.23321e-05
4.00204e-05
4.00784e-05
4.02802e-05
4.009e-05
4.00025e-05
4.00284e-05
4.01061e-05
4.00546e-05
4.01251e-05
0.000107296
4.00898e-05
0.000192556
4.00839e-05
4.00609e-05
4.00712e-05
4.00029e-05
4.01471e-05
3.87929e-05
4.01287e-05
4.0007e-05
4.001e-05
4.06709e-05
0.000423151
4.01513e-05
4.22302e-05
4.00008e-05
4.00301e-05
4.00397e-05
4.00881e-05
4.50934e-05
4.00466e-05
4.00241e-05
4.00656e-05
4.00006e-05
3.99921e-05
4.00546e-05
4.01046e-05
4.00035e-05
4.01269e-05
4.00188e-05
4.00825e-05
4.00488e-05
4.01319e-05
4.00694e-05
3.75129e-05
4.00775e-05
4.01408e-05
4.00099e-05
4.01618e-05
3.98798e-05
4.00105e-05
4.00541e-05
3.21521e-05
4.01029e-05
4.00674e-05
0.000476072
4.01122e-05
4.01123e-05
4.00099e-05
4.01856e-05
4.00993e-05
9.4271e-06
4.00029e-05
3.89494e-05
4.04122e-05
4.00629e-05
4.00106e-05
4.00038e-05
4.00597e-05
3.99886e-05
4.00929e-05
4.0005e-05
4.00414e-05
4.00863e-05
4.00151e-05
4.00778e-05
4.00792e-05
4.01822e-05
4.00416e-05
4.00961e-05
4.00811e-05
4.00546e-05
4.00349e-05
4.00843e-05
4.00055e-05
3.3924e-05
4.00011e-05
4.23846e-05
4.01152e-05
4.00533e-05
1.09504e-05
4.00438e-05
3.42456e-05
4.00341e-05
4.00789e-05
4.00696e-05
4.0063e-05
4.01244e-05
4.00073e-05
4.00945e-05
3.97878e-05
4.00774e-05
4.0157e-05
4.00497e-05
0.000882729
4.00039e-05
4.00103e-05
4.00978e-05
4.0019e-05
4.06182e-05
4.00662e-05
4.00115e-05
4.00792e-05
4.0074e-05
4.01365e-05
4.00251e-05
4.05021e-05
4.00535e-05
4.0012e-05
4.00401e-05
4.01198e-05
4.01752e-05
4.00651e-05
4.08568e-05
4.0102e-05
4.0022e-05
4.02033e-05
4.00657e-05
4.00518e-05
4.00024e-05
5.87813e-05
4.00224e-05
4.00882e-05
4.01017e-05
4.00103e-05
3.93803e-05
4.00042e-05
4.01188e-05
4.0003e-05
4.0005e-05
4.0021e-05
4.00242e-05
0.000289035
4.00429e-05
4.01038e-05
4.00061e-05
4.00175e-05
4.00209e-05
4.00037e-05
4.00291e-05
4.00377e-05
1.69795e-06
4.00457e-05
4.00768e-05
4.01333e-05
4.0112e-05
4.00747e-05
4.01235e-05
4.00435e-05
0.00152309
4.00203e-05
4.00746e-05
4.00175e-05
4.00557e-05
4.01017e-05
4.01225e-05
3.99799e-05
4.00032e-05
4.00153e-05
4.01486e-05
4.01149e-05
4.00305e-05
4.00045e-05
4.00378e-05
4.00019e-05
4.00406e-05
4.00323e-05
4.00314e-05
4.0065e-05
0.000109791
4.01174e-05
4.00069e-05
4.00342e-05
4.00848e-05
0.000195645
4.00305e-05
4.00614e-05
4.00402e-05
4.00056e-05
4.00139e-05
3.85678e-05
4.01175e-05
4.00516e-05
1.81332e-05
4.00013e-05
4.31608e-05
4.00675e-05
0.000176827
4.00056e-05
4.00222e-05
4.00245e-05
3.2179e-05
4.00889e-05
4.01737e-05
4.00226e-05
4.01398e-05
4.00755e-05
4.00246e-05
4.00064e-05
4.00207e-05
2.1357e-05
4.0149e-05
4.00053e-05
4.01171e-05
4.01133e-05
4.00645e-05
4.01422e-05
0.000569071
3.96726e-05
4.0005e-05
4.00386e-05
4.00954e-05
4.0009e-05
4.00048e-05
2.08688e-05
4.00086e-05
4.00052e-05
2.70765e-05
4.00589e-05
4.01416e-05
3.71413e-05
4.00095e-05
4.01406e-05
4.01082e-05
2.69377e-05
7.43525e-05
4.00036e-05
0.000250446
4.00947e-05
4.00899e-05
4.00923e-05
4.00307e-05
4.0034e-05
4.00976e-05
4.00039e-05
4.00783e-05
4.0083e-05
4.00696e-05
4.00615e-05
4.00832e-05
4.00813e-05
4.00923e-05
4.00534e-05
4.0114e-05
4.00203e-05
4.01026e-05
0.000677148
4.00151e-05
4.0077e-05
4.06552e-05
4.00083e-05
4.00198e-05
4.00045e-05
4.00154e-05
4.01279e-05
4.00038e-05
4.00236e-05
4.00688e-05
4.00497e-05
4.29668e-05
4.05341e-05
4.03788e-05
4.00172e-05
4.00158e-05
4.00958e-05
4.00917e-05
4.01357e-05
4.00108e-05
4.0122e-05
4.00033e-05
4.00263e-05
4.01256e-05
4.01249e-05
4.00694e-05
0.000138812
4.00166e-05
4.00037e-05
4.0011e-05
4.01128e-05
4.00152e-05
4.00489e-05
4.00347e-05
4.31726e-05
4.0014e-05
4.01384e-05
4.00124e-05
4.00127e-05
4.01065e-05
3.12355e-05
4.01187e-05
4.00956e-05
4.00575e-05
4.00958e-05
4.00084e-05
4.00217e-05
4.00566e-05
4.00441e-05
4.00812e-05
4.01018e-05
4.00394e-05
4.00055e-05
4.00036e-05
4.00383e-05
4.00119e-05
4.01543e-05
3.64223e-05
4.00405e-05
4.00303e-05
4.00654e-05
4.00944e-05
4.01313e-05
4.00025e-05
4.00123e-05
4.00518e-05
4.00302e-05
4.00204e-05
4.01267e-05
4.00116e-05
4.01977e-05
9.41481e-06
4.00419e-05
4.01909e-05
4.00257e-05
4.01264e-05
4.01355e-05
0.000864717
4.1151e-05
4.00291e-05
4.00115e-05
4.00035e-05
4.00151e-05
4.00905e-05
4.00051e-05
0.000165796
4.00399e-05
4.01062e-05
4.00407e-05
4.00215e-05
4.00322e-05
4.01519e-05
4.06461e-05
4.00955e-05
4.00464e-05
4.0076e-05
4.00603e-05
4.01017e-05
4.0165e-05
4.00408e-05
4.03565e-05
4.00125e-05
4.00179e-05
4.00625e-05
4.00914e-05
4.00388e-05
4.0159e-05
4.00008e-05
4.0015e-05
4.00377e-05
4.00387e-05
4.00413e-05
3.33688e-05
4.0407e-05
4.00121e-05
0.000776606
4.00931e-05
4.00687e-05
4.00129e-05
4.00878e-05
3.05642e-05
4.00144e-05
4.011e-05
4.01629e-05
4.00408e-05
4.00158e-05
4.00385e-05
4.00172e-05
4.02103e-05
4.00094e-05
4.00167e-05
4.00005e-05
4.00111e-05
4.01555e-05
4.00409e-05
4.00112e-05
4.00854e-05
4.0053e-05
4.01441e-05
4.00032e-05
4.00018e-05
4.00416e-05
4.00046e-05
4.00406e-05
3.98324e-05
4.01001e-05
4.00028e-05
4.00049e-05
4.01433e-05
4.00024e-05
4.00037e-05
4.00571e-05
3.97889e-05
4.00776e-05
4.01114e-05
4.01612e-05
4.00018e-05
4.0018e-05
4.00479e-05
4.00863e-05
4.00652e-05
4.00021e-05
3.03035e-05
4.00735e-05
4.01205e-05
4.0214e-05
4.01878e-05
4.00774e-05
4.00139e-05
4.00399e-05
4.0042e-05
4.00031e-05
4.00259e-05
4.01633e-05
4.0165e-05
4.00871e-05
4.00651e-05
4.01161e-05
4.00256e-05
4.05754e-05
4.0139e-05
3.27298e-05
4.0035e-05
4.00977e-05
4.00042e-05
4.00007e-05
0.00211591
4.00469e-05
4.00223e-05
4.00165e-05
4.00819e-05
1.56139e-05
4.00494e-05
4.01584e-05
4.00137e-05
4.01073e-05
4.00901e-05
4.0126e-05
0.00182601
4.0011e-05
4.00775e-05
4.01312e-05
4.00772e-05
0.00182117
4.00436e-05
4.001e-05
4.00287e-05
7.37699e-06
4.00526e-05
4.01272e-05
4.00994e-05
4.00034e-05
4.01566e-05
4.00128e-05
4.00056e-05
4.00841e-05
4.00811e-05
4.00335e-05
4.00884e-05
4.0074e-05
4.00833e-05
4.00654e-05
4.03572e-05
4.00573e-05
4.00105e-05
4.00508e-05
4.01301e-05
4.00295e-05
4.00093e-05
4.47236e-05
4.00533e-05
4.00325e-05
4.01322e-05
4.01039e-05
3.79186e-05
4.00495e-05
3.99582e-05
4.00583e-05
3.99269e-05
4.00298e-05
4.00695e-05
4.00438e-05
4.00521e-05
4.00314e-05
4.00404e-05
4.0156e-05
4.00497e-05
4.00925e-05
0.00070794
4.00282e-05
4.00108e-05
4.0072e-05
4.00732e-05
4.00048e-05
4.00121e-05
4.00401e-05
4.00449e-05
4.00332e-05
4.03982e-05
4.0002e-05
4.00504e-05
4.00236e-05
4.00581e-05
4.00696e-05
3.98395e-05
4.00255e-05
4.00204e-05
4.00783e-05
4.00805e-05
4.00043e-05
4.00004e-05
0.000187166
4.00114e-05
4.00722e-05
4.00651e-05
3.87578e-05
6.53916e-06
4.01023e-05
4.00526e-05
4.00847e-05
4.00147e-05
4.00067e-05
4.00419e-05
4.00121e-05
4.00004e-05
4.00023e-05
2.63204e-05
8.06414e-05
2.13286e-05
0.000110919
4.00766e-05
4.00147e-05
4.05668e-05
4.00743e-05
4.0067e-05
4.00679e-05
4.00022e-05
4.00087e-05
4.01543e-05
4.00804e-05
4.00165e-05
4.10465e-05
0.000484724
4.00362e-05
4.19151e-05
4.01316e-05
4.00344e-05
4.00599e-05
4.00738e-05
1.25164e-05
4.00998e-05
4.00494e-05
4.00979e-05
3.98999e-05
4.00115e-05
4.00562e-05
1.97303e-05
4.00324e-05
4.00048e-05
4.00038e-05
4.00188e-05
4.00666e-05
4.00446e-05
4.00288e-05
3.23395e-05
4.01041e-05
4.0047e-05
4.00291e-05
4.00009e-05
4.00125e-05
4.00351e-05
4.00195e-05
4.00041e-05
4.11715e-05
3.2877e-05
4.00165e-05
4.60344e-05
4.00353e-05
4.00116e-05
4.00502e-05
4.00413e-05
4.0006e-05
4.00084e-05
4.00084e-05
4.00007e-05
4.00449e-05
4.0045e-05
4.00042e-05
4.61208e-05
4.00227e-05
4.01403e-05
4.00076e-05
4.00247e-05
4.00044e-05
4.00215e-05
4.01229e-05
4.00635e-05
4.00609e-05
4.0005e-05
4.00997e-05
4.00196e-05
4.00119e-05
4.00108e-05
3.99434e-05
4.0007e-05
4.00647e-05
4.00088e-05
4.00909e-05
4.00405e-05
4.01351e-05
4.004e-05
4.0124e-05
4.00119e-05
4.00535e-05
4.02107e-05
4.00657e-05
4.0085e-05
4.00732e-05
4.00672e-05
4.00061e-05
4.00111e-05
4.01268e-05
4.00228e-05
4.00654e-05
4.00685e-05
4.00879e-05
4.03045e-05
4.00636e-05
3.85181e-05
4.0043e-05
4.00355e-05
4.00306e-05
4.00949e-05
4.00691e-05
4.0243e-05
4.00446e-05
4.0057e-05
4.01021e-05
4.00545e-05
4.00941e-05
4.00303e-05
4.00421e-05
4.00839e-05
4.00026e-05
4.00488e-05
4.00398e-05
4.00741e-05
4.01347e-05
4.0004e-05
4.00407e-05
4.00059e-05
4.00168e-05
4.00394e-05
4.00091e-05
4.00391e-05
4.06673e-05
4.01219e-05
4.00387e-05
4.00398e-05
4.00543e-05
4.0037e-05
4.0096e-05
4.0121e-05
4.00045e-05
4.01605e-05
4.0139e-05
4.00991e-05
4.00273e-05
4.00602e-05
4.01222e-05
4.00789e-05
4.00395e-05
4.00336e-05
4.00116e-05
4.00851e-05
4.01079e-05
4.36629e-05
4.01261e-05
4.00741e-05
4.00601e-05
4.01302e-05
4.00783e-05
4.00089e-05
4.01284e-05
4.03497e-05
4.00545e-05
4.01239e-05
4.00137e-05
4.01432e-05
4.01318e-05
4.0006e-05
4.00443e-05
4.0582e-05
0.000328121
4.00786e-05
4.00181e-05
4.00181e-05
4.00099e-05
4.00662e-05
4.00642e-05
4.00359e-05
4.00308e-05
4.00558e-05
4.00561e-05
4.00376e-05
4.00051e-05
4.01594e-05
4.01339e-05
4.01267e-05
4.00927e-05
4.0008e-05
0.000195541
4.00703e-05
4.01879e-05
4.00425e-05
0.00056365
4.00781e-05
4.01393e-05
4.0063e-05
4.01177e-05
4.00099e-05
4.00033e-05
2.57493e-05
4.0131e-05
4.00337e-05
4.00918e-05
4.0059e-05
4.00978e-05
4.00035e-05
4.00117e-05
4.00075e-05
4.00195e-05
4.00055e-05
0.000109965
2.88828e-05
0.000770825
4.00914e-05
4.00369e-05
4.0012e-05
4.01373e-05
4.01782e-05
0.00137503
0.00205313
4.00243e-05
4.00051e-05
4.00066e-05
4.01172e-05
4.00274e-05
4.00842e-05
4.00045e-05
3.51397e-05
4.00396e-05
4.01622e-05
4.00757e-05
4.01346e-05
4.01271e-05
4.00084e-05
4.00073e-05
4.65847e-05
4.00568e-05
4.00664e-05
4.00332e-05
4.05711e-05
4.01188e-05
4.00164e-05
4.00077e-05
3.24332e-05
0.00128164
4.00727e-05
4.01003e-05
4.00017e-05
4.00472e-05
4.00049e-05
4.00208e-05
4.00662e-05
4.00195e-05
4.00046e-05
4.00043e-05
4.00072e-05
4.00102e-05
4.00639e-05
4.3765e-05
4.0077e-05
4.00991e-05
4.02166e-05
4.0046e-05
1.03704e-05
4.00266e-05
4.00877e-05
4.00067e-05
4.00383e-05
4.00091e-05
4.00353e-05
4.00937e-05
1.07171e-05
4.00347e-05
4.00097e-05
4.00894e-05
4.00337e-05
4.00285e-05
4.00758e-05
4.00478e-05
4.01269e-05
4.01299e-05
4.00931e-05
4.00156e-05
4.00035e-05
3.52657e-05
4.00229e-05
4.0158e-05
4.09433e-05
4.01648e-05
4.0008e-05
4.00398e-05
4.00804e-05
4.0009e-05
4.01547e-05
4.30881e-05
4.00281e-05
4.0026e-05
4.00131e-05
4.00554e-05
4.01196e-05
4.01064e-05
4.03331e-05
4.01618e-05
4.00048e-05
4.00346e-05
4.00096e-05
4.00351e-05
4.00756e-05
4.00195e-05
4.00813e-05
4.00025e-05
3.65443e-05
4.00031e-05
4.00269e-05
4.00283e-05
4.00652e-05
4.00467e-05
4.01251e-05
4.01026e-05
4.00066e-05
4.01461e-05
4.00078e-05
4.0018e-05
4.00741e-05
0.00214602
4.00999e-05
4.00714e-05
4.00866e-05
4.00851e-05
4.00024e-05
4.00683e-05
4.00096e-05
4.00325e-05
4.00947e-05
4.00911e-05
4.01317e-05
4.04669e-05
4.0085e-05
4.0127e-05
4.00295e-05
4.01312e-05
4.00404e-05
4.00038e-05
0.00081062
4.00235e-05
4.00065e-05
4.00981e-05
4.00328e-05
4.01091e-05
4.00018e-05
4.00485e-05
4.00226e-05
4.00754e-05
4.00993e-05
3.82079e-05
4.00198e-05
4.00137e-05
4.01553e-05
4.00451e-05
4.01672e-05
4.00631e-05
4.00033e-05
4.00967e-05
4.01611e-05
4.00066e-05
4.01887e-05
4.00873e-05
3.24115e-05
4.00134e-05
4.00868e-05
4.00653e-05
4.00052e-05
4.00031e-05
4.00426e-05
4.00496e-05
4.00503e-05
4.00684e-05
4.00113e-05
4.04096e-05
4.23215e-05
4.00402e-05
4.01629e-05
4.00931e-05
4.0323e-05
4.00777e-05
4.00006e-05
4.01365e-05
4.0092e-05
4.00332e-05
4.00761e-05
4.00084e-05
4.00099e-05
4.00034e-05
4.00786e-05
4.00315e-05
4.00142e-05
4.01492e-05
4.00803e-05
4.00386e-05
4.01298e-05
4.00272e-05
4.01976e-05
4.46692e-05
4.00776e-05
4.0078e-05
4.00791e-05
4.0037e-05
4.01164e-05
4.00499e-05
4.01894e-05
4.00555e-05
4.0324e-05
4.04086e-05
4.00354e-05
4.00792e-05
4.01503e-05
4.27111e-05
7.83843e-05
4.00084e-05
4.00227e-05
4.01027e-05
4.00053e-05
4.00058e-05
3.53179e-05
4.00048e-05
4.00695e-05
4.00426e-05
4.00271e-05
4.01382e-05
4.00922e-05
4.01643e-05
4.00051e-05
4.14686e-05
4.00418e-05
4.04949e-05
4.0046e-05
0.00089356
4.00046e-05
4.00167e-05
4.00066e-05
4.00226e-05
4.00208e-05
4.00496e-05
4.00449e-05
4.43455e-05
4.00747e-05
4.00078e-05
4.00095e-05
4.00533e-05
4.07795e-05
4.00364e-05
4.0078e-05
4.00048e-05
4.00082e-05
4.00036e-05
4.00119e-05
1.61293e-05
4.01661e-05
4.00406e-05
4.00676e-05
4.01265e-05
4.00085e-05
4.00693e-05
4.00322e-05
4.00212e-05
4.00296e-05
4.00236e-05
4.00761e-05
4.00806e-05
4.00116e-05
4.22679e-05
4.01651e-05
4.01177e-05
4.00169e-05
4.01656e-05
4.00318e-05
4.003e-05
4.00012e-05
4.0004e-05
4.00052e-05
4.00408e-05
1.82222e-05
4.00381e-05
4.00046e-05
0.0010519
0.00179408
4.01684e-05
4.00089e-05
4.39817e-05
4.01398e-05
4.00602e-05
4.01007e-05
4.01173e-05
4.01216e-05
4.00209e-05
3.99681e-05
4.01451e-05
2.55681e-05
4.00011e-05
4.0038e-05
4.00018e-05
4.01503e-05
4.00129e-05
4.00157e-05
4.00821e-05
4.00402e-05
4.00081e-05
4.00201e-05
4.01522e-05
4.01276e-05
4.00104e-05
4.0729e-05
4.00184e-05
4.00285e-05
4.00663e-05
4.00685e-05
4.00872e-05
4.00703e-05
4.00803e-05
4.00088e-05
4.01212e-05
4.00024e-05
4.01268e-05
4.00085e-05
4.00448e-05
4.01072e-05
4.01672e-05
4.01044e-05
3.99746e-05
4.0009e-05
4.01168e-05
4.00478e-05
3.99059e-05
4.00417e-05
4.00066e-05
4.00037e-05
4.00369e-05
4.00769e-05
4.00315e-05
4.01635e-05
4.00077e-05
4.0022e-05
4.00136e-05
4.00076e-05
4.00061e-05
4.01496e-05
4.00056e-05
4.00598e-05
4.00538e-05
4.01062e-05
0.000193117
4.0013e-05
4.00371e-05
4.00038e-05
4.00055e-05
4.00467e-05
4.00115e-05
4.01208e-05
4.00367e-05
4.00527e-05
4.00352e-05
4.00116e-05
4.01175e-05
4.0068e-05
3.98784e-05
4.00194e-05
4.00644e-05
4.00979e-05
4.00092e-05
4.00065e-05
4.00971e-05
4.00441e-05
4.00078e-05
4.00169e-05
4.07372e-05
4.00201e-05
4.0053e-05
4.00463e-05
4.00701e-05
4.00042e-05
3.26673e-07
4.00028e-05
4.00029e-05
4.00105e-05
4.01315e-05
4.0014e-05
0.00218246
4.01331e-05
4.00941e-05
4.00045e-05
4.00726e-05
4.00052e-05
4.00118e-05
4.00307e-05
4.00023e-05
4.00129e-05
4.0064e-05
4.00997e-05
4.00734e-05
4.0113e-05
4.00232e-05
4.00693e-05
4.00622e-05
4.01133e-05
4.00151e-05
4.00116e-05
4.01007e-05
9.60272e-06
4.00081e-05
4.00763e-05
5.18825e-06
4.0027e-05
4.0028e-05
4.03262e-05
4.00329e-05
4.01558e-05
4.00284e-05
4.00835e-05
4.00814e-05
4.00949e-05
4.00872e-05
4.00424e-05
4.0007e-05
4.00119e-05
4.00406e-05
4.00602e-05
4.00558e-05
4.0043e-05
4.00206e-05
0.000693189
4.00037e-05
4.00633e-05
4.01405e-05
4.00308e-05
4.00814e-05
4.00343e-05
4.00376e-05
4.00044e-05
4.00481e-05
4.01219e-05
4.00394e-05
4.00156e-05
4.00239e-05
4.00373e-05
4.00396e-05
4.00358e-05
4.01262e-05
4.0179e-05
4.00556e-05
4.00912e-05
2.7546e-05
9.66601e-05
4.00392e-05
4.00352e-05
4.00151e-05
4.0009e-05
4.00184e-05
4.00068e-05
4.00771e-05
4.01365e-05
3.92668e-05
0.000117668
4.00808e-05
4.01559e-05
4.01003e-05
4.01621e-05
4.00089e-05
3.98743e-05
4.00043e-05
4.10943e-05
3.8314e-06
4.0095e-05
4.00811e-05
4.01328e-05
3.99982e-05
4.00344e-05
4.00056e-05
4.0002e-05
4.00346e-05
4.00354e-05
4.00139e-05
4.00728e-05
4.00421e-05
4.04115e-05
4.00361e-05
4.00264e-05
4.00359e-05
4.00031e-05
4.01042e-05
4.00029e-05
4.00722e-05
4.0005e-05
4.00297e-05
0.00196421
4.00031e-05
4.01235e-05
4.0101e-05
4.00791e-05
4.43531e-05
4.00942e-05
4.00174e-05
4.00934e-05
4.00289e-05
4.00776e-05
4.00102e-05
4.00049e-05
4.00147e-05
4.0095e-05
1.41677e-05
4.00091e-05
4.00667e-05
4.00632e-05
4.00148e-05
4.0137e-05
4.00416e-05
4.00991e-05
4.0022e-05
4.00855e-05
4.01688e-05
0.000368281
0.000261495
4.00736e-05
0.000861416
4.00172e-05
4.00408e-05
4.00956e-05
4.00091e-05
4.00238e-05
4.00407e-05
4.00114e-05
4.01058e-05
4.43407e-05
4.01219e-05
4.00037e-05
4.00514e-05
4.01296e-05
4.01382e-05
4.00527e-05
4.00329e-05
4.00951e-05
4.03808e-05
4.00513e-05
4.00049e-05
0.0021538
4.00876e-05
4.00054e-05
4.27731e-05
4.00039e-05
4.00138e-05
4.02702e-05
4.00853e-05
4.00366e-05
4.00459e-05
4.01693e-05
4.00424e-05
4.00396e-05
4.0007e-05
3.99213e-05
4.00586e-05
4.0151e-05
4.00368e-05
3.78369e-05
4.00384e-05
4.00548e-05
4.0114e-05
4.00027e-05
4.00026e-05
4.00387e-05
4.00021e-05
4.01643e-05
4.00066e-05
4.00633e-05
4.01155e-05
4.00716e-05
4.00369e-05
4.00476e-05
4.00089e-05
4.0014e-05
4.00041e-05
4.00773e-05
4.01497e-05
4.00141e-05
4.01652e-05
4.0051e-05
4.01234e-05
4.0101e-05
4.00619e-05
4.01293e-05
4.00247e-05
3.47066e-05
4.01205e-05
0.000321506
4.00113e-05
4.00183e-05
4.0118e-05
4.01149e-05
4.00443e-05
4.00015e-05
4.00378e-05
4.00621e-05
4.00347e-05
4.00053e-05
4.0063e-05
4.00754e-05
4.00064e-05
4.00498e-05
4.01275e-05
4.0041e-05
4.00925e-05
4.00107e-05
4.00106e-05
4.0119e-05
4.01308e-05
4.00121e-05
4.01054e-05
4.00059e-05
4.00571e-05
4.00772e-05
4.45745e-05
4.00166e-05
4.0088e-05
4.00336e-05
4.0162e-05
4.00167e-05
4.00844e-05
4.00486e-05
4.01328e-05
4.01547e-05
4.00072e-05
4.00309e-05
4.0056e-05
4.00977e-05
4.01688e-05
4.0063e-05
4.0006e-05
4.00015e-05
4.01019e-05
4.0126e-05
4.00938e-05
4.00921e-05
4.00548e-05
4.00403e-05
4.00384e-05
4.002e-05
4.00032e-05
4.01659e-05
4.01355e-05
4.00006e-05
4.00045e-05
4.00387e-05
4.00507e-05
4.01178e-05
4.00812e-05
4.00238e-05
4.00272e-05
4.01931e-05
4.00206e-05
4.0034e-05
4.02179e-05
4.00561e-05
4.00091e-05
4.00822e-05
4.00169e-05
4.01307e-05
4.00007e-05
4.00059e-05
4.00874e-05
4.00259e-05
4.00145e-05
4.01056e-05
4.00438e-05
4.02644e-05
4.00438e-05
4.01625e-05
4.06789e-05
4.01005e-05
4.00059e-05
4.00682e-05
4.00803e-05
4.00437e-05
2.78656e-05
4.00749e-05
4.00553e-05
4.00517e-05
4.00465e-05
4.00267e-05
4.00743e-05
4.00059e-05
4.00677e-05
4.0142e-05
4.01359e-05
4.00199e-05
4.00553e-05
4.00804e-05
4.01151e-05
4.02574e-05
4.00092e-05
4.00026e-05
4.00087e-05
4.00037e-05
4.01121e-05
4.00096e-05
4.00259e-05
4.00803e-05
4.00687e-05
4.00794e-05
4.38468e-05
3.98561e-05
4.06413e-05
4.00085e-05
4.00492e-05
4.00472e-05
4.0002e-05
0.000120832
4.00005e-05
4.01187e-05
4.0003e-05
4.00335e-05
4.0098e-05
4.00095e-05
4.00358e-05
4.0004e-05
4.00059e-05
4.00275e-05
4.00394e-05
4.00052e-05
4.00026e-05
4.01052e-05
0.00139219
4.0035e-05
4.00137e-05
4.00618e-05
0.000835409
0.000169926
4.00839e-05
4.00222e-05
4.00496e-05
4.0023e-05
4.00917e-05
4.0126e-05
4.01331e-05
4.01382e-05
4.01516e-05
4.00996e-05
4.00748e-05
4.00908e-05
4.0075e-05
4.0056e-05
4.01438e-05
4.00041e-05
4.00088e-05
4.00202e-05
4.00161e-05
4.00331e-05
4.01668e-05
4.38162e-05
4.00943e-05
4.00154e-05
4.00104e-05
4.00797e-05
4.00828e-05
4.00234e-05
4.00924e-05
4.00337e-05
3.99406e-05
4.00822e-05
4.00966e-05
4.00037e-05
4.01341e-05
0.00218567
4.0088e-05
4.00502e-05
4.00318e-05
4.00886e-05
4.00358e-05
2.73549e-05
4.01013e-05
4.00015e-05
4.01309e-05
3.98528e-05
4.00752e-05
4.00777e-05
4.00403e-05
4.00399e-05
4.00989e-05
4.00776e-05
4.00029e-05
4.01601e-05
4.00572e-05
4.00555e-05
4.00812e-05
4.00235e-05
4.00558e-05
4.0078e-05
4.00836e-05
4.001e-05
4.00397e-05
0.00219843
4.01633e-05
4.00033e-05
4.00236e-05
4.01179e-05
4.00123e-05
4.01277e-05
4.00354e-05
4.00118e-05
4.00176e-05
4.01337e-05
4.01845e-05
4.00261e-05
4.01599e-05
4.00316e-05
4.00309e-05
3.58139e-05
4.00287e-05
4.00546e-05
4.00325e-05
4.01901e-05
4.00972e-05
4.00047e-05
4.00106e-05
4.00784e-05
4.00881e-05
0.000905425
4.00176e-05
4.00226e-05
4.0004e-05
4.0011e-05
4.00746e-05
4.00515e-05
4.00356e-05
4.00026e-05
4.00601e-05
4.00077e-05
4.11357e-05
4.00511e-05
4.0005e-05
0.000508894
4.00619e-05
2.72815e-05
4.00029e-05
4.0074e-05
4.0006e-05
4.00838e-05
4.0099e-05
4.00326e-05
4.00183e-05
3.95356e-05
4.00255e-05
4.0061e-05
4.01614e-05
4.11824e-05
4.01141e-05
4.00075e-05
4.01667e-05
4.00302e-05
4.00408e-05
4.01157e-05
1.90769e-05
4.0152e-05
4.00737e-05
4.00823e-05
4.00403e-05
4.00471e-05
4.00649e-05
4.00427e-05
4.01224e-05
3.51984e-05
3.92378e-05
0.00222452
4.17061e-05
4.0151e-05
4.00506e-05
4.005e-05
3.58487e-05
4.00306e-05
4.00483e-05
4.00645e-05
4.00041e-05
4.00244e-05
4.02424e-05
4.00028e-05
4.00958e-05
4.01357e-05
4.2949e-05
3.91812e-05
4.0007e-05
4.00021e-05
4.00987e-05
0.000182719
4.00242e-05
4.00007e-05
4.00029e-05
4.00972e-05
0.00173046
4.00907e-05
4.01581e-05
0.00193059
0.00183625
4.00503e-05
4.01491e-05
4.00032e-05
4.00301e-05
4.00197e-05
4.00608e-05
4.01608e-05
4.00483e-05
4.00242e-05
4.0005e-05
4.01088e-05
4.00033e-05
0.000335592
0.000110466
4.01104e-05
4.00693e-05
4.00089e-05
5.96862e-05
4.00015e-05
4.90351e-05
4.00751e-05
4.0938e-05
3.93363e-05
4.01187e-05
4.00036e-05
4.00553e-05
4.00122e-05
4.00212e-05
4.00175e-05
4.01011e-05
4.00084e-05
4.00588e-05
4.01609e-05
4.00338e-05
4.00181e-05
4.00777e-05
4.00985e-05
4.00062e-05
4.00021e-05
4.00061e-05
4.0005e-05
4.00157e-05
4.00395e-05
4.00841e-05
4.00947e-05
4.01001e-05
4.00147e-05
4.00272e-05
4.00744e-05
4.01171e-05
4.00333e-05
4.00573e-05
4.00403e-05
4.01092e-05
4.00082e-05
4.00738e-05
4.03549e-05
4.00035e-05
3.98944e-05
4.0014e-05
4.0146e-05
0.000302885
4.01501e-05
4.00106e-05
4.09616e-05
3.97413e-05
1.54612e-05
4.0109e-05
4.02546e-05
4.00451e-05
4.00224e-05
4.00743e-05
4.01473e-05
0.000304039
4.00099e-05
4.00487e-05
4.0114e-05
4.00057e-05
4.00407e-05
4.26785e-05
4.00404e-05
4.0159e-05
4.00402e-05
4.00485e-05
4.00498e-05
4.01148e-05
4.00403e-05
4.01171e-05
4.00786e-05
0.000111421
4.00058e-05
4.00949e-05
4.00211e-05
4.00118e-05
4.00582e-05
4.00445e-05
4.00483e-05
4.00747e-05
5.4187e-05
4.01242e-05
4.00233e-05
4.0032e-05
4.00789e-05
4.00018e-05
4.00444e-05
4.00058e-05
4.00037e-05
4.00045e-05
4.01221e-05
4.00761e-05
4.0051e-05
4.00258e-05
4.41953e-05
4.00062e-05
4.00383e-05
4.01352e-05
4.00749e-05
4.00444e-05
4.00512e-05
4.00164e-05
4.01281e-05
4.01231e-05
4.0006e-05
4.00249e-05
4.00519e-05
7.64152e-05
4.00024e-05
4.00227e-05
0.000469521
4.01609e-05
4.00123e-05
4.00795e-05
3.1956e-05
4.02076e-05
2.98562e-05
4.00026e-05
4.00987e-05
4.02617e-05
4.00587e-05
4.00226e-05
4.00198e-05
4.28008e-05
3.98686e-05
4.00896e-05
4.00845e-05
4.00893e-05
4.0007e-05
4.00393e-05
4.00857e-05
4.00532e-05
4.00888e-05
4.00397e-05
4.00515e-05
4.01087e-05
4.00045e-05
4.00168e-05
4.00486e-05
4.00795e-05
3.99658e-05
4.00007e-05
4.00324e-05
4.00581e-05
4.01389e-05
4.06258e-05
4.0154e-05
0.00161135
4.00389e-05
4.00642e-05
4.00734e-05
4.00204e-05
4.00014e-05
4.00622e-05
4.00531e-05
4.00611e-05
4.00148e-05
4.00066e-05
4.00722e-05
4.00334e-05
4.00647e-05
4.0053e-05
4.00041e-05
4.00246e-05
4.0113e-05
4.00045e-05
4.00668e-05
4.07147e-05
4.00364e-05
4.00156e-05
4.00669e-05
4.0017e-05
0.000108536
4.00961e-05
4.00678e-05
4.00155e-05
4.00691e-05
4.00684e-05
4.00699e-05
4.00611e-05
4.00693e-05
4.01171e-05
4.00223e-05
4.00043e-05
4.00207e-05
4.00465e-05
4.00056e-05
4.00297e-05
4.00314e-05
4.01027e-05
4.00697e-05
2.98615e-05
4.0315e-05
4.01264e-05
4.01278e-05
4.00072e-05
4.01134e-05
4.00625e-05
4.00458e-05
4.93956e-05
4.00304e-05
4.01194e-05
4.01771e-05
4.00146e-05
4.00451e-05
4.00236e-05
4.00243e-05
4.00087e-05
0.000249348
4.00649e-05
0.000818557
4.00309e-05
4.00522e-05
4.00134e-05
3.65235e-05
4.00068e-05
4.00463e-05
4.0088e-05
4.00436e-05
4.002e-05
4.00501e-05
4.00042e-05
4.01494e-05
4.01066e-05
4.0024e-05
4.00275e-05
4.00036e-05
4.00694e-05
4.00998e-05
4.07853e-05
4.00381e-05
4.00222e-05
4.50239e-05
4.00499e-05
4.01575e-05
4.00973e-05
4.00059e-05
4.00295e-05
4.00049e-05
4.00363e-05
4.00776e-05
4.00162e-05
4.00277e-05
4.00067e-05
4.00565e-05
4.0009e-05
4.00806e-05
4.00072e-05
4.00314e-05
4.00088e-05
4.00807e-05
4.00135e-05
4.00547e-05
4.0034e-05
4.01219e-05
0.000140563
4.00375e-05
4.0004e-05
4.00579e-05
4.00407e-05
4.00043e-05
4.0091e-05
4.00304e-05
4.00048e-05
4.00055e-05
3.67892e-05
4.0095e-05
4.0037e-05
4.00194e-05
4.0079e-05
4.03724e-05
4.01135e-05
4.00038e-05
4.00044e-05
4.01673e-05
4.0048e-05
4.17623e-05
4.00341e-05
4.00069e-05
4.00032e-05
4.01204e-05
4.0077e-05
4.00652e-05
4.0024e-05
4.00127e-05
4.01142e-05
4.0284e-05
4.00329e-05
4.00043e-05
4.00498e-05
4.00435e-05
4.00014e-05
4.00758e-05
4.0009e-05
4.00399e-05
4.01529e-05
4.00071e-05
4.0616e-05
4.00098e-05
3.9451e-05
4.00142e-05
3.51372e-05
4.00419e-05
4.01136e-05
4.00579e-05
4.00278e-05
3.00712e-05
4.00355e-05
4.00788e-05
4.00298e-05
4.00039e-05
4.00041e-05
4.00896e-05
4.00063e-05
4.00166e-05
4.02516e-05
4.00855e-05
4.01242e-05
4.00213e-05
4.00326e-05
4.0038e-05
4.00062e-05
1.00306e-05
4.21464e-05
4.00179e-05
4.00317e-05
4.367e-05
4.00178e-05
4.01227e-05
4.00729e-05
3.99064e-05
4.00799e-05
4.0033e-05
4.00075e-05
4.00046e-05
4.00393e-05
4.0061e-05
4.10056e-05
4.01318e-05
4.00887e-05
2.11118e-05
4.00387e-05
4.00256e-05
4.01099e-05
4.00756e-05
4.01195e-05
4.01221e-05
4.00875e-05
4.00028e-05
0.000186025
4.00781e-05
4.00399e-05
4.01319e-05
4.00384e-05
4.00554e-05
4.00993e-05
4.00173e-05
4.00724e-05
4.01069e-05
4.0031e-05
4.00259e-05
4.01376e-05
4.00569e-05
4.00853e-05
4.00764e-05
4.01219e-05
4.0124e-05
4.01122e-05
4.00768e-05
4.08001e-05
4.0026e-05
4.0063e-05
4.01511e-05
4.00103e-05
4.00967e-05
4.00454e-05
5.11472e-05
4.00023e-05
4.00058e-05
4.0012e-05
4.00911e-05
4.01214e-05
4.01031e-05
3.22364e-05
4.00876e-05
4.01002e-05
2.84626e-05
3.96907e-05
4.01018e-05
4.00749e-05
4.00822e-05
4.0081e-05
4.00118e-05
4.00506e-05
4.01203e-05
4.00349e-05
4.00955e-05
4.00952e-05
4.00785e-05
4.01006e-05
4.00154e-05
4.00337e-05
4.00329e-05
4.00546e-05
4.00331e-05
4.90192e-05
3.66003e-05
4.00897e-05
4.00973e-05
4.33196e-05
4.00029e-05
4.01189e-05
4.00722e-05
4.00036e-05
4.01178e-05
4.00202e-05
4.01339e-05
4.00726e-05
4.0086e-05
4.00591e-05
4.0084e-05
4.00817e-05
4.00295e-05
4.01191e-05
4.1589e-05
4.00069e-05
4.00374e-05
4.00911e-05
4.00239e-05
4.01076e-05
4.00798e-05
4.00443e-05
4.01204e-05
4.00727e-05
4.00398e-05
4.01546e-05
4.01537e-05
4.00932e-05
4.01267e-05
3.85671e-05
4.01756e-05
4.01042e-05
4.01215e-05
2.78914e-06
4.00694e-05
4.0053e-05
4.00245e-05
4.00429e-05
4.008e-05
4.00333e-05
4.00066e-05
4.00966e-05
4.00295e-05
4.01084e-05
4.18551e-05
4.39312e-05
3.71997e-05
4.01247e-05
4.00381e-05
4.0433e-05
4.00332e-05
4.00277e-05
1.7538e-05
0.000416891
4.01784e-05
4.00151e-05
4.00343e-05
4.00487e-05
4.00726e-05
4.00259e-05
4.01272e-05
4.00421e-05
4.00932e-05
0.000413181
4.00234e-05
4.00023e-05
4.0012e-05
4.00234e-05
4.01564e-05
4.00761e-05
2.81034e-05
4.003e-05
4.01021e-05
4.01279e-05
4.00473e-05
4.00747e-05
4.00973e-05
4.0014e-05
4.00732e-05
4.04108e-05
4.00394e-05
4.00269e-05
4.24067e-05
4.0106e-05
4.00102e-05
4.00228e-05
4.00488e-05
4.00608e-05
4.00663e-05
4.00667e-05
4.00091e-05
4.00078e-05
4.004e-05
4.00136e-05
4.00895e-05
4.00087e-05
3.329e-05
4.01294e-05
4.00709e-05
4.00966e-05
4.01294e-05
4.01645e-05
4.01923e-05
4.00024e-05
4.00629e-05
4.004e-05
4.00798e-05
4.0017e-05
4.01099e-05
4.00556e-05
4.0086e-05
4.00291e-05
4.0025e-05
4.00148e-05
4.00468e-05
3.99144e-05
4.00699e-05
4.0152e-05
4.00541e-05
4.00824e-05
4.00383e-05
4.00026e-05
4.00043e-05
4.00045e-05
4.00933e-05
4.01416e-05
4.00111e-05
2.6684e-05
4.59375e-05
4.0129e-05
4.00781e-05
4.00238e-05
4.01343e-05
4.00078e-05
4.01206e-05
4.00423e-05
4.001e-05
4.00907e-05
4.01167e-05
4.00266e-05
4.00643e-05
4.01222e-05
4.01398e-05
4.01519e-05
4.00347e-05
4.00078e-05
4.0037e-05
4.00003e-05
4.00383e-05
4.00314e-05
4.00069e-05
4.00778e-05
4.00469e-05
4.00778e-05
2.31771e-05
4.00355e-05
4.00836e-05
4.0012e-05
4.01242e-05
4.00176e-05
4.00179e-05
4.01407e-05
4.00223e-05
3.81329e-05
4.0008e-05
4.00394e-05
4.0078e-05
4.4913e-05
4.01293e-05
4.00393e-05
4.00526e-05
0.00215652
4.00153e-05
4.00029e-05
4.01486e-05
4.00639e-05
4.00372e-05
4.00393e-05
4.0063e-05
4.00024e-05
0.000527208
4.00174e-05
2.60391e-06
4.04429e-05
4.06358e-05
4.00673e-05
4.00131e-05
4.00086e-05
4.00545e-05
4.0044e-05
4.00347e-05
4.05975e-05
4.00384e-05
4.00621e-05
4.00058e-05
4.00701e-05
4.01394e-05
0.00073019
4.00768e-05
4.00774e-05
4.00134e-05
4.00143e-05
4.00565e-05
4.00572e-05
4.00429e-05
4.00826e-05
4.00127e-05
4.00076e-05
4.00046e-05
4.0047e-05
4.00183e-05
4.00096e-05
4.00911e-05
4.00382e-05
4.04413e-05
4.00306e-05
4.00992e-05
4.01128e-05
4.0005e-05
4.00346e-05
0.000391757
4.00038e-05
4.12612e-05
4.00922e-05
4.00918e-05
4.00505e-05
4.00809e-05
4.00533e-05
4.00743e-05
4.0085e-05
4.00723e-05
4.00798e-05
4.00074e-05
4.01609e-05
4.00216e-05
4.01028e-05
4.00843e-05
4.00245e-05
4.00553e-05
4.00495e-05
4.00599e-05
4.00152e-05
4.00152e-05
4.00375e-05
4.01399e-05
4.01417e-05
4.01169e-05
4.00421e-05
4.00024e-05
3.95213e-05
4.04464e-05
4.00723e-05
4.00382e-05
4.01147e-05
4.00916e-05
4.0081e-05
4.00053e-05
4.00016e-05
4.0078e-05
4.01116e-05
4.01298e-05
4.01807e-05
4.00448e-05
4.00624e-05
4.0136e-05
4.007e-05
4.07137e-05
4.01087e-05
3.44525e-06
4.00019e-05
4.00753e-05
4.00366e-05
4.06131e-05
4.00118e-05
4.01175e-05
4.00921e-05
3.97263e-05
4.00006e-05
4.00499e-05
4.06919e-05
4.01017e-05
4.0092e-05
4.00186e-05
4.00307e-05
4.00074e-05
4.00364e-05
4.01085e-05
4.01018e-05
4.02814e-05
4.00047e-05
4.00081e-05
4.00094e-05
4.00676e-05
4.00125e-05
4.00475e-05
2.47975e-05
4.00309e-05
4.00097e-05
4.00121e-05
4.00949e-05
4.00798e-05
4.01649e-05
4.00332e-05
4.00581e-05
4.00612e-05
4.00186e-05
0.00053738
4.00104e-05
4.01631e-05
4.00045e-05
4.00184e-05
4.00041e-05
4.00077e-05
4.01106e-05
4.00094e-05
4.00082e-05
2.78115e-05
4.00262e-05
4.0074e-05
4.00972e-05
4.00253e-05
4.00363e-05
4.00582e-05
4.00189e-05
4.00649e-05
4.01026e-05
4.00329e-05
3.73905e-05
5.17355e-06
2.13121e-05
4.00953e-05
4.00945e-05
4.00226e-05
4.00061e-05
4.00589e-05
4.0133e-05
4.38048e-05
4.00449e-05
4.01672e-05
4.00112e-05
4.0005e-05
4.00005e-05
3.85721e-05
4.01262e-05
4.00036e-05
4.03615e-05
4.00009e-05
4.00659e-05
4.00048e-05
4.0151e-05
4.00251e-05
4.00876e-05
4.08899e-05
4.00062e-05
4.00317e-05
4.00392e-05
4.00911e-05
4.00874e-05
4.00318e-05
4.00254e-05
4.21631e-05
4.00042e-05
4.00348e-05
4.00401e-05
4.00007e-05
4.01519e-05
4.00524e-05
4.0021e-05
4.00094e-05
4.0006e-05
4.00711e-05
4.00839e-05
4.01296e-05
4.00981e-05
4.00607e-05
4.0048e-05
4.00327e-05
4.56795e-05
4.06865e-05
4.06969e-05
4.00121e-05
4.00393e-05
4.00451e-05
0.000224151
4.00145e-05
4.00083e-05
4.00542e-05
4.21272e-05
3.22555e-05
4.00759e-05
4.00032e-05
4.00805e-05
4.00528e-05
0.00129451
4.00188e-05
4.0115e-05
4.00217e-05
4.00743e-05
4.01672e-05
4.00045e-05
0.000741952
4.00645e-05
4.01233e-05
4.00407e-05
4.01203e-05
4.01123e-05
4.00416e-05
4.00114e-05
0.000218787
4.00966e-05
4.00899e-05
0.000136507
4.01116e-05
4.00075e-05
4.00926e-05
4.00771e-05
4.00847e-05
4.009e-05
4.00312e-05
4.00079e-05
4.01414e-05
4.00696e-05
0.00190923
4.00382e-05
4.00254e-05
4.00434e-05
4.00453e-05
4.00343e-05
4.00073e-05
4.00648e-05
4.00984e-05
4.00162e-05
4.00754e-05
0.000166069
4.00047e-05
4.0122e-05
4.0011e-05
4.22442e-05
4.00371e-05
4.00443e-05
4.01618e-05
4.01553e-05
4.0065e-05
4.01361e-05
4.01038e-05
4.00866e-05
4.09771e-05
4.00523e-05
4.04945e-05
4.00911e-05
3.96529e-05
4.0005e-05
4.00059e-05
0.00132984
4.0081e-05
4.00226e-05
4.00417e-05
4.00527e-05
4.0028e-05
4.01241e-05
4.00738e-05
4.01623e-05
4.00405e-05
4.00799e-05
4.00078e-05
4.00212e-05
4.00202e-05
4.00715e-05
4.00551e-05
4.00361e-05
0.000193957
3.90349e-05
4.00742e-05
4.00449e-05
4.0112e-05
4.0056e-05
4.00074e-05
4.00541e-05
4.01541e-05
4.0006e-05
4.00007e-05
4.01833e-05
4.0017e-05
4.0069e-05
4.00425e-05
4.00031e-05
4.00418e-05
4.00902e-05
4.00339e-05
4.00422e-05
4.00606e-05
4.05587e-05
4.0008e-05
4.00059e-05
4.01093e-05
4.00418e-05
4.2844e-05
4.00774e-05
4.00049e-05
4.00193e-05
4.00074e-05
4.00312e-05
4.00343e-05
4.00588e-05
0.000241708
3.3004e-05
4.01245e-05
4.01223e-05
4.00817e-05
4.0009e-05
4.00177e-05
4.00062e-05
4.00161e-05
4.00395e-05
4.0017e-05
4.00773e-05
4.00074e-05
4.00063e-05
4.00266e-05
0.000111343
4.00072e-05
4.0009e-05
5.62974e-06
4.00064e-05
4.01263e-05
4.00949e-05
4.00674e-05
4.00507e-05
4.00889e-05
0.00206617
4.00403e-05
4.00058e-05
4.00207e-05
4.00005e-05
4.00038e-05
4.00222e-05
4.00361e-05
4.00112e-05
4.0097e-05
4.00519e-05
4.00094e-05
4.00648e-05
4.00028e-05
4.01009e-05
4.01455e-05
4.01628e-05
4.00569e-05
4.00328e-05
4.00071e-05
4.01146e-05
4.00479e-05
4.03068e-05
4.02807e-05
0.000380597
4.00169e-05
4.00067e-05
4.00136e-05
4.00146e-05
4.00064e-05
4.00357e-05
4.00724e-05
4.00052e-05
4.00555e-05
4.0157e-05
4.01086e-05
4.06198e-05
4.00421e-05
4.0009e-05
4.00959e-05
4.00458e-05
4.00338e-05
0.000126154
0.000164705
4.00094e-05
4.00707e-05
4.01914e-05
4.01137e-05
4.01129e-05
4.00963e-05
4.01017e-05
4.00739e-05
4.00232e-05
4.00113e-05
4.0044e-05
0.00114267
4.07259e-05
4.00033e-05
4.00953e-05
4.00083e-05
4.00639e-05
4.00976e-05
4.00131e-05
4.0209e-05
4.00414e-05
4.00068e-05
4.00193e-05
4.01141e-05
4.0029e-05
4.00923e-05
4.00426e-05
4.06407e-05
4.0006e-05
4.01086e-05
1.16663e-05
4.00705e-05
4.00335e-05
4.00615e-05
4.00039e-05
4.01805e-05
4.02315e-05
4.00284e-05
4.00266e-05
4.00348e-05
6.11336e-05
4.00389e-05
4.01369e-05
4.01583e-05
4.00455e-05
4.00105e-05
4.00126e-05
4.00355e-05
4.00795e-05
4.07152e-05
3.96565e-05
4.00417e-05
0.000479894
4.00337e-05
4.0168e-05
4.01482e-05
4.0009e-05
4.00398e-05
4.00601e-05
4.01693e-05
4.00036e-05
4.0161e-05
4.00272e-05
4.00194e-05
4.00045e-05
4.00727e-05
4.00827e-05
4.00239e-05
4.00176e-05
4.00653e-05
4.00584e-05
4.30161e-05
4.00812e-05
4.00992e-05
4.01162e-05
4.00105e-05
4.00403e-05
4.00434e-05
4.01094e-05
4.00165e-05
4.17163e-05
4.00095e-05
4.00464e-05
4.0144e-05
4.0079e-05
4.03586e-05
4.00368e-05
4.001e-05
4.00195e-05
4.00348e-05
0.000192424
4.00391e-05
4.01496e-05
4.00578e-05
4.00845e-05
4.00325e-05
4.01351e-05
4.00869e-05
4.01028e-05
4.00588e-05
4.003e-05
4.0001e-05
4.0058e-05
4.01122e-05
1.8219e-05
4.0107e-05
0.000517259
4.00036e-05
4.01037e-05
4.00386e-05
4.00167e-05
4.00007e-05
4.01347e-05
4.68277e-06
5.23562e-05
4.00298e-05
4.00045e-05
4.00017e-05
4.00065e-05
1.02983e-05
4.00075e-05
4.00713e-05
4.00385e-05
4.01745e-05
4.00382e-05
4.00155e-05
4.00379e-05
4.00216e-05
0.000488257
4.00031e-05
4.00783e-05
4.00773e-05
4.00915e-05
4.00929e-05
4.00795e-05
4.56358e-05
4.00814e-05
4.01101e-05
3.9765e-05
4.45771e-05
0.000103494
4.00732e-05
0.00108086
4.0063e-05
3.89377e-05
4.00258e-05
4.00428e-05
4.01926e-05
4.0035e-05
4.00164e-05
4.00806e-05
4.00087e-05
4.0022e-05
4.01875e-05
4.01134e-05
4.00785e-05
4.0001e-05
4.00224e-05
4.00176e-05
4.0037e-05
4.00651e-05
0.000528171
3.96275e-05
4.00245e-05
4.00771e-05
4.00626e-05
3.98768e-05
4.02856e-05
4.00518e-05
4.00003e-05
4.00219e-05
4.00078e-05
4.0039e-05
4.00518e-05
4.00291e-05
3.92488e-05
4.00983e-05
4.00687e-05
4.018e-05
4.00091e-05
4.00271e-05
4.01046e-05
4.00681e-05
0.000152893
4.012e-05
4.0005e-05
4.00443e-05
4.00038e-05
4.06629e-05
4.73793e-05
4.00208e-05
4.00218e-05
4.00872e-05
4.01168e-05
4.0037e-05
4.00501e-05
4.01127e-05
4.18334e-05
4.0013e-05
9.25748e-05
4.00122e-05
4.00641e-05
4.00044e-05
4.01341e-05
4.00748e-05
4.00775e-05
4.01409e-05
4.00368e-05
4.00364e-05
4.02972e-05
8.95832e-05
4.00369e-05
4.09662e-05
4.00149e-05
4.00065e-05
4.00058e-05
3.95916e-05
4.0112e-05
4.00442e-05
4.00444e-05
4.00435e-05
4.00087e-05
4.00179e-05
4.00304e-05
0.000520106
4.01235e-05
4.00223e-05
4.00811e-05
4.00077e-05
4.00736e-05
4.00723e-05
4.00423e-05
4.01003e-05
4.00041e-05
4.00522e-05
4.00773e-05
0.000118661
4.00783e-05
0.000106003
4.00363e-05
4.0039e-05
4.00124e-05
4.03282e-05
4.00399e-05
4.00671e-05
4.00788e-05
4.00119e-05
4.0091e-05
4.01101e-05
4.00535e-05
8.74372e-05
4.01208e-05
4.00151e-05
4.00231e-05
4.00912e-05
4.00739e-05
4.00284e-05
4.00012e-05
4.00798e-05
3.96487e-05
4.01088e-05
4.00205e-05
4.00389e-05
4.00342e-05
4.00661e-05
4.00699e-05
4.0059e-05
4.00093e-05
4.00242e-05
3.97416e-05
4.00147e-05
4.02307e-05
4.0016e-05
4.00134e-05
4.00018e-05
4.0071e-05
4.25574e-05
4.00292e-05
4.0099e-05
4.00341e-05
0.000104703
4.00321e-05
4.01098e-05
4.0072e-05
4.00116e-05
0.00137054
4.00753e-05
4.01091e-05
4.00273e-05
4.00057e-05
4.00174e-05
4.00023e-05
4.01133e-05
4.01903e-05
4.00402e-05
4.00386e-05
4.0007e-05
4.01073e-05
4.01107e-05
4.01107e-05
0.00222723
4.00899e-05
4.0004e-05
4.00221e-05
4.00306e-05
2.00306e-05
4.00798e-05
4.00271e-05
4.0172e-05
4.04951e-05
4.00597e-05
4.01984e-05
4.00386e-05
4.00218e-05
4.01004e-05
4.00857e-05
4.00892e-05
4.00552e-05
4.00703e-05
4.01608e-05
3.33986e-05
4.00853e-05
4.01028e-05
4.00434e-05
4.00484e-05
4.0004e-05
4.0025e-05
4.21696e-05
0.000664997
4.01214e-05
4.01484e-05
4.00827e-05
4.00504e-05
4.0147e-05
4.00093e-05
4.00106e-05
4.00823e-05
4.00056e-05
4.006e-05
4.19236e-05
4.01302e-05
4.00054e-05
4.00317e-05
4.00029e-05
2.10328e-05
4.00353e-05
2.58544e-05
4.00768e-05
4.00458e-05
4.0004e-05
4.00188e-05
4.01013e-05
4.0022e-05
4.00994e-05
4.0059e-05
4.00775e-05
4.00143e-05
4.13784e-05
4.00495e-05
4.00042e-05
4.00844e-05
4.00531e-05
4.00789e-05
4.00507e-05
4.00055e-05
4.0005e-05
4.00398e-05
4.00468e-05
4.00109e-05
4.00323e-05
4.0078e-05
2.5913e-05
4.01e-05
0.000956025
4.00624e-05
4.00051e-05
4.01005e-05
4.00361e-05
4.00826e-05
4.00119e-05
4.00343e-05
4.00065e-05
4.00585e-05
4.00166e-05
4.00611e-05
4.0022e-05
4.00341e-05
0.00140164
4.00284e-05
0.00179344
4.00058e-05
4.00252e-05
4.01108e-05
4.00428e-05
4.00633e-05
0.00128277
4.0009e-05
4.00267e-05
4.00997e-05
4.00212e-05
4.00447e-05
4.00413e-05
4.00682e-05
4.00425e-05
4.00684e-05
4.00916e-05
4.00308e-05
8.37235e-05
4.00306e-05
4.0055e-05
3.18165e-05
4.00033e-05
4.00122e-05
4.01042e-05
4.00174e-05
4.00114e-05
4.00121e-05
4.00064e-05
3.80717e-05
4.00587e-05
4.00578e-05
4.01097e-05
4.00358e-05
4.01107e-05
4.00663e-05
4.00389e-05
4.00835e-05
4.00469e-05
4.00176e-05
4.00736e-05
4.01006e-05
4.00579e-05
4.00089e-05
4.00573e-05
4.0022e-05
4.01099e-05
4.00399e-05
4.00742e-05
4.02697e-05
4.00075e-05
4.00242e-05
4.00074e-05
4.00509e-05
4.00099e-05
4.00527e-05
4.00424e-05
4.49596e-05
4.00337e-05
4.00421e-05
4.00045e-05
4.0076e-05
3.99664e-05
4.08589e-05
4.06291e-05
4.00231e-05
4.00607e-05
0.000646353
4.00047e-05
0.000101988
4.00052e-05
4.00039e-05
4.00608e-05
4.00522e-05
4.00387e-05
4.00069e-05
4.00666e-05
4.00914e-05
0.00164604
3.98672e-05
4.00066e-05
4.00135e-05
4.00953e-05
6.2314e-06
4.01541e-05
4.00611e-05
4.01039e-05
4.00057e-05
4.00894e-05
4.00326e-05
3.99879e-05
0.00174479
4.00158e-05
4.0045e-05
4.00471e-05
3.90067e-05
4.00854e-05
4.00576e-05
4.00871e-05
4.00847e-05
4.00607e-05
4.0003e-05
4.00344e-05
4.00413e-05
0.00017082
4.00352e-05
4.00536e-05
4.00603e-05
4.03617e-05
4.0147e-05
4.00532e-05
4.01087e-05
4.00227e-05
4.03967e-05
4.01021e-05
4.00113e-05
4.00372e-05
4.00488e-05
4.0089e-05
4.27848e-05
4.00592e-05
4.00322e-05
4.00421e-05
4.00089e-05
3.95823e-05
4.00598e-05
4.00066e-05
4.00046e-05
4.00315e-05
4.01335e-05
4.01131e-05
4.00992e-05
4.0153e-05
4.00906e-05
4.0074e-05
1.74581e-05
0.00033471
4.00052e-05
4.00302e-05
4.00034e-05
4.00415e-05
4.00073e-05
4.00791e-05
4.00532e-05
4.00686e-05
4.00951e-05
4.00904e-05
4.00843e-05
4.02556e-05
4.05673e-05
0.000178391
4.00006e-05
4.04492e-05
4.01466e-05
4.00039e-05
4.01493e-05
4.00136e-05
4.00301e-05
4.01554e-05
4.06267e-05
4.05869e-05
4.00036e-05
4.07202e-05
4.00021e-05
4.00041e-05
4.00014e-05
4.00539e-05
4.00437e-05
0.00206778
4.00306e-05
4.00045e-05
4.01223e-05
4.00696e-05
4.00481e-05
4.00591e-05
4.00179e-05
4.0004e-05
4.01318e-05
4.00151e-05
4.05852e-05
4.01961e-05
4.00129e-05
4.01073e-05
4.00369e-05
4.00096e-05
4.00464e-05
4.00579e-05
4.00456e-05
4.01073e-05
4.01288e-05
4.00824e-05
4.00706e-05
4.00398e-05
4.01016e-05
4.00121e-05
4.00169e-05
4.00732e-05
4.00501e-05
4.00399e-05
4.01048e-05
4.01488e-05
4.0015e-05
4.01487e-05
3.96412e-05
4.00009e-05
4.00084e-05
4.00712e-05
4.00035e-05
4.00028e-05
4.00498e-05
4.00447e-05
3.95831e-05
0.000364281
3.68973e-05
4.00121e-05
4.00844e-05
4.00052e-05
0.000842755
4.00952e-05
3.79476e-05
0.000714809
4.00778e-05
4.00213e-05
4.00448e-05
4.0031e-05
4.00473e-05
3.97215e-05
0.000327691
4.01504e-05
4.01711e-05
0.000286274
0.000789674
4.00413e-05
3.16843e-05
4.01111e-05
4.00464e-05
4.00032e-05
4.00559e-05
4.00972e-05
0.00202094
4.00638e-05
4.01375e-05
4.00362e-05
4.00101e-05
4.01334e-05
4.00312e-05
4.06504e-05
4.00957e-05
4.02388e-05
4.00065e-05
4.01476e-05
4.00016e-05
4.00625e-05
4.02156e-05
4.00785e-05
0.000184979
4.01025e-05
4.06612e-05
4.00547e-05
4.00744e-05
4.03827e-05
4.00436e-05
4.01356e-05
7.9276e-05
4.00909e-05
4.00749e-05
4.15755e-05
0.000131896
4.01542e-05
4.00075e-05
0.000729082
4.04143e-05
4.00402e-05
4.00255e-05
4.00422e-05
4.00775e-05
4.00283e-05
3.75507e-05
4.08191e-05
4.00124e-05
4.00609e-05
4.00578e-05
4.00034e-05
3.99693e-05
4.00125e-05
2.15537e-05
4.00116e-05
4.00764e-05
4.00677e-05
4.00748e-05
0.000150669
4.01348e-05
4.00204e-05
4.00906e-05
0.000792617
4.00339e-05
4.0002e-05
3.9769e-05
4.00955e-05
4.00485e-05
4.01366e-05
4.00452e-05
4.01289e-05
3.29239e-05
4.09541e-05
4.00553e-05
4.00091e-05
4.00348e-05
4.77347e-05
4.01373e-05
4.003e-05
0.000289357
0.000305793
4.00789e-05
4.00588e-05
4.07951e-05
4.00034e-05
7.93536e-06
4.00069e-05
4.01168e-05
4.00385e-05
4.00014e-05
4.01253e-05
4.01141e-05
4.00362e-05
4.00678e-05
4.01155e-05
4.00515e-05
4.01488e-05
4.00439e-05
4.01212e-05
4.03959e-05
4.00797e-05
3.9642e-05
4.00587e-05
4.00355e-05
0.000145601
4.01089e-05
4.00488e-05
0.000171532
2.10071e-05
4.01473e-05
4.00735e-05
4.0007e-05
4.00074e-05
4.01032e-05
4.00293e-05
4.11909e-05
4.00053e-05
4.04147e-05
4.00251e-05
4.00152e-05
4.00841e-05
4.00141e-05
4.01397e-05
4.00382e-05
4.0004e-05
4.00476e-05
4.01676e-05
4.0081e-05
4.0025e-05
4.01366e-05
4.01777e-05
4.06572e-05
0.000267306
4.00515e-05
4.00047e-05
4.00403e-05
4.0111e-05
4.00367e-05
4.01344e-05
4.00967e-05
4.0078e-05
4.009e-05
4.06844e-05
4.00892e-05
4.00104e-05
4.00185e-05
4.0098e-05
4.00845e-05
0.00206566
4.00394e-05
4.00855e-05
4.00982e-05
4.00725e-05
4.01122e-05
7.3389e-06
2.01355e-05
4.00214e-05
4.00626e-05
4.00075e-05
4.00021e-05
4.00615e-05
4.00561e-05
4.0028e-05
4.00062e-05
4.00581e-05
4.00527e-05
3.71771e-05
4.00528e-05
3.99614e-05
4.00567e-05
7.31895e-05
4.00515e-05
4.00898e-05
4.00311e-05
4.00275e-05
4.00375e-05
9.38134e-06
4.00442e-05
4.0014e-05
4.00784e-05
4.00585e-05
4.01002e-05
4.38458e-06
4.00272e-05
4.01202e-05
4.00075e-05
4.00259e-05
4.00017e-05
4.00045e-05
4.00168e-05
4.0032e-05
4.05889e-05
4.54366e-05
4.00026e-05
0.000110919
4.00125e-05
4.00356e-05
4.00025e-05
4.00747e-05
4.00224e-05
4.00917e-05
4.00624e-05
4.00123e-05
4.00893e-05
7.39749e-05
4.00229e-05
1.00053e-05
4.00518e-05
0.000252338
4.00035e-05
4.00654e-05
4.00069e-05
4.01497e-05
4.00873e-05
4.00067e-05
4.00675e-05
4.00058e-05
4.00907e-05
4.00209e-05
4.06468e-05
4.00052e-05
4.00319e-05
4.00404e-05
4.00953e-05
4.0002e-05
4.00674e-05
4.01656e-05
4.00152e-05
4.00681e-05
0.000204145
4.01424e-05
4.00687e-05
4.0021e-05
4.00223e-05
4.01085e-05
3.84841e-05
0.000348229
4.00699e-05
4.00693e-05
4.00784e-05
4.00724e-05
4.01383e-05
4.00223e-05
4.01292e-05
4.13094e-05
4.1025e-05
4.00068e-05
4.00854e-05
4.00702e-05
4.00647e-05
4.00364e-05
4.23178e-05
4.00485e-05
4.00227e-05
4.00029e-05
4.003e-05
4.0062e-05
5.5659e-06
4.00865e-05
4.15337e-05
4.00721e-05
4.0045e-05
4.00334e-05
4.00371e-05
4.01e-05
4.00047e-05
4.0013e-05
4.00085e-05
4.00107e-05
4.06988e-05
0.00156726
4.00918e-05
4.00946e-05
4.00045e-05
0.00010227
3.08267e-05
4.01706e-05
4.00376e-05
4.00068e-05
4.00467e-05
4.00784e-05
4.00007e-05
4.06625e-05
4.00247e-05
4.0104e-05
4.0462e-05
4.00631e-05
4.00062e-05
4.08984e-05
4.0125e-05
4.0114e-05
4.00059e-05
4.01102e-05
4.00576e-05
3.99492e-05
4.00216e-05
4.00403e-05
4.0062e-05
4.00891e-05
4.05434e-05
4.00056e-05
0.000130478
4.01131e-05
4.0708e-05
3.9013e-05
4.00989e-05
4.00277e-05
4.00166e-05
4.00079e-05
4.00868e-05
4.00225e-05
4.0091e-05
4.00203e-05
4.00332e-05
4.44991e-05
4.00678e-05
4.00227e-05
0.000123411
4.00966e-05
4.00029e-05
4.00569e-05
4.0048e-05
4.00298e-05
4.00404e-05
4.00412e-05
4.00097e-05
4.00042e-05
4.0054e-05
4.00037e-05
4.00683e-05
4.00299e-05
4.00128e-05
4.01014e-05
4.0035e-05
4.00321e-05
4.01113e-05
4.00059e-05
4.00513e-05
3.96082e-05
4.00341e-05
4.0034e-05
4.00095e-05
4.00062e-05
4.00373e-05
4.09464e-05
0.00135985
4.01139e-05
4.00386e-05
9.94289e-05
0.00199563
0.00147769
4.00049e-05
4.17505e-05
0.000244246
4.00069e-05
4.00355e-05
4.00575e-05
4.00564e-05
4.00293e-05
4.00137e-05
4.00352e-05
4.00585e-05
4.00444e-05
4.01791e-05
4.00708e-05
4.00065e-05
4.0101e-05
4.00653e-05
4.00222e-05
4.00321e-05
4.00026e-05
4.082e-05
4.01011e-05
4.13872e-05
4.00736e-05
4.00425e-05
4.01364e-05
4.00278e-05
4.00283e-05
4.00085e-05
4.01161e-05
4.00766e-05
4.01654e-05
4.00314e-05
4.00387e-05
4.01612e-05
4.00723e-05
4.0046e-05
4.00384e-05
4.10382e-05
0.00123904
4.00042e-05
4.00193e-05
4.00909e-05
4.00103e-05
4.0055e-05
4.01156e-05
4.00407e-05
4.00356e-05
0.000473479
4.00668e-05
4.00408e-05
4.00035e-05
3.94976e-05
4.00094e-05
4.0076e-05
4.00025e-05
4.00429e-05
4.00394e-05
4.01705e-05
4.0099e-05
4.01215e-05
0.000100022
4.00279e-05
4.00178e-05
4.00012e-05
4.00595e-05
4.00062e-05
4.00049e-05
4.0045e-05
4.10825e-05
4.0067e-05
4.00989e-05
4.00978e-05
4.10598e-05
4.00003e-05
4.01175e-05
0.000106556
4.00669e-05
4.00761e-05
4.00224e-05
3.95607e-05
4.00377e-05
4.00332e-05
4.06201e-05
4.00751e-05
4.01046e-05
4.00129e-05
4.00341e-05
4.01194e-05
4.00085e-05
4.00165e-05
4.00544e-05
4.00064e-05
4.00438e-05
4.07195e-05
3.98674e-05
4.00937e-05
4.00806e-05
4.0016e-05
4.01041e-05
4.00105e-05
4.00529e-05
4.05864e-05
0.000117953
4.00281e-05
4.00093e-05
4.00419e-05
4.0014e-05
4.0028e-05
4.00368e-05
4.00456e-05
4.01023e-05
2.85644e-06
0.000612746
4.06002e-05
2.83759e-05
4.00968e-05
4.00417e-05
4.00292e-05
3.95239e-05
4.01378e-05
4.00662e-05
4.1625e-05
4.00452e-05
4.0013e-05
4.01941e-05
4.01214e-05
4.00761e-05
4.00425e-05
0.000981636
4.00809e-05
3.96402e-05
4.01184e-05
4.00358e-05
4.0029e-05
4.00677e-05
4.01269e-05
4.009e-05
4.00389e-05
4.00715e-05
4.00383e-05
0.000473738
3.99996e-05
5.8321e-06
4.0049e-05
4.00411e-05
4.01257e-05
4.00411e-05
4.00081e-05
4.0022e-05
4.01215e-05
4.04928e-05
4.00224e-05
4.00745e-05
4.01383e-05
4.00753e-05
4.00606e-05
4.00396e-05
4.00905e-05
4.00766e-05
4.00993e-05
4.00548e-05
4.01206e-05
8.45649e-05
4.00644e-05
4.10178e-05
4.00551e-05
4.01211e-05
4.01e-05
3.25292e-05
4.00812e-05
4.00481e-05
4.05834e-05
4.0056e-05
4.05738e-05
4.00718e-05
4.06778e-05
0.000860514
1.62042e-05
4.01154e-05
4.00747e-05
4.11631e-05
4.00559e-05
4.00571e-05
4.00579e-05
4.05137e-05
4.00923e-05
4.00681e-05
4.01264e-05
4.01217e-05
4.00083e-05
4.00528e-05
4.00503e-05
4.0121e-05
4.0083e-05
4.00322e-05
9.94199e-05
4.01195e-05
4.00271e-05
4.00053e-05
4.00563e-05
4.01241e-05
4.00765e-05
4.02312e-05
4.03986e-05
4.00643e-05
4.00541e-05
4.00782e-05
4.01199e-05
4.00076e-05
4.00429e-05
4.00771e-05
4.00279e-05
4.00763e-05
4.00908e-05
0.00015926
4.00622e-05
4.00478e-05
4.00424e-05
4.00427e-05
4.08107e-05
4.00017e-05
4.011e-05
4.00049e-05
1.06499e-05
4.00347e-05
4.06357e-05
2.44349e-05
4.00814e-05
4.01189e-05
4.00582e-05
4.00537e-05
4.01492e-05
4.00532e-05
4.00386e-05
4.14544e-05
4.00394e-05
4.00737e-05
2.06373e-05
4.00052e-05
4.00132e-05
4.00019e-05
3.39144e-05
4.00309e-05
3.99995e-05
4.00801e-05
4.00885e-05
4.00231e-05
4.04699e-05
4.00344e-05
4.0065e-05
4.00539e-05
4.00005e-05
4.00128e-05
4.01189e-05
4.01093e-05
4.00073e-05
4.0073e-05
4.00531e-05
4.00014e-05
4.00926e-05
4.01603e-05
4.00215e-05
4.00788e-05
4.00093e-05
4.00997e-05
3.39465e-05
4.00157e-05
4.06069e-05
4.00481e-05
4.00674e-05
4.00833e-05
4.01615e-05
4.00662e-05
4.00918e-05
4.00981e-05
4.0102e-05
4.00122e-05
4.01168e-05
4.00886e-05
4.00485e-05
4.01121e-05
4.01197e-05
4.01075e-05
3.99807e-05
4.00344e-05
4.01005e-05
4.01573e-05
4.10195e-05
3.43503e-05
0.000334862
4.00253e-05
4.00206e-05
4.00357e-05
4.00287e-05
4.01461e-05
4.00023e-05
4.01205e-05
4.00759e-05
4.00026e-05
4.00471e-05
4.00262e-05
4.00062e-05
4.00368e-05
4.01365e-05
4.00978e-05
4.00045e-05
4.01512e-05
4.00732e-05
4.00737e-05
4.0122e-05
4.01229e-05
4.10398e-05
4.00276e-05
4.00107e-05
4.00365e-05
4.00382e-05
4.00154e-05
4.01082e-05
4.01079e-05
4.04994e-05
3.8834e-05
0.00186837
4.00314e-05
4.00051e-05
4.01319e-05
4.00403e-05
4.01092e-05
4.01025e-05
4.01241e-05
4.01673e-05
4.06771e-05
4.00367e-05
3.74903e-05
4.01592e-05
4.00008e-05
4.00247e-05
4.00584e-05
3.9996e-05
4.00346e-05
4.01492e-05
4.00413e-05
4.0034e-05
4.01259e-05
4.00117e-05
4.06287e-05
4.00985e-05
4.00701e-05
4.00012e-05
4.00617e-05
4.0004e-05
4.01211e-05
3.93267e-05
4.00279e-05
4.0078e-05
4.0045e-05
4.00184e-05
4.00848e-05
4.00693e-05
4.00347e-05
4.01066e-05
4.01065e-05
4.05413e-05
4.0007e-05
4.0014e-05
4.00106e-05
4.0125e-05
9.28754e-05
4.00012e-05
4.01278e-05
4.00073e-05
4.00014e-05
4.54295e-05
4.00597e-05
0.000644286
4.00651e-05
4.52855e-05
4.36734e-05
4.00016e-05
0.000342633
4.00692e-05
4.00504e-05
4.01062e-05
4.14362e-05
4.01651e-05
4.00122e-05
4.06693e-05
4.00645e-05
4.00539e-05
4.00192e-05
4.12637e-05
4.00243e-05
4.00005e-05
4.01494e-05
4.11376e-05
4.001e-05
4.63771e-05
4.00945e-05
4.01607e-05
4.00949e-05
3.9739e-05
4.00998e-05
4.00022e-05
4.06065e-05
4.01604e-05
4.05042e-05
4.00372e-05
4.00864e-05
3.98389e-05
4.00048e-05
4.00818e-05
4.01433e-05
4.00663e-05
4.01076e-05
4.00061e-05
4.15189e-05
4.00065e-05
4.00276e-05
4.01051e-05
4.69963e-05
4.00178e-05
4.0094e-05
3.61051e-05
2.76683e-05
4.0049e-05
4.01288e-05
9.11551e-06
4.16289e-05
0.00117051
4.00231e-05
4.01083e-05
5.73365e-05
4.00855e-05
4.00365e-05
4.00449e-05
4.00065e-05
4.00088e-05
0.000380541
3.11859e-05
4.00575e-05
4.00376e-05
4.00287e-05
0.00118986
4.00765e-05
4.00347e-05
4.00302e-05
4.00369e-05
4.17157e-05
3.99569e-05
4.01689e-05
4.00893e-05
4.36112e-05
4.01057e-05
4.00589e-05
4.00584e-05
4.00508e-05
4.00563e-05
4.00098e-05
4.0147e-05
4.21042e-05
4.00671e-05
4.00862e-05
4.0078e-05
4.00993e-05
4.00288e-05
4.05826e-05
4.00914e-05
4.00947e-05
4.00112e-05
5.89757e-05
4.0079e-05
4.0078e-05
4.00592e-05
4.00917e-05
4.00363e-05
4.00965e-05
4.00322e-05
4.12317e-05
2.59451e-05
4.01159e-05
4.004e-05
4.17642e-05
4.00143e-05
4.0005e-05
3.88177e-05
4.00609e-05
0.000101495
4.07832e-05
4.01723e-05
3.0272e-05
4.00488e-05
7.30766e-05
4.01465e-05
4.00476e-05
4.0091e-05
4.00955e-05
4.00034e-05
3.90669e-05
4.00127e-05
3.45001e-05
4.18872e-05
4.0076e-05
4.00786e-05
4.00785e-05
7.87568e-05
4.00526e-05
0.000328408
4.00396e-05
4.13165e-05
4.00822e-05
4.00445e-05
4.00454e-05
4.00037e-05
0.00116763
4.00868e-05
4.00396e-05
4.07852e-05
4.01e-05
4.00939e-05
4.00087e-05
4.18633e-05
4.00066e-05
4.00961e-05
4.00382e-05
0.00176842
4.00716e-05
4.00545e-05
4.00669e-05
4.01273e-05
4.0068e-05
5.99413e-05
0.00151508
4.00932e-05
0.000179245
4.13986e-05
4.00976e-05
4.59404e-05
0.00176529
4.00281e-05
4.01015e-05
4.00429e-05
4.01637e-05
4.0308e-05
4.00427e-05
4.00239e-05
4.01229e-05
4.08701e-05
4.07597e-05
4.0076e-05
4.00496e-05
4.27427e-05
4.00134e-05
4.00345e-05
4.00808e-05
4.01151e-05
4.00189e-05
4.14775e-05
4.00075e-05
4.00348e-05
4.00362e-05
4.00551e-05
0.000368451
4.00345e-05
4.18322e-05
0.000893921
4.00266e-05
0.000487525
4.00998e-05
4.00952e-05
0.000843657
4.46402e-05
4.01132e-05
0.00057108
4.00362e-05
4.00428e-05
4.0044e-05
4.00451e-05
4.0087e-05
4.00122e-05
4.00075e-05
4.08755e-05
4.0927e-05
3.09867e-05
4.47125e-05
4.00219e-05
6.27325e-05
4.00269e-05
4.00323e-05
4.00622e-05
4.00494e-05
4.00171e-05
4.00384e-05
4.00463e-05
4.00462e-05
2.50136e-05
4.10268e-05
4.00161e-05
4.00403e-05
4.00426e-05
4.00067e-05
4.0062e-05
4.01366e-05
4.1669e-05
4.00038e-05
4.06019e-05
4.00729e-05
4.00868e-05
9.05542e-06
3.23548e-06
4.00407e-05
4.01123e-05
4.01038e-05
4.01e-05
4.00552e-05
4.00527e-05
4.10414e-05
4.00541e-05
4.00202e-05
4.00394e-05
4.00505e-05
4.00501e-05
4.06116e-05
4.17515e-05
4.00331e-05
4.0664e-05
4.04545e-05
4.05784e-05
4.31906e-05
4.01269e-05
4.00057e-05
4.01908e-05
4.03278e-05
4.00017e-05
4.13825e-05
4.0096e-05
4.00437e-05
4.00431e-05
4.18762e-05
0.000659645
4.00827e-05
2.03829e-06
4.00861e-05
4.00832e-05
1.29886e-06
3.12505e-05
4.00153e-05
4.00381e-05
4.0076e-05
4.01096e-05
4.00336e-05
4.00319e-05
4.07166e-05
4.01055e-05
4.01591e-05
4.18707e-05
4.00238e-05
4.01307e-05
4.00749e-05
4.00869e-05
4.0089e-05
4.01053e-05
3.18552e-05
3.84557e-05
4.06212e-05
4.01062e-05
4.00515e-05
4.0121e-05
4.18638e-05
4.01539e-05
4.00381e-05
4.0007e-05
9.14677e-05
4.00036e-05
4.00729e-05
4.00733e-05
3.90076e-05
4.07087e-05
4.01387e-05
4.00414e-05
4.00638e-05
4.01084e-05
4.00361e-05
4.01045e-05
4.00105e-05
4.01553e-05
4.00734e-05
4.00952e-05
4.01464e-05
4.00045e-05
4.2221e-05
4.00966e-05
4.01117e-05
4.00817e-05
4.00394e-05
8.87515e-06
0.000351656
4.00334e-05
4.00085e-05
4.00632e-05
0.000403539
4.01465e-05
4.00369e-05
4.34724e-05
4.00962e-05
4.00673e-05
4.00424e-05
0.000182708
4.01184e-05
4.00427e-05
4.37716e-05
3.57269e-05
0.000174984
4.88855e-05
4.00128e-05
0.000220759
4.00133e-05
4.00772e-05
4.00916e-05
4.00635e-05
2.96786e-05
4.0054e-05
0.000199553
4.08874e-05
4.24092e-05
4.01433e-05
4.01414e-05
0.0002612
4.00881e-05
0.000525154
4.01379e-05
4.00029e-05
4.01091e-05
4.011e-05
0.000631312
5.69216e-05
4.34194e-05
4.00589e-05
4.00686e-05
4.00593e-05
0.00172627
0.00188678
4.0059e-05
4.003e-05
4.01458e-05
0.000435378
4.00227e-05
4.04628e-05
4.01439e-05
4.00071e-05
4.00946e-05
4.01212e-05
4.00011e-05
4.02403e-05
2.55436e-05
0.000634965
4.00379e-05
4.17878e-05
4.00098e-05
0.00121296
0.000766937
0.00115195
4.00794e-05
0.000681305
3.56585e-05
0.000897289
4.00441e-05
4.0007e-05
4.00584e-05
4.00963e-05
4.00745e-05
7.00383e-05
4.00678e-05
4.00893e-05
4.00937e-05
4.00109e-05
4.01244e-05
4.00234e-05
4.00309e-05
0.00114208
4.23794e-05
4.00361e-05
4.01039e-05
4.00415e-05
4.00464e-05
3.51403e-05
4.00853e-05
4.01217e-05
3.71794e-05
4.00469e-05
0.000101155
4.01114e-05
4.00415e-05
4.0041e-05
4.01381e-05
4.00061e-05
4.00713e-05
4.00872e-05
4.00869e-05
4.26837e-05
4.00402e-05
5.45203e-05
4.00972e-05
4.00542e-05
0.000130284
4.00528e-05
4.05129e-05
4.05778e-05
4.05833e-05
4.04061e-05
4.01304e-05
0.000158207
4.01311e-05
6.57471e-05
4.02038e-05
4.02266e-05
4.03459e-05
4.01562e-05
4.00251e-05
4.00455e-05
4.00696e-05
2.68942e-06
4.00474e-05
4.00762e-05
4.00775e-05
0.0002035
4.01043e-05
4.00792e-05
4.00844e-05
4.01085e-05
4.00994e-05
4.0087e-05
4.0034e-05
4.00571e-05
2.96119e-05
4.0038e-05
4.00399e-05
0.000240578
4.00901e-05
4.00717e-05
4.00735e-05
0.00187477
4.01051e-05
0.000282595
0.00017032
0.00160661
4.01434e-05
0.0017031
4.01099e-05
4.37873e-05
4.26429e-05
0.000343247
0.00195277
4.00055e-05
4.00854e-05
4.00886e-05
0.000415558
4.00871e-05
4.00278e-05
0.00180728
4.00704e-05
4.01444e-05
4.00171e-05
0.00123794
0.000457985
0.000325994
4.0067e-05
0.00166681
4.01092e-05
4.01112e-05
4.78217e-05
0.00156169
4.0059e-05
4.00595e-05
0.000469832
0.000874781
0.000515945
4.00592e-05
4.01559e-05
4.00145e-05
0.000425712
0.000876204
4.00605e-05
4.01454e-05
0.000621113
0.000503214
0.000596538
4.00929e-05
4.00934e-05
0.00136935
3.76891e-05
4.00075e-05
4.00075e-05
0.00140001
0.000704603
0.000760132
4.00797e-05
0.00116815
4.00439e-05
0.00117323
0.000912309
0.000843235
0.000854033
0.00110012
4.00675e-05
4.00679e-05
4.00566e-05
4.00911e-05
4.00891e-05
0.000322261
0.00098986
0.000920863
0.000355088
1.19122e-05
4.01449e-05
4.00252e-05
4.0035e-05
4.00815e-05
4.00464e-05
4.00381e-05
1.39179e-06
4.01399e-05
4.00475e-05
4.0042e-05
4.00443e-05
4.01396e-05
4.01372e-05
4.00684e-05
4.00825e-05
4.00391e-05
4.00402e-05
4.00891e-05
4.0085e-05
4.00721e-05
4.00928e-05
4.00554e-05
4.00521e-05
4.00548e-05
4.04623e-05
4.00694e-05
4.01322e-05
4.01479e-05
4.03851e-05
4.0199e-05
4.01909e-05
4.00452e-05
1.4614e-06
4.00584e-05
4.00849e-05
4.01062e-05
4.01016e-05
4.00749e-05
4.00749e-05
4.00398e-05
4.00385e-05
4.00638e-05
4.0074e-05
4.00718e-05
4.00721e-05
4.00563e-05
4.00575e-05
4.00786e-05
4.01087e-05
4.01413e-05
4.30433e-05
4.2802e-05
4.00853e-05
4.00631e-05
4.00474e-05
4.01463e-05
0.000910088
0.000989065
4.01133e-05
4.01121e-05
1.82376e-05
4.00772e-05
4.00599e-05
4.00593e-05
4.006e-05
4.00691e-05
4.00692e-05
4.00607e-05
4.00623e-05
4.01444e-05
4.00946e-05
4.00909e-05
4.07581e-05
4.0081e-05
4.0075e-05
4.00436e-05
4.00637e-05
4.03275e-05
4.00677e-05
4.00873e-05
4.00909e-05
4.00445e-05
4.00289e-05
4.00478e-05
4.00797e-05
4.00484e-05
4.00426e-05
4.00447e-05
4.0138e-05
4.00783e-05
4.00398e-05
4.00892e-05
4.00765e-05
4.00772e-05
4.00472e-05
4.00556e-05
4.05238e-05
4.01337e-05
4.02108e-05
4.01272e-05
4.01594e-05
4.00457e-05
4.00428e-05
3.58855e-06
8.06917e-06
3.4854e-05
4.01097e-05
4.01092e-05
4.00389e-05
4.01115e-05
4.01411e-05
4.0139e-05
4.01335e-05
4.13845e-05
4.00857e-05
0.000730841
0.000729258
4.0154e-05
4.0091e-05
0.000508047
4.0111e-05
4.01088e-05
4.01215e-05
4.00599e-05
4.00613e-05
4.00641e-05
4.00623e-05
4.0144e-05
4.01429e-05
4.00932e-05
3.75488e-05
4.0806e-05
4.0054e-05
4.00813e-05
4.00823e-05
4.00451e-05
4.00434e-05
4.0065e-05
4.00678e-05
4.00878e-05
4.00938e-05
4.00952e-05
4.00769e-05
4.00263e-05
4.00502e-05
4.00459e-05
4.00476e-05
4.00489e-05
4.00488e-05
4.00451e-05
4.00418e-05
5.67568e-05
4.00761e-05
4.009e-05
4.00851e-05
4.01594e-05
4.01724e-05
4.00576e-05
4.04644e-05
4.02507e-05
4.02163e-05
4.01159e-05
4.00616e-05
4.00823e-05
4.00421e-05
1.43266e-05
2.16796e-05
4.01072e-05
4.00376e-05
4.01374e-05
4.01393e-05
4.00762e-05
4.00778e-05
4.00504e-05
4.0051e-05
4.16185e-05
4.01574e-05
4.01568e-05
0.000354783
4.01248e-05
4.01226e-05
4.00941e-05
4.00601e-05
4.00628e-05
4.00647e-05
4.01409e-05
4.01439e-05
4.00609e-05
4.00939e-05
4.07849e-05
4.07294e-05
4.00618e-05
4.00246e-05
4.00299e-05
4.0083e-05
4.00815e-05
4.00425e-05
4.0044e-05
4.00684e-05
4.00679e-05
4.0106e-05
4.00928e-05
4.00345e-05
4.00857e-05
4.00422e-05
4.00471e-05
4.00498e-05
4.00491e-05
4.00442e-05
4.00427e-05
4.00759e-05
4.00747e-05
4.00864e-05
4.00842e-05
4.00503e-05
4.00587e-05
4.05266e-05
4.00602e-05
4.02163e-05
4.00388e-05
3.27573e-05
7.42238e-05
4.00996e-05
4.00766e-05
4.01368e-05
4.01367e-05
4.29397e-05
4.0613e-05
4.0076e-05
4.01624e-05
0.000666566
0.000150953
4.01277e-05
4.00802e-05
4.00599e-05
4.00648e-05
4.00643e-05
4.01435e-05
4.01374e-05
4.00923e-05
3.73254e-05
4.00834e-05
4.00439e-05
4.00678e-05
4.00686e-05
4.01393e-05
4.01084e-05
4.00308e-05
4.00494e-05
4.00418e-05
4.00502e-05
4.00501e-05
4.00506e-05
4.00753e-05
4.0075e-05
4.00871e-05
4.00823e-05
4.00857e-05
4.0059e-05
4.04642e-05
4.00372e-05
0.000272986
3.06154e-05
0.000116298
4.00995e-05
4.01355e-05
4.01395e-05
4.08092e-05
4.01605e-05
5.72072e-05
4.01261e-05
3.99542e-05
4.00611e-05
4.00612e-05
4.00666e-05
4.01424e-05
4.00911e-05
4.10761e-05
4.00849e-05
4.00456e-05
4.00688e-05
4.0107e-05
4.01407e-05
4.01268e-05
4.00402e-05
4.00529e-05
4.00435e-05
4.00513e-05
4.00751e-05
4.00753e-05
4.0082e-05
4.00821e-05
4.00836e-05
4.03526e-05
4.05391e-05
4.00368e-05
0.000560064
3.88997e-05
5.19482e-06
4.01003e-05
4.01348e-05
4.01358e-05
3.97747e-05
4.01335e-05
4.01645e-05
4.0121e-05
3.99442e-05
4.00623e-05
4.00638e-05
4.00684e-05
4.00665e-05
4.01417e-05
4.00606e-05
4.0086e-05
4.00852e-05
4.00453e-05
4.00686e-05
4.01394e-05
4.01728e-05
4.00357e-05
4.00509e-05
4.00512e-05
4.00525e-05
4.00768e-05
4.00772e-05
4.00757e-05
4.00872e-05
4.00832e-05
4.04683e-05
4.00378e-05
4.0042e-05
3.24185e-05
0.000949906
4.17285e-05
4.00994e-05
4.01387e-05
4.01088e-05
4.01645e-05
4.01189e-05
4.00659e-05
4.00686e-05
4.00679e-05
4.01404e-05
4.01414e-05
4.00859e-05
4.00842e-05
4.00429e-05
4.00476e-05
4.00681e-05
4.00704e-05
4.01404e-05
4.00485e-05
4.00268e-05
4.00773e-05
4.00532e-05
4.00508e-05
4.00794e-05
4.00754e-05
4.00827e-05
4.00914e-05
4.05425e-05
4.00637e-05
4.00643e-05
4.004e-05
4.0036e-05
0.000911498
4.30491e-05
6.2745e-06
0.00143077
4.01014e-05
4.00989e-05
4.01406e-05
4.00677e-05
4.00674e-05
4.00704e-05
4.04939e-05
4.01399e-05
4.01407e-05
4.00864e-05
4.00494e-05
4.00428e-05
4.35963e-05
4.00702e-05
4.00727e-05
4.01744e-05
3.96423e-05
3.97316e-05
4.00438e-05
3.98581e-05
4.00701e-05
4.00652e-05
4.00342e-05
4.06786e-05
4.00532e-05
4.22773e-05
4.21832e-05
4.0892e-05
4.0077e-05
4.00824e-05
4.00797e-05
4.00934e-05
4.00824e-05
4.00949e-05
4.00845e-05
4.0089e-05
4.04645e-05
4.00757e-05
4.00414e-05
3.27852e-06
0.00146329
4.2644e-05
4.24056e-05
0.00176449
4.00858e-05
4.01096e-05
4.00995e-05
4.00987e-05
4.0139e-05
4.00735e-05
4.00701e-05
4.00734e-05
3.97525e-05
4.38834e-05
4.00721e-05
4.00655e-05
4.00703e-05
3.98924e-05
4.00892e-05
4.00854e-05
4.00406e-05
4.00506e-05
4.00997e-05
4.00728e-05
4.01961e-05
4.01801e-05
4.00556e-05
4.00556e-05
4.00792e-05
4.00823e-05
4.00822e-05
4.00767e-05
4.00958e-05
4.00871e-05
4.055e-05
4.03543e-05
4.00449e-05
1.95989e-05
4.23986e-05
0.00210449
4.2641e-05
2.59428e-06
4.01027e-05
3.97699e-05
4.01408e-05
4.00738e-05
4.00746e-05
4.00749e-05
4.00758e-05
4.3827e-05
4.00842e-05
4.00858e-05
4.01313e-05
4.00496e-05
4.00515e-05
4.00405e-05
4.00406e-05
4.00726e-05
4.01877e-05
4.00556e-05
4.00581e-05
4.0083e-05
4.00767e-05
4.00823e-05
4.00793e-05
4.04556e-05
4.00644e-05
4.00472e-05
4.00443e-05
0.00216117
4.25488e-05
4.14581e-05
4.22508e-05
4.35702e-05
4.01008e-05
4.01463e-05
4.00754e-05
4.00749e-05
4.00792e-05
4.00861e-05
4.00838e-05
4.00526e-05
4.00499e-05
4.0039e-05
4.00756e-05
4.00705e-05
4.00612e-05
4.00537e-05
4.00789e-05
4.00799e-05
4.00849e-05
4.05452e-05
4.00428e-05
4.00446e-05
4.28182e-05
0.00213904
4.19627e-05
0.00219227
4.00754e-05
4.00955e-05
4.00752e-05
4.0149e-05
4.2883e-05
4.00787e-05
4.00762e-05
4.00797e-05
4.00836e-05
4.0039e-05
4.00488e-05
4.00534e-05
4.01013e-05
4.00703e-05
4.00788e-05
4.01142e-05
4.01134e-05
4.01183e-05
3.99588e-05
3.99697e-05
4.04859e-05
4.01223e-05
3.99882e-05
4.03924e-05
4.00536e-05
4.00644e-05
4.02955e-05
4.02537e-05
4.0085e-05
4.0082e-05
4.00884e-05
4.01623e-05
4.0112e-05
4.05606e-05
4.01182e-05
4.01308e-05
4.01308e-05
4.03993e-05
4.01122e-05
4.01162e-05
4.01332e-05
4.01112e-05
4.00433e-05
4.09901e-05
4.1094e-05
4.01152e-05
4.20347e-05
0.00202332
4.01213e-05
4.01309e-05
4.00685e-05
4.01196e-05
4.00968e-05
4.0113e-05
4.01295e-05
4.01193e-05
4.01206e-05
4.01246e-05
4.01884e-05
4.01173e-05
4.00038e-05
4.01268e-05
4.01145e-05
4.25535e-05
4.01189e-05
3.99832e-05
4.01027e-05
4.20193e-05
4.01257e-05
4.01267e-05
4.03243e-05
4.00841e-05
4.01173e-05
4.00674e-05
4.01132e-05
4.19599e-05
4.01134e-05
4.01204e-05
4.01249e-05
4.0078e-05
4.00752e-05
4.16464e-05
4.08103e-05
4.00804e-05
4.01034e-05
4.01171e-05
4.23513e-05
4.00999e-05
4.01181e-05
4.19144e-05
4.01314e-05
4.2236e-05
9.20903e-06
4.01173e-05
4.01144e-05
4.01187e-05
3.99792e-05
4.00829e-05
4.0094e-05
4.0835e-05
3.99949e-05
4.00478e-05
4.00537e-05
4.00555e-05
4.00402e-05
4.03174e-05
4.29503e-05
4.01183e-05
4.0739e-05
4.01092e-05
4.06602e-05
3.99893e-05
4.00816e-05
4.0069e-05
5.4437e-07
4.01292e-05
4.00258e-05
1.45569e-05
4.00365e-05
4.09993e-05
3.2369e-05
4.13541e-05
4.18186e-05
4.1537e-05
2.3142e-05
4.05162e-05
4.01138e-05
4.00954e-05
1.24379e-05
3.99161e-05
4.01193e-05
4.11285e-05
4.00563e-05
4.01231e-05
4.00674e-05
4.00558e-05
4.00526e-05
4.00641e-05
3.99987e-05
1.3824e-05
4.00818e-05
3.88327e-05
4.00877e-05
4.00855e-05
4.02683e-05
3.06392e-05
4.00788e-05
4.00932e-05
2.02498e-05
4.00751e-05
4.0121e-05
4.05815e-05
4.24861e-05
0.00182337
4.02206e-05
3.06004e-05
4.0041e-05
4.11909e-05
4.04098e-05
2.75809e-05
4.11075e-05
4.01038e-05
4.0126e-05
4.004e-05
4.16744e-05
4.24313e-05
4.00954e-05
4.01041e-05
4.00856e-05
4.01266e-05
4.0129e-05
4.01062e-05
4.00541e-05
9.81186e-06
4.20927e-05
3.99823e-05
3.96193e-05
4.00644e-05
4.11834e-05
1.53867e-05
4.00578e-05
3.96723e-05
4.22508e-05
4.01081e-05
4.00699e-05
4.00834e-05
4.0011e-05
3.99505e-05
4.03456e-05
4.32115e-05
3.97152e-05
0.00208993
3.99996e-05
4.01112e-05
4.00834e-05
3.79635e-05
4.0335e-05
4.01196e-05
4.17955e-05
4.01038e-05
4.0353e-05
4.01207e-05
1.99416e-05
4.25403e-05
3.39866e-06
4.01274e-05
4.27385e-05
4.0047e-05
1.53595e-06
6.56185e-06
3.99687e-05
4.01294e-05
4.01281e-05
1.34647e-05
4.16353e-05
4.22096e-05
4.0088e-05
4.00096e-05
3.67234e-05
2.88153e-05
4.31621e-05
4.01237e-05
4.0201e-05
4.24572e-05
4.00178e-05
0.000105585
4.02277e-05
0.00209758
4.44117e-05
4.0079e-05
4.00783e-05
3.99083e-05
0.00133117
4.00759e-05
3.97395e-05
0.000852575
4.00829e-05
1.54563e-05
0.00206424
4.01291e-05
6.15145e-06
4.00795e-05
4.00845e-05
4.24357e-05
4.00868e-05
3.68541e-05
4.00336e-05
4.0107e-05
3.97041e-05
1.58726e-05
4.00862e-05
4.00843e-05
3.98996e-05
2.82914e-05
4.00723e-05
4.22676e-05
1.90678e-05
2.78057e-05
4.04046e-05
4.06676e-05
4.00836e-05
4.00765e-05
4.00839e-05
4.16288e-05
4.16326e-05
6.18494e-06
4.00819e-05
3.96318e-05
4.05058e-05
4.00399e-05
4.00489e-05
4.00473e-05
4.00546e-05
4.0122e-05
4.0124e-05
4.00517e-05
4.0134e-05
3.26593e-05
4.2551e-05
0.000316739
4.12313e-05
4.01155e-05
4.00825e-05
4.02873e-05
4.00689e-05
4.38685e-05
0.00168387
4.00843e-05
4.0076e-05
4.02072e-05
4.27337e-05
3.21887e-06
4.39641e-05
3.99155e-05
4.41929e-05
1.12711e-06
4.02795e-05
2.3105e-05
4.17342e-05
3.97481e-05
4.46195e-05
2.8502e-05
4.00839e-05
9.2719e-05
4.00842e-05
4.01106e-05
4.00989e-05
4.00841e-05
4.00151e-05
3.97409e-05
4.00701e-05
4.28605e-05
4.23406e-05
4.01146e-05
3.86524e-05
4.02201e-05
0.00190574
4.00686e-05
4.15088e-05
2.80921e-05
4.00531e-05
4.00526e-05
4.00703e-05
4.00677e-05
3.97113e-05
4.2232e-05
4.0106e-05
0.00170097
4.26955e-05
4.00514e-05
3.99735e-05
3.62873e-05
4.01125e-05
3.18181e-05
3.26077e-05
4.01018e-05
4.00762e-05
4.00893e-05
4.00878e-05
3.99834e-05
4.00984e-05
4.00634e-05
4.00458e-05
4.00793e-05
3.96507e-05
4.01261e-05
4.01397e-05
4.0142e-05
4.01161e-05
4.01053e-05
2.61009e-05
4.18923e-05
0.00129704
4.14518e-05
4.01133e-05
4.2764e-05
4.18436e-05
2.55719e-05
3.8553e-05
3.99856e-05
3.99244e-05
4.23538e-05
4.00752e-05
4.07254e-05
4.01213e-05
4.32115e-05
4.27681e-05
0.00139661
0.0021264
0.000964813
4.01269e-05
4.01204e-05
4.01226e-05
4.0042e-05
3.99611e-05
5.38119e-05
0.00163884
4.13484e-05
4.00868e-05
4.00816e-05
2.72681e-05
4.21531e-05
4.00999e-05
3.72898e-05
4.15257e-05
4.11979e-05
2.05207e-06
4.06831e-05
4.00851e-05
4.10323e-05
2.69729e-05
4.21323e-05
3.63558e-05
4.01349e-05
3.99471e-05
3.36371e-05
4.03413e-05
0.00174871
4.00846e-05
4.00816e-05
4.23556e-05
4.00872e-05
4.01093e-05
4.00753e-05
2.16882e-05
8.13811e-05
4.0708e-05
4.17451e-05
4.01213e-05
3.96272e-05
4.0049e-05
4.01226e-05
0.00153946
4.01461e-05
4.00272e-05
4.17787e-05
4.0096e-05
2.79667e-05
4.06508e-05
4.00711e-05
0.0013919
0.00212524
3.17174e-06
4.15601e-05
4.01309e-05
2.98588e-05
4.0131e-05
4.13881e-05
3.9856e-05
4.00297e-05
4.14527e-05
3.99107e-05
4.46295e-05
4.45273e-05
0.000688987
3.98125e-05
5.2188e-06
3.8212e-05
4.01436e-05
4.01185e-05
4.00576e-05
4.00357e-05
0.00102972
3.99144e-05
4.00696e-05
3.865e-05
3.46251e-05
4.01246e-05
4.01213e-05
3.03399e-05
3.86116e-05
4.01331e-05
4.00854e-05
0.000141358
1.59676e-05
4.01348e-05
4.00868e-05
3.6614e-06
4.00928e-05
4.01291e-05
3.99299e-05
0.000544613
3.99694e-05
4.00841e-05
4.15716e-05
3.94065e-05
3.96482e-05
1.58447e-06
4.01112e-05
3.85577e-05
4.01308e-05
4.012e-05
2.89428e-05
3.99641e-05
4.01105e-05
4.01177e-05
4.03717e-05
3.83608e-05
4.00524e-05
4.13696e-05
3.99458e-05
3.54545e-05
4.01144e-05
4.01006e-05
2.49236e-05
4.01343e-05
4.00536e-05
4.00867e-05
3.995e-05
3.99467e-05
2.02614e-05
4.01104e-05
6.41452e-06
3.15108e-05
4.01173e-05
4.01402e-05
1.86222e-05
1.33759e-05
3.91075e-05
4.26309e-05
3.97738e-05
1.07456e-05
4.01213e-05
4.00684e-05
3.99211e-05
4.12725e-05
4.01443e-05
4.01119e-05
4.00843e-05
4.00831e-05
3.95758e-05
4.09744e-05
4.01503e-05
1.5793e-05
4.38493e-05
4.00587e-05
4.10618e-05
4.00838e-05
4.01149e-05
4.00902e-05
4.0108e-05
4.01424e-05
4.17214e-05
4.00873e-05
1.58014e-05
4.00285e-05
4.01212e-05
4.01339e-05
4.01386e-05
4.47175e-05
4.00644e-05
3.97372e-05
4.01074e-05
4.00804e-05
4.00866e-05
4.25323e-05
4.00952e-05
4.00833e-05
4.00178e-05
4.23693e-05
4.00246e-05
4.01548e-05
4.00795e-05
4.01097e-05
4.22335e-05
4.28988e-05
4.01259e-05
4.00651e-05
4.01419e-05
4.0113e-05
4.12214e-05
3.96464e-05
3.70122e-05
2.07592e-06
4.01324e-05
4.01113e-05
4.30184e-05
4.01315e-05
4.02272e-05
4.17051e-05
1.94621e-05
4.01274e-05
4.00491e-05
4.0118e-05
4.01095e-05
4.01151e-05
3.99839e-05
4.01297e-05
4.01166e-05
4.0536e-05
4.01422e-05
4.04987e-05
3.99234e-05
4.01177e-05
4.00881e-05
4.00857e-05
4.00932e-05
4.00834e-05
4.01274e-05
4.01159e-05
0.00163376
4.01062e-05
4.01218e-05
4.26287e-05
3.99893e-05
4.01099e-05
4.09162e-05
4.01759e-05
4.01526e-05
4.0196e-05
4.00856e-05
4.00836e-05
4.0045e-05
4.01036e-05
4.01338e-05
4.17594e-05
4.0051e-05
2.84854e-06
4.01189e-05
4.01338e-05
1.52938e-05
4.01176e-05
4.0048e-05
3.99385e-05
4.01256e-05
4.01102e-05
4.00776e-05
4.00643e-05
4.42963e-05
6.17624e-06
4.01243e-05
4.01074e-05
4.00464e-05
4.06515e-05
3.17085e-05
4.28643e-05
4.00407e-05
4.00179e-05
0.000110603
4.00735e-05
4.91695e-06
4.01239e-05
4.4066e-05
4.00836e-05
4.05521e-05
4.00858e-05
3.97279e-05
4.00685e-05
4.25558e-05
3.93886e-05
4.00676e-05
4.00827e-05
4.01093e-05
3.9757e-05
4.05205e-05
0.000137779
4.01271e-05
4.01092e-05
4.01259e-05
4.01148e-05
4.00689e-05
3.029e-05
4.1975e-05
4.01126e-05
4.20837e-05
4.01052e-05
4.13187e-05
3.97593e-05
4.13249e-05
3.97161e-05
0.00158481
4.01164e-05
4.01102e-05
4.00958e-05
4.0085e-05
4.00868e-05
3.18796e-05
4.00842e-05
4.03187e-05
4.0111e-05
4.0306e-05
4.01087e-05
4.0085e-05
4.00463e-05
4.26566e-05
4.08634e-05
4.26747e-05
4.01091e-05
4.01155e-05
4.50489e-05
4.00937e-05
4.01131e-05
3.97587e-05
4.00871e-05
4.01164e-05
4.01089e-05
4.01072e-05
4.41807e-05
4.01168e-05
4.2382e-05
4.0113e-05
4.00846e-05
4.1925e-05
4.00868e-05
0.00207039
4.01302e-05
4.01056e-05
4.01215e-05
4.20626e-05
4.32842e-05
4.01036e-05
0.0013731
4.00856e-05
4.01148e-05
4.01235e-05
5.61732e-06
4.00964e-05
0.00149149
3.0666e-05
4.01524e-05
2.58167e-05
4.01091e-05
4.01996e-05
4.23501e-05
4.01256e-05
4.00891e-05
3.97574e-05
4.01084e-05
3.99105e-05
4.00673e-05
4.01107e-05
4.01098e-05
4.03546e-05
4.13881e-05
4.07091e-05
4.00027e-05
4.01288e-05
4.00702e-05
4.01063e-05
4.06476e-05
4.00944e-05
4.00817e-05
4.0106e-05
4.01242e-05
4.00194e-05
4.00847e-05
4.00845e-05
4.24953e-05
4.4419e-05
4.01058e-05
4.01299e-05
4.05179e-05
4.01127e-05
4.00512e-05
4.19098e-05
4.01402e-05
4.01122e-05
4.00723e-05
0.000862889
1.33017e-05
4.01287e-05
4.00909e-05
4.01083e-05
4.01065e-05
4.33886e-05
4.00853e-05
4.00771e-05
4.00816e-05
2.49467e-05
4.18552e-05
4.05537e-05
4.24135e-05
4.00794e-05
2.19505e-05
4.01256e-05
4.01119e-05
4.00852e-05
4.0798e-05
2.05843e-06
4.00849e-05
0.00173398
3.11845e-05
4.00931e-05
4.00478e-05
3.96627e-05
4.01113e-05
4.19562e-05
2.41244e-05
4.01104e-05
4.0084e-05
3.98087e-05
4.01331e-05
4.01213e-05
4.01304e-05
4.00849e-05
4.01217e-05
4.0113e-05
3.99747e-05
4.00202e-05
0.000895868
3.99075e-05
4.01029e-05
3.09259e-05
4.01097e-05
4.00493e-05
4.01236e-05
4.0497e-05
4.00872e-05
4.01083e-05
4.00961e-05
4.03307e-05
4.17594e-05
4.01534e-05
4.01326e-05
4.0114e-05
3.77349e-05
4.01035e-05
4.07233e-05
4.00387e-05
4.36724e-05
6.16792e-06
4.01102e-05
4.00385e-05
4.01245e-05
3.99766e-05
4.01037e-05
3.437e-05
3.96172e-05
4.00835e-05
4.00197e-05
4.04891e-05
4.0101e-05
4.01008e-05
4.12824e-05
3.99406e-05
4.01202e-05
4.00919e-05
4.01388e-05
3.99905e-05
4.0083e-05
3.67159e-06
4.01094e-05
4.08562e-05
4.00833e-05
4.00596e-05
4.14193e-05
1.9155e-05
4.01087e-05
4.01074e-05
4.00937e-05
4.00466e-05
4.01108e-05
3.31374e-05
4.00674e-05
4.01042e-05
4.00795e-05
4.01132e-05
4.00972e-05
4.00848e-05
4.00836e-05
4.0129e-05
3.74317e-05
2.18788e-05
4.2656e-05
3.5155e-07
4.01204e-05
1.68636e-05
4.00819e-05
4.28277e-05
4.01067e-05
4.00856e-05
4.00999e-05
4.01182e-05
4.14348e-05
4.3788e-05
4.01112e-05
4.01135e-05
4.01106e-05
4.03755e-05
4.01153e-05
4.1736e-05
4.01507e-05
4.01246e-05
4.01219e-05
1.85646e-05
4.02328e-05
4.00848e-05
4.00838e-05
3.49353e-05
4.04786e-05
3.99047e-05
4.00841e-05
2.64374e-05
4.01215e-05
4.00771e-05
4.01379e-05
4.01111e-05
4.011e-05
4.00818e-05
4.01087e-05
4.52148e-05
4.01085e-05
4.00833e-05
4.41052e-05
5.44419e-05
4.0088e-05
4.00949e-05
2.49914e-05
4.46255e-05
2.48596e-05
4.01101e-05
4.18477e-05
4.01174e-05
4.01195e-05
4.26161e-05
4.00865e-05
4.01095e-05
1.97054e-05
3.9764e-05
4.01112e-05
4.00833e-05
4.05995e-05
4.01172e-05
4.11279e-05
4.22685e-05
4.01093e-05
4.00853e-05
4.01201e-05
4.01187e-05
4.01393e-05
4.05933e-05
4.00856e-05
4.01041e-05
4.04224e-05
0.000112892
4.01053e-05
4.0123e-05
4.0747e-05
4.01205e-05
3.89206e-05
3.98055e-05
3.97557e-05
4.01002e-05
4.0118e-05
4.01074e-05
4.00865e-05
3.97082e-05
4.00907e-05
3.99969e-05
4.00684e-05
4.01191e-05
4.10788e-05
4.008e-05
4.0554e-05
4.00959e-05
4.11295e-05
4.01089e-05
4.00873e-05
4.00865e-05
4.0069e-05
4.01278e-05
4.2248e-05
4.00338e-05
4.00853e-05
4.01057e-05
4.01089e-05
4.00795e-05
4.01158e-05
4.01311e-05
3.98659e-05
4.01095e-05
4.02554e-05
8.72307e-05
3.99568e-05
4.00439e-05
4.01214e-05
4.011e-05
4.45722e-05
4.01859e-05
4.01139e-05
4.05136e-05
1.80875e-05
4.00865e-05
4.04835e-05
0.00108957
3.99953e-05
4.01121e-05
0.00105332
4.01074e-05
4.00768e-05
4.0087e-05
4.00633e-05
4.01199e-05
4.01605e-05
4.02357e-05
4.01166e-05
4.24622e-05
4.00647e-05
4.12617e-05
4.06999e-05
1.50159e-05
2.97435e-05
0.00201105
4.10635e-05
2.20803e-05
3.99742e-05
1.017e-05
4.01143e-05
3.42724e-05
4.01126e-05
0.00022314
4.01091e-05
4.01434e-05
0.00029919
3.90787e-05
4.01204e-05
4.01101e-05
4.01153e-05
4.01882e-05
4.01037e-05
4.01182e-05
4.01112e-05
4.01274e-05
3.17941e-05
4.01037e-05
7.03167e-06
4.00699e-05
4.01181e-05
4.00867e-05
4.01177e-05
2.21247e-05
4.00205e-05
4.01337e-05
4.01089e-05
4.01201e-05
4.01212e-05
4.00865e-05
1.91976e-05
4.01227e-05
1.17444e-05
4.01622e-05
4.00811e-05
4.01462e-05
4.22547e-05
4.00851e-05
4.01092e-05
4.22396e-05
4.06507e-05
4.00642e-05
4.01392e-05
4.19872e-05
4.00871e-05
4.01354e-05
0.00125106
4.17919e-05
4.38026e-05
3.99297e-05
4.01054e-05
4.00871e-05
4.23994e-05
4.02947e-05
4.01543e-05
4.06059e-05
9.24823e-07
3.97054e-05
4.01016e-05
4.18393e-05
4.00834e-05
4.00875e-05
4.01315e-05
4.00873e-05
4.01468e-05
4.0129e-05
4.02367e-05
4.01178e-05
4.0082e-05
4.0136e-05
4.01087e-05
4.00869e-05
4.00855e-05
4.00812e-05
4.01113e-05
4.01405e-05
3.3267e-05
4.00802e-05
4.00253e-05
4.00864e-05
4.00929e-05
4.00872e-05
4.02767e-05
4.01344e-05
4.01316e-05
3.99444e-05
4.01058e-05
4.02384e-05
4.00664e-05
4.01268e-05
3.91323e-06
4.01154e-05
4.01019e-05
4.22215e-05
4.00845e-05
4.01063e-05
0.000325596
4.01089e-05
2.55403e-05
4.00736e-05
4.01272e-05
4.01663e-05
4.32635e-05
4.01173e-05
3.97921e-05
4.0132e-05
4.12092e-05
1.53285e-06
4.00803e-05
4.02e-05
3.68572e-05
4.00862e-05
4.01276e-05
0.00196311
4.01101e-05
4.01531e-05
4.00693e-05
2.3874e-05
4.01316e-05
4.01292e-05
3.7992e-05
4.00853e-05
4.00702e-05
7.77983e-06
2.25731e-05
4.0111e-05
3.99099e-05
0.00214185
4.01375e-05
4.0083e-05
1.65018e-05
6.13532e-06
4.02304e-05
4.08128e-05
4.00862e-05
4.01738e-05
4.00923e-05
4.01021e-05
4.01121e-05
4.3314e-05
4.00818e-05
4.00755e-05
4.16217e-05
4.01063e-05
4.01165e-05
0.00199381
4.00735e-05
4.3716e-05
3.7072e-05
4.01154e-05
4.00749e-05
0.000605285
4.06002e-05
4.0076e-05
4.011e-05
4.17753e-05
4.01139e-05
4.00868e-05
4.00893e-05
4.01346e-05
0.00201767
5.7384e-06
4.00947e-05
4.00848e-05
4.00405e-05
4.00852e-05
4.01236e-05
4.01227e-05
4.28684e-05
4.00853e-05
4.0112e-05
3.38994e-05
3.65452e-05
4.01124e-05
4.01233e-05
4.00447e-05
4.00866e-05
4.0147e-05
4.23624e-05
4.00856e-05
4.00848e-05
4.01309e-05
4.01406e-05
4.00568e-05
4.01087e-05
4.01585e-05
4.01075e-05
1.50951e-05
4.01054e-05
4.01238e-05
4.00684e-05
4.00175e-05
4.01039e-05
3.97142e-05
4.01066e-05
4.01304e-05
4.00873e-05
0.000980647
4.00811e-05
3.9615e-05
4.20855e-05
4.04598e-05
4.00473e-05
4.00838e-05
4.00701e-05
6.88426e-07
4.01086e-05
4.01797e-05
4.44922e-06
4.01212e-05
1.52861e-05
2.39583e-06
4.01076e-05
4.23715e-05
4.01911e-05
0.000640119
4.00786e-05
3.80276e-05
4.0085e-05
4.20523e-05
3.97492e-05
4.2363e-05
9.22938e-06
6.91992e-06
4.04881e-05
4.15457e-05
4.00875e-05
4.00864e-05
4.00486e-05
4.01085e-05
4.01532e-05
4.00772e-05
4.00171e-05
5.15265e-05
4.01186e-05
6.96347e-06
4.00852e-05
4.00657e-05
4.01154e-05
4.07798e-05
4.01387e-05
3.96682e-05
4.01077e-05
4.00683e-05
4.01443e-05
0.000341364
4.01506e-05
3.78286e-05
4.00846e-05
4.01131e-05
0.00198795
4.02812e-05
4.00438e-05
4.01328e-05
4.0048e-05
4.00653e-05
4.01184e-05
0.00139536
3.98194e-05
3.74444e-05
4.01079e-05
4.46865e-05
4.00875e-05
4.01137e-05
4.01071e-05
4.00858e-05
4.01103e-05
4.01106e-05
4.04892e-05
4.75028e-06
0.00176473
4.01285e-05
2.24974e-05
4.01146e-05
4.00853e-05
4.01182e-05
0.00173995
1.49943e-05
0.00198344
4.0156e-05
4.01067e-05
3.974e-05
4.00967e-05
4.01175e-05
4.01188e-05
4.00825e-05
4.00863e-05
4.17854e-05
4.01056e-05
4.40998e-05
7.45903e-06
4.49246e-05
2.71114e-05
4.01285e-05
0.00145255
4.19031e-05
4.00635e-05
4.01135e-05
4.01034e-05
4.00941e-05
4.01042e-05
4.00785e-05
0.000147811
4.01118e-05
3.70759e-05
4.03321e-05
4.01045e-05
4.0313e-05
4.0115e-05
4.01135e-05
4.02681e-05
4.01497e-05
4.01145e-05
4.00429e-05
4.00856e-05
4.00824e-05
4.0153e-05
4.22723e-05
3.99123e-05
4.01204e-05
4.07528e-05
4.23276e-05
3.9977e-05
4.00942e-05
4.00871e-05
4.01083e-05
4.0094e-05
4.01613e-05
4.00919e-05
4.00941e-05
4.0051e-05
4.01095e-05
4.012e-05
4.47057e-05
0.00191689
4.01064e-05
4.00851e-05
3.22107e-05
4.24915e-05
4.00863e-05
4.01074e-05
1.18156e-05
4.01195e-05
4.3485e-05
4.01382e-05
4.0147e-05
4.00658e-05
5.81591e-06
4.00923e-05
4.01392e-05
4.37105e-05
4.00483e-05
3.97842e-05
4.02344e-05
4.00874e-05
4.00037e-05
4.00455e-05
4.28529e-05
4.00933e-05
4.03913e-05
4.22634e-05
4.00984e-05
4.06254e-05
4.00965e-05
4.02467e-05
4.0127e-05
4.01394e-05
4.00805e-05
4.42898e-05
4.01011e-05
4.01667e-05
6.9478e-06
4.00756e-05
4.00928e-05
4.04514e-05
4.0074e-05
4.00876e-05
4.00792e-05
4.00842e-05
4.01252e-05
3.11646e-05
0.000490429
4.0162e-05
3.96433e-05
4.00867e-05
4.01063e-05
4.0087e-05
4.01086e-05
4.00882e-05
4.00871e-05
4.01671e-05
4.01154e-05
4.01115e-05
4.00827e-05
4.01446e-05
4.00832e-05
4.01064e-05
4.01257e-05
4.01301e-05
4.01278e-05
4.01376e-05
3.99786e-05
4.01051e-05
4.01052e-05
4.00874e-05
4.0009e-05
4.01314e-05
4.00785e-05
4.00888e-05
4.00367e-05
4.01381e-05
4.01102e-05
4.15836e-05
4.01126e-05
4.0109e-05
4.03977e-05
4.00919e-05
4.0078e-05
4.01038e-05
1.77323e-05
4.02732e-05
3.38594e-05
4.06635e-05
4.00876e-05
4.00765e-05
4.00866e-05
3.99667e-05
3.95042e-05
4.01344e-05
3.79453e-05
3.47424e-05
0.000537133
4.01158e-05
4.00863e-05
4.01298e-05
4.01167e-05
3.18722e-05
1.55314e-06
4.01655e-05
4.01476e-05
4.01059e-05
1.36559e-05
4.00398e-05
4.01159e-05
4.01109e-05
4.0091e-05
4.33705e-05
4.01346e-05
4.02155e-05
4.00962e-05
4.01039e-05
4.00824e-05
4.01424e-05
6.11506e-06
4.01248e-05
0.00210283
1.53556e-05
4.01196e-05
4.01099e-05
4.00857e-05
4.4391e-05
4.00805e-05
0.000159638
3.6276e-05
4.0128e-05
4.04374e-05
4.31686e-05
3.79857e-05
2.54955e-05
4.01274e-05
4.00843e-05
4.00863e-05
4.01323e-05
4.00731e-05
4.00526e-05
4.00844e-05
4.01108e-05
4.01476e-05
2.30504e-06
4.01148e-05
4.01229e-05
4.011e-05
4.19314e-05
4.02074e-05
4.07476e-05
0.00188358
4.00791e-05
4.01e-05
4.00807e-05
3.22394e-05
1.31923e-05
4.01115e-05
4.01087e-05
4.05428e-05
1.44709e-05
2.18956e-05
4.01157e-05
4.01175e-05
4.01043e-05
4.04216e-05
3.93882e-05
4.03831e-05
4.00881e-05
4.01384e-05
4.00959e-05
4.00718e-05
4.22301e-05
4.44758e-05
1.77149e-05
3.47067e-05
3.58802e-05
3.98068e-05
4.00852e-05
4.13617e-05
4.01053e-05
4.22544e-05
1.9765e-05
4.00854e-05
4.19114e-05
4.00976e-05
4.00872e-05
4.02512e-05
4.01927e-05
4.01057e-05
4.00672e-05
4.00935e-05
4.00816e-05
0.00178322
4.02865e-05
4.00848e-05
4.00873e-05
4.26738e-05
4.01402e-05
4.0082e-05
4.0095e-05
3.996e-05
4.01532e-05
4.00826e-05
4.00828e-05
4.0126e-05
4.0138e-05
4.039e-05
4.00847e-05
8.34346e-06
4.00852e-05
4.00806e-05
0.00204313
4.00846e-05
4.17563e-05
4.00791e-05
4.12558e-05
4.16505e-05
4.01299e-05
4.134e-05
4.01104e-05
4.00848e-05
1.64762e-05
4.0065e-05
4.00233e-05
4.01279e-05
4.01293e-05
4.01239e-05
1.61665e-05
3.99646e-05
3.10655e-05
4.01533e-05
4.01345e-05
4.01218e-05
4.01157e-05
4.00534e-05
4.00976e-05
3.9859e-05
2.27009e-05
4.01221e-05
4.04318e-05
1.61071e-06
3.97492e-05
4.27768e-05
4.00757e-05
0.0021241
4.05503e-05
4.0086e-05
4.14627e-05
3.97554e-05
4.01028e-05
4.01247e-05
4.04084e-05
2.74929e-05
3.96703e-05
4.01026e-05
4.0087e-05
4.01008e-05
4.0084e-05
4.01382e-05
4.01115e-05
3.99906e-05
1.30966e-05
4.01001e-05
4.01259e-05
4.01059e-05
4.00901e-05
4.00939e-05
2.71461e-05
4.02869e-05
0.00173211
4.01078e-05
4.30407e-05
4.31095e-05
2.86199e-05
4.01365e-05
4.01322e-05
4.08449e-05
4.01007e-05
4.01192e-05
4.00672e-05
2.8798e-06
3.96226e-05
2.77517e-05
4.00867e-05
4.00743e-05
4.01292e-05
4.00869e-05
3.59212e-05
4.01057e-05
4.00848e-05
2.73497e-05
4.02953e-05
3.96699e-05
3.9963e-05
4.01004e-05
4.0179e-05
4.0074e-05
4.05819e-05
4.01126e-05
4.01853e-05
2.61112e-05
3.504e-05
4.00567e-05
4.00564e-05
4.01025e-05
4.14197e-05
3.99723e-05
4.0091e-05
4.00387e-05
4.00872e-05
4.00635e-05
4.00866e-05
4.04277e-05
4.01338e-05
4.00228e-05
4.13292e-05
4.01058e-05
4.0113e-05
4.00816e-05
2.1137e-05
4.01676e-05
4.01132e-05
4.00764e-05
3.99773e-05
4.00852e-05
4.01237e-05
4.00978e-05
4.01284e-05
4.40035e-05
4.01332e-05
4.01062e-05
4.01714e-05
4.0503e-05
4.08236e-05
4.00882e-05
4.01517e-05
4.02223e-05
3.99885e-05
4.01032e-05
2.77186e-05
4.01171e-05
4.01204e-05
4.08837e-05
3.8162e-05
4.0115e-05
3.98049e-05
4.0687e-05
2.1907e-05
4.34049e-05
4.01199e-05
4.00864e-05
4.01152e-05
4.01117e-05
4.0173e-05
4.0913e-05
4.01139e-05
4.007e-05
4.01191e-05
4.18359e-05
4.01308e-05
4.00744e-05
4.01107e-05
4.00784e-05
4.00764e-05
4.00833e-05
1.79059e-05
4.01031e-05
4.00975e-05
4.01011e-05
4.01065e-05
4.00763e-05
3.97356e-05
4.0041e-05
4.00894e-05
4.00787e-05
4.00869e-05
4.44432e-05
4.15685e-05
4.19239e-05
4.00512e-05
4.00878e-05
4.01052e-05
4.00889e-05
4.08199e-05
4.04098e-05
4.00701e-05
4.01228e-05
4.02996e-05
3.4482e-06
1.35509e-05
4.01295e-05
4.01092e-05
4.43725e-05
3.96279e-05
4.01056e-05
4.13671e-05
4.02853e-05
3.29191e-05
4.01183e-05
4.01078e-05
3.99191e-05
4.00973e-05
4.01269e-05
1.00153e-05
4.00752e-05
4.00693e-05
4.00728e-05
4.00816e-05
4.01042e-05
4.21965e-05
9.17889e-05
4.06464e-05
3.99195e-05
4.18063e-05
4.00954e-05
4.01257e-05
4.01309e-05
4.27041e-05
3.19016e-05
4.01086e-05
4.0111e-05
4.0095e-05
4.00848e-05
2.03774e-05
4.01035e-05
3.9949e-05
3.7544e-05
4.01786e-05
4.01181e-05
4.01407e-05
4.03681e-05
4.01106e-05
4.01123e-05
4.00895e-05
3.98219e-05
4.00926e-05
4.0048e-05
4.00764e-05
4.00667e-05
4.00948e-05
4.12915e-05
9.78659e-05
4.01332e-05
3.9821e-05
3.86174e-05
4.01641e-05
4.00773e-05
4.07324e-05
2.63063e-05
4.01044e-05
3.06813e-05
4.00826e-05
4.01045e-05
4.01202e-05
4.13938e-05
4.00553e-05
4.01299e-05
4.01072e-05
4.00798e-05
3.62738e-05
4.01084e-05
3.99232e-05
4.01142e-05
4.21272e-05
4.00841e-05
4.01053e-05
4.0335e-05
4.00846e-05
1.21096e-05
4.00871e-05
3.99052e-05
4.3341e-05
4.00756e-05
3.99791e-05
9.9445e-06
4.05216e-05
4.01383e-05
4.19456e-05
4.06815e-05
6.93103e-09
4.00649e-05
4.01704e-05
2.10835e-06
4.01232e-05
4.00978e-05
4.00842e-05
4.11912e-05
4.00674e-05
4.00866e-05
4.16063e-05
3.96384e-05
3.99635e-05
4.00449e-05
4.01088e-05
0.00021347
4.0141e-05
4.0064e-05
4.01255e-05
4.00855e-05
4.13131e-05
2.32972e-06
4.01412e-05
4.00981e-05
4.00173e-05
4.01044e-05
4.0087e-05
4.16963e-05
4.00866e-05
4.00592e-05
4.01209e-05
4.0084e-05
4.00885e-05
0.000566541
4.22029e-05
4.01172e-05
4.00019e-05
4.00713e-05
3.6361e-05
4.01081e-05
4.0066e-05
3.99203e-05
4.00852e-05
4.01249e-05
4.00868e-05
4.00809e-05
4.00829e-05
4.01211e-05
4.00463e-05
4.00448e-05
1.81864e-05
4.01176e-05
4.00691e-05
4.00815e-05
4.01211e-05
4.0095e-05
4.01102e-05
4.00664e-05
4.00924e-05
4.03838e-05
4.00912e-05
4.00869e-05
4.00429e-05
4.0143e-05
4.01356e-05
4.01064e-05
3.99335e-05
4.00662e-05
4.00528e-05
4.26017e-05
4.01365e-05
4.03463e-05
4.02215e-05
4.01223e-05
4.00699e-05
4.01088e-05
3.97387e-05
4.003e-05
3.94928e-05
9.39651e-06
4.00998e-05
1.52141e-05
4.01086e-05
4.00871e-05
4.01267e-05
4.01386e-05
4.00994e-05
4.3027e-05
4.00985e-05
4.00938e-05
1.08938e-05
3.99772e-05
4.01309e-05
4.0158e-05
2.48248e-05
4.01048e-05
1.44776e-05
4.01002e-05
4.00637e-05
4.00742e-05
4.00767e-05
4.00815e-05
4.00761e-05
4.00853e-05
4.00849e-05
4.00879e-05
4.0085e-05
3.99091e-05
4.0086e-05
3.96986e-05
4.0181e-05
4.0107e-05
4.04453e-05
4.01297e-05
4.00984e-05
4.00751e-05
4.01028e-05
4.00866e-05
4.0086e-05
3.96026e-05
4.01082e-05
4.00847e-05
4.00841e-05
4.01175e-05
4.0119e-05
4.00584e-05
4.01185e-05
4.0117e-05
4.00513e-05
3.05491e-05
4.00658e-05
4.0042e-05
4.00894e-05
4.01474e-05
3.97324e-05
3.98554e-05
4.00865e-05
4.00796e-05
3.30652e-05
4.04117e-05
4.01076e-05
4.02645e-05
4.00869e-05
4.01057e-05
3.79679e-05
4.00969e-05
4.08157e-05
4.01107e-05
4.01105e-05
4.00524e-05
4.01099e-05
3.97446e-05
4.00859e-05
4.0123e-05
4.00426e-05
4.00935e-05
4.01116e-05
4.08125e-05
3.99022e-05
4.00161e-05
4.0091e-05
3.55641e-05
3.36212e-05
4.06533e-05
4.00987e-05
4.01182e-05
4.00553e-05
1.13824e-06
4.01208e-05
4.01199e-05
4.01067e-05
4.01337e-05
4.03971e-05
4.14844e-05
6.7384e-06
4.01089e-05
4.01291e-05
4.01248e-05
4.0128e-05
4.01268e-05
4.01202e-05
4.0542e-05
2.71124e-05
2.42433e-05
4.01284e-05
1.748e-05
4.00944e-05
3.9742e-05
4.01274e-05
4.03247e-05
4.00733e-05
7.17624e-05
4.00883e-05
4.01011e-05
4.3327e-05
4.11998e-05
4.02532e-05
7.80783e-05
4.01204e-05
4.01062e-05
4.01076e-05
4.00839e-05
4.00868e-05
4.01383e-05
4.00983e-05
4.0075e-05
4.3865e-05
4.28753e-05
4.01148e-05
4.16737e-05
4.01395e-05
4.01554e-05
4.02149e-05
4.0127e-05
4.03861e-05
4.01285e-05
4.00791e-05
4.00701e-05
4.01215e-05
4.00859e-05
4.00784e-05
4.26747e-05
4.00754e-05
4.13606e-05
0.000937045
4.00377e-05
4.01148e-05
4.01207e-05
4.03649e-05
4.00469e-05
4.00567e-05
4.00786e-05
4.03547e-05
4.01213e-05
4.01214e-05
3.5858e-05
4.0075e-05
4.0052e-05
4.00724e-05
4.01168e-05
4.0112e-05
4.00616e-05
4.00974e-05
4.01066e-05
4.14826e-05
4.00379e-05
4.00767e-05
4.01139e-05
4.0105e-05
4.01211e-05
4.01342e-05
4.01099e-05
4.01111e-05
4.06253e-05
4.01511e-05
4.03013e-05
4.01017e-05
4.00956e-05
4.00732e-05
4.01046e-05
4.01262e-05
4.00984e-05
4.01082e-05
4.00862e-05
3.96833e-05
3.9972e-05
4.01328e-05
4.00885e-05
4.01045e-05
4.0278e-05
4.00864e-05
4.0407e-05
3.99522e-05
4.00764e-05
4.00963e-05
4.00466e-05
4.00546e-05
4.01193e-05
4.01199e-05
4.0142e-05
4.01313e-05
4.70212e-05
4.00642e-05
4.01318e-05
3.97276e-05
4.01106e-05
4.00593e-05
4.01087e-05
4.00796e-05
4.00787e-05
4.00709e-05
4.00937e-05
4.01262e-05
4.01477e-05
4.01494e-05
2.76667e-05
2.22529e-05
4.01432e-05
4.0043e-05
4.00502e-05
4.01208e-05
4.01114e-05
4.00631e-05
4.0075e-05
4.00913e-05
4.33401e-05
4.00705e-05
4.01821e-05
4.01038e-05
3.18168e-05
3.79866e-05
4.00745e-05
4.01117e-05
4.01243e-05
4.00569e-05
4.01498e-05
4.01108e-05
4.04492e-05
4.01214e-05
4.00868e-05
4.01009e-05
4.09041e-05
4.23735e-05
4.05876e-05
3.99523e-05
4.01638e-05
4.00924e-05
4.00549e-05
7.71275e-06
3.97419e-05
4.00287e-05
1.37079e-05
4.01003e-05
4.00653e-05
4.00915e-05
4.01213e-05
4.00588e-05
4.00994e-05
4.00976e-05
4.01227e-05
4.01078e-05
4.01073e-05
3.97378e-05
4.00891e-05
4.00732e-05
4.00994e-05
4.01016e-05
4.00728e-05
0.000572457
4.00543e-05
4.00505e-05
2.78698e-05
4.01292e-05
4.01167e-05
4.04588e-05
4.01091e-05
4.00768e-05
4.00373e-05
4.01606e-05
4.011e-05
4.01085e-05
4.00845e-05
4.0088e-05
4.00909e-05
4.01066e-05
4.00898e-05
4.00815e-05
4.0079e-05
4.00862e-05
4.00877e-05
4.00582e-05
4.08128e-05
4.00575e-05
4.01132e-05
4.00891e-05
4.05418e-05
4.01489e-05
4.0102e-05
4.01266e-05
4.02842e-05
4.01116e-05
4.01077e-05
4.01104e-05
4.00927e-05
4.00865e-05
4.00806e-05
4.00981e-05
4.00997e-05
4.00901e-05
2.98793e-05
4.21954e-05
4.00987e-05
4.01175e-05
4.00682e-05
4.01021e-05
3.99621e-05
4.01115e-05
4.00688e-05
4.00794e-05
4.00837e-05
4.00862e-05
4.01392e-05
4.0125e-05
4.01015e-05
4.00844e-05
4.01318e-05
4.00868e-05
4.00701e-05
4.01515e-05
4.01061e-05
3.99575e-05
4.00689e-05
3.98946e-05
4.00636e-05
4.00585e-05
4.00146e-05
4.0128e-05
4.0114e-05
4.01132e-05
4.01129e-05
4.01065e-05
4.00818e-05
4.00995e-05
4.00829e-05
4.27032e-05
3.72238e-05
4.01573e-05
4.0096e-05
4.01344e-05
4.01363e-05
1.66468e-05
4.00798e-05
4.01612e-05
4.01059e-05
9.58568e-06
3.96335e-05
4.0119e-05
4.01202e-05
4.0109e-05
4.01087e-05
4.01083e-05
4.01271e-05
4.01079e-05
4.01083e-05
4.00953e-05
4.26773e-05
4.16897e-05
0.000883778
4.01533e-05
4.01657e-05
4.00653e-05
4.38641e-05
4.03356e-05
4.00778e-05
4.0086e-05
4.0091e-05
4.00977e-05
4.00835e-05
4.01339e-05
4.20537e-05
3.9916e-05
4.02578e-05
4.00478e-05
4.0055e-05
4.00923e-05
3.61142e-05
4.01177e-05
4.00608e-05
4.01041e-05
3.99079e-05
4.00438e-05
4.01143e-05
4.17662e-05
4.11174e-05
4.01027e-05
4.01695e-05
1.53918e-05
3.20364e-05
4.01385e-05
4.01245e-05
4.01212e-05
4.01143e-05
4.01085e-05
4.01093e-05
4.01359e-05
4.011e-05
4.01075e-05
4.0113e-05
4.00985e-05
4.01004e-05
4.0101e-05
4.01228e-05
4.01146e-05
4.00781e-05
4.00887e-05
3.89645e-05
4.005e-05
4.01803e-05
4.00858e-05
3.9711e-05
4.06002e-05
4.01042e-05
4.01706e-05
4.04685e-05
4.08159e-05
4.01329e-05
4.00863e-05
4.01072e-05
4.01171e-05
4.00848e-05
2.54153e-05
4.04416e-05
4.01064e-05
4.01126e-05
4.01121e-05
4.00891e-05
3.69222e-05
4.09027e-05
4.19752e-05
4.01731e-05
1.50287e-05
4.00801e-05
4.01435e-05
4.00954e-05
4.01094e-05
4.00798e-05
4.0074e-05
4.0114e-05
4.00912e-05
4.00989e-05
4.01194e-05
4.42638e-05
0.000923059
4.01659e-05
4.01561e-05
4.01004e-05
4.01317e-05
4.017e-05
4.01362e-05
4.11687e-05
4.00875e-05
4.03362e-05
4.04425e-05
4.01197e-05
4.01257e-05
4.0169e-05
4.0113e-05
4.01137e-05
4.00441e-05
4.00938e-05
4.00807e-05
4.00838e-05
4.00981e-05
4.00982e-05
4.00992e-05
4.00758e-05
4.00859e-05
4.00811e-05
4.15605e-05
4.00871e-05
4.00846e-05
4.00758e-05
4.01274e-05
4.01225e-05
4.01947e-05
4.01168e-05
4.02182e-05
4.02142e-05
0.000905641
4.03394e-05
4.00626e-05
4.03092e-05
4.03796e-05
4.01045e-05
4.00489e-05
0.00115977
4.00848e-05
4.22068e-05
1.60163e-06
4.01257e-05
4.01202e-05
4.01153e-05
4.0051e-05
4.00696e-05
4.01035e-05
4.0103e-05
4.01013e-05
4.00885e-05
4.00929e-05
4.00905e-05
4.00866e-05
4.00871e-05
4.00839e-05
4.00801e-05
0.000113153
4.01504e-05
4.0065e-05
4.23812e-05
4.00474e-05
4.00762e-05
4.0078e-05
4.01073e-05
4.00924e-05
4.00957e-05
4.00924e-05
4.01029e-05
4.00873e-05
4.00837e-05
4.00724e-05
4.00779e-05
4.00738e-05
4.01257e-05
0.000294772
4.01115e-05
4.07383e-05
4.03834e-05
4.05243e-05
4.00864e-05
0.000155802
4.02014e-05
4.00356e-05
2.68066e-06
4.04423e-05
4.00817e-05
3.51386e-05
4.00937e-05
4.01102e-05
4.01088e-05
4.00836e-05
4.00889e-05
4.00869e-05
4.00868e-05
4.02026e-05
3.70601e-05
4.01421e-05
4.05455e-05
4.00564e-05
4.00925e-05
4.00722e-05
4.00787e-05
4.01008e-05
4.00723e-05
4.00693e-05
4.01054e-05
4.00866e-05
4.00866e-05
4.00699e-05
4.00835e-05
4.00866e-05
4.00771e-05
4.00907e-05
4.00636e-05
4.00607e-05
4.00601e-05
4.01485e-05
3.99666e-05
1.9479e-06
4.00542e-05
4.07472e-05
4.02165e-05
4.08388e-05
4.27408e-05
4.15493e-05
4.04099e-05
4.0234e-05
4.01049e-05
4.01027e-05
4.01016e-05
4.01042e-05
4.00864e-05
4.0083e-05
4.01616e-05
4.01335e-05
4.02144e-05
4.01278e-05
4.00984e-05
4.01538e-05
4.00852e-05
4.01385e-05
4.01566e-05
4.00891e-05
4.01174e-05
4.01181e-05
4.01098e-05
4.01101e-05
4.01083e-05
4.00729e-05
4.33761e-05
4.01141e-05
4.01202e-05
4.01264e-05
4.00566e-05
4.00888e-05
4.00917e-05
4.08733e-05
4.00801e-05
4.00732e-05
4.00645e-05
4.00849e-05
4.00975e-05
4.00743e-05
4.01296e-05
4.21573e-05
4.01646e-05
4.00524e-05
4.00646e-05
4.03125e-05
4.03595e-05
4.00628e-05
2.67508e-05
4.00512e-05
4.00592e-05
4.00743e-05
4.00758e-05
4.0042e-05
4.004e-05
4.00749e-05
4.00796e-05
4.00814e-05
4.00834e-05
4.00698e-05
4.00851e-05
4.00867e-05
4.00767e-05
4.00653e-05
4.00636e-05
4.00608e-05
4.13886e-05
4.00975e-05
4.00606e-05
4.01425e-05
4.01398e-05
4.01783e-05
4.00857e-05
4.006e-05
4.00352e-05
4.00471e-05
4.02585e-05
4.00847e-05
4.01025e-05
4.00473e-05
4.01211e-05
4.01147e-05
4.01097e-05
4.01087e-05
4.00691e-05
4.00874e-05
4.01227e-05
4.0098e-05
4.01306e-05
4.01104e-05
4.00859e-05
4.00727e-05
4.01006e-05
4.01593e-05
3.6351e-05
4.00233e-05
4.01493e-05
4.01105e-05
4.166e-05
4.01131e-05
4.01193e-05
4.01356e-05
4.00702e-05
4.0057e-05
4.00543e-05
4.01103e-05
4.00518e-05
4.00887e-05
4.01113e-05
4.00967e-05
3.96292e-05
4.00872e-05
4.01168e-05
4.00767e-05
4.00651e-05
4.00782e-05
4.00634e-05
4.00605e-05
0.00138284
4.00502e-05
4.02504e-05
4.0105e-05
4.00871e-05
4.00798e-05
4.0093e-05
4.02511e-05
4.0035e-05
3.53885e-06
1.94505e-05
4.01126e-05
4.01144e-05
4.01074e-05
4.0101e-05
4.00998e-05
4.00871e-05
4.01012e-05
4.01197e-05
4.00786e-05
4.00902e-05
3.99327e-05
4.00688e-05
4.00744e-05
4.03052e-05
4.01013e-05
4.01046e-05
4.008e-05
4.01221e-05
4.01284e-05
4.0115e-05
4.00723e-05
4.00747e-05
4.00378e-05
4.00766e-05
4.00781e-05
4.00766e-05
4.00797e-05
4.00789e-05
4.00773e-05
4.0078e-05
4.00798e-05
4.01036e-05
4.00975e-05
4.0098e-05
4.00982e-05
4.00695e-05
4.00712e-05
4.00838e-05
4.00787e-05
4.00708e-05
4.00732e-05
4.00838e-05
4.01114e-05
4.01275e-05
4.00545e-05
4.44601e-05
4.01178e-05
4.0247e-05
4.00464e-05
4.01215e-05
4.03427e-05
4.02611e-05
4.04372e-05
4.0056e-05
4.00641e-05
4.00503e-05
4.00902e-05
4.00555e-05
4.00852e-05
4.00683e-05
4.01205e-05
4.00861e-05
4.00628e-05
4.00806e-05
4.01013e-05
4.00915e-05
4.01183e-05
4.00725e-05
4.01066e-05
4.00453e-05
4.00852e-05
4.01335e-05
4.01118e-05
4.00586e-05
4.01027e-05
4.0087e-05
4.0075e-05
4.17488e-05
4.01239e-05
4.01582e-05
4.02114e-05
4.01002e-05
4.01055e-05
4.02719e-05
4.00581e-05
4.00511e-05
4.00481e-05
4.00547e-05
4.01269e-05
4.01176e-05
4.01004e-05
4.00868e-05
4.00883e-05
4.00868e-05
4.01388e-05
4.01599e-05
4.00602e-05
4.00602e-05
4.00598e-05
4.00502e-05
4.00658e-05
4.0084e-05
3.6501e-05
4.17638e-05
3.82105e-05
4.01087e-05
4.00826e-05
4.00952e-05
4.00752e-05
4.00772e-05
4.00777e-05
4.00745e-05
4.01058e-05
4.00996e-05
4.00942e-05
4.00892e-05
4.00983e-05
4.01043e-05
4.00908e-05
4.0077e-05
4.00782e-05
4.00908e-05
4.16853e-05
3.59601e-06
4.01556e-05
4.22589e-05
4.00697e-05
4.00668e-05
4.01051e-05
4.20768e-05
4.02261e-05
4.44381e-05
4.01068e-05
4.02818e-05
4.04355e-05
4.0063e-05
4.00881e-05
4.01214e-05
4.00603e-05
4.0119e-05
4.01319e-05
4.01341e-05
4.01116e-05
4.01133e-05
4.01103e-05
4.01105e-05
4.00378e-05
4.00374e-05
4.00633e-05
4.01094e-05
4.01299e-05
4.01069e-05
4.00977e-05
4.01e-05
4.0074e-05
4.00868e-05
4.00902e-05
4.00987e-05
4.0098e-05
4.00988e-05
4.0098e-05
4.00975e-05
4.00984e-05
4.00993e-05
4.0099e-05
4.00971e-05
4.00934e-05
4.01085e-05
4.00936e-05
4.0073e-05
4.01012e-05
4.00932e-05
4.04841e-05
4.00777e-05
4.00751e-05
4.4445e-05
4.0162e-05
4.0126e-05
4.01195e-05
4.00471e-05
4.02374e-05
4.0133e-05
4.01577e-05
4.03609e-05
4.04075e-05
4.07998e-05
4.01085e-05
4.01423e-05
4.0086e-05
4.00816e-05
4.00563e-05
4.01153e-05
4.01198e-05
4.0126e-05
4.00811e-05
4.00936e-05
4.00737e-05
4.00464e-05
4.00823e-05
4.01621e-05
4.00931e-05
4.00595e-05
4.02044e-05
4.03231e-05
4.03945e-05
4.00921e-05
4.13031e-05
4.01221e-05
4.01262e-05
4.01145e-05
4.01107e-05
4.00557e-05
4.00584e-05
4.00608e-05
4.00723e-05
4.00791e-05
4.00764e-05
4.01069e-05
4.01069e-05
4.00759e-05
4.01061e-05
4.0106e-05
4.01074e-05
4.01047e-05
4.01045e-05
4.0104e-05
4.01044e-05
4.01021e-05
4.01028e-05
4.01024e-05
4.00918e-05
4.01008e-05
4.01015e-05
4.01011e-05
4.01008e-05
4.00935e-05
4.00703e-05
4.00712e-05
4.00721e-05
4.00818e-05
4.00667e-05
4.0727e-05
3.99388e-05
2.82516e-05
1.54042e-05
4.00597e-05
4.00463e-05
4.00704e-05
4.01273e-05
4.01193e-05
4.00529e-05
0.000426407
4.01616e-05
4.01425e-05
4.0058e-05
4.01044e-05
4.01765e-05
4.00626e-05
4.01305e-05
4.01101e-05
4.00488e-05
4.02612e-05
4.00604e-05
4.01144e-05
4.00488e-05
4.00482e-05
4.00938e-05
4.00528e-05
4.00802e-05
4.81877e-05
4.00926e-05
4.01191e-05
4.00516e-05
4.00586e-05
4.00635e-05
4.00588e-05
4.01082e-05
4.01089e-05
4.00754e-05
4.00834e-05
4.00882e-05
4.00783e-05
4.01044e-05
4.01022e-05
4.00987e-05
4.00957e-05
4.01255e-05
4.00992e-05
4.00911e-05
4.0096e-05
4.00799e-05
4.00783e-05
4.01048e-05
4.00673e-05
4.00754e-05
4.01328e-05
4.17034e-05
4.25809e-05
4.24248e-05
4.00544e-05
4.01474e-05
4.09611e-05
4.00918e-05
4.01425e-05
4.0109e-05
4.0056e-05
4.01528e-05
4.00503e-05
4.00824e-05
4.01835e-05
4.00722e-05
4.00926e-05
4.01502e-05
4.00597e-05
4.01756e-05
4.01729e-05
4.01031e-05
4.00656e-05
4.02764e-05
2.89516e-05
4.02737e-05
4.03129e-05
4.00514e-05
4.01254e-05
4.00699e-05
4.02241e-05
4.01171e-05
4.0084e-05
4.00996e-05
4.00479e-05
4.00509e-05
4.00718e-05
4.0079e-05
4.0088e-05
4.00779e-05
4.00689e-05
4.00704e-05
4.01089e-05
4.00815e-05
4.00874e-05
4.0564e-05
4.00459e-05
4.01226e-05
4.0115e-05
4.01038e-05
4.01126e-05
4.0209e-05
4.00702e-05
4.00535e-05
4.00918e-05
4.02045e-05
4.0071e-05
4.0617e-05
4.00523e-05
4.00537e-05
4.00552e-05
4.00575e-05
4.0051e-05
4.01079e-05
4.01089e-05
4.00742e-05
4.00702e-05
4.00858e-05
4.00919e-05
4.00912e-05
4.0076e-05
4.00776e-05
3.98583e-05
4.00867e-05
4.01976e-05
4.00454e-05
4.01535e-05
4.02229e-05
4.00931e-05
4.01434e-05
4.01745e-05
4.01216e-05
4.00674e-05
4.00643e-05
4.01762e-05
3.97818e-05
3.86545e-05
4.00566e-05
4.00777e-05
4.05266e-05
2.2546e-05
3.20044e-05
4.01232e-05
4.01333e-05
4.00531e-05
4.00947e-05
4.0098e-05
4.00769e-05
4.0104e-05
4.00546e-05
4.01265e-05
4.02053e-05
4.01815e-05
4.02838e-05
4.03834e-05
4.03725e-05
4.02858e-05
4.03259e-05
4.0098e-05
4.01092e-05
4.00664e-05
4.00696e-05
4.0067e-05
4.00403e-05
4.0056e-05
4.00481e-05
4.00576e-05
4.00606e-05
4.00577e-05
4.01081e-05
4.00807e-05
4.01075e-05
4.00736e-05
4.00756e-05
4.01047e-05
4.00971e-05
4.00799e-05
4.00806e-05
4.00977e-05
4.00979e-05
4.00965e-05
4.0095e-05
4.00971e-05
4.00643e-05
4.00851e-05
4.0077e-05
4.00718e-05
4.00737e-05
4.00789e-05
4.00737e-05
4.00934e-05
4.00905e-05
4.00757e-05
4.00731e-05
4.01109e-05
4.01063e-05
4.01103e-05
4.01078e-05
4.00876e-05
4.01199e-05
4.00933e-05
4.00758e-05
4.00996e-05
4.01356e-05
4.01218e-05
4.00941e-05
4.01096e-05
4.00765e-05
2.71105e-05
4.0112e-05
4.00916e-05
4.00567e-05
4.0156e-05
4.01731e-05
4.00798e-05
4.00664e-05
4.00502e-05
4.0088e-05
4.00909e-05
4.00631e-05
4.01509e-05
4.01271e-05
4.01777e-05
4.26298e-05
4.03641e-05
4.03031e-05
4.02426e-05
4.00611e-05
4.00978e-05
4.00519e-05
4.01503e-05
4.00699e-05
4.22289e-05
4.01207e-05
4.00597e-05
4.00628e-05
4.00465e-05
4.00884e-05
4.0063e-05
4.00612e-05
5.4784e-05
4.04335e-05
4.0474e-05
4.00806e-05
4.07053e-05
3.99934e-05
4.01152e-05
4.00449e-05
4.00767e-05
4.00749e-05
4.01072e-05
4.01099e-05
4.00879e-05
4.00771e-05
3.99192e-05
4.00989e-05
4.00992e-05
4.00974e-05
4.00993e-05
4.00993e-05
4.00971e-05
4.00961e-05
4.00972e-05
4.00941e-05
4.00771e-05
4.01092e-05
4.00902e-05
4.01046e-05
4.00938e-05
4.00928e-05
4.00746e-05
4.0119e-05
4.01326e-05
4.01483e-05
4.01308e-05
4.01575e-05
4.00516e-05
3.994e-05
4.00351e-05
4.01553e-05
4.03918e-05
4.01139e-05
4.02042e-05
4.00829e-05
4.01522e-05
4.00737e-05
4.01469e-05
4.0064e-05
4.01628e-05
4.00733e-05
4.25184e-06
4.01214e-05
4.00553e-05
4.01845e-05
4.00858e-05
4.00755e-05
4.00619e-05
4.0111e-05
2.79613e-05
4.00989e-05
4.00618e-05
4.0146e-05
4.01461e-05
4.0137e-05
4.00547e-05
4.01451e-05
4.01485e-05
4.01801e-05
4.13335e-05
4.01749e-05
4.0082e-05
4.0246e-05
4.01734e-05
4.0206e-05
3.98911e-05
3.98713e-05
4.00556e-05
4.00468e-05
4.00543e-05
4.00683e-05
4.00595e-05
4.00671e-05
4.00535e-05
4.01072e-05
4.01042e-05
4.01005e-05
4.00982e-05
4.01009e-05
4.00953e-05
4.01117e-05
4.0069e-05
4.0074e-05
4.00814e-05
4.01387e-05
3.96347e-05
3.99067e-05
4.0102e-05
4.01061e-05
4.00855e-05
4.00715e-05
4.00805e-05
4.00713e-05
4.0077e-05
4.01094e-05
4.00776e-05
4.00996e-05
4.00833e-05
4.00921e-05
4.0084e-05
4.00732e-05
4.01099e-05
4.00884e-05
4.01204e-05
4.00795e-05
4.00584e-05
4.22493e-05
4.01121e-05
4.00936e-05
4.01009e-05
4.01105e-05
4.00579e-05
4.00805e-05
4.00562e-05
4.00662e-05
4.00447e-05
4.00688e-05
4.01479e-05
4.01497e-05
4.01651e-05
4.00818e-05
4.0064e-05
4.01254e-05
4.02747e-05
4.01429e-05
4.00949e-05
4.00647e-05
4.00663e-05
4.02089e-05
4.01583e-05
4.0128e-05
4.0129e-05
4.05041e-05
4.01707e-05
4.01616e-05
4.0179e-05
4.02373e-05
4.01501e-05
4.00975e-05
4.00503e-05
4.01704e-05
4.00731e-05
4.01851e-05
4.01686e-05
4.00675e-05
4.02216e-05
4.01203e-05
4.00536e-05
4.00514e-05
4.00919e-05
4.00615e-05
4.00618e-05
4.00692e-05
4.00603e-05
4.02391e-05
4.04251e-05
4.00471e-05
4.0087e-05
4.00632e-05
4.00568e-05
4.00496e-05
4.00582e-05
4.00661e-05
4.00673e-05
4.00673e-05
4.01077e-05
4.00832e-05
3.96815e-05
4.00888e-05
4.00863e-05
4.00981e-05
4.00683e-05
4.01089e-05
4.01197e-05
4.01054e-05
4.00861e-05
4.05214e-05
4.01295e-05
4.0056e-05
4.01198e-05
4.00641e-05
3.99988e-05
4.00564e-05
4.01107e-05
4.01185e-05
4.00572e-05
4.0158e-05
4.02182e-05
4.01541e-05
4.0083e-05
4.01796e-05
4.00704e-05
4.01844e-05
4.00561e-05
4.00961e-05
4.00577e-05
4.00603e-05
4.00635e-05
4.00694e-05
4.0072e-05
4.00385e-05
4.00408e-05
4.00404e-05
4.00538e-05
4.00578e-05
4.0051e-05
4.00504e-05
4.00629e-05
4.00666e-05
4.00705e-05
4.00802e-05
4.01007e-05
4.01004e-05
4.00695e-05
4.01098e-05
4.01092e-05
4.0086e-05
4.00611e-05
4.00998e-05
4.01005e-05
4.01314e-05
4.01187e-05
0.00202894
2.84724e-05
4.00972e-05
4.00918e-05
4.0169e-05
4.01456e-05
4.00515e-05
4.00492e-05
4.00551e-05
4.01527e-05
4.01296e-05
4.01805e-05
4.01511e-05
4.00682e-05
4.00594e-05
4.00619e-05
4.01422e-05
4.0085e-05
4.00572e-05
4.01399e-05
4.01751e-05
4.00769e-05
4.00748e-05
4.01778e-05
4.00738e-05
4.01556e-05
4.00721e-05
4.00619e-05
4.00587e-05
4.00686e-05
4.01682e-05
4.01892e-05
4.01881e-05
4.02154e-05
4.02134e-05
4.01746e-05
4.01743e-05
4.00565e-05
4.03844e-05
4.0072e-05
4.02904e-05
4.00632e-05
4.0057e-05
4.00706e-05
4.00496e-05
4.01408e-05
4.00539e-05
4.00708e-05
4.00666e-05
4.0068e-05
4.02503e-05
4.00381e-05
4.00703e-05
4.00999e-05
4.00783e-05
4.01185e-05
4.50971e-05
4.00612e-05
4.00752e-05
4.00969e-05
4.01073e-05
4.00891e-05
4.00778e-05
4.01014e-05
4.01042e-05
4.00673e-05
3.8462e-05
4.01098e-05
4.01017e-05
4.01023e-05
4.00887e-05
4.01305e-05
4.01076e-05
4.01907e-05
4.00884e-05
4.02407e-05
4.02979e-05
4.021e-05
4.00681e-05
4.03711e-05
4.00761e-05
4.0115e-05
4.01137e-05
4.00538e-05
4.00606e-05
4.0058e-05
4.00601e-05
4.00606e-05
4.00652e-05
4.01076e-05
4.00877e-05
4.00909e-05
4.00765e-05
4.00982e-05
4.01053e-05
4.01127e-05
4.012e-05
4.01023e-05
4.00826e-05
4.00867e-05
4.00716e-05
3.98911e-05
4.00989e-05
4.01034e-05
4.00986e-05
4.00868e-05
4.00725e-05
4.00697e-05
4.01005e-05
4.00686e-05
4.01211e-05
4.01025e-05
4.00809e-05
4.00772e-05
4.00812e-05
4.00921e-05
4.00861e-05
4.01041e-05
4.00596e-05
4.01314e-05
4.00756e-05
4.01351e-05
4.01342e-05
4.13046e-05
4.01354e-05
4.00996e-05
0.00198611
4.01763e-05
4.00942e-05
4.01166e-05
4.00948e-05
4.01227e-05
4.00558e-05
4.01407e-05
4.00797e-05
4.00549e-05
4.00512e-05
4.00549e-05
4.01292e-05
4.01271e-05
4.0092e-05
4.01386e-05
4.01523e-05
4.00514e-05
4.01386e-05
4.01403e-05
4.01347e-05
4.01093e-05
4.01229e-05
4.01216e-05
4.0168e-05
4.01635e-05
4.00684e-05
4.01035e-05
4.01535e-05
4.0178e-05
4.02449e-05
4.02092e-05
4.01342e-05
4.01679e-05
4.0136e-05
4.01538e-05
4.00677e-05
4.02086e-05
4.02375e-05
4.00695e-05
4.03813e-05
4.05443e-05
4.02537e-05
4.03176e-05
4.00578e-05
4.0073e-05
4.02491e-05
4.00482e-05
4.00635e-05
4.00888e-05
4.00942e-05
4.00898e-05
4.0055e-05
4.00521e-05
2.93852e-05
4.00574e-05
4.00528e-05
4.00963e-05
4.01346e-05
4.0334e-05
4.03114e-05
4.00588e-05
4.0075e-05
4.02036e-05
4.01984e-05
4.01098e-05
4.01269e-05
4.01179e-05
4.01168e-05
4.00441e-05
4.00598e-05
4.00776e-05
4.00988e-05
4.00736e-05
4.00688e-05
4.00702e-05
4.00854e-05
4.00865e-05
4.00846e-05
4.00987e-05
4.00865e-05
4.01163e-05
4.00695e-05
4.00985e-05
4.00977e-05
4.00975e-05
4.00653e-05
4.01182e-05
4.00728e-05
4.00791e-05
4.00782e-05
4.01303e-05
4.00615e-05
4.00795e-05
4.0129e-05
4.01317e-05
4.00528e-05
4.00546e-05
4.01512e-05
4.01105e-05
4.01554e-05
4.00756e-05
4.01139e-05
4.01843e-05
4.0049e-05
4.01269e-05
4.00938e-05
4.00869e-05
4.0167e-05
4.00663e-05
4.01859e-05
4.01196e-05
4.00599e-05
4.01714e-05
4.02005e-05
4.02984e-05
4.01584e-05
4.00598e-05
4.00682e-05
4.03309e-05
4.02585e-05
4.04441e-05
4.00922e-05
4.01002e-05
4.00684e-05
4.00542e-05
4.01196e-05
4.01368e-05
4.00778e-05
4.01262e-05
4.03672e-05
4.01762e-05
4.19447e-05
4.43675e-05
3.99528e-05
4.00947e-05
4.00516e-05
4.00662e-05
4.00759e-05
4.00369e-05
4.00385e-05
4.00541e-05
4.00532e-05
4.00499e-05
4.00856e-05
4.00837e-05
4.00759e-05
4.0107e-05
4.00787e-05
4.00808e-05
4.00878e-05
4.00791e-05
4.00723e-05
4.00942e-05
4.00914e-05
4.00798e-05
4.00699e-05
4.00726e-05
4.00805e-05
4.00925e-05
4.0091e-05
4.01288e-05
4.00621e-05
4.00877e-05
4.00821e-05
4.00936e-05
4.0157e-05
4.01274e-05
4.007e-05
4.01338e-05
4.01706e-05
4.00653e-05
4.01425e-05
4.00701e-05
4.01113e-05
1.75827e-05
4.01371e-05
4.00709e-05
4.02298e-05
4.00817e-05
4.00501e-05
4.00634e-05
4.00667e-05
4.00641e-05
4.0044e-05
4.01158e-05
4.00558e-05
4.00731e-05
4.01e-05
4.0104e-05
4.00958e-05
4.00897e-05
4.00638e-05
4.00721e-05
4.00512e-05
4.00528e-05
4.00574e-05
4.00492e-05
4.00623e-05
4.00609e-05
4.00765e-05
4.00835e-05
4.00792e-05
4.00809e-05
4.00843e-05
4.00878e-05
4.00713e-05
4.00976e-05
4.00991e-05
4.00971e-05
4.00973e-05
4.0099e-05
4.00733e-05
4.00936e-05
4.00871e-05
4.00822e-05
4.00782e-05
4.00731e-05
4.00878e-05
4.00737e-05
4.00927e-05
4.01357e-05
4.01191e-05
4.01331e-05
4.01195e-05
4.11206e-05
4.00935e-05
4.02939e-05
4.00868e-05
4.00555e-05
1.43138e-05
4.00568e-05
4.00626e-05
4.00507e-05
4.00692e-05
4.0178e-05
4.00701e-05
4.01045e-05
4.01638e-05
4.01398e-05
4.00822e-05
4.01983e-05
4.01683e-05
4.02604e-05
4.02338e-05
4.00861e-05
4.01023e-05
4.01322e-05
4.00579e-05
4.04549e-05
4.01926e-05
4.00491e-05
4.01748e-05
4.01738e-05
4.00577e-05
4.00864e-05
4.00797e-05
4.00568e-05
4.03102e-05
4.00524e-05
4.00762e-05
4.0369e-05
4.00594e-05
4.00978e-05
4.00802e-05
4.03386e-05
4.0119e-05
4.00382e-05
4.00387e-05
4.00412e-05
4.00484e-05
4.00856e-05
4.01063e-05
4.01025e-05
4.01026e-05
4.0104e-05
4.0094e-05
3.99242e-05
4.00875e-05
4.00825e-05
4.00835e-05
4.00708e-05
4.00674e-05
4.00981e-05
4.00977e-05
4.00975e-05
4.0098e-05
4.01011e-05
4.00973e-05
4.00957e-05
4.00991e-05
4.00717e-05
4.01113e-05
4.0118e-05
4.00704e-05
4.01007e-05
4.00696e-05
4.00763e-05
4.00923e-05
4.01326e-05
4.0142e-05
4.00916e-05
4.00726e-05
4.00752e-05
4.01422e-05
4.0101e-05
3.99762e-05
4.01128e-05
4.00907e-05
4.01204e-05
4.01697e-05
4.00568e-05
4.01694e-05
4.00847e-05
4.00526e-05
4.00526e-05
4.0044e-05
4.00721e-05
4.00672e-05
4.00582e-05
4.01582e-05
4.01572e-05
4.00477e-05
4.01863e-05
4.01811e-05
4.00702e-05
4.01895e-05
4.0173e-05
4.01991e-05
4.01774e-05
4.02187e-05
4.00471e-05
4.00725e-05
4.00882e-05
4.00487e-05
4.00603e-05
4.00856e-05
4.00851e-05
4.00957e-05
4.01003e-05
4.00574e-05
4.23207e-05
4.01224e-05
4.01251e-05
4.0074e-05
4.00775e-05
4.00815e-05
4.01068e-05
4.01085e-05
4.0092e-05
4.01035e-05
4.01033e-05
4.01035e-05
4.00995e-05
4.01056e-05
4.00867e-05
4.00847e-05
4.00981e-05
4.00964e-05
4.00971e-05
4.00805e-05
4.01279e-05
4.00805e-05
4.00824e-05
4.00817e-05
4.00887e-05
4.00907e-05
4.01359e-05
4.01406e-05
3.99177e-05
4.00458e-05
4.00551e-05
4.01765e-05
4.01238e-05
4.01219e-05
4.0125e-05
4.0085e-05
4.08218e-05
4.00641e-05
4.05189e-05
4.01196e-05
4.03104e-05
4.00507e-05
4.00521e-05
4.03148e-05
4.01317e-05
4.01107e-05
4.00378e-05
4.00375e-05
4.00532e-05
4.00532e-05
4.00469e-05
4.00679e-05
4.01025e-05
4.0072e-05
4.00785e-05
4.00867e-05
4.01447e-05
3.99205e-05
4.01004e-05
4.01077e-05
4.00975e-05
4.00706e-05
4.00729e-05
4.00683e-05
4.00791e-05
4.00466e-05
4.00552e-05
4.00558e-05
4.00715e-05
4.01202e-05
4.00499e-05
4.00614e-05
4.00578e-05
4.00851e-05
4.00399e-05
4.01386e-05
4.00674e-05
4.01861e-05
4.00692e-05
3.9871e-05
4.01082e-05
4.01608e-05
4.01333e-05
4.02033e-05
4.01455e-05
4.01862e-05
4.02341e-05
4.02176e-05
4.01018e-05
4.00451e-05
4.00671e-05
4.00455e-05
4.00773e-05
4.00469e-05
4.01093e-05
4.03493e-05
4.01298e-05
4.01342e-05
4.00567e-05
4.00567e-05
4.0065e-05
4.00616e-05
4.00787e-05
4.00656e-05
4.01064e-05
4.00786e-05
4.00769e-05
4.00933e-05
4.00792e-05
4.01009e-05
4.01005e-05
4.01012e-05
4.0099e-05
4.00905e-05
4.01131e-05
4.01216e-05
4.0077e-05
4.00726e-05
4.00847e-05
4.0085e-05
4.01142e-05
4.0098e-05
4.00855e-05
4.00982e-05
4.00688e-05
4.00783e-05
4.00738e-05
4.01204e-05
4.01009e-05
4.00891e-05
4.01313e-05
4.01439e-05
4.00732e-05
3.99743e-05
0.00210777
4.00552e-05
4.00728e-05
4.00555e-05
4.00484e-05
4.00546e-05
4.00558e-05
4.00562e-05
4.01418e-05
4.01568e-05
4.01292e-05
4.01961e-05
3.99631e-05
4.00677e-05
4.0066e-05
4.00586e-05
4.01108e-05
4.01042e-05
4.0259e-05
4.01547e-05
4.02123e-05
4.01193e-05
4.00638e-05
4.00865e-05
4.0177e-05
4.00862e-05
4.0263e-05
4.00682e-05
4.0058e-05
4.02898e-05
4.00524e-05
4.00659e-05
4.02914e-05
4.03212e-05
4.00531e-05
4.02144e-05
4.00537e-05
4.00534e-05
4.01109e-05
4.00491e-05
4.01194e-05
4.00651e-05
4.00556e-05
4.00525e-05
4.00637e-05
4.00371e-05
4.00496e-05
4.00775e-05
4.00712e-05
4.00716e-05
4.00614e-05
4.0073e-05
3.99739e-05
3.85552e-05
4.01396e-05
4.00472e-05
4.01168e-05
4.00616e-05
4.00682e-05
4.01545e-05
4.01592e-05
3.30091e-05
4.0404e-05
4.00574e-05
4.01512e-05
4.00543e-05
4.00523e-05
4.00533e-05
4.00577e-05
4.0056e-05
4.00797e-05
4.00763e-05
4.00725e-05
4.00419e-05
4.00532e-05
4.00506e-05
4.00544e-05
4.00816e-05
4.01043e-05
4.00985e-05
4.00762e-05
4.00971e-05
4.00979e-05
4.00974e-05
4.00733e-05
4.01093e-05
4.01196e-05
4.3993e-05
4.00575e-05
4.00602e-05
4.01549e-05
4.01556e-05
4.00573e-05
4.00456e-05
4.01106e-05
4.00748e-05
4.00721e-05
4.02158e-05
4.01267e-05
4.01333e-05
4.00663e-05
4.0285e-05
1.3727e-05
4.06812e-05
4.00615e-05
4.00599e-05
4.00719e-05
4.00882e-05
4.00542e-05
4.00775e-05
4.00845e-05
4.00992e-05
4.00452e-05
4.01009e-05
4.01288e-05
4.00652e-05
4.01337e-05
4.012e-05
4.00601e-05
4.00663e-05
0.000203103
4.01199e-05
4.01117e-05
4.01095e-05
4.00741e-05
4.00534e-05
4.00576e-05
4.0063e-05
4.00608e-05
4.00813e-05
4.01078e-05
4.00924e-05
4.00834e-05
4.00994e-05
4.01041e-05
4.00709e-05
4.00936e-05
4.00695e-05
4.0101e-05
4.00666e-05
4.00713e-05
4.01027e-05
4.01205e-05
4.00913e-05
4.33261e-05
4.41868e-05
4.01399e-05
4.45599e-05
0.00179147
4.01639e-05
4.00598e-05
4.00552e-05
4.00863e-05
4.01124e-05
4.00706e-05
4.01038e-05
4.12789e-05
4.01348e-05
4.02473e-05
4.01719e-05
4.2471e-05
4.00821e-05
4.07381e-05
4.01738e-05
4.02882e-05
4.14731e-05
4.00432e-05
4.01586e-05
4.00641e-05
4.02993e-05
3.13149e-05
4.27383e-05
4.00502e-05
4.02536e-05
4.0053e-05
4.00532e-05
4.03189e-05
4.01183e-05
4.00978e-05
4.03213e-05
4.00484e-05
4.00773e-05
4.00895e-05
4.53372e-05
4.00531e-05
4.00509e-05
4.00458e-05
4.00481e-05
4.00551e-05
4.0106e-05
4.00688e-05
4.00864e-05
4.00839e-05
4.00831e-05
4.01242e-05
4.00858e-05
4.01247e-05
4.00741e-05
4.00653e-05
4.00807e-05
4.00876e-05
4.00559e-05
4.00134e-05
4.00939e-05
4.02028e-05
4.0068e-05
4.03677e-05
4.011e-05
4.00642e-05
4.01326e-05
4.03921e-05
4.03765e-05
4.01196e-05
4.01133e-05
4.01092e-05
4.00758e-05
4.00808e-05
4.00835e-05
4.00977e-05
4.00696e-05
4.00729e-05
4.00803e-05
4.01198e-05
4.00818e-05
4.00808e-05
4.01246e-05
4.00768e-05
4.04574e-05
4.00973e-05
4.00967e-05
4.03675e-05
4.02153e-05
4.00547e-05
4.00514e-05
4.00601e-05
4.00633e-05
4.00608e-05
4.0042e-05
4.00476e-05
4.00525e-05
4.00517e-05
4.00553e-05
4.01078e-05
4.01089e-05
4.01076e-05
4.01006e-05
4.00976e-05
4.00854e-05
4.00989e-05
4.00982e-05
4.00713e-05
4.00718e-05
4.03768e-05
4.00708e-05
4.07239e-05
4.2242e-05
4.00561e-05
4.01438e-05
4.01426e-05
4.01538e-05
4.00473e-05
4.19556e-05
3.54471e-05
4.09991e-05
4.02701e-05
4.02586e-05
4.01539e-05
4.00804e-05
9.17942e-06
4.01451e-05
4.03924e-05
4.00662e-05
4.00706e-05
4.00716e-05
4.00899e-05
3.78546e-05
4.00779e-05
4.0091e-05
4.05166e-05
4.01205e-05
4.01531e-05
4.00552e-05
4.00008e-05
4.00989e-05
4.00833e-05
4.01476e-05
4.01495e-05
4.00682e-05
4.01426e-05
4.00769e-05
4.01286e-05
4.00625e-05
4.00804e-05
4.01644e-05
4.0108e-05
4.00966e-05
4.01032e-05
4.01e-05
4.00696e-05
4.01303e-05
3.99375e-05
4.00808e-05
4.00086e-05
4.00616e-05
4.00902e-05
4.01606e-05
4.00952e-05
4.0163e-05
4.00792e-05
4.0115e-05
4.01514e-05
4.00639e-05
4.00812e-05
4.01351e-05
4.01785e-05
4.02258e-05
3.99969e-05
4.01221e-05
4.01231e-05
4.013e-05
4.00644e-05
4.02494e-05
4.00435e-05
4.00568e-05
4.00599e-05
4.00531e-05
4.03009e-05
3.97337e-05
4.00696e-05
4.00721e-05
4.00749e-05
4.01077e-05
4.01043e-05
4.01007e-05
4.00995e-05
4.00987e-05
4.00975e-05
4.01182e-05
4.00819e-05
3.96656e-05
4.00874e-05
4.01146e-05
4.00545e-05
4.00869e-05
4.00694e-05
4.00691e-05
4.00871e-05
4.00843e-05
4.00921e-05
4.01086e-05
4.00887e-05
4.00864e-05
4.01198e-05
4.00734e-05
4.00837e-05
4.01051e-05
4.01495e-05
4.00838e-05
4.02242e-05
4.35206e-05
4.02183e-05
4.00674e-05
4.02452e-05
4.01756e-05
4.00877e-05
4.00853e-05
4.00961e-05
4.00596e-05
4.00946e-05
4.01062e-05
4.00521e-05
4.00641e-05
4.013e-05
4.01629e-05
4.04236e-05
4.00417e-05
4.00877e-05
4.00841e-05
4.01125e-05
4.00745e-05
4.00964e-05
4.01407e-05
4.01655e-05
4.00758e-05
4.00556e-05
4.01464e-05
4.36146e-05
4.01087e-05
4.00866e-05
4.01227e-05
4.0167e-05
4.00736e-05
4.00437e-05
4.01478e-05
4.00709e-05
4.00617e-05
4.05409e-05
4.03222e-05
4.01095e-05
4.01085e-05
4.0074e-05
4.00211e-05
4.00624e-05
4.01814e-05
4.19763e-05
4.01223e-05
4.01605e-05
4.01048e-05
4.0143e-05
4.02114e-05
4.06338e-05
4.01227e-05
4.01093e-05
4.01038e-05
4.0099e-05
4.00874e-05
4.00864e-05
4.01199e-05
4.01055e-05
4.00686e-05
4.00961e-05
4.00973e-05
4.01187e-05
4.00886e-05
4.01814e-05
4.04042e-05
0.00184728
4.00667e-05
4.02141e-05
4.01858e-05
4.01249e-05
4.00815e-05
4.01348e-05
4.01005e-05
4.02031e-05
4.01393e-05
4.17517e-05
4.00786e-05
4.01321e-05
4.01487e-05
4.02478e-05
2.16186e-06
4.02231e-05
4.00734e-05
4.00643e-05
4.02091e-05
4.03791e-05
4.00702e-05
3.94279e-05
4.0086e-05
4.01136e-05
4.01112e-05
4.00528e-05
4.00601e-05
4.01084e-05
4.0097e-05
4.0092e-05
4.00944e-05
4.01002e-05
4.01132e-05
4.0077e-05
0.00204093
4.01124e-05
4.00136e-05
4.00922e-05
4.01036e-05
4.01202e-05
4.0131e-05
4.02037e-05
4.00587e-05
4.01061e-05
4.03162e-05
1.39707e-05
4.0063e-05
4.00877e-05
4.0095e-05
4.03082e-05
4.00664e-05
4.00796e-05
4.01017e-05
4.01072e-05
4.00323e-05
4.00641e-05
4.32347e-05
4.00638e-05
4.01334e-05
4.02954e-05
4.04257e-05
4.00689e-05
4.02033e-05
4.01098e-05
4.00576e-05
4.00654e-05
4.00834e-05
4.01089e-05
4.01137e-05
4.01229e-05
4.00972e-05
4.00885e-05
4.00856e-05
4.1475e-05
4.00935e-05
4.0062e-05
4.01562e-05
3.99198e-05
4.00754e-05
4.0075e-05
4.00131e-05
4.00828e-05
4.35116e-05
4.01627e-05
4.00484e-05
4.00589e-05
4.00582e-05
4.00759e-05
4.00869e-05
3.418e-05
4.04129e-05
4.00809e-05
4.1082e-05
3.99725e-05
4.01277e-05
4.01303e-05
4.01238e-05
4.01312e-05
4.01143e-05
4.00565e-05
4.01331e-05
4.01299e-05
4.01018e-05
4.00879e-05
4.00455e-05
4.00908e-05
4.00866e-05
4.00732e-05
4.00674e-05
4.01198e-05
4.00653e-05
4.00881e-05
4.01309e-05
3.99133e-05
4.00763e-05
4.07222e-05
4.00873e-05
3.99662e-05
4.01203e-05
4.01772e-05
4.02583e-05
4.01214e-05
4.00854e-05
4.00344e-05
4.01306e-05
4.06084e-05
4.01883e-05
4.11437e-05
4.01173e-05
4.01502e-05
4.01031e-05
4.01054e-05
4.01874e-05
4.00764e-05
1.13541e-05
4.01356e-05
4.05567e-05
4.01078e-05
4.00885e-05
4.00961e-05
4.01034e-05
4.00702e-05
4.00866e-05
3.97544e-05
4.01124e-05
4.22039e-05
4.00938e-05
4.01035e-05
4.00863e-05
4.27962e-05
4.01214e-05
4.00598e-05
4.00622e-05
4.01129e-05
4.00995e-05
3.99116e-05
4.01247e-05
4.01274e-05
4.00474e-05
4.01332e-05
4.00764e-05
4.01052e-05
4.00685e-05
4.0105e-05
4.00992e-05
4.00983e-05
4.00761e-05
4.00613e-05
4.00876e-05
4.00888e-05
4.01489e-05
4.00858e-05
1.38597e-05
4.01099e-05
4.01258e-05
4.24553e-05
4.00594e-05
4.00858e-05
4.00968e-05
4.0036e-05
4.01019e-05
4.00763e-05
4.01036e-05
4.01033e-05
4.00995e-05
4.00984e-05
4.00791e-05
3.97264e-05
4.00867e-05
4.01049e-05
4.00989e-05
4.00991e-05
4.00977e-05
4.00973e-05
4.00978e-05
4.01322e-05
4.34683e-05
4.00857e-05
4.00862e-05
4.07214e-05
0.0020354
4.00839e-05
4.00832e-05
4.00965e-05
3.96802e-05
4.01126e-05
4.02404e-05
4.01037e-05
4.00606e-05
1.7282e-05
4.00768e-05
4.0095e-05
4.00928e-05
4.00851e-05
3.10887e-05
1.31497e-05
4.01307e-05
4.39817e-05
4.01114e-05
4.01097e-05
4.00759e-05
4.01078e-05
4.01079e-05
4.01084e-05
4.00843e-05
4.01009e-05
4.22682e-05
4.01536e-05
4.34539e-05
4.01105e-05
4.00699e-05
3.22196e-05
2.1084e-05
4.00677e-05
4.01096e-05
4.01012e-05
4.00811e-05
4.0101e-05
4.01352e-05
4.00594e-05
4.01178e-05
4.0064e-05
4.04102e-05
4.11866e-05
4.02045e-05
4.01064e-05
4.00852e-05
4.01041e-05
4.01014e-05
4.01004e-05
4.007e-05
4.00761e-05
4.01194e-05
4.00662e-05
4.00405e-05
4.01498e-05
4.00958e-05
4.00942e-05
4.01508e-05
4.01471e-05
4.01368e-05
4.01718e-05
4.00607e-05
4.032e-05
1.77607e-05
4.00856e-05
4.00805e-05
4.00388e-05
4.00878e-05
4.05578e-05
4.00651e-05
4.00406e-05
4.01074e-05
4.00708e-05
4.0168e-05
4.00614e-05
4.01192e-05
4.00495e-05
4.00693e-05
4.00867e-05
4.00872e-05
4.00869e-05
4.01403e-05
4.01221e-05
4.0084e-05
4.0084e-05
4.01141e-05
4.011e-05
4.00817e-05
4.0088e-05
4.01266e-05
4.01168e-05
4.00668e-05
4.01083e-05
4.01454e-05
4.03347e-05
4.02281e-05
4.34639e-05
4.35066e-05
4.01038e-05
4.00853e-05
4.00645e-05
4.00862e-05
4.0117e-05
0.000419496
4.01352e-05
4.01194e-05
4.00749e-05
4.0109e-05
4.00689e-05
4.00693e-05
4.00704e-05
4.00836e-05
4.00854e-05
4.00991e-05
4.00912e-05
4.39579e-05
2.77342e-05
3.97866e-05
4.00512e-05
4.00827e-05
4.00595e-05
1.91051e-06
4.04715e-05
4.00939e-05
4.01144e-05
4.06013e-05
4.01904e-05
4.00839e-05
4.02483e-05
4.01695e-05
4.01156e-05
4.01093e-05
4.00768e-05
4.55893e-06
4.01146e-05
4.00694e-05
4.00691e-05
4.00699e-05
4.00863e-05
4.01356e-05
3.97335e-05
3.97576e-05
4.00807e-05
4.00816e-05
4.01334e-05
3.99317e-05
4.1781e-05
4.01193e-05
4.00477e-05
4.01295e-05
4.42847e-05
4.00584e-05
4.00827e-05
4.01179e-05
4.00421e-05
4.00892e-05
4.00936e-05
4.00987e-05
4.00791e-05
4.00788e-05
4.00787e-05
4.01236e-05
4.01271e-05
4.00544e-05
4.05546e-05
3.88687e-05
4.01049e-05
4.01346e-05
3.95613e-05
4.00632e-05
4.01081e-05
4.00698e-05
4.00703e-05
4.0072e-05
4.00769e-05
4.00873e-05
4.00918e-05
3.96915e-05
3.9864e-05
4.00981e-05
4.00839e-05
4.00739e-05
4.0078e-05
2.34621e-05
4.01142e-05
4.01046e-05
4.01268e-05
3.84857e-05
4.05241e-05
3.97403e-05
4.02469e-05
4.00559e-05
4.00846e-05
3.78941e-05
4.00842e-05
4.00585e-05
4.00815e-05
3.97462e-05
3.99587e-05
4.00989e-05
4.01089e-05
4.00822e-05
4.01077e-05
4.01616e-05
4.01007e-05
4.01348e-05
4.24307e-05
4.2112e-05
4.00869e-05
4.00677e-05
4.06832e-05
2.29981e-07
7.3506e-06
4.01119e-05
4.01095e-05
4.00668e-05
4.01146e-05
4.01249e-05
4.01296e-05
4.01257e-05
4.01198e-05
1.39038e-05
9.45217e-05
4.01079e-05
4.01007e-05
4.00973e-05
4.007e-05
4.0154e-05
4.01045e-05
4.00549e-05
4.00877e-05
4.01428e-05
4.01051e-05
4.00794e-05
4.21836e-05
4.25773e-05
3.98374e-05
4.01199e-05
3.03826e-05
4.01909e-05
4.00649e-05
4.00855e-05
4.00805e-05
4.03126e-05
4.00787e-05
4.0069e-05
4.0123e-05
4.00791e-05
4.01348e-05
4.01334e-05
4.00876e-05
4.01156e-05
4.01987e-05
4.04853e-05
4.0088e-05
2.75255e-05
4.00752e-05
4.0075e-05
4.02645e-05
4.00934e-05
4.01668e-05
4.01348e-05
4.00847e-05
4.00758e-05
4.00832e-05
4.01191e-05
3.9992e-05
4.00859e-05
4.0094e-05
3.345e-05
4.0111e-05
4.00744e-05
4.00896e-05
4.0099e-05
4.0141e-05
4.00869e-05
1.41614e-05
4.00825e-05
4.27981e-05
4.00722e-05
4.00751e-05
4.01231e-05
4.01507e-05
4.01276e-05
4.00868e-05
4.0119e-05
4.01214e-05
4.01279e-05
4.01266e-05
4.01139e-05
4.01126e-05
4.01033e-05
4.02193e-05
4.00981e-05
4.00978e-05
3.99442e-05
4.4109e-05
4.00589e-05
4.00947e-05
4.0149e-05
4.01355e-05
4.01084e-05
4.01042e-05
4.00728e-05
4.01095e-05
4.011e-05
4.00991e-05
4.01114e-05
4.18794e-05
4.01607e-05
4.01098e-05
4.01404e-05
4.00539e-05
4.01301e-05
4.00665e-05
4.01208e-05
3.99376e-05
4.1884e-06
4.00476e-05
4.02307e-05
1.00646e-05
2.47981e-05
4.01082e-05
4.00979e-05
4.01264e-05
4.20089e-05
4.41413e-05
4.50425e-05
3.86377e-05
4.00528e-05
4.011e-05
4.04512e-05
4.00576e-05
4.01109e-05
4.02066e-05
4.02084e-05
4.02082e-05
4.01296e-05
4.00542e-05
4.01073e-05
4.01112e-05
4.00746e-05
4.01057e-05
4.27161e-05
4.0059e-05
4.00762e-05
4.01753e-05
4.03453e-05
4.0092e-05
4.01896e-05
4.04024e-05
4.00916e-05
3.96192e-05
3.99998e-05
4.15249e-05
4.06329e-05
4.01972e-05
4.02528e-05
4.0077e-05
4.0256e-05
3.65163e-06
4.01342e-05
4.01219e-05
4.00782e-05
4.00973e-05
4.00749e-05
4.00503e-05
4.3298e-05
3.99247e-05
4.07713e-05
4.00445e-05
4.00872e-05
4.01349e-05
4.01324e-05
4.17464e-05
7.06573e-06
4.01162e-05
3.99738e-05
1.60782e-05
4.00509e-05
4.01283e-05
4.00954e-05
4.01074e-05
4.01068e-05
4.00492e-05
4.00599e-05
4.00277e-05
4.00782e-05
4.00749e-05
4.00781e-05
4.04857e-05
3.99986e-05
3.8205e-05
4.03783e-05
4.00544e-05
4.00466e-05
4.00866e-05
4.01346e-05
4.00877e-05
4.39138e-05
4.21042e-05
4.01153e-05
4.0221e-05
4.0054e-05
4.35167e-05
4.01159e-05
3.94019e-05
1.94565e-05
4.00589e-05
4.00693e-05
4.24864e-05
3.9941e-05
1.74287e-06
2.64829e-06
4.0105e-05
1.00829e-05
4.00966e-05
8.25036e-06
4.00886e-05
4.01358e-05
4.00972e-05
4.25504e-05
3.99741e-05
4.00953e-05
4.01262e-05
4.06917e-05
3.99893e-05
4.00945e-05
4.00977e-05
4.00845e-05
4.03741e-05
4.00485e-05
4.00942e-05
4.01099e-05
4.00864e-05
4.00731e-05
3.99663e-05
3.99692e-05
4.00681e-05
4.00704e-05
4.02775e-05
4.13368e-05
4.01157e-05
4.02079e-05
4.01192e-05
4.00875e-05
4.13325e-05
4.00943e-05
4.01589e-05
4.00262e-05
4.01354e-05
4.00548e-05
4.00855e-05
3.99738e-05
4.00748e-05
4.08525e-05
9.42501e-06
5.45979e-05
4.01213e-05
4.017e-05
4.01198e-05
4.01176e-05
4.0124e-05
4.00898e-05
4.00975e-05
4.0071e-05
4.15625e-05
0.000255284
0.0020361
4.00811e-05
4.01368e-05
4.01263e-05
4.00658e-05
0.000127485
4.00877e-05
4.17447e-05
4.00744e-05
3.33342e-05
7.73093e-06
4.01097e-05
4.0051e-05
4.01098e-05
4.00909e-05
4.00885e-05
4.03001e-05
4.43663e-05
4.14467e-05
4.02666e-05
4.0104e-05
4.00869e-05
4.01011e-05
3.68519e-05
4.01758e-05
4.01108e-05
4.01002e-05
4.00269e-05
4.00544e-05
4.00995e-05
4.00765e-05
5.63744e-05
4.01276e-05
4.00866e-05
4.00893e-05
4.11805e-05
4.35799e-05
4.01217e-05
4.00394e-05
4.1905e-05
4.00873e-05
4.00788e-05
4.00927e-05
4.0123e-05
4.03216e-05
4.01152e-05
4.0063e-05
1.70249e-05
4.00869e-05
4.01386e-05
4.01244e-05
4.2924e-05
0.00206181
4.00501e-05
4.01174e-05
4.01246e-05
4.03998e-05
4.00984e-05
4.00822e-05
3.99891e-05
4.06244e-05
0.00203145
5.32567e-06
4.43529e-05
1.30887e-05
4.00656e-05
3.05123e-05
4.03373e-05
4.00871e-05
4.00895e-05
6.48197e-06
4.06298e-05
4.01134e-05
4.01102e-05
4.00911e-05
4.00688e-05
4.48365e-05
4.05362e-05
4.01122e-05
4.01239e-05
4.01457e-05
4.00552e-05
4.0087e-05
4.01166e-05
4.01181e-05
4.01069e-05
4.07785e-05
4.01183e-05
4.01865e-05
4.00503e-05
4.00986e-05
4.00536e-05
2.54217e-06
2.28781e-05
4.0072e-05
4.0047e-05
4.01002e-05
4.01297e-05
4.01181e-05
4.0375e-05
4.00709e-05
4.01111e-05
4.01054e-05
4.00624e-05
4.00151e-05
4.01068e-05
4.00848e-05
4.00866e-05
4.00794e-05
4.00974e-05
4.00865e-05
1.10247e-05
1.50626e-06
4.01195e-05
4.01212e-05
1.28821e-05
4.00879e-05
4.01138e-05
4.01111e-05
4.00738e-05
4.01128e-05
0.00209748
3.97575e-05
4.0121e-05
4.00742e-05
4.00964e-05
4.00486e-05
4.00988e-05
4.01187e-05
4.01514e-05
4.02647e-05
4.01241e-05
4.13038e-05
4.02734e-05
4.02835e-05
0.000200761
4.01194e-05
4.00875e-05
4.20307e-05
4.00847e-05
4.22343e-05
4.01326e-05
4.00711e-05
5.99856e-06
4.01415e-05
4.01409e-05
4.0138e-05
4.00555e-05
4.01231e-05
4.00641e-05
4.01e-05
2.96451e-05
4.26408e-05
4.01083e-05
4.14773e-05
4.01594e-05
4.01072e-05
4.00933e-05
4.01018e-05
4.01136e-05
4.0087e-05
4.22591e-05
4.00732e-05
4.07901e-05
4.00615e-05
4.03102e-05
4.01156e-05
4.03527e-05
3.99513e-05
4.01212e-05
4.01483e-05
4.00634e-05
4.05235e-05
4.01921e-05
4.02536e-05
4.01271e-05
4.01118e-05
4.00704e-05
4.00648e-05
4.0076e-05
4.0145e-05
4.01295e-05
4.01243e-05
4.00073e-05
4.21531e-05
4.00969e-05
3.33704e-05
4.01282e-05
2.97263e-05
3.99564e-05
4.00727e-05
4.00993e-05
4.01412e-05
4.01799e-05
3.11966e-05
3.47747e-05
4.01141e-05
4.01089e-05
4.01166e-05
4.00988e-05
3.69321e-05
4.00865e-05
4.01042e-05
4.03722e-05
4.01146e-05
4.00694e-05
4.18148e-05
4.0113e-05
7.07393e-06
4.01163e-05
4.02399e-05
4.01074e-05
0.00027626
4.15546e-05
4.00879e-05
4.01146e-05
4.00934e-05
4.0099e-05
4.03086e-05
4.12796e-05
4.01382e-05
4.0085e-05
4.00507e-05
4.01202e-05
3.9981e-05
7.04498e-06
4.01346e-05
4.01049e-05
5.96588e-06
4.16218e-05
4.00054e-05
3.99753e-05
4.00818e-05
4.00961e-05
4.01047e-05
2.36174e-05
4.00827e-05
4.01029e-05
4.00719e-05
4.00855e-05
4.02015e-05
4.01249e-05
4.00765e-05
4.16541e-05
4.00869e-05
0.000365414
4.01224e-05
4.17156e-05
4.31386e-05
4.01129e-05
4.00515e-05
4.00857e-05
3.99418e-05
4.01327e-05
4.00577e-05
4.01079e-05
4.00836e-05
4.00872e-05
4.00831e-05
1.44909e-05
1.744e-05
4.00977e-05
4.00854e-05
4.00516e-05
3.97995e-05
4.00723e-05
4.00836e-05
4.34762e-05
4.00869e-05
4.01352e-05
4.03219e-05
3.09368e-05
4.00769e-05
4.00754e-05
4.10711e-05
1.78656e-05
4.01146e-05
4.00812e-05
4.00697e-05
3.99563e-05
5.41432e-05
4.01175e-05
4.01098e-05
4.01048e-05
4.00673e-05
4.21325e-05
3.99074e-05
4.01223e-05
8.16139e-06
4.011e-05
4.4665e-05
4.00728e-05
4.01043e-05
4.06682e-05
4.00987e-05
4.00558e-05
4.16926e-05
4.00742e-05
4.16237e-05
4.00962e-05
4.3772e-05
4.08354e-05
4.17936e-05
4.00699e-05
4.00872e-05
4.24964e-05
3.72644e-05
4.00843e-05
4.11752e-05
4.01204e-05
4.01074e-05
3.3273e-05
3.9408e-05
4.01055e-05
4.01029e-05
4.00057e-05
4.00773e-05
4.00768e-05
4.02317e-05
4.01873e-05
4.00833e-05
4.00549e-05
4.00776e-05
4.01053e-05
2.97831e-05
4.0132e-05
4.05352e-05
4.01416e-05
4.01106e-05
4.01278e-05
4.00666e-05
4.0125e-05
4.0173e-05
4.01098e-05
4.00515e-05
4.01171e-05
4.00902e-05
4.00676e-05
4.01246e-05
4.0151e-05
4.01124e-05
5.69615e-05
4.04282e-05
4.01056e-05
4.01018e-05
4.00868e-05
4.01249e-05
0.00120242
4.04984e-05
4.00869e-05
4.00869e-05
4.01339e-05
4.00564e-05
4.01516e-05
3.1728e-05
3.99969e-05
4.08939e-05
4.00818e-05
4.00856e-05
4.00843e-05
4.0086e-05
1.71305e-05
4.16551e-05
4.00876e-05
4.01078e-05
4.00687e-05
4.03138e-05
6.25557e-07
7.68249e-06
4.0087e-05
4.01228e-05
4.22624e-05
4.16766e-05
4.0191e-05
4.01147e-05
4.00496e-05
0.00128396
4.00497e-05
4.01028e-05
4.00974e-05
4.00555e-05
4.00535e-05
3.97885e-05
0.000213215
4.01103e-05
4.00928e-05
4.00866e-05
3.60045e-05
4.01103e-05
4.39842e-05
4.01321e-05
4.03586e-05
4.01106e-05
4.00692e-05
4.01525e-05
0.000455202
4.00983e-05
4.35793e-05
4.00015e-05
8.68767e-06
4.01137e-05
4.01074e-05
4.01907e-05
4.01288e-05
3.99436e-05
4.01002e-05
3.99936e-05
4.00869e-05
2.02699e-05
4.00862e-05
4.00454e-05
4.00794e-05
4.21472e-05
3.97276e-05
4.01116e-05
4.00958e-05
4.00864e-05
3.97082e-05
4.01239e-05
4.02722e-05
3.98138e-05
4.01276e-05
4.01061e-05
4.0112e-05
3.96828e-05
4.00208e-05
4.00621e-05
4.00776e-05
4.04871e-05
4.18209e-05
4.0149e-05
3.99432e-05
4.00698e-05
4.02905e-05
4.29852e-05
4.39002e-05
4.0193e-05
8.02292e-06
4.00174e-05
4.01143e-05
3.57698e-05
7.94963e-06
1.80614e-05
4.1642e-05
4.00836e-05
4.00908e-05
4.01358e-05
7.06249e-06
4.00533e-05
4.00853e-05
4.01086e-05
4.01126e-05
3.99655e-05
4.0106e-05
4.00743e-05
4.01082e-05
4.00934e-05
4.0205e-05
4.01631e-05
4.02128e-05
6.44221e-06
4.21474e-05
4.01115e-05
4.01081e-05
4.01267e-05
3.96159e-05
4.01583e-05
4.01e-05
4.01053e-05
1.36789e-05
4.01227e-05
0.00144973
4.3199e-05
4.00869e-05
4.01469e-05
2.74473e-05
4.01097e-05
4.0109e-05
4.00894e-05
3.97541e-05
4.01129e-05
4.33909e-05
4.01169e-05
4.01082e-05
1.55491e-05
4.01229e-05
4.00992e-05
4.00814e-05
4.00873e-05
4.01255e-05
4.01372e-05
4.01127e-05
4.00832e-05
4.01235e-05
4.00904e-05
4.0118e-05
0.00158838
5.63097e-06
4.01081e-05
4.00932e-05
4.00957e-05
5.00651e-06
4.0118e-05
6.19485e-06
4.00828e-05
4.01107e-05
3.94327e-05
3.14391e-05
4.00914e-05
0.000126425
4.0073e-05
4.00727e-05
4.00854e-05
4.01227e-05
4.00998e-05
4.0108e-05
4.00932e-05
1.12476e-05
4.01167e-05
4.00906e-05
4.0457e-05
4.00545e-05
4.01409e-05
4.00886e-05
4.00644e-05
4.01219e-05
3.97224e-05
4.01373e-05
4.00871e-05
4.00875e-05
0.00198787
2.79785e-05
4.13081e-05
3.82179e-05
4.01384e-05
0.000727461
4.01093e-05
5.28066e-07
3.99803e-05
4.01049e-05
3.32629e-05
4.01108e-05
0.00197903
4.01244e-05
4.01402e-05
3.99789e-05
4.23278e-05
4.01513e-05
3.98991e-05
4.04432e-05
4.01468e-05
4.12531e-05
4.01201e-05
2.25304e-05
4.00871e-05
4.00889e-05
4.43417e-05
0.00206784
4.01103e-05
4.0118e-05
4.01347e-05
2.52659e-05
4.0068e-05
4.01451e-05
8.62614e-06
0.000494683
4.01118e-05
4.00877e-05
4.01054e-05
1.3113e-05
4.17125e-05
0.00137143
8.68077e-06
0.00200746
4.27503e-05
4.00866e-05
4.01292e-05
4.00829e-05
4.01196e-05
4.00893e-05
4.01012e-05
4.01223e-05
4.00836e-05
4.04352e-05
0.00048375
4.01105e-05
4.01116e-05
4.0211e-05
4.01201e-05
4.01277e-05
2.09278e-05
4.09558e-05
4.17541e-05
4.00881e-05
4.01771e-05
4.24587e-05
1.02264e-05
4.022e-05
4.00806e-05
4.01813e-05
2.10291e-05
4.00973e-05
4.38465e-05
4.18656e-05
4.00721e-05
2.18978e-05
4.01323e-05
4.00952e-05
4.0094e-05
4.00827e-05
3.97503e-05
4.01179e-05
4.01219e-05
4.01133e-05
4.00866e-05
4.00851e-05
3.99269e-05
3.98242e-05
4.01054e-05
4.01269e-05
4.0106e-05
4.0125e-05
7.05335e-06
4.00982e-05
3.95383e-05
4.00665e-05
4.39529e-06
3.83852e-05
4.00686e-05
1.75329e-05
4.01151e-05
7.27512e-06
4.01309e-05
4.00397e-05
4.40875e-05
4.15138e-05
4.01343e-05
4.01495e-05
4.01321e-05
4.00821e-05
4.00585e-05
4.01712e-05
4.01663e-05
4.00865e-05
4.01104e-05
4.00685e-05
4.01359e-05
4.01164e-05
4.01098e-05
4.00728e-05
4.14058e-05
3.69656e-06
4.01697e-05
4.26985e-05
4.00656e-05
4.01981e-05
4.00969e-05
4.01216e-05
4.01044e-05
4.03728e-05
2.28877e-05
4.01142e-05
4.01191e-05
4.0077e-05
4.00884e-05
4.01208e-05
4.01158e-05
4.01098e-05
4.052e-05
1.36591e-05
4.02127e-05
4.01198e-05
3.07316e-05
3.98144e-05
4.01048e-05
4.01071e-05
7.88073e-06
4.01056e-05
4.01099e-05
0.000825178
4.02204e-05
2.63047e-05
4.00458e-05
4.01876e-05
3.97352e-05
4.01185e-05
4.04349e-05
7.04811e-06
4.01635e-05
4.0106e-05
4.00657e-05
4.00444e-05
4.00047e-05
0.000734689
4.14353e-05
4.00509e-05
4.01192e-05
4.00869e-05
4.00835e-05
4.01125e-05
4.29728e-06
4.00592e-05
4.0065e-05
4.0087e-05
3.97999e-05
3.99464e-05
4.00872e-05
4.01258e-05
4.00946e-05
1.13143e-05
4.01018e-05
4.01068e-05
4.00871e-05
4.00846e-05
4.02577e-05
3.99249e-05
4.00997e-05
4.00869e-05
3.97011e-05
4.00541e-05
4.01216e-05
4.01074e-05
4.01262e-05
4.01578e-05
3.75528e-05
4.0089e-05
4.02255e-05
0.000600953
8.20439e-06
7.41277e-06
1.2715e-06
4.07137e-05
3.88065e-05
4.01102e-05
4.00368e-05
4.0904e-05
2.52018e-05
3.18935e-05
4.01795e-05
4.0114e-05
4.01374e-05
4.00847e-05
4.01071e-05
4.00853e-05
1.0524e-05
4.01055e-05
4.14889e-05
4.01157e-05
4.21243e-05
1.35097e-05
0.00168623
3.99201e-05
0.000452203
4.01155e-05
4.01094e-05
3.16863e-05
4.03252e-05
4.011e-05
4.0107e-05
0.00174116
4.05701e-05
4.08171e-05
4.01131e-05
4.00606e-05
4.0114e-05
4.23436e-05
4.01029e-05
4.0107e-05
4.00673e-05
3.98694e-05
4.03229e-05
4.00965e-05
4.01226e-05
4.0092e-05
3.60427e-06
4.01381e-05
4.00811e-05
4.40546e-05
4.00868e-05
4.01198e-05
1.53399e-05
3.97563e-05
4.01132e-05
4.07048e-05
4.01075e-05
4.01031e-05
4.01015e-05
4.01251e-05
2.21072e-05
4.00831e-05
4.00786e-05
4.01319e-05
4.01241e-05
4.00574e-05
4.0087e-05
3.97364e-05
4.0114e-05
4.01054e-05
4.00354e-05
1.14665e-05
4.00875e-05
0.000919736
4.08687e-05
4.01431e-05
4.01032e-05
4.01049e-05
4.01052e-05
4.01277e-05
1.47226e-05
4.11678e-05
4.00879e-05
3.48519e-05
0.000342014
3.84592e-05
4.00872e-05
4.01213e-05
4.12813e-05
4.01178e-05
4.01379e-05
4.15984e-05
3.99254e-05
4.01244e-05
4.01091e-05
4.07484e-05
4.01074e-05
4.14838e-05
4.01026e-05
4.06458e-05
4.00882e-05
4.00874e-05
2.9762e-06
4.0105e-05
4.01159e-05
4.00871e-05
4.06685e-05
4.01054e-05
4.01061e-05
4.00905e-05
4.01077e-05
2.31568e-06
4.01038e-05
4.01076e-05
4.01103e-05
4.01049e-05
4.43842e-05
0.000132715
4.01333e-05
4.01186e-05
0.0011694
4.21644e-05
3.96283e-05
4.012e-05
4.05655e-05
4.00859e-05
4.01075e-05
4.00836e-05
4.00991e-05
4.01073e-05
2.16892e-06
0.00173258
3.83278e-05
4.08557e-05
3.9455e-05
3.99683e-05
4.02606e-05
4.01124e-05
3.96711e-05
4.23689e-05
3.98889e-05
0.000620362
3.99908e-05
4.01033e-05
4.01166e-05
3.97355e-05
4.01052e-05
4.00867e-05
4.01354e-05
4.01056e-05
4.00847e-05
3.38814e-05
4.01053e-05
4.00644e-05
4.01291e-05
4.01082e-05
4.06608e-05
4.00873e-05
4.01242e-05
4.00773e-05
4.00871e-05
1.48574e-05
4.01207e-05
0.000144211
4.01061e-05
4.01003e-05
4.00865e-05
4.00719e-05
4.01251e-05
1.3454e-05
4.01105e-05
2.26221e-06
4.00711e-05
4.01054e-05
4.01091e-05
4.00664e-05
3.36966e-05
4.01345e-05
4.00675e-05
4.00869e-05
1.61927e-05
4.21211e-05
4.31131e-05
4.00863e-05
3.99224e-05
3.99406e-05
3.99596e-05
4.0088e-05
4.23817e-05
4.0404e-05
4.12239e-05
4.00837e-05
4.00337e-05
4.00848e-05
4.01008e-05
4.0085e-05
4.01016e-05
4.00871e-05
4.00861e-05
4.00869e-05
4.01138e-05
4.01099e-05
4.00833e-05
1.46794e-05
4.00192e-05
4.012e-05
4.01229e-05
4.00818e-05
4.01164e-05
4.0119e-05
4.27627e-05
4.0084e-05
4.27228e-05
4.00888e-05
3.9908e-05
0.00134488
4.06514e-05
3.52635e-05
4.01124e-05
4.00873e-05
0.00179726
2.66202e-05
4.01226e-05
3.97587e-05
4.0116e-05
4.01138e-05
4.01222e-05
4.01188e-05
4.01056e-05
4.01027e-05
4.00874e-05
4.01025e-05
4.20042e-05
4.01043e-05
4.01106e-05
0.00143205
4.0123e-05
4.01022e-05
4.00864e-05
2.06639e-06
4.17007e-05
3.96359e-05
4.36941e-05
4.01328e-05
3.59733e-05
4.01064e-05
4.01113e-05
4.01057e-05
4.01095e-05
4.1786e-05
0.000152305
4.41021e-05
4.17593e-05
4.33741e-05
4.00812e-05
4.00851e-05
4.15385e-05
4.01373e-05
4.01035e-05
4.24633e-05
4.00864e-05
4.01049e-05
4.01149e-05
4.01102e-05
4.00826e-05
4.20705e-05
4.18538e-05
4.01152e-05
4.05198e-05
3.54791e-05
4.01166e-05
4.01497e-05
4.01049e-05
4.01182e-05
4.39014e-05
4.01003e-05
4.00974e-05
4.00883e-05
4.01062e-05
4.01332e-05
4.01038e-05
4.01226e-05
4.01055e-05
4.5245e-05
4.01155e-05
4.06663e-05
4.00918e-05
2.38167e-05
4.01218e-05
2.20015e-05
4.00167e-05
4.00872e-05
4.00871e-05
4.01097e-05
3.98535e-05
4.10807e-05
4.00809e-05
4.0083e-05
4.01177e-05
4.35658e-05
4.00589e-05
4.0112e-05
3.95276e-05
4.01044e-05
4.01609e-05
4.13707e-05
4.01013e-05
4.014e-05
4.01078e-05
2.83638e-06
3.77449e-05
4.0116e-05
4.01054e-05
4.43132e-05
4.3671e-05
4.00879e-05
4.01054e-05
4.01353e-05
4.01305e-05
1.2257e-05
4.42644e-05
4.00872e-05
4.00867e-05
4.01011e-05
8.01864e-07
2.86528e-05
4.00813e-05
4.00848e-05
3.71525e-05
4.004e-05
4.00851e-05
4.01096e-05
4.00872e-05
4.07199e-05
4.17151e-05
4.01177e-05
4.01326e-05
4.00818e-05
4.0106e-05
4.05316e-05
4.01187e-05
3.95702e-05
4.00838e-05
4.01074e-05
4.01019e-05
4.04084e-05
0.00133072
4.01197e-05
4.00841e-05
4.01052e-05
0.000216326
4.01165e-05
4.00822e-05
4.0087e-05
4.01029e-05
4.01133e-05
2.51747e-05
3.99508e-05
4.12927e-05
4.1146e-05
4.00197e-05
4.01183e-05
4.00872e-05
4.11659e-05
4.16409e-05
3.99319e-05
4.01168e-05
3.99952e-05
3.93941e-05
4.06344e-05
3.31484e-05
4.01323e-05
3.96169e-05
4.01344e-05
4.01059e-05
4.01153e-05
3.26557e-05
4.01069e-05
4.31847e-05
3.99118e-05
3.97511e-05
4.0104e-05
4.01084e-05
4.16517e-05
4.01165e-05
3.61223e-05
4.01067e-05
4.00818e-05
4.01195e-05
3.97512e-05
4.01093e-05
3.99281e-05
8.64403e-06
4.04702e-05
4.18159e-05
4.01061e-05
4.00889e-05
4.01517e-05
4.0083e-05
4.01148e-05
0.00181492
4.01154e-05
4.01006e-05
0.00194771
3.96674e-05
3.99568e-05
4.01109e-05
3.97512e-05
3.99752e-05
4.0106e-05
3.92523e-05
4.00867e-05
4.01059e-05
4.01124e-05
3.98234e-05
4.01149e-05
4.01297e-05
4.00785e-05
4.01162e-05
5.98502e-06
4.00873e-05
4.01148e-05
4.01196e-05
4.0124e-05
4.00793e-05
4.21134e-05
3.99768e-05
4.39187e-05
0.00189881
4.0086e-05
0.000127585
0.00185618
4.00537e-05
4.01067e-05
4.13782e-05
4.11919e-05
4.01061e-05
4.00447e-05
4.01333e-05
4.01061e-05
8.35821e-06
4.01209e-05
4.0109e-05
4.01063e-05
4.41079e-05
2.39573e-06
4.01018e-05
4.06576e-05
4.01113e-05
4.01018e-05
4.01155e-05
4.01077e-05
4.00871e-05
4.0105e-05
4.06312e-05
4.00868e-05
4.01013e-05
4.01102e-05
4.41045e-05
4.01034e-05
4.0107e-05
4.00874e-05
4.16747e-05
4.24876e-05
4.28041e-05
4.01128e-05
4.01002e-05
4.01125e-05
4.00963e-05
4.01014e-05
4.01093e-05
3.01355e-05
1.4237e-05
4.00835e-05
4.01298e-05
4.02263e-05
4.00844e-05
9.79328e-06
4.08337e-05
4.01203e-05
4.00923e-05
5.85226e-07
4.01111e-05
4.15178e-05
4.2648e-05
2.97206e-05
3.99506e-05
4.00796e-05
4.12179e-05
4.01185e-05
4.01249e-05
4.01331e-05
4.00871e-05
4.01121e-05
4.0101e-05
9.15329e-06
4.00871e-05
4.16837e-05
0.000118331
4.04604e-05
4.00879e-05
4.10675e-05
4.01021e-05
4.01096e-05
3.9988e-05
3.00102e-07
4.01325e-05
4.00805e-05
4.01158e-05
3.07579e-06
4.08753e-05
4.01111e-05
4.01188e-05
4.11907e-05
4.01017e-05
4.00996e-05
4.0082e-05
4.01026e-05
4.01248e-05
2.42138e-05
4.00869e-05
3.96948e-05
4.0108e-05
3.7652e-05
4.011e-05
4.26026e-05
4.01083e-05
4.00874e-05
4.00867e-05
4.01119e-05
4.00857e-05
4.01097e-05
2.74543e-06
4.01111e-05
4.01192e-05
0.000120742
4.44343e-05
4.01152e-05
4.01187e-05
4.00821e-05
4.01239e-05
4.26718e-05
0.00135464
4.01165e-05
4.01749e-05
4.01146e-05
4.00851e-05
4.01187e-05
4.0117e-05
4.01079e-05
4.01298e-05
1.95187e-05
4.20633e-05
4.01108e-05
2.61913e-05
4.01111e-05
4.00361e-05
4.07658e-05
4.15425e-05
4.21005e-05
4.00869e-05
4.37197e-05
4.01288e-05
4.01081e-05
8.45299e-06
5.17418e-06
4.01174e-05
4.18038e-05
1.27584e-05
4.13115e-05
4.18001e-05
2.72632e-05
3.97142e-05
4.01073e-05
3.47199e-05
0.001803
3.37381e-05
3.39716e-06
4.01116e-05
2.09774e-05
4.42848e-05
4.00872e-05
4.01337e-05
3.98332e-05
4.02935e-05
1.67307e-05
4.011e-05
4.4183e-05
1.86349e-05
4.01315e-05
8.13898e-06
1.74932e-05
6.28818e-06
4.00944e-05
2.40797e-06
4.01187e-05
4.01384e-05
0.000201139
2.31424e-05
4.10929e-05
3.99697e-05
4.01083e-05
4.14926e-05
4.00865e-05
4.00871e-05
4.00862e-05
4.01019e-05
2.40217e-07
6.05986e-06
4.01021e-05
4.00822e-05
4.29238e-05
6.49513e-06
6.65693e-06
4.00759e-05
4.16353e-05
4.18967e-05
4.39349e-05
1.8726e-05
4.00856e-05
1.3092e-05
3.96393e-05
4.00831e-05
2.23185e-05
3.75959e-05
4.01101e-05
3.7349e-05
3.91211e-06
2.42264e-05
4.01793e-05
1.34076e-06
4.00702e-05
4.00453e-05
1.93066e-06
4.00843e-05
4.01189e-05
2.89864e-05
4.0087e-05
3.96084e-05
4.00815e-05
4.01315e-05
4.01026e-05
2.56238e-05
4.26744e-05
2.48188e-06
4.15438e-05
3.97492e-05
0.000684434
3.36019e-05
4.01001e-05
4.00695e-05
2.63231e-05
3.77018e-05
0.00178603
3.99981e-05
4.40483e-05
4.01228e-05
4.14962e-05
4.01125e-05
4.18999e-05
3.99603e-05
4.00564e-05
4.00898e-05
4.00548e-05
0.000243281
3.02242e-05
4.00742e-05
4.08648e-05
6.39486e-06
4.0117e-05
4.26262e-05
4.01022e-05
4.0126e-05
0.00123717
4.00726e-05
4.00861e-05
4.01221e-05
4.01181e-05
2.91187e-05
4.00758e-05
0.000378655
4.00729e-05
5.35077e-06
4.01228e-05
4.0016e-05
3.96692e-05
0.00203801
4.00932e-05
4.22799e-05
4.01021e-05
4.01106e-05
4.01175e-05
0.000105617
4.00999e-05
4.00831e-05
4.00806e-05
4.00872e-05
4.00112e-05
4.31059e-05
4.00827e-05
4.01222e-05
8.34005e-05
4.00783e-05
4.0083e-05
4.01049e-05
4.25174e-05
4.01284e-05
4.00945e-05
4.00992e-05
4.30719e-05
4.00664e-05
0.00198494
4.00724e-05
3.996e-05
4.00839e-05
3.63026e-05
4.31243e-05
4.01137e-05
4.01307e-05
3.39308e-05
4.51405e-05
3.01584e-06
4.11072e-05
1.04359e-05
4.1244e-05
4.0087e-05
4.0086e-05
4.01203e-05
4.10875e-05
4.30809e-05
4.08483e-05
4.78277e-06
4.00845e-05
4.2563e-05
4.00991e-05
7.36943e-06
3.79735e-05
4.19646e-05
4.24567e-05
4.01262e-05
4.01318e-05
4.00846e-05
4.00843e-05
4.17635e-05
4.01303e-05
4.01114e-05
4.00822e-05
4.00427e-05
4.01221e-05
4.01171e-05
3.86696e-05
3.83789e-05
3.96105e-05
4.00839e-05
4.00352e-05
4.01302e-05
4.01281e-05
2.5566e-06
3.94526e-05
4.00841e-05
4.0092e-05
1.62267e-05
4.01182e-05
0.000136926
0.0017516
4.03915e-05
4.01049e-05
0.000510856
1.14323e-05
4.01018e-05
4.00831e-05
4.00843e-05
4.01215e-05
4.01113e-05
4.01097e-05
4.011e-05
2.44294e-05
4.223e-06
4.06965e-05
3.99494e-05
2.30779e-05
3.64552e-05
0.00196334
4.04685e-05
0.000956091
2.81809e-06
4.00858e-05
1.19523e-05
0.00193219
9.62114e-06
4.01361e-05
4.01187e-05
4.00954e-05
4.01294e-05
3.25369e-05
3.98294e-06
2.79919e-05
0.00093078
0.000102251
8.03126e-07
4.10146e-05
1.95619e-05
3.99106e-05
3.92402e-05
4.22819e-05
4.0074e-05
4.0029e-05
3.97016e-05
3.95986e-05
4.00834e-05
4.12858e-05
2.92465e-06
4.00868e-05
4.00351e-05
4.00685e-05
4.00945e-05
4.19115e-05
4.01236e-05
4.01318e-05
3.99802e-05
3.99758e-05
4.01251e-05
4.01182e-05
7.80454e-06
4.00701e-05
5.90982e-06
0.00037034
3.99813e-05
2.79702e-05
6.57659e-06
4.0093e-05
0.00194713
0.0016894
0.000275255
4.01072e-05
4.04459e-05
0.001013
4.00709e-05
0.00138052
0.00120604
3.99827e-05
0.00117232
4.64486e-05
4.00813e-05
0.00148817
4.27905e-05
4.0118e-05
0.000520497
8.04148e-05
4.00847e-05
4.00843e-05
0.000237962
4.01016e-05
7.88433e-06
4.00864e-05
4.14629e-05
0.000259639
0.000380353
4.00828e-05
0.00083435
4.00557e-05
4.01301e-05
0.000102402
4.01174e-05
0.000640836
4.00854e-05
4.00682e-05
5.35542e-08
2.68459e-05
4.00559e-05
3.65621e-05
4.00668e-05
4.00823e-05
4.00721e-05
3.10589e-05
4.21575e-05
4.00541e-05
0.00153183
4.39401e-07
2.19091e-05
3.99737e-05
4.00685e-05
4.00689e-05
1.24672e-05
3.99592e-05
4.01191e-05
3.99951e-05
4.00037e-05
4.00856e-05
4.21804e-05
4.01104e-05
4.01231e-05
4.00848e-05
4.00894e-05
6.95409e-05
3.99923e-05
4.01041e-05
4.00577e-05
4.01168e-05
4.00755e-05
4.01332e-05
4.0126e-05
4.00443e-05
4.01299e-05
4.0128e-05
3.99674e-05
4.01184e-05
4.00309e-05
4.00933e-05
4.00772e-05
4.01362e-05
4.01364e-05
4.0054e-05
4.00716e-05
4.01271e-05
4.01293e-05
4.00854e-05
4.01347e-05
4.01202e-05
4.00663e-05
4.01025e-05
4.01307e-05
4.01144e-05
4.00823e-05
4.01223e-05
4.01326e-05
4.01336e-05
4.04155e-05
4.01174e-05
4.01305e-05
4.01241e-05
4.01222e-05
4.01163e-05
4.0096e-05
4.01332e-05
4.00776e-05
4.01224e-05
4.0556e-05
4.01245e-05
4.01333e-05
4.01201e-05
4.0049e-05
4.01286e-05
3.98101e-05
4.01216e-05
4.01277e-05
4.00476e-05
4.01123e-05
3.99983e-05
4.00727e-05
4.00426e-05
4.26419e-05
4.008e-05
4.00725e-05
4.00458e-05
4.00823e-05
4.24926e-05
4.00444e-05
4.00785e-05
4.06377e-05
3.99865e-05
4.00746e-05
3.98103e-05
4.00824e-05
4.00849e-05
4.00575e-05
4.00583e-05
4.00775e-05
4.00785e-05
4.44024e-05
4.00703e-05
4.00643e-05
4.00872e-05
4.00516e-05
4.01196e-05
4.00724e-05
4.00612e-05
4.01091e-05
4.00613e-05
4.00946e-05
4.00681e-05
4.00828e-05
4.00782e-05
4.04849e-05
4.00823e-05
4.00774e-05
4.00608e-05
4.00704e-05
3.36037e-05
4.00504e-05
4.00704e-05
4.00725e-05
4.00754e-05
4.00765e-05
4.01199e-05
4.00583e-05
4.00643e-05
4.00674e-05
4.01111e-05
4.00889e-05
4.00722e-05
4.00781e-05
4.00806e-05
4.00799e-05
4.00825e-05
4.00522e-05
4.00751e-05
4.00465e-05
4.0085e-05
4.0085e-05
4.00749e-05
4.0043e-05
4.0072e-05
4.005e-05
4.00824e-05
4.00702e-05
4.00789e-05
4.00891e-05
4.00611e-05
4.00776e-05
4.00582e-05
4.00823e-05
4.01281e-05
4.00802e-05
4.00792e-05
4.00779e-05
4.00927e-05
4.00842e-05
4.00859e-05
4.00676e-05
3.96138e-05
4.00778e-05
4.00674e-05
4.00771e-05
4.00806e-05
4.00873e-05
4.00639e-05
4.01095e-05
4.0075e-05
4.00724e-05
4.00845e-05
4.0061e-05
4.00722e-05
4.00838e-05
4.0087e-05
4.00867e-05
4.00873e-05
4.00747e-05
4.01319e-05
4.01097e-05
4.00641e-05
4.00852e-05
4.00822e-05
4.01262e-05
4.00744e-05
4.01238e-05
4.01204e-05
4.00856e-05
4.00643e-05
4.00579e-05
4.00784e-05
4.0124e-05
4.00868e-05
4.00578e-05
4.00826e-05
3.98675e-05
3.98956e-05
3.98619e-05
4.00823e-05
4.00857e-05
3.71196e-05
4.00798e-05
3.98585e-05
4.00927e-05
4.007e-05
4.00869e-05
4.00859e-05
4.01069e-05
4.00818e-05
4.0086e-05
4.0072e-05
4.00674e-05
3.99245e-05
4.01074e-05
4.00802e-05
4.00773e-05
4.0072e-05
4.00756e-05
4.00868e-05
4.00606e-05
4.00842e-05
4.00973e-05
4.00357e-05
4.01124e-05
4.00873e-05
4.00872e-05
1.13291e-05
4.00581e-05
4.00963e-05
4.00845e-05
4.00822e-05
4.00878e-05
4.00868e-05
4.01225e-05
4.00735e-05
4.00676e-05
4.00771e-05
4.00735e-05
4.00771e-05
4.00673e-05
4.00656e-05
4.00697e-05
4.00622e-05
4.00671e-05
4.00857e-05
4.00868e-05
4.00766e-05
8.63162e-06
4.00893e-05
4.0114e-05
4.01397e-05
4.00802e-05
4.00672e-05
4.00788e-05
4.01226e-05
4.00719e-05
4.00737e-05
4.0048e-05
4.00152e-05
3.99098e-05
4.00263e-05
4.00696e-05
4.00852e-05
4.00608e-05
3.97425e-05
4.01264e-05
4.00936e-05
3.99514e-05
4.00641e-05
4.01406e-05
4.00162e-05
4.00736e-05
4.00859e-05
4.00683e-05
4.00098e-05
4.00751e-05
4.00858e-05
4.00942e-05
4.0142e-05
4.00645e-05
4.0081e-05
4.00788e-05
4.00865e-05
4.01093e-05
4.00754e-05
4.00767e-05
4.00719e-05
4.34825e-05
4.00741e-05
4.00739e-05
4.15987e-05
4.00929e-05
4.01297e-05
3.27059e-05
4.01108e-05
4.0131e-05
4.00027e-05
4.01141e-05
4.01356e-05
4.00766e-05
3.99334e-05
4.01208e-05
4.00994e-05
4.00782e-05
4.0067e-05
4.00845e-05
4.00738e-05
4.00753e-05
4.0138e-05
2.10571e-05
4.00771e-05
4.00654e-05
4.00772e-05
4.00783e-05
4.01462e-05
4.00724e-05
3.9861e-05
4.00756e-05
4.00722e-05
4.01247e-05
4.00802e-05
4.01082e-05
4.0077e-05
4.01264e-05
4.00925e-05
4.01173e-05
4.01031e-05
4.00838e-05
4.00772e-05
4.00807e-05
5.02775e-06
4.00826e-05
4.00892e-05
4.00856e-05
4.00889e-05
2.18168e-05
4.0094e-05
4.00892e-05
4.03462e-05
4.00933e-05
4.0083e-05
4.00831e-05
4.00832e-05
4.00856e-05
4.01011e-05
4.0081e-05
4.0082e-05
4.00889e-05
1.19648e-05
4.00986e-05
4.01059e-05
4.00365e-05
4.0082e-05
4.00791e-05
4.01234e-05
4.00826e-05
4.00961e-05
4.01223e-05
4.01131e-05
4.01332e-05
4.01122e-05
4.00846e-05
4.01102e-05
4.00372e-05
4.02793e-05
4.01433e-05
4.01299e-05
4.00738e-05
4.00387e-05
4.00854e-05
4.01282e-05
4.01156e-05
4.01263e-05
4.00507e-05
4.00891e-05
4.01023e-05
4.0156e-05
4.05876e-05
4.01518e-05
4.01777e-05
4.01359e-05
4.00374e-05
4.00356e-05
4.0169e-05
4.02004e-05
4.01333e-05
4.00514e-05
4.01456e-05
4.00727e-05
4.02062e-05
4.02365e-05
4.0052e-05
4.01722e-05
4.01495e-05
4.02271e-05
4.01052e-05
4.01647e-05
4.02824e-05
4.01912e-05
4.02677e-05
4.01855e-05
4.03483e-05
4.0068e-05
4.02195e-05
4.02118e-05
4.03213e-05
4.02548e-05
4.02339e-05
4.06207e-05
4.01183e-05
4.00846e-05
4.00683e-05
4.0069e-05
4.01247e-05
4.00983e-05
4.00857e-05
4.00394e-05
4.00596e-05
4.00479e-05
4.00353e-05
4.00471e-05
4.00519e-05
4.00824e-05
4.00449e-05
3.88855e-05
4.00688e-05
4.00381e-05
4.0086e-05
4.18393e-05
4.00487e-05
4.0055e-05
4.00421e-05
4.00369e-05
4.00774e-05
4.0061e-05
4.00551e-05
4.00463e-05
4.00638e-05
4.00857e-05
4.00527e-05
4.00502e-05
4.00601e-05
4.00572e-05
4.07199e-05
4.00861e-05
4.00434e-05
4.00445e-05
4.00434e-05
4.00422e-05
4.00775e-05
4.0058e-05
4.01112e-05
4.00633e-05
4.00455e-05
4.00518e-05
4.00472e-05
4.00843e-05
4.00514e-05
4.00542e-05
4.01178e-05
4.01425e-05
4.01391e-05
4.00762e-05
4.00406e-05
4.0137e-05
0.00029574
4.30893e-05
4.26501e-05
0.000628847
4.00245e-05
4.00237e-05
4.00704e-05
4.01373e-05
4.00759e-05
4.00702e-05
4.28135e-05
0.00108139
4.00795e-05
4.00761e-05
4.00729e-05
4.00729e-05
4.00684e-05
4.01085e-05
4.01811e-05
4.00795e-05
4.01857e-05
4.01644e-05
4.00796e-05
4.00685e-05
4.00421e-05
4.00822e-05
4.00756e-05
4.00681e-05
4.01123e-05
4.00407e-05
4.00421e-05
4.00753e-05
4.00829e-05
4.01691e-05
4.00526e-05
4.01583e-05
4.01556e-05
4.0077e-05
4.00858e-05
4.00795e-05
4.00681e-05
4.00799e-05
4.0042e-05
4.00832e-05
4.00377e-05
4.00374e-05
4.01918e-05
4.00794e-05
4.00503e-05
4.01674e-05
4.01152e-05
4.01216e-05
4.00542e-05
4.00504e-05
4.00772e-05
4.0083e-05
4.00893e-05
4.00768e-05
4.00564e-05
4.00462e-05
4.00841e-05
4.00824e-05
4.0076e-05
4.00772e-05
4.00507e-05
4.11934e-05
4.00511e-05
4.0053e-05
4.00831e-05
4.00893e-05
4.00461e-05
4.00687e-05
4.00845e-05
4.00369e-05
4.00489e-05
4.00474e-05
4.00927e-05
4.74782e-05
4.01417e-05
4.00524e-05
4.01542e-05
4.0082e-05
4.01349e-05
4.0048e-05
4.04417e-05
4.0143e-05
4.00411e-05
4.00559e-05
4.00483e-05
4.01344e-05
4.01408e-05
4.00758e-05
4.00794e-05
4.00796e-05
4.00415e-05
4.00483e-05
4.00856e-05
4.00827e-05
4.00953e-05
4.00775e-05
4.00823e-05
4.01425e-05
4.01577e-05
4.00813e-05
4.00673e-05
8.79103e-06
4.00817e-05
4.00586e-05
4.01339e-05
3.16744e-05
3.85256e-06
4.00775e-05
0.00139407
0.00144824
0.0020651
4.00902e-05
4.00609e-05
1.50324e-06
4.00824e-05
0.00195796
4.00911e-05
0.000445706
4.00662e-05
0.00123759
1.94077e-05
4.00605e-05
4.05912e-05
9.63761e-06
0.000295577
4.0065e-05
4.00657e-05
4.00702e-05
4.04711e-05
2.16585e-05
3.79864e-06
2.65151e-05
1.77663e-05
3.37097e-05
4.00903e-05
4.0062e-05
1.08687e-05
5.34028e-06
4.00074e-05
0.000104434
2.9792e-05
2.41032e-05
4.04903e-05
4.00725e-05
4.00938e-05
4.00791e-05
4.00678e-05
2.1092e-06
4.00586e-05
4.00075e-05
1.5391e-05
4.00644e-05
2.74822e-05
4.00701e-05
4.00825e-05
4.00677e-05
4.00018e-05
4.00676e-05
1.41668e-05
3.68428e-05
4.00669e-05
4.00728e-05
4.00613e-05
4.00616e-05
4.00209e-05
4.00079e-05
4.00902e-05
4.00028e-05
4.00686e-05
4.007e-05
4.00363e-05
3.91645e-05
4.00795e-05
4.0079e-05
4.00777e-05
4.00766e-05
4.00779e-05
1.83324e-06
4.49067e-05
4.05314e-05
4.08776e-05
4.00746e-05
4.08282e-05
4.00687e-05
4.33106e-05
4.00902e-05
4.00115e-05
0.000526173
8.54015e-05
4.0073e-05
4.10372e-05
4.00602e-05
4.02623e-05
4.00813e-05
4.00031e-05
4.00397e-05
4.00409e-05
4.00564e-05
4.00668e-05
4.00917e-05
4.00589e-05
4.00793e-05
4.00762e-05
4.0021e-05
4.00297e-05
4.00792e-05
4.00416e-05
4.00396e-05
4.01441e-05
4.0033e-05
4.00049e-05
4.01224e-05
4.01198e-05
4.01634e-05
4.36049e-05
4.0018e-05
4.00167e-05
4.00235e-05
4.00821e-05
4.00632e-05
4.01451e-05
4.00435e-05
4.01144e-05
4.00468e-05
4.01481e-05
0.000218614
4.01167e-05
4.00672e-05
4.00673e-05
4.01139e-05
4.01263e-05
4.007e-05
4.00651e-05
4.00967e-05
4.00716e-05
4.00639e-05
4.00621e-05
4.00637e-05
4.00638e-05
4.00236e-05
4.0105e-05
4.01107e-05
4.00306e-05
4.01436e-05
4.07657e-05
4.00193e-05
0.000163045
4.00903e-05
4.00759e-05
4.01907e-05
4.0067e-05
4.00117e-05
4.01668e-05
4.00631e-05
4.00176e-05
4.00308e-05
4.01161e-05
4.37995e-05
4.01276e-05
4.14531e-05
3.993e-05
4.00055e-05
4.05108e-05
4.01351e-05
4.01325e-05
4.00895e-05
4.01358e-05
4.01263e-05
4.01289e-05
4.01319e-05
4.00748e-05
4.00649e-05
4.00685e-05
4.01457e-05
4.00752e-05
4.01611e-05
4.01201e-05
4.00676e-05
4.0041e-05
4.01318e-05
4.00663e-05
4.0137e-05
4.00689e-05
4.00653e-05
4.00607e-05
4.00229e-05
6.95452e-05
4.00055e-05
4.08025e-05
3.22739e-05
4.00189e-05
4.00963e-05
4.3835e-05
3.94511e-05
4.09377e-05
4.16201e-05
4.00945e-05
4.00736e-05
4.00516e-05
0.000282342
4.3917e-05
4.01094e-05
4.00398e-05
4.00217e-05
4.00104e-05
4.009e-05
4.00119e-05
4.00464e-05
1.27433e-05
4.00429e-05
4.0043e-05
4.0045e-05
4.00024e-05
4.0023e-05
4.01381e-05
4.41398e-05
4.00749e-05
4.17761e-05
4.0067e-05
4.00651e-05
4.01351e-05
4.00766e-05
4.19042e-05
4.50455e-05
4.44479e-05
4.00937e-05
0.00192596
4.00707e-05
4.00653e-05
4.00902e-05
4.00895e-05
4.01104e-05
4.184e-05
4.0041e-05
0.000217385
4.01405e-05
0.000402932
4.00701e-05
4.01269e-05
1.23193e-05
4.00653e-05
4.00714e-05
4.57837e-05
4.00623e-05
0.000485825
4.00448e-05
4.00636e-05
4.00472e-05
4.01356e-05
4.00866e-05
4.0092e-05
4.01408e-05
0.000138531
4.01046e-05
4.01842e-05
4.0133e-05
4.01344e-05
0.000149857
4.01239e-05
4.19664e-05
4.00205e-05
4.00248e-05
5.27932e-05
4.00163e-05
4.00757e-05
0.00017741
4.00416e-05
4.00221e-05
4.00067e-05
4.0075e-05
4.0067e-05
4.01042e-05
4.0049e-05
4.01534e-05
8.23206e-05
0.000242713
4.00755e-05
0.000213072
4.00794e-05
4.00846e-05
4.00475e-05
4.13594e-05
4.01345e-05
4.01251e-05
4.18886e-05
6.98442e-05
4.01226e-05
0.000296042
4.01037e-05
4.00913e-05
0.000640221
9.82415e-05
0.00082134
0.000749956
4.1318e-05
0.000377686
4.00592e-05
4.01158e-05
0.000424796
4.01054e-05
4.0097e-05
0.000960512
4.01433e-05
4.00053e-05
3.97832e-05
8.59792e-06
4.00299e-05
0.000462082
4.00826e-05
0.000470883
0.00158753
4.00119e-05
4.00654e-05
0.00151051
4.00101e-05
0.00147803
0.000517052
0.00143878
0.00142211
4.0082e-05
0.000611168
0.00131206
0.000657288
0.00124251
0.00126034
3.97088e-05
4.00449e-05
0.00122256
4.00761e-05
4.00497e-05
0.000719968
0.00110951
0.000772637
0.00110395
0.0011277
0.000816995
0.000790122
0.00110614
0.000875808
0.00106723
0.000980913
0.000933913
0.000909369
0.00109909
0.000975382
4.00748e-05
4.00772e-05
4.00819e-05
4.17474e-05
4.00968e-05
4.00364e-05
2.17215e-05
4.00399e-05
4.00415e-05
4.22895e-05
4.0076e-05
4.00372e-05
4.00694e-05
4.00243e-05
8.49191e-05
4.00066e-05
4.00146e-05
4.00424e-05
4.01879e-05
4.85229e-05
0.000109067
4.0123e-05
4.00187e-05
4.00857e-05
4.00342e-05
4.00325e-05
4.00312e-05
4.00582e-05
4.00062e-05
4.64048e-05
4.0002e-05
4.01074e-05
4.01019e-05
4.00385e-05
4.00448e-05
4.01215e-05
4.00696e-05
4.00084e-05
4.00799e-05
4.00215e-05
4.01538e-05
4.00019e-05
4.01759e-05
4.0101e-05
4.01071e-05
4.00956e-05
4.01025e-05
4.00308e-05
4.00065e-05
4.00963e-05
4.0027e-05
4.00417e-05
4.74326e-05
4.01821e-05
4.00667e-05
4.04507e-05
4.00757e-05
4.0069e-05
2.33329e-05
4.00768e-05
3.99846e-05
4.00028e-05
4.00423e-05
4.00801e-05
4.00673e-05
2.32494e-05
3.28475e-05
4.00632e-05
4.00077e-05
4.00634e-05
4.00996e-05
4.00028e-05
4.00082e-05
4.00688e-05
4.00149e-05
4.00089e-05
4.01118e-05
4.00869e-05
4.00021e-05
4.0059e-05
4.00269e-05
9.53619e-05
4.00874e-05
4.0056e-05
4.00956e-05
4.01406e-05
4.00978e-05
4.00835e-05
4.00061e-05
4.00675e-05
4.00046e-05
4.01257e-05
4.00211e-05
4.01316e-05
4.00058e-05
4.00545e-05
4.01128e-05
4.00157e-05
4.00758e-05
4.00049e-05
4.00255e-05
4.00457e-05
4.00382e-05
4.27806e-05
4.00724e-05
4.00428e-05
4.00763e-05
0.000168313
4.00839e-05
4.01043e-05
4.00996e-05
4.00233e-05
4.00252e-05
1.23759e-05
0.000185848
8.27858e-06
0.00011747
4.0043e-05
4.00486e-05
4.51941e-05
4.00591e-05
4.00483e-05
4.00211e-05
4.00025e-05
4.01453e-05
4.00885e-05
4.00062e-05
4.00785e-05
4.01468e-05
4.00047e-05
4.00817e-05
4.00763e-05
4.00854e-05
4.00293e-05
4.00911e-05
4.00834e-05
4.0074e-05
4.0051e-05
4.00475e-05
4.00227e-05
3.96586e-05
3.97962e-05
4.00647e-05
0.00021696
4.00714e-05
4.00033e-05
4.00881e-05
4.01084e-05
0.00139232
4.00102e-05
4.00443e-05
4.00971e-05
0.00132454
5.3974e-05
0.00127296
4.0108e-05
0.00123675
4.02851e-05
4.00444e-05
4.00033e-05
4.00803e-05
0.000366639
4.00857e-05
4.00842e-05
4.00856e-05
4.00024e-05
4.00673e-05
4.00865e-05
0.000422057
0.000275939
4.00576e-05
4.00428e-05
0.000942216
0.000474777
4.00394e-05
0.000499026
4.00614e-05
0.00103093
4.0151e-05
4.01358e-05
0.00102036
4.00717e-05
4.00201e-05
0.00080067
0.000702063
4.00596e-05
0.000864148
4.01055e-05
0.000872719
0.000580646
0.000515127
0.000846456
4.03799e-05
0.0007841
0.000662808
0.000636127
0.000760099
4.00337e-05
4.00013e-05
4.00869e-05
4.07934e-05
4.00805e-05
4.0086e-05
4.00107e-05
4.00493e-05
0.00100682
4.00103e-05
4.00421e-05
4.01009e-05
4.00238e-05
4.00245e-05
4.00162e-05
4.00448e-05
4.00063e-05
4.00091e-05
4.00813e-05
4.00662e-05
4.00756e-05
4.0006e-05
0.00188872
4.00475e-05
4.01122e-05
4.0003e-05
4.00724e-05
4.13041e-05
4.22299e-05
4.0039e-05
4.00957e-05
4.00826e-05
4.00835e-05
4.00863e-05
4.01413e-05
4.01801e-05
4.00136e-05
4.00396e-05
4.00167e-05
0.00020323
4.00043e-05
4.00854e-05
4.00796e-05
4.00304e-05
0.00114592
4.0014e-05
4.0162e-05
4.00411e-05
4.01461e-05
4.00865e-05
4.00046e-05
4.79224e-05
4.00519e-05
4.00676e-05
4.00113e-05
4.01452e-05
4.00637e-05
4.00924e-05
4.00048e-05
4.00564e-05
4.00731e-05
4.00161e-05
4.00838e-05
4.00859e-05
4.00319e-05
4.0039e-05
4.00613e-05
4.01164e-05
4.00452e-05
4.00462e-05
4.00578e-05
3.76902e-05
4.0016e-05
4.0082e-05
3.98499e-05
4.00467e-05
4.00701e-05
4.00701e-05
4.00676e-05
4.00044e-05
4.00651e-05
4.00855e-05
4.0086e-05
0.000667798
0.000701132
4.0101e-05
4.00405e-05
4.1167e-05
4.00061e-05
4.00413e-05
4.01996e-05
4.00766e-05
4.0052e-05
4.00745e-05
4.00378e-05
4.00348e-05
4.00233e-05
4.0134e-05
4.00857e-05
4.00857e-05
3.99831e-05
4.00131e-05
4.01446e-05
4.00564e-05
4.00646e-05
4.00712e-05
4.0046e-05
4.01306e-05
4.00291e-05
4.00048e-05
4.01332e-05
4.00811e-05
4.00174e-05
4.00863e-05
4.00857e-05
2.01771e-05
4.07186e-05
4.00091e-05
4.00564e-05
4.00039e-05
4.00012e-05
4.00045e-05
4.00574e-05
4.00532e-05
4.00612e-05
4.00964e-05
4.00597e-05
4.00065e-05
4.01135e-05
3.40557e-05
4.00118e-05
4.00864e-05
4.00858e-05
4.00585e-05
4.00137e-05
4.0083e-05
4.01186e-05
4.04178e-05
4.00572e-05
4.00573e-05
0.000206051
4.01112e-05
4.00041e-05
4.00243e-05
4.00863e-05
4.00857e-05
4.00444e-05
4.00098e-05
4.0043e-05
4.00223e-05
4.01044e-05
4.00727e-05
3.99479e-05
4.0024e-05
4.0072e-05
4.00888e-05
0.000363232
4.00674e-05
0.000381252
4.00857e-05
4.00879e-05
4.00713e-05
4.00864e-05
4.00865e-05
4.00062e-05
4.00071e-05
4.00087e-05
4.00354e-05
4.00759e-05
4.00057e-05
4.00802e-05
4.00173e-05
4.00621e-05
4.00004e-05
4.00683e-05
4.00079e-05
4.00259e-05
4.00126e-05
4.00798e-05
4.00741e-05
4.00049e-05
4.00049e-05
4.00031e-05
4.00001e-05
4.00001e-05
4.00002e-05
7.05012e-05
4.00005e-05
4.00056e-05
4.00001e-05
3.7773e-05
4.00066e-05
4.00313e-05
4.00001e-05
4.00001e-05
4.00318e-05
4.0006e-05
4.00002e-05
4.00001e-05
3.80189e-05
4.00001e-05
4.0005e-05
4.00008e-05
4.00001e-05
4.00016e-05
4e-05
4.07521e-05
4.10471e-05
4.00068e-05
4.00159e-05
4.00863e-05
4.00861e-05
4.00082e-05
4.01374e-05
4.07012e-05
4.0056e-05
4.00013e-05
4.00411e-05
0.000636445
0.000600264
4.00951e-05
4.00966e-05
4.00006e-05
3.35368e-05
5.98428e-05
4.0022e-05
4.00244e-05
4.00091e-05
4.00676e-05
4.00861e-05
4.00884e-05
4.00007e-05
3.69313e-05
4.00528e-05
4.00466e-05
4.01279e-05
4.00225e-05
4.00944e-05
4.00733e-05
4.01549e-05
4.00342e-05
4.01064e-05
4.00815e-05
4.01429e-05
4.00694e-05
4.00728e-05
4.00734e-05
4.00981e-05
4.01277e-05
4.01395e-05
4.00224e-05
4.0012e-05
0.000130278
4.00774e-05
4.00861e-05
4.00117e-05
4.00823e-05
4.0095e-05
4.00973e-05
4.00609e-05
4.01349e-05
4.01346e-05
4.00799e-05
4.00904e-05
4.00553e-05
4.0085e-05
4.0099e-05
4.00063e-05
4.00907e-05
4.00063e-05
4.00769e-05
4.00774e-05
4.00013e-05
4.00038e-05
4.00809e-05
4.01622e-05
4.0086e-05
6.03529e-06
7.23596e-06
4.01083e-05
4.00522e-05
3.96736e-05
4.00523e-05
4.05079e-05
3.97782e-05
4.00416e-05
4.16398e-05
4.00205e-05
4.0176e-05
4.01142e-05
4.00867e-05
4.00467e-05
4.00372e-05
4.00375e-05
4.00122e-05
0.00045385
4.00131e-05
3.61621e-05
4.00802e-05
4.01419e-05
4.00369e-05
4.0081e-05
4.00804e-05
0.000510423
4.00418e-05
0.000536039
4.01048e-05
4.00234e-05
4.00262e-05
4.00375e-05
4.00056e-05
4.0007e-05
4.00849e-05
4.00493e-05
4.00082e-05
4.0072e-05
4.00735e-05
4.03494e-05
4.00042e-05
4.00853e-05
4.01542e-05
4.00137e-05
4.03009e-05
4.00555e-05
4.00864e-05
4.00072e-05
4.00762e-05
4.00128e-05
6.12708e-05
0.000691312
4.00461e-05
0.000644428
4.01461e-05
4.00695e-05
4.00208e-05
4.00028e-05
4.0078e-05
4.00758e-05
4.01071e-05
4.00487e-05
4.00218e-05
3.76587e-05
4.00063e-05
4.00774e-05
4.0339e-05
4.00901e-05
4.00301e-05
4.00782e-05
4.00623e-05
4.00888e-05
4.00642e-05
3.99352e-05
4.00025e-05
4.01656e-05
4.00682e-05
4.00678e-05
4.0411e-05
5.04339e-05
4.00068e-05
4.0061e-05
4.00915e-05
4.00677e-05
3.97535e-05
4.01322e-05
4.00903e-05
4.01439e-05
4.00063e-05
4.01108e-05
4.00247e-05
4.00281e-05
4.00355e-05
4.00677e-05
7.28206e-05
4.00553e-05
4.00674e-05
1.23463e-05
0.00190699
4.00408e-05
4.00748e-05
4.00089e-05
4.00791e-05
4.00079e-05
4.004e-05
4.00394e-05
4.00232e-05
4.0148e-05
4.02947e-05
4.00544e-05
4.00604e-05
4.00943e-05
0.00180286
4.00762e-05
4.00435e-05
4.00219e-05
4.00068e-05
4.01349e-05
4.00342e-05
8.40052e-05
4.00063e-05
4.0009e-05
4.01485e-05
4.01252e-05
3.45625e-05
4.00611e-05
4.00057e-05
4.00004e-05
0.00196371
4.00387e-05
4.01942e-05
4.04847e-05
4.01313e-05
4.00068e-05
4.02978e-05
4.00744e-05
3.51869e-05
4.00699e-05
4.22841e-05
4.00938e-05
1.62595e-05
4.00967e-05
4.00725e-05
4.00191e-05
4.00013e-05
0.000792263
4.00856e-05
4.0084e-05
4.00926e-05
4.01357e-05
4.01375e-05
4.10071e-05
0.000212386
4.00345e-05
4.00281e-05
4.00548e-05
4.00118e-05
4.00752e-05
4.00552e-05
4.01164e-05
4.00125e-05
9.55749e-05
4.01661e-05
4.00743e-05
4.00984e-05
0.00118282
4.00368e-05
4.00075e-05
4.4545e-05
4.00017e-05
4.00269e-05
4.03119e-05
4.0157e-05
4.0095e-05
4.00487e-05
4.00324e-05
2.41502e-05
4.00988e-05
4.00123e-05
8.39323e-05
4.00977e-05
4.00348e-05
4.00495e-05
4.00657e-05
4.1876e-05
3.99501e-05
4.0193e-05
4.00629e-05
4.00015e-05
4.01116e-05
4.00711e-05
4.0071e-05
4.00562e-05
4.00006e-05
4.00459e-05
4.00955e-05
4.00811e-05
4.00938e-05
4.00027e-05
4.07847e-05
3.9716e-05
4.01698e-05
4.01811e-05
4.1076e-05
6.58968e-06
4.00438e-05
4.00795e-05
4.00634e-05
4.00644e-05
4.00721e-05
4.0093e-05
4.01218e-05
4.30656e-05
4.00875e-05
4.01148e-05
4.06097e-05
4.08679e-05
4.00063e-05
4.00375e-05
4.00367e-05
4.00548e-05
4.01185e-05
4.00474e-05
4.00892e-05
4.00059e-05
0.00131991
4.00034e-05
4.00626e-05
4.00599e-05
4.13009e-05
4.00685e-05
4.10264e-05
0.00165386
4.00526e-05
4.0036e-05
4.01048e-05
4.00932e-05
4.00714e-05
4.00577e-05
4.01189e-05
4.00526e-05
4.00236e-05
4.00109e-05
4.00203e-05
4.04625e-05
4.00463e-05
4.00754e-05
4.01508e-05
4.01755e-05
4.00073e-05
0.000198465
4.01324e-05
4.00024e-05
4.00005e-05
4.00705e-05
4.04974e-05
4.13281e-05
4.0084e-05
4.03644e-05
4.00913e-05
4.01187e-05
4.01675e-05
4.00509e-05
4.02522e-05
3.73586e-05
4.00768e-05
4.00693e-05
4.007e-05
4.00056e-05
4.01161e-05
4.00352e-05
4.004e-05
4.00158e-05
4.00951e-05
4.0062e-05
4.00073e-05
4.00028e-05
4.00408e-05
4.00859e-05
4.00545e-05
4.01076e-05
4.00982e-05
4.00654e-05
4.01708e-05
4.01019e-05
3.96366e-05
4.00523e-05
4.00768e-05
4.00006e-05
4.00005e-05
4.00535e-05
4.00884e-05
4.0092e-05
4.01106e-05
4.03456e-05
4.00505e-05
4.00023e-05
4.00783e-05
4.00445e-05
4.00326e-05
3.78284e-05
4.00279e-05
4.00045e-05
4.00573e-05
4.00047e-05
4.03475e-05
4.00205e-05
4.00864e-05
4.00595e-05
4.00497e-05
4.00169e-05
4.1075e-05
4.00277e-05
4.00312e-05
4.01193e-05
4.00245e-05
4.00003e-05
4.00797e-05
4.00478e-05
4.00517e-05
4.04073e-05
0.000666068
4.00031e-05
4.00157e-05
4.00434e-05
4.00187e-05
4.0085e-05
4.01638e-05
4.00283e-05
4.0114e-05
4.00266e-05
4.00063e-05
3.96935e-05
4.00302e-05
4.05625e-05
4.00898e-05
4.01e-05
4.00799e-05
4.00645e-05
7.62378e-08
4.0031e-05
4.0059e-05
4.00778e-05
4.00849e-05
0.0021723
4.0104e-05
4.01044e-05
4.00508e-05
4.22423e-05
4.00749e-05
4.00416e-05
4.00017e-05
4.00787e-05
4.00991e-05
4.008e-05
4.00951e-05
4.0132e-05
4.00983e-05
4.0115e-05
4.00483e-05
4.00216e-05
4.00522e-05
4.01557e-05
4.03615e-05
4.0025e-05
4.01395e-05
4.0011e-05
4.00861e-05
4.00868e-05
4.00141e-05
4.00858e-05
4.00856e-05
4.0109e-05
4.00443e-05
4.01094e-05
4.00992e-05
0.00116762
4.01076e-05
4.00495e-05
4.01107e-05
7.65008e-06
2.85177e-06
4.00278e-05
4.0021e-05
4.01589e-05
0.00179796
4.00138e-05
4.00984e-05
4.00576e-05
4.00221e-05
4.01436e-05
4.00681e-05
4.00063e-05
4.00373e-05
4.00831e-05
4.00439e-05
4.0047e-05
3.99125e-05
4.10889e-05
4.00063e-05
4.00367e-05
5.67312e-05
4.00907e-05
4.00405e-05
4.01061e-05
4.0043e-05
4.00603e-05
4.00215e-05
4.01132e-05
4.01207e-05
4.00038e-05
4.00223e-05
4.00536e-05
4.00588e-05
4.06407e-05
4.00034e-05
1.00237e-05
0.00109209
4.00613e-05
0.00019544
4.00337e-05
0.00096261
4.01019e-05
0.000144987
4.00047e-05
0.000214779
4.01775e-05
4.00764e-05
4.0006e-05
4.00017e-05
4.00977e-05
4.00692e-05
4.0095e-05
4.0015e-05
6.10173e-05
4.0125e-05
4.00981e-05
4.00227e-05
0.000271696
4.00083e-05
4.00473e-05
4.00756e-05
4.01151e-05
4.0049e-05
4.00848e-05
4.00776e-05
4.00236e-05
0.000257222
2.90785e-05
4.00519e-05
4.00364e-05
4.00395e-05
0.00201581
4.0045e-05
4.00475e-05
4.00046e-05
4.01164e-05
4.01802e-05
4.00086e-05
4.00033e-05
4.00024e-05
4.00059e-05
4.0086e-05
4.00786e-05
4.01375e-05
4.01199e-05
4.00693e-05
4.00619e-05
3.16319e-05
4.00545e-05
3.95993e-05
4.01269e-05
4.00031e-05
4.00978e-05
4.00773e-05
4.00494e-05
3.99681e-05
4.00852e-05
0.0002508
4.00434e-05
4.01246e-05
4.01344e-05
0.000256574
4.0049e-05
4.01174e-05
4.00225e-05
4.00172e-05
4.00599e-05
6.65616e-05
4.00239e-05
4.00015e-05
4.01217e-05
0.000798677
4.0013e-05
4.01217e-05
4.00632e-05
0.000748183
4.00796e-05
4.00762e-05
4.00546e-05
4.00764e-05
8.50052e-05
8.50262e-07
4.00167e-05
4.00728e-05
3.98861e-05
4.00753e-05
4.01926e-05
4.00535e-05
4.00183e-05
4.00983e-05
4.00264e-05
4.00361e-05
4.00391e-05
4.00509e-05
4.07583e-05
4.00362e-05
4.00649e-05
4.00391e-05
3.99642e-05
4.00368e-05
4.00409e-05
0.000798042
4.01082e-05
4.00795e-05
4.00094e-05
4.00714e-05
0.000142329
4.03566e-05
4.00591e-05
4.02217e-05
4.02872e-05
4.00318e-05
4.00566e-05
4.01096e-05
4.01292e-05
4.14613e-05
4.0078e-05
4.00796e-05
4.00372e-05
4.01002e-05
4.00994e-05
0.000265328
4.00088e-05
4.00867e-05
4.05897e-05
2.60629e-05
4.00827e-05
4.00085e-05
4.01163e-05
4.0192e-05
4.00089e-05
4.0143e-05
4.00581e-05
4.00809e-05
4.0005e-05
4.00857e-05
4.00755e-05
4.00122e-05
4.00364e-05
4.00272e-05
4.00815e-05
4.00634e-05
4.00184e-05
4.00764e-05
4.00106e-05
4.16314e-05
4.00791e-05
4.00506e-05
4.00825e-05
4.00066e-05
1.09469e-05
4.00788e-05
4.62354e-05
4.00797e-05
4.00722e-05
4.00924e-05
4.00832e-05
4.01467e-05
4.00093e-05
4.00057e-05
4.0058e-05
4.00717e-05
4.007e-05
4.005e-05
4.00612e-05
4.00356e-05
4.00798e-05
4.00641e-05
4.01681e-05
4.02075e-05
4.00246e-05
4.0058e-05
4.00591e-05
4.79731e-06
2.14244e-05
4.00013e-05
4.01319e-05
0.00015715
0.00035828
4.01326e-05
4.00889e-05
4.00923e-05
4.00513e-05
4.00427e-05
4.01141e-05
4.00428e-05
4.00058e-05
4.0112e-05
4.00419e-05
4.01001e-05
4.01055e-05
4.00442e-05
4.00645e-05
4.01693e-05
4.01376e-05
4.0053e-05
4.0075e-05
4.00169e-05
4.0054e-05
4.00217e-05
4.00283e-05
4.00194e-05
4.00615e-05
2.53248e-05
4.01451e-05
4.00541e-05
4.00526e-05
5.1176e-05
4.07273e-05
4.00319e-05
4.00427e-05
4.00476e-05
3.36018e-05
4.0039e-05
4.00481e-05
0.000147135
4.00514e-05
4.00153e-05
4.00625e-05
2.17509e-05
4.01047e-05
4.01643e-05
4.01165e-05
4.01158e-05
4.00636e-05
7.34429e-06
4.06443e-05
4.04623e-05
4.06673e-05
4.00872e-05
9.32511e-06
4.01283e-05
4.00509e-05
0.00176206
4.00019e-05
4.00946e-05
4.00452e-05
4.00413e-05
4.00366e-05
4.00113e-05
4.00626e-05
4.00061e-05
4.01353e-05
4.00776e-05
4.04146e-05
4.00185e-05
4.00697e-05
4.00217e-05
4.00427e-05
4.00995e-05
4.00849e-05
4.00899e-05
4.00045e-05
4.08037e-05
4.00131e-05
4.00828e-05
4.00419e-05
4.01074e-05
4.00735e-05
4.00693e-05
4.05932e-05
4.00039e-05
8.03191e-05
4.00105e-05
4.0069e-05
4.00856e-05
4.00282e-05
4.0056e-05
4.00716e-05
4.01288e-05
4.00365e-05
4.00679e-05
4.00507e-05
4.00501e-05
4.00397e-05
4.00685e-05
4.00464e-05
4.00726e-05
4.0784e-05
6.64931e-06
3.9874e-05
4.00374e-05
4.01073e-05
4.00797e-05
4.01189e-05
4.00767e-05
4.00106e-05
5.4143e-06
0.00202571
0.00134745
4.00561e-05
3.968e-05
4.00576e-05
4.00013e-05
4.00749e-05
3.29284e-05
4.00863e-05
4.00755e-05
4.00846e-05
4.00091e-05
4.01847e-05
0.00210132
4.00775e-05
4.00862e-05
4.00356e-05
4.00768e-05
4.00052e-05
4.00757e-05
9.41657e-05
4.00801e-05
4.00525e-05
0.00125326
4.00301e-05
4.00371e-05
4.01252e-05
4.00204e-05
4.00979e-05
8.82492e-05
4.00742e-05
4.00166e-05
4.00602e-05
4.0116e-05
4.00994e-05
4.00466e-05
4.01062e-05
4.00751e-05
4.01494e-05
4.00053e-05
4.00118e-05
4.01039e-05
4.00709e-05
4.00707e-05
4.00077e-05
3.96349e-05
4.01221e-05
4.00248e-05
4.01104e-05
4.01004e-05
8.92871e-05
4.00028e-05
4.00766e-05
4.00465e-05
4.01502e-05
4.01384e-05
4.0033e-05
0.000367827
4.00749e-05
4.00272e-05
4.00011e-05
4.0042e-05
4.0016e-05
4.00578e-05
4.00403e-05
4.00648e-05
4.00144e-05
4.00876e-05
4.00619e-05
3.58741e-05
4.00966e-05
4.01128e-05
4.00661e-05
4.00504e-05
4.00549e-05
4.00623e-05
4.01336e-05
4.01472e-05
4.0032e-05
4.01003e-05
4.00787e-05
4.00017e-05
4.00963e-05
4.00978e-05
4.01278e-05
4.02748e-05
4.00727e-05
4.00611e-05
3.97791e-05
4.00364e-05
4.00654e-05
4.01181e-05
4.00692e-05
4.01093e-05
4.00646e-05
4.00088e-05
3.54049e-05
4.00145e-05
4.00746e-05
4.00658e-05
8.52086e-05
4.00401e-05
4.01267e-05
4.00804e-05
0.000266937
4.0026e-05
0.000313934
4.00024e-05
4.00033e-05
4.00131e-05
4.00672e-05
4.0146e-05
4.00954e-05
4.04031e-05
3.3881e-05
4.00025e-05
4.00258e-05
4.00522e-05
4.01457e-05
4.00083e-05
3.67781e-05
4.09291e-05
4.00984e-05
4.00629e-05
4.01189e-05
4.00909e-05
4.00654e-05
4.00042e-05
4.0118e-05
3.99464e-05
4.00851e-05
4.00875e-05
4.00903e-05
4.00904e-05
4.003e-05
4.00352e-05
4.00149e-05
4.00425e-05
4.00638e-05
2.53306e-06
1.58228e-05
4.00622e-05
4.08462e-05
4.0002e-05
3.96264e-05
4.01017e-05
4.00986e-05
4.00632e-05
4.0018e-05
3.95906e-05
4.00756e-05
4.00952e-05
4.0084e-05
4.00066e-05
4.00527e-05
4.00152e-05
4.00367e-05
4.00749e-05
4.01131e-05
4.01267e-05
4.02331e-05
6.10261e-06
1.18264e-05
4.00268e-05
4.00575e-05
4.08517e-05
0.000181095
4.00358e-05
4.00173e-05
4.05932e-05
4.00076e-05
2.54506e-05
6.42148e-06
4.00571e-05
4.0094e-05
4.00392e-05
4.00682e-05
4.00157e-05
4.00296e-05
4.0001e-05
4.0005e-05
4.01286e-05
4.00777e-05
4.00582e-05
4.00354e-05
4.00031e-05
4.00111e-05
4.00574e-05
3.97572e-05
4.01448e-05
4.00363e-05
4.00109e-05
3.9993e-05
4.00939e-05
4.01222e-05
4.00579e-05
4.0111e-05
4.00361e-05
4.00519e-05
4.04326e-05
4.03604e-05
4.00983e-05
3.99713e-05
4.00954e-05
3.71071e-05
4.00627e-05
4.01112e-05
4.01103e-05
4.00244e-05
4.00689e-05
4.00027e-05
4.00045e-05
4.00553e-05
4.00464e-05
4.00392e-05
4.00328e-05
4.00504e-05
4.01483e-05
4.00646e-05
4.0057e-05
4.01261e-05
4.00752e-05
4.00803e-05
3.99618e-05
4.00028e-05
4.01162e-05
4.00191e-05
4.04668e-05
4.01523e-05
4.00391e-05
4.01433e-05
4.00113e-05
4.00042e-05
4.00446e-05
4.01007e-05
4.01312e-05
4.01337e-05
4.00772e-05
4.01101e-05
4.01472e-05
4.00631e-05
4.01031e-05
4.00032e-05
4.01253e-05
4.00778e-05
4.00428e-05
4.00989e-05
4.00271e-05
4.00755e-05
4.01159e-05
4.0118e-05
4.06161e-05
4.00056e-05
4.00792e-05
4.00486e-05
3.92701e-05
3.99225e-05
4.00745e-05
4.0046e-05
4.00474e-05
0.00192105
4.00472e-05
4.00849e-05
4.00132e-05
3.97366e-05
4.014e-05
4.00523e-05
4.00378e-05
4.00693e-05
4.07104e-05
4.01062e-05
4.00583e-05
4.00579e-05
4.00336e-05
4.00457e-05
4.00864e-05
4.00021e-05
4.00876e-05
4.01034e-05
4.00455e-05
4.00773e-05
4.00419e-05
4.00186e-05
3.9859e-05
4.00487e-05
4.00013e-05
4.01428e-05
4.00368e-05
0.000420267
4.00585e-05
4.00133e-05
4.20888e-05
4.00626e-05
4.01335e-05
7.97903e-05
4.01595e-05
4.00252e-05
4.0071e-05
4.01688e-05
4.0039e-05
4.01111e-05
4.00354e-05
4.00094e-05
4.01216e-05
4.00921e-05
4.00316e-05
4.00221e-05
4.00945e-05
4.00465e-05
4.00064e-05
4.00892e-05
4.00128e-05
4.00374e-05
4.00673e-05
4.01035e-05
4.01103e-05
4.01443e-05
4.00991e-05
4.00134e-05
4.00143e-05
0.000444806
4.05556e-05
4.00706e-05
4.00712e-05
0.000204189
4.00603e-05
4.00976e-05
4.00622e-05
4.00866e-05
4.00493e-05
4.00482e-05
4.00688e-05
0.001449
4.01453e-05
4.00836e-05
4.00501e-05
4.01277e-05
4.00945e-05
4.00527e-05
4.00746e-05
4.00199e-05
4.01146e-05
4.06299e-05
3.43713e-05
4.01794e-05
8.78358e-06
4.00094e-05
4.00421e-05
4.00855e-05
4.01021e-05
4.00376e-05
4.01248e-05
4.0106e-05
4.00378e-05
4.00305e-05
4.01195e-05
4.00178e-05
4.00091e-05
4.01098e-05
4.01359e-05
4.00713e-05
4.00506e-05
4.00277e-05
4.00946e-05
4.00802e-05
4.00018e-05
4.14938e-05
4.01699e-05
0.000368284
4.0086e-05
4.00362e-05
4.01421e-05
4.01876e-05
4.01972e-05
4.00932e-05
4.00259e-05
4.00931e-05
4.00395e-05
4.03641e-05
4.03822e-05
4.00497e-05
4.00061e-05
4.0454e-05
4.01339e-05
4.00321e-05
4.00125e-05
4.00394e-05
4.01046e-05
4.00133e-05
4.02494e-05
4.00924e-05
4.01022e-05
4.00058e-05
4.01001e-05
3.56279e-05
4.00981e-05
4.00855e-05
4.00712e-05
4.00755e-05
1.00862e-05
4.00102e-05
4.01731e-05
4.0007e-05
3.40705e-05
4.01167e-05
4.00744e-05
4.00044e-05
1.74609e-05
3.99594e-05
4.00102e-05
4.00877e-05
4.00522e-05
9.59596e-05
4.00018e-05
4.00607e-05
4.00445e-05
3.41586e-05
4.01804e-05
4.00083e-05
4.01534e-05
4.00083e-05
4.00291e-05
4.00258e-05
4.00058e-05
4.0049e-05
4.20639e-05
4.00281e-05
4.0071e-05
4.00755e-05
4.00024e-05
4.00092e-05
4.01477e-05
4.00052e-05
4.00981e-05
4.01011e-05
4.00928e-05
4.04766e-05
4.01779e-05
4.00128e-05
4.0162e-05
3.37894e-05
4.01e-05
4.00544e-05
4.00207e-05
4.00086e-05
4.0086e-05
4.00378e-05
4.00133e-05
4.03537e-05
4.04216e-05
4.00723e-05
4.0313e-05
4.00332e-05
4.00951e-05
4.01037e-05
4.00792e-05
4.00303e-05
0.000251086
4.00495e-05
4.00445e-05
4.00319e-05
4.00399e-05
4.00346e-05
4.01354e-05
4.00085e-05
4.00127e-05
4.00366e-05
4.00708e-05
4.00497e-05
4.01368e-05
4.02796e-05
3.75781e-05
4.01283e-05
4.002e-05
4.02371e-05
4.03109e-05
3.97157e-05
4.00987e-05
4.0037e-05
0.00134254
4.00519e-05
4.00066e-05
4.0103e-05
4.00186e-05
4.00047e-05
4.0137e-05
4.00472e-05
4.00516e-05
4.01242e-05
8.81725e-05
3.40771e-05
0.000208306
4.00532e-05
3.85357e-05
4.00344e-05
4.0051e-05
4.00613e-05
4.00299e-05
4.00386e-05
4.00325e-05
4.00251e-05
4.01775e-05
0.000266738
4.00749e-05
4.01312e-05
4.00057e-05
4.01737e-05
4.00213e-05
4.00353e-05
4.00521e-05
4.00796e-05
4.00541e-05
4.00913e-05
4.00494e-05
4.0006e-05
4.00014e-05
4.0043e-05
3.69874e-05
4.00538e-05
4.00585e-05
4.00638e-05
4.01663e-05
4.01219e-05
3.99992e-05
4.00995e-05
4.00411e-05
4.00242e-05
4.01305e-05
4.28217e-05
4.00911e-05
4.00036e-05
4.00679e-05
4.00715e-05
4.00549e-05
4.00733e-05
4.00605e-05
4.00983e-05
4.01509e-05
4.00799e-05
0.000695134
2.42726e-05
3.33978e-05
4.00016e-05
4.00093e-05
4.01424e-05
4.00936e-05
4.00453e-05
4.00347e-05
4.0016e-05
4.08292e-05
4.00123e-05
4.00417e-05
4.00006e-05
4.00028e-05
4.00771e-05
4.0074e-05
4.00062e-05
4.00456e-05
4.00148e-05
4.00626e-05
0.000151005
4.27866e-05
4.00047e-05
4.01326e-05
4.00829e-05
4.01023e-05
4.05951e-05
4.01676e-05
4.01462e-05
4.00621e-05
4.0555e-05
4.00464e-05
2.93671e-06
4.01648e-05
7.91218e-06
4.00614e-05
4.01477e-05
4.00049e-05
4.00473e-05
4.03127e-05
4.00356e-05
4.00766e-05
4.00018e-05
4.00851e-05
4.00479e-05
4.00728e-05
4.01175e-05
4.01026e-05
4.01397e-05
4.00348e-05
4.01206e-05
4.00505e-05
4.00036e-05
4.01148e-05
4.01445e-05
4.01232e-05
4.00264e-05
4.01213e-05
4.01203e-05
4.00633e-05
4.00651e-05
4.00039e-05
4.01119e-05
4.00208e-05
4.00072e-05
3.42361e-05
4.00442e-05
4.00216e-05
3.88922e-05
4.00657e-05
4.00304e-05
4.01483e-05
0.000437239
4.00979e-05
4.00817e-05
4.0029e-05
4.01043e-05
3.97765e-05
4.00858e-05
4.00681e-05
4.00717e-05
0.000750598
4.0012e-05
4.00442e-05
4.01694e-05
4.00824e-05
4.00607e-05
4.00272e-05
4.00616e-05
0.00075961
4.00775e-05
4.00052e-05
4.0053e-05
1.57519e-05
4.11038e-05
4.00064e-05
4.00664e-05
4.01233e-05
4.01351e-05
4.00183e-05
4.00014e-05
4.0035e-05
4.00062e-05
4.00575e-05
0.000746479
4.00756e-05
4.00604e-05
0.000869473
4.00434e-05
4.01923e-05
4.00615e-05
4.04045e-05
4.00873e-05
4.00614e-05
4.00789e-05
2.76592e-06
5.91273e-06
4.0034e-05
4.01199e-05
4.00337e-05
1.47343e-05
4.00054e-05
4.00301e-05
4.00739e-05
4.01104e-05
4.00051e-05
4.00082e-05
3.44451e-05
4.00149e-05
4.01206e-05
4.01511e-05
4.01625e-05
4.00304e-05
4.00472e-05
4.00096e-05
4.00714e-05
4.01783e-05
4.00459e-05
4.00358e-05
0.00077451
4.00269e-05
4.01081e-05
4.0005e-05
4.0052e-05
4.00458e-05
4.00082e-05
4.00093e-05
4.00802e-05
4.00785e-05
4.00302e-05
4.0015e-05
4.0024e-05
4.01372e-05
4.00074e-05
4.0001e-05
4.05307e-05
4.00554e-05
4.00465e-05
0.000419521
4.00599e-05
4.23286e-05
0.000161833
0.000509935
6.7095e-05
4.0032e-05
4.00527e-05
4.00396e-05
4.01048e-05
4.0043e-05
4.0014e-05
4.1283e-05
4.00571e-05
4.00147e-05
4.00454e-05
4.00505e-05
4.01105e-05
4.00666e-05
4.01187e-05
4.00076e-05
4.00867e-05
4.00338e-05
4.00445e-05
4.00052e-05
4.00231e-05
4.00138e-05
4.00273e-05
4.00126e-05
4.00042e-05
4.00181e-05
4.00905e-05
4.05348e-05
4.01688e-05
4.00038e-05
4.00166e-05
4.03984e-05
2.76305e-05
4.00029e-05
4.00039e-05
4.00684e-05
4.00661e-05
4.00043e-05
4.00753e-05
4.00071e-05
4.00141e-05
4.00995e-05
4.01427e-05
4.00072e-05
4.0006e-05
4.00763e-05
4.03901e-05
3.95654e-05
4.00292e-05
4.00845e-05
4.00893e-05
4.00057e-05
4.00341e-05
4.04844e-05
4.00406e-05
4.00973e-05
4.00379e-05
4.0077e-05
4.00051e-05
4.01004e-05
2.16655e-05
4.00599e-05
4.00034e-05
4.32023e-05
4.00382e-05
4.0051e-05
4.00531e-05
4.00514e-05
4.00397e-05
4.00762e-05
4.00207e-05
4.00224e-05
4.00075e-05
4.00508e-05
4.00858e-05
4.00676e-05
4.01159e-05
4.01528e-05
4.10403e-05
4.53749e-05
4.01237e-05
4.0069e-05
4.0013e-05
4.00224e-05
4.0043e-05
4.0013e-05
4.00486e-05
4.00043e-05
4.00063e-05
3.52405e-05
4.00296e-05
4.00854e-05
4.00789e-05
4.00887e-05
4.00502e-05
4.00302e-05
4.00866e-05
6.34135e-06
3.70023e-05
4.01304e-05
4.00085e-05
3.32692e-05
4.00155e-05
4.01134e-05
0.00121448
4.00648e-05
0.00117254
4.00671e-05
4.00064e-05
4.00068e-05
4.03756e-05
4.00924e-05
4.00087e-05
4.00348e-05
4.00652e-05
4.00164e-05
4.00319e-05
4.00213e-05
3.21144e-05
4.00037e-05
3.68149e-05
4.03615e-05
4.01277e-05
4.01382e-05
4.01279e-05
4.00239e-05
4.01293e-05
4.00024e-05
4.00344e-05
4.0036e-05
4.01061e-05
4.00274e-05
4.0667e-05
4.00005e-05
3.95949e-05
4.00366e-05
4.00419e-05
4.00092e-05
4.00772e-05
4.01742e-05
4.00485e-05
4.00687e-05
4.00056e-05
4.00763e-05
4.04036e-05
3.97686e-05
4.00581e-05
4.00027e-05
4.00875e-05
4.00015e-05
0.000135349
4.00159e-05
3.99916e-05
4.00278e-05
4.00318e-05
4.00375e-05
4.1395e-05
4.00481e-05
4.02012e-05
4.0538e-05
4.00044e-05
4.0056e-05
4.05101e-05
4.00883e-05
4.28677e-05
4.01148e-05
6.99011e-05
4.00189e-05
4.00216e-05
4.00315e-05
4.00708e-05
0.00126942
4.00044e-05
4.00506e-05
4.00269e-05
4.0054e-05
4.01203e-05
4.00426e-05
4.00795e-05
4.00503e-05
4.01429e-05
4.00037e-05
1.96198e-05
4.01839e-05
3.97775e-05
4.01289e-05
4.00971e-05
4.01459e-05
4.00561e-05
4.00338e-05
0.00166545
4.00315e-05
0.000273742
4.00078e-05
4.00697e-05
4.00874e-05
4.0124e-05
0.000356545
4.01307e-05
4.00996e-05
4.00185e-05
4.00829e-05
4.00781e-05
4.0003e-05
4.00526e-05
4.01589e-05
0.00217794
4.00094e-05
4.00009e-05
4.0007e-05
4.0112e-05
4.00382e-05
1.54167e-05
4.00794e-05
4.00258e-05
4.00035e-05
4.0023e-05
4.00337e-05
4.006e-05
4.00529e-05
4.00016e-05
4.00749e-05
4.00018e-05
4.00766e-05
4.00186e-05
4.01104e-05
4.00849e-05
4.00053e-05
4.0083e-05
4.00885e-05
4.00357e-05
4.02897e-05
4.02454e-05
5.01953e-05
4.00196e-05
4.00421e-05
3.96081e-05
4.00816e-05
4.00466e-05
4.00465e-05
4.00208e-05
4.00027e-05
4.00709e-05
4.01204e-05
4.00857e-05
4.00343e-05
4.00025e-05
0.000118402
4.0069e-05
2.27348e-06
4.01347e-05
4.0362e-05
4.01821e-05
4.0097e-05
4.00258e-05
4.00765e-05
4.00806e-05
4.0087e-05
3.99789e-05
4.00286e-05
4.00063e-05
4.00827e-05
4.25545e-05
4.01054e-05
4.0143e-05
4.00258e-05
4.00527e-05
4.01286e-05
3.99487e-05
4.01174e-05
4.00091e-05
1.32045e-06
4.01431e-05
4.01716e-05
3.41204e-05
4.01291e-05
4.01762e-05
4.0037e-05
4.00454e-05
0.000477935
3.90453e-05
4.01109e-05
4.00251e-05
4.00105e-05
0.00112882
4.01163e-05
5.10355e-05
4.3176e-05
4.01445e-05
4.01227e-05
0.000539119
4.01353e-05
4.00153e-05
4.00773e-05
4.01656e-05
4.0187e-05
4.00301e-05
4.00137e-05
4.0129e-05
4.00671e-05
4.00123e-05
4.0201e-05
4.00029e-05
9.96065e-06
4.00329e-05
4.00321e-05
4.00806e-05
4.01222e-05
4.005e-05
4.00783e-05
4.01109e-05
4.00459e-05
2.60861e-05
3.99099e-05
4.00768e-05
4.00063e-05
0.00131479
4.00986e-05
4.00013e-05
4.00423e-05
8.87947e-05
4.00763e-05
4.00878e-05
4.00038e-05
4.00901e-05
4.00691e-05
4.01173e-05
3.77651e-05
4.01228e-05
4.00739e-05
4.04984e-05
4.00527e-05
4.00207e-05
4.00294e-05
4.01178e-05
4.01047e-05
4.00583e-05
4.00397e-05
4.01691e-05
4.00012e-05
4.00035e-05
4.04744e-05
4.00329e-05
4.0014e-05
4.01337e-05
4.00119e-05
4.00924e-05
4.0012e-05
4.00015e-05
4.00597e-05
4.35959e-05
4.00162e-05
4.00327e-05
4.00775e-05
4.00757e-05
4.01049e-05
4.00377e-05
4.00638e-05
4.00767e-05
4.00273e-05
4.00057e-05
4.02291e-05
4.00854e-05
4.45905e-06
4.04627e-05
3.41389e-05
4.01467e-05
9.43496e-05
4.01054e-05
4.01282e-05
4.00184e-05
4.00061e-05
4.00811e-05
4.00064e-05
0.00106672
4.00229e-05
4.00263e-05
4.00891e-05
4.00407e-05
3.96162e-05
4.00325e-05
4.00526e-05
4.2286e-05
0.000883489
4.00781e-05
4.00849e-05
4.01048e-05
4.00926e-05
4.00952e-05
4.00206e-05
4.00151e-05
4.00569e-05
4.29635e-05
4.00046e-05
5.12602e-05
4.00233e-05
4.00039e-05
2.84119e-05
4.00718e-05
4.01402e-05
4.01157e-05
4.00388e-05
4.00033e-05
4.00801e-05
4.12854e-05
4.0065e-05
4.00396e-05
4.00829e-05
4.00586e-05
4.01356e-05
4.00758e-05
4.01721e-05
4.01209e-05
4.00035e-05
4.00468e-05
4.01198e-05
4.001e-05
3.90629e-05
4.0046e-05
4.00335e-05
4.01616e-05
4.01524e-05
4.00472e-05
4.01362e-05
4.00746e-05
4.0134e-05
4.00061e-05
4.00013e-05
4.01324e-05
3.71917e-05
4.00403e-05
3.99857e-05
4.00082e-05
4.00478e-05
4.0108e-05
4.00551e-05
4.0001e-05
4.01667e-05
4.26842e-05
0.000103302
4.00003e-05
0.000852169
8.18715e-06
4.00263e-05
3.4783e-05
4.005e-05
0.000154201
4.00008e-05
4.04573e-05
4.01657e-05
4.00025e-05
4.01725e-05
4.0039e-05
4.00003e-05
4.0024e-05
4.01058e-05
4.00678e-05
4.00253e-05
4.01196e-05
4.0045e-05
4.01844e-05
4.00063e-05
4.00358e-05
2.77669e-05
4.00047e-05
2.84431e-05
4.00612e-05
4.00056e-05
4.00107e-05
4.07647e-05
4.01343e-05
4.00607e-05
4.01216e-05
4.00313e-05
4.01233e-05
4.01716e-05
4.01313e-05
4.01154e-05
4.0023e-05
4.0046e-05
4.04101e-05
4.00205e-05
4.0026e-05
4.03765e-05
4.00173e-05
4.00539e-05
4.00341e-05
4.00076e-05
4.01278e-05
3.91447e-05
4.0005e-05
4.0039e-05
4.00098e-05
4.01215e-05
4.00967e-05
4.0006e-05
0.000736761
4.00346e-05
0.000244255
4.00569e-05
0.000244828
4.49183e-05
4.00436e-05
4.00515e-05
4.00324e-05
4.01612e-05
0.000703893
4.01336e-05
4.01866e-05
4.00391e-05
4.00042e-05
4.00362e-05
0.00013053
0.000158041
4.05169e-05
4.01494e-05
4.00236e-05
4.00549e-05
4.00438e-05
4.00615e-05
4.00676e-05
4.01169e-05
4.00711e-05
4.00868e-05
4.00855e-05
4.00837e-05
4.00761e-05
4.00071e-05
4.00837e-05
4.00259e-05
4.00024e-05
4.01142e-05
4.00022e-05
4.01406e-05
3.99587e-05
4.00645e-05
4.00477e-05
4.00826e-05
4.01334e-05
4.01363e-05
4.01134e-05
2.02931e-05
4.00064e-05
4.00165e-05
4.0017e-05
4.00837e-05
4.00073e-05
4.00107e-05
4.01201e-05
4.00041e-05
4.01435e-05
4.00071e-05
4.00539e-05
4.00652e-05
4.00036e-05
4.04324e-05
4.0108e-05
4.00077e-05
0.00128913
4.01327e-05
4.00768e-05
4.00037e-05
4.54126e-05
4.00357e-05
4.0102e-05
4.01035e-05
4.00696e-05
4.01232e-05
4.00334e-05
4.00618e-05
4.00402e-05
4.00059e-05
4.00092e-05
4.0144e-05
4.00722e-05
4.00494e-05
0.000846229
3.9758e-05
4.00105e-05
4.00054e-05
4.00498e-05
4.00204e-05
4.00538e-05
4.00271e-05
4.00896e-05
0.000139895
4.30459e-05
4.01169e-05
4.01357e-05
4.0113e-05
4.00016e-05
4.08372e-05
4.00272e-05
4.01011e-05
4.00723e-05
4.00342e-05
4.00003e-05
4.01579e-05
4.00424e-05
4.00217e-05
4.00721e-05
4.01125e-05
4.00128e-05
3.92506e-05
4.00861e-05
4.00809e-05
4.01116e-05
4.01425e-05
4.0007e-05
4.00731e-05
4.00227e-05
4.01001e-05
4.00339e-05
4.00962e-05
4.00651e-05
4.00892e-05
4.00043e-05
4.00006e-05
0.000106937
4.00262e-05
4.00052e-05
4.00269e-05
4.00798e-05
4.01434e-05
4.00655e-05
1.32934e-05
4.00498e-05
4.00246e-05
4.00287e-05
4.00582e-05
4.01664e-05
4.01627e-05
4.00005e-05
4.00304e-05
4.00034e-05
4.00236e-05
4.00361e-05
4.00127e-05
4.00041e-05
2.5749e-05
4.01399e-05
4.00931e-05
3.52818e-05
4.01892e-05
4.0116e-05
4.00758e-05
4.01509e-05
4.00167e-05
4.0006e-05
4.04637e-05
4.0073e-05
4.00918e-05
4.00259e-05
4.00161e-05
4.00096e-05
0.000215648
4.00346e-05
4.01161e-05
4.0028e-05
4.00554e-05
4.00962e-05
4.00034e-05
0.000961289
3.80293e-05
3.46373e-05
4.01356e-05
4.00401e-05
4.00779e-05
4.24839e-05
4.01036e-05
4.0022e-05
4.00417e-05
4.00012e-05
2.08205e-05
1.20724e-05
4.00525e-05
4.00762e-05
1.91593e-05
4.00761e-05
4.00017e-05
4.00726e-05
0.00179671
4.00524e-05
4.00224e-05
4.0044e-05
4.0045e-05
4.00286e-05
4.00012e-05
4.00045e-05
4.05275e-05
4.00533e-05
4.00076e-05
4.00693e-05
4.00356e-05
2.9567e-05
4.00745e-05
4.005e-05
4.00062e-05
4.0143e-05
4.48272e-05
4.00737e-05
3.25838e-05
4.00765e-05
4.00025e-05
4.01162e-05
4.01327e-05
4.00241e-05
8.48794e-05
4.00079e-05
4.0135e-05
4.00729e-05
4.00702e-05
2.96591e-05
4.30678e-05
4.01252e-05
4.11314e-05
4.00729e-05
5.61489e-06
4.00823e-05
4.01722e-05
4.01251e-05
3.95475e-05
4.00079e-05
4.00357e-05
4.00033e-05
6.51931e-05
4.00057e-05
4.00072e-05
4.00015e-05
4.00017e-05
4.00431e-05
4.01068e-05
4.00036e-05
4.00417e-05
4.00735e-05
4.00303e-05
4.00013e-05
4.0073e-05
4.01772e-05
4.01257e-05
4.01572e-05
1.54547e-05
4.00396e-05
4.00058e-05
4.00488e-05
4.00494e-05
4.00884e-05
4.00027e-05
4.03273e-05
4.00846e-05
3.97196e-05
4.00959e-05
4.00039e-05
4.00647e-05
4.00671e-05
4.0261e-05
2.97235e-05
4.00442e-05
4.01267e-05
4.00348e-05
5.04024e-05
4.02216e-05
4.02095e-05
4.01644e-05
0.000557075
4.00246e-05
3.96245e-05
3.74282e-05
4.01567e-05
4.01042e-05
4.01836e-05
4.00868e-05
4.00508e-05
4.00775e-05
4.00892e-05
4.00044e-05
4.00082e-05
4.30428e-05
4.00276e-05
4.01265e-05
4.01381e-05
4.01459e-05
4.01007e-05
0.00118171
4.0004e-05
4.00205e-05
4.00539e-05
4.00852e-05
4.00738e-05
4.00603e-05
4.00041e-05
4.01723e-05
1.02887e-06
4.00561e-05
3.96909e-05
4.00215e-05
4.00373e-05
3.9836e-05
4.00383e-05
4.00463e-05
4.00536e-05
4.00834e-05
4.0063e-05
4.00328e-05
4.00224e-05
4.02418e-05
4.00091e-05
4.00556e-05
4.00753e-05
4.00603e-05
4.01006e-05
3.11497e-05
4.00968e-05
4.00245e-05
4.00141e-05
4.59473e-05
0.00220877
4.00626e-05
4.00828e-05
4.00414e-05
4.00083e-05
4.00397e-05
4.00158e-05
4.4971e-05
4.0055e-05
4.25655e-05
4.00386e-05
4.00649e-05
4.0001e-05
4.00553e-05
4.28455e-05
4.00866e-05
4.00235e-05
4.02011e-05
4.02685e-05
0.000983263
4.0009e-05
4.00015e-05
4.00213e-05
4.00421e-05
4.01326e-05
4.00153e-05
4.00502e-05
4.00062e-05
4.014e-05
4.03638e-05
4.0303e-05
4.00594e-05
4.01261e-05
4.00005e-05
4.41767e-05
4.00018e-05
4.00043e-05
0.000219953
4.00139e-05
4.01685e-05
4.00987e-05
4.00128e-05
4.00023e-05
4.00046e-05
4.01388e-05
4.00066e-05
4.00712e-05
4.00428e-05
4.00057e-05
4.00042e-05
4.00056e-05
4.05866e-05
4.00806e-05
4.0056e-05
4.00547e-05
4.00047e-05
4.00726e-05
4.01373e-05
4.00616e-05
4.00645e-05
4.02052e-05
4.00526e-05
2.88425e-05
4.00541e-05
4.00196e-05
4.00024e-05
4.12292e-05
4.00236e-05
4.00903e-05
4.00315e-05
4.0006e-05
4.01848e-05
4.00218e-05
4.00425e-05
4.03215e-05
4.00771e-05
4.0101e-05
4.00184e-05
4.00826e-05
4.00052e-05
4.00571e-05
4.00725e-05
4.01805e-05
4.09793e-05
4.00811e-05
4.00771e-05
4.00342e-05
4.00085e-05
4.00522e-05
4.00489e-05
4.00733e-05
4.02017e-05
4.01092e-05
4.00275e-05
4.01549e-05
4.0072e-05
0.00113539
4.00747e-05
0.00113682
4.01763e-05
4.00817e-05
4.00002e-05
4.00148e-05
4.00802e-05
4.00211e-05
4.00043e-05
4.0014e-05
4.00512e-05
4.00531e-05
4.00476e-05
2.65737e-05
4.00159e-05
4.00621e-05
3.77961e-05
4.01299e-05
3.60185e-05
4.01565e-05
4.0023e-05
3.86113e-05
4.0054e-05
4.01628e-05
4.00062e-05
3.99998e-05
4.0014e-05
4.00112e-05
4.00529e-05
4.0005e-05
4.00143e-05
2.14436e-05
4.00034e-05
4.00969e-05
2.17469e-05
3.45741e-05
4.00858e-05
4.00498e-05
4.00486e-05
4.0342e-05
4.00713e-05
4.00125e-05
4.05104e-05
4.77257e-05
4.00334e-05
4.01314e-05
4.00449e-05
4.00122e-05
4.00062e-05
4.00466e-05
4.00492e-05
4.00667e-05
4.00876e-05
4.00105e-05
4.00747e-05
4.01387e-05
4.00842e-05
4.00675e-05
1.36448e-05
4.0049e-05
4.00288e-05
4.01301e-05
4.0011e-05
0.00217716
4.00484e-05
9.7078e-05
4.00635e-05
5.9241e-05
4.0027e-05
4.05903e-05
4.01263e-05
3.46012e-05
4.06749e-05
4.00386e-05
4.00069e-05
4.00024e-05
4.00692e-05
4.00064e-05
4.00623e-05
4.01479e-05
4.00774e-05
4.01163e-05
4.00058e-05
4.00502e-05
4.00879e-05
4.00913e-05
3.82879e-05
4.00685e-05
4.01011e-05
4.00853e-05
4.00502e-05
4.00238e-05
4.00809e-05
4.00346e-05
4.00139e-05
4.00832e-05
4.00197e-05
4.00202e-05
4.00036e-05
4.00244e-05
4.00536e-05
4.00052e-05
4.01239e-05
3.07525e-06
4.00313e-05
4.00786e-05
0.00053876
2.06014e-05
4.00907e-05
4.02582e-05
4.00073e-05
1.22694e-05
4.00854e-05
0.000897018
4.00408e-05
4.00623e-05
4.00978e-05
0.00141789
4.01093e-05
4.00103e-05
4.01076e-05
4.00745e-05
4.00311e-05
4.00508e-05
4.00516e-05
4.00209e-05
4.00031e-05
3.55926e-05
9.8001e-05
6.44547e-05
3.72206e-07
4.00727e-05
0.000657495
4.00849e-05
4.00118e-05
4.00783e-05
4.00775e-05
4.00178e-05
4.00241e-05
4.00011e-05
4.007e-05
4.01506e-05
4.04205e-05
4.01536e-05
4.00049e-05
0.000785771
4.01241e-05
2.72144e-05
4.14054e-05
4.00278e-05
4.00221e-05
4.0045e-05
3.97113e-05
8.70567e-06
4.00639e-05
4.00597e-05
4.00048e-05
4.00691e-05
4.00129e-05
4.01182e-05
4.00466e-05
4.00462e-05
4.00989e-05
4.01048e-05
4.01285e-05
4.01935e-05
4.00082e-05
0.000372061
7.00003e-05
4.02596e-05
4.02298e-05
3.87968e-05
4.00486e-05
4.01025e-05
4.01382e-05
4.04972e-05
4.00388e-05
4.00039e-05
4.00028e-05
0.000255141
4.00357e-05
4.00166e-05
4.00475e-05
4.0019e-05
4.00245e-05
4.00669e-05
4.92932e-06
4.00051e-05
4.00973e-05
4.00582e-05
0.000929452
4.00483e-05
0.00096914
4.01173e-05
4.00432e-05
4.00427e-05
4.00358e-05
0.000110917
0.00131061
4.00509e-05
4.00944e-05
0.000583803
4.00794e-05
4.0052e-05
4.00322e-05
0.000576844
3.66364e-05
4.01521e-05
4.00324e-05
4.00015e-05
4.01744e-05
4.00123e-05
4.01537e-05
4.00425e-05
4.00215e-05
4.0056e-05
4.00524e-05
4.00057e-05
4.01206e-05
4.00057e-05
4.00821e-05
4.0075e-05
4.00709e-05
4.00013e-05
0.00048636
4.00929e-05
4.00016e-05
4.00503e-05
0.00171584
4.00627e-05
4.00041e-05
4.00299e-05
4.01455e-05
4.00792e-05
4.008e-05
3.73309e-05
4.17865e-05
4.00357e-05
4.00271e-05
8.65457e-05
4.00159e-05
4.12475e-05
4.03509e-05
4.00053e-05
8.01222e-05
4.00641e-05
1.0813e-05
4.08569e-05
4.00422e-05
8.20112e-05
4.0001e-05
4.0044e-05
4.01727e-05
0.000217449
4.00075e-05
4.00878e-05
4.00169e-05
4.00506e-05
4.00755e-05
4.00345e-05
4.01149e-05
4.00041e-05
4.00147e-05
4.39675e-06
7.92329e-05
4.00336e-05
4.00397e-05
4.00379e-05
4.00062e-05
4.41987e-05
4.00523e-05
4.01452e-05
4.00115e-05
4.00584e-05
4.00025e-05
4.00278e-05
4.00156e-05
4.00036e-05
4.00281e-05
5.11317e-05
4.00598e-05
3.55052e-05
4.28647e-05
4.00383e-05
4.00242e-05
4.00424e-05
4.01186e-05
4.01042e-05
4.01149e-05
4.00681e-05
1.96862e-05
0.00147253
4.01052e-05
0.000101855
4.00292e-05
4.01099e-05
4.00906e-05
4.00397e-05
3.99947e-05
4.00606e-05
1.74897e-05
4.00711e-05
4.0003e-05
4.0065e-05
4.00522e-05
4.00564e-05
4.00641e-05
4.00065e-05
4.00768e-05
3.99241e-05
4.00638e-05
4.00482e-05
4.00906e-05
4.00566e-05
0.000278443
4.04402e-05
4.06251e-05
4.00807e-05
4.01579e-05
4.00171e-05
4.0074e-05
4.00459e-05
4.01201e-05
4.02446e-05
4.00124e-05
4.00688e-05
4.01394e-05
4.01464e-05
4.00372e-05
4.00526e-05
4.01052e-05
4.00507e-05
4.00687e-05
4.00051e-05
4.00993e-05
4.00455e-05
4.01312e-05
4.01321e-05
4.0089e-05
4.00837e-05
4.03529e-05
4.02197e-05
4.0042e-05
4.01014e-05
4.31831e-05
4.00848e-05
4.02864e-05
4.01077e-05
4.00049e-05
4.02619e-05
4.00009e-05
4.01117e-05
4.00666e-05
4.01028e-05
4.01006e-05
4.01354e-05
4.00297e-05
4.00411e-05
4.00111e-05
4.00527e-05
4.00513e-05
4.00735e-05
4.00773e-05
4.00489e-05
0.000133357
4.00812e-05
4.00139e-05
4.00712e-05
4.00319e-05
4.00022e-05
3.06022e-05
4.00684e-05
4.00731e-05
4.00796e-05
1.80619e-05
4.00059e-05
4.00646e-05
4.01074e-05
4.00269e-05
4.00207e-05
4.00755e-05
4.00218e-05
0.00183173
0.00052268
4.01364e-05
4.00029e-05
4.01332e-05
4.0115e-05
3.98771e-05
4.0013e-05
4.00861e-05
0.000114897
4.00833e-05
4.00818e-05
4.01024e-05
4.0489e-05
4.01095e-05
4.00063e-05
4.00961e-05
4.00627e-05
4.00303e-05
4.00004e-05
4.00024e-05
4.00006e-05
0.000367227
4.00991e-05
4.00506e-05
4.01087e-05
4.00652e-05
7.68195e-06
4.00423e-05
4.00332e-05
4.00525e-05
4.00106e-05
4.00682e-05
4.00135e-05
4.00461e-05
4.00388e-05
4.00038e-05
4.00029e-05
4.00727e-05
4.00021e-05
4.01423e-05
0.000607453
4.05247e-05
4.00067e-05
0.00168905
4.0019e-05
4.07883e-05
4.00242e-05
4.00702e-05
4.00137e-05
4.00698e-05
4.0019e-05
4.01472e-05
4.002e-05
4.00592e-05
4.00708e-05
0.000756283
0.000735447
0.00207805
4.00114e-05
4.00673e-05
4.00075e-05
4.01102e-05
4.00121e-05
4.00912e-05
4.00576e-05
4.00285e-05
4.00937e-05
5.28355e-05
4.00496e-05
4.00943e-05
4.01511e-05
0.000279042
4.00779e-05
0.000279762
4.00578e-05
4.00573e-05
4.00215e-05
4.00432e-05
0.000234245
4.01538e-05
4.00689e-05
4.00236e-05
4.00489e-05
4.02522e-05
2.2456e-05
4.02938e-05
4.03347e-05
4.02087e-05
1.6121e-05
4.00893e-05
4.01124e-05
4.0004e-05
4.00511e-05
4.01801e-05
4.00789e-05
4.01509e-05
6.20007e-05
0.000170184
4.00433e-05
4.00009e-05
4.01105e-05
4.00728e-05
4.00809e-05
4.0081e-05
4.00404e-05
0.000546565
4.00177e-05
4.00347e-05
4.01139e-05
4.0044e-05
4.03225e-05
4.0325e-05
1.91932e-05
4.0078e-05
4.00725e-05
4.0049e-05
0.000152216
4.0058e-05
4.00727e-05
4.01971e-05
0.00012089
3.74715e-05
3.95235e-05
4.006e-05
4.00581e-05
4.0079e-05
4.0026e-05
4.01328e-05
4.00819e-05
4.00828e-05
4.00015e-05
4.00976e-05
4.01111e-05
4.00995e-05
4.00006e-05
4.008e-05
4.01417e-05
4.00145e-05
4.00834e-05
4.00087e-05
3.98164e-05
4.00423e-05
0.00126891
0.000556447
0.000608183
4.00311e-05
4.02362e-05
4.008e-05
4.00063e-05
4.00387e-05
4.00408e-05
4.01008e-05
4.00309e-05
4.00484e-05
4.00023e-05
4.00814e-05
4.00569e-05
4.00546e-05
4.00576e-05
0.000257131
4.00853e-05
4.02248e-05
4.04035e-05
4.00209e-05
4.01263e-05
4.01481e-05
4.00912e-05
4.00352e-05
4.00447e-05
4.00437e-05
4.00454e-05
4.04695e-05
4.00082e-05
4.00726e-05
3.76292e-05
4.00853e-05
4.00093e-05
4.00542e-05
0.000404646
4.00696e-05
4.1027e-05
4.00434e-05
4.00344e-05
0.00147316
4.02038e-05
4.0014e-05
4.03565e-05
4.00647e-05
4.00614e-05
4.01064e-05
4.44748e-05
4.47135e-05
4.0046e-05
4.00448e-05
4.00725e-05
4.00873e-05
4.01715e-05
4.04746e-05
4.03157e-05
4.03817e-05
4.01085e-05
4.00483e-05
4.00454e-05
4.00966e-05
4.00117e-05
5.01168e-05
4.00273e-05
4.00311e-05
4.00048e-05
4.00038e-05
4.00841e-05
0.000707215
4.03197e-05
4.00503e-05
4.04246e-05
4.02073e-05
4.00092e-05
4.00587e-05
4.01605e-05
4.00754e-05
4.00179e-05
4.00974e-05
4.00133e-05
4.01557e-05
4.01064e-05
4.01175e-05
4.00437e-05
4.00703e-05
4.01267e-05
4.0128e-05
4.00404e-05
4.01088e-05
0.00173042
4.00056e-05
4.00391e-05
4.00063e-05
4.00763e-05
4.0065e-05
4.00013e-05
4.00469e-05
4.0001e-05
4.04513e-05
4.00028e-05
4.01492e-05
4.00777e-05
4.01352e-05
4.01168e-05
0.000245269
4.00026e-05
4.00045e-05
4.00877e-05
4.00391e-05
4.00164e-05
4.00247e-05
4.00013e-05
4.00759e-05
0.00157798
4.04395e-05
4.00621e-05
4.01285e-05
0.000908088
4.0028e-05
5.4948e-05
4.00894e-05
4.01044e-05
4.00073e-05
4.0733e-05
4.0029e-05
4.00549e-05
4.00065e-05
4.0118e-05
4.00211e-05
4.00093e-05
4.00869e-05
4.00623e-05
4.00105e-05
4.00513e-05
4.00981e-05
0.00185452
4.00604e-05
4.00145e-05
4.00374e-05
4.00555e-05
0.000135591
4.11174e-05
4.00074e-05
0.000210014
4.00684e-05
4.00618e-05
4.00407e-05
4.01e-05
4.00061e-05
4.01392e-05
4.00368e-05
4.00855e-05
4.01767e-05
4.00449e-05
4.21156e-05
4.00075e-05
4.00075e-05
4.0049e-05
4.00966e-05
8.51286e-05
4.00821e-05
4.01178e-05
4.00786e-05
4.00178e-05
5.61255e-05
4.00038e-05
4.01234e-05
4.01181e-05
4.0067e-05
0.000304759
4.00368e-05
4.00076e-05
4.00224e-05
4.00491e-05
4.00737e-05
4.00529e-05
4.01113e-05
4.00034e-05
4.00033e-05
4.00609e-05
4.00004e-05
4.00028e-05
4.00284e-05
4.00267e-05
4.00297e-05
4.00126e-05
4.00116e-05
4.01198e-05
4.0001e-05
4.00008e-05
4.01565e-05
4.00196e-05
4.0065e-05
4.00739e-05
4.03072e-05
3.40332e-05
4.00746e-05
4.00713e-05
4.0148e-05
4.00155e-05
4.005e-05
4.00086e-05
4.00633e-05
4.0059e-05
4.00018e-05
4.01554e-05
4.00102e-05
4.0014e-05
4.00855e-05
4.01052e-05
4.00086e-05
4.00371e-05
4.0147e-05
4.00968e-05
4.00008e-05
4.00014e-05
4.00388e-05
4.00021e-05
4.00208e-05
4.00069e-05
4.00725e-05
4.00075e-05
4.00207e-05
4.00883e-05
4.0085e-05
4.00018e-05
4.01193e-05
4.01143e-05
3.95383e-05
4.00057e-05
4.01012e-05
4.00035e-05
4.00282e-05
4.00327e-05
4.00022e-05
4.00683e-05
0.000187988
4.00196e-05
4.00247e-05
4.00926e-05
0.000203807
4.01733e-05
4.00727e-05
0.00117363
4.00677e-05
4.00227e-05
4.00517e-05
4.56115e-06
4.00111e-05
4.00551e-05
1.79003e-05
4.0033e-05
4.00166e-05
4.00064e-05
0.00160382
4.01178e-05
4.00674e-05
4.00744e-05
4.05614e-05
4.00307e-05
4.00617e-05
4.01865e-05
4.00536e-05
4.00521e-05
4.00828e-05
4.00265e-05
4.00362e-05
4.00271e-05
4.04939e-05
4.01044e-05
3.69279e-05
4.00152e-05
4.00345e-05
4.00047e-05
0.000367861
4.00233e-05
4.00081e-05
4.00899e-05
4.00036e-05
4.00157e-05
4.01717e-05
4.00064e-05
4.01257e-05
4.01174e-05
4.01211e-05
4.00804e-05
4.00444e-05
4.00681e-05
4.00011e-05
4.00709e-05
4.0079e-05
4.00662e-05
4.00528e-05
4.00625e-05
4.00294e-05
4.00277e-05
3.97076e-05
4.00389e-05
4.0046e-05
4.00335e-05
0.00103624
0.00103018
4.00583e-05
4.01225e-05
4.00233e-05
4.00488e-05
4.0247e-05
4.00642e-05
4.00973e-05
4.00022e-05
4.00069e-05
4.0006e-05
0.00023449
4.00113e-05
4.00527e-05
4.00138e-05
4.00891e-05
4.00107e-05
4.00134e-05
4.00016e-05
4.00037e-05
4.00204e-05
3.90236e-05
4.01296e-05
4.00122e-05
4.00061e-05
3.98514e-05
4.01839e-05
4.00474e-05
0.000524752
4.03443e-05
4.00843e-05
4.00562e-05
4.01251e-05
4.00523e-05
4.00123e-05
4.00648e-05
4.00019e-05
4.0066e-05
4.0507e-05
4.04482e-05
4.00812e-05
4.00507e-05
4.00214e-05
4.00519e-05
4.00564e-05
0.000344247
4.00662e-05
4.0027e-05
3.93813e-05
4.01068e-05
4.00413e-05
4.00791e-05
4.00472e-05
4.00189e-05
4.0095e-05
4.00654e-05
4.00058e-05
4.003e-05
4.00078e-05
4.00702e-05
4.00462e-05
3.75948e-05
4.0039e-05
4.00686e-05
4.00057e-05
4.00857e-05
4.00088e-05
4.00097e-05
0.000513448
4.00063e-05
4.01303e-05
4.00069e-05
4.00125e-05
4.00102e-05
4.00014e-05
4.00597e-05
4.00078e-05
4.00336e-05
4.01798e-05
4.0011e-05
4.00254e-05
4.00519e-05
4.00066e-05
4.00076e-05
3.18884e-05
4.01399e-05
4.04535e-05
4.00046e-05
4.00077e-05
4.0049e-05
4.00831e-05
4.01502e-05
4.00004e-05
4.01149e-05
4.0056e-05
3.96854e-05
4.01238e-05
4.00946e-05
4.00031e-05
4.00359e-05
4.00676e-05
4.00712e-05
4.00813e-05
4.01327e-05
4.01011e-05
4.01127e-05
4.01028e-05
4.00202e-05
4.01216e-05
4.01293e-05
4.00076e-05
4.00483e-05
0.000100445
4.00204e-05
8.29332e-05
4.00039e-05
4.01259e-05
3.08575e-05
4.00379e-05
4.00879e-05
4.00558e-05
1.1901e-05
4.00336e-05
4.00009e-05
4.00112e-05
4.00315e-05
4.00453e-05
4.0104e-05
4.00324e-05
4.00085e-05
4.4569e-05
4.00534e-05
4.00053e-05
4.00153e-05
4.00708e-05
4.373e-05
4.00244e-05
4.00079e-05
0.000647783
4.00037e-05
4.01085e-05
4.0063e-05
4.00757e-05
4.00127e-05
4.00772e-05
4.00068e-05
4.11026e-05
4.00098e-05
4.00394e-05
4.00033e-05
4.00316e-05
4.01312e-05
4.00343e-05
0.000218217
4.00382e-05
4.01177e-05
4.00053e-05
4.01423e-05
4.00008e-05
6.57056e-05
0.00197452
4.00311e-05
4.01369e-05
4.0036e-05
4.00742e-05
4.00687e-05
4.00582e-05
4.0099e-05
4.00185e-05
4.00145e-05
4.00169e-05
2.24103e-05
4.06231e-05
4.00721e-05
4.00482e-05
4.01259e-05
4.00459e-05
4.00456e-05
4.00018e-05
4.00052e-05
4.0301e-05
4.0049e-05
4.00188e-05
0.000173675
4.00387e-05
3.88096e-05
4.00038e-05
4.01727e-05
4.01414e-05
4.00289e-05
4.00223e-05
4.00626e-05
4.00609e-05
4.00005e-05
4.00119e-05
4.00752e-05
4.00103e-05
4.00259e-05
4.0037e-05
4.00517e-05
4.0069e-05
4.00349e-05
0.00131737
4.00374e-05
4.0034e-05
4.00736e-05
4.0355e-05
4.01267e-05
2.87378e-05
4.00354e-05
4.00797e-05
4.00602e-05
2.97027e-05
4.00084e-05
4.00073e-05
4.00021e-05
4.01077e-05
4.01462e-05
4.00111e-05
4.00803e-05
4.00441e-05
4.00022e-05
4.00111e-05
4.01452e-05
4.0004e-05
4.00206e-05
4.00651e-05
4.00043e-05
4.00583e-05
4.0147e-05
4.00722e-05
3.67644e-05
4.0631e-05
4.00502e-05
4.01604e-05
2.45705e-05
4.00652e-05
4.01509e-05
4.01403e-05
4.00262e-05
4.0611e-05
0.000416163
4.11779e-05
4.00043e-05
4.00414e-05
4.00325e-05
4.00082e-05
0.000742777
4.90229e-06
4.00345e-05
4.0099e-05
4.01236e-05
4.00278e-05
4.00186e-05
4.01325e-05
4.00202e-05
3.38054e-05
4.00094e-05
4.00658e-05
4.01364e-05
4.00043e-05
0.0016758
4.0001e-05
4.00712e-05
4.00058e-05
4.00184e-05
4.00013e-05
4.00608e-05
4.00872e-05
4.02794e-05
4.0039e-05
4.03352e-05
4.01547e-05
0.00113087
4.00164e-05
4.00473e-05
4.00191e-05
4.00012e-05
4.00437e-05
4.02453e-05
4.00033e-05
4.00341e-05
5.89499e-05
4.00331e-05
4.00698e-05
4.00058e-05
4.00111e-05
4.0065e-05
4.01519e-05
4.00228e-05
4.00134e-05
4.00219e-05
2.53136e-05
4.00304e-05
4.00124e-05
4.00548e-05
4.00291e-05
4.01068e-05
0.000387452
4.00033e-05
4.0003e-05
4.00381e-05
4.00752e-05
0.000298649
4.003e-05
0.000502059
4.00143e-05
4.00268e-05
4.00727e-05
4.00623e-05
4.00637e-05
4.51448e-05
4.00883e-05
4.00075e-05
4.0023e-05
4.00082e-05
4.08702e-05
4.00831e-05
4.00268e-05
4.00517e-05
4.00546e-05
4.01389e-05
4.00015e-05
4.00318e-05
4.00852e-05
4.00049e-05
4.00662e-05
0.000848624
4.00605e-05
4.00498e-05
4.01255e-05
4.01526e-05
4.00451e-05
4.0006e-05
4.01184e-05
4.00067e-05
4.05349e-05
4.00806e-05
4.00832e-05
4.00391e-05
4.0007e-05
4.01254e-05
4.00839e-05
4.00057e-05
4.00035e-05
4.00848e-05
4.0021e-05
4.00104e-05
4.01604e-05
4.00091e-05
4.00185e-05
4.00288e-05
3.97425e-05
4.00542e-05
4.00063e-05
4.00068e-05
4.00084e-05
4.18293e-05
4.00956e-05
4.00296e-05
4.00068e-05
4.00524e-05
4.00923e-05
4.03967e-05
4.0001e-05
4.00977e-05
4.00425e-05
4.00189e-05
4.00266e-05
4.00383e-05
4.00644e-05
4.46399e-05
4.04827e-05
4.04752e-05
4.00057e-05
4.00019e-05
4.00268e-05
4.00152e-05
3.84102e-05
4.00769e-05
4.0024e-05
4.00428e-05
4.04958e-05
4.01315e-05
4.00012e-05
4.01396e-05
4.0042e-05
4.00001e-05
4.00001e-05
4.0006e-05
4.00007e-05
4.00001e-05
3.95835e-05
4.00044e-05
4e-05
4.00001e-05
4.00064e-05
4.23031e-05
4.05556e-05
4.00026e-05
4.00001e-05
4.00027e-05
4.002e-05
4.00052e-05
7.51765e-05
4.00834e-05
5.39269e-06
4.00011e-05
4.01006e-05
4.00252e-05
4.00065e-05
4.00118e-05
4.00628e-05
4.00073e-05
0.000458287
4.013e-05
4.0154e-05
4.00149e-05
4.00067e-05
4.0013e-05
4.00804e-05
4.00029e-05
4.01712e-05
2.59781e-05
4.01171e-05
4.00799e-05
4.0121e-05
0.000302381
4.00145e-05
4.0004e-05
4.11456e-05
4.01551e-05
4.00387e-05
4.35189e-05
0.000354466
4.00908e-05
4.01114e-05
4.01409e-05
4.00959e-05
4.00837e-05
4.00332e-05
4.00047e-05
4.04665e-05
3.95464e-05
4.00076e-05
4.00344e-05
4.00027e-05
4.00036e-05
4.00426e-05
4.00779e-05
4.00025e-05
4.00417e-05
4.0048e-05
4.73491e-05
4.00032e-05
4.00735e-05
4.0086e-05
4.0006e-05
6.06741e-05
4.00979e-05
4.0003e-05
4.00069e-05
4.00235e-05
4.00058e-05
4.00288e-05
4.00572e-05
4.00329e-05
3.26923e-05
4.00066e-05
4.06303e-05
4.00048e-05
3.78343e-05
4.00061e-05
4.00058e-05
4.00536e-05
4.00408e-05
4.03009e-05
4.01221e-05
4.00372e-05
4.00612e-05
4.647e-05
0.000196561
4.00576e-05
4.00695e-05
4.00066e-05
4.00005e-05
4.01683e-05
4.00065e-05
4.01247e-05
4.00267e-05
4.00809e-05
4.01299e-05
4.0067e-05
4.00729e-05
4.01705e-05
0.000249906
4.00543e-05
4.00042e-05
4.00382e-05
4.00109e-05
4.01469e-05
4.00845e-05
4.00445e-05
1.83766e-05
4.01044e-05
4.00249e-05
4.0026e-05
4.00754e-05
3.14052e-05
4.00384e-05
4.00114e-05
4.00046e-05
4.00193e-05
9.91072e-05
4.00909e-05
3.70158e-05
4.01518e-05
4.01934e-05
4.00066e-05
4.0139e-05
4.0008e-05
4.00531e-05
4.01133e-05
4.00271e-05
4.10647e-05
4.00514e-05
4.00725e-05
4.00066e-05
4.00138e-05
4.0112e-05
4.04434e-05
4.00405e-05
4.00015e-05
4.04849e-05
4.00394e-05
4.00381e-05
4.00786e-05
4.00789e-05
4.00134e-05
4.01103e-05
4.0012e-05
4.0051e-05
4.00418e-05
4.01649e-05
4.01084e-05
4.0061e-05
0.00161717
4.00233e-05
4.00243e-05
4.0116e-05
4.00019e-05
4.00025e-05
3.95617e-05
4.00517e-05
4.00715e-05
4.00969e-05
4.10703e-05
3.87849e-05
4.00161e-05
4.00057e-05
4.01524e-05
4.0049e-05
4.39259e-05
4.0107e-05
4.00118e-05
1.93984e-05
4.00046e-05
3.19103e-05
4.00314e-05
4.01526e-05
4.00061e-05
3.99574e-05
7.27042e-05
3.02122e-05
4.0035e-05
4.00653e-05
4.00007e-05
4.01056e-05
4.00292e-05
4.00982e-05
4.0098e-05
4.00347e-05
4.00287e-05
4.00406e-05
4.00324e-05
4.00037e-05
4.08142e-05
4.00462e-05
4.00056e-05
4.00334e-05
4.04343e-05
4.01617e-05
4.01698e-05
4.00984e-05
4.01064e-05
3.95149e-05
7.31752e-05
4.01494e-05
4.00907e-05
4.00606e-05
4.00112e-05
4.00049e-05
4.00731e-05
0.000139268
4.00918e-05
4.00281e-05
4.0063e-05
4.00209e-05
4.00133e-05
4.00134e-05
0.000229133
4.01033e-05
4.01236e-05
4.29097e-05
4.00007e-05
4.01626e-05
4.00544e-05
4.00685e-05
4.0019e-05
4.00734e-05
4.00887e-05
4.01818e-05
4.0022e-05
4.00093e-05
4.01497e-05
4.01665e-05
4.00673e-05
3.90008e-05
4.00518e-05
4.00044e-05
4.00569e-05
4.01654e-05
4.01352e-05
4.00168e-05
4.00284e-05
4.00344e-05
4.00081e-05
4.23218e-05
4.32664e-05
4.00033e-05
4.00355e-05
4.01709e-05
4.00408e-05
0.00205145
4.01199e-05
4.0136e-05
4.00222e-05
4.00038e-05
4.00303e-05
4.00534e-05
4.00642e-05
4.00647e-05
4.01048e-05
4.01343e-05
4.48268e-05
4.00057e-05
4.00081e-05
4.01677e-05
4.0026e-05
4.00386e-05
4.00673e-05
4.00746e-05
4.00968e-05
4.00073e-05
4.00802e-05
4.00576e-05
8.76375e-05
4.00055e-05
4.00558e-05
4.00069e-05
4.01428e-05
4.00027e-05
6.04355e-05
4.00163e-05
4.00205e-05
4.01365e-05
4.0117e-05
4.00273e-05
4.00476e-05
4.00969e-05
4.00915e-05
4.01097e-05
4.00957e-05
4.00364e-05
4.00707e-05
4.00908e-05
4.00189e-05
4.01652e-05
4.00643e-05
4.01049e-05
4.00378e-05
4.00041e-05
4.00263e-05
4.00498e-05
4.01392e-05
0.00139604
4.00112e-05
0.000249177
4.00011e-05
4.00054e-05
4.00008e-05
4.00936e-05
4.05704e-05
4.00766e-05
4.01052e-05
4.0004e-05
4.00175e-05
4.01159e-05
4.01015e-05
4.00556e-05
4.00838e-05
4.00052e-05
4.00271e-05
4.00434e-05
4.01124e-05
4.00868e-05
4.00165e-05
4.00239e-05
4.00782e-05
4.00077e-05
4.00326e-05
4.00008e-05
4.00958e-05
4.0342e-05
4.00118e-05
4.00218e-05
2.40908e-05
4.00015e-05
4.00257e-05
4.00819e-05
4.00004e-05
4.00346e-05
4.00056e-05
4.00839e-05
4.00979e-05
4.04791e-05
4.00252e-05
4.00272e-05
4.84064e-05
4.00711e-05
4.00694e-05
4.0058e-05
4.00013e-05
4.0008e-05
4.00404e-05
4.01192e-05
4.01275e-05
4.67486e-05
4.00059e-05
4.00517e-05
5.70617e-05
4.00323e-05
4.00021e-05
4.0005e-05
4.00651e-05
4.05208e-05
4.00066e-05
4.00251e-05
4.01283e-05
4.0005e-05
4.00017e-05
4.00455e-05
4.07782e-05
4.03967e-05
4.00417e-05
0.000230432
4.01521e-05
4.44933e-05
4.00015e-05
4.00105e-05
4.00021e-05
4.00057e-05
4.00035e-05
4.00022e-05
4.00526e-05
4.01408e-05
4.00039e-05
4.00306e-05
4.00045e-05
4.01036e-05
4.00089e-05
4.00076e-05
4.00349e-05
4.00283e-05
4.00273e-05
4.00026e-05
4.00363e-05
4.00272e-05
4.0134e-05
4.00241e-05
4.01661e-05
4.00283e-05
4.00053e-05
4.00158e-05
4.00049e-05
4.00388e-05
4.00051e-05
4.00065e-05
4.00339e-05
4.00804e-05
4.01858e-05
4.00014e-05
4.04085e-05
4.00406e-05
0.000911116
4.00085e-05
4.00472e-05
4.00197e-05
4.00259e-05
4.01441e-05
4.00719e-05
4.00069e-05
4.00195e-05
4.00791e-05
4.0021e-05
4.0059e-05
0.00011754
4.00031e-05
4.00196e-05
4.00268e-05
4.00257e-05
4.00332e-05
4.00102e-05
4.00362e-05
4.00007e-05
4.00052e-05
4.0005e-05
6.43317e-05
4.01092e-05
4.00042e-05
6.46164e-06
4.00755e-05
4.00005e-05
4.00542e-05
4.00048e-05
4.00315e-05
4.0004e-05
4.00628e-05
4.00759e-05
0.000344386
4.00152e-05
4.00382e-05
4.0002e-05
4.00136e-05
4.00055e-05
4.01681e-05
4.00147e-05
4.00081e-05
4.0005e-05
4.00057e-05
4.00464e-05
3.9257e-05
3.98597e-05
4.00138e-05
4.00752e-05
4.017e-05
2.61882e-05
4.00227e-05
4.00055e-05
4.00511e-05
4.00729e-05
4.00368e-05
1.65527e-05
4.00032e-05
4.00043e-05
4.00176e-05
4.01458e-05
4.00802e-05
4.00634e-05
4.00076e-05
4.00052e-05
4.00375e-05
4.01685e-05
4.00055e-05
4.01073e-05
4.0027e-05
4.00836e-05
4.00241e-05
9.944e-05
4.11098e-05
4.0042e-05
4.0099e-05
4.00347e-05
4.08077e-05
4.00398e-05
4.00525e-05
4.02241e-05
4.00069e-05
4.0004e-05
4.0034e-05
4.00523e-05
0.000610645
4.00789e-05
4.00522e-05
4.00867e-05
4.00801e-05
4.00229e-05
4.00048e-05
4.0013e-05
4.01248e-05
4.00191e-05
4.00902e-05
3.96773e-05
4.00058e-05
4.00342e-05
4.00071e-05
4.01441e-05
4.00251e-05
4.00153e-05
4.00202e-05
4.00016e-05
4.01464e-05
4.00827e-05
4.00735e-05
4.01821e-05
4.00003e-05
4.00052e-05
4.00003e-05
3.44804e-05
4.00002e-05
4.00002e-05
4.00001e-05
4.0005e-05
4.00001e-05
4.00014e-05
4.00039e-05
4.00003e-05
5.35912e-05
4.00042e-05
4.00003e-05
4.00018e-05
4.00003e-05
4.00049e-05
4.00052e-05
4.00003e-05
3.5813e-05
3.98742e-05
4.00003e-05
4.00026e-05
0.00133768
4.00978e-05
4.00278e-05
4.00368e-05
4.00342e-05
4.01086e-05
4.00199e-05
4.00022e-05
4.00976e-05
4.00531e-05
4.00788e-05
4.01177e-05
4.00786e-05
4.01423e-05
4.00804e-05
0.000717988
4.00204e-05
3.99608e-05
4.01037e-05
4.00209e-05
4.00013e-05
4.00044e-05
4.00374e-05
4.0077e-05
4.00478e-05
4.00008e-05
4.00661e-05
4.00802e-05
4.00043e-05
4.00977e-05
4.00294e-05
3.98835e-05
4.00897e-05
4.00292e-05
9.73117e-05
4.00526e-05
4.00207e-05
4.00067e-05
4.00218e-05
3.20353e-05
4.00449e-05
4.00056e-05
4.01078e-05
4.00057e-05
4.00679e-05
4.00093e-05
4.0079e-05
4.00588e-05
4.00283e-05
4.00188e-05
4.00624e-05
4.00476e-05
4.01875e-05
4.0032e-05
4.04157e-05
4.00512e-05
4.00602e-05
4.00454e-05
4.01582e-05
4.0021e-05
4.00645e-05
4.01339e-05
4.00027e-05
4.00036e-05
4.00142e-05
4.00102e-05
4.00508e-05
4.06566e-05
4.00861e-05
4.00479e-05
4.01719e-05
4.00018e-05
4.01738e-05
4.00231e-05
4.00281e-05
4.00062e-05
4.0075e-05
4.00122e-05
4.01502e-05
0.000204272
4.00451e-05
4.00603e-05
4.00022e-05
4.00279e-05
4.0044e-05
4.04021e-05
3.98543e-05
4.01805e-05
4.00373e-05
4.09843e-05
4.00848e-05
4.00037e-05
4.02537e-05
4.0047e-05
4.0064e-05
4.00557e-05
3.99416e-05
4.00604e-05
4.00311e-05
4.01263e-05
4.01673e-05
4.00323e-05
4.00204e-05
4.00011e-05
4.00063e-05
4.0111e-05
4.00313e-05
8.31176e-05
4.00379e-05
4.01374e-05
4.00621e-05
4.00043e-05
4.00772e-05
4.006e-05
0.000160371
4.00065e-05
4.00055e-05
0.000610278
4.00715e-05
4.00095e-05
4.00011e-05
3.99635e-05
8.58991e-05
4.00235e-05
4.00719e-05
4.00975e-05
4.00277e-05
4.00688e-05
4.00814e-05
4.00186e-05
3.89802e-05
4.009e-05
4.00064e-05
4.00848e-05
4.00019e-05
4.00118e-05
4.00221e-05
4.00018e-05
4.00194e-05
4.0025e-05
4.00703e-05
4.00621e-05
4.00043e-05
3.77196e-05
4.00047e-05
4.00064e-05
4.00462e-05
4.00432e-05
4.00964e-05
4.00335e-05
4.00484e-05
4.00197e-05
4.00063e-05
4.0083e-05
4.00742e-05
4.00635e-05
0.000404986
4.00804e-05
4.00061e-05
4.00045e-05
4.00036e-05
0.00180171
4.01077e-05
4.00803e-05
4.36753e-05
4.00828e-05
4.00594e-05
4.01454e-05
4.0011e-05
4.00209e-05
4.00603e-05
4.00268e-05
4.00083e-05
4.00033e-05
3.73183e-05
4.00293e-05
4.00303e-05
4.00269e-05
4.00889e-05
4.00554e-05
4.00072e-05
4.1867e-05
4.00114e-05
4.00758e-05
4.01247e-05
4.00695e-05
4.01533e-05
4.00024e-05
4.01247e-05
4.009e-05
4.00365e-05
4.00737e-05
4.19192e-05
4.00479e-05
4.00446e-05
4.53859e-05
4.72577e-05
4.00799e-05
4.00216e-05
4.00043e-05
4.00518e-05
4.00799e-05
4.00849e-05
4.00001e-05
4.00392e-05
4.0004e-05
4.0048e-05
4.00107e-05
4.01209e-05
4.00013e-05
0.000862716
4.01277e-05
4.00802e-05
3.94671e-05
4.00287e-05
4.0027e-05
4.01634e-05
0.00147498
4.0034e-05
4.01329e-05
4.00439e-05
4.00114e-05
4.00489e-05
4.0026e-05
4.00252e-05
4.00028e-05
4.01225e-05
4.00229e-05
4.00358e-05
4.00143e-05
4.0049e-05
4.00007e-05
4.00231e-05
4.00239e-05
4.00883e-05
0.000527928
4.00217e-05
4.00082e-05
4.01535e-05
4.01458e-05
4.00278e-05
4.00161e-05
4.00139e-05
4.00078e-05
4.00486e-05
4.00336e-05
4.00794e-05
4.00414e-05
4.00222e-05
6.02634e-05
4.00892e-05
4.01119e-05
4.00987e-05
4.00162e-05
1.41388e-05
3.95043e-05
4.00737e-05
4.0059e-05
0.00137628
4.00796e-05
4.0001e-05
4.00111e-05
4.00433e-05
4.00517e-05
4.00241e-05
4.01129e-05
4.00082e-05
4.00437e-05
4.0083e-05
4.0008e-05
4.00233e-05
4.05085e-05
4.00178e-05
4.00945e-05
4.00054e-05
4.0036e-05
4.01329e-05
4.00216e-05
4.00009e-05
4.00371e-05
4.00206e-05
4.00052e-05
4.0015e-05
4.00641e-05
4.00028e-05
4.00378e-05
4.00889e-05
0.000106932
4.00471e-05
4.0022e-05
3.97398e-05
0.00175869
4.0004e-05
4.11794e-05
4.01334e-05
4.00032e-05
4.01429e-05
4.18428e-05
4.00589e-05
4.00267e-05
4.00157e-05
4.00437e-05
3.99933e-05
4.01552e-05
4.01269e-05
4.00435e-05
4.00714e-05
4.00688e-05
4.01131e-05
4.00692e-05
1.34847e-05
4.00482e-05
4.01808e-05
4.00284e-05
4.00049e-05
4.00852e-05
4.00125e-05
4.00508e-05
4.00756e-05
4.0071e-05
4.00039e-05
4.00324e-05
4.00319e-05
4.00497e-05
4.00053e-05
9.10568e-05
4.00643e-05
4.00895e-05
4.00076e-05
4.00201e-05
4.00435e-05
4.00539e-05
0.000190708
4.00163e-05
4.01907e-05
4.04398e-05
4.00427e-05
4.00604e-05
4.00474e-05
4.00027e-05
4.00177e-05
4.00527e-05
4.00365e-05
4.00003e-05
4.00249e-05
4.00458e-05
4.00157e-05
4.00358e-05
4.0009e-05
4.00053e-05
3.97298e-05
4.0157e-05
4.00257e-05
4.00039e-05
4.01403e-05
4.00274e-05
4.00819e-05
4.00543e-05
4.00126e-05
4.00803e-05
4.00501e-05
0.00195319
4.00033e-05
0.000514533
4.00556e-05
4.00053e-05
4.00659e-05
4.00659e-05
4.00303e-05
4.00134e-05
4.0034e-05
4.0102e-05
4.01304e-05
4.00867e-05
4.01017e-05
4.00248e-05
0.000618284
4.00899e-05
4.01139e-05
4.00056e-05
4.05587e-05
4.01656e-05
4.00829e-05
4.00337e-05
4.00758e-05
4.00688e-05
4.01049e-05
4.00212e-05
4.00607e-05
4.00461e-05
4.00217e-05
4.01381e-05
4.00748e-05
4.00772e-05
4.00061e-05
4.00165e-05
4.00768e-05
4.00749e-05
4.00142e-05
3.99432e-05
4.00804e-05
4.00393e-05
4.00946e-05
4.00703e-05
4.01155e-05
0.000157419
4.13019e-05
4.00063e-05
4.00825e-05
0.000128407
4.00686e-05
4.00096e-05
4.01344e-05
4.00795e-05
4.00036e-05
4.00064e-05
4.00196e-05
4.00329e-05
4.0086e-05
4.01415e-05
4.00955e-05
4.00594e-05
4.00076e-05
4.00111e-05
4.00919e-05
4.01216e-05
4.00047e-05
4.008e-05
4.01365e-05
4.00038e-05
4.00629e-05
4.00827e-05
4.00791e-05
4.00792e-05
4.00529e-05
4.00022e-05
4.0021e-05
4.00662e-05
4.00521e-05
4.00618e-05
4.00099e-05
4.00409e-05
0.00180118
0.000538723
4.00012e-05
4.00216e-05
4.00897e-05
4.00626e-05
4.00024e-05
4.00561e-05
4.00309e-05
4.00625e-05
4.00079e-05
4.00154e-05
4.00389e-05
4.00878e-05
4.01138e-05
4.00025e-05
4.00212e-05
4.01175e-05
4.0028e-05
4.00938e-05
4.01569e-05
3.98477e-05
3.99492e-05
4.00059e-05
4.0068e-05
3.98171e-05
4.00153e-05
4.00369e-05
4.00697e-05
4.04286e-05
4.00325e-05
1.36489e-05
4.0012e-05
4.00969e-05
4.00119e-05
4.00093e-05
4.00083e-05
4.00277e-05
4.01399e-05
4.00786e-05
4.01583e-05
4.00537e-05
4.00872e-05
4.00136e-05
4.05056e-05
4.00058e-05
4.01352e-05
4.00016e-05
4.00491e-05
4.00335e-05
4.01754e-05
4.01346e-05
4.00559e-05
4.00346e-05
4.00088e-05
4.01647e-05
4.00006e-05
4.00816e-05
0.00110518
0.000214192
4.00959e-05
4.00075e-05
4.00075e-05
4.00326e-05
4.46772e-05
4.00367e-05
4.01167e-05
3.98813e-05
4.00009e-05
4.01813e-05
0.00117082
4.00031e-05
4.00525e-05
4.00685e-05
4.00556e-05
4.00962e-05
4.00121e-05
4.00113e-05
4.00844e-05
4.00502e-05
4.00295e-05
4.00628e-05
4.00748e-05
0.000149447
4.01027e-05
4.00036e-05
4.00857e-05
4.01739e-05
4.00015e-05
4.01471e-05
4.0049e-05
4.00589e-05
4.01766e-05
4.01042e-05
4.00279e-05
4.00065e-05
4.00296e-05
2.46263e-05
4.01504e-05
4.0002e-05
4.00395e-05
4.00965e-05
4.01771e-05
4.00721e-05
4.00123e-05
4.00118e-05
4.00592e-05
9.84297e-05
4.00873e-05
4.00073e-05
4.00234e-05
4.01201e-05
4.00435e-05
4.01211e-05
4.00773e-05
4.00172e-05
4.00881e-05
4.01352e-05
3.95428e-05
4.00427e-05
4.00058e-05
4.00694e-05
4.0087e-05
4.00013e-05
4.00804e-05
4.01117e-05
4.00458e-05
0.000429596
4.01715e-05
4.00079e-05
4.00316e-05
4.0057e-05
3.99537e-05
4.00144e-05
4.00304e-05
4.0049e-05
4.00045e-05
4.00101e-05
4.008e-05
4.00933e-05
4.00524e-05
4.01418e-05
4.00105e-05
4.0097e-05
4.00554e-05
4.00564e-05
4.00172e-05
4.0254e-05
4.00341e-05
4.00495e-05
4.00712e-05
4.00795e-05
4.00432e-05
4.00079e-05
4.00357e-05
4.01399e-05
4.00168e-05
4.00763e-05
4.00062e-05
4.00052e-05
3.97125e-05
4.0174e-05
4.00033e-05
4.00673e-05
4.01401e-05
0.000699927
4.01243e-05
4.25111e-05
4.00876e-05
4.00129e-05
4.30024e-05
4.0005e-05
4.01343e-05
0.000179539
4.00144e-05
4.00059e-05
4.00771e-05
4.01382e-05
4.00763e-05
4.00216e-05
4.00727e-05
4.00447e-05
4.01036e-05
4.00485e-05
0.000118453
4.01821e-05
4.00092e-05
4.00244e-05
4.0085e-05
4.00651e-05
4.00794e-05
4.00723e-05
4.00012e-05
4.00663e-05
4.07449e-05
4.00965e-05
4.00067e-05
4.0118e-05
4.00967e-05
4.00075e-05
3.97857e-05
4.0026e-05
1.37315e-05
4.00743e-05
4.0123e-05
4.00236e-05
4.00355e-05
4.00227e-05
4.00835e-05
0.00134619
4.00791e-05
4.00072e-05
4.00375e-05
4.00665e-05
4.00275e-05
4.00945e-05
4.00667e-05
4.00475e-05
4.00064e-05
4.00072e-05
4.00666e-05
4.01505e-05
4.00165e-05
4.00378e-05
4.00395e-05
4.0064e-05
4.0113e-05
4.00418e-05
4.01493e-05
5.50785e-05
4.00359e-05
4.0045e-05
4.00504e-05
4.00624e-05
4.00693e-05
4.00399e-05
4.01834e-05
4.00573e-05
4.00029e-05
4.8149e-05
4.00125e-05
4.00456e-05
0.00042151
4.00585e-05
4.00501e-05
0.000537518
4.09572e-05
4.00243e-05
4.01774e-05
4.0054e-05
4.00899e-05
4.02599e-05
4.00033e-05
4.00686e-05
4.0071e-05
4.00513e-05
3.94029e-05
4.00504e-05
4.00059e-05
4.00119e-05
4.00049e-05
4.08279e-05
4.00226e-05
4.00434e-05
4.00585e-05
4.00318e-05
4.00113e-05
0.000424835
4.00473e-05
4.00212e-05
4.00386e-05
4.00543e-05
4.00025e-05
4.01292e-05
4.0007e-05
4.00055e-05
0.000874979
4.00625e-05
4.01362e-05
4.00224e-05
4.00009e-05
4.0111e-05
4.00183e-05
4.00939e-05
4.00214e-05
4.00225e-05
4.00046e-05
4.0039e-05
4.0003e-05
4.00629e-05
4.01121e-05
4.00054e-05
4.00855e-05
3.00098e-05
1.63688e-05
4.00226e-05
4.00142e-05
4.00121e-05
4.00249e-05
4.50446e-05
4.00386e-05
4.00023e-05
4.00278e-05
0.00038308
3.97338e-05
0.000444345
4.01097e-05
4.0201e-05
4.00281e-05
4.00334e-05
4.00427e-05
4.00595e-05
4.00063e-05
4.01504e-05
4.00291e-05
4.00036e-05
4.0117e-05
9.61524e-05
4.00088e-05
4.00833e-05
4.00063e-05
0.000262097
4.00063e-05
4.0022e-05
4.01718e-05
4.04585e-05
4.00623e-05
4.00265e-05
4.00199e-05
4.00294e-05
4.00173e-05
4.00114e-05
0.000135629
4.0011e-05
4.01478e-05
4.00715e-05
3.98661e-05
4.00109e-05
4.00069e-05
4.00055e-05
4.00303e-05
4.00254e-05
4.00462e-05
0.0007518
4.00431e-05
4.01823e-05
4.00052e-05
4.0015e-05
4.00005e-05
4.00524e-05
4.00579e-05
4.00835e-05
4.0007e-05
4.01854e-05
4.01009e-05
4.00236e-05
4.00111e-05
4.00707e-05
4.00126e-05
4.00025e-05
4.00051e-05
4.00934e-05
4.00053e-05
4.00018e-05
4.00848e-05
4.00078e-05
4.00047e-05
4.00047e-05
4.01058e-05
4.00047e-05
4.00349e-05
4.00811e-05
4.00021e-05
4.00048e-05
4.00107e-05
4.01177e-05
4.00515e-05
4.00345e-05
4.00231e-05
4.00373e-05
4.00165e-05
4.00344e-05
4.00234e-05
4.00398e-05
4.00303e-05
4.00392e-05
4.01158e-05
4.01368e-05
4.00762e-05
4.00124e-05
4.00032e-05
4.00359e-05
4.00009e-05
4.00442e-05
4.01235e-05
4.00534e-05
4.00311e-05
0.00216876
4.35288e-05
4.05989e-05
4.00027e-05
4.00047e-05
4.04621e-05
4.0128e-05
4.03946e-05
4.01187e-05
0.00023671
4.00009e-05
4.00353e-05
4.01103e-05
4.00464e-05
1.40077e-05
4.00375e-05
4.00042e-05
4.00797e-05
4.0039e-05
4.00841e-05
3.95254e-05
4.00234e-05
4.01361e-05
4.00036e-05
4.00184e-05
4.00281e-05
4.00978e-05
4.01452e-05
4.01711e-05
3.96183e-05
0.000103294
4.00036e-05
4.00672e-05
4.00746e-05
4.00461e-05
4.00498e-05
4.01306e-05
4.01413e-05
4.01192e-05
4.00162e-05
4.00675e-05
4.0005e-05
4.00661e-05
4.0515e-05
4.00493e-05
4.01013e-05
5.91937e-05
4.00038e-05
4.00299e-05
4.00606e-05
3.96059e-05
4.00058e-05
4.00256e-05
4.00474e-05
4.04977e-05
4.00389e-05
4.0098e-05
4.00418e-05
4.00053e-05
2.47765e-05
4.00321e-05
4.00073e-05
4.00633e-05
4.00452e-05
3.99988e-05
4.01766e-05
4.04948e-05
4.0061e-05
4.01433e-05
4.00479e-05
4.01076e-05
1.85935e-05
4.01356e-05
4.00254e-05
3.98419e-05
4.00304e-05
4.00527e-05
4.00493e-05
4.0063e-05
4.00743e-05
4.00457e-05
4.00119e-05
3.98153e-05
4.00987e-05
4.04596e-05
2.95461e-05
4.00042e-05
3.96496e-05
4.00103e-05
4.00388e-05
4.01526e-05
4.00982e-05
4.01404e-05
9.54118e-05
4.00506e-05
4.00658e-05
4.01828e-05
4.00022e-05
4.01708e-05
4.00529e-05
4.00208e-05
4.00373e-05
4.01453e-05
4.00874e-05
4.01137e-05
4.00502e-05
0.00129419
4.01171e-05
0.00148524
4.00293e-05
4.00439e-05
4.01031e-05
0.000220702
4.00699e-05
4.01206e-05
4.0036e-05
4.00858e-05
4.00965e-05
4.01649e-05
4.00694e-05
4.01618e-05
4.00747e-05
0.000139128
4.01168e-05
4.00949e-05
4.01139e-05
0.000190329
0.00025241
0.000102635
4.00575e-05
4.0086e-05
4.00329e-05
4.00508e-05
4.00007e-05
3.42694e-05
4.00019e-05
4.00038e-05
4.00395e-05
4.00052e-05
4.00016e-05
4.01338e-05
4.0003e-05
4.00051e-05
3.82464e-05
3.82352e-05
4.00895e-05
4.00652e-05
4.01366e-05
4.00139e-05
4.04822e-05
4.01913e-05
4.00293e-05
4.00211e-05
2.46702e-05
4.04532e-05
4.00393e-05
4.24005e-05
4.00856e-05
4.00639e-05
4.00697e-05
4.00885e-05
4.00302e-05
4.02462e-05
4.00426e-05
4.00555e-05
4.00876e-05
4.01558e-05
4.00076e-05
4.00392e-05
3.74727e-05
4.00627e-05
4.00118e-05
8.84556e-06
4.00484e-05
4.00552e-05
4.00248e-05
4.00844e-05
4.00066e-05
4.01319e-05
4.00179e-05
4.00533e-05
4.00054e-05
4.01498e-05
4.00087e-05
4.01736e-05
4.00012e-05
4.00306e-05
4.402e-05
4.00139e-05
4.00075e-05
4.00631e-05
4.01905e-05
4.00691e-05
4.00017e-05
4.00468e-05
4.00666e-05
4.04732e-05
4.00261e-05
4.00603e-05
4.00864e-05
4.00955e-05
4.00174e-05
4.00283e-05
4.00915e-05
4.00304e-05
4.01254e-05
4.00586e-05
3.96334e-05
4.00707e-05
4.00827e-05
4.01126e-05
4.24922e-05
4.01867e-05
4.00435e-05
4.00991e-05
3.96048e-05
4.00467e-05
4.00824e-05
4.0057e-05
4.01282e-05
4.00044e-05
4.00038e-05
4.00626e-05
2.4167e-05
4.00744e-05
4.01565e-05
4.01076e-05
4.00023e-05
4.01022e-05
4.00494e-05
4.00235e-05
4.03658e-05
4.0031e-05
4.0107e-05
3.97192e-05
4.00379e-05
4.00269e-05
4.01176e-05
4.01129e-05
4.00678e-05
4.00284e-05
4.00256e-05
4.02315e-05
3.99146e-05
4.00813e-05
4.00331e-05
4.01568e-05
4.00274e-05
4.00055e-05
4.0155e-05
4.00784e-05
4.00014e-05
4.00081e-05
4.01009e-05
4.00865e-05
4.00509e-05
4.01237e-05
4.00273e-05
4.00956e-05
4.00038e-05
4.00154e-05
4.0028e-05
4.01328e-05
4.01103e-05
4.00603e-05
4.00774e-05
4.00477e-05
4.00036e-05
4.00848e-05
5.46534e-05
4.00124e-05
4.01531e-05
4.00472e-05
4.00536e-05
4.00041e-05
4.00301e-05
4.01561e-05
4.01762e-05
4.0002e-05
4.00694e-05
4.0002e-05
4.00733e-05
4.00795e-05
0.000304201
4.00004e-05
5.05642e-05
4.00057e-05
4.00465e-05
4.00035e-05
4.00305e-05
4.00212e-05
4.00781e-05
4.00019e-05
4.00006e-05
3.92748e-05
4.0005e-05
3.97712e-05
4.01237e-05
4.01124e-05
4.00674e-05
4.0026e-05
4.01067e-05
4.00837e-05
4.01197e-05
4.06402e-05
4.00075e-05
0.000626649
4.00081e-05
4.0077e-05
4.01714e-05
4.00045e-05
4.00157e-05
4.00647e-05
4.00622e-05
4.06958e-05
4.00163e-05
4.00083e-05
4.00566e-05
0.00207644
4.00083e-05
4.00351e-05
4.06162e-05
4.0004e-05
4.01238e-05
4.01674e-05
4.46869e-05
4.01215e-05
4.00576e-05
4.01167e-05
4.00693e-05
4.01336e-05
4.01352e-05
4.00031e-05
4.0118e-05
4.00716e-05
4.00274e-05
4.00056e-05
3.82749e-05
2.40783e-05
4.00339e-05
4.00067e-05
4.00813e-05
4.00979e-05
4.0027e-05
4.01007e-05
4.01162e-05
4.00258e-05
4.04981e-05
4.0091e-05
4.00864e-05
4.00002e-05
0.000288302
4.0067e-05
4.00003e-05
4.00829e-05
4.00915e-05
3.99968e-05
0.000281405
4.01189e-05
4.00116e-05
4.00697e-05
4.00071e-05
4.00092e-05
4.00666e-05
4.00094e-05
4.01261e-05
4.00376e-05
4.31293e-05
4.00993e-05
4.00364e-05
4.01209e-05
4.0071e-05
0.00188913
4.00216e-05
4.00158e-05
4.00081e-05
4.04661e-05
4.01304e-05
4.0063e-05
4.00925e-05
4.00828e-05
4.00153e-05
4.00414e-05
4.00642e-05
4.01561e-05
4.00689e-05
3.9901e-05
4.00103e-05
4.00334e-05
4.00496e-05
4.00082e-05
4.00012e-05
0.0015872
4.00405e-05
4.00898e-05
4.20828e-05
4.0083e-05
4.00373e-05
4.01304e-05
4.00307e-05
4.00059e-05
4.00777e-05
4.01188e-05
4.01535e-05
4.00229e-05
4.0109e-05
4.08881e-05
4.11318e-05
5.9919e-05
4.00074e-05
4.01411e-05
4.00325e-05
4.96916e-05
4.00577e-05
4.00105e-05
4.0097e-05
4.00899e-05
2.94554e-05
4.00303e-05
4.30309e-05
1.59376e-05
4.01091e-05
4.00046e-05
4.00016e-05
4.01305e-05
4.01167e-05
4.00828e-05
0.000290096
4.0172e-05
4.00863e-05
4.00462e-05
4.4677e-05
4.00279e-05
0.00152411
4.00795e-05
4.00373e-05
4.00655e-05
4.00742e-05
4.00077e-05
4.00033e-05
4.00037e-05
4.002e-05
4.00003e-05
4.00398e-05
4.00461e-05
4.00048e-05
4.01682e-05
4.0115e-05
4.00783e-05
4.00184e-05
4.00722e-05
4.00827e-05
4.00876e-05
4.00094e-05
4.00247e-05
4.00015e-05
4.00437e-05
4.01104e-05
4.00484e-05
4.00068e-05
4.00007e-05
4.00381e-05
4.00974e-05
4.01074e-05
4.00551e-05
1.02883e-05
4.0039e-05
4.00005e-05
4.00048e-05
4.00339e-05
4.00021e-05
4.00977e-05
4.00699e-05
4.00008e-05
3.99831e-05
4.01764e-05
4.00072e-05
4.01131e-05
4.00772e-05
4.00019e-05
4.00637e-05
4.00396e-05
1.20922e-06
4.00057e-05
4.00859e-05
3.30191e-05
4.00003e-05
4.00747e-05
4.00086e-05
4.00005e-05
2.27153e-05
4.00021e-05
4.00556e-05
4.00005e-05
3.94294e-05
4.81516e-05
4.00309e-05
4.00251e-05
4.00923e-05
4.00255e-05
4.00051e-05
4.01359e-05
4.00097e-05
4.00886e-05
4.00204e-05
4.01021e-05
4.07248e-05
4.00605e-05
3.98298e-05
4.00162e-05
4.00066e-05
0.00012251
4.00007e-05
4.00021e-05
4.00022e-05
0.000205185
4.01492e-05
4.03333e-05
4.00803e-05
4.00455e-05
4.00062e-05
4.0007e-05
4.00214e-05
4.00768e-05
4.01249e-05
4.00558e-05
4.00007e-05
4.00051e-05
8.9576e-05
4.00026e-05
4.00646e-05
4.008e-05
4.00433e-05
4.00072e-05
4.00052e-05
4.00318e-05
4.00175e-05
4.00124e-05
4.00766e-05
4.00233e-05
4.00489e-05
4.00645e-05
4.0001e-05
4.00405e-05
4.00008e-05
4.0071e-05
4.00518e-05
4.00759e-05
4.01097e-05
4.00588e-05
4.00731e-05
4.0003e-05
4.01091e-05
4.00002e-05
4.00597e-05
4.00891e-05
4.00513e-05
0.00127188
4.00096e-05
4.00002e-05
4.00001e-05
4.00074e-05
4.00074e-05
4.00169e-05
4.00061e-05
0.00220648
4.01812e-05
4.00663e-05
4.00047e-05
4.00449e-05
4.0032e-05
4.00488e-05
0.00101022
4.00364e-05
7.53138e-05
3.42202e-05
4.00191e-05
4.00199e-05
4.00129e-05
4.01339e-05
4.00067e-05
5.96645e-06
3.60896e-05
4.0008e-05
4.01839e-05
4.00716e-05
4.00093e-05
4.00057e-05
4.00468e-05
2.53057e-05
4.00542e-05
4.00406e-05
4.01401e-05
6.29239e-05
4.00319e-05
4.01447e-05
4.00813e-05
4.02136e-05
4.00332e-05
4.00054e-05
4.00013e-05
4.0003e-05
4.00655e-05
4.00688e-05
4.00315e-05
4.13529e-05
4.00641e-05
4.00018e-05
4.00158e-05
4.00024e-05
4.01421e-05
4.01303e-05
4.00343e-05
4.00645e-05
4.00066e-05
4.00823e-05
4.00886e-05
4.0003e-05
4.00115e-05
4.00745e-05
4.00087e-05
9.20585e-05
4.01094e-05
4.00126e-05
4.00367e-05
4.00416e-05
4.00015e-05
4.00122e-05
4.00254e-05
4.00191e-05
4.00244e-05
4.0004e-05
4.00152e-05
3.69675e-05
4.00014e-05
4.00289e-05
4.00369e-05
2.2754e-05
4.00044e-05
4.0154e-05
0.00121128
4.01154e-05
4.00661e-05
4.00135e-05
3.98715e-05
4.00038e-05
4.00861e-05
4.00975e-05
4.00225e-05
4.00051e-05
4.00235e-05
4.0021e-05
4.00898e-05
4.00897e-05
4.00133e-05
4.00681e-05
4.00035e-05
4.40731e-05
4.00051e-05
4.00306e-05
4.00759e-05
4.00246e-05
8.32064e-05
4.0144e-05
0.000598646
4.00316e-05
4.00053e-05
4.04509e-05
4.00902e-05
4.00629e-05
4.0012e-05
4.0035e-05
4.00093e-05
4.00511e-05
4.00144e-05
4.00264e-05
4.00999e-05
0.000150574
4.00065e-05
4.00742e-05
4.00712e-05
4.00058e-05
4.00005e-05
4.00315e-05
4.00756e-05
4.00865e-05
4.01629e-05
4.00649e-05
4.00058e-05
4.00177e-05
4.00162e-05
4.00036e-05
4.00409e-05
4.0104e-05
4.01135e-05
4.00051e-05
4.00105e-05
3.9389e-05
4.00434e-05
4.00128e-05
4.00922e-05
4.00893e-05
4.01553e-05
4.00367e-05
4.00283e-05
4.01502e-05
4.01269e-05
4.00489e-05
4.00169e-05
4.00524e-05
4.00029e-05
4.00394e-05
4.12861e-05
4.01281e-05
4.00058e-05
4.27148e-05
4.06075e-05
4.0108e-05
4.00706e-05
4.00051e-05
4.01583e-05
4.0005e-05
4.00823e-05
4.00086e-05
4.0004e-05
0.000551294
4.01384e-05
4.00305e-05
4.00359e-05
4.00039e-05
4.00949e-05
4.00847e-05
4.00029e-05
4.00021e-05
4.00083e-05
4.00071e-05
4.0152e-05
4.0007e-05
2.46569e-05
4.0005e-05
4.00482e-05
4.0051e-05
4.00927e-05
4.01249e-05
4.00436e-05
4.00094e-05
4.00241e-05
4.00727e-05
4.00009e-05
3.99987e-05
4.00262e-05
4.00624e-05
4.00011e-05
4.0061e-05
4.01082e-05
4.00878e-05
4.6355e-05
4.0111e-05
4.00704e-05
4.00004e-05
4.00661e-05
4.00354e-05
4.05677e-05
4.01007e-05
4.00023e-05
4.01188e-05
4.0114e-05
0.0003947
4.00904e-05
0.000106717
4.00088e-05
4.00848e-05
4.00341e-05
4.00886e-05
4.00563e-05
4.00667e-05
4.00575e-05
4.0077e-05
4.00021e-05
4.00038e-05
4.00661e-05
4.00839e-05
4.00706e-05
4.0087e-05
4.00054e-05
4.00038e-05
4.00782e-05
4.00476e-05
4.00677e-05
4.00696e-05
4.00455e-05
4.00577e-05
4.01262e-05
4.00393e-05
4.00051e-05
4.01022e-05
4.00106e-05
4.00274e-05
4.00081e-05
4.00129e-05
4.00801e-05
0.00184164
4.00174e-05
4.00801e-05
4.01228e-05
4.00829e-05
4.00562e-05
4.00958e-05
4.01096e-05
4.01275e-05
4.00737e-05
4.04524e-05
4.00345e-05
4.00705e-05
4.00415e-05
4.05763e-05
4.00564e-05
4.01528e-05
4.00059e-05
4.00435e-05
4.00918e-05
4.00797e-05
4.00122e-05
4.00514e-05
0.0016882
4.01189e-05
4.0085e-05
4.00237e-05
4.01354e-05
4.00094e-05
0.00201827
4.00118e-05
0.000916409
4.00318e-05
3.99946e-05
4.01189e-05
4.00719e-05
4.00696e-05
4.01339e-05
4.00518e-05
0.000130482
4.00292e-05
4.00184e-05
4.00289e-05
4.005e-05
3.71716e-05
4.00006e-05
4.0129e-05
0.000963922
4.00334e-05
4.01075e-05
4.00464e-05
4.00045e-05
4.06457e-05
4.00732e-05
4.00723e-05
2.63448e-05
4.00281e-05
4.00522e-05
4.00774e-05
4.00702e-05
4.01276e-05
7.7087e-05
3.71621e-05
4.00134e-05
4.00285e-05
2.12554e-05
4.01154e-05
4.00881e-05
4.00251e-05
4.00758e-05
4.00631e-05
4.00947e-05
4.00957e-05
4.01346e-05
4.00011e-05
4.00492e-05
4.00252e-05
4.21337e-05
4.00952e-05
4.00756e-05
4.0001e-05
4.00452e-05
4.00855e-05
3.92934e-05
4.01301e-05
0.0013815
4.00179e-05
4.00008e-05
4.00625e-05
4.00417e-05
4.01164e-05
4.01149e-05
4.00596e-05
4.01708e-05
4.00058e-05
4.00119e-05
4.0117e-05
4.01488e-05
4.01272e-05
0.00140439
4.00621e-05
4.0033e-05
0.00142107
4.00325e-05
3.96778e-05
4.00819e-05
4.00935e-05
4.00846e-05
4.00144e-05
0.000105634
4.0006e-05
4.00045e-05
4.02031e-05
4.00387e-05
4.00285e-05
4.0033e-05
4.00747e-05
4.00049e-05
4.00041e-05
4.00551e-05
4.00156e-05
4.0109e-05
4.01146e-05
4.0006e-05
4.00079e-05
4.42433e-05
4.01907e-05
4.00031e-05
5.73572e-05
4.00801e-05
4.00818e-05
4.0106e-05
4.22738e-05
4.06035e-05
4.00365e-05
4.00194e-05
4.01275e-05
4.01001e-05
4.00041e-05
4.01786e-05
4.001e-05
4.00723e-05
4.00495e-05
4.01106e-05
4.00588e-05
4.00223e-05
3.40486e-05
4.00672e-05
4.48161e-05
4.00065e-05
4.00787e-05
4.05326e-05
4.00177e-05
4.00058e-05
4.00828e-05
4.01413e-05
4.01231e-05
4.00036e-05
4.01564e-05
4.0108e-05
4.00074e-05
4.00649e-05
0.000592087
4.00832e-05
4.0001e-05
4.0054e-05
4.01196e-05
4.00307e-05
4.00422e-05
4.53226e-05
4.00231e-05
4.00394e-05
4.00706e-05
4.00417e-05
4.0173e-05
4.0079e-05
4.00308e-05
1.76211e-05
4.0117e-05
0.000256667
4.00011e-05
4.00216e-05
4.00348e-05
4.0057e-05
0.000419275
2.72378e-06
4.00252e-05
4.00416e-05
0.000177705
4.01233e-05
4.01213e-05
4.00011e-05
4.00427e-05
4.00055e-05
4.01204e-05
4.00608e-05
4.0154e-05
4.00069e-05
4.00704e-05
0.00155681
4.00611e-05
4.00061e-05
4.06039e-05
0.000183869
7.12548e-05
4.0082e-05
4.00332e-05
4.01177e-05
4.00125e-05
4.01154e-05
4.0007e-05
4.33048e-05
0.000541952
4.00485e-05
4.00015e-05
4.02524e-05
4.01491e-05
4.00056e-05
4.00125e-05
4.00116e-05
4.00032e-05
4.00452e-05
4.00047e-05
4.00336e-05
0.00135365
4.0006e-05
3.92011e-05
4.0021e-05
0.000213539
3.86948e-05
4.0034e-05
4.00964e-05
4.01151e-05
4.0174e-05
0.000209654
4.00185e-05
4.00708e-05
4.00752e-05
4.00619e-05
4.00013e-05
4.00235e-05
0.00035889
4.00271e-05
4.00268e-05
4.00544e-05
3.98794e-05
4.00532e-05
4.00404e-05
4.00202e-05
4.02159e-05
4.01174e-05
4.00076e-05
4.00405e-05
4.0089e-05
4.00056e-05
3.96783e-05
4.01732e-05
4.01565e-05
4.01656e-05
4.02329e-05
4.01201e-05
0.0003866
4.01084e-05
4.01579e-05
0.000165932
4.00228e-05
4.00158e-05
4.01754e-05
4.00712e-05
4.00212e-05
4.00064e-05
4.00043e-05
0.000519376
1.84986e-05
4.0062e-05
4.00508e-05
4.00427e-05
3.99398e-05
4.00597e-05
4.00038e-05
4.00026e-05
4.00021e-05
4.00439e-05
4.00197e-05
4.01477e-05
4.00365e-05
4.00623e-05
4.0098e-05
4.00031e-05
4.00681e-05
1.00434e-05
4.003e-05
4.01902e-05
5.05322e-05
3.77193e-05
4.00452e-05
4.0007e-05
4.00092e-05
4.00052e-05
1.41575e-05
4.01141e-05
4.04533e-05
4.01261e-05
4.00086e-05
4.01087e-05
4.00107e-05
4.00392e-05
4.00274e-05
3.67608e-05
4.0026e-05
4.00857e-05
4.00834e-05
4.00526e-05
4.00314e-05
4.00048e-05
4.0159e-05
4.01765e-05
3.99512e-05
4.00512e-05
4.00115e-05
4.00036e-05
3.98785e-05
4.44808e-05
4.00018e-05
4.00199e-05
4.00833e-05
4.00455e-05
0.00010606
4.00675e-05
4.00781e-05
4.01051e-05
4.33853e-05
4.00143e-05
4.15243e-05
4.00024e-05
4.00827e-05
4.00752e-05
4.0092e-05
4.00022e-05
4.00033e-05
4.00501e-05
4.00626e-05
4.00257e-05
4.00943e-05
4.00834e-05
4.00047e-05
0.000247146
4.00182e-05
4.01678e-05
4.00222e-05
4.00258e-05
4.01245e-05
4.00025e-05
0.000263502
4.008e-05
0.00111483
4.01372e-05
4.00634e-05
4.00005e-05
4.00999e-05
4.01062e-05
4.00446e-05
4.01419e-05
0.000399735
4.00819e-05
4.00716e-05
4.00091e-05
4.00096e-05
4.00435e-05
4.00124e-05
4.00246e-05
4.00722e-05
4.00052e-05
3.94067e-05
4.01965e-05
4.01445e-05
4.00341e-05
4.00361e-05
4.00628e-05
4.00755e-05
4.00328e-05
4.00204e-05
4.01105e-05
6.45526e-05
2.79699e-05
4.00741e-05
4.008e-05
4.00881e-05
4.00056e-05
4.00733e-05
4.00521e-05
4.01395e-05
4.00852e-05
4.00267e-05
2.72059e-05
4.00013e-05
4.01472e-05
4.004e-05
4.0044e-05
4.00063e-05
4.0294e-05
4.00482e-05
4.00433e-05
4.02409e-05
4.07146e-05
4.00303e-05
4.0012e-05
4.00197e-05
4.00463e-05
4.00253e-05
0.00078199
4.00417e-05
0.000155026
4.00024e-05
4.00186e-05
3.99999e-05
2.60894e-05
4.03358e-05
4.00935e-05
4.01133e-05
4.00709e-05
4.00961e-05
4.00989e-05
4.00048e-05
4.00654e-05
4.00934e-05
4.00748e-05
4.0053e-05
4.00982e-05
4.00868e-05
4.0108e-05
4.00084e-05
0.00124532
4.01345e-05
3.09468e-05
4.01935e-05
4.00071e-05
4.00001e-05
4.00618e-05
4.00153e-05
4.00174e-05
4.00051e-05
4.00001e-05
4.00876e-05
4.00897e-05
4.01182e-05
4.00205e-05
4.79407e-05
4.00371e-05
4.00769e-05
4.01284e-05
4.03533e-05
4.00498e-05
4.00052e-05
4.01395e-05
0.000211667
4.00219e-05
4.00786e-05
4.01094e-05
4.00218e-05
4.00522e-05
4.00853e-05
4.00154e-05
4.00284e-05
4.00105e-05
4.0088e-05
3.98896e-05
4.00704e-05
4.00701e-05
4.0117e-05
4.02773e-05
4.0147e-05
4.01091e-05
4.00095e-05
4.00724e-05
4.00023e-05
4.00557e-05
4.00093e-05
4.00365e-05
5.79795e-05
4.00038e-05
4.00062e-05
4.00702e-05
4.0053e-05
4.00628e-05
4.00867e-05
4.0032e-05
4.00062e-05
4.00067e-05
4.01736e-05
4.00103e-05
4.00181e-05
4.00151e-05
4.00016e-05
4.01114e-05
4.00065e-05
0.00052705
4.00487e-05
4.00758e-05
4.00432e-05
4.00701e-05
4.00265e-05
4.00759e-05
4.00198e-05
4.00201e-05
4.00507e-05
4.00063e-05
4.00625e-05
4.00014e-05
4.00278e-05
4.00698e-05
3.41039e-05
4.03603e-05
4.01275e-05
4.00316e-05
4.00507e-05
4.01338e-05
4.01133e-05
4.01005e-05
0.000542108
4.00305e-05
4.01689e-05
4.00134e-05
0.000136998
4.00194e-05
4.00906e-05
7.27668e-05
4.00015e-05
4.00227e-05
4.00509e-05
4.00123e-05
4.00056e-05
4.0024e-05
4.00535e-05
4.00155e-05
0.000126568
4.00986e-05
4.00043e-05
4.00035e-05
4.00011e-05
4.0123e-05
4.00982e-05
4.00437e-05
4.00374e-05
4.01285e-05
4.00133e-05
4.00774e-05
4.00103e-05
4.00145e-05
4.00086e-05
4.00021e-05
4.00518e-05
4.00505e-05
4.00351e-05
4.003e-05
4.00074e-05
4.01279e-05
4.00069e-05
4.00273e-05
4.00008e-05
4.00019e-05
4.01883e-05
4.00482e-05
4.00012e-05
4.00884e-05
4.00056e-05
4.01081e-05
0.00217378
4.00085e-05
4.01228e-05
4.00704e-05
2.6951e-05
4.00112e-05
5.20432e-05
4.01383e-05
4.00757e-05
4.00114e-05
4.00355e-05
3.99991e-05
4.01075e-05
4.00518e-05
4.01788e-05
4.01382e-05
4.0076e-05
4.00055e-05
4.00926e-05
4.00362e-05
4.00167e-05
4.0013e-05
4.0002e-05
4.00015e-05
4.00337e-05
4.00026e-05
4.00117e-05
4.0476e-05
4.00942e-05
4.00214e-05
0.000580484
3.98339e-05
4.01214e-05
4.00678e-05
4.04727e-05
4.00047e-05
1.93531e-05
4.03786e-05
4.01319e-05
6.37924e-06
4.0178e-05
4.01664e-05
4.00089e-05
4.00047e-05
4.0136e-05
0.000202003
4.01521e-05
4.00223e-05
4.00004e-05
4.00178e-05
4.01067e-05
4.00337e-05
4.00056e-05
4.01224e-05
4.0005e-05
4.01698e-05
4.00435e-05
1.49708e-05
4.00192e-05
4.00358e-05
4.01134e-05
4.00781e-05
4.01538e-05
4.05301e-05
2.9551e-05
4.00636e-05
4.00533e-05
4.00243e-05
4.01285e-05
4.00362e-05
3.02002e-05
9.41198e-05
4.00856e-05
4.01496e-05
4.00039e-05
4.00257e-05
4.00351e-05
4.00799e-05
4.00183e-05
4.0146e-05
4.00461e-05
0.00163506
4.00505e-05
4.00029e-05
4.00317e-05
4.00608e-05
4.02716e-05
4.00234e-05
4.00712e-05
4.00058e-05
4.00275e-05
1.23821e-05
4.00758e-05
4.01211e-05
4.00041e-05
2.06133e-05
4.00951e-05
2.35365e-05
4.00777e-05
4.00813e-05
4.00337e-05
4.00082e-05
4.00118e-05
4.00784e-05
4.00286e-05
4.00137e-05
4.00228e-05
4.00504e-05
0.000115919
4.00442e-05
4.00175e-05
4.00223e-05
0.00137128
4.00759e-05
3.99908e-05
4.00095e-05
4.0029e-05
4.00418e-05
4.00767e-05
4.00885e-05
4.00581e-05
4.00925e-05
4.00373e-05
4.00029e-05
4.00233e-05
4.0019e-05
4.04999e-05
4.00178e-05
4.0051e-05
4.01443e-05
4.00631e-05
4.00531e-05
4.00486e-05
4.00084e-05
4.00049e-05
4.00158e-05
4.01874e-05
4.00342e-05
4.00207e-05
4.00335e-05
4.00451e-05
4.00093e-05
4.00044e-05
4.01813e-05
4.00314e-05
4.0076e-05
4.0137e-05
0.000719001
5.74244e-05
4.00138e-05
0.000258467
4.00269e-05
4.00421e-05
4.00175e-05
4.00093e-05
4.00531e-05
4.00141e-05
4.00775e-05
4.01026e-05
4.01324e-05
4.00143e-05
4.00768e-05
4.00284e-05
4.0003e-05
4.00014e-05
4.00213e-05
4.0001e-05
4.00012e-05
4.00029e-05
4.00137e-05
4.06561e-05
4.00412e-05
4.00507e-05
4.00354e-05
0.000130562
4.06764e-05
4.00366e-05
4.00067e-05
4.00127e-05
4.01348e-05
4.00509e-05
4.00903e-05
4.00352e-05
4.01022e-05
4.00056e-05
4.00183e-05
4.00408e-05
4.02935e-05
7.40638e-05
4.00248e-05
4.00502e-05
4.00057e-05
3.95887e-05
4.00224e-05
3.98573e-05
4.00048e-05
4.00143e-05
4.00036e-05
2.00976e-05
4.00589e-05
4.00174e-05
4.00352e-05
4.00245e-05
4.00003e-05
8.9539e-05
4.00271e-05
4.00954e-05
4.00269e-05
4.00355e-05
4.01065e-05
4.00524e-05
4.0102e-05
4.0035e-05
4.08772e-05
4.00725e-05
4.00057e-05
4.00024e-05
4.01143e-05
4.00686e-05
4.00022e-05
4.33012e-05
4.01386e-05
3.99794e-05
4.01471e-05
4.0045e-05
4.00847e-05
4.00098e-05
4.00285e-05
4.00422e-05
4.00102e-05
4.00239e-05
4.01113e-05
3.41024e-05
4.0024e-05
4.00553e-05
4.0023e-05
4.00601e-05
4.00759e-05
4.00047e-05
4.00005e-05
4.0018e-05
4.00211e-05
4.00644e-05
4.00413e-05
0.000110004
4.00088e-05
4.00066e-05
4.01148e-05
3.52402e-06
4.00149e-05
4.00464e-05
4.00619e-05
4.00881e-05
4.00588e-05
4.00806e-05
4.00574e-05
4.00039e-05
4.00097e-05
4.00609e-05
4.01216e-05
4.00291e-05
4.00281e-05
4.0006e-05
4.01303e-05
3.96086e-05
4.00619e-05
4.00259e-05
4.01261e-05
4.00019e-05
0.000174751
4.00001e-05
0.000250377
4.01259e-05
4.01117e-05
4.00387e-05
2.28267e-05
4.00377e-05
4.0028e-05
4.00043e-05
4.00494e-05
4.00191e-05
4.00722e-05
4.02253e-05
4.00769e-05
4.0141e-05
4.00146e-05
4.00804e-05
4.00152e-05
4.00054e-05
4.00911e-05
4.01249e-05
4.0025e-05
4.00605e-05
4.015e-05
4.00329e-05
4.01022e-05
9.7165e-05
4.02963e-05
4.00111e-05
4.00083e-05
4.76354e-05
3.95548e-05
4.00229e-05
4.00798e-05
4.00079e-05
4.00314e-05
4.00926e-05
4.01095e-05
4.00684e-05
4.00057e-05
4.00067e-05
9.74088e-06
4.00274e-05
4.00855e-05
4.00971e-05
4.00868e-05
4.00054e-05
4.00047e-05
4.01095e-05
4.00051e-05
4.00781e-05
4.00201e-05
4.00685e-05
4.00463e-05
4.13911e-05
4.00145e-05
4.00716e-05
4.06061e-05
4.00223e-05
4.00313e-05
4.00968e-05
4.00148e-05
4.00052e-05
4.00205e-05
2.33163e-05
4.00452e-05
4.00072e-05
4.00269e-05
4.00112e-05
2.65224e-05
4.00337e-05
4.02982e-05
4.00377e-05
4.01657e-05
4.00014e-05
4.00851e-05
4.00162e-05
4.00227e-05
4.00194e-05
4.00662e-05
4.0143e-05
4.00992e-05
4.00581e-05
4.00582e-05
0.00030836
4.01159e-05
4.00189e-05
4.00728e-05
4.0041e-05
3.89795e-05
0.000273827
4.01576e-05
4.00154e-05
4.07408e-05
0.000103535
4.00752e-05
4.00214e-05
4.00598e-05
3.9766e-05
0.000101142
4.00244e-05
4.00162e-05
4.00159e-05
4.00359e-05
4.00062e-05
4.00619e-05
4.01824e-05
3.4102e-05
4.0158e-05
4.00561e-05
0.000682611
4.11573e-05
4.01479e-05
4.01973e-05
4.00541e-05
4.00049e-05
4.00013e-05
4.04666e-05
4.00299e-05
0.0004364
4.00644e-05
4.00464e-05
4.00817e-05
4.00348e-05
4.01759e-05
0.000524325
4.00029e-05
3.97338e-05
4.00962e-05
4.0003e-05
4.00187e-05
4.00737e-05
4.00804e-05
4.00487e-05
4.0115e-05
4.0083e-05
4.00395e-05
4.01594e-05
4.00213e-05
4.02199e-05
3.94844e-05
4.00806e-05
4.00033e-05
4.00063e-05
4.00502e-05
4.00756e-05
4.01034e-05
4.00008e-05
4.07089e-05
4.01167e-05
4.00028e-05
4.0049e-05
4.04769e-05
4.00181e-05
4.05104e-05
4.00375e-05
4.01117e-05
4.0004e-05
4.01329e-05
4.00124e-05
5.52056e-05
4.06269e-05
4.00909e-05
2.82569e-05
4.00001e-05
4.00308e-05
0.000410133
0.000560468
4.01101e-05
4.00887e-05
4.00452e-05
3.77089e-05
1.64945e-05
2.24099e-05
4.01108e-05
4.00677e-05
4.0075e-05
1.36464e-05
4.00044e-05
4.01688e-05
4.01442e-05
4.00921e-05
4.00453e-05
4.01004e-05
4.00628e-05
4.00401e-05
4.01456e-05
4.00111e-05
4.00515e-05
0.000542111
0.000290508
4.00181e-05
4.00542e-05
4.00148e-05
4.00206e-05
4.06738e-05
4.01152e-05
4.01231e-05
4.00002e-05
4.00962e-05
4.01002e-05
4.00735e-05
4.00352e-05
4.00594e-05
4.00051e-05
4.00841e-05
4.00315e-05
0.000466834
4.00013e-05
4.00102e-05
4.00804e-05
6.52222e-05
4.00047e-05
4.00026e-05
4.00252e-05
5.00581e-06
4.00153e-05
1.94883e-05
3.74896e-05
3.96945e-05
4.00011e-05
4.00277e-05
4.00098e-05
4.00069e-05
4.0076e-05
4.00431e-05
4.0027e-05
4.00014e-05
4.01072e-05
4.00217e-05
4.00678e-05
4.00479e-05
4.0049e-05
4.01907e-05
4.00011e-05
4.00529e-05
4.01717e-05
4.01483e-05
4.00046e-05
4.00443e-05
4.00957e-05
4.00089e-05
4.04839e-05
4.00267e-05
4.00677e-05
4.00268e-05
4.01304e-05
4.0005e-05
4.0038e-05
3.95966e-05
4.00839e-05
4.00128e-05
4.00548e-05
4.00057e-05
4.00047e-05
4.01069e-05
4.01027e-05
4.00806e-05
4.0052e-05
3.04447e-05
4.00034e-05
4.09768e-05
4.00568e-05
4.01414e-05
4.00518e-05
4.05239e-05
4.00305e-05
4.01593e-05
4.009e-05
4.04847e-05
4.00211e-05
4.00626e-05
4.0045e-05
4.00817e-05
4.01422e-05
4.01547e-05
4.02483e-05
4.00063e-05
4.01777e-05
4.00786e-05
0.000135161
4.00968e-05
4.015e-05
0.000197503
4.33026e-05
4.03224e-05
4.00168e-05
4.01099e-05
4.18516e-05
4.00297e-05
4.01271e-05
4.01049e-05
4.01147e-05
4.10259e-05
4.00084e-05
4.00603e-05
4.00888e-05
4.00022e-05
4.00942e-05
4.00928e-05
4.00227e-05
4.00493e-05
4.00764e-05
4.02707e-05
4.00378e-05
4.00015e-05
4.00642e-05
2.6211e-05
3.99386e-05
4.07691e-05
4.00037e-05
4.00017e-05
4.00965e-05
4.00305e-05
4.00397e-05
4.00791e-05
4.00187e-05
4.00507e-05
0.00108787
4.00399e-05
4.0061e-05
4.00066e-05
4.00478e-05
4.43901e-05
3.73636e-05
2.8777e-05
4.00332e-05
4.01661e-05
4.00217e-05
1.96921e-05
4.00219e-05
4.00566e-05
4.00723e-05
4.0034e-05
4.00633e-05
4.01524e-05
4.01519e-05
4.00361e-05
4.00449e-05
4.00314e-05
4.01204e-05
4.00185e-05
4.00623e-05
4.00633e-05
4.00815e-05
4.00071e-05
4.4251e-05
4.00361e-05
4.00156e-05
4.0101e-05
4.00169e-05
4.04941e-05
4.0066e-05
4.00029e-05
3.94057e-05
4.00026e-05
3.71651e-05
4.01278e-05
4.00297e-05
4.00599e-05
4.00278e-05
4.00029e-05
4.00293e-05
0.000130954
4.00421e-05
4.00375e-05
4.00259e-05
4.0001e-05
4.00022e-05
4.00499e-05
4.00863e-05
4.00619e-05
4.00809e-05
4.00105e-05
3.22722e-05
0.000563209
4.01538e-05
4.0081e-05
3.49302e-05
4.006e-05
3.98675e-05
4.0026e-05
4.00306e-05
4.00108e-05
4.00062e-05
4.00653e-05
4.00463e-05
4.00011e-05
4.00018e-05
4.00064e-05
4.0134e-05
4.00088e-05
4.00959e-05
4.05979e-05
4.00588e-05
4.00094e-05
4.00872e-05
4.01508e-05
4.00603e-05
4.02307e-05
4.01539e-05
4.00312e-05
4.00051e-05
4.00164e-05
4.01957e-05
4.00227e-05
4.00137e-05
4.01229e-05
4.00864e-05
4.00067e-05
4.00056e-05
3.9605e-05
4.00784e-05
4.00993e-05
4.00628e-05
4.00844e-05
4.01296e-05
4.0172e-05
4.00032e-05
4.00058e-05
4.00531e-05
4.00542e-05
4.00676e-05
4.01215e-05
4.01425e-05
4.01153e-05
4.00999e-05
4.00783e-05
4.01954e-05
4.00922e-05
3.87894e-05
4.00535e-05
4.00035e-05
0.00174877
4.06142e-05
4.00402e-05
4.00382e-05
4.00217e-05
4.00637e-05
4.0095e-05
4.00898e-05
2.65043e-05
4.00733e-05
4.03157e-05
4.00408e-05
4.05037e-05
4e-05
7.92348e-05
4.00028e-05
5.39249e-05
4.00685e-05
4.01116e-05
4.00842e-05
4.00137e-05
3.59072e-05
4.00625e-05
4.01415e-05
4.01557e-05
4.01574e-05
3.95276e-05
4.00556e-05
4.00278e-05
3.93729e-05
4.00069e-05
4.0037e-05
4.00055e-05
4.00382e-05
4.00829e-05
4.0049e-05
4.00027e-05
4.00132e-05
4.01333e-05
4.01334e-05
4.00043e-05
4.00162e-05
4.01021e-05
4.01248e-05
4.01412e-05
4.00008e-05
4.00818e-05
4.00694e-05
4.02249e-05
4.01889e-05
4.00044e-05
4.00131e-05
4.02566e-05
4.00774e-05
4.00782e-05
4.01338e-05
4.00898e-05
4.00336e-05
4.01385e-05
0.000116848
4.21013e-05
4.00099e-05
4.00727e-05
4.00007e-05
4.00513e-05
4.00407e-05
4.01063e-05
4.00259e-05
4.00651e-05
4.01181e-05
4.13543e-05
2.37634e-05
4.0012e-05
4.00667e-05
4.0083e-05
4.0072e-05
4.00005e-05
4.00239e-05
4.00553e-05
4.00819e-05
4.01328e-05
4.00272e-05
4.01768e-05
4.00219e-05
4.00714e-05
4.00595e-05
4.00575e-05
4.00725e-05
1.50182e-05
4.00569e-05
4.00521e-05
4.00595e-05
4.01709e-05
4.00092e-05
0.00192127
4.00137e-05
4.00128e-05
4.00395e-05
4.01591e-05
4.01064e-05
0.000100516
2.07081e-05
4.00433e-05
4.00786e-05
0.00219761
4.13322e-05
4.01094e-05
4.0067e-05
4.70957e-07
0.00172568
4.00497e-05
8.97363e-06
4.0124e-05
4.00733e-05
4.00125e-05
4.01211e-05
4.00061e-05
4.00197e-05
4.00266e-05
4.00525e-05
4.01001e-05
0.000351536
7.17511e-05
2.70989e-05
4.00809e-05
4.01238e-05
4.00415e-05
4.00023e-05
4.00831e-05
4.00109e-05
4.01418e-05
0.000531558
1.48776e-05
4.05938e-05
4.0514e-05
4.01387e-05
4.01032e-05
4.00232e-05
4.05883e-05
4.01009e-05
4.01574e-05
4.00334e-05
4.0141e-05
4.0011e-05
0.000141531
3.21249e-05
4.00319e-05
4.01255e-05
4.00463e-05
4.00113e-05
4.00137e-05
4.00198e-05
4.00363e-05
4.00205e-05
4.00807e-05
4.00197e-05
4.01185e-05
4.0055e-05
3.51192e-05
4.01438e-05
4.00969e-05
4.00998e-05
0.000195068
4.01714e-05
1.31205e-06
4.00922e-05
4.00624e-05
4.00359e-05
4.00955e-05
4.0041e-05
4.0026e-05
0.000359086
4.00427e-05
4.011e-05
4.00852e-05
4.05437e-05
4.00093e-05
4.00187e-05
4.00036e-05
4.31657e-05
4.00719e-05
4.00428e-05
4.00293e-05
1.5748e-07
4.0015e-05
4.01052e-05
4.00023e-05
4.00986e-05
4.00045e-05
4.01044e-05
4.00163e-05
4.01403e-05
4.00286e-05
4.00718e-05
4.01131e-05
4.00061e-05
4.00737e-05
0.000145594
4.00812e-05
4.01661e-05
3.65901e-05
4.00763e-05
4.01518e-05
7.82673e-05
9.06381e-06
4.00748e-05
4.01393e-05
4.0653e-05
4.00314e-05
4.00762e-05
7.40543e-05
4.00204e-05
4.00746e-05
4.00043e-05
4.01156e-05
4.00528e-05
4.00842e-05
4.00514e-05
4.00007e-05
4.00343e-05
4.00853e-05
4.00451e-05
4.0085e-05
4.00038e-05
4.01802e-05
3.73609e-05
4.00263e-05
4.00577e-05
5.59847e-06
4.00022e-05
4.0005e-05
4.00541e-05
4.00057e-05
4.00207e-05
4.00385e-05
4.00743e-05
4.00007e-05
4.0072e-05
4.00383e-05
4.01917e-05
4.00777e-05
4.00064e-05
4.05247e-05
4.03384e-05
4.00055e-05
0.000236643
4.02863e-05
4.00087e-05
4.04918e-05
4.02329e-05
4.00052e-05
4.00453e-05
4.00031e-05
4.00914e-05
6.73184e-06
4.03359e-05
4.00404e-05
4.01114e-05
4.00925e-05
4.0147e-05
4.0051e-05
4.01521e-05
4.00724e-05
4.00831e-05
4.00829e-05
4.00005e-05
4.00118e-05
4.00846e-05
4.00307e-05
4.00079e-05
4.00517e-05
4.0086e-05
4.06817e-05
4.00787e-05
4.00039e-05
4.00136e-05
0.000560797
1.64551e-05
3.32145e-05
4.00651e-05
4.00091e-05
4.00086e-05
4.01782e-05
4.00349e-05
4.00731e-05
4.03721e-05
4.00881e-05
1.71561e-05
4.00739e-05
4.01001e-05
4.00232e-05
4.01275e-05
4.00407e-05
3.06919e-05
4.00542e-05
4.00409e-05
4.0034e-05
4.01258e-05
4.00509e-05
0.00205537
4.00351e-05
4.00127e-05
4.01193e-05
4.0074e-05
4.01391e-05
4.00221e-05
4.00742e-05
4.00133e-05
4.00765e-05
4.00556e-05
4.0075e-05
3.47897e-05
4.00073e-05
4.00791e-05
3.9981e-05
4.01431e-05
4.00767e-05
4.08028e-05
5.25941e-05
4.00044e-05
4.00791e-05
4.01299e-05
4.00791e-05
4.00376e-05
4.00962e-05
4.00056e-05
4.00958e-05
4.00391e-05
4.00384e-05
4.07127e-05
4.00387e-05
4.00381e-05
4.015e-05
4.00783e-05
4.00742e-05
4.01439e-05
0.00163354
0.000272622
8.49937e-05
4.00765e-05
4.00074e-05
4.00465e-05
4.00371e-05
4.00022e-05
4.01073e-05
4.00723e-05
4.00441e-05
4.00787e-05
4.00723e-05
4.01594e-05
4.00721e-05
4.0142e-05
3.99506e-05
4.00357e-05
4.01311e-05
4.00943e-05
0.000305687
0.000273075
4.00349e-05
4.00313e-05
0.000953519
4.0113e-05
4.00923e-05
4.00461e-05
4.00012e-05
4.00067e-05
4.00157e-05
4.00157e-05
4.03437e-05
4.01282e-05
3.98402e-05
4.01144e-05
4.00923e-05
0.00128887
3.99989e-05
4.02932e-05
4.07071e-05
3.99493e-05
4.0048e-05
4.00588e-05
4.00555e-05
0.000401808
4.03657e-05
4.01611e-05
4.01714e-05
4.00008e-05
4.00714e-05
4.00154e-05
4.01535e-05
4.00855e-05
4.00463e-05
4.00874e-05
4.00616e-05
4.00004e-05
4.00714e-05
4.00006e-05
4.00684e-05
0.000420525
4.01122e-05
0.000259651
4.0469e-05
4.00744e-05
4.00055e-05
4.00129e-05
4.00884e-05
4.01163e-05
4.04562e-05
4.00769e-05
4.00797e-05
1.95402e-05
4.00701e-05
4.00065e-05
4.00101e-05
4.00293e-05
4.00652e-05
4.00842e-05
4.00417e-05
4.00782e-05
4.05607e-05
4.32287e-05
4.05346e-05
4.00335e-05
4.01749e-05
4.01503e-05
4.00029e-05
4.01702e-05
4.02208e-05
4.01103e-05
4.00778e-05
4.00058e-05
4.02046e-05
4.0051e-05
4.01263e-05
4.03407e-05
0.00109236
4.00653e-05
4.00006e-05
4.01039e-05
4.00457e-05
4.01164e-05
4.00575e-05
4.01057e-05
4.00386e-05
4.00944e-05
4.01527e-05
4.00843e-05
4.01637e-05
4.00548e-05
4.04806e-05
4.00094e-05
4.00285e-05
4.01198e-05
4.00375e-05
4.00558e-05
4.00538e-05
4.04483e-05
3.99067e-05
4.00194e-05
4.00364e-05
4.00025e-05
4.00134e-05
4.00012e-05
4.00134e-05
4.00698e-05
4.00645e-05
4.00301e-05
4.0311e-05
4.00086e-05
0.000109757
4.0068e-05
3.38182e-05
4.00872e-05
4.0005e-05
4.01898e-05
4.0002e-05
4.00191e-05
4.01383e-05
4.00332e-05
4.00146e-05
4.01066e-05
4.00145e-05
4.00261e-05
4.00786e-05
4.00435e-05
4.00373e-05
4.01482e-05
4.01282e-05
4.011e-05
4.00018e-05
4.00829e-05
4.0074e-05
4.0035e-05
4.00009e-05
4.00206e-05
4.006e-05
4.03215e-05
4.00484e-05
4.01254e-05
4.00723e-05
4.00354e-05
4.00527e-05
4.00071e-05
4.00136e-05
4.00279e-05
0.000502627
4.00018e-05
4.00685e-05
4.00176e-05
4.15173e-05
4.00701e-05
2.79284e-05
4.00067e-05
4.01483e-05
4.00514e-05
4.0041e-05
4.01989e-05
4.00221e-05
0.000793344
4.36015e-05
4.00463e-05
4.00145e-05
4.00272e-05
3.59523e-05
4.00199e-05
4.00661e-05
4.00356e-05
0.00187503
4.00666e-05
4.00734e-05
0.000385609
4.00422e-05
0.000562385
4.00299e-05
4.01024e-05
4.00305e-05
4.00357e-05
3.76173e-05
4.00795e-05
7.3974e-07
4.01497e-05
4.00714e-05
4.0059e-05
4.00452e-05
4.00029e-05
4.00254e-05
4.00114e-05
4.00023e-05
4.01199e-05
4.01829e-05
4.00092e-05
4.00332e-05
4.04337e-05
4.00789e-05
2.19438e-05
0.000115014
0.000269974
4.01048e-05
4.00032e-05
4.03039e-05
4.00744e-05
0.000253679
4.00503e-05
4.00888e-05
4.0014e-05
3.9866e-05
4.00367e-05
4.00752e-05
4.01221e-05
4.008e-05
4.00327e-05
4.03609e-05
4.00612e-05
4.00572e-05
4.00015e-05
4.00793e-05
4.01127e-05
4.00922e-05
4.00384e-05
4.00798e-05
4.03895e-05
4.00503e-05
4.01111e-05
4.00024e-05
3.98257e-05
4.00765e-05
4.00343e-05
3.51685e-05
4.00829e-05
4.00246e-05
0.000638424
3.21369e-05
4.01263e-05
4.01373e-05
4.00064e-05
4.0074e-05
4.00955e-05
4.00888e-05
4.01529e-05
9.9255e-05
4.00828e-05
0.00022645
4.01284e-05
4.54655e-05
4.00013e-05
4.00561e-05
4.00562e-05
4.00359e-05
4.00069e-05
5.88045e-05
4.00255e-05
3.96413e-05
0.000407009
4.0001e-05
4.00473e-05
4.00037e-05
4.00675e-05
4.001e-05
4.01543e-05
4.00651e-05
4.00067e-05
4.00267e-05
4.01271e-05
4.00526e-05
4.00189e-05
4.0064e-05
4.0004e-05
4.0039e-05
4.00874e-05
4.00589e-05
4.01248e-05
4.00485e-05
4.00267e-05
4.00303e-05
4.00041e-05
4.00844e-05
3.99642e-05
4.00228e-05
4.00851e-05
4.00303e-05
4.00289e-05
4.00562e-05
4.96354e-05
4.00076e-05
4.00563e-05
4.00027e-05
4.00105e-05
4.00526e-05
4.0006e-05
3.92621e-05
4.00423e-05
4.00792e-05
3.3583e-05
4.00719e-05
4.00783e-05
4.05565e-05
4.0215e-05
4.013e-05
4.00583e-05
4.00873e-05
4.00518e-05
6.38604e-06
4.00882e-05
4.00461e-05
4.01137e-05
1.68947e-05
4.00117e-05
4.00631e-05
4.00403e-05
4.01719e-05
3.99076e-05
4.00547e-05
0.000195809
3.98543e-05
0.000276155
4.00072e-05
0.00203528
4.00572e-05
4.02481e-05
4.84955e-05
4.01136e-05
4.11429e-05
4.00254e-05
4.00286e-05
4.00274e-05
4.00123e-05
4.01615e-05
4.00303e-05
4.00791e-05
4.00094e-05
4.00216e-05
4.01439e-05
4.00806e-05
4.00005e-05
4.00015e-05
4.0007e-05
4.00791e-05
4.00112e-05
4.00003e-05
4.00536e-05
4.00053e-05
4.00457e-05
4.00022e-05
4.00008e-05
4.00417e-05
4.00103e-05
4.00256e-05
4.00164e-05
4.00913e-05
4.00647e-05
4.00569e-05
4.01256e-05
4.00791e-05
4.00013e-05
4.00082e-05
4.00188e-05
0.000246007
4.00856e-05
4.01901e-05
4.00065e-05
4.03767e-05
4.00202e-05
4.01378e-05
3.57239e-05
4.00422e-05
1.09843e-05
4.00467e-05
4.00036e-05
4.00404e-05
4.00362e-05
4.01433e-05
4.01491e-05
4.00747e-05
4.00841e-05
4.00943e-05
4.00048e-05
4.00587e-05
4.01246e-05
4.00049e-05
4.00266e-05
4.00046e-05
4.01523e-05
2.97171e-05
3.99526e-05
4.00469e-05
4.00499e-05
4.00089e-05
4.00148e-05
4.01716e-05
4.01493e-05
4.00041e-05
4.00003e-05
4.00804e-05
4.00007e-05
4.00935e-05
4.00444e-05
4.00009e-05
4.00368e-05
4.00137e-05
4.00139e-05
4.00555e-05
4.0012e-05
1.13296e-05
4.00074e-05
4.01216e-05
4.01201e-05
4.00032e-05
4.00057e-05
4.00769e-05
4.00512e-05
4.0025e-05
3.9684e-05
4.00238e-05
4.51319e-05
4.00693e-05
4.00672e-05
4.00157e-05
4.26744e-05
4.05181e-05
4.08735e-05
0.000267057
4.01139e-05
4.00152e-05
4.00302e-05
3.9701e-05
4.00021e-05
2.16692e-05
4.00202e-05
4.00827e-05
5.03304e-06
3.96759e-05
4.00222e-05
3.99451e-05
4.00982e-05
4.01253e-05
4.00924e-05
4.00162e-05
4.00436e-05
4.01202e-05
4.00428e-05
4.00588e-05
4.00162e-05
4.00575e-05
4.63827e-05
4.00619e-05
4.00508e-05
0.00200287
4.01308e-05
4.00652e-05
4.00782e-05
4.00503e-05
4.00141e-05
3.98523e-05
4.00028e-05
4.02486e-05
4.01447e-05
4.0162e-05
4.00476e-05
4.00369e-05
4.00141e-05
4.00074e-05
4.00047e-05
4.00069e-05
8.26919e-06
4.01916e-05
4.00954e-05
6.6613e-05
4.00526e-05
4.00642e-05
4.0057e-05
4.00257e-05
4.0102e-05
3.30008e-05
4.00122e-05
4.00032e-05
4.015e-05
4.00265e-05
4.00459e-05
4.00348e-05
4.00059e-05
4.00596e-05
4.00022e-05
4.0161e-05
4.00492e-05
4.00886e-05
4.00219e-05
4.00508e-05
4.01525e-05
4.01571e-05
4.01067e-05
4.00903e-05
0.000142622
4.00271e-05
4.00458e-05
4.0001e-05
4.01276e-05
4.00132e-05
4.00074e-05
4.0022e-05
4.00271e-05
4.19364e-05
4.00382e-05
4.00047e-05
4.00033e-05
4.04512e-05
2.25274e-05
4.0015e-05
4.00588e-05
4.06226e-05
4.0136e-05
4.01777e-05
4.00577e-05
4.00371e-05
4.0001e-05
4.00028e-05
4.00066e-05
4.01386e-05
4.00123e-05
4.00043e-05
4.00146e-05
4.00005e-05
4.00127e-05
4.00717e-05
4.00423e-05
4.00961e-05
4.00052e-05
4.01747e-05
0.000115717
4.00007e-05
4.00247e-05
4.00384e-05
4.00481e-05
4.0091e-05
4.01501e-05
4.01559e-05
4.00626e-05
4.00329e-05
4.00065e-05
4.00065e-05
4.01339e-05
4.01001e-05
4.00472e-05
4.00703e-05
4.00681e-05
4.00047e-05
4.00578e-05
0.000228402
4.00008e-05
4.00679e-05
4.00293e-05
4.00796e-05
4.00343e-05
4.01191e-05
4.00942e-05
4.00066e-05
0.00219348
4.00697e-05
4.00058e-05
4.00475e-05
4.00961e-05
4.00879e-05
4.01369e-05
4.00877e-05
4.01858e-05
4.01106e-05
4.00254e-05
4.0003e-05
4.01203e-05
4.00028e-05
4.00862e-05
4.00779e-05
4.01558e-05
4.01303e-05
4.0117e-05
4.01389e-05
4.0047e-05
4.00788e-05
4.01106e-05
4.00168e-05
9.24307e-05
4.00074e-05
4.00104e-05
4.00768e-05
4.00317e-05
4.01212e-05
4.00637e-05
4.00054e-05
4.00061e-05
4.00828e-05
4.00534e-05
4.00649e-05
4.00005e-05
4.00523e-05
4.00256e-05
4.72435e-05
9.86816e-05
3.37361e-05
4.00466e-05
4.01278e-05
4.01584e-05
4.00204e-05
4.00782e-05
4.00367e-05
4.00756e-05
4.01425e-05
4.10253e-05
4.00023e-05
0.00152951
4.01756e-05
4.00126e-05
4.00925e-05
3.82254e-05
4.00014e-05
4.00305e-05
4.00692e-05
4.00956e-05
4.0015e-05
4.00925e-05
4.0069e-05
4.00194e-05
4.45708e-05
4.00034e-05
4.00056e-05
4.00634e-05
4.00058e-05
4.00822e-05
5.78244e-05
4.01887e-05
4.00324e-05
4.00988e-05
4.01002e-05
4.00086e-05
4.01109e-05
2.28544e-05
4.00292e-05
4.06986e-05
4.00167e-05
6.84931e-05
4.00596e-05
4.00033e-05
4.00037e-05
4.00557e-05
4.00275e-05
4.00883e-05
4.00735e-05
4.00063e-05
4.00049e-05
4.00686e-05
4.00008e-05
4.00071e-05
4.00082e-05
4.00473e-05
4.00596e-05
4.00252e-05
4.00189e-05
4.00209e-05
3.7577e-06
4.0073e-05
4.00888e-05
4.00671e-05
4.00362e-05
4.01087e-05
4.01251e-05
4.00044e-05
4.00644e-05
4.00151e-05
4.00333e-05
4.00031e-05
4.00511e-05
4.00618e-05
4.00191e-05
4.00796e-05
4.01426e-05
4.00027e-05
4.00117e-05
4.00277e-05
4.00019e-05
4.00468e-05
4.0048e-05
4.01197e-05
4.00054e-05
4.00118e-05
4.00334e-05
4.00992e-05
4.00631e-05
4.01307e-05
4.00012e-05
4.00521e-05
4.005e-05
4.00444e-05
4.00132e-05
4.0005e-05
0.000879404
4.00352e-05
4.01078e-05
4.00023e-05
4.02258e-05
4.00941e-05
4.00011e-05
4.00894e-05
4.00391e-05
4.01494e-05
4.00017e-05
9.64545e-05
4.00027e-05
4.00615e-05
4.00546e-05
4.00794e-05
4.00142e-05
4.0007e-05
4.00565e-05
4.00387e-05
4.00083e-05
4.00202e-05
4.00067e-05
4.00576e-05
4.00481e-05
4.00006e-05
4.00583e-05
4.0006e-05
4.0044e-05
4.00303e-05
4.00064e-05
4.00218e-05
4.00136e-05
4.01406e-05
4.00528e-05
4.00481e-05
4.00169e-05
4.00227e-05
4.01451e-05
9.9188e-05
4.00939e-05
4.04644e-05
4.00754e-05
4.00172e-05
4.00902e-05
4.01335e-05
4.00258e-05
4.00045e-05
4.00519e-05
4.00405e-05
4.00801e-05
4.00373e-05
3.59362e-05
4.00376e-05
4.00182e-05
4.00435e-05
4.0017e-05
4.00758e-05
4.00948e-05
4.00081e-05
4.00237e-05
4.00137e-05
4.00939e-05
4.00387e-05
4.00091e-05
4.00034e-05
4.01199e-05
4.00987e-05
4.00964e-05
4.00088e-05
4.01464e-05
4.01158e-05
5.01319e-05
4.00081e-05
4.00927e-05
4.00783e-05
4.00025e-05
4.00628e-05
0.00107464
4.0025e-05
4.00279e-05
3.37519e-05
4.00166e-05
4.00415e-05
4.00054e-05
4.0012e-05
4.01494e-05
4.00067e-05
4.00281e-05
4.01126e-05
4.00043e-05
4.00833e-05
4.01343e-05
4.0002e-05
3.51876e-05
4.006e-05
4.00639e-05
4.00011e-05
4.0093e-05
4.00076e-05
4.00773e-05
4.00309e-05
4.01593e-05
4.01537e-05
4.00194e-05
4.00235e-05
4.00748e-05
4.00115e-05
4.01301e-05
4.00102e-05
4.0029e-05
4.00781e-05
4.01568e-05
4.00994e-05
4.00134e-05
4.0006e-05
4.00751e-05
4.0001e-05
4.00881e-05
4.00095e-05
4.00658e-05
4.0035e-05
4.01329e-05
4.00072e-05
4.00177e-05
1.06033e-05
4.00315e-05
4.00433e-05
9.26373e-05
4.0007e-05
4.00175e-05
4.00042e-05
4.00271e-05
4.03741e-05
4.0003e-05
4.00267e-05
4.01452e-05
0.000717305
0.000988959
4.00625e-05
4.0019e-05
0.000960963
4.00405e-05
4.0033e-05
4.0037e-05
4.0055e-05
4.00438e-05
3.99602e-05
4.00415e-05
4.01012e-05
0.00177507
4.00525e-05
4.00206e-05
4.00438e-05
4.00465e-05
4.00356e-05
3.35633e-05
4.00896e-05
4.00079e-05
4.00251e-05
4.01391e-05
4.00228e-05
4.01757e-05
4.01678e-05
4.00033e-05
4.01543e-05
0.000319111
3.83676e-05
4.00212e-05
4.00564e-05
4.01151e-05
4.0001e-05
4.0083e-05
4.01552e-05
4.00212e-05
0.00093699
4.00041e-05
7.69224e-05
4.00453e-05
4.00395e-05
4.00393e-05
4.0099e-05
4.00048e-05
4.01003e-05
4.00879e-05
4.00059e-05
4.00093e-05
4.00538e-05
4.00253e-05
4.00053e-05
4.00883e-05
4.00187e-05
4.00043e-05
4.004e-05
3.98961e-05
4.00441e-05
4.00321e-05
0.00216524
4.00294e-05
4.01519e-05
4.00516e-05
4.00045e-05
4.00829e-05
3.92312e-05
3.33896e-05
4.04541e-05
4.00549e-05
4.00058e-05
4.00013e-05
0.00169984
3.96997e-05
4.00022e-05
1.85475e-05
0.00108978
4.00784e-05
4.00119e-05
4.00033e-05
4.00237e-05
4.01661e-05
4.00201e-05
4.00388e-05
3.5558e-05
3.65632e-05
4.001e-05
4.00998e-05
4.01612e-05
4.00585e-05
4.00009e-05
4.00636e-05
4.00033e-05
4.0043e-05
4.00557e-05
4.00222e-05
3.95199e-05
4.00181e-05
4.01298e-05
4.0077e-05
4.004e-05
4.00109e-05
4.04906e-05
4.00042e-05
4.00159e-05
4.00017e-05
4.01094e-05
4.00279e-05
4.00204e-05
4.00111e-05
4.00036e-05
4.00014e-05
4.01556e-05
4.01206e-05
4.00403e-05
4.00371e-05
4.00204e-05
4.00433e-05
4.00032e-05
4.00554e-05
4.00267e-05
4.00875e-05
4.00235e-05
4.00027e-05
1.45992e-05
4.00684e-05
4.00196e-05
4.00148e-05
4.01134e-05
4.00019e-05
4.00311e-05
4.00016e-05
4.00948e-05
4.00676e-05
4.00784e-05
4.00502e-05
4.00854e-05
4.01836e-05
4.00188e-05
4.00166e-05
4.00784e-05
4.00208e-05
4.00152e-05
4.00045e-05
4.00444e-05
4.04807e-05
4.00949e-05
4.01539e-05
4.00172e-05
4.00035e-05
4.00072e-05
4.03403e-05
4.00174e-05
4.00145e-05
4.00414e-05
4.01262e-05
4.00731e-05
4.06064e-05
4.00327e-05
4.01532e-05
4.00009e-05
0.001874
4.00108e-05
4.01467e-05
4.0078e-05
4.0007e-05
3.99833e-05
4.00307e-05
4.00113e-05
4.00968e-05
4.01596e-05
4.00666e-05
4.00206e-05
4.00049e-05
4.01033e-05
4.00062e-05
0.00213649
4.00251e-05
4.01259e-05
4.00057e-05
4.00524e-05
4.00595e-05
4.00062e-05
4.01295e-05
4.00872e-05
4.00106e-05
4.01044e-05
4.02855e-05
4.00105e-05
4.0043e-05
4.00033e-05
4.00047e-05
4.00152e-05
4.00876e-05
4.00607e-05
4.00733e-05
4.00157e-05
4.0065e-05
4.01037e-05
4.00037e-05
4.00652e-05
4.01741e-05
4.00094e-05
4.06043e-05
4.00886e-05
4.00054e-05
4.01508e-05
4.00827e-05
4.00017e-05
4.09426e-05
4.00045e-05
4.0036e-05
4.00444e-05
4.00259e-05
4.00944e-05
4.00041e-05
4.00879e-05
4.00498e-05
3.66485e-05
4.00835e-05
4.00054e-05
4.00558e-05
4.01235e-05
4.00256e-05
4.00858e-05
4.00285e-05
4.00058e-05
4.01654e-05
0.000149827
3.68721e-05
4.09472e-05
4.00044e-05
4.00374e-05
4.00109e-05
4.00103e-05
4.00046e-05
4.0008e-05
4.009e-05
4.00263e-05
4.0162e-05
4.00136e-05
4.00049e-05
4.00214e-05
4.01771e-05
4.00996e-05
0.000933469
4.00774e-05
4.00908e-05
4.01175e-05
5.17589e-05
4.00646e-05
4.01003e-05
4.00047e-05
4.00378e-05
4.01033e-05
4.00105e-05
4.00013e-05
4.0001e-05
4.00034e-05
4.00059e-05
4.01573e-05
4.00883e-05
4.00044e-05
4.00786e-05
4.00112e-05
4.00527e-05
0.000849886
4.00102e-05
4.00306e-05
4.00179e-05
4.00009e-05
4.00405e-05
4.02435e-05
4.0007e-05
4.0046e-05
4.00136e-05
4.00876e-05
4.0048e-05
4.00042e-05
4.00808e-05
4.00392e-05
4.00486e-05
4.00009e-05
4.02637e-05
4.00136e-05
4.00474e-05
4.007e-05
4.00147e-05
4.00846e-05
4.01535e-05
3.67703e-05
4.0006e-05
4.00531e-05
4.00336e-05
4.00181e-05
4.00016e-05
3.99092e-05
4.00016e-05
4.00236e-05
4.00484e-05
4.00665e-05
4.00488e-05
4.00306e-05
4.0079e-05
4.01512e-05
4.00485e-05
4.00593e-05
4.0001e-05
4.00145e-05
4.00772e-05
4.01525e-05
4.13326e-05
4.00276e-05
4.00245e-05
4.0021e-05
4.00374e-05
4.00202e-05
4.00032e-05
4.01491e-05
4.01008e-05
4.00044e-05
4.01446e-05
3.96043e-05
4.00315e-05
4.00055e-05
4.00836e-05
4.00287e-05
4.00065e-05
4.0069e-05
4.00178e-05
4.00029e-05
4.02003e-05
4.00705e-05
4.0008e-05
4.00019e-05
4.00271e-05
4.00115e-05
4.00258e-05
4.01529e-05
3.7331e-05
4.00045e-05
4.00045e-05
4.00026e-05
4.00634e-05
4.00066e-05
4.00663e-05
4.01438e-05
4.00128e-05
4.00359e-05
3.90287e-05
2.80804e-05
4.00131e-05
4.00134e-05
4.00276e-05
4.00322e-05
4.00073e-05
4.00487e-05
4.00648e-05
4.00726e-05
4.00223e-05
4.00916e-05
4.00733e-05
4.00041e-05
4.00934e-05
4.00128e-05
4.00085e-05
4.00174e-05
4.00374e-05
4.00881e-05
4.01398e-05
4.0004e-05
4.00498e-05
4.00085e-05
0.000996828
4.0066e-05
4.00462e-05
0.00103475
0.00148247
0.00137212
4.00045e-05
)
;

boundaryField
{
    frontAndBack
    {
        type            empty;
    }
    inlet
    {
        type            freestream;
        freestreamValue uniform 4e-05;
        value           uniform 4e-05;
    }
    outlet
    {
        type            freestream;
        freestreamValue uniform 4e-05;
        value           nonuniform List<scalar> 
32
(
4.00038e-05
4.00032e-05
4.00049e-05
4.00049e-05
4.00031e-05
7.05012e-05
4.00056e-05
3.7773e-05
4.00066e-05
4.00313e-05
4.00318e-05
4.0006e-05
3.80189e-05
4.0005e-05
4.00016e-05
4.0006e-05
3.95835e-05
4.00044e-05
4.00064e-05
4.23031e-05
4.05556e-05
4.00026e-05
7.27042e-05
4.00038e-05
3.98477e-05
3.99988e-05
4.00075e-05
4.00072e-05
4.07248e-05
3.98298e-05
4.00014e-05
4.00062e-05
)
;
    }
    walls
    {
        type            fixedValue;
        value           nonuniform List<scalar> 
205
(
0.000639392
0.000380129
0.000120848
1.07628e-05
0.000111481
0.000165873
7.15879e-05
0.000104769
0.000111893
0.000170337
0.000154963
0.000148286
0.000181899
0.000177926
0.000206963
0.000222015
0.000224341
0.000222875
0.000219992
0.000216878
0.000211707
0.00021209
0.000208899
0.000199776
0.000192096
0.000132218
0.000109506
0.000194265
0.000196879
0.00019185
0.000183982
0.000178374
0.000169086
0.000178817
0.000167383
0.000155436
0.000167957
0.000147779
0.000164817
0.000172935
0.000172432
0.000166002
0.000159662
0.000140565
0.0001543
0.00014362
0.000129157
0.000140171
0.000122181
6.07544e-05
6.40584e-05
6.61192e-05
6.61308e-05
6.41181e-05
9.32777e-05
0.000110582
0.000115317
0.000112572
0.000107147
0.0001017
9.59002e-05
0.000101516
0.000104421
9.52181e-05
6.5834e-05
6.04411e-05
6.29249e-05
6.23094e-05
6.16982e-05
0.000203753
0.000212775
6.20635e-05
6.45838e-05
6.48687e-05
6.49433e-05
6.56885e-05
6.53796e-05
6.57628e-05
6.59877e-05
6.62159e-05
6.68178e-05
6.69239e-05
6.63211e-05
6.74364e-05
6.76759e-05
6.78739e-05
6.61183e-05
6.64905e-05
6.61188e-05
7.0379e-05
6.61164e-05
6.72565e-05
6.80496e-05
6.90912e-05
7.04374e-05
7.27957e-05
7.24177e-05
6.8803e-05
6.72555e-05
6.36586e-05
7.06127e-05
0.000208013
0.000189152
0.000190919
0.000167801
0.000178859
0.000217145
5.59705e-05
0.000127976
0.000141376
3.58289e-05
0.000121845
0.000229252
0.000297439
0.00033311
0.000355253
0.000364248
0.000368512
0.000367054
0.000363725
0.000356202
0.000349183
0.000340245
0.000331909
0.000322709
0.000313856
0.000302909
0.000293137
0.000284959
0.000278995
0.000269798
0.000259312
0.000252008
0.000242581
0.000233146
0.000221852
0.000212467
0.000201265
0.000194263
0.000185772
0.000180948
0.000167659
0.00016326
0.000150134
0.000139977
0.000127959
0.000122392
0.000119938
0.000110917
0.000108618
0.000103527
9.96622e-05
9.4951e-05
8.78414e-05
8.08396e-05
7.53633e-05
7.62934e-05
7.48388e-05
7.27306e-05
6.7587e-05
5.63142e-05
6.62293e-05
6.87846e-05
0.000111848
0.000125507
0.000144707
0.00015743
0.0001739
0.000180901
0.000185868
0.000189547
0.000187162
0.00018007
0.000186163
0.000192544
0.000200517
0.000206541
0.000210213
0.00021594
0.000220584
0.000222223
0.000219369
0.000217185
0.000209909
0.000194703
0.000207179
0.000213449
0.000201647
0.000213755
0.000219695
0.000222903
0.00021531
0.000202377
0.000187457
0.000206143
0.000200405
0.000176866
0.000147013
0.000115563
5.38544e-05
5.94604e-05
0.000148033
0.000341844
0.00018801
0.00021566
)
;
    }
}


// ************************************************************************* //
