/*--------------------------------*- C++ -*----------------------------------*\
  =========                 |
  \\      /  F ield         | OpenFOAM: The Open Source CFD Toolbox
   \\    /   O peration     | Website:  https://openfoam.org
    \\  /    A nd           | Version:  dev
     \\/     M anipulation  |
\*---------------------------------------------------------------------------*/
FoamFile
{
    format      ascii;
    class       volScalarField;
    location    "950";
    object      nut;
}
// * * * * * * * * * * * * * * * * * * * * * * * * * * * * * * * * * * * * * //

dimensions      [0 2 -1 0 0 0 0];

internalField   nonuniform List<scalar> 
25458
(
0.000199021
3.44706e-05
4.15635e-06
5.97531e-06
6.29587e-06
6.47047e-06
6.55892e-06
6.60453e-06
6.58036e-06
6.57747e-06
6.58597e-06
0.000207107
8.87035e-05
9.5842e-06
5.19712e-06
5.91349e-06
6.32484e-06
6.60476e-06
6.73153e-06
6.83741e-06
6.92599e-06
6.90832e-06
0.000153874
0.000111366
2.77263e-05
5.12092e-06
5.52625e-06
6.14044e-06
6.55637e-06
6.90243e-06
7.14816e-06
7.29943e-06
7.18642e-06
0.000159286
0.000157481
0.000105886
2.00891e-05
5.18289e-06
5.67294e-06
6.35531e-06
7.19564e-06
7.74157e-06
7.94024e-06
7.52339e-06
0.000137196
0.000178361
0.000174044
9.61926e-05
1.44244e-05
5.25872e-06
5.98374e-06
7.34678e-06
8.25754e-06
8.57158e-06
7.83266e-06
0.000130134
0.000209594
0.000279537
0.000293938
0.000243428
0.000117548
1.41272e-05
6.60274e-06
9.25971e-06
1.06051e-05
9.07754e-06
0.0001472
0.000132807
6.17423e-05
7.89349e-06
5.22289e-06
5.91058e-06
6.4727e-06
7.06139e-06
7.45163e-06
7.62889e-06
7.36209e-06
0.00014227
0.000169455
0.000143966
5.1847e-05
7.05359e-06
5.38037e-06
6.19425e-06
7.28905e-06
8.0078e-06
8.25239e-06
7.6778e-06
0.000133406
0.000185888
0.000198469
0.000140093
3.49623e-05
5.76939e-06
5.7108e-06
7.36782e-06
8.49492e-06
8.89682e-06
7.99896e-06
0.000140329
0.000193677
0.000219961
0.000179628
7.20445e-05
8.55193e-06
5.44445e-06
7.33298e-06
8.71805e-06
9.22812e-06
8.18056e-06
0.000134876
0.000198794
0.000238325
0.000214132
0.000117084
1.71031e-05
5.34855e-06
7.21731e-06
8.92224e-06
9.56575e-06
8.37818e-06
0.00013041
0.000202737
0.0002538
0.000243991
0.000162387
3.80283e-05
5.92307e-06
7.01323e-06
9.09368e-06
9.90942e-06
8.59587e-06
0.000135858
0.000206971
0.00026764
0.000270427
0.000204904
7.37015e-05
8.0871e-06
6.76761e-06
9.21423e-06
1.02573e-05
8.82519e-06
0.000115174
0.000219421
0.000350655
0.000448974
0.00050942
0.000519792
0.000462854
0.000314234
0.00010144
1.49089e-05
1.16865e-05
0.000138686
0.000212644
0.000290344
0.000315081
0.000277963
0.000163567
2.87494e-05
6.76863e-06
9.20863e-06
1.09436e-05
9.34139e-06
0.000141794
0.000214775
0.000299946
0.000334167
0.00030916
0.000208972
5.63041e-05
7.73709e-06
9.06272e-06
1.12586e-05
9.62301e-06
0.000140901
0.000216088
0.000308228
0.000351344
0.000337665
0.000252166
9.47644e-05
1.05128e-05
8.86011e-06
1.15279e-05
9.92118e-06
0.000138844
0.000217067
0.000315457
0.000366815
0.000363796
0.000292138
0.00013855
1.72284e-05
8.71793e-06
1.17275e-05
1.02328e-05
0.000136443
0.000217855
0.000321849
0.000380781
0.000387718
0.000328733
0.000184504
3.16271e-05
8.84657e-06
1.1833e-05
1.05441e-05
0.000134054
0.000218474
0.000327547
0.000393424
0.000409593
0.000362297
0.000230811
5.68326e-05
9.61166e-06
1.18338e-05
1.08514e-05
0.000131121
0.000218907
0.000332586
0.000404874
0.000429646
0.000393358
0.000275997
9.16512e-05
1.1688e-05
1.17423e-05
1.11393e-05
0.000129833
0.000219235
0.000337129
0.000415331
0.00044813
0.000422271
0.000318828
0.000132172
1.63296e-05
1.1625e-05
1.13906e-05
0.000127665
0.000219374
0.000341172
0.000424908
0.00046525
0.000449268
0.000358797
0.000176028
2.57841e-05
1.16021e-05
1.1581e-05
0.000123805
0.000219408
0.00034474
0.000433674
0.000481121
0.000474438
0.000395871
0.000221809
4.27576e-05
1.18843e-05
1.17015e-05
0.000120361
0.000219421
0.000347898
0.000441685
0.000495822
0.000497908
0.000430438
0.000268338
6.85347e-05
1.28067e-05
1.173e-05
8.60587e-05
0.000211855
0.000371408
0.00052597
0.000670329
0.000795382
0.000889514
0.000936965
0.000916244
0.000797662
0.000532759
8.09855e-05
0.000211725
0.00037142
0.000527402
0.000673919
0.000801945
0.000900049
0.000952715
0.000938721
0.000828709
0.000578129
0.000118427
0.000219285
0.000353284
0.000455725
0.000522055
0.000540287
0.000493491
0.000358557
0.000139322
1.91411e-05
1.15964e-05
0.000118357
0.000218874
0.00035567
0.000462048
0.000533913
0.00055957
0.000522465
0.000400515
0.0001806
2.68942e-05
1.15394e-05
0.000115917
0.000218461
0.000357659
0.000467839
0.000545015
0.000577767
0.000549933
0.000440069
0.000224712
4.00923e-05
1.16228e-05
0.000112633
0.000218152
0.000359405
0.00047318
0.000555433
0.000594948
0.000575907
0.000477227
0.000270575
5.99211e-05
1.20319e-05
0.00011004
0.00021786
0.000360951
0.000478097
0.00056518
0.000611149
0.000600476
0.000512335
0.000317196
8.6179e-05
1.30205e-05
0.000106477
0.000217594
0.000362285
0.000482604
0.000574281
0.000626413
0.000623737
0.000545704
0.000363526
0.000117595
1.50109e-05
0.000108213
0.000217133
0.000363622
0.000486861
0.000582846
0.000640828
0.000645795
0.000577524
0.00040858
0.000152875
1.85792e-05
0.000104352
0.000216692
0.000364634
0.000490727
0.00059085
0.000654451
0.000666807
0.00060808
0.000452066
0.00019188
2.48464e-05
0.00010012
0.000216447
0.000365484
0.000494295
0.000598405
0.0006674
0.000686845
0.000637295
0.000493389
0.000233725
3.48938e-05
0.000102579
0.000215924
0.000366412
0.000497694
0.000605556
0.000679714
0.000705983
0.000665274
0.000532694
0.0002781
4.99205e-05
9.66481e-05
0.000215598
0.000367067
0.000500842
0.000612354
0.000691468
0.000724262
0.000691967
0.000569943
0.000323905
7.01411e-05
0.000100137
0.000215049
0.000367828
0.000503835
0.000618795
0.000702655
0.000741704
0.000717457
0.00060546
0.000370426
9.49494e-05
0.000102018
0.000214324
0.000368575
0.000506713
0.000624935
0.000713315
0.000758351
0.000741812
0.000639458
0.000416739
0.000123367
0.0001014
0.000213721
0.000369187
0.000509444
0.000630819
0.000723518
0.000774264
0.000765093
0.000672048
0.000462013
0.000154649
9.90766e-05
0.000213338
0.00036958
0.000511879
0.000636324
0.000733207
0.000789464
0.000787416
0.000703463
0.000505915
0.000188949
9.68058e-05
0.000213088
0.000369927
0.000514125
0.000641509
0.000742426
0.000804008
0.000808854
0.000733734
0.000548032
0.000225899
9.13282e-05
0.0002131
0.000370164
0.000516216
0.000646457
0.000751273
0.000817971
0.000829418
0.000762736
0.00058794
0.000264912
9.4371e-05
0.000212751
0.000370596
0.000518221
0.000651115
0.000759667
0.000831312
0.000849144
0.000790579
0.00062589
0.00030585
9.14616e-05
0.000212543
0.000370723
0.000519869
0.00065527
0.000767422
0.00084393
0.000868095
0.000817571
0.000662643
0.000349252
8.72768e-05
0.000212636
0.000370777
0.000521368
0.00065916
0.00077476
0.000855968
0.000886308
0.000843632
0.000698114
0.000394286
8.92047e-05
0.000212347
0.000371141
0.00052302
0.000663037
0.000781892
0.000867574
0.00090383
0.000868701
0.000732273
0.000440145
8.46516e-05
0.00021222
0.000371192
0.000524483
0.000666722
0.000788737
0.000878728
0.000920693
0.000892894
0.000765457
0.000486704
3.0443e-05
0.00018376
0.000331304
0.00050134
0.000684826
0.000874753
0.00106321
0.00124057
0.00139364
0.00150278
0.00153564
2.78316e-05
0.000182813
0.000329427
0.000499513
0.000683412
0.000874143
0.00106387
0.0012431
0.00139883
0.00151176
0.00155089
2.48722e-05
0.000181773
0.000327397
0.000497415
0.000681607
0.000873062
0.00106404
0.00124523
0.00140386
0.00152107
0.00156676
2.08417e-05
0.000180804
0.000325515
0.00049574
0.000680333
0.000872462
0.00106455
0.0012475
0.00140883
0.00152999
0.00158109
1.75605e-05
0.000179386
0.000322753
0.000493059
0.000678359
0.000871736
0.00106563
0.00125107
0.00141574
0.00154138
0.00159861
7.77264e-05
0.000211694
0.000371173
0.00052845
0.000677085
0.000808057
0.000910082
0.000967885
0.000960551
0.000859215
0.000622906
7.94323e-05
0.00021127
0.000371248
0.000529589
0.000680164
0.000813953
0.00091978
0.000982571
0.000981715
0.00088889
0.000666062
7.98688e-05
0.000210658
0.000371353
0.000530821
0.000683284
0.00081978
0.000929257
0.000996837
0.0010022
0.000917581
0.000707303
7.87449e-05
0.000210155
0.000371152
0.000531755
0.000686084
0.000825231
0.000938286
0.00101058
0.00102209
0.000945641
0.000747627
7.70437e-05
0.000209788
0.000370961
0.000532665
0.000688825
0.000830555
0.000947074
0.00102392
0.00104136
0.000972721
0.00078491
7.55172e-05
0.000209406
0.000370733
0.000533521
0.000691505
0.000835781
0.000955666
0.00103688
0.00105997
0.000998706
0.000821144
7.39849e-05
0.000209055
0.000370263
0.000533978
0.000693667
0.000840419
0.000963633
0.0010492
0.00107794
0.00102404
0.000856053
7.40489e-05
0.000208585
0.000370031
0.000534565
0.000695832
0.000844932
0.000971341
0.0010611
0.00109525
0.00104829
0.000888642
7.39475e-05
0.000207993
0.000369725
0.000535078
0.000697862
0.000849211
0.000978691
0.00107249
0.00111185
0.00107155
0.000919796
7.19063e-05
0.000207549
0.000369239
0.000535419
0.000699687
0.000853207
0.000985645
0.00108334
0.00112774
0.00109382
0.000949551
6.92892e-05
0.000207238
0.000368685
0.000535674
0.000701416
0.000857062
0.000992349
0.00109376
0.00114292
0.00111497
0.00097748
6.86638e-05
0.000206805
0.000368038
0.000535634
0.000702704
0.000860376
0.000998432
0.00110347
0.00115729
0.00113518
0.00100449
6.78143e-05
0.000206328
0.000367461
0.000535566
0.000703815
0.000863365
0.00100405
0.00111259
0.00117092
0.00115444
0.00102927
6.70717e-05
0.000205781
0.000366837
0.00053543
0.000704787
0.000866106
0.00100929
0.00112117
0.00118381
0.00117265
0.00105367
6.61979e-05
0.000205236
0.000366031
0.000534987
0.000705298
0.000868234
0.0010138
0.00112894
0.00119591
0.00119031
0.00107761
0.000156206
0.000211604
0.000262225
0.000251191
0.000167749
3.98382e-05
9.48639e-06
1.01144e-05
1.03413e-05
8.94097e-06
7.40527e-06
0.00015959
0.00020718
0.000247745
0.000224716
0.000127508
2.06619e-05
8.66054e-06
9.87982e-06
1.00293e-05
8.75464e-06
7.36078e-06
6.53634e-05
0.000204627
0.000365512
0.000534936
0.000706244
0.000870742
0.00101852
0.00113666
0.00120755
0.00120676
0.00109841
6.46998e-05
0.000203939
0.000364701
0.00053459
0.000706927
0.000872996
0.00102293
0.00114394
0.00121851
0.00122221
0.00111873
6.40673e-05
0.000203345
0.000363758
0.000533917
0.000707136
0.000874687
0.00102672
0.00115053
0.00122868
0.00123677
0.00113835
6.33666e-05
0.00020281
0.000362917
0.000533238
0.000707186
0.000876075
0.00103009
0.00115657
0.00123818
0.00125057
0.00115733
6.26635e-05
0.00020225
0.000362007
0.000532432
0.000707
0.000877095
0.00103295
0.00116199
0.00124694
0.0012635
0.00117543
6.17978e-05
0.000201712
0.00036099
0.000531396
0.000706408
0.000877527
0.00103508
0.00116657
0.00125488
0.00127578
0.00119281
6.08872e-05
0.000201122
0.000360176
0.000530633
0.000706084
0.000878136
0.00103722
0.00117098
0.00126242
0.00128742
0.00120917
6.0067e-05
0.000200434
0.00035919
0.000529733
0.000705655
0.000878626
0.00103918
0.00117509
0.00126954
0.00129858
0.00122541
5.92307e-05
0.000199763
0.000358125
0.000528689
0.000705038
0.000878894
0.00104086
0.00117887
0.00127626
0.00130928
0.00124118
5.84334e-05
0.000199091
0.000357144
0.000527736
0.000704518
0.000879251
0.0010426
0.00118263
0.00128285
0.00131968
0.00125664
5.76879e-05
0.000198412
0.000356007
0.000526567
0.000703739
0.000879326
0.00104405
0.00118605
0.00128899
0.00132935
0.00127039
5.67393e-05
0.000197818
0.000354808
0.000525187
0.000702573
0.000878871
0.00104487
0.00118883
0.00129453
0.00133864
0.00128463
5.57845e-05
0.00019719
0.000353858
0.000524142
0.000701755
0.000878711
0.0010459
0.00119169
0.00130004
0.00134781
0.00129872
5.48787e-05
0.000196474
0.000352747
0.000522986
0.000700875
0.000878504
0.00104686
0.00119446
0.00130545
0.00135699
0.00131322
5.39613e-05
0.000195775
0.000351615
0.000521787
0.000699957
0.00087827
0.00104779
0.00119718
0.00131077
0.00136589
0.00132673
5.29563e-05
0.000195095
0.00035052
0.000520641
0.000699111
0.000878131
0.00104884
0.00120002
0.00131619
0.00137494
0.00134089
5.2073e-05
0.000194399
0.000349385
0.00051945
0.000698231
0.000877974
0.00104986
0.00120277
0.00132131
0.00138301
0.00135179
5.10319e-05
0.00019376
0.000348184
0.00051811
0.000697106
0.000877501
0.00105055
0.00120524
0.00132642
0.00139223
0.00136916
5.02414e-05
0.000193076
0.000347177
0.000517037
0.0006963
0.00087737
0.00105158
0.00120803
0.00133171
0.00140074
0.00137974
4.88863e-05
0.000192414
0.000345929
0.000515688
0.000695166
0.000876861
0.00105219
0.00121037
0.00133648
0.00140868
0.00139164
4.77101e-05
0.000191747
0.000344879
0.000514597
0.000694333
0.000876657
0.00105307
0.00121288
0.00134131
0.00141671
0.00140451
4.65923e-05
0.000190991
0.000343749
0.000513498
0.000693577
0.000876599
0.00105413
0.00121561
0.00134645
0.00142536
0.00141852
4.54869e-05
0.000190225
0.000342513
0.000512254
0.000692679
0.000876419
0.00105508
0.00121817
0.00135119
0.00143275
0.0014279
4.42789e-05
0.000189494
0.000341286
0.000510983
0.00069171
0.000876152
0.00105597
0.0012208
0.00135644
0.00144226
0.00144681
4.31894e-05
0.000188703
0.000340089
0.000509785
0.000690857
0.000876039
0.00105704
0.00122358
0.00136151
0.00144996
0.00145421
4.15863e-05
0.000187953
0.000338655
0.000508244
0.000689536
0.000875356
0.0010575
0.00122584
0.00136646
0.0014591
0.00147172
3.94235e-05
0.000187235
0.000337443
0.000507077
0.000688692
0.000875203
0.00105852
0.00122866
0.00137192
0.00146804
0.0014834
3.74941e-05
0.000186369
0.000336077
0.000505888
0.000688011
0.000875379
0.00105998
0.00123197
0.00137777
0.00147714
0.00149639
3.53208e-05
0.000185505
0.000334488
0.000504417
0.000687068
0.000875353
0.00106126
0.00123498
0.00138291
0.00148446
0.00150478
3.38027e-05
0.000184591
0.000332933
0.000502839
0.000685866
0.000874955
0.00106213
0.00123765
0.00138815
0.00149388
0.00152432
0.000152786
0.000228783
0.000316686
0.000352121
0.00032771
0.000228725
7.18031e-05
1.35743e-05
1.17895e-05
1.00169e-05
7.69149e-06
0.000148876
0.000225758
0.00030736
0.000334919
0.000300692
0.000189162
4.43046e-05
1.18312e-05
1.15375e-05
9.78553e-06
7.62239e-06
0.000149743
0.000222631
0.000297307
0.000316455
0.000271723
0.000148551
2.61095e-05
1.09973e-05
1.12616e-05
9.56133e-06
7.56187e-06
0.00014542
0.000218624
0.000286362
0.000296525
0.000240192
0.000108166
1.62063e-05
1.05857e-05
1.09661e-05
9.34372e-06
7.50447e-06
0.000149152
0.000215101
0.000274899
0.000274962
0.00020556
7.03935e-05
1.15209e-05
1.03359e-05
1.06561e-05
9.13646e-06
7.45266e-06
0.000161475
0.000201658
0.00023112
0.000194955
8.67016e-05
1.14581e-05
8.34904e-06
9.6275e-06
9.72266e-06
8.57467e-06
7.31879e-06
1.11709e-05
0.000178073
0.00031855
0.000486719
0.000669394
0.0008603
0.00105259
0.00123789
0.00140453
0.00153514
0.00160208
2.48004e-05
0.000179058
0.00033104
0.000512487
0.00071056
0.000916239
0.0011209
0.00131536
0.00148758
0.00161988
0.00168386
1.40224e-05
0.000127127
0.000253409
0.000341988
0.000444995
0.0005714
0.000712635
0.000861218
0.00101102
0.00115499
0.00127878
1.22068e-06
0.000104356
0.000226226
0.000305455
0.000391139
0.000510936
0.000660259
0.000827434
0.00100311
0.0011787
0.00133453
9.54687e-06
0.000157059
0.000316272
0.000519132
0.000750286
0.000994564
0.00123962
0.00147588
0.00169243
0.00187316
0.00198949
4.16609e-05
0.000157024
0.000320262
0.000507116
0.00071352
0.000931006
0.00115254
0.00137047
0.00157416
0.00174767
0.00186558
7.03648e-05
0.00015768
0.000325811
0.000513482
0.00072243
0.000943134
0.00116714
0.00138543
0.00158591
0.00175055
0.00185018
8.55466e-05
0.000161356
0.000333591
0.000521916
0.000730367
0.000949458
0.00117066
0.00138469
0.00157889
0.00173428
0.00181975
9.57208e-05
0.00016466
0.000338308
0.000526455
0.000734317
0.000952376
0.00117187
0.00138313
0.00157297
0.00172137
0.00179487
0.000101337
0.000168206
0.000343374
0.000531856
0.000739361
0.000956291
0.00117376
0.00138192
0.00156739
0.00170976
0.00177278
0.000105934
0.000171578
0.000347691
0.00053616
0.000742931
0.000958411
0.00117363
0.00137857
0.00155977
0.00169747
0.00175996
0.000109185
0.000175185
0.000352128
0.000540508
0.000746526
0.000960572
0.00117355
0.00137512
0.00155132
0.0016816
0.00173306
0.000112587
0.0001795
0.000356488
0.000544357
0.000749481
0.000962179
0.00117316
0.00137177
0.00154352
0.00166712
0.00170883
0.000117455
0.000185202
0.000360945
0.000547966
0.000752374
0.000964015
0.00117328
0.00136918
0.00153674
0.00165374
0.00168399
0.0001213
0.000189296
0.000364639
0.000551522
0.000755594
0.000966327
0.00117391
0.00136717
0.00153087
0.00164228
0.00166336
0.000121572
0.000191047
0.000367518
0.000554977
0.000758756
0.000968421
0.00117419
0.00136475
0.0015247
0.00163126
0.00164628
0.000119257
0.000190485
0.0003688
0.000557175
0.00076055
0.000969065
0.00117304
0.00136099
0.00151724
0.00161894
0.00163093
0.00011743
0.000190501
0.000370291
0.000559487
0.000762697
0.000970348
0.00117274
0.00135819
0.00151059
0.00160592
0.00160482
0.000117207
0.000192284
0.000372842
0.000562402
0.000765339
0.000972059
0.00117282
0.00135584
0.00150489
0.0015958
0.00158837
0.000116377
0.000194391
0.000375163
0.000564824
0.00076724
0.000972832
0.00117181
0.0013523
0.00149792
0.00158454
0.00157316
0.000115737
0.000196415
0.000377446
0.000567232
0.000769176
0.000973697
0.00117095
0.00134888
0.00149086
0.00157235
0.00155338
0.000115278
0.0001984
0.000379788
0.000569664
0.000771113
0.000974566
0.00117011
0.00134554
0.00148398
0.00156056
0.00153475
0.000115313
0.000200327
0.000381879
0.000571798
0.000772765
0.000975193
0.00116908
0.00134204
0.00147697
0.00154867
0.00151573
0.000114389
0.000202209
0.000383968
0.000574068
0.000774688
0.000976174
0.00116841
0.00133886
0.00147021
0.00153706
0.00149758
0.000112861
0.000204089
0.00038612
0.000576387
0.000776621
0.000977122
0.00116768
0.00133558
0.00146328
0.00152524
0.00147952
0.000112147
0.000205873
0.000387989
0.000578357
0.000778162
0.00097767
0.00116657
0.00133195
0.00145601
0.00151302
0.00146213
0.000110725
0.000207649
0.000390029
0.000580578
0.000780028
0.000978585
0.00116584
0.00132869
0.001449
0.00150042
0.00144048
0.000109075
0.000209493
0.000391905
0.000582499
0.000781465
0.000978991
0.00116458
0.00132496
0.00144183
0.00148873
0.0014237
0.000106931
0.000211277
0.000393515
0.00058418
0.000782725
0.000979259
0.00116315
0.00132097
0.00143416
0.00147605
0.00140461
0.000105351
0.000212872
0.000395158
0.000586026
0.000784219
0.000979739
0.00116185
0.00131696
0.00142633
0.00146312
0.0013852
0.000103019
0.000214511
0.000397119
0.000588117
0.0007858
0.000980132
0.00116031
0.00131259
0.00141804
0.00144966
0.00136549
0.000101848
0.000216153
0.000398624
0.000589453
0.000786395
0.000979426
0.00115765
0.00130714
0.00140876
0.00143544
0.00134554
0.000100548
0.000217609
0.000399945
0.000590756
0.00078713
0.000978945
0.00115517
0.0013017
0.00139918
0.0014203
0.0013239
0.000100128
0.000219001
0.000401698
0.000592545
0.000788321
0.000978795
0.00115283
0.00129619
0.0013893
0.00140474
0.00130182
9.72901e-05
0.000220515
0.000403059
0.000593755
0.000788677
0.000977598
0.00114932
0.00128947
0.0013783
0.00138828
0.00127892
9.69762e-05
0.000221901
0.000404445
0.000594854
0.000788831
0.000976121
0.00114544
0.00128223
0.00136658
0.00137077
0.0012547
9.44542e-05
0.00022342
0.000405647
0.000595756
0.000788747
0.000974332
0.00114114
0.00127444
0.00135413
0.00135237
0.00122939
9.29828e-05
0.000224786
0.000406746
0.000596507
0.000788454
0.000972244
0.0011364
0.00126603
0.00134084
0.0013329
0.00120286
9.14844e-05
0.000225983
0.000407824
0.000597266
0.000788115
0.000969985
0.00113131
0.00125705
0.00132674
0.00131234
0.0011753
9.14385e-05
0.000227052
0.000409136
0.000598104
0.000787666
0.000967422
0.00112573
0.0012474
0.00131176
0.00129062
0.00114613
9.18773e-05
0.000228139
0.00041013
0.000598408
0.000786501
0.00096401
0.0011192
0.00123673
0.00129574
0.0012679
0.00111543
9.15462e-05
0.000229156
0.000410972
0.000598603
0.000785228
0.000960418
0.00111235
0.0012255
0.00127882
0.00124383
0.0010842
9.22455e-05
0.000230062
0.000412019
0.00059894
0.000783978
0.00095669
0.00110516
0.0012137
0.00126104
0.00121843
0.00104935
9.25782e-05
0.000231009
0.000412873
0.000598915
0.000782191
0.000952278
0.00109717
0.00120101
0.00124229
0.00119205
0.00101399
9.31766e-05
0.000231927
0.000413623
0.000598699
0.00078014
0.000947515
0.0010887
0.00118767
0.00122265
0.00116439
0.000976619
9.384e-05
0.000232781
0.000414261
0.000598349
0.000777904
0.00094247
0.00107981
0.00117369
0.00120212
0.00113554
0.000937885
9.4532e-05
0.000233577
0.000414977
0.000598045
0.000775627
0.00093725
0.00107056
0.00115915
0.00118074
0.00110539
0.000896802
9.54107e-05
0.000234364
0.000415613
0.000597519
0.000772977
0.00093152
0.00106068
0.00114386
0.00115853
0.0010743
0.000853547
9.6491e-05
0.000235132
0.000416112
0.000596756
0.000769992
0.000925351
0.00105025
0.00112789
0.00113549
0.00104222
0.000809009
9.74768e-05
0.000235878
0.000416556
0.000595891
0.000766832
0.000918898
0.00103938
0.00111129
0.0011116
0.00100902
0.000762199
9.85268e-05
0.000236597
0.00041697
0.000594916
0.000763452
0.000912092
0.00102801
0.00109402
0.00108689
0.000974874
0.000713774
9.96141e-05
0.000237296
0.0004173
0.000593751
0.000759765
0.000904855
0.00101607
0.00107605
0.00106133
0.000939854
0.000664006
0.000101037
0.000237948
0.000417547
0.000592403
0.000755793
0.000897216
0.00100358
0.00105734
0.00103488
0.000903914
0.000613073
0.000103166
0.000238603
0.000417734
0.000590919
0.000751597
0.00088922
0.00099055
0.00103789
0.0010075
0.000866999
0.00056133
0.000103078
0.000239341
0.000417789
0.000589274
0.000747143
0.000880815
0.000976929
0.00101766
0.000979155
0.000829096
0.000509237
0.00010389
0.000239972
0.000417805
0.000587465
0.000742363
0.000871908
0.000962635
0.000996592
0.000949858
0.000790245
0.00045745
0.000105652
0.000240496
0.000417755
0.000585457
0.000737231
0.000862487
0.000947662
0.000974687
0.000919551
0.000750222
0.000406614
0.000108405
0.000240918
0.000417652
0.00058327
0.000731768
0.000852573
0.000932033
0.000951954
0.000888199
0.000708769
0.000356999
0.000112631
0.00024128
0.000417531
0.000580913
0.000725972
0.000842165
0.000915754
0.000928415
0.000855821
0.000665735
0.000309209
0.000116254
0.000241685
0.000417272
0.000578266
0.000719733
0.000831182
0.000898798
0.000904102
0.000822511
0.000621125
0.000263947
0.000120919
0.000242161
0.000416901
0.000575311
0.000713038
0.000819639
0.000881193
0.000879032
0.000788267
0.000574808
0.000221484
0.000123543
0.000242813
0.000416258
0.000571956
0.000705869
0.000807559
0.000862969
0.000853213
0.000753103
0.000526873
0.000182092
0.000125874
0.000243437
0.000415302
0.000568249
0.000698322
0.000795041
0.000844176
0.000826626
0.000716974
0.000477524
0.000145815
0.000127922
0.000244028
0.00041438
0.000564567
0.000690739
0.000782321
0.000824898
0.000799172
0.000679603
0.000426863
0.000112309
0.000128276
0.000244629
0.000413285
0.000560651
0.000682836
0.000769162
0.00080504
0.000770993
0.000641448
0.000376565
8.29788e-05
0.000127668
0.000245056
0.000411893
0.000556396
0.000674516
0.00075549
0.000784561
0.000742071
0.000602441
0.000327529
5.86074e-05
0.000130241
0.000245275
0.000410564
0.000552089
0.000665996
0.000741433
0.000763469
0.000712239
0.000562054
0.000280005
3.9611e-05
0.000132815
0.000245437
0.000409046
0.000547471
0.000657049
0.000726843
0.000741743
0.000681657
0.000520527
0.000235369
2.66704e-05
0.000135772
0.000245549
0.00040732
0.000542533
0.000647673
0.000711711
0.000719357
0.000650278
0.000477668
0.000193958
1.85466e-05
0.000138204
0.000245623
0.000405399
0.000537297
0.000637878
0.000696021
0.000696271
0.000618079
0.000433497
0.000156041
1.37594e-05
0.000140045
0.000245627
0.000403276
0.00053174
0.000627621
0.000679719
0.000672437
0.000585065
0.00038835
0.000121874
1.10574e-05
0.000142402
0.000245581
0.000400965
0.000525838
0.000616863
0.000662758
0.000647785
0.000551155
0.000342734
9.17278e-05
9.58533e-06
0.000144442
0.000245512
0.000398408
0.000519549
0.000605575
0.000645104
0.000622247
0.000516207
0.000297374
6.62918e-05
8.83229e-06
0.000145642
0.000245401
0.000395615
0.000512902
0.000593785
0.000626757
0.000595755
0.00047997
0.000253022
4.63495e-05
8.4889e-06
0.00014566
0.000245223
0.000392607
0.000505913
0.0005815
0.000607713
0.000568285
0.000442249
0.000210567
3.22459e-05
8.37823e-06
0.000145786
0.000245003
0.000389352
0.000498536
0.00056868
0.000587949
0.000539853
0.000402973
0.000170847
2.32328e-05
8.37697e-06
0.000144435
0.000244645
0.000385773
0.000490745
0.000555294
0.000567422
0.000510448
0.000362157
0.000134375
1.78438e-05
8.41335e-06
0.000141557
0.00024401
0.000381978
0.000482586
0.000541308
0.000546051
0.000480005
0.000320021
0.000101576
1.47449e-05
8.44742e-06
0.000145562
0.00024339
0.000378067
0.000474
0.000526625
0.000523729
0.000448435
0.000277167
7.33215e-05
1.30259e-05
8.45696e-06
0.000147701
0.000242695
0.000373743
0.000464841
0.000511163
0.000500354
0.000415549
0.000234433
5.08293e-05
1.21029e-05
8.43508e-06
0.000145566
0.000241676
0.000369044
0.000455156
0.000494909
0.00047586
0.000381126
0.000192849
3.48856e-05
1.162e-05
8.3832e-06
0.0001495
0.00024072
0.000364199
0.00044497
0.000477813
0.000450168
0.000344856
0.00015321
2.47164e-05
1.13587e-05
8.30861e-06
0.000151828
0.000239662
0.000358921
0.000434098
0.000459796
0.000423284
0.000306696
0.000116442
1.87989e-05
1.11901e-05
8.22069e-06
0.000153326
0.000238483
0.000353164
0.000422507
0.000440824
0.000395191
0.000266846
8.35721e-05
1.55211e-05
1.10412e-05
8.1253e-06
0.000151883
0.000236978
0.000346842
0.00041015
0.000420808
0.00036576
0.000225867
5.63067e-05
1.3768e-05
1.08777e-05
8.02905e-06
0.000149061
0.000235091
0.000340001
0.000397022
0.000399629
0.000334738
0.000184715
3.6471e-05
1.28483e-05
1.06876e-05
7.93602e-06
0.000146481
0.00023296
0.000332809
0.0003831
0.000377119
0.000301697
0.000144373
2.40014e-05
1.23512e-05
1.0476e-05
7.8469e-06
0.00015189
0.000231137
0.000325187
0.000368191
0.000353171
0.000266405
0.000106209
1.71364e-05
1.20386e-05
1.02493e-05
7.76657e-06
0.000157485
0.000194099
0.000211924
0.000161461
4.98882e-05
7.7637e-06
8.2066e-06
9.3588e-06
9.42308e-06
8.40328e-06
7.27954e-06
0.000152014
0.000185
0.000190271
0.000124366
2.41552e-05
6.41774e-06
8.08778e-06
9.08675e-06
9.12969e-06
8.23924e-06
7.2441e-06
0.000146144
0.000174323
0.000165856
8.48993e-05
1.15676e-05
6.04087e-06
7.97595e-06
8.81051e-06
8.84106e-06
8.07993e-06
7.20905e-06
0.000142533
0.000162377
0.000138001
4.74843e-05
6.87893e-06
6.08898e-06
7.85872e-06
8.53031e-06
8.55545e-06
7.9232e-06
7.17585e-06
0.00014426
0.000149074
0.00010555
2.10027e-05
5.4541e-06
6.23704e-06
7.72261e-06
8.24582e-06
8.27052e-06
7.76425e-06
7.13506e-06
0.000141791
0.000133056
6.86648e-05
9.05099e-06
5.38362e-06
6.40654e-06
7.56025e-06
7.9546e-06
7.98626e-06
7.60488e-06
7.09636e-06
0.00014983
0.000116717
3.33868e-05
5.30887e-06
5.65862e-06
6.54561e-06
7.37347e-06
7.65692e-06
7.69527e-06
7.43335e-06
7.04172e-06
0.000194531
8.72708e-05
1.04917e-05
5.12538e-06
6.0615e-06
6.63923e-06
7.15908e-06
7.34761e-06
7.38924e-06
7.23948e-06
6.95672e-06
0.00010532
8.32389e-06
3.49733e-06
5.82789e-06
6.50827e-06
6.73678e-06
6.94204e-06
7.02951e-06
7.05184e-06
7.01026e-06
6.88369e-06
3.32914e-05
3.4278e-06
5.07047e-06
6.53564e-06
6.99314e-06
6.89044e-06
6.83226e-06
6.76845e-06
6.71761e-06
6.6811e-06
6.66182e-06
6.07792e-06
6.11395e-06
6.10768e-06
6.47658e-06
6.09939e-06
6.31226e-06
6.10138e-06
6.09898e-06
6.06777e-06
6.33299e-06
6.06984e-06
6.098e-06
6.07019e-06
6.14e-06
6.0837e-06
6.08383e-06
0.000225133
6.64739e-06
6.13822e-06
3.74928e-11
6.09096e-06
6.07425e-06
6.07205e-06
6.10913e-06
6.11708e-06
6.07091e-06
6.36593e-06
6.09006e-06
6.08189e-06
6.14344e-06
6.07089e-06
2.97218e-08
6.06965e-06
1.75353e-05
6.08961e-06
6.12313e-06
6.06989e-06
6.07253e-06
1.50945e-06
6.10697e-06
6.1295e-06
6.10435e-06
6.07039e-06
6.13638e-06
6.5899e-06
6.08161e-06
6.11501e-06
6.02776e-06
6.07772e-06
6.07174e-06
6.12141e-06
6.1152e-06
2.4876e-06
6.11496e-06
6.1365e-06
6.07302e-06
6.11777e-06
6.08891e-06
6.0744e-06
6.08596e-06
6.15194e-06
6.11255e-06
6.9499e-06
6.14171e-06
6.11484e-06
6.14111e-06
0.000686076
6.14109e-06
7.69392e-06
6.08397e-06
6.08538e-06
6.12556e-06
0.000503098
8.30043e-11
6.30707e-06
6.06946e-06
6.08799e-06
5.95382e-06
6.07966e-06
6.14605e-06
6.10272e-06
6.09645e-06
6.07058e-06
6.09857e-06
1.87622e-09
6.09869e-06
6.12614e-06
6.0827e-06
6.0724e-06
6.06927e-06
6.08016e-06
6.07996e-06
6.10405e-06
6.09328e-06
6.07148e-06
6.06873e-06
6.13553e-06
6.0875e-06
6.06773e-06
6.11454e-06
5.2245e-06
6.07315e-06
0.00145423
9.17295e-07
8.17491e-06
6.11841e-06
6.10493e-06
6.13667e-06
6.09044e-06
6.09613e-06
6.08574e-06
5.91553e-06
6.1211e-06
6.10146e-06
6.10651e-06
6.13216e-06
6.08536e-06
0.00020315
6.09956e-06
0.00113994
6.06988e-06
6.08488e-06
6.11778e-06
6.12e-06
6.08357e-06
6.28684e-06
6.08726e-06
6.08727e-06
6.07686e-06
6.07348e-06
6.12138e-06
6.1151e-06
0.000247586
0.00034883
6.30666e-06
6.11378e-06
6.11836e-06
6.09881e-06
1.05326e-06
6.08098e-06
6.09045e-06
6.08187e-06
0.000409553
6.07122e-06
6.08379e-06
6.08489e-06
6.1226e-06
6.09841e-06
6.13711e-06
6.10205e-06
6.09002e-06
6.07929e-06
6.07959e-06
6.08502e-06
6.08232e-06
6.07331e-06
6.14932e-06
6.07953e-06
6.07078e-06
6.10065e-06
6.08316e-06
6.08413e-06
6.0891e-06
6.15626e-06
0.00198315
6.13163e-06
6.07433e-06
1.3703e-07
6.10753e-06
6.06966e-06
6.21813e-06
6.09976e-06
6.09493e-06
6.09614e-06
6.06766e-06
6.13991e-06
6.07858e-06
6.09782e-06
6.12323e-06
6.20483e-06
6.07586e-06
6.07127e-06
6.16347e-06
6.08732e-06
6.08616e-06
6.1234e-06
6.07404e-06
6.11588e-06
0.00128759
6.09886e-06
6.07096e-06
6.07094e-06
0.000231629
6.08775e-06
6.15576e-06
6.07936e-06
6.09961e-06
7.96018e-06
6.10137e-06
6.08775e-06
6.087e-06
6.16504e-06
6.0797e-06
6.12069e-06
6.09127e-06
6.08591e-06
6.11708e-06
6.07167e-06
6.14108e-06
6.06989e-06
6.10457e-06
6.07737e-06
6.08923e-06
6.10015e-06
6.11679e-06
0.00193817
6.06985e-06
6.14137e-06
6.08097e-06
6.07878e-06
6.09122e-06
0.000654308
6.08192e-06
6.15173e-06
6.0782e-06
6.08932e-06
6.06852e-06
6.09851e-06
5.8788e-06
6.07098e-06
6.11356e-06
6.07108e-06
6.09671e-06
6.09084e-06
6.08286e-06
5.96062e-06
6.07309e-06
6.1178e-06
6.12473e-06
6.11449e-06
6.09455e-06
6.10699e-06
6.07418e-06
6.10566e-06
5.87818e-06
6.09127e-06
6.43223e-06
6.13728e-06
6.14001e-06
6.10289e-06
6.07059e-06
6.12465e-06
4.7264e-07
1.65765e-06
6.13147e-06
6.09053e-06
6.06973e-06
6.34554e-06
6.1101e-06
5.8478e-06
6.07399e-06
6.07031e-06
6.14538e-06
6.06779e-06
6.07169e-06
6.08613e-06
0.00193786
6.07466e-06
6.12778e-06
0.000302073
6.09065e-06
6.08743e-06
6.11907e-06
6.07242e-06
6.11053e-06
6.29387e-06
6.07128e-06
6.11678e-06
6.08001e-06
6.14884e-06
6.09117e-06
6.40983e-06
6.1423e-06
6.1085e-06
6.08807e-06
6.11345e-06
6.12309e-06
6.10304e-06
6.1036e-06
6.15304e-06
6.11641e-06
0.0015219
6.14877e-06
6.06981e-06
6.07243e-06
6.11702e-06
6.12927e-06
6.073e-06
6.37509e-06
6.10395e-06
6.09304e-06
6.13767e-06
6.1041e-06
6.15369e-06
6.11674e-06
3.30426e-08
6.07139e-06
6.13929e-06
6.1117e-06
6.13358e-06
6.07093e-06
0.0017526
6.09909e-06
6.07729e-06
6.09431e-06
6.1087e-06
6.1342e-06
6.1137e-06
6.06913e-06
6.13868e-06
6.07354e-06
6.06991e-06
6.121e-06
6.13355e-06
6.07813e-06
6.09661e-06
6.07843e-06
6.09017e-06
6.13625e-06
0.000119744
6.08597e-06
6.11292e-06
6.06936e-06
6.09912e-06
6.13265e-06
6.11293e-06
6.15511e-06
6.92623e-05
6.13723e-06
7.18815e-06
6.1427e-06
6.07325e-06
6.09948e-06
1.55038e-10
6.10496e-06
6.06939e-06
6.23734e-06
6.08882e-06
6.11167e-06
6.11228e-06
6.12158e-06
6.13593e-06
6.49965e-06
6.13735e-06
6.22941e-06
2.27011e-08
6.09248e-06
6.08797e-06
6.0978e-06
0.00171147
6.07449e-06
6.15214e-06
6.08045e-06
6.01619e-06
6.10339e-06
6.14141e-06
6.07369e-06
6.07061e-06
6.5734e-06
6.07164e-06
6.1486e-06
6.1418e-06
6.08958e-06
6.07089e-06
6.07821e-06
6.08924e-06
6.14214e-06
6.11671e-06
0.00108478
6.08799e-06
6.10097e-06
6.13373e-06
6.0719e-06
6.11863e-06
6.11366e-06
6.06819e-06
6.15528e-06
6.07e-06
6.07907e-06
6.11995e-06
6.06936e-06
6.09424e-06
6.19699e-06
6.0815e-06
6.14405e-06
6.08341e-06
6.45536e-06
6.07255e-06
6.11624e-06
5.99959e-06
6.08917e-06
6.07163e-06
6.07117e-06
6.15047e-06
6.11285e-06
6.10295e-06
6.08073e-06
6.07054e-06
6.07495e-06
6.07121e-06
6.11228e-06
6.07083e-06
6.82922e-06
6.10084e-06
0.00027442
6.09888e-06
6.13671e-06
6.07671e-06
6.06794e-06
2.80927e-05
6.08376e-06
6.08151e-06
6.08691e-06
6.08275e-06
6.10813e-06
7.25932e-06
6.08246e-06
6.12927e-06
6.28793e-06
6.15469e-06
6.11474e-06
6.11833e-06
6.10307e-06
6.06975e-06
6.08217e-06
4.39328e-06
6.15645e-06
6.0837e-06
6.09185e-06
6.11503e-06
6.07002e-06
6.13065e-06
6.07333e-06
6.10298e-06
6.11882e-06
6.10523e-06
6.07063e-06
6.06939e-06
6.27269e-06
6.12093e-06
6.14681e-06
6.51587e-06
1.73862e-06
6.06887e-06
6.07642e-06
6.10565e-06
6.08981e-06
6.07659e-06
6.06952e-06
0.000335266
6.06866e-06
6.07434e-06
6.08017e-06
6.25162e-06
0.00174032
6.08942e-06
6.07776e-06
6.07694e-06
6.09901e-06
6.08316e-06
6.11586e-06
6.10066e-06
6.08726e-06
6.06908e-06
6.10257e-06
6.06836e-06
6.14838e-06
6.10116e-06
5.96863e-06
6.08479e-06
6.06764e-06
6.07069e-06
6.13933e-06
6.08408e-06
6.121e-06
6.10652e-06
6.06894e-06
6.068e-06
6.07559e-06
6.0724e-06
6.1248e-06
6.07549e-06
6.07006e-06
9.14817e-06
6.10224e-06
6.06869e-06
6.10576e-06
6.07358e-06
6.13242e-06
6.08085e-06
6.0852e-06
6.06988e-06
7.36431e-06
6.11333e-06
6.10047e-06
6.08739e-06
6.0733e-06
6.09866e-06
6.07288e-06
3.40146e-06
6.08584e-06
6.12264e-06
6.09803e-06
6.10581e-06
1.77923e-07
0.000365454
6.09239e-06
6.08695e-06
6.06859e-06
6.11382e-06
6.11368e-06
6.10653e-06
6.07509e-06
8.43255e-06
6.13469e-06
6.23537e-06
0.0016366
0.000564473
6.0801e-06
6.0848e-06
6.12621e-06
6.07485e-06
6.10169e-06
2.15079e-06
6.09105e-06
6.14875e-06
6.09187e-06
6.09087e-06
6.43131e-06
8.39422e-06
6.0716e-06
6.10356e-06
6.08052e-06
6.11069e-06
6.10704e-06
6.07598e-06
6.07346e-06
6.07545e-06
6.08696e-06
6.07591e-06
6.1077e-06
6.08991e-06
6.10728e-06
6.13044e-06
6.30962e-06
6.10147e-06
0.00127904
0.000170379
0.00149971
6.07151e-06
0.000418035
6.08537e-06
6.15211e-06
2.62377e-10
6.12037e-06
6.09884e-06
6.08145e-06
6.08379e-06
6.06952e-06
6.07728e-06
6.08341e-06
6.23381e-06
6.08909e-06
6.09227e-06
6.10323e-06
6.09169e-06
6.11873e-06
0.000641009
6.08393e-06
6.07013e-06
6.36783e-06
6.07321e-06
6.08671e-06
5.77974e-06
6.16457e-06
0.00104645
6.16064e-06
6.07319e-06
6.07095e-06
6.09617e-06
6.15852e-06
6.07934e-06
6.13889e-06
6.07611e-06
6.50016e-06
0.00214847
6.06977e-06
6.09704e-06
6.10995e-06
6.07611e-06
6.0809e-06
6.07022e-06
6.10916e-06
5.40302e-07
6.13869e-06
4.65893e-06
6.13198e-06
6.29252e-06
6.07058e-06
0.00181087
6.06956e-06
6.10626e-06
6.14078e-06
6.14461e-06
6.087e-06
6.11485e-06
6.90752e-06
6.11122e-06
6.28573e-06
6.09314e-06
6.07436e-06
6.10959e-06
6.09699e-06
6.11313e-06
2.17468e-05
6.09072e-06
6.15816e-06
6.09995e-06
7.29339e-06
6.51505e-06
6.08008e-06
6.07155e-06
6.08082e-06
6.16602e-06
6.07444e-06
6.07205e-06
6.13699e-06
6.06957e-06
6.06995e-06
6.08015e-06
6.06776e-06
6.74859e-06
6.15593e-06
0.000141526
6.08992e-06
6.11999e-06
6.11361e-06
6.09685e-06
6.06772e-06
6.11223e-06
6.18665e-06
6.12873e-06
6.08992e-06
6.07865e-06
6.06896e-06
6.10331e-06
9.60072e-05
6.13534e-06
6.10681e-06
6.09148e-06
6.08422e-06
6.08187e-06
6.11681e-06
6.22568e-06
6.07102e-06
6.14874e-06
6.13957e-06
6.06803e-06
6.118e-06
0.00220801
6.07148e-06
6.08847e-06
5.66556e-06
6.07651e-06
6.11151e-06
6.09335e-06
6.10097e-06
6.11939e-06
6.10032e-06
6.11283e-06
6.06966e-06
6.15204e-06
6.05548e-06
6.10611e-06
6.10965e-06
6.07072e-06
6.06982e-06
6.08503e-06
6.06962e-06
6.0997e-06
6.11864e-06
6.07812e-06
6.10917e-06
6.14058e-06
6.07763e-06
6.109e-06
6.11783e-06
6.12611e-06
6.06923e-06
6.13509e-06
6.07248e-06
6.12189e-06
6.11963e-06
6.07145e-06
6.12577e-06
0.000116535
6.08949e-06
6.11006e-06
6.08303e-06
6.15772e-06
6.07275e-06
6.12014e-06
2.78061e-06
6.1223e-06
6.10609e-06
6.12118e-06
6.25952e-06
0.000195753
6.1019e-06
0.000728995
6.11791e-06
6.20397e-06
6.07759e-06
6.11862e-06
6.1515e-06
6.07675e-06
6.12188e-06
6.09434e-06
6.07012e-06
6.11733e-06
6.06988e-06
6.06968e-06
6.07004e-06
6.15442e-06
6.11689e-06
6.07391e-06
7.93813e-06
6.11008e-06
6.11461e-06
0.000256887
1.95244e-06
0.000101259
6.07788e-06
6.09026e-06
6.11758e-06
6.07578e-06
6.0789e-06
6.11672e-06
3.99322e-06
6.116e-06
6.09039e-06
6.10167e-06
6.07608e-06
6.06866e-06
6.13511e-06
6.09549e-06
6.06855e-06
6.07276e-06
0.000219654
6.13392e-06
0.00182949
6.07044e-06
0.000518995
6.08791e-06
6.07039e-06
6.08366e-06
6.0897e-06
0.00115228
6.07187e-06
6.11692e-06
0.00165665
6.08853e-06
6.12977e-06
6.08874e-06
6.07385e-06
6.13269e-06
6.06863e-06
6.11745e-06
6.09077e-06
6.0862e-06
6.06942e-06
6.07147e-06
2.96312e-05
7.8964e-06
6.09736e-06
6.07395e-06
6.08034e-06
6.08468e-06
6.08431e-06
6.06918e-06
6.12386e-06
6.09005e-06
6.07058e-06
6.07442e-06
6.10321e-06
6.13221e-06
6.11178e-06
6.12028e-06
6.06928e-06
6.08892e-06
6.15137e-06
6.10791e-06
6.34232e-06
7.71977e-06
1.30736e-06
6.11708e-06
6.08154e-06
6.87466e-05
3.51064e-08
6.0691e-06
6.11368e-06
6.40793e-06
6.07293e-06
6.06914e-06
6.1236e-06
6.07715e-06
6.07081e-06
6.10526e-06
6.07573e-06
6.08913e-06
0.00180494
7.62981e-06
6.0797e-06
6.09796e-06
6.07029e-06
6.07967e-06
6.11908e-06
6.10553e-06
6.12227e-06
6.08501e-06
0.00087411
1.61992e-06
6.51682e-06
6.08785e-06
6.13126e-06
5.97766e-06
6.10619e-06
6.07806e-06
6.11618e-06
6.08533e-06
6.08044e-06
6.07723e-06
6.07029e-06
6.0695e-06
6.06855e-06
6.09291e-06
6.10324e-06
3.34595e-06
7.31556e-06
6.08575e-06
6.0798e-06
6.0791e-06
6.11804e-06
6.07127e-06
6.08558e-06
6.11947e-06
2.5067e-05
6.08372e-06
6.0869e-06
6.08474e-06
6.62476e-06
6.03371e-06
6.11231e-06
6.0688e-06
6.10093e-06
6.09165e-06
6.09103e-06
8.56673e-07
6.11114e-06
1.07681e-06
6.11004e-06
6.13275e-06
6.40926e-06
6.10057e-06
6.07348e-06
6.11306e-06
6.0785e-06
6.10337e-06
4.4819e-06
6.0689e-06
6.09805e-06
6.08059e-06
0.00206992
6.138e-06
6.06986e-06
6.09077e-06
6.1101e-06
6.07052e-06
6.10496e-06
6.23057e-06
6.07633e-06
6.07911e-06
6.07124e-06
6.11902e-06
6.14367e-06
6.07997e-06
6.07465e-06
6.07265e-06
8.86609e-06
6.16113e-06
6.08985e-06
6.08928e-06
5.96653e-06
6.07314e-06
6.32287e-06
6.07008e-06
8.46933e-06
6.10232e-06
6.1163e-06
0.000197761
6.07043e-06
6.10765e-06
6.07871e-06
6.32534e-06
6.12903e-06
7.00038e-05
6.11649e-06
6.07739e-06
6.09267e-06
6.10705e-06
0.000820857
6.08693e-06
6.08926e-06
6.08936e-06
6.08944e-06
6.14621e-06
6.09013e-06
0.000152875
6.13173e-06
6.10176e-06
6.07126e-06
6.0904e-06
6.09883e-06
6.33551e-06
6.10297e-06
6.08677e-06
6.08077e-06
6.11983e-06
6.11757e-06
6.13177e-06
6.13947e-06
6.1115e-06
6.07206e-06
6.07079e-06
6.08941e-06
6.12619e-06
6.11063e-06
6.22225e-06
6.11133e-06
6.07177e-06
6.10281e-06
6.07622e-06
6.07074e-06
6.46809e-06
6.08658e-06
6.07187e-06
6.09876e-06
6.08692e-06
6.10449e-06
6.39716e-06
6.15972e-06
6.13141e-06
6.10387e-06
6.07446e-06
6.07316e-06
6.08306e-06
6.07785e-06
6.1019e-06
6.0879e-06
6.07459e-06
6.11712e-06
3.55526e-06
6.11625e-06
6.13396e-06
6.08953e-06
6.07034e-06
6.10713e-06
6.09251e-06
6.32901e-06
6.08375e-06
6.07257e-06
6.1032e-06
6.06984e-06
6.13584e-06
6.07075e-06
6.07885e-06
6.08913e-06
6.08531e-06
6.06875e-06
6.1312e-06
6.09765e-06
6.07207e-06
6.09666e-06
0.000106458
6.08812e-06
6.07e-06
0.00108181
0.000204019
6.07907e-06
6.15017e-06
6.07111e-06
6.09543e-06
6.08323e-06
6.07907e-06
6.39809e-06
6.07874e-06
6.09654e-06
6.09102e-06
0.000138237
6.08997e-06
6.09444e-06
6.06876e-06
6.09363e-06
7.15102e-06
6.06767e-06
6.0851e-06
6.10011e-06
6.08199e-06
6.07616e-06
6.10477e-06
6.0878e-06
6.23766e-06
0.00128643
6.37833e-06
6.09006e-06
6.08616e-06
6.07312e-06
6.07059e-06
6.17436e-06
1.12389e-07
6.07118e-06
6.09864e-06
6.14627e-06
6.13075e-06
6.81111e-08
6.08076e-06
6.09494e-06
6.07254e-06
6.07771e-06
6.11356e-06
6.10727e-06
6.11622e-06
6.06923e-06
6.07181e-06
6.09902e-06
6.10408e-06
6.06775e-06
6.20921e-06
6.07867e-06
6.24049e-06
6.13251e-06
6.07202e-06
5.71773e-06
6.07974e-06
6.25708e-06
6.06901e-06
1.73379e-06
0.00141798
6.09449e-06
6.67625e-06
6.08877e-06
6.07786e-06
6.0903e-06
3.80523e-06
6.17874e-06
3.58109e-06
0.00152547
6.09711e-06
6.06788e-06
6.07079e-06
6.07055e-06
6.08864e-06
6.09763e-06
6.09068e-06
6.09658e-06
6.58005e-06
6.40504e-06
6.07504e-06
6.13792e-06
6.13572e-06
6.14534e-06
6.13332e-06
6.09093e-06
3.69741e-07
6.2504e-06
6.07212e-06
6.09397e-06
6.07628e-06
0.000397359
6.07013e-06
6.12136e-06
6.06997e-06
8.84706e-05
6.34493e-06
6.08538e-06
6.07767e-06
0.000115469
6.10378e-06
6.10497e-06
6.07446e-06
6.07522e-06
6.08037e-06
6.13328e-06
6.07296e-06
6.15922e-06
7.37512e-07
6.08966e-06
6.06993e-06
6.36605e-06
6.07727e-06
6.11499e-06
6.06903e-06
6.06965e-06
6.06802e-06
6.11338e-06
6.13363e-06
6.04292e-06
3.30498e-06
6.07267e-06
6.14085e-06
6.0839e-06
6.07285e-06
0.00132332
6.10491e-06
6.07054e-06
5.52839e-06
6.08994e-06
6.10567e-06
6.07129e-06
6.08565e-06
6.09046e-06
6.07449e-06
6.14723e-06
6.12137e-06
6.14057e-06
6.08744e-06
6.09573e-06
2.05655e-05
5.04301e-10
6.07203e-06
6.06341e-06
6.08853e-06
0.000207258
6.0707e-06
6.10536e-06
6.10106e-06
6.09524e-06
6.08895e-06
6.09276e-06
6.06943e-06
6.09495e-06
6.09529e-06
6.08986e-06
6.15509e-06
6.22273e-06
6.09392e-06
6.10884e-06
6.08955e-06
5.90724e-05
6.09953e-06
6.0836e-06
6.41211e-06
6.08477e-06
6.07113e-06
6.12154e-06
6.06857e-06
6.10926e-06
6.36145e-06
6.11561e-06
6.14425e-06
6.10319e-06
6.08839e-06
6.07256e-06
6.07111e-06
6.09163e-06
6.07802e-06
6.06881e-06
6.08771e-06
6.07382e-06
6.06816e-06
6.03225e-06
6.04786e-06
6.09504e-06
6.10535e-06
6.11861e-06
6.12203e-06
6.08209e-06
6.13643e-06
6.13329e-06
6.1422e-06
6.07716e-06
6.09346e-06
0.000347841
6.1274e-06
6.42613e-06
6.33404e-06
6.12178e-06
0.000702924
6.11709e-06
6.07463e-06
6.13959e-06
3.41715e-06
6.11023e-06
6.07101e-06
6.09452e-06
6.09826e-06
6.08602e-06
6.09469e-06
6.07021e-06
6.35701e-06
6.07745e-06
6.07794e-06
6.07083e-06
6.13633e-06
2.03181e-07
5.88154e-06
6.0873e-06
0.00132814
6.07025e-06
6.06954e-06
6.12507e-06
6.06862e-06
6.07572e-06
6.1423e-06
6.08081e-06
6.07776e-06
6.08924e-06
6.08745e-06
6.07092e-06
6.15816e-06
6.07138e-06
6.08609e-06
6.10058e-06
6.07319e-06
6.09541e-06
6.11699e-06
6.09109e-06
6.0819e-06
6.1001e-06
0.00191999
6.10774e-06
6.11164e-06
6.09178e-06
6.09913e-06
6.15547e-06
6.08132e-06
6.0745e-06
6.09504e-06
5.32462e-06
6.08363e-06
6.07396e-06
6.10349e-06
6.13109e-06
0.000247316
6.08762e-06
6.13419e-06
6.09975e-06
6.36554e-06
5.47156e-07
6.07543e-06
6.11624e-06
6.13203e-06
6.09072e-06
6.32501e-06
6.10977e-06
6.07055e-06
6.07855e-06
6.07585e-06
6.13867e-06
6.09329e-06
5.79077e-06
7.65455e-06
6.08303e-06
6.08831e-06
6.09904e-06
6.07087e-06
6.09228e-06
6.08666e-06
6.10076e-06
6.06982e-06
6.07149e-06
6.11438e-06
0.000148308
6.12377e-06
5.22872e-06
6.13122e-06
6.63957e-06
6.06474e-06
6.07341e-06
6.09505e-06
6.10239e-06
6.08149e-06
6.11586e-06
0.000239119
6.29269e-06
5.81143e-06
0.000188033
6.14613e-06
6.09215e-06
6.11788e-06
6.17306e-06
6.06794e-06
6.13586e-06
6.07066e-06
6.08696e-06
6.10897e-06
6.08512e-06
6.10683e-06
6.11039e-06
6.10352e-06
6.14208e-06
6.03259e-06
6.08166e-06
6.10846e-06
6.09545e-06
6.13822e-06
6.06852e-06
6.08537e-06
6.44597e-06
6.06806e-06
6.07075e-06
6.06997e-06
6.08937e-06
6.07248e-06
0.000277704
6.07665e-06
0.000257453
6.09601e-06
6.14112e-06
6.13718e-06
7.72558e-05
6.07091e-06
6.08739e-06
6.08999e-06
6.07059e-06
6.12947e-06
6.51036e-06
6.10937e-06
6.12369e-06
6.10177e-06
6.15032e-06
6.12293e-06
6.29236e-06
6.09432e-06
3.10586e-06
6.60278e-06
6.32797e-06
6.11302e-06
6.10318e-06
6.11973e-06
6.09266e-06
6.11124e-06
6.11533e-06
6.09884e-06
6.07026e-06
6.20157e-06
6.07116e-06
6.12574e-06
6.44943e-06
6.07371e-06
6.12361e-06
6.07325e-06
6.13116e-06
6.13684e-06
0.000315525
6.14157e-06
6.14859e-06
6.09542e-06
6.07139e-06
6.09247e-06
6.07294e-06
6.06765e-06
6.06771e-06
6.07825e-06
6.11422e-06
6.07291e-06
6.1386e-06
6.09467e-06
6.07062e-06
6.07383e-06
6.10362e-06
6.113e-06
6.13362e-06
6.14514e-06
6.12433e-06
6.11425e-06
6.07368e-06
7.20102e-06
6.09354e-06
6.08644e-06
0.00140535
6.12857e-06
6.08815e-06
6.09444e-06
6.31338e-06
6.10452e-06
6.50056e-06
6.07093e-06
6.11313e-06
6.19848e-06
0.00210618
6.10976e-06
6.08004e-06
6.06991e-06
6.0786e-06
6.15534e-06
6.07042e-06
6.60877e-06
6.08561e-06
6.13492e-06
6.0698e-06
6.07677e-06
6.11356e-06
6.07177e-06
6.07e-06
6.07117e-06
6.08501e-06
6.45637e-06
6.09151e-06
6.06982e-06
6.11864e-06
6.14071e-06
0.000962659
6.09704e-06
6.12958e-06
6.12333e-06
6.14835e-06
6.22859e-06
6.10711e-06
6.11601e-06
6.14809e-06
6.07047e-06
6.07209e-06
6.09419e-06
6.10235e-06
6.07153e-06
6.36588e-06
6.12051e-06
6.09083e-06
6.09265e-06
6.13266e-06
6.08302e-06
6.11088e-06
6.09612e-06
5.78162e-06
6.08853e-06
6.08957e-06
6.08093e-06
6.07828e-06
6.38813e-06
6.08734e-06
6.07739e-06
6.13174e-06
6.10303e-06
6.10927e-06
6.15957e-06
6.08448e-06
6.09319e-06
6.06992e-06
0.000365189
6.09437e-06
6.07421e-06
6.10944e-06
1.58316e-06
6.09195e-06
5.84052e-08
6.65981e-06
6.09623e-06
6.11402e-06
6.11734e-06
8.65755e-06
6.47107e-06
6.07084e-06
9.51621e-06
6.06941e-06
6.09227e-06
6.07444e-06
6.08176e-06
0.00168059
6.13981e-06
6.0844e-06
6.06918e-06
6.08429e-06
6.07623e-06
6.39006e-06
6.1624e-06
6.06969e-06
1.80663e-06
6.09528e-06
6.0758e-06
6.10463e-06
6.07072e-06
6.11627e-06
6.10417e-06
6.55233e-06
0.00107269
6.06917e-06
0.00104104
6.06975e-06
6.12979e-06
6.12175e-06
6.06943e-06
6.13296e-06
6.07974e-06
6.10866e-06
6.07263e-06
6.1081e-06
0.000295996
0.00198737
6.23104e-06
6.31416e-06
6.06928e-06
6.19807e-06
6.08874e-06
6.07174e-06
6.08197e-06
6.07624e-06
6.07623e-06
0.000194985
0.000441464
6.07052e-06
2.80569e-18
6.0961e-06
6.25218e-06
6.09577e-06
6.08958e-06
6.09796e-06
6.08527e-06
6.07093e-06
6.08294e-06
6.09142e-06
6.09246e-06
6.15093e-06
6.10983e-06
6.07447e-06
6.09441e-06
5.79783e-06
6.07491e-06
6.12475e-06
6.1144e-06
6.08054e-06
6.08919e-06
6.0704e-06
6.09339e-06
6.08495e-06
6.09212e-06
6.1369e-06
6.08866e-06
6.1016e-06
6.09723e-06
8.17413e-06
6.08693e-06
6.11421e-06
6.09371e-06
6.10902e-06
6.10928e-06
6.11861e-06
6.0962e-06
1.04389e-05
6.10078e-06
6.09612e-06
6.12146e-06
6.1264e-06
0.000490576
1.04441e-05
6.09426e-06
6.11745e-06
4.77123e-08
7.06071e-06
6.11014e-06
6.06951e-06
4.1369e-06
6.14002e-06
6.11274e-06
6.08972e-06
6.11644e-06
6.07113e-06
6.11683e-06
6.14725e-06
6.09011e-06
6.08557e-06
6.07572e-06
6.07075e-06
6.11253e-06
6.07492e-06
6.08624e-06
6.09066e-06
6.07042e-06
6.08591e-06
6.07016e-06
6.13353e-06
2.66942e-06
6.11882e-06
6.33611e-06
6.08281e-06
8.92482e-06
6.11692e-06
2.50832e-06
6.10359e-06
6.08772e-06
6.07245e-06
6.13074e-06
6.12656e-06
0.0016047
4.51527e-06
6.1439e-06
6.10719e-06
1.55707e-06
6.11294e-06
7.31416e-08
6.07862e-06
6.10984e-06
6.2195e-06
6.11309e-06
6.06897e-06
6.08295e-06
6.12019e-06
6.09709e-06
6.13521e-06
8.26504e-05
6.11613e-06
0.000183367
6.11299e-06
6.10058e-06
6.10579e-06
6.06918e-06
6.14719e-06
5.44739e-06
6.13721e-06
6.07142e-06
6.07304e-06
6.43526e-06
0.00042024
6.14945e-06
7.34305e-06
6.06804e-06
6.08385e-06
6.08911e-06
6.1151e-06
9.18588e-06
6.09283e-06
6.08062e-06
6.10308e-06
6.06797e-06
6.06337e-06
6.09706e-06
6.12403e-06
6.06134e-06
6.13624e-06
6.0778e-06
6.11208e-06
6.09393e-06
6.13889e-06
6.10486e-06
4.82251e-06
6.10953e-06
6.14379e-06
6.07298e-06
6.14824e-06
6.00319e-06
6.07328e-06
6.09688e-06
2.72782e-06
6.1188e-06
6.10403e-06
0.000474815
6.11432e-06
6.12149e-06
6.07296e-06
6.1641e-06
6.12126e-06
2.18679e-08
6.06918e-06
5.5226e-06
6.29184e-06
6.10131e-06
6.07336e-06
6.06966e-06
6.09962e-06
6.06151e-06
6.11718e-06
6.07035e-06
6.09e-06
6.11423e-06
6.07577e-06
6.10935e-06
6.11053e-06
6.15403e-06
6.09011e-06
6.11962e-06
6.1114e-06
6.09704e-06
6.08646e-06
6.113e-06
6.07061e-06
3.33485e-06
6.06823e-06
7.4366e-06
6.13001e-06
6.09642e-06
4.05407e-08
6.09131e-06
3.45382e-06
6.08603e-06
6.11024e-06
6.10535e-06
6.10162e-06
6.13489e-06
6.07159e-06
6.11875e-06
5.93805e-06
6.10907e-06
6.14566e-06
6.0944e-06
0.00088335
6.06973e-06
6.0732e-06
6.12042e-06
6.07787e-06
6.40592e-06
6.10345e-06
6.07385e-06
6.1103e-06
6.10777e-06
6.14145e-06
6.08116e-06
6.34117e-06
6.09657e-06
6.07413e-06
6.08926e-06
6.13246e-06
6.1624e-06
6.10273e-06
6.53814e-06
6.11114e-06
6.07949e-06
6.17771e-06
6.10302e-06
6.09552e-06
6.06896e-06
2.14126e-05
6.07969e-06
6.11529e-06
6.12252e-06
6.07321e-06
5.74724e-06
6.0699e-06
6.13179e-06
6.06925e-06
6.07031e-06
6.07898e-06
6.08067e-06
0.000285589
6.0908e-06
6.12375e-06
6.07092e-06
6.0771e-06
6.07893e-06
6.06964e-06
6.08331e-06
6.08801e-06
7.45621e-13
6.09233e-06
6.10913e-06
6.1393e-06
6.1282e-06
6.10815e-06
6.13491e-06
6.09106e-06
0.00152217
6.07855e-06
6.10797e-06
6.07708e-06
6.09769e-06
6.11921e-06
6.13369e-06
6.05681e-06
6.06937e-06
6.07586e-06
6.13738e-06
6.12983e-06
6.08408e-06
6.07005e-06
6.0881e-06
6.06865e-06
6.08956e-06
6.08508e-06
6.08453e-06
6.10259e-06
8.63791e-05
6.13171e-06
6.07133e-06
6.08603e-06
6.1137e-06
0.000186706
6.08412e-06
6.10082e-06
6.08931e-06
6.07062e-06
6.07512e-06
5.30737e-06
6.13097e-06
6.09545e-06
3.0398e-07
6.06834e-06
7.91833e-06
6.10396e-06
0.000165574
6.07062e-06
6.07963e-06
6.08086e-06
2.74441e-06
6.11572e-06
6.15997e-06
6.0798e-06
6.14326e-06
6.10834e-06
6.08091e-06
6.07105e-06
6.07886e-06
5.65434e-07
6.13958e-06
6.0705e-06
6.13112e-06
6.12949e-06
6.10247e-06
6.13704e-06
0.000566955
5.87686e-06
6.07032e-06
6.08843e-06
6.11931e-06
6.07251e-06
6.07022e-06
2.82314e-07
6.07227e-06
6.07042e-06
1.50286e-06
6.09912e-06
6.14507e-06
4.73599e-06
6.07276e-06
6.14385e-06
6.1264e-06
1.39309e-06
3.98648e-05
6.06955e-06
0.000244124
6.11875e-06
6.11618e-06
6.11576e-06
6.08414e-06
6.08595e-06
6.12022e-06
6.06975e-06
6.10982e-06
6.11232e-06
6.10495e-06
6.10052e-06
6.11244e-06
6.11142e-06
6.11738e-06
6.09626e-06
6.12918e-06
6.07859e-06
6.12298e-06
0.000675222
6.07579e-06
6.10915e-06
6.40097e-06
6.07209e-06
6.07835e-06
6.07006e-06
6.07594e-06
6.13466e-06
6.06969e-06
6.08037e-06
6.10492e-06
6.09431e-06
7.78928e-06
6.35898e-06
6.27352e-06
6.07691e-06
6.07611e-06
6.1177e-06
6.11714e-06
6.14105e-06
6.07344e-06
6.13346e-06
6.06941e-06
6.08187e-06
6.13514e-06
6.13511e-06
6.1051e-06
0.00012248
6.07656e-06
6.06964e-06
6.07353e-06
6.12863e-06
6.07586e-06
6.09392e-06
6.08637e-06
7.87247e-06
6.07516e-06
6.14239e-06
6.07433e-06
6.0745e-06
6.12519e-06
2.45017e-06
6.13179e-06
6.11787e-06
6.09868e-06
6.11781e-06
6.07213e-06
6.07937e-06
6.0982e-06
6.09141e-06
6.11184e-06
6.11933e-06
6.08895e-06
6.07061e-06
6.06956e-06
6.08827e-06
6.07405e-06
6.14134e-06
4.33084e-06
6.08946e-06
6.08398e-06
6.10291e-06
6.11865e-06
6.13695e-06
6.06896e-06
6.07426e-06
6.09553e-06
6.08394e-06
6.07862e-06
6.13652e-06
6.07387e-06
6.16479e-06
2.11958e-08
6.09023e-06
6.16207e-06
6.0815e-06
6.1352e-06
6.14091e-06
0.000864306
6.70643e-06
6.08339e-06
6.07383e-06
6.06952e-06
6.07579e-06
6.1165e-06
6.07039e-06
0.000154145
6.0891e-06
6.12493e-06
6.0846e-06
6.07924e-06
6.08503e-06
6.14515e-06
6.42083e-06
6.11917e-06
6.09257e-06
6.10851e-06
6.10017e-06
6.11928e-06
6.15685e-06
6.08963e-06
6.26129e-06
6.07433e-06
6.0773e-06
6.1012e-06
6.11709e-06
6.08854e-06
6.15371e-06
6.06806e-06
6.07573e-06
6.08805e-06
6.08849e-06
6.08998e-06
3.14671e-06
6.28952e-06
6.07416e-06
0.000775069
6.11766e-06
6.10471e-06
6.07461e-06
6.11507e-06
2.27132e-06
6.07537e-06
6.12709e-06
6.1451e-06
6.08964e-06
6.07617e-06
6.08836e-06
6.07694e-06
6.18135e-06
6.07271e-06
6.0766e-06
6.06791e-06
6.07359e-06
6.1446e-06
6.08971e-06
6.07368e-06
6.11387e-06
6.09619e-06
6.14542e-06
6.06935e-06
6.06861e-06
6.09002e-06
6.07008e-06
6.08951e-06
5.9636e-06
6.12176e-06
6.06914e-06
6.07024e-06
6.14516e-06
6.06892e-06
6.06962e-06
6.09849e-06
5.95177e-06
6.1096e-06
6.12785e-06
6.1446e-06
6.06858e-06
6.07736e-06
6.09343e-06
6.11425e-06
6.10298e-06
6.06878e-06
2.19623e-06
6.10734e-06
6.13277e-06
6.1837e-06
6.15097e-06
6.10957e-06
6.07514e-06
6.08914e-06
6.09033e-06
6.06931e-06
6.08162e-06
6.14572e-06
6.1463e-06
6.11461e-06
6.10274e-06
6.13039e-06
6.08146e-06
6.38209e-06
6.14283e-06
2.91625e-06
6.08652e-06
6.12029e-06
6.06986e-06
6.068e-06
0.00211286
6.09285e-06
6.07972e-06
6.07651e-06
6.11181e-06
1.60072e-07
6.09422e-06
6.14356e-06
6.07502e-06
6.12613e-06
6.11629e-06
6.13582e-06
0.00182641
6.07356e-06
6.10997e-06
6.13847e-06
6.10902e-06
0.00182036
6.09112e-06
6.073e-06
6.08311e-06
3.58815e-07
6.0959e-06
6.13634e-06
6.1216e-06
6.06944e-06
6.14688e-06
6.07458e-06
6.07062e-06
6.11292e-06
6.11131e-06
6.08572e-06
6.11333e-06
6.10744e-06
6.11248e-06
6.10266e-06
6.26229e-06
6.09829e-06
6.07326e-06
6.09495e-06
6.13812e-06
6.08354e-06
6.07264e-06
8.94354e-06
6.09639e-06
6.08518e-06
6.13913e-06
6.12368e-06
5.00898e-06
6.09426e-06
6.03765e-06
6.09882e-06
6.02841e-06
6.08368e-06
6.10524e-06
6.09129e-06
6.09572e-06
6.08452e-06
6.08952e-06
6.14235e-06
6.09445e-06
6.1175e-06
0.000707231
6.08288e-06
6.07343e-06
6.10651e-06
6.10699e-06
6.07022e-06
6.07415e-06
6.0892e-06
6.09189e-06
6.08557e-06
6.28412e-06
6.06873e-06
6.09483e-06
6.08037e-06
6.09875e-06
6.10518e-06
5.98161e-06
6.08142e-06
6.07864e-06
6.10982e-06
6.11092e-06
6.06995e-06
6.06782e-06
0.000178152
6.07376e-06
6.10668e-06
6.10252e-06
5.47104e-06
8.59961e-09
6.11163e-06
6.09598e-06
6.11363e-06
6.07557e-06
6.07123e-06
6.09028e-06
6.07418e-06
6.06783e-06
6.06888e-06
1.31336e-06
4.76099e-05
5.62987e-07
8.84525e-05
6.10875e-06
6.07554e-06
6.3768e-06
6.10786e-06
6.10368e-06
6.10426e-06
6.06883e-06
6.07229e-06
6.1416e-06
6.11094e-06
6.0765e-06
6.68409e-06
0.000484742
6.08712e-06
7.17661e-06
6.13883e-06
6.08624e-06
6.10001e-06
6.10739e-06
6.9331e-08
6.12171e-06
6.09435e-06
6.11835e-06
6.01391e-06
6.07386e-06
6.09804e-06
4.13771e-07
6.08514e-06
6.07019e-06
6.06968e-06
6.0778e-06
6.1036e-06
6.09168e-06
6.08319e-06
2.7895e-06
6.12384e-06
6.09287e-06
6.08334e-06
6.06811e-06
6.07436e-06
6.08663e-06
6.07812e-06
6.06982e-06
6.69029e-06
2.96724e-06
6.07654e-06
9.78408e-06
6.08666e-06
6.07386e-06
6.09471e-06
6.08993e-06
6.07085e-06
6.07216e-06
6.07217e-06
6.068e-06
6.09182e-06
6.09192e-06
6.06991e-06
9.77379e-06
6.07988e-06
6.14353e-06
6.07175e-06
6.08099e-06
6.07002e-06
6.07926e-06
6.13396e-06
6.10189e-06
6.10049e-06
6.07031e-06
6.11805e-06
6.07819e-06
6.07407e-06
6.07347e-06
6.03738e-06
6.07142e-06
6.10251e-06
6.07235e-06
6.11468e-06
6.0895e-06
6.14075e-06
6.0892e-06
6.13441e-06
6.07404e-06
6.09646e-06
6.18159e-06
6.10299e-06
6.11339e-06
6.10714e-06
6.10375e-06
6.07093e-06
6.07362e-06
6.11742e-06
6.07994e-06
6.10293e-06
6.10451e-06
6.11505e-06
6.23324e-06
6.10193e-06
5.30243e-06
6.09085e-06
6.0868e-06
6.0842e-06
6.1192e-06
6.1049e-06
6.19994e-06
6.0916e-06
6.0984e-06
6.11525e-06
6.09704e-06
6.11704e-06
6.08399e-06
6.09033e-06
6.11301e-06
6.06903e-06
6.09402e-06
6.0891e-06
6.10744e-06
6.13863e-06
6.06979e-06
6.08957e-06
6.07079e-06
6.07668e-06
6.08894e-06
6.07254e-06
6.0887e-06
6.43222e-06
6.1333e-06
6.08852e-06
6.08912e-06
6.09699e-06
6.08758e-06
6.11973e-06
6.13284e-06
6.07005e-06
6.14667e-06
6.14276e-06
6.11851e-06
6.08232e-06
6.10014e-06
6.13357e-06
6.11025e-06
6.08889e-06
6.08573e-06
6.07387e-06
6.11392e-06
6.1261e-06
8.20752e-06
6.13574e-06
6.10776e-06
6.10003e-06
6.13794e-06
6.10992e-06
6.07245e-06
6.13704e-06
6.25812e-06
6.09684e-06
6.13464e-06
6.07503e-06
6.14574e-06
6.11869e-06
6.07084e-06
6.09157e-06
6.38551e-06
0.000324038
6.10991e-06
6.07742e-06
6.07736e-06
6.07297e-06
6.10329e-06
6.10224e-06
6.08705e-06
6.08428e-06
6.09782e-06
6.0977e-06
6.0879e-06
6.07038e-06
6.1475e-06
6.13964e-06
6.13607e-06
6.11768e-06
6.07193e-06
0.000186926
6.10536e-06
6.16467e-06
6.09061e-06
0.000563659
6.1095e-06
6.14032e-06
6.10169e-06
6.13129e-06
6.07296e-06
6.06938e-06
1.17086e-06
6.13844e-06
6.08586e-06
6.11667e-06
6.09935e-06
6.11811e-06
6.06952e-06
6.07394e-06
6.07164e-06
6.07815e-06
6.07061e-06
8.66143e-05
1.823e-06
0.000769833
6.11694e-06
6.08761e-06
6.07412e-06
6.1407e-06
6.14401e-06
0.00137324
0.00205315
6.08075e-06
6.07036e-06
6.07116e-06
6.13163e-06
6.08242e-06
6.11171e-06
6.07007e-06
3.7994e-06
6.08905e-06
6.15517e-06
6.1086e-06
6.14049e-06
6.13633e-06
6.07213e-06
6.07158e-06
1.02512e-05
6.09833e-06
6.1035e-06
6.08554e-06
6.37964e-06
6.1319e-06
6.07648e-06
6.07176e-06
2.79612e-06
0.00128241
6.1067e-06
6.11757e-06
6.06855e-06
6.09312e-06
6.07027e-06
6.07888e-06
6.10329e-06
6.07812e-06
6.07013e-06
6.06993e-06
6.07152e-06
6.07316e-06
6.1021e-06
8.3049e-06
6.10918e-06
6.12095e-06
6.17523e-06
6.09245e-06
3.28997e-08
6.08194e-06
6.11356e-06
6.07127e-06
6.08831e-06
6.07251e-06
6.08665e-06
6.11699e-06
3.1454e-08
6.08636e-06
6.07288e-06
6.11571e-06
6.08582e-06
6.08303e-06
6.1087e-06
6.09347e-06
6.13627e-06
6.1378e-06
6.11806e-06
6.07601e-06
6.06953e-06
3.84723e-06
6.07999e-06
6.14219e-06
6.5845e-06
6.14837e-06
6.07192e-06
6.08906e-06
6.11108e-06
6.07249e-06
6.15132e-06
7.86782e-06
6.08283e-06
6.08164e-06
6.07468e-06
6.09752e-06
6.11925e-06
6.12513e-06
6.24844e-06
6.15524e-06
6.07023e-06
6.0863e-06
6.0728e-06
6.08659e-06
6.10838e-06
6.07813e-06
6.11143e-06
6.06899e-06
4.38311e-06
6.06928e-06
6.08215e-06
6.08287e-06
6.10247e-06
6.09274e-06
6.13528e-06
6.11421e-06
6.07124e-06
6.14078e-06
6.07184e-06
6.07734e-06
6.10763e-06
0.0021451
6.12162e-06
6.10596e-06
6.11428e-06
6.11362e-06
6.06891e-06
6.10453e-06
6.0728e-06
6.08517e-06
6.11752e-06
6.11618e-06
6.13885e-06
6.32291e-06
6.11358e-06
6.13624e-06
6.08357e-06
6.13743e-06
6.0894e-06
6.06966e-06
0.000809502
6.08028e-06
6.07112e-06
6.12062e-06
6.08535e-06
6.12683e-06
6.06858e-06
6.09372e-06
6.07987e-06
6.10838e-06
6.12122e-06
5.14951e-06
6.07834e-06
6.07499e-06
6.1432e-06
6.09207e-06
6.1581e-06
6.10169e-06
6.06939e-06
6.11971e-06
6.15481e-06
6.0712e-06
6.15305e-06
6.11388e-06
2.81677e-06
6.07483e-06
6.11439e-06
6.10261e-06
6.07041e-06
6.06932e-06
6.09062e-06
6.09442e-06
6.09482e-06
6.10455e-06
6.07373e-06
6.29053e-06
7.36391e-06
6.08934e-06
6.14551e-06
6.11714e-06
6.2429e-06
6.10971e-06
6.06794e-06
6.14137e-06
6.11655e-06
6.08552e-06
6.10836e-06
6.07215e-06
6.07296e-06
6.06944e-06
6.10989e-06
6.08465e-06
6.07529e-06
6.1483e-06
6.11092e-06
6.08845e-06
6.11831e-06
6.08226e-06
6.15485e-06
8.90554e-06
6.10922e-06
6.10938e-06
6.10994e-06
6.08767e-06
6.13109e-06
6.09457e-06
6.16347e-06
6.09753e-06
6.22379e-06
6.28996e-06
6.08672e-06
6.11042e-06
6.149e-06
7.60501e-06
4.50607e-05
6.07214e-06
6.07989e-06
6.11904e-06
6.0705e-06
6.07073e-06
3.8791e-06
6.07023e-06
6.10516e-06
6.07676e-06
6.08228e-06
6.1424e-06
6.11634e-06
6.1562e-06
6.0704e-06
6.87476e-06
6.0902e-06
6.33803e-06
6.09244e-06
0.00089215
6.0701e-06
6.07665e-06
6.07118e-06
6.07983e-06
6.07883e-06
6.09436e-06
6.0918e-06
8.67713e-06
6.10788e-06
6.07182e-06
6.07277e-06
6.0964e-06
6.4946e-06
6.0872e-06
6.10965e-06
6.07022e-06
6.07205e-06
6.06955e-06
6.07403e-06
1.88596e-07
6.14882e-06
6.08957e-06
6.10414e-06
6.13505e-06
6.07219e-06
6.10517e-06
6.08499e-06
6.07906e-06
6.08359e-06
6.08039e-06
6.10874e-06
6.11101e-06
6.07387e-06
7.36566e-06
6.14629e-06
6.13126e-06
6.07676e-06
6.14728e-06
6.08478e-06
6.08386e-06
6.06827e-06
6.06976e-06
6.07045e-06
6.08963e-06
3.02275e-07
6.08817e-06
6.07012e-06
0.00105086
0.0017913
6.15883e-06
6.07245e-06
8.43479e-06
6.14318e-06
6.10018e-06
6.11883e-06
6.13165e-06
6.13375e-06
6.07893e-06
6.0504e-06
6.14607e-06
1.12149e-06
6.06821e-06
6.08812e-06
6.0686e-06
6.1436e-06
6.07458e-06
6.07606e-06
6.11207e-06
6.08935e-06
6.07197e-06
6.07846e-06
6.14009e-06
6.11804e-06
6.06403e-06
6.46539e-06
6.07754e-06
6.08304e-06
6.10351e-06
6.10459e-06
6.11482e-06
6.10568e-06
6.11091e-06
6.07238e-06
6.13317e-06
6.06894e-06
6.13646e-06
6.07223e-06
6.09179e-06
6.12031e-06
6.14807e-06
6.12425e-06
6.03393e-06
6.07249e-06
6.1309e-06
6.09339e-06
6.01676e-06
6.09012e-06
6.07117e-06
6.06964e-06
6.08762e-06
6.10883e-06
6.08468e-06
6.14692e-06
6.07178e-06
6.07947e-06
6.075e-06
6.07175e-06
6.07091e-06
6.14857e-06
6.07067e-06
6.09998e-06
6.09663e-06
6.1249e-06
0.000184439
6.07464e-06
6.08767e-06
6.0697e-06
6.0706e-06
6.09291e-06
6.07383e-06
6.13332e-06
6.08746e-06
6.09585e-06
6.08662e-06
6.07389e-06
6.13171e-06
6.10433e-06
6.0024e-06
6.07809e-06
6.10232e-06
6.12053e-06
6.07259e-06
6.07114e-06
6.11846e-06
6.09139e-06
6.07182e-06
6.07673e-06
6.47196e-06
6.07848e-06
6.09626e-06
6.09254e-06
6.10542e-06
6.06991e-06
2.67906e-10
6.06915e-06
6.06917e-06
6.0733e-06
6.13856e-06
6.0752e-06
0.00218122
6.1396e-06
6.11752e-06
6.07005e-06
6.10691e-06
6.07041e-06
6.07397e-06
6.08421e-06
6.06889e-06
6.07459e-06
6.10204e-06
6.12111e-06
6.10741e-06
6.12894e-06
6.08012e-06
6.10508e-06
6.10105e-06
6.12862e-06
6.07579e-06
6.0739e-06
6.11911e-06
2.34285e-08
6.07201e-06
6.10913e-06
1.57623e-09
6.08217e-06
6.08277e-06
6.24501e-06
6.0854e-06
6.152e-06
6.0829e-06
6.11267e-06
6.11153e-06
6.11743e-06
6.11467e-06
6.09049e-06
6.07141e-06
6.07409e-06
6.08953e-06
6.10016e-06
6.09752e-06
6.09088e-06
6.07876e-06
0.000691315
6.0696e-06
6.1018e-06
6.14355e-06
6.08426e-06
6.11145e-06
6.08615e-06
6.08801e-06
6.06998e-06
6.09356e-06
6.13339e-06
6.08889e-06
6.07605e-06
6.08053e-06
6.08774e-06
6.08902e-06
6.087e-06
6.13613e-06
6.14866e-06
6.09761e-06
6.11682e-06
1.51508e-06
6.88015e-05
6.08876e-06
6.08663e-06
6.07578e-06
6.07245e-06
6.07753e-06
6.07134e-06
6.1094e-06
6.13879e-06
5.68102e-06
9.41946e-05
6.11117e-06
6.14189e-06
6.1165e-06
6.1471e-06
6.07243e-06
6.00038e-06
6.06997e-06
6.67122e-06
5.91577e-10
6.1189e-06
6.11146e-06
6.13907e-06
6.06666e-06
6.08625e-06
6.07066e-06
6.0687e-06
6.08636e-06
6.08673e-06
6.07513e-06
6.10706e-06
6.09038e-06
6.29134e-06
6.08713e-06
6.08191e-06
6.08703e-06
6.0693e-06
6.12409e-06
6.06916e-06
6.1065e-06
6.0703e-06
6.08365e-06
0.00196436
6.06929e-06
6.12351e-06
6.12213e-06
6.11051e-06
8.66635e-06
6.11704e-06
6.07704e-06
6.11673e-06
6.08321e-06
6.10959e-06
6.07316e-06
6.07029e-06
6.07554e-06
6.1177e-06
1.11456e-07
6.07256e-06
6.10367e-06
6.10165e-06
6.07558e-06
6.13988e-06
6.09008e-06
6.12115e-06
6.07947e-06
6.11392e-06
6.14723e-06
0.000365418
0.000256308
6.10711e-06
0.00086001
6.07691e-06
6.08967e-06
6.11657e-06
6.07253e-06
6.0805e-06
6.08952e-06
6.0738e-06
6.11208e-06
8.62817e-06
6.13344e-06
6.06964e-06
6.09531e-06
6.13742e-06
6.14234e-06
6.09602e-06
6.08535e-06
6.11735e-06
6.27458e-06
6.09534e-06
6.07025e-06
0.00215217
6.11497e-06
6.07055e-06
7.67438e-06
6.06971e-06
6.07512e-06
6.20536e-06
6.11365e-06
6.08733e-06
6.0924e-06
6.15916e-06
6.09049e-06
6.08903e-06
6.07142e-06
6.02552e-06
6.09923e-06
6.14125e-06
6.08745e-06
4.97087e-06
6.08836e-06
6.0971e-06
6.12915e-06
6.06908e-06
6.06902e-06
6.08856e-06
6.06876e-06
6.15648e-06
6.07116e-06
6.10179e-06
6.13027e-06
6.1063e-06
6.08749e-06
6.09327e-06
6.07242e-06
6.07518e-06
6.06985e-06
6.10905e-06
6.1486e-06
6.07524e-06
6.14614e-06
6.09513e-06
6.13422e-06
6.1222e-06
6.10098e-06
6.13748e-06
6.08096e-06
3.62538e-06
6.11724e-06
0.000319346
6.07372e-06
6.07749e-06
6.119e-06
6.1296e-06
6.09153e-06
6.06844e-06
6.08807e-06
6.10109e-06
6.08636e-06
6.07047e-06
6.10159e-06
6.10832e-06
6.07105e-06
6.09448e-06
6.13654e-06
6.08977e-06
6.1176e-06
6.07344e-06
6.07334e-06
6.13227e-06
6.13821e-06
6.07415e-06
6.12452e-06
6.07082e-06
6.09844e-06
6.10945e-06
8.81233e-06
6.07656e-06
6.11505e-06
6.08578e-06
6.14523e-06
6.07667e-06
6.1131e-06
6.0939e-06
6.13944e-06
6.14504e-06
6.07149e-06
6.08431e-06
6.09796e-06
6.12045e-06
6.1457e-06
6.10162e-06
6.07088e-06
6.06841e-06
6.12292e-06
6.13373e-06
6.11734e-06
6.11733e-06
6.09716e-06
6.08935e-06
6.08838e-06
6.07841e-06
6.06934e-06
6.15743e-06
6.13994e-06
6.06794e-06
6.07004e-06
6.0885e-06
6.09493e-06
6.13153e-06
6.11175e-06
6.08048e-06
6.08234e-06
6.15232e-06
6.07874e-06
6.08599e-06
6.16008e-06
6.09786e-06
6.07253e-06
6.11191e-06
6.07676e-06
6.13826e-06
6.06801e-06
6.07083e-06
6.11475e-06
6.08161e-06
6.07543e-06
6.12469e-06
6.09134e-06
6.21089e-06
6.0913e-06
6.14534e-06
6.43918e-06
6.12192e-06
6.07081e-06
6.10444e-06
6.11082e-06
6.09124e-06
1.5862e-06
6.10817e-06
6.09743e-06
6.09557e-06
6.09264e-06
6.08203e-06
6.10782e-06
6.07084e-06
6.10412e-06
6.1444e-06
6.14111e-06
6.07838e-06
6.09749e-06
6.11087e-06
6.13028e-06
6.20739e-06
6.07256e-06
6.06905e-06
6.07234e-06
6.0696e-06
6.12855e-06
6.07278e-06
6.08161e-06
6.111e-06
6.10474e-06
6.11056e-06
8.33849e-06
5.99069e-06
6.41888e-06
6.0722e-06
6.09418e-06
6.09365e-06
6.06872e-06
0.000100499
6.06791e-06
6.1323e-06
6.06926e-06
6.08568e-06
6.11892e-06
6.07277e-06
6.087e-06
6.06977e-06
6.07083e-06
6.08249e-06
6.0889e-06
6.07042e-06
6.06905e-06
6.12442e-06
0.0013928
6.08655e-06
6.07499e-06
6.10083e-06
0.000833883
0.00015752
6.11294e-06
6.0796e-06
6.09435e-06
6.08004e-06
6.11714e-06
6.13608e-06
6.13793e-06
6.14234e-06
6.14442e-06
6.11362e-06
6.10798e-06
6.1161e-06
6.10793e-06
6.0977e-06
6.14539e-06
6.06983e-06
6.07239e-06
6.07852e-06
6.07631e-06
6.08549e-06
6.14574e-06
8.33813e-06
6.11859e-06
6.07592e-06
6.07324e-06
6.11079e-06
6.11219e-06
6.08027e-06
6.11426e-06
6.08581e-06
6.01329e-06
6.11204e-06
6.11997e-06
6.06962e-06
6.13973e-06
0.00218353
6.11341e-06
6.09466e-06
6.08477e-06
6.11551e-06
6.08695e-06
1.49619e-06
6.11327e-06
6.06846e-06
6.13842e-06
5.98887e-06
6.10807e-06
6.10929e-06
6.08939e-06
6.08916e-06
6.12107e-06
6.10951e-06
6.06921e-06
6.14479e-06
6.09847e-06
6.09756e-06
6.11169e-06
6.08034e-06
6.09781e-06
6.10979e-06
6.11264e-06
6.07305e-06
6.08903e-06
0.00219687
6.15605e-06
6.06943e-06
6.08035e-06
6.1315e-06
6.07428e-06
6.11811e-06
6.08668e-06
6.07399e-06
6.07714e-06
6.13958e-06
6.16322e-06
6.08172e-06
6.14693e-06
6.08467e-06
6.08429e-06
4.07356e-06
6.08312e-06
6.09704e-06
6.08513e-06
6.15012e-06
6.12017e-06
6.07018e-06
6.07334e-06
6.11e-06
6.11264e-06
0.000904514
6.07715e-06
6.0798e-06
6.06976e-06
6.07353e-06
6.10796e-06
6.09535e-06
6.08682e-06
6.06904e-06
6.10008e-06
6.07183e-06
6.6978e-06
6.0953e-06
6.07029e-06
0.000507542
6.10102e-06
1.51852e-06
6.06917e-06
6.10775e-06
6.07086e-06
6.11283e-06
6.11878e-06
6.08521e-06
6.07749e-06
5.82092e-06
6.08143e-06
6.10054e-06
6.15494e-06
6.72473e-06
6.12955e-06
6.07165e-06
6.1579e-06
6.08395e-06
6.08966e-06
6.13022e-06
3.17665e-07
6.14038e-06
6.10739e-06
6.11218e-06
6.08931e-06
6.0931e-06
6.10276e-06
6.09067e-06
6.13402e-06
3.83256e-06
5.65139e-06
0.00222173
7.00908e-06
6.14305e-06
6.09492e-06
6.09463e-06
4.08418e-06
6.08413e-06
6.0937e-06
6.10215e-06
6.06984e-06
6.08079e-06
6.19895e-06
6.06912e-06
6.1192e-06
6.14098e-06
7.77723e-06
5.63689e-06
6.07137e-06
6.06877e-06
6.12078e-06
0.000172661
6.08068e-06
6.06799e-06
6.06916e-06
6.12009e-06
0.00172772
6.11661e-06
6.14384e-06
0.0019309
0.00183613
6.09471e-06
6.13927e-06
6.06935e-06
6.08388e-06
6.07829e-06
6.10051e-06
6.1475e-06
6.09366e-06
6.08067e-06
6.07034e-06
6.12067e-06
6.06943e-06
0.000331865
8.77071e-05
6.12716e-06
6.10498e-06
6.07245e-06
2.23407e-05
6.06841e-06
1.21034e-05
6.10839e-06
6.58578e-06
5.71804e-06
6.13239e-06
6.06958e-06
6.09745e-06
6.07421e-06
6.07907e-06
6.07704e-06
6.12223e-06
6.07214e-06
6.09942e-06
6.14372e-06
6.08585e-06
6.07737e-06
6.1092e-06
6.12077e-06
6.07095e-06
6.06873e-06
6.07092e-06
6.07034e-06
6.0761e-06
6.08896e-06
6.11288e-06
6.11877e-06
6.11388e-06
6.07558e-06
6.08233e-06
6.10751e-06
6.13156e-06
6.0856e-06
6.09858e-06
6.08935e-06
6.12701e-06
6.07205e-06
6.10735e-06
6.24473e-06
6.06953e-06
5.99387e-06
6.0752e-06
6.14668e-06
0.000299158
6.14318e-06
6.07336e-06
6.59911e-06
5.92863e-06
1.4943e-07
6.11945e-06
6.20533e-06
6.0919e-06
6.07975e-06
6.10787e-06
6.14087e-06
0.00030082
6.07298e-06
6.09389e-06
6.12964e-06
6.07068e-06
6.08955e-06
7.61293e-06
6.08945e-06
6.15361e-06
6.08929e-06
6.09386e-06
6.09442e-06
6.12981e-06
6.08943e-06
6.13093e-06
6.10997e-06
8.81148e-05
6.07077e-06
6.11895e-06
6.079e-06
6.07399e-06
6.099e-06
6.09165e-06
6.09365e-06
6.10764e-06
1.65536e-05
6.11777e-06
6.08023e-06
6.08495e-06
6.11016e-06
6.06859e-06
6.09162e-06
6.07074e-06
6.06962e-06
6.07006e-06
6.13373e-06
6.10866e-06
6.09517e-06
6.08154e-06
8.57054e-06
6.07098e-06
6.08829e-06
6.13994e-06
6.10793e-06
6.09152e-06
6.09518e-06
6.07647e-06
6.1368e-06
6.1341e-06
6.07083e-06
6.08112e-06
6.0957e-06
4.2213e-05
6.06893e-06
6.0799e-06
0.000467811
6.15475e-06
6.07428e-06
6.11079e-06
2.66622e-06
6.17998e-06
2.06329e-06
6.069e-06
6.12096e-06
6.20955e-06
6.09932e-06
6.07984e-06
6.07833e-06
7.6928e-06
5.9973e-06
6.11583e-06
6.11312e-06
6.11573e-06
6.07141e-06
6.08887e-06
6.11375e-06
6.09625e-06
6.11543e-06
6.08908e-06
6.09548e-06
6.12693e-06
6.07007e-06
6.07669e-06
6.09376e-06
6.11049e-06
6.04627e-06
6.06802e-06
6.08511e-06
6.09891e-06
6.14267e-06
6.41008e-06
6.14463e-06
0.00160847
6.08858e-06
6.10228e-06
6.10717e-06
6.07865e-06
6.06838e-06
6.10113e-06
6.09612e-06
6.10056e-06
6.07565e-06
6.07117e-06
6.10655e-06
6.08566e-06
6.10247e-06
6.09625e-06
6.06982e-06
6.08087e-06
6.12054e-06
6.07002e-06
6.10356e-06
6.45965e-06
6.0873e-06
6.07609e-06
6.1036e-06
6.07677e-06
8.48493e-05
6.11947e-06
6.10408e-06
6.07604e-06
6.10476e-06
6.10434e-06
6.10524e-06
6.10054e-06
6.10491e-06
6.13155e-06
6.07963e-06
6.06996e-06
6.07877e-06
6.09271e-06
6.07066e-06
6.08367e-06
6.08459e-06
6.12306e-06
6.10511e-06
2.07631e-06
6.23875e-06
6.11645e-06
6.1369e-06
6.0715e-06
6.1288e-06
6.10136e-06
6.09235e-06
1.24144e-05
6.08403e-06
6.13274e-06
6.14959e-06
6.0755e-06
6.09192e-06
6.08039e-06
6.08074e-06
6.07233e-06
0.000243079
6.10263e-06
0.000817585
6.08432e-06
6.0957e-06
6.07485e-06
4.37079e-06
6.07133e-06
6.09264e-06
6.11515e-06
6.09124e-06
6.07839e-06
6.09467e-06
6.06989e-06
6.14381e-06
6.12533e-06
6.08054e-06
6.08242e-06
6.06957e-06
6.10503e-06
6.12156e-06
6.49969e-06
6.08819e-06
6.07963e-06
9.14525e-06
6.09453e-06
6.1452e-06
6.11822e-06
6.07079e-06
6.08352e-06
6.07028e-06
6.0872e-06
6.10927e-06
6.07636e-06
6.08261e-06
6.07122e-06
6.09811e-06
6.0725e-06
6.11117e-06
6.07149e-06
6.08457e-06
6.07238e-06
6.11118e-06
6.07495e-06
6.09712e-06
6.08598e-06
6.13352e-06
0.000124065
6.08791e-06
6.06979e-06
6.099e-06
6.08958e-06
6.06993e-06
6.11536e-06
6.08406e-06
6.0702e-06
6.07058e-06
4.50011e-06
6.11757e-06
6.08757e-06
6.0781e-06
6.11033e-06
6.26996e-06
6.12909e-06
6.06966e-06
6.07e-06
6.15816e-06
6.09356e-06
7.06203e-06
6.08605e-06
6.07135e-06
6.06936e-06
6.12286e-06
6.10924e-06
6.10277e-06
6.08057e-06
6.07448e-06
6.12955e-06
6.22177e-06
6.0854e-06
6.06997e-06
6.0946e-06
6.09109e-06
6.06836e-06
6.10863e-06
6.07246e-06
6.08911e-06
6.15123e-06
6.07146e-06
6.40468e-06
6.07292e-06
5.776e-06
6.07527e-06
3.79414e-06
6.09023e-06
6.12907e-06
6.09882e-06
6.0826e-06
2.12335e-06
6.08677e-06
6.11012e-06
6.08373e-06
6.06974e-06
6.06984e-06
6.11575e-06
6.07099e-06
6.07657e-06
6.20448e-06
6.11367e-06
6.13528e-06
6.07912e-06
6.08522e-06
6.08811e-06
6.07095e-06
2.73076e-08
7.25264e-06
6.07725e-06
6.08477e-06
8.24527e-06
6.0772e-06
6.13384e-06
6.10686e-06
6.00416e-06
6.11082e-06
6.0854e-06
6.07165e-06
6.07008e-06
6.08882e-06
6.10062e-06
6.62417e-06
6.11875e-06
6.11544e-06
5.28676e-07
6.08856e-06
6.08144e-06
6.12703e-06
6.10866e-06
6.13235e-06
6.1335e-06
6.11483e-06
6.06913e-06
0.000175834
6.11e-06
6.0892e-06
6.13903e-06
6.08833e-06
6.09756e-06
6.1184e-06
6.07696e-06
6.1067e-06
6.12542e-06
6.08438e-06
6.08162e-06
6.14207e-06
6.09839e-06
6.11373e-06
6.10903e-06
6.13344e-06
6.13447e-06
6.12838e-06
6.10935e-06
6.50891e-06
6.08164e-06
6.1016e-06
6.14281e-06
6.0732e-06
6.11425e-06
6.09224e-06
6.74935e-08
6.06885e-06
6.0708e-06
6.07409e-06
6.11675e-06
6.13316e-06
6.12332e-06
2.78643e-06
6.11489e-06
6.12177e-06
1.72035e-06
5.90286e-06
6.11342e-06
6.10799e-06
6.11187e-06
6.1116e-06
6.074e-06
6.0949e-06
6.13253e-06
6.0865e-06
6.11784e-06
6.119e-06
6.10937e-06
6.11509e-06
6.07594e-06
6.08587e-06
6.08533e-06
6.09708e-06
6.0855e-06
1.2038e-05
4.41021e-06
6.11578e-06
6.12021e-06
8.01723e-06
6.06919e-06
6.13176e-06
6.10664e-06
6.06954e-06
6.13158e-06
6.0785e-06
6.14006e-06
6.10677e-06
6.11434e-06
6.09966e-06
6.11305e-06
6.11174e-06
6.08355e-06
6.13192e-06
6.95908e-06
6.07137e-06
6.08786e-06
6.1171e-06
6.08053e-06
6.11386e-06
6.11058e-06
6.09147e-06
6.1326e-06
6.10685e-06
6.08907e-06
6.15194e-06
6.1508e-06
6.11727e-06
6.13637e-06
5.33569e-06
6.16431e-06
6.12396e-06
6.1332e-06
1.68042e-10
6.1052e-06
6.09622e-06
6.08085e-06
6.09084e-06
6.11092e-06
6.0856e-06
6.0712e-06
6.11964e-06
6.08349e-06
6.12619e-06
7.08307e-06
8.38192e-06
4.68338e-06
6.13489e-06
6.0882e-06
6.30325e-06
6.08552e-06
6.08255e-06
2.63309e-07
0.000414654
6.16152e-06
6.07579e-06
6.08613e-06
6.09394e-06
6.10683e-06
6.08159e-06
6.13626e-06
6.09039e-06
6.11712e-06
0.000410937
6.08028e-06
6.06884e-06
6.07413e-06
6.08028e-06
6.15261e-06
6.1086e-06
1.64141e-06
6.08381e-06
6.11657e-06
6.13664e-06
6.09313e-06
6.10803e-06
6.12028e-06
6.0752e-06
6.10711e-06
6.2911e-06
6.08889e-06
6.08214e-06
7.44948e-06
6.12538e-06
6.07313e-06
6.07995e-06
6.0939e-06
6.10037e-06
6.10342e-06
6.10357e-06
6.07254e-06
6.0718e-06
6.08918e-06
6.07501e-06
6.1162e-06
6.07231e-06
3.10553e-06
6.13752e-06
6.10583e-06
6.11983e-06
6.13758e-06
6.1567e-06
6.15235e-06
6.06894e-06
6.10158e-06
6.0892e-06
6.1104e-06
6.0768e-06
6.12729e-06
6.09757e-06
6.114e-06
6.08333e-06
6.08117e-06
6.07559e-06
6.09299e-06
6.01054e-06
6.10513e-06
6.13986e-06
6.09667e-06
6.11201e-06
6.08828e-06
6.069e-06
6.06994e-06
6.07005e-06
6.11695e-06
6.14417e-06
6.07361e-06
1.38602e-06
9.76963e-06
6.13732e-06
6.1102e-06
6.08046e-06
6.13794e-06
6.07182e-06
6.13294e-06
6.09044e-06
6.07302e-06
6.11599e-06
6.11356e-06
6.08195e-06
6.10233e-06
6.13356e-06
6.14318e-06
6.1414e-06
6.08636e-06
6.07182e-06
6.08767e-06
6.06782e-06
6.08829e-06
6.08458e-06
6.07135e-06
6.10956e-06
6.09289e-06
6.10917e-06
3.49514e-07
6.08676e-06
6.11264e-06
6.0741e-06
6.13514e-06
6.07712e-06
6.07726e-06
6.13863e-06
6.07968e-06
5.117e-06
6.07199e-06
6.08893e-06
6.11023e-06
9.06275e-06
6.1193e-06
6.08888e-06
6.09593e-06
0.00215583
6.0759e-06
6.06921e-06
6.14801e-06
6.10207e-06
6.08772e-06
6.08878e-06
6.10158e-06
6.06894e-06
0.000524912
6.077e-06
3.6967e-08
6.30871e-06
6.41551e-06
6.10401e-06
6.07468e-06
6.07227e-06
6.09707e-06
6.09131e-06
6.08631e-06
6.39449e-06
6.08831e-06
6.10109e-06
6.07078e-06
6.10547e-06
6.14035e-06
0.000729007
6.10922e-06
6.10957e-06
6.07484e-06
6.0753e-06
6.09814e-06
6.09848e-06
6.09083e-06
6.11213e-06
6.07449e-06
6.07178e-06
6.07009e-06
6.09298e-06
6.07747e-06
6.07281e-06
6.11626e-06
6.08827e-06
6.30783e-06
6.08409e-06
6.12115e-06
6.12885e-06
6.07033e-06
6.08639e-06
0.000389619
6.06969e-06
6.7705e-06
6.11688e-06
6.11635e-06
6.09486e-06
6.11144e-06
6.09649e-06
6.10746e-06
6.1137e-06
6.1066e-06
6.11073e-06
6.07161e-06
6.14786e-06
6.07931e-06
6.12342e-06
6.11321e-06
6.08082e-06
6.09737e-06
6.09419e-06
6.09974e-06
6.07584e-06
6.07586e-06
6.0879e-06
6.14246e-06
6.14426e-06
6.13068e-06
6.09037e-06
6.06894e-06
5.8022e-06
6.31061e-06
6.10644e-06
6.08822e-06
6.1295e-06
6.11694e-06
6.11166e-06
6.07047e-06
6.06851e-06
6.10981e-06
6.12835e-06
6.13731e-06
6.16235e-06
6.09175e-06
6.10133e-06
6.14116e-06
6.1052e-06
6.45823e-06
6.12648e-06
2.01072e-11
6.06864e-06
6.10861e-06
6.08742e-06
6.4032e-06
6.07403e-06
6.13169e-06
6.11732e-06
5.92132e-06
6.06796e-06
6.09457e-06
6.44609e-06
6.1225e-06
6.11692e-06
6.07767e-06
6.08419e-06
6.07159e-06
6.08726e-06
6.12083e-06
6.12255e-06
6.21993e-06
6.07017e-06
6.07199e-06
6.07268e-06
6.10412e-06
6.07439e-06
6.09326e-06
1.00811e-06
6.08431e-06
6.07287e-06
6.07415e-06
6.11883e-06
6.11106e-06
6.14523e-06
6.08549e-06
6.09877e-06
6.10058e-06
6.07769e-06
0.000535092
6.07325e-06
6.14574e-06
6.07007e-06
6.07754e-06
6.06991e-06
6.07178e-06
6.11498e-06
6.07268e-06
6.07205e-06
1.57563e-06
6.08177e-06
6.10745e-06
6.12003e-06
6.0813e-06
6.08722e-06
6.09905e-06
6.07787e-06
6.10274e-06
6.12275e-06
6.08534e-06
4.76611e-06
1.80722e-09
5.5985e-07
6.11916e-06
6.11724e-06
6.0798e-06
6.07092e-06
6.09952e-06
6.13949e-06
8.31126e-06
6.09185e-06
6.14732e-06
6.07365e-06
6.07033e-06
6.0679e-06
5.3257e-06
6.13588e-06
6.06957e-06
6.264e-06
6.06812e-06
6.10317e-06
6.07024e-06
6.14947e-06
6.08118e-06
6.11486e-06
6.55814e-06
6.071e-06
6.0847e-06
6.0888e-06
6.11674e-06
6.11475e-06
6.08486e-06
6.08133e-06
7.27557e-06
6.06991e-06
6.08641e-06
6.0893e-06
6.06798e-06
6.14989e-06
6.09593e-06
6.07897e-06
6.0727e-06
6.07084e-06
6.10615e-06
6.11297e-06
6.13561e-06
6.11831e-06
6.10043e-06
6.09353e-06
6.08528e-06
9.53465e-06
6.44326e-06
6.44904e-06
6.07417e-06
6.08886e-06
6.09206e-06
0.000217295
6.07546e-06
6.07211e-06
6.09692e-06
7.28066e-06
2.76433e-06
6.10889e-06
6.06934e-06
6.11105e-06
6.09611e-06
0.00129487
6.07777e-06
6.12974e-06
6.07933e-06
6.10775e-06
6.14784e-06
6.07008e-06
0.000742881
6.10249e-06
6.11949e-06
6.08961e-06
6.13317e-06
6.11306e-06
6.09011e-06
6.07375e-06
0.000211252
6.11977e-06
6.11618e-06
0.000119667
6.1134e-06
6.07168e-06
6.11471e-06
6.10968e-06
6.11334e-06
6.11598e-06
6.08446e-06
6.07191e-06
6.14447e-06
6.10521e-06
0.0019099
6.08825e-06
6.08133e-06
6.09107e-06
6.09204e-06
6.08611e-06
6.07161e-06
6.10263e-06
6.12069e-06
6.07639e-06
6.10859e-06
0.000154352
6.07018e-06
6.13362e-06
6.07354e-06
7.35089e-06
6.0877e-06
6.09158e-06
6.14947e-06
6.14497e-06
6.10276e-06
6.13887e-06
6.1137e-06
6.11213e-06
6.60788e-06
6.09587e-06
6.33715e-06
6.11688e-06
5.88141e-06
6.07031e-06
6.07082e-06
0.00132754
6.11126e-06
6.07988e-06
6.0901e-06
6.0959e-06
6.08278e-06
6.13461e-06
6.10731e-06
6.14593e-06
6.08947e-06
6.11068e-06
6.07187e-06
6.07909e-06
6.07852e-06
6.10615e-06
6.09743e-06
6.08709e-06
0.00018498
5.56036e-06
6.1077e-06
6.0918e-06
6.12831e-06
6.0976e-06
6.07161e-06
6.09687e-06
6.14472e-06
6.07087e-06
6.06802e-06
6.16329e-06
6.07682e-06
6.10499e-06
6.09059e-06
6.06928e-06
6.09017e-06
6.11634e-06
6.08597e-06
6.09035e-06
6.10037e-06
6.37252e-06
6.07193e-06
6.0708e-06
6.12671e-06
6.09017e-06
7.71941e-06
6.10948e-06
6.07026e-06
6.07804e-06
6.0716e-06
6.08445e-06
6.08615e-06
6.09941e-06
0.000236474
3.01462e-06
6.13498e-06
6.13421e-06
6.11183e-06
6.07251e-06
6.07718e-06
6.07099e-06
6.07634e-06
6.08895e-06
6.07681e-06
6.10939e-06
6.07159e-06
6.07105e-06
6.08201e-06
8.84738e-05
6.07151e-06
6.07253e-06
2.51705e-09
6.07107e-06
6.13568e-06
6.11883e-06
6.10419e-06
6.09504e-06
6.11565e-06
0.00206493
6.08945e-06
6.07076e-06
6.07879e-06
6.06791e-06
6.06968e-06
6.07961e-06
6.08707e-06
6.07364e-06
6.11998e-06
6.09569e-06
6.0727e-06
6.10261e-06
6.06915e-06
6.12213e-06
6.14185e-06
6.15568e-06
6.09844e-06
6.08533e-06
6.07143e-06
6.12932e-06
6.09346e-06
6.23406e-06
6.21989e-06
0.000377281
6.07672e-06
6.07128e-06
6.07498e-06
6.07553e-06
6.07109e-06
6.08699e-06
6.10676e-06
6.07041e-06
6.09747e-06
6.15256e-06
6.12601e-06
6.40646e-06
6.09037e-06
6.07245e-06
6.11372e-06
6.0923e-06
6.08589e-06
0.000107142
0.000152813
6.07272e-06
6.10578e-06
6.16394e-06
6.12894e-06
6.12918e-06
6.11937e-06
6.11139e-06
6.10749e-06
6.08014e-06
6.07375e-06
6.09146e-06
0.0011416
6.46508e-06
6.06939e-06
6.11701e-06
6.07215e-06
6.10208e-06
6.12031e-06
6.07468e-06
6.18092e-06
6.08998e-06
6.0713e-06
6.07802e-06
6.12962e-06
6.08329e-06
6.11744e-06
6.09068e-06
6.418e-06
6.07087e-06
6.12661e-06
5.14282e-08
6.10547e-06
6.08569e-06
6.10086e-06
6.06976e-06
6.16516e-06
6.19375e-06
6.08295e-06
6.08197e-06
6.08641e-06
2.41705e-05
6.08862e-06
6.14066e-06
6.14587e-06
6.09217e-06
6.07329e-06
6.07443e-06
6.08675e-06
6.10989e-06
6.45869e-06
5.88484e-06
6.09009e-06
0.000478418
6.08579e-06
6.15855e-06
6.14284e-06
6.07247e-06
6.08912e-06
6.10013e-06
6.15929e-06
6.06955e-06
6.14655e-06
6.08236e-06
6.07811e-06
6.07007e-06
6.10696e-06
6.11189e-06
6.0805e-06
6.07712e-06
6.10282e-06
6.09922e-06
7.82673e-06
6.11133e-06
6.12119e-06
6.1205e-06
6.07327e-06
6.08939e-06
6.09113e-06
6.11426e-06
6.07654e-06
7.03369e-06
6.07276e-06
6.09263e-06
6.14563e-06
6.11024e-06
6.26232e-06
6.08752e-06
6.07301e-06
6.07816e-06
6.08645e-06
0.000183318
6.08873e-06
6.14856e-06
6.09879e-06
6.11315e-06
6.0852e-06
6.13755e-06
6.11464e-06
6.12323e-06
6.09934e-06
6.08383e-06
6.06814e-06
6.09887e-06
6.12165e-06
3.11499e-07
6.1257e-06
0.000514889
6.06956e-06
6.12369e-06
6.08848e-06
6.07665e-06
6.06803e-06
6.13944e-06
1.35518e-09
1.50097e-05
6.08377e-06
6.07005e-06
6.06853e-06
6.07114e-06
3.76762e-08
6.07164e-06
6.10591e-06
6.0884e-06
6.14618e-06
6.0882e-06
6.076e-06
6.08809e-06
6.07925e-06
0.000488141
6.06927e-06
6.10982e-06
6.10942e-06
6.11403e-06
6.1178e-06
6.10997e-06
9.56189e-06
6.11155e-06
6.12717e-06
5.94229e-06
8.85366e-06
7.82934e-05
6.10727e-06
0.00108083
6.10157e-06
5.49732e-06
6.08158e-06
6.09069e-06
6.17042e-06
6.08658e-06
6.07644e-06
6.11074e-06
6.07232e-06
6.07951e-06
6.1512e-06
6.12872e-06
6.10991e-06
6.06816e-06
6.07975e-06
6.06808e-06
6.08756e-06
6.10278e-06
0.000528047
5.8692e-06
6.08084e-06
6.10963e-06
6.1014e-06
5.9862e-06
6.22251e-06
6.09546e-06
6.0678e-06
6.07943e-06
6.07186e-06
6.08859e-06
6.09562e-06
6.08328e-06
5.66912e-06
6.11372e-06
6.10472e-06
6.15073e-06
6.07256e-06
6.08223e-06
6.12452e-06
6.10442e-06
0.000138948
6.13246e-06
6.07032e-06
6.09148e-06
6.06965e-06
6.43233e-06
1.06733e-05
6.07883e-06
6.07941e-06
6.1147e-06
6.13109e-06
6.08757e-06
6.09463e-06
6.12898e-06
7.10206e-06
6.07462e-06
6.38521e-05
6.07422e-06
6.10227e-06
6.07002e-06
6.14004e-06
6.10817e-06
6.10963e-06
6.14078e-06
6.08749e-06
6.08725e-06
6.22589e-06
5.98131e-05
6.08753e-06
6.60178e-06
6.07569e-06
6.07112e-06
6.07079e-06
5.85034e-06
6.12782e-06
6.09152e-06
6.09149e-06
6.09112e-06
6.07231e-06
6.07728e-06
6.08406e-06
0.000518828
6.13448e-06
6.07964e-06
6.11155e-06
6.07181e-06
6.10751e-06
6.10665e-06
6.09045e-06
6.11349e-06
6.06981e-06
6.0958e-06
6.10981e-06
9.77952e-05
6.10988e-06
8.18891e-05
6.08726e-06
6.0887e-06
6.07434e-06
6.24577e-06
6.0892e-06
6.10377e-06
6.11021e-06
6.07403e-06
6.1128e-06
6.12681e-06
6.09649e-06
5.69872e-05
6.13321e-06
6.0758e-06
6.08009e-06
6.11686e-06
6.10732e-06
6.08294e-06
6.0683e-06
6.1107e-06
5.88083e-06
6.12619e-06
6.0787e-06
6.08862e-06
6.08615e-06
6.10326e-06
6.10517e-06
6.09958e-06
6.07265e-06
6.08069e-06
5.93032e-06
6.07556e-06
6.19006e-06
6.07628e-06
6.07484e-06
6.06859e-06
6.10601e-06
7.53941e-06
6.08339e-06
6.12106e-06
6.08609e-06
7.98591e-05
6.08494e-06
6.12686e-06
6.10629e-06
6.07387e-06
0.0013687
6.10835e-06
6.12686e-06
6.08236e-06
6.07074e-06
6.077e-06
6.06887e-06
6.12885e-06
6.15578e-06
6.08934e-06
6.08844e-06
6.07142e-06
6.12577e-06
6.12767e-06
6.12089e-06
0.00222467
6.11625e-06
6.06975e-06
6.07956e-06
6.08415e-06
4.3714e-07
6.11074e-06
6.08221e-06
6.16065e-06
6.33749e-06
6.09993e-06
6.17513e-06
6.08849e-06
6.0794e-06
6.1219e-06
6.1138e-06
6.11302e-06
6.09747e-06
6.10568e-06
6.15466e-06
3.14662e-06
6.11383e-06
6.11941e-06
6.09108e-06
6.09382e-06
6.06976e-06
6.08111e-06
7.30553e-06
0.000665721
6.13317e-06
6.14401e-06
6.11211e-06
6.09481e-06
6.14743e-06
6.07265e-06
6.07337e-06
6.1121e-06
6.07064e-06
6.10012e-06
7.13321e-06
6.13804e-06
6.07051e-06
6.08472e-06
6.0692e-06
7.50394e-10
6.08665e-06
1.19066e-06
6.10868e-06
6.09237e-06
6.0698e-06
6.07776e-06
6.11391e-06
6.0795e-06
6.11435e-06
6.09931e-06
6.10937e-06
6.07533e-06
6.83701e-06
6.09431e-06
6.06987e-06
6.11312e-06
6.09636e-06
6.11028e-06
6.09497e-06
6.07059e-06
6.07033e-06
6.08915e-06
6.09288e-06
6.07352e-06
6.08506e-06
6.10992e-06
1.18399e-06
6.12156e-06
0.000955143
6.10105e-06
6.07035e-06
6.12198e-06
6.08708e-06
6.1123e-06
6.07408e-06
6.08614e-06
6.07113e-06
6.09916e-06
6.07657e-06
6.10062e-06
6.07949e-06
6.0861e-06
0.00140272
6.08296e-06
0.00179392
6.07074e-06
6.08119e-06
6.12778e-06
6.09077e-06
6.1018e-06
0.00128046
6.07247e-06
6.08208e-06
6.11343e-06
6.07904e-06
6.09183e-06
6.08986e-06
6.10461e-06
6.09055e-06
6.10451e-06
6.11288e-06
6.08423e-06
5.21553e-05
6.08418e-06
6.0973e-06
2.62252e-06
6.0694e-06
6.07422e-06
6.11372e-06
6.07703e-06
6.07376e-06
6.07413e-06
6.0711e-06
5.08467e-06
6.09927e-06
6.09886e-06
6.12696e-06
6.087e-06
6.12732e-06
6.10345e-06
6.08861e-06
6.1126e-06
6.09283e-06
6.07717e-06
6.10727e-06
6.12197e-06
6.09893e-06
6.07242e-06
6.09822e-06
6.0795e-06
6.12727e-06
6.08918e-06
6.10763e-06
6.21323e-06
6.07166e-06
6.08066e-06
6.07159e-06
6.09517e-06
6.07295e-06
6.09622e-06
6.09051e-06
9.09034e-06
6.08582e-06
6.09042e-06
6.07005e-06
6.10875e-06
6.04095e-06
6.53906e-06
6.41115e-06
6.08008e-06
6.10045e-06
0.000647258
6.07017e-06
7.58198e-05
6.07045e-06
6.06973e-06
6.10041e-06
6.09582e-06
6.08849e-06
6.07133e-06
6.10353e-06
6.11685e-06
0.00164639
5.98106e-06
6.07117e-06
6.07492e-06
6.1183e-06
6.86849e-09
6.15101e-06
6.10065e-06
6.12371e-06
6.07073e-06
6.11626e-06
6.08525e-06
6.06116e-06
0.00174186
6.07614e-06
6.09181e-06
6.09296e-06
5.54212e-06
6.11233e-06
6.09878e-06
6.11146e-06
6.11294e-06
6.10035e-06
6.06925e-06
6.08618e-06
6.08986e-06
0.000159534
6.08667e-06
6.09656e-06
6.10016e-06
6.26467e-06
6.14716e-06
6.09638e-06
6.12672e-06
6.07987e-06
6.28328e-06
6.12272e-06
6.07369e-06
6.08773e-06
6.09398e-06
6.11554e-06
7.65833e-06
6.09957e-06
6.08501e-06
6.09036e-06
6.0724e-06
5.82639e-06
6.09987e-06
6.07117e-06
6.07011e-06
6.08468e-06
6.13916e-06
6.12928e-06
6.12124e-06
6.14514e-06
6.114e-06
6.10752e-06
2.55803e-07
0.000330931
6.07043e-06
6.08391e-06
6.06943e-06
6.08999e-06
6.07157e-06
6.10991e-06
6.09634e-06
6.10468e-06
6.11895e-06
6.11649e-06
6.11252e-06
6.20515e-06
6.37758e-06
0.000167831
6.06795e-06
6.31273e-06
6.141e-06
6.06972e-06
6.14272e-06
6.07495e-06
6.08385e-06
6.15195e-06
6.41045e-06
6.35691e-06
6.06958e-06
6.46139e-06
6.06875e-06
6.06982e-06
6.06838e-06
6.09675e-06
6.09119e-06
0.00206508
6.08414e-06
6.07007e-06
6.13361e-06
6.10538e-06
6.09363e-06
6.09958e-06
6.07728e-06
6.0698e-06
6.13935e-06
6.07578e-06
6.38768e-06
6.1641e-06
6.07457e-06
6.12556e-06
6.08755e-06
6.06136e-06
6.09265e-06
6.09888e-06
6.09228e-06
6.1253e-06
6.1372e-06
6.11221e-06
6.10574e-06
6.08913e-06
6.12253e-06
6.07417e-06
6.07677e-06
6.10729e-06
6.0947e-06
6.08918e-06
6.12434e-06
6.14261e-06
6.07569e-06
6.1437e-06
5.85345e-06
6.06813e-06
6.07218e-06
6.10605e-06
6.06953e-06
6.06915e-06
6.09449e-06
6.09165e-06
5.82585e-06
0.000362228
4.53379e-06
6.07415e-06
6.11281e-06
6.07041e-06
0.000841744
6.11916e-06
5.01864e-06
0.000713291
6.10928e-06
6.0791e-06
6.09174e-06
6.08436e-06
6.09311e-06
5.89268e-06
0.000324405
6.14351e-06
6.15692e-06
0.000282835
0.000788076
6.08992e-06
2.58066e-06
6.12784e-06
6.09262e-06
6.06934e-06
6.09781e-06
6.12015e-06
0.00202121
6.10208e-06
6.14224e-06
6.08715e-06
6.07309e-06
6.13921e-06
6.08447e-06
6.42304e-06
6.11409e-06
6.1864e-06
6.07114e-06
6.144e-06
6.06846e-06
6.10137e-06
6.18452e-06
6.10997e-06
0.000176266
6.12302e-06
6.42913e-06
6.09696e-06
6.10757e-06
6.27623e-06
6.09121e-06
6.14041e-06
4.61072e-05
6.1163e-06
6.10774e-06
6.95352e-06
0.00011419
6.15097e-06
6.07168e-06
0.000727486
6.29013e-06
6.08932e-06
6.0814e-06
6.09041e-06
6.10936e-06
6.08289e-06
4.83733e-06
6.51904e-06
6.07432e-06
6.10018e-06
6.0988e-06
6.06946e-06
6.02385e-06
6.07435e-06
5.84263e-07
6.07386e-06
6.10906e-06
6.10414e-06
6.10814e-06
0.000136393
6.14056e-06
6.07863e-06
6.11664e-06
0.000791118
6.08593e-06
6.06876e-06
5.91832e-06
6.11912e-06
6.09378e-06
6.14109e-06
6.09196e-06
6.13724e-06
6.19824e-08
6.59495e-06
6.09731e-06
6.07251e-06
6.0864e-06
1.12071e-05
6.13154e-06
6.08384e-06
0.000284498
0.000302293
6.11018e-06
6.09935e-06
6.50346e-06
6.06947e-06
3.60299e-10
6.07136e-06
6.13055e-06
6.08844e-06
6.06838e-06
6.13533e-06
6.12936e-06
6.08721e-06
6.10418e-06
6.13031e-06
6.09546e-06
6.14821e-06
6.09137e-06
6.13347e-06
6.28284e-06
6.1108e-06
5.87684e-06
6.09939e-06
6.08681e-06
0.000129925
6.1269e-06
6.09391e-06
0.000160026
5.2998e-07
6.1437e-06
6.10741e-06
6.07142e-06
6.07162e-06
6.11407e-06
6.08344e-06
6.72992e-06
6.07048e-06
6.29315e-06
6.08118e-06
6.07583e-06
6.11291e-06
6.07521e-06
6.14214e-06
6.08823e-06
6.06978e-06
6.09328e-06
6.15834e-06
6.11082e-06
6.0811e-06
6.14145e-06
6.15184e-06
6.42716e-06
0.000262479
6.09536e-06
6.07013e-06
6.08937e-06
6.12782e-06
6.08745e-06
6.14041e-06
6.11985e-06
6.10933e-06
6.11605e-06
6.44241e-06
6.11567e-06
6.07323e-06
6.07759e-06
6.11337e-06
6.1131e-06
0.00206321
6.08879e-06
6.11362e-06
6.11859e-06
6.10652e-06
6.129e-06
7.07101e-09
4.6038e-07
6.0792e-06
6.10134e-06
6.07166e-06
6.06878e-06
6.10081e-06
6.09795e-06
6.0827e-06
6.07094e-06
6.09895e-06
6.09599e-06
4.66387e-06
6.09623e-06
6.04109e-06
6.09818e-06
3.81794e-05
6.09538e-06
6.11325e-06
6.08448e-06
6.08249e-06
6.08786e-06
8.65646e-09
6.09158e-06
6.07521e-06
6.10992e-06
6.09914e-06
6.12179e-06
5.437e-09
6.08227e-06
6.13265e-06
6.07168e-06
6.08158e-06
6.06856e-06
6.07007e-06
6.07669e-06
6.0849e-06
6.38957e-06
9.42664e-06
6.06903e-06
8.80844e-05
6.07435e-06
6.0868e-06
6.06898e-06
6.10762e-06
6.07972e-06
6.11497e-06
6.10124e-06
6.07428e-06
6.11581e-06
3.95989e-05
6.07998e-06
2.88118e-08
6.09555e-06
0.000246888
6.06951e-06
6.10285e-06
6.07137e-06
6.14266e-06
6.11478e-06
6.07122e-06
6.10398e-06
6.07073e-06
6.11664e-06
6.0789e-06
6.42135e-06
6.07043e-06
6.0849e-06
6.08936e-06
6.11912e-06
6.06872e-06
6.10393e-06
6.14714e-06
6.07582e-06
6.10421e-06
0.000195982
6.14435e-06
6.10455e-06
6.07897e-06
6.07969e-06
6.11401e-06
5.29817e-06
0.000345213
6.1052e-06
6.10489e-06
6.10943e-06
6.10646e-06
6.13045e-06
6.07969e-06
6.11673e-06
6.79726e-06
6.63515e-06
6.07131e-06
6.11279e-06
6.10538e-06
6.10253e-06
6.08727e-06
7.39567e-06
6.09385e-06
6.07986e-06
6.06918e-06
6.08383e-06
6.10108e-06
1.86049e-07
6.11435e-06
6.92698e-06
6.10645e-06
6.09195e-06
6.08574e-06
6.08764e-06
6.112e-06
6.07016e-06
6.07466e-06
6.07222e-06
6.07341e-06
6.45025e-06
0.00156604
6.11717e-06
6.11869e-06
6.07007e-06
1.97986e-06
2.32788e-06
6.14937e-06
6.08791e-06
6.0713e-06
6.09275e-06
6.10978e-06
6.06801e-06
6.42923e-06
6.08096e-06
6.11412e-06
6.31964e-06
6.10167e-06
6.07099e-06
6.56109e-06
6.11746e-06
6.12938e-06
6.07083e-06
6.12724e-06
6.09876e-06
6.0403e-06
6.07928e-06
6.08934e-06
6.10097e-06
6.11284e-06
6.36437e-06
6.07065e-06
0.000112583
6.12888e-06
6.45517e-06
5.52715e-06
6.12107e-06
6.08254e-06
6.07656e-06
6.0719e-06
6.11441e-06
6.07977e-06
6.11673e-06
6.07858e-06
6.08551e-06
8.76865e-06
6.10426e-06
6.07988e-06
0.000103729
6.11393e-06
6.05909e-06
6.09829e-06
6.09349e-06
6.08369e-06
6.08949e-06
6.08984e-06
6.07286e-06
6.06989e-06
6.09685e-06
6.06961e-06
6.10451e-06
6.08379e-06
6.07453e-06
6.11776e-06
6.0866e-06
6.08495e-06
6.12764e-06
6.07078e-06
6.09519e-06
5.85917e-06
6.08608e-06
6.08602e-06
6.07273e-06
6.07098e-06
6.08783e-06
6.58806e-06
0.00135787
6.12936e-06
6.08849e-06
7.30718e-05
0.00199568
0.00147806
6.07024e-06
7.05561e-06
0.000238424
6.07139e-06
6.08685e-06
6.0986e-06
6.09807e-06
6.08347e-06
6.07502e-06
6.08667e-06
6.09929e-06
6.09166e-06
6.14289e-06
6.10599e-06
6.07115e-06
6.11417e-06
6.10267e-06
6.07966e-06
6.085e-06
6.06903e-06
6.52079e-06
6.12229e-06
6.81891e-06
6.10738e-06
6.09062e-06
6.11977e-06
6.08268e-06
6.08289e-06
6.07222e-06
6.13055e-06
6.10886e-06
6.14867e-06
6.08459e-06
6.08849e-06
6.14686e-06
6.10652e-06
6.09244e-06
6.08841e-06
6.64e-06
0.00123768
6.06988e-06
6.07802e-06
6.11664e-06
6.06251e-06
6.09724e-06
6.13065e-06
6.08954e-06
6.08684e-06
0.000471703
6.10359e-06
6.08958e-06
6.06954e-06
5.90424e-06
6.07268e-06
6.10865e-06
6.069e-06
6.09085e-06
6.08892e-06
6.14711e-06
6.12111e-06
6.1335e-06
7.38538e-05
6.08269e-06
6.07724e-06
6.06829e-06
6.09965e-06
6.07095e-06
6.07028e-06
6.09187e-06
6.66791e-06
6.10379e-06
6.121e-06
6.12052e-06
6.65196e-06
6.06777e-06
6.13119e-06
8.29307e-05
6.10369e-06
6.10895e-06
6.07971e-06
5.82687e-06
6.08799e-06
6.08558e-06
6.4069e-06
6.10844e-06
6.12437e-06
6.07459e-06
6.08604e-06
6.13215e-06
6.07222e-06
6.07651e-06
6.09697e-06
6.0711e-06
6.09126e-06
6.46108e-06
5.99666e-06
6.11387e-06
6.11079e-06
6.07628e-06
6.11412e-06
6.0733e-06
6.0962e-06
6.38792e-06
9.67491e-05
6.08282e-06
6.07264e-06
6.0902e-06
6.07515e-06
6.08277e-06
6.08753e-06
6.0923e-06
6.12291e-06
3.77267e-10
0.000611128
6.39512e-06
1.69991e-06
6.11983e-06
6.09013e-06
6.08336e-06
5.80795e-06
6.14033e-06
6.10331e-06
6.98228e-06
6.09202e-06
6.07465e-06
6.16313e-06
6.13316e-06
6.10886e-06
6.09057e-06
0.00098304
6.11082e-06
5.85691e-06
6.13176e-06
6.08693e-06
6.08325e-06
6.10425e-06
6.13608e-06
6.11616e-06
6.08869e-06
6.10622e-06
6.08829e-06
0.000471842
6.0674e-06
1.59774e-08
6.094e-06
6.08976e-06
6.12217e-06
6.08976e-06
6.07199e-06
6.0795e-06
6.13324e-06
6.33249e-06
6.07974e-06
6.10803e-06
6.13944e-06
6.10818e-06
6.10029e-06
6.08899e-06
6.11603e-06
6.10929e-06
6.12131e-06
6.09731e-06
6.13294e-06
5.32816e-05
6.10241e-06
6.63108e-06
6.09732e-06
6.13298e-06
6.12192e-06
2.85564e-06
6.11168e-06
6.09354e-06
6.38648e-06
6.09796e-06
6.37892e-06
6.10627e-06
6.43849e-06
0.00085888
1.89905e-07
6.13002e-06
6.10822e-06
6.71396e-06
6.09778e-06
6.09845e-06
6.09896e-06
6.34771e-06
6.11744e-06
6.10413e-06
6.13628e-06
6.13386e-06
6.07211e-06
6.09617e-06
6.09477e-06
6.13291e-06
6.11197e-06
6.08495e-06
7.30991e-05
6.13251e-06
6.0822e-06
6.07048e-06
6.09798e-06
6.13489e-06
6.10879e-06
6.19276e-06
6.28458e-06
6.10232e-06
6.09681e-06
6.11012e-06
6.13229e-06
6.07174e-06
6.09084e-06
6.10903e-06
6.08273e-06
6.10917e-06
6.11669e-06
0.000146362
6.1011e-06
6.0935e-06
6.0905e-06
6.09064e-06
6.51204e-06
6.06855e-06
6.12705e-06
6.07026e-06
3.59372e-08
6.08638e-06
6.41534e-06
9.54261e-07
6.11096e-06
6.13176e-06
6.09903e-06
6.09659e-06
6.14379e-06
6.0964e-06
6.08854e-06
6.88092e-06
6.08894e-06
6.10741e-06
4.94618e-07
6.07043e-06
6.07473e-06
6.06865e-06
3.32594e-06
6.08432e-06
6.06737e-06
6.11108e-06
6.11487e-06
6.0801e-06
6.32386e-06
6.08624e-06
6.10262e-06
6.09679e-06
6.06788e-06
6.07453e-06
6.13177e-06
6.12672e-06
6.07157e-06
6.10696e-06
6.09633e-06
6.06839e-06
6.11766e-06
6.15435e-06
6.07925e-06
6.11019e-06
6.07262e-06
6.12146e-06
3.37228e-06
6.07612e-06
6.39958e-06
6.09368e-06
6.10396e-06
6.11262e-06
6.14332e-06
6.10331e-06
6.11649e-06
6.12092e-06
6.12273e-06
6.0742e-06
6.13081e-06
6.1151e-06
6.09389e-06
6.11299e-06
6.13218e-06
6.12584e-06
6.05725e-06
6.08621e-06
6.122e-06
6.15266e-06
6.63005e-06
3.48808e-06
0.000330935
6.0813e-06
6.07873e-06
6.08692e-06
6.0831e-06
6.14009e-06
6.06889e-06
6.13263e-06
6.10859e-06
6.069e-06
6.09303e-06
6.08177e-06
6.07099e-06
6.08748e-06
6.12969e-06
6.12046e-06
6.07006e-06
6.14e-06
6.10727e-06
6.10757e-06
6.13355e-06
6.13391e-06
6.64354e-06
6.08254e-06
6.07342e-06
6.08739e-06
6.08825e-06
6.07595e-06
6.12642e-06
6.12632e-06
6.33997e-06
5.4532e-06
0.00186944
6.07581e-06
6.07035e-06
6.11948e-06
6.08939e-06
6.12688e-06
6.12334e-06
6.13451e-06
6.15793e-06
6.43826e-06
6.08748e-06
4.81164e-06
6.15399e-06
6.06806e-06
6.08096e-06
6.09889e-06
6.0655e-06
6.08631e-06
6.14455e-06
6.08983e-06
6.08601e-06
6.13561e-06
6.07396e-06
6.41038e-06
6.11414e-06
6.10553e-06
6.06825e-06
6.10057e-06
6.06976e-06
6.13332e-06
5.7138e-06
6.08268e-06
6.10979e-06
6.09195e-06
6.07755e-06
6.11346e-06
6.105e-06
6.08636e-06
6.12537e-06
6.12491e-06
6.36294e-06
6.07141e-06
6.07522e-06
6.07335e-06
6.13543e-06
6.4124e-05
6.06825e-06
6.13667e-06
6.07158e-06
6.06839e-06
9.41373e-06
6.09999e-06
0.000642929
6.10274e-06
9.3261e-06
8.22391e-06
6.0685e-06
0.000339481
6.10505e-06
6.09491e-06
6.12521e-06
6.87174e-06
6.15357e-06
6.07422e-06
6.43415e-06
6.10236e-06
6.09669e-06
6.07798e-06
6.76923e-06
6.08076e-06
6.0679e-06
6.14846e-06
6.69942e-06
6.073e-06
1.01175e-05
6.11415e-06
6.14073e-06
6.11893e-06
5.90521e-06
6.12142e-06
6.06883e-06
6.39872e-06
6.15461e-06
6.33983e-06
6.08774e-06
6.1118e-06
5.95822e-06
6.07023e-06
6.11188e-06
6.13797e-06
6.10347e-06
6.12581e-06
6.07092e-06
6.92008e-06
6.07114e-06
6.08254e-06
6.12441e-06
1.0599e-05
6.07721e-06
6.11839e-06
4.2289e-06
1.54509e-06
6.09406e-06
6.13758e-06
1.88337e-08
6.98254e-06
0.00117102
6.08009e-06
6.1268e-06
1.91218e-05
6.11334e-06
6.08734e-06
6.0919e-06
6.07112e-06
6.07239e-06
0.000378552
2.43412e-06
6.09865e-06
6.08794e-06
6.07803e-06
0.00119018
6.10901e-06
6.08636e-06
6.08393e-06
6.08758e-06
7.03564e-06
6.04451e-06
6.14811e-06
6.11572e-06
8.23187e-06
6.1244e-06
6.0995e-06
6.09923e-06
6.09502e-06
6.09797e-06
6.0729e-06
6.1436e-06
7.26424e-06
6.10381e-06
6.11411e-06
6.10974e-06
6.12132e-06
6.08315e-06
6.38593e-06
6.11695e-06
6.1188e-06
6.07366e-06
2.1563e-05
6.10981e-06
6.10925e-06
6.0996e-06
6.11665e-06
6.0872e-06
6.11346e-06
6.08505e-06
6.7534e-06
1.2042e-06
6.1309e-06
6.08922e-06
7.06447e-06
6.07533e-06
6.07034e-06
5.44926e-06
6.10047e-06
7.57998e-05
6.49692e-06
6.16072e-06
2.17762e-06
6.094e-06
3.82452e-05
6.14688e-06
6.09332e-06
6.11668e-06
6.11933e-06
6.06945e-06
5.56995e-06
6.07447e-06
3.55454e-06
7.13741e-06
6.10879e-06
6.10936e-06
6.10925e-06
4.55102e-05
6.09594e-06
0.000325421
6.08904e-06
6.79938e-06
6.11204e-06
6.09168e-06
6.09217e-06
6.0696e-06
0.00116918
6.11464e-06
6.08896e-06
6.49783e-06
6.12167e-06
6.11838e-06
6.07231e-06
7.1233e-06
6.07117e-06
6.11953e-06
6.08821e-06
0.00177027
6.10618e-06
6.09689e-06
6.10369e-06
6.1357e-06
6.10438e-06
2.27556e-05
0.00151704
6.11252e-06
0.000169017
6.84993e-06
6.12035e-06
9.76866e-06
0.00176618
6.08278e-06
6.11912e-06
6.09081e-06
6.15626e-06
6.23512e-06
6.09067e-06
6.08054e-06
6.13403e-06
6.54522e-06
6.48383e-06
6.10879e-06
6.08119e-06
7.65899e-06
6.07484e-06
6.08627e-06
6.11128e-06
6.12992e-06
6.07785e-06
6.89573e-06
6.07168e-06
6.08645e-06
6.08717e-06
6.09739e-06
0.000366304
6.08626e-06
7.10214e-06
0.000894885
6.08198e-06
0.000486642
6.12155e-06
6.11906e-06
0.000844427
8.89189e-06
6.11552e-06
0.000570729
6.08719e-06
6.09071e-06
6.09136e-06
6.09193e-06
6.11474e-06
6.07418e-06
6.07168e-06
6.54811e-06
6.61945e-06
2.37623e-06
9.4618e-06
6.07944e-06
2.56616e-05
6.08214e-06
6.08507e-06
6.10114e-06
6.09424e-06
6.07687e-06
6.08836e-06
6.09267e-06
6.09259e-06
1.04517e-06
6.6337e-06
6.0763e-06
6.08944e-06
6.09063e-06
6.07123e-06
6.1011e-06
6.13989e-06
7.00807e-06
6.06965e-06
6.39594e-06
6.107e-06
6.11441e-06
1.8491e-08
3.08102e-10
6.08952e-06
6.12842e-06
6.11926e-06
6.12164e-06
6.09752e-06
6.09613e-06
6.64168e-06
6.09672e-06
6.07853e-06
6.08889e-06
6.09484e-06
6.09461e-06
6.40093e-06
7.05664e-06
6.08554e-06
6.4306e-06
6.31508e-06
6.38347e-06
7.93418e-06
6.13655e-06
6.07067e-06
6.17077e-06
6.24558e-06
6.06854e-06
6.84067e-06
6.1193e-06
6.09123e-06
6.09089e-06
7.13095e-06
0.000659372
6.11214e-06
3.41029e-11
6.11406e-06
6.11203e-06
5.27968e-12
2.45614e-06
6.07586e-06
6.0882e-06
6.10863e-06
6.11585e-06
6.08573e-06
6.08482e-06
6.45686e-06
6.12486e-06
6.14742e-06
7.12769e-06
6.08048e-06
6.13771e-06
6.10821e-06
6.1116e-06
6.11562e-06
6.12469e-06
2.62827e-06
5.26947e-06
6.40755e-06
6.11788e-06
6.09553e-06
6.13334e-06
7.12362e-06
6.14745e-06
6.0882e-06
6.07144e-06
6.23723e-05
6.06955e-06
6.10712e-06
6.10735e-06
5.56606e-06
6.45514e-06
6.14257e-06
6.08997e-06
6.10203e-06
6.12612e-06
6.08706e-06
6.12443e-06
6.07327e-06
6.14188e-06
6.10739e-06
6.11896e-06
6.14371e-06
6.07006e-06
7.33857e-06
6.11976e-06
6.12818e-06
6.11169e-06
6.0889e-06
1.85322e-08
0.000349214
6.0857e-06
6.07223e-06
6.10178e-06
0.000401156
6.1469e-06
6.0875e-06
8.11936e-06
6.11735e-06
6.10392e-06
6.09043e-06
0.000172846
6.13182e-06
6.09069e-06
8.28709e-06
4.03076e-06
0.00016422
1.20455e-05
6.07452e-06
0.000213878
6.07479e-06
6.10943e-06
6.11712e-06
6.10187e-06
1.96142e-06
6.09672e-06
0.000190941
6.55553e-06
7.44862e-06
6.13761e-06
6.13735e-06
0.000256309
6.11515e-06
0.000524494
6.13932e-06
6.0692e-06
6.12714e-06
6.12773e-06
0.000631281
1.93942e-05
8.07979e-06
6.09939e-06
6.10456e-06
6.09974e-06
0.00172809
0.00188851
6.09954e-06
6.08383e-06
6.14362e-06
0.000433861
6.07993e-06
6.31993e-06
6.13954e-06
6.07145e-06
6.11391e-06
6.13369e-06
6.06821e-06
6.19699e-06
1.13365e-06
0.000634596
6.08813e-06
7.07348e-06
6.07292e-06
0.00121422
0.000767034
0.00115304
6.10961e-06
0.000681119
4.00842e-06
0.00089771
6.09148e-06
6.07141e-06
6.0992e-06
6.11963e-06
6.10782e-06
3.4377e-05
6.1042e-06
6.11125e-06
6.11263e-06
6.07354e-06
6.11965e-06
6.08026e-06
6.08434e-06
0.0011423
7.3377e-06
6.08713e-06
6.12407e-06
6.08997e-06
6.09263e-06
3.80559e-06
6.1137e-06
6.13336e-06
4.67987e-06
6.09302e-06
7.52996e-05
6.12797e-06
6.09005e-06
6.08977e-06
6.14086e-06
6.07093e-06
6.1061e-06
6.11461e-06
6.11447e-06
7.6169e-06
6.08928e-06
1.70506e-05
6.12011e-06
6.09692e-06
0.000112305
6.09613e-06
6.34735e-06
6.38313e-06
6.3861e-06
6.28848e-06
6.1381e-06
0.000145282
6.13806e-06
2.92024e-05
6.17786e-06
6.19031e-06
6.25549e-06
6.15201e-06
6.08115e-06
6.09222e-06
6.10527e-06
1.01745e-10
6.08007e-06
6.10876e-06
6.10942e-06
0.000195426
6.12423e-06
6.11087e-06
6.11038e-06
6.12636e-06
6.12158e-06
6.11457e-06
6.08601e-06
6.09838e-06
2.00244e-06
6.08813e-06
6.08919e-06
0.000234788
6.11633e-06
6.10643e-06
6.10746e-06
0.00187648
6.12482e-06
0.000278447
0.000159064
0.00160857
6.14247e-06
0.00170502
6.12718e-06
8.31771e-06
7.56566e-06
0.000340531
0.00195441
6.07058e-06
6.11372e-06
6.11543e-06
0.000413849
6.1147e-06
6.08262e-06
0.00180907
6.10556e-06
6.13863e-06
6.07686e-06
0.00123944
0.000456666
0.000323058
6.10374e-06
0.00166865
6.12733e-06
6.12832e-06
1.12264e-05
0.00156351
6.09944e-06
6.09968e-06
0.000468593
0.000875757
0.000515015
6.09968e-06
6.14514e-06
6.07546e-06
0.000424286
0.000877081
6.10035e-06
6.1434e-06
0.00062069
0.000502465
0.000596335
6.11409e-06
6.1139e-06
0.00137093
4.90032e-06
6.07169e-06
6.07168e-06
0.00140159
0.000704488
0.000760174
6.10956e-06
0.00116937
6.09135e-06
0.00117439
0.00091279
0.00084352
0.000854319
0.00110108
6.10404e-06
6.10426e-06
6.09814e-06
6.11099e-06
6.11144e-06
0.000319706
0.000990574
0.000921383
0.000353054
5.35245e-08
6.14052e-06
6.08123e-06
6.08651e-06
6.11177e-06
6.09262e-06
6.08825e-06
8.51233e-12
6.1416e-06
6.09333e-06
6.09031e-06
6.09152e-06
6.14175e-06
6.14051e-06
6.10456e-06
6.11205e-06
6.08867e-06
6.08926e-06
6.11571e-06
6.11343e-06
6.1066e-06
6.11776e-06
6.0976e-06
6.09579e-06
6.09725e-06
6.31977e-06
6.10511e-06
6.1389e-06
6.14753e-06
6.27703e-06
6.1753e-06
6.17087e-06
6.0921e-06
9.93348e-12
6.09913e-06
6.11094e-06
6.12515e-06
6.12278e-06
6.10824e-06
6.10817e-06
6.08913e-06
6.08835e-06
6.10207e-06
6.10781e-06
6.10649e-06
6.10662e-06
6.09798e-06
6.0986e-06
6.11012e-06
6.12677e-06
6.14106e-06
7.84132e-06
7.66407e-06
6.11374e-06
6.10169e-06
6.09328e-06
6.13952e-06
0.00091131
0.000990315
6.12933e-06
6.12882e-06
3.03677e-07
6.10913e-06
6.09993e-06
6.09959e-06
6.10017e-06
6.10499e-06
6.10501e-06
6.10042e-06
6.10128e-06
6.14345e-06
6.11369e-06
6.11399e-06
6.48154e-06
6.11026e-06
6.10821e-06
6.09123e-06
6.102e-06
6.2442e-06
6.10417e-06
6.11069e-06
6.11064e-06
6.09168e-06
6.08322e-06
6.09339e-06
6.11059e-06
6.09381e-06
6.09061e-06
6.09175e-06
6.14107e-06
6.10974e-06
6.08909e-06
6.11583e-06
6.10881e-06
6.10909e-06
6.09319e-06
6.0976e-06
6.3534e-06
6.13955e-06
6.18173e-06
6.13631e-06
6.1538e-06
6.09236e-06
6.09076e-06
4.5313e-08
1.18163e-08
3.66902e-06
6.12701e-06
6.12692e-06
6.08865e-06
6.12822e-06
6.14058e-06
6.13982e-06
6.13925e-06
6.81031e-06
6.11392e-06
0.000730251
0.000728645
6.14344e-06
6.11678e-06
0.000507796
6.12837e-06
6.12698e-06
6.13352e-06
6.0999e-06
6.10079e-06
6.10224e-06
6.10125e-06
6.14319e-06
6.14274e-06
6.1137e-06
4.83459e-06
6.5112e-06
6.09678e-06
6.11023e-06
6.11108e-06
6.09204e-06
6.09115e-06
6.10268e-06
6.10419e-06
6.11124e-06
6.1115e-06
6.11381e-06
6.10903e-06
6.0818e-06
6.09478e-06
6.09235e-06
6.09328e-06
6.09405e-06
6.09402e-06
6.09193e-06
6.09017e-06
1.93447e-05
6.10867e-06
6.11627e-06
6.11362e-06
6.14176e-06
6.14869e-06
6.09875e-06
6.32093e-06
6.20346e-06
6.1847e-06
6.1302e-06
6.10086e-06
6.11214e-06
6.09036e-06
1.76675e-07
5.96906e-07
6.12567e-06
6.08801e-06
6.13826e-06
6.14026e-06
6.10873e-06
6.10947e-06
6.09491e-06
6.09523e-06
6.94632e-06
6.1448e-06
6.14503e-06
0.000352953
6.13523e-06
6.1341e-06
6.10612e-06
6.10009e-06
6.10157e-06
6.10256e-06
6.14198e-06
6.14286e-06
6.10052e-06
6.11336e-06
6.49699e-06
6.4689e-06
6.10093e-06
6.08087e-06
6.08375e-06
6.1113e-06
6.11026e-06
6.09061e-06
6.09144e-06
6.10452e-06
6.10426e-06
6.11908e-06
6.11053e-06
6.0862e-06
6.1139e-06
6.09035e-06
6.09301e-06
6.09457e-06
6.09421e-06
6.09147e-06
6.09063e-06
6.10857e-06
6.10799e-06
6.11433e-06
6.11315e-06
6.09485e-06
6.09929e-06
6.35497e-06
6.10021e-06
6.18472e-06
6.0886e-06
2.91955e-06
3.99125e-05
6.12158e-06
6.10894e-06
6.13777e-06
6.13888e-06
7.74697e-06
6.37277e-06
6.10862e-06
6.14683e-06
0.000666973
0.000137352
6.13667e-06
6.09875e-06
6.09998e-06
6.10259e-06
6.1023e-06
6.14273e-06
6.13994e-06
6.11333e-06
4.73177e-06
6.11133e-06
6.09143e-06
6.10419e-06
6.10459e-06
6.13567e-06
6.11787e-06
6.0842e-06
6.09425e-06
6.09016e-06
6.09466e-06
6.09469e-06
6.09499e-06
6.10834e-06
6.10817e-06
6.11471e-06
6.11213e-06
6.11393e-06
6.09946e-06
6.32086e-06
6.08775e-06
0.000268355
2.26357e-06
9.50052e-05
6.12156e-06
6.13696e-06
6.13901e-06
6.48225e-06
6.14521e-06
2.00118e-05
6.13583e-06
6.03032e-06
6.10064e-06
6.10062e-06
6.10354e-06
6.14252e-06
6.11354e-06
6.66153e-06
6.1124e-06
6.09229e-06
6.10471e-06
6.11673e-06
6.13604e-06
6.12737e-06
6.08929e-06
6.09615e-06
6.09105e-06
6.09538e-06
6.10821e-06
6.10841e-06
6.11194e-06
6.11202e-06
6.11282e-06
6.25959e-06
6.36194e-06
6.08751e-06
0.000558744
5.48164e-06
2.30682e-09
6.12197e-06
6.13692e-06
6.13687e-06
5.92006e-06
6.12978e-06
6.14736e-06
6.13301e-06
6.02509e-06
6.1012e-06
6.10208e-06
6.10448e-06
6.10345e-06
6.14224e-06
6.10032e-06
6.11324e-06
6.11245e-06
6.09216e-06
6.10463e-06
6.13313e-06
6.15232e-06
6.08687e-06
6.09503e-06
6.0953e-06
6.09598e-06
6.10906e-06
6.10944e-06
6.10865e-06
6.1148e-06
6.11262e-06
6.32311e-06
6.08803e-06
6.09029e-06
2.87147e-06
0.000948639
7.03754e-06
6.12148e-06
6.13875e-06
6.11651e-06
6.14708e-06
6.13189e-06
6.10317e-06
6.1046e-06
6.1042e-06
6.1414e-06
6.14238e-06
6.11308e-06
6.11154e-06
6.09085e-06
6.09333e-06
6.10439e-06
6.1056e-06
6.13337e-06
6.09379e-06
6.08209e-06
6.10938e-06
6.09641e-06
6.09507e-06
6.11062e-06
6.10848e-06
6.11236e-06
6.11705e-06
6.36384e-06
6.10199e-06
6.1023e-06
6.08924e-06
6.0871e-06
0.000910219
7.84927e-06
4.39132e-09
0.00142896
6.12253e-06
6.12125e-06
6.13938e-06
6.10421e-06
6.10393e-06
6.10555e-06
6.33652e-06
6.14121e-06
6.14214e-06
6.11331e-06
6.09427e-06
6.09079e-06
8.19261e-06
6.1055e-06
6.1068e-06
6.15093e-06
5.87873e-06
5.92568e-06
6.09122e-06
5.99226e-06
6.10541e-06
6.10277e-06
6.08643e-06
6.43825e-06
6.09639e-06
7.36699e-06
7.30962e-06
6.55792e-06
6.10936e-06
6.11216e-06
6.11071e-06
6.11798e-06
6.11207e-06
6.11895e-06
6.11334e-06
6.11578e-06
6.32107e-06
6.10843e-06
6.08998e-06
3.38295e-10
0.0014616
7.59547e-06
7.45317e-06
0.00176229
6.11388e-06
6.1269e-06
6.12151e-06
6.12087e-06
6.13822e-06
6.10726e-06
6.1054e-06
6.10719e-06
5.93708e-06
8.37797e-06
6.10658e-06
6.10297e-06
6.10551e-06
6.01133e-06
6.11582e-06
6.11293e-06
6.0896e-06
6.09487e-06
6.12194e-06
6.10687e-06
6.16254e-06
6.1538e-06
6.09762e-06
6.09767e-06
6.11051e-06
6.11212e-06
6.11201e-06
6.10922e-06
6.11941e-06
6.11472e-06
6.368e-06
6.26052e-06
6.0919e-06
4.22837e-07
7.44919e-06
0.00210218
7.59947e-06
1.22177e-10
6.1232e-06
5.94618e-06
6.13885e-06
6.10749e-06
6.10795e-06
6.108e-06
6.1085e-06
8.34093e-06
6.1123e-06
6.11316e-06
6.1384e-06
6.09436e-06
6.09533e-06
6.08954e-06
6.08963e-06
6.10677e-06
6.15725e-06
6.09764e-06
6.09898e-06
6.11239e-06
6.10917e-06
6.11206e-06
6.11057e-06
6.31618e-06
6.10235e-06
6.09312e-06
6.09153e-06
0.00215946
7.54176e-06
6.88714e-06
7.35074e-06
8.17558e-06
6.12215e-06
6.14165e-06
6.10836e-06
6.10801e-06
6.11028e-06
6.11305e-06
6.1121e-06
6.0959e-06
6.09448e-06
6.08877e-06
6.10839e-06
6.10562e-06
6.10062e-06
6.09666e-06
6.11034e-06
6.11082e-06
6.11345e-06
6.3654e-06
6.09074e-06
6.09176e-06
7.70279e-06
0.00213837
7.18925e-06
0.00219023
6.10832e-06
6.11932e-06
6.1082e-06
6.14283e-06
7.75008e-06
6.1101e-06
6.10877e-06
6.11058e-06
6.11203e-06
6.08876e-06
6.0939e-06
6.09637e-06
6.12195e-06
6.10551e-06
6.11014e-06
6.12895e-06
6.12875e-06
6.13148e-06
6.04534e-06
6.05147e-06
6.33834e-06
6.13358e-06
6.06329e-06
6.2815e-06
6.09658e-06
6.10234e-06
6.22831e-06
6.20956e-06
6.11354e-06
6.11198e-06
6.11534e-06
6.15552e-06
6.12805e-06
6.3807e-06
6.13128e-06
6.14216e-06
6.13808e-06
6.29122e-06
6.12824e-06
6.13021e-06
6.13939e-06
6.12767e-06
6.09101e-06
6.62428e-06
6.67863e-06
6.12969e-06
7.232e-06
0.00202336
6.13318e-06
6.13811e-06
6.10415e-06
6.13192e-06
6.12007e-06
6.12861e-06
6.13745e-06
6.1318e-06
6.13281e-06
6.13473e-06
6.17449e-06
6.13074e-06
6.06914e-06
6.1357e-06
6.12944e-06
7.54183e-06
6.13172e-06
6.05975e-06
6.12306e-06
7.22682e-06
6.13524e-06
6.13563e-06
6.2491e-06
6.11606e-06
6.13074e-06
6.10658e-06
6.12871e-06
7.19311e-06
6.12878e-06
6.13287e-06
6.13494e-06
6.10975e-06
6.10822e-06
6.98756e-06
6.52274e-06
6.11095e-06
6.12344e-06
6.13071e-06
7.42434e-06
6.12202e-06
6.13109e-06
7.16382e-06
6.13789e-06
7.34331e-06
2.02443e-08
6.13073e-06
6.12931e-06
6.13156e-06
6.05627e-06
6.11134e-06
6.11757e-06
6.53473e-06
6.06433e-06
6.09335e-06
6.09654e-06
6.09748e-06
6.08942e-06
6.24547e-06
7.79061e-06
6.13118e-06
6.48112e-06
6.12571e-06
6.43775e-06
6.06138e-06
6.11168e-06
6.10486e-06
2.17474e-13
6.13683e-06
6.08185e-06
1.18871e-07
6.08634e-06
6.62804e-06
2.82114e-06
6.8358e-06
7.10774e-06
6.94346e-06
7.65659e-07
6.3542e-06
6.12827e-06
6.1182e-06
7.46163e-08
6.02236e-06
6.13498e-06
6.70411e-06
6.09739e-06
6.13337e-06
6.10392e-06
6.0978e-06
6.09606e-06
6.10218e-06
6.06625e-06
1.0452e-07
6.11191e-06
5.47961e-06
6.11498e-06
6.11384e-06
6.21339e-06
2.29332e-06
6.11018e-06
6.11703e-06
4.50254e-07
6.10738e-06
6.13227e-06
6.39238e-06
7.50949e-06
0.00182404
6.19035e-06
2.25039e-06
6.08979e-06
6.73672e-06
6.30806e-06
1.51389e-06
6.67293e-06
6.12318e-06
6.13505e-06
6.08614e-06
7.02296e-06
7.46596e-06
6.11926e-06
6.12399e-06
6.11353e-06
6.13582e-06
6.137e-06
6.12455e-06
6.09591e-06
2.60481e-08
7.25361e-06
6.05729e-06
5.8572e-06
6.10139e-06
6.70032e-06
1.59394e-07
6.09571e-06
5.88541e-06
7.35908e-06
6.12758e-06
6.10526e-06
6.11221e-06
6.07162e-06
6.04041e-06
6.25984e-06
7.93906e-06
5.90398e-06
0.00208939
6.06686e-06
6.1277e-06
6.11243e-06
5.06655e-06
6.23107e-06
6.13155e-06
7.07234e-06
6.12281e-06
6.24308e-06
6.13278e-06
4.38122e-07
7.54192e-06
2.70378e-10
6.13619e-06
7.65891e-06
6.09198e-06
1.95342e-13
5.33048e-09
6.05042e-06
6.13712e-06
6.1364e-06
5.12696e-11
6.98541e-06
7.34115e-06
6.11425e-06
6.07194e-06
4.44097e-06
1.82854e-06
7.9095e-06
6.13416e-06
6.17813e-06
7.49442e-06
6.07627e-06
8.041e-05
6.19101e-06
0.00209726
8.70126e-06
6.11024e-06
6.10986e-06
6.01399e-06
0.00133108
6.10855e-06
5.92977e-06
0.00085147
6.1123e-06
1.6428e-07
0.00206406
6.13681e-06
2.38555e-09
6.10966e-06
6.11275e-06
7.47387e-06
6.11386e-06
4.54971e-06
6.08474e-06
6.12465e-06
5.91003e-06
1.7717e-07
6.11358e-06
6.1126e-06
6.00944e-06
1.67477e-06
6.1066e-06
7.38076e-06
3.64904e-07
1.59478e-06
6.28415e-06
6.42206e-06
6.11227e-06
6.1081e-06
6.11157e-06
6.99211e-06
6.99558e-06
2.83481e-09
6.11089e-06
5.85445e-06
6.33992e-06
6.08923e-06
6.09401e-06
6.0931e-06
6.097e-06
6.13334e-06
6.13435e-06
6.09446e-06
6.13963e-06
2.87173e-06
7.54453e-06
0.000312725
6.75817e-06
6.1295e-06
6.11172e-06
6.22369e-06
6.10477e-06
8.37425e-06
0.00168408
6.11311e-06
6.10871e-06
6.16278e-06
7.61543e-06
8.37028e-13
8.4291e-06
6.01911e-06
8.55865e-06
2.06188e-08
6.21941e-06
7.59352e-07
7.04382e-06
5.92767e-06
8.86361e-06
1.72527e-06
6.11293e-06
6.35677e-05
6.11318e-06
6.1274e-06
6.12121e-06
6.11245e-06
6.06982e-06
5.93067e-06
6.10454e-06
7.70978e-06
7.40671e-06
6.12952e-06
5.40344e-06
6.18684e-06
0.00190581
6.10306e-06
6.92484e-06
1.62244e-06
6.09573e-06
6.09601e-06
6.10548e-06
6.10407e-06
5.89731e-06
7.34456e-06
6.11676e-06
0.00170153
7.63729e-06
6.09543e-06
6.05391e-06
4.2631e-06
6.12827e-06
2.61568e-06
2.89235e-06
6.12234e-06
6.10879e-06
6.11584e-06
6.115e-06
6.05128e-06
6.11929e-06
6.10081e-06
6.09302e-06
6.11058e-06
5.88321e-06
6.1353e-06
6.13768e-06
6.14394e-06
6.13038e-06
6.12397e-06
1.25373e-06
7.15176e-06
0.00129682
6.87744e-06
6.12888e-06
7.63676e-06
7.11186e-06
1.12623e-06
5.32929e-06
6.05349e-06
6.02708e-06
7.41942e-06
6.10832e-06
6.43426e-06
6.13314e-06
7.95262e-06
7.6736e-06
0.00139572
0.00212513
0.000964317
6.13566e-06
6.1327e-06
6.13379e-06
6.09031e-06
6.05495e-06
1.65977e-05
0.00163891
6.82765e-06
6.11407e-06
6.11169e-06
1.47118e-06
7.29494e-06
6.12076e-06
4.75096e-06
6.91879e-06
6.70424e-06
4.14547e-11
6.40979e-06
6.11233e-06
6.64515e-06
1.38769e-06
7.28755e-06
4.31609e-06
6.13989e-06
6.03741e-06
3.22731e-06
6.22991e-06
0.00174753
6.11286e-06
6.11149e-06
7.41428e-06
6.11404e-06
6.12556e-06
6.10836e-06
5.9076e-07
4.82357e-05
6.44949e-06
7.05394e-06
6.13332e-06
5.86965e-06
6.09333e-06
6.13385e-06
0.00153912
6.14547e-06
6.08188e-06
7.06418e-06
6.11961e-06
1.60299e-06
6.44019e-06
6.10209e-06
0.00139178
0.00212455
2.67549e-10
6.93269e-06
6.13812e-06
2.04604e-06
6.13804e-06
6.85856e-06
5.99123e-06
6.0841e-06
6.87977e-06
6.01871e-06
8.86805e-06
8.80282e-06
0.000688088
5.95162e-06
2.02682e-09
5.14636e-06
6.14291e-06
6.13168e-06
6.09542e-06
6.08731e-06
0.00102951
6.02125e-06
6.1051e-06
5.37612e-06
3.61166e-06
6.13506e-06
6.13321e-06
2.17363e-06
5.34145e-06
6.13847e-06
6.11321e-06
0.000124988
1.75793e-07
6.13928e-06
6.11448e-06
4.80239e-10
6.1175e-06
6.13696e-06
6.02955e-06
0.000542829
6.0517e-06
6.11264e-06
6.95104e-06
5.75076e-06
5.88131e-06
1.73305e-11
6.12669e-06
5.30396e-06
6.13827e-06
6.13249e-06
1.86451e-06
6.04745e-06
6.12738e-06
6.131e-06
6.27301e-06
5.24074e-06
6.08782e-06
6.82969e-06
6.03765e-06
3.91853e-06
6.12946e-06
6.12194e-06
1.029e-06
6.13575e-06
6.09661e-06
6.11393e-06
6.03438e-06
6.03847e-06
4.65116e-07
6.12747e-06
4.65103e-09
2.55485e-06
6.13106e-06
6.14262e-06
3.23803e-07
9.35237e-08
5.60749e-06
7.595e-06
5.95232e-06
3.76125e-08
6.13201e-06
6.10527e-06
6.02643e-06
6.77439e-06
6.14472e-06
6.12805e-06
6.11274e-06
6.11206e-06
5.82322e-06
6.61259e-06
6.14834e-06
1.76429e-07
8.35534e-06
6.10003e-06
6.64097e-06
6.11265e-06
6.13005e-06
6.11567e-06
6.12597e-06
6.14297e-06
7.03664e-06
6.11486e-06
1.71074e-07
6.07941e-06
6.13252e-06
6.13917e-06
6.14248e-06
8.93879e-06
6.10152e-06
5.92487e-06
6.12573e-06
6.11101e-06
6.11401e-06
7.52072e-06
6.11912e-06
6.1125e-06
6.07691e-06
7.42776e-06
6.0801e-06
6.14998e-06
6.1105e-06
6.12702e-06
7.34423e-06
7.73619e-06
6.13432e-06
6.10297e-06
6.14471e-06
6.12798e-06
6.72425e-06
5.88064e-06
4.60044e-06
5.04811e-11
6.13862e-06
6.12802e-06
7.81329e-06
6.1385e-06
6.19481e-06
7.02915e-06
3.85845e-07
6.13672e-06
6.09309e-06
6.1314e-06
6.1269e-06
6.12908e-06
6.05823e-06
6.13601e-06
6.13062e-06
6.35394e-06
6.14425e-06
6.33838e-06
6.02768e-06
6.13122e-06
6.11513e-06
6.11348e-06
6.11833e-06
6.11259e-06
6.13634e-06
6.13027e-06
0.00163376
6.12505e-06
6.13345e-06
7.55474e-06
6.06242e-06
6.12713e-06
6.56812e-06
6.1627e-06
6.14906e-06
6.17333e-06
6.11381e-06
6.112e-06
6.09265e-06
6.12364e-06
6.13954e-06
7.06754e-06
6.09443e-06
1.21382e-10
6.13191e-06
6.1394e-06
1.47614e-07
6.13088e-06
6.09354e-06
6.03365e-06
6.13554e-06
6.12728e-06
6.10951e-06
6.10227e-06
8.64806e-06
4.68127e-09
6.13349e-06
6.12572e-06
6.09258e-06
6.423e-06
2.57231e-06
7.69499e-06
6.08963e-06
6.07687e-06
8.69383e-05
6.10724e-06
2.01313e-09
6.13046e-06
8.50087e-06
6.11276e-06
6.37374e-06
6.11392e-06
5.92322e-06
6.10456e-06
7.54088e-06
5.75264e-06
6.10479e-06
6.11213e-06
6.12682e-06
5.93917e-06
6.35084e-06
0.000121705
6.13619e-06
6.12674e-06
6.13531e-06
6.12793e-06
6.10482e-06
2.16239e-06
7.18358e-06
6.12842e-06
7.24926e-06
6.12448e-06
6.77735e-06
5.93596e-06
6.78324e-06
5.9167e-06
0.00158458
6.13043e-06
6.1273e-06
6.11958e-06
6.11356e-06
6.11305e-06
2.58034e-06
6.11309e-06
6.23092e-06
6.12762e-06
6.23332e-06
6.12644e-06
6.11322e-06
6.09229e-06
7.61499e-06
6.54177e-06
7.61466e-06
6.1267e-06
6.13001e-06
9.00052e-06
6.11867e-06
6.12871e-06
5.93787e-06
6.11468e-06
6.13034e-06
6.12656e-06
6.12558e-06
8.57854e-06
6.13054e-06
7.43756e-06
6.12869e-06
6.11321e-06
7.17163e-06
6.11393e-06
0.00207011
6.1369e-06
6.12467e-06
6.13332e-06
7.23792e-06
8.01278e-06
6.1236e-06
0.00137315
6.11383e-06
6.12965e-06
6.13412e-06
2.37843e-09
6.11974e-06
0.00149073
2.27645e-06
6.14754e-06
1.19899e-06
6.12664e-06
6.15185e-06
7.42663e-06
6.13552e-06
6.11565e-06
5.93808e-06
6.12627e-06
6.01965e-06
6.10386e-06
6.1276e-06
6.12717e-06
6.25379e-06
6.8402e-06
6.46436e-06
6.07553e-06
6.13715e-06
6.10546e-06
6.12193e-06
6.42297e-06
6.11077e-06
6.11153e-06
6.12151e-06
6.13449e-06
6.07726e-06
6.11217e-06
6.11286e-06
7.51769e-06
8.72414e-06
6.1248e-06
6.13747e-06
6.35054e-06
6.1285e-06
6.09532e-06
7.15384e-06
6.14332e-06
6.12837e-06
6.10658e-06
0.00086184
8.28243e-08
6.13687e-06
6.11666e-06
6.12623e-06
6.1252e-06
8.06355e-06
6.1137e-06
6.10919e-06
6.10416e-06
1.04133e-06
7.11754e-06
6.36722e-06
7.45329e-06
6.11063e-06
6.03201e-07
6.13439e-06
6.12815e-06
6.11364e-06
6.51606e-06
5.30331e-11
6.11312e-06
0.00173435
2.44667e-06
6.11785e-06
6.09211e-06
5.87605e-06
6.12791e-06
7.1714e-06
8.92178e-07
6.12744e-06
6.11239e-06
5.9636e-06
6.1391e-06
6.13176e-06
6.13778e-06
6.11343e-06
6.13339e-06
6.1287e-06
6.05309e-06
6.07861e-06
0.000895028
6.01615e-06
6.1232e-06
2.37201e-06
6.127e-06
6.09493e-06
6.13378e-06
6.34677e-06
6.11413e-06
6.12619e-06
6.11941e-06
6.24531e-06
7.07634e-06
6.15047e-06
6.13915e-06
6.12923e-06
4.91842e-06
6.12324e-06
6.46498e-06
6.08855e-06
8.2605e-06
4.17805e-09
6.12734e-06
6.0879e-06
6.13475e-06
6.05236e-06
6.12333e-06
3.5146e-06
5.85399e-06
6.11268e-06
6.07883e-06
6.32677e-06
6.12223e-06
6.12206e-06
6.78238e-06
6.03476e-06
6.1326e-06
6.11717e-06
6.14265e-06
6.0625e-06
6.11284e-06
4.46583e-10
6.12676e-06
6.53994e-06
6.11253e-06
6.10029e-06
6.82801e-06
3.72742e-07
6.12644e-06
6.12562e-06
6.11796e-06
6.09278e-06
6.12768e-06
3.07269e-06
6.10397e-06
6.12393e-06
6.11056e-06
6.12881e-06
6.12015e-06
6.11341e-06
6.11175e-06
6.13586e-06
4.8111e-06
6.27348e-07
7.56963e-06
1.35818e-14
6.13269e-06
2.26755e-07
6.11185e-06
7.71085e-06
6.12537e-06
6.11379e-06
6.12166e-06
6.13151e-06
6.85621e-06
8.31605e-06
6.12782e-06
6.12893e-06
6.12755e-06
6.27109e-06
6.12995e-06
7.04755e-06
6.14923e-06
6.13497e-06
6.13345e-06
3.11757e-07
6.1945e-06
6.11337e-06
6.11223e-06
3.74619e-06
6.32739e-06
6.01356e-06
6.11268e-06
1.31099e-06
6.13249e-06
6.10919e-06
6.14176e-06
6.12777e-06
6.12718e-06
6.11185e-06
6.1263e-06
9.26996e-06
6.12638e-06
6.11264e-06
8.5141e-06
1.5186e-05
6.11543e-06
6.11897e-06
1.05984e-06
8.84521e-06
1.03411e-06
6.12729e-06
7.10471e-06
6.13106e-06
6.13222e-06
7.5819e-06
6.11321e-06
6.12689e-06
4.05925e-07
5.94322e-06
6.12782e-06
6.11259e-06
6.39406e-06
6.13091e-06
6.70454e-06
7.37534e-06
6.12682e-06
6.11412e-06
6.13205e-06
6.13161e-06
6.14285e-06
6.3965e-06
6.1138e-06
6.1239e-06
6.30148e-06
9.0322e-05
6.12453e-06
6.13396e-06
6.48244e-06
6.13223e-06
5.48682e-06
5.96432e-06
5.93842e-06
6.12156e-06
6.13127e-06
6.12567e-06
6.11428e-06
5.90933e-06
6.11687e-06
6.06671e-06
6.10442e-06
6.13206e-06
6.6674e-06
6.11082e-06
6.36939e-06
6.11975e-06
6.69492e-06
6.12658e-06
6.11453e-06
6.11393e-06
6.1049e-06
6.13673e-06
7.37193e-06
6.07837e-06
6.11362e-06
6.12474e-06
6.12657e-06
6.11047e-06
6.13016e-06
6.13834e-06
5.99564e-06
6.12593e-06
6.20645e-06
5.61765e-05
6.04318e-06
6.09167e-06
6.13288e-06
6.12717e-06
8.8396e-06
6.16802e-06
6.12915e-06
6.35588e-06
2.98367e-07
6.11432e-06
6.33107e-06
0.00108956
6.06408e-06
6.12833e-06
0.0010532
6.12573e-06
6.10911e-06
6.11416e-06
6.10181e-06
6.1324e-06
6.15419e-06
6.19518e-06
6.13022e-06
7.4922e-06
6.10255e-06
6.77087e-06
6.44798e-06
1.46475e-07
2.01847e-06
0.00200964
6.65723e-06
6.50957e-07
6.04919e-06
3.24135e-08
6.12937e-06
3.44238e-06
6.12839e-06
0.000215542
6.12655e-06
6.14436e-06
0.000294726
5.59235e-06
6.13242e-06
6.1272e-06
6.12991e-06
6.16936e-06
6.12367e-06
6.13219e-06
6.12782e-06
6.13641e-06
2.65181e-06
6.12364e-06
6.75394e-09
6.10538e-06
6.13139e-06
6.11443e-06
6.13122e-06
6.45086e-07
6.07899e-06
6.13975e-06
6.1265e-06
6.13249e-06
6.13312e-06
6.11379e-06
3.67483e-07
6.13393e-06
5.50048e-08
6.15508e-06
6.11146e-06
6.14665e-06
7.35347e-06
6.11356e-06
6.12658e-06
7.34915e-06
6.42268e-06
6.10227e-06
6.14307e-06
7.19636e-06
6.114e-06
6.14059e-06
0.00125062
7.08678e-06
8.32552e-06
6.03055e-06
6.12457e-06
6.11469e-06
7.44867e-06
6.2274e-06
6.15496e-06
6.39779e-06
1.43692e-11
5.91031e-06
6.12243e-06
7.12201e-06
6.1126e-06
6.11478e-06
6.13877e-06
6.1148e-06
6.14685e-06
6.13651e-06
6.18284e-06
6.13125e-06
6.11172e-06
6.14119e-06
6.12646e-06
6.1145e-06
6.11369e-06
6.11141e-06
6.12772e-06
6.14025e-06
3.11441e-06
6.11093e-06
6.08041e-06
6.11369e-06
6.11778e-06
6.11474e-06
6.21787e-06
6.14033e-06
6.13878e-06
6.03712e-06
6.12479e-06
6.19664e-06
6.10345e-06
6.13615e-06
7.88353e-10
6.13007e-06
6.12273e-06
7.3346e-06
6.11288e-06
6.1251e-06
0.000321798
6.12658e-06
1.13209e-06
6.1073e-06
6.13628e-06
6.15777e-06
8.00076e-06
6.13096e-06
5.93073e-06
6.13892e-06
6.73951e-06
3.85146e-11
6.11095e-06
6.17613e-06
4.45209e-06
6.11457e-06
6.13635e-06
0.00196341
6.12716e-06
6.15045e-06
6.10505e-06
8.66305e-07
6.13866e-06
6.13718e-06
5.0615e-06
6.11362e-06
6.10544e-06
9.81261e-09
7.07666e-07
6.12759e-06
6.01976e-06
0.00214079
6.13688e-06
6.11182e-06
2.07289e-07
4.0112e-09
6.19256e-06
6.5299e-06
6.11416e-06
6.16159e-06
6.11745e-06
6.12247e-06
6.1282e-06
8.01889e-06
6.11161e-06
6.10846e-06
6.97871e-06
6.12508e-06
6.13056e-06
0.00199285
6.10725e-06
8.2705e-06
4.65308e-06
6.12996e-06
6.108e-06
0.000603928
6.39583e-06
6.10862e-06
6.12715e-06
7.06783e-06
6.12914e-06
6.11447e-06
6.11507e-06
6.14009e-06
0.00201758
3.50607e-13
6.1191e-06
6.11332e-06
6.08955e-06
6.11337e-06
6.13349e-06
6.13439e-06
7.69987e-06
6.11341e-06
6.12817e-06
3.31965e-06
4.4143e-06
6.12837e-06
6.13419e-06
6.09179e-06
6.11432e-06
6.14727e-06
7.42003e-06
6.11381e-06
6.11356e-06
6.13848e-06
6.14352e-06
6.09782e-06
6.12646e-06
6.15339e-06
6.12577e-06
1.38398e-07
6.12459e-06
6.1344e-06
6.10453e-06
6.07757e-06
6.12376e-06
5.91637e-06
6.12526e-06
6.13813e-06
6.11481e-06
0.000980232
6.11137e-06
5.85088e-06
7.26025e-06
6.31802e-06
6.09313e-06
6.11305e-06
6.10544e-06
5.41568e-10
6.12642e-06
6.16472e-06
1.13479e-09
6.13255e-06
1.42665e-07
1.22556e-10
6.1257e-06
7.43827e-06
6.15187e-06
0.000638992
6.11003e-06
5.09541e-06
6.11352e-06
7.23673e-06
5.93e-06
7.42479e-06
3.05245e-10
9.09002e-09
6.33355e-06
6.93353e-06
6.11488e-06
6.11424e-06
6.09388e-06
6.12633e-06
6.15032e-06
6.10931e-06
6.07316e-06
1.45137e-05
6.13169e-06
6.89143e-09
6.11357e-06
6.10306e-06
6.13005e-06
6.49513e-06
6.14271e-06
5.88641e-06
6.12516e-06
6.10448e-06
6.14569e-06
0.000339042
6.14906e-06
4.94403e-06
6.11321e-06
6.1287e-06
0.00198789
6.22025e-06
6.09134e-06
6.13939e-06
6.09355e-06
6.10034e-06
6.1322e-06
0.00139555
5.95966e-06
4.82043e-06
6.12601e-06
8.90911e-06
6.11495e-06
6.12902e-06
6.1254e-06
6.11395e-06
6.12743e-06
6.12757e-06
6.32991e-06
1.44066e-09
0.00176491
6.1368e-06
6.9923e-07
6.12959e-06
6.11367e-06
6.13164e-06
0.00173923
1.35185e-07
0.00198365
6.15213e-06
6.12532e-06
5.93014e-06
6.12013e-06
6.13104e-06
6.13127e-06
6.11225e-06
6.1139e-06
7.06768e-06
6.12471e-06
8.50108e-06
8.43072e-09
9.06765e-06
1.42048e-06
6.13699e-06
0.00145288
7.13875e-06
6.1023e-06
6.12889e-06
6.12352e-06
6.11824e-06
6.12393e-06
6.10975e-06
0.000133692
6.12802e-06
4.63462e-06
6.22729e-06
6.12408e-06
6.2373e-06
6.12962e-06
6.12892e-06
6.21322e-06
6.14445e-06
6.1296e-06
6.08572e-06
6.11381e-06
6.11157e-06
6.15019e-06
7.36986e-06
6.00264e-06
6.1327e-06
6.48638e-06
7.39766e-06
6.05487e-06
6.11831e-06
6.11475e-06
6.12625e-06
6.11835e-06
6.14893e-06
6.11726e-06
6.1183e-06
6.09516e-06
6.1268e-06
6.13244e-06
8.92721e-06
0.00191679
6.12516e-06
6.11336e-06
2.76189e-06
7.50487e-06
6.11436e-06
6.12572e-06
5.33288e-08
6.13187e-06
8.11849e-06
6.14215e-06
6.14563e-06
6.10312e-06
3.29767e-09
6.11744e-06
6.14301e-06
8.28265e-06
6.09372e-06
5.95392e-06
6.19237e-06
6.11409e-06
6.07046e-06
6.09227e-06
7.72143e-06
6.11676e-06
6.28034e-06
7.35981e-06
6.12073e-06
6.4076e-06
6.11974e-06
6.20118e-06
6.13497e-06
6.14307e-06
6.11099e-06
8.65011e-06
6.12219e-06
6.15767e-06
6.76846e-09
6.10845e-06
6.11769e-06
6.31342e-06
6.10749e-06
6.11521e-06
6.11038e-06
6.1132e-06
6.13528e-06
2.44339e-06
0.000488202
6.15508e-06
5.85749e-06
6.11442e-06
6.12506e-06
6.11461e-06
6.12628e-06
6.11523e-06
6.1147e-06
6.1581e-06
6.12978e-06
6.12798e-06
6.11122e-06
6.14562e-06
6.11252e-06
6.12513e-06
6.13602e-06
6.13724e-06
6.13646e-06
6.14192e-06
6.05524e-06
6.12441e-06
6.12449e-06
6.11483e-06
6.07246e-06
6.13783e-06
6.11003e-06
6.11553e-06
6.08744e-06
6.14232e-06
6.12725e-06
6.94411e-06
6.12851e-06
6.12657e-06
6.2716e-06
6.11711e-06
6.10955e-06
6.12369e-06
2.70185e-07
6.22147e-06
3.30173e-06
6.43002e-06
6.11476e-06
6.10887e-06
6.11437e-06
6.04924e-06
5.79945e-06
6.13851e-06
5.01463e-06
3.61254e-06
0.000535318
6.13026e-06
6.1142e-06
6.1375e-06
6.13076e-06
2.66155e-06
1.37993e-11
6.15696e-06
6.14748e-06
6.12491e-06
1.0047e-07
6.08912e-06
6.13016e-06
6.12772e-06
6.1162e-06
8.04995e-06
6.14039e-06
6.18375e-06
6.1199e-06
6.12363e-06
6.11147e-06
6.1446e-06
4.10332e-09
6.1335e-06
0.00210248
1.56118e-07
6.13237e-06
6.12718e-06
6.11364e-06
8.55939e-06
6.11106e-06
0.00014609
4.07419e-06
6.13634e-06
6.30566e-06
7.91893e-06
5.03419e-06
1.12232e-06
6.13619e-06
6.11324e-06
6.11422e-06
6.13854e-06
6.10775e-06
6.09601e-06
6.11318e-06
6.12755e-06
6.14721e-06
5.42874e-10
6.12891e-06
6.13386e-06
6.12715e-06
7.15922e-06
6.17997e-06
6.47661e-06
0.0018835
6.11032e-06
6.12156e-06
6.11112e-06
2.7314e-06
8.39565e-08
6.12782e-06
6.12637e-06
6.36267e-06
1.22068e-07
5.8986e-07
6.13008e-06
6.13087e-06
6.12393e-06
6.29171e-06
5.75904e-06
6.27581e-06
6.11521e-06
6.14369e-06
6.11939e-06
6.10689e-06
7.34504e-06
8.76472e-06
2.60655e-07
3.65644e-06
4.11321e-06
5.9632e-06
6.11304e-06
6.80668e-06
6.12453e-06
7.36101e-06
4.05837e-07
6.11342e-06
7.15084e-06
6.12028e-06
6.11434e-06
6.20397e-06
6.1718e-06
6.12473e-06
6.10395e-06
6.11793e-06
6.11151e-06
0.00178226
6.22317e-06
6.11302e-06
6.11476e-06
7.62625e-06
6.14324e-06
6.11165e-06
6.11907e-06
6.03844e-06
6.1505e-06
6.11128e-06
6.11186e-06
6.13557e-06
6.14044e-06
6.27998e-06
6.11301e-06
1.33079e-08
6.11222e-06
6.11107e-06
0.00204141
6.11324e-06
7.05585e-06
6.11032e-06
6.76823e-06
6.99336e-06
6.13275e-06
6.79707e-06
6.12737e-06
6.11339e-06
2.10467e-07
6.10269e-06
6.0736e-06
6.13647e-06
6.13749e-06
6.13459e-06
1.82262e-07
6.04839e-06
2.39671e-06
6.14593e-06
6.13724e-06
6.13218e-06
6.13008e-06
6.09702e-06
6.12039e-06
6.00829e-06
7.11813e-07
6.13347e-06
6.30306e-06
8.4958e-13
5.91415e-06
7.65308e-06
6.10847e-06
0.00212359
6.36885e-06
6.11396e-06
6.88721e-06
5.92623e-06
6.12321e-06
6.13371e-06
6.29004e-06
1.52554e-06
5.8935e-06
6.12304e-06
6.11458e-06
6.1198e-06
6.11296e-06
6.14223e-06
6.12795e-06
6.06225e-06
7.85757e-08
6.12167e-06
6.13218e-06
6.12178e-06
6.11623e-06
6.11828e-06
1.45612e-06
6.22357e-06
0.00173247
6.12617e-06
7.83802e-06
7.88629e-06
1.75447e-06
6.1405e-06
6.13861e-06
6.53458e-06
6.12206e-06
6.13194e-06
6.10392e-06
2.09688e-10
5.85107e-06
1.54187e-06
6.11385e-06
6.10773e-06
6.13733e-06
6.11459e-06
4.13841e-06
6.12476e-06
6.11329e-06
1.46061e-06
6.22804e-06
5.88205e-06
6.04708e-06
6.12181e-06
6.15745e-06
6.10758e-06
6.38794e-06
6.12837e-06
6.16802e-06
1.22316e-06
3.78494e-06
6.09828e-06
6.09812e-06
6.12302e-06
6.84234e-06
6.05246e-06
6.11683e-06
6.0901e-06
6.11471e-06
6.10225e-06
6.11438e-06
6.2711e-06
6.13984e-06
6.07989e-06
6.80972e-06
6.12483e-06
6.12868e-06
6.11168e-06
5.43129e-07
6.15197e-06
6.12874e-06
6.1089e-06
6.05459e-06
6.11361e-06
6.13395e-06
6.12049e-06
6.1369e-06
8.43653e-06
6.13875e-06
6.12503e-06
6.16012e-06
6.3412e-06
6.5201e-06
6.11519e-06
6.1495e-06
6.18838e-06
6.06076e-06
6.12331e-06
1.57801e-06
6.13089e-06
6.1326e-06
6.55342e-06
5.13787e-06
6.12973e-06
5.94087e-06
6.44749e-06
6.1126e-07
8.06388e-06
6.13231e-06
6.11429e-06
6.12967e-06
6.12796e-06
6.16119e-06
6.57039e-06
6.12905e-06
6.10531e-06
6.132e-06
7.10556e-06
6.13839e-06
6.10785e-06
6.12754e-06
6.11009e-06
6.10894e-06
6.11173e-06
2.91872e-07
6.12332e-06
6.12027e-06
6.12223e-06
6.12521e-06
6.10888e-06
5.92243e-06
6.09029e-06
6.1158e-06
6.09916e-06
6.11454e-06
8.75219e-06
6.95584e-06
7.16511e-06
6.09526e-06
6.11506e-06
6.12442e-06
6.11552e-06
6.51729e-06
6.29053e-06
6.10542e-06
6.13443e-06
6.23004e-06
4.21515e-10
9.35496e-08
6.13754e-06
6.12682e-06
8.69701e-06
5.86735e-06
6.12485e-06
6.82334e-06
6.22227e-06
2.99857e-06
6.13155e-06
6.12594e-06
6.02509e-06
6.12015e-06
6.13582e-06
2.97855e-08
6.10822e-06
6.10495e-06
6.10678e-06
6.11161e-06
6.12393e-06
7.32914e-06
6.22121e-05
6.42199e-06
6.03332e-06
7.08795e-06
6.1192e-06
6.13521e-06
6.13836e-06
7.6281e-06
2.66429e-06
6.12636e-06
6.12771e-06
6.11885e-06
6.1134e-06
4.75426e-07
6.12353e-06
6.03969e-06
4.81895e-06
6.16435e-06
6.13146e-06
6.14364e-06
6.24246e-06
6.12401e-06
6.12845e-06
6.11591e-06
5.96594e-06
6.11744e-06
6.09523e-06
6.10897e-06
6.10364e-06
6.11888e-06
6.78497e-06
7.00466e-05
6.13955e-06
5.95404e-06
5.35728e-06
6.14976e-06
6.10933e-06
6.46867e-06
1.2319e-06
6.12406e-06
2.30797e-06
6.11221e-06
6.12406e-06
6.13256e-06
6.84414e-06
6.09735e-06
6.13678e-06
6.1257e-06
6.11046e-06
4.24834e-06
6.12626e-06
6.02747e-06
6.12931e-06
7.27661e-06
6.11282e-06
6.12454e-06
6.24993e-06
6.11325e-06
6.06313e-08
6.11464e-06
6.01763e-06
8.02687e-06
6.10862e-06
6.0559e-06
2.50036e-08
6.35125e-06
6.14241e-06
7.16847e-06
6.43985e-06
5.27668e-12
6.10271e-06
6.15971e-06
5.77665e-11
6.13461e-06
6.12046e-06
6.11256e-06
6.73131e-06
6.10394e-06
6.11433e-06
6.97144e-06
5.87946e-06
6.04888e-06
6.09187e-06
6.12653e-06
0.000206527
6.14377e-06
6.10218e-06
6.13486e-06
6.11371e-06
6.76536e-06
7.90698e-13
6.1351e-06
6.12074e-06
6.07757e-06
6.12404e-06
6.11459e-06
7.01372e-06
6.1143e-06
6.09963e-06
6.13321e-06
6.11269e-06
6.11531e-06
0.000564949
7.32085e-06
6.13098e-06
6.06763e-06
6.10608e-06
4.33599e-06
6.12613e-06
6.10354e-06
6.02242e-06
6.11341e-06
6.13478e-06
6.11448e-06
6.11132e-06
6.11242e-06
6.13304e-06
6.09266e-06
6.09184e-06
2.98705e-07
6.13117e-06
6.10488e-06
6.11124e-06
6.13297e-06
6.11903e-06
6.12725e-06
6.10344e-06
6.11755e-06
6.2762e-06
6.11683e-06
6.11456e-06
6.09081e-06
6.14478e-06
6.13953e-06
6.12517e-06
6.03118e-06
6.10336e-06
6.09611e-06
7.57097e-06
6.13992e-06
6.25562e-06
6.18763e-06
6.13371e-06
6.1054e-06
6.12655e-06
5.9289e-06
6.08385e-06
5.8074e-06
2.20125e-08
6.12153e-06
1.48122e-07
6.12642e-06
6.11456e-06
6.13652e-06
6.14228e-06
6.12157e-06
7.81649e-06
6.12082e-06
6.11821e-06
3.83199e-08
6.0546e-06
6.13841e-06
6.15305e-06
9.78462e-07
6.12419e-06
1.23811e-07
6.12171e-06
6.10195e-06
6.10766e-06
6.10903e-06
6.11166e-06
6.10876e-06
6.11361e-06
6.1135e-06
6.11543e-06
6.11345e-06
6.02003e-06
6.11361e-06
5.90056e-06
6.16548e-06
6.1255e-06
6.31e-06
6.13747e-06
6.12079e-06
6.10813e-06
6.12319e-06
6.11454e-06
6.11341e-06
5.84264e-06
6.1262e-06
6.11343e-06
6.11301e-06
6.13141e-06
6.13299e-06
6.09915e-06
6.13163e-06
6.1309e-06
6.09532e-06
2.24734e-06
6.10311e-06
6.0903e-06
6.11584e-06
6.14728e-06
5.92584e-06
5.98497e-06
6.11371e-06
6.11044e-06
3.01674e-06
6.29202e-06
6.12551e-06
6.2108e-06
6.11451e-06
6.12474e-06
5.0328e-06
6.11994e-06
6.51693e-06
6.12762e-06
6.12747e-06
6.09593e-06
6.12698e-06
5.93178e-06
6.11413e-06
6.13408e-06
6.09063e-06
6.11795e-06
6.12788e-06
6.51234e-06
6.01607e-06
6.07565e-06
6.11678e-06
3.95071e-06
3.20323e-06
6.44328e-06
6.12096e-06
6.1315e-06
6.09746e-06
4.66754e-12
6.13194e-06
6.1321e-06
6.12529e-06
6.14021e-06
6.27306e-06
6.88218e-06
5.48516e-09
6.12669e-06
6.1373e-06
6.13495e-06
6.13676e-06
6.13558e-06
6.13269e-06
6.36423e-06
1.44691e-06
9.24515e-07
6.13687e-06
2.52655e-07
6.11862e-06
5.92972e-06
6.13586e-06
6.2438e-06
6.10728e-06
3.64468e-05
6.11527e-06
6.12214e-06
8.01863e-06
6.73416e-06
6.20475e-06
4.50611e-05
6.13266e-06
6.12509e-06
6.12582e-06
6.11293e-06
6.11444e-06
6.14275e-06
6.12069e-06
6.10827e-06
8.36534e-06
7.74158e-06
6.12967e-06
7.0112e-06
6.14192e-06
6.14998e-06
6.18396e-06
6.13622e-06
6.27748e-06
6.13647e-06
6.11031e-06
6.10547e-06
6.13311e-06
6.1135e-06
6.11041e-06
7.58556e-06
6.10841e-06
6.83153e-06
0.000936411
6.08797e-06
6.12948e-06
6.1327e-06
6.26618e-06
6.09299e-06
6.09826e-06
6.11003e-06
6.26018e-06
6.133e-06
6.13284e-06
4.06712e-06
6.1082e-06
6.09569e-06
6.10668e-06
6.1304e-06
6.12819e-06
6.10092e-06
6.12021e-06
6.12523e-06
6.90248e-06
6.08808e-06
6.10937e-06
6.12927e-06
6.12439e-06
6.13264e-06
6.13973e-06
6.12723e-06
6.12776e-06
6.41631e-06
6.14919e-06
6.23059e-06
6.12263e-06
6.11931e-06
6.10711e-06
6.12412e-06
6.13609e-06
6.12076e-06
6.12619e-06
6.11453e-06
5.89641e-06
6.05146e-06
6.13933e-06
6.11534e-06
6.1241e-06
6.2182e-06
6.11442e-06
6.2897e-06
6.04197e-06
6.10894e-06
6.11962e-06
6.09282e-06
6.09708e-06
6.13201e-06
6.13232e-06
6.14426e-06
6.13861e-06
1.02308e-05
6.10229e-06
6.1325e-06
5.89913e-06
6.12755e-06
6.09967e-06
6.12644e-06
6.11052e-06
6.11016e-06
6.10586e-06
6.11817e-06
6.13551e-06
6.14753e-06
6.14828e-06
1.53259e-06
6.60803e-07
6.14507e-06
6.09087e-06
6.09473e-06
6.13284e-06
6.12787e-06
6.1016e-06
6.10799e-06
6.11693e-06
8.0253e-06
6.10563e-06
6.16606e-06
6.12373e-06
2.62166e-06
5.0408e-06
6.10789e-06
6.12792e-06
6.13482e-06
6.0983e-06
6.14862e-06
6.12746e-06
6.312e-06
6.12956e-06
6.11396e-06
6.12211e-06
6.56492e-06
7.43299e-06
6.38924e-06
6.04264e-06
6.15618e-06
6.11758e-06
6.09728e-06
9.27048e-09
5.92261e-06
6.08344e-06
1.01962e-07
6.12204e-06
6.10286e-06
6.11702e-06
6.13313e-06
6.09932e-06
6.12124e-06
6.12028e-06
6.13382e-06
6.12593e-06
6.12563e-06
5.92252e-06
6.1157e-06
6.10707e-06
6.12135e-06
6.12246e-06
6.10698e-06
0.000570882
6.09696e-06
6.09492e-06
1.60869e-06
6.13742e-06
6.13062e-06
6.31744e-06
6.12653e-06
6.10906e-06
6.08732e-06
6.15002e-06
6.12713e-06
6.12634e-06
6.11335e-06
6.11512e-06
6.11661e-06
6.12511e-06
6.1161e-06
6.11168e-06
6.11024e-06
6.11412e-06
6.11497e-06
6.09906e-06
6.51516e-06
6.0986e-06
6.12889e-06
6.11566e-06
6.3627e-06
6.14809e-06
6.12267e-06
6.13338e-06
6.22211e-06
6.12797e-06
6.12586e-06
6.12729e-06
6.11764e-06
6.11428e-06
6.11106e-06
6.12059e-06
6.12148e-06
6.11623e-06
2.08854e-06
7.32143e-06
6.12096e-06
6.13103e-06
6.1045e-06
6.12277e-06
6.04165e-06
6.12793e-06
6.10475e-06
6.11054e-06
6.11303e-06
6.11401e-06
6.14318e-06
6.13486e-06
6.12242e-06
6.1132e-06
6.13888e-06
6.11461e-06
6.10541e-06
6.14952e-06
6.1249e-06
6.04535e-06
6.10478e-06
6.01211e-06
6.10196e-06
6.09925e-06
6.07544e-06
6.13681e-06
6.12931e-06
6.12879e-06
6.12866e-06
6.12521e-06
6.11157e-06
6.12138e-06
6.11242e-06
7.64241e-06
4.7189e-06
6.15266e-06
6.11956e-06
6.14026e-06
6.14118e-06
2.05819e-07
6.11068e-06
6.1522e-06
6.12439e-06
2.32527e-08
5.85412e-06
6.13097e-06
6.13163e-06
6.12659e-06
6.1265e-06
6.12626e-06
6.13638e-06
6.12602e-06
6.12623e-06
6.11909e-06
7.5892e-06
7.02495e-06
0.000882865
6.15051e-06
6.15737e-06
6.10277e-06
8.3692e-06
6.25024e-06
6.10964e-06
6.11403e-06
6.11675e-06
6.12034e-06
6.11266e-06
6.13989e-06
7.23687e-06
6.02248e-06
6.20718e-06
6.09344e-06
6.09732e-06
6.11751e-06
4.19516e-06
6.13125e-06
6.10044e-06
6.12389e-06
6.01925e-06
6.09151e-06
6.12934e-06
7.06094e-06
6.68484e-06
6.12312e-06
6.1594e-06
1.53477e-07
2.70723e-06
6.14059e-06
6.13401e-06
6.13234e-06
6.12943e-06
6.12635e-06
6.12681e-06
6.14033e-06
6.1271e-06
6.12571e-06
6.12864e-06
6.1208e-06
6.12187e-06
6.12222e-06
6.13415e-06
6.1293e-06
6.10992e-06
6.11554e-06
5.50801e-06
6.09456e-06
6.16511e-06
6.11358e-06
5.89968e-06
6.39067e-06
6.12392e-06
6.16e-06
6.32246e-06
6.51513e-06
6.13917e-06
6.11429e-06
6.12561e-06
6.13091e-06
6.11335e-06
1.10694e-06
6.30783e-06
6.12502e-06
6.12854e-06
6.1283e-06
6.11572e-06
4.57597e-06
6.56347e-06
7.18519e-06
6.16117e-06
1.4351e-07
6.11082e-06
6.14288e-06
6.11913e-06
6.12693e-06
6.11065e-06
6.10758e-06
6.12899e-06
6.11694e-06
6.12105e-06
6.13211e-06
8.62576e-06
0.000922351
6.15724e-06
6.15195e-06
6.12177e-06
6.13884e-06
6.15946e-06
6.13988e-06
6.73242e-06
6.11491e-06
6.25011e-06
6.30844e-06
6.13233e-06
6.13544e-06
6.15429e-06
6.12874e-06
6.1291e-06
6.09144e-06
6.11824e-06
6.11113e-06
6.11279e-06
6.12064e-06
6.12068e-06
6.12121e-06
6.10855e-06
6.11398e-06
6.11142e-06
6.93751e-06
6.11464e-06
6.11332e-06
6.10856e-06
6.13636e-06
6.13385e-06
6.17309e-06
6.13088e-06
6.18583e-06
6.18356e-06
0.000905683
6.25186e-06
6.10144e-06
6.23558e-06
6.27388e-06
6.12402e-06
6.09404e-06
0.00116044
6.11336e-06
7.3417e-06
2.20045e-11
6.13478e-06
6.13246e-06
6.12989e-06
6.09523e-06
6.10505e-06
6.12353e-06
6.12328e-06
6.12231e-06
6.1152e-06
6.11776e-06
6.11646e-06
6.11434e-06
6.11466e-06
6.11294e-06
6.11088e-06
9.02299e-05
6.1489e-06
6.10269e-06
7.43097e-06
6.09326e-06
6.1087e-06
6.1097e-06
6.12563e-06
6.11747e-06
6.11925e-06
6.11744e-06
6.12317e-06
6.11475e-06
6.11276e-06
6.10675e-06
6.10978e-06
6.1075e-06
6.13543e-06
0.000290182
6.12787e-06
6.47347e-06
6.27516e-06
6.35258e-06
6.11427e-06
0.000142162
6.17659e-06
6.08685e-06
2.01884e-15
6.30835e-06
6.11169e-06
3.8091e-06
6.11818e-06
6.12736e-06
6.12652e-06
6.11276e-06
6.11557e-06
6.11451e-06
6.11443e-06
6.18077e-06
4.59484e-06
6.14449e-06
6.36602e-06
6.09803e-06
6.11763e-06
6.10666e-06
6.11011e-06
6.12203e-06
6.10662e-06
6.10505e-06
6.12448e-06
6.11437e-06
6.11432e-06
6.1053e-06
6.11269e-06
6.11432e-06
6.10921e-06
6.11665e-06
6.10198e-06
6.10046e-06
6.10012e-06
6.14782e-06
6.0489e-06
3.85334e-11
6.09687e-06
6.47516e-06
6.1851e-06
6.52754e-06
7.65486e-06
6.94548e-06
6.28953e-06
6.19459e-06
6.12429e-06
6.12312e-06
6.12256e-06
6.12397e-06
6.11424e-06
6.1124e-06
6.15505e-06
6.13978e-06
6.18381e-06
6.13645e-06
6.12067e-06
6.1508e-06
6.11356e-06
6.14246e-06
6.1523e-06
6.11404e-06
6.13104e-06
6.13142e-06
6.12704e-06
6.12725e-06
6.12619e-06
6.10697e-06
8.0568e-06
6.12933e-06
6.1326e-06
6.13598e-06
6.09822e-06
6.11554e-06
6.11706e-06
6.54921e-06
6.11085e-06
6.10708e-06
6.10252e-06
6.11345e-06
6.12034e-06
6.10779e-06
6.13757e-06
7.30568e-06
6.15664e-06
6.09588e-06
6.10246e-06
6.23713e-06
6.26292e-06
6.10157e-06
1.36348e-06
6.09532e-06
6.09956e-06
6.10763e-06
6.10849e-06
6.09033e-06
6.08928e-06
6.10798e-06
6.11057e-06
6.11153e-06
6.11264e-06
6.10531e-06
6.11338e-06
6.1144e-06
6.10893e-06
6.10282e-06
6.10197e-06
6.10046e-06
6.85288e-06
6.12024e-06
6.10038e-06
6.1447e-06
6.14318e-06
6.16402e-06
6.11403e-06
6.10004e-06
6.08666e-06
6.09305e-06
6.20765e-06
6.11332e-06
6.12299e-06
6.09318e-06
6.13292e-06
6.12963e-06
6.12707e-06
6.12649e-06
6.10493e-06
6.11466e-06
6.13379e-06
6.12058e-06
6.13821e-06
6.12724e-06
6.11364e-06
6.10685e-06
6.1219e-06
6.15375e-06
4.27611e-06
6.08069e-06
6.14842e-06
6.12742e-06
7.00275e-06
6.12883e-06
6.13194e-06
6.14091e-06
6.10549e-06
6.09845e-06
6.09691e-06
6.12718e-06
6.09562e-06
6.11545e-06
6.12776e-06
6.11978e-06
5.86938e-06
6.11467e-06
6.13072e-06
6.10894e-06
6.10274e-06
6.10988e-06
6.10189e-06
6.10029e-06
0.00138234
6.09476e-06
6.20312e-06
6.1244e-06
6.11474e-06
6.11066e-06
6.11791e-06
6.2035e-06
6.08654e-06
1.68004e-12
3.89527e-07
6.12854e-06
6.12951e-06
6.12571e-06
6.1221e-06
6.12156e-06
6.11467e-06
6.12229e-06
6.13224e-06
6.11019e-06
6.11627e-06
6.03245e-06
6.10473e-06
6.10782e-06
6.23312e-06
6.12237e-06
6.12401e-06
6.11088e-06
6.13271e-06
6.13606e-06
6.12983e-06
6.10652e-06
6.10784e-06
6.08808e-06
6.10891e-06
6.10975e-06
6.10892e-06
6.11061e-06
6.11015e-06
6.10933e-06
6.10974e-06
6.11066e-06
6.1236e-06
6.12031e-06
6.1206e-06
6.12067e-06
6.10509e-06
6.10607e-06
6.1129e-06
6.11015e-06
6.10587e-06
6.10719e-06
6.11282e-06
6.12767e-06
6.13639e-06
6.0971e-06
8.75921e-06
6.13138e-06
6.20174e-06
6.09273e-06
6.13327e-06
6.25366e-06
6.20918e-06
6.30554e-06
6.09791e-06
6.10228e-06
6.09484e-06
6.11636e-06
6.09756e-06
6.11359e-06
6.10449e-06
6.13273e-06
6.11409e-06
6.10154e-06
6.11119e-06
6.12238e-06
6.11703e-06
6.13175e-06
6.10681e-06
6.12524e-06
6.09214e-06
6.11318e-06
6.13965e-06
6.12807e-06
6.09931e-06
6.12319e-06
6.11457e-06
6.10815e-06
7.05115e-06
6.13457e-06
6.15324e-06
6.18217e-06
6.12173e-06
6.12445e-06
6.21515e-06
6.09896e-06
6.09526e-06
6.0936e-06
6.09703e-06
6.13232e-06
6.1308e-06
6.12184e-06
6.11447e-06
6.11525e-06
6.11448e-06
6.14252e-06
6.15394e-06
6.10013e-06
6.10015e-06
6.09991e-06
6.09477e-06
6.10314e-06
6.11194e-06
4.39252e-06
7.06505e-06
5.16171e-06
6.12634e-06
6.11224e-06
6.11899e-06
6.1082e-06
6.10929e-06
6.10956e-06
6.10783e-06
6.12478e-06
6.12141e-06
6.11885e-06
6.11578e-06
6.12054e-06
6.1239e-06
6.11661e-06
6.10909e-06
6.10983e-06
6.11662e-06
7.01395e-06
5.26583e-10
6.15164e-06
7.35568e-06
6.10526e-06
6.10369e-06
6.12445e-06
7.26623e-06
6.18989e-06
8.73852e-06
6.12528e-06
6.22039e-06
6.30457e-06
6.10169e-06
6.11516e-06
6.13319e-06
6.10017e-06
6.13132e-06
6.1385e-06
6.13974e-06
6.12807e-06
6.1289e-06
6.12744e-06
6.12738e-06
6.08811e-06
6.08783e-06
6.10185e-06
6.12687e-06
6.13779e-06
6.1254e-06
6.12039e-06
6.12165e-06
6.10755e-06
6.11453e-06
6.11634e-06
6.12091e-06
6.12063e-06
6.12104e-06
6.12061e-06
6.12034e-06
6.1208e-06
6.12125e-06
6.12111e-06
6.1201e-06
6.11809e-06
6.12619e-06
6.11816e-06
6.10712e-06
6.1223e-06
6.11795e-06
6.33465e-06
6.10954e-06
6.10846e-06
8.75059e-06
6.15503e-06
6.13584e-06
6.13017e-06
6.09305e-06
6.19604e-06
6.13951e-06
6.15287e-06
6.26392e-06
6.28954e-06
6.50812e-06
6.12618e-06
6.14455e-06
6.11409e-06
6.11167e-06
6.09803e-06
6.12971e-06
6.13229e-06
6.13573e-06
6.11142e-06
6.11816e-06
6.1074e-06
6.09272e-06
6.11211e-06
6.15528e-06
6.11786e-06
6.09972e-06
6.17821e-06
6.24296e-06
6.28211e-06
6.11647e-06
6.82298e-06
6.13224e-06
6.13512e-06
6.12939e-06
6.1276e-06
6.09768e-06
6.09917e-06
6.10042e-06
6.10657e-06
6.11032e-06
6.1088e-06
6.12542e-06
6.12541e-06
6.10859e-06
6.12498e-06
6.1249e-06
6.12565e-06
6.1242e-06
6.12407e-06
6.12383e-06
6.12401e-06
6.12278e-06
6.12315e-06
6.12295e-06
6.11719e-06
6.12207e-06
6.1225e-06
6.12228e-06
6.12212e-06
6.11807e-06
6.10556e-06
6.10603e-06
6.10656e-06
6.11185e-06
6.1037e-06
6.46922e-06
6.03406e-06
1.70169e-06
1.60624e-07
6.09983e-06
6.0927e-06
6.10563e-06
6.13652e-06
6.13206e-06
6.09618e-06
0.000425209
6.15496e-06
6.1447e-06
6.09899e-06
6.12404e-06
6.16302e-06
6.10132e-06
6.13811e-06
6.12706e-06
6.09395e-06
6.20926e-06
6.10025e-06
6.12952e-06
6.09402e-06
6.09366e-06
6.11835e-06
6.09616e-06
6.11088e-06
1.17168e-05
6.11761e-06
6.1319e-06
6.09556e-06
6.09924e-06
6.10187e-06
6.09943e-06
6.12621e-06
6.12658e-06
6.10833e-06
6.11263e-06
6.11526e-06
6.1099e-06
6.12406e-06
6.12282e-06
6.12095e-06
6.11921e-06
6.13542e-06
6.12121e-06
6.1169e-06
6.11952e-06
6.11079e-06
6.1099e-06
6.12421e-06
6.10402e-06
6.1083e-06
6.13929e-06
7.03737e-06
7.56361e-06
7.46201e-06
6.09704e-06
6.14727e-06
6.60107e-06
6.11719e-06
6.14467e-06
6.1264e-06
6.09791e-06
6.15016e-06
6.09481e-06
6.11135e-06
6.16685e-06
6.1066e-06
6.11763e-06
6.1488e-06
6.09987e-06
6.16247e-06
6.16097e-06
6.12335e-06
6.10296e-06
6.21757e-06
1.83119e-06
6.21597e-06
6.23738e-06
6.09544e-06
6.13499e-06
6.10528e-06
6.18891e-06
6.13054e-06
6.11294e-06
6.12138e-06
6.0935e-06
6.09514e-06
6.10635e-06
6.11033e-06
6.11515e-06
6.10972e-06
6.10486e-06
6.10567e-06
6.12644e-06
6.11148e-06
6.11486e-06
6.37505e-06
6.09247e-06
6.13369e-06
6.12977e-06
6.12376e-06
6.12695e-06
6.18071e-06
6.10547e-06
6.09652e-06
6.11717e-06
6.1783e-06
6.10588e-06
6.40544e-06
6.09582e-06
6.09661e-06
6.09744e-06
6.09863e-06
6.0951e-06
6.126e-06
6.12654e-06
6.10769e-06
6.10553e-06
6.11432e-06
6.1173e-06
6.11695e-06
6.1086e-06
6.10954e-06
5.99283e-06
6.11447e-06
6.17448e-06
6.0922e-06
6.15068e-06
6.18832e-06
6.11798e-06
6.14508e-06
6.16194e-06
6.13329e-06
6.10394e-06
6.10236e-06
6.16297e-06
5.95249e-06
5.3681e-06
6.09822e-06
6.10956e-06
6.35469e-06
6.96795e-07
2.67678e-06
6.13303e-06
6.13896e-06
6.09631e-06
6.11877e-06
6.12056e-06
6.10919e-06
6.12374e-06
6.09712e-06
6.13588e-06
6.17872e-06
6.16581e-06
6.22152e-06
6.27637e-06
6.27001e-06
6.22254e-06
6.24468e-06
6.12045e-06
6.12679e-06
6.10333e-06
6.10504e-06
6.10368e-06
6.08947e-06
6.0979e-06
6.09358e-06
6.09874e-06
6.10036e-06
6.09876e-06
6.12615e-06
6.1112e-06
6.12571e-06
6.10731e-06
6.10843e-06
6.12422e-06
6.12006e-06
6.11078e-06
6.11108e-06
6.12042e-06
6.12054e-06
6.1198e-06
6.11897e-06
6.12009e-06
6.10228e-06
6.11362e-06
6.10924e-06
6.10639e-06
6.10743e-06
6.11026e-06
6.10739e-06
6.11805e-06
6.11647e-06
6.1085e-06
6.10713e-06
6.1275e-06
6.12501e-06
6.12721e-06
6.12588e-06
6.11499e-06
6.13238e-06
6.11802e-06
6.1085e-06
6.12141e-06
6.14078e-06
6.1334e-06
6.11836e-06
6.12672e-06
6.10893e-06
1.44925e-06
6.12805e-06
6.11708e-06
6.09827e-06
6.15182e-06
6.16115e-06
6.11075e-06
6.10336e-06
6.09473e-06
6.11509e-06
6.11664e-06
6.10172e-06
6.14905e-06
6.13632e-06
6.1637e-06
7.5864e-06
6.26537e-06
6.23232e-06
6.199e-06
6.10062e-06
6.12046e-06
6.09565e-06
6.14875e-06
6.1054e-06
7.34056e-06
6.13273e-06
6.09985e-06
6.10152e-06
6.09278e-06
6.11534e-06
6.10167e-06
6.10071e-06
1.68815e-05
6.30352e-06
6.32587e-06
6.11119e-06
6.45353e-06
6.06092e-06
6.12954e-06
6.09192e-06
6.10904e-06
6.10805e-06
6.12555e-06
6.127e-06
6.11514e-06
6.10923e-06
6.02518e-06
6.12113e-06
6.12119e-06
6.1203e-06
6.12129e-06
6.12127e-06
6.12013e-06
6.11956e-06
6.12012e-06
6.1185e-06
6.10932e-06
6.12655e-06
6.11633e-06
6.12413e-06
6.11824e-06
6.11774e-06
6.10792e-06
6.13189e-06
6.13916e-06
6.14775e-06
6.13818e-06
6.15279e-06
6.09555e-06
6.0353e-06
6.08665e-06
6.15156e-06
6.28024e-06
6.12921e-06
6.17813e-06
6.11236e-06
6.14985e-06
6.10735e-06
6.14699e-06
6.10216e-06
6.15562e-06
6.10714e-06
7.84244e-10
6.1332e-06
6.09748e-06
6.16743e-06
6.11389e-06
6.10846e-06
6.10101e-06
6.12765e-06
1.62492e-06
6.12105e-06
6.10104e-06
6.14684e-06
6.14661e-06
6.14168e-06
6.09715e-06
6.14595e-06
6.14788e-06
6.16497e-06
6.78376e-06
6.16222e-06
6.11179e-06
6.20084e-06
6.16129e-06
6.17912e-06
6.01154e-06
5.97375e-06
6.09762e-06
6.09289e-06
6.09694e-06
6.10444e-06
6.09961e-06
6.10377e-06
6.09647e-06
6.12555e-06
6.12394e-06
6.12192e-06
6.12065e-06
6.12211e-06
6.11908e-06
6.12796e-06
6.1049e-06
6.10757e-06
6.11163e-06
6.14288e-06
5.87321e-06
6.01827e-06
6.12271e-06
6.12496e-06
6.11382e-06
6.10625e-06
6.1111e-06
6.10609e-06
6.10916e-06
6.12668e-06
6.10953e-06
6.12145e-06
6.11263e-06
6.1174e-06
6.11297e-06
6.10707e-06
6.12692e-06
6.11532e-06
6.13259e-06
6.11047e-06
6.09915e-06
7.35545e-06
6.12813e-06
6.11812e-06
6.12213e-06
6.12727e-06
6.09889e-06
6.11113e-06
6.09793e-06
6.10337e-06
6.09173e-06
6.10472e-06
6.14756e-06
6.14852e-06
6.15679e-06
6.11182e-06
6.10216e-06
6.1354e-06
6.21644e-06
6.14481e-06
6.11887e-06
6.10245e-06
6.1034e-06
6.18052e-06
6.15317e-06
6.1368e-06
6.13735e-06
6.34204e-06
6.15989e-06
6.155e-06
6.16444e-06
6.19615e-06
6.14877e-06
6.12025e-06
6.09482e-06
6.15979e-06
6.10704e-06
6.16766e-06
6.15872e-06
6.10411e-06
6.18755e-06
6.13262e-06
6.09656e-06
6.09544e-06
6.11723e-06
6.10084e-06
6.10099e-06
6.10501e-06
6.10024e-06
6.1971e-06
6.29891e-06
6.09302e-06
6.11462e-06
6.1017e-06
6.09818e-06
6.09435e-06
6.099e-06
6.1033e-06
6.10394e-06
6.10393e-06
6.12586e-06
6.11254e-06
5.89618e-06
6.11552e-06
6.11423e-06
6.12065e-06
6.10447e-06
6.12638e-06
6.13221e-06
6.12456e-06
6.11416e-06
6.35144e-06
6.13757e-06
6.09784e-06
6.1324e-06
6.10228e-06
6.06695e-06
6.09805e-06
6.12759e-06
6.13162e-06
6.09852e-06
6.15301e-06
6.18578e-06
6.15084e-06
6.11244e-06
6.16472e-06
6.10569e-06
6.16733e-06
6.09785e-06
6.11951e-06
6.09874e-06
6.10013e-06
6.10179e-06
6.10496e-06
6.10636e-06
6.08843e-06
6.08966e-06
6.08951e-06
6.09671e-06
6.09886e-06
6.09517e-06
6.09488e-06
6.10162e-06
6.10351e-06
6.10565e-06
6.11093e-06
6.12198e-06
6.1218e-06
6.1051e-06
6.12687e-06
6.12657e-06
6.11412e-06
6.10064e-06
6.12148e-06
6.12186e-06
6.13853e-06
6.13164e-06
0.00202906
1.74775e-06
6.1201e-06
6.11719e-06
6.15903e-06
6.14635e-06
6.0954e-06
6.09421e-06
6.09736e-06
6.15003e-06
6.13755e-06
6.16512e-06
6.1494e-06
6.10436e-06
6.09971e-06
6.10093e-06
6.14442e-06
6.11349e-06
6.09852e-06
6.14317e-06
6.16234e-06
6.10916e-06
6.10799e-06
6.16371e-06
6.10741e-06
6.15182e-06
6.10643e-06
6.10095e-06
6.09923e-06
6.10466e-06
6.15856e-06
6.16998e-06
6.16938e-06
6.18421e-06
6.18313e-06
6.16205e-06
6.16181e-06
6.09813e-06
6.27653e-06
6.10653e-06
6.22503e-06
6.10172e-06
6.09834e-06
6.10574e-06
6.09442e-06
6.14357e-06
6.09671e-06
6.10589e-06
6.10349e-06
6.10425e-06
6.20319e-06
6.0882e-06
6.10556e-06
6.12152e-06
6.10991e-06
6.12881e-06
9.17433e-06
6.10066e-06
6.10821e-06
6.11994e-06
6.12556e-06
6.11574e-06
6.10956e-06
6.12243e-06
6.12391e-06
6.10393e-06
5.30874e-06
6.12691e-06
6.12253e-06
6.12289e-06
6.11554e-06
6.13811e-06
6.1258e-06
6.14937e-06
6.11526e-06
6.19794e-06
6.22917e-06
6.18124e-06
6.10439e-06
6.26922e-06
6.10865e-06
6.12978e-06
6.12915e-06
6.0967e-06
6.10029e-06
6.09892e-06
6.10011e-06
6.10027e-06
6.10278e-06
6.1258e-06
6.11499e-06
6.11667e-06
6.1089e-06
6.12064e-06
6.12449e-06
6.1285e-06
6.13245e-06
6.1229e-06
6.11223e-06
6.11438e-06
6.1063e-06
6.00943e-06
6.12101e-06
6.12345e-06
6.12092e-06
6.11456e-06
6.10673e-06
6.10525e-06
6.1219e-06
6.10467e-06
6.133e-06
6.12301e-06
6.11128e-06
6.10933e-06
6.1115e-06
6.11739e-06
6.1141e-06
6.12383e-06
6.09986e-06
6.13836e-06
6.10836e-06
6.14054e-06
6.14006e-06
6.8034e-06
6.14006e-06
6.12139e-06
0.00198559
6.16285e-06
6.1185e-06
6.13062e-06
6.11887e-06
6.1339e-06
6.09777e-06
6.14369e-06
6.11044e-06
6.09721e-06
6.09526e-06
6.09725e-06
6.13744e-06
6.1363e-06
6.11622e-06
6.14251e-06
6.14984e-06
6.09536e-06
6.14253e-06
6.14348e-06
6.1404e-06
6.12665e-06
6.13395e-06
6.13321e-06
6.15851e-06
6.15614e-06
6.10458e-06
6.12356e-06
6.15053e-06
6.16386e-06
6.20024e-06
6.18079e-06
6.14019e-06
6.15847e-06
6.14112e-06
6.15072e-06
6.10412e-06
6.18045e-06
6.19619e-06
6.10522e-06
6.27481e-06
6.36448e-06
6.20503e-06
6.23993e-06
6.09881e-06
6.10699e-06
6.20265e-06
6.09367e-06
6.10196e-06
6.11553e-06
6.11847e-06
6.11616e-06
6.09729e-06
6.09575e-06
1.94093e-06
6.09863e-06
6.09615e-06
6.11962e-06
6.14033e-06
6.24894e-06
6.2366e-06
6.09939e-06
6.10807e-06
6.17772e-06
6.17492e-06
6.12702e-06
6.13585e-06
6.13097e-06
6.13074e-06
6.09145e-06
6.09998e-06
6.10951e-06
6.121e-06
6.10733e-06
6.10476e-06
6.1055e-06
6.11369e-06
6.11418e-06
6.11331e-06
6.12086e-06
6.1143e-06
6.13046e-06
6.10509e-06
6.12085e-06
6.12041e-06
6.12031e-06
6.10283e-06
6.13143e-06
6.10698e-06
6.11042e-06
6.10992e-06
6.13803e-06
6.10092e-06
6.11036e-06
6.13733e-06
6.13874e-06
6.09608e-06
6.09706e-06
6.14938e-06
6.12738e-06
6.15155e-06
6.10845e-06
6.12913e-06
6.16726e-06
6.0941e-06
6.13614e-06
6.11822e-06
6.11458e-06
6.15791e-06
6.10341e-06
6.16819e-06
6.13218e-06
6.10004e-06
6.16022e-06
6.17605e-06
6.22972e-06
6.15322e-06
6.0999e-06
6.10449e-06
6.24725e-06
6.20766e-06
6.30934e-06
6.11737e-06
6.12171e-06
6.10452e-06
6.09693e-06
6.13231e-06
6.14153e-06
6.10961e-06
6.13581e-06
6.26711e-06
6.16283e-06
7.13672e-06
8.68479e-06
6.03796e-06
6.11395e-06
6.09556e-06
6.10328e-06
6.10853e-06
6.08755e-06
6.08844e-06
6.09687e-06
6.09638e-06
6.09456e-06
6.11378e-06
6.11276e-06
6.10856e-06
6.12547e-06
6.11012e-06
6.11122e-06
6.115e-06
6.11031e-06
6.10664e-06
6.11846e-06
6.11694e-06
6.11075e-06
6.10529e-06
6.10684e-06
6.11108e-06
6.11759e-06
6.11679e-06
6.13708e-06
6.10119e-06
6.11498e-06
6.11197e-06
6.11819e-06
6.1525e-06
6.13646e-06
6.10539e-06
6.13999e-06
6.15994e-06
6.10284e-06
6.14467e-06
6.10547e-06
6.12776e-06
2.67384e-07
6.14173e-06
6.1059e-06
6.19217e-06
6.11169e-06
6.0947e-06
6.10188e-06
6.10367e-06
6.10223e-06
6.09142e-06
6.13015e-06
6.09776e-06
6.10705e-06
6.12161e-06
6.12376e-06
6.11931e-06
6.11596e-06
6.10207e-06
6.1064e-06
6.09533e-06
6.09618e-06
6.09868e-06
6.09415e-06
6.1012e-06
6.10046e-06
6.10894e-06
6.11272e-06
6.11039e-06
6.11132e-06
6.11313e-06
6.11502e-06
6.10614e-06
6.12034e-06
6.12123e-06
6.12013e-06
6.12024e-06
6.12109e-06
6.10718e-06
6.11813e-06
6.11463e-06
6.11205e-06
6.10988e-06
6.10712e-06
6.115e-06
6.10749e-06
6.11773e-06
6.14086e-06
6.13194e-06
6.1395e-06
6.13208e-06
6.69809e-06
6.11808e-06
6.22808e-06
6.11453e-06
6.09759e-06
1.13708e-07
6.09833e-06
6.10148e-06
6.09504e-06
6.10492e-06
6.16372e-06
6.10547e-06
6.1241e-06
6.15616e-06
6.1432e-06
6.11195e-06
6.17492e-06
6.15861e-06
6.20867e-06
6.19408e-06
6.11403e-06
6.12279e-06
6.13908e-06
6.09882e-06
6.31523e-06
6.17181e-06
6.09414e-06
6.1621e-06
6.16155e-06
6.09875e-06
6.11418e-06
6.11062e-06
6.09826e-06
6.2359e-06
6.09593e-06
6.10873e-06
6.26807e-06
6.09968e-06
6.12047e-06
6.11101e-06
6.25365e-06
6.13114e-06
6.08826e-06
6.08856e-06
6.08995e-06
6.09376e-06
6.11382e-06
6.12505e-06
6.12295e-06
6.123e-06
6.12377e-06
6.11839e-06
6.02755e-06
6.11486e-06
6.11222e-06
6.11265e-06
6.1058e-06
6.10392e-06
6.12063e-06
6.12044e-06
6.12034e-06
6.12056e-06
6.12218e-06
6.12018e-06
6.11935e-06
6.12115e-06
6.1063e-06
6.12772e-06
6.13132e-06
6.10571e-06
6.12201e-06
6.10518e-06
6.1088e-06
6.11749e-06
6.13926e-06
6.14435e-06
6.11709e-06
6.10678e-06
6.10822e-06
6.14436e-06
6.12214e-06
6.05384e-06
6.12858e-06
6.11662e-06
6.13266e-06
6.15941e-06
6.09824e-06
6.15923e-06
6.11341e-06
6.09608e-06
6.09605e-06
6.09144e-06
6.10656e-06
6.10381e-06
6.09907e-06
6.15316e-06
6.15248e-06
6.09344e-06
6.1684e-06
6.16553e-06
6.10548e-06
6.17013e-06
6.16124e-06
6.17535e-06
6.16354e-06
6.18615e-06
6.09308e-06
6.10684e-06
6.11529e-06
6.09392e-06
6.10023e-06
6.11378e-06
6.11353e-06
6.11927e-06
6.12182e-06
6.0986e-06
7.39897e-06
6.13347e-06
6.13496e-06
6.1075e-06
6.1094e-06
6.11157e-06
6.12537e-06
6.1263e-06
6.11726e-06
6.12354e-06
6.12346e-06
6.12355e-06
6.12138e-06
6.12465e-06
6.11428e-06
6.11399e-06
6.12063e-06
6.11969e-06
6.12008e-06
6.11114e-06
6.13667e-06
6.11112e-06
6.11209e-06
6.11169e-06
6.11558e-06
6.11665e-06
6.14095e-06
6.14347e-06
6.02453e-06
6.09244e-06
6.09733e-06
6.16322e-06
6.13458e-06
6.13352e-06
6.13512e-06
6.11347e-06
6.51812e-06
6.10218e-06
6.35085e-06
6.13223e-06
6.236e-06
6.09501e-06
6.0958e-06
6.23855e-06
6.13793e-06
6.12762e-06
6.0881e-06
6.08791e-06
6.0964e-06
6.09638e-06
6.09294e-06
6.10431e-06
6.123e-06
6.10648e-06
6.11003e-06
6.11441e-06
6.1462e-06
6.0257e-06
6.12186e-06
6.12578e-06
6.12033e-06
6.10569e-06
6.107e-06
6.10454e-06
6.11038e-06
6.09285e-06
6.0974e-06
6.09773e-06
6.10623e-06
6.13258e-06
6.09459e-06
6.10079e-06
6.09882e-06
6.11361e-06
6.08923e-06
6.14249e-06
6.1039e-06
6.16829e-06
6.10495e-06
5.99923e-06
6.126e-06
6.15457e-06
6.13963e-06
6.17763e-06
6.14628e-06
6.16836e-06
6.19437e-06
6.18547e-06
6.12256e-06
6.09201e-06
6.10375e-06
6.09216e-06
6.10934e-06
6.09294e-06
6.12663e-06
6.22715e-06
6.13707e-06
6.13974e-06
6.09823e-06
6.09822e-06
6.10268e-06
6.10084e-06
6.11006e-06
6.103e-06
6.12516e-06
6.1101e-06
6.10914e-06
6.11797e-06
6.11038e-06
6.12212e-06
6.12192e-06
6.12232e-06
6.12105e-06
6.11646e-06
6.12871e-06
6.13331e-06
6.10918e-06
6.10683e-06
6.11359e-06
6.11328e-06
6.12909e-06
6.1205e-06
6.11373e-06
6.12069e-06
6.10478e-06
6.10989e-06
6.10749e-06
6.13262e-06
6.12208e-06
6.11576e-06
6.13844e-06
6.14526e-06
6.10743e-06
6.05311e-06
0.00210691
6.09748e-06
6.10692e-06
6.09757e-06
6.09378e-06
6.09711e-06
6.0977e-06
6.09791e-06
6.14414e-06
6.15224e-06
6.13746e-06
6.174e-06
6.04771e-06
6.10414e-06
6.10319e-06
6.09931e-06
6.12764e-06
6.12394e-06
6.20721e-06
6.15114e-06
6.18235e-06
6.13203e-06
6.10197e-06
6.11438e-06
6.16332e-06
6.11417e-06
6.21048e-06
6.10437e-06
6.09891e-06
6.2247e-06
6.09591e-06
6.10315e-06
6.22593e-06
6.24194e-06
6.09629e-06
6.18372e-06
6.0966e-06
6.09646e-06
6.12763e-06
6.09413e-06
6.13234e-06
6.10269e-06
6.09769e-06
6.09601e-06
6.1019e-06
6.08769e-06
6.09442e-06
6.10941e-06
6.10607e-06
6.10623e-06
6.10078e-06
6.10711e-06
6.05323e-06
5.33555e-06
6.14312e-06
6.09319e-06
6.1306e-06
6.10086e-06
6.10441e-06
6.15105e-06
6.15369e-06
3.02519e-06
6.28756e-06
6.09859e-06
6.14928e-06
6.09696e-06
6.09587e-06
6.09644e-06
6.09883e-06
6.09789e-06
6.11064e-06
6.1088e-06
6.10673e-06
6.09029e-06
6.09636e-06
6.09489e-06
6.09697e-06
6.11168e-06
6.12396e-06
6.1208e-06
6.10871e-06
6.12012e-06
6.12057e-06
6.12027e-06
6.10722e-06
6.12662e-06
6.13216e-06
8.45197e-06
6.09867e-06
6.10011e-06
6.15122e-06
6.15167e-06
6.09855e-06
6.09232e-06
6.1273e-06
6.10796e-06
6.10647e-06
6.18444e-06
6.13601e-06
6.1396e-06
6.10345e-06
6.22214e-06
9.67591e-08
6.44145e-06
6.10084e-06
6.09993e-06
6.10641e-06
6.11524e-06
6.09691e-06
6.10952e-06
6.11321e-06
6.12122e-06
6.09209e-06
6.12204e-06
6.13732e-06
6.10271e-06
6.13981e-06
6.13242e-06
6.10007e-06
6.10334e-06
0.000194459
6.13213e-06
6.12806e-06
6.12686e-06
6.10757e-06
6.09648e-06
6.09874e-06
6.10158e-06
6.10032e-06
6.11145e-06
6.12598e-06
6.11743e-06
6.11266e-06
6.12127e-06
6.1238e-06
6.10592e-06
6.11822e-06
6.10515e-06
6.12217e-06
6.10356e-06
6.10616e-06
6.12305e-06
6.13266e-06
6.11688e-06
8.03732e-06
8.55417e-06
6.14321e-06
8.82127e-06
0.00179003
6.15628e-06
6.09989e-06
6.09746e-06
6.11419e-06
6.12835e-06
6.10572e-06
6.12368e-06
6.78059e-06
6.1404e-06
6.20152e-06
6.16058e-06
7.48627e-06
6.11194e-06
6.47184e-06
6.16157e-06
6.22381e-06
6.89814e-06
6.09095e-06
6.15321e-06
6.10225e-06
6.22996e-06
2.48439e-06
7.6529e-06
6.0947e-06
6.20496e-06
6.09624e-06
6.09638e-06
6.24083e-06
6.13151e-06
6.12043e-06
6.24212e-06
6.09376e-06
6.10939e-06
6.11592e-06
9.35593e-06
6.09632e-06
6.0951e-06
6.09235e-06
6.09354e-06
6.09732e-06
6.12486e-06
6.10474e-06
6.11404e-06
6.11298e-06
6.11247e-06
6.13471e-06
6.11324e-06
6.13492e-06
6.10769e-06
6.10289e-06
6.11116e-06
6.11498e-06
6.09777e-06
6.07485e-06
6.11842e-06
6.17733e-06
6.10428e-06
6.26734e-06
6.12699e-06
6.10229e-06
6.13928e-06
6.28077e-06
6.2726e-06
6.13143e-06
6.12891e-06
6.12675e-06
6.10852e-06
6.11125e-06
6.11213e-06
6.12041e-06
6.10522e-06
6.10701e-06
6.11099e-06
6.13231e-06
6.11177e-06
6.11123e-06
6.13502e-06
6.10903e-06
6.31662e-06
6.12019e-06
6.11986e-06
6.26774e-06
6.18527e-06
6.09136e-06
6.09542e-06
6.10005e-06
6.10168e-06
6.10044e-06
6.09034e-06
6.09338e-06
6.09601e-06
6.09556e-06
6.09747e-06
6.12598e-06
6.12657e-06
6.12576e-06
6.12188e-06
6.12031e-06
6.11372e-06
6.12111e-06
6.12069e-06
6.10613e-06
6.10641e-06
6.2582e-06
6.1059e-06
6.46292e-06
7.35893e-06
6.09784e-06
6.14522e-06
6.14474e-06
6.15088e-06
6.09322e-06
7.17367e-06
3.91866e-06
6.61877e-06
6.21391e-06
6.20762e-06
6.15078e-06
6.111e-06
2.04551e-08
6.14602e-06
6.28088e-06
6.10334e-06
6.10571e-06
6.10634e-06
6.11621e-06
4.97823e-06
6.10971e-06
6.11672e-06
6.34969e-06
6.13207e-06
6.15029e-06
6.0974e-06
6.06287e-06
6.12104e-06
6.11257e-06
6.14731e-06
6.14847e-06
6.10448e-06
6.14466e-06
6.10916e-06
6.13696e-06
6.10124e-06
6.11107e-06
6.15651e-06
6.12607e-06
6.11979e-06
6.12311e-06
6.12164e-06
6.10514e-06
6.13802e-06
6.03465e-06
6.11128e-06
6.07298e-06
6.10088e-06
6.11638e-06
6.15432e-06
6.11911e-06
6.15587e-06
6.11048e-06
6.12979e-06
6.1494e-06
6.10216e-06
6.1115e-06
6.13993e-06
6.16408e-06
6.18999e-06
6.06644e-06
6.13358e-06
6.13413e-06
6.13732e-06
6.10244e-06
6.2027e-06
6.09114e-06
6.09825e-06
6.09988e-06
6.09632e-06
6.23075e-06
5.91456e-06
6.10505e-06
6.10641e-06
6.10803e-06
6.12581e-06
6.12399e-06
6.12203e-06
6.12141e-06
6.12095e-06
6.1203e-06
6.13137e-06
6.11162e-06
5.89099e-06
6.1149e-06
6.12957e-06
6.09703e-06
6.11455e-06
6.10509e-06
6.10495e-06
6.11466e-06
6.11332e-06
6.11734e-06
6.12617e-06
6.11548e-06
6.11425e-06
6.13233e-06
6.1072e-06
6.11281e-06
6.12414e-06
6.14834e-06
6.11269e-06
6.18892e-06
8.14411e-06
6.18563e-06
6.10395e-06
6.20028e-06
6.16254e-06
6.11499e-06
6.11371e-06
6.11952e-06
6.0998e-06
6.11867e-06
6.12506e-06
6.09578e-06
6.10229e-06
6.13785e-06
6.1557e-06
6.29805e-06
6.09017e-06
6.11496e-06
6.11302e-06
6.12847e-06
6.10774e-06
6.11972e-06
6.14354e-06
6.15714e-06
6.10856e-06
6.0976e-06
6.14678e-06
8.20634e-06
6.12658e-06
6.11448e-06
6.13389e-06
6.15794e-06
6.10726e-06
6.09124e-06
6.14749e-06
6.10591e-06
6.10091e-06
6.37021e-06
6.24244e-06
6.12691e-06
6.12633e-06
6.10763e-06
6.07966e-06
6.10131e-06
6.16587e-06
7.18831e-06
6.13372e-06
6.15449e-06
6.12428e-06
6.14496e-06
6.18218e-06
6.41564e-06
6.13347e-06
6.12679e-06
6.12371e-06
6.1211e-06
6.11481e-06
6.11386e-06
6.13236e-06
6.12461e-06
6.10471e-06
6.11951e-06
6.1202e-06
6.1315e-06
6.1154e-06
6.16601e-06
6.28825e-06
0.00184723
6.10364e-06
6.18344e-06
6.16799e-06
6.13511e-06
6.11166e-06
6.14037e-06
6.12185e-06
6.17738e-06
6.14297e-06
7.05418e-06
6.11006e-06
6.13892e-06
6.14799e-06
6.20182e-06
1.07452e-10
6.18848e-06
6.10722e-06
6.10228e-06
6.18074e-06
6.27364e-06
6.10543e-06
5.76789e-06
6.11561e-06
6.12903e-06
6.12777e-06
6.09619e-06
6.10008e-06
6.1263e-06
6.11993e-06
6.11723e-06
6.11845e-06
6.12158e-06
6.12867e-06
6.10911e-06
0.00203972
6.1284e-06
6.07542e-06
6.11721e-06
6.12361e-06
6.13256e-06
6.13845e-06
6.17797e-06
6.09924e-06
6.12502e-06
6.23911e-06
1.04543e-07
6.10162e-06
6.11493e-06
6.11889e-06
6.23476e-06
6.10336e-06
6.11055e-06
6.12245e-06
6.12546e-06
6.08573e-06
6.10227e-06
7.96564e-06
6.1021e-06
6.13965e-06
6.2277e-06
6.29965e-06
6.10486e-06
6.17756e-06
6.12689e-06
6.09869e-06
6.10296e-06
6.11263e-06
6.1266e-06
6.12888e-06
6.13402e-06
6.12012e-06
6.11537e-06
6.11381e-06
6.88149e-06
6.11811e-06
6.10111e-06
6.15197e-06
6.02568e-06
6.1084e-06
6.10822e-06
6.07553e-06
6.11267e-06
8.13845e-06
6.15552e-06
6.09378e-06
6.09943e-06
6.09905e-06
6.10858e-06
6.11453e-06
3.42585e-06
6.29223e-06
6.11131e-06
6.66729e-06
6.05316e-06
6.13415e-06
6.13717e-06
6.13375e-06
6.13811e-06
6.12933e-06
6.09816e-06
6.13933e-06
6.13772e-06
6.12262e-06
6.11507e-06
6.09272e-06
6.1166e-06
6.11435e-06
6.10706e-06
6.10394e-06
6.13231e-06
6.10285e-06
6.11515e-06
6.13813e-06
6.02203e-06
6.10884e-06
6.4627e-06
6.1148e-06
6.04912e-06
6.13266e-06
6.16334e-06
6.20772e-06
6.13325e-06
6.11337e-06
6.08625e-06
6.13802e-06
6.39927e-06
6.16968e-06
6.70014e-06
6.13091e-06
6.1487e-06
6.1234e-06
6.12459e-06
6.16882e-06
6.10883e-06
3.47153e-08
6.14083e-06
6.37233e-06
6.12595e-06
6.11536e-06
6.11947e-06
6.12348e-06
6.10548e-06
6.11438e-06
5.93709e-06
6.12825e-06
7.3263e-06
6.11826e-06
6.12358e-06
6.1142e-06
7.68551e-06
6.13324e-06
6.09989e-06
6.10123e-06
6.12857e-06
6.11894e-06
6.01076e-06
6.13419e-06
6.13572e-06
6.09325e-06
6.13937e-06
6.10887e-06
6.12445e-06
6.10508e-06
6.12433e-06
6.12121e-06
6.12072e-06
6.10869e-06
6.10072e-06
6.1149e-06
6.11563e-06
6.14811e-06
6.11299e-06
9.77147e-08
6.127e-06
6.13539e-06
7.47639e-06
6.09975e-06
6.11393e-06
6.12005e-06
6.08613e-06
6.12276e-06
6.10878e-06
6.12362e-06
6.12342e-06
6.12138e-06
6.12079e-06
6.11047e-06
5.92322e-06
6.11442e-06
6.12428e-06
6.12105e-06
6.12118e-06
6.12041e-06
6.12017e-06
6.1204e-06
6.13879e-06
8.10689e-06
6.11388e-06
6.11416e-06
6.4625e-06
0.00203525
6.11271e-06
6.11181e-06
6.11976e-06
5.90776e-06
6.12855e-06
6.19813e-06
6.12371e-06
6.10027e-06
2.52553e-07
6.10903e-06
6.11892e-06
6.11814e-06
6.11353e-06
2.41826e-06
6.86781e-08
6.13816e-06
8.44523e-06
6.12794e-06
6.12713e-06
6.10851e-06
6.12598e-06
6.12599e-06
6.12628e-06
6.11323e-06
6.1221e-06
7.37399e-06
6.15056e-06
8.09655e-06
6.1273e-06
6.10529e-06
2.76335e-06
5.24655e-07
6.10416e-06
6.12678e-06
6.12225e-06
6.11148e-06
6.12217e-06
6.14054e-06
6.09967e-06
6.13063e-06
6.10214e-06
6.29122e-06
6.7266e-06
6.1782e-06
6.12515e-06
6.11354e-06
6.12388e-06
6.12243e-06
6.1219e-06
6.10543e-06
6.1087e-06
6.13202e-06
6.10344e-06
6.08922e-06
6.14865e-06
6.11819e-06
6.11843e-06
6.14913e-06
6.14719e-06
6.14155e-06
6.16044e-06
6.10041e-06
6.24123e-06
2.72565e-07
6.11376e-06
6.11098e-06
6.08862e-06
6.11501e-06
6.37219e-06
6.10281e-06
6.08959e-06
6.12568e-06
6.10589e-06
6.15847e-06
6.1008e-06
6.13176e-06
6.09435e-06
6.10508e-06
6.11438e-06
6.11469e-06
6.11426e-06
6.14329e-06
6.13355e-06
6.11266e-06
6.1127e-06
6.12949e-06
6.12706e-06
6.11153e-06
6.11514e-06
6.13595e-06
6.13075e-06
6.10355e-06
6.12625e-06
6.14619e-06
6.24983e-06
6.19108e-06
8.11155e-06
8.13871e-06
6.12378e-06
6.11363e-06
6.10242e-06
6.11411e-06
6.13081e-06
0.000417241
6.13801e-06
6.13211e-06
6.10798e-06
6.12659e-06
6.10482e-06
6.10502e-06
6.1056e-06
6.11279e-06
6.1137e-06
6.12117e-06
6.11694e-06
8.40847e-06
1.54259e-06
5.96816e-06
6.09527e-06
6.11231e-06
6.09975e-06
3.78569e-11
6.31547e-06
6.11826e-06
6.12942e-06
6.39653e-06
6.17083e-06
6.11292e-06
6.20219e-06
6.15926e-06
6.13018e-06
6.12683e-06
6.10915e-06
1.2743e-09
6.12951e-06
6.10511e-06
6.10491e-06
6.10538e-06
6.11413e-06
6.14121e-06
5.92637e-06
5.93848e-06
6.11115e-06
6.11154e-06
6.13946e-06
6.03089e-06
7.07394e-06
6.13208e-06
6.09379e-06
6.13761e-06
8.64522e-06
6.0992e-06
6.11225e-06
6.13143e-06
6.09038e-06
6.11576e-06
6.11817e-06
6.12097e-06
6.11038e-06
6.11027e-06
6.11017e-06
6.13397e-06
6.1362e-06
6.09698e-06
6.37018e-06
5.45737e-06
6.12427e-06
6.13581e-06
5.81833e-06
6.10181e-06
6.12608e-06
6.10534e-06
6.10558e-06
6.10646e-06
6.10917e-06
6.11424e-06
6.11708e-06
5.90206e-06
5.99065e-06
6.12063e-06
6.11264e-06
6.10756e-06
6.10974e-06
8.0608e-07
6.12797e-06
6.12421e-06
6.13418e-06
5.29485e-06
6.35351e-06
5.9276e-06
6.20135e-06
6.0978e-06
6.11328e-06
5.0064e-06
6.11308e-06
6.09918e-06
6.11173e-06
5.93234e-06
6.0463e-06
6.12105e-06
6.12638e-06
6.11172e-06
6.12595e-06
6.15501e-06
6.12204e-06
6.14032e-06
7.46292e-06
7.26802e-06
6.1145e-06
6.1041e-06
6.44131e-06
1.19996e-10
7.9676e-09
6.12816e-06
6.12692e-06
6.10354e-06
6.12943e-06
6.1351e-06
6.13765e-06
6.13555e-06
6.13236e-06
1.03494e-07
6.6069e-05
6.12597e-06
6.12203e-06
6.12016e-06
6.10545e-06
6.15097e-06
6.12407e-06
6.09726e-06
6.11496e-06
6.14421e-06
6.12439e-06
6.11042e-06
7.3234e-06
7.55795e-06
5.98107e-06
6.13244e-06
2.19508e-06
6.17107e-06
6.10266e-06
6.11374e-06
6.11107e-06
6.2411e-06
6.11017e-06
6.10486e-06
6.13402e-06
6.1098e-06
6.14051e-06
6.13973e-06
6.11497e-06
6.12997e-06
6.17534e-06
6.33215e-06
6.11511e-06
1.51201e-06
6.1082e-06
6.10839e-06
6.21121e-06
6.11816e-06
6.15765e-06
6.14043e-06
6.1134e-06
6.1086e-06
6.11258e-06
6.1319e-06
6.06305e-06
6.11401e-06
6.1185e-06
3.18531e-06
6.12763e-06
6.10789e-06
6.11599e-06
6.12112e-06
6.14372e-06
6.1145e-06
1.16512e-07
6.11222e-06
7.66899e-06
6.1066e-06
6.10826e-06
6.13416e-06
6.14905e-06
6.13641e-06
6.11448e-06
6.13096e-06
6.133e-06
6.13646e-06
6.13582e-06
6.12917e-06
6.12845e-06
6.12343e-06
6.17542e-06
6.12064e-06
6.12046e-06
6.03839e-06
8.53024e-06
6.09945e-06
6.11885e-06
6.14792e-06
6.14094e-06
6.12628e-06
6.12394e-06
6.10692e-06
6.12691e-06
6.12723e-06
6.12114e-06
6.12774e-06
7.12593e-06
6.15453e-06
6.127e-06
6.14349e-06
6.09671e-06
6.13787e-06
6.1035e-06
6.13291e-06
6.03363e-06
8.5142e-10
6.09338e-06
6.19245e-06
2.25468e-08
1.02754e-06
6.12618e-06
6.12052e-06
6.13603e-06
7.20373e-06
8.52573e-06
9.14699e-06
5.39144e-06
6.09612e-06
6.12713e-06
6.31371e-06
6.09874e-06
6.12763e-06
6.17937e-06
6.18038e-06
6.18024e-06
6.13765e-06
6.09692e-06
6.12568e-06
6.12771e-06
6.10786e-06
6.12476e-06
7.61576e-06
6.09948e-06
6.10881e-06
6.16244e-06
6.25554e-06
6.11734e-06
6.17018e-06
6.28646e-06
6.11716e-06
5.86352e-06
6.06829e-06
6.92049e-06
6.41469e-06
6.17417e-06
6.20455e-06
6.10916e-06
6.20609e-06
4.38757e-10
6.13891e-06
6.13278e-06
6.10979e-06
6.12019e-06
6.10822e-06
6.09476e-06
7.9973e-06
6.02716e-06
6.49023e-06
6.09171e-06
6.11474e-06
6.13991e-06
6.13846e-06
7.05588e-06
6.70446e-09
6.13037e-06
6.05354e-06
1.80335e-07
6.09512e-06
6.13695e-06
6.11915e-06
6.12571e-06
6.1254e-06
6.09421e-06
6.09998e-06
6.0766e-06
6.1098e-06
6.10817e-06
6.1096e-06
6.33142e-06
6.06732e-06
5.16444e-06
6.27353e-06
6.09702e-06
6.09278e-06
6.11432e-06
6.13994e-06
6.11505e-06
8.38225e-06
7.27405e-06
6.12987e-06
6.18728e-06
6.09671e-06
8.15473e-06
6.13023e-06
5.75857e-06
3.96041e-07
6.10233e-06
6.10507e-06
7.50736e-06
6.03595e-06
3.13442e-11
1.43102e-10
6.12442e-06
2.87878e-08
6.12004e-06
7.83381e-09
6.11543e-06
6.141e-06
6.12014e-06
7.53654e-06
6.04915e-06
6.11904e-06
6.13583e-06
6.44578e-06
6.06237e-06
6.11908e-06
6.12045e-06
6.11324e-06
6.27292e-06
6.09384e-06
6.11844e-06
6.12717e-06
6.11423e-06
6.10715e-06
6.05068e-06
6.05105e-06
6.10432e-06
6.10556e-06
6.21818e-06
6.81193e-06
6.13007e-06
6.1801e-06
6.13199e-06
6.11489e-06
6.82294e-06
6.11853e-06
6.14839e-06
6.07732e-06
6.14014e-06
6.0972e-06
6.11374e-06
6.05395e-06
6.10808e-06
6.53766e-06
2.2481e-08
1.704e-05
6.13313e-06
6.15357e-06
6.13159e-06
6.13062e-06
6.1344e-06
6.11608e-06
6.12033e-06
6.10592e-06
6.94852e-06
0.000249328
0.00203537
6.11128e-06
6.14139e-06
6.13542e-06
6.10309e-06
0.000109379
6.1131e-06
7.01613e-06
6.10778e-06
3.13843e-06
8.14772e-09
6.12701e-06
6.09517e-06
6.12682e-06
6.11673e-06
6.11538e-06
6.23221e-06
8.69233e-06
6.87845e-06
6.21203e-06
6.12389e-06
6.11449e-06
6.12222e-06
4.50895e-06
6.16269e-06
6.12744e-06
6.12175e-06
6.08191e-06
6.09697e-06
6.12138e-06
6.10887e-06
1.86623e-05
6.1362e-06
6.1139e-06
6.11587e-06
6.69645e-06
8.18569e-06
6.13345e-06
6.08898e-06
7.14698e-06
6.11481e-06
6.1102e-06
6.11722e-06
6.13409e-06
6.24193e-06
6.12999e-06
6.10097e-06
2.30331e-07
6.11442e-06
6.14093e-06
6.13485e-06
7.74705e-06
0.00206177
6.0947e-06
6.13096e-06
6.13509e-06
6.285e-06
6.12077e-06
6.11206e-06
6.06085e-06
6.41098e-06
0.00203148
2.30866e-09
8.69206e-06
8.28006e-08
6.10301e-06
2.23905e-06
6.24849e-06
6.11463e-06
6.1159e-06
5.02317e-09
6.42132e-06
6.12882e-06
6.12732e-06
6.11687e-06
6.1047e-06
9.0088e-06
6.36102e-06
6.12825e-06
6.13452e-06
6.14281e-06
6.09741e-06
6.11442e-06
6.13095e-06
6.13162e-06
6.12561e-06
6.49425e-06
6.13141e-06
6.16838e-06
6.09474e-06
6.12097e-06
6.09655e-06
9.31044e-14
7.3676e-07
6.10647e-06
6.09294e-06
6.12172e-06
6.13772e-06
6.13154e-06
6.27538e-06
6.1059e-06
6.12763e-06
6.12452e-06
6.10134e-06
6.07528e-06
6.12533e-06
6.1134e-06
6.11438e-06
6.11062e-06
6.12025e-06
6.11428e-06
3.99689e-08
1.36311e-11
6.13216e-06
6.13275e-06
7.75035e-08
6.11515e-06
6.12917e-06
6.12783e-06
6.10748e-06
6.12854e-06
0.00209703
5.93944e-06
6.13174e-06
6.10767e-06
6.12002e-06
6.09381e-06
6.1211e-06
6.13171e-06
6.14945e-06
6.21136e-06
6.13471e-06
6.79164e-06
6.21614e-06
6.22158e-06
0.00019293
6.13227e-06
6.11418e-06
7.22071e-06
6.11336e-06
7.34462e-06
6.13914e-06
6.10534e-06
4.26268e-09
6.1444e-06
6.14413e-06
6.14236e-06
6.09757e-06
6.13427e-06
6.10227e-06
6.12156e-06
2.02175e-06
7.59289e-06
6.12603e-06
6.89574e-06
6.1482e-06
6.12561e-06
6.11798e-06
6.12265e-06
6.12938e-06
6.11454e-06
7.3635e-06
6.10721e-06
6.50262e-06
6.10079e-06
6.23632e-06
6.13e-06
6.25936e-06
6.0377e-06
6.13347e-06
6.14749e-06
6.10187e-06
6.35399e-06
6.17143e-06
6.20533e-06
6.13631e-06
6.12811e-06
6.10559e-06
6.10263e-06
6.10903e-06
6.14589e-06
6.137e-06
6.13485e-06
6.07158e-06
7.29177e-06
6.11861e-06
3.15979e-06
6.13645e-06
2.03719e-06
6.03667e-06
6.10681e-06
6.12134e-06
6.14393e-06
6.16481e-06
2.43872e-06
3.63488e-06
6.1293e-06
6.12662e-06
6.1308e-06
6.12088e-06
4.55073e-06
6.11427e-06
6.12385e-06
6.27319e-06
6.12962e-06
6.10513e-06
7.10206e-06
6.12832e-06
8.18913e-09
6.1304e-06
6.19748e-06
6.12572e-06
0.000271092
6.94226e-06
6.11513e-06
6.12333e-06
6.11808e-06
6.12109e-06
6.2273e-06
6.75997e-06
6.14237e-06
6.11366e-06
6.09503e-06
6.13222e-06
6.05985e-06
7.05155e-09
6.13858e-06
6.12431e-06
3.4758e-09
6.97617e-06
6.06452e-06
6.049e-06
6.10749e-06
6.11958e-06
6.12423e-06
8.35484e-07
6.11229e-06
6.11775e-06
6.10645e-06
6.11358e-06
6.17684e-06
6.13508e-06
6.10888e-06
7.00423e-06
6.11453e-06
0.000362361
6.13357e-06
7.00011e-06
7.8712e-06
6.12864e-06
6.09546e-06
6.11384e-06
6.03636e-06
6.13933e-06
6.09875e-06
6.12602e-06
6.11277e-06
6.11475e-06
6.11196e-06
1.29541e-07
2.53172e-07
6.12042e-06
6.11368e-06
6.09552e-06
5.96191e-06
6.10672e-06
6.11303e-06
8.11904e-06
6.11456e-06
6.14066e-06
6.24275e-06
2.3495e-06
6.1092e-06
6.10841e-06
6.65926e-06
2.83616e-07
6.12949e-06
6.11157e-06
6.10568e-06
6.04487e-06
1.63147e-05
6.13109e-06
6.12713e-06
6.12418e-06
6.10371e-06
7.28562e-06
6.01909e-06
6.13363e-06
1.30195e-08
6.12723e-06
8.87957e-06
6.10684e-06
6.12399e-06
6.43449e-06
6.12093e-06
6.09774e-06
7.01612e-06
6.10758e-06
6.98163e-06
6.1196e-06
8.30768e-06
6.54872e-06
7.07807e-06
6.10527e-06
6.11475e-06
7.50113e-06
4.68865e-06
6.1132e-06
6.72645e-06
6.13275e-06
6.12575e-06
3.09896e-06
5.76671e-06
6.12465e-06
6.12321e-06
6.07011e-06
6.10941e-06
6.10896e-06
6.19303e-06
6.16908e-06
6.11261e-06
6.09729e-06
6.10951e-06
6.12455e-06
2.06482e-06
6.13837e-06
6.3605e-06
6.14128e-06
6.12746e-06
6.13668e-06
6.10356e-06
6.13513e-06
6.16113e-06
6.12712e-06
6.09545e-06
6.13087e-06
6.11631e-06
6.10414e-06
6.13484e-06
6.14916e-06
6.12859e-06
1.95994e-05
6.30104e-06
6.12469e-06
6.12259e-06
6.11418e-06
6.13518e-06
0.0012016
6.33955e-06
6.11449e-06
6.11416e-06
6.13975e-06
6.09806e-06
6.14959e-06
2.59345e-06
6.06558e-06
6.56823e-06
6.11158e-06
6.11361e-06
6.11257e-06
6.11409e-06
2.28669e-07
6.99627e-06
6.11498e-06
6.12584e-06
6.10469e-06
6.2376e-06
1.76887e-13
9.5249e-09
6.11463e-06
6.13418e-06
7.35738e-06
7.01255e-06
6.17108e-06
6.12954e-06
6.09436e-06
0.00128363
6.09447e-06
6.12321e-06
6.12049e-06
6.09761e-06
6.09643e-06
5.95219e-06
0.000205339
6.1274e-06
6.11769e-06
6.11433e-06
4.13792e-06
6.12738e-06
8.43665e-06
6.13846e-06
6.2626e-06
6.12732e-06
6.10494e-06
6.15004e-06
0.000453331
6.12061e-06
8.18112e-06
6.06909e-06
1.4642e-08
6.12903e-06
6.12557e-06
6.17064e-06
6.13723e-06
6.03854e-06
6.12173e-06
6.0637e-06
6.11449e-06
4.51816e-07
6.11417e-06
6.09002e-06
6.11061e-06
7.29721e-06
5.91498e-06
6.12792e-06
6.11936e-06
6.11429e-06
5.90411e-06
6.1346e-06
6.21503e-06
5.95457e-06
6.13678e-06
6.12497e-06
6.12825e-06
5.89417e-06
6.07681e-06
6.10119e-06
6.1095e-06
6.33454e-06
7.09028e-06
6.14816e-06
6.03784e-06
6.10532e-06
6.22542e-06
7.81913e-06
8.39017e-06
6.17218e-06
1.16403e-08
6.07947e-06
6.12942e-06
4.06089e-06
1.03821e-08
2.7492e-07
6.98243e-06
6.11277e-06
6.11664e-06
6.14102e-06
7.17964e-09
6.09635e-06
6.11369e-06
6.12635e-06
6.12853e-06
6.05028e-06
6.12492e-06
6.10769e-06
6.12614e-06
6.11804e-06
6.17853e-06
6.15565e-06
6.18268e-06
4.73089e-09
7.28778e-06
6.12799e-06
6.12595e-06
6.13605e-06
5.85736e-06
6.15106e-06
6.12155e-06
6.12456e-06
9.17175e-08
6.134e-06
0.0014489
7.9089e-06
6.11453e-06
6.14694e-06
1.5166e-06
6.12694e-06
6.12652e-06
6.11584e-06
5.93599e-06
6.12823e-06
8.07918e-06
6.13079e-06
6.12602e-06
1.654e-07
6.13389e-06
6.12118e-06
6.11167e-06
6.11475e-06
6.1353e-06
6.14179e-06
6.12856e-06
6.11249e-06
6.13387e-06
6.11644e-06
6.13134e-06
0.00158825
2.41258e-09
6.12603e-06
6.11791e-06
6.11929e-06
1.83062e-09
6.13138e-06
3.4724e-09
6.11233e-06
6.12753e-06
5.75286e-06
2.52211e-06
6.11702e-06
0.00010691
6.10695e-06
6.10691e-06
6.11373e-06
6.13399e-06
6.12063e-06
6.12604e-06
6.11801e-06
4.37298e-08
6.13064e-06
6.1156e-06
6.31165e-06
6.09703e-06
6.14157e-06
6.1154e-06
6.1024e-06
6.13349e-06
5.90125e-06
6.1418e-06
6.11472e-06
6.11485e-06
0.00198805
1.55722e-06
6.7969e-06
5.16408e-06
6.14246e-06
0.000726777
6.1267e-06
1.40286e-10
6.05674e-06
6.12429e-06
3.08802e-06
6.12759e-06
0.0019793
6.1348e-06
6.14144e-06
6.05745e-06
7.41841e-06
6.14867e-06
6.01429e-06
6.3089e-06
6.14699e-06
6.7336e-06
6.13249e-06
7.04047e-07
6.11468e-06
6.11558e-06
8.65706e-06
0.00206762
6.12739e-06
6.13141e-06
6.14043e-06
1.07196e-06
6.10436e-06
6.14606e-06
1.60186e-08
0.000492479
6.12802e-06
6.11499e-06
6.12455e-06
8.05354e-08
7.0332e-06
0.00137073
1.56186e-08
0.00200765
7.6635e-06
6.11454e-06
6.1376e-06
6.11231e-06
6.1325e-06
6.11581e-06
6.12204e-06
6.13372e-06
6.11272e-06
6.31278e-06
0.000482839
6.12746e-06
6.12799e-06
6.18163e-06
6.1325e-06
6.13666e-06
5.30146e-07
6.60672e-06
7.05215e-06
6.1152e-06
6.16342e-06
7.49414e-06
3.02797e-08
6.18658e-06
6.11107e-06
6.1655e-06
5.28829e-07
6.12019e-06
8.35552e-06
7.13277e-06
6.10655e-06
6.28101e-07
6.13866e-06
6.11939e-06
6.11819e-06
6.11214e-06
5.93351e-06
6.13131e-06
6.13352e-06
6.12894e-06
6.11412e-06
6.11324e-06
6.0288e-06
5.96577e-06
6.12458e-06
6.13587e-06
6.12493e-06
6.13517e-06
6.86389e-09
6.12018e-06
5.9316e-06
6.10311e-06
9.04256e-10
5.23512e-06
6.1046e-06
2.65108e-07
6.12984e-06
7.62496e-09
6.13801e-06
6.08856e-06
8.48991e-06
6.91326e-06
6.14026e-06
6.14654e-06
6.13855e-06
6.11176e-06
6.09922e-06
6.16019e-06
6.15747e-06
6.11375e-06
6.12748e-06
6.10461e-06
6.14083e-06
6.13035e-06
6.12692e-06
6.10687e-06
6.85623e-06
4.91246e-10
6.15928e-06
7.59831e-06
6.10308e-06
6.17473e-06
6.11991e-06
6.13334e-06
6.1241e-06
6.26964e-06
7.59476e-07
6.1292e-06
6.13216e-06
6.10915e-06
6.11533e-06
6.13289e-06
6.13017e-06
6.1271e-06
6.35113e-06
9.55236e-08
6.18576e-06
6.13236e-06
2.32104e-06
5.96977e-06
6.12425e-06
6.12529e-06
1.08468e-08
6.1249e-06
6.12716e-06
0.000823913
6.15905e-06
1.2813e-06
6.09262e-06
6.1691e-06
5.92772e-06
6.13165e-06
6.30437e-06
6.93005e-09
6.15603e-06
6.12491e-06
6.10315e-06
6.09126e-06
6.07097e-06
0.000734
6.8712e-06
6.09506e-06
6.13201e-06
6.11457e-06
6.11264e-06
6.12848e-06
1.2587e-09
6.09955e-06
6.10269e-06
6.11456e-06
5.96218e-06
6.04003e-06
6.11478e-06
6.13554e-06
6.11767e-06
4.71893e-08
6.12264e-06
6.12535e-06
6.11465e-06
6.11357e-06
6.20705e-06
6.02629e-06
6.12138e-06
6.11449e-06
5.90762e-06
6.0967e-06
6.13332e-06
6.12573e-06
6.1358e-06
6.15293e-06
4.84713e-06
6.11569e-06
6.17489e-06
0.000599586
1.24651e-08
8.60706e-09
4.86884e-12
6.45984e-06
5.44117e-06
6.12731e-06
6.08753e-06
6.56546e-06
1.09574e-06
2.34438e-06
6.1647e-06
6.1292e-06
6.14185e-06
6.11343e-06
6.12554e-06
6.1138e-06
3.53779e-08
6.12465e-06
6.59383e-06
6.13013e-06
7.27897e-06
9.48946e-08
0.00168578
6.02281e-06
0.00045139
6.13078e-06
6.12694e-06
2.59644e-06
6.21716e-06
6.12721e-06
6.12551e-06
0.00174089
6.37792e-06
6.52345e-06
6.12878e-06
6.10028e-06
6.12908e-06
7.41054e-06
6.12321e-06
6.12547e-06
6.10401e-06
5.99846e-06
6.24231e-06
6.11965e-06
6.13387e-06
6.11716e-06
4.14329e-10
6.14237e-06
6.11146e-06
8.48503e-06
6.11447e-06
6.13237e-06
1.87691e-07
5.9385e-06
6.12895e-06
6.45289e-06
6.12578e-06
6.12331e-06
6.12245e-06
6.13523e-06
6.62426e-07
6.11247e-06
6.11014e-06
6.13887e-06
6.13466e-06
6.09857e-06
6.11458e-06
5.92324e-06
6.12917e-06
6.12381e-06
6.08676e-06
4.82253e-08
6.11424e-06
0.000919863
6.54492e-06
6.14499e-06
6.12342e-06
6.1243e-06
6.12446e-06
6.13662e-06
1.32572e-07
6.72851e-06
6.11513e-06
3.6766e-06
0.000338547
5.27106e-06
6.11474e-06
6.13288e-06
6.7792e-06
6.13073e-06
6.14222e-06
6.97803e-06
6.02852e-06
6.13429e-06
6.12663e-06
6.47661e-06
6.12561e-06
6.88386e-06
6.12302e-06
6.42165e-06
6.11467e-06
6.11483e-06
4.80929e-10
6.12436e-06
6.13028e-06
6.11467e-06
6.42963e-06
6.12455e-06
6.12495e-06
6.11639e-06
6.12587e-06
7.74939e-11
6.12367e-06
6.12584e-06
6.12722e-06
6.12433e-06
8.70894e-06
0.000114517
6.13866e-06
6.13176e-06
0.0011684
7.30129e-06
5.86438e-06
6.13245e-06
6.37649e-06
6.1143e-06
6.12577e-06
6.11137e-06
6.12126e-06
6.12565e-06
6.06541e-11
0.00173218
5.2384e-06
6.53788e-06
5.78219e-06
6.05134e-06
6.21258e-06
6.12836e-06
5.88651e-06
7.42641e-06
6.00487e-06
0.000620215
6.06174e-06
6.12346e-06
6.13063e-06
5.9208e-06
6.12439e-06
6.11444e-06
6.14062e-06
6.12464e-06
6.1136e-06
3.31611e-06
6.12454e-06
6.10236e-06
6.13676e-06
6.12619e-06
6.41451e-06
6.11488e-06
6.13486e-06
6.10939e-06
6.11474e-06
1.43469e-07
6.13294e-06
0.00012846
6.12496e-06
6.12183e-06
6.11436e-06
6.10642e-06
6.13508e-06
9.75864e-08
6.12732e-06
7.3098e-11
6.10605e-06
6.12455e-06
6.12655e-06
6.10346e-06
3.24386e-06
6.13995e-06
6.10337e-06
6.11434e-06
1.9267e-07
7.28015e-06
7.89506e-06
6.1137e-06
6.02711e-06
6.03656e-06
6.04709e-06
6.11518e-06
7.43102e-06
6.27468e-06
6.74597e-06
6.11269e-06
6.08493e-06
6.11303e-06
6.1221e-06
6.1136e-06
6.12263e-06
6.11466e-06
6.11363e-06
6.11458e-06
6.12911e-06
6.12715e-06
6.11174e-06
1.26753e-07
6.07979e-06
6.13261e-06
6.13362e-06
6.11128e-06
6.13053e-06
6.13192e-06
7.67005e-06
6.11215e-06
7.65402e-06
6.11556e-06
6.01937e-06
0.00134489
6.42037e-06
3.85097e-06
6.12841e-06
6.11474e-06
0.00179703
1.33781e-06
6.134e-06
5.93991e-06
6.12994e-06
6.12905e-06
6.13369e-06
6.1318e-06
6.12471e-06
6.12312e-06
6.11482e-06
6.12276e-06
7.20918e-06
6.12389e-06
6.12724e-06
0.00143237
6.13404e-06
6.12285e-06
6.11359e-06
3.68877e-11
7.0236e-06
5.87342e-06
8.25709e-06
6.13905e-06
4.17049e-06
6.12512e-06
6.12771e-06
6.12476e-06
6.12692e-06
7.07351e-06
0.000137701
8.52222e-06
7.06204e-06
8.04832e-06
6.11065e-06
6.11275e-06
6.92032e-06
6.13949e-06
6.1236e-06
7.48427e-06
6.11352e-06
6.12424e-06
6.12968e-06
6.12727e-06
6.11207e-06
7.24581e-06
7.1188e-06
6.12988e-06
6.35174e-06
3.96372e-06
6.13027e-06
6.14845e-06
6.12429e-06
6.13097e-06
8.37588e-06
6.12181e-06
6.12033e-06
6.10768e-06
6.12504e-06
6.13922e-06
6.1237e-06
6.13387e-06
6.12456e-06
9.28787e-06
6.1298e-06
6.43316e-06
6.11704e-06
8.72195e-07
6.13351e-06
6.61987e-07
6.07755e-06
6.1147e-06
6.11468e-06
6.12696e-06
5.99003e-06
6.66846e-06
6.1113e-06
6.11235e-06
6.13061e-06
8.17729e-06
6.09934e-06
6.12814e-06
5.83069e-06
6.12382e-06
6.15676e-06
6.83396e-06
6.1223e-06
6.14074e-06
6.12584e-06
1.99605e-10
4.91662e-06
6.13029e-06
6.12452e-06
8.663e-06
8.256e-06
6.11544e-06
6.12453e-06
6.13874e-06
6.13784e-06
6.14789e-08
8.61861e-06
6.11478e-06
6.11371e-06
6.12224e-06
9.36179e-17
1.77988e-06
6.1115e-06
6.11301e-06
4.63517e-06
6.0891e-06
6.11344e-06
6.12696e-06
6.11481e-06
6.46191e-06
7.03606e-06
6.13123e-06
6.13895e-06
6.11158e-06
6.12424e-06
6.35081e-06
6.13179e-06
5.82565e-06
6.11269e-06
6.12573e-06
6.12241e-06
6.29656e-06
0.00132968
6.13229e-06
6.11222e-06
6.12437e-06
0.000208279
6.13072e-06
6.11144e-06
6.11465e-06
6.12321e-06
6.12883e-06
1.01876e-06
6.04167e-06
6.78992e-06
6.70429e-06
6.0785e-06
6.13153e-06
6.11479e-06
6.71591e-06
6.98843e-06
6.0307e-06
6.13067e-06
6.06399e-06
5.75217e-06
6.42293e-06
3.08478e-06
6.13891e-06
5.86526e-06
6.13905e-06
6.12487e-06
6.12985e-06
2.90643e-06
6.12549e-06
7.93374e-06
6.02061e-06
5.93321e-06
6.127e-06
6.12628e-06
6.99794e-06
6.13028e-06
4.18197e-06
6.12529e-06
6.11077e-06
6.13228e-06
5.93618e-06
6.12672e-06
6.02594e-06
1.52696e-08
6.32987e-06
7.09095e-06
6.12499e-06
6.11562e-06
6.14876e-06
6.1114e-06
6.12944e-06
0.00181491
6.12971e-06
6.12199e-06
0.0019478
5.88716e-06
6.04272e-06
6.12754e-06
5.93562e-06
6.05399e-06
6.12492e-06
5.68067e-06
6.11468e-06
6.12484e-06
6.12833e-06
5.9637e-06
6.12965e-06
6.13681e-06
6.11004e-06
6.1288e-06
3.45562e-09
6.11482e-06
6.12975e-06
6.1324e-06
6.13407e-06
6.11042e-06
7.27195e-06
6.05441e-06
8.40148e-06
0.00189887
6.11404e-06
0.000108169
0.00185618
6.09656e-06
6.12522e-06
6.80723e-06
6.73311e-06
6.12497e-06
6.09155e-06
6.13933e-06
6.12499e-06
1.10698e-08
6.1315e-06
6.12655e-06
6.12508e-06
8.5082e-06
2.0849e-10
6.12265e-06
6.42632e-06
6.12795e-06
6.12262e-06
6.12975e-06
6.12589e-06
6.11465e-06
6.12432e-06
6.41173e-06
6.11447e-06
6.12237e-06
6.12711e-06
8.52155e-06
6.12345e-06
6.12553e-06
6.11489e-06
7.01524e-06
7.50018e-06
7.69077e-06
6.12737e-06
6.12174e-06
6.12844e-06
6.11801e-06
6.12239e-06
6.1262e-06
2.119e-06
1.17068e-07
6.112e-06
6.13738e-06
6.19007e-06
6.11255e-06
1.28605e-08
6.52777e-06
6.13262e-06
6.11791e-06
8.50057e-08
6.12768e-06
6.92397e-06
7.59821e-06
2.04129e-06
6.04194e-06
6.11051e-06
6.75498e-06
6.13144e-06
6.13504e-06
6.13949e-06
6.11479e-06
6.12814e-06
6.1222e-06
1.93662e-08
6.11465e-06
7.01651e-06
9.67007e-05
6.30946e-06
6.11511e-06
6.66019e-06
6.1228e-06
6.12605e-06
6.06109e-06
2.05465e-11
6.13825e-06
6.11111e-06
6.13021e-06
2.2843e-10
6.54837e-06
6.1276e-06
6.13177e-06
6.72825e-06
6.12251e-06
6.1214e-06
6.11155e-06
6.12304e-06
6.13486e-06
9.16747e-07
6.11468e-06
5.91227e-06
6.12606e-06
4.87157e-06
6.12725e-06
7.57126e-06
6.12611e-06
6.11489e-06
6.11446e-06
6.12817e-06
6.11362e-06
6.12684e-06
5.71237e-08
6.12634e-06
6.12633e-06
9.98077e-05
8.72971e-06
6.1299e-06
6.13191e-06
6.11083e-06
6.13453e-06
7.61357e-06
0.00135431
6.13049e-06
6.16092e-06
6.12931e-06
6.11345e-06
6.13177e-06
6.13099e-06
6.12587e-06
6.13773e-06
3.92779e-07
7.24229e-06
6.12742e-06
1.26997e-06
6.12761e-06
6.08712e-06
6.4871e-06
6.93938e-06
7.26887e-06
6.11456e-06
8.27385e-06
6.13722e-06
6.12608e-06
1.54054e-08
8.87126e-12
6.13098e-06
7.09858e-06
7.53529e-08
6.78286e-06
7.08186e-06
1.47155e-06
5.9056e-06
6.12468e-06
3.64654e-06
0.00180289
3.25237e-06
1.90042e-10
6.1279e-06
5.17651e-07
8.61744e-06
6.11478e-06
6.1395e-06
5.97777e-06
6.21754e-06
2.19359e-07
6.12725e-06
8.56031e-06
4.48269e-07
6.13836e-06
1.20635e-08
2.55633e-07
3.29616e-09
6.11719e-06
1.5669e-10
6.13206e-06
6.14186e-06
0.000192025
7.84879e-07
6.67731e-06
6.05045e-06
6.12617e-06
6.9171e-06
6.11376e-06
6.11463e-06
6.11412e-06
6.12268e-06
6.3208e-15
3.8873e-09
6.12278e-06
6.11173e-06
7.74951e-06
4.6026e-09
5.48116e-09
6.10767e-06
6.97619e-06
7.15212e-06
8.40017e-06
3.43739e-07
6.11361e-06
8.41419e-08
5.87634e-06
6.11208e-06
6.64914e-07
4.85065e-06
6.12706e-06
4.77007e-06
6.93346e-10
9.13031e-07
6.1646e-06
8.41355e-12
6.10544e-06
6.09219e-06
3.79668e-11
6.10623e-06
6.13169e-06
1.85981e-06
6.11333e-06
5.85629e-06
6.11119e-06
6.13863e-06
6.12303e-06
1.16684e-06
7.58782e-06
1.69249e-10
6.92784e-06
5.93123e-06
0.000683535
3.19975e-06
6.1218e-06
6.10416e-06
1.26505e-06
4.94259e-06
0.00178555
6.06816e-06
8.48238e-06
6.13393e-06
6.91611e-06
6.12849e-06
7.13915e-06
6.04585e-06
6.09752e-06
6.11572e-06
6.09894e-06
0.000236728
2.14312e-06
6.10763e-06
6.54805e-06
4.60808e-09
6.13086e-06
7.55557e-06
6.12283e-06
6.13567e-06
0.0012366
6.10674e-06
6.1134e-06
6.13315e-06
6.1296e-06
1.90027e-06
6.10861e-06
0.000375822
6.10075e-06
2.50994e-09
6.13394e-06
6.07523e-06
5.87811e-06
0.00203774
6.11712e-06
7.37083e-06
6.12276e-06
6.12733e-06
6.13088e-06
8.04182e-05
6.12158e-06
6.11247e-06
6.11114e-06
6.11467e-06
6.07254e-06
7.87231e-06
6.11157e-06
6.13341e-06
5.10534e-05
6.10994e-06
6.11239e-06
6.12426e-06
7.52466e-06
6.137e-06
6.1182e-06
6.12123e-06
7.84876e-06
6.10353e-06
0.00198486
6.10665e-06
6.04504e-06
6.11293e-06
4.26409e-06
7.88204e-06
6.12907e-06
6.13798e-06
3.31497e-06
9.21477e-06
2.95285e-10
6.67812e-06
3.64484e-08
6.76081e-06
6.11393e-06
6.11377e-06
6.13201e-06
6.67121e-06
7.85243e-06
6.54454e-06
1.54239e-09
6.11288e-06
7.55048e-06
6.12039e-06
9.45449e-09
4.93278e-06
7.18086e-06
7.48368e-06
6.13574e-06
6.13878e-06
6.11327e-06
6.11275e-06
7.06414e-06
6.13774e-06
6.12779e-06
6.11169e-06
6.08771e-06
6.13331e-06
6.12883e-06
5.26449e-06
5.24291e-06
5.85611e-06
6.11239e-06
6.08662e-06
6.13797e-06
6.13659e-06
1.14887e-10
5.78523e-06
6.11273e-06
6.11661e-06
1.90131e-07
6.13143e-06
0.00011969
0.00175132
6.28679e-06
6.12425e-06
0.000508832
4.81737e-08
6.12257e-06
6.11196e-06
6.11277e-06
6.13315e-06
6.12773e-06
6.12713e-06
6.12729e-06
9.63179e-07
8.46996e-10
6.45069e-06
6.03943e-06
7.44257e-07
4.34028e-06
0.00196329
6.32392e-06
0.000955957
1.6066e-12
6.11395e-06
5.88414e-08
0.00193216
2.40361e-08
6.13967e-06
6.13173e-06
6.11738e-06
6.13702e-06
2.8668e-06
1.24166e-09
1.62856e-06
0.000930568
7.61086e-05
1.65201e-12
6.63914e-06
3.96804e-07
6.01013e-06
5.65156e-06
7.38232e-06
6.10755e-06
6.08214e-06
5.89544e-06
5.84249e-06
6.11227e-06
6.79443e-06
2.37635e-10
6.1138e-06
6.08565e-06
6.08705e-06
6.11675e-06
7.14934e-06
6.13405e-06
6.13841e-06
6.0525e-06
6.05252e-06
6.13517e-06
6.13145e-06
1.95416e-10
6.10538e-06
3.07937e-09
0.000367352
6.05764e-06
1.63476e-06
5.14038e-09
6.11518e-06
0.00194727
0.00168964
0.000270049
6.12569e-06
6.30772e-06
0.00101271
6.10391e-06
0.00138066
0.00120536
6.0548e-06
0.00117141
1.00833e-05
6.1115e-06
0.0014876
7.69281e-06
6.12875e-06
0.000518521
4.70919e-05
6.11288e-06
6.11275e-06
0.000231214
6.12263e-06
1.00559e-08
6.11387e-06
6.8995e-06
0.00025385
0.000377554
6.11188e-06
0.000833132
6.0977e-06
6.13661e-06
7.62854e-05
6.12904e-06
0.000639717
6.11345e-06
6.10444e-06
7.02355e-16
1.39773e-06
6.09779e-06
4.42291e-06
6.10361e-06
6.11161e-06
6.10648e-06
2.40584e-06
7.31151e-06
6.09687e-06
0.00153135
1.52213e-10
5.40731e-07
6.0517e-06
6.10458e-06
6.10476e-06
6.93055e-08
6.04293e-06
6.1315e-06
6.06192e-06
6.0683e-06
6.11389e-06
7.32369e-06
6.12677e-06
6.1341e-06
6.11103e-06
6.1159e-06
3.32495e-05
6.06118e-06
6.124e-06
6.09728e-06
6.13034e-06
6.1084e-06
6.13939e-06
6.13538e-06
6.0904e-06
6.1376e-06
6.13649e-06
6.04829e-06
6.1312e-06
6.08195e-06
6.118e-06
6.10928e-06
6.14068e-06
6.1411e-06
6.09678e-06
6.10621e-06
6.13407e-06
6.13746e-06
6.11378e-06
6.14013e-06
6.13211e-06
6.10333e-06
6.12157e-06
6.13727e-06
6.12781e-06
6.11121e-06
6.13339e-06
6.13906e-06
6.13954e-06
6.29531e-06
6.13062e-06
6.13792e-06
6.13456e-06
6.13331e-06
6.13003e-06
6.11845e-06
6.13934e-06
6.10947e-06
6.13291e-06
6.37379e-06
6.13463e-06
6.13948e-06
6.13216e-06
6.09396e-06
6.13687e-06
5.96737e-06
6.13295e-06
6.13637e-06
6.09321e-06
6.12667e-06
6.06772e-06
6.10681e-06
6.09065e-06
7.59879e-06
6.11083e-06
6.10675e-06
6.0924e-06
6.1121e-06
7.49771e-06
6.09157e-06
6.11e-06
6.41607e-06
6.06145e-06
6.1079e-06
5.96736e-06
6.11214e-06
6.11363e-06
6.09864e-06
6.09911e-06
6.10946e-06
6.10997e-06
8.72527e-06
6.10552e-06
6.10226e-06
6.11472e-06
6.09536e-06
6.13211e-06
6.10665e-06
6.10061e-06
6.12647e-06
6.10068e-06
6.12737e-06
6.10442e-06
6.11143e-06
6.10984e-06
6.33151e-06
6.11115e-06
6.10942e-06
6.10038e-06
6.10562e-06
3.23398e-06
6.09474e-06
6.10559e-06
6.10671e-06
6.10828e-06
6.10894e-06
6.13265e-06
6.0991e-06
6.1023e-06
6.10395e-06
6.12753e-06
6.11558e-06
6.10657e-06
6.1098e-06
6.11113e-06
6.11076e-06
6.11222e-06
6.09575e-06
6.10816e-06
6.09276e-06
6.11371e-06
6.11228e-06
6.10803e-06
6.09087e-06
6.10649e-06
6.09458e-06
6.11218e-06
6.10548e-06
6.11022e-06
6.11571e-06
6.10057e-06
6.10951e-06
6.09904e-06
6.11213e-06
6.13719e-06
6.11096e-06
6.11033e-06
6.10968e-06
6.11766e-06
6.1131e-06
6.114e-06
6.10401e-06
5.86465e-06
6.10964e-06
6.10389e-06
6.10928e-06
6.11115e-06
6.11477e-06
6.10202e-06
6.12681e-06
6.10809e-06
6.10667e-06
6.11325e-06
6.10052e-06
6.1066e-06
6.11311e-06
6.1147e-06
6.11446e-06
6.11478e-06
6.10794e-06
6.13924e-06
6.12696e-06
6.10211e-06
6.11385e-06
6.11201e-06
6.13621e-06
6.10781e-06
6.13453e-06
6.13267e-06
6.11388e-06
6.10227e-06
6.09891e-06
6.11039e-06
6.13461e-06
6.11451e-06
6.09879e-06
6.11225e-06
5.99774e-06
6.01291e-06
5.99434e-06
6.11204e-06
6.1139e-06
4.62919e-06
6.11073e-06
5.99333e-06
6.11763e-06
6.10523e-06
6.11466e-06
6.11401e-06
6.12598e-06
6.11233e-06
6.11417e-06
6.10636e-06
6.10391e-06
6.02833e-06
6.12602e-06
6.11094e-06
6.10934e-06
6.10635e-06
6.10852e-06
6.11455e-06
6.10027e-06
6.11308e-06
6.12076e-06
6.08693e-06
6.1287e-06
6.11486e-06
6.11475e-06
4.6489e-08
6.09893e-06
6.11975e-06
6.11324e-06
6.11205e-06
6.11525e-06
6.11447e-06
6.13404e-06
6.10726e-06
6.10405e-06
6.10919e-06
6.10724e-06
6.10921e-06
6.10389e-06
6.10299e-06
6.10513e-06
6.10194e-06
6.10369e-06
6.11391e-06
6.11452e-06
6.10935e-06
1.58275e-08
6.11619e-06
6.12925e-06
6.14344e-06
6.11093e-06
6.10376e-06
6.11016e-06
6.13392e-06
6.10631e-06
6.10736e-06
6.09357e-06
6.07673e-06
6.02043e-06
6.08216e-06
6.10507e-06
6.11357e-06
6.10042e-06
5.93158e-06
6.13628e-06
6.11811e-06
6.04278e-06
6.10216e-06
6.14398e-06
6.07741e-06
6.10729e-06
6.11413e-06
6.10517e-06
6.074e-06
6.10814e-06
6.11389e-06
6.1187e-06
6.14477e-06
6.10245e-06
6.11132e-06
6.11016e-06
6.11501e-06
6.12699e-06
6.1083e-06
6.10903e-06
6.10633e-06
8.12336e-06
6.10821e-06
6.10743e-06
6.97354e-06
6.11774e-06
6.13793e-06
2.92361e-06
6.12791e-06
6.13877e-06
6.06997e-06
6.12918e-06
6.14126e-06
6.10895e-06
6.0331e-06
6.13275e-06
6.1212e-06
6.10985e-06
6.10378e-06
6.11323e-06
6.10736e-06
6.10822e-06
6.14206e-06
5.40075e-07
6.10921e-06
6.10291e-06
6.10923e-06
6.1099e-06
6.14648e-06
6.10675e-06
5.99455e-06
6.10838e-06
6.10665e-06
6.13525e-06
6.1109e-06
6.12599e-06
6.10918e-06
6.13636e-06
6.1182e-06
6.13086e-06
6.12321e-06
6.11344e-06
6.10925e-06
6.11116e-06
1.79189e-09
6.1122e-06
6.11572e-06
6.11378e-06
6.11559e-06
6.20968e-07
6.11834e-06
6.11573e-06
6.2554e-06
6.11792e-06
6.1124e-06
6.11246e-06
6.1125e-06
6.11381e-06
6.12245e-06
6.11132e-06
6.11189e-06
6.11555e-06
5.66449e-08
6.12078e-06
6.12473e-06
6.08735e-06
6.11187e-06
6.11032e-06
6.13419e-06
6.11218e-06
6.11969e-06
6.13357e-06
6.12859e-06
6.13945e-06
6.12815e-06
6.11326e-06
6.12707e-06
6.08774e-06
6.21969e-06
6.14489e-06
6.13765e-06
6.1075e-06
6.08853e-06
6.1137e-06
6.13675e-06
6.12997e-06
6.13571e-06
6.09504e-06
6.1157e-06
6.12278e-06
6.15179e-06
6.38878e-06
6.14952e-06
6.16358e-06
6.14092e-06
6.08781e-06
6.08687e-06
6.15889e-06
6.17591e-06
6.13954e-06
6.09539e-06
6.14619e-06
6.10685e-06
6.17908e-06
6.19556e-06
6.09578e-06
6.16057e-06
6.14827e-06
6.19046e-06
6.12434e-06
6.15655e-06
6.22066e-06
6.17094e-06
6.21261e-06
6.16788e-06
6.25664e-06
6.10433e-06
6.18639e-06
6.18216e-06
6.24189e-06
6.20562e-06
6.19426e-06
6.40673e-06
6.13143e-06
6.11158e-06
6.1045e-06
6.10481e-06
6.13488e-06
6.12087e-06
6.11249e-06
6.0889e-06
6.09975e-06
6.09342e-06
6.08672e-06
6.09303e-06
6.09567e-06
6.1122e-06
6.09191e-06
5.47904e-06
6.10474e-06
6.08822e-06
6.11258e-06
7.09999e-06
6.09387e-06
6.09733e-06
6.0904e-06
6.08755e-06
6.10951e-06
6.10049e-06
6.09738e-06
6.0926e-06
6.10198e-06
6.11312e-06
6.09601e-06
6.09469e-06
6.10001e-06
6.09849e-06
6.45315e-06
6.11335e-06
6.09112e-06
6.09169e-06
6.09107e-06
6.09048e-06
6.10953e-06
6.09892e-06
6.12776e-06
6.10172e-06
6.09217e-06
6.09554e-06
6.09303e-06
6.11235e-06
6.09541e-06
6.08664e-06
6.12075e-06
6.13434e-06
6.13853e-06
6.10874e-06
6.08958e-06
6.13724e-06
0.000291881
7.87481e-06
7.59482e-06
0.000627663
6.08084e-06
6.08045e-06
6.10559e-06
6.13701e-06
6.10856e-06
6.10547e-06
7.70156e-06
0.00108019
6.11049e-06
6.10868e-06
6.10696e-06
6.10691e-06
6.1045e-06
6.12632e-06
6.15451e-06
6.11049e-06
6.15718e-06
6.14664e-06
6.1107e-06
6.10457e-06
6.09044e-06
6.11038e-06
6.10854e-06
6.10436e-06
6.12838e-06
6.08966e-06
6.09045e-06
6.10842e-06
6.11083e-06
6.14888e-06
6.09604e-06
6.14522e-06
6.1432e-06
6.10935e-06
6.11396e-06
6.11066e-06
6.10436e-06
6.11068e-06
6.09037e-06
6.11075e-06
6.08802e-06
6.08783e-06
6.16118e-06
6.11058e-06
6.09483e-06
6.1473e-06
6.1189e-06
6.12398e-06
6.09693e-06
6.09489e-06
6.10941e-06
6.11251e-06
6.11583e-06
6.10929e-06
6.09806e-06
6.09265e-06
6.11216e-06
6.11216e-06
6.10872e-06
6.10936e-06
6.09498e-06
6.72912e-06
6.09528e-06
6.09627e-06
6.11256e-06
6.11581e-06
6.09258e-06
6.10473e-06
6.11232e-06
6.08757e-06
6.09398e-06
6.09317e-06
6.11763e-06
1.1087e-05
6.14266e-06
6.09597e-06
6.14287e-06
6.11199e-06
6.13734e-06
6.09349e-06
6.30808e-06
6.14308e-06
6.08987e-06
6.09782e-06
6.09364e-06
6.13687e-06
6.14194e-06
6.10863e-06
6.11049e-06
6.11058e-06
6.09009e-06
6.09373e-06
6.11302e-06
6.11238e-06
6.11912e-06
6.10949e-06
6.11189e-06
6.1428e-06
6.1445e-06
6.1116e-06
6.10391e-06
1.67537e-08
6.11183e-06
6.09927e-06
6.13687e-06
2.56776e-06
8.04253e-10
6.10949e-06
0.00139558
0.00144963
0.00206682
6.11396e-06
6.10048e-06
1.52059e-11
6.11192e-06
0.00195957
6.11388e-06
0.000445007
6.10338e-06
0.00123897
3.85263e-07
6.10024e-06
6.39066e-06
2.4303e-08
0.000292451
6.1027e-06
6.10312e-06
6.10548e-06
6.32423e-06
5.90348e-07
5.68165e-10
1.29385e-06
2.71542e-07
3.24014e-06
6.11375e-06
6.10107e-06
3.7701e-08
2.2285e-09
6.07163e-06
8.00592e-05
2.03769e-06
8.94283e-07
6.32107e-06
6.10679e-06
6.11829e-06
6.11027e-06
6.10419e-06
5.95452e-11
6.09932e-06
6.07169e-06
1.52594e-07
6.10248e-06
1.49521e-06
6.10544e-06
6.11207e-06
6.10414e-06
6.06862e-06
6.10411e-06
1.09605e-07
4.49934e-06
6.10369e-06
6.10688e-06
6.10081e-06
6.10094e-06
6.0789e-06
6.07192e-06
6.11598e-06
6.06913e-06
6.10459e-06
6.10535e-06
6.08726e-06
5.61466e-06
6.11043e-06
6.11019e-06
6.10952e-06
6.10887e-06
6.10955e-06
3.61905e-11
9.06013e-06
6.35717e-06
6.52109e-06
6.10801e-06
6.52203e-06
6.10468e-06
8.01029e-06
6.11635e-06
6.07383e-06
0.000524605
5.26641e-05
6.10698e-06
6.63883e-06
6.10021e-06
6.2101e-06
6.11137e-06
6.06927e-06
6.08901e-06
6.08964e-06
6.09788e-06
6.10364e-06
6.11705e-06
6.09942e-06
6.11035e-06
6.10877e-06
6.07898e-06
6.0837e-06
6.11034e-06
6.09006e-06
6.08898e-06
6.14547e-06
6.08546e-06
6.07025e-06
6.13435e-06
6.13302e-06
6.15597e-06
8.19907e-06
6.07731e-06
6.07662e-06
6.08034e-06
6.11199e-06
6.10176e-06
6.14225e-06
6.09111e-06
6.11504e-06
6.09289e-06
6.14767e-06
0.000211548
6.12375e-06
6.10387e-06
6.1039e-06
6.12972e-06
6.13637e-06
6.10538e-06
6.10275e-06
6.11818e-06
6.1062e-06
6.1021e-06
6.10115e-06
6.10207e-06
6.10203e-06
6.08038e-06
6.12483e-06
6.12763e-06
6.08414e-06
6.13883e-06
6.48702e-06
6.07805e-06
0.000150195
6.11111e-06
6.10866e-06
6.16068e-06
6.10372e-06
6.05981e-06
6.14528e-06
6.10171e-06
6.07712e-06
6.08428e-06
6.13078e-06
8.32582e-06
6.13655e-06
6.87821e-06
6.0223e-06
6.07058e-06
6.3464e-06
6.14009e-06
6.13872e-06
6.11033e-06
6.14045e-06
6.13542e-06
6.13685e-06
6.13828e-06
6.10811e-06
6.10262e-06
6.10455e-06
6.13992e-06
6.10828e-06
6.15481e-06
6.13306e-06
6.1041e-06
6.08972e-06
6.13926e-06
6.10347e-06
6.14166e-06
6.1047e-06
6.10283e-06
6.10032e-06
6.07997e-06
3.37198e-05
6.07058e-06
6.5076e-06
2.78825e-06
6.07781e-06
6.11705e-06
8.34859e-06
5.77729e-06
6.5895e-06
6.98416e-06
6.11869e-06
6.10723e-06
6.09559e-06
0.000277373
8.40186e-06
6.12707e-06
6.08906e-06
6.07929e-06
6.07325e-06
6.1162e-06
6.07408e-06
6.09275e-06
7.01876e-08
6.09081e-06
6.09084e-06
6.09197e-06
6.06894e-06
6.08006e-06
6.14261e-06
8.54765e-06
6.10812e-06
7.06697e-06
6.10374e-06
6.10277e-06
6.1279e-06
6.10925e-06
7.14207e-06
9.16123e-06
8.75152e-06
6.11269e-06
0.00192409
6.10576e-06
6.10285e-06
6.11637e-06
6.11598e-06
6.12715e-06
7.10408e-06
6.08981e-06
0.00020951
6.14218e-06
0.000400072
6.1054e-06
6.12783e-06
6.17301e-08
6.10285e-06
6.10609e-06
9.66847e-06
6.10123e-06
0.000483271
6.09187e-06
6.10192e-06
6.09316e-06
6.14091e-06
6.11444e-06
6.11729e-06
6.14208e-06
0.000121712
6.12445e-06
6.1563e-06
6.13862e-06
6.13948e-06
0.000135056
6.13479e-06
7.17909e-06
6.07873e-06
6.08101e-06
1.53317e-05
6.07642e-06
6.10856e-06
0.000166303
6.09011e-06
6.07954e-06
6.07123e-06
6.10817e-06
6.10376e-06
6.12422e-06
6.09412e-06
6.14386e-06
4.9772e-05
0.000236287
6.1083e-06
0.000205816
6.11065e-06
6.11337e-06
6.09333e-06
6.79605e-06
6.1397e-06
6.13483e-06
7.13312e-06
3.39072e-05
6.13393e-06
0.000291468
6.12392e-06
6.11689e-06
0.000638527
7.10296e-05
0.000821009
0.000748372
6.80051e-06
0.00037456
6.09962e-06
6.1229e-06
0.000422132
6.1136e-06
6.11317e-06
0.000958923
6.14515e-06
6.07049e-06
5.93538e-06
1.16672e-06
6.08377e-06
0.000459683
6.11183e-06
0.000468559
0.0015863
6.07404e-06
6.10291e-06
0.00150919
6.07305e-06
0.00147664
0.000514968
0.00143732
0.00142061
6.11185e-06
0.00060941
0.00131049
0.000655605
0.00124091
0.00125871
5.90483e-06
6.09188e-06
0.00122093
6.10865e-06
6.09448e-06
0.00071837
0.00110789
0.000771068
0.0011023
0.00112604
0.000815438
0.00078857
0.0011045
0.000874273
0.00106563
0.000979326
0.000932346
0.000907817
0.00109746
0.000973783
6.10812e-06
6.10973e-06
6.11177e-06
7.05913e-06
6.11991e-06
6.08728e-06
6.00681e-07
6.0892e-06
6.09007e-06
7.37768e-06
6.10887e-06
6.08772e-06
6.10518e-06
6.08072e-06
5.35271e-05
6.07117e-06
6.07549e-06
6.09054e-06
6.16421e-06
1.16678e-05
8.55326e-05
6.13433e-06
6.07772e-06
6.1118e-06
6.08618e-06
6.08516e-06
6.08453e-06
6.09914e-06
6.07097e-06
1.0058e-05
6.06871e-06
6.12561e-06
6.12269e-06
6.08845e-06
6.09189e-06
6.1302e-06
6.1051e-06
6.07215e-06
6.1107e-06
6.07925e-06
6.14183e-06
6.06867e-06
6.15301e-06
6.1155e-06
6.12588e-06
6.11323e-06
6.11902e-06
6.08421e-06
6.07116e-06
6.11945e-06
6.0822e-06
6.09016e-06
1.08352e-05
6.15628e-06
6.1036e-06
6.31295e-06
6.10849e-06
6.10478e-06
7.95675e-07
6.10939e-06
6.05934e-06
6.06915e-06
6.09052e-06
6.11081e-06
6.10373e-06
7.94271e-07
2.96923e-06
6.10174e-06
6.07179e-06
6.10181e-06
6.11437e-06
6.06912e-06
6.07204e-06
6.10456e-06
6.07567e-06
6.0724e-06
6.12807e-06
6.11447e-06
6.06876e-06
6.09954e-06
6.08213e-06
6.71374e-05
6.11488e-06
6.09795e-06
6.11939e-06
6.14193e-06
6.11381e-06
6.11264e-06
6.07094e-06
6.10405e-06
6.07009e-06
6.11796e-06
6.07904e-06
6.13794e-06
6.07077e-06
6.09685e-06
6.12872e-06
6.07608e-06
6.10872e-06
6.07024e-06
6.08137e-06
6.09235e-06
6.08821e-06
7.6638e-06
6.10661e-06
6.09075e-06
6.10871e-06
0.000156072
6.11285e-06
6.11416e-06
6.12141e-06
6.08019e-06
6.0812e-06
4.94058e-08
0.000175513
1.34003e-08
9.67287e-05
6.09089e-06
6.0939e-06
9.24989e-06
6.09958e-06
6.09378e-06
6.07901e-06
6.06897e-06
6.13845e-06
6.11568e-06
6.07097e-06
6.10989e-06
6.13922e-06
6.07017e-06
6.11188e-06
6.10873e-06
6.11364e-06
6.08339e-06
6.11679e-06
6.11269e-06
6.1076e-06
6.09524e-06
6.09332e-06
6.07984e-06
5.87235e-06
5.94984e-06
6.1026e-06
0.000209036
6.10623e-06
6.06938e-06
6.11515e-06
6.12626e-06
0.00139092
6.0731e-06
6.09155e-06
6.11988e-06
0.00132306
1.64423e-05
0.0012714
6.1265e-06
0.00123514
6.22222e-06
6.09157e-06
6.06941e-06
6.11091e-06
0.000363263
6.11383e-06
6.11281e-06
6.1135e-06
6.06894e-06
6.10395e-06
6.11428e-06
0.000419253
0.000271289
6.09876e-06
6.09077e-06
0.000940635
0.000472325
6.08897e-06
0.000496692
6.10078e-06
0.00102914
6.14073e-06
6.13916e-06
0.00101858
6.10617e-06
6.07846e-06
0.00079882
0.000700133
6.09979e-06
0.000862279
6.11365e-06
0.000870874
0.000578581
0.000512849
0.000844614
6.27407e-06
0.000782245
0.000660883
0.000634171
0.00075824
6.08581e-06
6.06835e-06
6.1145e-06
6.47244e-06
6.11102e-06
6.114e-06
6.07343e-06
6.09432e-06
0.00100602
6.07318e-06
6.09032e-06
6.11135e-06
6.08047e-06
6.08085e-06
6.07638e-06
6.09178e-06
6.07104e-06
6.07255e-06
6.11165e-06
6.10334e-06
6.10876e-06
6.07088e-06
0.00188953
6.09335e-06
6.1281e-06
6.06924e-06
6.10661e-06
6.7977e-06
7.34472e-06
6.0886e-06
6.11935e-06
6.11223e-06
6.11265e-06
6.11414e-06
6.13757e-06
6.15591e-06
6.07494e-06
6.08903e-06
6.07664e-06
0.000195002
6.06996e-06
6.11309e-06
6.11031e-06
6.08403e-06
0.00114475
6.07518e-06
6.15269e-06
6.08989e-06
6.14369e-06
6.1142e-06
6.07011e-06
1.09138e-05
6.09576e-06
6.10407e-06
6.07372e-06
6.14299e-06
6.10195e-06
6.11752e-06
6.07019e-06
6.09808e-06
6.1069e-06
6.07629e-06
6.11282e-06
6.11395e-06
6.08487e-06
6.08867e-06
6.10077e-06
6.12079e-06
6.0921e-06
6.09255e-06
6.09885e-06
4.91212e-06
6.07625e-06
6.11103e-06
6.00076e-06
6.09292e-06
6.10551e-06
6.10548e-06
6.10409e-06
6.07001e-06
6.10274e-06
6.11371e-06
6.11401e-06
0.000665855
0.000699221
6.12218e-06
6.08945e-06
6.72285e-06
6.07094e-06
6.08995e-06
6.16367e-06
6.10929e-06
6.09576e-06
6.1078e-06
6.08802e-06
6.08639e-06
6.08018e-06
6.13971e-06
6.11388e-06
6.11381e-06
6.05466e-06
6.0747e-06
6.14277e-06
6.09815e-06
6.10254e-06
6.10606e-06
6.09251e-06
6.13825e-06
6.08333e-06
6.07018e-06
6.13756e-06
6.11143e-06
6.07702e-06
6.11415e-06
6.11382e-06
4.44385e-07
6.46287e-06
6.07255e-06
6.09821e-06
6.06974e-06
6.06827e-06
6.07007e-06
6.09863e-06
6.09633e-06
6.10073e-06
6.11967e-06
6.09989e-06
6.07116e-06
6.12906e-06
3.39539e-06
6.07399e-06
6.11424e-06
6.11387e-06
6.09918e-06
6.07502e-06
6.11244e-06
6.13232e-06
6.29511e-06
6.0986e-06
6.09863e-06
0.000198046
6.12779e-06
6.06983e-06
6.08076e-06
6.11415e-06
6.11383e-06
6.09159e-06
6.07292e-06
6.0908e-06
6.07961e-06
6.124e-06
6.10699e-06
6.03343e-06
6.08056e-06
6.10651e-06
6.11548e-06
0.00035982
6.10399e-06
0.000378065
6.11387e-06
6.11505e-06
6.10619e-06
6.11422e-06
6.11429e-06
6.07094e-06
6.07144e-06
6.07231e-06
6.08682e-06
6.10851e-06
6.07072e-06
6.11098e-06
6.07699e-06
6.10115e-06
6.06782e-06
6.10445e-06
6.07187e-06
6.08165e-06
6.07443e-06
6.11056e-06
6.10751e-06
6.07025e-06
6.07025e-06
6.06931e-06
6.06767e-06
6.06767e-06
6.06771e-06
3.49031e-05
6.06787e-06
6.07066e-06
6.0677e-06
4.94268e-06
6.07117e-06
6.08449e-06
6.06767e-06
6.06767e-06
6.08479e-06
6.07087e-06
6.06773e-06
6.0677e-06
5.06035e-06
6.0677e-06
6.07034e-06
6.06808e-06
6.06771e-06
6.06847e-06
6.06765e-06
6.48152e-06
6.64667e-06
6.0713e-06
6.07619e-06
6.11418e-06
6.11406e-06
6.07202e-06
6.14189e-06
6.45097e-06
6.09792e-06
6.06833e-06
6.08981e-06
0.000634733
0.000600835
6.11901e-06
6.11379e-06
6.06796e-06
3.07442e-06
2.23884e-05
6.07949e-06
6.08082e-06
6.07255e-06
6.10411e-06
6.11408e-06
6.1153e-06
6.068e-06
5.13749e-06
6.09609e-06
6.09274e-06
6.13591e-06
6.07982e-06
6.11858e-06
6.10715e-06
6.15144e-06
6.08611e-06
6.12506e-06
6.1109e-06
6.14489e-06
6.10508e-06
6.10703e-06
6.1072e-06
6.12056e-06
6.13659e-06
6.14302e-06
6.07966e-06
6.07408e-06
0.000111547
6.10963e-06
6.11407e-06
6.07393e-06
6.11212e-06
6.11897e-06
6.12017e-06
6.10059e-06
6.14011e-06
6.13989e-06
6.10998e-06
6.11614e-06
6.09752e-06
6.1135e-06
6.12091e-06
6.071e-06
6.11652e-06
6.07102e-06
6.10921e-06
6.10942e-06
6.06832e-06
6.06968e-06
6.11122e-06
6.15538e-06
6.11402e-06
3.84457e-09
1.86399e-08
6.12668e-06
6.09586e-06
5.87458e-06
6.09593e-06
6.3447e-06
5.94029e-06
6.09005e-06
6.9672e-06
6.07873e-06
6.1628e-06
6.12942e-06
6.11438e-06
6.09284e-06
6.08774e-06
6.08792e-06
6.07418e-06
0.00045194
6.07471e-06
4.22225e-06
6.10995e-06
6.14189e-06
6.08753e-06
6.11138e-06
6.11113e-06
0.000508129
6.09015e-06
0.000533849
6.11435e-06
6.08023e-06
6.08176e-06
6.08787e-06
6.07063e-06
6.07137e-06
6.11353e-06
6.09422e-06
6.07203e-06
6.10645e-06
6.10732e-06
6.25738e-06
6.06988e-06
6.11336e-06
6.14642e-06
6.07501e-06
6.23124e-06
6.09765e-06
6.11424e-06
6.0715e-06
6.10875e-06
6.07456e-06
2.39685e-05
0.000689339
6.09248e-06
0.000642421
6.14358e-06
6.10516e-06
6.07884e-06
6.06913e-06
6.10964e-06
6.10862e-06
6.12548e-06
6.09397e-06
6.07939e-06
4.8992e-06
6.07102e-06
6.10964e-06
6.25171e-06
6.11592e-06
6.08391e-06
6.10978e-06
6.10094e-06
6.11552e-06
6.10235e-06
6.0174e-06
6.06898e-06
6.15147e-06
6.10443e-06
6.10424e-06
6.29124e-06
1.30376e-05
6.07128e-06
6.10055e-06
6.11322e-06
6.10413e-06
5.91672e-06
6.13906e-06
6.11231e-06
6.1428e-06
6.07105e-06
6.128e-06
6.08095e-06
6.08281e-06
6.08675e-06
6.10414e-06
3.7832e-05
6.0975e-06
6.10399e-06
6.39152e-08
0.00190739
6.08961e-06
6.10799e-06
6.07245e-06
6.11043e-06
6.07194e-06
6.08925e-06
6.08896e-06
6.08017e-06
6.14407e-06
6.22739e-06
6.09698e-06
6.10029e-06
6.11306e-06
0.00180326
6.10909e-06
6.09108e-06
6.07942e-06
6.0713e-06
6.14007e-06
6.08606e-06
5.20411e-05
6.07101e-06
6.07249e-06
6.14294e-06
6.1352e-06
3.57099e-06
6.10067e-06
6.07071e-06
6.06783e-06
0.00196297
6.08855e-06
6.16268e-06
6.332e-06
6.1383e-06
6.07131e-06
6.2298e-06
6.10771e-06
3.83896e-06
6.10524e-06
7.34923e-06
6.11422e-06
2.05408e-07
6.11982e-06
6.10667e-06
6.07793e-06
6.06834e-06
0.000790703
6.11336e-06
6.11231e-06
6.11766e-06
6.14096e-06
6.14192e-06
6.62302e-06
0.00020539
6.08624e-06
6.08282e-06
6.09733e-06
6.074e-06
6.10835e-06
6.09729e-06
6.11895e-06
6.07436e-06
6.74329e-05
6.14761e-06
6.10793e-06
6.11847e-06
0.00118448
6.08749e-06
6.07165e-06
8.82596e-06
6.06859e-06
6.08212e-06
6.2126e-06
6.14717e-06
6.11211e-06
6.09393e-06
6.08515e-06
9.15014e-07
6.12097e-06
6.07425e-06
5.19802e-05
6.12039e-06
6.08639e-06
6.09439e-06
6.10305e-06
7.13103e-06
6.03164e-06
6.17205e-06
6.10157e-06
6.06845e-06
6.12118e-06
6.10604e-06
6.10599e-06
6.09796e-06
6.06796e-06
6.09236e-06
6.11298e-06
6.11134e-06
6.11824e-06
6.06907e-06
6.48947e-06
5.90495e-06
6.15668e-06
6.15344e-06
6.6622e-06
4.29447e-09
6.09124e-06
6.11051e-06
6.10185e-06
6.10247e-06
6.10661e-06
6.1179e-06
6.1339e-06
7.82756e-06
6.11485e-06
6.12979e-06
6.40029e-06
6.54432e-06
6.07103e-06
6.08784e-06
6.08745e-06
6.09715e-06
6.13156e-06
6.09317e-06
6.11584e-06
6.07081e-06
0.00131877
6.0695e-06
6.10143e-06
6.1e-06
6.79244e-06
6.1044e-06
6.63409e-06
0.00165214
6.09599e-06
6.08711e-06
6.12388e-06
6.11067e-06
6.10612e-06
6.09877e-06
6.13195e-06
6.09593e-06
6.08039e-06
6.0735e-06
6.07859e-06
6.31986e-06
6.09265e-06
6.10839e-06
6.1492e-06
6.16266e-06
6.07157e-06
0.000190384
6.13897e-06
6.0689e-06
6.06789e-06
6.1056e-06
6.3386e-06
6.80905e-06
6.11284e-06
6.26561e-06
6.11681e-06
6.13176e-06
6.15334e-06
6.09504e-06
6.178e-06
4.75099e-06
6.10937e-06
6.1051e-06
6.10549e-06
6.07064e-06
6.13102e-06
6.0866e-06
6.08918e-06
6.07617e-06
6.11892e-06
6.10112e-06
6.07159e-06
6.06911e-06
6.08966e-06
6.11191e-06
6.09706e-06
6.12089e-06
6.11357e-06
6.10299e-06
6.14932e-06
6.11435e-06
5.85441e-06
6.09586e-06
6.10945e-06
6.06795e-06
6.06791e-06
6.09655e-06
6.1153e-06
6.11735e-06
6.12743e-06
6.25534e-06
6.09493e-06
6.06886e-06
6.11037e-06
6.09166e-06
6.08522e-06
4.96608e-06
6.0827e-06
6.07004e-06
6.09854e-06
6.07017e-06
6.2566e-06
6.07868e-06
6.11418e-06
6.09979e-06
6.09438e-06
6.07675e-06
6.66161e-06
6.08258e-06
6.08445e-06
6.13217e-06
6.08085e-06
6.06779e-06
6.11067e-06
6.09342e-06
6.09557e-06
6.28933e-06
0.000664334
6.06927e-06
6.07612e-06
6.09101e-06
6.07774e-06
6.11343e-06
6.14646e-06
6.08287e-06
6.12922e-06
6.08199e-06
6.07105e-06
5.87969e-06
6.08392e-06
6.37436e-06
6.11595e-06
6.12162e-06
6.11059e-06
6.10242e-06
9.81379e-09
6.0844e-06
6.09941e-06
6.10967e-06
6.11352e-06
0.00217105
6.12378e-06
6.12406e-06
6.095e-06
7.3521e-06
6.10805e-06
6.09009e-06
6.06854e-06
6.10987e-06
6.11603e-06
6.11073e-06
6.11893e-06
6.11597e-06
6.12053e-06
6.12985e-06
6.09368e-06
6.07928e-06
6.09581e-06
6.14412e-06
6.26446e-06
6.08114e-06
6.14049e-06
6.07357e-06
6.11333e-06
6.11341e-06
6.07525e-06
6.1138e-06
6.11379e-06
6.12657e-06
6.09147e-06
6.12678e-06
6.12125e-06
0.00116647
6.11417e-06
6.09436e-06
6.12749e-06
9.11143e-09
1.94632e-10
6.08264e-06
6.07898e-06
6.14736e-06
0.00179786
6.07511e-06
6.12063e-06
6.09877e-06
6.07958e-06
6.14524e-06
6.10431e-06
6.07101e-06
6.08783e-06
6.1124e-06
6.09136e-06
6.09304e-06
6.00791e-06
6.67158e-06
6.071e-06
6.08752e-06
1.9261e-05
6.11659e-06
6.08949e-06
6.12502e-06
6.09086e-06
6.10018e-06
6.07923e-06
6.1289e-06
6.13294e-06
6.06969e-06
6.07968e-06
6.09655e-06
6.09941e-06
6.41768e-06
6.06944e-06
2.54708e-08
0.00109351
6.10066e-06
0.00018596
6.0859e-06
0.000963798
6.12258e-06
0.00012993
6.07014e-06
0.000206724
6.16367e-06
6.10908e-06
6.07088e-06
6.06853e-06
6.1103e-06
6.105e-06
6.11887e-06
6.07573e-06
2.371e-05
6.13515e-06
6.11223e-06
6.0799e-06
0.000266994
6.0721e-06
6.09324e-06
6.10846e-06
6.12988e-06
6.09403e-06
6.11337e-06
6.10945e-06
6.0804e-06
0.000251193
2.63675e-06
6.0956e-06
6.08727e-06
6.08891e-06
0.00201282
6.09186e-06
6.0933e-06
6.07011e-06
6.13044e-06
6.16595e-06
6.07225e-06
6.06939e-06
6.0689e-06
6.07078e-06
6.11356e-06
6.11002e-06
6.14195e-06
6.13292e-06
6.10501e-06
6.10105e-06
2.57783e-06
6.09691e-06
5.8313e-06
6.13639e-06
6.06932e-06
6.12047e-06
6.10963e-06
6.09426e-06
6.0505e-06
6.11305e-06
0.000245792
6.0911e-06
6.12291e-06
6.13986e-06
0.000250614
6.09394e-06
6.13183e-06
6.07977e-06
6.07693e-06
6.09996e-06
2.98719e-05
6.08051e-06
6.06842e-06
6.13339e-06
0.00079929
6.07465e-06
6.13378e-06
6.10168e-06
0.000748627
6.11093e-06
6.10884e-06
6.09709e-06
6.10892e-06
5.4153e-05
2.93236e-12
6.07662e-06
6.10687e-06
6.00657e-06
6.10823e-06
6.17306e-06
6.09653e-06
6.07751e-06
6.12069e-06
6.08188e-06
6.08716e-06
6.08867e-06
6.09505e-06
6.48207e-06
6.0872e-06
6.10277e-06
6.08875e-06
6.04141e-06
6.08749e-06
6.08967e-06
0.000796621
6.12617e-06
6.11095e-06
6.07272e-06
6.10625e-06
0.000126649
6.24379e-06
6.09958e-06
6.18789e-06
6.22375e-06
6.0848e-06
6.0982e-06
6.11462e-06
6.13754e-06
6.88283e-06
6.10979e-06
6.11067e-06
6.08777e-06
6.12174e-06
6.12128e-06
0.000259809
6.07239e-06
6.11469e-06
6.39006e-06
1.22723e-06
6.11219e-06
6.07221e-06
6.13094e-06
6.15282e-06
6.07241e-06
6.14276e-06
6.09903e-06
6.11169e-06
6.07031e-06
6.1133e-06
6.10841e-06
6.07421e-06
6.08728e-06
6.0823e-06
6.11184e-06
6.1018e-06
6.07754e-06
6.10877e-06
6.07334e-06
6.98178e-06
6.11032e-06
6.09493e-06
6.11226e-06
6.07126e-06
4.15977e-08
6.11034e-06
9.99837e-06
6.11074e-06
6.10655e-06
6.11745e-06
6.11253e-06
6.13424e-06
6.07263e-06
6.07072e-06
6.0989e-06
6.10632e-06
6.10542e-06
6.09457e-06
6.10067e-06
6.08688e-06
6.11071e-06
6.1022e-06
6.15865e-06
6.18017e-06
6.08092e-06
6.09893e-06
6.09953e-06
1.31568e-09
5.77939e-07
6.06833e-06
6.136e-06
0.000144133
0.000355618
6.13899e-06
6.1156e-06
6.11743e-06
6.09533e-06
6.09074e-06
6.12937e-06
6.09072e-06
6.07076e-06
6.12797e-06
6.0903e-06
6.12163e-06
6.1245e-06
6.09154e-06
6.10241e-06
6.15573e-06
6.13983e-06
6.09616e-06
6.10829e-06
6.07673e-06
6.09672e-06
6.07933e-06
6.08291e-06
6.07808e-06
6.10081e-06
1.09662e-06
6.13834e-06
6.09687e-06
6.09604e-06
1.39595e-05
6.46721e-06
6.08485e-06
6.09058e-06
6.09328e-06
3.22195e-06
6.08873e-06
6.09364e-06
0.000131744
6.09544e-06
6.07591e-06
6.10135e-06
6.14708e-07
6.12418e-06
6.14827e-06
6.13074e-06
6.13028e-06
6.10197e-06
9.92351e-09
6.41994e-06
6.31941e-06
6.43252e-06
6.1147e-06
2.09152e-08
6.13704e-06
6.09508e-06
0.00175955
6.06867e-06
6.11848e-06
6.09206e-06
6.08995e-06
6.08739e-06
6.07372e-06
6.1014e-06
6.07092e-06
6.14076e-06
6.10963e-06
6.29328e-06
6.07763e-06
6.10516e-06
6.07934e-06
6.09069e-06
6.12107e-06
6.11152e-06
6.11588e-06
6.07005e-06
6.50994e-06
6.07472e-06
6.11225e-06
6.09026e-06
6.12545e-06
6.10728e-06
6.10493e-06
6.39133e-06
6.0697e-06
4.71532e-05
6.07332e-06
6.10489e-06
6.11372e-06
6.08285e-06
6.09774e-06
6.10617e-06
6.13728e-06
6.08734e-06
6.10427e-06
6.09506e-06
6.09471e-06
6.08905e-06
6.10462e-06
6.09267e-06
6.10658e-06
6.49727e-06
9.12232e-09
5.98492e-06
6.08779e-06
6.12016e-06
6.11018e-06
6.13226e-06
6.10899e-06
6.07335e-06
2.3826e-09
0.00202324
0.00134561
6.09797e-06
5.89712e-06
6.09876e-06
6.06833e-06
6.10794e-06
2.98601e-06
6.11407e-06
6.10877e-06
6.11326e-06
6.07256e-06
6.15657e-06
0.00210078
6.10947e-06
6.11404e-06
6.08689e-06
6.10872e-06
6.07045e-06
6.10841e-06
6.55868e-05
6.11076e-06
6.09592e-06
0.00125115
6.08388e-06
6.0876e-06
6.135e-06
6.07861e-06
6.12053e-06
5.61066e-05
6.10766e-06
6.07655e-06
6.10018e-06
6.13045e-06
6.12138e-06
6.09275e-06
6.12501e-06
6.10818e-06
6.14276e-06
6.07051e-06
6.074e-06
6.12368e-06
6.10593e-06
6.10583e-06
6.07178e-06
5.87312e-06
6.13351e-06
6.081e-06
6.1211e-06
6.12189e-06
5.94303e-05
6.06916e-06
6.10868e-06
6.09271e-06
6.14888e-06
6.14069e-06
6.08548e-06
0.000364322
6.10794e-06
6.08231e-06
6.06819e-06
6.09032e-06
6.07628e-06
6.09892e-06
6.08936e-06
6.10268e-06
6.07541e-06
6.11498e-06
6.10108e-06
4.09533e-06
6.11987e-06
6.1286e-06
6.10332e-06
6.09488e-06
6.09731e-06
6.10124e-06
6.13939e-06
6.14722e-06
6.08489e-06
6.11851e-06
6.11008e-06
6.06856e-06
6.11976e-06
6.12039e-06
6.13663e-06
6.21657e-06
6.10665e-06
6.10059e-06
5.94944e-06
6.08729e-06
6.10287e-06
6.12173e-06
6.105e-06
6.12677e-06
6.10258e-06
6.07239e-06
3.90764e-06
6.07544e-06
6.10793e-06
6.10317e-06
5.39281e-05
6.08926e-06
6.1359e-06
6.1111e-06
0.000262344
6.08165e-06
0.000310723
6.06891e-06
6.0694e-06
6.07472e-06
6.10374e-06
6.14211e-06
6.11895e-06
6.28758e-06
3.32063e-06
6.06898e-06
6.08156e-06
6.09576e-06
6.1468e-06
6.07211e-06
4.49229e-06
6.58183e-06
6.12075e-06
6.10148e-06
6.132e-06
6.11664e-06
6.10268e-06
6.06989e-06
6.13159e-06
6.03893e-06
6.11356e-06
6.11493e-06
6.11644e-06
6.11655e-06
6.08382e-06
6.08658e-06
6.07564e-06
6.09049e-06
6.10179e-06
8.95307e-14
1.87705e-07
6.10114e-06
6.52954e-06
6.06872e-06
5.84942e-06
6.1223e-06
6.11166e-06
6.10175e-06
6.07732e-06
5.8496e-06
6.10832e-06
6.1192e-06
6.11231e-06
6.07121e-06
6.09594e-06
6.07581e-06
6.08747e-06
6.1081e-06
6.12877e-06
6.13636e-06
6.19387e-06
3.60258e-09
4.40717e-08
6.08205e-06
6.09868e-06
6.5355e-06
0.000170297
6.08696e-06
6.07697e-06
6.39193e-06
6.07173e-06
1.12481e-06
4.7247e-09
6.09842e-06
6.11834e-06
6.0888e-06
6.10441e-06
6.07609e-06
6.08362e-06
6.06817e-06
6.07034e-06
6.13697e-06
6.10962e-06
6.099e-06
6.08677e-06
6.06929e-06
6.0736e-06
6.09867e-06
5.91686e-06
6.13791e-06
6.08727e-06
6.0735e-06
6.06386e-06
6.11853e-06
6.13392e-06
6.09884e-06
6.12767e-06
6.08715e-06
6.09562e-06
6.30337e-06
6.26374e-06
6.12073e-06
6.05224e-06
6.11218e-06
4.62725e-06
6.10147e-06
6.12834e-06
6.12788e-06
6.08081e-06
6.10482e-06
6.06908e-06
6.07006e-06
6.0975e-06
6.09272e-06
6.08877e-06
6.08534e-06
6.09471e-06
6.14823e-06
6.10248e-06
6.09834e-06
6.13586e-06
6.10816e-06
6.11105e-06
6.04023e-06
6.06914e-06
6.13045e-06
6.07794e-06
6.32185e-06
6.15006e-06
6.08871e-06
6.14015e-06
6.07371e-06
6.06989e-06
6.09173e-06
6.122e-06
6.13822e-06
6.11767e-06
6.10955e-06
6.12725e-06
6.14333e-06
6.10165e-06
6.12335e-06
6.06937e-06
6.1352e-06
6.10968e-06
6.09075e-06
6.11384e-06
6.08229e-06
6.10854e-06
6.13039e-06
6.13152e-06
6.40446e-06
6.07068e-06
6.11026e-06
6.09378e-06
5.6827e-06
6.01205e-06
6.10783e-06
6.09235e-06
6.09322e-06
0.0019189
6.09299e-06
6.11291e-06
6.07477e-06
5.90989e-06
6.11899e-06
6.09581e-06
6.08811e-06
6.10503e-06
6.40754e-06
6.11415e-06
6.09906e-06
6.09888e-06
6.08581e-06
6.09227e-06
6.11422e-06
6.06876e-06
6.11484e-06
6.12346e-06
6.09212e-06
6.10983e-06
6.09016e-06
6.07767e-06
5.99216e-06
6.09401e-06
6.06831e-06
6.14126e-06
6.08754e-06
0.000417948
6.09909e-06
6.07477e-06
7.25526e-06
6.10141e-06
6.13835e-06
4.68357e-05
6.15402e-06
6.08122e-06
6.10588e-06
6.15858e-06
6.08866e-06
6.12754e-06
6.08674e-06
6.0727e-06
6.13367e-06
6.11748e-06
6.08468e-06
6.07955e-06
6.11863e-06
6.09279e-06
6.07108e-06
6.11561e-06
6.07451e-06
6.08783e-06
6.10391e-06
6.12331e-06
6.10944e-06
6.14202e-06
6.12112e-06
6.07483e-06
6.07536e-06
0.000442295
6.37054e-06
6.10574e-06
6.10602e-06
0.000195915
6.10019e-06
6.12031e-06
6.10118e-06
6.11445e-06
6.0942e-06
6.09366e-06
6.10471e-06
0.00145069
6.14622e-06
6.1127e-06
6.09468e-06
6.13511e-06
6.11866e-06
6.09605e-06
6.10809e-06
6.07838e-06
6.1042e-06
6.41093e-06
3.51078e-06
6.16464e-06
1.64846e-08
6.0727e-06
6.09039e-06
6.11306e-06
6.12278e-06
6.08795e-06
6.13541e-06
6.12535e-06
6.08805e-06
6.08409e-06
6.13217e-06
6.07721e-06
6.07251e-06
6.12695e-06
6.14024e-06
6.10615e-06
6.09494e-06
6.0826e-06
6.11865e-06
6.11099e-06
6.06861e-06
6.87204e-06
6.15301e-06
0.00036652
6.11391e-06
6.08723e-06
6.14211e-06
6.16931e-06
6.1519e-06
6.11793e-06
6.0816e-06
6.11798e-06
6.08892e-06
6.26547e-06
6.27538e-06
6.09444e-06
6.07093e-06
6.31484e-06
6.13741e-06
6.08496e-06
6.07438e-06
6.08892e-06
6.12396e-06
6.07488e-06
6.203e-06
6.11754e-06
6.11305e-06
6.07077e-06
6.12162e-06
4.00277e-06
6.12062e-06
6.11387e-06
6.10586e-06
6.10844e-06
2.73537e-08
6.07313e-06
6.16046e-06
6.07139e-06
3.39928e-06
6.13077e-06
6.10803e-06
6.06999e-06
2.55604e-07
6.02146e-06
6.07314e-06
6.11492e-06
6.09588e-06
6.82776e-05
6.0686e-06
6.10042e-06
6.09168e-06
3.417e-06
6.16204e-06
6.07209e-06
6.14205e-06
6.07212e-06
6.08336e-06
6.08149e-06
6.07076e-06
6.09412e-06
7.24231e-06
6.08281e-06
6.10603e-06
6.10842e-06
6.06892e-06
6.07258e-06
6.14754e-06
6.07042e-06
6.12063e-06
6.12226e-06
6.1102e-06
6.32737e-06
6.16194e-06
6.07454e-06
6.14834e-06
3.28542e-06
6.12157e-06
6.09684e-06
6.07879e-06
6.07229e-06
6.11395e-06
6.08798e-06
6.07483e-06
6.25968e-06
6.29696e-06
6.10658e-06
6.23741e-06
6.0856e-06
6.11894e-06
6.12367e-06
6.11022e-06
6.08392e-06
0.000245264
6.09435e-06
6.09163e-06
6.08485e-06
6.08915e-06
6.08629e-06
6.1399e-06
6.0722e-06
6.07449e-06
6.08739e-06
6.10587e-06
6.09435e-06
6.14069e-06
6.21939e-06
4.85093e-06
6.13675e-06
6.07842e-06
6.19633e-06
6.23678e-06
5.89891e-06
6.12094e-06
6.08755e-06
0.00134443
6.09571e-06
6.0712e-06
6.12329e-06
6.07766e-06
6.07018e-06
6.12285e-06
6.09317e-06
6.09549e-06
6.13482e-06
5.79342e-05
3.38863e-06
0.000201161
6.09634e-06
5.31362e-06
6.08622e-06
6.09521e-06
6.10073e-06
6.08379e-06
6.08849e-06
6.0852e-06
6.08119e-06
6.16123e-06
0.000262028
6.10772e-06
6.13886e-06
6.07072e-06
6.14914e-06
6.07915e-06
6.08673e-06
6.09575e-06
6.11044e-06
6.09662e-06
6.11659e-06
6.09417e-06
6.07086e-06
6.06837e-06
6.09075e-06
5.5851e-06
6.09668e-06
6.09902e-06
6.10205e-06
6.15757e-06
6.1334e-06
6.06726e-06
6.12135e-06
6.08985e-06
6.06675e-06
6.13814e-06
7.70272e-06
6.11674e-06
6.06959e-06
6.10428e-06
6.10624e-06
6.09729e-06
6.10695e-06
6.1003e-06
6.12072e-06
6.13816e-06
6.11053e-06
0.00069602
9.39063e-07
3.15985e-06
6.0685e-06
6.07265e-06
6.14278e-06
6.11306e-06
6.09213e-06
6.08634e-06
6.07623e-06
6.52284e-06
6.07427e-06
6.0902e-06
6.06798e-06
6.06916e-06
6.10912e-06
6.10732e-06
6.07098e-06
6.09225e-06
6.07563e-06
6.10141e-06
0.000136341
7.68067e-06
6.07015e-06
6.13934e-06
6.11245e-06
6.12287e-06
6.39309e-06
6.14837e-06
6.14304e-06
6.1011e-06
6.37074e-06
6.09272e-06
2.25572e-11
6.15682e-06
1.08611e-08
6.1007e-06
6.14708e-06
6.07026e-06
6.0931e-06
6.23771e-06
6.08685e-06
6.10876e-06
6.06859e-06
6.11277e-06
6.0935e-06
6.10688e-06
6.13105e-06
6.12302e-06
6.14176e-06
6.08639e-06
6.13296e-06
6.09497e-06
6.06955e-06
6.12979e-06
6.14335e-06
6.13426e-06
6.08187e-06
6.13335e-06
6.13282e-06
6.1017e-06
6.1027e-06
6.06975e-06
6.1279e-06
6.07882e-06
6.07149e-06
3.45233e-06
6.09144e-06
6.07928e-06
5.4705e-06
6.10319e-06
6.08402e-06
6.14149e-06
0.000435424
6.12052e-06
6.11196e-06
6.08326e-06
6.12387e-06
5.94835e-06
6.1139e-06
6.10439e-06
6.1063e-06
0.000749932
6.07413e-06
6.09153e-06
6.15866e-06
6.11252e-06
6.10021e-06
6.08229e-06
6.10062e-06
0.000759726
6.10938e-06
6.07041e-06
6.0963e-06
1.69391e-07
6.68006e-06
6.0711e-06
6.10352e-06
6.13443e-06
6.14061e-06
6.07747e-06
6.06837e-06
6.08652e-06
6.07097e-06
6.09856e-06
0.000744966
6.10846e-06
6.10022e-06
0.000868782
6.09105e-06
6.17163e-06
6.09784e-06
6.28758e-06
6.11481e-06
6.10069e-06
6.10991e-06
1.78671e-10
3.38492e-09
6.08598e-06
6.13235e-06
6.08582e-06
1.29492e-07
6.07054e-06
6.08388e-06
6.10736e-06
6.1273e-06
6.07037e-06
6.07205e-06
3.52672e-06
6.07568e-06
6.13305e-06
6.14465e-06
6.15064e-06
6.08398e-06
6.0931e-06
6.07281e-06
6.10618e-06
6.16402e-06
6.09242e-06
6.08701e-06
0.000775715
6.08217e-06
6.12601e-06
6.07033e-06
6.09577e-06
6.09234e-06
6.07209e-06
6.07264e-06
6.11059e-06
6.1097e-06
6.08392e-06
6.07569e-06
6.08056e-06
6.13977e-06
6.07169e-06
6.06815e-06
6.35684e-06
6.09751e-06
6.09277e-06
0.000417465
6.10005e-06
7.39902e-06
0.0001486
0.000507537
3.02842e-05
6.08489e-06
6.09605e-06
6.08891e-06
6.12456e-06
6.0908e-06
6.07517e-06
6.7836e-06
6.09833e-06
6.07557e-06
6.09211e-06
6.09477e-06
6.12106e-06
6.1036e-06
6.13184e-06
6.07173e-06
6.11325e-06
6.08587e-06
6.09165e-06
6.07046e-06
6.08006e-06
6.07506e-06
6.08234e-06
6.07443e-06
6.06989e-06
6.07735e-06
6.1161e-06
6.35942e-06
6.14887e-06
6.06968e-06
6.07659e-06
6.28422e-06
1.53613e-06
6.06918e-06
6.06974e-06
6.1045e-06
6.10335e-06
6.06995e-06
6.10789e-06
6.07149e-06
6.07522e-06
6.12132e-06
6.12406e-06
6.07154e-06
6.07086e-06
6.10881e-06
6.27997e-06
5.83908e-06
6.08339e-06
6.11334e-06
6.11498e-06
6.0707e-06
6.08601e-06
6.33141e-06
6.08961e-06
6.12023e-06
6.0881e-06
6.10907e-06
6.07035e-06
6.12216e-06
6.03044e-07
6.09999e-06
6.06946e-06
7.92696e-06
6.08823e-06
6.09508e-06
6.09631e-06
6.09534e-06
6.08908e-06
6.10885e-06
6.07879e-06
6.07971e-06
6.07165e-06
6.09494e-06
6.1132e-06
6.10408e-06
6.13034e-06
6.15018e-06
6.63509e-06
9.38134e-06
6.13475e-06
6.10506e-06
6.07466e-06
6.07968e-06
6.09087e-06
6.07462e-06
6.09388e-06
6.06993e-06
6.071e-06
3.83986e-06
6.08358e-06
6.11371e-06
6.1102e-06
6.1155e-06
6.09469e-06
6.08395e-06
6.1143e-06
4.70504e-09
4.58974e-06
6.13716e-06
6.07224e-06
3.09548e-06
6.07596e-06
6.12886e-06
0.00121282
6.10269e-06
0.00117084
6.10382e-06
6.0711e-06
6.07133e-06
6.27169e-06
6.11766e-06
6.07231e-06
6.08642e-06
6.10287e-06
6.07647e-06
6.08487e-06
6.07915e-06
2.71745e-06
6.06963e-06
4.50793e-06
6.26412e-06
6.13647e-06
6.12217e-06
6.13699e-06
6.08054e-06
6.13729e-06
6.0689e-06
6.08621e-06
6.08708e-06
6.12009e-06
6.08246e-06
6.43266e-06
6.06788e-06
5.8523e-06
6.08739e-06
6.09025e-06
6.07263e-06
6.1096e-06
6.16119e-06
6.09373e-06
6.1047e-06
6.07065e-06
6.10913e-06
6.28729e-06
5.93008e-06
6.09898e-06
6.06908e-06
6.11481e-06
6.06844e-06
0.000117844
6.07619e-06
6.0566e-06
6.08256e-06
6.08479e-06
6.08782e-06
6.81304e-06
6.09365e-06
6.16435e-06
6.3613e-06
6.07e-06
6.09788e-06
6.3455e-06
6.11486e-06
7.71372e-06
6.12983e-06
3.41616e-05
6.07784e-06
6.07933e-06
6.08463e-06
6.10586e-06
0.0012708
6.06998e-06
6.09495e-06
6.08214e-06
6.09678e-06
6.13258e-06
6.09071e-06
6.11052e-06
6.09477e-06
6.14113e-06
6.06963e-06
4.06872e-07
6.14899e-06
5.93492e-06
6.13739e-06
6.12013e-06
6.14339e-06
6.09783e-06
6.08586e-06
0.00166391
6.08466e-06
0.000268349
6.07182e-06
6.10515e-06
6.11196e-06
6.13453e-06
0.000354429
6.13824e-06
6.12143e-06
6.0776e-06
6.11262e-06
6.11031e-06
6.06927e-06
6.09604e-06
6.14373e-06
0.00217671
6.07272e-06
6.06809e-06
6.07144e-06
6.12026e-06
6.08832e-06
1.62456e-07
6.11038e-06
6.08155e-06
6.06951e-06
6.08001e-06
6.08583e-06
6.1001e-06
6.09615e-06
6.06849e-06
6.10816e-06
6.06862e-06
6.1087e-06
6.07768e-06
6.12737e-06
6.11354e-06
6.07051e-06
6.11232e-06
6.11533e-06
6.0869e-06
6.22464e-06
6.2005e-06
1.28972e-05
6.07819e-06
6.09042e-06
5.84093e-06
6.11169e-06
6.09275e-06
6.09265e-06
6.07884e-06
6.0691e-06
6.10585e-06
6.13276e-06
6.11323e-06
6.08617e-06
6.06899e-06
9.70662e-05
6.10486e-06
7.11776e-11
6.14076e-06
6.26474e-06
6.14887e-06
6.11127e-06
6.08155e-06
6.10897e-06
6.11091e-06
6.11297e-06
6.04543e-06
6.08308e-06
6.07103e-06
6.11239e-06
7.53744e-06
6.12451e-06
6.14116e-06
6.0815e-06
6.09619e-06
6.1365e-06
6.03996e-06
6.13118e-06
6.07256e-06
6.9567e-12
6.14496e-06
6.15993e-06
3.40155e-06
6.13734e-06
6.15713e-06
6.08766e-06
6.09214e-06
0.000477565
5.56833e-06
6.12744e-06
6.08117e-06
6.0733e-06
0.00112774
6.13049e-06
1.37131e-05
7.95118e-06
6.1433e-06
6.13441e-06
0.000538332
6.14071e-06
6.07588e-06
6.10942e-06
6.15693e-06
6.16897e-06
6.08387e-06
6.07502e-06
6.13738e-06
6.10388e-06
6.07424e-06
6.17639e-06
6.06916e-06
1.79009e-09
6.08539e-06
6.085e-06
6.11115e-06
6.1337e-06
6.09446e-06
6.11044e-06
6.12733e-06
6.09239e-06
1.20805e-06
6.00532e-06
6.10913e-06
6.07107e-06
0.00131667
6.12084e-06
6.06834e-06
6.09042e-06
6.11725e-05
6.10888e-06
6.11508e-06
6.06969e-06
6.11606e-06
6.10493e-06
6.13108e-06
4.93846e-06
6.1341e-06
6.10776e-06
6.33959e-06
6.09603e-06
6.07877e-06
6.08351e-06
6.12893e-06
6.12399e-06
6.09911e-06
6.08906e-06
6.14557e-06
6.06826e-06
6.06949e-06
6.32697e-06
6.08535e-06
6.07518e-06
6.13987e-06
6.07407e-06
6.11744e-06
6.0741e-06
6.06845e-06
6.09991e-06
8.19362e-06
6.07639e-06
6.08522e-06
6.1099e-06
6.1085e-06
6.12403e-06
6.08807e-06
6.10204e-06
6.10899e-06
6.08233e-06
6.07068e-06
6.19196e-06
6.11382e-06
1.13933e-09
6.32004e-06
3.41361e-06
6.13866e-06
6.65923e-05
6.12489e-06
6.1274e-06
6.07756e-06
6.07095e-06
6.11039e-06
6.07107e-06
0.00106759
6.08e-06
6.08182e-06
6.11569e-06
6.08965e-06
5.86104e-06
6.08523e-06
6.09594e-06
7.37523e-06
0.000884714
6.1098e-06
6.11338e-06
6.12439e-06
6.11767e-06
6.11905e-06
6.07877e-06
6.07581e-06
6.09836e-06
7.75878e-06
6.0701e-06
1.40168e-05
6.08017e-06
6.06972e-06
1.72395e-06
6.1064e-06
6.14129e-06
6.13021e-06
6.08856e-06
6.06943e-06
6.11071e-06
6.78278e-06
6.10271e-06
6.08899e-06
6.11235e-06
6.09931e-06
6.14131e-06
6.10878e-06
6.16085e-06
6.13284e-06
6.06949e-06
6.09291e-06
6.13285e-06
6.07299e-06
5.57618e-06
6.09245e-06
6.08576e-06
6.15494e-06
6.15043e-06
6.09316e-06
6.13885e-06
6.10764e-06
6.14004e-06
6.0709e-06
6.06835e-06
6.1365e-06
4.64884e-06
6.08942e-06
6.04897e-06
6.07207e-06
6.09338e-06
6.12605e-06
6.09737e-06
6.06816e-06
6.15791e-06
7.60136e-06
7.83664e-05
6.0678e-06
0.000850583
1.24082e-08
6.08181e-06
3.65812e-06
6.09456e-06
0.000139966
6.06804e-06
6.3169e-06
6.14771e-06
6.06899e-06
6.16093e-06
6.08872e-06
6.06778e-06
6.0806e-06
6.12466e-06
6.10431e-06
6.08126e-06
6.13286e-06
6.09185e-06
6.1674e-06
6.07104e-06
6.08698e-06
1.56736e-06
6.07015e-06
1.7169e-06
6.10064e-06
6.07067e-06
6.07339e-06
6.48697e-06
6.14017e-06
6.10023e-06
6.13344e-06
6.08455e-06
6.13476e-06
6.15965e-06
6.137e-06
6.13012e-06
6.08002e-06
6.0924e-06
6.29127e-06
6.07868e-06
6.08164e-06
6.27215e-06
6.07695e-06
6.09677e-06
6.08601e-06
6.07174e-06
6.13711e-06
5.51184e-06
6.0703e-06
6.08866e-06
6.07292e-06
6.13322e-06
6.11965e-06
6.0709e-06
0.00073539
6.08626e-06
0.000238711
6.09836e-06
0.000239313
9.05443e-06
6.09113e-06
6.09546e-06
6.08515e-06
6.15491e-06
0.000701943
6.14019e-06
6.16277e-06
6.0888e-06
6.06991e-06
6.08713e-06
0.000112654
0.000145141
6.33544e-06
6.14362e-06
6.08036e-06
6.09725e-06
6.09118e-06
6.10058e-06
6.10406e-06
6.13089e-06
6.10607e-06
6.11156e-06
6.11136e-06
6.11273e-06
6.10853e-06
6.07146e-06
6.11207e-06
6.08161e-06
6.06893e-06
6.12961e-06
6.0688e-06
6.14394e-06
6.03842e-06
6.1024e-06
6.0933e-06
6.11225e-06
6.13968e-06
6.14127e-06
6.12899e-06
3.93278e-07
6.07107e-06
6.0765e-06
6.0768e-06
6.11279e-06
6.07156e-06
6.07344e-06
6.1331e-06
6.06981e-06
6.14525e-06
6.07143e-06
6.09661e-06
6.10285e-06
6.0696e-06
6.30313e-06
6.12604e-06
6.07178e-06
0.00128958
6.1393e-06
6.10895e-06
6.06963e-06
9.41084e-06
6.08685e-06
6.12276e-06
6.1236e-06
6.10503e-06
6.13475e-06
6.08564e-06
6.10096e-06
6.08927e-06
6.07084e-06
6.0726e-06
6.13571e-06
6.10658e-06
6.09426e-06
0.000845939
5.92207e-06
6.07329e-06
6.07052e-06
6.09455e-06
6.07864e-06
6.09668e-06
6.08224e-06
6.11589e-06
0.000123201
7.84116e-06
6.12402e-06
6.14095e-06
6.12872e-06
6.06851e-06
6.52598e-06
6.08232e-06
6.12222e-06
6.10669e-06
6.08607e-06
6.06777e-06
6.14459e-06
6.09056e-06
6.07936e-06
6.10664e-06
6.12869e-06
6.07454e-06
5.67254e-06
6.11336e-06
6.11128e-06
6.12804e-06
6.13925e-06
6.07139e-06
6.10714e-06
6.07985e-06
6.12172e-06
6.08592e-06
6.11957e-06
6.10286e-06
6.11575e-06
6.06996e-06
6.06798e-06
8.24092e-05
6.08175e-06
6.07041e-06
6.08216e-06
6.11065e-06
6.14142e-06
6.10288e-06
7.56967e-08
6.09456e-06
6.08088e-06
6.08313e-06
6.09894e-06
6.1482e-06
6.14513e-06
6.0679e-06
6.08406e-06
6.06946e-06
6.08032e-06
6.08715e-06
6.07445e-06
6.06985e-06
1.17188e-06
6.13738e-06
6.11525e-06
3.86266e-06
6.16102e-06
6.13077e-06
6.10817e-06
6.14926e-06
6.07667e-06
6.07087e-06
6.3201e-06
6.1071e-06
6.11727e-06
6.0816e-06
6.07632e-06
6.07282e-06
0.000208979
6.08627e-06
6.13041e-06
6.0827e-06
6.09754e-06
6.11959e-06
6.06945e-06
0.000960826
5.06171e-06
3.6023e-06
6.1399e-06
6.0893e-06
6.10957e-06
7.47778e-06
6.11224e-06
6.0795e-06
6.0901e-06
6.06825e-06
5.17244e-07
5.96449e-08
6.09602e-06
6.10878e-06
3.60811e-07
6.10899e-06
6.06857e-06
6.1068e-06
0.00179425
6.0959e-06
6.07974e-06
6.09138e-06
6.0919e-06
6.08304e-06
6.06829e-06
6.07004e-06
6.35532e-06
6.09636e-06
6.07173e-06
6.10498e-06
6.08683e-06
1.993e-06
6.10785e-06
6.09465e-06
6.07097e-06
6.14494e-06
9.00226e-06
6.10748e-06
2.87582e-06
6.10892e-06
6.06899e-06
6.13054e-06
6.13909e-06
6.08067e-06
5.37949e-05
6.07192e-06
6.12209e-06
6.10705e-06
6.10558e-06
2.01399e-06
7.82337e-06
6.13514e-06
6.6973e-06
6.10674e-06
2.74419e-09
6.11202e-06
6.16069e-06
6.13528e-06
5.82147e-06
6.0719e-06
6.08688e-06
6.06939e-06
2.83201e-05
6.07068e-06
6.07149e-06
6.06843e-06
6.06853e-06
6.09087e-06
6.12531e-06
6.06958e-06
6.09018e-06
6.10729e-06
6.08397e-06
6.06831e-06
6.10715e-06
6.15495e-06
6.13564e-06
6.15293e-06
6.81766e-08
6.08898e-06
6.07075e-06
6.09397e-06
6.09427e-06
6.11536e-06
6.06908e-06
6.24522e-06
6.1133e-06
5.89499e-06
6.11948e-06
6.06974e-06
6.10251e-06
6.10383e-06
6.20899e-06
2.02689e-06
6.09152e-06
6.13619e-06
6.08639e-06
1.32906e-05
6.18788e-06
6.18091e-06
6.15611e-06
0.000556096
6.08093e-06
5.86855e-06
4.84469e-06
6.15237e-06
6.11691e-06
6.15506e-06
6.11438e-06
6.09512e-06
6.10994e-06
6.11581e-06
6.07e-06
6.07205e-06
7.8232e-06
6.08252e-06
6.13607e-06
6.14073e-06
6.14213e-06
6.12208e-06
0.00118182
6.06979e-06
6.07867e-06
6.09678e-06
6.11361e-06
6.10749e-06
6.10017e-06
6.06981e-06
6.14966e-06
2.81154e-12
6.09799e-06
5.88527e-06
6.07922e-06
6.08775e-06
5.96749e-06
6.08825e-06
6.09264e-06
6.09652e-06
6.11201e-06
6.10167e-06
6.08527e-06
6.0797e-06
6.19861e-06
6.0725e-06
6.09771e-06
6.10835e-06
6.10019e-06
6.12201e-06
2.42007e-06
6.11995e-06
6.08087e-06
6.07525e-06
9.80028e-06
0.00220643
6.10135e-06
6.1122e-06
6.08995e-06
6.07208e-06
6.08903e-06
6.07614e-06
9.10721e-06
6.09737e-06
7.52764e-06
6.08852e-06
6.10239e-06
6.06816e-06
6.09754e-06
7.72129e-06
6.11437e-06
6.08033e-06
6.1764e-06
6.21325e-06
0.000981967
6.07247e-06
6.06844e-06
6.07914e-06
6.09044e-06
6.13908e-06
6.07589e-06
6.09477e-06
6.07095e-06
6.14193e-06
6.26519e-06
6.23186e-06
6.09973e-06
6.13594e-06
6.06792e-06
8.57126e-06
6.06862e-06
6.06996e-06
0.000213257
6.07517e-06
6.15091e-06
6.12095e-06
6.07455e-06
6.06886e-06
6.0701e-06
6.14153e-06
6.07119e-06
6.10609e-06
6.09069e-06
6.07074e-06
6.06992e-06
6.07065e-06
6.3869e-06
6.11119e-06
6.09789e-06
6.09718e-06
6.07017e-06
6.10684e-06
6.13865e-06
6.10088e-06
6.10251e-06
6.1787e-06
6.09599e-06
1.84182e-06
6.09682e-06
6.07821e-06
6.06893e-06
6.75141e-06
6.08035e-06
6.11421e-06
6.08462e-06
6.07088e-06
6.15521e-06
6.07941e-06
6.09049e-06
6.24252e-06
6.10917e-06
6.12224e-06
6.07757e-06
6.11222e-06
6.07044e-06
6.09847e-06
6.10681e-06
6.14861e-06
6.60592e-06
6.11129e-06
6.10925e-06
6.0861e-06
6.07218e-06
6.09583e-06
6.09409e-06
6.10716e-06
6.17682e-06
6.11381e-06
6.08246e-06
6.14575e-06
6.10661e-06
0.00113366
6.108e-06
0.00113506
6.15928e-06
6.11173e-06
6.06776e-06
6.07561e-06
6.1107e-06
6.07902e-06
6.06993e-06
6.07519e-06
6.09527e-06
6.09626e-06
6.09328e-06
1.29541e-06
6.07618e-06
6.10117e-06
4.95134e-06
6.1378e-06
4.16727e-06
6.15227e-06
6.08008e-06
5.41146e-06
6.09679e-06
6.14831e-06
6.07096e-06
6.06756e-06
6.0752e-06
6.07367e-06
6.09612e-06
6.07031e-06
6.07533e-06
5.77299e-07
6.06947e-06
6.11998e-06
6.20259e-07
3.60831e-06
6.11404e-06
6.09457e-06
6.09389e-06
6.2533e-06
6.10615e-06
6.07439e-06
6.34582e-06
1.10972e-05
6.08565e-06
6.13858e-06
6.09184e-06
6.07421e-06
6.07098e-06
6.0928e-06
6.0942e-06
6.10371e-06
6.11493e-06
6.07328e-06
6.10779e-06
6.14258e-06
6.11309e-06
6.1041e-06
9.97696e-08
6.0941e-06
6.08315e-06
6.13668e-06
6.07353e-06
0.00217638
6.0938e-06
6.95668e-05
6.1019e-06
2.1739e-05
6.08217e-06
6.38962e-06
6.13008e-06
3.58457e-06
6.43739e-06
6.08845e-06
6.07136e-06
6.0689e-06
6.10486e-06
6.07108e-06
6.10117e-06
6.14058e-06
6.10971e-06
6.13084e-06
6.07078e-06
6.09464e-06
6.11502e-06
6.11719e-06
5.18388e-06
6.1045e-06
6.12227e-06
6.11291e-06
6.09469e-06
6.08042e-06
6.11104e-06
6.08636e-06
6.07515e-06
6.11304e-06
6.07829e-06
6.06905e-06
6.06956e-06
6.08082e-06
6.09648e-06
6.07042e-06
6.13498e-06
1.85201e-08
6.08453e-06
6.10978e-06
0.000537932
1.93484e-07
6.1167e-06
6.20755e-06
6.07156e-06
6.21289e-08
6.1137e-06
0.00089581
6.08967e-06
6.1012e-06
6.12045e-06
0.00141684
6.12672e-06
6.07318e-06
6.1257e-06
6.10784e-06
6.08444e-06
6.09512e-06
6.09554e-06
6.07892e-06
6.06931e-06
4.01132e-06
7.14136e-05
2.74021e-05
1.13932e-11
6.10686e-06
0.000656801
6.11265e-06
6.07402e-06
6.10984e-06
6.10938e-06
6.07722e-06
6.08061e-06
6.06824e-06
6.10522e-06
6.13103e-06
6.29592e-06
6.15071e-06
6.07026e-06
0.00078508
6.13478e-06
1.45735e-06
6.85105e-06
6.08268e-06
6.07956e-06
6.09192e-06
5.89974e-06
1.50798e-08
6.10214e-06
6.09987e-06
6.0702e-06
6.1049e-06
6.07458e-06
6.13156e-06
6.09277e-06
6.0926e-06
6.12106e-06
6.11205e-06
6.13745e-06
6.17224e-06
6.07206e-06
0.000369512
3.43015e-05
6.20823e-06
6.19199e-06
5.44022e-06
6.09396e-06
6.12307e-06
6.14229e-06
6.33828e-06
6.08862e-06
6.06975e-06
6.06915e-06
0.000249025
6.0869e-06
6.07657e-06
6.09333e-06
6.07786e-06
6.08088e-06
6.1038e-06
1.68312e-09
6.07039e-06
6.11993e-06
6.09901e-06
0.000927624
6.09369e-06
0.000967297
6.12081e-06
6.09097e-06
6.09068e-06
6.08693e-06
9.15057e-05
0.00131018
6.09511e-06
6.11862e-06
0.000583221
6.11043e-06
6.09571e-06
6.08502e-06
0.000574912
4.43318e-06
6.14993e-06
6.0851e-06
6.06842e-06
6.15453e-06
6.07425e-06
6.14499e-06
6.0906e-06
6.07923e-06
6.09786e-06
6.09592e-06
6.07068e-06
6.13285e-06
6.0707e-06
6.11186e-06
6.1078e-06
6.10568e-06
6.0683e-06
0.000484871
6.11763e-06
6.06851e-06
6.09478e-06
0.00171641
6.10141e-06
6.06983e-06
6.08376e-06
6.14197e-06
6.11036e-06
6.11068e-06
4.76836e-06
7.09155e-06
6.07616e-06
6.08228e-06
5.57751e-05
6.07623e-06
6.73966e-06
6.25858e-06
6.07047e-06
4.72622e-05
6.10226e-06
3.76899e-08
6.54029e-06
6.09037e-06
5.01306e-05
6.06818e-06
6.09131e-06
6.15923e-06
0.000210732
6.07167e-06
6.11307e-06
6.07676e-06
6.09494e-06
6.10833e-06
6.08627e-06
6.12961e-06
6.06983e-06
6.07556e-06
1.16595e-09
4.65718e-05
6.08576e-06
6.08897e-06
6.08802e-06
6.06292e-06
8.56774e-06
6.0958e-06
6.14659e-06
6.07385e-06
6.09914e-06
6.06895e-06
6.08264e-06
6.07603e-06
6.06955e-06
6.0828e-06
1.37422e-05
6.0999e-06
3.94292e-06
7.73433e-06
6.0883e-06
6.08065e-06
6.09048e-06
6.13237e-06
6.1239e-06
6.12969e-06
6.10463e-06
4.10154e-07
0.00147282
6.12438e-06
7.60787e-05
6.08339e-06
6.12763e-06
6.1165e-06
6.08912e-06
6.06481e-06
6.10039e-06
2.59113e-07
6.10608e-06
6.06923e-06
6.10293e-06
6.09584e-06
6.09811e-06
6.10226e-06
6.07113e-06
6.10946e-06
6.02692e-06
6.10204e-06
6.09364e-06
6.11638e-06
6.09821e-06
0.000274166
6.3072e-06
6.40954e-06
6.11123e-06
6.14675e-06
6.07682e-06
6.10772e-06
6.09233e-06
6.13257e-06
6.20021e-06
6.0743e-06
6.1047e-06
6.14302e-06
6.14683e-06
6.08773e-06
6.09601e-06
6.1199e-06
6.09502e-06
6.1047e-06
6.07038e-06
6.12125e-06
6.0922e-06
6.13846e-06
6.13787e-06
6.11553e-06
6.11284e-06
6.25991e-06
6.18682e-06
6.09031e-06
6.12244e-06
7.8938e-06
6.11328e-06
6.2229e-06
6.11391e-06
6.07027e-06
6.20989e-06
6.06809e-06
6.12825e-06
6.10361e-06
6.12315e-06
6.12199e-06
6.14078e-06
6.08373e-06
6.08979e-06
6.07365e-06
6.09596e-06
6.09528e-06
6.10726e-06
6.10937e-06
6.09404e-06
0.000115462
6.11135e-06
6.07512e-06
6.10588e-06
6.08485e-06
6.06883e-06
2.24126e-06
6.10452e-06
6.10717e-06
6.11104e-06
2.88808e-07
6.07079e-06
6.10252e-06
6.12566e-06
6.08215e-06
6.07878e-06
6.10843e-06
6.0794e-06
0.00183017
0.000521235
6.14141e-06
6.06919e-06
6.13994e-06
6.1299e-06
6.00176e-06
6.07463e-06
6.11349e-06
9.31137e-05
6.11245e-06
6.11168e-06
6.12283e-06
6.33392e-06
6.1267e-06
6.071e-06
6.11986e-06
6.10137e-06
6.08394e-06
6.06784e-06
6.06891e-06
6.06796e-06
0.000364663
6.12117e-06
6.09492e-06
6.12604e-06
6.1027e-06
1.03748e-08
6.09044e-06
6.08555e-06
6.096e-06
6.07333e-06
6.10429e-06
6.07493e-06
6.09257e-06
6.08855e-06
6.06973e-06
6.06919e-06
6.10688e-06
6.06876e-06
6.1446e-06
0.000606389
6.35341e-06
6.07127e-06
0.00168835
6.07789e-06
6.50014e-06
6.08069e-06
6.10543e-06
6.07499e-06
6.10508e-06
6.07787e-06
6.14743e-06
6.07842e-06
6.09961e-06
6.1057e-06
0.000756666
0.000735814
0.00207611
6.07377e-06
6.104e-06
6.07167e-06
6.1272e-06
6.07415e-06
6.11688e-06
6.08697e-06
6.083e-06
6.11802e-06
1.52882e-05
6.09437e-06
6.11656e-06
6.14931e-06
0.000273857
6.11018e-06
0.000274617
6.09887e-06
6.0986e-06
6.07923e-06
6.09098e-06
0.000227221
6.15095e-06
6.10477e-06
6.08037e-06
6.09406e-06
6.20425e-06
6.94657e-07
6.22693e-06
6.24937e-06
6.18056e-06
1.67622e-07
6.11577e-06
6.12844e-06
6.06979e-06
6.09521e-06
6.15258e-06
6.11041e-06
6.14254e-06
2.42228e-05
0.00015814
6.09096e-06
6.06814e-06
6.12721e-06
6.10701e-06
6.11124e-06
6.11175e-06
6.08949e-06
0.000545862
6.07718e-06
6.08639e-06
6.11405e-06
6.09146e-06
6.24309e-06
6.24449e-06
3.73836e-07
6.10971e-06
6.10675e-06
6.09398e-06
0.000138264
6.09899e-06
6.10676e-06
6.17425e-06
0.000100555
4.80865e-06
5.81726e-06
6.09996e-06
6.09899e-06
6.11035e-06
6.08162e-06
6.13929e-06
6.11208e-06
6.11243e-06
6.06845e-06
6.12038e-06
6.12766e-06
6.12156e-06
6.06795e-06
6.11081e-06
6.14179e-06
6.07548e-06
6.11265e-06
6.0723e-06
5.96951e-06
6.09039e-06
0.0012707
0.000554931
0.00060641
6.08442e-06
6.18532e-06
6.1109e-06
6.07105e-06
6.08853e-06
6.08964e-06
6.11908e-06
6.08429e-06
6.09378e-06
6.06888e-06
6.11034e-06
6.09843e-06
6.09711e-06
6.09864e-06
0.000251076
6.11365e-06
6.18963e-06
6.28769e-06
6.07886e-06
6.13584e-06
6.14754e-06
6.1168e-06
6.08664e-06
6.09172e-06
6.0912e-06
6.09208e-06
6.32331e-06
6.07207e-06
6.10682e-06
4.88222e-06
6.11361e-06
6.07265e-06
6.0969e-06
0.000401713
6.10529e-06
6.63611e-06
6.09105e-06
6.08618e-06
0.00147361
6.16587e-06
6.07521e-06
6.26163e-06
6.10247e-06
6.10076e-06
6.12518e-06
8.76081e-06
8.95649e-06
6.09245e-06
6.09183e-06
6.10667e-06
6.1147e-06
6.16038e-06
6.32609e-06
6.23888e-06
6.27503e-06
6.12642e-06
6.09375e-06
6.0922e-06
6.11985e-06
6.07392e-06
1.30062e-05
6.08236e-06
6.08446e-06
6.07019e-06
6.06968e-06
6.11299e-06
0.00070596
6.2422e-06
6.09475e-06
6.29891e-06
6.17984e-06
6.07258e-06
6.09935e-06
6.14576e-06
6.10832e-06
6.07727e-06
6.12032e-06
6.0748e-06
6.14506e-06
6.12508e-06
6.13119e-06
6.09131e-06
6.10554e-06
6.11641e-06
6.13691e-06
6.08947e-06
6.12648e-06
0.00172864
6.07064e-06
6.08877e-06
6.07101e-06
6.10887e-06
6.10266e-06
6.06832e-06
6.09296e-06
6.06815e-06
6.31291e-06
6.06916e-06
6.136e-06
6.10946e-06
6.13945e-06
6.13087e-06
0.000238763
6.06902e-06
6.07005e-06
6.11478e-06
6.08869e-06
6.07647e-06
6.08095e-06
6.06831e-06
6.10856e-06
0.00157679
6.30695e-06
6.10111e-06
6.13517e-06
0.000907057
6.08274e-06
1.73403e-05
6.11576e-06
6.11993e-06
6.07155e-06
6.46846e-06
6.08325e-06
6.09729e-06
6.0711e-06
6.11518e-06
6.07905e-06
6.07263e-06
6.11442e-06
6.10126e-06
6.07327e-06
6.09529e-06
6.11825e-06
0.00185501
6.10024e-06
6.07545e-06
6.08787e-06
6.09762e-06
0.000118129
6.68453e-06
6.07165e-06
0.000202753
6.1045e-06
6.10099e-06
6.08957e-06
6.12193e-06
6.07092e-06
6.14149e-06
6.08749e-06
6.11304e-06
6.16334e-06
6.09189e-06
7.2732e-06
6.07167e-06
6.07168e-06
6.09408e-06
6.11967e-06
5.39021e-05
6.11195e-06
6.13135e-06
6.11056e-06
6.07726e-06
2.00665e-05
6.06966e-06
6.13158e-06
6.13143e-06
6.10366e-06
0.000300926
6.08749e-06
6.07175e-06
6.07975e-06
6.09409e-06
6.10722e-06
6.09628e-06
6.12783e-06
6.06948e-06
6.0694e-06
6.10055e-06
6.06787e-06
6.06913e-06
6.08299e-06
6.08203e-06
6.08367e-06
6.07443e-06
6.07389e-06
6.13236e-06
6.06819e-06
6.06806e-06
6.15023e-06
6.0782e-06
6.10253e-06
6.10758e-06
6.23472e-06
3.37789e-06
6.10789e-06
6.10627e-06
6.14319e-06
6.07601e-06
6.09471e-06
6.07225e-06
6.10148e-06
6.0992e-06
6.06862e-06
6.13741e-06
6.07313e-06
6.07522e-06
6.11387e-06
6.12482e-06
6.07227e-06
6.08768e-06
6.14321e-06
6.11822e-06
6.06803e-06
6.06838e-06
6.08857e-06
6.06877e-06
6.07884e-06
6.07136e-06
6.10676e-06
6.07169e-06
6.07881e-06
6.112e-06
6.11271e-06
6.06861e-06
6.13202e-06
6.12944e-06
5.82055e-06
6.07073e-06
6.11824e-06
6.06949e-06
6.0828e-06
6.08527e-06
6.0688e-06
6.1047e-06
0.000178419
6.07821e-06
6.08092e-06
6.11762e-06
0.000195485
6.15072e-06
6.10698e-06
0.00117218
6.10415e-06
6.07991e-06
6.09558e-06
1.17372e-09
6.07362e-06
6.09737e-06
8.39148e-09
6.0854e-06
6.07661e-06
6.07105e-06
0.00160229
6.13121e-06
6.10399e-06
6.10779e-06
6.37375e-06
6.08422e-06
6.10091e-06
6.16422e-06
6.09657e-06
6.09574e-06
6.11123e-06
6.08194e-06
6.08717e-06
6.08225e-06
6.33693e-06
6.11823e-06
4.55113e-06
6.07581e-06
6.08624e-06
6.07016e-06
0.000364347
6.08021e-06
6.07201e-06
6.11589e-06
6.06956e-06
6.07612e-06
6.16015e-06
6.0711e-06
6.1356e-06
6.13092e-06
6.13299e-06
6.11114e-06
6.09159e-06
6.10439e-06
6.06824e-06
6.10583e-06
6.11017e-06
6.10316e-06
6.09596e-06
6.101e-06
6.08347e-06
6.08262e-06
5.91147e-06
6.08861e-06
6.09236e-06
6.08575e-06
0.00103445
0.00102839
6.09908e-06
6.13377e-06
6.08021e-06
6.09402e-06
6.19322e-06
6.10225e-06
6.12018e-06
6.06881e-06
6.07138e-06
6.07085e-06
0.000227842
6.07372e-06
6.0961e-06
6.0751e-06
6.11575e-06
6.07341e-06
6.07487e-06
6.06852e-06
6.06962e-06
6.07867e-06
5.54988e-06
6.13705e-06
6.07419e-06
6.07092e-06
5.98812e-06
6.16345e-06
6.09326e-06
0.000523379
6.25458e-06
6.11327e-06
6.09792e-06
6.12052e-06
6.09583e-06
6.07425e-06
6.10267e-06
6.06863e-06
6.10322e-06
6.34432e-06
6.31165e-06
6.1117e-06
6.09501e-06
6.07914e-06
6.09559e-06
6.09786e-06
0.000341949
6.10331e-06
6.08223e-06
5.74032e-06
6.11448e-06
6.08994e-06
6.11026e-06
6.09298e-06
6.07785e-06
6.11448e-06
6.10288e-06
6.07074e-06
6.08385e-06
6.07182e-06
6.10549e-06
6.09257e-06
4.85874e-06
6.08868e-06
6.10455e-06
6.07069e-06
6.11375e-06
6.07236e-06
6.07287e-06
0.000511626
6.07103e-06
6.13811e-06
6.07137e-06
6.07438e-06
6.07312e-06
6.0684e-06
6.09979e-06
6.07182e-06
6.08574e-06
6.1623e-06
6.07354e-06
6.08138e-06
6.09558e-06
6.07116e-06
6.07171e-06
2.5958e-06
6.14108e-06
6.31486e-06
6.07012e-06
6.0718e-06
6.09411e-06
6.11239e-06
6.14994e-06
6.06785e-06
6.11672e-06
6.09779e-06
5.89973e-06
6.13451e-06
6.11868e-06
6.06928e-06
6.087e-06
6.10409e-06
6.106e-06
6.11081e-06
6.13659e-06
6.12204e-06
6.12126e-06
6.11913e-06
6.07852e-06
6.13339e-06
6.13746e-06
6.07171e-06
6.09373e-06
7.42386e-05
6.07863e-06
5.10124e-05
6.06971e-06
6.11417e-06
2.33829e-06
6.08806e-06
6.11494e-06
6.09767e-06
5.53473e-08
6.08573e-06
6.06813e-06
6.07369e-06
6.08462e-06
6.09208e-06
6.12361e-06
6.08508e-06
6.07221e-06
8.81138e-06
6.09646e-06
6.07049e-06
6.07589e-06
6.1059e-06
8.2882e-06
6.08077e-06
6.07189e-06
0.000646944
6.06963e-06
6.12663e-06
6.1016e-06
6.10837e-06
6.07448e-06
6.10935e-06
6.07133e-06
6.65951e-06
6.07291e-06
6.08889e-06
6.06942e-06
6.08463e-06
6.13873e-06
6.08617e-06
0.000211053
6.08823e-06
6.13127e-06
6.07047e-06
6.1424e-06
6.06806e-06
2.90538e-05
0.00197243
6.08444e-06
6.13927e-06
6.08704e-06
6.10765e-06
6.10472e-06
6.09909e-06
6.11893e-06
6.0776e-06
6.07546e-06
6.07677e-06
6.83561e-07
6.40781e-06
6.10635e-06
6.09363e-06
6.13582e-06
6.09248e-06
6.09221e-06
6.06861e-06
6.07045e-06
6.23084e-06
6.09402e-06
6.07777e-06
0.000161356
6.08851e-06
5.4477e-06
6.06965e-06
6.16002e-06
6.14412e-06
6.08323e-06
6.07966e-06
6.10136e-06
6.10042e-06
6.06788e-06
6.07408e-06
6.10791e-06
6.07318e-06
6.08162e-06
6.08758e-06
6.09558e-06
6.10492e-06
6.0865e-06
0.00131779
6.08786e-06
6.08593e-06
6.10708e-06
6.2604e-06
6.12983e-06
1.75711e-06
6.08671e-06
6.11125e-06
6.10012e-06
2.03154e-06
6.07218e-06
6.07158e-06
6.06877e-06
6.12582e-06
6.14602e-06
6.0736e-06
6.11151e-06
6.0914e-06
6.06881e-06
6.0738e-06
6.14616e-06
6.06978e-06
6.07872e-06
6.10284e-06
6.06992e-06
6.09884e-06
6.13869e-06
6.10662e-06
4.47768e-06
6.41303e-06
6.09477e-06
6.15385e-06
9.72645e-07
6.10285e-06
6.14924e-06
6.14358e-06
6.0818e-06
6.39979e-06
0.000413164
6.7209e-06
6.06996e-06
6.08999e-06
6.08518e-06
6.07205e-06
0.000742095
1.62648e-09
6.08624e-06
6.11788e-06
6.13447e-06
6.08261e-06
6.07767e-06
6.12314e-06
6.07854e-06
3.26226e-06
6.0727e-06
6.10313e-06
6.14052e-06
6.06993e-06
0.0016771
6.06818e-06
6.10604e-06
6.07076e-06
6.07753e-06
6.06833e-06
6.10046e-06
6.11461e-06
6.2193e-06
6.08874e-06
6.24962e-06
6.14303e-06
0.00112957
6.07647e-06
6.09314e-06
6.07793e-06
6.06827e-06
6.09117e-06
6.20076e-06
6.06947e-06
6.08606e-06
2.14418e-05
6.08548e-06
6.10521e-06
6.07075e-06
6.07364e-06
6.10271e-06
6.14972e-06
6.07993e-06
6.07483e-06
6.0795e-06
4.81531e-07
6.08401e-06
6.0743e-06
6.09733e-06
6.08333e-06
6.12509e-06
0.000385067
6.06942e-06
6.06927e-06
6.08823e-06
6.10804e-06
0.000295599
6.08376e-06
0.000500657
6.07532e-06
6.08203e-06
6.10669e-06
6.10128e-06
6.10195e-06
1.25047e-05
6.11525e-06
6.0717e-06
6.08002e-06
6.07206e-06
6.54694e-06
6.11235e-06
6.08212e-06
6.09555e-06
6.09711e-06
6.13955e-06
6.06845e-06
6.08476e-06
6.11291e-06
6.07029e-06
6.10346e-06
0.000848346
6.09999e-06
6.09455e-06
6.13546e-06
6.15019e-06
6.092e-06
6.07088e-06
6.13232e-06
6.07122e-06
6.35944e-06
6.11123e-06
6.11166e-06
6.08872e-06
6.07144e-06
6.13543e-06
6.11198e-06
6.07067e-06
6.06949e-06
6.1113e-06
6.07895e-06
6.07323e-06
6.14423e-06
6.07254e-06
6.07761e-06
6.08316e-06
5.9146e-06
6.09689e-06
6.07101e-06
6.07131e-06
6.07213e-06
7.10257e-06
6.11933e-06
6.08362e-06
6.07133e-06
6.09596e-06
6.11735e-06
6.28394e-06
6.06817e-06
6.12037e-06
6.09059e-06
6.07782e-06
6.08202e-06
6.08828e-06
6.1024e-06
8.87629e-06
6.33066e-06
6.32658e-06
6.07072e-06
6.06865e-06
6.08207e-06
6.07582e-06
5.25015e-06
6.10916e-06
6.08054e-06
6.09074e-06
6.33943e-06
6.13732e-06
6.06825e-06
6.1435e-06
6.09031e-06
6.06768e-06
6.06769e-06
6.07085e-06
6.06801e-06
6.06769e-06
5.84731e-06
6.06997e-06
6.06766e-06
6.0677e-06
6.07104e-06
7.38408e-06
6.37124e-06
6.069e-06
6.06771e-06
6.06906e-06
6.07839e-06
6.07042e-06
4.07282e-05
6.11268e-06
2.71307e-09
6.06822e-06
6.11294e-06
6.08123e-06
6.07112e-06
6.07399e-06
6.10155e-06
6.07158e-06
0.000456503
6.13778e-06
6.15084e-06
6.07565e-06
6.07125e-06
6.07465e-06
6.11096e-06
6.06919e-06
6.16022e-06
1.21143e-06
6.11624e-06
6.11053e-06
6.13295e-06
0.000298807
6.07544e-06
6.0698e-06
6.70451e-06
6.1416e-06
6.08849e-06
8.16974e-06
0.000351645
6.11659e-06
6.12791e-06
6.14385e-06
6.11944e-06
6.11313e-06
6.08559e-06
6.07016e-06
6.32208e-06
5.80651e-06
6.0717e-06
6.08627e-06
6.06909e-06
6.06958e-06
6.09068e-06
6.10943e-06
6.069e-06
6.09009e-06
6.09351e-06
1.08401e-05
6.06934e-06
6.1074e-06
6.11403e-06
6.07086e-06
2.33103e-05
6.12051e-06
6.06925e-06
6.07136e-06
6.0803e-06
6.07079e-06
6.08321e-06
6.09852e-06
6.08535e-06
2.91785e-06
6.07119e-06
6.41177e-06
6.07019e-06
4.97453e-06
6.07093e-06
6.07075e-06
6.09654e-06
6.08962e-06
6.23112e-06
6.13369e-06
6.08772e-06
6.1007e-06
1.01724e-05
0.000186821
6.09873e-06
6.10512e-06
6.07117e-06
6.06791e-06
6.14926e-06
6.07112e-06
6.13513e-06
6.08199e-06
6.11134e-06
6.13645e-06
6.10354e-06
6.10679e-06
6.15936e-06
0.000244264
6.097e-06
6.06989e-06
6.08828e-06
6.07348e-06
6.14705e-06
6.11336e-06
6.09163e-06
3.30069e-07
6.12011e-06
6.08106e-06
6.08159e-06
6.10836e-06
2.46748e-06
6.08834e-06
6.0738e-06
6.0701e-06
6.078e-06
7.20289e-05
6.11671e-06
4.58995e-06
6.14801e-06
6.1642e-06
6.07116e-06
6.12282e-06
6.07201e-06
6.09627e-06
6.12884e-06
6.08228e-06
6.65742e-06
6.09544e-06
6.10681e-06
6.07123e-06
6.07505e-06
6.1279e-06
6.30935e-06
6.08947e-06
6.06842e-06
6.33196e-06
6.0889e-06
6.08823e-06
6.11023e-06
6.11031e-06
6.07486e-06
6.12721e-06
6.0741e-06
6.09519e-06
6.09015e-06
6.1565e-06
6.12063e-06
6.10055e-06
0.001619
6.08019e-06
6.08073e-06
6.13096e-06
6.06867e-06
6.06899e-06
5.81655e-06
6.0956e-06
6.10623e-06
6.12001e-06
6.65915e-06
5.43553e-06
6.07631e-06
6.0707e-06
6.13877e-06
6.09408e-06
8.40689e-06
6.12519e-06
6.07401e-06
3.84832e-07
6.0701e-06
2.65744e-06
6.08457e-06
6.15031e-06
6.07094e-06
6.03371e-06
3.76595e-05
2.15918e-06
6.08651e-06
6.10282e-06
6.06802e-06
6.12489e-06
6.08336e-06
6.12075e-06
6.12047e-06
6.08638e-06
6.08311e-06
6.08954e-06
6.0851e-06
6.0696e-06
6.51122e-06
6.09257e-06
6.07067e-06
6.08565e-06
6.30472e-06
6.15511e-06
6.15833e-06
6.12085e-06
6.11756e-06
5.81114e-06
3.86292e-05
6.14846e-06
6.11668e-06
6.10039e-06
6.07368e-06
6.07024e-06
6.10717e-06
0.000122918
6.11715e-06
6.0828e-06
6.10175e-06
6.07888e-06
6.07478e-06
6.07487e-06
0.000222587
6.12338e-06
6.13422e-06
7.75865e-06
6.06799e-06
6.15572e-06
6.09699e-06
6.10451e-06
6.0779e-06
6.1072e-06
6.11533e-06
6.16554e-06
6.07953e-06
6.07264e-06
6.14886e-06
6.14915e-06
6.10388e-06
5.54378e-06
6.09569e-06
6.07002e-06
6.09832e-06
6.15723e-06
6.14073e-06
6.07668e-06
6.08294e-06
6.08617e-06
6.07201e-06
7.3956e-06
7.9596e-06
6.06941e-06
6.08677e-06
6.16016e-06
6.08961e-06
0.00204812
6.13255e-06
6.14149e-06
6.0796e-06
6.06967e-06
6.08398e-06
6.09622e-06
6.10224e-06
6.10249e-06
6.1241e-06
6.14018e-06
8.98273e-06
6.07069e-06
6.07199e-06
6.15834e-06
6.08165e-06
6.08842e-06
6.10425e-06
6.10779e-06
6.11388e-06
6.07157e-06
6.11079e-06
6.09871e-06
5.67485e-05
6.07058e-06
6.09778e-06
6.07133e-06
6.14484e-06
6.06908e-06
2.4039e-05
6.07639e-06
6.07868e-06
6.14166e-06
6.13155e-06
6.08233e-06
6.09336e-06
6.12005e-06
6.1171e-06
6.12757e-06
6.11576e-06
6.08727e-06
6.10584e-06
6.1166e-06
6.07783e-06
6.15686e-06
6.10234e-06
6.12421e-06
6.088e-06
6.06982e-06
6.08185e-06
6.09446e-06
6.1429e-06
0.0013945
6.07366e-06
0.000243534
6.06824e-06
6.07057e-06
6.06808e-06
6.1182e-06
6.37948e-06
6.10902e-06
6.12435e-06
6.06976e-06
6.07706e-06
6.13019e-06
6.1225e-06
6.09767e-06
6.11298e-06
6.07047e-06
6.08225e-06
6.09107e-06
6.12846e-06
6.11446e-06
6.07656e-06
6.08055e-06
6.10986e-06
6.0718e-06
6.0852e-06
6.06805e-06
6.11941e-06
6.24851e-06
6.07401e-06
6.07937e-06
9.06226e-07
6.06846e-06
6.08145e-06
6.11205e-06
6.06783e-06
6.08628e-06
6.07068e-06
6.11286e-06
6.12033e-06
6.32665e-06
6.08122e-06
6.08231e-06
1.16247e-05
6.10604e-06
6.10513e-06
6.09897e-06
6.06831e-06
6.07192e-06
6.08941e-06
6.13213e-06
6.13671e-06
1.03932e-05
6.07084e-06
6.09558e-06
1.95081e-05
6.08509e-06
6.06877e-06
6.07035e-06
6.10282e-06
6.35217e-06
6.07119e-06
6.08118e-06
6.13707e-06
6.07031e-06
6.06856e-06
6.09211e-06
6.49551e-06
6.28359e-06
6.09014e-06
0.00022462
6.14398e-06
8.78104e-06
6.06846e-06
6.07329e-06
6.06877e-06
6.07068e-06
6.06952e-06
6.06883e-06
6.09599e-06
6.14376e-06
6.06973e-06
6.0841e-06
6.07004e-06
6.12363e-06
6.07243e-06
6.0717e-06
6.08642e-06
6.08291e-06
6.08238e-06
6.06901e-06
6.08726e-06
6.08229e-06
6.13996e-06
6.08059e-06
6.15165e-06
6.08291e-06
6.07047e-06
6.07615e-06
6.07029e-06
6.0886e-06
6.07036e-06
6.07116e-06
6.08594e-06
6.11097e-06
6.14946e-06
6.06837e-06
6.28984e-06
6.08949e-06
0.000910482
6.0722e-06
6.09311e-06
6.07827e-06
6.08163e-06
6.14167e-06
6.10635e-06
6.07134e-06
6.07815e-06
6.1104e-06
6.079e-06
6.09948e-06
9.62549e-05
6.06928e-06
6.07818e-06
6.0821e-06
6.08146e-06
6.08551e-06
6.07313e-06
6.08714e-06
6.06802e-06
6.07043e-06
6.0703e-06
2.74423e-05
6.12098e-06
6.0699e-06
4.79684e-09
6.10836e-06
6.06791e-06
6.09694e-06
6.0702e-06
6.08465e-06
6.06977e-06
6.10154e-06
6.1084e-06
0.000341254
6.07584e-06
6.08824e-06
6.0687e-06
6.07494e-06
6.07058e-06
6.15726e-06
6.07556e-06
6.07201e-06
6.07029e-06
6.07072e-06
6.0926e-06
5.67628e-06
5.98656e-06
6.0751e-06
6.10789e-06
6.15955e-06
1.2499e-06
6.07987e-06
6.07061e-06
6.09514e-06
6.10673e-06
6.08746e-06
2.06679e-07
6.06937e-06
6.06994e-06
6.07712e-06
6.14501e-06
6.11087e-06
6.10179e-06
6.07174e-06
6.07044e-06
6.0879e-06
6.15819e-06
6.07056e-06
6.1255e-06
6.0822e-06
6.11186e-06
6.08065e-06
7.28792e-05
6.75321e-06
6.09032e-06
6.11804e-06
6.08631e-06
6.51114e-06
6.08917e-06
6.09581e-06
6.1892e-06
6.07137e-06
6.06978e-06
6.08597e-06
6.0958e-06
0.000610011
6.11022e-06
6.09577e-06
6.1143e-06
6.11061e-06
6.07997e-06
6.0702e-06
6.07465e-06
6.11228e-06
6.07793e-06
6.11638e-06
5.89553e-06
6.07075e-06
6.0861e-06
6.07144e-06
6.14581e-06
6.08117e-06
6.07586e-06
6.07851e-06
6.06847e-06
6.14759e-06
6.11137e-06
6.10732e-06
6.16115e-06
6.06777e-06
6.07042e-06
6.0678e-06
3.54221e-06
6.06773e-06
6.06772e-06
6.06769e-06
6.07034e-06
6.06768e-06
6.06837e-06
6.06974e-06
6.06779e-06
1.6128e-05
6.06987e-06
6.06778e-06
6.06859e-06
6.06779e-06
6.07026e-06
6.07042e-06
6.06778e-06
4.07236e-06
6.00058e-06
6.0678e-06
6.06905e-06
0.00133823
6.12023e-06
6.08263e-06
6.08746e-06
6.08612e-06
6.12619e-06
6.0784e-06
6.06881e-06
6.1203e-06
6.0963e-06
6.11011e-06
6.13132e-06
6.10984e-06
6.14454e-06
6.1109e-06
0.000716241
6.07863e-06
6.03212e-06
6.12331e-06
6.0789e-06
6.06831e-06
6.06997e-06
6.08782e-06
6.10929e-06
6.09342e-06
6.06806e-06
6.10322e-06
6.11065e-06
6.06992e-06
6.12023e-06
6.08346e-06
6.00513e-06
6.11598e-06
6.08336e-06
6.96646e-05
6.096e-06
6.07882e-06
6.07123e-06
6.07937e-06
2.69425e-06
6.08073e-06
6.07068e-06
6.11387e-06
6.0707e-06
6.10437e-06
6.07266e-06
6.11029e-06
6.09938e-06
6.08288e-06
6.07778e-06
6.10136e-06
6.09326e-06
6.16409e-06
6.0849e-06
6.29401e-06
6.09524e-06
6.1001e-06
6.09212e-06
6.144e-06
6.07899e-06
6.10239e-06
6.14011e-06
6.06909e-06
6.06954e-06
6.07527e-06
6.07313e-06
6.0949e-06
6.42651e-06
6.11413e-06
6.09353e-06
6.14807e-06
6.06858e-06
6.16078e-06
6.07365e-06
6.08281e-06
6.07098e-06
6.10812e-06
6.0742e-06
6.1457e-06
0.000195804
6.09191e-06
6.08904e-06
6.06879e-06
6.0827e-06
6.09137e-06
6.27798e-06
5.98968e-06
6.16223e-06
6.08776e-06
6.61137e-06
6.11328e-06
6.06963e-06
6.19752e-06
6.09295e-06
6.10199e-06
6.09766e-06
6.03474e-06
6.10002e-06
6.08434e-06
6.13583e-06
6.15701e-06
6.08512e-06
6.07865e-06
6.06823e-06
6.07102e-06
6.12767e-06
6.08452e-06
5.12317e-05
6.08809e-06
6.14213e-06
6.1011e-06
6.06994e-06
6.10929e-06
6.10004e-06
0.00014702
6.07113e-06
6.07059e-06
0.000609481
6.10627e-06
6.07272e-06
6.06823e-06
6.03396e-06
5.51016e-05
6.08031e-06
6.10648e-06
6.1203e-06
6.08256e-06
6.10478e-06
6.11195e-06
6.07769e-06
5.53513e-06
6.11342e-06
6.07107e-06
6.11324e-06
6.06867e-06
6.07403e-06
6.07959e-06
6.06862e-06
6.07807e-06
6.08109e-06
6.10553e-06
6.10108e-06
6.06996e-06
4.9174e-06
6.07014e-06
6.07107e-06
6.09261e-06
6.09099e-06
6.11978e-06
6.08571e-06
6.09378e-06
6.07824e-06
6.07101e-06
6.11229e-06
6.10769e-06
6.10188e-06
0.000402841
6.11116e-06
6.07091e-06
6.07003e-06
6.06958e-06
0.00180236
6.12585e-06
6.11089e-06
8.25098e-06
6.11225e-06
6.09968e-06
6.14629e-06
6.07354e-06
6.07886e-06
6.1001e-06
6.08211e-06
6.07211e-06
6.0694e-06
4.73784e-06
6.08349e-06
6.08398e-06
6.08214e-06
6.11547e-06
6.09741e-06
6.07155e-06
7.12382e-06
6.07381e-06
6.10849e-06
6.13554e-06
6.10505e-06
6.15055e-06
6.06892e-06
6.13463e-06
6.11634e-06
6.08735e-06
6.10728e-06
7.1135e-06
6.09346e-06
6.09172e-06
9.37392e-06
1.06686e-05
6.11054e-06
6.07928e-06
6.06993e-06
6.09558e-06
6.11051e-06
6.11338e-06
6.06771e-06
6.08883e-06
6.06979e-06
6.09348e-06
6.07341e-06
6.13294e-06
6.06835e-06
0.000862075
6.13658e-06
6.11073e-06
5.77163e-06
6.08312e-06
6.08217e-06
6.14704e-06
0.00147371
6.08597e-06
6.1399e-06
6.09132e-06
6.07377e-06
6.09406e-06
6.08166e-06
6.08124e-06
6.06911e-06
6.13392e-06
6.07999e-06
6.08697e-06
6.07538e-06
6.09408e-06
6.06801e-06
6.08008e-06
6.08051e-06
6.11523e-06
0.000526674
6.0793e-06
6.07203e-06
6.15099e-06
6.14668e-06
6.08261e-06
6.07632e-06
6.07513e-06
6.07185e-06
6.09387e-06
6.08576e-06
6.11026e-06
6.08995e-06
6.07961e-06
2.29106e-05
6.11565e-06
6.11416e-06
6.12078e-06
6.07641e-06
1.18547e-07
5.79257e-06
6.10745e-06
6.09946e-06
0.00137594
6.11061e-06
6.06816e-06
6.07365e-06
6.09097e-06
6.09556e-06
6.08061e-06
6.11669e-06
6.07208e-06
6.09122e-06
6.11236e-06
6.07197e-06
6.08021e-06
6.34504e-06
6.07724e-06
6.11841e-06
6.07053e-06
6.08705e-06
6.12397e-06
6.0793e-06
6.06811e-06
6.0876e-06
6.07875e-06
6.07046e-06
6.07572e-06
6.1022e-06
6.06914e-06
6.08803e-06
6.11565e-06
8.27097e-05
6.09305e-06
6.07948e-06
5.91188e-06
0.00175943
6.06979e-06
6.72226e-06
6.13979e-06
6.06936e-06
6.14492e-06
7.11199e-06
6.09943e-06
6.08203e-06
6.07608e-06
6.0912e-06
6.06402e-06
6.14258e-06
6.12544e-06
6.06343e-06
6.106e-06
6.10477e-06
6.11598e-06
6.105e-06
9.10922e-08
6.09362e-06
6.14804e-06
6.08299e-06
6.07026e-06
6.11385e-06
6.07435e-06
6.09505e-06
6.10837e-06
6.10588e-06
6.06975e-06
6.0851e-06
6.08483e-06
6.09443e-06
6.07046e-06
6.17896e-05
6.10225e-06
6.11573e-06
6.07171e-06
6.0785e-06
6.09111e-06
6.09668e-06
0.000181427
6.07643e-06
6.1589e-06
6.30697e-06
6.09063e-06
6.10013e-06
6.09316e-06
6.0691e-06
6.07719e-06
6.09618e-06
6.0873e-06
6.06779e-06
6.08107e-06
6.0923e-06
6.07611e-06
6.08697e-06
6.07246e-06
6.07049e-06
5.90791e-06
6.14389e-06
6.08146e-06
6.06975e-06
6.14349e-06
6.08244e-06
6.11169e-06
6.09702e-06
6.07444e-06
6.11077e-06
6.09457e-06
0.00195161
6.06938e-06
0.000513206
6.09759e-06
6.07047e-06
6.10316e-06
6.10291e-06
6.084e-06
6.07488e-06
6.08601e-06
6.11907e-06
6.13811e-06
6.11434e-06
6.12255e-06
6.08099e-06
0.000617242
6.11614e-06
6.11799e-06
6.07064e-06
6.37258e-06
6.14602e-06
6.11235e-06
6.08583e-06
6.10844e-06
6.10452e-06
6.12417e-06
6.07906e-06
6.10041e-06
6.09255e-06
6.07933e-06
6.11764e-06
6.10822e-06
6.10889e-06
6.07091e-06
6.0765e-06
6.10875e-06
6.10804e-06
6.0753e-06
6.00904e-06
6.11087e-06
6.08892e-06
6.11853e-06
6.1056e-06
6.11529e-06
0.000144279
6.79454e-06
6.07106e-06
6.11263e-06
0.000109872
6.10468e-06
6.07279e-06
6.14022e-06
6.11054e-06
6.0696e-06
6.07106e-06
6.07816e-06
6.08538e-06
6.11409e-06
6.1217e-06
6.1192e-06
6.09953e-06
6.07171e-06
6.07363e-06
6.11732e-06
6.13338e-06
6.07014e-06
6.11015e-06
6.1239e-06
6.06965e-06
6.10154e-06
6.11222e-06
6.11019e-06
6.11022e-06
6.09607e-06
6.06879e-06
6.07896e-06
6.1031e-06
6.09574e-06
6.10097e-06
6.07294e-06
6.08968e-06
0.0017992
0.000538953
6.06826e-06
6.0793e-06
6.11581e-06
6.10141e-06
6.06892e-06
6.09774e-06
6.0843e-06
6.10131e-06
6.07189e-06
6.07597e-06
6.08863e-06
6.11507e-06
6.12923e-06
6.06899e-06
6.07907e-06
6.11712e-06
6.08274e-06
6.11709e-06
6.15062e-06
5.98608e-06
6.04021e-06
6.0708e-06
6.1041e-06
5.96974e-06
6.0759e-06
6.08759e-06
6.10523e-06
6.30084e-06
6.08514e-06
9.2099e-08
6.07409e-06
6.12005e-06
6.07401e-06
6.07264e-06
6.07212e-06
6.08258e-06
6.13714e-06
6.11064e-06
6.14465e-06
6.09646e-06
6.11461e-06
6.07495e-06
6.34316e-06
6.07078e-06
6.14066e-06
6.06849e-06
6.09405e-06
6.0857e-06
6.16046e-06
6.1387e-06
6.09756e-06
6.08627e-06
6.07236e-06
6.15468e-06
6.06795e-06
6.11178e-06
0.00110323
0.000207059
6.11954e-06
6.07167e-06
6.07169e-06
6.08528e-06
8.90318e-06
6.0874e-06
6.1307e-06
6.00393e-06
6.06811e-06
6.1624e-06
0.00116938
6.06928e-06
6.09595e-06
6.10459e-06
6.09757e-06
6.11962e-06
6.07413e-06
6.07371e-06
6.11315e-06
6.09475e-06
6.08354e-06
6.10142e-06
6.10815e-06
0.00013492
6.12312e-06
6.06954e-06
6.11386e-06
6.16034e-06
6.06841e-06
6.14399e-06
6.09402e-06
6.09918e-06
6.16063e-06
6.12387e-06
6.08269e-06
6.07114e-06
6.08362e-06
9.83832e-07
6.149e-06
6.0687e-06
6.08902e-06
6.11959e-06
6.16151e-06
6.10646e-06
6.07429e-06
6.07397e-06
6.09967e-06
6.96227e-05
6.1147e-06
6.07158e-06
6.08025e-06
6.13312e-06
6.09106e-06
6.12183e-06
6.10939e-06
6.07688e-06
6.11508e-06
6.11786e-06
5.80282e-06
6.09065e-06
6.07077e-06
6.10511e-06
6.11446e-06
6.06833e-06
6.11099e-06
6.11402e-06
6.09229e-06
0.000427319
6.15886e-06
6.0719e-06
6.08472e-06
6.09843e-06
6.04286e-06
6.07539e-06
6.08406e-06
6.09403e-06
6.07007e-06
6.07306e-06
6.11064e-06
6.11805e-06
6.09596e-06
6.14433e-06
6.07327e-06
6.11992e-06
6.09752e-06
6.09793e-06
6.07689e-06
6.20518e-06
6.08604e-06
6.09421e-06
6.10593e-06
6.11038e-06
6.09098e-06
6.07188e-06
6.08688e-06
6.14331e-06
6.0767e-06
6.10862e-06
6.07094e-06
6.07042e-06
5.91398e-06
6.16013e-06
6.06939e-06
6.10395e-06
6.14342e-06
0.00069919
6.12271e-06
7.5157e-06
6.11484e-06
6.07457e-06
7.80238e-06
6.07032e-06
6.1235e-06
0.000169343
6.0754e-06
6.07085e-06
6.10887e-06
6.12131e-06
6.10856e-06
6.07926e-06
6.10686e-06
6.09174e-06
6.12352e-06
6.09375e-06
9.74384e-05
6.15533e-06
6.0726e-06
6.08078e-06
6.11347e-06
6.10252e-06
6.11042e-06
6.1065e-06
6.06825e-06
6.1033e-06
6.47544e-06
6.11971e-06
6.07123e-06
6.13147e-06
6.11659e-06
6.07168e-06
5.95337e-06
6.08167e-06
9.84293e-08
6.10781e-06
6.13462e-06
6.08036e-06
6.08678e-06
6.07985e-06
6.11163e-06
0.00134667
6.11013e-06
6.07152e-06
6.0879e-06
6.10356e-06
6.08248e-06
6.1057e-06
6.10362e-06
6.09329e-06
6.07109e-06
6.07152e-06
6.10357e-06
6.14904e-06
6.07657e-06
6.08809e-06
6.08891e-06
6.10214e-06
6.12871e-06
6.09016e-06
6.14842e-06
1.75102e-05
6.08698e-06
6.09184e-06
6.09477e-06
6.10119e-06
6.10492e-06
6.08915e-06
6.15493e-06
6.09844e-06
6.06921e-06
9.73722e-08
6.0744e-06
6.09226e-06
0.000419481
6.09924e-06
6.09462e-06
0.000536288
6.59583e-06
6.08076e-06
6.15151e-06
6.0968e-06
6.11637e-06
6.2062e-06
6.0694e-06
6.10455e-06
6.10572e-06
6.09535e-06
5.74763e-06
6.09478e-06
6.07082e-06
6.07405e-06
6.07025e-06
6.52347e-06
6.07987e-06
6.09109e-06
6.09924e-06
6.08477e-06
6.07373e-06
0.000422943
6.09312e-06
6.07902e-06
6.08848e-06
6.0969e-06
6.069e-06
6.1375e-06
6.07138e-06
6.0706e-06
0.000874704
6.10141e-06
6.12345e-06
6.07967e-06
6.06811e-06
6.12759e-06
6.07752e-06
6.11837e-06
6.07916e-06
6.07974e-06
6.07012e-06
6.08868e-06
6.06923e-06
6.10147e-06
6.12827e-06
6.07054e-06
6.11193e-06
2.10941e-06
2.40964e-07
6.07982e-06
6.07531e-06
6.07418e-06
6.08107e-06
9.174e-06
6.08845e-06
6.06889e-06
6.08263e-06
0.000380647
5.9202e-06
0.000442381
6.12681e-06
6.17715e-06
6.08275e-06
6.08567e-06
6.09069e-06
6.09978e-06
6.07107e-06
6.14898e-06
6.08332e-06
6.06957e-06
6.13099e-06
6.81474e-05
6.0724e-06
6.11151e-06
6.07103e-06
0.000256931
6.07105e-06
6.07895e-06
6.15536e-06
6.31765e-06
6.10095e-06
6.08193e-06
6.07837e-06
6.08349e-06
6.07696e-06
6.07377e-06
0.000118433
6.07354e-06
6.14762e-06
6.10623e-06
5.99561e-06
6.07351e-06
6.07138e-06
6.07061e-06
6.08393e-06
6.08132e-06
6.09253e-06
0.000749958
6.09086e-06
6.16213e-06
6.07044e-06
6.07569e-06
6.0679e-06
6.0959e-06
6.09886e-06
6.11267e-06
6.07143e-06
6.16298e-06
6.12186e-06
6.08037e-06
6.0736e-06
6.10582e-06
6.07443e-06
6.06896e-06
6.0704e-06
6.11796e-06
6.07048e-06
6.06859e-06
6.11333e-06
6.07181e-06
6.07014e-06
6.07016e-06
6.12452e-06
6.07014e-06
6.08645e-06
6.11138e-06
6.06875e-06
6.07023e-06
6.07341e-06
6.13137e-06
6.09551e-06
6.08624e-06
6.08009e-06
6.08776e-06
6.07651e-06
6.08619e-06
6.08026e-06
6.08906e-06
6.08394e-06
6.08875e-06
6.13023e-06
6.14154e-06
6.10864e-06
6.07429e-06
6.06933e-06
6.08701e-06
6.06812e-06
6.09148e-06
6.13429e-06
6.09645e-06
6.08449e-06
0.00216765
8.12627e-06
6.39476e-06
6.06908e-06
6.07016e-06
6.32057e-06
6.13681e-06
6.28234e-06
6.13188e-06
0.000230396
6.0681e-06
6.08664e-06
6.12765e-06
6.09264e-06
1.07775e-07
6.08787e-06
6.06991e-06
6.11122e-06
6.08865e-06
6.113e-06
5.79413e-06
6.08028e-06
6.14172e-06
6.06958e-06
6.07752e-06
6.08278e-06
6.12038e-06
6.1421e-06
6.15896e-06
5.84317e-06
7.79796e-05
6.06959e-06
6.1039e-06
6.1078e-06
6.09251e-06
6.0945e-06
6.13799e-06
6.14425e-06
6.13263e-06
6.07638e-06
6.10398e-06
6.07033e-06
6.10316e-06
6.34866e-06
6.0943e-06
6.11834e-06
2.172e-05
6.06968e-06
6.08376e-06
6.10029e-06
5.84187e-06
6.07076e-06
6.08141e-06
6.08412e-06
6.33887e-06
6.08864e-06
6.11833e-06
6.09023e-06
6.07049e-06
1.00849e-06
6.08499e-06
6.07155e-06
6.10181e-06
6.08263e-06
6.067e-06
6.14985e-06
6.33745e-06
6.10055e-06
6.1417e-06
6.09346e-06
6.12594e-06
3.2581e-07
6.11939e-06
6.08137e-06
5.97162e-06
6.08405e-06
6.09609e-06
6.09432e-06
6.10168e-06
6.10743e-06
6.0923e-06
6.07403e-06
5.95716e-06
6.12093e-06
6.31779e-06
1.99464e-06
6.06986e-06
5.86551e-06
6.07317e-06
6.08856e-06
6.15039e-06
6.11423e-06
6.13789e-06
6.80271e-05
6.09481e-06
6.1032e-06
6.1622e-06
6.06882e-06
6.16004e-06
6.09622e-06
6.07883e-06
6.08771e-06
6.14034e-06
6.11476e-06
6.12932e-06
6.09479e-06
0.00129305
6.13132e-06
0.0014859
6.08345e-06
6.09132e-06
6.12338e-06
0.000212914
6.10528e-06
6.13277e-06
6.08701e-06
6.11374e-06
6.10833e-06
6.14842e-06
6.10496e-06
6.15459e-06
6.10796e-06
0.000122822
6.1309e-06
6.1189e-06
6.12906e-06
0.000181435
0.000246214
7.71388e-05
6.09857e-06
6.11406e-06
6.08536e-06
6.09496e-06
6.06803e-06
3.88562e-06
6.06865e-06
6.06967e-06
6.08893e-06
6.07043e-06
6.0685e-06
6.14e-06
6.06923e-06
6.07039e-06
5.17146e-06
5.1623e-06
6.11619e-06
6.10288e-06
6.14156e-06
6.07512e-06
6.33067e-06
6.15916e-06
6.08339e-06
6.07905e-06
9.93879e-07
6.31439e-06
6.0889e-06
7.44615e-06
6.11376e-06
6.10209e-06
6.10529e-06
6.11529e-06
6.08394e-06
6.20095e-06
6.09055e-06
6.09759e-06
6.11478e-06
6.14397e-06
6.07173e-06
6.08879e-06
4.79673e-06
6.10151e-06
6.07399e-06
1.70966e-08
6.0937e-06
6.0974e-06
6.08098e-06
6.11308e-06
6.07118e-06
6.13898e-06
6.0773e-06
6.0964e-06
6.07055e-06
6.1422e-06
6.07231e-06
6.16061e-06
6.06827e-06
6.0841e-06
8.63351e-06
6.07512e-06
6.07167e-06
6.1017e-06
6.16458e-06
6.10475e-06
6.06855e-06
6.09297e-06
6.10348e-06
6.3258e-06
6.08176e-06
6.09999e-06
6.11434e-06
6.11918e-06
6.07701e-06
6.08291e-06
6.11683e-06
6.08401e-06
6.12438e-06
6.09932e-06
5.86437e-06
6.10573e-06
6.11114e-06
6.12858e-06
7.46863e-06
6.16106e-06
6.09113e-06
6.12123e-06
5.84021e-06
6.09291e-06
6.11105e-06
6.09844e-06
6.1369e-06
6.06999e-06
6.06968e-06
6.1013e-06
9.09563e-07
6.10782e-06
6.15226e-06
6.12562e-06
6.06889e-06
6.12284e-06
6.09432e-06
6.08028e-06
6.2663e-06
6.08433e-06
6.12013e-06
5.9181e-06
6.08451e-06
6.08211e-06
6.13105e-06
6.11395e-06
6.10419e-06
6.08292e-06
6.08146e-06
6.19243e-06
6.00793e-06
6.11138e-06
6.08547e-06
6.14656e-06
6.0824e-06
6.07056e-06
6.15136e-06
6.10998e-06
6.06837e-06
6.07199e-06
6.11775e-06
6.11431e-06
6.0951e-06
6.13454e-06
6.08234e-06
6.11929e-06
6.06966e-06
6.07593e-06
6.08272e-06
6.13914e-06
6.12711e-06
6.10013e-06
6.1092e-06
6.09333e-06
6.06955e-06
6.1111e-06
1.68944e-05
6.07433e-06
6.15037e-06
6.09313e-06
6.09652e-06
6.06983e-06
6.08385e-06
6.14368e-06
6.15596e-06
6.06871e-06
6.10509e-06
6.0687e-06
6.10721e-06
6.11049e-06
0.000301332
6.06787e-06
1.3482e-05
6.07071e-06
6.09267e-06
6.0695e-06
6.08405e-06
6.07906e-06
6.10963e-06
6.06867e-06
6.06795e-06
5.67984e-06
6.07034e-06
5.94499e-06
6.13493e-06
6.12856e-06
6.10402e-06
6.08169e-06
6.12535e-06
6.11289e-06
6.13239e-06
6.41761e-06
6.07167e-06
0.000624905
6.07201e-06
6.10922e-06
6.16015e-06
6.07005e-06
6.07613e-06
6.10249e-06
6.10112e-06
6.50232e-06
6.07641e-06
6.07211e-06
6.09807e-06
0.00207641
6.07213e-06
6.08658e-06
6.40463e-06
6.06978e-06
6.13462e-06
6.15713e-06
8.91505e-06
6.13325e-06
6.09867e-06
6.126e-06
6.10521e-06
6.13959e-06
6.13948e-06
6.06927e-06
6.13131e-06
6.10604e-06
6.0824e-06
6.07063e-06
5.18291e-06
9.02736e-07
6.08589e-06
6.07124e-06
6.11163e-06
6.12055e-06
6.08221e-06
6.12239e-06
6.13026e-06
6.08155e-06
6.33998e-06
6.11681e-06
6.11179e-06
6.06776e-06
0.000284139
6.10378e-06
6.06777e-06
6.11239e-06
6.11714e-06
6.06596e-06
0.000276793
6.13184e-06
6.07388e-06
6.10527e-06
6.07146e-06
6.07261e-06
6.10361e-06
6.07272e-06
6.13598e-06
6.08792e-06
7.89907e-06
6.12129e-06
6.08728e-06
6.13305e-06
6.10581e-06
0.00188952
6.0793e-06
6.07617e-06
6.07198e-06
6.32178e-06
6.13811e-06
6.10136e-06
6.11764e-06
6.11239e-06
6.07586e-06
6.08998e-06
6.10225e-06
6.14312e-06
6.10479e-06
6.00763e-06
6.0732e-06
6.08569e-06
6.0944e-06
6.07204e-06
6.06827e-06
0.00158783
6.08946e-06
6.11563e-06
7.25118e-06
6.11232e-06
6.08777e-06
6.13811e-06
6.08418e-06
6.07079e-06
6.10962e-06
6.13217e-06
6.1491e-06
6.07995e-06
6.11773e-06
6.55345e-06
6.69569e-06
2.2779e-05
6.07163e-06
6.14052e-06
6.0852e-06
1.27177e-05
6.09886e-06
6.07331e-06
6.12008e-06
6.11474e-06
1.95867e-06
6.08396e-06
7.79975e-06
1.79029e-07
6.12674e-06
6.07013e-06
6.06851e-06
6.13735e-06
6.13069e-06
6.11231e-06
0.00028638
6.14915e-06
6.11285e-06
6.09254e-06
8.89619e-06
6.08272e-06
0.00152588
6.11027e-06
6.08773e-06
6.10298e-06
6.10774e-06
6.0718e-06
6.0694e-06
6.0696e-06
6.07839e-06
6.0678e-06
6.0891e-06
6.09256e-06
6.0702e-06
6.15855e-06
6.12549e-06
6.1099e-06
6.07752e-06
6.10651e-06
6.11112e-06
6.11359e-06
6.07272e-06
6.08092e-06
6.06842e-06
6.09128e-06
6.12724e-06
6.09374e-06
6.07128e-06
6.06803e-06
6.08818e-06
6.12012e-06
6.1257e-06
6.09742e-06
3.12423e-08
6.08862e-06
6.06787e-06
6.07021e-06
6.08592e-06
6.06876e-06
6.12026e-06
6.10537e-06
6.06807e-06
6.05857e-06
6.14991e-06
6.07148e-06
6.12868e-06
6.10924e-06
6.06868e-06
6.10182e-06
6.08905e-06
5.97404e-12
6.07069e-06
6.11129e-06
3.01361e-06
6.06779e-06
6.10804e-06
6.07227e-06
6.06788e-06
7.21672e-07
6.06877e-06
6.09751e-06
6.06792e-06
5.76518e-06
1.15544e-05
6.0843e-06
6.0812e-06
6.11766e-06
6.08137e-06
6.07039e-06
6.13898e-06
6.07284e-06
6.1152e-06
6.07867e-06
6.12275e-06
6.46561e-06
6.10022e-06
5.97651e-06
6.07635e-06
6.07119e-06
0.000101961
6.068e-06
6.06876e-06
6.06879e-06
0.000196989
6.14846e-06
6.24949e-06
6.11078e-06
6.09214e-06
6.071e-06
6.07138e-06
6.07916e-06
6.10898e-06
6.13521e-06
6.09771e-06
6.06802e-06
6.07037e-06
5.954e-05
6.06902e-06
6.10256e-06
6.11065e-06
6.09103e-06
6.07153e-06
6.0704e-06
6.0848e-06
6.07706e-06
6.0743e-06
6.10943e-06
6.08016e-06
6.09403e-06
6.10243e-06
6.06817e-06
6.08944e-06
6.06804e-06
6.10598e-06
6.09556e-06
6.10864e-06
6.12698e-06
6.0993e-06
6.10695e-06
6.06925e-06
6.12707e-06
6.06775e-06
6.09962e-06
6.11582e-06
6.09538e-06
0.00126984
6.07279e-06
6.06771e-06
6.0677e-06
6.07167e-06
6.07159e-06
6.07684e-06
6.07093e-06
0.00220529
6.16192e-06
6.10338e-06
6.07018e-06
6.09193e-06
6.08496e-06
6.09396e-06
0.00100912
6.08728e-06
4.10369e-05
3.44588e-06
6.07793e-06
6.07836e-06
6.07458e-06
6.13794e-06
6.07125e-06
1.71364e-11
4.18929e-06
6.07192e-06
6.1631e-06
6.10627e-06
6.07265e-06
6.07071e-06
6.09294e-06
1.10303e-06
6.09686e-06
6.08953e-06
6.14338e-06
2.5808e-05
6.08489e-06
6.1426e-06
6.11143e-06
6.18326e-06
6.08558e-06
6.07054e-06
6.06832e-06
6.06923e-06
6.10289e-06
6.10461e-06
6.08466e-06
6.81185e-06
6.10217e-06
6.06861e-06
6.07618e-06
6.06891e-06
6.14451e-06
6.13823e-06
6.0861e-06
6.10237e-06
6.07119e-06
6.1121e-06
6.11356e-06
6.06924e-06
6.07381e-06
6.1076e-06
6.07233e-06
6.34793e-05
6.11371e-06
6.07442e-06
6.08741e-06
6.09006e-06
6.06841e-06
6.07419e-06
6.08135e-06
6.07793e-06
6.08081e-06
6.06978e-06
6.07585e-06
4.59122e-06
6.0684e-06
6.08323e-06
6.08754e-06
7.2518e-07
6.06997e-06
6.15117e-06
0.0012092
6.12991e-06
6.10328e-06
6.07491e-06
5.99874e-06
6.06969e-06
6.11384e-06
6.12031e-06
6.07973e-06
6.07037e-06
6.08031e-06
6.07899e-06
6.11596e-06
6.11447e-06
6.07479e-06
6.10436e-06
6.06952e-06
8.48074e-06
6.07038e-06
6.08416e-06
6.10888e-06
6.08089e-06
5.13616e-05
6.13957e-06
0.000597761
6.08467e-06
6.07051e-06
6.31336e-06
6.11629e-06
6.10163e-06
6.07411e-06
6.08652e-06
6.07261e-06
6.08462e-06
6.0754e-06
6.08183e-06
6.12168e-06
0.000136331
6.07115e-06
6.10757e-06
6.10604e-06
6.07077e-06
6.06788e-06
6.08463e-06
6.10841e-06
6.11297e-06
6.1557e-06
6.10263e-06
6.07075e-06
6.07718e-06
6.07639e-06
6.06959e-06
6.0897e-06
6.1238e-06
6.12932e-06
6.07038e-06
6.07332e-06
5.74731e-06
6.091e-06
6.07451e-06
6.11293e-06
6.11566e-06
6.14651e-06
6.0874e-06
6.08291e-06
6.14902e-06
6.12917e-06
6.09398e-06
6.07673e-06
6.09589e-06
6.06921e-06
6.08886e-06
6.76525e-06
6.1368e-06
6.07079e-06
7.61463e-06
6.39925e-06
6.12578e-06
6.10558e-06
6.0704e-06
6.15321e-06
6.07032e-06
6.11254e-06
6.07228e-06
6.06979e-06
0.000550576
6.14242e-06
6.08412e-06
6.08701e-06
6.06975e-06
6.10968e-06
6.11332e-06
6.0692e-06
6.06877e-06
6.07211e-06
6.07148e-06
6.1442e-06
6.07142e-06
9.84984e-07
6.07029e-06
6.09364e-06
6.09515e-06
6.11804e-06
6.12198e-06
6.09119e-06
6.07269e-06
6.08063e-06
6.10687e-06
6.06814e-06
6.06698e-06
6.08178e-06
6.10142e-06
6.06823e-06
6.10053e-06
6.1143e-06
6.11486e-06
1.01295e-05
6.12767e-06
6.1056e-06
6.06785e-06
6.10298e-06
6.08667e-06
6.37729e-06
6.12207e-06
6.06888e-06
6.13219e-06
6.12935e-06
0.000392754
6.11654e-06
8.21104e-05
6.07239e-06
6.1133e-06
6.086e-06
6.11535e-06
6.09799e-06
6.10352e-06
6.09861e-06
6.10912e-06
6.06878e-06
6.06965e-06
6.10326e-06
6.11298e-06
6.10555e-06
6.11454e-06
6.07055e-06
6.06967e-06
6.11022e-06
6.09328e-06
6.10405e-06
6.10501e-06
6.0922e-06
6.09879e-06
6.13606e-06
6.08886e-06
6.07037e-06
6.12282e-06
6.07333e-06
6.08239e-06
6.07202e-06
6.07459e-06
6.11086e-06
0.00184005
6.077e-06
6.11082e-06
6.13438e-06
6.11077e-06
6.09797e-06
6.11954e-06
6.12677e-06
6.13703e-06
6.10756e-06
6.31385e-06
6.08628e-06
6.10561e-06
6.09011e-06
6.38219e-06
6.09781e-06
6.15048e-06
6.07079e-06
6.0911e-06
6.11726e-06
6.11045e-06
6.07419e-06
6.09538e-06
0.00168895
6.13181e-06
6.11341e-06
6.08043e-06
6.14086e-06
6.07269e-06
0.00201817
6.07399e-06
0.000916302
6.08477e-06
6.06475e-06
6.13184e-06
6.1065e-06
6.10514e-06
6.13811e-06
6.09558e-06
0.00011271
6.08339e-06
6.07754e-06
6.08318e-06
6.09465e-06
4.67448e-06
6.06794e-06
6.13566e-06
0.000963523
6.08564e-06
6.12377e-06
6.09265e-06
6.07007e-06
6.40754e-06
6.10713e-06
6.10658e-06
1.28727e-06
6.08282e-06
6.09577e-06
6.09843e-06
6.10555e-06
6.13664e-06
4.33092e-05
4.65736e-06
6.07487e-06
6.083e-06
5.59949e-07
6.13005e-06
6.1152e-06
6.08119e-06
6.10854e-06
6.10167e-06
6.11859e-06
6.11773e-06
6.12469e-06
6.06824e-06
6.09414e-06
6.08125e-06
7.29022e-06
6.1191e-06
6.10867e-06
6.06815e-06
6.09194e-06
6.11375e-06
5.69325e-06
6.13797e-06
0.0013799
6.07728e-06
6.06807e-06
6.10117e-06
6.0901e-06
6.13041e-06
6.12968e-06
6.09975e-06
6.14831e-06
6.07078e-06
6.07403e-06
6.13086e-06
6.14818e-06
6.1366e-06
0.00140493
6.10115e-06
6.0854e-06
0.00141995
6.07471e-06
5.87481e-06
6.1119e-06
6.11791e-06
6.11317e-06
6.07543e-06
8.1354e-05
6.07083e-06
6.07004e-06
6.17754e-06
6.08849e-06
6.08302e-06
6.08547e-06
6.10796e-06
6.07027e-06
6.06985e-06
6.09724e-06
6.07604e-06
6.1161e-06
6.12972e-06
6.07087e-06
6.07188e-06
8.59365e-06
6.1649e-06
6.06929e-06
1.98014e-05
6.11072e-06
6.11178e-06
6.1247e-06
7.35914e-06
6.39765e-06
6.08734e-06
6.07813e-06
6.13656e-06
6.11998e-06
6.06983e-06
6.1643e-06
6.073e-06
6.10667e-06
6.09432e-06
6.12758e-06
6.09936e-06
6.07966e-06
3.37756e-06
6.10396e-06
1.40988e-07
6.07115e-06
6.11009e-06
6.35842e-06
6.07717e-06
6.07075e-06
6.11244e-06
6.1439e-06
6.13404e-06
6.06955e-06
6.15239e-06
6.12614e-06
6.07164e-06
6.10258e-06
0.000590741
6.1131e-06
6.06816e-06
6.09677e-06
6.13234e-06
6.08421e-06
6.09038e-06
9.37927e-06
6.08008e-06
6.08891e-06
6.10573e-06
6.09018e-06
6.16088e-06
6.11035e-06
6.08426e-06
4.2014e-07
6.13072e-06
0.000250636
6.06821e-06
6.07931e-06
6.0864e-06
6.09848e-06
0.000418363
1.48e-10
6.08122e-06
6.09012e-06
0.000167497
6.13434e-06
6.13323e-06
6.06823e-06
6.09067e-06
6.07061e-06
6.1327e-06
6.10046e-06
6.14674e-06
6.0714e-06
6.10579e-06
0.00155545
6.10065e-06
6.07094e-06
6.39767e-06
0.000173921
3.58633e-05
6.11199e-06
6.08555e-06
6.13118e-06
6.07436e-06
6.13008e-06
6.07144e-06
8.00375e-06
0.000539688
6.09379e-06
6.06846e-06
6.20427e-06
6.14939e-06
6.07062e-06
6.07437e-06
6.07389e-06
6.06936e-06
6.0921e-06
6.07014e-06
6.08579e-06
0.00135479
6.07087e-06
5.64869e-06
6.07894e-06
0.000205955
5.39299e-06
6.08598e-06
6.12008e-06
6.12967e-06
6.14973e-06
0.000201879
6.07762e-06
6.10586e-06
6.10811e-06
6.10103e-06
6.06839e-06
6.08032e-06
0.000356239
6.08213e-06
6.08211e-06
6.09693e-06
6.0032e-06
6.09625e-06
6.08937e-06
6.07853e-06
6.18451e-06
6.13097e-06
6.0717e-06
6.08949e-06
6.11241e-06
6.07066e-06
5.87298e-06
6.16122e-06
6.14692e-06
6.15702e-06
6.194e-06
6.11693e-06
0.000383312
6.12669e-06
6.15316e-06
0.000153883
6.07992e-06
6.07614e-06
6.14795e-06
6.10584e-06
6.07906e-06
6.0711e-06
6.06996e-06
0.000519023
3.22996e-07
6.10102e-06
6.0951e-06
6.09071e-06
6.02818e-06
6.0998e-06
6.06965e-06
6.06903e-06
6.06874e-06
6.09133e-06
6.07827e-06
6.14272e-06
6.08728e-06
6.1012e-06
6.12061e-06
6.06938e-06
6.10444e-06
3.27627e-08
6.08381e-06
6.15856e-06
1.34011e-05
4.91661e-06
6.09196e-06
6.07144e-06
6.07258e-06
6.07043e-06
1.09071e-07
6.1294e-06
6.31454e-06
6.13606e-06
6.07224e-06
6.12417e-06
6.07339e-06
6.0888e-06
6.08241e-06
4.47845e-06
6.0817e-06
6.11375e-06
6.11291e-06
6.09608e-06
6.08454e-06
6.07023e-06
6.15371e-06
6.16105e-06
6.03259e-06
6.09523e-06
6.07382e-06
6.06957e-06
6.0027e-06
8.76346e-06
6.06857e-06
6.07837e-06
6.11299e-06
6.0922e-06
8.22212e-05
6.10407e-06
6.11009e-06
6.12432e-06
7.93336e-06
6.07537e-06
6.92313e-06
6.06891e-06
6.11222e-06
6.1081e-06
6.11727e-06
6.0688e-06
6.0694e-06
6.09464e-06
6.1014e-06
6.08153e-06
6.11837e-06
6.11263e-06
6.07014e-06
0.000241428
6.07743e-06
6.14811e-06
6.0796e-06
6.08152e-06
6.13516e-06
6.06897e-06
0.000258171
6.11086e-06
0.00111638
6.12253e-06
6.10178e-06
6.06789e-06
6.11976e-06
6.12527e-06
6.09173e-06
6.14449e-06
0.000396688
6.11169e-06
6.10624e-06
6.07256e-06
6.07283e-06
6.09102e-06
6.07432e-06
6.08091e-06
6.10645e-06
6.07046e-06
5.74495e-06
6.17391e-06
6.14383e-06
6.08603e-06
6.0871e-06
6.10138e-06
6.10811e-06
6.0853e-06
6.07863e-06
6.12729e-06
2.75488e-05
1.64e-06
6.1078e-06
6.11067e-06
6.11514e-06
6.07063e-06
6.10729e-06
6.09573e-06
6.1419e-06
6.11351e-06
6.08204e-06
1.44921e-06
6.06832e-06
6.14727e-06
6.0892e-06
6.09144e-06
6.07101e-06
6.22694e-06
6.09356e-06
6.09102e-06
6.19836e-06
6.46008e-06
6.08397e-06
6.07409e-06
6.07825e-06
6.09251e-06
6.08127e-06
0.000780228
6.09013e-06
0.000140894
6.06891e-06
6.07768e-06
6.06761e-06
1.2304e-06
6.24992e-06
6.11813e-06
6.12131e-06
6.1059e-06
6.11957e-06
6.12084e-06
6.07019e-06
6.10298e-06
6.11815e-06
6.10816e-06
6.09614e-06
6.12069e-06
6.11437e-06
6.12581e-06
6.07219e-06
0.00124364
6.14033e-06
2.37517e-06
6.16e-06
6.07148e-06
6.06769e-06
6.10102e-06
6.07594e-06
6.07704e-06
6.06575e-06
6.06769e-06
6.11356e-06
6.11403e-06
6.13149e-06
6.07871e-06
1.12901e-05
6.08759e-06
6.10915e-06
6.13719e-06
6.25952e-06
6.09444e-06
6.07045e-06
6.13961e-06
0.000203477
6.07939e-06
6.11002e-06
6.12676e-06
6.07939e-06
6.09578e-06
6.1138e-06
6.07594e-06
6.08295e-06
6.07331e-06
6.11511e-06
6.00852e-06
6.10564e-06
6.10533e-06
6.13089e-06
6.21796e-06
6.13853e-06
6.12669e-06
6.07277e-06
6.10658e-06
6.06889e-06
6.0977e-06
6.07265e-06
6.08726e-06
2.06305e-05
6.06966e-06
6.07099e-06
6.10561e-06
6.09624e-06
6.1015e-06
6.11428e-06
6.0849e-06
6.07099e-06
6.07124e-06
6.16056e-06
6.07317e-06
6.0774e-06
6.07575e-06
6.06851e-06
6.12802e-06
6.07113e-06
0.000526116
6.09391e-06
6.1084e-06
6.09098e-06
6.09429e-06
6.08197e-06
6.10899e-06
6.07828e-06
6.07848e-06
6.09498e-06
6.07103e-06
6.10136e-06
6.06836e-06
6.08263e-06
6.10523e-06
3.4093e-06
6.26388e-06
6.13653e-06
6.08466e-06
6.09486e-06
6.13727e-06
6.11876e-06
6.122e-06
0.000539833
6.08409e-06
6.14522e-06
6.07484e-06
0.000119759
6.07806e-06
6.11646e-06
3.7757e-05
6.06841e-06
6.07986e-06
6.09511e-06
6.07427e-06
6.07065e-06
6.08055e-06
6.09646e-06
6.07599e-06
0.000107046
6.11833e-06
6.06995e-06
6.06952e-06
6.06823e-06
6.13441e-06
6.12047e-06
6.09123e-06
6.08782e-06
6.13752e-06
6.07482e-06
6.10929e-06
6.0732e-06
6.07544e-06
6.07225e-06
6.06876e-06
6.09559e-06
6.09494e-06
6.08658e-06
6.08379e-06
6.07166e-06
6.13677e-06
6.07132e-06
6.08235e-06
6.06804e-06
6.06867e-06
6.16385e-06
6.09357e-06
6.0683e-06
6.11534e-06
6.07064e-06
6.1261e-06
0.00217131
6.07219e-06
6.13408e-06
6.10568e-06
1.39491e-06
6.07369e-06
1.47161e-05
6.14312e-06
6.10826e-06
6.07375e-06
6.08683e-06
6.06714e-06
6.1254e-06
6.09558e-06
6.16228e-06
6.14271e-06
6.1085e-06
6.0706e-06
6.11751e-06
6.08713e-06
6.07662e-06
6.07466e-06
6.06872e-06
6.06842e-06
6.08582e-06
6.06903e-06
6.07393e-06
6.32665e-06
6.11858e-06
6.07915e-06
0.000578286
5.97879e-06
6.12901e-06
6.10421e-06
6.32502e-06
6.07016e-06
4.35109e-07
6.27338e-06
6.13632e-06
4.28653e-09
6.16185e-06
6.15652e-06
6.07241e-06
6.07015e-06
6.12155e-06
0.000193647
6.15007e-06
6.07967e-06
6.06783e-06
6.07719e-06
6.12523e-06
6.08582e-06
6.07067e-06
6.13167e-06
6.07033e-06
6.15946e-06
6.09111e-06
1.4487e-07
6.07797e-06
6.08695e-06
6.12079e-06
6.11011e-06
6.1509e-06
6.35678e-06
1.98162e-06
6.10193e-06
6.09637e-06
6.08074e-06
6.13703e-06
6.08719e-06
2.15526e-06
6.53985e-05
6.11362e-06
6.13553e-06
6.06974e-06
6.08149e-06
6.08652e-06
6.1113e-06
6.07748e-06
6.14275e-06
6.09242e-06
0.00163229
6.09482e-06
6.06919e-06
6.08476e-06
6.10042e-06
6.21523e-06
6.08025e-06
6.10592e-06
6.07074e-06
6.08244e-06
7.34825e-08
6.10856e-06
6.13323e-06
6.06982e-06
5.08098e-07
6.11751e-06
8.24976e-07
6.1095e-06
6.11148e-06
6.08581e-06
6.07203e-06
6.07399e-06
6.1099e-06
6.08305e-06
6.07502e-06
6.07995e-06
6.09475e-06
9.35804e-05
6.09153e-06
6.07707e-06
6.07964e-06
0.00137262
6.10899e-06
6.06279e-06
6.07276e-06
6.08328e-06
6.09015e-06
6.10903e-06
6.11522e-06
6.09904e-06
6.11757e-06
6.08778e-06
6.06921e-06
6.08019e-06
6.07786e-06
6.34008e-06
6.07721e-06
6.09515e-06
6.14565e-06
6.10163e-06
6.0963e-06
6.09388e-06
6.07215e-06
6.07028e-06
6.07613e-06
6.16382e-06
6.08608e-06
6.07877e-06
6.08573e-06
6.09194e-06
6.07262e-06
6.07003e-06
6.16282e-06
6.08458e-06
6.10846e-06
6.14183e-06
0.000717453
1.95864e-05
6.07507e-06
0.000253354
6.08215e-06
6.07762e-06
6.07706e-06
6.07265e-06
6.09624e-06
6.07525e-06
6.10961e-06
6.12287e-06
6.13922e-06
6.07532e-06
6.10914e-06
6.08295e-06
6.06927e-06
6.06838e-06
6.07915e-06
6.06818e-06
6.06827e-06
6.06921e-06
6.075e-06
6.42645e-06
6.08986e-06
6.09502e-06
6.0867e-06
0.000112487
6.43853e-06
6.08736e-06
6.07127e-06
6.07446e-06
6.14084e-06
6.0951e-06
6.11636e-06
6.08657e-06
6.12268e-06
6.07063e-06
6.07753e-06
6.08959e-06
6.22733e-06
3.90123e-05
6.08098e-06
6.09465e-06
6.07071e-06
5.82588e-06
6.07971e-06
5.99121e-06
6.07019e-06
6.07536e-06
6.06955e-06
4.43995e-07
6.09941e-06
6.07704e-06
6.08661e-06
6.08085e-06
6.06778e-06
5.97827e-05
6.08222e-06
6.11902e-06
6.08215e-06
6.08678e-06
6.12518e-06
6.09594e-06
6.1228e-06
6.08648e-06
6.54956e-06
6.10657e-06
6.07069e-06
6.06893e-06
6.12945e-06
6.10467e-06
6.06879e-06
7.99158e-06
6.13945e-06
6.04716e-06
6.14269e-06
6.09194e-06
6.11339e-06
6.0729e-06
6.08299e-06
6.09035e-06
6.07312e-06
6.08055e-06
6.11829e-06
3.35204e-06
6.08058e-06
6.09747e-06
6.08008e-06
6.0999e-06
6.10864e-06
6.07018e-06
6.06792e-06
6.07735e-06
6.07903e-06
6.10237e-06
6.08992e-06
8.67258e-05
6.07239e-06
6.07118e-06
6.13037e-06
4.3223e-10
6.07566e-06
6.0927e-06
6.10076e-06
6.11517e-06
6.0994e-06
6.11118e-06
6.09851e-06
6.06972e-06
6.07288e-06
6.09065e-06
6.13343e-06
6.08337e-06
6.0828e-06
6.07086e-06
6.13812e-06
5.16086e-06
6.10103e-06
6.08156e-06
6.13575e-06
6.06867e-06
0.000163795
6.06769e-06
0.00024519
6.13613e-06
6.12824e-06
6.08848e-06
7.3228e-07
6.08799e-06
6.08275e-06
6.06995e-06
6.09429e-06
6.0779e-06
6.10656e-06
6.18958e-06
6.10921e-06
6.14389e-06
6.07548e-06
6.11095e-06
6.07581e-06
6.07052e-06
6.11671e-06
6.13281e-06
6.08113e-06
6.1002e-06
6.14491e-06
6.08541e-06
6.12349e-06
7.02314e-05
6.22846e-06
6.07363e-06
6.07212e-06
1.10576e-05
5.8319e-06
6.07997e-06
6.11131e-06
6.07188e-06
6.08457e-06
6.11313e-06
6.12676e-06
6.10477e-06
6.07071e-06
6.07125e-06
2.47877e-08
6.0824e-06
6.11378e-06
6.12006e-06
6.11449e-06
6.07054e-06
6.07014e-06
6.12101e-06
6.07036e-06
6.1097e-06
6.07848e-06
6.1049e-06
6.09258e-06
6.8311e-06
6.07547e-06
6.10619e-06
6.39828e-06
6.07966e-06
6.08452e-06
6.11992e-06
6.07563e-06
6.07043e-06
6.0787e-06
7.93837e-07
6.09203e-06
6.07149e-06
6.08215e-06
6.07366e-06
1.3094e-06
6.08578e-06
6.22933e-06
6.08795e-06
6.14633e-06
6.06837e-06
6.11365e-06
6.07639e-06
6.07984e-06
6.07806e-06
6.10332e-06
6.12351e-06
6.12098e-06
6.099e-06
6.09902e-06
0.000303966
6.1309e-06
6.07781e-06
6.10696e-06
6.08971e-06
5.52998e-06
0.00026934
6.15288e-06
6.07592e-06
6.474e-06
7.79684e-05
6.10798e-06
6.07913e-06
6.09992e-06
5.91968e-06
7.519e-05
6.08083e-06
6.07637e-06
6.07621e-06
6.087e-06
6.07098e-06
6.1011e-06
6.16627e-06
3.39951e-06
6.15297e-06
6.09796e-06
0.000681829
6.7097e-06
6.14783e-06
6.17431e-06
6.09693e-06
6.07029e-06
6.06835e-06
6.32202e-06
6.08378e-06
0.00043587
6.10237e-06
6.09273e-06
6.11215e-06
6.08635e-06
6.16176e-06
0.000523772
6.06921e-06
5.92567e-06
6.11959e-06
6.06924e-06
6.0777e-06
6.10737e-06
6.11118e-06
6.09399e-06
6.12966e-06
6.11142e-06
6.08901e-06
6.15034e-06
6.07911e-06
6.18662e-06
5.79297e-06
6.11098e-06
6.06941e-06
6.07104e-06
6.09461e-06
6.10845e-06
6.12354e-06
6.06808e-06
6.45664e-06
6.11436e-06
6.06916e-06
6.09403e-06
6.3269e-06
6.07742e-06
6.34573e-06
6.08783e-06
6.12813e-06
6.06979e-06
6.13947e-06
6.07434e-06
1.76656e-05
6.40979e-06
6.11624e-06
1.67078e-06
6.0677e-06
6.08419e-06
0.00040807
0.000558482
6.12715e-06
6.11554e-06
6.09199e-06
4.912e-06
2.05642e-07
6.84886e-07
6.12755e-06
6.10412e-06
6.1081e-06
1.18337e-07
6.06997e-06
6.15908e-06
6.14591e-06
6.1175e-06
6.09204e-06
6.12186e-06
6.10128e-06
6.08924e-06
6.14652e-06
6.07364e-06
6.09544e-06
0.000541261
0.000287243
6.07739e-06
6.09687e-06
6.0756e-06
6.07872e-06
6.43601e-06
6.12993e-06
6.13406e-06
6.06775e-06
6.11967e-06
6.12167e-06
6.10724e-06
6.08662e-06
6.09967e-06
6.07039e-06
6.11105e-06
6.08465e-06
0.000465218
6.06834e-06
6.07313e-06
6.11106e-06
2.84683e-05
6.07019e-06
6.06903e-06
6.08123e-06
1.85176e-09
6.07586e-06
3.95156e-07
4.81859e-06
5.89601e-06
6.06823e-06
6.08255e-06
6.07292e-06
6.07138e-06
6.10865e-06
6.09089e-06
6.08216e-06
6.0684e-06
6.12582e-06
6.07934e-06
6.10427e-06
6.09352e-06
6.09401e-06
6.17097e-06
6.06825e-06
6.0962e-06
6.14598e-06
6.14512e-06
6.07008e-06
6.09157e-06
6.11937e-06
6.0724e-06
6.33118e-06
6.08204e-06
6.10387e-06
6.08207e-06
6.13816e-06
6.07032e-06
6.08819e-06
5.83373e-06
6.11288e-06
6.07452e-06
6.09722e-06
6.07073e-06
6.07018e-06
6.12069e-06
6.11215e-06
6.11101e-06
6.09561e-06
2.22952e-06
6.06947e-06
6.60782e-06
6.09812e-06
6.14437e-06
6.09556e-06
6.35374e-06
6.08406e-06
6.1539e-06
6.11603e-06
6.33178e-06
6.07902e-06
6.10123e-06
6.09182e-06
6.11179e-06
6.14443e-06
6.15145e-06
6.20244e-06
6.07105e-06
6.16214e-06
6.1099e-06
0.000117987
6.11495e-06
6.14481e-06
0.000188584
7.99981e-06
6.22096e-06
6.07667e-06
6.12697e-06
7.13203e-06
6.08361e-06
6.13629e-06
6.11975e-06
6.11907e-06
6.6343e-06
6.07218e-06
6.10012e-06
6.11438e-06
6.06881e-06
6.11728e-06
6.11763e-06
6.0799e-06
6.09426e-06
6.10856e-06
6.21432e-06
6.08801e-06
6.06842e-06
6.10227e-06
1.25337e-06
6.03474e-06
6.49096e-06
6.06961e-06
6.06854e-06
6.11976e-06
6.08407e-06
6.08901e-06
6.11054e-06
6.0777e-06
6.09501e-06
0.00108802
6.08917e-06
6.10059e-06
6.07116e-06
6.09341e-06
8.71443e-06
4.75339e-06
1.8007e-06
6.08555e-06
6.15348e-06
6.07937e-06
4.23243e-07
6.07946e-06
6.09819e-06
6.10666e-06
6.08598e-06
6.10176e-06
6.1501e-06
6.14926e-06
6.08713e-06
6.09182e-06
6.08459e-06
6.13265e-06
6.07763e-06
6.09254e-06
6.1018e-06
6.11211e-06
6.07145e-06
8.60134e-06
6.08709e-06
6.07607e-06
6.12223e-06
6.07677e-06
6.33716e-06
6.10322e-06
6.0692e-06
5.75301e-06
6.06902e-06
4.66432e-06
6.13679e-06
6.08364e-06
6.09974e-06
6.08267e-06
6.06928e-06
6.08345e-06
0.000113431
6.0903e-06
6.08784e-06
6.0816e-06
6.06816e-06
6.06883e-06
6.09459e-06
6.11412e-06
6.10085e-06
6.11124e-06
6.07331e-06
2.72372e-06
0.000562194
6.15035e-06
6.11136e-06
3.72009e-06
6.10002e-06
5.99773e-06
6.08163e-06
6.08413e-06
6.07348e-06
6.07096e-06
6.10259e-06
6.09261e-06
6.0682e-06
6.06859e-06
6.07108e-06
6.13774e-06
6.07236e-06
6.11943e-06
6.39489e-06
6.09938e-06
6.07275e-06
6.11405e-06
6.14338e-06
6.10022e-06
6.18254e-06
6.14791e-06
6.08446e-06
6.07038e-06
6.07649e-06
6.17389e-06
6.07985e-06
6.07503e-06
6.13409e-06
6.11424e-06
6.07122e-06
6.07063e-06
5.84551e-06
6.10982e-06
6.12114e-06
6.10148e-06
6.11317e-06
6.13767e-06
6.16069e-06
6.06936e-06
6.07079e-06
6.0963e-06
6.09691e-06
6.10415e-06
6.13354e-06
6.14467e-06
6.12978e-06
6.12138e-06
6.10985e-06
6.16122e-06
6.11448e-06
5.43623e-06
6.09655e-06
6.06949e-06
0.0017461
6.40362e-06
6.08935e-06
6.08821e-06
6.07937e-06
6.10197e-06
6.11899e-06
6.11621e-06
1.32489e-06
6.10718e-06
6.23915e-06
6.0897e-06
6.34214e-06
6.06766e-06
4.61238e-05
6.06911e-06
1.62608e-05
6.10463e-06
6.12802e-06
6.11305e-06
6.07503e-06
4.11197e-06
6.10132e-06
6.1397e-06
6.14778e-06
6.14893e-06
5.79337e-06
6.09757e-06
6.08264e-06
5.7377e-06
6.07133e-06
6.0876e-06
6.0706e-06
6.08825e-06
6.11062e-06
6.09403e-06
6.0691e-06
6.07472e-06
6.13954e-06
6.13736e-06
6.06993e-06
6.07637e-06
6.12314e-06
6.13333e-06
6.13907e-06
6.06804e-06
6.1118e-06
6.10508e-06
6.18967e-06
6.16485e-06
6.07001e-06
6.07468e-06
6.20666e-06
6.10937e-06
6.11035e-06
6.13997e-06
6.11602e-06
6.08575e-06
6.13727e-06
9.54925e-05
7.26612e-06
6.073e-06
6.10691e-06
6.06798e-06
6.09536e-06
6.08959e-06
6.12513e-06
6.08159e-06
6.10275e-06
6.13221e-06
6.80504e-06
8.44441e-07
6.07412e-06
6.10367e-06
6.11255e-06
6.10631e-06
6.06791e-06
6.08051e-06
6.0975e-06
6.11234e-06
6.13957e-06
6.08233e-06
6.15215e-06
6.07946e-06
6.10621e-06
6.09985e-06
6.09867e-06
6.10679e-06
1.42095e-07
6.09838e-06
6.09574e-06
6.09949e-06
6.16016e-06
6.07258e-06
0.00192173
6.07501e-06
6.07451e-06
6.08892e-06
6.15054e-06
6.11547e-06
7.45244e-05
4.94349e-07
6.09099e-06
6.11017e-06
0.00219621
6.81133e-06
6.12653e-06
6.10386e-06
1.22048e-13
0.00172416
6.09451e-06
1.79087e-08
6.13484e-06
6.10704e-06
6.07438e-06
6.13304e-06
6.07091e-06
6.07824e-06
6.082e-06
6.09596e-06
6.11855e-06
0.000348014
3.64679e-05
1.43481e-06
6.11136e-06
6.1344e-06
6.09003e-06
6.06886e-06
6.11239e-06
6.07349e-06
6.14429e-06
0.00053019
1.35365e-07
6.39166e-06
6.34813e-06
6.13709e-06
6.11365e-06
6.08011e-06
6.38907e-06
6.11197e-06
6.14841e-06
6.08566e-06
6.14421e-06
6.07358e-06
0.000125728
2.78115e-06
6.08486e-06
6.13553e-06
6.09268e-06
6.07375e-06
6.07503e-06
6.07833e-06
6.0872e-06
6.07869e-06
6.11111e-06
6.07824e-06
6.13234e-06
6.09721e-06
3.79029e-06
6.14544e-06
6.11998e-06
6.12155e-06
0.00018554
6.15844e-06
4.63586e-12
6.1168e-06
6.10134e-06
6.08699e-06
6.11945e-06
6.08976e-06
6.08166e-06
0.000355628
6.09075e-06
6.12704e-06
6.1127e-06
6.36383e-06
6.07268e-06
6.07771e-06
6.06956e-06
8.11085e-06
6.10656e-06
6.09079e-06
6.08345e-06
1.27593e-14
6.07572e-06
6.12473e-06
6.06886e-06
6.12083e-06
6.07006e-06
6.11435e-06
6.07646e-06
6.14349e-06
6.08309e-06
6.10641e-06
6.12882e-06
6.07093e-06
6.10749e-06
0.000130536
6.11151e-06
6.15403e-06
4.4154e-06
6.10885e-06
6.14974e-06
4.48301e-05
1.86076e-08
6.1079e-06
6.13783e-06
6.42643e-06
6.08458e-06
6.10872e-06
3.93936e-05
6.07863e-06
6.1079e-06
6.06994e-06
6.13013e-06
6.09601e-06
6.11318e-06
6.09535e-06
6.06802e-06
6.08614e-06
6.10935e-06
6.09199e-06
6.1126e-06
6.06969e-06
6.15033e-06
4.73449e-06
6.08178e-06
6.09876e-06
2.67541e-09
6.06881e-06
6.0703e-06
6.09672e-06
6.07069e-06
6.07877e-06
6.08847e-06
6.10763e-06
6.06803e-06
6.10651e-06
6.0883e-06
6.17135e-06
6.10963e-06
6.07108e-06
6.35377e-06
6.25136e-06
6.07057e-06
0.000230883
6.22288e-06
6.07229e-06
6.3354e-06
6.19373e-06
6.07041e-06
6.09209e-06
6.06929e-06
6.11701e-06
5.04575e-09
6.24992e-06
6.08947e-06
6.12789e-06
6.11722e-06
6.13896e-06
6.09514e-06
6.14298e-06
6.10673e-06
6.11241e-06
6.11227e-06
6.06794e-06
6.07403e-06
6.11364e-06
6.08419e-06
6.07188e-06
6.09555e-06
6.1139e-06
6.44101e-06
6.11009e-06
6.06972e-06
6.07495e-06
0.000560168
2.01812e-07
3.08106e-06
6.10276e-06
6.07254e-06
6.07225e-06
6.15082e-06
6.08647e-06
6.10708e-06
6.27034e-06
6.11522e-06
2.40848e-07
6.10754e-06
6.11333e-06
6.08013e-06
6.13318e-06
6.08964e-06
2.29005e-06
6.09686e-06
6.08975e-06
6.08597e-06
6.13585e-06
6.09512e-06
0.00205548
6.0866e-06
6.07448e-06
6.13213e-06
6.10761e-06
6.12172e-06
6.07956e-06
6.10769e-06
6.07485e-06
6.10895e-06
6.09767e-06
6.10813e-06
3.6574e-06
6.07157e-06
6.10555e-06
6.04747e-06
6.1461e-06
6.10906e-06
6.50808e-06
1.50707e-05
6.07002e-06
6.11038e-06
6.13773e-06
6.11018e-06
6.0879e-06
6.11957e-06
6.07062e-06
6.11938e-06
6.08872e-06
6.08833e-06
6.45719e-06
6.0885e-06
6.08819e-06
6.14206e-06
6.10991e-06
6.10772e-06
6.14286e-06
0.00163195
0.000267982
5.32934e-05
6.10895e-06
6.0716e-06
6.09272e-06
6.08767e-06
6.06881e-06
6.12565e-06
6.10656e-06
6.09149e-06
6.11012e-06
6.10668e-06
6.15236e-06
6.10668e-06
6.13891e-06
6.0337e-06
6.08689e-06
6.1362e-06
6.11594e-06
0.000312361
0.00026765
6.08645e-06
6.08454e-06
0.00095349
6.12939e-06
6.11347e-06
6.09253e-06
6.0683e-06
6.07125e-06
6.07608e-06
6.07614e-06
6.25458e-06
6.13333e-06
5.97545e-06
6.12946e-06
6.11748e-06
0.00128723
6.06713e-06
6.21406e-06
6.45467e-06
6.03505e-06
6.0936e-06
6.09923e-06
6.09765e-06
0.000400444
6.26674e-06
6.15475e-06
6.16012e-06
6.06806e-06
6.10618e-06
6.07591e-06
6.15055e-06
6.11363e-06
6.09267e-06
6.11478e-06
6.10059e-06
6.06782e-06
6.10617e-06
6.06795e-06
6.1046e-06
0.000417586
6.12827e-06
0.000254977
6.3234e-06
6.10784e-06
6.07061e-06
6.07457e-06
6.11539e-06
6.13052e-06
6.31598e-06
6.10898e-06
6.11046e-06
4.01157e-07
6.10547e-06
6.07114e-06
6.07307e-06
6.08346e-06
6.10283e-06
6.11302e-06
6.0901e-06
6.10985e-06
6.3862e-06
7.95861e-06
6.35956e-06
6.08572e-06
6.16041e-06
6.14893e-06
6.06919e-06
6.1589e-06
6.18708e-06
6.12701e-06
6.10969e-06
6.07074e-06
6.1788e-06
6.09511e-06
6.13582e-06
6.25294e-06
0.00109319
6.10282e-06
6.06796e-06
6.12379e-06
6.09228e-06
6.13057e-06
6.09845e-06
6.1248e-06
6.08849e-06
6.11835e-06
6.15027e-06
6.11303e-06
6.15582e-06
6.09705e-06
6.32942e-06
6.07267e-06
6.07918e-06
6.13238e-06
6.08789e-06
6.09781e-06
6.09669e-06
6.31169e-06
6.01143e-06
6.07808e-06
6.08728e-06
6.06895e-06
6.07488e-06
6.06827e-06
6.07483e-06
6.10538e-06
6.10238e-06
6.0839e-06
6.23628e-06
6.07231e-06
8.63139e-05
6.10435e-06
3.29034e-06
6.11246e-06
6.07034e-06
6.1581e-06
6.06873e-06
6.07794e-06
6.14231e-06
6.08556e-06
6.07553e-06
6.12539e-06
6.07543e-06
6.05431e-06
6.10995e-06
6.09116e-06
6.08775e-06
6.14778e-06
6.13714e-06
6.11783e-06
6.0686e-06
6.11246e-06
6.10766e-06
6.08651e-06
6.0681e-06
6.07874e-06
6.09989e-06
6.24255e-06
6.09377e-06
6.12385e-06
6.10669e-06
6.08673e-06
6.09593e-06
6.07145e-06
6.07088e-06
6.08267e-06
0.000501845
6.06861e-06
6.10435e-06
6.07714e-06
6.91448e-06
6.1055e-06
1.59517e-06
6.07127e-06
6.14213e-06
6.09528e-06
6.0897e-06
6.17522e-06
6.07955e-06
0.000794425
8.21782e-06
6.09262e-06
6.07545e-06
6.08233e-06
4.14064e-06
6.07834e-06
6.10331e-06
6.08688e-06
0.00187541
6.10357e-06
6.10737e-06
0.000382457
6.09042e-06
0.00056096
6.08379e-06
6.12275e-06
6.08408e-06
6.08685e-06
4.87635e-06
6.11078e-06
2.02049e-12
6.13769e-06
6.10614e-06
6.09943e-06
6.092e-06
6.06919e-06
6.08132e-06
6.07376e-06
6.06888e-06
6.13242e-06
6.16286e-06
6.07258e-06
6.08555e-06
6.30362e-06
6.11003e-06
6.31239e-07
9.37549e-05
0.000265668
6.1153e-06
6.06935e-06
6.23294e-06
6.10775e-06
0.000247512
6.09475e-06
6.11566e-06
6.07517e-06
5.99034e-06
6.0874e-06
6.1081e-06
6.13363e-06
6.1098e-06
6.08525e-06
6.26479e-06
6.10065e-06
6.09852e-06
6.06844e-06
6.11053e-06
6.11482e-06
6.11748e-06
6.08836e-06
6.11048e-06
6.27932e-06
6.09472e-06
6.12772e-06
6.06894e-06
5.96808e-06
6.10887e-06
6.08619e-06
3.80684e-06
6.11269e-06
6.08093e-06
0.000636882
2.72529e-06
6.12311e-06
6.1419e-06
6.07107e-06
6.10748e-06
6.11916e-06
6.11397e-06
6.14326e-06
7.26835e-05
6.1123e-06
0.000219241
6.13703e-06
9.4488e-06
6.06836e-06
6.09797e-06
6.09803e-06
6.0767e-06
6.07137e-06
2.26314e-05
6.08139e-06
5.86665e-06
0.000404029
6.06816e-06
6.09321e-06
6.0696e-06
6.10399e-06
6.07303e-06
6.15115e-06
6.10266e-06
6.07126e-06
6.08201e-06
6.13658e-06
6.09605e-06
6.07165e-06
6.10215e-06
6.06977e-06
6.08869e-06
6.11353e-06
6.09941e-06
6.13525e-06
6.09383e-06
6.08205e-06
6.08402e-06
6.06985e-06
6.1131e-06
6.04849e-06
6.07998e-06
6.11239e-06
6.08395e-06
6.08324e-06
6.09797e-06
1.27041e-05
6.07173e-06
6.09782e-06
6.06906e-06
6.07328e-06
6.09599e-06
6.07084e-06
5.68066e-06
6.09046e-06
6.11075e-06
3.21131e-06
6.10665e-06
6.10991e-06
6.3711e-06
6.1842e-06
6.13797e-06
6.09908e-06
6.11466e-06
6.09555e-06
4.63751e-09
6.11516e-06
6.0925e-06
6.12911e-06
2.23315e-07
6.07391e-06
6.10178e-06
6.08936e-06
6.16072e-06
6.01803e-06
6.09725e-06
0.000186355
5.98973e-06
0.000270866
6.07152e-06
0.00203268
6.09852e-06
6.20204e-06
1.16132e-05
6.12182e-06
6.70325e-06
6.08131e-06
6.08306e-06
6.08242e-06
6.07426e-06
6.15497e-06
6.08401e-06
6.11008e-06
6.0727e-06
6.07926e-06
6.14548e-06
6.11116e-06
6.06792e-06
6.06845e-06
6.07143e-06
6.11012e-06
6.07366e-06
6.06777e-06
6.09658e-06
6.07049e-06
6.09232e-06
6.06879e-06
6.06807e-06
6.09015e-06
6.07316e-06
6.08144e-06
6.07649e-06
6.1133e-06
6.10263e-06
6.09837e-06
6.13553e-06
6.11012e-06
6.06835e-06
6.07205e-06
6.07779e-06
0.000239545
6.11405e-06
6.16398e-06
6.07115e-06
6.27422e-06
6.07851e-06
6.1424e-06
2.76879e-06
6.09045e-06
4.04426e-08
6.0928e-06
6.06959e-06
6.08941e-06
6.08715e-06
6.14213e-06
6.1483e-06
6.10791e-06
6.11344e-06
6.11523e-06
6.07022e-06
6.09899e-06
6.12369e-06
6.07028e-06
6.08197e-06
6.0701e-06
6.13804e-06
2.02967e-06
6.04218e-06
6.09296e-06
6.0946e-06
6.07242e-06
6.07559e-06
6.16037e-06
6.1484e-06
6.06983e-06
6.06778e-06
6.11156e-06
6.06798e-06
6.118e-06
6.09162e-06
6.06811e-06
6.08753e-06
6.07502e-06
6.07515e-06
6.09751e-06
6.07413e-06
4.81445e-08
6.07162e-06
6.13334e-06
6.13312e-06
6.06938e-06
6.07074e-06
6.10918e-06
6.09533e-06
6.08114e-06
5.89893e-06
6.08049e-06
9.21798e-06
6.10505e-06
6.10362e-06
6.07608e-06
7.61437e-06
6.35026e-06
6.52429e-06
0.000262149
6.12896e-06
6.07579e-06
6.08395e-06
5.889e-06
6.06875e-06
6.03683e-07
6.07853e-06
6.11212e-06
1.76491e-09
5.87713e-06
6.07957e-06
6.0296e-06
6.12072e-06
6.13499e-06
6.11761e-06
6.07637e-06
6.09111e-06
6.1332e-06
6.09071e-06
6.0992e-06
6.07637e-06
6.09873e-06
9.95854e-06
6.10122e-06
6.09502e-06
0.00200329
6.13666e-06
6.10272e-06
6.10969e-06
6.09481e-06
6.07524e-06
5.97353e-06
6.06913e-06
6.20258e-06
6.14264e-06
6.14333e-06
6.09336e-06
6.08753e-06
6.07526e-06
6.07163e-06
6.07019e-06
6.07132e-06
1.26025e-08
6.15891e-06
6.11041e-06
3.01196e-05
6.096e-06
6.10238e-06
6.09828e-06
6.08148e-06
6.1225e-06
3.00248e-06
6.07423e-06
6.06934e-06
6.1414e-06
6.08197e-06
6.09233e-06
6.08643e-06
6.07082e-06
6.09981e-06
6.06879e-06
6.15483e-06
6.09417e-06
6.11553e-06
6.07945e-06
6.09501e-06
6.15024e-06
6.12903e-06
6.09995e-06
6.1164e-06
0.000126621
6.08224e-06
6.0923e-06
6.06815e-06
6.1366e-06
6.07478e-06
6.07164e-06
6.07947e-06
6.08223e-06
7.16222e-06
6.08828e-06
6.07017e-06
6.06941e-06
6.31368e-06
6.98175e-07
6.07573e-06
6.09935e-06
6.40825e-06
6.14115e-06
6.16004e-06
6.09877e-06
6.08765e-06
6.06819e-06
6.06916e-06
6.07118e-06
6.14261e-06
6.07426e-06
6.06992e-06
6.07548e-06
6.06792e-06
6.0745e-06
6.10635e-06
6.09043e-06
6.11149e-06
6.0704e-06
6.16116e-06
9.40365e-05
6.06798e-06
6.08098e-06
6.08843e-06
6.09362e-06
6.11288e-06
6.14887e-06
6.15203e-06
6.10132e-06
6.08539e-06
6.07115e-06
6.07113e-06
6.14006e-06
6.11877e-06
6.09314e-06
6.10557e-06
6.10422e-06
6.07018e-06
6.09887e-06
0.000222328
6.06806e-06
6.10429e-06
6.08341e-06
6.11085e-06
6.08612e-06
6.13266e-06
6.10934e-06
6.07118e-06
0.00219211
6.1053e-06
6.07076e-06
6.09333e-06
6.11954e-06
6.11496e-06
6.14158e-06
6.1149e-06
6.16351e-06
6.11625e-06
6.08135e-06
6.06926e-06
6.11716e-06
6.06915e-06
6.11374e-06
6.10972e-06
6.15225e-06
6.13809e-06
6.1309e-06
6.1414e-06
6.09305e-06
6.11006e-06
6.12725e-06
6.07674e-06
6.32322e-05
6.07161e-06
6.07324e-06
6.10914e-06
6.08476e-06
6.13308e-06
6.10172e-06
6.07054e-06
6.07092e-06
6.1123e-06
6.09638e-06
6.10261e-06
6.0679e-06
6.09592e-06
6.08141e-06
1.04777e-05
7.24406e-05
3.27743e-06
6.09281e-06
6.12132e-06
6.15335e-06
6.07862e-06
6.1099e-06
6.08742e-06
6.10852e-06
6.14466e-06
6.6351e-06
6.06888e-06
0.00152842
6.16254e-06
6.07443e-06
6.11761e-06
5.16049e-06
6.06839e-06
6.08411e-06
6.105e-06
6.11922e-06
6.07574e-06
6.11769e-06
6.10484e-06
6.07812e-06
8.81494e-06
6.06946e-06
6.07067e-06
6.10208e-06
6.07073e-06
6.11189e-06
2.02887e-05
6.15747e-06
6.08509e-06
6.11117e-06
6.11341e-06
6.07229e-06
6.11493e-06
7.16129e-07
6.0834e-06
6.4517e-06
6.07668e-06
3.24323e-05
6.0998e-06
6.06938e-06
6.06963e-06
6.09768e-06
6.08245e-06
6.11523e-06
6.10721e-06
6.07101e-06
6.07025e-06
6.10468e-06
6.06805e-06
6.07145e-06
6.07202e-06
6.09318e-06
6.09978e-06
6.08117e-06
6.0778e-06
6.07889e-06
7.28142e-10
6.10699e-06
6.11508e-06
6.10391e-06
6.08713e-06
6.11568e-06
6.12423e-06
6.07002e-06
6.09136e-06
6.07577e-06
6.08564e-06
6.06929e-06
6.09526e-06
6.10106e-06
6.07794e-06
6.11051e-06
6.14479e-06
6.06909e-06
6.07394e-06
6.08258e-06
6.06863e-06
6.09289e-06
6.09354e-06
6.13244e-06
6.07051e-06
6.074e-06
6.08565e-06
6.12122e-06
6.1017e-06
6.13832e-06
6.06825e-06
6.09575e-06
6.09464e-06
6.09159e-06
6.07474e-06
6.07034e-06
0.000880234
6.08662e-06
6.11935e-06
6.06887e-06
6.18989e-06
6.11842e-06
6.06822e-06
6.11527e-06
6.08871e-06
6.14475e-06
6.06853e-06
6.89903e-05
6.06911e-06
6.10084e-06
6.0971e-06
6.10983e-06
6.07528e-06
6.07139e-06
6.09821e-06
6.08847e-06
6.0721e-06
6.07849e-06
6.07128e-06
6.09846e-06
6.09358e-06
6.06794e-06
6.09907e-06
6.07088e-06
6.09133e-06
6.08402e-06
6.07108e-06
6.07938e-06
6.07499e-06
6.12071e-06
6.09621e-06
6.09352e-06
6.07676e-06
6.0799e-06
6.14613e-06
7.21575e-05
6.11832e-06
6.32052e-06
6.10835e-06
6.07692e-06
6.11615e-06
6.13872e-06
6.08155e-06
6.07004e-06
6.09563e-06
6.08948e-06
6.11093e-06
6.08775e-06
4.11691e-06
6.08795e-06
6.07748e-06
6.09112e-06
6.07679e-06
6.10878e-06
6.1188e-06
6.07201e-06
6.08041e-06
6.07499e-06
6.11839e-06
6.08853e-06
6.07253e-06
6.06946e-06
6.13261e-06
6.11578e-06
6.11139e-06
6.07235e-06
6.14683e-06
6.13007e-06
1.30324e-05
6.07204e-06
6.11775e-06
6.10971e-06
6.06896e-06
6.10155e-06
0.00107377
6.0811e-06
6.08261e-06
3.27079e-06
6.07658e-06
6.09005e-06
6.07052e-06
6.07412e-06
6.12309e-06
6.07123e-06
6.08282e-06
6.12852e-06
6.06996e-06
6.11107e-06
6.14026e-06
6.06868e-06
3.82052e-06
6.10015e-06
6.10213e-06
6.06824e-06
6.1177e-06
6.07176e-06
6.10939e-06
6.08433e-06
6.15334e-06
6.14444e-06
6.0781e-06
6.08029e-06
6.10797e-06
6.07384e-06
6.13799e-06
6.0731e-06
6.08328e-06
6.10977e-06
6.14156e-06
6.12127e-06
6.07487e-06
6.07084e-06
6.10151e-06
6.06815e-06
6.11512e-06
6.07277e-06
6.10313e-06
6.08648e-06
6.13942e-06
6.07149e-06
6.07717e-06
3.47675e-08
6.08461e-06
6.09109e-06
6.38009e-05
6.07143e-06
6.0771e-06
6.06987e-06
6.0823e-06
6.27139e-06
6.06922e-06
6.08204e-06
6.14621e-06
0.000715615
0.000987512
6.10141e-06
6.07789e-06
0.000959791
6.08949e-06
6.08548e-06
6.08757e-06
6.09736e-06
6.0912e-06
6.0381e-06
6.09003e-06
6.11907e-06
0.00177339
6.09579e-06
6.07875e-06
6.09128e-06
6.0928e-06
6.08681e-06
3.20534e-06
6.11586e-06
6.07189e-06
6.08114e-06
6.13177e-06
6.07994e-06
6.16129e-06
6.15787e-06
6.06938e-06
6.1441e-06
0.000315408
5.22967e-06
6.07909e-06
6.09818e-06
6.12987e-06
6.06814e-06
6.11275e-06
6.14526e-06
6.07905e-06
0.000935836
6.04822e-06
4.30565e-05
6.09203e-06
6.08901e-06
6.0888e-06
6.12107e-06
6.07021e-06
6.12173e-06
6.11512e-06
6.07082e-06
6.07266e-06
6.09653e-06
6.08132e-06
6.07049e-06
6.11534e-06
6.07772e-06
6.06994e-06
6.08918e-06
6.00046e-06
6.09144e-06
6.08498e-06
0.00216289
6.08353e-06
6.14983e-06
6.09557e-06
6.07007e-06
6.1124e-06
5.64153e-06
3.14407e-06
6.31429e-06
6.09724e-06
6.07078e-06
6.06835e-06
0.00170035
5.88925e-06
6.06882e-06
3.22876e-07
0.00108793
6.10987e-06
6.07402e-06
6.0694e-06
6.08041e-06
6.15704e-06
6.07848e-06
6.08863e-06
3.96798e-06
4.39176e-06
6.07303e-06
6.12132e-06
6.15494e-06
6.09892e-06
6.06811e-06
6.10193e-06
6.06941e-06
6.09082e-06
6.09745e-06
6.07958e-06
5.80183e-06
6.07739e-06
6.13785e-06
6.1091e-06
6.08923e-06
6.07347e-06
6.33517e-06
6.0699e-06
6.07627e-06
6.06856e-06
6.11423e-06
6.0827e-06
6.07865e-06
6.07362e-06
6.06954e-06
6.06841e-06
6.15192e-06
6.13307e-06
6.08937e-06
6.08771e-06
6.07859e-06
6.09107e-06
6.06934e-06
6.0976e-06
6.08202e-06
6.11492e-06
6.08037e-06
6.06907e-06
1.25507e-07
6.10454e-06
6.07821e-06
6.07557e-06
6.12892e-06
6.06866e-06
6.08445e-06
6.06849e-06
6.11879e-06
6.10388e-06
6.10978e-06
6.09468e-06
6.11384e-06
6.16225e-06
6.07777e-06
6.07657e-06
6.10979e-06
6.07884e-06
6.07582e-06
6.07003e-06
6.09152e-06
6.32946e-06
6.11912e-06
6.14598e-06
6.07691e-06
6.06952e-06
6.07151e-06
6.25236e-06
6.07702e-06
6.07541e-06
6.08992e-06
6.13583e-06
6.107e-06
6.39838e-06
6.08531e-06
6.14447e-06
6.06813e-06
0.00187118
6.07345e-06
6.14281e-06
6.10966e-06
6.07137e-06
6.05854e-06
6.08417e-06
6.0737e-06
6.11974e-06
6.15403e-06
6.10355e-06
6.07872e-06
6.07028e-06
6.12346e-06
6.07095e-06
0.00213609
6.08118e-06
6.13582e-06
6.07071e-06
6.09594e-06
6.09975e-06
6.07099e-06
6.13774e-06
6.11463e-06
6.07333e-06
6.11408e-06
6.22235e-06
6.07328e-06
6.09084e-06
6.06944e-06
6.07016e-06
6.07584e-06
6.11497e-06
6.10039e-06
6.10713e-06
6.07611e-06
6.10266e-06
6.12342e-06
6.06963e-06
6.10283e-06
6.14849e-06
6.07267e-06
6.39733e-06
6.11534e-06
6.07051e-06
6.14931e-06
6.11237e-06
6.06854e-06
6.61398e-06
6.07006e-06
6.08701e-06
6.09164e-06
6.08158e-06
6.11866e-06
6.06982e-06
6.11376e-06
6.09448e-06
4.43061e-06
6.11281e-06
6.07052e-06
6.09764e-06
6.13468e-06
6.0814e-06
6.11404e-06
6.08294e-06
6.07074e-06
6.14512e-06
0.000134901
4.52889e-06
6.59062e-06
6.06997e-06
6.08778e-06
6.07351e-06
6.07317e-06
6.07009e-06
6.07195e-06
6.11248e-06
6.08182e-06
6.15523e-06
6.07495e-06
6.07029e-06
6.07917e-06
6.15283e-06
6.12152e-06
0.000932838
6.1093e-06
6.1165e-06
6.12205e-06
1.42701e-05
6.10249e-06
6.1218e-06
6.07013e-06
6.08806e-06
6.12341e-06
6.07331e-06
6.06833e-06
6.06814e-06
6.06947e-06
6.0708e-06
6.14608e-06
6.11523e-06
6.07001e-06
6.11044e-06
6.07369e-06
6.09611e-06
0.000850635
6.07312e-06
6.08411e-06
6.07729e-06
6.06813e-06
6.0895e-06
6.19955e-06
6.07139e-06
6.09239e-06
6.07497e-06
6.1149e-06
6.09355e-06
6.06987e-06
6.11129e-06
6.08877e-06
6.09385e-06
6.0681e-06
6.18387e-06
6.07493e-06
6.09318e-06
6.10546e-06
6.07555e-06
6.11353e-06
6.13978e-06
4.48345e-06
6.07086e-06
6.0963e-06
6.0857e-06
6.07741e-06
6.06849e-06
6.01899e-06
6.06851e-06
6.08033e-06
6.09371e-06
6.10339e-06
6.09391e-06
6.08417e-06
6.1102e-06
6.14942e-06
6.09374e-06
6.09932e-06
6.06819e-06
6.07544e-06
6.10921e-06
6.15009e-06
6.79868e-06
6.0825e-06
6.08083e-06
6.07894e-06
6.0878e-06
6.07852e-06
6.0694e-06
6.1483e-06
6.12211e-06
6.07001e-06
6.14149e-06
5.85572e-06
6.08458e-06
6.07061e-06
6.11293e-06
6.08304e-06
6.07111e-06
6.10482e-06
6.07722e-06
6.06921e-06
6.17652e-06
6.10576e-06
6.07193e-06
6.06863e-06
6.08227e-06
6.07384e-06
6.08154e-06
6.15124e-06
4.73101e-06
6.07007e-06
6.07006e-06
6.06901e-06
6.10188e-06
6.07119e-06
6.10341e-06
6.14193e-06
6.07454e-06
6.08702e-06
5.55888e-06
1.64314e-06
6.07468e-06
6.07485e-06
6.08251e-06
6.08496e-06
6.07161e-06
6.09385e-06
6.10252e-06
6.10688e-06
6.07968e-06
6.11716e-06
6.10729e-06
6.06984e-06
6.11818e-06
6.07452e-06
6.07223e-06
6.077e-06
6.08782e-06
6.11531e-06
6.13996e-06
6.06977e-06
6.09453e-06
6.07221e-06
0.000995801
6.10319e-06
6.09253e-06
0.0010336
0.00148312
0.00137133
6.07003e-06
)
;

boundaryField
{
    frontAndBack
    {
        type            empty;
    }
    inlet
    {
        type            freestream;
        freestreamValue uniform 6e-06;
        value           uniform 6e-06;
    }
    outlet
    {
        type            freestream;
        freestreamValue uniform 6e-06;
        value           nonuniform List<scalar> 
32
(
6.06965e-06
6.06936e-06
6.07025e-06
6.07025e-06
6.06931e-06
3.49031e-05
6.07066e-06
4.94268e-06
6.07117e-06
6.08449e-06
6.08479e-06
6.07087e-06
5.06035e-06
6.07034e-06
6.06847e-06
6.07085e-06
5.84731e-06
6.06997e-06
6.07104e-06
7.38408e-06
6.37124e-06
6.069e-06
3.76595e-05
6.06967e-06
5.98608e-06
6.067e-06
6.07167e-06
6.07148e-06
6.46561e-06
5.97651e-06
6.06837e-06
6.07098e-06
)
;
    }
    walls
    {
        type            nutUSpaldingWallFunction;
        Cmu             0.09;
        kappa           0.41;
        E               9.8;
        value           nonuniform List<scalar> 
205
(
4.69369e-06
9.61401e-06
1.08808e-05
9.93905e-06
9.14763e-06
7.64585e-06
1.04658e-05
9.5217e-06
8.79616e-06
8.52225e-06
8.26715e-06
8.02828e-06
7.83591e-06
6.23007e-06
7.49972e-06
7.36498e-06
7.22708e-06
7.09161e-06
6.96273e-06
6.8418e-06
6.72581e-06
6.61984e-06
6.51885e-06
6.41966e-06
6.32403e-06
5.13397e-06
5.09428e-06
6.15582e-06
6.08519e-06
6.01089e-06
5.93614e-06
5.86622e-06
5.79732e-06
5.74356e-06
5.68154e-06
5.61855e-06
5.57208e-06
5.517e-06
5.48129e-06
5.4501e-06
5.41842e-06
5.38539e-06
5.3524e-06
5.31921e-06
5.30815e-06
5.28147e-06
5.23864e-06
5.20787e-06
5.16805e-06
3.29027e-06
3.19719e-06
3.09309e-06
2.96066e-06
2.86195e-06
5.0526e-06
5.01788e-06
4.9897e-06
4.9568e-06
4.91928e-06
4.88938e-06
4.85467e-06
4.82067e-06
4.79153e-06
4.75759e-06
4.72479e-06
4.69459e-06
4.6604e-06
4.6296e-06
4.59044e-06
9.02204e-06
9.14235e-06
4.55881e-06
4.53951e-06
4.51572e-06
4.48743e-06
4.45977e-06
4.42234e-06
4.38534e-06
4.35499e-06
4.32284e-06
4.29311e-06
4.26598e-06
4.227e-06
4.18835e-06
4.1547e-06
4.11999e-06
4.0849e-06
4.05279e-06
4.01269e-06
3.97477e-06
3.93096e-06
3.88478e-06
3.84279e-06
3.80008e-06
3.75058e-06
3.70257e-06
3.64185e-06
3.57532e-06
3.51439e-06
3.45017e-06
3.37361e-06
8.54851e-06
8.61783e-06
8.70077e-06
8.78717e-06
8.9005e-06
9.26096e-06
2.59534e-06
2.6772e-06
1.22376e-06
4.99763e-07
1.56452e-06
1.56046e-06
2.02654e-06
2.24977e-06
2.51196e-06
2.72137e-06
2.91418e-06
3.0851e-06
3.23799e-06
3.3883e-06
3.53848e-06
3.66618e-06
3.78299e-06
3.91044e-06
4.02083e-06
4.11492e-06
4.20949e-06
4.29693e-06
4.38379e-06
4.47091e-06
4.54731e-06
4.62351e-06
4.69823e-06
4.76075e-06
4.82777e-06
4.90106e-06
4.95904e-06
5.00777e-06
5.0754e-06
5.13917e-06
5.1849e-06
5.23691e-06
5.28293e-06
5.33433e-06
5.39061e-06
5.4422e-06
5.48707e-06
5.54055e-06
5.59439e-06
5.64007e-06
5.68823e-06
5.7407e-06
5.79424e-06
5.84215e-06
5.89086e-06
5.94202e-06
5.99314e-06
6.04329e-06
6.09593e-06
6.15076e-06
6.20085e-06
6.25149e-06
6.30497e-06
6.36408e-06
6.42845e-06
6.49338e-06
6.56037e-06
6.62502e-06
6.70156e-06
6.78824e-06
6.86375e-06
6.93824e-06
7.02107e-06
7.09744e-06
7.17248e-06
7.24533e-06
7.31579e-06
7.38534e-06
7.45316e-06
7.52005e-06
7.58442e-06
7.64587e-06
7.70368e-06
7.7644e-06
7.83829e-06
7.90582e-06
7.96896e-06
8.04563e-06
8.11874e-06
8.18867e-06
8.25204e-06
8.31493e-06
8.38615e-06
8.47216e-06
9.36498e-06
9.47351e-06
9.59932e-06
9.74293e-06
9.88416e-06
1.00155e-05
1.00797e-05
9.54755e-06
7.14397e-06
1.86521e-06
)
;
    }
}


// ************************************************************************* //
