/*--------------------------------*- C++ -*----------------------------------*\
  =========                 |
  \\      /  F ield         | OpenFOAM: The Open Source CFD Toolbox
   \\    /   O peration     | Website:  https://openfoam.org
    \\  /    A nd           | Version:  dev
     \\/     M anipulation  |
\*---------------------------------------------------------------------------*/
FoamFile
{
    format      ascii;
    class       volScalarField;
    location    "200";
    object      nut;
}
// * * * * * * * * * * * * * * * * * * * * * * * * * * * * * * * * * * * * * //

dimensions      [0 2 -1 0 0 0 0];

internalField   nonuniform List<scalar> 
25458
(
0.000199392
3.44711e-05
4.11392e-06
5.94977e-06
6.26524e-06
6.44574e-06
6.54193e-06
6.5881e-06
6.56999e-06
6.56886e-06
6.58273e-06
0.0002082
9.02522e-05
1.00956e-05
5.22757e-06
6.00438e-06
6.41833e-06
6.60023e-06
6.71296e-06
6.8222e-06
6.91343e-06
6.90024e-06
0.000155046
0.00011299
2.89951e-05
5.2082e-06
5.63974e-06
6.22989e-06
6.54783e-06
6.88122e-06
7.12771e-06
7.28359e-06
7.17768e-06
0.00016017
0.000158945
0.000108091
2.11921e-05
5.31642e-06
5.74116e-06
6.343e-06
7.16471e-06
7.70839e-06
7.92017e-06
7.51773e-06
0.00013783
0.000179557
0.000175983
9.88289e-05
1.52902e-05
5.31855e-06
5.97084e-06
7.30529e-06
8.20893e-06
8.54654e-06
7.83112e-06
0.000130547
0.000210563
0.000281324
0.000296491
0.000246743
0.000121317
1.49715e-05
6.55346e-06
9.14469e-06
1.05443e-05
9.0923e-06
0.000148197
0.000134436
6.38253e-05
8.22243e-06
5.34235e-06
5.98624e-06
6.46109e-06
7.03575e-06
7.42516e-06
7.61068e-06
7.35462e-06
0.000142987
0.000170761
0.000146038
5.40413e-05
7.36156e-06
5.44721e-06
6.18389e-06
7.25279e-06
7.96718e-06
8.23006e-06
7.67413e-06
0.000134
0.000187004
0.000200329
0.00014274
3.68738e-05
6.01983e-06
5.70451e-06
7.32089e-06
8.43804e-06
8.86808e-06
7.99996e-06
0.000140776
0.000194724
0.00022177
0.000182232
7.48877e-05
9.09684e-06
5.45312e-06
7.27903e-06
8.65214e-06
9.19488e-06
8.18428e-06
0.000135331
0.000199814
0.000240106
0.000216678
0.000120288
1.83532e-05
5.38896e-06
7.15503e-06
8.84617e-06
9.52721e-06
8.38478e-06
0.000130871
0.00020374
0.000255577
0.000246506
0.00016568
4.04205e-05
6.05497e-06
6.94645e-06
9.00644e-06
9.86463e-06
8.60529e-06
0.000136252
0.000207944
0.000269406
0.000272956
0.000208239
7.70618e-05
8.4322e-06
6.7018e-06
9.11353e-06
1.02052e-05
8.83704e-06
0.000115466
0.000220231
0.000352504
0.000451952
0.000513593
0.000525164
0.000469354
0.00032181
0.000106587
1.50074e-05
1.16143e-05
0.000139037
0.000213581
0.000292128
0.00031766
0.000281296
0.000167581
3.05956e-05
6.76181e-06
9.07829e-06
1.08723e-05
9.35832e-06
0.000142123
0.000215688
0.000301718
0.00033677
0.000312548
0.000213165
5.93757e-05
7.83001e-06
8.91713e-06
1.11744e-05
9.64237e-06
0.000141223
0.000216985
0.00030999
0.00035397
0.000341128
0.000256482
9.87277e-05
1.08487e-05
8.70397e-06
1.14268e-05
9.94285e-06
0.000139164
0.000217956
0.000317222
0.00036947
0.00036733
0.000296528
0.000143093
1.81254e-05
8.5649e-06
1.16054e-05
1.02562e-05
0.000136759
0.000218736
0.000323619
0.000383466
0.000391317
0.000333199
0.000189517
3.35854e-05
8.72319e-06
1.16855e-05
1.05675e-05
0.000134367
0.000219346
0.000329324
0.00039614
0.000413258
0.000366863
0.000236198
6.01132e-05
9.56842e-06
1.16581e-05
1.08731e-05
0.000131428
0.000219768
0.000334367
0.000407624
0.000433385
0.000398052
0.000281655
9.6027e-05
1.18315e-05
1.15394e-05
1.11559e-05
0.000130131
0.000220088
0.000338923
0.000418124
0.000451953
0.000427102
0.000324661
0.000137365
1.68782e-05
1.14032e-05
1.13983e-05
0.000127956
0.000220215
0.000342971
0.000427741
0.000469159
0.000454239
0.000364778
0.000181956
2.7138e-05
1.13792e-05
1.15746e-05
0.000124095
0.000220242
0.000346548
0.000436549
0.000485115
0.000479544
0.000402002
0.000228409
4.53587e-05
1.16932e-05
1.16762e-05
0.000120649
0.000220243
0.000349715
0.000444599
0.000499896
0.000503141
0.000436743
0.000275501
7.25134e-05
1.27072e-05
1.16814e-05
8.58479e-05
0.000212131
0.000372779
0.000529151
0.000675829
0.000803566
0.000900658
0.000951261
0.000933773
0.000818414
0.00055831
8.07052e-05
0.000211971
0.000372737
0.000530572
0.000679472
0.000810264
0.000911427
0.000967362
0.000956755
0.000850222
0.00060481
0.000118686
0.000220072
0.000355129
0.000458741
0.000526316
0.000545805
0.000500211
0.000366446
0.0001455
1.96416e-05
1.15045e-05
0.0001186
0.000219639
0.000357497
0.000465087
0.000538253
0.000565237
0.000529413
0.000408669
0.000187804
2.81385e-05
1.14394e-05
0.000116154
0.000219209
0.000359447
0.000470875
0.000549414
0.00058357
0.000557106
0.00044848
0.000232945
4.25244e-05
1.15385e-05
0.000112867
0.000218898
0.000361174
0.000476221
0.000559886
0.000600875
0.000583284
0.000485898
0.000279749
6.38324e-05
1.20069e-05
0.000110269
0.000218596
0.000362748
0.00048118
0.000569705
0.000617194
0.000608033
0.00052126
0.00032714
9.15449e-05
1.31282e-05
0.000106694
0.000218296
0.000364094
0.00048573
0.000578882
0.000632577
0.000631471
0.000554894
0.000374054
0.000124264
1.53711e-05
0.000108396
0.000217805
0.000365363
0.00048996
0.000587479
0.000647099
0.000653729
0.000587039
0.000419621
0.000160881
1.94021e-05
0.000104538
0.000217331
0.000366365
0.000493842
0.000595544
0.000660844
0.000674947
0.000617915
0.000463514
0.000201259
2.64758e-05
0.000100303
0.000217089
0.000367192
0.000497421
0.000603162
0.000673921
0.000695193
0.00064744
0.000505192
0.0002445
3.77533e-05
0.000102734
0.000216549
0.000368116
0.000500846
0.000610387
0.000686369
0.000714538
0.000675707
0.000544824
0.000290203
5.43676e-05
9.67876e-05
0.00021623
0.000368734
0.000503987
0.000617232
0.000698243
0.00073302
0.000702693
0.000582438
0.000337244
7.63252e-05
0.000100243
0.000215657
0.000369492
0.000506998
0.000623733
0.000709553
0.000750664
0.000728472
0.000618347
0.000384824
0.000102766
0.000102103
0.000214888
0.000370229
0.000509896
0.000629938
0.000720337
0.000767508
0.000753116
0.000652758
0.000431997
0.000132723
0.000101474
0.000214258
0.000370829
0.000512646
0.000635888
0.000730665
0.000783617
0.000776683
0.000685773
0.000477953
0.000165563
9.91351e-05
0.00021386
0.000371212
0.000515095
0.000641452
0.000740472
0.00079901
0.000799297
0.000717616
0.000522403
0.000201528
9.68447e-05
0.000213578
0.000371609
0.000517415
0.000646745
0.000749844
0.000813764
0.000821024
0.000748285
0.00056494
0.000240193
9.13331e-05
0.000213585
0.000371791
0.000519494
0.000651741
0.000758809
0.000827931
0.00084189
0.000777696
0.000605246
0.000280967
9.43386e-05
0.000213192
0.000372154
0.000521455
0.000656411
0.000767295
0.000841465
0.000861923
0.000805966
0.00064365
0.000323724
9.14021e-05
0.00021294
0.000372228
0.000523074
0.000660586
0.000775142
0.000854268
0.000881174
0.000833383
0.000680906
0.000368921
8.71899e-05
0.000213001
0.000372242
0.000524561
0.000664514
0.000782587
0.000866498
0.000899682
0.000859854
0.000716916
0.00041564
8.90809e-05
0.000212682
0.000372566
0.000526205
0.000668436
0.000789834
0.000878302
0.000917499
0.000885338
0.000751663
0.000463044
8.44865e-05
0.000212539
0.000372562
0.000527633
0.000672138
0.000796767
0.000889635
0.000934652
0.000909958
0.000785501
0.000511028
3.87334e-06
0.000145984
0.000277385
0.000457757
0.00069526
0.000997905
0.00135954
0.00175646
0.00215511
0.0025233
0.00283413
3.56089e-06
0.000138624
0.000267585
0.000448366
0.000693096
0.00101318
0.0014063
0.00185093
0.00231192
0.00275441
0.00315023
2.96722e-06
0.000128786
0.000254585
0.000434483
0.000683093
0.00101466
0.00143167
0.0019179
0.00244264
0.00297138
0.0034744
2.46288e-06
0.000120813
0.000243933
0.000422694
0.00067313
0.00101141
0.00144517
0.00196608
0.00255092
0.00316727
0.00378868
1.97641e-06
0.000114769
0.000237985
0.000416618
0.000667517
0.00100757
0.00144828
0.00198968
0.0026185
0.0033075
0.00402688
7.73726e-05
0.000211883
0.000372442
0.000531608
0.00068269
0.000816511
0.000921698
0.000982899
0.000979126
0.00088154
0.000650621
7.90128e-05
0.000211409
0.000372453
0.000532726
0.00068582
0.000822549
0.000931651
0.000997982
0.00100087
0.000912057
0.000694692
7.93751e-05
0.000210742
0.000372491
0.000533939
0.000689001
0.000828539
0.000941414
0.00101268
0.00102198
0.000941622
0.000736796
7.81631e-05
0.000210184
0.000372217
0.000534852
0.000691867
0.000834167
0.000950752
0.00102689
0.00104253
0.000970565
0.000777945
7.63541e-05
0.000209757
0.000371964
0.00053576
0.000694704
0.000839705
0.000959891
0.00104074
0.00106251
0.000998548
0.000816021
7.46984e-05
0.000209315
0.000371641
0.000536596
0.000697477
0.000845163
0.000968869
0.00105426
0.00108187
0.00102547
0.000853094
7.30232e-05
0.000208899
0.000371086
0.00053704
0.000699744
0.00085005
0.000977246
0.00106717
0.00110062
0.00105177
0.000888909
7.29491e-05
0.000208346
0.000370794
0.000537655
0.000702068
0.000854873
0.00098543
0.00107972
0.00111877
0.00107703
0.000922463
7.26815e-05
0.000207649
0.000370421
0.000538214
0.000704297
0.000859522
0.000993328
0.00109184
0.00113629
0.00110138
0.000954711
7.03978e-05
0.000207088
0.000369866
0.000538628
0.000706378
0.000863966
0.00100092
0.00110352
0.00115319
0.00112483
0.000985677
6.73765e-05
0.000206657
0.000369224
0.000538977
0.000708425
0.000868364
0.00100838
0.0011149
0.00116952
0.00114731
0.00101504
6.63957e-05
0.000206063
0.000368434
0.000538998
0.00071004
0.000872276
0.00101531
0.00112569
0.00118518
0.00116898
0.00104356
6.51678e-05
0.000205417
0.000367656
0.000538959
0.000711487
0.000875915
0.00102188
0.00113603
0.00120029
0.00118997
0.00107042
6.3955e-05
0.000204669
0.000366732
0.000538777
0.000712766
0.000879335
0.00102816
0.00114598
0.00121486
0.00121017
0.001097
6.25385e-05
0.000203873
0.000365523
0.000538209
0.000713553
0.000882171
0.00103379
0.00115528
0.00122891
0.0012302
0.00112389
0.000155446
0.000210446
0.000260676
0.000249469
0.000166136
3.94194e-05
9.66384e-06
1.01979e-05
1.03089e-05
8.86666e-06
7.35016e-06
0.000158837
0.000206015
0.000246194
0.000222995
0.000125991
2.05612e-05
8.82655e-06
9.95187e-06
1.00007e-05
8.68896e-06
7.31211e-06
6.10818e-05
0.000203015
0.000364412
0.000537875
0.000714691
0.000885403
0.00103977
0.00116479
0.00124284
0.00124946
0.00114795
5.98066e-05
0.00020209
0.000363068
0.000537324
0.000715702
0.000888592
0.00104573
0.0011742
0.00125652
0.00126818
0.00117206
5.84328e-05
0.000201268
0.000361744
0.000536668
0.000716536
0.000891587
0.0010515
0.0011834
0.00126991
0.00128655
0.00119614
5.68148e-05
0.000200482
0.000360682
0.000536302
0.00071763
0.0008948
0.00105744
0.00119271
0.00128333
0.00130492
0.00122049
5.50562e-05
0.000199488
0.000359854
0.000536377
0.000719297
0.000898619
0.00106392
0.00120243
0.00129695
0.00132323
0.0012444
5.28011e-05
0.000198382
0.000358728
0.000536302
0.000720959
0.000902536
0.00107057
0.00121235
0.00131084
0.00134197
0.00126894
5.01962e-05
0.000197031
0.000357519
0.000536474
0.000723227
0.000907329
0.00107824
0.00122331
0.00132569
0.00136156
0.00129424
4.73559e-05
0.000195468
0.000355433
0.000535939
0.000725175
0.000912246
0.00108644
0.00123513
0.00134165
0.00138248
0.00132137
4.42858e-05
0.000193954
0.000352854
0.000534835
0.000726767
0.000917194
0.00109512
0.00124787
0.00135889
0.00140491
0.00135015
4.10119e-05
0.000192306
0.00035029
0.00053379
0.000728664
0.000922848
0.00110496
0.00126222
0.0013781
0.00142965
0.00138179
3.74677e-05
0.000190624
0.000347541
0.000532636
0.000730725
0.000929109
0.00111594
0.0012782
0.00139929
0.00145622
0.00141354
3.33032e-05
0.000188953
0.000344693
0.000531339
0.000732761
0.000935659
0.00112768
0.00129553
0.00142247
0.00148554
0.00145016
2.88375e-05
0.000187053
0.000342268
0.000530825
0.000735974
0.000943825
0.00114149
0.00131542
0.00144872
0.00151855
0.00149142
2.39892e-05
0.000184788
0.00033928
0.000529961
0.000739293
0.000952708
0.00115672
0.00133751
0.00147809
0.00155566
0.0015376
1.9319e-05
0.000182142
0.0003358
0.000528573
0.00074242
0.000962005
0.00117311
0.0013616
0.00151031
0.00159625
0.00158692
1.47715e-05
0.000179249
0.000331836
0.000526428
0.000744818
0.000970979
0.0011899
0.00138707
0.00154515
0.00164108
0.00164307
1.33769e-05
0.000175347
0.00032669
0.000523189
0.000746296
0.000979431
0.00120674
0.00141326
0.00158126
0.0016869
0.00169676
8.76518e-06
0.000174614
0.000323961
0.000519694
0.000745899
0.000985439
0.00122138
0.00143825
0.00161829
0.00173845
0.00177073
7.50822e-06
0.000172597
0.000320136
0.000515787
0.000744866
0.000990528
0.00123518
0.00146287
0.00165547
0.00178898
0.00183045
1.0727e-05
0.000164679
0.000313086
0.000510458
0.000742226
0.000993255
0.00124606
0.00148437
0.0016898
0.00183782
0.00189593
1.00506e-05
0.000161205
0.000309358
0.000506482
0.000739624
0.000994998
0.00125518
0.00150368
0.00172217
0.00188641
0.00196579
8.99071e-06
0.000159125
0.0003067
0.000503033
0.000736576
0.0009953
0.00126229
0.00152098
0.00175323
0.00193519
0.00203655
5.14385e-06
0.000161724
0.000306647
0.000499665
0.000732187
0.000993413
0.00126659
0.00153483
0.00177986
0.00197731
0.0020948
4.84745e-06
0.000160219
0.000303559
0.000493488
0.000723505
0.000985295
0.00126343
0.00154118
0.0018007
0.00201963
0.00217211
4.69441e-06
0.000158227
0.000299946
0.000486546
0.000713613
0.000975273
0.00125735
0.00154302
0.00181436
0.00204854
0.00221344
6.20639e-06
0.000153189
0.000293431
0.000476999
0.00070012
0.000959717
0.00124366
0.00153551
0.00181837
0.00207308
0.00227931
6.6299e-06
0.000151398
0.000289491
0.000469712
0.000689564
0.000947873
0.00123352
0.00152908
0.00181619
0.00207377
0.00227218
4.38819e-06
0.000152793
0.000287095
0.000463498
0.000681971
0.000942316
0.00123348
0.00153544
0.00182645
0.00208198
0.00227334
8.05098e-06
0.000146996
0.000281806
0.000460103
0.000682851
0.00095243
0.00125853
0.00157858
0.00188722
0.00215699
0.00235982
7.03737e-06
0.000146329
0.000279403
0.00045847
0.000686661
0.000968904
0.00129678
0.00164697
0.00199012
0.00229634
0.00253629
0.000152061
0.000227674
0.000315107
0.000350271
0.000325852
0.000227185
7.13824e-05
1.37219e-05
1.17518e-05
9.89448e-06
7.59491e-06
0.000148114
0.000224643
0.000305782
0.0003331
0.000298904
0.000187772
4.41734e-05
1.19697e-05
1.14982e-05
9.67377e-06
7.53562e-06
0.000148981
0.000221507
0.00029574
0.000314668
0.00026999
0.000147319
2.61758e-05
1.11221e-05
1.12225e-05
9.45948e-06
7.4845e-06
0.000144601
0.000217483
0.000284791
0.000294769
0.000238511
0.000107149
1.63709e-05
1.06953e-05
1.0928e-05
9.25154e-06
7.43508e-06
0.000148354
0.000213946
0.000273345
0.000273228
0.000203899
6.96106e-05
1.16983e-05
1.04324e-05
1.06206e-05
9.05331e-06
7.39074e-06
0.000160719
0.000200476
0.000229554
0.000193228
8.53831e-05
1.15179e-05
8.49973e-06
9.68976e-06
9.69799e-06
8.51713e-06
7.27587e-06
1.4796e-06
0.000110008
0.000234877
0.000413412
0.000662575
0.00100006
0.00144081
0.00199299
0.00265513
0.00341019
0.00423377
8.25184e-06
0.000113994
0.000257555
0.000454771
0.000723968
0.0010818
0.00154496
0.0021265
0.00283025
0.00363973
0.00451548
1.1428e-05
5.13905e-05
0.000177422
0.000245869
0.00035503
0.000520388
0.000745126
0.00103606
0.00140464
0.0018685
0.00246487
1.64382e-06
0.000118945
0.000243867
0.000334038
0.000431746
0.000555391
0.000701194
0.000861364
0.00102932
0.00119828
0.00135425
9.84564e-06
0.000159771
0.000311149
0.00050726
0.000731281
0.000968603
0.00120691
0.0014361
0.00164448
0.00181486
0.00191741
4.2363e-05
0.000162128
0.000324042
0.000508962
0.000711724
0.00092439
0.00114007
0.00135095
0.00154601
0.00170872
0.00181268
7.22938e-05
0.000161435
0.000327514
0.000512463
0.000717325
0.000933088
0.00115141
0.00136312
0.00155575
0.00171074
0.00179806
8.76114e-05
0.000164543
0.000335407
0.000521441
0.000726263
0.000940799
0.00115664
0.00136438
0.00155109
0.0016974
0.00177156
9.84742e-05
0.000167232
0.000339657
0.00052553
0.000729862
0.000943528
0.00115789
0.00136319
0.00154603
0.00168609
0.00174948
0.000104491
0.000170251
0.000344473
0.00053079
0.000734951
0.000947694
0.00116025
0.00136271
0.0015415
0.00167601
0.00172993
0.000109159
0.000173129
0.000348357
0.000534785
0.000738384
0.000949886
0.00116044
0.00135996
0.00153482
0.00166499
0.00171847
0.000112231
0.00017607
0.000352262
0.000538825
0.000741881
0.000952157
0.0011607
0.00135714
0.00152736
0.00165063
0.0016938
0.000114922
0.00017915
0.000355756
0.00054228
0.000744725
0.000953865
0.00116063
0.00135436
0.00152047
0.00163753
0.00167158
0.00011639
0.000181656
0.000358682
0.000545378
0.0007475
0.000955792
0.00116102
0.00135225
0.00151446
0.00162534
0.00164869
0.000117576
0.000183686
0.000361454
0.000548588
0.000750589
0.00095812
0.00116183
0.00135061
0.0015092
0.00161484
0.00162962
0.000117943
0.00018595
0.000364602
0.000552041
0.000753725
0.000960282
0.00116231
0.00134857
0.00150362
0.00160465
0.00161369
0.000118167
0.000188291
0.000367076
0.000554507
0.000755595
0.000961056
0.00116142
0.00134524
0.00149679
0.00159319
0.00159925
0.00011835
0.000190405
0.000369412
0.000557027
0.000757831
0.000962473
0.00116135
0.00134279
0.00149067
0.00158102
0.00157477
0.00011823
0.000192452
0.000372016
0.000559918
0.000760483
0.000964273
0.00116161
0.00134074
0.00148539
0.00157146
0.00155913
0.000117255
0.000194491
0.000374288
0.00056232
0.000762436
0.000965192
0.00116086
0.00133756
0.00147889
0.00156079
0.00154452
0.000116467
0.000196425
0.000376464
0.000564663
0.000764374
0.000966144
0.00116018
0.00133443
0.00147226
0.00154919
0.00152561
0.000115896
0.000198301
0.000378771
0.000567095
0.000766377
0.000967152
0.00115956
0.00133139
0.00146578
0.00153794
0.00150769
0.000115816
0.000200155
0.000380822
0.000569229
0.000768083
0.000967897
0.00115871
0.00132816
0.00145914
0.00152655
0.0014894
0.000114794
0.000201983
0.000382936
0.000571555
0.000770105
0.000969022
0.00115824
0.00132523
0.00145271
0.00151536
0.00147184
0.000113182
0.000203826
0.000385029
0.000573832
0.000772025
0.000969998
0.0011576
0.00132212
0.00144605
0.00150393
0.00145433
0.000112397
0.000205559
0.000386879
0.000575787
0.000773567
0.000970579
0.00115657
0.00131864
0.00143903
0.00149211
0.00143739
0.000110913
0.000207306
0.00038885
0.000577936
0.000775372
0.000971463
0.00115585
0.00131547
0.00143222
0.00147988
0.00141658
0.000109215
0.000209119
0.000390674
0.000579807
0.000776774
0.000971867
0.00115464
0.00131185
0.00142522
0.00146846
0.00140013
0.000107019
0.000210877
0.000392216
0.00058141
0.000777963
0.00097209
0.00115322
0.00130792
0.00141771
0.00145607
0.0013815
0.000105392
0.000212447
0.000393767
0.000583149
0.000779359
0.000972502
0.00115189
0.00130396
0.00141003
0.00144339
0.00136252
0.000103019
0.000214054
0.000395614
0.000585125
0.000780846
0.000972842
0.00115036
0.00129966
0.00140189
0.00143019
0.00134316
0.000101809
0.000215649
0.000397028
0.000586391
0.000781411
0.000972153
0.00114776
0.00129435
0.00139282
0.00141624
0.00132351
0.000100459
0.000217057
0.000398311
0.000587689
0.000782175
0.000971735
0.00114539
0.00128905
0.00138344
0.0014014
0.00130237
0.000100006
0.000218397
0.000400112
0.000589544
0.000783454
0.000971692
0.00114318
0.00128369
0.00137375
0.00138607
0.00128058
9.71303e-05
0.00021989
0.000401507
0.000590809
0.000783886
0.000970594
0.0011398
0.00127714
0.00136297
0.00136988
0.00125796
9.6795e-05
0.000221248
0.000402958
0.000591967
0.0007841
0.000969188
0.00113601
0.00127006
0.00135146
0.00135268
0.00123417
9.42408e-05
0.000222769
0.000404151
0.000592846
0.000783991
0.000967398
0.00113175
0.00126238
0.00133922
0.0013346
0.00120927
9.27403e-05
0.00022414
0.000405212
0.000593538
0.00078364
0.000965281
0.00112704
0.00125408
0.00132616
0.00131548
0.00118319
9.12095e-05
0.00022534
0.000406208
0.00059419
0.000783203
0.000962967
0.00112197
0.00124523
0.00131231
0.00129529
0.0011561
9.11388e-05
0.000226404
0.000407396
0.000594903
0.000782661
0.000960372
0.00111645
0.00123573
0.0012976
0.00127397
0.00112741
9.15502e-05
0.000227462
0.000408297
0.000595146
0.000781491
0.000957022
0.00111006
0.00122529
0.0012819
0.00125165
0.00109713
9.11756e-05
0.000228439
0.000409114
0.000595363
0.000780294
0.000953564
0.0011034
0.00121432
0.00126533
0.00122801
0.00106638
9.18396e-05
0.000229302
0.000410209
0.000595797
0.000779185
0.000950018
0.00109644
0.00120281
0.00124791
0.00120305
0.00103195
9.21523e-05
0.000230226
0.000411202
0.000595935
0.000777586
0.000945822
0.0010887
0.00119043
0.00122955
0.00117714
0.000997076
9.27367e-05
0.000231152
0.000412005
0.000595776
0.00077561
0.000941176
0.00108042
0.00117737
0.0012103
0.00115002
0.000960276
9.33879e-05
0.000232017
0.000412653
0.000595428
0.000773394
0.000936204
0.00107168
0.00116367
0.0011902
0.00112174
0.000922164
9.40643e-05
0.000232825
0.000413302
0.000595045
0.000771069
0.000931006
0.00106257
0.00114939
0.00116926
0.00109221
0.00088178
9.49226e-05
0.000233612
0.00041383
0.000594422
0.000768374
0.000925317
0.00105284
0.0011344
0.00114751
0.00106176
0.000839209
9.59746e-05
0.000234366
0.000414244
0.000593607
0.000765403
0.000919248
0.00104261
0.00111875
0.00112493
0.00103031
0.00079535
9.6929e-05
0.000235088
0.000414634
0.000592739
0.00076231
0.000912941
0.00103198
0.00110249
0.00110151
0.000997716
0.000749219
9.79449e-05
0.000235779
0.00041507
0.000591846
0.000759075
0.000906343
0.00102088
0.00108558
0.00107724
0.000964145
0.000701452
9.90084e-05
0.000236455
0.00041548
0.000590809
0.000755564
0.000899332
0.00100922
0.00106795
0.00105212
0.000929692
0.000652372
0.000100409
0.000237093
0.0004158
0.00058957
0.000751739
0.000891887
0.000996988
0.00104958
0.00102611
0.000894331
0.000602199
0.000102525
0.000237733
0.000416063
0.000588171
0.000747655
0.000884051
0.000984193
0.00103046
0.000999172
0.000858016
0.000551289
0.000102444
0.000238478
0.000416103
0.000586516
0.000743231
0.000875749
0.000970774
0.00101054
0.000971289
0.000820734
0.000500097
0.000103254
0.000239113
0.000416041
0.000584658
0.000738466
0.000866946
0.000956691
0.000989811
0.00094245
0.000782474
0.000449197
0.000105064
0.000239617
0.000415938
0.000582644
0.000733396
0.000857669
0.000941954
0.000968242
0.000912583
0.000742982
0.000399203
0.000107818
0.000240017
0.000415829
0.000580501
0.000728038
0.000847929
0.000926576
0.000945845
0.000881651
0.000702015
0.000350402
0.000112057
0.000240358
0.000415744
0.000578226
0.000722376
0.000837712
0.000910553
0.000922633
0.000849676
0.000659428
0.000303384
0.000115687
0.000240749
0.000415532
0.000575661
0.000716265
0.000826911
0.000893844
0.000898641
0.000816765
0.000615259
0.000258855
0.000120365
0.000241217
0.000415184
0.000572763
0.000709674
0.000815532
0.000876473
0.000873886
0.000782923
0.000569394
0.000217076
0.000122987
0.000241861
0.000414553
0.000569453
0.000702598
0.000803606
0.000858475
0.000848375
0.000748159
0.00052192
0.000178294
0.000125312
0.000242477
0.0004136
0.000565783
0.000695137
0.000791235
0.0008399
0.000822086
0.000712416
0.000473034
0.00014253
0.000127351
0.000243061
0.000412679
0.000562137
0.000687637
0.000778656
0.000820833
0.00079492
0.000675413
0.000422839
0.000109462
0.000127689
0.000243655
0.000411591
0.000558261
0.00067982
0.000765639
0.00080118
0.000767015
0.0006376
0.000372994
8.05303e-05
0.000127057
0.000244074
0.000410211
0.000554052
0.000671589
0.000752106
0.000780899
0.000738355
0.000598909
0.000324395
5.65832e-05
0.000129627
0.000244286
0.000408898
0.000549791
0.000663155
0.000738185
0.000759998
0.000708772
0.000558815
0.000277286
3.80466e-05
0.0001322
0.000244441
0.000407394
0.000545218
0.000654291
0.000723724
0.000738453
0.000678428
0.000517567
0.000233035
2.55288e-05
0.000135157
0.000244547
0.000405683
0.000540322
0.000644992
0.000708711
0.000716237
0.000647276
0.000474974
0.000191964
1.77273e-05
0.000137586
0.000244616
0.000403774
0.000535124
0.000635269
0.000693133
0.000693311
0.000615292
0.000431063
0.00015434
1.3156e-05
0.00013942
0.000244616
0.000401663
0.000529601
0.000625076
0.000676934
0.000669626
0.000582482
0.000386177
0.000120422
1.05875e-05
0.000141777
0.000244567
0.00039936
0.000523729
0.000614377
0.000660068
0.000645114
0.000548765
0.000340822
9.04972e-05
9.19616e-06
0.000143816
0.000244493
0.000396813
0.00051747
0.000603146
0.000642506
0.000619708
0.000513993
0.000295709
6.52656e-05
8.49078e-06
0.000145009
0.000244378
0.000394024
0.000510847
0.000591408
0.000624246
0.000593345
0.000477928
0.000251611
4.55494e-05
8.1795e-06
0.000145017
0.000244196
0.000391022
0.000503881
0.000579171
0.000605283
0.000565997
0.000440369
0.00020939
3.16485e-05
8.08891e-06
0.000145134
0.000243974
0.00038777
0.000496523
0.000566395
0.000585596
0.000537682
0.000401249
0.000169881
2.27894e-05
8.10377e-06
0.000143767
0.000243612
0.000384188
0.000488746
0.000553048
0.00056514
0.000508386
0.000360587
0.000133596
1.75037e-05
8.15435e-06
0.00014086
0.00024297
0.000380395
0.000480606
0.000539101
0.000543832
0.00047804
0.000318599
0.000100951
1.44662e-05
8.2029e-06
0.000144878
0.000242341
0.000376495
0.000472042
0.000524454
0.000521566
0.000446554
0.000275897
7.28453e-05
1.27844e-05
8.22755e-06
0.00014702
0.000241644
0.000372172
0.000462895
0.000509021
0.000498244
0.000413754
0.000233337
5.05104e-05
1.18846e-05
8.22079e-06
0.000144862
0.000240619
0.000367471
0.00045322
0.000492793
0.000473798
0.000379409
0.000191926
3.46916e-05
1.14167e-05
8.18392e-06
0.000148811
0.000239658
0.000362632
0.000443047
0.000475721
0.000448151
0.000343211
0.000152454
2.46044e-05
1.11666e-05
8.12486e-06
0.000151144
0.000238595
0.000357354
0.000432181
0.000457725
0.000421315
0.000305145
0.000115873
1.87369e-05
1.10075e-05
8.05186e-06
0.000152642
0.00023741
0.000351589
0.00042059
0.000438774
0.000393281
0.000265419
8.32065e-05
1.54829e-05
1.08679e-05
7.97084e-06
0.000151184
0.000235897
0.000345252
0.000408232
0.000418782
0.000363913
0.000224597
5.61519e-05
1.37385e-05
1.07142e-05
7.8882e-06
0.000148339
0.000234002
0.000338406
0.000395113
0.000397634
0.000332951
0.000183608
3.64766e-05
1.28193e-05
1.05341e-05
7.80701e-06
0.000145728
0.000231863
0.000331218
0.000381209
0.000375162
0.00029997
0.000143453
2.41028e-05
1.232e-05
1.03328e-05
7.7296e-06
0.000151165
0.000230036
0.000323608
0.000366323
0.000351258
0.000264753
0.00010551
1.7276e-05
1.20043e-05
1.01166e-05
7.65997e-06
0.000156681
0.000192884
0.000210332
0.000159734
4.89613e-05
7.87084e-06
8.34023e-06
9.41326e-06
9.40255e-06
8.35341e-06
7.2421e-06
0.000151131
0.000183734
0.000188635
0.000122677
2.37294e-05
6.52264e-06
8.20594e-06
9.13483e-06
9.11338e-06
8.1966e-06
7.21157e-06
0.000145125
0.000172967
0.000164154
8.33664e-05
1.14636e-05
6.10762e-06
8.08229e-06
8.85292e-06
8.82901e-06
8.04409e-06
7.18098e-06
0.000141312
0.00016088
0.00013623
4.63492e-05
6.88042e-06
6.16616e-06
7.95436e-06
8.5678e-06
8.54766e-06
7.89379e-06
7.15187e-06
0.000142773
0.000147417
0.000103795
2.04812e-05
5.47415e-06
6.31112e-06
7.80731e-06
8.27892e-06
8.26715e-06
7.74118e-06
7.11479e-06
0.000140261
0.000131356
6.71983e-05
8.91628e-06
5.41925e-06
6.47812e-06
7.63471e-06
7.98407e-06
7.98787e-06
7.58852e-06
7.08023e-06
0.000148469
0.000115169
3.26169e-05
5.29555e-06
5.69511e-06
6.61088e-06
7.43877e-06
7.68306e-06
7.70198e-06
7.42395e-06
7.02962e-06
0.00019324
8.58164e-05
1.03126e-05
5.1309e-06
6.09333e-06
6.69529e-06
7.2172e-06
7.37022e-06
7.40064e-06
7.23757e-06
6.94988e-06
0.000103608
7.68544e-06
3.47601e-06
5.82525e-06
6.52184e-06
6.77394e-06
6.98935e-06
7.04577e-06
7.0651e-06
7.01601e-06
6.88428e-06
3.30061e-05
3.38672e-06
5.04523e-06
6.51208e-06
6.97485e-06
6.88414e-06
6.83152e-06
6.77239e-06
6.72409e-06
6.68939e-06
6.6706e-06
6.07805e-06
6.12763e-06
6.10729e-06
6.47191e-06
6.09962e-06
6.31419e-06
6.10505e-06
6.10001e-06
6.06776e-06
6.33461e-06
6.07011e-06
5.97525e-06
6.07046e-06
6.20473e-06
6.08389e-06
6.08382e-06
0.00141118
6.7067e-06
6.20721e-06
0.0111723
6.09056e-06
6.07456e-06
6.0724e-06
6.13984e-06
6.11821e-06
6.07154e-06
6.3665e-06
6.08933e-06
6.08212e-06
6.23332e-06
6.07149e-06
3.1804e-08
6.06996e-06
6.68989e-05
6.08949e-06
0.00178311
6.07002e-06
6.07459e-06
1.3891e-06
6.10585e-06
6.18196e-06
6.1034e-06
6.07066e-06
6.13474e-06
6.58853e-06
6.08165e-06
6.11595e-06
5.96752e-06
6.07773e-06
6.07221e-06
6.13623e-06
6.1159e-06
2.24622e-06
6.11538e-06
6.13506e-06
6.07341e-06
0.000582805
6.08881e-06
6.07463e-06
6.08583e-06
6.30938e-06
0.00924372
7.77276e-06
6.20917e-06
0.00598023
6.15547e-06
0.000640332
6.15669e-06
1.83651e-06
6.08368e-06
6.0858e-06
6.13965e-06
0.000463762
0.0110216
6.30856e-06
6.06955e-06
6.08768e-06
5.59565e-06
6.07995e-06
6.16323e-06
6.10248e-06
6.1017e-06
6.07115e-06
6.09862e-06
1.46081e-11
6.61505e-06
6.12729e-06
6.08265e-06
6.07312e-06
6.06929e-06
6.08038e-06
6.0805e-06
6.11255e-06
6.0939e-06
6.07179e-06
6.0687e-06
6.14324e-06
6.08651e-06
6.06773e-06
6.15373e-06
1.15934e-05
6.07336e-06
0.00249974
1.15404e-06
7.64016e-06
0.00452775
6.10475e-06
6.15168e-06
6.09041e-06
6.10112e-06
6.08566e-06
0.000507282
6.13625e-06
6.10768e-06
6.10615e-06
6.13514e-06
6.0855e-06
0.00566545
6.10156e-06
0.00891779
6.07013e-06
6.08489e-06
1.76667e-07
6.14523e-06
6.08325e-06
6.28387e-06
6.08696e-06
6.08712e-06
6.07721e-06
6.07385e-06
0.000786966
2.06358e-09
0.00148502
0.00405501
6.30784e-06
6.11518e-06
6.11974e-06
6.09899e-06
0.0106581
6.08114e-06
6.09037e-06
6.08234e-06
0.00983717
6.07215e-06
6.08405e-06
6.0858e-06
6.13803e-06
6.09791e-06
6.13672e-06
6.10776e-06
6.08983e-06
6.07958e-06
6.07974e-06
6.08507e-06
6.08234e-06
6.07423e-06
6.26955e-06
6.07958e-06
6.07103e-06
6.10263e-06
6.08316e-06
6.08443e-06
6.08876e-06
6.19307e-06
0.00176126
6.14504e-06
6.07476e-06
6.84335e-11
6.10747e-06
6.06995e-06
6.22157e-06
6.10005e-06
6.09445e-06
6.09572e-06
6.06766e-06
6.1015e-06
6.07879e-06
6.1031e-06
6.12987e-06
6.20558e-06
6.07624e-06
6.0723e-06
6.32446e-06
6.08684e-06
6.08633e-06
6.0429e-06
6.07659e-06
0.00427605
0.00227674
6.0997e-06
6.07123e-06
6.07147e-06
0.00032894
6.08799e-06
6.21364e-06
6.07549e-06
6.10346e-06
8.32338e-08
6.10093e-06
6.08648e-06
6.08666e-06
6.24259e-06
6.08018e-06
6.14696e-06
6.09122e-06
6.08561e-06
6.13736e-06
6.07212e-06
6.10611e-06
6.07011e-06
6.10415e-06
6.07769e-06
6.08946e-06
6.18419e-06
0.00352685
0.00160555
6.07006e-06
6.21686e-06
6.08112e-06
6.07881e-06
6.09073e-06
0.0038703
6.08203e-06
6.268e-06
6.07881e-06
6.08893e-06
6.06852e-06
5.90035e-06
0.0152026
6.06847e-06
6.11357e-06
6.07163e-06
6.09677e-06
6.09086e-06
6.08285e-06
0.0147583
6.07345e-06
9.15799e-13
0.00506567
6.11639e-06
6.09451e-06
6.14444e-06
6.07453e-06
6.10466e-06
0.0143052
6.09083e-06
6.44436e-06
6.20743e-06
6.15411e-06
6.10294e-06
6.07111e-06
6.13699e-06
0.010422
0.000263258
6.13095e-06
6.09034e-06
6.06984e-06
6.35014e-06
6.02995e-06
0.0147242
6.07436e-06
6.07057e-06
6.23844e-06
6.06779e-06
6.07282e-06
6.086e-06
0.0022626
6.07496e-06
6.16066e-06
0.00066473
6.09074e-06
6.08813e-06
6.1331e-06
6.07287e-06
6.07554e-06
0.00552264
6.07197e-06
6.13694e-06
6.08043e-06
6.25042e-06
6.09096e-06
6.38448e-06
6.09664e-06
6.15843e-06
6.08857e-06
5.75e-06
6.13922e-06
6.12807e-06
6.12523e-06
6.2622e-06
6.11805e-06
0.00145872
6.21138e-06
6.06999e-06
6.07276e-06
6.13716e-06
6.02804e-06
6.07353e-06
6.37656e-06
6.12451e-06
6.09443e-06
6.19866e-06
6.22302e-06
6.26818e-06
0.00639477
0.009915
6.07174e-06
6.1998e-06
6.11354e-06
6.18579e-06
6.07158e-06
0.0016692
6.09909e-06
6.07737e-06
6.09436e-06
6.15997e-06
6.18758e-06
5.42256e-06
6.06933e-06
6.21569e-06
6.07394e-06
6.07021e-06
0.00206699
6.19185e-06
6.07832e-06
6.10348e-06
6.07866e-06
0.00367663
6.20504e-06
0.000105547
6.08586e-06
0.00743738
6.06992e-06
6.10231e-06
6.13642e-06
6.1233e-06
6.21519e-06
0.000473347
6.15352e-06
8.57097e-06
6.14538e-06
6.07519e-06
6.09936e-06
3.3921e-15
6.11375e-06
6.06943e-06
0.00791676
6.08869e-06
6.20532e-06
6.12361e-06
6.13386e-06
6.13454e-06
6.49717e-06
6.14999e-06
6.23173e-06
1.63462e-08
6.09235e-06
6.08805e-06
6.09798e-06
0.00137597
6.07517e-06
6.21213e-06
6.08055e-06
5.92825e-06
5.86417e-06
6.00764e-06
6.07411e-06
6.07084e-06
6.56687e-06
6.07251e-06
6.16773e-06
6.08382e-06
6.08924e-06
6.07122e-06
6.07832e-06
6.08914e-06
6.20352e-06
0.00468922
0.00446315
6.08882e-06
6.1029e-06
6.18919e-06
6.07222e-06
6.12661e-06
4.90816e-06
6.06817e-06
5.96096e-06
6.07017e-06
6.07947e-06
6.12771e-06
6.06948e-06
6.09437e-06
6.19792e-06
6.08174e-06
6.23768e-06
6.08357e-06
6.45357e-06
6.07365e-06
6.12601e-06
5.77783e-06
6.0891e-06
6.07183e-06
6.07181e-06
6.25675e-06
6.11328e-06
6.10357e-06
6.0828e-06
6.07095e-06
6.07527e-06
6.07195e-06
6.11429e-06
6.07116e-06
8.02019e-06
6.10437e-06
0.000679175
6.10067e-06
6.13629e-06
6.07685e-06
6.06793e-06
2.40955e-05
6.08367e-06
6.08158e-06
6.08671e-06
6.08283e-06
6.10792e-06
0.00548361
6.08256e-06
6.12972e-06
6.28352e-06
6.32148e-06
6.1374e-06
0.00183849
6.11021e-06
6.06993e-06
6.08253e-06
0.00693092
6.26536e-06
6.08405e-06
6.09207e-06
1.4134e-06
6.07016e-06
6.13846e-06
6.07518e-06
6.10964e-06
6.1209e-06
6.10601e-06
6.07088e-06
6.06945e-06
6.26857e-06
0.000818766
6.08198e-06
6.51032e-06
0.0072882
6.06893e-06
6.07682e-06
7.31555e-06
6.08896e-06
6.07701e-06
6.06958e-06
0.000838425
6.06878e-06
6.07499e-06
6.08005e-06
0.0143278
0.00161021
6.08922e-06
6.0782e-06
6.07731e-06
6.10446e-06
6.08314e-06
0.0139056
6.10454e-06
6.08706e-06
6.06909e-06
6.1101e-06
6.06837e-06
6.21364e-06
6.10805e-06
1.02915e-05
6.18831e-06
6.06764e-06
6.07029e-06
6.15384e-06
6.08395e-06
0.00563881
6.12995e-06
6.06905e-06
6.068e-06
6.07614e-06
6.07307e-06
6.13251e-06
6.07562e-06
6.06151e-06
3.09214e-06
6.10157e-06
6.06877e-06
6.11787e-06
6.07418e-06
6.15888e-06
6.08091e-06
6.08509e-06
6.07005e-06
0.00572494
5.29337e-06
6.10044e-06
6.08761e-06
6.07363e-06
6.10367e-06
6.07328e-06
4.76012e-07
6.08564e-06
0.000989017
6.09855e-06
6.10525e-06
2.22476e-08
0.00674874
6.09214e-06
6.08678e-06
6.06865e-06
6.11511e-06
0.0139789
6.1387e-06
6.07642e-06
1.02207e-05
6.14194e-06
6.23397e-06
0.00335167
0.00051404
6.08034e-06
6.08463e-06
6.13373e-06
6.07776e-06
6.21032e-06
7.65595e-07
6.09062e-06
6.26315e-06
6.09198e-06
6.09062e-06
6.43289e-06
8.96647e-06
6.07195e-06
6.12322e-06
5.79667e-06
5.64464e-06
6.10704e-06
6.07646e-06
6.07378e-06
6.07574e-06
6.08642e-06
6.07617e-06
6.12499e-06
6.091e-06
6.10716e-06
6.13072e-06
6.30262e-06
6.10719e-06
0.00123707
0.00937072
0.00637807
6.07227e-06
0.000395621
6.08532e-06
6.26978e-06
3.48189e-09
0.0038747
6.10178e-06
6.08343e-06
6.08363e-06
6.0696e-06
6.07743e-06
6.10281e-06
6.23735e-06
6.08915e-06
6.09235e-06
6.10336e-06
6.09158e-06
0.00485284
0.000980172
6.08452e-06
6.07037e-06
6.37074e-06
6.07368e-06
6.08631e-06
6.28989e-06
0.0051985
0.00866192
6.27898e-06
6.07681e-06
6.07147e-06
5.71552e-06
6.23658e-06
6.07941e-06
6.21676e-06
6.07627e-06
6.50182e-06
0.00358613
6.07011e-06
6.09659e-06
6.11112e-06
6.07645e-06
6.08169e-06
6.07045e-06
6.15953e-06
8.03702e-08
6.13795e-06
3.7305e-06
6.12946e-06
6.29501e-06
6.07108e-06
0.0017537
6.06963e-06
6.10524e-06
6.11626e-06
6.08883e-06
6.08714e-06
1.74859e-07
0.0139128
6.20017e-06
6.28736e-06
6.09305e-06
6.07453e-06
6.16928e-06
6.09726e-06
0.0144201
1.02719e-05
6.09082e-06
6.36241e-06
6.10005e-06
0.009191
6.53994e-06
6.08034e-06
6.07183e-06
6.08121e-06
6.242e-06
6.07478e-06
6.07267e-06
6.20171e-06
6.0697e-06
6.07019e-06
6.08008e-06
6.06776e-06
0.0135067
6.19216e-06
0.0100924
6.08946e-06
6.1283e-06
6.11463e-06
6.09955e-06
6.06772e-06
6.12411e-06
6.12223e-06
6.17947e-06
6.08948e-06
6.07884e-06
6.06896e-06
6.11195e-06
0.000898535
6.16646e-06
6.10668e-06
6.09161e-06
6.08412e-06
6.08175e-06
6.11962e-06
6.22632e-06
6.07198e-06
6.22082e-06
5.99134e-06
6.06801e-06
6.11747e-06
0.00349819
6.07174e-06
6.08806e-06
4.9558e-06
6.07663e-06
6.19344e-06
6.09322e-06
6.10025e-06
6.12128e-06
6.10019e-06
6.1236e-06
6.06975e-06
6.25225e-06
6.56601e-06
0.00764534
6.10957e-06
6.07095e-06
6.07003e-06
6.08529e-06
6.06972e-06
6.11647e-06
0.00339082
6.07842e-06
0.0125027
6.15574e-06
6.07787e-06
6.15454e-06
6.13354e-06
6.13103e-06
6.06937e-06
6.16845e-06
6.07298e-06
6.12734e-06
2.71883e-05
6.07173e-06
6.15436e-06
0.000109211
6.08924e-06
6.16163e-06
6.0833e-06
5.96912e-06
6.07309e-06
6.14884e-06
5.52654e-06
6.13758e-06
6.10762e-06
6.15072e-06
6.25676e-06
0.000185037
6.10757e-06
0.00960999
0.0045618
0.000105965
6.07798e-06
6.13417e-06
6.17905e-06
6.07742e-06
6.12286e-06
6.09401e-06
6.07044e-06
6.12706e-06
6.07001e-06
6.06973e-06
6.07022e-06
6.18459e-06
0.00020134
6.07495e-06
0.00913172
6.11036e-06
0.00565931
0.000238322
0.000264332
0.000142257
6.07801e-06
6.0901e-06
8.45426e-10
6.07693e-06
6.07899e-06
6.11956e-06
0.00852086
0.00541476
6.09012e-06
6.10919e-06
6.07611e-06
6.06867e-06
6.13364e-06
6.09805e-06
6.06856e-06
6.07305e-06
8.97266e-05
6.18638e-06
0.00177468
6.07064e-06
0.000490041
6.08763e-06
6.07067e-06
6.08363e-06
6.08874e-06
0.00833809
6.07212e-06
3.74587e-10
0.00495074
6.08852e-06
6.18288e-06
6.08835e-06
6.07418e-06
6.16716e-06
6.0686e-06
6.12744e-06
6.09066e-06
6.08652e-06
6.06965e-06
6.07171e-06
3.66752e-05
0.00830796
6.09695e-06
6.07422e-06
6.08023e-06
6.08469e-06
6.08419e-06
6.06919e-06
6.13771e-06
6.08948e-06
6.0711e-06
6.07469e-06
6.10831e-06
6.13764e-06
6.19334e-06
6.14159e-06
6.06935e-06
6.08876e-06
6.23968e-06
6.14765e-06
6.34765e-06
0.013442
0.00816945
6.6211e-09
6.08168e-06
6.31564e-05
8.30692e-11
6.0691e-06
6.1164e-06
6.42308e-06
6.0734e-06
6.06915e-06
6.15476e-06
6.07723e-06
6.07114e-06
6.11006e-06
6.07594e-06
6.08895e-06
0.00141678
0.0130732
6.0798e-06
6.10012e-06
6.0705e-06
6.07964e-06
6.1365e-06
6.11196e-06
6.16962e-06
6.08453e-06
0.00080835
8.16268e-05
6.51032e-06
6.08875e-06
6.13017e-06
5.72816e-06
6.10658e-06
6.07837e-06
1.93824e-06
6.08517e-06
6.08085e-06
6.07971e-06
6.0708e-06
6.0698e-06
6.06854e-06
6.0936e-06
6.11109e-06
2.33468e-06
7.64987e-06
6.08559e-06
6.11253e-06
6.07958e-06
0.00617876
6.0722e-06
6.08549e-06
6.12438e-06
5.68413e-05
6.08466e-06
6.08653e-06
6.08474e-06
6.62049e-06
7.26243e-06
6.11351e-06
6.06871e-06
6.08611e-06
6.0917e-06
6.09125e-06
0.00846779
0.0130822
7.81432e-07
6.15327e-06
6.13352e-06
6.41942e-06
6.23022e-06
6.07388e-06
6.23856e-06
6.07871e-06
6.12638e-06
3.64055e-07
6.06897e-06
6.09791e-06
6.08064e-06
0.00238063
6.14554e-06
6.06994e-06
6.09049e-06
6.16924e-06
6.07076e-06
6.11164e-06
6.2325e-06
6.07667e-06
6.07919e-06
6.07191e-06
6.1424e-06
6.25063e-06
6.08024e-06
6.07491e-06
6.07309e-06
0.00551487
6.28343e-06
6.08976e-06
6.08899e-06
8.47566e-06
6.07354e-06
6.31576e-06
6.07046e-06
0.00306972
6.21178e-06
5.8215e-07
0.0014051
6.07096e-06
6.10785e-06
6.07894e-06
6.32762e-06
6.16692e-06
3.04874e-05
6.14067e-06
6.07774e-06
6.09243e-06
6.13984e-06
0.000650281
6.086e-06
6.08845e-06
6.08864e-06
6.08947e-06
6.19138e-06
6.09007e-06
0.000143681
6.16682e-06
6.10114e-06
6.07218e-06
6.09117e-06
6.09882e-06
6.33955e-06
6.10363e-06
6.08675e-06
6.08088e-06
0.00418091
0.00239702
6.13044e-06
6.15471e-06
6.1692e-06
6.07377e-06
6.07132e-06
6.0892e-06
6.12664e-06
6.12202e-06
6.22176e-06
6.12347e-06
6.07197e-06
6.12715e-06
6.07633e-06
6.07102e-06
6.46719e-06
6.08643e-06
6.07229e-06
6.09904e-06
6.08676e-06
6.11749e-06
6.40907e-06
6.25624e-06
6.16233e-06
6.13417e-06
6.0747e-06
6.0736e-06
6.10297e-06
6.07795e-06
6.1071e-06
6.08779e-06
6.07481e-06
6.12741e-06
2.29054e-05
6.14748e-06
6.27964e-06
6.08934e-06
6.07065e-06
6.11824e-06
6.09219e-06
6.33038e-06
6.08377e-06
6.07292e-06
6.1029e-06
6.06994e-06
6.2041e-06
6.07109e-06
6.07939e-06
6.08918e-06
6.08541e-06
6.06883e-06
6.18926e-06
5.96167e-06
6.07266e-06
6.10464e-06
9.77062e-05
6.08715e-06
6.07059e-06
0.00887672
0.000216915
6.07936e-06
6.26637e-06
6.07192e-06
6.09931e-06
6.07588e-06
6.07946e-06
6.39306e-06
6.07931e-06
6.10384e-06
6.09014e-06
0.000614316
6.08935e-06
6.09451e-06
6.06904e-06
6.0938e-06
8.08062e-06
6.06767e-06
6.08639e-06
6.10128e-06
6.08192e-06
6.07636e-06
6.11833e-06
6.08748e-06
6.2388e-06
0.0012199
6.38501e-06
6.08984e-06
6.08594e-06
6.07341e-06
6.07074e-06
6.18714e-06
1.46076e-07
6.6018e-06
6.10434e-06
6.17267e-06
6.1312e-06
2.38497e-06
6.67749e-06
6.09504e-06
6.07293e-06
6.07781e-06
5.61345e-06
6.14258e-06
6.14593e-06
6.06939e-06
6.07211e-06
6.09906e-06
6.11303e-06
6.06775e-06
6.32508e-06
6.07894e-06
6.24166e-06
6.13011e-06
6.07247e-06
3.72143e-06
6.07988e-06
6.30869e-06
6.0691e-06
0.00473157
0.00684086
6.09408e-06
6.71937e-06
6.08852e-06
6.07813e-06
6.09e-06
1.59319e-06
6.31074e-06
1.61491e-06
0.00812029
6.09731e-06
6.06787e-06
6.07122e-06
6.07091e-06
6.0882e-06
6.10293e-06
6.09023e-06
0.0034984
0.0073349
6.44569e-06
6.07518e-06
6.20698e-06
6.1353e-06
6.12425e-06
6.16014e-06
5.69668e-06
0.000513955
6.25203e-06
6.07246e-06
6.09393e-06
6.07695e-06
0.00964093
6.07046e-06
0.00182794
6.07023e-06
2.58508e-05
6.34776e-06
6.08539e-06
6.0781e-06
0.00552869
6.1298e-06
6.10388e-06
6.07469e-06
6.07823e-06
6.08044e-06
6.13102e-06
6.07326e-06
6.26622e-06
4.83778e-07
6.08946e-06
6.07004e-06
6.37535e-06
6.07741e-06
6.13278e-06
6.06903e-06
6.06971e-06
6.06802e-06
0.00480562
6.13475e-06
0.00516006
2.22171e-06
6.07294e-06
6.20086e-06
6.08389e-06
6.07333e-06
0.000904395
6.11357e-06
6.07094e-06
0.00480718
6.0898e-06
6.10615e-06
6.07229e-06
6.08553e-06
6.09061e-06
6.07474e-06
6.17324e-06
6.13632e-06
6.21751e-06
6.08745e-06
6.09838e-06
0.00990613
0.0101851
6.07222e-06
6.05524e-06
6.08863e-06
0.000178654
6.07117e-06
6.10436e-06
6.10098e-06
6.09511e-06
6.08848e-06
6.09279e-06
6.06954e-06
6.09926e-06
6.09507e-06
6.08913e-06
6.25761e-06
6.22209e-06
6.09389e-06
5.87526e-06
6.08933e-06
5.73909e-05
6.0989e-06
6.08369e-06
7.36131e-06
6.08505e-06
6.07194e-06
6.13663e-06
6.0686e-06
6.16717e-06
6.36058e-06
3.42327e-05
6.2379e-06
6.10873e-06
6.08825e-06
6.07297e-06
6.0716e-06
6.09142e-06
6.07816e-06
6.06892e-06
6.08746e-06
6.07433e-06
6.06816e-06
6.34985e-06
5.47823e-06
6.0943e-06
6.11024e-06
6.12233e-06
6.13191e-06
6.08227e-06
6.13524e-06
6.1318e-06
6.19844e-06
6.07744e-06
6.09346e-06
0.00329637
6.13769e-06
6.42245e-06
6.33068e-06
6.13327e-06
0.000346345
6.15323e-06
6.07539e-06
6.13896e-06
1.93419e-06
6.1755e-06
6.07157e-06
6.09418e-06
6.09817e-06
6.08583e-06
6.09378e-06
6.0704e-06
6.35999e-06
6.07803e-06
6.07875e-06
6.07113e-06
6.13537e-06
2.39053e-07
6.91886e-06
6.08638e-06
0.000977233
6.0706e-06
6.06981e-06
6.13925e-06
6.06873e-06
6.07609e-06
6.09741e-06
6.08131e-06
6.07793e-06
6.08892e-06
6.08773e-06
6.07136e-06
6.2826e-06
6.07168e-06
6.08581e-06
1.00853e-05
6.07456e-06
6.09932e-06
0.00520836
6.09071e-06
6.08186e-06
6.10351e-06
0.00175997
6.11258e-06
6.18681e-06
6.09236e-06
6.10208e-06
6.18916e-06
6.08134e-06
6.07477e-06
6.09512e-06
0.00669803
6.08361e-06
6.07439e-06
6.12013e-06
6.13072e-06
0.000135933
6.08765e-06
6.16536e-06
6.10022e-06
6.37297e-06
8.17186e-08
6.07595e-06
0.0075507
6.12963e-06
6.09074e-06
6.3312e-06
6.12455e-06
6.07101e-06
6.07855e-06
6.07627e-06
6.14357e-06
6.0951e-06
5.86882e-06
7.87301e-06
6.08302e-06
6.08808e-06
6.10011e-06
6.07142e-06
6.09214e-06
6.08666e-06
6.10081e-06
6.07001e-06
6.07183e-06
0.00649128
0.000315019
6.14e-06
5.65575e-06
6.19911e-06
6.64468e-06
6.03587e-06
6.07369e-06
6.09476e-06
7.24188e-06
6.08166e-06
1.38384e-05
0.00150517
6.29018e-06
0.000355447
0.00142233
6.24701e-06
6.09205e-06
4.8435e-10
6.24785e-06
6.06794e-06
6.13469e-06
6.07112e-06
6.0865e-06
6.15959e-06
6.08496e-06
6.13356e-06
6.11054e-06
6.27971e-06
6.14305e-06
5.98818e-06
6.08164e-06
7.78715e-10
6.09506e-06
6.21732e-06
6.0685e-06
6.08516e-06
6.42777e-06
6.06807e-06
6.07114e-06
6.07013e-06
6.089e-06
6.07431e-06
0.000578321
6.07685e-06
0.000515669
6.09555e-06
6.06891e-06
6.00848e-06
6.77877e-05
6.07175e-06
6.08731e-06
6.08987e-06
6.07102e-06
6.13864e-06
6.50537e-06
0.00946603
0.00546593
6.10246e-06
6.16967e-06
6.16182e-06
0.00540922
6.0943e-06
9.23381e-07
7.55598e-06
6.33238e-06
0.0108338
6.12367e-06
4.71773e-08
6.09306e-06
6.11182e-06
6.1161e-06
6.10135e-06
6.07061e-06
7.49735e-06
6.07201e-06
6.13183e-06
6.45231e-06
6.0747e-06
6.14302e-06
6.07416e-06
6.2956e-06
6.17171e-06
0.0033008
6.22067e-06
6.18381e-06
6.10021e-06
6.07201e-06
6.09265e-06
6.07312e-06
6.06765e-06
6.0677e-06
6.07865e-06
1.15134e-05
6.07321e-06
6.18998e-06
6.10305e-06
6.0712e-06
6.07417e-06
6.10251e-06
6.12707e-06
6.13067e-06
6.16573e-06
6.15724e-06
3.10906e-06
6.07414e-06
8.67316e-06
6.09338e-06
6.08524e-06
0.00133177
6.14917e-06
6.08785e-06
6.09613e-06
6.31064e-06
6.10455e-06
6.55207e-06
6.07144e-06
6.11359e-06
6.20604e-06
0.00495028
6.124e-06
6.08076e-06
6.07018e-06
6.07919e-06
6.25949e-06
6.07075e-06
6.69907e-06
6.08566e-06
6.18126e-06
6.06995e-06
6.07731e-06
6.12361e-06
6.07218e-06
6.07025e-06
6.07141e-06
6.08501e-06
6.45799e-06
6.09121e-06
6.07012e-06
7.55088e-08
6.20515e-06
0.0105715
6.09726e-06
6.12811e-06
6.13794e-06
6.16776e-06
6.22791e-06
6.14829e-06
0.00586826
6.19402e-06
6.07111e-06
6.07245e-06
6.09431e-06
6.12066e-06
6.0725e-06
6.35431e-06
0.0024944
6.08998e-06
6.09253e-06
6.13431e-06
6.08305e-06
6.11296e-06
6.09876e-06
5.77801e-06
6.08833e-06
6.08945e-06
6.08077e-06
6.07843e-06
6.39955e-06
6.08701e-06
6.07742e-06
6.13426e-06
6.12873e-06
0.0144547
6.20611e-06
6.0843e-06
6.09377e-06
6.07012e-06
0.000330757
6.09447e-06
6.07427e-06
6.11005e-06
1.09302e-06
6.09187e-06
0.00494874
6.66136e-06
6.09719e-06
6.71401e-06
6.12021e-06
0.00849772
6.46172e-06
6.0712e-06
0.00296029
6.06964e-06
6.09195e-06
6.07482e-06
6.08175e-06
0.00665897
6.21787e-06
6.08431e-06
6.06928e-06
6.08447e-06
6.07651e-06
6.39686e-06
6.26572e-06
6.06989e-06
3.99223e-07
6.095e-06
6.08343e-06
6.13451e-06
6.0709e-06
1.5306e-12
6.12703e-06
6.54898e-06
0.00102767
6.06919e-06
0.000998956
6.06984e-06
6.13222e-06
6.12574e-06
6.06949e-06
6.13045e-06
6.07985e-06
6.33761e-06
6.07295e-06
6.14906e-06
0.000261428
0.00221197
6.29751e-06
6.31622e-06
6.06932e-06
6.19763e-06
6.08861e-06
6.07206e-06
6.08209e-06
6.0763e-06
6.07671e-06
0.00959098
0.009148
6.0709e-06
1.51599e-12
6.09873e-06
6.25128e-06
6.09499e-06
6.08904e-06
6.09755e-06
6.08518e-06
6.07143e-06
6.08333e-06
6.091e-06
6.09163e-06
6.27456e-06
6.16034e-06
6.07474e-06
6.09416e-06
5.62622e-06
6.07497e-06
6.13863e-06
6.11734e-06
6.08064e-06
6.08904e-06
6.07082e-06
6.09251e-06
6.08486e-06
6.09218e-06
6.14451e-06
6.08861e-06
6.10081e-06
6.09731e-06
0.00883403
6.08698e-06
1.45351e-05
6.0937e-06
6.10958e-06
6.12342e-06
6.13539e-06
6.0978e-06
1.1774e-05
6.10009e-06
6.09605e-06
0.00183126
6.12819e-06
0.00179327
1.21069e-05
6.09432e-06
6.13109e-06
0.00422311
7.97361e-06
6.10976e-06
6.06941e-06
0.0060145
6.14955e-06
0.0127734
6.08932e-06
6.13006e-06
6.07197e-06
6.13627e-06
6.2526e-06
6.09018e-06
6.08604e-06
6.07611e-06
6.07103e-06
6.11347e-06
6.07538e-06
6.08601e-06
6.0908e-06
6.07057e-06
6.08595e-06
6.07035e-06
6.17565e-06
9.46568e-07
0.00176344
6.34016e-06
6.08305e-06
0.0125255
0.00498255
2.0485e-06
6.13145e-06
6.08746e-06
6.07314e-06
6.13274e-06
6.12869e-06
0.00686222
2.47795e-06
6.1442e-06
6.10613e-06
2.50862e-06
8.18838e-06
9.51547e-09
6.07895e-06
6.15524e-06
6.22033e-06
0.0134664
6.0689e-06
6.08286e-06
0.000240152
6.09977e-06
6.19039e-06
0.000616072
6.14107e-06
0.000369225
6.13071e-06
6.10448e-06
6.12681e-06
6.0692e-06
6.25002e-06
1.92902e-06
6.19312e-06
6.07244e-06
6.0738e-06
6.43388e-06
0.00577883
6.25889e-06
8.55109e-06
6.06801e-06
6.08422e-06
6.08844e-06
6.12955e-06
0.0121511
6.09346e-06
6.08083e-06
6.12652e-06
6.068e-06
6.05795e-06
6.09697e-06
6.13836e-06
6.85883e-06
6.1885e-06
6.07825e-06
6.23706e-06
6.09391e-06
6.13991e-06
6.13362e-06
3.24913e-06
6.10922e-06
6.22321e-06
6.07342e-06
6.17729e-06
5.90154e-06
6.07363e-06
6.09645e-06
2.80326e-06
0.00349842
6.13178e-06
0.000240617
0.00588505
0.00036431
6.07343e-06
6.23343e-06
6.12067e-06
2.63267e-08
6.06933e-06
4.69319e-06
6.29283e-06
6.02708e-06
6.07362e-06
6.06978e-06
6.12758e-06
6.05482e-06
0.000921357
6.07078e-06
6.08938e-06
6.11914e-06
6.07618e-06
6.17006e-06
0.0067975
6.31257e-06
6.08991e-06
6.13536e-06
6.11263e-06
6.09701e-06
6.08638e-06
6.36777e-06
6.0709e-06
1.50672e-06
6.06839e-06
8.3458e-06
6.13841e-06
6.10119e-06
0.0110247
6.09142e-06
0.00624802
6.08569e-06
6.12332e-06
6.10971e-06
6.10129e-06
6.17431e-06
6.07195e-06
6.13461e-06
0.00513473
6.16326e-06
6.18235e-06
6.09441e-06
0.00070888
6.06989e-06
6.07427e-06
6.1473e-06
6.07824e-06
6.40564e-06
6.10229e-06
6.07412e-06
6.1107e-06
6.11903e-06
6.21469e-06
6.08134e-06
6.3473e-06
6.09488e-06
6.07475e-06
6.08901e-06
6.16377e-06
6.16211e-06
6.11997e-06
6.58594e-06
0.00621581
6.07973e-06
6.25077e-06
6.10784e-06
6.09852e-06
6.06811e-06
1.78231e-05
6.07974e-06
3.15037e-09
6.15313e-06
6.07401e-06
5.95084e-06
6.07006e-06
6.13167e-06
6.06929e-06
6.07063e-06
6.07923e-06
6.08106e-06
0.000215364
6.0907e-06
6.153e-06
6.07157e-06
6.07752e-06
6.07946e-06
6.06973e-06
6.08361e-06
6.08821e-06
5.43529e-14
6.09127e-06
6.12083e-06
6.15412e-06
6.13589e-06
6.12056e-06
6.13207e-06
6.0909e-06
0.00574355
6.07871e-06
6.11505e-06
6.07746e-06
6.09767e-06
0.000228392
6.13729e-06
6.05784e-06
6.06941e-06
6.07619e-06
5.96978e-06
6.13813e-06
6.08404e-06
6.07038e-06
6.08797e-06
6.06869e-06
6.08914e-06
6.08586e-06
6.08436e-06
6.10914e-06
0.000197047
6.12935e-06
6.07176e-06
6.08564e-06
9.20816e-06
0.000386503
6.0851e-06
6.10048e-06
6.08935e-06
6.07087e-06
6.07566e-06
0.00308711
6.13528e-06
6.09554e-06
0.00102733
6.06835e-06
6.1709e-06
6.12957e-06
0.000273601
6.07105e-06
6.0796e-06
6.08442e-06
2.67966e-06
6.13523e-06
6.20284e-06
6.08016e-06
6.21333e-06
6.10859e-06
6.08097e-06
6.07136e-06
6.0795e-06
0.00676064
6.18572e-06
6.07071e-06
6.13416e-06
6.12757e-06
6.10298e-06
6.00474e-06
0.0108574
0.00493786
6.0707e-06
6.08854e-06
6.11952e-06
6.07293e-06
6.07056e-06
0.00334251
6.07252e-06
6.07084e-06
0.00298863
6.11944e-06
6.26037e-06
0.00261473
6.07331e-06
6.24129e-06
6.17606e-06
2.15873e-07
3.60458e-05
6.06964e-06
0.00158691
6.14218e-06
6.14672e-06
0.00643173
6.08233e-06
6.08586e-06
6.13711e-06
6.06992e-06
6.16266e-06
6.14316e-06
6.13306e-06
6.11539e-06
6.33606e-06
6.12494e-06
6.1239e-06
6.10209e-06
6.1518e-06
6.07894e-06
6.22296e-06
0.00585408
6.07626e-06
6.11069e-06
6.45728e-06
6.07233e-06
6.07844e-06
6.07035e-06
6.07661e-06
6.16287e-06
6.07e-06
6.08091e-06
6.10384e-06
6.09442e-06
0.00211051
6.36218e-06
6.27529e-06
6.07745e-06
6.07593e-06
2.50156e-10
6.13714e-06
6.20692e-06
6.07387e-06
6.16921e-06
6.06947e-06
6.08236e-06
6.14439e-06
6.13492e-06
6.10462e-06
0.000249011
6.07689e-06
6.06973e-06
6.07383e-06
6.16839e-06
6.07617e-06
6.09566e-06
6.08564e-06
0.00373478
6.07546e-06
6.2296e-06
6.07483e-06
6.07484e-06
6.15816e-06
7.25343e-08
6.1304e-06
0.00194912
6.09954e-06
0.000389173
6.07249e-06
6.07958e-06
6.09805e-06
6.09361e-06
0.00345934
0.000901436
6.08878e-06
6.07113e-06
6.06962e-06
6.08814e-06
6.0744e-06
6.10564e-06
1.30144e-07
6.08931e-06
6.08383e-06
6.10267e-06
6.12245e-06
6.1581e-06
6.06902e-06
6.07453e-06
6.09573e-06
6.08384e-06
6.0787e-06
6.14322e-06
6.07452e-06
6.30935e-06
1.35903e-09
6.08984e-06
6.29077e-06
6.08129e-06
6.14654e-06
6.21679e-06
0.00322163
6.70683e-06
6.08336e-06
6.0741e-06
6.06959e-06
6.07591e-06
6.14357e-06
6.07062e-06
0.0001437
6.08905e-06
6.13621e-06
8.02485e-06
6.05794e-06
6.08517e-06
6.17136e-06
6.43504e-06
6.12784e-06
6.09219e-06
6.15283e-06
6.11727e-06
1.44904e-05
6.15653e-06
6.08937e-06
6.26307e-06
6.0746e-06
6.07774e-06
6.10529e-06
6.11903e-06
6.08801e-06
6.2423e-06
6.06805e-06
6.07611e-06
6.08798e-06
6.08835e-06
6.08973e-06
2.96117e-06
6.32276e-06
6.07453e-06
0.0116699
6.13222e-06
6.1301e-06
6.07495e-06
6.11645e-06
0.00752175
6.07567e-06
6.16942e-06
6.2301e-06
6.08929e-06
6.07647e-06
6.08796e-06
6.07725e-06
6.19165e-06
6.07303e-06
6.07682e-06
6.06789e-06
6.07403e-06
6.19031e-06
6.08964e-06
6.0741e-06
6.11409e-06
6.09603e-06
6.15164e-06
6.06938e-06
6.06865e-06
6.08977e-06
6.07027e-06
6.08942e-06
0.00329724
6.13737e-06
6.06922e-06
6.07052e-06
6.24006e-06
6.06897e-06
6.06965e-06
6.0984e-06
6.0354e-06
6.1104e-06
6.17627e-06
6.2205e-06
6.06863e-06
6.07782e-06
6.09331e-06
6.1137e-06
6.10181e-06
6.06895e-06
1.92566e-06
6.10728e-06
6.17492e-06
6.19624e-06
6.24086e-06
6.14193e-06
6.07589e-06
6.08887e-06
6.09041e-06
6.06935e-06
6.08156e-06
6.10592e-06
6.23137e-06
6.1187e-06
6.10452e-06
6.14142e-06
6.08145e-06
6.38479e-06
6.21583e-06
3.04129e-06
6.08674e-06
6.13331e-06
6.07007e-06
6.06797e-06
0.00260243
6.09388e-06
6.08038e-06
6.07678e-06
6.11348e-06
5.66042e-08
6.09386e-06
6.2165e-06
6.07567e-06
6.12622e-06
6.14244e-06
6.13469e-06
0.00677412
6.07385e-06
5.56345e-06
6.13881e-06
6.16207e-06
0.00508024
6.09073e-06
6.07321e-06
6.08345e-06
9.2001e-09
6.10019e-06
6.13607e-06
6.16204e-06
6.06955e-06
6.17434e-06
6.07543e-06
6.07107e-06
6.32903e-06
6.14172e-06
6.08554e-06
0.0103347
6.15223e-06
6.26547e-06
6.12356e-06
6.25819e-06
6.10888e-06
6.07352e-06
6.09854e-06
6.22177e-06
6.0836e-06
6.07306e-06
0.0119701
6.09654e-06
6.08504e-06
6.2106e-06
6.12962e-06
5.09665e-06
6.05449e-06
7.22658e-06
6.12271e-06
5.96172e-06
6.08351e-06
6.11109e-06
6.09101e-06
6.09551e-06
6.08433e-06
6.08816e-06
6.21475e-06
6.09418e-06
6.13382e-06
0.00907405
6.08285e-06
6.07369e-06
6.14023e-06
6.14656e-06
6.0706e-06
6.07481e-06
6.08883e-06
6.09092e-06
6.08576e-06
6.28639e-06
6.06863e-06
6.09449e-06
6.08056e-06
6.11922e-06
6.10498e-06
5.90344e-06
6.0817e-06
6.0789e-06
6.15895e-06
6.19852e-06
6.07002e-06
6.06781e-06
0.000164113
6.07399e-06
6.12388e-06
6.12098e-06
0.00252483
0.00379279
0.00645626
6.09582e-06
0.00180881
6.07578e-06
6.07156e-06
6.09086e-06
6.07458e-06
6.06782e-06
6.06885e-06
0.00286228
6.96868e-05
0.00654846
6.72773e-05
6.15524e-06
6.07579e-06
6.38392e-06
6.12243e-06
6.1247e-06
6.13253e-06
6.06884e-06
6.07285e-06
6.21071e-06
6.11207e-06
6.07655e-06
0.0120915
0.000456394
6.0867e-06
0.00403085
6.19998e-06
6.08645e-06
6.11005e-06
6.10778e-06
0.00319697
6.1363e-06
6.09631e-06
0.00139435
5.9576e-06
6.07556e-06
6.10374e-06
0.000919132
6.08501e-06
6.07049e-06
6.06982e-06
6.07806e-06
6.13188e-06
6.09189e-06
6.08331e-06
2.83152e-06
6.12962e-06
6.09357e-06
6.08341e-06
6.0681e-06
6.07457e-06
6.08687e-06
6.07841e-06
6.06993e-06
0.00761244
1.08086e-06
6.07714e-06
0.00206509
6.08665e-06
6.07411e-06
6.09481e-06
6.08982e-06
6.07115e-06
6.07241e-06
6.07265e-06
6.06798e-06
6.15549e-06
6.09222e-06
6.07015e-06
0.00145356
6.08019e-06
6.22749e-06
6.07199e-06
6.08191e-06
6.0703e-06
6.07954e-06
6.17406e-06
6.10459e-06
6.11903e-06
6.07063e-06
0.00434861
6.07851e-06
6.0745e-06
6.074e-06
5.90933e-06
6.07164e-06
6.1195e-06
6.07264e-06
0.00821618
6.08951e-06
6.22207e-06
6.08899e-06
6.18442e-06
6.07437e-06
6.09624e-06
6.19548e-06
6.11514e-06
5.09687e-06
6.14575e-06
6.1215e-06
6.07133e-06
6.07397e-06
0.00506953
6.08034e-06
6.10457e-06
6.13174e-06
0.000222526
6.2323e-06
6.10156e-06
4.64795e-06
6.09067e-06
6.08665e-06
6.08461e-06
6.13589e-06
6.13583e-06
7.75493e-06
6.09132e-06
6.0979e-06
0.00797729
6.09672e-06
0.00392334
6.0839e-06
6.09002e-06
6.11363e-06
6.06906e-06
6.09381e-06
6.0889e-06
6.14897e-06
6.16386e-06
6.0699e-06
6.08919e-06
6.07115e-06
6.07686e-06
6.08726e-06
6.07277e-06
6.08871e-06
6.46456e-06
6.1791e-06
6.08954e-06
6.08911e-06
6.10032e-06
6.0874e-06
6.13246e-06
6.18284e-06
6.07031e-06
6.20817e-06
6.22892e-06
1.02874e-05
6.05783e-06
6.09967e-06
6.18754e-06
6.1097e-06
6.08854e-06
6.08546e-06
6.07409e-06
6.12833e-06
6.14146e-06
0.0102102
6.19151e-06
6.11641e-06
6.10115e-06
6.19417e-06
6.11111e-06
6.07405e-06
6.1908e-06
6.25589e-06
6.10543e-06
6.18585e-06
6.0757e-06
6.15887e-06
0.00499246
6.0714e-06
6.09175e-06
6.39636e-06
0.000921724
6.15912e-06
6.07761e-06
6.07752e-06
6.07327e-06
6.1128e-06
6.10178e-06
6.08731e-06
6.08427e-06
6.09779e-06
6.11142e-06
6.08801e-06
6.07074e-06
6.17532e-06
6.1405e-06
6.19655e-06
6.13923e-06
6.07218e-06
0.000177725
6.12134e-06
6.25109e-06
6.09029e-06
0.000454557
6.17108e-06
6.17276e-06
6.10154e-06
6.15279e-06
6.0734e-06
6.06943e-06
3.51004e-07
6.19909e-06
6.08626e-06
0.00250563
6.10211e-06
9.69009e-06
6.06971e-06
6.07452e-06
6.07198e-06
6.07809e-06
6.07102e-06
0.00019472
1.25422e-07
0.000416029
6.12721e-06
6.08736e-06
6.07556e-06
6.15599e-06
0.00330199
0.00165705
0.00550463
6.08142e-06
6.07062e-06
6.07146e-06
6.12969e-06
6.08243e-06
0.011828
6.07038e-06
1.66414e-06
6.08885e-06
6.26833e-06
6.1359e-06
6.15155e-06
6.19212e-06
6.07254e-06
6.07216e-06
0.00356627
6.10201e-06
6.13045e-06
6.08535e-06
6.38448e-06
6.18322e-06
6.07692e-06
6.07197e-06
4.38184e-06
0.000974554
6.14375e-06
0.00572886
6.06855e-06
6.0927e-06
6.07062e-06
6.07921e-06
6.10697e-06
6.07821e-06
6.07031e-06
6.07013e-06
6.0718e-06
6.0746e-06
6.11871e-06
0.00689369
6.1109e-06
6.13509e-06
6.03339e-06
6.09231e-06
1.82234e-08
6.08222e-06
0.00962301
6.07223e-06
6.08857e-06
6.07283e-06
6.08708e-06
0.000102645
2.30368e-08
6.08664e-06
6.07333e-06
9.27496e-07
6.08557e-06
6.08316e-06
6.12872e-06
6.0942e-06
6.2e-06
6.20976e-06
6.11716e-06
6.07621e-06
6.0696e-06
3.89967e-06
6.08009e-06
5.99432e-06
8.08878e-06
6.18269e-06
6.07224e-06
6.08981e-06
6.11387e-06
6.07296e-06
6.25405e-06
0.00641656
6.08286e-06
6.08178e-06
6.07487e-06
6.09755e-06
0.00411951
6.16895e-06
6.25059e-06
6.24546e-06
6.07069e-06
6.08635e-06
6.07308e-06
6.0863e-06
6.14349e-06
6.07848e-06
6.14765e-06
6.06899e-06
2.90412e-06
6.06931e-06
6.07015e-06
6.08306e-06
6.12702e-06
6.0924e-06
6.19465e-06
0.0085132
6.07217e-06
6.04932e-06
6.07216e-06
6.07737e-06
6.10717e-06
0.00409639
6.15317e-06
5.65451e-06
7.96722e-06
6.11489e-06
6.0689e-06
6.10416e-06
6.07323e-06
6.08525e-06
0.000760337
5.06034e-10
6.20765e-06
6.50712e-06
6.12786e-06
6.1986e-06
6.08376e-06
6.15531e-06
6.08904e-06
6.06977e-06
0.00459353
6.08046e-06
6.07169e-06
6.12415e-06
6.08538e-06
6.13341e-06
6.0688e-06
6.09664e-06
6.08097e-06
6.10779e-06
6.12867e-06
4.95525e-06
6.07855e-06
6.07527e-06
6.21925e-06
6.09216e-06
6.26065e-06
6.11883e-06
6.06944e-06
6.12367e-06
6.26643e-06
6.07156e-06
6.32326e-06
0.00856753
4.48388e-07
6.07501e-06
4.22803e-06
6.17595e-06
6.07055e-06
6.06951e-06
6.08716e-06
6.09381e-06
6.09403e-06
6.10438e-06
6.0745e-06
6.28897e-06
0.00955742
6.08908e-06
6.07614e-06
4.08298e-05
6.24477e-06
6.12278e-06
6.06797e-06
6.22836e-06
7.73892e-08
6.08464e-06
6.15428e-06
6.07351e-06
6.07325e-06
6.06955e-06
6.16498e-06
6.0844e-06
6.07549e-06
6.25116e-06
6.12464e-06
6.08806e-06
0.00517684
6.08199e-06
6.38517e-06
0.00339553
6.16839e-06
0.0137424
0.0154377
6.08759e-06
6.13095e-06
6.09416e-06
6.26996e-06
6.09776e-06
6.35701e-06
6.57612e-06
6.08639e-06
6.10962e-06
6.23115e-06
8.46069e-06
4.38014e-05
6.07234e-06
6.08002e-06
0.00215856
6.07107e-06
6.07112e-06
3.68433e-06
6.07072e-06
6.10493e-06
6.27002e-06
6.08215e-06
6.21041e-06
5.92997e-07
6.26798e-06
6.07078e-06
0.00528003
6.08992e-06
6.32989e-06
6.09217e-06
0.00051603
6.07032e-06
6.07686e-06
6.07151e-06
6.07993e-06
6.07906e-06
6.09428e-06
6.09181e-06
0.00663571
6.14475e-06
6.07234e-06
6.07294e-06
6.09632e-06
6.54294e-06
6.08699e-06
0.0106921
6.07053e-06
6.07231e-06
6.06967e-06
6.07438e-06
1.42858e-07
6.18796e-06
6.08894e-06
6.114e-06
6.14795e-06
6.07237e-06
6.10542e-06
6.08496e-06
6.07939e-06
6.08355e-06
6.08056e-06
6.10818e-06
6.16702e-06
6.07408e-06
7.13681e-06
6.19263e-06
6.17174e-06
6.07702e-06
6.00961e-06
6.08482e-06
6.08375e-06
6.0683e-06
6.0699e-06
6.07061e-06
6.08982e-06
1.67224e-08
6.08813e-06
6.0704e-06
0.00483765
0.00160925
6.24818e-06
6.07287e-06
0.00529493
6.24952e-06
6.10222e-06
0.000399353
6.13257e-06
6.14602e-06
6.07901e-06
6.00844e-06
6.25376e-06
2.25413e-07
6.06823e-06
6.08829e-06
6.06859e-06
6.18076e-06
6.07495e-06
6.07605e-06
6.12637e-06
6.08904e-06
6.07227e-06
6.07855e-06
6.15401e-06
0.00472669
6.72464e-06
6.53984e-06
6.07788e-06
6.08296e-06
6.1041e-06
6.1332e-06
9.19292e-06
6.10944e-06
6.2823e-06
6.07317e-06
6.18496e-06
6.06893e-06
6.13442e-06
6.07275e-06
6.09219e-06
0.000140563
6.18746e-06
6.1336e-06
6.0221e-06
6.07475e-06
6.13627e-06
6.07258e-06
6.04757e-06
6.08995e-06
6.07139e-06
6.06977e-06
6.08785e-06
6.1603e-06
6.08508e-06
6.18538e-06
6.07203e-06
6.07964e-06
6.07517e-06
6.07208e-06
6.07136e-06
6.25987e-06
6.07106e-06
6.10145e-06
6.09688e-06
6.13099e-06
6.12903e-05
6.07506e-06
6.0874e-06
6.06987e-06
6.07095e-06
6.09312e-06
6.07479e-06
6.14475e-06
6.08747e-06
6.10084e-06
6.08626e-06
6.07422e-06
6.13281e-06
6.13399e-06
5.95827e-06
6.07823e-06
6.10195e-06
6.14352e-06
6.07352e-06
6.07137e-06
0.00247217
6.09103e-06
6.07208e-06
6.077e-06
6.47605e-06
6.0788e-06
6.10169e-06
6.0923e-06
6.13879e-06
6.07012e-06
1.19705e-11
6.06923e-06
6.06923e-06
6.07372e-06
6.13872e-06
6.07654e-06
0.00436539
6.20042e-06
0.0013007
6.07034e-06
6.10918e-06
6.0708e-06
6.07477e-06
6.0845e-06
6.06891e-06
6.07491e-06
6.10763e-06
6.14545e-06
6.12288e-06
6.17888e-06
6.08067e-06
6.11274e-06
6.88173e-06
6.15223e-06
6.07606e-06
6.0743e-06
0.000933934
9.83995e-08
6.07356e-06
3.0957e-07
3.99912e-09
6.08233e-06
6.08269e-06
6.7413e-06
6.08538e-06
6.27543e-06
6.2377e-06
5.15726e-06
6.28508e-06
1.21455e-08
6.1213e-06
6.09137e-06
6.07171e-06
6.07546e-06
6.08922e-06
6.09955e-06
6.11789e-06
6.09099e-06
6.079e-06
0.00789579
6.06971e-06
6.12e-06
6.22883e-06
6.08431e-06
6.19295e-06
6.08641e-06
6.08817e-06
6.07011e-06
6.0943e-06
6.18097e-06
6.08873e-06
6.07627e-06
6.08026e-06
6.08775e-06
6.08897e-06
6.08698e-06
6.13412e-06
6.2252e-06
6.09752e-06
6.12448e-06
1.28148e-06
0.000169409
6.08824e-06
6.08643e-06
6.07603e-06
6.07265e-06
6.07756e-06
6.07232e-06
6.12316e-06
6.15264e-06
5.43663e-06
5.12067e-06
6.2516e-06
6.143e-06
0.00745211
6.18148e-06
6.07408e-06
5.91128e-06
6.07037e-06
8.24812e-06
0.00654017
6.14244e-06
6.11181e-06
6.13931e-06
6.06072e-06
6.08619e-06
6.07108e-06
6.06868e-06
6.08674e-06
6.08646e-06
6.07553e-06
6.12361e-06
6.08946e-06
6.29357e-06
6.08755e-06
6.08187e-06
6.08625e-06
6.06946e-06
6.1393e-06
6.0692e-06
6.10719e-06
6.07057e-06
6.08392e-06
0.00562311
6.06933e-06
6.25133e-06
6.09982e-06
0.00746377
0.0129982
4.18841e-09
6.07695e-06
2.15142e-05
6.08329e-06
6.14836e-06
6.07352e-06
6.07052e-06
6.0758e-06
0.000802522
0.00600597
6.07298e-06
6.1299e-06
6.1046e-06
6.0757e-06
6.16857e-06
6.0907e-06
6.13504e-06
6.07981e-06
6.10629e-06
6.24476e-06
0.000159242
0.00471917
6.14573e-06
0.000457702
6.07722e-06
6.08943e-06
0.00581936
6.07288e-06
6.08063e-06
6.08906e-06
6.07438e-06
0.00577407
8.93679e-06
6.18602e-06
6.06987e-06
6.09505e-06
6.13761e-06
6.21759e-06
6.09579e-06
6.08588e-06
1.15133e-07
6.27591e-06
6.09514e-06
6.07068e-06
0.00304851
6.57298e-06
6.071e-06
0.00718353
6.0698e-06
6.07591e-06
1.22549e-05
6.61546e-06
6.08754e-06
6.08418e-06
6.15885e-06
6.09058e-06
6.08859e-06
6.07219e-06
5.92571e-06
6.09909e-06
6.20658e-06
6.08719e-06
4.22925e-06
6.08834e-06
6.09844e-06
6.15457e-06
6.06909e-06
6.06908e-06
6.08876e-06
6.06879e-06
6.26851e-06
6.07148e-06
6.11888e-06
6.15179e-06
6.10615e-06
6.08722e-06
6.09316e-06
6.07277e-06
6.07543e-06
6.06996e-06
0.0129938
6.26562e-06
6.07561e-06
6.23579e-06
6.09489e-06
6.17633e-06
6.13334e-06
6.10105e-06
6.1949e-06
6.08107e-06
3.77255e-06
0.00530132
0.000295279
6.07405e-06
6.07767e-06
0.00429667
6.13537e-06
6.09134e-06
6.06846e-06
6.08837e-06
6.10166e-06
6.08605e-06
6.07076e-06
6.10402e-06
6.10809e-06
6.07137e-06
6.09473e-06
6.13519e-06
6.09001e-06
6.14468e-06
6.0738e-06
6.07371e-06
6.14796e-06
6.14599e-06
6.07425e-06
6.15577e-06
6.07113e-06
6.09833e-06
6.14128e-06
0.012634
6.07703e-06
1.04134e-06
6.08557e-06
6.14282e-06
6.07725e-06
6.12558e-06
6.09345e-06
6.20447e-06
6.18241e-06
6.07172e-06
6.08529e-06
6.10176e-06
6.13578e-06
6.2546e-06
6.10111e-06
6.07136e-06
6.06848e-06
6.1326e-06
6.16478e-06
0.000116488
6.13231e-06
6.09709e-06
6.08897e-06
6.08842e-06
6.07865e-06
6.06951e-06
6.25628e-06
6.15382e-06
6.06793e-06
6.07037e-06
6.08828e-06
6.09459e-06
6.18183e-06
6.12736e-06
6.08085e-06
6.08233e-06
6.2657e-06
6.07909e-06
6.08589e-06
0.0071086
6.0979e-06
6.0729e-06
6.12363e-06
6.07702e-06
6.1973e-06
6.06799e-06
6.07111e-06
6.12411e-06
6.08171e-06
6.0757e-06
6.16867e-06
6.09127e-06
6.21242e-06
6.09156e-06
6.23159e-06
6.44499e-06
6.13357e-06
6.07121e-06
6.10402e-06
6.19317e-06
6.09128e-06
0.00566225
6.13258e-06
6.09758e-06
6.09775e-06
6.09223e-06
6.08204e-06
6.10809e-06
6.0713e-06
6.13033e-06
6.19359e-06
6.20962e-06
6.07902e-06
6.09691e-06
6.20041e-06
6.13229e-06
6.21552e-06
6.07279e-06
6.06915e-06
6.07287e-06
6.06973e-06
6.13566e-06
6.07297e-06
6.0818e-06
6.11175e-06
6.11757e-06
6.11087e-06
0.00690847
5.82682e-06
6.41584e-06
6.07244e-06
6.09408e-06
7.21775e-06
6.06876e-06
0.000214019
6.0679e-06
6.13789e-06
6.06935e-06
6.08572e-06
0.00179138
6.07293e-06
6.08693e-06
6.06998e-06
6.07128e-06
6.08249e-06
6.08868e-06
6.07075e-06
6.06909e-06
6.13943e-06
0.00103833
6.08651e-06
6.07527e-06
6.63101e-06
0.000474068
0.00472392
6.11336e-06
6.0799e-06
6.10667e-06
6.08023e-06
6.13761e-06
6.15739e-06
6.15443e-06
6.24527e-06
6.17891e-06
0.00914871
4.217e-06
4.44339e-06
6.14701e-06
6.10001e-06
6.25482e-06
6.07011e-06
6.07282e-06
6.07887e-06
6.07684e-06
6.0853e-06
6.20174e-06
2.5083e-07
6.13476e-06
6.07629e-06
6.07353e-06
6.12533e-06
6.1742e-06
6.08031e-06
0.0111766
6.08573e-06
6.23393e-06
6.11266e-06
6.1227e-06
6.06972e-06
6.1403e-06
0.00356133
0.0123574
6.09445e-06
6.08438e-06
6.1294e-06
6.0866e-06
2.08722e-07
0.00927442
6.06845e-06
6.20164e-06
5.90117e-06
6.14923e-06
0.0119426
6.08952e-06
6.08906e-06
6.14877e-06
6.14776e-06
6.06935e-06
6.22727e-06
6.09832e-06
6.09744e-06
4.37618e-06
6.08052e-06
6.09726e-06
6.15078e-06
6.12688e-06
6.07335e-06
6.13132e-06
0.00414947
6.23979e-06
6.06947e-06
6.08044e-06
6.15729e-06
6.0759e-06
0.00526239
6.08716e-06
6.07435e-06
6.07744e-06
6.13992e-06
6.24588e-06
6.0816e-06
6.18022e-06
6.08483e-06
6.0841e-06
1.89388e-06
6.08299e-06
6.09857e-06
6.08586e-06
6.26162e-06
6.15144e-06
6.07042e-06
6.07362e-06
6.11137e-06
0.0112934
0.00133433
6.07993e-06
6.08039e-06
6.0699e-06
6.07424e-06
6.1327e-06
6.09554e-06
6.08661e-06
6.06905e-06
6.09986e-06
6.07325e-06
6.69605e-06
6.09808e-06
6.07047e-06
0.00120694
6.11612e-06
0.004555
6.06933e-06
6.1169e-06
6.07109e-06
6.11694e-06
0.00274132
6.0854e-06
6.0778e-06
5.62629e-06
6.08152e-06
6.10059e-06
6.26879e-06
7.18899e-06
6.14414e-06
6.07199e-06
6.24004e-06
6.08426e-06
6.0893e-06
6.15233e-06
1.69304e-07
6.13693e-06
6.14131e-06
0.00499964
6.08903e-06
6.09275e-06
6.10321e-06
6.08996e-06
6.18511e-06
3.59593e-06
0.000287148
0.00332578
7.10287e-06
6.18944e-06
6.09467e-06
6.09479e-06
4.17469e-06
6.08421e-06
6.0936e-06
6.12692e-06
6.07008e-06
6.08067e-06
6.19836e-06
6.06914e-06
6.12336e-06
6.21427e-06
5.19623e-06
5.36788e-06
6.07164e-06
6.06881e-06
6.13538e-06
2.55006e-05
6.08106e-06
6.06797e-06
6.06918e-06
6.12811e-06
0.00165566
6.11965e-06
6.22491e-06
0.00247007
0.00371233
6.09462e-06
6.17761e-06
6.06939e-06
6.0836e-06
6.07881e-06
6.1016e-06
6.1777e-06
6.09397e-06
6.08097e-06
6.07062e-06
0.000342362
6.06962e-06
0.000352931
7.20386e-05
6.14607e-06
6.10489e-06
6.07288e-06
1.93009e-05
6.06842e-06
3.94138e-05
6.12226e-06
6.57724e-06
5.66915e-06
6.13e-06
6.06971e-06
6.0973e-06
6.07453e-06
6.07915e-06
6.07708e-06
6.15334e-06
6.0726e-06
6.10187e-06
5.9603e-06
6.08615e-06
6.07776e-06
6.16666e-06
6.14802e-06
6.07141e-06
6.06873e-06
6.0712e-06
6.07063e-06
6.07672e-06
6.08879e-06
6.44701e-06
6.14187e-06
0.00965942
6.07586e-06
6.08251e-06
6.15111e-06
6.1296e-06
6.0863e-06
6.10235e-06
6.08936e-06
6.13072e-06
6.07242e-06
6.15083e-06
0.0050003
6.06961e-06
0.000352721
6.07543e-06
6.21813e-06
0.000584588
6.18462e-06
6.07384e-06
6.90347e-06
6.69914e-06
2.45604e-08
6.26738e-06
6.21063e-06
6.09153e-06
6.08082e-06
6.1083e-06
6.03551e-06
0.000286206
6.07323e-06
6.09366e-06
6.13417e-06
6.07104e-06
6.08923e-06
3.10048e-05
6.08909e-06
6.1537e-06
6.08907e-06
6.09345e-06
6.09791e-06
6.14903e-06
6.0892e-06
6.17353e-06
6.11091e-06
8.57011e-05
6.07093e-06
6.13639e-06
6.07912e-06
6.07423e-06
6.09968e-06
6.0915e-06
6.09332e-06
6.14818e-06
2.42915e-05
0.0048396
6.08054e-06
6.08532e-06
5.74938e-06
6.06859e-06
6.09158e-06
6.07116e-06
6.06972e-06
6.07031e-06
6.16949e-06
6.10869e-06
6.0946e-06
6.08182e-06
0.00254516
6.07124e-06
6.08784e-06
6.16051e-06
6.14273e-06
6.09124e-06
6.09494e-06
6.07687e-06
6.13694e-06
6.13435e-06
6.07105e-06
6.0811e-06
6.09552e-06
4.6454e-05
6.06895e-06
6.0798e-06
0.00735434
6.22451e-06
6.07467e-06
6.23865e-06
2.79956e-06
6.17945e-06
2.16678e-06
6.06908e-06
6.12863e-06
6.21023e-06
6.09903e-06
6.07997e-06
6.07876e-06
9.30484e-07
5.8776e-06
4.8312e-09
5.53565e-06
2.99963e-05
6.07251e-06
6.08867e-06
6.16747e-06
6.09615e-06
7.39228e-06
6.089e-06
6.09519e-06
6.1273e-06
6.07047e-06
6.07672e-06
6.07336e-06
6.16679e-06
6.13111e-06
6.06546e-06
6.08497e-06
6.09928e-06
6.14267e-06
6.41104e-06
6.18575e-06
0.00137667
6.08783e-06
6.12122e-06
6.11784e-06
6.07896e-06
6.06841e-06
6.10215e-06
6.08872e-06
6.11204e-06
6.07591e-06
6.07141e-06
6.13445e-06
6.08578e-06
6.10523e-06
6.09583e-06
6.07004e-06
6.08125e-06
0.00325201
6.07023e-06
6.10859e-06
6.45944e-06
6.0862e-06
6.07729e-06
6.11246e-06
6.07712e-06
0.000191278
6.12775e-06
6.1177e-06
6.07711e-06
6.12934e-06
6.12408e-06
6.13714e-06
6.1136e-06
6.13402e-06
6.13006e-06
6.07983e-06
6.0702e-06
6.07906e-06
6.09263e-06
6.07111e-06
6.08375e-06
6.08459e-06
6.15212e-06
6.13857e-06
1.86716e-06
6.23776e-06
0.00459211
6.19045e-06
6.07182e-06
6.13509e-06
6.1172e-06
6.1193e-06
0.00142982
6.084e-06
6.12946e-06
6.26018e-06
6.07567e-06
6.09164e-06
6.08063e-06
6.08074e-06
6.07264e-06
0.000576633
6.1022e-06
0.00178453
6.08414e-06
6.09644e-06
6.07506e-06
4.49706e-06
6.06802e-06
6.09312e-06
6.13338e-06
6.09074e-06
6.11949e-06
6.09446e-06
6.07007e-06
6.1758e-06
6.13128e-06
6.08051e-06
6.08233e-06
6.06973e-06
6.13642e-06
6.13066e-06
8.01473e-06
6.08801e-06
6.0799e-06
0.00619985
6.09435e-06
6.18876e-06
2.27279e-05
6.07115e-06
6.08349e-06
6.0711e-06
6.08685e-06
0.0107279
6.07666e-06
6.08273e-06
6.07189e-06
6.09785e-06
6.07293e-06
6.11457e-06
6.07172e-06
6.08439e-06
6.07264e-06
6.126e-06
6.07602e-06
6.09733e-06
6.08559e-06
6.15752e-06
0.000141814
6.08737e-06
6.06996e-06
6.10677e-06
6.08912e-06
6.07013e-06
0.00687823
6.08426e-06
6.07062e-06
6.07098e-06
4.35667e-06
7.168e-06
6.08753e-06
6.07875e-06
6.16009e-06
6.27144e-06
6.15084e-06
6.06982e-06
6.07029e-06
2.93248e-09
6.09344e-06
2.18351e-06
6.08624e-06
6.07243e-06
6.06941e-06
0.000857698
6.11169e-06
6.1029e-06
6.08065e-06
6.07506e-06
6.14863e-06
6.2215e-06
6.08535e-06
6.07031e-06
6.09419e-06
6.09128e-06
6.06845e-06
6.77471e-08
6.07294e-06
6.08884e-06
6.26646e-06
6.07171e-06
6.40692e-06
6.07326e-06
5.63288e-06
6.07553e-06
3.8907e-06
6.09013e-06
6.17796e-06
6.09892e-06
6.0826e-06
5.11158e-07
6.08645e-06
6.3398e-06
6.08388e-06
6.06982e-06
6.06891e-06
1.66239e-06
6.07141e-06
6.07682e-06
6.19912e-06
6.11546e-06
6.22441e-06
6.07981e-06
6.08525e-06
6.08825e-06
6.07118e-06
3.94743e-08
7.37042e-06
6.07753e-06
6.08496e-06
1.01143e-05
6.07723e-06
6.16144e-06
6.13706e-06
0.004799
0.00869956
6.08534e-06
6.07192e-06
6.07037e-06
6.08834e-06
6.11649e-06
6.61366e-06
0.0045313
6.13103e-06
0.00682131
6.08881e-06
6.08143e-06
6.17467e-06
6.1197e-06
6.13639e-06
6.16419e-06
6.12415e-06
6.06916e-06
0.0103383
0.00534166
6.08901e-06
6.19678e-06
6.08798e-06
6.09702e-06
0.00241243
6.0771e-06
6.10628e-06
6.15417e-06
6.08423e-06
6.08152e-06
6.21075e-06
6.10187e-06
6.1143e-06
6.12132e-06
6.16683e-06
6.17808e-06
6.14581e-06
6.11902e-06
6.84285e-06
6.08168e-06
6.10234e-06
6.19519e-06
6.07343e-06
0.0103008
6.0919e-06
0.00260289
6.06883e-06
6.07638e-06
6.07344e-06
6.12499e-06
6.16905e-06
6.16483e-06
0.0112677
4.87742e-06
6.15821e-06
1.84354e-06
5.83586e-06
0.00937056
6.11839e-06
6.11886e-06
6.12026e-06
6.0743e-06
6.09454e-06
6.171e-06
6.08619e-06
0.000657278
6.12781e-06
0.0155118
0.00820776
6.07626e-06
6.08571e-06
6.08556e-06
6.09694e-06
6.08537e-06
0.00324068
1.2531e-06
6.87826e-07
6.12339e-06
8.74253e-06
6.06921e-06
6.17243e-06
6.1061e-06
6.06961e-06
6.14602e-06
6.07852e-06
6.19712e-06
6.10679e-06
6.12287e-06
6.10921e-06
6.11237e-06
6.11609e-06
6.0836e-06
6.17428e-06
3.37163e-06
6.07169e-06
6.08747e-06
6.12467e-06
6.081e-06
0.00664976
6.19306e-06
6.09083e-06
6.17666e-06
6.13642e-06
6.08871e-06
6.27225e-06
6.25002e-06
0.000419329
6.14279e-06
5.12613e-06
6.1202e-06
6.13293e-06
6.17826e-06
0.00711129
6.10393e-06
6.09693e-06
6.08095e-06
6.08704e-06
6.11005e-06
6.08534e-06
6.07156e-06
6.1358e-06
6.06707e-06
6.17262e-06
0.0102281
0.00991496
4.57263e-06
6.18128e-06
6.08835e-06
6.3051e-06
6.08659e-06
6.08271e-06
0.011283
0.000157115
6.24759e-06
6.07616e-06
6.08689e-06
6.09546e-06
6.10652e-06
6.08179e-06
6.18337e-06
6.09024e-06
0.000257102
0.000710113
6.08023e-06
6.06882e-06
6.07476e-06
6.08087e-06
6.17876e-06
6.15626e-06
1.98936e-07
6.0846e-06
0.00686077
6.18327e-06
6.09304e-06
6.09994e-06
6.13613e-06
6.07567e-06
6.13987e-06
6.29146e-06
6.08882e-06
6.08201e-06
7.37147e-06
6.12667e-06
6.07343e-06
6.08054e-06
6.09631e-06
6.11541e-06
6.13089e-06
6.10322e-06
6.07392e-06
6.07203e-06
6.08884e-06
6.076e-06
6.13603e-06
6.07263e-06
3.20016e-06
6.18342e-06
6.12905e-06
6.13521e-06
6.18276e-06
6.19669e-06
6.25828e-06
6.06904e-06
6.10104e-06
6.08897e-06
6.17854e-06
6.07705e-06
6.13503e-06
6.09751e-06
6.11832e-06
6.19915e-06
6.06635e-06
6.07592e-06
6.09319e-06
0.00370745
6.13233e-06
6.15871e-06
6.10213e-06
6.15769e-06
6.08802e-06
6.06908e-06
6.07024e-06
6.07028e-06
1.11738e-07
6.23798e-06
6.07407e-06
1.87024e-11
0.00248821
6.20824e-06
5.924e-06
6.08066e-06
6.16356e-06
6.07207e-06
6.13578e-06
6.09035e-06
6.0735e-06
2.18516e-12
0.00456537
6.08186e-06
6.10788e-06
6.18928e-06
6.23733e-06
6.21125e-06
6.08567e-06
6.07227e-06
6.08761e-06
6.06784e-06
6.08838e-06
6.0846e-06
6.07183e-06
0.0111434
6.09326e-06
0.0137456
7.082e-09
6.08655e-06
6.12844e-06
6.07459e-06
6.15515e-06
6.07744e-06
6.07737e-06
6.06242e-06
6.07998e-06
3.55931e-06
6.07361e-06
6.08871e-06
9.70268e-06
0.00640947
0.00416002
6.08875e-06
6.09657e-06
0.00471636
6.07618e-06
6.06925e-06
6.26162e-06
6.1021e-06
6.08757e-06
6.08849e-06
6.10786e-06
6.06912e-06
0.0102558
6.07705e-06
0.00367394
6.3116e-06
6.41911e-06
6.10761e-06
6.07486e-06
6.07259e-06
6.09917e-06
6.09083e-06
6.08615e-06
6.39177e-06
6.08787e-06
6.10103e-06
6.07136e-06
6.10553e-06
6.17508e-06
0.0012851
6.12199e-06
6.12309e-06
6.07517e-06
6.07556e-06
6.09827e-06
6.09819e-06
6.09097e-06
6.11453e-06
6.07478e-06
6.07318e-06
6.07029e-06
6.09339e-06
6.07743e-06
6.07319e-06
1.05421e-07
6.08862e-06
6.30991e-06
6.08406e-06
6.1277e-06
6.14316e-06
6.07061e-06
6.08638e-06
0.000167497
6.06986e-06
8.15683e-06
3.87104e-05
2.63753e-08
6.09462e-06
6.17361e-06
6.10055e-06
6.14222e-06
0
6.14238e-06
6.11074e-06
6.07203e-06
6.17897e-06
6.07943e-06
6.16338e-06
6.13454e-06
6.08077e-06
5.7317e-06
6.09618e-06
6.12453e-06
6.07631e-06
6.07614e-06
6.08778e-06
6.16718e-06
6.24289e-06
6.13387e-06
6.08902e-06
6.06909e-06
0.0041653
6.31275e-06
6.14301e-06
6.08832e-06
6.16509e-06
6.12691e-06
0.00296711
6.07085e-06
6.06859e-06
6.10859e-06
6.13351e-06
6.14435e-06
6.24916e-06
6.09143e-06
6.10084e-06
6.20789e-06
6.32271e-06
6.47347e-06
6.13223e-06
3.25107e-11
6.06864e-06
6.14732e-06
6.08838e-06
6.40024e-06
6.07453e-06
6.12927e-06
6.12621e-06
5.83263e-06
6.06794e-06
6.09615e-06
6.45681e-06
6.12908e-06
0
6.07806e-06
6.08432e-06
6.07188e-06
6.08637e-06
0.00231945
6.13332e-06
6.22697e-06
6.07041e-06
6.07246e-06
6.07279e-06
6.12991e-06
6.07466e-06
6.09339e-06
0.000481842
6.08403e-06
6.07342e-06
6.07445e-06
6.12727e-06
5.91628e-06
6.20775e-06
6.08505e-06
6.10738e-06
6.10402e-06
6.07768e-06
0.0021331
6.07348e-06
6.19687e-06
6.0704e-06
6.07787e-06
6.06991e-06
6.07215e-06
0.00685825
6.07352e-06
6.07242e-06
1.35868e-07
6.16718e-06
6.10819e-06
6.13209e-06
6.08146e-06
6.0869e-06
6.09875e-06
6.07839e-06
6.12216e-06
6.13821e-06
6.08499e-06
1.9455e-07
0.0107369
1.65208e-08
6.13779e-06
5.69272e-11
6.08011e-06
6.07111e-06
6.1074e-06
6.20645e-06
0.00666505
6.0918e-06
6.04005e-06
6.0742e-06
6.07064e-06
6.06789e-06
5.44475e-06
6.19686e-06
6.0697e-06
6.26519e-06
6.06814e-06
6.10936e-06
6.0706e-06
6.26645e-06
6.08141e-06
6.12049e-06
7.29752e-06
6.07163e-06
6.08547e-06
6.08905e-06
6.12434e-06
6.12351e-06
6.08463e-06
6.08147e-06
7.16361e-06
6.07023e-06
6.08652e-06
6.08912e-06
6.06797e-06
6.26784e-06
6.09612e-06
6.0793e-06
6.07305e-06
6.07109e-06
6.1171e-06
6.11541e-06
6.16859e-06
0.00312718
6.10101e-06
6.09352e-06
6.08529e-06
1.26753e-05
6.45105e-06
6.46523e-06
6.07647e-06
6.08769e-06
6.09191e-06
5.05809e-05
6.0757e-06
6.07235e-06
6.0965e-06
8.17383e-06
5.41791e-07
6.13764e-06
6.06938e-06
6.11399e-06
6.09589e-06
0.00841816
6.07808e-06
6.1448e-06
6.07997e-06
6.10791e-06
5.98315e-06
6.07029e-06
0.000688314
6.12132e-06
0.00373906
6.0894e-06
6.13008e-06
0.00530665
6.08974e-06
6.07397e-06
0.00744193
6.12669e-06
6.14111e-06
0.000250531
0.00518618
6.07294e-06
0.0128585
6.63001e-06
6.1237e-06
0
6.08442e-06
6.07238e-06
6.15759e-06
6.10515e-06
0.0061806
6.08858e-06
6.08183e-06
6.09106e-06
6.09204e-06
6.0859e-06
6.07289e-06
6.1216e-06
6.12449e-06
6.10341e-06
6.14136e-06
0.000145523
6.07044e-06
6.17383e-06
6.07411e-06
4.93837e-06
6.08747e-06
6.09141e-06
6.24476e-06
6.03105e-06
6.12777e-06
6.16695e-06
0.00871113
0.0123643
6.60037e-06
6.09543e-06
6.33961e-06
6.14141e-06
5.91435e-06
6.07062e-06
6.07108e-06
0.00115095
6.11171e-06
6.0827e-06
6.08971e-06
6.10627e-06
6.08291e-06
6.19392e-06
6.1466e-06
6.19026e-06
6.0892e-06
6.17039e-06
6.07333e-06
6.07995e-06
6.07889e-06
6.1153e-06
6.09686e-06
6.08767e-06
0.000352764
5.64245e-06
6.10757e-06
6.09177e-06
6.1468e-06
6.12178e-06
6.07201e-06
6.09683e-06
6.07699e-06
6.07148e-06
6.06803e-06
6.24849e-06
6.07725e-06
6.11016e-06
6.09071e-06
6.06931e-06
6.09009e-06
6.12023e-06
6.08648e-06
6.09006e-06
6.09997e-06
6.37632e-06
6.07221e-06
6.07112e-06
6.1556e-06
6.0899e-06
6.34743e-06
6.1237e-06
6.07052e-06
6.07811e-06
6.07197e-06
6.08442e-06
6.08606e-06
6.10221e-06
0.000215081
7.55486e-07
6.19229e-06
6.1318e-06
6.11339e-06
6.07298e-06
6.07714e-06
6.07132e-06
6.07691e-06
6.08848e-06
6.0767e-06
6.14689e-06
6.07194e-06
6.06939e-06
6.08219e-06
0.00018085
6.07181e-06
6.07428e-06
0.00108254
6.07171e-06
6.14024e-06
6.12614e-06
6.1078e-06
6.09499e-06
6.13994e-06
0.00464995
6.08905e-06
6.07101e-06
6.07933e-06
6.0679e-06
6.06979e-06
6.07973e-06
6.08765e-06
6.07383e-06
6.12738e-06
6.09546e-06
6.07313e-06
6.10262e-06
6.06929e-06
6.1342e-06
6.18204e-06
6.15529e-06
6.102e-06
6.08509e-06
6.07179e-06
6.1555e-06
6.09303e-06
6.23457e-06
6.21893e-06
0.00131505
6.07698e-06
6.07225e-06
6.07552e-06
6.07601e-06
6.07197e-06
6.08726e-06
6.10576e-06
6.0706e-06
6.09726e-06
6.24597e-06
6.14609e-06
7.05129e-06
6.09008e-06
6.07278e-06
0.00954886
6.09208e-06
6.08647e-06
0.000203549
4.30561e-05
6.07337e-06
6.10585e-06
6.27598e-06
6.15115e-06
6.12976e-06
6.15852e-06
0.00609141
6.11015e-06
6.08028e-06
6.07416e-06
6.09087e-06
0.00278996
6.4856e-06
6.06945e-06
0.004931
6.07382e-06
6.10205e-06
6.1286e-06
6.0751e-06
6.19465e-06
6.0899e-06
6.07518e-06
6.07826e-06
6.13742e-06
6.08351e-06
6.13828e-06
6.09037e-06
6.42656e-06
6.07119e-06
6.13542e-06
9.18835e-08
6.14163e-06
6.08507e-06
6.10033e-06
6.06998e-06
6.18086e-06
6.17974e-06
6.08302e-06
6.08242e-06
6.08627e-06
1.34919e-07
6.08866e-06
6.15551e-06
6.19758e-06
6.09278e-06
6.07365e-06
6.07473e-06
6.08637e-06
0.0170184
6.50424e-06
5.64673e-06
6.08955e-06
0.000232744
6.0854e-06
6.26436e-06
6.18142e-06
6.07288e-06
6.08902e-06
6.11094e-06
6.2164e-06
6.06962e-06
6.18485e-06
6.08244e-06
6.07839e-06
6.07036e-06
6.12419e-06
0.0194259
6.08108e-06
6.07752e-06
6.10276e-06
6.10813e-06
5.25166e-06
6.20279e-06
6.13334e-06
0.00296135
6.0735e-06
6.08914e-06
6.09096e-06
0.00734279
6.07649e-06
7.04654e-06
6.07332e-06
6.09253e-06
6.21068e-06
6.1639e-06
6.26432e-06
6.08793e-06
6.07338e-06
6.07832e-06
6.08601e-06
0.000342858
6.08872e-06
6.26662e-06
6.10938e-06
6.23618e-06
6.08496e-06
6.22098e-06
6.11525e-06
6.13802e-06
6.10017e-06
6.08364e-06
6.06815e-06
6.09918e-06
0.00125826
0.0103951
6.16614e-06
0.008251
6.06969e-06
6.16602e-06
6.08808e-06
6.07704e-06
6.06805e-06
6.15264e-06
1.28638e-11
1.4806e-05
6.08396e-06
6.07032e-06
6.06862e-06
6.07202e-06
0.00626477
6.07193e-06
6.28748e-06
6.08834e-06
6.23572e-06
6.088e-06
6.07635e-06
6.08728e-06
6.0793e-06
0.000451359
6.06941e-06
6.11145e-06
0.00859101
0.0115447
6.1369e-06
0.0170205
0.00712475
6.13779e-06
6.13862e-06
5.7107e-06
1.33577e-05
0.000167639
6.12538e-06
0.00635893
6.11988e-06
6.43317e-06
6.08175e-06
6.09041e-06
6.27965e-06
6.08628e-06
6.07667e-06
0.0178916
6.07258e-06
6.08056e-06
6.24298e-06
6.15219e-06
0.0116844
6.06817e-06
6.07976e-06
6.16881e-06
6.08721e-06
6.12409e-06
0.000501157
5.71592e-06
6.08082e-06
9.52712e-06
6.10762e-06
0.007671
6.22294e-06
6.09634e-06
6.06779e-06
6.07946e-06
6.07238e-06
6.08839e-06
6.11639e-06
6.08344e-06
5.74796e-06
0.00948659
6.10467e-06
6.29768e-06
6.07271e-06
6.08228e-06
6.12921e-06
6.13095e-06
2.12668e-05
6.13083e-06
6.07064e-06
6.0907e-06
6.06987e-06
7.68797e-06
0.000123709
6.07896e-06
6.07975e-06
6.13303e-06
6.13981e-06
6.08778e-06
6.09433e-06
6.13253e-06
4.23843e-06
6.07494e-06
0.000102143
6.07448e-06
6.11987e-06
6.07033e-06
6.22922e-06
6.07983e-06
6.13728e-06
6.16923e-06
6.08757e-06
6.08722e-06
6.30474e-06
0.000153305
6.08715e-06
6.59268e-06
6.07623e-06
6.07155e-06
6.07119e-06
5.67105e-06
6.14772e-06
6.09186e-06
6.09511e-06
6.09107e-06
6.07282e-06
6.07739e-06
6.08396e-06
0.00114323
6.13601e-06
6.0797e-06
6.31679e-06
6.0734e-06
6.11108e-06
6.14063e-06
6.09053e-06
0.00969154
6.06998e-06
6.10336e-06
5.76812e-06
0.000197427
6.11067e-06
7.26649e-05
6.08665e-06
6.08864e-06
6.07512e-06
6.2462e-06
6.08858e-06
6.11102e-06
6.15877e-06
6.07442e-06
0.0102879
6.14527e-06
6.09641e-06
0.000143316
6.1328e-06
6.07642e-06
6.08028e-06
6.12489e-06
6.13495e-06
6.08269e-06
6.06828e-06
6.11135e-06
5.83523e-06
6.14762e-06
6.07976e-06
6.08834e-06
6.08599e-06
6.17987e-06
6.12844e-06
6.10859e-06
6.07313e-06
6.08057e-06
8.13119e-06
6.07594e-06
7.46234e-06
6.07682e-06
6.07507e-06
6.0685e-06
6.10525e-06
9.45689e-07
6.08336e-06
6.14817e-06
6.08572e-06
0.000180256
6.08506e-06
6.14654e-06
5.91764e-06
6.07416e-06
0.00149887
6.10864e-06
6.13431e-06
6.08247e-06
6.07118e-06
6.07722e-06
6.06893e-06
6.12734e-06
6.34539e-06
6.08923e-06
6.08844e-06
6.07171e-06
6.1423e-06
6.14171e-06
0.00213185
0.00345948
6.14135e-06
6.06985e-06
6.07963e-06
6.08397e-06
6.98008e-07
6.11087e-06
6.08236e-06
6.26037e-06
6.34738e-06
6.10702e-06
6.25678e-06
6.0876e-06
6.07979e-06
6.1314e-06
5.60566e-06
0.0112773
6.10028e-06
6.11706e-06
6.25313e-06
1.00055e-06
0.00204723
3.0285e-05
6.09116e-06
6.09396e-06
6.06988e-06
6.08127e-06
8.46147e-06
0.00060384
6.13369e-06
6.17064e-06
6.19864e-06
6.09496e-06
6.16596e-06
6.073e-06
6.07513e-06
6.11267e-06
6.071e-06
6.10888e-06
0.0070175
6.20616e-06
6.07092e-06
6.08478e-06
6.06922e-06
0.00218595
6.08671e-06
4.33702e-08
6.16117e-06
6.0922e-06
6.07009e-06
6.07805e-06
0.00937687
6.07928e-06
0.00939034
6.10259e-06
6.1102e-06
6.07582e-06
6.84161e-06
6.09399e-06
6.07e-06
6.11444e-06
6.09597e-06
6.1127e-06
6.09516e-06
6.07105e-06
6.07058e-06
6.08874e-06
6.09269e-06
6.07375e-06
6.08493e-06
0.00454739
1.21279e-05
6.12777e-06
0.00284223
5.88292e-06
6.07067e-06
6.13747e-06
6.08707e-06
6.18787e-06
6.07482e-06
6.08581e-06
6.0714e-06
6.09929e-06
6.07696e-06
6.11554e-06
6.07962e-06
6.08581e-06
0.00117189
6.08275e-06
0.00719612
6.07101e-06
6.08137e-06
6.16852e-06
6.09084e-06
6.11938e-06
0.000994771
6.07284e-06
6.0804e-06
0.00960964
6.07922e-06
6.09108e-06
6.0898e-06
6.1035e-06
6.09021e-06
6.1268e-06
0.0100031
6.08429e-06
4.74699e-05
6.084e-06
6.09918e-06
2.79579e-06
6.06965e-06
6.07468e-06
0.00880002
6.07736e-06
6.07398e-06
6.07425e-06
6.07128e-06
4.17455e-06
6.10001e-06
6.0993e-06
6.13859e-06
6.08694e-06
6.13169e-06
6.10439e-06
6.08847e-06
6.29665e-06
6.09499e-06
6.07794e-06
6.14523e-06
6.13278e-06
6.10774e-06
6.07293e-06
6.10925e-06
6.07958e-06
6.1379e-06
6.08923e-06
6.13792e-06
8.29165e-06
6.07195e-06
6.08075e-06
6.07194e-06
6.09842e-06
6.07315e-06
6.0998e-06
6.09002e-06
0.00743249
6.08584e-06
6.09157e-06
6.07022e-06
6.13518e-06
6.78774e-06
6.58327e-06
6.43964e-06
6.08045e-06
6.11269e-06
0.000596049
6.07035e-06
0.000123972
6.07073e-06
6.06986e-06
6.10037e-06
6.09504e-06
6.08808e-06
6.07167e-06
6.10409e-06
6.12465e-06
0.00598939
0.0074271
6.0714e-06
6.07526e-06
1.94778e-07
1.14375e-10
6.2427e-06
6.10771e-06
6.13743e-06
6.07132e-06
6.13373e-06
6.08557e-06
6.05462e-06
0.00157973
6.07675e-06
6.09626e-06
6.09394e-06
8.18358e-05
0.0128034
6.10738e-06
0.0106779
0.0203634
6.10028e-06
6.06939e-06
6.08599e-06
6.08955e-06
1.53531e-05
6.08633e-06
5.46824e-06
6.11593e-06
6.26012e-06
6.26208e-06
6.09612e-06
6.13138e-06
6.0799e-06
6.28593e-06
6.15305e-06
6.07424e-06
6.08788e-06
6.09402e-06
6.12366e-06
0.00183036
6.10031e-06
6.08483e-06
6.08946e-06
6.07266e-06
0.00731319
6.09984e-06
6.07178e-06
6.07059e-06
6.08491e-06
6.14765e-06
6.13032e-06
6.15655e-06
6.17379e-06
0.00923889
6.10749e-06
0.00615886
0.000372464
6.07081e-06
6.08429e-06
6.06954e-06
6.09001e-06
6.07184e-06
0.0165153
6.09704e-06
6.13389e-06
6.12851e-06
6.14968e-06
0.00765661
7.35253e-06
6.37866e-06
0.000338465
6.06793e-06
6.30267e-06
6.1918e-06
6.06987e-06
6.19301e-06
6.07541e-06
6.08382e-06
6.26989e-06
6.41592e-06
0.00953615
6.06994e-06
6.50884e-06
6.06876e-06
6.07003e-06
6.06835e-06
6.09676e-06
6.09103e-06
0.00261751
6.08425e-06
6.07029e-06
6.13467e-06
6.11118e-06
6.09558e-06
6.09887e-06
6.07761e-06
6.06993e-06
6.14793e-06
6.07611e-06
6.3841e-06
6.08423e-06
6.07507e-06
6.12608e-06
6.08764e-06
0.00384022
6.09262e-06
6.09836e-06
6.09146e-06
6.14043e-06
6.13748e-06
0.00551723
6.13434e-06
6.08898e-06
6.16015e-06
6.07471e-06
6.07714e-06
6.11087e-06
6.09477e-06
6.089e-06
6.18249e-06
6.18832e-06
6.07609e-06
6.17691e-06
0.00711543
6.06812e-06
6.07266e-06
6.13065e-06
6.06975e-06
6.06977e-06
6.09445e-06
6.09158e-06
0.00660507
0.000346483
4.69348e-06
6.07438e-06
0.0204411
6.07098e-06
0.00166391
6.12389e-06
5.1808e-06
0.000662409
0.0135377
6.07925e-06
6.09136e-06
6.08461e-06
6.09296e-06
0.00212494
0.00070399
6.18384e-06
6.21927e-06
0.000263436
0.000658428
6.09003e-06
2.7416e-06
6.14245e-06
6.09491e-06
6.06944e-06
6.09735e-06
6.13694e-06
0.00548589
6.1192e-06
6.2385e-06
6.08676e-06
6.07331e-06
6.14621e-06
6.10129e-06
6.44543e-06
0.0106413
6.07792e-06
6.07195e-06
6.16907e-06
6.06845e-06
6.10723e-06
6.19712e-06
6.15643e-06
0.000158632
6.1606e-06
6.45129e-06
6.11945e-06
6.15342e-06
6.27136e-06
6.09067e-06
6.14772e-06
0.000393417
5.34422e-05
6.15072e-06
7.89344e-06
0.00021148
6.15128e-06
6.07206e-06
0.000541417
6.36554e-06
6.08906e-06
6.08118e-06
6.09064e-06
6.14501e-06
6.08296e-06
3.87451e-06
6.50093e-06
6.07496e-06
6.11988e-06
6.0994e-06
6.06951e-06
0.00921908
6.0746e-06
6.47658e-07
6.07407e-06
6.10856e-06
6.12736e-06
6.10692e-06
0.000284565
6.2056e-06
6.07868e-06
6.13269e-06
0.000408638
6.08577e-06
6.05713e-06
0.00800185
6.12908e-06
6.09364e-06
6.15887e-06
6.09164e-06
6.13763e-06
1.31735e-07
6.58514e-06
6.17063e-06
6.07319e-06
6.08607e-06
0.000856841
6.15152e-06
6.08365e-06
0.000330451
0.000294948
6.15975e-06
6.11253e-06
6.53577e-06
6.06968e-06
0.00227198
6.07179e-06
6.15602e-06
6.08845e-06
6.06837e-06
6.1695e-06
6.1465e-06
6.08738e-06
6.12757e-06
6.17192e-06
6.0957e-06
6.2664e-06
6.10285e-06
6.13298e-06
7.27175e-06
0.00911571
5.7488e-06
6.10723e-06
6.08653e-06
0.000449702
6.12963e-06
6.09361e-06
4.05669e-05
3.18943e-14
6.17259e-06
6.10727e-06
6.07163e-06
6.07212e-06
0.00884857
6.08345e-06
6.7245e-06
6.07086e-06
6.29602e-06
6.08121e-06
6.08556e-06
6.38502e-06
6.07547e-06
6.19176e-06
6.08769e-06
6.06995e-06
6.09298e-06
6.26905e-06
0.0183377
6.08143e-06
6.14141e-06
6.29499e-06
6.44011e-06
0.000528625
6.09515e-06
6.0705e-06
6.08933e-06
6.14024e-06
6.08738e-06
6.1523e-06
6.1328e-06
0.0151935
2.79179e-08
6.44685e-06
6.6548e-06
6.07374e-06
6.07814e-06
0.0103903
5.50977e-06
0.00314506
6.08843e-06
7.24133e-06
0.0010748
5.67308e-06
6.12598e-06
0.0104577
0.0107097
6.07948e-06
6.1066e-06
6.07256e-06
6.06905e-06
6.1004e-06
6.10097e-06
6.08313e-06
6.07119e-06
6.09993e-06
6.09579e-06
4.74192e-06
6.09938e-06
7.11905e-06
6.09889e-06
2.34628e-07
6.09559e-06
0.0109651
6.08433e-06
6.08259e-06
6.08766e-06
0.00433528
6.09146e-06
6.07533e-06
6.11094e-06
6.09943e-06
6.13728e-06
0.0031252
6.08225e-06
6.18182e-06
6.07211e-06
6.08145e-06
6.06868e-06
6.07025e-06
6.0771e-06
6.08484e-06
6.39242e-06
0.00573274
6.06907e-06
8.15828e-05
6.0749e-06
6.08648e-06
6.06904e-06
6.14429e-06
6.07976e-06
0.0078435
6.1023e-06
6.07596e-06
6.13543e-06
3.22451e-05
6.07983e-06
1.03694e-08
6.09562e-06
0.000483337
6.06957e-06
6.10536e-06
6.0716e-06
6.11366e-06
6.13804e-06
6.07195e-06
6.10893e-06
6.07099e-06
6.15177e-06
6.07932e-06
6.43342e-06
6.07078e-06
6.08515e-06
6.08935e-06
6.12371e-06
6.06869e-06
6.11277e-06
6.12577e-06
6.07609e-06
6.11869e-06
0.000354867
6.16572e-06
6.12509e-06
6.07984e-06
6.08065e-06
0.00642871
0.00755284
0.000532526
6.13556e-06
6.13085e-06
0.013819
6.13154e-06
0.00654155
6.08008e-06
0.00444989
6.80006e-06
6.62774e-06
6.07226e-06
0.00961276
6.13919e-06
6.10249e-06
6.08704e-06
8.45996e-06
6.09397e-06
6.08013e-06
6.06931e-06
6.08422e-06
6.10347e-06
0.0036418
6.13701e-06
6.93541e-06
6.14207e-06
6.0913e-06
6.08585e-06
6.0873e-06
0.00695264
6.07041e-06
6.07698e-06
6.07249e-06
6.07366e-06
6.46317e-06
0.00843737
6.12555e-06
6.12662e-06
6.07023e-06
0.00357411
2.45385e-06
5.97737e-06
6.0881e-06
6.07163e-06
6.09366e-06
0.0118992
6.06802e-06
6.47505e-06
6.08102e-06
0.007999
6.31616e-06
6.1016e-06
6.07148e-06
6.61522e-06
0.00582925
6.15571e-06
6.07145e-06
6.14915e-06
6.10678e-06
6.00417e-06
6.07952e-06
6.08889e-06
6.10625e-06
0.0108854
6.36443e-06
6.07106e-06
3.96273e-06
6.15131e-06
6.4645e-06
0.00127716
6.12957e-06
6.08248e-06
6.07658e-06
6.07244e-06
4.97386e-06
6.07988e-06
6.12671e-06
6.07879e-06
6.08536e-06
0.00936151
6.12845e-06
6.08025e-06
0.000220545
0.00927694
6.43273e-06
6.09879e-06
6.09337e-06
6.08373e-06
6.08969e-06
6.08979e-06
6.07316e-06
6.07007e-06
6.10171e-06
6.06978e-06
6.13127e-06
6.08397e-06
6.07485e-06
0.00567932
6.08635e-06
6.08476e-06
6.14316e-06
6.07105e-06
6.07563e-06
6.85369e-06
6.08571e-06
6.08603e-06
6.07293e-06
6.07115e-06
6.0872e-06
6.65113e-06
0.000930017
6.13745e-06
6.08804e-06
6.79636e-05
0.00576106
0.00825402
6.07047e-06
7.56544e-06
0.0004801
6.07256e-06
6.08634e-06
6.09934e-06
6.09845e-06
6.08357e-06
6.0752e-06
6.08634e-06
6.10901e-06
6.09114e-06
6.34057e-06
6.11683e-06
6.07193e-06
0.00882076
6.12211e-06
6.07951e-06
6.08481e-06
6.06906e-06
7.56924e-06
6.15716e-06
0.000993253
6.10712e-06
6.09021e-06
0.00430279
6.0826e-06
6.08279e-06
6.07268e-06
6.15515e-06
5.981e-06
6.20635e-06
6.08434e-06
6.08757e-06
6.21312e-06
6.14308e-06
6.09257e-06
6.08801e-06
6.71274e-06
0.0029176
6.07027e-06
6.07843e-06
6.12496e-06
6.41871e-06
6.09923e-06
6.12831e-06
6.08916e-06
6.08641e-06
0.000194213
6.12686e-06
6.0892e-06
6.06964e-06
0.00422997
6.07292e-06
6.77353e-06
6.06908e-06
6.09103e-06
6.0889e-06
6.26219e-06
6.15474e-06
6.17927e-06
6.80887e-05
6.08288e-06
6.07758e-06
6.06839e-06
6.09951e-06
6.07135e-06
6.07052e-06
6.09179e-06
6.66087e-06
6.10365e-06
6.12809e-06
6.15274e-06
6.73745e-06
6.06776e-06
6.17755e-06
0.00420191
6.10392e-06
7.93732e-06
6.07989e-06
5.96658e-06
6.08814e-06
6.08552e-06
6.40859e-06
6.10182e-06
6.13646e-06
6.07497e-06
6.08593e-06
6.15145e-06
6.07257e-06
6.07665e-06
6.09689e-06
6.07178e-06
6.09118e-06
6.50579e-06
5.92092e-06
0.0104968
0.0174186
6.07978e-06
0.00828019
6.07359e-06
6.10176e-06
6.39225e-06
0.000385002
6.08286e-06
6.0728e-06
6.0898e-06
6.07577e-06
6.08272e-06
6.08763e-06
6.09149e-06
6.16107e-06
9.77601e-10
0.000484784
6.42127e-06
1.78899e-06
6.13212e-06
6.08991e-06
6.08341e-06
6.38996e-06
6.16199e-06
6.10344e-06
6.97595e-06
6.09175e-06
6.07503e-06
6.29879e-06
6.15577e-06
6.11912e-06
6.09859e-06
0.000905769
0.0182639
0.00756761
6.16216e-06
6.08711e-06
6.08351e-06
6.10817e-06
6.13977e-06
6.13435e-06
6.08852e-06
6.10939e-06
6.08811e-06
0.000207318
6.0651e-06
0.00177581
6.0955e-06
6.08936e-06
0.00191947
6.08947e-06
6.07234e-06
6.07968e-06
6.15905e-06
6.44802e-06
6.08026e-06
6.11719e-06
6.15125e-06
6.10932e-06
6.10073e-06
6.08863e-06
1.08047e-06
8.0621e-06
6.15172e-06
6.10109e-06
6.16863e-06
4.89459e-05
6.12187e-06
6.62309e-06
6.09728e-06
6.16175e-06
6.13094e-06
2.77868e-06
6.30516e-06
6.09318e-06
6.38774e-06
6.10126e-06
6.44716e-06
6.12593e-06
6.44511e-06
0.000508742
2.06135e-07
6.17725e-06
6.1162e-06
6.70778e-06
6.10075e-06
6.09804e-06
6.10459e-06
6.35045e-06
6.13515e-06
6.20068e-06
6.13411e-06
6.13153e-06
6.07234e-06
6.09555e-06
5.8892e-06
6.16437e-06
0.0193882
6.08478e-06
0.00139944
6.15273e-06
6.08217e-06
6.07076e-06
6.09829e-06
6.17958e-06
6.15866e-06
6.19321e-06
6.28222e-06
6.10227e-06
6.09668e-06
6.11741e-06
6.16612e-06
6.07219e-06
6.09052e-06
0.010759
6.08363e-06
2.65048e-08
6.11904e-06
0.000286956
6.10273e-06
6.09327e-06
6.09042e-06
6.09057e-06
6.55216e-06
6.06859e-06
6.17238e-06
6.07054e-06
2.58021e-10
6.08607e-06
6.42111e-06
1.0221e-06
0.0181375
6.16771e-06
6.09935e-06
6.09847e-06
6.17656e-06
6.09597e-06
6.08835e-06
6.88817e-06
6.08881e-06
6.14532e-06
4.89357e-07
6.07087e-06
6.07511e-06
6.06878e-06
4.09643e-06
6.08407e-06
6.06444e-06
6.1183e-06
2.55513e-07
6.08011e-06
6.32378e-06
6.08583e-06
6.10331e-06
6.09642e-06
6.06788e-06
6.07479e-06
6.16933e-06
6.15299e-06
6.07266e-06
6.13717e-06
6.09637e-06
6.06847e-06
6.13968e-06
6.26835e-06
6.07954e-06
6.12155e-06
6.0736e-06
6.14779e-06
0.0118619
6.07668e-06
6.40092e-06
6.09251e-06
6.12295e-06
7.25563e-06
0.00475706
6.10977e-06
2.62591e-08
6.16359e-06
6.15736e-06
6.0746e-06
6.15432e-06
6.13168e-06
6.09416e-06
0.00500521
6.17152e-06
6.14163e-06
6.04507e-06
6.08605e-06
6.1374e-06
6.27288e-06
6.68269e-06
3.60363e-06
0.00100046
6.05522e-06
6.07878e-06
6.08706e-06
6.0828e-06
6.19507e-06
6.06888e-06
6.173e-06
2.13378e-07
6.069e-06
6.09305e-06
6.082e-06
6.07146e-06
6.08705e-06
0.00582646
6.13589e-06
6.07025e-06
6.20078e-06
6.10778e-06
6.1079e-06
6.13222e-06
6.17609e-06
6.63692e-06
6.08258e-06
6.07374e-06
6.08683e-06
6.08821e-06
6.08442e-06
6.13251e-06
6.13009e-06
6.34171e-06
5.60442e-06
0.00143943
6.10743e-06
6.07081e-06
0.00400231
6.08934e-06
6.13898e-06
6.12999e-06
6.17722e-06
6.19867e-06
6.44862e-06
6.08711e-06
3.19417e-06
6.18103e-06
6.06807e-06
6.08065e-06
6.25225e-06
6.06599e-06
6.0863e-06
6.16988e-06
6.0894e-06
6.08589e-06
6.1779e-06
6.07417e-06
6.45579e-06
0.00967648
6.11908e-06
6.06828e-06
6.12262e-06
6.06987e-06
6.15895e-06
6.25978e-06
6.08278e-06
6.1151e-06
6.09148e-06
6.0776e-06
6.13278e-06
6.11463e-06
6.08602e-06
6.12839e-06
6.14268e-06
6.36625e-06
6.07174e-06
6.07683e-06
6.07355e-06
6.17018e-06
0.000102182
6.06831e-06
6.17844e-06
6.07302e-06
6.06835e-06
9.80442e-06
6.10741e-06
0.00414753
6.10504e-06
0.00773949
0.00748289
6.06847e-06
0.00521731
6.10569e-06
6.09515e-06
6.13853e-06
6.86701e-06
6.21908e-06
6.07476e-06
6.44033e-06
6.10554e-06
6.09662e-06
6.07831e-06
6.79768e-06
6.08111e-06
6.06788e-06
6.23293e-06
6.69231e-06
6.07329e-06
1.00564e-05
0.0102221
0.00429
6.1485e-06
0.00736693
6.13338e-06
6.06883e-06
6.40723e-06
6.26806e-06
6.41112e-06
6.08755e-06
0.0124929
0.0064393
6.07053e-06
6.93851e-06
6.19354e-06
6.10328e-06
6.15723e-06
6.07139e-06
6.91423e-06
6.0721e-06
6.08233e-06
6.16665e-06
9.50865e-06
6.07757e-06
6.12397e-06
0.0115339
4.36198e-08
6.09378e-06
6.16784e-06
2.20745e-08
6.99306e-06
0.000845016
6.08071e-06
6.12514e-06
1.39608e-05
0.0210789
6.08702e-06
6.0912e-06
6.07173e-06
6.07264e-06
0.000363968
1.02988e-06
6.09942e-06
6.0876e-06
7.04769e-06
0.0077347
0.00197379
6.08614e-06
6.084e-06
6.087e-06
7.03234e-06
5.9993e-06
6.19415e-06
6.13232e-06
7.60085e-06
6.142e-06
6.10668e-06
6.10636e-06
6.09462e-06
6.09817e-06
6.07311e-06
6.17333e-06
7.28311e-06
6.11016e-06
6.12429e-06
6.10954e-06
6.13025e-06
6.08299e-06
6.39159e-06
6.12805e-06
6.14673e-06
6.07402e-06
1.9605e-05
0.0167789
0.015389
6.09918e-06
1.67199e-06
6.08728e-06
0.0107879
6.08494e-06
6.74704e-06
1.27248e-06
6.12776e-06
6.08889e-06
7.0588e-06
6.07557e-06
6.07052e-06
5.53387e-06
6.11591e-06
7.04072e-05
6.52572e-06
6.22053e-06
2.15574e-06
6.09313e-06
3.48098e-05
6.22924e-06
6.09303e-06
5.66992e-06
6.12172e-06
6.06949e-06
0.00343557
6.07528e-06
3.41904e-06
7.13443e-06
2.23889e-11
0.0138958
0.015487
9.34905e-05
6.09586e-06
0.000317332
6.08875e-06
6.83391e-06
2.76669e-06
6.09098e-06
6.09128e-06
6.06968e-06
0.00106544
0.000292212
6.08929e-06
6.53274e-06
6.13673e-06
6.13422e-06
6.07542e-06
7.12152e-06
6.07147e-06
6.14262e-06
6.08823e-06
0.00166305
6.1158e-06
6.11146e-06
6.10395e-06
6.14649e-06
6.12829e-06
1.77788e-05
0.00143572
0.00936371
0.000160936
6.84478e-06
6.15047e-06
1.21024e-05
0.00135562
6.08293e-06
0.000233014
6.09065e-06
6.2523e-06
6.23574e-06
6.09129e-06
6.08039e-06
6.13698e-06
6.59475e-06
6.50961e-06
0
0.00764087
7.64263e-06
6.07527e-06
6.08599e-06
6.11457e-06
6.13913e-06
6.07792e-06
6.89355e-06
6.07214e-06
6.08607e-06
6.08673e-06
6.09718e-06
0.000351857
6.08594e-06
7.11595e-06
0.000861185
6.08207e-06
0.000468877
6.15574e-06
6.14778e-06
0.00081361
8.8572e-06
0.00660962
0.00055018
6.08661e-06
6.0904e-06
6.09119e-06
6.09189e-06
6.11409e-06
6.0744e-06
6.07202e-06
6.60552e-06
5.53304e-06
2.9172e-06
4.00987e-06
6.07954e-06
2.50493e-05
6.08242e-06
6.08474e-06
6.10119e-06
6.09411e-06
6.07708e-06
6.08824e-06
6.09179e-06
6.09191e-06
1.11257e-06
6.70074e-06
6.07675e-06
6.08953e-06
6.09037e-06
6.07161e-06
6.11699e-06
6.15922e-06
7.00369e-06
6.06974e-06
6.42668e-06
6.11027e-06
6.12585e-06
1.93041e-08
2.01364e-10
6.08915e-06
6.15213e-06
0.00234846
6.15225e-06
6.1019e-06
6.0997e-06
6.72091e-06
6.09826e-06
6.07883e-06
6.08886e-06
6.09463e-06
6.09429e-06
6.44593e-06
7.05664e-06
6.08553e-06
6.45438e-06
6.31712e-06
6.38777e-06
7.96287e-06
6.13428e-06
6.07089e-06
6.17173e-06
6.24499e-06
6.06856e-06
6.82051e-06
6.12431e-06
6.09105e-06
6.0907e-06
7.12451e-06
0.000641934
6.18955e-06
2.58188e-11
6.12329e-06
0.0192412
5.11225e-10
2.40973e-06
6.07617e-06
6.08804e-06
2.93796e-11
0.00655292
6.08568e-06
6.08544e-06
6.56691e-06
6.13625e-06
6.1758e-06
7.12436e-06
6.08096e-06
6.14535e-06
5.94202e-06
0.0110236
1.12871e-05
6.13913e-06
3.09836e-06
5.34678e-06
6.41029e-06
6.24475e-06
6.09639e-06
6.13426e-06
7.12408e-06
6.21343e-06
6.08777e-06
6.07243e-06
0.000128288
6.06966e-06
6.10885e-06
6.10638e-06
4.98966e-06
6.49662e-06
6.23715e-06
6.08981e-06
6.12064e-06
6.13954e-06
6.08685e-06
6.13126e-06
6.07367e-06
6.11038e-06
6.1144e-06
6.12615e-06
6.1665e-06
6.07022e-06
7.33174e-06
6.12056e-06
6.14576e-06
6.12029e-06
6.08852e-06
1.74669e-07
0.000335696
6.0858e-06
6.07271e-06
6.10414e-06
0.00722917
6.22737e-06
6.08744e-06
8.09758e-06
8.67053e-10
6.11809e-06
6.09024e-06
0.00016447
6.13688e-06
6.0903e-06
0.00781162
4.17253e-06
0.000160333
1.19345e-05
6.0749e-06
0.000208785
6.07511e-06
6.11232e-06
6.14352e-06
6.11655e-06
0.00546559
6.09807e-06
0.00038841
6.57031e-06
7.47092e-06
6.18687e-06
6.18422e-06
0.000250167
6.12638e-06
0.000505775
6.168e-06
6.06926e-06
6.12572e-06
6.12568e-06
0.000608331
1.90261e-05
8.11294e-06
6.10053e-06
6.11405e-06
6.11118e-06
0.00165254
0.00180036
6.10549e-06
6.08428e-06
6.16964e-06
0.000422736
6.08508e-06
6.31948e-06
6.1911e-06
6.07187e-06
0.0115086
6.1311e-06
6.06823e-06
6.21747e-06
1.20248e-06
0.000617994
6.08791e-06
7.14212e-06
6.07383e-06
0.00117806
0.000746662
0.00111999
0.0153017
0.000663085
1.99022e-06
0.000873662
6.09064e-06
6.07258e-06
6.09879e-06
6.14299e-06
6.1125e-06
3.34616e-05
6.12593e-06
0.00974754
0.00909833
6.07873e-06
0.0035324
6.08008e-06
6.08418e-06
0.00792016
8.28137e-06
6.08664e-06
6.13042e-06
6.08969e-06
6.0926e-06
3.68799e-06
6.12275e-06
6.13376e-06
4.41917e-06
6.09205e-06
7.32068e-05
6.14855e-06
6.09001e-06
6.08947e-06
6.15974e-06
6.07139e-06
6.10922e-06
6.12866e-06
6.12684e-06
7.64023e-06
6.08892e-06
1.56199e-05
6.14654e-06
6.10162e-06
0.000109375
6.09592e-06
6.35627e-06
6.39346e-06
6.39816e-06
6.29003e-06
6.13679e-06
0.000141659
6.14361e-06
2.65136e-05
6.17907e-06
6.18986e-06
6.25527e-06
6.15298e-06
6.0818e-06
6.09194e-06
6.11349e-06
4.46364e-12
0.00792743
6.36625e-05
5.1241e-05
0.000190803
6.13456e-06
6.08772e-06
0.0114024
6.14443e-06
6.13241e-06
6.12763e-06
6.08599e-06
6.09072e-06
1.99858e-06
6.08771e-06
6.08873e-06
0.000229166
6.13962e-06
6.10663e-06
6.10872e-06
0.00175649
6.1292e-06
0.000271758
0.000151457
0.00151894
6.16536e-06
0.0016062
6.14217e-06
8.36089e-06
0.00786054
0.000332229
0.00185452
6.0709e-06
6.12323e-06
6.12434e-06
0.000403295
6.13882e-06
6.08253e-06
0.00172716
6.12266e-06
6.16548e-06
6.07712e-06
0.0011217
0.000444849
0.000310472
6.11467e-06
0.00159872
6.12484e-06
6.12722e-06
1.01461e-05
0.00150676
6.1004e-06
6.10088e-06
0.000456777
0.000841399
0.000501951
6.11052e-06
6.19498e-06
6.07597e-06
0.000408027
0.000844852
6.10592e-06
6.17009e-06
0.000604551
0.000483883
0.00057472
0.0117445
0.0119426
0.0013254
4.99508e-06
6.07286e-06
6.07187e-06
0.00135804
0.000685534
0.000740173
0.0152078
0.00113362
6.09048e-06
0.0011402
0.000888034
0.000821178
0.000831382
0.00107003
6.12376e-06
6.12571e-06
6.09873e-06
0.00917699
0.010069
0.000300585
0.000963073
0.000896215
0.000335198
1.79954e-07
6.18784e-06
6.08086e-06
6.08635e-06
6.11346e-06
6.09263e-06
6.08802e-06
7.55927e-09
6.16305e-06
6.09248e-06
6.09002e-06
6.09114e-06
6.16021e-06
6.1576e-06
6.10705e-06
6.12415e-06
6.08829e-06
6.08898e-06
6.13671e-06
6.13195e-06
6.10779e-06
6.14099e-06
6.10233e-06
6.09563e-06
6.09702e-06
6.3184e-06
6.11446e-06
6.13835e-06
6.14817e-06
6.27628e-06
6.17512e-06
6.17167e-06
6.09178e-06
5.94777e-10
6.09915e-06
0.0117766
6.14146e-06
6.13107e-06
5.81165e-06
5.62835e-06
6.08861e-06
6.08794e-06
6.12108e-06
6.11181e-06
6.1081e-06
6.10858e-06
6.09817e-06
6.09919e-06
6.1114e-06
6.12884e-06
6.16823e-06
7.86684e-06
0.0081775
6.13548e-06
6.11878e-06
6.09229e-06
6.14213e-06
0.00081038
0.000872348
6.12859e-06
6.12639e-06
3.08211e-07
0.0061904
6.10113e-06
6.10108e-06
6.10929e-06
6.11356e-06
6.11581e-06
6.10619e-06
6.10588e-06
6.16657e-06
0.0116905
0.012589
6.5465e-06
0.0161639
5.83402e-06
6.09026e-06
6.11997e-06
6.28273e-06
6.12408e-06
0.0104183
0.00891736
6.09151e-06
6.08286e-06
6.09339e-06
7.31435e-06
6.09274e-06
6.09033e-06
6.0912e-06
6.15734e-06
6.12065e-06
6.08863e-06
6.13649e-06
0.00312455
0.00787373
6.09302e-06
6.09738e-06
6.36126e-06
6.13951e-06
6.18238e-06
6.13694e-06
6.1537e-06
6.09203e-06
6.09055e-06
1.78165e-09
4.09359e-08
3.68176e-06
6.14751e-06
6.13212e-06
6.08816e-06
6.13042e-06
6.17118e-06
6.16937e-06
6.1468e-06
0.00819993
6.13643e-06
0.00865136
0.00849758
6.08181e-06
6.1187e-06
0.000427949
6.12543e-06
6.12637e-06
6.13287e-06
6.1014e-06
6.10947e-06
6.10741e-06
6.10549e-06
6.1668e-06
6.16319e-06
0.0121215
4.93503e-06
6.505e-06
6.097e-06
0.015913
0.0172289
6.09105e-06
6.09021e-06
6.11737e-06
6.1239e-06
0.0107462
0.00898812
0.0104431
0.0015574
6.08147e-06
6.09541e-06
6.0922e-06
6.09331e-06
6.09311e-06
6.09306e-06
6.09145e-06
6.08948e-06
1.00039e-06
6.11914e-06
6.13704e-06
6.13342e-06
0.00818886
0.0079285
6.09848e-06
6.31963e-06
6.20426e-06
6.18479e-06
6.13076e-06
6.10274e-06
6.12324e-06
6.09023e-06
1.8364e-10
5.13286e-07
6.14437e-06
6.08749e-06
6.17472e-06
6.16603e-06
0.000238603
0.00225887
6.09509e-06
6.09593e-06
0.0085366
6.04779e-06
6.05248e-06
0.000282016
6.13429e-06
6.13348e-06
0.00843946
6.10171e-06
6.10926e-06
6.10692e-06
6.16068e-06
6.17009e-06
6.10257e-06
0.0117032
6.55225e-06
6.44844e-06
6.1031e-06
6.08075e-06
6.08362e-06
0.0166149
0.0146403
6.08982e-06
6.09057e-06
6.12655e-06
6.12286e-06
0.0107929
0.00873421
6.08587e-06
6.12433e-06
6.09019e-06
6.09283e-06
6.09354e-06
6.09339e-06
6.09109e-06
6.09011e-06
6.1196e-06
6.11761e-06
6.13327e-06
6.13305e-06
6.09454e-06
6.09908e-06
6.36298e-06
6.11075e-06
6.18467e-06
6.08847e-06
1.95051e-06
5.6105e-07
6.13583e-06
3.17968e-05
6.17756e-06
6.16713e-06
0.00882218
0.00857233
6.12482e-06
5.99069e-06
0.000559833
9.23763e-05
6.13524e-06
0.0087677
6.10176e-06
6.11051e-06
6.10634e-06
6.16951e-06
6.15943e-06
0.0121726
4.82008e-06
0.0163086
6.09061e-06
6.12257e-06
6.12217e-06
0.0107434
0.00870884
6.08393e-06
6.09401e-06
6.08995e-06
6.09454e-06
6.09377e-06
6.09511e-06
6.11909e-06
6.11729e-06
6.13373e-06
6.13173e-06
6.12394e-06
6.09923e-06
6.31873e-06
6.08759e-06
8.69404e-05
1.84066e-06
7.02376e-06
6.13497e-06
6.1792e-06
6.17755e-06
0.00890307
5.97493e-06
5.91352e-06
6.13424e-06
0.00908041
6.10269e-06
6.10233e-06
6.11123e-06
6.16616e-06
0.0130916
6.72403e-06
0.0167936
6.09172e-06
6.12227e-06
0.00845321
0.0104361
0.00897236
6.08899e-06
6.09604e-06
6.09093e-06
6.09458e-06
6.11947e-06
6.11695e-06
6.13151e-06
6.13068e-06
6.13075e-06
6.2585e-06
6.36898e-06
6.08739e-06
0.000250112
4.0583e-06
1.25606e-09
6.13836e-06
6.17464e-06
6.17747e-06
0.00892122
5.97531e-06
5.98446e-06
6.1314e-06
0.00943271
6.10274e-06
6.10345e-06
6.11266e-06
6.11074e-06
6.16547e-06
6.10229e-06
0.0175801
0.0164476
6.09164e-06
6.12193e-06
0.00841321
0.0103381
6.08664e-06
6.09492e-06
6.09464e-06
6.09574e-06
6.12095e-06
6.1185e-06
6.11987e-06
6.13167e-06
6.13328e-06
6.31943e-06
6.08791e-06
6.09019e-06
8.14181e-09
0.000557652
5.52306e-06
6.13686e-06
6.16554e-06
6.01171e-06
5.96684e-06
6.13036e-06
6.10463e-06
6.11295e-06
6.11164e-06
6.16689e-06
6.16314e-06
0.0167857
0.0156352
6.09014e-06
6.09319e-06
6.12265e-06
6.12229e-06
0.00816492
6.09353e-06
6.0819e-06
6.64933e-06
6.0961e-06
6.09431e-06
6.1198e-06
6.1202e-06
6.13275e-06
6.13338e-06
6.36937e-06
6.12025e-06
6.11953e-06
6.08914e-06
6.08694e-06
0.000494191
6.92074e-06
1.78277e-10
0.000998526
6.14075e-06
6.13307e-06
6.1563e-06
6.10543e-06
6.11154e-06
6.11477e-06
6.3495e-06
6.16528e-06
6.16023e-06
0.0164137
6.09447e-06
6.09016e-06
8.91698e-06
6.12193e-06
6.12298e-06
0.00809887
5.62936e-06
5.70235e-06
6.09099e-06
6.22946e-06
6.1205e-06
6.11854e-06
6.43642e-06
7.45032e-06
6.09617e-06
8.60859e-06
8.86481e-06
7.50641e-06
6.12133e-06
6.12167e-06
6.11933e-06
6.12242e-06
6.12808e-06
6.13427e-06
6.13238e-06
6.13274e-06
6.31637e-06
6.12404e-06
6.08984e-06
1.76245e-11
0.0011094
6.79764e-06
7.38295e-06
0.00162997
6.11979e-06
6.15004e-06
6.13864e-06
6.12367e-06
6.17202e-06
6.12161e-06
6.11964e-06
6.12086e-06
6.34753e-06
9.57376e-06
6.10829e-06
6.10463e-06
6.11482e-06
5.94518e-06
6.12746e-06
0.0166065
6.08892e-06
6.09546e-06
6.08765e-06
6.12283e-06
0.00830239
0.00785658
6.09752e-06
6.0982e-06
6.12222e-06
6.12212e-06
6.12085e-06
6.1216e-06
6.13503e-06
6.13257e-06
6.37191e-06
6.25957e-06
6.09184e-06
6.11445e-09
7.53195e-06
0.00251474
7.48876e-06
3.75746e-09
6.14386e-06
5.93444e-06
6.15986e-06
6.1091e-06
6.10951e-06
6.11786e-06
6.12439e-06
9.85329e-06
0.0172058
0.0162158
6.1379e-06
6.09476e-06
6.09601e-06
6.08889e-06
6.08903e-06
6.12249e-06
0.00776609
6.09832e-06
6.10048e-06
6.119e-06
6.12149e-06
6.12034e-06
6.12309e-06
6.31055e-06
6.10636e-06
6.09305e-06
6.09148e-06
0.00346954
7.37775e-06
7.67738e-06
8.82591e-06
9.15591e-06
6.14186e-06
6.12548e-06
6.11086e-06
6.11805e-06
6.12085e-06
0.015637
0.0163482
6.0968e-06
6.09503e-06
6.08822e-06
6.12369e-06
6.12176e-06
6.10309e-06
6.09659e-06
6.12343e-06
6.11835e-06
6.12187e-06
6.3672e-06
6.09066e-06
6.09163e-06
7.02936e-06
0.00468265
7.60555e-06
0.00335999
6.12333e-06
6.13491e-06
6.12248e-06
6.10383e-06
7.49868e-06
6.11719e-06
6.1113e-06
6.12165e-06
0.0159447
6.08829e-06
6.0942e-06
6.09718e-06
6.12264e-06
6.12134e-06
6.12522e-06
6.12941e-06
6.12873e-06
6.13116e-06
6.05252e-06
6.05766e-06
6.31931e-06
6.13422e-06
6.06718e-06
6.27311e-06
6.09663e-06
6.10555e-06
6.22113e-06
6.19832e-06
6.12138e-06
6.12507e-06
6.12385e-06
6.15754e-06
6.12793e-06
6.35235e-06
6.13103e-06
6.13691e-06
6.14174e-06
6.26965e-06
6.12795e-06
6.12982e-06
6.14114e-06
6.13185e-06
6.09092e-06
6.57422e-06
7.43179e-06
6.1293e-06
7.48915e-06
0.00565002
6.13689e-06
6.13797e-06
6.10641e-06
6.1314e-06
6.13483e-06
6.12805e-06
6.13771e-06
6.13106e-06
6.1366e-06
6.13473e-06
6.16844e-06
6.12991e-06
6.07414e-06
6.13474e-06
6.12921e-06
7.38234e-06
6.1316e-06
6.06497e-06
6.12943e-06
7.1585e-06
6.13519e-06
6.13445e-06
6.23462e-06
6.11536e-06
6.1305e-06
6.10616e-06
6.1284e-06
7.10573e-06
6.12861e-06
6.13105e-06
6.13484e-06
6.11276e-06
6.11067e-06
6.81054e-06
6.47768e-06
6.12208e-06
6.12934e-06
6.13053e-06
7.39546e-06
6.36624e-06
6.13046e-06
7.22423e-06
6.13648e-06
6.86429e-06
0.000115584
6.13071e-06
6.12876e-06
6.13149e-06
6.05554e-06
0.0160149
6.11723e-06
6.93675e-06
6.06592e-06
6.09358e-06
6.09717e-06
6.09855e-06
6.08895e-06
6.22956e-06
7.53987e-06
6.13926e-06
6.60725e-06
6.12489e-06
6.40267e-06
6.06114e-06
6.12661e-06
6.12135e-06
0.000268818
6.13585e-06
6.17595e-06
2.11944e-07
6.08719e-06
6.91316e-06
0
6.76315e-06
7.23765e-06
6.87076e-06
1.0616e-06
6.61843e-06
6.12733e-06
6.1176e-06
1.10207e-07
6.02386e-06
6.18295e-06
6.90861e-06
6.09838e-06
6.13291e-06
6.10742e-06
6.09877e-06
6.09583e-06
6.10502e-06
6.06827e-06
0.0149171
6.12549e-06
0
6.1229e-06
6.12661e-06
6.20841e-06
5.37066e-12
6.11383e-06
6.11706e-06
6.23321e-07
6.10779e-06
6.1313e-06
6.58684e-06
7.43094e-06
0.00685937
6.33643e-06
2.70161e-06
6.08967e-06
7.38549e-06
0
1.85381e-06
7.00802e-06
0.01473
6.13376e-06
0.0185221
6.94788e-06
7.51373e-06
6.13601e-06
6.13588e-06
0.0161059
0.00710028
6.13715e-06
0.012056
6.09642e-06
2.34776e-05
7.46128e-06
6.05913e-06
0.019619
6.10186e-06
0.0209471
0.0173569
0.0179584
0.0202447
7.38539e-06
6.19532e-06
6.10827e-06
0.0134963
6.06764e-06
6.04213e-06
6.35977e-06
0
0.0206948
0.00320654
6.1018e-06
6.12745e-06
1.57134e-07
0.0160355
0.0205796
6.13049e-06
6.99604e-06
6.12248e-06
0.0220887
6.13286e-06
3.41279e-09
7.52239e-06
0.000215053
0.00958948
7.65836e-06
6.0931e-06
0.000156088
4.23408e-05
6.05292e-06
6.13551e-06
0.0145834
0.000509759
7.13602e-06
7.2685e-06
6.11427e-06
6.0732e-06
5.16376e-06
0.0180592
4.54611e-12
6.14075e-06
6.37061e-06
0.0157639
6.07777e-06
0.0135081
6.19706e-06
0.00455235
0.016542
6.1138e-06
6.11346e-06
0.017414
0.00955068
6.11935e-06
0.000445509
0.0120333
6.12425e-06
0.0177534
0.00452679
0.0166857
0.0186659
6.1095e-06
3.3719e-06
7.4659e-06
3.04196e-06
0.0165551
6.08636e-06
6.12407e-06
0.000174372
0.0184727
3.52303e-06
2.8378e-07
0.0179968
1.7957e-06
6.11055e-06
0.0131835
0.0167223
0.0184994
6.47264e-06
6.62644e-06
6.11398e-06
6.10886e-06
0.01657
6.95001e-06
7.22938e-06
0.0170044
0.0155944
6.32965e-06
1.14412e-09
6.08883e-06
6.09401e-06
6.09311e-06
6.09793e-06
6.13377e-06
6.13431e-06
6.0953e-06
6.13782e-06
3.81358e-06
7.53267e-06
0.0129185
6.73242e-06
6.12827e-06
0.0124447
6.22528e-06
6.12085e-06
3.04914e-16
0.0078139
6.12816e-06
9.80187e-06
0.0216128
0.0171424
4.12272e-15
1.51416e-09
0.0191252
0.0170729
0.01175
6.22172e-06
1.29267e-06
7.14672e-06
0.0190973
0.014945
1.87072e-06
6.12736e-06
0.0158565
3.90161e-06
6.1272e-06
1.51174e-06
7.5912e-05
0.0145711
5.90978e-06
0.0231956
0.0176015
7.5316e-06
6.12833e-06
0.0199538
6.19418e-06
0.00613419
0.0215412
6.85539e-06
2.544e-06
6.09828e-06
6.09596e-06
6.10887e-06
6.10796e-06
0.0172443
7.33422e-06
5.99883e-06
0.00724554
7.55902e-06
6.09524e-06
6.04148e-06
4.57877e-06
6.12828e-06
2.77446e-06
2.38322e-06
0.00698901
9.25367e-06
6.12851e-06
6.12244e-06
6.12419e-06
0.0208808
6.10176e-06
1.7591e-05
6.12423e-06
5.744e-06
6.1337e-06
0.0145606
0.0164267
6.12927e-06
6.12329e-06
0.0146651
0.0208197
0.0096542
7.01234e-06
6.12804e-06
0.0177096
7.01751e-06
1.82913e-06
4.94857e-06
6.13104e-06
0.0246886
7.39402e-06
7.01866e-06
0.0108509
6.13172e-06
0
7.67983e-06
0.000876038
0.00322559
0.0106987
6.1342e-06
6.13235e-06
6.13234e-06
6.09018e-06
5.67338e-06
1.68778e-06
0.00788827
7.29337e-06
6.24022e-06
6.12632e-06
4.26776e-11
7.32534e-06
6.12017e-06
0.0203213
7.13773e-06
0.0177832
0.0183638
0.0105232
0.0206243
6.61816e-06
1.79638e-06
7.25545e-06
6.58794e-08
6.13857e-06
0.000800976
3.42721e-06
0.01725
0.00146492
9.98045e-07
0.0114494
7.57657e-06
4.50551e-07
0.0246756
6.59385e-06
1.37025e-06
0.0160602
6.55813e-06
6.91535e-06
6.13496e-06
0.00121144
0.0236987
6.13228e-06
0.00818093
0.0244549
6.08611e-06
0
6.13576e-06
1.83422e-06
0.0135401
6.06791e-06
0.000911419
0.00319321
0.0184998
7.21686e-06
6.13642e-06
2.59107e-06
6.13642e-06
0.0183654
6.29595e-06
6.07227e-06
6.90283e-06
0.0231613
0.0164025
0.0213503
0.0105461
0.0178582
0.015896
5.29999e-06
0.0195955
6.13082e-06
6.07434e-06
6.45548e-06
0.0100127
0.0243375
6.10804e-06
5.077e-06
5.72488e-07
6.13764e-06
6.13635e-06
2.9763e-06
5.46944e-06
0.0248086
0.00880063
0.0128811
0.0187952
0.0248657
6.12992e-06
0.0131168
6.12322e-06
6.13549e-06
0.024018
0.0131195
6.05794e-06
0.022213
6.90547e-06
5.85772e-06
2.02594e-07
0.0162531
0.0244236
5.97777e-06
6.13665e-06
6.1337e-06
0.0200824
6.0495e-06
6.12717e-06
6.13279e-06
6.26539e-06
0.0093792
6.04753e-06
6.9229e-06
6.04203e-06
4.06143e-06
6.12842e-06
6.12474e-06
1.1147e-06
6.07121e-06
6.14866e-06
5.39333e-06
6.25926e-06
6.04036e-06
4.63022e-08
6.12651e-06
1.32329e-06
7.79442e-10
6.12981e-06
0.024768
0.000507016
0.0056264
4.38626e-06
7.58471e-06
5.08248e-06
7.55001e-09
6.15206e-06
9.26757e-05
4.83004e-11
6.83862e-06
0.0249445
6.13439e-06
0.022593
0.00104138
0.011187
6.5905e-06
0.018306
0.0193225
1.1787e-07
8.855e-06
7.02567e-06
0.0138881
7.05137e-06
6.11549e-06
6.12879e-06
0.0221144
7.08807e-06
6.12167e-06
2.28037e-07
6.46852e-06
6.13446e-06
6.15043e-06
6.15126e-06
8.7274e-06
6.10229e-06
0.0220619
6.13059e-06
6.12677e-06
6.21948e-06
7.5517e-06
6.14008e-06
6.12482e-06
1.18977e-05
7.38763e-06
6.08129e-06
0.024077
6.11427e-06
6.12686e-06
7.32562e-06
0.0157128
0.0226968
0.0208457
7.82375e-06
6.12702e-06
0.0222833
8.3755e-06
3.88461e-07
1.5639e-10
6.15704e-06
6.12264e-06
0.00940979
6.13763e-06
6.2186e-06
6.99316e-06
9.43537e-07
6.13446e-06
6.09445e-06
6.13766e-06
6.12822e-06
6.12816e-06
3.76452e-07
6.16371e-06
6.12982e-06
0.00716188
6.17933e-06
6.42987e-06
3.21062e-06
6.13418e-06
6.11974e-06
0.00538923
6.37574e-06
6.12895e-06
6.13544e-06
6.12932e-06
0.00805818
6.13495e-06
6.13578e-06
0.0202667
6.08859e-06
6.12705e-06
6.65449e-06
6.17158e-06
0.0248944
6.19737e-06
6.1276e-06
0.0151248
0.00079656
6.15239e-06
6.13768e-06
7.03613e-06
6.09592e-06
1.21106e-08
6.13471e-06
6.13785e-06
2.30277e-07
6.13963e-06
6.09336e-06
6.03598e-06
6.1387e-06
6.12688e-06
8.33718e-06
6.10808e-06
5.88982e-09
0.0176536
6.15054e-06
6.13034e-06
6.09272e-06
6.5137e-06
3.64893e-06
0.015618
6.08928e-06
6.07446e-06
0.0127487
6.12232e-06
0.0034184
6.08059e-06
8.47811e-06
6.12583e-06
6.36015e-06
6.12871e-06
1.35728e-06
6.12178e-06
7.47534e-06
5.27229e-06
0.00213767
6.15755e-06
6.12721e-06
4.01973e-06
6.37677e-06
6.48463e-05
6.15028e-06
6.12741e-06
6.13395e-06
0.0217442
6.11724e-06
3.10327e-06
1.09712e-05
6.12825e-06
9.19913e-06
6.1381e-06
0.0199148
0.0145144
0.0214512
1.95619e-07
0.00817543
6.12976e-06
6.12688e-06
6.26022e-06
6.12496e-06
0.0156777
0.0144754
6.12847e-06
6.47694e-06
6.1271e-06
6.24242e-06
6.12826e-06
6.33949e-06
0.0246993
0.0199621
6.58171e-06
7.57551e-06
6.12723e-06
6.12958e-06
0.00905153
6.1518e-06
6.13559e-06
0.0244702
6.1194e-06
6.13405e-06
6.12587e-06
6.13356e-06
3.7568e-05
6.13501e-06
7.41977e-06
6.12798e-06
0.000651981
7.10469e-06
0.0049131
0.00457342
6.15022e-06
6.13785e-06
6.14023e-06
7.35144e-06
0.0128198
6.13792e-06
0.000941382
6.12733e-06
6.13349e-06
6.13474e-06
0.0179463
6.14203e-06
0.00795146
2.54422e-06
0.0196372
1.72584e-12
6.12983e-06
0.0167571
7.35266e-06
6.14549e-06
6.12069e-06
0.0211725
6.13517e-06
0.0246693
6.10709e-06
6.12678e-06
6.12599e-06
0.00927886
6.99969e-06
6.4309e-06
5.79591e-06
6.14459e-06
6.12047e-06
0.0140369
6.39992e-06
0.0120677
0.00924973
0.0136388
6.13318e-06
6.0796e-06
0.0221201
2.12723e-06
0.0193307
0.00608718
6.13676e-06
6.1417e-06
6.33666e-06
6.13111e-06
6.0957e-06
7.12881e-06
6.15164e-06
6.12738e-06
6.1095e-06
0.0119921
1.10949e-07
6.13525e-06
6.12419e-06
6.12546e-06
6.1355e-06
0.000668627
6.12636e-06
6.1245e-06
0.0125104
4.98153e-09
7.094e-06
8.35808e-06
7.43928e-06
6.12478e-06
0.0132626
6.1489e-06
6.12851e-06
6.11208e-06
6.4916e-06
0.0133194
5.47739e-06
0.0075692
2.03362e-06
6.13022e-06
0.0221468
0.0168144
6.12699e-06
9.47895e-06
1.15721e-06
6.12623e-06
0.000200973
0.00215113
6.14299e-06
6.16162e-06
6.13607e-06
6.12037e-06
6.13183e-06
6.12788e-06
6.05648e-06
6.10429e-06
0.011597
0.0215464
6.13194e-06
1.81583e-06
6.12802e-06
3.96932e-08
0.0249349
6.3237e-06
5.5789e-06
6.12836e-06
6.12752e-06
6.30047e-06
0.0153197
6.16e-06
6.13778e-06
6.12858e-06
5.1619e-06
6.13263e-06
6.44122e-06
6.0884e-06
0.0167592
5.89961e-06
6.12726e-06
6.09073e-06
6.13327e-06
6.10455e-06
6.13096e-06
8.85231e-07
0.0179226
6.12873e-06
6.06327e-06
0.0135472
6.1467e-06
6.12658e-06
6.76832e-06
6.03673e-06
6.1326e-06
6.12533e-06
6.13913e-06
6.0651e-06
6.10444e-06
4.5264e-10
6.12755e-06
6.51409e-06
6.12881e-06
6.08965e-06
0.0126959
9.15594e-08
6.12744e-06
6.13348e-06
6.11894e-06
6.09271e-06
6.1266e-06
2.32786e-06
6.11913e-06
6.13839e-06
6.1186e-06
6.12942e-06
6.14345e-06
6.12973e-06
0.0212661
6.16161e-06
0.0194327
4.61332e-08
0.0187863
0.0172695
6.13334e-06
4.82436e-07
6.11891e-06
7.57963e-06
6.13244e-06
6.12998e-06
6.137e-06
6.13436e-06
0.0167352
8.81542e-06
6.12966e-06
6.12849e-06
6.12646e-06
6.29723e-06
6.12879e-06
7.014e-06
6.16275e-06
6.14459e-06
6.14006e-06
0.0102102
6.18916e-06
6.12983e-06
0.00093051
0.00409878
6.39632e-06
0.0197743
0.000108432
0.0186764
6.13101e-06
6.12453e-06
0.0233149
6.12691e-06
6.12691e-06
6.11854e-06
6.12921e-06
0.0145198
6.12526e-06
6.11459e-06
0.0168064
0.0116521
6.12273e-06
6.13751e-06
0.0134446
0.0150712
2.02127e-08
6.12617e-06
7.17222e-06
6.13375e-06
6.13085e-06
7.56921e-06
0.0226675
6.1271e-06
8.97414e-07
5.63331e-06
6.12707e-06
6.12461e-06
6.5133e-06
6.1348e-06
6.64826e-06
7.52241e-06
6.12708e-06
6.11185e-06
6.13196e-06
6.13501e-06
0.013682
7.03738e-06
6.11891e-06
6.15028e-06
6.29079e-06
7.71691e-05
6.1381e-06
6.14515e-06
6.46633e-06
6.14091e-06
5.70647e-06
6.13718e-06
5.96259e-06
6.12272e-06
6.13401e-06
6.13345e-06
6.13045e-06
6.00052e-06
6.11061e-06
6.04816e-06
0.0248484
6.13011e-06
6.5833e-06
6.02474e-06
6.39412e-06
6.14213e-06
6.66676e-06
6.12796e-06
6.13186e-06
6.16649e-06
6.1183e-06
6.13168e-06
0.0214451
6.04892e-06
6.11379e-06
6.1297e-06
6.13041e-06
1.43218e-07
6.13245e-06
6.13692e-06
8.56248e-06
0.0225993
6.20822e-06
0.00100938
5.2202e-06
0.0133946
0.0223257
6.12684e-06
8.68613e-06
6.22905e-06
6.12851e-06
3.12126e-06
1.25884e-07
6.11898e-06
6.33641e-06
0.0093895
6.067e-06
6.12726e-06
0.00957999
6.13022e-06
6.11761e-06
6.25913e-06
6.11979e-06
6.1314e-06
6.20197e-06
6.19796e-06
6.13882e-06
7.45529e-06
6.1243e-06
6.73295e-06
2.68215e-07
0.0194935
0.0122807
0.00228578
6.62735e-06
4.41729e-07
6.49063e-06
0.0118994
6.12904e-06
4.31281e-06
6.13559e-06
0.0149537
6.13432e-06
0.0241193
0.012709
5.30914e-06
6.14239e-06
6.12734e-06
6.12918e-06
6.16899e-06
6.13718e-06
6.12855e-06
6.12689e-06
6.14377e-06
1.67252e-06
6.13534e-06
6.7499e-08
6.12057e-06
6.13637e-06
6.13022e-06
6.13012e-06
7.02504e-07
6.07295e-06
6.14226e-06
6.1282e-06
6.13311e-06
6.14049e-06
3.94199e-06
5.80111e-07
6.13456e-06
2.78096e-09
6.18108e-06
6.11443e-06
6.15986e-06
8.22102e-06
6.12458e-06
6.13408e-06
7.44044e-06
6.47151e-06
6.12281e-06
5.0266e-06
7.16151e-06
0.000841415
6.14281e-06
0.00998579
6.10014e-06
9.20891e-06
6.03467e-06
6.12971e-06
6.12442e-06
7.47463e-06
6.22892e-06
6.15452e-06
6.46784e-06
1.00458e-07
0.00451332
6.13062e-06
7.06232e-06
6.12853e-06
6.11707e-06
6.14611e-06
6.12192e-06
6.14807e-06
6.13557e-06
0.0235859
6.13573e-06
7.68236e-06
6.15412e-06
6.12814e-06
6.1302e-06
6.12636e-06
6.11494e-06
6.12934e-06
6.10625e-06
6.38375e-07
6.11434e-06
6.08261e-06
1.95856e-08
6.12666e-06
6.12547e-06
6.22214e-06
6.15256e-06
6.15168e-06
6.03701e-06
6.13727e-06
6.19806e-06
6.12162e-06
6.14581e-06
5.34727e-05
6.12998e-06
6.13772e-06
7.3985e-06
2.5494e-06
6.13474e-06
0.011917
6.1276e-06
1.26458e-06
6.11308e-06
6.13458e-06
6.16867e-06
0.0140144
6.13648e-06
0.0108411
6.13745e-06
6.75334e-06
0.0120876
6.12704e-06
6.18547e-06
0.000476706
6.13028e-06
6.13474e-06
0.00236459
6.12689e-06
6.16669e-06
6.12678e-06
1.6452e-06
6.14662e-06
6.1387e-06
2.50243e-08
6.13028e-06
6.11957e-06
1.58365e-08
4.88577e-07
6.12752e-06
0.0203671
0.00327047
0.0132634
0.0232378
1.12467e-07
6.45985e-08
6.18032e-06
7.08093e-05
6.13074e-06
6.17258e-06
6.1315e-06
6.13045e-06
6.12825e-06
9.37435e-07
1.2312e-06
6.12059e-06
6.98915e-06
6.13567e-06
6.13061e-06
0.00220423
6.12289e-06
8.63546e-06
0.0135211
6.13042e-06
6.11342e-06
0.011929
6.40027e-06
6.11315e-06
6.12702e-06
7.13867e-06
6.13543e-06
6.12917e-06
0.0222925
6.13881e-06
0.00442261
0.0093724
6.12943e-06
6.1252e-06
6.08927e-06
6.09605e-06
0.0241253
6.13137e-06
0.0161355
0.0176117
6.12776e-06
3.48289e-06
0.0161525
6.12743e-06
6.13352e-06
6.09137e-06
6.13118e-06
0.000584854
7.56416e-06
6.1194e-06
6.12649e-06
6.14108e-06
6.14538e-06
6.10068e-06
6.12746e-06
6.16601e-06
6.1299e-06
4.67255e-07
6.1375e-06
6.13588e-06
6.12344e-06
6.15286e-06
6.13583e-06
6.67833e-06
6.13601e-06
6.14623e-06
6.12235e-06
0.0105766
6.11503e-06
0.0163067
7.23304e-06
6.3213e-06
6.09279e-06
6.10766e-06
6.12122e-06
0.0179752
6.12703e-06
6.16767e-06
3.41586e-10
6.14189e-06
0.0141867
0.0188279
6.12119e-06
7.39442e-06
0.0200643
0.0112539
6.11374e-06
0.0207432
6.13025e-06
7.20022e-06
0.0209291
7.42534e-06
1.03128e-08
1.57018e-08
6.33941e-06
6.97239e-06
6.1273e-06
6.12887e-06
6.09345e-06
6.12512e-06
6.15394e-06
6.11366e-06
6.05658e-06
4.1847e-07
6.13391e-06
7.24483e-05
6.13033e-06
6.12226e-06
6.12887e-06
6.52444e-06
6.15697e-06
0.0233676
0.018649
6.12122e-06
6.16001e-06
0.00024189
6.14529e-06
5.66291e-06
6.12527e-06
6.13174e-06
0.00443
6.2199e-06
6.09106e-06
6.15075e-06
6.09322e-06
0.0197728
6.12886e-06
0.00883305
0.0212764
1.38344e-07
6.12717e-06
0.0219315
6.1232e-06
6.13237e-06
6.12641e-06
6.12853e-06
6.12635e-06
6.12663e-06
0.00013863
1.73345e-10
0.00138606
6.13697e-06
4.36475e-07
6.12816e-06
6.13047e-06
6.13345e-06
0.00142055
1.82941e-07
0.00276227
6.16433e-06
6.13593e-06
3.51871e-09
6.11007e-06
6.13618e-06
6.14132e-06
6.12616e-06
6.1763e-06
7.02159e-05
6.13767e-06
0.0220597
1.3309e-08
0.0203253
1.5482e-06
6.14014e-06
0.00101151
1.7224e-09
6.08945e-06
6.12813e-06
6.13664e-06
6.12462e-06
6.13799e-06
0.0109801
6.2192e-05
6.12788e-06
3.92583e-08
0.0189261
6.13809e-06
6.24503e-06
6.12994e-06
6.13485e-06
6.21883e-06
0.0154388
6.12967e-06
6.05044e-06
6.12266e-06
0.0222567
6.1548e-06
7.39044e-06
6.17198e-06
6.13495e-06
6.98019e-06
8.02522e-06
6.05536e-06
6.12438e-06
6.11954e-06
6.12571e-06
6.12591e-06
0.0132727
6.13175e-06
6.1255e-06
6.09596e-06
6.12793e-06
6.13109e-06
0.0139026
0.00394566
6.1337e-06
6.06725e-06
2.20486e-06
7.49619e-06
6.11842e-06
6.12979e-06
6.43132e-08
6.13816e-06
8.9135e-06
6.14133e-06
0.02316
6.10845e-06
7.78137e-13
6.12606e-06
6.23126e-06
0.0181415
6.09387e-06
5.71465e-06
6.26375e-06
6.404e-05
6.043e-06
6.0922e-06
7.90297e-06
0.0234983
6.28299e-06
7.41611e-06
6.12859e-06
1.37177e-05
6.13179e-06
6.20232e-06
6.14958e-06
0.00260499
6.1244e-06
0.001877
6.13032e-06
6.16215e-06
9.93249e-10
6.11281e-06
6.12969e-06
6.3157e-06
6.10977e-06
6.11862e-06
2.53165e-07
6.12922e-06
6.14397e-06
1.31916e-06
0.0136565
6.1593e-06
0.0130281
6.12837e-06
6.13645e-06
6.12621e-06
6.12916e-06
6.12617e-06
6.12465e-06
6.17286e-06
6.13433e-06
6.12701e-06
0.0207693
6.15017e-06
6.12233e-06
6.13507e-06
7.75852e-06
0.0201842
6.13505e-06
6.14625e-06
6.05879e-06
6.13647e-06
6.13815e-06
6.1266e-06
6.07745e-06
0.0214737
6.11427e-06
6.11818e-06
6.08721e-06
6.1561e-06
6.13658e-06
0.0147087
6.1272e-06
6.12574e-06
0.023558
6.12354e-06
0.00733045
6.13802e-06
3.33918e-07
6.23001e-06
3.46029e-06
7.26681e-06
6.36714e-05
0.00181559
6.12961e-06
6.05483e-06
5.96748e-06
6.13964e-06
5.1985e-06
4.34923e-06
0.0129891
6.12907e-06
6.1308e-06
6.13583e-06
6.13159e-06
6.86053e-05
3.499e-09
6.15696e-06
6.15867e-06
6.13632e-06
0.0168417
6.08902e-06
6.12983e-06
6.12663e-06
0.0165355
6.75032e-06
6.1514e-06
6.77709e-06
6.53513e-06
6.12651e-06
0.0234335
6.15853e-06
2.77996e-06
6.16512e-06
0.00307568
0.0195828
6.13397e-06
6.1259e-06
0.0210627
0.0124828
6.12686e-06
0.00584873
0.00967749
6.13466e-06
6.30857e-06
8.19308e-06
5.18455e-06
1.21959e-06
6.13467e-06
6.12961e-06
6.11916e-06
6.13682e-06
1.01319e-07
6.09609e-06
6.11646e-06
6.12721e-06
6.14703e-06
0.0155927
6.12839e-06
6.13252e-06
6.13412e-06
7.55691e-06
6.17081e-06
6.5911e-06
0.00392171
6.11466e-06
6.12337e-06
6.12653e-06
3.3723e-06
7.44614e-12
6.13227e-06
6.12817e-06
6.43002e-06
0.0184558
0.00628516
6.13517e-06
6.13087e-06
6.13095e-06
0.00311063
9.83935e-06
6.2771e-06
6.13008e-06
6.14145e-06
6.1333e-06
6.0953e-06
7.36059e-06
0.0193696
5.02335e-07
0.0105824
3.7612e-06
4.15548e-05
0.00627416
0.0226783
6.13825e-06
7.41742e-06
8.00581e-07
0.0201806
7.13834e-06
6.12482e-06
6.2152e-06
6.19851e-06
6.17231e-06
6.13763e-06
6.10336e-06
6.12496e-06
3.87673e-05
0.00138618
6.2228e-06
6.55206e-06
6.12625e-06
0.017249
6.14289e-06
1.92139e-06
6.13687e-06
0.0129691
6.16481e-06
0.0222679
0.0212426
6.13519e-06
0.0219477
6.27777e-06
6.39268e-06
2.12494e-08
0.0152406
6.1247e-06
0.00219128
6.11644e-06
7.24333e-06
6.1148e-06
6.72864e-06
7.15728e-06
0.0150439
0.022881
6.12702e-06
6.11724e-06
1.35979e-07
6.12268e-06
6.06114e-06
6.13749e-06
6.15024e-06
6.14311e-06
6.14227e-08
6.05278e-06
2.54525e-06
0.014553
6.11013e-06
6.15907e-06
6.13196e-06
6.08128e-06
6.12293e-06
0.00140555
8.03817e-07
6.13216e-06
6.28779e-06
0.000280391
0.0134675
0.0227136
6.11306e-06
0.00448506
6.36202e-06
6.12697e-06
6.85869e-06
0.0129924
6.13802e-06
6.16146e-06
6.27744e-06
0.0202201
5.84039e-06
6.12574e-06
6.12921e-06
0.0153046
6.11919e-06
6.14689e-06
6.12727e-06
6.06812e-06
0.000587338
6.12082e-06
0.0149288
6.09686e-06
6.12158e-06
6.11969e-06
0.0159009
6.21094e-06
0.00737825
6.14406e-06
8.14327e-06
7.71718e-06
1.90192e-06
6.15301e-06
6.15414e-06
6.51622e-06
6.14557e-06
6.13148e-06
6.1034e-06
5.76635e-07
0.0126191
2.22493e-06
2.27929e-06
6.11357e-06
6.14194e-06
6.1259e-06
0.0185375
6.13511e-06
6.1117e-06
1.60209e-06
6.22855e-06
0.0185114
6.05048e-06
6.12339e-06
0.0124945
6.11232e-06
6.37669e-06
6.12153e-06
6.18118e-06
2.14544e-06
0.0145745
6.09801e-06
6.09796e-06
6.13508e-06
0.0232202
6.05732e-06
6.13278e-06
6.09228e-06
6.11949e-06
6.09199e-06
6.12697e-06
0.0119184
6.14584e-06
6.0859e-06
6.78616e-06
6.13764e-06
6.12836e-06
6.11415e-06
5.83722e-07
0.0128856
6.12889e-06
6.11079e-06
6.05873e-06
6.13047e-06
6.1419e-06
6.12258e-06
6.14201e-06
0.0200959
6.15011e-06
6.13673e-06
6.16121e-06
6.36446e-06
6.54176e-06
6.11704e-06
6.15345e-06
6.17791e-06
6.06191e-06
6.12967e-06
1.10664e-06
6.13376e-06
6.13169e-06
7.27829e-06
4.67115e-06
6.12978e-06
0.0122684
6.43459e-06
9.68314e-07
5.47139e-07
6.13642e-06
6.12552e-06
6.13256e-06
6.13221e-06
6.16131e-06
6.59258e-06
6.12894e-06
6.11582e-06
6.1363e-06
7.1052e-06
6.14183e-06
6.12239e-06
6.13817e-06
6.12541e-06
9.40026e-06
0.0227154
9.69892e-07
6.13774e-06
6.12161e-06
6.13178e-06
6.13337e-06
6.11472e-06
0.0197818
6.07632e-06
6.12128e-06
6.44993e-06
6.12895e-06
8.19948e-06
5.07887e-06
4.11204e-06
6.0955e-06
6.12063e-06
6.12816e-06
6.12117e-06
6.65468e-06
6.29261e-06
6.12225e-06
6.13152e-06
6.23326e-06
2.81953e-11
1.31391e-07
6.13578e-06
6.13948e-06
4.04876e-08
0.0240496
6.12287e-06
7.10618e-06
6.22393e-06
1.95145e-06
6.13048e-06
6.12753e-06
6.00289e-06
6.12163e-06
6.13963e-06
0.0126321
6.11017e-06
6.11496e-06
6.1177e-06
6.12161e-06
6.13735e-06
7.30052e-06
0.0143301
6.40085e-06
4.41659e-06
7.08346e-06
6.14048e-06
6.13405e-06
6.15014e-06
7.81635e-06
1.01609e-06
6.13484e-06
6.12705e-06
6.12719e-06
6.12345e-06
9.07303e-08
6.12596e-06
6.04571e-06
5.22871e-06
6.17591e-06
6.13348e-06
6.14438e-06
0.0157671
6.09207e-06
6.12736e-06
6.12471e-06
0.0236836
6.12342e-06
6.09654e-06
0.000285624
6.1035e-06
6.13687e-06
6.88223e-06
0.0160649
6.14769e-06
0.0162996
5.24149e-06
0.0129076
6.11587e-06
6.65735e-06
0.0154322
6.13896e-06
1.56689e-06
6.12864e-06
6.12573e-06
6.13783e-06
6.90973e-06
6.09944e-06
6.16041e-06
6.12494e-06
0.0104374
4.5237e-06
6.12952e-06
0.00342775
6.13521e-06
7.77076e-06
0.0190227
6.13844e-06
6.25271e-06
6.12503e-06
0.00913105
6.11456e-06
0.00802105
8.74491e-06
7.04877e-06
6.05764e-06
0.0151504
6.78214e-06
6.1385e-06
7.27328e-06
6.58477e-06
0.0167101
6.10208e-06
6.16354e-06
1.95218e-07
1.11426e-06
6.12291e-06
0.0228895
6.66832e-06
6.12089e-06
6.13077e-06
6.9331e-06
5.75681e-06
6.05775e-06
6.09131e-06
6.12642e-06
0.000135466
6.15176e-06
6.1226e-06
6.13348e-06
6.12642e-06
0.0123267
0.00958282
6.26749e-06
6.13596e-06
6.06272e-06
6.13816e-06
6.13002e-06
0.00237342
6.12696e-06
6.09942e-06
0.00420637
0.000456382
6.12023e-06
0.0124032
9.2228e-06
6.12975e-06
6.06968e-06
6.10756e-06
0.0106418
6.12888e-06
0.0155405
0.00593471
0.0204456
6.13347e-06
6.13053e-06
6.1245e-06
6.12317e-06
6.13432e-06
6.09261e-06
6.09093e-06
3.58709e-07
6.13e-06
6.12053e-06
0.00255793
6.13243e-06
6.13786e-06
6.12696e-06
6.12146e-06
6.139e-06
6.27746e-06
6.1263e-06
6.12206e-06
6.09057e-06
6.14941e-06
6.15449e-06
6.13332e-06
6.03451e-06
6.10323e-06
6.09651e-06
7.64398e-06
0.0235253
6.2582e-06
6.1951e-06
6.13436e-06
6.10614e-06
6.1251e-06
0.0120686
6.12229e-06
5.362e-06
6.39864e-12
6.13261e-06
0.00980753
6.12509e-06
6.11839e-06
2.30295e-06
0.0197026
6.11782e-06
0.0115476
6.1261e-06
6.11958e-06
1.15816e-07
6.05539e-06
6.14815e-06
6.15059e-06
0.00229345
6.12963e-06
8.69111e-10
6.12314e-06
6.10988e-06
6.11588e-06
6.11641e-06
6.1177e-06
6.11455e-06
6.114e-06
6.11993e-06
6.13028e-06
6.1373e-06
7.14151e-06
0.00203309
0.0238284
6.16889e-06
6.13264e-06
6.31274e-06
6.13886e-06
6.1239e-06
6.10993e-06
6.13567e-06
5.66255e-06
0.00249708
0.0134388
6.12616e-06
6.09399e-06
6.12868e-06
3.18851e-06
6.13226e-06
6.1001e-06
6.13043e-06
6.1305e-06
6.09572e-06
2.36555e-06
6.12049e-06
6.09002e-06
6.11722e-06
0.00455602
9.65093e-06
0.0220385
0.00289707
0.00454238
3.51444e-06
6.2717e-06
6.12642e-06
6.21305e-06
6.12916e-06
6.13799e-06
5.1379e-06
6.13224e-06
6.50585e-06
6.1267e-06
6.12647e-06
6.09658e-06
6.12825e-06
0.0179939
6.11831e-06
6.14204e-06
6.09047e-06
6.12515e-06
6.1353e-06
1.17556e-05
6.01118e-06
6.0791e-06
6.13307e-06
4.52058e-06
3.4422e-06
0.00671003
6.12186e-06
6.13049e-06
6.0978e-06
0.00879607
6.15695e-06
6.13827e-06
6.13468e-06
7.47519e-06
0.022286
0.0223945
6.4321e-08
6.13715e-06
6.13604e-06
6.13416e-06
6.13504e-06
6.13463e-06
6.13283e-06
6.35885e-06
0.0165289
1.04272e-06
6.13517e-06
7.26087e-05
6.1343e-06
0.0241016
6.13521e-06
6.24672e-06
6.10593e-06
0.00915355
6.11718e-06
6.12291e-06
8.42019e-06
6.74513e-06
6.20546e-06
2.51604e-05
6.13177e-06
6.13342e-06
6.12995e-06
6.11906e-06
6.1185e-06
0.00123029
6.12214e-06
5.76352e-06
9.91207e-06
1.25085e-13
6.12865e-06
6.9695e-06
0.0237151
0.0226529
6.18653e-06
6.13441e-06
6.28012e-06
6.1451e-06
6.11841e-06
6.11457e-06
0.0179655
0.000820586
6.10146e-06
0.0207835
8.86017e-06
6.80823e-06
0.0111253
6.08828e-06
6.13125e-06
6.13212e-06
6.26336e-06
6.09198e-06
6.09808e-06
6.11362e-06
6.2651e-06
6.13477e-06
6.13195e-06
4.79861e-06
6.10688e-06
6.09595e-06
6.1083e-06
6.13624e-06
6.12679e-06
6.10042e-06
6.12155e-06
6.13647e-06
2.49926e-06
6.08789e-06
6.1019e-06
6.13048e-06
6.13805e-06
6.13223e-06
6.14376e-06
6.12612e-06
6.12645e-06
6.39459e-06
6.1505e-06
6.25311e-06
6.14892e-06
6.14103e-06
6.10816e-06
6.128e-06
6.13539e-06
6.13215e-06
6.12638e-06
6.12677e-06
0.0237348
6.0539e-06
6.13794e-06
6.12047e-06
6.13883e-06
6.22158e-06
6.1187e-06
6.28537e-06
6.04923e-06
6.11581e-06
6.12562e-06
6.09267e-06
6.09725e-06
6.13502e-06
6.13731e-06
6.14905e-06
6.1525e-06
0.00478854
6.10195e-06
0.0133267
0.0119153
6.12641e-06
6.09935e-06
6.1268e-06
6.1217e-06
6.1166e-06
6.10642e-06
6.11936e-06
6.13821e-06
6.16198e-06
6.14719e-06
1.73326e-06
7.17926e-07
6.16033e-06
6.09056e-06
6.09489e-06
6.13319e-06
6.12758e-06
6.10915e-06
6.1186e-06
6.11665e-06
1.31729e-05
6.10685e-06
6.16941e-06
6.13834e-06
2.79047e-06
5.15984e-06
6.10826e-06
6.13226e-06
6.13943e-06
6.10212e-06
6.14462e-06
6.13096e-06
6.31988e-06
6.08698e-06
5.89989e-06
6.12354e-06
7.07323e-06
5.73506e-07
6.37061e-06
6.03111e-06
6.156e-06
6.13815e-06
6.09756e-06
1.34852e-08
0.0174168
6.08088e-06
0.00760141
6.1168e-06
6.10283e-06
6.11816e-06
6.13157e-06
6.10114e-06
6.1231e-06
6.1207e-06
6.13483e-06
6.13132e-06
6.13156e-06
0.0227375
6.1274e-06
6.11981e-06
6.12836e-06
6.12426e-06
6.10825e-06
0.0125729
6.09736e-06
6.09537e-06
0.0192654
6.13865e-06
6.13548e-06
6.32233e-06
6.12968e-06
6.11175e-06
6.08885e-06
0.0154937
6.1257e-06
6.12947e-06
6.12856e-06
6.12453e-06
6.12387e-06
6.12897e-06
6.12584e-06
6.11487e-06
6.1154e-06
6.12213e-06
6.11602e-06
6.09974e-06
6.49475e-06
6.10271e-06
6.13173e-06
6.11872e-06
6.3849e-06
6.14653e-06
6.12483e-06
0.0191255
6.22653e-06
6.12738e-06
6.1314e-06
6.12744e-06
6.12644e-06
6.1299e-06
6.12519e-06
6.12486e-06
6.12366e-06
6.11541e-06
2.16023e-11
7.3026e-06
6.12275e-06
6.13568e-06
6.10316e-06
6.12818e-06
6.10534e-06
6.12724e-06
6.12341e-06
6.11809e-06
6.12251e-06
6.1283e-06
6.55843e-06
6.13904e-06
6.1233e-06
6.11242e-06
6.15121e-06
6.11946e-06
6.12183e-06
6.16056e-06
6.12647e-06
6.04261e-06
6.11994e-06
5.97905e-06
6.10154e-06
6.09998e-06
6.07199e-06
6.14763e-06
6.13621e-06
6.12993e-06
6.12853e-06
6.13139e-06
0.000253394
6.12675e-06
6.11153e-06
0.0186568
0.0178988
6.16191e-06
6.13656e-06
6.13866e-06
6.14331e-06
6.70739e-07
6.12689e-06
0.0190683
6.12569e-06
8.13345e-05
0.0115543
6.15276e-06
6.14671e-06
6.12511e-06
6.12554e-06
6.12758e-06
6.13633e-06
6.13036e-06
6.12853e-06
6.13388e-06
0.0226326
7.00191e-06
0.0116966
6.15106e-06
6.16764e-06
6.10468e-06
0.0117281
6.24771e-06
6.09407e-06
6.12571e-06
6.11633e-06
6.12866e-06
6.12681e-06
6.13912e-06
7.21455e-06
6.02302e-06
6.2093e-06
6.09266e-06
6.09714e-06
6.13983e-06
4.34386e-06
6.13058e-06
6.10026e-06
6.13403e-06
0.00161841
0.0192657
6.13576e-06
7.55692e-06
6.78628e-06
6.13777e-06
6.17553e-06
1.7546e-07
2.18301e-06
6.13985e-06
6.16033e-06
6.14482e-06
6.12833e-06
6.12496e-06
6.12556e-06
6.15191e-06
6.12728e-06
6.12904e-06
6.12906e-06
6.13468e-06
6.13518e-06
6.13475e-06
0.000229937
6.13748e-06
6.12564e-06
6.11399e-06
6.01968e-06
6.09099e-06
6.16457e-06
0.0221086
0.0190285
0.00152021
6.13819e-06
6.17643e-06
6.33814e-06
6.5511e-06
6.13744e-06
6.11942e-06
6.13704e-06
6.13169e-06
6.12487e-06
1.2013e-06
6.31633e-06
6.12608e-06
6.12748e-06
6.12699e-06
6.12412e-06
0.0208676
7.79217e-06
7.81528e-06
6.15948e-06
0.0194725
6.12713e-06
0.020314
6.12968e-06
6.1256e-06
6.12061e-06
6.11422e-06
6.13656e-06
6.11824e-06
6.12248e-06
6.13473e-06
0.0216885
0.0112478
6.15739e-06
6.15137e-06
6.1225e-06
6.14919e-06
6.15886e-06
0.0243539
0.00287452
6.12141e-06
6.25198e-06
6.31118e-06
6.1357e-06
6.1395e-06
0.0150636
6.12777e-06
6.12769e-06
6.09077e-06
6.12686e-06
6.12545e-06
6.1272e-06
6.12504e-06
6.12465e-06
6.12622e-06
6.1124e-06
6.12107e-06
6.11074e-06
7.12411e-06
6.12913e-06
6.11268e-06
6.11175e-06
6.13528e-06
6.14715e-06
6.16901e-06
6.13463e-06
6.19017e-06
6.18739e-06
0.000592564
6.25507e-06
6.10291e-06
6.23462e-06
6.27546e-06
6.12551e-06
6.09339e-06
0.000861398
6.12536e-06
7.24693e-06
0.00933063
6.15788e-06
6.13434e-06
6.13117e-06
6.09624e-06
6.11339e-06
6.13287e-06
6.13688e-06
6.12642e-06
0.00270963
6.12631e-06
6.12642e-06
6.13027e-06
6.12042e-06
6.11722e-06
6.12736e-06
0.014593
6.1471e-06
6.1028e-06
7.54871e-06
6.09251e-06
6.11842e-06
6.11898e-06
6.12975e-06
6.12386e-06
6.12566e-06
6.12598e-06
6.1313e-06
6.12792e-06
6.12782e-06
6.1081e-06
6.12529e-06
6.1124e-06
6.13778e-06
0.0136589
6.12706e-06
6.45069e-06
6.313e-06
6.4048e-06
6.12593e-06
0.0120224
6.17886e-06
6.08654e-06
2.98089e-11
6.3117e-06
6.11585e-06
3.52245e-06
6.1217e-06
6.12614e-06
6.12622e-06
6.1182e-06
6.1272e-06
6.12782e-06
6.13026e-06
6.17528e-06
5.12907e-06
6.15395e-06
6.34612e-06
6.09779e-06
6.13813e-06
6.10483e-06
6.11111e-06
6.12619e-06
6.10675e-06
6.11628e-06
6.13143e-06
6.12964e-06
6.12931e-06
6.11771e-06
6.11495e-06
6.13412e-06
6.1162e-06
6.11527e-06
6.11426e-06
6.113e-06
6.11288e-06
6.15093e-06
6.04927e-06
0.0151989
6.09833e-06
1.36948e-05
6.19695e-06
6.59372e-06
7.4887e-06
6.21929e-06
6.34077e-06
6.20699e-06
6.13823e-06
6.13789e-06
6.13757e-06
6.13879e-06
6.13106e-06
6.12897e-06
6.17062e-06
6.13818e-06
6.19215e-06
6.1349e-06
6.12149e-06
6.15068e-06
6.12599e-06
6.15173e-06
6.15174e-06
0.0144201
6.13214e-06
6.1309e-06
6.12572e-06
6.12674e-06
6.13085e-06
6.1074e-06
3.12049e-07
6.1283e-06
6.13249e-06
6.14536e-06
6.09816e-06
6.11862e-06
6.11749e-06
6.53762e-06
6.1271e-06
6.12318e-06
6.12361e-06
6.11718e-06
6.12237e-06
6.10914e-06
6.1426e-06
7.28835e-06
6.15638e-06
6.09661e-06
6.12081e-06
6.23787e-06
6.26589e-06
6.10141e-06
1.22463e-06
6.09638e-06
6.10431e-06
6.11761e-06
6.11712e-06
6.08952e-06
6.0884e-06
6.11894e-06
6.11964e-06
6.12034e-06
6.12105e-06
6.12654e-06
6.16322e-06
6.12869e-06
6.12149e-06
6.11477e-06
6.11386e-06
6.11252e-06
6.79985e-06
6.12032e-06
6.10141e-06
6.1612e-06
6.15801e-06
6.16582e-06
6.11834e-06
6.09998e-06
6.08657e-06
6.09263e-06
6.20743e-06
6.12477e-06
6.12825e-06
6.09327e-06
6.13527e-06
6.12876e-06
6.12587e-06
6.12539e-06
6.11726e-06
6.12023e-06
6.13553e-06
6.1243e-06
6.14075e-06
6.12907e-06
0.00769654
6.10743e-06
6.12241e-06
6.15368e-06
5.11979e-06
6.06923e-06
6.16477e-06
6.12706e-06
6.95738e-06
6.12775e-06
6.13195e-06
6.15483e-06
6.12125e-06
6.09868e-06
6.09675e-06
6.12657e-06
6.09512e-06
6.12273e-06
6.12775e-06
6.12527e-06
0.018942
6.12795e-06
6.13404e-06
6.12167e-06
6.11591e-06
6.1119e-06
6.11268e-06
6.10098e-06
0.00087897
6.0951e-06
6.20754e-06
6.13878e-06
6.11984e-06
6.12703e-06
6.13763e-06
6.20691e-06
6.08638e-06
0.0178235
4.61255e-07
6.12809e-06
6.12876e-06
6.13288e-06
6.12685e-06
6.13057e-06
6.1273e-06
6.12608e-06
6.13699e-06
6.12685e-06
6.13807e-06
6.00868e-06
6.10481e-06
6.10667e-06
6.23418e-06
6.13013e-06
6.12672e-06
6.11301e-06
6.14551e-06
6.14906e-06
6.12927e-06
6.11663e-06
6.11788e-06
6.08739e-06
6.11861e-06
6.11931e-06
6.1196e-06
6.11992e-06
6.12166e-06
6.11055e-06
6.11046e-06
6.11123e-06
6.13061e-06
6.12538e-06
6.1253e-06
6.12321e-06
6.10561e-06
6.10652e-06
6.11747e-06
6.11333e-06
6.10943e-06
6.1115e-06
6.11494e-06
6.13142e-06
6.1387e-06
6.09768e-06
4.35048e-06
6.13083e-06
6.20501e-06
6.09235e-06
6.13962e-06
6.25577e-06
6.20878e-06
6.30822e-06
6.09652e-06
6.10058e-06
6.09348e-06
6.11669e-06
6.09779e-06
6.12584e-06
6.10442e-06
6.13861e-06
6.13025e-06
6.10153e-06
6.11249e-06
6.13547e-06
6.11708e-06
6.13234e-06
6.10837e-06
6.12348e-06
6.09188e-06
0.0220911
6.14591e-06
6.12763e-06
6.10006e-06
6.13806e-06
6.13023e-06
6.11136e-06
7.27818e-06
6.14308e-06
6.16868e-06
6.19289e-06
6.12335e-06
6.13563e-06
6.21625e-06
6.09858e-06
6.09533e-06
6.0929e-06
6.09939e-06
0.0145116
6.13739e-06
6.12195e-06
6.12902e-06
6.12718e-06
6.13049e-06
6.1445e-06
6.1554e-06
6.10141e-06
6.10041e-06
6.10021e-06
6.09453e-06
6.10338e-06
0.0235009
0.020475
6.93849e-06
4.73313e-06
6.12525e-06
6.11413e-06
6.12724e-06
6.11102e-06
6.11082e-06
6.11003e-06
6.10858e-06
6.13073e-06
6.12908e-06
3.71941e-06
6.12472e-06
6.12817e-06
6.13177e-06
6.12682e-06
6.12249e-06
6.11278e-06
6.11771e-06
7.16786e-06
0.0166737
6.15751e-06
8.15489e-06
6.10582e-06
6.1041e-06
6.15477e-06
0.00878407
6.19252e-06
0.00112502
6.12701e-06
6.22101e-06
6.30953e-06
6.10024e-06
6.12575e-06
6.13182e-06
6.10063e-06
6.14213e-06
6.14159e-06
6.14232e-06
6.12709e-06
6.12753e-06
6.12635e-06
6.12594e-06
6.08727e-06
6.08715e-06
6.10129e-06
6.12632e-06
6.13876e-06
6.13161e-06
6.13562e-06
6.1311e-06
6.10778e-06
1.7935e-06
6.11493e-06
6.12506e-06
6.12656e-06
6.1278e-06
6.12578e-06
6.12397e-06
6.12436e-06
6.12509e-06
6.12506e-06
6.12199e-06
6.1194e-06
6.12847e-06
6.12432e-06
6.11149e-06
6.12047e-06
6.11751e-06
6.32452e-06
2.67808e-07
5.88283e-06
5.45665e-06
6.15479e-06
6.12957e-06
6.19883e-06
6.09307e-06
6.19855e-06
6.13776e-06
6.15331e-06
6.26233e-06
6.28662e-06
6.49506e-06
6.12773e-06
6.14522e-06
6.12248e-06
6.11596e-06
6.0978e-06
6.14866e-06
6.13606e-06
6.13397e-06
6.11233e-06
6.11915e-06
6.10693e-06
6.0928e-06
6.11075e-06
6.17077e-06
6.12271e-06
6.10185e-06
6.17777e-06
6.24337e-06
6.28346e-06
6.11645e-06
0.0100142
6.15314e-06
6.14476e-06
6.13204e-06
6.1266e-06
6.10116e-06
6.10381e-06
6.10659e-06
6.11734e-06
6.11867e-06
6.11947e-06
6.13316e-06
6.13156e-06
6.10994e-06
6.1312e-06
6.13068e-06
6.12873e-06
6.13205e-06
6.13488e-06
6.13366e-06
6.13779e-06
6.13705e-06
6.13673e-06
6.13612e-06
6.13201e-06
6.13576e-06
6.13494e-06
6.13383e-06
6.13311e-06
6.12691e-06
6.10582e-06
6.10629e-06
6.10701e-06
6.12905e-06
6.10454e-06
6.45367e-06
6.03444e-06
0.0168211
0.0161925
6.10113e-06
6.09265e-06
6.10819e-06
6.13025e-06
6.13507e-06
6.09673e-06
0.000314999
6.15748e-06
6.14381e-06
6.0996e-06
6.13872e-06
6.16234e-06
6.10381e-06
6.13648e-06
6.1298e-06
6.09394e-06
6.20956e-06
6.09972e-06
6.13412e-06
6.09321e-06
6.09279e-06
6.11869e-06
6.09624e-06
6.0573e-06
3.80665e-06
6.12178e-06
6.13687e-06
6.09714e-06
6.09902e-06
6.10168e-06
6.0991e-06
6.12671e-06
6.12724e-06
6.10898e-06
6.11287e-06
6.11526e-06
6.11009e-06
6.13449e-06
6.13701e-06
6.13509e-06
6.12702e-06
0.00282629
6.12253e-06
6.11808e-06
6.12061e-06
6.11206e-06
6.11262e-06
6.12272e-06
6.10474e-06
6.10963e-06
6.13806e-06
6.98215e-06
7.53866e-06
7.54189e-06
6.09744e-06
6.1481e-06
6.5839e-06
6.11705e-06
6.1446e-06
6.12655e-06
6.0977e-06
6.14938e-06
6.09457e-06
0.0233147
6.17222e-06
6.10585e-06
6.11705e-06
6.14909e-06
6.10084e-06
6.16825e-06
6.16192e-06
6.13825e-06
6.10553e-06
6.21778e-06
1.94226e-06
6.21642e-06
6.23796e-06
6.09418e-06
6.13475e-06
6.11133e-06
6.18909e-06
6.13197e-06
6.11573e-06
6.12837e-06
6.0931e-06
6.09488e-06
6.11473e-06
6.11647e-06
6.12525e-06
6.1091e-06
6.10385e-06
6.10683e-06
6.12609e-06
0.00514666
6.11362e-06
6.57064e-06
6.09248e-06
6.14222e-06
6.12907e-06
6.13786e-06
0.0233546
6.18036e-06
6.10745e-06
6.09574e-06
6.11841e-06
6.17983e-06
6.10817e-06
6.40194e-06
6.09675e-06
6.09819e-06
6.10033e-06
6.10305e-06
6.09506e-06
6.12942e-06
6.12806e-06
6.11695e-06
6.11376e-06
6.11353e-06
6.11593e-06
6.11525e-06
6.11005e-06
6.10926e-06
5.98059e-06
6.11408e-06
6.17533e-06
6.09215e-06
6.16675e-06
6.19095e-06
6.1376e-06
6.14386e-06
6.16456e-06
6.13979e-06
6.12014e-06
6.12357e-06
6.17382e-06
5.6562e-06
5.47276e-06
6.09676e-06
6.1148e-06
6.36361e-06
7.87457e-07
2.8225e-06
6.14978e-06
6.14939e-06
6.09596e-06
6.13419e-06
6.12171e-06
6.11076e-06
6.12537e-06
6.09762e-06
6.13486e-06
6.17895e-06
6.17369e-06
6.2227e-06
6.27398e-06
6.27319e-06
6.22612e-06
6.24389e-06
6.12419e-06
6.12563e-06
6.11223e-06
6.11476e-06
6.1131e-06
6.08866e-06
6.09731e-06
6.09307e-06
6.09854e-06
6.10007e-06
6.09868e-06
6.12848e-06
6.11816e-06
6.12975e-06
6.10929e-06
6.10873e-06
6.13182e-06
6.12821e-06
6.11034e-06
6.12586e-06
6.12533e-06
6.12308e-06
6.12134e-06
6.12037e-06
6.12136e-06
6.1027e-06
6.11504e-06
6.11073e-06
6.1065e-06
6.10894e-06
6.1116e-06
6.10958e-06
6.12318e-06
6.12272e-06
6.11185e-06
6.11101e-06
6.13197e-06
6.1268e-06
6.13099e-06
6.12402e-06
6.11318e-06
6.13411e-06
6.11616e-06
6.10989e-06
6.12236e-06
6.14558e-06
6.13441e-06
6.11993e-06
6.12675e-06
6.10832e-06
0.0200549
6.1283e-06
6.11666e-06
6.09876e-06
6.15224e-06
6.16079e-06
6.10903e-06
6.10562e-06
6.09485e-06
6.11517e-06
6.11668e-06
6.10128e-06
6.1494e-06
6.14697e-06
6.16414e-06
7.53044e-06
6.26799e-06
6.23215e-06
6.19906e-06
6.10075e-06
6.12438e-06
6.09577e-06
6.1504e-06
6.10507e-06
7.35744e-06
6.13147e-06
6.09944e-06
6.10141e-06
6.09165e-06
6.11639e-06
6.10167e-06
6.09932e-06
0.00139819
6.3064e-06
6.32778e-06
6.11346e-06
6.48269e-06
6.22868e-06
6.13581e-06
6.09113e-06
6.1099e-06
6.10903e-06
6.129e-06
6.1282e-06
6.13045e-06
6.10894e-06
0.0104234
6.12836e-06
6.12734e-06
6.12344e-06
6.12554e-06
6.12554e-06
6.12225e-06
6.12173e-06
6.12228e-06
6.11965e-06
6.11073e-06
6.12854e-06
6.12206e-06
6.12764e-06
6.11941e-06
6.11604e-06
6.11334e-06
6.13369e-06
6.13838e-06
6.15031e-06
6.13744e-06
6.15314e-06
6.09519e-06
6.03816e-06
6.08659e-06
6.1512e-06
6.29634e-06
6.12786e-06
6.17847e-06
6.12894e-06
6.14878e-06
6.11189e-06
6.1454e-06
6.10208e-06
6.15626e-06
6.12329e-06
9.70305e-11
6.13626e-06
6.09695e-06
6.1684e-06
6.12682e-06
6.10697e-06
6.1025e-06
6.12733e-06
0.0195481
6.12431e-06
6.09966e-06
2.53413e-05
6.14759e-06
6.14281e-06
6.09687e-06
6.14716e-06
6.14865e-06
6.17116e-06
0.018344
6.16133e-06
6.11272e-06
6.20109e-06
6.16301e-06
6.17964e-06
5.95822e-06
0.0112092
6.1002e-06
6.09243e-06
6.09662e-06
6.10433e-06
6.09989e-06
6.1038e-06
6.0964e-06
6.12942e-06
6.13614e-06
6.13645e-06
6.13522e-06
6.13641e-06
6.13362e-06
6.12796e-06
6.12178e-06
6.11524e-06
6.11768e-06
4.15965e-07
0.00667944
0.0149731
6.12126e-06
6.12322e-06
6.11227e-06
6.10723e-06
6.11567e-06
6.10668e-06
6.11153e-06
6.12661e-06
6.10807e-06
6.11987e-06
6.11075e-06
6.1162e-06
6.11251e-06
6.10836e-06
6.1269e-06
6.1175e-06
6.13203e-06
1.01073e-05
6.09986e-06
7.35217e-06
6.12826e-06
6.11822e-06
6.1218e-06
6.12899e-06
6.09972e-06
6.11032e-06
6.09798e-06
6.10314e-06
6.0941e-06
6.10574e-06
6.14721e-06
6.14819e-06
6.16025e-06
6.11116e-06
6.10255e-06
6.13461e-06
6.21867e-06
6.14375e-06
6.12219e-06
6.10507e-06
6.10286e-06
6.18248e-06
6.15391e-06
6.14865e-06
6.14908e-06
6.35785e-06
6.1604e-06
6.15363e-06
6.16349e-06
6.19686e-06
6.14939e-06
6.12175e-06
6.09474e-06
6.17167e-06
6.12351e-06
6.16901e-06
6.1603e-06
6.10361e-06
6.18754e-06
6.13892e-06
6.09602e-06
6.0943e-06
6.11849e-06
6.10091e-06
6.10083e-06
6.10359e-06
6.09899e-06
6.19743e-06
6.30045e-06
6.09313e-06
6.12866e-06
6.10156e-06
6.09829e-06
6.09429e-06
6.09894e-06
6.10316e-06
6.10379e-06
6.10391e-06
6.13231e-06
6.11246e-06
0.0216726
6.12733e-06
6.11315e-06
6.11907e-06
6.10472e-06
6.12601e-06
6.13131e-06
6.12395e-06
6.11316e-06
6.59606e-06
6.13776e-06
6.09844e-06
6.13959e-06
6.10186e-06
6.06943e-06
6.09829e-06
6.12686e-06
6.13251e-06
6.09849e-06
6.15375e-06
6.18767e-06
6.1501e-06
6.12366e-06
6.16546e-06
6.10502e-06
6.16812e-06
6.09901e-06
6.12052e-06
6.10297e-06
6.10584e-06
6.10903e-06
6.11437e-06
6.11512e-06
6.08765e-06
6.08886e-06
6.08876e-06
6.09617e-06
6.09818e-06
6.09478e-06
6.09456e-06
6.10112e-06
6.10345e-06
6.10873e-06
6.11322e-06
6.12255e-06
6.12217e-06
6.10531e-06
6.12684e-06
6.12619e-06
6.11228e-06
6.10122e-06
6.12231e-06
6.12224e-06
6.1373e-06
6.13075e-06
0.00188827
0.0202053
6.11994e-06
6.11682e-06
6.15847e-06
6.14585e-06
6.09611e-06
6.09456e-06
6.09701e-06
6.15669e-06
6.13636e-06
6.16603e-06
6.14323e-06
6.10596e-06
6.09862e-06
6.10281e-06
6.15186e-06
6.11322e-06
6.09839e-06
6.14465e-06
6.16178e-06
6.11278e-06
6.11254e-06
6.16318e-06
6.11145e-06
6.16855e-06
6.11216e-06
6.10312e-06
6.10098e-06
6.10378e-06
6.15713e-06
6.16911e-06
6.16839e-06
6.18394e-06
6.18272e-06
6.16097e-06
6.16285e-06
6.09848e-06
6.27793e-06
6.10537e-06
6.2269e-06
6.10148e-06
6.0997e-06
6.1056e-06
6.09376e-06
6.14425e-06
6.09668e-06
6.10432e-06
6.10439e-06
6.10556e-06
6.20371e-06
6.08815e-06
6.1057e-06
6.1286e-06
6.10885e-06
0.015863
0.0106027
6.10047e-06
6.10816e-06
6.11997e-06
6.1259e-06
6.11482e-06
6.1103e-06
6.12061e-06
6.12683e-06
6.1044e-06
0.0174802
6.127e-06
6.12245e-06
6.12236e-06
6.11503e-06
6.14627e-06
6.12477e-06
0.0184031
6.11592e-06
6.19979e-06
6.22981e-06
6.18109e-06
6.1044e-06
6.27108e-06
6.10992e-06
6.13006e-06
6.1288e-06
6.09802e-06
6.10012e-06
6.09871e-06
6.09964e-06
6.10032e-06
6.10259e-06
6.13286e-06
6.11496e-06
6.11657e-06
6.10908e-06
6.12055e-06
6.12444e-06
6.12852e-06
6.13255e-06
0.000492072
6.11147e-06
6.12949e-06
6.10546e-06
9.67037e-06
6.12145e-06
6.12659e-06
6.12399e-06
6.11592e-06
6.10743e-06
6.10562e-06
6.12214e-06
6.10485e-06
6.13248e-06
6.1211e-06
6.11726e-06
6.10751e-06
6.10958e-06
6.11645e-06
6.11355e-06
6.12365e-06
6.11246e-06
6.13782e-06
6.1097e-06
6.13982e-06
6.13891e-06
6.76562e-06
6.15096e-06
6.12153e-06
0.00211719
6.16332e-06
6.11832e-06
6.13034e-06
6.11765e-06
6.13543e-06
6.09805e-06
6.14357e-06
0.0121064
6.09848e-06
6.09509e-06
6.09743e-06
6.14725e-06
6.14318e-06
0.0243692
6.14216e-06
6.14979e-06
6.09569e-06
6.14236e-06
6.14292e-06
6.14008e-06
6.12659e-06
6.13516e-06
6.13462e-06
6.1578e-06
6.17329e-06
6.10436e-06
6.13816e-06
6.14988e-06
6.16357e-06
6.2005e-06
6.18069e-06
6.15392e-06
6.17267e-06
6.14084e-06
6.15148e-06
6.12149e-06
6.18242e-06
6.19808e-06
6.10466e-06
6.27636e-06
6.37229e-06
6.20445e-06
6.24077e-06
6.09833e-06
6.10889e-06
6.20306e-06
6.09265e-06
6.10038e-06
6.11692e-06
6.11933e-06
6.11666e-06
6.09746e-06
6.09578e-06
2.08643e-06
6.09846e-06
6.09598e-06
6.13138e-06
6.13988e-06
6.24983e-06
6.23728e-06
6.10004e-06
6.11374e-06
6.17813e-06
6.17523e-06
6.12717e-06
6.15608e-06
6.13832e-06
6.13141e-06
6.091e-06
6.09933e-06
6.10992e-06
6.12802e-06
6.10768e-06
6.11892e-06
6.1165e-06
6.11876e-06
6.11364e-06
6.1181e-06
6.12825e-06
6.12961e-06
6.13134e-06
6.11651e-06
6.12373e-06
6.12253e-06
6.12202e-06
6.10305e-06
6.13315e-06
6.10712e-06
6.12687e-06
6.12497e-06
6.13958e-06
6.11172e-06
0.00641963
6.13795e-06
6.13976e-06
6.09601e-06
6.09705e-06
6.1494e-06
6.12736e-06
6.15068e-06
6.10762e-06
6.12896e-06
6.1669e-06
6.09428e-06
6.13667e-06
6.12031e-06
6.12493e-06
6.15852e-06
6.1027e-06
6.16795e-06
6.13302e-06
6.10075e-06
6.16203e-06
6.17804e-06
6.23048e-06
6.15398e-06
6.09949e-06
6.10345e-06
6.24798e-06
6.20792e-06
6.3121e-06
6.11838e-06
6.12249e-06
6.10438e-06
6.09585e-06
6.14616e-06
6.15121e-06
6.11498e-06
6.13516e-06
6.26824e-06
6.16222e-06
0.0105737
0.00995311
6.22447e-06
6.05713e-06
6.09774e-06
6.11227e-06
6.11748e-06
6.08691e-06
6.08769e-06
6.09629e-06
6.09575e-06
6.09404e-06
6.1209e-06
6.122e-06
6.1085e-06
6.1332e-06
6.11084e-06
6.11166e-06
6.12354e-06
6.10995e-06
6.10664e-06
6.12731e-06
6.12709e-06
6.10981e-06
6.11756e-06
6.10689e-06
6.11313e-06
6.11577e-06
6.11601e-06
6.13865e-06
6.11308e-06
6.11428e-06
6.11162e-06
6.11812e-06
6.15271e-06
6.13704e-06
6.10497e-06
6.15137e-06
6.16772e-06
6.10344e-06
6.14414e-06
6.10488e-06
6.13418e-06
1.15104e-09
6.15676e-06
6.10493e-06
6.19644e-06
6.11151e-06
6.09476e-06
6.10123e-06
6.10275e-06
6.10142e-06
6.09108e-06
6.13498e-06
6.09731e-06
6.1082e-06
6.12322e-06
6.12745e-06
6.1302e-06
6.12233e-06
6.10266e-06
6.11624e-06
6.09444e-06
6.09546e-06
6.09835e-06
6.09402e-06
6.10124e-06
6.10038e-06
6.10958e-06
6.1132e-06
6.11071e-06
6.11144e-06
6.11309e-06
6.12475e-06
6.10588e-06
6.12413e-06
6.1295e-06
6.12401e-06
6.12288e-06
6.126e-06
6.10936e-06
6.12379e-06
6.12007e-06
6.11629e-06
6.11383e-06
6.11097e-06
6.11648e-06
6.1059e-06
6.11654e-06
6.14579e-06
6.13288e-06
6.14021e-06
6.13155e-06
6.65617e-06
6.11823e-06
6.21921e-06
6.11396e-06
6.09828e-06
3.39608e-07
6.09849e-06
6.10106e-06
6.09469e-06
6.10681e-06
6.16488e-06
6.10534e-06
6.13826e-06
6.15813e-06
6.15774e-06
6.11681e-06
6.17553e-06
6.15727e-06
6.20921e-06
6.19704e-06
6.11507e-06
6.12443e-06
6.13843e-06
6.10109e-06
6.32074e-06
6.17122e-06
6.09365e-06
6.16156e-06
6.16077e-06
6.09849e-06
6.11554e-06
6.11572e-06
6.09858e-06
6.23673e-06
6.09574e-06
6.11406e-06
6.2701e-06
6.10012e-06
6.12348e-06
6.11325e-06
6.67483e-06
6.14822e-06
6.08756e-06
6.08777e-06
6.08939e-06
6.09328e-06
6.12195e-06
6.13115e-06
6.12292e-06
6.12256e-06
6.12398e-06
6.11856e-06
0.0215888
6.12813e-06
6.11097e-06
6.12748e-06
6.10638e-06
6.11596e-06
6.1256e-06
6.12253e-06
6.12177e-06
6.12297e-06
6.12391e-06
6.12245e-06
6.12064e-06
6.12227e-06
6.10903e-06
6.13188e-06
6.13336e-06
6.10618e-06
6.1225e-06
6.10555e-06
6.11377e-06
6.11591e-06
6.14074e-06
6.14625e-06
6.11696e-06
6.10803e-06
6.10877e-06
6.15056e-06
6.12227e-06
6.05542e-06
6.12772e-06
6.11613e-06
6.13425e-06
6.15847e-06
6.09949e-06
6.15824e-06
6.11163e-06
6.09569e-06
6.09584e-06
6.09138e-06
6.107e-06
6.10522e-06
6.09896e-06
6.15285e-06
6.15955e-06
6.0934e-06
6.16794e-06
6.17196e-06
6.10535e-06
6.17083e-06
6.17375e-06
6.17489e-06
6.16447e-06
6.19516e-06
6.09264e-06
6.10508e-06
6.12975e-06
6.09391e-06
6.10009e-06
6.12675e-06
6.12642e-06
6.13069e-06
6.13238e-06
6.09792e-06
7.40844e-06
6.13845e-06
6.13884e-06
6.11632e-06
6.11775e-06
6.12059e-06
6.13472e-06
6.12838e-06
6.12379e-06
6.13325e-06
6.13503e-06
6.13647e-06
6.12988e-06
6.1285e-06
6.11923e-06
5.94428e-06
6.1269e-06
6.12486e-06
6.12153e-06
6.1147e-06
6.1416e-06
6.12802e-06
6.12958e-06
6.11955e-06
6.11371e-06
6.115e-06
6.14306e-06
6.15023e-06
5.99105e-06
6.09241e-06
6.09742e-06
6.17781e-06
6.14008e-06
6.14133e-06
6.13546e-06
6.13021e-06
6.57233e-06
6.1213e-06
6.35315e-06
6.13095e-06
6.23728e-06
6.09495e-06
6.09513e-06
6.23782e-06
0.0234724
6.1263e-06
6.08737e-06
6.08722e-06
6.09575e-06
6.09588e-06
6.09256e-06
6.104e-06
6.13758e-06
6.1067e-06
6.10993e-06
6.11918e-06
1.31187e-06
0.0168689
6.12577e-06
6.12629e-06
6.12461e-06
6.10622e-06
6.10718e-06
6.10515e-06
6.12706e-06
6.09293e-06
6.09722e-06
6.0977e-06
6.10885e-06
6.14183e-06
6.09442e-06
6.09987e-06
6.09914e-06
6.1121e-06
6.08929e-06
6.14222e-06
6.10616e-06
6.16837e-06
6.10714e-06
6.2433e-06
6.12715e-06
6.15458e-06
6.13834e-06
6.17712e-06
6.14457e-06
6.16786e-06
6.19516e-06
6.18557e-06
6.12331e-06
6.09123e-06
6.10498e-06
6.09214e-06
6.11384e-06
6.09248e-06
6.12978e-06
0.0115746
6.14651e-06
6.14256e-06
6.09763e-06
6.09798e-06
6.10247e-06
6.1008e-06
6.12117e-06
6.10298e-06
6.13151e-06
6.11171e-06
6.10885e-06
6.11793e-06
6.11003e-06
6.1369e-06
6.13591e-06
6.13424e-06
6.12071e-06
6.11607e-06
6.12831e-06
6.13336e-06
6.10915e-06
6.10687e-06
6.12428e-06
6.01856e-06
6.13764e-06
6.12867e-06
6.12909e-06
6.12736e-06
6.10469e-06
6.11286e-06
6.10749e-06
6.1317e-06
6.12273e-06
6.11385e-06
6.14003e-06
6.14698e-06
6.10677e-06
6.05386e-06
0.00328642
6.09802e-06
6.10672e-06
6.09851e-06
6.09369e-06
6.09671e-06
6.09792e-06
6.09833e-06
6.1432e-06
6.1522e-06
6.14523e-06
6.17532e-06
6.04924e-06
6.10495e-06
6.10431e-06
6.09919e-06
6.12691e-06
6.1525e-06
6.2416e-06
6.15901e-06
6.18412e-06
6.1312e-06
6.10423e-06
6.11889e-06
6.16255e-06
6.12449e-06
6.21569e-06
6.10697e-06
6.10037e-06
6.22552e-06
6.09586e-06
6.1058e-06
6.22753e-06
6.24211e-06
6.09691e-06
6.1844e-06
6.09638e-06
6.09658e-06
6.12715e-06
6.0941e-06
6.13423e-06
6.10359e-06
6.09948e-06
6.0975e-06
6.10862e-06
6.08702e-06
6.09406e-06
6.11806e-06
6.10604e-06
6.10949e-06
6.10009e-06
6.1054e-06
6.05122e-06
9.22352e-09
6.15549e-06
6.09316e-06
6.13037e-06
6.10245e-06
6.10655e-06
6.15924e-06
6.15221e-06
2.64714e-06
6.28634e-06
6.09914e-06
6.14846e-06
6.09623e-06
6.09494e-06
6.09523e-06
6.09732e-06
6.09789e-06
6.11588e-06
6.11429e-06
6.10765e-06
6.08951e-06
6.09607e-06
6.09481e-06
6.0969e-06
6.11203e-06
6.13118e-06
6.13558e-06
6.10929e-06
6.12465e-06
6.12613e-06
6.12164e-06
6.10715e-06
6.12627e-06
6.13123e-06
7.15533e-06
6.09926e-06
6.10089e-06
6.15398e-06
6.15381e-06
6.09933e-06
6.09232e-06
6.12815e-06
6.1122e-06
6.11166e-06
6.18757e-06
6.14173e-06
6.14652e-06
6.10449e-06
6.22389e-06
1.15118e-07
6.43477e-06
6.10061e-06
6.09974e-06
6.10637e-06
6.11588e-06
6.09706e-06
6.0779e-06
6.11716e-06
6.12306e-06
6.09138e-06
6.12299e-06
6.13237e-06
6.10441e-06
6.13865e-06
6.13194e-06
6.09969e-06
6.10639e-06
0.0086808
6.1364e-06
6.12666e-06
6.12539e-06
6.11673e-06
6.09585e-06
6.09848e-06
6.1014e-06
6.10039e-06
6.12147e-06
6.12821e-06
6.12305e-06
6.11829e-06
0.00152986
6.13168e-06
6.10575e-06
6.11695e-06
6.10471e-06
6.12369e-06
6.10358e-06
6.1066e-06
6.12507e-06
6.13214e-06
6.11793e-06
0.0213924
0.019635
6.14625e-06
0.017924
0.00142743
6.15598e-06
6.10063e-06
6.09765e-06
6.11874e-06
6.13068e-06
6.10648e-06
6.12361e-06
6.75717e-06
6.13966e-06
6.20185e-06
6.15979e-06
7.6216e-06
6.11695e-06
6.4976e-06
6.16039e-06
6.22696e-06
6.31638e-06
6.09075e-06
6.15382e-06
6.12215e-06
6.23169e-06
2.01208e-06
7.63338e-06
6.09484e-06
6.20517e-06
6.09675e-06
6.09581e-06
6.24049e-06
6.13006e-06
6.13142e-06
6.24176e-06
6.09362e-06
6.10809e-06
6.12089e-06
0.0112723
6.09573e-06
6.09464e-06
6.09197e-06
6.09349e-06
6.09724e-06
6.13012e-06
6.12279e-06
6.14501e-06
6.07248e-06
5.81979e-06
6.14115e-06
0.001117
6.14154e-06
6.10656e-06
6.10326e-06
6.11401e-06
6.11313e-06
6.09801e-06
6.07236e-06
6.13706e-06
6.17664e-06
6.12155e-06
6.27231e-06
6.1395e-06
6.10206e-06
6.14053e-06
6.28211e-06
6.26922e-06
6.14589e-06
6.12832e-06
6.12531e-06
6.10961e-06
6.11188e-06
0.00330788
6.12341e-06
6.10529e-06
6.10718e-06
6.11436e-06
6.13695e-06
6.12873e-06
6.11785e-06
6.14535e-06
6.12514e-06
6.32253e-06
6.12102e-06
6.12088e-06
6.26338e-06
6.69781e-06
6.03861e-06
6.09723e-06
6.10609e-06
6.10935e-06
6.1064e-06
6.08945e-06
6.09281e-06
6.09559e-06
6.09501e-06
6.0972e-06
6.12682e-06
6.12774e-06
6.12852e-06
6.12731e-06
6.12802e-06
6.12965e-06
6.12927e-06
6.12482e-06
6.10632e-06
6.10672e-06
0.0232482
6.10461e-06
8.76382e-06
7.30047e-06
6.09956e-06
6.14467e-06
6.15737e-06
6.165e-06
6.09323e-06
7.28683e-06
4.06311e-06
6.65898e-06
6.21713e-06
6.21117e-06
6.15154e-06
6.12708e-06
7.37177e-09
6.14995e-06
6.2836e-06
6.10329e-06
6.10563e-06
6.10473e-06
6.11685e-06
5.11073e-06
6.10832e-06
6.12625e-06
6.3481e-06
6.13071e-06
6.14932e-06
6.09819e-06
6.06148e-06
6.12412e-06
6.11419e-06
6.14623e-06
6.14909e-06
6.10296e-06
6.14577e-06
6.11258e-06
6.13633e-06
6.10356e-06
6.10952e-06
6.15665e-06
6.13028e-06
6.12009e-06
6.13043e-06
6.1243e-06
6.10812e-06
6.14015e-06
6.03496e-06
6.10955e-06
6.07538e-06
6.1003e-06
6.11541e-06
6.15454e-06
6.13902e-06
6.17085e-06
6.10864e-06
6.12322e-06
6.1484e-06
6.10092e-06
6.11032e-06
6.13894e-06
6.16901e-06
6.1934e-06
6.06278e-06
6.14068e-06
6.14235e-06
6.13608e-06
6.12301e-06
6.20428e-06
6.0909e-06
6.09796e-06
6.10174e-06
6.09616e-06
6.23253e-06
0.0126211
6.11382e-06
6.11555e-06
6.10846e-06
6.12887e-06
6.1366e-06
6.12564e-06
6.12897e-06
6.12258e-06
6.12203e-06
6.1339e-06
0.0160424
5.8743e-06
6.12284e-06
6.12954e-06
6.09679e-06
6.11423e-06
6.12141e-06
6.1154e-06
6.12828e-06
5.35934e-06
6.12585e-06
6.13452e-06
6.12706e-06
6.12907e-06
6.13755e-06
6.12076e-06
6.11416e-06
6.13294e-06
6.14758e-06
0.0154866
6.19046e-06
8.64832e-06
6.18748e-06
6.10673e-06
6.20313e-06
6.16974e-06
6.12052e-06
6.12603e-06
6.12366e-06
6.10179e-06
6.12707e-06
6.13546e-06
6.0951e-06
6.10054e-06
6.1363e-06
6.15503e-06
6.30109e-06
6.09008e-06
6.11974e-06
6.11571e-06
6.12717e-06
6.11898e-06
6.1186e-06
6.14503e-06
6.15647e-06
6.11201e-06
6.09935e-06
6.14414e-06
8.1329e-06
6.13819e-06
6.11886e-06
6.14182e-06
6.17164e-06
6.11266e-06
6.09101e-06
6.15943e-06
6.1076e-06
6.10068e-06
6.39867e-06
6.24303e-06
6.12703e-06
6.12908e-06
6.10899e-06
6.06176e-06
6.10179e-06
6.18313e-06
7.21396e-06
6.13855e-06
6.17089e-06
6.13852e-06
6.15918e-06
6.19247e-06
6.39551e-06
6.1408e-06
6.12536e-06
6.13776e-06
6.12637e-06
6.1259e-06
5.67952e-06
6.1378e-06
6.12855e-06
6.10398e-06
6.12438e-06
6.12211e-06
6.14178e-06
6.11771e-06
6.15951e-06
6.27498e-06
0.00616685
6.10329e-06
6.18446e-06
6.16909e-06
6.14418e-06
6.11469e-06
6.13925e-06
6.1231e-06
6.17917e-06
6.15851e-06
7.12103e-06
6.11361e-06
6.138e-06
6.14726e-06
6.2014e-06
0.0158139
6.19359e-06
6.12285e-06
6.1197e-06
6.1804e-06
6.27526e-06
6.11077e-06
5.69873e-06
6.07792e-06
6.12933e-06
6.12663e-06
6.09567e-06
6.09985e-06
6.1285e-06
6.1247e-06
6.12525e-06
6.12612e-06
6.12951e-06
6.13171e-06
6.12266e-06
0.00218032
6.12788e-06
6.06267e-06
6.12341e-06
6.13822e-06
6.13862e-06
6.15016e-06
6.19033e-06
6.10094e-06
6.13442e-06
6.24271e-06
1.15562e-07
6.1014e-06
6.12504e-06
6.12761e-06
6.2354e-06
6.11191e-06
6.12099e-06
6.12703e-06
6.12922e-06
6.06497e-06
6.09767e-06
7.91668e-06
6.10179e-06
6.13903e-06
6.23074e-06
6.29603e-06
6.10598e-06
6.17759e-06
6.13194e-06
6.10205e-06
6.10258e-06
6.1213e-06
6.12713e-06
6.13698e-06
6.14041e-06
6.12815e-06
6.1271e-06
6.12947e-06
0.0102257
6.11885e-06
6.11354e-06
6.15301e-06
5.98993e-06
9.81392e-06
6.60714e-06
6.04265e-06
6.22071e-06
8.43388e-06
6.15507e-06
6.09408e-06
6.09913e-06
6.09887e-06
6.11289e-06
6.13025e-06
3.59104e-06
6.29443e-06
6.12411e-06
6.66216e-06
6.05864e-06
6.11886e-06
6.15788e-06
6.14449e-06
6.1431e-06
6.13126e-06
6.09801e-06
6.14051e-06
6.13923e-06
6.13644e-06
6.12542e-06
0.00602909
6.12683e-06
6.12872e-06
6.11993e-06
6.11619e-06
6.13737e-06
6.11509e-06
6.11656e-06
6.14035e-06
6.03022e-06
4.55882e-06
6.76843e-06
6.11399e-06
6.04883e-06
6.131e-06
6.16853e-06
6.19935e-06
6.1287e-06
0.0219538
6.08615e-06
6.13683e-06
6.43831e-06
6.18552e-06
6.78566e-06
6.12985e-06
6.15378e-06
6.13828e-06
6.13845e-06
6.17075e-06
6.12503e-06
2.92641e-09
6.14012e-06
6.36643e-06
6.12792e-06
6.12273e-06
6.12511e-06
6.13743e-06
6.1182e-06
6.11965e-06
0.00973034
6.13133e-06
7.29886e-06
6.11898e-06
6.13804e-06
6.13097e-06
7.88423e-06
6.1345e-06
6.09957e-06
6.1014e-06
6.13529e-06
0.014881
0.0121612
6.14539e-06
6.146e-06
6.09295e-06
6.14106e-06
6.10939e-06
6.12928e-06
0.00841217
6.12832e-06
6.12397e-06
6.12231e-06
6.11419e-06
6.11466e-06
6.12782e-06
6.11472e-06
6.14763e-06
0.0237952
1.22352e-07
6.12638e-06
6.1345e-06
7.59925e-06
6.09891e-06
6.12177e-06
0.000141247
6.08724e-06
6.13705e-06
6.11065e-06
6.13742e-06
6.13596e-06
6.12938e-06
6.1263e-06
6.12654e-06
7.73435e-06
6.12998e-06
6.12823e-06
6.12335e-06
6.12452e-06
6.12216e-06
6.12167e-06
6.12169e-06
6.13846e-06
1.06172e-05
6.11384e-06
6.11417e-06
6.69153e-06
0.00454163
0.0181098
0.0234841
6.12277e-06
5.24072e-06
6.13186e-06
6.20907e-06
6.13893e-06
6.10243e-06
9.37548e-08
6.12507e-06
6.12e-06
6.10301e-06
6.12615e-06
1.97578e-06
1.72535e-11
6.14204e-06
0.0103011
6.12676e-06
6.12593e-06
6.12021e-06
6.12853e-06
6.12963e-06
6.12917e-06
6.12886e-06
6.13492e-06
7.34016e-06
6.152e-06
1.27832e-05
6.12893e-06
6.12173e-06
2.44463e-06
6.84507e-07
6.10675e-06
6.13036e-06
6.12171e-06
6.1161e-06
6.12132e-06
6.14285e-06
6.10099e-06
6.13067e-06
6.12159e-06
6.28425e-06
6.74267e-06
6.17763e-06
6.13602e-06
6.12305e-06
6.13138e-06
6.13565e-06
6.13179e-06
6.10566e-06
6.11093e-06
6.13457e-06
6.10179e-06
6.08636e-06
6.14814e-06
0.0238746
6.12064e-06
6.1484e-06
6.16304e-06
6.15187e-06
6.15967e-06
6.10011e-06
6.24185e-06
3.13024e-07
6.12646e-06
6.11215e-06
6.08858e-06
6.12577e-06
6.37528e-06
6.10306e-06
6.08895e-06
6.12944e-06
6.10532e-06
6.15805e-06
6.10122e-06
6.13723e-06
6.09406e-06
6.11689e-06
6.1169e-06
6.11792e-06
6.18023e-06
0.00931226
6.13895e-06
0.00201071
0.00364775
6.12725e-06
6.12665e-06
0.00331113
6.12127e-06
6.14151e-06
6.12933e-06
6.11146e-06
6.12781e-06
6.14619e-06
6.23309e-06
6.19205e-06
7.55447e-06
0.00533515
6.13858e-06
6.11801e-06
6.12075e-06
6.12565e-06
6.13413e-06
0.00898042
6.11706e-06
6.13057e-06
6.11973e-06
6.12765e-06
6.11988e-06
6.11817e-06
6.11733e-06
6.11823e-06
6.11881e-06
6.12641e-06
6.11802e-06
0.0214119
2.44022e-06
4.6422e-10
6.09481e-06
6.11589e-06
6.09978e-06
2.52795e-10
6.47539e-06
6.1199e-06
6.13114e-06
6.39816e-06
6.18156e-06
6.11358e-06
6.20354e-06
6.16013e-06
6.13397e-06
6.1414e-06
6.1076e-06
1.09992e-08
6.13091e-06
6.12634e-06
6.12263e-06
6.11968e-06
6.11356e-06
3.35001e-06
0.0050483
0.0161422
6.12606e-06
0.00102393
6.13986e-06
6.03397e-06
7.03459e-06
6.13112e-06
6.35264e-06
6.14912e-06
0.00736398
6.09781e-06
6.12859e-06
6.13208e-06
6.09011e-06
6.12038e-06
6.1183e-06
6.12834e-06
6.11692e-06
6.12674e-06
6.12551e-06
6.13384e-06
6.1399e-06
6.09761e-06
6.38026e-06
6.09165e-06
6.12831e-06
0.0136823
0.0122615
6.10117e-06
6.13097e-06
6.12593e-06
6.11547e-06
6.11544e-06
6.1183e-06
6.02981e-06
6.12471e-06
0.0172126
0.0181518
6.12341e-06
0.00757679
6.10803e-06
6.1095e-06
9.47198e-07
0.0238011
6.13865e-06
0.0209474
5.04755e-06
6.36203e-06
0.0235346
6.20201e-06
6.0972e-06
6.11744e-06
4.877e-06
6.11348e-06
6.09898e-06
6.12766e-06
0.0221961
6.02296e-06
6.12924e-06
6.12611e-06
0.0180285
6.11962e-06
6.15131e-06
6.12214e-06
6.13955e-06
7.4723e-06
7.37266e-06
6.13089e-06
6.12084e-06
6.46184e-06
1.78628e-10
5.3426e-05
6.1273e-06
6.12553e-06
6.11111e-06
6.13168e-06
6.14268e-06
6.14597e-06
6.14436e-06
6.13461e-06
0.00954077
0.00846762
6.13224e-06
6.13238e-06
6.12919e-06
6.10603e-06
6.16809e-06
6.13836e-06
6.09723e-06
6.11582e-06
0.0213667
6.13752e-06
6.61692e-05
7.28e-06
7.54018e-06
6.51643e-06
6.13762e-06
2.36618e-06
6.18677e-06
6.10242e-06
6.13033e-06
6.11407e-06
6.13121e-06
6.10846e-06
6.11881e-06
6.13944e-06
6.11065e-06
6.15312e-06
6.13947e-06
6.10777e-06
6.13091e-06
6.18994e-06
6.33388e-06
6.1153e-06
0.00915819
6.11029e-06
5.7598e-06
6.20005e-06
6.13724e-06
6.1584e-06
6.14201e-06
6.12301e-06
6.09977e-06
6.11097e-06
6.13701e-06
6.05927e-06
6.12962e-06
6.13651e-06
0.00828762
6.12743e-06
6.12198e-06
6.12534e-06
6.12681e-06
6.14529e-06
6.13085e-06
1.41469e-08
6.11333e-06
0.0223897
6.10847e-06
7.22287e-06
6.14105e-06
6.14986e-06
6.13474e-06
6.13052e-06
6.14904e-06
6.13734e-06
6.13934e-06
6.13814e-06
6.12989e-06
6.12861e-06
6.13459e-06
0.0228327
6.12159e-06
6.12169e-06
6.12825e-06
8.34666e-06
6.0994e-06
6.13896e-06
6.16358e-06
6.15339e-06
6.12866e-06
6.13881e-06
6.10757e-06
6.12621e-06
6.12678e-06
6.12987e-06
6.13222e-06
1.71005e-05
6.1544e-06
6.13452e-06
6.147e-06
6.09685e-06
6.14138e-06
6.10383e-06
6.13169e-06
6.0394e-06
3.86427e-09
6.09354e-06
6.19409e-06
7.79915e-12
0.0101195
6.12845e-06
6.12363e-06
6.20479e-06
1.49592e-05
0.0210212
0.0189119
0.0188391
6.09679e-06
6.12716e-06
6.2973e-06
6.10179e-06
6.12987e-06
6.17909e-06
6.18022e-06
6.1798e-06
6.1495e-06
6.0969e-06
6.1369e-06
6.1276e-06
6.10937e-06
6.13019e-06
0.0227861
6.1001e-06
1.01356e-06
6.16206e-06
6.25336e-06
6.12573e-06
6.17019e-06
6.28736e-06
6.13859e-06
0.0225229
6.04544e-06
7.21255e-06
6.39407e-06
6.17615e-06
6.20446e-06
6.12489e-06
6.21169e-06
0.0101816
6.15268e-06
6.15502e-06
6.12024e-06
6.12342e-06
5.51832e-06
6.09482e-06
3.08721e-06
6.02636e-06
6.52859e-06
6.0913e-06
6.12759e-06
6.14933e-06
6.14841e-06
7.02942e-06
4.03804e-08
6.12982e-06
6.05558e-06
5.41077e-07
6.09551e-06
6.14243e-06
6.11997e-06
6.13154e-06
6.13269e-06
6.09449e-06
6.09999e-06
0.0141531
6.12002e-06
5.62434e-06
0.00543297
6.66125e-06
6.25805e-06
5.49328e-09
6.25649e-06
6.0972e-06
6.09276e-06
6.13109e-06
6.14169e-06
6.13074e-06
0.022278
7.24599e-06
6.12883e-06
6.19017e-06
6.09838e-06
0.0207498
6.12945e-06
5.50856e-06
1.04662e-07
6.11253e-06
6.12058e-06
0.0210491
6.04263e-06
0.0155316
1.79545e-14
6.13828e-06
7.70624e-07
6.12971e-06
9.73903e-09
6.11798e-06
6.14241e-06
6.12319e-06
7.57721e-06
6.11431e-06
6.12561e-06
6.13813e-06
7.00713e-06
6.05397e-06
6.13758e-06
6.12305e-06
6.11871e-06
6.26467e-06
6.09371e-06
6.12025e-06
6.12687e-06
6.12922e-06
6.1074e-06
6.05605e-06
6.05229e-06
6.10733e-06
6.1098e-06
6.21842e-06
6.86739e-06
6.13477e-06
6.1802e-06
6.13632e-06
6.12015e-06
6.77656e-06
6.11837e-06
0.0141386
6.04816e-06
6.1507e-06
6.097e-06
6.12842e-06
6.05882e-06
6.10816e-06
6.50914e-06
1.28606e-10
1.10402e-05
6.13194e-06
0.013724
6.15131e-06
6.14572e-06
6.13769e-06
6.12584e-06
6.12194e-06
6.10866e-06
6.92778e-06
0.0141393
0.0020877
6.11276e-06
6.14115e-06
6.13468e-06
6.12169e-06
8.27617e-05
0.0140212
0.0112666
6.11764e-06
1.49882e-06
1.99204e-08
6.12559e-06
6.09664e-06
6.13492e-06
6.11597e-06
6.12679e-06
6.22658e-06
0.0207498
6.84329e-06
6.21396e-06
6.13826e-06
6.13104e-06
6.12229e-06
4.67726e-06
6.16175e-06
6.12611e-06
6.125e-06
6.08386e-06
6.09671e-06
6.12473e-06
6.1252e-06
0.0089419
6.14142e-06
6.21222e-06
6.11706e-06
0.0194078
7.30345e-06
6.14337e-06
6.09072e-06
7.12976e-06
6.12363e-06
6.12504e-06
6.11907e-06
6.13923e-06
6.24972e-06
6.13427e-06
6.11705e-06
2.70336e-07
6.11723e-06
0.0230474
6.14355e-06
0.0210899
0.00290531
6.09508e-06
6.13022e-06
6.13443e-06
6.28615e-06
6.1222e-06
6.11659e-06
6.0636e-06
6.3939e-06
0.00293101
0.0187531
8.3436e-06
3.83263e-10
6.12051e-06
2.39692e-06
6.32256e-06
6.12969e-06
6.12404e-06
0.00187158
6.42114e-06
6.13032e-06
6.12647e-06
6.13253e-06
6.10781e-06
0.021438
6.34102e-06
6.12745e-06
6.14107e-06
0.0159409
6.09724e-06
6.118e-06
3.74378e-06
6.13113e-06
6.12081e-06
6.88897e-06
6.13098e-06
6.1691e-06
6.09707e-06
6.13702e-06
6.0967e-06
1.67682e-11
8.49128e-07
6.10652e-06
0.024659
6.12108e-06
6.13921e-06
6.12902e-06
6.62254e-06
6.10787e-06
6.12932e-06
6.12856e-06
6.1016e-06
6.07938e-06
6.13552e-06
6.11329e-06
6.11431e-06
6.12627e-06
6.12288e-06
6.13084e-06
1.42654e-07
1.33632e-11
6.13171e-06
6.13247e-06
3.1561e-09
6.13132e-06
6.128e-06
6.1266e-06
6.11342e-06
6.12706e-06
0.00456869
5.98004e-06
6.15545e-06
6.10895e-06
6.13488e-06
8.72722e-06
6.12877e-06
6.13701e-06
6.15066e-06
6.19981e-06
6.13892e-06
6.90942e-06
6.22369e-06
6.2259e-06
0.000171472
6.13261e-06
2.00304e-06
7.26325e-06
6.11869e-06
7.35757e-06
6.13793e-06
6.10687e-06
0.0179936
4.14819e-06
6.22322e-05
0.006422
6.09787e-06
6.13379e-06
6.10217e-06
6.12821e-06
0.009745
7.61518e-06
6.12592e-06
6.87124e-06
0.0141558
6.13157e-06
6.11783e-06
6.1363e-06
6.60023e-06
6.13082e-06
7.39189e-06
6.10848e-06
6.4825e-06
6.10098e-06
6.24137e-06
6.12966e-06
6.25883e-06
6.09349e-06
0.000299597
0.0117158
6.11228e-06
6.34922e-06
6.17231e-06
6.21182e-06
6.14515e-06
6.1383e-06
6.11889e-06
6.10311e-06
6.09882e-06
6.14485e-06
6.14523e-06
6.14625e-06
6.07548e-06
8.41034e-06
0.0225259
0.000329813
6.13484e-06
1.34039e-06
0.0133776
6.11873e-06
6.13015e-06
6.14545e-06
6.16587e-06
2.62749e-06
4.52075e-06
6.12834e-06
6.12521e-06
6.13104e-06
6.12264e-06
4.7041e-06
6.13102e-06
6.12552e-06
6.17353e-06
6.12849e-06
6.10526e-06
7.06065e-06
6.12865e-06
2.8541e-10
6.12958e-06
6.19855e-06
6.13383e-06
0.0134698
6.90874e-06
6.12235e-06
0.0137398
6.11769e-06
6.13403e-06
0.0154365
0.023131
6.15289e-06
6.11874e-06
6.09485e-06
6.13236e-06
6.00592e-06
6.06239e-10
6.15216e-06
6.13803e-06
0.0148746
7.17367e-06
6.04915e-06
6.27872e-06
6.06593e-06
6.12042e-06
6.13849e-06
9.35944e-07
6.1157e-06
6.05083e-06
6.11649e-06
0.0187355
6.18903e-06
6.13657e-06
5.03651e-10
3.42199e-06
6.12998e-06
0.0104018
6.14552e-06
0.0116144
0.0112514
6.12776e-06
6.09667e-06
6.12885e-06
6.03409e-06
6.15087e-06
6.09834e-06
6.12986e-06
6.11279e-06
6.12485e-06
0.00539529
0.018905
3.05294e-07
6.12175e-06
6.13007e-06
6.09552e-06
5.78878e-06
6.108e-06
6.11789e-06
7.85658e-06
6.12457e-06
6.15139e-06
6.24186e-06
2.64746e-06
6.11023e-06
6.11005e-06
6.71492e-06
1.22763e-07
6.13112e-06
6.12792e-06
6.09738e-06
6.05389e-06
0.00100201
6.12969e-06
6.12584e-06
6.13177e-06
6.09855e-06
7.27115e-06
3.0565e-08
6.13876e-06
1.96574e-08
6.12671e-06
0.0109412
6.11862e-06
6.13825e-06
6.4204e-06
6.12165e-06
6.09777e-06
7.11454e-06
6.10242e-06
6.91688e-06
6.11871e-06
0.0106248
0.0103292
7.37296e-06
6.12211e-06
6.11553e-06
7.73637e-06
5.21019e-06
6.11421e-06
6.70553e-06
6.13069e-06
6.13345e-06
3.25661e-06
0.00910081
6.13331e-06
6.12192e-06
6.0736e-06
3.79406e-06
0.00279142
6.19437e-06
6.18329e-06
6.12502e-06
6.09744e-06
6.01323e-06
6.13681e-06
0.0100524
6.13773e-06
6.34477e-06
0.0185676
6.13182e-06
6.13504e-06
6.1061e-06
6.14144e-06
6.15973e-06
6.12589e-06
6.09706e-06
6.12928e-06
6.12632e-06
6.10513e-06
6.13338e-06
6.15814e-06
6.11934e-06
1.1535e-05
6.29534e-06
6.13657e-06
6.12175e-06
6.12941e-06
0.00132052
0.0103238
6.33989e-06
6.13093e-06
0.011504
6.1387e-06
6.09748e-06
6.14988e-06
2.76781e-06
6.07048e-06
6.5325e-06
0.0146693
0.0208533
0.0228497
6.123e-06
1.08827e-07
7.36014e-06
6.13093e-06
6.12877e-06
6.12098e-06
6.24729e-06
2.80535e-11
1.08723e-08
6.11908e-06
5.48252e-05
8.81588e-06
6.96823e-06
6.1849e-06
6.13374e-06
6.09449e-06
0.00994212
6.09419e-06
6.15108e-06
4.81634e-06
6.09788e-06
6.09672e-06
0.00810576
0.00888833
6.1263e-06
6.12311e-06
6.12903e-06
4.33503e-06
6.12629e-06
0.0105046
6.13682e-06
6.26222e-06
6.12613e-06
6.11952e-06
6.14888e-06
0.00853754
6.12849e-06
9.24727e-06
6.05511e-06
0.00493513
6.12962e-06
6.12586e-06
6.17229e-06
6.13568e-06
7.95812e-06
6.12541e-06
6.06178e-06
6.13074e-06
5.3838e-07
6.12409e-06
0.0203904
6.12729e-06
9.38199e-07
0.0169008
6.12984e-06
6.13302e-06
6.11393e-06
0.0235125
6.13288e-06
6.22059e-06
0.019593
6.13457e-06
6.13731e-06
6.12734e-06
6.00674e-06
6.42247e-06
6.10153e-06
5.59954e-10
6.32291e-06
3.84051e-06
6.16013e-06
6.0456e-06
6.10539e-06
6.22907e-06
0.0211462
5.41603e-06
6.1862e-06
0.0136143
6.08252e-06
6.12832e-06
1.9213e-07
3.8955e-09
0.0170779
0.000292545
6.12628e-06
6.11617e-06
6.13432e-06
1.06866e-09
6.09651e-06
6.11315e-06
6.13231e-06
6.12818e-06
5.79589e-06
6.13736e-06
6.10813e-06
6.12856e-06
6.11802e-06
6.17932e-06
6.15677e-06
6.18501e-06
5.23306e-09
9.12004e-06
6.12859e-06
6.12631e-06
6.14489e-06
0.0214333
0.0209125
6.12264e-06
6.13784e-06
0.0157142
6.15025e-06
0.00789459
0.0109327
6.11467e-06
6.14624e-06
0.0172473
6.12743e-06
6.12796e-06
6.1253e-06
0.0236469
6.12879e-06
0.0153361
6.12997e-06
6.12875e-06
0.016597
6.13256e-06
6.13438e-06
6.12705e-06
6.12803e-06
6.13375e-06
6.14015e-06
6.12786e-06
6.12905e-06
6.13363e-06
6.1164e-06
6.13736e-06
0.00809556
1.21505e-08
6.12476e-06
6.12235e-06
6.12326e-06
0.0159142
6.13426e-06
0.000263119
6.11215e-06
6.12726e-06
6.13978e-06
1.31833e-06
6.13241e-06
0.0137729
6.12335e-06
6.10795e-06
6.11956e-06
6.12472e-06
6.41563e-06
6.12983e-06
6.11897e-06
2.12838e-07
6.13217e-06
0.0241371
6.44183e-06
6.0967e-06
0.0202057
6.12183e-06
6.10253e-06
6.13951e-06
0.0158262
6.14297e-06
6.12584e-06
6.12816e-06
0.00596734
0.000587702
6.79511e-06
4.88804e-06
6.15247e-06
0.00970712
6.12812e-06
0.00336088
6.06183e-06
6.12314e-06
3.26633e-06
6.12657e-06
0.0019406
6.13639e-06
0.0213892
5.87904e-06
0.014458
0.0224376
6.00139e-06
6.31227e-06
6.14558e-06
0.0162124
6.13658e-06
1.39991e-08
6.11944e-06
6.12177e-06
0.0155561
0.00309556
6.12635e-06
6.13018e-06
6.13869e-06
1.573e-06
6.10438e-06
6.15878e-06
1.44258e-08
0.013644
6.12781e-06
6.12399e-06
6.12843e-06
1.02106e-07
7.01381e-06
0.000907611
9.76409e-09
0.00272602
2.4746e-06
6.11913e-06
6.13448e-06
6.08985e-06
2.51327e-09
6.12349e-06
6.12952e-06
6.13244e-06
6.12834e-06
3.60819e-06
0.00032226
6.127e-06
6.12715e-06
6.1878e-06
6.13068e-06
6.1413e-06
9.92968e-06
6.56167e-06
7.17183e-06
6.12595e-06
6.1613e-06
7.4254e-06
7.43486e-08
6.18936e-06
6.12638e-06
6.16693e-06
6.31127e-07
6.11947e-06
4.71518e-06
1.3015e-06
6.11724e-06
0.000156333
6.13696e-06
6.19752e-06
6.12452e-06
5.99127e-06
0.0243681
6.13269e-06
0.0112845
6.13044e-06
6.12491e-06
6.6297e-06
0.0239966
0.0237597
6.13782e-06
6.13747e-06
6.13347e-06
6.13343e-06
0.000186659
6.12068e-06
2.31092e-06
0.0244412
0.00710399
5.32304e-06
6.10505e-06
2.71008e-09
6.12836e-06
0.0175796
6.13626e-06
6.09215e-06
0.0186303
7.00811e-06
6.15441e-06
0.0215066
6.13679e-06
8.56391e-06
6.09919e-06
6.15965e-06
6.15701e-06
2.7708e-06
6.12643e-06
6.12032e-06
6.14076e-06
6.12939e-06
6.12533e-06
6.10717e-06
6.83535e-06
0.00834105
6.15909e-06
0.0193067
6.10294e-06
6.17539e-06
6.1283e-06
6.13763e-06
6.13841e-06
6.29243e-06
0.00557048
6.13171e-06
6.12898e-06
6.12491e-06
6.12657e-06
6.1378e-06
6.12838e-06
6.12632e-06
6.35801e-06
1.08178e-07
6.18143e-06
6.13065e-06
1.26004e-09
5.90448e-06
6.13809e-06
6.13551e-06
0.0097776
6.11718e-06
6.1268e-06
0.0120647
0.0126949
3.22941e-11
6.08522e-06
6.16897e-06
9.23224e-07
6.13012e-06
6.30711e-06
5.65651e-09
6.1553e-06
6.13333e-06
6.10307e-06
6.09331e-06
6.04343e-06
0.00987423
6.83509e-06
6.09528e-06
6.13781e-06
6.1232e-06
6.12806e-06
6.12791e-06
3.42112e-10
6.10225e-06
6.10291e-06
6.13101e-06
5.84222e-06
5.78212e-06
6.12074e-06
6.13404e-06
0.0244526
0.0130257
6.13406e-06
6.13454e-06
6.12811e-06
6.30432e-06
6.21391e-06
0.0226756
6.12948e-06
6.13004e-06
0.0112646
6.0991e-06
6.13611e-06
6.12995e-06
6.13493e-06
6.15194e-06
4.69598e-06
6.11565e-06
0.0229379
0.0117632
1.34852e-08
5.45721e-08
1.33323e-09
6.44404e-06
5.55909e-06
6.12649e-06
6.08736e-06
6.5903e-06
0.0130823
0.0170325
6.16438e-06
6.13023e-06
6.1412e-06
6.11777e-06
6.1343e-06
6.11821e-06
1.00715e-09
6.1331e-06
0.014994
6.12916e-06
7.23055e-06
3.60705e-10
0.00577586
0.0210038
0.000339109
6.12746e-06
6.1256e-06
2.05826e-06
0.0130807
6.12687e-06
6.13126e-06
0.00138695
6.42196e-06
6.49926e-06
6.12811e-06
6.10065e-06
6.13239e-06
7.40301e-06
6.12894e-06
6.13551e-06
6.10399e-06
5.98687e-06
6.26475e-06
6.12787e-06
6.13223e-06
6.1243e-06
2.68505e-14
6.14602e-06
6.11719e-06
0.00405095
6.12993e-06
6.13185e-06
1.20789e-08
9.79564e-05
6.12782e-06
6.49792e-06
6.12931e-06
6.12986e-06
6.12987e-06
6.13349e-06
0.00365511
6.12896e-06
6.11618e-06
6.13772e-06
6.13336e-06
6.09874e-06
6.12961e-06
0.0203748
6.13293e-06
0.020156
6.08648e-06
3.47008e-08
4.8854e-06
0.000619376
6.7074e-06
6.14346e-06
6.13852e-06
6.13286e-06
6.13497e-06
6.14776e-06
9.31468e-09
6.70651e-06
6.12289e-06
3.81766e-06
0.0121545
5.37608e-06
6.12676e-06
6.13575e-06
6.88123e-06
6.14248e-06
6.15645e-06
6.97822e-06
6.00075e-06
6.133e-06
6.12765e-06
6.55177e-06
6.12859e-06
0.0197396
6.13117e-06
6.41204e-06
0.0183411
6.1276e-06
0.0179145
6.1326e-06
6.12993e-06
6.12807e-06
2.74431e-05
6.12852e-06
6.13636e-06
6.12313e-06
6.13134e-06
4.37301e-11
6.13201e-06
6.12997e-06
6.12854e-06
6.13813e-06
0.0188938
0.0140759
0.024066
6.13459e-06
0.0100055
7.32073e-06
6.09713e-06
6.13956e-06
6.38058e-06
6.1196e-06
6.12894e-06
0.013582
6.13647e-06
6.13426e-06
0.000178429
0.00581255
0.0207723
6.56181e-06
5.7122e-06
6.03435e-06
6.20599e-06
6.12791e-06
0.0219799
7.34091e-06
0.0124068
0.000446726
6.06301e-06
6.13816e-06
6.12962e-06
0.0185656
6.12821e-06
6.12818e-06
6.14354e-06
6.12932e-06
6.11814e-06
3.46931e-06
6.1353e-06
6.10247e-06
6.13512e-06
6.12595e-06
6.79023e-06
6.12098e-06
6.14045e-06
9.02549e-06
6.12034e-06
2.60538e-09
6.13204e-06
0.0117806
6.15654e-06
6.13055e-06
6.12725e-06
6.10659e-06
6.13359e-06
0.00118982
6.1286e-06
6.71223e-05
6.10726e-06
6.12897e-06
6.12992e-06
6.10492e-06
3.52706e-06
6.14329e-06
6.1044e-06
6.11962e-06
5.23724e-08
7.26421e-06
1.16093e-06
0.000152826
0.000120989
6.01708e-06
5.90394e-06
6.12385e-06
7.44658e-06
6.71881e-06
6.8643e-06
3.16513e-06
6.08698e-06
0.0156338
6.12882e-06
6.11991e-06
6.13693e-06
6.12907e-06
0.00960334
6.12362e-06
6.12878e-06
6.12629e-06
0.0240296
1.51976e-07
6.08389e-06
6.13887e-06
6.13322e-06
0.0156712
6.1304e-06
6.1373e-06
7.68288e-06
0.0209427
7.54469e-06
6.12233e-06
4.37915e-07
0.00925081
6.52478e-06
4.30203e-07
6.1272e-06
6.12832e-06
0.0060622
4.54827e-09
6.14777e-06
6.52313e-10
6.13709e-06
6.12987e-06
6.13496e-06
6.13543e-06
6.13844e-06
6.13408e-06
6.12701e-06
6.13042e-06
7.19205e-06
6.13156e-06
6.12861e-06
0.0087461
6.13282e-06
6.1359e-06
1.97177e-09
0.0121988
7.09734e-06
0.0133024
5.17338e-06
6.13724e-06
0.0139492
6.13658e-06
6.13488e-06
6.13794e-06
6.12697e-06
7.12876e-06
0.0090635
9.14071e-06
6.90367e-06
8.48716e-06
6.11088e-06
0.0239544
0.00404905
6.13507e-06
6.13839e-06
7.45277e-06
0.000233903
6.12825e-06
6.13158e-06
6.13213e-06
3.31353e-06
7.27158e-06
7.09932e-06
6.12891e-06
6.33498e-06
0.0127696
6.13791e-06
6.1588e-06
6.12851e-06
6.14448e-06
0.0222293
6.13017e-06
6.13628e-06
6.02146e-06
6.13758e-06
6.14131e-06
6.13045e-06
6.14062e-06
6.12857e-06
0.0159541
6.13524e-06
6.41591e-06
6.11822e-06
5.59762e-07
6.13155e-06
0.000627784
6.07998e-06
6.12883e-06
6.12648e-06
6.13674e-06
5.98033e-06
6.6419e-06
6.1095e-06
6.09047e-06
6.14335e-06
7.81793e-06
6.10192e-06
6.12741e-06
4.80857e-06
0.0046597
6.15455e-06
6.80122e-06
6.12698e-06
6.13478e-06
6.13349e-06
1.40756e-05
5.19932e-06
6.13315e-06
6.12856e-06
5.36295e-06
0.0195582
6.10586e-06
6.12867e-06
6.15279e-06
6.13984e-06
7.40063e-08
0.0125042
6.12328e-06
1.19975e-05
6.13295e-06
0.0125528
4.82872e-10
6.12528e-06
4.40748e-06
5.43319e-06
6.09124e-06
6.10792e-06
6.12691e-06
6.12083e-06
6.48532e-06
7.0091e-06
6.13343e-06
6.14014e-06
3.33044e-06
6.12422e-06
6.46018e-06
6.13183e-06
5.97567e-06
0.00970079
6.1314e-06
6.12979e-06
6.28734e-06
0.000893052
6.13888e-06
0.0214332
6.1325e-06
0.0147059
6.13751e-06
0.0207394
6.12551e-06
6.1323e-06
6.13525e-06
0.0155545
6.04651e-06
6.76519e-06
6.68139e-06
6.28406e-06
6.13124e-06
6.12389e-06
6.69589e-06
7.23249e-06
6.0353e-06
6.13564e-06
6.06592e-06
5.62136e-06
5.07342e-06
0.0023863
6.14155e-06
7.18086e-06
0.0246335
6.13816e-06
6.12999e-06
2.28078e-06
6.13225e-06
7.50139e-06
0.0234046
0.0239017
6.12389e-06
6.1328e-06
6.95564e-06
6.13442e-06
4.60577e-06
6.13471e-06
6.11102e-06
6.12678e-06
8.28207e-06
6.12728e-06
6.11698e-06
2.31595e-08
6.13388e-06
7.35232e-06
6.1373e-06
6.12291e-06
0.0245342
0.0148084
6.13724e-06
0.00135645
6.1385e-06
6.12898e-06
0.00603033
0.0241244
6.08546e-06
6.12907e-06
0.00296456
6.05565e-06
6.13737e-06
5.47197e-06
6.19805e-06
6.13534e-06
6.13068e-06
0.0227714
6.13411e-06
6.14867e-06
6.1108e-06
0.0223123
5.09543e-09
6.1251e-06
6.13623e-06
6.12587e-06
6.13346e-06
6.66934e-06
7.25684e-06
6.05821e-06
0.0207546
0.00617294
6.12951e-06
0.00686807
0.00620662
6.10559e-06
6.13315e-06
0.016715
6.71036e-06
6.13698e-06
6.08996e-06
6.13796e-06
6.13814e-06
0.0162439
6.15683e-06
6.1274e-06
6.137e-06
0.0223512
0.0171637
6.13523e-06
7.51919e-06
6.12688e-06
6.13251e-06
6.13497e-06
6.13088e-06
6.12736e-06
6.12889e-06
6.47681e-06
6.13003e-06
6.13357e-06
6.13118e-06
0.0218857
6.12971e-06
6.1316e-06
6.12205e-06
6.994e-06
7.52477e-06
7.90976e-06
0.0246299
6.12792e-06
6.12847e-06
0.0203258
6.12682e-06
6.12556e-06
3.13985e-06
0.015338
0.0147699
6.13576e-06
6.26575e-06
0.0227629
0.000518297
6.49962e-06
6.13128e-06
6.21376e-06
1.33889e-10
6.12739e-06
6.89793e-06
7.54669e-06
1.17781e-06
6.0488e-06
9.62945e-06
6.69813e-06
6.1305e-06
6.1335e-06
6.14669e-06
6.12051e-06
6.13012e-06
6.13132e-06
1.86055e-08
6.12713e-06
6.98027e-06
0.010097
0.0191053
6.12337e-06
6.6324e-06
6.13468e-06
6.12504e-06
6.06713e-06
0.013467
6.1508e-06
6.09203e-06
6.12896e-06
0.0124958
7.51612e-06
6.13174e-06
6.13105e-06
6.75729e-06
6.12751e-06
6.12714e-06
0.000205154
6.1336e-06
6.1345e-06
1.08847e-06
6.11991e-06
5.38907e-06
6.12852e-06
5.03881e-06
6.126e-06
7.57599e-06
6.12898e-06
6.12431e-06
6.12932e-06
6.13407e-06
0.0140009
6.13064e-06
1.7363e-10
0.0244347
6.03954e-06
0.0126279
0.0182525
6.1286e-06
6.13733e-06
0.0144228
6.14104e-06
7.60289e-06
0.000901878
6.13009e-06
6.20904e-06
6.13317e-06
6.10941e-06
6.13111e-06
6.13659e-06
6.12865e-06
6.14589e-06
4.52216e-07
7.20318e-06
6.13152e-06
0.0119304
6.13188e-06
6.08693e-06
6.6608e-06
6.91018e-06
7.25582e-06
6.1217e-06
0.0175745
6.14581e-06
6.12848e-06
0.00196167
3.7391e-13
6.13612e-06
7.0219e-06
0.0112673
0.020782
7.29694e-06
1.27011e-11
0.022333
0.0233741
2.93696e-06
0.00618094
3.46637e-06
5.1719e-10
6.13229e-06
6.02518e-07
0.0181536
6.12107e-06
6.14068e-06
3.11236e-07
0.0203211
3.10316e-08
6.12602e-06
0.0212666
1.16286e-08
6.13686e-06
8.67795e-05
2.80942e-07
4.50178e-09
0.0220279
0.0120886
1.22453e-05
0.0247576
0.0149321
0.000969032
6.65897e-06
6.05277e-06
6.12852e-06
5.72764e-06
8.24745e-06
6.12894e-06
6.13021e-06
6.133e-06
0.00875982
2.08127e-05
6.13129e-06
1.03485e-05
0.0201293
1.14784e-08
5.12172e-11
6.10811e-06
0.00805583
7.09243e-06
0.0205087
6.9603e-09
0.00467375
0.0128189
1.87398e-05
0.00616512
7.63972e-07
4.99808e-06
6.13098e-06
0.0192516
0.0147442
1.05776e-06
6.17439e-06
5.47274e-10
6.10925e-06
0.0229957
0.000113612
6.02462e-06
6.13256e-06
2.40957e-11
0.0211565
0.0239698
0.0085211
6.14627e-06
6.129e-06
0.0152377
0.0220449
1.57372e-10
7.13075e-06
0.0226081
0.0103816
3.58571e-06
1.31776e-05
6.1043e-06
0.013366
0.0148131
0.00134974
6.07191e-06
0.000245455
6.14051e-06
7.26895e-06
6.13402e-06
7.21989e-06
6.04649e-06
6.0989e-06
0.00900016
6.11541e-06
0.0144683
2.32413e-06
6.11077e-06
6.53029e-06
0.000104712
6.12979e-06
0.0216767
6.13096e-06
6.14173e-06
0.0101963
6.11003e-06
4.59757e-05
0.0244328
0.0205905
0.0192498
6.11178e-06
0.0106298
6.03844e-06
0.000486852
6.14058e-06
6.07666e-06
0.0115271
0.0019999
0.0237249
7.41759e-06
6.12766e-06
6.13143e-06
6.13386e-06
0.0145921
6.12798e-06
6.11317e-06
6.10919e-06
4.77489e-08
6.0748e-06
7.97817e-07
0.0233045
6.13496e-06
0.0158183
6.11073e-06
6.1105e-06
6.12819e-06
7.4623e-06
6.14567e-06
6.11864e-06
6.12714e-06
0.00314623
0.0236741
0.00203714
6.11104e-06
6.04817e-06
6.12707e-06
4.49923e-06
0.000677622
6.12807e-06
6.13714e-06
4.42808e-06
0.0174652
0.0177181
6.75048e-06
0.000873561
6.72927e-06
3.66393e-06
0.0176723
6.1308e-06
6.63933e-06
0.00488369
6.6067e-06
2.5444e-06
0.0201696
7.53573e-06
6.11995e-06
9.80292e-15
0.0164018
7.36501e-06
7.53194e-06
6.14195e-06
6.14623e-06
5.23878e-05
3.0649e-07
7.15577e-06
6.13649e-06
6.13207e-06
0.0185708
6.07219e-06
6.13304e-06
0.020035
0.0135711
4.74213e-06
0.0229561
0.0193058
6.08647e-06
6.14599e-06
6.135e-06
0.0141549
5.26511e-06
0.0199861
0.0211945
1.71461e-07
6.13668e-06
0.0118467
0.00603009
6.35194e-06
6.12828e-06
0.0134476
1.46722e-08
6.12721e-06
0.0099792
3.38602e-05
6.13209e-06
6.13221e-06
6.12603e-06
6.12618e-06
5.93432e-07
1.43871e-09
6.43025e-06
6.04977e-06
0.0166853
4.51447e-06
0.00426906
6.30538e-06
0.000597533
7.38464e-12
6.12551e-06
0.0138123
0.00426789
1.78098e-08
6.14202e-06
6.13691e-06
0.0166908
6.13542e-06
2.28101e-06
1.13182e-08
1.76297e-06
0.00055796
0.0155726
0.0136831
6.65626e-06
4.50737e-07
0.0118154
6.24159e-06
7.44216e-06
6.11033e-06
6.08378e-06
0.0118773
6.09993e-06
2.33837e-05
6.91484e-06
9.12666e-12
0.000169698
6.20176e-06
6.67526e-06
0.016234
7.19288e-06
6.15098e-06
6.14573e-06
6.05081e-06
6.19109e-06
6.14158e-06
6.13665e-06
1.16601e-09
6.11025e-06
0.016056
0.011152
6.06642e-06
0.0155034
0.0138467
6.09895e-06
0.00609057
0.0076465
0.0143235
6.13728e-06
6.38785e-06
0.0101546
6.09759e-06
0.00916951
0.0102055
6.06157e-06
0.0102704
0.0125984
6.12566e-06
0.0081017
7.63438e-06
0.0163508
0.0135278
0.0151534
0.0134555
0.0188804
0.0146774
6.13625e-06
0.0128046
0.0118508
6.94343e-06
0.0147751
0.0113884
0.0167511
0.0121446
6.09884e-06
6.1401e-06
0.0153641
6.12227e-06
0.0110879
0.0119723
6.12194e-06
0.0144052
0.014285
6.09944e-06
0.015234
6.10648e-06
0.0183547
6.10908e-06
0.0168811
7.30441e-06
6.09728e-06
0.00815075
0.0169068
0.0162971
6.06183e-06
6.12395e-06
6.10736e-06
0.014188
6.05024e-06
6.14898e-06
6.05147e-06
6.06923e-06
6.1273e-06
7.29316e-06
6.12921e-06
6.13541e-06
6.09872e-06
6.129e-06
0.0157429
6.05801e-06
6.1369e-06
6.09364e-06
6.13926e-06
6.11091e-06
6.14714e-06
6.1468e-06
6.09065e-06
6.15137e-06
6.15361e-06
6.04873e-06
6.1413e-06
6.0743e-06
6.13067e-06
6.11265e-06
6.14919e-06
6.14754e-06
6.09734e-06
6.10852e-06
6.12281e-06
6.13823e-06
6.12765e-06
6.15222e-06
6.14747e-06
6.10624e-06
6.11977e-06
6.13982e-06
6.12281e-06
6.11231e-06
6.14187e-06
6.14485e-06
6.14407e-06
7.18469e-06
6.14234e-06
6.14898e-06
6.13453e-06
6.15278e-06
6.14015e-06
6.1173e-06
6.14423e-06
6.11298e-06
6.13616e-06
7.11058e-06
6.14839e-06
6.14933e-06
6.14515e-06
6.09424e-06
6.14324e-06
5.94517e-06
6.1439e-06
6.14472e-06
6.09331e-06
6.80958e-06
6.02177e-06
6.12216e-06
6.09051e-06
7.38194e-06
6.11789e-06
6.12127e-06
6.0923e-06
6.11934e-06
7.06231e-06
6.09148e-06
6.12473e-06
6.43267e-06
5.99418e-06
6.1192e-06
5.97482e-06
6.11893e-06
6.11768e-06
6.09993e-06
6.10088e-06
6.12085e-06
6.12438e-06
8.48122e-06
6.12052e-06
6.10715e-06
6.11933e-06
6.09603e-06
6.13252e-06
6.12078e-06
6.10384e-06
6.12929e-06
6.10347e-06
3.96928e-06
6.10549e-06
0.0173333
6.12375e-06
6.34595e-06
0.0168936
6.11185e-06
6.1052e-06
6.12106e-06
1.07945e-06
6.09515e-06
6.12007e-06
6.12174e-06
6.1229e-06
6.11148e-06
6.12603e-06
6.1011e-06
6.10589e-06
6.10834e-06
6.12942e-06
6.12009e-06
6.11964e-06
6.12336e-06
6.12286e-06
6.12036e-06
6.12168e-06
6.09613e-06
6.12189e-06
6.09257e-06
6.11761e-06
0.0170553
6.12069e-06
6.09067e-06
6.11819e-06
6.09479e-06
6.12398e-06
6.11948e-06
6.11326e-06
6.1278e-06
6.10417e-06
6.12135e-06
6.10151e-06
6.12439e-06
6.1621e-06
6.12191e-06
6.12627e-06
6.12261e-06
6.12904e-06
6.12045e-06
6.12112e-06
6.10885e-06
5.81563e-06
6.12217e-06
6.10927e-06
6.11937e-06
6.12329e-06
6.11916e-06
6.10829e-06
6.14054e-06
6.12142e-06
6.12021e-06
6.12199e-06
6.10454e-06
6.11893e-06
6.11729e-06
6.11913e-06
6.12e-06
6.11987e-06
6.12016e-06
6.28919e-06
6.14035e-06
6.10788e-06
6.11878e-06
6.12011e-06
6.16974e-06
6.11864e-06
6.14229e-06
6.14557e-06
6.1262e-06
6.10673e-06
6.10166e-06
6.09351e-06
6.15065e-06
6.12094e-06
6.10227e-06
6.12216e-06
6.0028e-06
5.96759e-06
6.11585e-06
6.12823e-06
6.12001e-06
3.82242e-06
6.11991e-06
5.91137e-06
6.12864e-06
6.11183e-06
6.11911e-06
6.12152e-06
6.03946e-06
6.0852e-06
6.11798e-06
6.1133e-06
6.10974e-06
8.11178e-06
6.1908e-06
6.12151e-06
6.11992e-06
6.11282e-06
6.11663e-06
6.11884e-06
6.10542e-06
6.12011e-06
5.98635e-06
6.08676e-06
6.25354e-06
6.1206e-06
6.12009e-06
1.1092e-11
6.10218e-06
6.12897e-06
6.12156e-06
6.12062e-06
6.12107e-06
6.11969e-06
6.13577e-06
6.12232e-06
6.12007e-06
6.12331e-06
6.12166e-06
6.12397e-06
6.11922e-06
6.11951e-06
6.11237e-06
7.82443e-06
6.11064e-06
6.12038e-06
6.12066e-06
6.0965e-06
2.47976e-11
6.10489e-06
6.13395e-06
6.12216e-06
6.11701e-06
6.11021e-06
6.11741e-06
6.14213e-06
6.11399e-06
6.1143e-06
6.09334e-06
6.03535e-06
5.97142e-06
6.22392e-06
6.11284e-06
6.11809e-06
6.1048e-06
5.90895e-06
6.10364e-06
6.12087e-06
6.20117e-06
6.10751e-06
6.32396e-06
6.02158e-06
6.11389e-06
6.1181e-06
6.05979e-06
5.98699e-06
6.11463e-06
6.12074e-06
6.12753e-06
7.63572e-06
6.10446e-06
6.11912e-06
6.12562e-06
8.40663e-06
6.14791e-06
6.11588e-06
6.11552e-06
6.11446e-06
7.38091e-06
5.97524e-06
6.11551e-06
4.53419e-06
6.12233e-06
6.12764e-06
8.68565e-07
6.25659e-06
6.26061e-06
6.03434e-06
6.12947e-06
6.69104e-06
6.11526e-06
5.90836e-06
6.13321e-06
6.12386e-06
6.11597e-06
6.10556e-06
6.12924e-06
6.1151e-06
6.11495e-06
6.14234e-06
4.81716e-08
6.12344e-06
6.11962e-06
6.12405e-06
6.11617e-06
6.14692e-06
6.10864e-06
5.9411e-06
6.11623e-06
6.10825e-06
6.16343e-06
6.11683e-06
6.12901e-06
6.11651e-06
6.77978e-06
6.23124e-06
6.13212e-06
6.12685e-06
6.04723e-06
6.11677e-06
6.11797e-06
4.20679e-08
6.11781e-06
6.11935e-06
6.11887e-06
6.11931e-06
2.70505e-08
6.12104e-06
6.12009e-06
6.26381e-06
6.12158e-06
6.11883e-06
6.12011e-06
6.1199e-06
6.11992e-06
6.13375e-06
6.11934e-06
6.12732e-06
6.12094e-06
7.37473e-07
6.12435e-06
6.12655e-06
6.0872e-06
6.12757e-06
6.12603e-06
6.13409e-06
6.11797e-06
6.13366e-06
6.13329e-06
6.12964e-06
6.13941e-06
6.12925e-06
6.12914e-06
6.12906e-06
6.08754e-06
6.20759e-06
6.14485e-06
6.138e-06
6.1091e-06
6.08839e-06
6.11897e-06
6.13687e-06
6.13212e-06
6.13665e-06
6.09443e-06
6.12091e-06
6.12666e-06
6.15294e-06
6.39231e-06
6.15018e-06
6.16535e-06
6.14198e-06
6.08773e-06
6.08669e-06
6.1606e-06
6.1781e-06
6.14037e-06
6.09494e-06
6.14706e-06
6.12326e-06
6.18174e-06
6.19883e-06
6.09515e-06
6.16179e-06
6.14959e-06
6.19321e-06
6.12628e-06
6.15779e-06
6.22479e-06
6.17288e-06
6.21666e-06
6.16917e-06
6.26322e-06
6.12223e-06
6.18881e-06
6.18365e-06
6.24788e-06
6.20941e-06
6.19678e-06
6.42143e-06
6.13267e-06
0.0153275
6.1224e-06
6.12187e-06
6.13572e-06
6.13427e-06
0.0157302
6.08875e-06
6.10148e-06
6.09353e-06
6.08658e-06
6.0929e-06
6.0952e-06
6.12282e-06
6.09152e-06
3.68001e-06
6.12146e-06
6.08812e-06
0.0153925
5.93562e-06
6.09407e-06
6.09767e-06
6.08997e-06
6.08743e-06
6.11741e-06
6.10272e-06
6.09785e-06
6.0925e-06
6.10469e-06
0.0178442
6.09673e-06
6.09496e-06
6.10199e-06
6.09957e-06
5.69807e-06
0.0174559
6.09083e-06
6.09135e-06
6.09081e-06
6.08999e-06
6.11703e-06
6.10021e-06
6.15115e-06
6.10413e-06
6.09203e-06
6.09612e-06
6.09304e-06
0.017653
6.09507e-06
6.12224e-06
6.01578e-06
5.97e-06
6.18077e-06
6.12513e-06
6.08944e-06
6.1825e-06
9.70154e-05
6.80833e-06
5.71429e-06
0.000312708
6.08065e-06
6.08027e-06
6.12258e-06
6.1808e-06
6.12456e-06
6.1223e-06
6.72549e-06
0.000625903
6.12662e-06
6.12495e-06
6.12357e-06
6.1233e-06
6.12213e-06
6.14757e-06
0.00881267
6.12678e-06
0.0085899
0.00890251
6.12063e-06
6.12639e-06
6.08966e-06
0.0144174
6.11829e-06
6.12419e-06
6.15411e-06
6.08898e-06
6.08962e-06
6.11857e-06
0.0152837
0.00864213
6.09609e-06
5.99933e-06
5.98486e-06
6.11885e-06
6.12509e-06
6.12184e-06
6.12384e-06
6.0651e-06
6.08959e-06
0.0150448
6.08788e-06
6.08768e-06
0.00914621
6.12103e-06
6.094e-06
0.00912687
0.00942057
5.98569e-06
6.09729e-06
6.09416e-06
6.11988e-06
6.13043e-06
6.12667e-06
6.12021e-06
6.0991e-06
6.09191e-06
0.0178481
6.13107e-06
6.38111e-06
6.01242e-06
6.09515e-06
6.75232e-06
6.09483e-06
6.09646e-06
6.13127e-06
6.12629e-06
6.0919e-06
6.10568e-06
0.0175417
6.08742e-06
6.09402e-06
6.09304e-06
6.12791e-06
2.03286e-08
6.16058e-06
6.0956e-06
6.08038e-06
6.13049e-06
6.172e-06
6.09336e-06
6.30997e-06
6.16354e-06
6.08927e-06
6.09868e-06
6.09368e-06
6.17433e-06
6.16048e-06
7.07133e-06
7.81816e-06
6.43103e-06
6.0895e-06
6.09348e-06
0.0179682
6.13007e-06
6.14548e-06
6.22021e-06
7.09287e-06
6.16355e-06
6.04419e-06
6.12971e-06
6.11699e-06
3.90305e-08
6.12975e-06
6.11005e-06
6.17565e-06
3.25541e-06
3.2707e-12
8.01865e-06
0.00125419
0.00129002
0.00192281
0.0130252
6.10153e-06
3.36561e-12
6.82663e-06
0.00185446
0.0129467
0.000379518
6.10464e-06
0.00108704
5.22141e-07
6.1017e-06
6.39719e-06
2.29558e-09
0.000237408
6.11611e-06
6.10422e-06
6.12262e-06
6.32798e-06
1.19682e-06
2.37333e-08
1.6638e-06
4.68424e-07
3.78268e-06
0.0133523
6.10233e-06
1.33805e-07
2.21719e-08
6.07187e-06
4.74138e-05
1.93769e-06
1.33389e-06
5.95587e-06
6.10816e-06
6.14122e-06
6.12287e-06
6.12285e-06
7.63518e-11
6.11093e-06
6.07215e-06
3.59271e-07
6.10727e-06
1.71007e-06
6.12241e-06
6.12481e-06
6.12267e-06
6.06859e-06
6.12542e-06
2.87731e-07
4.10469e-06
6.11345e-06
6.12348e-06
6.10979e-06
6.11128e-06
6.08077e-06
6.07376e-06
7.83647e-11
6.06926e-06
6.12238e-06
6.12246e-06
6.08714e-06
5.58851e-06
0.000657168
6.12221e-06
7.88995e-07
0.000146884
0.001099
4.68874e-12
9.22503e-06
6.36845e-06
0.000895775
6.13616e-06
6.54902e-06
6.12243e-06
8.04204e-06
6.12511e-06
6.07463e-06
0.000242481
1.25671e-06
6.12368e-06
6.73216e-06
6.11119e-06
6.21629e-06
6.19831e-06
6.06955e-06
6.08854e-06
6.08935e-06
6.10994e-06
6.11219e-06
6.13077e-06
6.11204e-06
0.0016614
9.83309e-10
6.07911e-06
6.08357e-06
6.11506e-06
6.08988e-06
6.08866e-06
6.14622e-06
6.08541e-06
6.0706e-06
6.14366e-06
6.13657e-06
6.15659e-06
8.23518e-06
6.07766e-06
6.07718e-06
6.08014e-06
6.11243e-06
6.11098e-06
6.17171e-06
6.09049e-06
0.00682185
6.09253e-06
6.14751e-06
4.42703e-05
0.01015
6.1182e-06
6.11713e-06
6.1285e-06
6.15376e-06
6.11869e-06
6.11718e-06
0.000231818
6.11608e-06
6.11821e-06
6.10349e-06
6.10439e-06
6.11844e-06
6.08019e-06
6.12761e-06
6.14529e-06
6.08418e-06
6.16288e-06
6.51072e-06
6.07811e-06
0.000160873
0.0098033
5.94628e-06
0.00967731
6.11256e-06
0.00718759
6.21866e-06
6.11059e-06
6.0773e-06
6.08412e-06
6.1298e-06
8.36688e-06
6.1371e-06
6.91943e-06
6.72381e-06
6.07115e-06
6.34574e-06
6.14803e-06
6.14521e-06
0.00953137
6.14957e-06
6.14231e-06
6.14276e-06
6.14692e-06
5.91548e-06
6.11094e-06
6.11385e-06
6.14145e-06
5.87616e-06
6.26332e-06
6.13316e-06
6.12547e-06
6.08946e-06
6.16724e-06
6.10508e-06
6.23683e-06
6.1152e-06
6.11345e-06
6.10018e-06
6.07963e-06
8.99845e-05
6.07092e-06
6.53343e-06
2.28731e-06
6.07819e-06
0.00517577
8.39642e-06
5.69594e-06
7.5334e-06
7.69603e-06
6.14464e-06
6.10784e-06
6.09671e-06
0.000294989
8.45926e-06
6.13344e-06
6.08877e-06
6.07938e-06
6.07357e-06
6.12391e-06
6.07448e-06
6.09259e-06
3.89428e-08
6.09015e-06
6.09074e-06
6.09174e-06
6.06908e-06
6.07986e-06
6.18268e-06
8.62628e-06
6.04539e-06
7.13889e-06
6.1149e-06
6.11201e-06
0.00745255
1.71751e-11
7.22259e-06
1.66233e-05
8.86301e-06
0.010156
0.00201071
6.13444e-06
6.11839e-06
6.12308e-06
6.12179e-06
6.12846e-06
7.17955e-06
6.08967e-06
0.00037061
6.16141e-06
0.00042683
6.11859e-06
0.00927485
4.2162e-08
6.1124e-06
6.11617e-06
9.91798e-06
6.10332e-06
0.00193708
6.09164e-06
6.11679e-06
6.09208e-06
6.2364e-06
6.13565e-06
6.14024e-06
6.16263e-06
0.000131045
6.13073e-06
0.00488479
6.15073e-06
6.15104e-06
0.000145006
6.13386e-06
7.26209e-06
6.07929e-06
6.08155e-06
1.63585e-05
6.07678e-06
5.95558e-06
0.000177453
6.09e-06
6.07959e-06
6.07155e-06
6.11767e-06
6.11376e-06
6.13369e-06
6.09335e-06
6.0843e-06
0.000162199
0.000251012
6.11753e-06
0.00279921
6.12562e-06
6.12798e-06
6.09234e-06
7.31378e-06
6.149e-06
6.14105e-06
7.21205e-06
3.73457e-05
6.19449e-06
0.000309571
6.13242e-06
6.12939e-06
0.000720875
7.76831e-05
0.00801912
0.000864014
6.85181e-06
0.000398733
6.11274e-06
0.00986914
0.000451168
0.00847105
0.0104425
0.00145042
6.22902e-06
6.07069e-06
0.00699614
0.00606976
6.08366e-06
0.000493811
0.0192795
0.000504
0.00613394
6.07456e-06
6.11381e-06
0.0059209
6.07439e-06
0.00547867
0.000557838
0.00503781
0.00442342
6.12179e-06
0.000670276
0.00341119
0.000733438
0.0026391
0.00245924
6.54682e-06
6.09089e-06
0.00241219
6.11953e-06
6.09404e-06
0.000818001
0.00232172
0.000902889
0.00211474
0.00203144
0.00099204
0.000984559
0.00192252
0.0011112
0.00179495
0.00162462
0.00125386
0.00118641
0.00167527
0.00140437
6.03355e-06
3.89086e-07
6.12247e-06
7.56525e-06
6.14952e-06
6.08673e-06
3.95706e-05
6.08845e-06
6.08924e-06
8.60735e-06
9.65266e-06
6.0874e-06
6.11252e-06
6.08085e-06
0.000158922
6.07145e-06
6.07569e-06
6.09039e-06
6.25428e-06
1.39049e-05
0.000901031
6.13317e-06
6.07778e-06
0.0117187
6.08626e-06
6.08486e-06
6.08437e-06
6.10572e-06
6.0712e-06
1.23142e-05
6.06874e-06
6.12495e-06
6.12164e-06
6.08828e-06
6.09087e-06
7.56228e-06
6.11636e-06
6.07233e-06
6.1225e-06
6.07956e-06
0.00951016
6.06865e-06
0.010009
0.00957179
6.12916e-06
0.0108284
0.00128448
6.08397e-06
6.07212e-06
6.13265e-06
6.08278e-06
6.09016e-06
1.2607e-05
0.0094486
6.11002e-06
6.31649e-06
6.11115e-06
6.11505e-06
5.3385e-07
0.00025645
6.04534e-06
6.06934e-06
6.09033e-06
6.12281e-06
5.93099e-06
6.10308e-07
2.61883e-06
6.11843e-06
6.07227e-06
6.11706e-06
0.00931235
6.06912e-06
6.07264e-06
6.1293e-06
6.07601e-06
6.07282e-06
6.13614e-06
6.12711e-06
6.06877e-06
6.10505e-06
6.08177e-06
8.00318e-05
6.13614e-06
6.10284e-06
6.1626e-06
6.1643e-06
0.0103977
6.12536e-06
6.07137e-06
6.12392e-06
6.0703e-06
0.00572773
6.07795e-06
6.14909e-06
6.07105e-06
6.14259e-06
6.14931e-06
6.07639e-06
6.12637e-06
6.07042e-06
6.08194e-06
6.09223e-06
6.0878e-06
8.83373e-06
6.11748e-06
6.09057e-06
6.12038e-06
0.000176174
6.12591e-06
0.00860521
6.1338e-06
6.0803e-06
6.08165e-06
3.47071e-10
0.000197813
2.61452e-09
7.75835e-05
6.09077e-06
6.09285e-06
0.00511289
6.10348e-06
6.09349e-06
6.07928e-06
6.06896e-06
6.16691e-06
6.13484e-06
6.07135e-06
6.12015e-06
6.14293e-06
6.07035e-06
6.1268e-06
6.12055e-06
6.12685e-06
6.08376e-06
6.12675e-06
6.11237e-06
6.1099e-06
6.09485e-06
6.09285e-06
6.08014e-06
0.0138537
0.0142239
6.12342e-06
0.000238299
6.12416e-06
6.06942e-06
6.12688e-06
6.16144e-06
0.0072525
6.0733e-06
6.09173e-06
6.12932e-06
0.00693523
0.000322681
0.00640515
6.12649e-06
0.00577651
6.22355e-06
6.09157e-06
6.06928e-06
6.12354e-06
0.000438511
6.12739e-06
0.0202291
0.0213088
6.06909e-06
6.10533e-06
6.12823e-06
0.000510048
0.000687013
6.1053e-06
6.09062e-06
0.00131341
0.000581143
6.0888e-06
0.000621588
6.115e-06
0.00277595
0.00980889
6.16037e-06
0.00254543
6.14385e-06
6.07878e-06
0.0013934
0.00121004
6.11431e-06
0.00198153
0.00855328
0.00185787
0.000808768
0.000703353
0.00172946
6.27555e-06
0.0015565
0.000982601
0.000911367
0.00143533
6.08564e-06
6.06831e-06
6.12753e-06
0.00987266
6.12389e-06
6.12749e-06
6.07414e-06
6.09377e-06
0.00142852
6.07383e-06
6.08988e-06
0.00973796
6.08069e-06
6.08128e-06
6.07634e-06
6.09173e-06
6.07171e-06
6.0729e-06
6.12843e-06
6.1098e-06
6.16085e-06
6.07104e-06
0.00174682
6.0923e-06
6.15216e-06
6.06944e-06
6.1176e-06
7.82937e-06
7.40071e-06
6.08817e-06
6.14199e-06
6.11813e-06
6.12607e-06
6.12793e-06
6.19191e-06
0.0100375
6.07514e-06
6.08831e-06
6.07745e-06
0.000375493
6.07016e-06
0.0213686
6.17498e-06
6.08391e-06
0.000728453
6.07574e-06
6.20997e-06
6.08962e-06
6.16754e-06
6.13066e-06
6.07039e-06
8.0476e-07
6.09738e-06
6.11017e-06
6.07421e-06
6.17346e-06
6.10151e-06
6.11925e-06
6.07033e-06
6.09772e-06
6.2135e-06
6.07643e-06
6.12654e-06
6.12751e-06
6.08483e-06
6.08857e-06
6.10094e-06
0.00276006
6.09109e-06
6.09247e-06
6.10886e-06
4.73958e-06
6.07647e-06
0.017491
5.70179e-06
6.09238e-06
6.12507e-06
6.12597e-06
6.12248e-06
6.07029e-06
6.10791e-06
6.12768e-06
6.12786e-06
0.00104305
0.00113306
6.121e-06
6.08882e-06
8.02367e-06
6.07167e-06
6.08965e-06
0.00753079
8.49341e-07
6.09459e-06
6.11572e-06
6.0883e-06
6.08666e-06
6.08022e-06
6.14417e-06
6.12816e-06
6.12719e-06
8.79479e-06
6.07506e-06
6.17261e-06
6.09756e-06
6.1021e-06
6.10583e-06
6.09156e-06
6.18835e-06
6.08335e-06
6.07035e-06
6.16147e-06
6.11208e-06
6.07741e-06
6.12841e-06
6.12744e-06
0.00501598
6.4428e-06
6.07269e-06
6.10249e-06
6.0699e-06
6.06831e-06
6.07018e-06
6.09833e-06
6.09593e-06
6.10048e-06
6.13236e-06
6.10386e-06
6.07167e-06
6.15293e-06
2.98671e-06
6.07446e-06
6.12884e-06
6.12675e-06
6.09871e-06
6.07533e-06
6.11228e-06
6.13267e-06
6.29492e-06
6.09876e-06
6.10277e-06
0.000371561
6.13629e-06
6.06997e-06
6.08077e-06
6.12848e-06
6.12688e-06
6.09151e-06
6.07331e-06
6.09056e-06
6.07962e-06
6.12483e-06
6.10554e-06
6.60998e-06
6.08075e-06
6.10758e-06
5.99229e-06
0.000420659
6.12666e-06
0.000446468
6.12474e-06
6.12498e-06
6.10518e-06
6.12882e-06
6.12642e-06
6.07126e-06
6.07241e-06
6.07253e-06
6.08628e-06
6.11718e-06
6.07102e-06
6.11678e-06
6.07723e-06
6.10057e-06
6.06781e-06
6.12213e-06
6.07218e-06
6.08167e-06
6.07483e-06
6.17203e-06
6.15211e-06
6.07057e-06
6.07103e-06
6.06928e-06
6.06767e-06
6.06767e-06
6.06771e-06
0.000100092
6.06784e-06
6.07072e-06
6.0677e-06
3.43111e-06
6.07148e-06
6.10696e-06
6.06766e-06
6.06766e-06
6.10877e-06
6.07085e-06
6.06772e-06
6.0677e-06
3.53236e-06
6.0677e-06
6.07025e-06
6.06806e-06
6.0677e-06
6.06842e-06
6.06764e-06
6.45967e-06
6.66684e-06
6.07157e-06
6.07627e-06
6.12646e-06
6.1281e-06
6.07243e-06
6.14158e-06
6.49063e-06
6.0987e-06
6.06835e-06
6.09e-06
0.000703655
0.000566262
6.12749e-06
0.010743
6.06795e-06
1.84472e-08
6.50418e-05
6.07977e-06
6.08132e-06
6.07281e-06
6.1233e-06
6.12834e-06
6.12639e-06
6.06799e-06
2.78313e-06
6.09603e-06
6.09265e-06
6.1478e-06
6.07999e-06
6.11963e-06
6.10805e-06
6.24731e-06
6.08592e-06
6.12574e-06
0.0179627
6.2579e-06
6.13475e-06
6.10703e-06
6.10801e-06
6.12117e-06
6.13704e-06
6.1427e-06
6.07974e-06
6.07448e-06
0.00129405
6.12545e-06
6.12756e-06
6.07587e-06
6.12981e-06
6.13315e-06
6.13036e-06
9.33473e-06
6.14632e-06
6.14618e-06
0.0167327
7.25305e-10
6.09909e-06
6.12003e-06
6.13459e-06
6.0713e-06
6.12675e-06
6.07139e-06
6.12151e-06
6.12175e-06
6.06835e-06
6.0698e-06
5.64435e-06
6.26893e-06
6.12766e-06
8.12654e-13
6.99165e-07
6.12658e-06
6.09541e-06
0.00536486
6.09822e-06
6.83945e-06
0.0138249
6.09035e-06
0.00646307
6.07958e-06
6.16228e-06
6.15666e-06
6.12712e-06
6.09258e-06
6.08709e-06
6.0873e-06
6.07448e-06
0.00836945
6.07514e-06
8.24474e-07
0.0165971
6.1638e-06
6.08729e-06
6.11357e-06
6.12896e-06
0.000653061
6.08995e-06
0.000699988
0.00720994
6.0802e-06
6.08176e-06
6.08782e-06
6.07089e-06
6.07166e-06
6.13406e-06
6.09416e-06
6.0724e-06
6.10964e-06
6.10988e-06
6.25935e-06
6.07018e-06
0.0212842
6.17137e-06
6.07773e-06
6.23198e-06
6.10005e-06
6.1283e-06
6.07191e-06
6.10869e-06
6.07572e-06
6.7484e-05
0.00217299
6.09208e-06
0.00207552
6.16822e-06
6.10655e-06
6.07898e-06
6.06921e-06
6.11853e-06
8.06344e-07
6.15202e-06
6.09351e-06
6.07966e-06
0.00782297
6.0716e-06
0.0017842
6.25251e-06
0.000149172
6.08419e-06
6.11804e-06
5.77162e-06
6.12731e-06
6.10296e-06
0.00481342
6.06898e-06
6.29791e-06
6.10605e-06
6.10548e-06
6.29104e-06
0.0109106
6.07199e-06
6.10332e-06
0.0114309
6.12456e-06
6.06283e-06
6.13847e-06
0.0111159
6.16466e-06
6.07194e-06
6.12772e-06
6.08106e-06
6.08297e-06
6.08676e-06
6.12261e-06
8.57926e-05
6.09743e-06
6.12221e-06
6.17347e-07
0.00643645
6.08974e-06
6.11546e-06
6.073e-06
6.12757e-06
6.07365e-06
6.08874e-06
6.0885e-06
6.07999e-06
6.16711e-06
6.22836e-06
6.09704e-06
6.10022e-06
0.0106935
0.00287189
6.16216e-06
6.09098e-06
6.07971e-06
6.07158e-06
6.14502e-06
6.08704e-06
8.45893e-06
6.07124e-06
6.07438e-06
6.18342e-06
6.14015e-06
2.00068e-06
6.10804e-06
6.0711e-06
6.06784e-06
0.0049628
6.08896e-06
6.30403e-06
6.3333e-06
6.13907e-06
6.07235e-06
6.21996e-06
6.15224e-06
3.21822e-06
6.14008e-06
0.00728429
0.0114077
2.45371e-08
6.12612e-06
6.13341e-06
6.08581e-06
6.06837e-06
0.000942444
0.0219023
0.0222257
6.14346e-06
6.14052e-06
6.14148e-06
6.63951e-06
0.000190937
6.08693e-06
6.08305e-06
6.10248e-06
6.0745e-06
6.90416e-06
6.09849e-06
0.00604212
6.07472e-06
7.937e-05
5.96641e-06
6.11237e-06
0.000456634
0.00113472
6.08606e-06
6.07192e-06
8.20511e-07
6.06574e-06
6.10117e-06
0.00656091
6.17234e-06
0.00856859
6.09356e-06
6.08509e-06
8.87449e-07
6.12566e-06
6.07464e-06
6.20634e-05
6.13102e-06
6.08634e-06
6.09446e-06
6.10844e-06
7.13038e-06
6.79683e-06
6.17132e-06
6.10887e-06
6.06711e-06
0.00197255
6.1251e-06
6.12576e-06
6.0979e-06
6.06797e-06
6.0923e-06
0.0103197
6.12353e-06
6.12493e-06
6.06911e-06
6.75145e-06
0.00405846
6.21085e-06
6.22091e-06
6.68061e-06
7.12549e-09
6.09114e-06
6.16986e-06
6.1055e-06
6.12304e-06
6.10749e-06
6.1193e-06
6.13151e-06
0.0017588
6.12171e-06
6.15622e-06
6.4278e-06
6.57377e-06
6.07166e-06
6.08782e-06
6.08695e-06
6.09697e-06
6.13549e-06
6.09278e-06
6.13884e-06
6.07163e-06
0.00469149
6.06862e-06
6.10143e-06
6.09945e-06
6.79359e-06
6.12664e-06
6.64965e-06
0.00125943
6.09643e-06
6.08731e-06
6.14141e-06
0.00841368
6.10611e-06
6.09859e-06
6.16519e-06
6.1562e-06
6.08064e-06
6.07368e-06
6.07867e-06
6.31788e-06
6.0916e-06
6.11543e-06
6.16483e-06
6.17806e-06
6.07194e-06
0.000176789
6.13876e-06
6.069e-06
6.06787e-06
6.13122e-06
6.34389e-06
6.80397e-06
6.11507e-06
6.26714e-06
6.1249e-06
6.13194e-06
6.24419e-06
6.09471e-06
0.015307
3.00444e-06
5.76188e-05
6.11488e-06
6.11793e-06
6.07118e-06
6.12843e-06
6.08606e-06
6.0886e-06
6.0767e-06
6.12674e-06
6.08669e-06
6.07254e-06
6.06912e-06
6.08899e-06
0.0145564
6.09669e-06
0.00123104
0.00871251
6.10259e-06
6.21638e-06
0.00857486
0.00683249
6.09644e-06
9.20824e-06
6.06796e-06
6.06792e-06
6.09603e-06
6.12696e-06
6.14255e-06
6.1683e-06
6.25482e-06
6.0944e-06
6.06884e-06
8.50105e-06
6.09153e-06
6.08477e-06
5.05801e-06
6.0826e-06
6.07019e-06
6.09795e-06
6.07039e-06
6.2545e-06
6.07893e-06
6.13039e-06
6.09911e-06
6.06501e-06
6.07693e-06
6.67723e-06
6.09743e-06
6.08427e-06
6.18977e-06
6.0811e-06
6.06778e-06
6.11023e-06
6.09334e-06
6.09785e-06
6.28904e-06
0.000431699
6.06928e-06
6.07616e-06
6.09153e-06
6.07822e-06
4.61598e-06
6.00063e-06
6.08277e-06
6.12765e-06
6.08238e-06
6.07158e-06
0.0026624
6.08362e-06
6.38206e-06
6.11945e-06
6.12783e-06
6.17861e-06
6.10894e-06
6.55939e-08
6.08485e-06
6.09983e-06
6.12279e-06
6.1354e-06
0.00439479
6.15762e-06
6.16318e-06
6.09507e-06
7.52765e-06
6.11541e-06
6.08973e-06
6.0681e-06
6.17531e-06
0.00786332
6.11234e-06
6.12674e-06
0.00341268
6.12651e-06
6.16037e-06
6.09358e-06
6.07933e-06
6.09554e-06
6.19683e-06
6.26151e-06
6.08117e-06
6.16685e-06
6.07389e-06
0.0150603
0.0152802
6.07554e-06
6.12923e-06
6.12483e-06
6.16401e-06
6.09227e-06
6.16541e-06
6.12934e-06
0.00347876
0.00780311
6.09457e-06
6.13527e-06
0.00843599
0.00855452
6.08242e-06
6.07908e-06
6.17626e-06
0.00374757
6.07811e-06
6.13896e-06
6.09861e-06
6.08013e-06
6.14605e-06
6.12205e-06
6.07171e-06
6.08741e-06
6.27501e-06
6.09089e-06
6.09324e-06
0.00462101
6.66186e-06
6.07133e-06
6.08705e-06
1.6454e-05
6.1237e-06
6.08937e-06
6.13855e-06
6.09079e-06
6.11262e-06
6.07957e-06
6.15575e-06
6.13164e-06
6.07023e-06
6.07971e-06
6.09649e-06
6.09872e-06
6.43771e-06
6.06955e-06
0.00738658
0.0010517
6.10117e-06
0.000210335
6.08557e-06
0.000925997
6.12685e-06
0.000126678
6.0704e-06
0.000233627
6.16297e-06
1.11639e-05
6.07144e-06
6.06855e-06
0.00672302
6.11856e-06
6.12737e-06
6.07604e-06
4.17393e-05
6.17471e-06
0.00819147
6.07991e-06
0.000540361
6.07254e-06
6.09236e-06
6.11514e-06
6.16231e-06
6.09396e-06
5.61451e-06
6.11056e-06
6.08046e-06
0.00122057
0.00632208
6.09554e-06
6.0873e-06
6.0886e-06
0.00242138
6.09161e-06
6.09296e-06
6.07063e-06
6.15088e-06
3.26775e-07
6.07264e-06
6.06942e-06
6.06894e-06
6.07105e-06
0.0208207
6.11089e-06
6.14175e-06
6.13069e-06
6.10471e-06
6.10082e-06
2.37718e-06
6.09671e-06
0.00923144
6.22036e-06
6.0694e-06
6.1261e-06
6.14699e-06
6.09395e-06
6.03478e-06
0.0196767
0.00015866
6.0906e-06
0.00515279
6.14521e-06
0.000494689
6.09423e-06
6.22136e-06
6.08011e-06
6.07768e-06
6.09963e-06
3.6168e-05
6.08025e-06
6.06843e-06
6.1904e-06
0.000770422
6.07514e-06
6.13304e-06
6.10183e-06
0.000721622
6.12541e-06
6.12073e-06
6.09717e-06
6.1087e-06
1.56437e-05
4.50986e-09
6.07702e-06
6.10748e-06
5.9031e-06
6.11517e-06
6.26175e-06
6.09638e-06
6.07759e-06
6.14758e-06
6.08233e-06
6.08719e-06
6.08833e-06
6.09508e-06
6.54891e-06
6.08658e-06
6.1242e-06
6.08835e-06
6.36138e-06
6.08686e-06
6.0894e-06
0.0120603
6.13874e-06
8.9388e-06
6.07309e-06
6.12527e-06
0.000259178
6.25869e-06
6.1091e-06
6.19364e-06
6.22442e-06
6.0851e-06
6.10673e-06
0.00717641
6.13637e-06
6.93101e-06
6.11474e-06
6.11084e-06
6.0871e-06
6.13329e-06
6.13317e-06
0.000276143
6.07289e-06
6.12081e-06
6.39148e-06
5.6468e-07
6.12429e-06
6.07272e-06
6.13089e-06
6.33348e-06
6.07284e-06
6.16305e-06
6.10586e-06
5.71935e-06
6.07068e-06
0.0201718
3.35605e-07
6.0748e-06
6.08694e-06
6.08272e-06
6.08261e-06
6.10141e-06
6.07835e-06
6.10997e-06
6.0751e-06
7.04214e-06
6.12364e-06
6.09477e-06
6.31092e-06
6.07254e-06
1.48472e-10
6.13848e-06
0.0045886
6.16235e-06
6.10985e-06
6.12742e-06
6.20187e-06
0.00722017
6.07298e-06
6.071e-06
6.10372e-06
6.11316e-06
6.11301e-06
6.09452e-06
6.10179e-06
6.08691e-06
6.17567e-06
6.10225e-06
6.17536e-06
6.19355e-06
6.08102e-06
6.10626e-06
6.09946e-06
3.31546e-06
3.69875e-07
6.06832e-06
6.17166e-06
2.96365e-05
0.000146918
6.1423e-06
6.12505e-06
6.12661e-06
6.09486e-06
6.09063e-06
6.15882e-06
6.09068e-06
6.07126e-06
6.15074e-06
6.08937e-06
6.12724e-06
6.12916e-06
6.09166e-06
6.10674e-06
6.22588e-06
6.16312e-06
6.09688e-06
6.12796e-06
6.07687e-06
6.09666e-06
6.07952e-06
6.0831e-06
6.07834e-06
6.10077e-06
1.17913e-06
6.19707e-06
6.09905e-06
6.09782e-06
2.63755e-05
6.71481e-06
6.08492e-06
6.09e-06
6.09292e-06
1.10199e-06
6.08639e-06
6.09296e-06
0.000327157
6.09437e-06
6.07623e-06
6.11754e-06
0.00776571
6.16246e-06
6.21337e-06
6.13752e-06
6.13609e-06
6.12158e-06
1.92997e-11
6.43195e-06
6.32168e-06
6.45484e-06
6.11797e-06
3.23562e-05
6.17843e-06
6.09463e-06
0.00206672
6.06867e-06
6.12388e-06
6.0922e-06
6.08981e-06
6.08768e-06
6.07388e-06
6.10154e-06
6.07117e-06
6.14015e-06
6.11605e-06
6.29226e-06
6.07787e-06
6.12578e-06
6.07941e-06
6.08967e-06
6.13899e-06
0.0130456
0.000406248
6.07033e-06
6.50399e-06
6.07538e-06
5.99217e-06
6.09e-06
6.15741e-06
6.14732e-06
6.11392e-06
6.40091e-06
6.0698e-06
0.00825768
6.07875e-06
6.10641e-06
6.11615e-06
6.0833e-06
6.09943e-06
6.11895e-06
6.19104e-06
6.08677e-06
6.12453e-06
6.09768e-06
6.09469e-06
6.0889e-06
6.13201e-06
6.09244e-06
6.12591e-06
6.52232e-06
0.00269675
0.00593687
6.08772e-06
0.0111247
0.0121145
6.13188e-06
6.15061e-06
6.07511e-06
5.00806e-08
0.00238952
0.000976557
6.10389e-06
5.73132e-06
6.09816e-06
6.06848e-06
6.10903e-06
5.98902e-07
6.11614e-06
6.11743e-06
6.11322e-06
6.0729e-06
0.00459057
0.00489769
6.11163e-06
6.34886e-06
6.08642e-06
6.15673e-06
6.07082e-06
6.28714e-06
8.55076e-05
6.11547e-06
6.09563e-06
0.000921228
6.08406e-06
6.08745e-06
6.14109e-06
6.07888e-06
6.1358e-06
0.00420712
6.11404e-06
6.07675e-06
6.10014e-06
6.16131e-06
6.13701e-06
6.09255e-06
6.16329e-06
6.11254e-06
6.20128e-06
6.07087e-06
6.0742e-06
6.12904e-06
6.13113e-06
6.13145e-06
6.07219e-06
5.75239e-06
6.13346e-06
6.08086e-06
0.00024015
6.13194e-06
0.000109833
6.06927e-06
6.16182e-06
6.09271e-06
6.23856e-06
6.15798e-06
6.08543e-06
0.00331299
6.14135e-06
6.08238e-06
6.06817e-06
6.09017e-06
6.07675e-06
6.10644e-06
6.08929e-06
6.12544e-06
6.07573e-06
6.11691e-06
6.10072e-06
4.16934e-06
6.14411e-06
6.15997e-06
6.10558e-06
6.09371e-06
6.09605e-06
6.11896e-06
6.14469e-06
6.1466e-06
6.08463e-06
0.00242275
6.1132e-06
6.06859e-06
6.13345e-06
6.12987e-06
6.13865e-06
6.21776e-06
6.29582e-06
6.11527e-06
5.87651e-06
6.08721e-06
6.10614e-06
0.00794077
6.13293e-06
6.13851e-06
6.12538e-06
6.07258e-06
1.64893e-06
6.07581e-06
6.14009e-06
6.10451e-06
0.000157352
6.08887e-06
6.13659e-06
6.1285e-06
0.000251679
6.08181e-06
0.000298726
6.06891e-06
6.06952e-06
6.07514e-06
6.12174e-06
6.1785e-06
6.13131e-06
6.27695e-06
3.31183e-06
6.06906e-06
6.08161e-06
6.09581e-06
6.16657e-06
6.07242e-06
4.3928e-06
6.92503e-06
6.12694e-06
6.10226e-06
6.14228e-06
6.13597e-06
6.11891e-06
6.07003e-06
6.15933e-06
6.00075e-06
6.11887e-06
6.1323e-06
6.13322e-06
6.11776e-06
6.08393e-06
6.08635e-06
6.0754e-06
6.0901e-06
6.116e-06
1.60411e-11
2.13771e-07
6.10228e-06
8.4008e-06
6.0687e-06
0.00888445
6.13276e-06
0.00721788
6.11543e-06
6.07757e-06
5.81781e-06
6.15118e-06
6.11917e-06
0.0225332
6.07211e-06
6.09723e-06
6.07637e-06
6.18712e-06
6.1095e-06
6.12725e-06
6.13564e-06
6.19392e-06
7.71814e-09
8.4024e-08
6.08212e-06
6.09834e-06
6.54965e-06
0.000251987
6.08686e-06
6.07711e-06
6.3952e-06
6.07214e-06
0.00892567
0.00874803
6.09851e-06
6.12551e-06
6.08865e-06
6.10454e-06
6.07621e-06
6.08388e-06
6.06822e-06
6.07054e-06
6.13927e-06
6.11572e-06
6.11084e-06
6.08632e-06
6.06949e-06
6.07373e-06
6.0979e-06
0.00622163
6.19041e-06
6.08742e-06
6.07399e-06
6.12309e-06
6.11839e-06
6.13293e-06
6.10984e-06
6.17018e-06
6.08671e-06
6.09569e-06
6.30147e-06
6.26435e-06
6.12543e-06
6.0378e-06
0.0083326
2.46265e-06
6.11671e-06
6.12626e-06
6.12607e-06
6.08083e-06
6.13031e-06
6.06913e-06
6.07044e-06
6.09746e-06
6.09312e-06
6.08855e-06
6.08576e-06
6.08614e-06
6.24017e-06
6.10933e-06
6.09863e-06
6.16893e-06
6.15314e-06
6.11352e-06
6.71237e-06
6.06922e-06
6.16958e-06
6.07813e-06
6.32545e-06
6.27127e-06
6.0887e-06
6.1841e-06
6.07393e-06
6.07032e-06
6.09155e-06
6.13449e-06
6.14277e-06
0.00349458
6.12556e-06
6.14833e-06
6.17671e-06
6.10175e-06
6.13802e-06
6.06947e-06
6.13558e-06
6.10985e-06
6.09059e-06
0.00846988
6.08248e-06
8.35365e-06
6.13281e-06
6.13508e-06
7.76783e-06
6.07235e-06
6.17689e-06
6.09344e-06
6.73299e-06
0.00538174
6.11383e-06
6.09322e-06
6.09426e-06
0.00184431
6.09383e-06
0.0199586
6.07506e-06
0.00636385
0.00276319
6.09617e-06
6.08773e-06
6.10498e-06
8.93416e-06
0.0080784
6.11161e-06
6.09882e-06
6.08593e-06
6.09222e-06
6.11647e-06
6.06889e-06
6.13294e-06
6.15807e-06
6.0917e-06
2.23605e-08
6.08979e-06
6.07812e-06
5.92958e-06
6.09474e-06
6.06831e-06
6.1294e-06
6.0869e-06
0.000174227
6.10067e-06
6.07507e-06
9.21697e-06
6.11693e-06
6.15563e-06
0.000129197
6.18963e-06
6.08158e-06
6.10677e-06
6.20547e-06
6.08859e-06
6.13252e-06
6.08658e-06
6.07299e-06
6.15643e-06
6.11866e-06
6.08497e-06
6.0799e-06
6.12607e-06
6.09182e-06
6.07143e-06
2.51869e-11
6.07463e-06
6.08766e-06
6.12223e-06
6.13523e-06
0.00441851
6.18324e-06
6.12732e-06
6.07503e-06
6.07593e-06
0.000473709
6.38281e-06
6.12453e-06
6.12935e-06
0.000458694
6.1008e-06
6.13246e-06
6.10209e-06
7.08014e-06
6.09424e-06
6.09327e-06
6.12026e-06
0.00140147
6.16286e-06
6.41476e-06
6.09423e-06
6.15408e-06
6.13144e-06
6.09587e-06
6.1127e-06
6.07838e-06
0.00290139
6.46302e-06
3.31777e-06
6.16428e-06
2.07201e-08
6.07319e-06
6.09044e-06
0.0187027
6.1466e-06
6.0893e-06
6.13375e-06
6.12799e-06
6.08835e-06
6.08425e-06
6.13262e-06
6.07767e-06
6.07277e-06
6.1379e-06
6.1534e-06
6.13165e-06
6.09443e-06
6.08261e-06
6.12882e-06
6.11714e-06
6.06865e-06
0.0152452
6.26572e-06
0.000347098
6.97818e-06
6.08674e-06
6.16289e-06
6.18403e-06
6.27221e-06
6.13093e-06
6.08187e-06
6.12431e-06
6.08873e-06
6.26645e-06
6.27658e-06
6.09443e-06
6.07152e-06
6.31689e-06
6.16491e-06
6.08476e-06
6.07454e-06
6.17898e-06
6.13334e-06
6.07376e-06
6.21306e-06
6.12339e-06
6.14479e-06
6.0714e-06
6.12818e-06
3.79957e-06
6.12704e-06
9.7954e-06
6.14e-06
6.10794e-06
0.000343704
6.07331e-06
6.22937e-06
6.07158e-06
3.19711e-06
6.1672e-06
6.11063e-06
6.07015e-06
2.67754e-07
0.00208947
6.07386e-06
6.11772e-06
6.09556e-06
0.000160317
6.06864e-06
6.14727e-06
6.14376e-06
1.69413e-06
6.21556e-06
6.07264e-06
6.08722e-06
6.07267e-06
6.08345e-06
6.21002e-06
6.07122e-06
6.09527e-06
8.71159e-06
6.08294e-06
6.1331e-06
6.11406e-06
6.06902e-06
6.07329e-06
6.23116e-06
6.07083e-06
6.13608e-06
6.13753e-06
0.00817452
6.32921e-06
6.23393e-06
6.075e-06
6.17928e-06
1.72902e-06
6.1277e-06
6.09644e-06
6.07915e-06
6.0726e-06
6.86711e-06
6.08795e-06
6.07339e-06
6.26164e-06
6.3e-06
6.10723e-06
6.2384e-06
6.08556e-06
6.1303e-06
6.16259e-06
6.11232e-06
6.08418e-06
0.00824982
6.09386e-06
6.09149e-06
6.08485e-06
6.089e-06
6.08585e-06
6.15258e-06
6.07333e-06
6.07473e-06
6.0872e-06
6.1236e-06
6.09404e-06
6.15494e-06
6.21949e-06
3.26797e-06
6.13968e-06
6.07863e-06
6.20456e-06
6.2359e-06
0.00802799
6.12829e-06
6.08688e-06
0.00128179
6.09534e-06
6.07145e-06
6.1515e-06
6.07844e-06
6.07051e-06
0.00401956
6.09211e-06
6.09759e-06
6.13595e-06
0.000147276
3.47716e-06
0.00016651
6.09673e-06
3.9837e-06
6.08596e-06
6.09675e-06
6.11485e-06
6.08362e-06
6.0884e-06
6.08521e-06
6.08112e-06
6.20998e-06
0.000167445
6.15296e-06
6.17184e-06
6.07109e-06
6.25522e-06
6.07977e-06
6.08596e-06
6.09597e-06
6.18447e-06
6.12741e-06
1.1252e-05
6.09521e-06
6.07104e-06
6.06842e-06
6.0904e-06
4.52874e-10
6.10017e-06
6.10741e-06
7.74085e-06
6.15722e-06
6.13909e-06
6.06183e-06
6.12732e-06
6.08967e-06
0.00695885
6.19331e-06
5.1548e-06
6.12563e-06
6.06976e-06
6.10707e-06
6.10631e-06
6.09696e-06
6.13912e-06
6.11256e-06
6.12768e-06
0.00766411
6.1754e-06
0.000655518
7.57961e-07
2.79798e-06
6.06847e-06
6.07312e-06
6.17611e-06
0.0100778
6.09119e-06
6.08649e-06
6.0765e-06
6.53666e-06
6.07599e-06
6.08972e-06
6.06796e-06
6.06903e-06
0.00977105
6.13625e-06
6.07154e-06
6.09225e-06
6.07606e-06
6.10202e-06
0.000193499
7.70486e-06
6.07054e-06
6.19821e-06
8.18416e-06
6.13741e-06
6.92296e-06
6.01005e-06
6.17607e-06
6.10118e-06
6.8301e-06
6.09258e-06
3.43499e-11
6.26575e-06
0.00671741
6.10178e-06
6.17324e-06
6.07054e-06
6.09281e-06
6.23773e-06
6.08689e-06
6.16328e-06
6.06856e-06
0.0154474
6.09306e-06
6.1358e-06
6.1312e-06
6.12328e-06
6.15969e-06
6.08661e-06
6.16704e-06
6.09459e-06
6.06966e-06
6.13922e-06
6.16538e-06
6.19391e-06
6.08211e-06
6.13415e-06
6.13447e-06
6.10184e-06
6.10271e-06
6.06987e-06
6.14916e-06
6.07913e-06
6.0718e-06
1.54919e-06
6.09144e-06
6.0795e-06
1.36668e-06
6.10218e-06
6.08372e-06
6.19545e-06
0.000847858
6.12709e-06
9.51154e-06
6.08315e-06
6.13364e-06
5.898e-06
6.42166e-06
6.12415e-06
6.10888e-06
0.00563099
6.07446e-06
6.09169e-06
6.26075e-06
1.72767e-10
6.10293e-06
6.08253e-06
6.11458e-06
0.000531903
6.14976e-06
6.07066e-06
6.09871e-06
0.00865285
7.14961e-06
6.07161e-06
6.10259e-06
6.17429e-06
6.22761e-06
6.07793e-06
6.06834e-06
6.08575e-06
6.0714e-06
6.10144e-06
0.0121278
6.11385e-06
6.10014e-06
0.000462075
6.09054e-06
6.17172e-06
6.17053e-06
6.2889e-06
6.11427e-06
6.10296e-06
0.0145672
2.90562e-09
1.47746e-08
6.08583e-06
6.13366e-06
6.0853e-06
1.89083e-05
6.07078e-06
6.08369e-06
6.12201e-06
6.14557e-06
6.07071e-06
6.07234e-06
3.59342e-06
6.0759e-06
6.13447e-06
6.17374e-06
6.23537e-06
6.0839e-06
6.093e-06
6.07325e-06
6.13122e-06
6.16398e-06
6.09208e-06
6.08689e-06
0.000727993
6.08253e-06
6.15861e-06
6.07058e-06
6.09742e-06
6.09192e-06
6.07311e-06
6.07294e-06
0.0159192
0.0123126
6.08377e-06
6.07589e-06
6.08034e-06
6.16041e-06
6.07441e-06
6.06816e-06
7.53818e-06
6.09764e-06
6.0925e-06
0.00520441
6.09916e-06
5.34392e-06
0.00142722
0.00187396
5.65344e-05
6.0852e-06
6.09575e-06
6.08827e-06
6.13002e-06
6.09066e-06
6.07569e-06
7.81606e-06
6.09962e-06
6.0759e-06
6.09214e-06
6.09501e-06
9.71137e-05
6.1116e-06
6.13063e-06
6.0729e-06
0.0100709
6.22356e-06
6.09121e-06
6.06583e-06
6.08018e-06
6.07544e-06
6.08269e-06
6.07486e-06
6.07001e-06
6.07755e-06
7.57687e-10
6.36747e-06
6.19267e-06
6.07001e-06
6.07699e-06
6.28648e-06
1.57002e-06
6.06958e-06
6.06985e-06
6.10468e-06
6.10239e-06
6.07008e-06
6.14924e-06
6.07492e-06
6.07552e-06
6.12884e-06
0.00249879
6.07267e-06
6.07111e-06
6.10935e-06
6.27708e-06
5.79474e-06
6.08343e-06
6.12964e-06
1.06903e-08
6.07129e-06
6.08553e-06
6.33694e-06
6.08883e-06
6.13801e-06
6.08731e-06
6.11013e-06
6.07066e-06
6.14782e-06
4.2389e-07
6.09927e-06
6.06956e-06
0.006198
6.088e-06
6.09766e-06
6.0959e-06
6.09492e-06
6.08898e-06
6.10951e-06
6.07898e-06
6.07971e-06
6.07196e-06
6.0948e-06
0.0190508
6.12334e-06
6.16383e-06
6.15094e-06
7.72478e-06
0.0133165
6.16351e-06
6.11069e-06
6.07497e-06
6.07998e-06
6.09509e-06
6.07539e-06
6.09361e-06
6.07014e-06
6.07136e-06
1.69083e-06
6.0835e-06
6.11659e-06
6.11444e-06
6.11908e-06
6.09467e-06
6.08405e-06
1.15799e-05
2.3264e-09
2.90355e-06
6.14992e-06
6.0727e-06
1.76714e-06
6.07631e-06
6.12862e-06
0.00499644
6.12394e-06
0.0043362
6.12303e-06
6.07147e-06
6.07223e-06
6.2742e-06
6.11831e-06
6.07289e-06
6.08675e-06
6.10197e-06
6.0768e-06
6.08475e-06
6.07972e-06
3.37157e-08
6.0697e-06
2.36362e-06
6.47051e-06
6.13641e-06
0.00305677
6.17546e-06
6.08045e-06
6.13681e-06
6.06892e-06
6.08592e-06
6.08693e-06
0.00365796
6.0828e-06
6.44483e-06
6.06786e-06
5.64769e-06
6.08727e-06
6.09031e-06
6.07347e-06
0.00258519
6.22656e-06
6.09364e-06
6.10444e-06
6.0709e-06
6.17102e-06
6.28753e-06
0.00981839
6.09836e-06
6.06917e-06
6.13523e-06
6.06846e-06
0.000134133
6.0764e-06
7.20821e-06
6.08299e-06
6.08483e-06
6.08738e-06
0.0148073
6.09315e-06
0.00612879
6.84079e-06
6.07017e-06
6.1051e-06
6.35231e-06
8.08626e-08
0.000119035
6.15637e-06
8.62273e-05
6.07828e-06
6.07976e-06
6.08493e-06
6.13525e-06
0.00123182
6.07014e-06
6.0949e-06
6.0823e-06
6.09631e-06
6.16364e-06
6.08978e-06
6.44531e-06
5.84173e-06
6.17328e-06
6.06971e-06
3.74827e-07
6.25264e-06
0.0101623
6.13646e-06
6.12872e-06
6.16769e-06
6.09949e-06
6.0857e-06
0.00137954
6.08475e-06
0.0132613
6.07242e-06
6.11356e-06
0.0125085
6.13402e-06
0.000337761
6.13687e-06
6.13148e-06
6.08888e-06
6.12946e-06
4.36642e-05
6.06939e-06
6.09561e-06
6.21327e-06
0.00384931
6.0754e-06
6.06811e-06
6.07267e-06
0.00339484
6.08773e-06
2.06055e-09
6.16727e-06
6.08152e-06
6.06962e-06
6.08015e-06
6.08579e-06
6.10314e-06
6.09619e-06
6.0685e-06
6.11182e-06
6.06876e-06
6.14962e-06
6.07814e-06
6.15314e-06
6.13426e-06
6.0709e-06
6.11359e-06
6.11662e-06
6.08702e-06
6.22546e-06
6.20071e-06
0.000145363
6.07838e-06
6.09008e-06
0.00982266
6.12349e-06
6.09246e-06
6.09261e-06
6.079e-06
6.06918e-06
6.10632e-06
6.18176e-06
0.0209857
6.0859e-06
6.0691e-06
0.00010501
6.13593e-06
2.31076e-11
6.23835e-06
6.26178e-06
6.22813e-06
0.00795647
6.08195e-06
6.10844e-06
0.00978462
0.0146303
0.0104097
6.08356e-06
6.07168e-06
6.11244e-06
7.56078e-06
6.16266e-06
6.17481e-06
6.08148e-06
6.09783e-06
6.14605e-06
6.00862e-06
6.1665e-06
6.07364e-06
0.00805656
6.23748e-06
6.25061e-06
1.6183e-06
6.13576e-06
6.26081e-06
6.08698e-06
6.09195e-06
0.000414151
4.72699e-06
6.13128e-06
6.08132e-06
6.07362e-06
0.00984358
6.16438e-06
1.9705e-05
7.20455e-06
6.1658e-06
6.1313e-06
0.00376519
6.14057e-06
6.07616e-06
6.10822e-06
6.2625e-06
6.177e-06
6.08376e-06
6.07531e-06
6.13372e-06
6.10668e-06
6.07471e-06
6.17651e-06
6.06925e-06
0.00565765
6.08511e-06
6.08497e-06
6.11606e-06
6.13719e-06
6.09847e-06
5.49276e-06
6.15094e-06
6.09232e-06
0.00791095
0.00823032
6.14198e-06
6.07181e-06
0.00125799
6.13244e-06
6.06833e-06
6.09057e-06
0.00229136
6.11006e-06
6.11644e-06
6.06984e-06
1.54753e-10
6.10409e-06
6.16136e-06
4.04667e-06
6.17476e-06
9.17818e-06
6.33862e-06
6.09623e-06
6.07914e-06
6.08367e-06
4.18944e-07
6.14079e-06
6.09853e-06
6.08903e-06
6.21199e-06
6.06823e-06
6.06965e-06
6.31745e-06
6.08553e-06
6.07682e-06
6.13947e-06
6.07477e-06
6.12435e-06
6.07454e-06
6.06844e-06
6.09924e-06
8.22766e-06
6.07651e-06
6.08476e-06
2.01093e-11
1.88884e-06
6.13873e-06
6.08777e-06
6.10169e-06
6.15632e-06
6.08275e-06
6.0709e-06
6.20075e-06
6.13316e-06
6.54582e-14
6.31583e-06
1.88077e-06
6.17011e-06
2.45639e-05
6.1761e-06
0.0106374
6.07777e-06
6.07177e-06
0.0125103
6.07191e-06
0.00103788
6.08028e-06
6.08172e-06
6.12548e-06
6.08933e-06
5.88692e-06
6.08523e-06
6.09565e-06
7.02779e-06
0.00079605
6.10999e-06
6.11399e-06
6.12988e-06
6.11932e-06
6.12088e-06
6.07897e-06
6.07605e-06
6.10759e-06
0.012308
6.07035e-06
0.000481492
6.08009e-06
6.06997e-06
1.30488e-06
6.11382e-06
6.16125e-06
6.1651e-06
6.0888e-06
6.06954e-06
6.17595e-06
7.92746e-06
6.1038e-06
6.08892e-06
6.11278e-06
6.09883e-06
6.15937e-06
6.11678e-06
6.17686e-06
6.13645e-06
6.06955e-06
6.09257e-06
6.13341e-06
6.07322e-06
5.08439e-06
6.09203e-06
6.08626e-06
6.15534e-06
6.18288e-06
6.09224e-06
6.16341e-06
6.15632e-06
6.22078e-06
6.07134e-06
6.06828e-06
6.16932e-06
4.55445e-06
6.0895e-06
0.0101096
6.07226e-06
6.09344e-06
6.13784e-06
6.09664e-06
6.06814e-06
6.21225e-06
8.25101e-06
5.11006e-06
6.06779e-06
0.00974077
2.55359e-11
6.08223e-06
1.48462e-06
6.09461e-06
0.000272829
6.06809e-06
6.31678e-06
5.98596e-06
6.06899e-06
6.23977e-06
6.08787e-06
6.0678e-06
6.08066e-06
6.12925e-06
6.10329e-06
6.08185e-06
6.13109e-06
6.09156e-06
6.1667e-06
6.07133e-06
6.08671e-06
2.61949e-07
6.07031e-06
1.73579e-06
6.10055e-06
6.07099e-06
6.07376e-06
6.50561e-06
6.22725e-06
6.46581e-06
6.13753e-06
6.08431e-06
6.14463e-06
6.24731e-06
6.15547e-06
6.16103e-06
6.08064e-06
6.09224e-06
6.28647e-06
6.07912e-06
6.08216e-06
6.27465e-06
6.07718e-06
6.09884e-06
6.08597e-06
6.07204e-06
6.15551e-06
0.00517864
6.07053e-06
6.08837e-06
6.07316e-06
6.1381e-06
6.12787e-06
6.07164e-06
0.00320795
6.08638e-06
0.000228887
6.09791e-06
0.000229437
9.55975e-06
6.09102e-06
6.09802e-06
6.08515e-06
6.25077e-06
0.00421711
6.16993e-06
6.24157e-06
6.08847e-06
6.07012e-06
6.08739e-06
0.000106267
0.000138018
6.52674e-06
6.18063e-06
6.08056e-06
6.097e-06
6.09085e-06
5.69826e-06
6.11158e-06
6.13646e-06
6.11031e-06
0.0131085
0.0140491
6.18865e-06
6.15896e-06
6.07211e-06
0.0184861
6.08169e-06
6.0691e-06
6.13277e-06
6.06886e-06
6.1866e-06
7.38357e-06
6.10524e-06
6.0933e-06
6.11776e-06
6.2264e-06
6.24285e-06
6.13796e-06
4.72034e-05
6.07162e-06
6.07673e-06
6.0772e-06
6.8117e-06
6.07242e-06
6.07785e-06
6.13705e-06
6.06996e-06
6.21644e-06
6.07166e-06
6.09733e-06
6.10272e-06
6.0699e-06
6.30272e-06
6.13855e-06
6.07201e-06
0.00723772
6.22393e-06
5.77205e-06
6.06971e-06
0.00891048
6.08654e-06
6.14718e-06
6.14589e-06
6.54026e-06
6.14293e-06
6.08547e-06
6.10084e-06
6.08868e-06
6.07133e-06
6.07308e-06
0.0103249
6.10654e-06
6.09441e-06
0.00787239
0.00678098
6.07386e-06
6.07074e-06
6.09451e-06
6.0788e-06
6.09651e-06
6.08271e-06
1.79294e-06
0.000478968
4.68173e-06
6.0264e-06
6.24113e-06
6.1272e-06
6.06855e-06
6.58903e-06
6.08277e-06
6.12662e-06
6.10981e-06
6.0859e-06
6.06776e-06
6.19503e-06
6.0901e-06
6.07942e-06
6.12476e-06
6.13247e-06
6.07485e-06
5.18537e-06
0.0186754
6.12666e-06
6.13913e-06
6.18766e-06
6.07163e-06
6.13198e-06
6.08029e-06
6.13679e-06
6.08527e-06
6.12642e-06
6.12616e-06
6.11776e-06
6.07018e-06
6.06797e-06
8.9783e-05
6.0818e-06
6.07064e-06
6.08269e-06
6.17318e-06
6.17611e-06
6.11452e-06
0.0111446
6.09487e-06
6.08108e-06
6.08328e-06
5.71682e-06
6.26991e-06
6.2411e-06
6.06789e-06
6.08399e-06
6.06955e-06
6.08041e-06
6.08662e-06
6.0748e-06
6.07003e-06
1.4799e-08
6.18974e-06
0.013244
3.73577e-06
0.0106097
6.13276e-06
6.15249e-06
6.25058e-06
6.07754e-06
6.07118e-06
6.32412e-06
6.13252e-06
6.11696e-06
6.08181e-06
6.07651e-06
6.07316e-06
0.000186847
6.08652e-06
6.18529e-06
6.08285e-06
6.10456e-06
6.13193e-06
6.06959e-06
0.000539624
5.16945e-06
1.37793e-06
6.15393e-06
6.08901e-06
6.12022e-06
7.97144e-06
0.00629444
6.07966e-06
6.08944e-06
6.06825e-06
3.27718e-07
4.23645e-08
6.09518e-06
6.10879e-06
0.00671701
5.99544e-06
6.06858e-06
6.10737e-06
0.00158363
6.09591e-06
6.07996e-06
6.09124e-06
6.09176e-06
6.08345e-06
6.06831e-06
6.07023e-06
6.36472e-06
6.09624e-06
6.07214e-06
6.13759e-06
6.10638e-06
1.92215e-06
6.11048e-06
6.09457e-06
6.07167e-06
6.22796e-06
0.0115911
6.10887e-06
1.48796e-06
6.10875e-06
6.06913e-06
6.16461e-06
6.13843e-06
6.08156e-06
4.67858e-05
6.07243e-06
0.00294283
6.11695e-06
6.10656e-06
3.45108e-07
0.014731
6.13796e-06
7.13585e-06
5.84668e-06
2.65438e-09
6.11199e-06
6.16175e-06
6.13602e-06
1.34121e-05
6.0723e-06
6.08676e-06
6.06954e-06
3.10949e-05
6.07107e-06
6.07238e-06
6.06841e-06
6.06854e-06
6.09092e-06
6.16768e-06
6.0698e-06
6.08946e-06
6.10738e-06
6.08416e-06
6.06829e-06
6.11146e-06
0.0109935
6.13593e-06
6.27086e-06
5.99418e-10
6.08919e-06
6.07123e-06
6.09334e-06
6.09401e-06
6.11652e-06
6.0695e-06
6.24662e-06
6.11902e-06
0.00138654
6.13705e-06
6.0702e-06
6.10447e-06
6.10649e-06
6.21047e-06
7.48876e-07
6.09111e-06
6.18553e-06
6.08641e-06
0.000220205
6.19757e-06
6.18276e-06
6.2644e-06
0.00261645
6.08134e-06
5.86142e-06
1.65982e-06
6.20521e-06
0.00681945
0.00736604
6.11591e-06
6.09536e-06
5.53665e-06
6.11637e-06
6.07024e-06
6.07235e-06
0.00487133
6.08224e-06
6.13493e-06
6.15767e-06
6.12606e-06
6.13248e-06
0.00627229
6.06996e-06
6.07882e-06
6.09967e-06
6.11536e-06
6.10739e-06
6.11378e-06
6.06998e-06
6.21259e-06
6.95164e-06
6.09836e-06
0.00618164
6.07926e-06
6.08737e-06
6.11657e-06
6.08796e-06
6.09172e-06
6.09622e-06
0.0187462
6.10267e-06
6.08513e-06
6.08001e-06
6.19851e-06
6.07299e-06
6.09767e-06
7.84766e-06
6.10099e-06
6.1377e-06
0.000122753
6.12778e-06
6.08132e-06
6.07543e-06
1.57803e-06
0.00340637
6.10146e-06
0.00676004
6.08973e-06
6.0728e-06
6.08835e-06
6.07635e-06
0.00921964
6.09599e-06
2.88456e-05
6.08823e-06
6.30957e-06
6.06815e-06
6.09839e-06
8.63902e-06
8.53484e-06
6.08053e-06
6.17916e-06
6.21374e-06
0.0106864
6.07285e-06
6.06845e-06
6.07944e-06
6.09009e-06
6.13814e-06
6.07552e-06
6.09381e-06
6.07117e-06
6.16013e-06
6.26802e-06
6.23451e-06
6.09973e-06
6.13499e-06
6.06792e-06
0.00803773
6.06875e-06
6.07011e-06
9.75537e-05
6.07597e-06
0.0110599
6.13041e-06
6.07482e-06
6.06885e-06
6.07025e-06
6.1581e-06
6.07163e-06
6.10928e-06
6.09049e-06
6.07141e-06
6.07027e-06
6.07107e-06
6.43083e-06
6.11118e-06
6.09897e-06
6.09666e-06
6.0707e-06
6.11109e-06
6.16909e-06
6.10024e-06
6.12471e-06
6.1785e-06
6.09574e-06
1.22111e-06
6.09635e-06
6.07846e-06
6.06898e-06
7.38041e-06
6.08045e-06
0.0123203
6.08453e-06
6.07133e-06
0.00638274
6.07985e-06
6.09008e-06
6.24423e-06
5.9175e-06
6.13757e-06
6.07777e-06
6.11324e-06
6.07066e-06
6.10015e-06
6.11217e-06
6.23896e-06
6.70393e-06
6.12337e-06
6.11209e-06
6.08618e-06
6.07251e-06
6.09528e-06
6.09439e-06
6.1469e-06
6.17588e-06
0.00780845
6.08245e-06
6.06362e-06
6.10871e-06
0.00361539
6.11339e-06
0.00313554
6.23011e-06
6.11151e-06
6.06775e-06
6.0757e-06
6.17957e-06
6.07897e-06
6.07007e-06
6.0756e-06
6.09514e-06
6.09643e-06
6.09346e-06
0.00024048
6.07653e-06
6.10298e-06
5.06027e-06
6.13763e-06
4.00732e-06
6.15135e-06
6.0809e-06
3.90046e-06
6.09664e-06
0.0114305
6.07189e-06
6.06417e-06
6.0766e-06
6.07413e-06
6.09658e-06
6.07057e-06
6.0757e-06
9.94927e-08
6.06956e-06
6.14408e-06
0.0120127
0.0124422
6.13228e-06
6.09446e-06
6.09375e-06
6.25372e-06
6.10518e-06
6.07477e-06
6.35208e-06
1.1537e-05
6.08557e-06
6.13713e-06
6.09176e-06
6.07474e-06
6.07149e-06
6.09252e-06
6.09583e-06
6.1055e-06
6.12133e-06
6.07367e-06
6.13266e-06
6.14228e-06
6.11356e-06
6.10489e-06
1.20549e-07
6.0942e-06
6.08295e-06
6.1529e-06
6.07381e-06
0.00460943
6.09341e-06
0.000814359
6.11512e-06
6.66149e-05
6.08237e-06
6.41377e-06
0.011775
3.75322e-06
6.43912e-06
6.08831e-06
6.07165e-06
6.06911e-06
6.1245e-06
6.07157e-06
6.10349e-06
6.19859e-06
6.15795e-06
6.13994e-06
6.07127e-06
6.09445e-06
0.000900133
6.14747e-06
5.22269e-05
6.11244e-06
6.13385e-06
0.0201606
6.09505e-06
6.08056e-06
0.0100347
6.08638e-06
6.07563e-06
0.00052042
6.0785e-06
6.1893e-06
6.06987e-06
6.08074e-06
6.09651e-06
6.07104e-06
6.13231e-06
9.9666e-09
6.08467e-06
6.17245e-06
0.000288206
4.0729e-07
6.13458e-06
6.20797e-06
6.07233e-06
1.48403e-07
6.94697e-06
0.00280499
6.0896e-06
6.15938e-06
6.13433e-06
0.00508794
6.1651e-06
6.07333e-06
6.16045e-06
6.10796e-06
6.08428e-06
1.16532e-05
6.09563e-06
6.07932e-06
6.06943e-06
2.35947e-06
5.63782e-05
3.30848e-05
0.00777901
6.10963e-06
0.0062531
0.0189091
6.07445e-06
6.12153e-06
6.12107e-06
6.07786e-06
6.0806e-06
6.06823e-06
5.98762e-06
0.00395498
6.31389e-06
6.24765e-06
6.07048e-06
0.00216487
6.18994e-06
1.24816e-06
6.90568e-06
6.08259e-06
6.07992e-06
6.09182e-06
0.00462015
0.00901201
6.12262e-06
6.10384e-06
6.07115e-06
6.13569e-06
6.07489e-06
6.17239e-06
6.09287e-06
6.09248e-06
6.13106e-06
0.00562153
6.14691e-06
6.17399e-06
6.07251e-06
0.00090319
7.49012e-05
6.20873e-06
6.19219e-06
5.48494e-06
6.09367e-06
6.138e-06
6.24462e-06
6.35065e-06
6.08826e-06
6.07019e-06
6.06921e-06
0.0120828
6.08716e-06
6.07536e-06
6.09314e-06
6.07818e-06
6.08099e-06
6.1066e-06
0.00738574
6.07075e-06
6.14654e-06
6.10005e-06
0.00227703
6.09374e-06
0.0021766
0.00770743
6.09063e-06
6.09035e-06
6.08638e-06
0.00272305
0.00568647
6.09532e-06
6.16181e-06
0.000568323
6.96259e-06
6.09533e-06
5.75286e-06
0.000628218
4.22969e-06
6.23841e-06
6.08467e-06
6.06842e-06
6.27657e-06
6.07466e-06
6.18072e-06
6.09042e-06
6.07941e-06
6.09698e-06
6.09596e-06
6.07118e-06
6.18027e-06
6.07088e-06
6.12387e-06
6.14672e-06
5.70103e-06
6.06829e-06
0.0012795
6.12139e-06
6.06868e-06
6.09429e-06
0.00627888
6.10149e-06
6.06995e-06
6.08349e-06
6.18669e-06
6.11068e-06
6.18184e-06
0.0109325
0.0112434
6.4271e-06
6.08273e-06
0.000145661
6.07636e-06
0.00624435
6.25752e-06
6.07087e-06
0.000131249
6.10324e-06
5.11669e-08
6.52168e-06
6.0902e-06
3.30478e-06
6.06816e-06
6.09151e-06
6.20222e-06
0.000197133
6.07193e-06
0.0141984
6.07706e-06
6.09442e-06
6.10826e-06
6.17198e-06
6.13399e-06
6.06995e-06
6.07586e-06
3.53109e-11
1.04764e-05
6.08552e-06
6.08831e-06
6.08763e-06
6.14597e-06
0.0087315
6.09577e-06
6.16441e-06
6.07429e-06
6.0997e-06
6.06893e-06
6.08246e-06
6.07619e-06
6.06973e-06
6.08288e-06
0.000212506
6.09994e-06
4.0409e-06
3.35222e-06
6.08788e-06
6.08078e-06
6.09009e-06
6.13087e-06
6.1236e-06
6.12935e-06
6.10287e-06
5.99672e-05
0.00622195
6.12953e-06
0.000176746
6.08352e-06
6.12664e-06
6.12314e-06
6.08901e-06
6.06024e-06
6.11497e-06
1.98887e-07
6.10977e-06
6.06961e-06
6.10151e-06
6.09508e-06
6.09733e-06
6.10348e-06
6.07193e-06
6.15913e-06
5.95689e-06
6.10462e-06
6.09344e-06
6.12022e-06
6.09785e-06
0.000140642
6.30846e-06
6.41504e-06
6.11369e-06
6.17807e-06
6.07692e-06
6.1126e-06
6.09195e-06
6.19128e-06
6.20072e-06
6.07454e-06
6.10494e-06
6.21687e-06
6.25863e-06
6.08759e-06
6.09605e-06
0.0003414
6.09463e-06
6.12897e-06
6.07074e-06
6.13223e-06
6.09204e-06
6.13699e-06
6.15277e-06
1.10032e-08
6.13027e-06
6.25841e-06
6.19487e-06
6.09005e-06
6.13446e-06
0.0143263
5.62728e-06
6.22474e-06
0.00805333
6.0705e-06
6.2174e-06
6.06811e-06
6.15926e-06
6.10467e-06
6.13766e-06
6.14426e-06
6.23487e-06
6.08425e-06
6.09e-06
6.0751e-06
6.09808e-06
6.095e-06
6.11045e-06
6.10984e-06
6.09485e-06
0.000148413
6.19405e-06
6.0755e-06
6.11838e-06
6.08469e-06
6.06893e-06
2.95017e-05
6.1265e-06
6.10593e-06
9.95075e-06
1.4244e-06
6.07103e-06
6.10235e-06
6.13237e-06
6.08225e-06
6.07911e-06
9.56594e-06
6.07957e-06
0.00441422
0.000691274
6.21194e-06
6.06919e-06
6.17936e-06
6.13252e-06
5.90915e-06
6.07483e-06
0.0198204
9.06115e-05
6.26133e-06
6.12327e-06
6.12758e-06
6.34027e-06
6.1668e-06
6.07127e-06
6.14974e-06
6.10311e-06
6.08402e-06
6.06785e-06
6.06896e-06
6.06794e-06
0.000801508
6.13052e-06
6.09468e-06
6.14821e-06
6.10625e-06
0.0115831
6.11547e-06
6.08563e-06
6.09552e-06
6.07376e-06
6.11491e-06
6.07522e-06
6.09152e-06
6.08821e-06
6.064e-06
6.06933e-06
6.13829e-06
6.06874e-06
6.22622e-06
0.00127699
6.36489e-06
6.07238e-06
0.0055029
6.07819e-06
6.52111e-06
6.08042e-06
6.10627e-06
6.0752e-06
6.12748e-06
6.07855e-06
6.2034e-06
6.0785e-06
6.11003e-06
6.13797e-06
0.000730406
0.000709752
0.00265714
6.07406e-06
6.10329e-06
6.07202e-06
6.15792e-06
6.07448e-06
6.14604e-06
0.00452091
6.10263e-06
6.13508e-06
0.000899313
6.09438e-06
0.0056792
6.14917e-06
0.000309324
8.2624e-06
0.00031226
6.0982e-06
6.09793e-06
6.07956e-06
6.09096e-06
0.00130623
6.27028e-06
6.11713e-06
6.08032e-06
6.09362e-06
6.20575e-06
4.1507e-07
6.228e-06
6.25003e-06
6.18072e-06
5.77055e-07
6.11662e-06
6.12698e-06
6.06994e-06
6.09473e-06
0.00706153
6.14416e-06
6.20333e-06
0.011378
0.0109369
6.09064e-06
6.06813e-06
6.14772e-06
6.11688e-06
6.12223e-06
6.11831e-06
6.08981e-06
0.000339243
6.07756e-06
6.08618e-06
0.00700586
6.09128e-06
6.24345e-06
6.24462e-06
2.89697e-07
6.11432e-06
6.11115e-06
6.09418e-06
0.000262277
6.10642e-06
6.11735e-06
6.17422e-06
0.000220806
4.67878e-06
5.76724e-06
6.10006e-06
6.1042e-06
6.11792e-06
6.08136e-06
6.14201e-06
5.6237e-06
6.27509e-06
6.06843e-06
6.14451e-06
6.12621e-06
6.12934e-06
6.06798e-06
6.18012e-06
6.16853e-06
6.07566e-06
6.2452e-06
6.0726e-06
5.86738e-06
6.09023e-06
0.00121643
0.000639213
0.000662578
6.08411e-06
0.00388881
6.16391e-06
6.07193e-06
6.08876e-06
6.08967e-06
1.28596e-07
6.08385e-06
6.09394e-06
6.06896e-06
0.0137311
6.0975e-06
6.09685e-06
6.10195e-06
0.00981469
6.11368e-06
6.19849e-06
6.28035e-06
6.07912e-06
6.13556e-06
6.14942e-06
6.12136e-06
6.08594e-06
6.09189e-06
6.09105e-06
6.09199e-06
6.32733e-06
6.0724e-06
6.10657e-06
4.73657e-06
6.12598e-06
6.07293e-06
6.09634e-06
0.0136406
6.10595e-06
7.56152e-06
6.09074e-06
6.08599e-06
0.00106156
6.34709e-06
6.07555e-06
6.26127e-06
6.1038e-06
6.10131e-06
6.13811e-06
0.00969014
0.00941108
6.09203e-06
6.09147e-06
6.10776e-06
6.11502e-06
6.1599e-06
6.33042e-06
6.24089e-06
6.27756e-06
6.13741e-06
6.09294e-06
6.09229e-06
6.13048e-06
6.07411e-06
1.37104e-05
6.08227e-06
6.08441e-06
6.07041e-06
6.06978e-06
6.07183e-06
0.0042032
9.90123e-08
6.0947e-06
6.29718e-06
6.17901e-06
6.0729e-06
6.09831e-06
6.24081e-06
6.1103e-06
6.07787e-06
6.122e-06
6.07511e-06
6.05522e-06
6.16168e-06
6.16927e-06
6.09127e-06
6.10571e-06
0.00565005
6.18144e-06
6.08877e-06
6.14708e-06
0.00284976
6.07112e-06
6.08871e-06
6.07129e-06
6.10864e-06
6.1027e-06
6.06832e-06
6.09303e-06
6.06814e-06
7.90453e-06
6.06929e-06
0.00617177
6.15926e-06
6.15537e-06
6.13771e-06
0.00106813
6.06902e-06
6.07028e-06
6.11736e-06
6.08838e-06
6.07663e-06
6.08088e-06
6.06837e-06
6.11168e-06
0.00680985
6.30674e-06
6.11498e-06
6.15852e-06
0.00172491
6.08292e-06
1.869e-05
1.01925e-06
0.000492003
6.07199e-06
6.51868e-06
6.08336e-06
6.10442e-06
6.07136e-06
0.00611577
6.07926e-06
6.07293e-06
6.11735e-06
6.12009e-06
6.07346e-06
6.09512e-06
4.29439e-07
0.00245682
6.11472e-06
6.0759e-06
6.08726e-06
6.097e-06
0.000133809
6.78121e-06
6.07324e-06
0.000120174
6.10448e-06
6.10078e-06
6.08959e-06
6.18328e-06
6.07145e-06
6.15791e-06
6.08714e-06
0.0197464
6.17874e-06
6.09152e-06
7.91537e-06
6.07198e-06
6.07248e-06
6.09357e-06
6.12795e-06
0.000141292
6.12084e-06
6.14306e-06
3.51992e-07
6.07751e-06
0.00305187
6.06994e-06
6.9226e-06
6.17723e-06
6.12014e-06
0.00051708
6.08739e-06
6.07222e-06
6.08056e-06
6.0939e-06
5.87869e-06
6.09964e-06
6.14791e-06
6.06962e-06
6.06954e-06
6.11627e-06
6.0679e-06
6.06918e-06
6.08321e-06
6.08211e-06
6.08356e-06
6.07474e-06
6.07421e-06
6.15032e-06
6.06817e-06
6.06813e-06
6.27335e-06
6.07834e-06
6.11664e-06
6.11124e-06
6.23787e-06
1.28487e-06
6.1075e-06
6.11467e-06
6.17957e-06
6.07622e-06
6.09538e-06
6.07253e-06
6.11431e-06
6.18328e-06
6.06859e-06
0.00443992
6.07337e-06
6.07599e-06
6.96231e-06
6.15535e-06
6.0727e-06
6.08781e-06
6.20065e-06
0.000399079
6.06802e-06
6.0684e-06
6.08841e-06
6.07114e-06
6.0792e-06
6.07257e-06
6.13831e-06
6.07201e-06
6.07912e-06
0.0126295
0.0184864
6.06871e-06
6.15763e-06
6.18265e-06
5.89101e-06
6.07132e-06
0.00409979
6.06954e-06
6.08272e-06
6.08531e-06
6.0688e-06
6.11166e-06
0.000349081
6.07835e-06
6.08123e-06
6.11718e-06
0.000455372
5.98117e-06
6.10699e-06
0.00147148
6.1042e-06
6.0804e-06
6.09665e-06
2.61428e-09
6.07391e-06
6.09696e-06
0.00171957
6.0852e-06
6.07727e-06
6.07141e-06
0.00273213
6.16074e-06
6.10665e-06
6.10921e-06
6.38376e-06
6.08391e-06
6.10109e-06
6.22225e-06
6.10051e-06
6.0956e-06
0.0117401
6.08225e-06
6.0871e-06
6.0823e-06
6.33737e-06
0.00597315
1.97023e-06
6.0763e-06
6.0861e-06
6.07041e-06
0.00201017
6.06774e-06
6.07231e-06
1.93925e-06
6.06963e-06
6.07647e-06
6.2244e-06
6.07213e-06
6.19419e-06
6.16482e-06
6.15342e-06
6.12915e-06
6.09147e-06
6.12378e-06
6.06828e-06
6.10617e-06
6.16335e-06
6.12371e-06
6.10755e-06
6.10864e-06
6.08358e-06
6.0828e-06
5.70074e-06
6.08843e-06
6.09289e-06
6.08591e-06
0.0024717
0.00243594
6.09902e-06
6.16803e-06
6.08007e-06
6.09466e-06
7.03729e-06
6.10233e-06
6.13108e-06
6.0688e-06
6.07251e-06
6.07131e-06
0.00807054
6.07391e-06
6.09603e-06
6.07546e-06
6.12938e-06
6.07362e-06
6.07517e-06
6.06858e-06
6.06968e-06
6.07897e-06
5.54655e-06
6.14657e-06
6.07443e-06
6.07145e-06
5.87553e-06
6.22222e-06
6.09397e-06
0.00793599
6.25536e-06
5.71257e-06
6.09775e-06
0.00282223
6.09576e-06
6.07457e-06
6.1254e-06
6.06861e-06
6.10325e-06
6.34394e-06
6.31383e-06
9.17316e-06
6.09572e-06
6.07914e-06
6.09579e-06
6.18558e-06
0.000325428
6.11049e-06
6.0824e-06
5.52931e-06
0.00775188
6.08973e-06
6.17496e-06
6.09364e-06
6.07808e-06
0.00895732
6.10317e-06
6.07113e-06
6.10682e-06
6.07218e-06
6.12332e-06
6.09214e-06
3.46809e-06
6.08856e-06
6.11895e-06
6.07104e-06
6.11564e-06
6.07273e-06
6.07339e-06
0.000492777
6.07131e-06
6.1925e-06
6.07167e-06
6.07483e-06
6.07339e-06
6.06838e-06
6.09992e-06
6.07209e-06
6.08595e-06
6.22783e-06
6.07373e-06
6.08157e-06
6.09571e-06
6.07144e-06
6.07197e-06
0.000339348
6.1621e-06
6.31247e-06
6.07033e-06
6.07235e-06
6.0936e-06
6.12742e-06
6.26767e-06
6.06784e-06
0.00577371
6.09902e-06
6.295e-06
6.13439e-06
1.81846e-07
6.06932e-06
6.08663e-06
6.10473e-06
6.12804e-06
0.011663
6.17258e-06
6.13172e-06
0.000228673
2.065e-05
6.07855e-06
6.18321e-06
6.14017e-06
6.07216e-06
6.09315e-06
0.000175734
6.0788e-06
0.000108605
6.06983e-06
0.0039797
1.15267e-06
6.0879e-06
2.3633e-07
6.09873e-06
7.05393e-08
6.08557e-06
6.06813e-06
6.07411e-06
6.08466e-06
6.08256e-06
6.13237e-06
6.08516e-06
6.07246e-06
0.0142246
6.09591e-06
6.07076e-06
6.07607e-06
6.10764e-06
1.12453e-05
6.08076e-06
6.07243e-06
0.00171927
6.06979e-06
6.12991e-06
6.10113e-06
6.19815e-06
6.07475e-06
8.03072e-06
6.07243e-06
6.79815e-06
6.07324e-06
6.08878e-06
6.06947e-06
6.08492e-06
6.18356e-06
6.08609e-06
0.000197617
6.08797e-06
6.17058e-06
6.07074e-06
6.17999e-06
6.06805e-06
8.36793e-05
0.00326055
6.08419e-06
6.16459e-06
6.08692e-06
6.10737e-06
6.12667e-06
6.10513e-06
0.000200577
6.07783e-06
6.07584e-06
6.07703e-06
6.66957e-07
6.42516e-06
6.13635e-06
6.09356e-06
6.18109e-06
6.0914e-06
6.09199e-06
6.06859e-06
6.07072e-06
6.2321e-06
6.09373e-06
6.07811e-06
8.80709e-05
6.08837e-06
4.84428e-06
6.06971e-06
6.25668e-06
6.22287e-06
6.08336e-06
6.07985e-06
6.11769e-06
6.10214e-06
6.06788e-06
6.07436e-06
6.14416e-06
6.07331e-06
6.08174e-06
6.08692e-06
6.09504e-06
6.10474e-06
6.08622e-06
0.00681735
6.08758e-06
6.08628e-06
6.13469e-06
6.26289e-06
0.0114472
1.4573e-05
6.08634e-06
2.79741e-06
6.1141e-06
1.91719e-06
6.07278e-06
6.07187e-06
6.06879e-06
6.16713e-06
6.17452e-06
6.07373e-06
1.44921e-05
6.09142e-06
6.06889e-06
6.03995e-06
6.22467e-06
6.06986e-06
6.07898e-06
6.12627e-06
6.07009e-06
5.7485e-06
6.15497e-06
6.14152e-06
4.57642e-06
6.41502e-06
6.0947e-06
6.18421e-06
1.49929e-06
6.10273e-06
6.23672e-06
6.21088e-06
6.08163e-06
6.4621e-06
0.00258839
8.65038e-06
6.07012e-06
6.09411e-06
6.08539e-06
6.07369e-06
0.00566744
5.43818e-10
6.08547e-06
1.24863e-06
6.18868e-06
6.08284e-06
6.07778e-06
0.000700759
6.0786e-06
4.81269e-06
6.07329e-06
6.10311e-06
6.15346e-06
6.0702e-06
0.00141977
6.06821e-06
6.10962e-06
6.07115e-06
6.09131e-06
6.06831e-06
6.10004e-06
1.29961e-05
6.21918e-06
6.08852e-06
6.25095e-06
6.21103e-06
0.00367364
6.07683e-06
6.09287e-06
6.0783e-06
6.06824e-06
6.09119e-06
6.20786e-06
6.06807e-06
6.08578e-06
6.03003e-05
6.08485e-06
6.10557e-06
6.07104e-06
6.07412e-06
6.10269e-06
6.14962e-06
6.08024e-06
6.07508e-06
6.08045e-06
2.0014e-08
6.08375e-06
6.07472e-06
6.10063e-06
6.08321e-06
6.1405e-06
0.00112977
6.06967e-06
6.06929e-06
6.08812e-06
5.91779e-06
0.000257638
6.08368e-06
0.00163637
6.07552e-06
6.08268e-06
5.79129e-06
6.11465e-06
6.10214e-06
2.69037e-08
6.11808e-06
6.07272e-06
6.07971e-06
6.07294e-06
7.33854e-06
6.307e-06
6.08256e-06
6.095e-06
6.10388e-06
6.1714e-06
6.06842e-06
6.08456e-06
0.0190388
6.07053e-06
6.10241e-06
0.00699147
6.12712e-06
6.09404e-06
6.13371e-06
6.2402e-06
6.09218e-06
6.07107e-06
6.13254e-06
6.07174e-06
6.36253e-06
6.12882e-06
0.0186924
6.0887e-06
6.07246e-06
6.19618e-06
0.0200175
6.07099e-06
6.06967e-06
0.0144234
6.07903e-06
6.07354e-06
6.22696e-06
6.07463e-06
6.07795e-06
6.08359e-06
0.00913593
6.09622e-06
6.07126e-06
6.0716e-06
6.07238e-06
7.99076e-06
6.13598e-06
6.08416e-06
6.07218e-06
6.0961e-06
6.12518e-06
6.48843e-06
6.06824e-06
6.12946e-06
6.09055e-06
6.07821e-06
6.08184e-06
6.08829e-06
6.12434e-06
0.0059642
6.3329e-06
6.32827e-06
6.0714e-06
6.06867e-06
6.08198e-06
6.07624e-06
7.74379e-07
0.00653679
6.08085e-06
6.09034e-06
3.43018e-06
6.15204e-06
6.06837e-06
6.15704e-06
6.09041e-06
6.06768e-06
6.06769e-06
6.07119e-06
6.06797e-06
6.06769e-06
5.05648e-06
6.06997e-06
6.06766e-06
6.06769e-06
6.07096e-06
1.02942e-05
6.91529e-06
6.06894e-06
6.0677e-06
6.0691e-06
6.07863e-06
6.07066e-06
3.29379e-05
5.50836e-06
2.84214e-11
6.06821e-06
0.00732347
6.08134e-06
6.07144e-06
6.07452e-06
6.11722e-06
6.07212e-06
0.00680423
6.21175e-06
6.15094e-06
6.0758e-06
6.07192e-06
6.07466e-06
1.39436e-06
6.06934e-06
6.15979e-06
2.63634e-07
0.00604464
6.18208e-06
6.13532e-06
0.00212666
6.07588e-06
6.07006e-06
8.03513e-06
6.16239e-06
6.0888e-06
4.95148e-06
0.00133834
6.12568e-06
6.15649e-06
6.21566e-06
6.12923e-06
6.13282e-06
6.08563e-06
6.07039e-06
6.32033e-06
0.0080602
6.07221e-06
6.08629e-06
6.06909e-06
6.06967e-06
6.09051e-06
6.16956e-06
6.06907e-06
6.08997e-06
6.09314e-06
1.90326e-05
6.06947e-06
6.11263e-06
8.31035e-06
6.07116e-06
6.65698e-05
6.12617e-06
6.06947e-06
6.07328e-06
6.08026e-06
6.07156e-06
6.08406e-06
6.09795e-06
6.0848e-06
2.60948e-06
6.07148e-06
6.44127e-06
6.07041e-06
3.2397e-06
6.07166e-06
6.07149e-06
6.09636e-06
6.08938e-06
6.2315e-06
6.13728e-06
6.08698e-06
6.10044e-06
7.96774e-07
0.00632725
6.09824e-06
6.13001e-06
6.07146e-06
6.0679e-06
6.20781e-06
6.07143e-06
6.18018e-06
6.08225e-06
6.12546e-06
6.15484e-06
5.93158e-06
6.12987e-06
6.24964e-06
0.000771638
6.09645e-06
6.07e-06
6.08818e-06
6.07405e-06
6.14297e-06
6.11421e-06
6.09163e-06
3.74378e-07
0.000767316
6.14532e-06
6.08194e-06
6.14307e-06
2.09826e-05
6.08804e-06
6.07423e-06
6.07023e-06
6.0781e-06
0.000148931
6.12388e-06
4.6875e-06
6.19386e-06
6.28622e-06
6.07145e-06
0.00274687
6.0739e-06
6.0959e-06
6.16761e-06
6.08234e-06
7.63268e-06
6.09487e-06
6.10644e-06
6.07227e-06
6.07543e-06
6.15432e-06
6.30748e-06
6.0893e-06
6.06847e-06
6.33268e-06
6.08911e-06
6.08815e-06
6.13971e-06
6.10949e-06
6.0754e-06
6.16507e-06
6.07435e-06
6.09593e-06
6.08965e-06
6.26232e-06
0.00104012
6.10028e-06
0.0015578
6.08033e-06
6.08068e-06
6.12998e-06
6.06868e-06
6.06905e-06
0.00952262
6.09542e-06
6.10542e-06
6.14517e-06
8.30335e-06
5.41003e-06
6.0763e-06
6.07094e-06
0.00743658
6.09485e-06
9.02874e-06
6.14429e-06
6.07448e-06
5.92203e-07
6.07032e-06
6.68821e-07
6.08453e-06
6.2186e-06
6.07147e-06
0.00360843
0.000109921
7.38845e-07
6.08636e-06
6.10256e-06
6.06804e-06
6.18157e-06
6.08371e-06
6.13724e-06
6.13363e-06
6.08642e-06
6.08311e-06
6.08949e-06
6.08505e-06
6.06966e-06
8.30354e-06
6.09266e-06
6.07127e-06
6.08559e-06
6.29611e-06
6.27292e-06
6.25951e-06
6.12733e-06
0.00639326
5.21302e-06
5.84504e-06
6.24741e-06
6.13225e-06
6.09984e-06
6.07411e-06
6.07053e-06
6.11039e-06
0.000443429
6.15631e-06
6.08297e-06
1.14639e-05
6.07882e-06
6.07498e-06
6.07527e-06
0.000425911
6.1235e-06
6.13995e-06
7.66338e-06
6.06797e-06
6.20555e-06
6.09647e-06
7.6855e-06
6.07824e-06
6.10727e-06
6.11855e-06
6.32839e-06
6.07977e-06
6.07345e-06
6.18068e-06
6.21394e-06
8.24269e-06
5.23497e-06
6.09531e-06
6.07049e-06
6.10912e-06
6.21346e-06
6.19903e-06
6.07734e-06
6.08315e-06
6.08635e-06
6.07264e-06
7.62338e-06
8.21297e-06
6.06958e-06
6.08679e-06
6.23671e-06
6.08956e-06
0.00235875
6.13348e-06
6.16092e-06
6.07956e-06
6.06959e-06
6.08425e-06
6.10011e-06
6.10191e-06
6.10259e-06
6.13949e-06
6.22028e-06
0.0138065
6.07144e-06
6.07248e-06
6.2598e-06
6.08192e-06
6.08864e-06
6.10131e-06
6.14972e-06
0.00940464
6.07202e-06
6.18393e-06
6.10969e-06
0.000703793
6.07082e-06
6.10647e-06
6.07214e-06
6.25673e-06
6.06916e-06
0.00224673
6.07658e-06
6.07886e-06
6.18479e-06
6.12874e-06
6.08239e-06
6.09335e-06
6.1361e-06
6.13518e-06
6.12532e-06
0.00815393
6.0871e-06
6.10502e-06
6.1182e-06
6.07829e-06
6.26534e-06
6.11925e-06
6.12982e-06
6.08831e-06
6.06991e-06
6.08171e-06
6.09449e-06
6.23104e-06
0.0038186
6.07398e-06
0.000512737
6.06822e-06
6.0713e-06
6.06806e-06
6.12268e-06
6.85924e-06
0.0031094
6.12947e-06
6.07001e-06
6.0779e-06
6.13155e-06
6.13839e-06
6.09763e-06
6.11261e-06
6.07098e-06
6.08215e-06
6.091e-06
6.15323e-06
9.11304e-06
6.07703e-06
6.08109e-06
6.11216e-06
6.0755e-06
6.08477e-06
6.06807e-06
6.12354e-06
7.96709e-06
6.07443e-06
6.07961e-06
1.46428e-08
6.06856e-06
6.08162e-06
6.12908e-06
6.06783e-06
6.0862e-06
6.07116e-06
5.39298e-06
6.12508e-06
7.94946e-06
6.08121e-06
6.08243e-06
1.27677e-05
6.10932e-06
6.10442e-06
6.09818e-06
6.06839e-06
6.07239e-06
6.08974e-06
6.17648e-06
6.22621e-06
0.00418119
6.07158e-06
6.09522e-06
2.54442e-05
6.08514e-06
6.06879e-06
6.07068e-06
6.10202e-06
6.34552e-06
6.07173e-06
6.08159e-06
6.18723e-06
6.07054e-06
6.06854e-06
6.09194e-06
7.15605e-06
6.28166e-06
6.09017e-06
0.000154293
6.18606e-06
5.27152e-06
6.06847e-06
6.07365e-06
6.06884e-06
6.07112e-06
6.06972e-06
6.06888e-06
6.09614e-06
6.25946e-06
6.06986e-06
6.08411e-06
6.0702e-06
6.1424e-06
6.07269e-06
6.07209e-06
6.0864e-06
6.08289e-06
6.08258e-06
6.06908e-06
6.08727e-06
6.08235e-06
6.22062e-06
6.08056e-06
6.25435e-06
6.08343e-06
6.07114e-06
6.07629e-06
6.07086e-06
6.0884e-06
6.07073e-06
6.07205e-06
6.0857e-06
5.31372e-06
6.24331e-06
6.06834e-06
6.65002e-06
6.08869e-06
0.000519808
6.07284e-06
6.09281e-06
6.07832e-06
6.08178e-06
6.17936e-06
6.10718e-06
6.07161e-06
6.07842e-06
6.10969e-06
6.08248e-06
6.11317e-06
0.000295687
6.06937e-06
6.07852e-06
6.08229e-06
6.08145e-06
6.08495e-06
6.07378e-06
6.08698e-06
6.06007e-06
6.07077e-06
6.07047e-06
8.00187e-05
0.00048037
6.0701e-06
1.41489e-08
6.10889e-06
6.06789e-06
6.09648e-06
6.07042e-06
6.08473e-06
6.07005e-06
6.10108e-06
6.15689e-06
0.000110672
6.07608e-06
6.0886e-06
6.06873e-06
6.07563e-06
6.07092e-06
6.19663e-06
6.07578e-06
6.07253e-06
6.07056e-06
6.07141e-06
6.09249e-06
7.95854e-06
6.13112e-06
6.07538e-06
6.15587e-06
6.15919e-06
4.59004e-08
6.08019e-06
6.07093e-06
6.09504e-06
6.12716e-06
6.08766e-06
6.51978e-08
6.06951e-06
6.07019e-06
6.07743e-06
6.18173e-06
7.15804e-06
6.10206e-06
6.0721e-06
6.07107e-06
6.08828e-06
6.26334e-06
6.07092e-06
6.1269e-06
6.08241e-06
0.0195646
6.08089e-06
0.000171348
1.93604e-06
6.09044e-06
1.73255e-06
6.08624e-06
7.49627e-06
6.14069e-06
6.10125e-06
6.20004e-06
6.07192e-06
6.07015e-06
6.08564e-06
6.09598e-06
0.00265931
6.1125e-06
6.09587e-06
1.2071e-05
6.18564e-06
6.08016e-06
6.07035e-06
6.07477e-06
0.00386444
6.07814e-06
6.11654e-06
5.78309e-06
6.07096e-06
6.08549e-06
6.07179e-06
6.19854e-06
6.08134e-06
6.07615e-06
6.07888e-06
6.06848e-06
6.24725e-06
0.0182405
6.13829e-06
6.23642e-06
6.06775e-06
6.07047e-06
6.06778e-06
1.0761e-06
6.06774e-06
6.06772e-06
6.0677e-06
6.07062e-06
6.06767e-06
6.06831e-06
6.06999e-06
6.06778e-06
3.99312e-05
6.06987e-06
6.06777e-06
6.06851e-06
6.06779e-06
6.07024e-06
6.07033e-06
6.06778e-06
1.79589e-06
5.81984e-06
6.06779e-06
6.06895e-06
0.00711862
6.12911e-06
6.08288e-06
6.08703e-06
6.08603e-06
6.14502e-06
6.07842e-06
6.06887e-06
6.12736e-06
6.09686e-06
7.09629e-06
6.16116e-06
6.17767e-06
6.25835e-06
6.18697e-06
0.0107459
6.07866e-06
0.00654557
6.13887e-06
6.07929e-06
6.0683e-06
6.07012e-06
6.08746e-06
8.9387e-06
6.09326e-06
6.06814e-06
6.11264e-06
0.0148822
6.07005e-06
6.13204e-06
6.08347e-06
5.84917e-06
6.12206e-06
6.08315e-06
0.000135653
6.09637e-06
6.07889e-06
6.07177e-06
6.07954e-06
4.24402e-07
6.40936e-06
6.07128e-06
0.00794701
6.07129e-06
6.10328e-06
6.07289e-06
6.11168e-06
6.09881e-06
6.08309e-06
6.07821e-06
6.10124e-06
6.09316e-06
6.23873e-06
6.08462e-06
6.63419e-06
6.09505e-06
6.11214e-06
6.09207e-06
6.20283e-06
6.0796e-06
6.10795e-06
6.19666e-06
6.06819e-06
6.06982e-06
6.07554e-06
6.0734e-06
6.09695e-06
6.43821e-06
7.6653e-06
6.09334e-06
6.20008e-06
6.06875e-06
6.24432e-06
7.50853e-06
6.08303e-06
6.07147e-06
6.10791e-06
6.07454e-06
6.20437e-06
0.00696409
6.09188e-06
6.19136e-06
6.0688e-06
6.08272e-06
6.09129e-06
7.12306e-06
5.85759e-06
6.24065e-06
6.08765e-06
7.25163e-06
6.11478e-06
6.06975e-06
3.78768e-06
6.09299e-06
6.11349e-06
6.0973e-06
6.14466e-06
6.10826e-06
6.07833e-06
6.19681e-06
6.26177e-06
6.08514e-06
6.07951e-06
6.06822e-06
6.07176e-06
6.14757e-06
6.08426e-06
0.000140451
6.08796e-06
6.1902e-06
6.11562e-06
6.07011e-06
6.15305e-06
6.09984e-06
0.00256748
6.07162e-06
6.07087e-06
0.00622225
6.10595e-06
6.07357e-06
6.06827e-06
0.00634175
4.91077e-05
6.08051e-06
6.13073e-06
6.12527e-06
6.08259e-06
6.13146e-06
9.80373e-06
6.07787e-06
1.67032e-07
0.0135429
6.07184e-06
6.11556e-06
6.06864e-06
6.07613e-06
6.07992e-06
6.06891e-06
6.07817e-06
6.09412e-06
6.10571e-06
6.10118e-06
6.07022e-06
3.57781e-06
6.07065e-06
6.07178e-06
6.09232e-06
6.09104e-06
6.12394e-06
6.08555e-06
6.09386e-06
6.07867e-06
6.07127e-06
0.00717766
6.1468e-06
6.10204e-06
0.000940696
6.15818e-06
6.07153e-06
6.06993e-06
6.06966e-06
0.006533
6.21657e-06
6.19122e-06
3.91449e-06
6.2283e-06
6.109e-06
6.23969e-06
6.07413e-06
6.07913e-06
6.10402e-06
6.0824e-06
6.07274e-06
6.06964e-06
4.61937e-06
6.08399e-06
6.08399e-06
6.08266e-06
2.13087e-07
6.09735e-06
6.07247e-06
8.30505e-06
6.07414e-06
6.10936e-06
6.13914e-06
6.13912e-06
6.24366e-06
6.06891e-06
6.14186e-06
6.11744e-06
6.08715e-06
6.14528e-06
0.00499888
6.09298e-06
9.38921e-06
9.89502e-06
1.77757e-05
6.18837e-06
6.07908e-06
6.07011e-06
6.09566e-06
6.12288e-06
6.11403e-06
6.0677e-06
6.08898e-06
6.06993e-06
6.09332e-06
6.0737e-06
6.1672e-06
6.06845e-06
0.00217942
6.20557e-06
6.18729e-06
0.00445561
6.08308e-06
6.08229e-06
6.25468e-06
0.00748044
6.08579e-06
6.16348e-06
6.09105e-06
6.07399e-06
6.09486e-06
6.08208e-06
6.08117e-06
6.06918e-06
6.13291e-06
6.08026e-06
6.08666e-06
6.0756e-06
6.09357e-06
6.06804e-06
6.0803e-06
6.0808e-06
5.55401e-06
0.00130899
6.07937e-06
6.07253e-06
6.2213e-06
6.19661e-06
6.08308e-06
6.07656e-06
6.07544e-06
6.07207e-06
6.09411e-06
6.08525e-06
6.18062e-06
6.08986e-06
6.08013e-06
4.60692e-05
1.47305e-06
0.00725428
6.12658e-06
6.07675e-06
8.72998e-05
5.95391e-06
6.10746e-06
6.10061e-06
0.00569215
6.11167e-06
6.06814e-06
6.07421e-06
6.09103e-06
6.09639e-06
6.08103e-06
0.00599351
6.07289e-06
6.09113e-06
6.11424e-06
6.0725e-06
6.08034e-06
6.34849e-06
6.0774e-06
6.12482e-06
6.0708e-06
6.08698e-06
0.00158747
6.07945e-06
6.06817e-06
6.08758e-06
6.07908e-06
6.07094e-06
6.07639e-06
6.10164e-06
6.06927e-06
6.08781e-06
7.67136e-06
0.00019203
6.09306e-06
6.07962e-06
0.0082889
0.0062111
6.06989e-06
7.67287e-06
6.20545e-06
6.05985e-06
6.21937e-06
6.16622e-06
6.09912e-06
6.08205e-06
6.0766e-06
6.09127e-06
6.05791e-06
6.21815e-06
6.01795e-06
0.0101628
6.14267e-06
6.12638e-06
0.00590359
6.11495e-06
6.30136e-05
6.09331e-06
0.000658149
6.08345e-06
6.07049e-06
5.62015e-07
6.07466e-06
6.09464e-06
6.15509e-06
6.11528e-06
6.06992e-06
6.08497e-06
6.08491e-06
6.09402e-06
6.07067e-06
0.000160194
6.10691e-06
7.10223e-10
6.07223e-06
6.07883e-06
6.09118e-06
6.09668e-06
0.000346694
6.07675e-06
0.00551023
6.3101e-06
6.09007e-06
6.10134e-06
6.09295e-06
6.0691e-06
6.0776e-06
6.09915e-06
6.08756e-06
6.06779e-06
6.08127e-06
6.09209e-06
6.07642e-06
6.08719e-06
6.0727e-06
6.07074e-06
0.00885545
6.21408e-06
6.08168e-06
6.07003e-06
6.22212e-06
6.08235e-06
6.17953e-06
6.1001e-06
6.07468e-06
6.19488e-06
6.09733e-06
0.00437671
6.06945e-06
0.000593009
6.0977e-06
6.07078e-06
6.10313e-06
6.0918e-06
6.08364e-06
6.07504e-06
6.08584e-06
8.33505e-05
6.13734e-06
6.71782e-06
6.13437e-06
6.08082e-06
0.00119948
5.97739e-06
6.15667e-06
6.07102e-06
6.37849e-06
5.97352e-06
5.74639e-06
6.0855e-06
6.36238e-06
6.08707e-06
6.12998e-06
6.07951e-06
6.11266e-06
6.0932e-06
6.07938e-06
0.00301171
6.12646e-06
6.15947e-06
6.07119e-06
6.0768e-06
6.16455e-06
6.14287e-06
6.076e-06
0.00985212
6.11251e-06
6.08816e-06
6.12365e-06
6.12461e-06
0.00630631
0.000270222
7.57255e-06
6.07202e-06
3.58707e-10
0.000240838
6.10453e-06
6.07316e-06
6.22181e-06
6.11095e-06
6.06988e-06
6.07137e-06
6.07829e-06
6.08505e-06
8.45419e-06
0.00207079
6.12224e-06
6.10379e-06
6.07234e-06
6.07388e-06
6.12e-06
6.1656e-06
6.07037e-06
0.0124378
0.00116767
6.06973e-06
6.1138e-06
6.18768e-06
6.17065e-06
6.18872e-06
6.09745e-06
6.06882e-06
6.07881e-06
6.12031e-06
6.09581e-06
6.10087e-06
6.07335e-06
6.08967e-06
0.00277565
0.000502357
6.06831e-06
6.07936e-06
6.76404e-11
6.10126e-06
6.0689e-06
6.10368e-06
6.08448e-06
6.10371e-06
5.93207e-06
6.07612e-06
6.08867e-06
6.11731e-06
6.13969e-06
6.06911e-06
6.07934e-06
0.00532356
6.08274e-06
3.62068e-08
6.20151e-06
5.84988e-06
6.00308e-06
6.07126e-06
5.93599e-06
5.80615e-06
6.07613e-06
6.08781e-06
6.13393e-06
6.30272e-06
6.08558e-06
0.00770314
6.0744e-06
6.13697e-06
6.07427e-06
6.07312e-06
6.07263e-06
6.08273e-06
6.18483e-06
2.54875e-08
6.22666e-06
6.0676e-06
6.11722e-06
6.07515e-06
6.34967e-06
6.07135e-06
6.14023e-06
6.06846e-06
6.09371e-06
6.08552e-06
6.25025e-06
6.15703e-06
6.15998e-06
6.08645e-06
6.07271e-06
6.20407e-06
6.06794e-06
7.96082e-06
0.000777739
0.000196554
6.12463e-06
6.07198e-06
6.07195e-06
6.08554e-06
0.0137183
6.08707e-06
6.14605e-06
5.73836e-06
6.06809e-06
6.21693e-06
0.00136809
6.06954e-06
6.09616e-06
6.1039e-06
6.09859e-06
6.12435e-06
6.07431e-06
6.07386e-06
6.11374e-06
6.09461e-06
6.08381e-06
6.10853e-06
6.11904e-06
0.000202944
6.13908e-06
6.06959e-06
5.40872e-06
6.22123e-06
6.06849e-06
6.19569e-06
6.09303e-06
6.14215e-06
6.20887e-06
6.12958e-06
6.08277e-06
6.07148e-06
6.08384e-06
1.06987e-08
6.23405e-06
6.06868e-06
6.08939e-06
6.12702e-06
6.21706e-06
6.10731e-06
6.07461e-06
6.07415e-06
6.09883e-06
9.44043e-05
6.11755e-06
6.07219e-06
6.08063e-06
6.13634e-06
6.09124e-06
6.15252e-06
7.75602e-06
6.07708e-06
6.11802e-06
0.00312398
0.0101733
6.0904e-06
6.07124e-06
6.10509e-06
1.09013e-05
6.06838e-06
6.11517e-06
0.00729681
6.09206e-06
0.000349969
6.25728e-06
6.07224e-06
6.08418e-06
6.09786e-06
5.7427e-06
6.07566e-06
6.08393e-06
6.09398e-06
6.07025e-06
6.07326e-06
6.19393e-06
6.12105e-06
6.09574e-06
6.22282e-06
6.07364e-06
6.1239e-06
6.10361e-06
6.10091e-06
6.07736e-06
6.20704e-06
6.08614e-06
6.09508e-06
6.12143e-06
6.18147e-06
6.08847e-06
6.0724e-06
6.08644e-06
6.22743e-06
6.07707e-06
6.16141e-06
6.0712e-06
6.0707e-06
6.00898e-06
6.21633e-06
6.06942e-06
6.10402e-06
6.21278e-06
0.00175145
0.000571607
7.4301e-06
6.11777e-06
6.07493e-06
0.00598009
6.07059e-06
0.00126733
0.000115809
6.07568e-06
6.06927e-06
6.16368e-06
0.0021836
6.15264e-06
6.07968e-06
6.13418e-06
6.09177e-06
6.13248e-06
6.09364e-06
4.87673e-06
6.16915e-06
6.07334e-06
6.08111e-06
6.08759e-06
6.08268e-06
5.94376e-06
6.30068e-06
6.06822e-06
6.11658e-06
6.51182e-06
6.12701e-06
6.07193e-06
6.16482e-06
0.00645534
6.07202e-06
7.42882e-06
6.08155e-06
1.05038e-07
6.10747e-06
6.14255e-06
6.0803e-06
6.0864e-06
6.08014e-06
0.0184148
0.00675057
6.18336e-06
6.07262e-06
6.08774e-06
6.10342e-06
6.08292e-06
0.00612522
6.10361e-06
6.09292e-06
6.07171e-06
6.07203e-06
6.1109e-06
6.23487e-06
6.07768e-06
6.08744e-06
6.08828e-06
6.10202e-06
6.15585e-06
6.09022e-06
6.23129e-06
5.01209e-05
6.08722e-06
6.09151e-06
6.09473e-06
6.10418e-06
6.10525e-06
6.08937e-06
0.00539204
6.09915e-06
6.06922e-06
8.56719e-06
6.07483e-06
6.09219e-06
0.00117044
6.09855e-06
6.09416e-06
0.00165678
7.27262e-06
6.08073e-06
0.00572468
6.09637e-06
6.14641e-06
8.11898e-06
6.06954e-06
6.10479e-06
5.84524e-06
6.09481e-06
2.64447e-06
6.09481e-06
6.07104e-06
6.07437e-06
6.07049e-06
7.2395e-06
6.08069e-06
6.09075e-06
6.09851e-06
6.08437e-06
6.07392e-06
0.000952651
6.09301e-06
6.0791e-06
6.0886e-06
6.09693e-06
6.0691e-06
6.19291e-06
6.07172e-06
6.07112e-06
0.00690507
6.10072e-06
0.00239762
6.07977e-06
6.0681e-06
6.14774e-06
6.07778e-06
6.11913e-06
6.07957e-06
6.07983e-06
6.0703e-06
6.0886e-06
6.06934e-06
7.11845e-06
6.13966e-06
6.07123e-06
0.0120812
1.93147e-07
4.15465e-10
6.08004e-06
6.07571e-06
6.07463e-06
6.08124e-06
5.27449e-06
6.08868e-06
6.06908e-06
6.08305e-06
0.00136871
6.06362e-06
0.00671563
6.13173e-06
6.28147e-06
6.08297e-06
6.08572e-06
6.0903e-06
6.09964e-06
6.07184e-06
6.26861e-06
6.08336e-06
6.06982e-06
6.139e-06
2.4938e-08
6.07317e-06
0.0198455
6.07171e-06
0.000780738
6.07182e-06
6.20032e-06
6.25246e-06
6.69121e-06
6.14172e-06
6.08206e-06
6.07864e-06
6.08326e-06
6.07744e-06
6.07417e-06
0.00618784
6.07373e-06
6.22579e-06
6.10566e-06
5.92709e-06
6.07365e-06
6.07203e-06
6.07086e-06
6.08368e-06
6.08136e-06
6.09229e-06
0.00650376
6.09082e-06
6.24567e-06
6.07093e-06
6.07574e-06
6.06789e-06
6.09646e-06
6.09891e-06
6.93613e-06
6.07209e-06
6.23381e-06
6.13527e-06
6.08041e-06
6.07397e-06
6.10549e-06
6.07467e-06
6.06901e-06
6.07104e-06
6.12626e-06
6.07073e-06
6.06861e-06
6.11613e-06
6.07261e-06
6.07032e-06
6.07053e-06
6.14078e-06
6.07072e-06
6.08646e-06
6.11222e-06
6.06879e-06
6.07048e-06
6.07371e-06
6.13799e-06
6.09649e-06
6.08662e-06
6.08028e-06
6.08814e-06
6.07687e-06
6.08622e-06
6.08055e-06
6.08933e-06
6.08386e-06
6.08894e-06
6.18609e-06
6.24031e-06
5.81603e-06
6.0745e-06
6.06964e-06
6.08724e-06
6.06807e-06
6.09026e-06
6.17661e-06
6.09604e-06
6.08458e-06
0.00426534
8.29442e-06
6.409e-06
6.06908e-06
6.07044e-06
1.39812e-06
6.15077e-06
6.28278e-06
6.17119e-06
0.000179084
6.06806e-06
6.08628e-06
6.12885e-06
6.09264e-06
7.1558e-08
6.08789e-06
6.0701e-06
5.85971e-11
6.08843e-06
6.13115e-06
0.00787706
6.05756e-06
6.15354e-06
6.06972e-06
6.07776e-06
6.08286e-06
6.13052e-06
6.1925e-06
6.20365e-06
0.0105173
0.000185193
6.0698e-06
6.10388e-06
6.28711e-06
6.09208e-06
6.0945e-06
6.13773e-06
6.19721e-06
6.13093e-06
6.07662e-06
6.10414e-06
6.07065e-06
6.11519e-06
6.35014e-06
6.09428e-06
0.012138
6.28044e-05
6.07015e-06
6.08377e-06
6.10023e-06
0.0105216
6.07121e-06
6.08157e-06
0.0113753
6.34124e-06
6.08838e-06
9.53446e-09
6.08936e-06
6.07071e-06
1.0387e-06
6.08539e-06
6.07211e-06
6.10155e-06
0.01106
6.06357e-06
6.21864e-06
6.34144e-06
6.10043e-06
6.16994e-06
6.09364e-06
6.15168e-06
4.7273e-07
0.00384774
6.08121e-06
0.0111272
6.08406e-06
6.09572e-06
6.09505e-06
6.1007e-06
6.13865e-06
6.09203e-06
6.07428e-06
0.0108263
6.13139e-06
6.32162e-06
1.78761e-06
6.07008e-06
0.0108491
6.07353e-06
6.0887e-06
6.1733e-06
0.00898121
6.1755e-06
1.98246e-05
6.07545e-06
6.10242e-06
6.2285e-06
6.06888e-06
6.25571e-06
6.0964e-06
6.07907e-06
6.08776e-06
0.0124803
6.11854e-06
6.13369e-06
6.09737e-06
0.000797381
6.13011e-06
0.0074749
6.1152e-06
6.09107e-06
6.14977e-06
0.0139014
6.11355e-06
6.13252e-06
6.08658e-06
0.00344343
6.16352e-06
0.0113433
6.11852e-06
6.18602e-06
6.10865e-06
0.000262347
6.16178e-06
6.1182e-06
5.77968e-06
0.00016951
0.000681332
0.000188222
6.09938e-06
6.1165e-06
6.08545e-06
6.09514e-06
6.06801e-06
3.10777e-07
6.06864e-06
6.06976e-06
6.08868e-06
6.07079e-06
6.06857e-06
6.20138e-06
6.06926e-06
6.07062e-06
3.89676e-06
5.21852e-06
6.14183e-06
6.12781e-06
6.20315e-06
6.07537e-06
6.32926e-06
0.00714292
6.08324e-06
6.07945e-06
1.00399e-06
6.31651e-06
6.08868e-06
8.45186e-06
6.11488e-06
6.10261e-06
6.10773e-06
6.11682e-06
6.0837e-06
6.20106e-06
6.0902e-06
6.09753e-06
9.09772e-06
0.01172
6.07204e-06
6.0887e-06
3.4511e-06
6.10219e-06
6.07453e-06
1.11831e-08
6.09357e-06
6.09722e-06
6.08134e-06
6.37479e-06
6.0718e-06
6.20341e-06
6.07778e-06
6.0964e-06
6.07085e-06
0.0121291
6.07269e-06
6.25142e-06
6.06824e-06
6.08507e-06
5.10115e-06
6.07541e-06
6.0728e-06
6.10141e-06
6.25037e-06
6.12102e-06
6.06857e-06
6.09209e-06
6.1101e-06
6.32249e-06
6.08193e-06
6.10234e-06
6.13077e-06
6.12198e-06
6.07749e-06
6.08293e-06
6.12089e-06
6.08391e-06
0.00721063
6.09867e-06
0.000128088
8.40034e-06
0.0179418
6.13792e-06
8.43392e-06
0.0117679
6.09079e-06
6.14025e-06
5.91012e-06
6.09254e-06
0.019371
6.09899e-06
6.13533e-06
6.07012e-06
6.06976e-06
6.10319e-06
3.92197e-07
6.10782e-06
6.27132e-06
6.14031e-06
6.0689e-06
6.15758e-06
6.09439e-06
6.08023e-06
6.26857e-06
6.08408e-06
0.000364031
5.58345e-06
6.96293e-06
6.08257e-06
6.13443e-06
0.00710535
6.11504e-06
6.08259e-06
6.08215e-06
6.3116e-06
0.00851138
6.19917e-06
6.08493e-06
6.2333e-06
6.08252e-06
6.07082e-06
6.15195e-06
6.10936e-06
6.06835e-06
6.07233e-06
0.0118042
6.1227e-06
6.09491e-06
6.17017e-06
6.08252e-06
6.14779e-06
6.06974e-06
6.07611e-06
6.0829e-06
6.13879e-06
6.13169e-06
6.10117e-06
6.1668e-06
6.09302e-06
6.06991e-06
0.0137985
0.000168023
6.07483e-06
6.14679e-06
6.09267e-06
6.09714e-06
6.06998e-06
6.08392e-06
6.2044e-06
0.0121304
6.0687e-06
6.13023e-06
6.06875e-06
6.10971e-06
6.15875e-06
0.000256083
6.06783e-06
0.000848238
6.07101e-06
6.09226e-06
6.06956e-06
6.08414e-06
6.07932e-06
6.1701e-06
6.06868e-06
6.06793e-06
3.08469e-06
6.07052e-06
5.8818e-06
6.13225e-06
6.13663e-06
6.13234e-06
6.08187e-06
6.13875e-06
6.11432e-06
6.1754e-06
6.43685e-06
6.07181e-06
0.000361826
6.07355e-06
6.11792e-06
6.24463e-06
6.07022e-06
6.07715e-06
6.12125e-06
6.11946e-06
4.91982e-06
6.07698e-06
6.07239e-06
6.09821e-06
0.00538553
6.0726e-06
6.0866e-06
6.40901e-06
6.06995e-06
6.17946e-06
6.2619e-06
1.58644e-05
6.15575e-06
6.09885e-06
0.0124962
6.11268e-06
6.13888e-06
6.15428e-06
6.0693e-06
6.15811e-06
6.13036e-06
6.08278e-06
6.07106e-06
4.35885e-06
1.43246e-08
6.08573e-06
6.07151e-06
6.12879e-06
6.13717e-06
6.08215e-06
6.15272e-06
6.16322e-06
6.08157e-06
6.33052e-06
6.12163e-06
0.0129047
6.06773e-06
0.000563521
6.10376e-06
6.06777e-06
6.31045e-06
6.1685e-06
6.06259e-06
9.39168e-05
6.16627e-06
6.07437e-06
6.10792e-06
6.07249e-06
6.07447e-06
6.12753e-06
6.07367e-06
6.1358e-06
6.0881e-06
9.31995e-06
6.13118e-06
6.08701e-06
6.17974e-06
6.1142e-06
0.00569678
6.07985e-06
6.07652e-06
6.07224e-06
6.32097e-06
6.13662e-06
5.92007e-06
6.11882e-06
6.22085e-06
6.07624e-06
6.08984e-06
6.10204e-06
6.05745e-06
6.13477e-06
7.4522e-06
6.07343e-06
6.0863e-06
6.0945e-06
6.07249e-06
6.06825e-06
0.00743741
6.08955e-06
8.70277e-07
7.27183e-06
6.18139e-06
6.08757e-06
6.13425e-06
6.08392e-06
6.07134e-06
6.12315e-06
6.13108e-06
6.19e-06
6.07992e-06
5.99004e-06
8.15245e-06
7.44485e-06
1.73205e-05
6.07195e-06
6.12284e-06
6.0852e-06
0.0004938
6.104e-06
6.07364e-06
6.12163e-06
0.0181043
5.05429e-07
6.0839e-06
0.0119648
1.61623e-07
6.18856e-06
6.07055e-06
6.06859e-06
6.14868e-06
6.14496e-06
6.11269e-06
0.000165545
6.19681e-06
5.68003e-09
6.09246e-06
0.00806076
6.08259e-06
0.00147287
6.18359e-06
6.08733e-06
6.10295e-06
6.13205e-06
6.07224e-06
6.06944e-06
6.06967e-06
6.0785e-06
6.06779e-06
6.0887e-06
6.09217e-06
6.07037e-06
6.26336e-06
0.0128754
6.11333e-06
6.07768e-06
6.11579e-06
0.0135809
0.0195758
6.07595e-06
6.09807e-06
6.06607e-06
6.0913e-06
6.14507e-06
6.09343e-06
6.07216e-06
6.068e-06
6.08808e-06
6.13202e-06
6.13792e-06
6.09657e-06
2.62032e-08
6.08825e-06
6.06788e-06
6.07028e-06
6.08593e-06
6.06876e-06
6.13549e-06
6.13064e-06
6.06569e-06
6.05069e-06
6.2221e-06
6.07172e-06
6.17016e-06
6.16371e-06
6.06868e-06
6.11209e-06
6.08849e-06
1.09212e-07
6.07122e-06
0.0121717
0.000430879
6.06778e-06
6.10792e-06
6.07398e-06
6.06787e-06
6.87138e-07
6.06878e-06
6.09779e-06
6.06793e-06
6.05615e-06
0.00045723
6.08432e-06
6.08107e-06
6.11677e-06
6.08159e-06
6.07072e-06
6.16149e-06
6.07319e-06
0.00105915
6.07877e-06
6.15553e-06
7.15467e-06
6.10977e-06
5.81928e-06
6.07678e-06
6.07171e-06
0.00345239
6.06804e-06
6.06885e-06
6.06883e-06
0.000886509
6.21237e-06
6.22972e-06
6.19017e-06
6.09201e-06
6.07192e-06
6.07178e-06
6.07965e-06
0.00623712
6.16955e-06
6.09776e-06
6.068e-06
6.07056e-06
6.5385e-05
6.06906e-06
6.12534e-06
6.11222e-06
6.09109e-06
6.07204e-06
6.07065e-06
6.08478e-06
6.07737e-06
6.07501e-06
6.07148e-06
6.08046e-06
6.09397e-06
6.10191e-06
6.06817e-06
6.08952e-06
6.06807e-06
6.1352e-06
5.67443e-06
6.10878e-06
6.15203e-06
5.61374e-06
6.13088e-06
6.06824e-06
6.12733e-06
6.06774e-06
6.00898e-06
6.14154e-06
6.0959e-06
0.00115901
6.07312e-06
6.06771e-06
6.06769e-06
6.07315e-06
6.07184e-06
6.07542e-06
6.0715e-06
0.00435797
6.24914e-06
6.10312e-06
6.0704e-06
6.09098e-06
6.08448e-06
6.09373e-06
0.00135397
6.08698e-06
8.78725e-05
1.13137e-06
6.07816e-06
6.07873e-06
6.07497e-06
6.16305e-06
6.07151e-06
0.00543023
2.0656e-06
6.07217e-06
6.24134e-06
6.10594e-06
6.07327e-06
6.07153e-06
6.09208e-06
8.91325e-07
6.09659e-06
6.089e-06
6.22048e-06
7.3813e-05
6.08443e-06
6.18834e-06
6.1135e-06
6.18272e-06
6.08579e-06
6.071e-06
6.06843e-06
6.06925e-06
6.10649e-06
6.11554e-06
6.08472e-06
0.00407062
6.10244e-06
6.06876e-06
6.0766e-06
6.06894e-06
6.21752e-06
6.18809e-06
6.08593e-06
6.10459e-06
6.07179e-06
7.71498e-06
0.0120188
6.06932e-06
6.07399e-06
6.1402e-06
6.07259e-06
5.49643e-05
0.00772048
6.07479e-06
6.08758e-06
6.08973e-06
6.06838e-06
6.0745e-06
6.08143e-06
6.07885e-06
6.08154e-06
6.07e-06
6.07596e-06
4.03001e-06
6.06847e-06
6.08302e-06
6.08759e-06
2.76103e-08
6.07011e-06
6.17418e-06
0.000822854
6.16184e-06
6.12576e-06
6.0753e-06
5.88447e-06
6.06997e-06
0.0038845
6.12546e-06
6.07991e-06
6.07052e-06
6.08045e-06
6.08467e-06
6.11933e-06
0.0176374
6.07504e-06
6.10422e-06
6.06972e-06
0.0118703
6.07073e-06
6.08444e-06
6.12849e-06
6.08168e-06
0.000120756
6.14906e-06
0.00218929
6.08501e-06
6.0709e-06
6.3121e-06
6.11596e-06
6.10091e-06
6.07428e-06
6.08616e-06
6.07316e-06
6.52195e-06
6.07598e-06
6.08159e-06
6.14149e-06
0.000279488
6.07182e-06
6.25106e-06
6.12208e-06
6.07103e-06
6.0679e-06
6.08421e-06
6.10904e-06
0.0190773
6.15554e-06
6.10264e-06
6.07097e-06
6.07754e-06
6.07673e-06
6.06983e-06
6.08929e-06
6.12638e-06
6.1306e-06
6.07055e-06
6.07372e-06
5.70163e-06
6.09073e-06
6.07476e-06
0.0116276
7.51477e-07
6.17245e-06
6.08719e-06
6.08339e-06
6.19235e-06
6.00896e-06
6.09356e-06
6.07696e-06
6.09581e-06
6.0693e-06
6.08854e-06
6.8951e-06
6.20675e-06
6.07155e-06
8.26625e-06
6.41428e-06
6.14544e-06
6.13359e-06
6.07074e-06
6.26987e-06
6.0705e-06
0.000776633
6.07257e-06
6.07016e-06
0.000536167
6.23182e-06
6.08419e-06
6.08682e-06
6.06988e-06
6.01689e-06
6.13103e-06
6.06918e-06
6.06875e-06
6.07239e-06
6.07211e-06
6.17968e-06
6.07256e-06
3.12109e-07
6.07055e-06
6.09961e-06
6.09511e-06
6.14352e-06
0.00677506
6.091e-06
6.07297e-06
6.08113e-06
6.10895e-06
6.06807e-06
6.05281e-06
6.08183e-06
6.10058e-06
6.06836e-06
6.10541e-06
0.00755027
1.08939e-05
8.96618e-06
6.17057e-06
6.1394e-06
6.06784e-06
5.91079e-06
6.15027e-06
6.3855e-06
6.13698e-06
6.0695e-06
6.13215e-06
6.13969e-06
0.000382917
6.11868e-06
0.00780838
6.07278e-06
6.25189e-06
6.08621e-06
7.82988e-08
6.09773e-06
6.11304e-06
6.09854e-06
6.14372e-06
6.06881e-06
6.06978e-06
6.10353e-06
6.1195e-06
6.12897e-06
8.22179e-06
6.07104e-06
6.07003e-06
6.07361e-06
6.09295e-06
6.11041e-06
6.12211e-06
6.09213e-06
6.09844e-06
6.1753e-06
6.08886e-06
6.07063e-06
6.13777e-06
6.07358e-06
6.08221e-06
6.07261e-06
6.07505e-06
5.77197e-06
0.00391199
6.07743e-06
6.11181e-06
6.13707e-06
0.0132294
6.10698e-06
6.12574e-06
6.14525e-06
6.15186e-06
6.11428e-06
6.31787e-06
6.08616e-06
6.10567e-06
6.09275e-06
6.39472e-06
6.18177e-06
6.19191e-06
6.07186e-06
6.09088e-06
6.13651e-06
6.18542e-06
6.07446e-06
6.09483e-06
0.0071624
6.15373e-06
6.11549e-06
6.08041e-06
6.20784e-06
6.07326e-06
0.00528897
6.07421e-06
0.00734731
6.08442e-06
6.06174e-06
6.14835e-06
6.10602e-06
6.10532e-06
6.15837e-06
6.09617e-06
0.00010384
6.08374e-06
6.07776e-06
6.08288e-06
6.09493e-06
4.41858e-06
6.06792e-06
6.1553e-06
0.000567704
6.0851e-06
0.0177651
6.09252e-06
6.07023e-06
3.58832e-05
6.14356e-06
6.11617e-06
1.08296e-06
6.08255e-06
6.09572e-06
6.1079e-06
6.13048e-06
6.17818e-06
0.000110888
4.76498e-06
6.07494e-06
6.0829e-06
3.95072e-07
6.1649e-06
6.12103e-06
6.08138e-06
6.10816e-06
6.11808e-06
6.12498e-06
0.00364451
0.00144373
6.06823e-06
6.09413e-06
6.08168e-06
7.98819e-06
6.12248e-06
5.66473e-06
6.06812e-06
6.09168e-06
6.13208e-06
6.44e-06
6.18924e-06
0.0028209
6.07742e-06
6.0681e-06
6.10469e-06
6.09004e-06
6.16065e-06
6.18411e-06
6.10039e-06
6.27666e-06
6.07102e-06
6.07446e-06
6.17282e-06
6.26823e-06
6.13428e-06
0.00770469
6.10096e-06
6.08531e-06
0.00484349
6.25584e-06
0.00602599
6.11203e-06
6.12174e-06
6.11449e-06
6.0758e-06
7.29262e-05
6.07124e-06
6.07054e-06
6.17758e-06
6.08821e-06
6.08313e-06
6.08532e-06
6.11011e-06
6.07085e-06
6.06997e-06
6.15942e-06
6.07642e-06
0.00684832
6.13796e-06
6.07122e-06
6.07217e-06
0.0115478
6.24366e-06
6.06939e-06
5.68637e-05
6.19167e-06
6.1118e-06
6.13857e-06
7.58605e-06
6.399e-06
6.08704e-06
6.07829e-06
6.13496e-06
0.0192758
6.07006e-06
6.29834e-06
6.07329e-06
6.10683e-06
6.09404e-06
6.13719e-06
6.09896e-06
6.07953e-06
3.47504e-06
6.10511e-06
1.51019e-06
6.07201e-06
6.11394e-06
6.35966e-06
6.07762e-06
6.07131e-06
6.11119e-06
6.14568e-06
6.13709e-06
6.06945e-06
6.22605e-06
6.13247e-06
6.072e-06
6.10321e-06
0.000675365
0.000143
6.06815e-06
6.09671e-06
6.14807e-06
6.08432e-06
6.09036e-06
0.00025431
6.08022e-06
6.08887e-06
6.10908e-06
6.08982e-06
6.24736e-06
6.11717e-06
6.08435e-06
0.00127734
6.15752e-06
0.011599
6.0682e-06
6.07978e-06
6.08651e-06
6.10627e-06
0.000365965
0.00727856
6.08152e-06
6.08995e-06
0.000150225
6.17686e-06
6.19068e-06
6.06829e-06
6.09013e-06
6.07088e-06
6.15143e-06
6.10023e-06
6.2175e-06
6.07282e-06
6.11191e-06
0.00272684
6.11394e-06
6.07147e-06
6.40541e-06
0.000332251
8.06252e-05
8.59552e-06
6.08621e-06
6.15446e-06
6.07487e-06
6.13945e-06
6.0725e-06
6.82815e-06
0.0091797
6.09338e-06
6.06855e-06
6.20544e-06
6.26918e-06
6.07095e-06
6.07482e-06
6.07417e-06
6.06952e-06
6.09211e-06
6.07043e-06
6.08597e-06
0.00113834
6.07137e-06
5.6298e-06
6.07926e-06
0.000918775
5.36181e-06
6.08538e-06
6.14566e-06
6.1593e-06
6.2204e-06
0.00038863
6.07796e-06
6.10529e-06
6.14254e-06
6.11197e-06
6.06861e-06
6.08091e-06
0.000742037
6.08272e-06
6.0822e-06
6.09701e-06
5.69687e-06
6.09674e-06
6.08882e-06
6.07874e-06
6.18411e-06
6.16226e-06
6.07196e-06
6.08919e-06
0.0115217
6.07107e-06
0.00954436
6.16253e-06
6.2266e-06
6.26173e-06
6.20314e-06
0.00581244
0.00152788
6.12682e-06
6.20062e-06
0.000312551
6.08028e-06
6.07635e-06
6.28054e-06
6.13512e-06
6.07917e-06
6.07141e-06
6.07013e-06
0.000408019
2.84752e-07
6.11694e-06
6.09453e-06
6.09044e-06
7.23561e-06
6.10078e-06
6.06976e-06
6.06905e-06
6.06873e-06
6.09097e-06
6.07862e-06
6.10632e-06
6.08665e-06
6.10529e-06
6.13643e-06
6.0639e-06
6.10558e-06
0.0057382
6.08427e-06
0.00424229
2.87373e-05
3.12728e-08
6.09181e-06
6.07238e-06
6.0732e-06
6.0708e-06
2.2221e-05
6.13938e-06
6.76389e-06
6.22081e-06
6.07273e-06
0.0172845
6.07421e-06
6.08863e-06
6.08252e-06
4.27992e-06
6.08192e-06
6.54409e-06
6.13291e-06
6.09629e-06
6.08452e-06
6.07037e-06
6.26858e-06
6.24597e-06
6.46128e-06
6.09489e-06
6.07409e-06
6.06977e-06
5.78699e-06
0.00834256
6.06873e-06
6.07857e-06
9.28566e-06
6.09183e-06
5.0521e-05
6.12955e-06
6.18957e-06
6.12979e-06
0.0001722
6.07598e-06
7.22566e-06
6.06898e-06
6.27075e-06
6.14107e-06
6.13812e-06
6.06902e-06
6.06947e-06
6.09437e-06
6.10638e-06
6.08142e-06
6.12569e-06
6.11452e-06
6.07043e-06
0.000364927
6.07755e-06
5.99514e-06
6.07965e-06
6.08164e-06
6.13547e-06
6.06902e-06
0.000119493
6.11309e-06
0.00102462
0.00118317
6.10442e-06
6.06789e-06
0.0187665
6.13183e-06
6.09126e-06
6.20236e-06
0.0127806
6.1859e-06
8.12259e-06
6.07276e-06
6.07305e-06
6.09072e-06
6.075e-06
6.08098e-06
6.61999e-06
6.07106e-06
5.77726e-06
6.17677e-06
6.18585e-06
6.08582e-06
6.08708e-06
6.10931e-06
6.1458e-06
6.08468e-06
6.07888e-06
6.17118e-06
4.94703e-05
1.08463e-06
6.11812e-06
6.20003e-06
5.13517e-06
6.07101e-06
5.14944e-06
6.09579e-06
6.15893e-06
5.9547e-06
6.0822e-06
4.23399e-08
6.06837e-06
6.18876e-06
6.08891e-06
6.09055e-06
6.07127e-06
6.23003e-06
6.09341e-06
6.09075e-06
6.2092e-06
6.81238e-06
6.08398e-06
6.07434e-06
6.0783e-06
6.09253e-06
6.08149e-06
0.00841876
6.09007e-06
0.000376364
6.06889e-06
6.07811e-06
6.06459e-06
1.29508e-06
6.59407e-06
6.12498e-06
0.00174101
6.1055e-06
6.13963e-06
6.12754e-06
6.07078e-06
6.12884e-06
6.12138e-06
6.12386e-06
6.1446e-06
6.13628e-06
1.01615e-05
6.14369e-06
6.07346e-06
0.00230105
6.18371e-06
3.13057e-06
0.00683808
6.07181e-06
6.06767e-06
6.10164e-06
6.10192e-06
6.07732e-06
7.67886e-06
6.06769e-06
0.0138793
0.0126969
6.175e-06
6.07885e-06
0.00160687
6.0876e-06
6.10943e-06
6.18455e-06
6.2601e-06
6.09434e-06
6.071e-06
6.15507e-06
0.000217131
6.07918e-06
6.1131e-06
6.16515e-06
6.07979e-06
6.09624e-06
6.11463e-06
6.0761e-06
6.08345e-06
6.07358e-06
6.13426e-06
5.89516e-06
6.10887e-06
6.12967e-06
6.14386e-06
6.21913e-06
6.19763e-06
6.14363e-06
6.07294e-06
6.8728e-06
6.06905e-06
6.09766e-06
6.07282e-06
6.08718e-06
1.63548e-05
6.06975e-06
6.07127e-06
6.10514e-06
6.09586e-06
6.10099e-06
6.11714e-06
6.0848e-06
6.07152e-06
6.07174e-06
6.25957e-06
6.07372e-06
6.07751e-06
6.07613e-06
6.06849e-06
6.15469e-06
6.07167e-06
0.000295216
6.09406e-06
5.70898e-06
6.09058e-06
6.24403e-06
6.08226e-06
5.71179e-06
6.07858e-06
6.07883e-06
6.09502e-06
6.07201e-06
6.10126e-06
6.06842e-06
6.0827e-06
6.11414e-06
3.27399e-06
6.26157e-06
6.1348e-06
6.14836e-06
6.09672e-06
0.0173557
0.00474324
6.1374e-06
0.00705549
6.08396e-06
6.2299e-06
6.07503e-06
0.000160258
6.07824e-06
6.11977e-06
0.000100588
6.06842e-06
6.08007e-06
6.09486e-06
6.08122e-06
6.07116e-06
6.08057e-06
5.26813e-06
6.07629e-06
0.000376441
3.50442e-08
6.07014e-06
6.06969e-06
6.06827e-06
6.13777e-06
6.12831e-06
6.09127e-06
6.14547e-06
6.15309e-06
6.0753e-06
6.15363e-06
6.07355e-06
6.07598e-06
6.07266e-06
6.06876e-06
6.09515e-06
6.09482e-06
6.0865e-06
6.08373e-06
6.07325e-06
6.20064e-06
6.07155e-06
6.08236e-06
6.06801e-06
6.0687e-06
6.25828e-06
6.09441e-06
6.06841e-06
6.11482e-06
6.07098e-06
6.13876e-06
0.00331437
6.0726e-06
6.18684e-06
6.12404e-06
1.48291e-06
6.07399e-06
3.34707e-05
6.25047e-06
6.13922e-06
6.07415e-06
6.08681e-06
6.06472e-06
6.14663e-06
6.095e-06
6.22068e-06
6.17625e-06
5.52436e-06
6.07093e-06
6.12335e-06
6.08651e-06
6.07692e-06
6.07499e-06
6.06875e-06
6.06839e-06
6.08567e-06
6.06902e-06
6.07419e-06
6.33307e-06
6.13705e-06
6.07943e-06
0.00268198
5.84012e-06
7.61437e-06
6.12627e-06
6.32904e-06
6.07037e-06
0.00506949
6.27363e-06
6.175e-06
0.000245961
6.23942e-06
6.19358e-06
6.07279e-06
6.07042e-06
0.00341606
0.000379721
6.21317e-06
6.0796e-06
6.06781e-06
6.07737e-06
6.12498e-06
6.08614e-06
6.07093e-06
0.0189037
6.07068e-06
6.15897e-06
6.09108e-06
3.20998e-07
6.07848e-06
6.08705e-06
0.000212998
6.20222e-06
6.23294e-06
6.35952e-06
4.73767e-07
6.10907e-06
6.09644e-06
6.08081e-06
6.2045e-06
6.08753e-06
5.12458e-07
0.000616971
6.11648e-06
0.00655911
6.06982e-06
6.08177e-06
6.0869e-06
9.44784e-06
6.07771e-06
6.17547e-06
6.09252e-06
0.00150626
6.09484e-06
6.06926e-06
6.08492e-06
6.10052e-06
6.21925e-06
6.08017e-06
6.14217e-06
6.07101e-06
6.08297e-06
8.76644e-10
6.11021e-06
6.16491e-06
6.07021e-06
0.0123647
8.12836e-06
8.80462e-07
6.16409e-06
6.11152e-06
6.08565e-06
6.07244e-06
6.07426e-06
7.08183e-06
6.08269e-06
6.07542e-06
6.08004e-06
6.09479e-06
0.00165691
6.09137e-06
6.07791e-06
6.0798e-06
0.00120764
5.73303e-06
5.91004e-06
6.07576e-06
6.08343e-06
6.09021e-06
6.10937e-06
6.11869e-06
6.09787e-06
6.12008e-06
6.08777e-06
6.0693e-06
6.08031e-06
6.07818e-06
6.34476e-06
6.07746e-06
6.09462e-06
6.24153e-06
6.11493e-06
6.09683e-06
6.09341e-06
6.07237e-06
6.07061e-06
6.07635e-06
6.23932e-06
6.08594e-06
6.07907e-06
6.08522e-06
6.09191e-06
6.0729e-06
6.0705e-06
6.23399e-06
6.08455e-06
6.14008e-06
6.20226e-06
0.000403321
4.51366e-05
6.07564e-06
0.000165534
6.08226e-06
0.00550714
6.07756e-06
6.07322e-06
6.09622e-06
6.07561e-06
6.108e-06
6.13006e-06
6.19983e-06
6.07551e-06
6.11011e-06
6.08308e-06
6.06945e-06
6.06838e-06
6.07941e-06
6.06815e-06
6.06824e-06
6.06921e-06
6.07562e-06
6.44033e-06
6.08968e-06
6.0951e-06
6.08242e-06
0.000240252
7.05843e-06
6.08714e-06
6.07193e-06
6.07479e-06
6.16606e-06
6.09529e-06
6.11764e-06
6.08652e-06
6.12928e-06
6.07081e-06
6.07788e-06
6.08932e-06
6.30866e-06
0.000876353
6.08109e-06
6.09462e-06
6.07132e-06
0.00861386
6.08014e-06
5.84473e-06
6.07049e-06
6.07561e-06
6.06985e-06
5.01682e-07
6.09896e-06
6.07734e-06
6.08645e-06
6.08105e-06
6.06778e-06
0.000155528
6.08238e-06
6.12276e-06
6.08212e-06
6.08694e-06
6.15733e-06
6.09939e-06
6.14097e-06
6.08619e-06
6.57995e-06
6.10721e-06
6.07109e-06
6.069e-06
6.15721e-06
6.10684e-06
6.06877e-06
0.00469945
0.0168855
6.83088e-06
6.17973e-06
6.09179e-06
6.11321e-06
6.07319e-06
6.08285e-06
6.08961e-06
6.07345e-06
6.08107e-06
0.00536904
1.60703e-05
6.08075e-06
6.09856e-06
6.08089e-06
6.1073e-06
6.14169e-06
6.07034e-06
6.06792e-06
6.07758e-06
6.09345e-06
6.10244e-06
6.08984e-06
0.000199397
6.07257e-06
6.07166e-06
6.12689e-06
5.09539e-11
6.07601e-06
6.09317e-06
6.19058e-06
8.58039e-06
6.09917e-06
6.11284e-06
6.09998e-06
6.0698e-06
6.07327e-06
6.07472e-06
6.1829e-06
6.08317e-06
6.08295e-06
6.0714e-06
6.13643e-06
3.23966e-06
6.10236e-06
6.08175e-06
6.19579e-06
6.06865e-06
0.000289752
6.06769e-06
0.00203251
6.14054e-06
6.13335e-06
6.08869e-06
7.79285e-08
6.08798e-06
6.08294e-06
6.07022e-06
6.0941e-06
6.07805e-06
6.13917e-06
6.18969e-06
6.10807e-06
6.22355e-06
6.07577e-06
6.1927e-06
6.0761e-06
6.07088e-06
6.1344e-06
0.01839
6.08133e-06
6.10458e-06
6.20878e-06
6.08538e-06
6.19655e-06
5.88324e-05
6.22686e-06
6.07403e-06
6.07235e-06
1.96275e-05
5.86414e-06
6.08006e-06
6.35022e-06
6.0722e-06
6.08477e-06
0.0104572
6.17213e-06
6.10364e-06
6.07139e-06
6.07147e-06
6.9031e-09
6.08255e-06
6.11415e-06
6.12642e-06
9.41414e-06
6.07083e-06
6.07043e-06
0.000891883
6.07072e-06
6.1209e-06
6.07862e-06
6.10299e-06
6.09215e-06
0.00449618
6.07579e-06
6.12558e-06
6.42829e-06
6.0798e-06
6.08456e-06
6.12905e-06
6.07608e-06
6.07141e-06
6.07898e-06
1.45581e-08
6.09192e-06
6.0724e-06
6.0824e-06
6.07416e-06
1.5627e-06
6.08557e-06
6.2308e-06
6.08807e-06
6.25371e-06
6.06514e-06
6.11424e-06
6.0767e-06
6.07997e-06
6.0784e-06
6.10344e-06
0.00176214
6.13057e-06
6.10014e-06
6.09855e-06
0.000346084
6.12793e-06
6.07816e-06
6.1069e-06
6.08959e-06
4.03196e-09
0.000263364
6.27239e-06
6.076e-06
6.4772e-06
0.00010246
6.15613e-06
6.07919e-06
6.10048e-06
0.00661439
0.000178803
6.08083e-06
6.07652e-06
6.07649e-06
6.08697e-06
6.07105e-06
6.10491e-06
6.16612e-06
2.3017e-06
6.2716e-06
6.09739e-06
0.00926296
7.58189e-06
6.1973e-06
6.17513e-06
6.09935e-06
6.07091e-06
6.06835e-06
6.32177e-06
6.08378e-06
0.000405473
6.10227e-06
6.09298e-06
1.18026e-05
6.08625e-06
6.24984e-06
0.000369012
6.0693e-06
5.7681e-06
6.12821e-06
6.06931e-06
6.07777e-06
6.1473e-06
6.16667e-06
6.09376e-06
6.15913e-06
0.0139819
6.08942e-06
0.0169249
6.07936e-06
6.18643e-06
5.82578e-06
6.20797e-06
6.06976e-06
6.07162e-06
6.09677e-06
6.10853e-06
6.13825e-06
6.06807e-06
7.12396e-06
0.00652053
6.06922e-06
6.0938e-06
6.34758e-06
6.07768e-06
6.35201e-06
6.08764e-06
6.13765e-06
6.07018e-06
6.199e-06
6.07496e-06
4.54592e-05
6.44154e-06
0.000566593
1.5798e-09
6.06769e-06
6.08567e-06
0.000966897
0.000603448
6.16519e-06
6.12087e-06
6.09205e-06
3.80081e-06
1.56023e-07
6.54296e-07
6.16997e-06
6.10423e-06
6.11094e-06
6.37568e-14
6.07015e-06
6.22969e-06
6.17498e-06
6.1189e-06
6.09161e-06
6.14687e-06
6.1127e-06
6.08906e-06
6.20929e-06
6.07381e-06
6.09493e-06
0.000313617
0.000238762
6.07767e-06
6.09684e-06
6.07576e-06
6.07886e-06
6.45056e-06
6.12842e-06
6.13441e-06
6.06775e-06
6.1212e-06
6.13417e-06
6.11083e-06
6.08642e-06
6.10614e-06
6.07068e-06
0.0140584
6.08459e-06
0.000981757
6.06833e-06
6.07413e-06
6.1805e-06
7.91297e-05
6.07041e-06
6.06902e-06
6.0817e-06
2.9527e-10
6.0761e-06
3.86836e-07
4.60243e-06
0.0152239
6.06822e-06
6.08275e-06
6.07309e-06
6.07378e-06
6.1128e-06
6.09052e-06
6.08219e-06
6.06837e-06
6.15285e-06
6.07948e-06
6.10334e-06
6.09351e-06
6.0843e-06
6.1857e-06
6.06829e-06
6.09573e-06
6.22271e-06
0.0184427
6.07028e-06
6.09146e-06
6.12547e-06
6.07262e-06
6.33646e-06
6.08213e-06
5.75111e-06
6.08237e-06
6.13649e-06
6.07077e-06
6.08788e-06
0.00861308
6.12752e-06
6.07499e-06
6.09742e-06
6.07116e-06
6.07056e-06
0.00140252
0.0043567
6.20266e-06
6.24501e-06
2.14456e-06
6.06965e-06
7.37847e-06
6.10501e-06
6.18077e-06
6.09549e-06
6.35205e-06
6.08397e-06
6.23205e-06
6.11987e-06
6.79994e-06
6.07917e-06
6.11125e-06
6.09182e-06
6.17202e-06
6.14427e-06
6.21708e-06
6.21014e-06
6.0717e-06
6.22682e-06
6.17723e-06
0.000285683
0.0087349
6.16863e-06
4.43793e-05
1.43915e-05
0.00604641
6.07675e-06
6.16305e-06
0.0109262
6.08377e-06
6.19525e-06
0.00125426
0.00463223
7.84511e-06
6.07262e-06
6.10023e-06
8.52523e-10
6.06879e-06
8.40227e-10
6.12355e-06
6.09816e-06
6.09377e-06
6.14797e-06
6.21617e-06
6.08776e-06
6.0685e-06
6.10372e-06
1.31684e-06
5.98542e-06
6.47341e-06
6.06968e-06
6.06851e-06
6.12301e-06
6.08366e-06
6.0887e-06
6.16317e-06
6.078e-06
6.09453e-06
0.00835647
6.08899e-06
6.10041e-06
6.0713e-06
6.09401e-06
0.0047508
2.72438e-06
1.72258e-06
6.0853e-06
0.0164489
6.07947e-06
2.28548e-09
6.07948e-06
6.09868e-06
6.10606e-06
6.086e-06
6.1224e-06
6.23982e-06
6.18191e-06
6.08695e-06
6.09151e-06
6.08481e-06
6.13219e-06
6.07782e-06
6.03843e-06
6.10263e-06
5.10112e-07
6.07192e-06
0.00846355
6.08691e-06
6.07622e-06
6.14743e-06
6.07712e-06
6.33726e-06
6.11196e-06
6.06921e-06
5.52612e-06
6.06914e-06
5.84562e-06
6.17231e-06
6.0838e-06
6.10638e-06
6.08268e-06
6.05147e-06
6.08381e-06
4.57004e-05
6.09035e-06
6.08771e-06
6.08185e-06
6.06933e-06
6.06887e-06
6.09456e-06
6.11645e-06
6.11012e-06
1.38958e-06
6.07368e-06
0.000197804
0.00214684
6.18089e-06
6.17661e-06
3.22946e-06
6.10682e-06
5.4266e-06
6.08187e-06
6.08383e-06
6.07373e-06
6.07117e-06
6.105e-06
6.12173e-06
6.06817e-06
6.06855e-06
6.07177e-06
6.16543e-06
6.07266e-06
6.11898e-06
6.68642e-06
6.09929e-06
6.07454e-06
0.00497347
6.20888e-06
6.1139e-06
6.20037e-06
0.0179314
6.08442e-06
6.07056e-06
6.07679e-06
6.22284e-06
6.07988e-06
6.07543e-06
6.19537e-06
6.11434e-06
6.07154e-06
6.07083e-06
0.00430911
6.17591e-06
6.13217e-06
6.10165e-06
6.12532e-06
6.20175e-06
6.23462e-06
6.06955e-06
6.07135e-06
6.09599e-06
6.09628e-06
6.10523e-06
6.1324e-06
6.22351e-06
6.13357e-06
6.13313e-06
6.11479e-06
0.00581478
0.00903647
5.48658e-06
6.096e-06
6.06954e-06
0.00190394
6.40494e-06
6.10472e-06
6.08847e-06
6.07973e-06
6.12328e-06
6.1368e-06
6.11683e-06
8.94724e-07
6.10935e-06
6.23793e-06
6.08979e-06
6.34749e-06
6.06765e-06
0.000109785
6.06923e-06
0.00012854
6.12822e-06
6.13938e-06
6.11819e-06
6.07533e-06
1.83642e-06
6.12044e-06
6.18051e-06
0.0164254
6.22434e-06
0.00835062
6.09771e-06
6.0824e-06
6.29392e-08
6.07183e-06
6.08757e-06
6.07089e-06
6.08852e-06
0.0125026
6.09412e-06
6.06919e-06
6.07494e-06
6.13809e-06
6.16007e-06
6.07009e-06
6.07659e-06
6.12884e-06
6.15661e-06
6.18407e-06
6.06801e-06
6.12949e-06
6.11827e-06
6.19774e-06
6.23259e-06
6.07035e-06
6.07521e-06
6.20775e-06
6.11021e-06
0.000100234
6.21221e-06
6.11848e-06
6.08605e-06
6.18703e-06
0.000200382
7.26568e-06
6.07359e-06
6.1076e-06
6.06798e-06
6.09543e-06
6.08925e-06
6.14588e-06
6.08176e-06
6.10268e-06
6.13055e-06
0.00581217
1.58257e-05
6.07493e-06
6.10359e-06
5.8866e-06
6.11838e-06
6.06787e-06
6.08069e-06
6.09714e-06
6.75114e-08
6.19127e-06
6.08235e-06
6.08131e-06
6.07966e-06
6.1061e-06
6.10592e-06
6.10207e-06
6.13104e-06
9.08998e-08
6.0977e-06
6.09599e-06
6.10556e-06
6.17633e-06
6.07299e-06
0.0061859
6.07578e-06
6.07488e-06
6.08882e-06
0.0179699
0.00729192
6.81795e-05
1.77937e-05
6.09078e-06
6.1136e-06
0.00422713
6.80712e-06
6.15074e-06
6.10264e-06
1.8731e-12
0.00354547
6.09456e-06
1.36262e-07
6.1349e-06
6.31787e-06
6.07455e-06
6.13143e-06
6.071e-06
6.07864e-06
6.0819e-06
6.09627e-06
0.00156202
0.000370701
0.000100789
1.18319e-06
6.11028e-06
6.13779e-06
6.08983e-06
6.06892e-06
6.12399e-06
6.07364e-06
6.23238e-06
0.00778293
1.45334e-07
6.40076e-06
6.35049e-06
6.18424e-06
0.00744492
6.19063e-06
6.39485e-06
0.00721859
0.0159618
6.08512e-06
6.17142e-06
6.07399e-06
0.000245604
5.85668e-07
6.08454e-06
6.13435e-06
6.09271e-06
6.07413e-06
6.07528e-06
6.07858e-06
6.08686e-06
6.07905e-06
6.11267e-06
6.07844e-06
6.21186e-06
6.09809e-06
1.51611e-06
6.22351e-06
6.1414e-06
6.13701e-06
0.00029097
6.26639e-06
0.0115236
0.00096223
6.10037e-06
6.08657e-06
6.17877e-06
6.1521e-06
6.08163e-06
0.000409771
6.09041e-06
6.16104e-06
0.0139194
6.37713e-06
6.07384e-06
6.07804e-06
6.06974e-06
5.21261e-07
6.11359e-06
6.0908e-06
6.08318e-06
3.12714e-09
6.07616e-06
6.17989e-06
6.06911e-06
6.13359e-06
6.0703e-06
0.00778426
6.07685e-06
6.22082e-06
6.08291e-06
6.11125e-06
6.13912e-06
6.07179e-06
6.13206e-06
0.000239145
6.11099e-06
0.0174568
1.44176e-06
6.14049e-06
6.24332e-06
0.000124147
0.000184524
6.14117e-06
6.17766e-06
4.7875e-06
6.08439e-06
6.11242e-06
0.000108852
6.07902e-06
6.10798e-06
6.07024e-06
6.16176e-06
6.09676e-06
6.13028e-06
6.09521e-06
6.06804e-06
6.08616e-06
0.0159141
6.09162e-06
0.0142586
6.06988e-06
6.22592e-06
4.15651e-06
6.08218e-06
6.09874e-06
0.00709072
6.06914e-06
6.07047e-06
6.09647e-06
6.07105e-06
6.07885e-06
6.08886e-06
6.15189e-06
6.06545e-06
6.11042e-06
6.08821e-06
6.17119e-06
6.10871e-06
6.0714e-06
6.36264e-06
6.2531e-06
6.07089e-06
0.000219059
6.22323e-06
6.07274e-06
6.34196e-06
6.19409e-06
6.07071e-06
6.09198e-06
6.06949e-06
6.12144e-06
5.1454e-08
6.25134e-06
6.08952e-06
6.12644e-06
0.000177284
6.19965e-06
6.09478e-06
6.21143e-06
6.14107e-06
6.12439e-06
6.24361e-06
6.06178e-06
6.07593e-06
2.58559e-06
6.08406e-06
6.07233e-06
6.09509e-06
9.31794e-06
6.44783e-06
6.1139e-06
6.06983e-06
6.07542e-06
0.000355901
6.04701e-08
3.15525e-06
6.12721e-06
6.07295e-06
6.07246e-06
6.22489e-06
6.08638e-06
6.13214e-06
6.26687e-06
8.34924e-06
1.44533e-07
6.11184e-06
0.00795726
6.0801e-06
0.0174103
6.0895e-06
2.41843e-06
6.09679e-06
6.08913e-06
6.08576e-06
6.13552e-06
6.09463e-06
0.00524958
6.08644e-06
6.07442e-06
6.12683e-06
6.11175e-06
0.00120224
6.07975e-06
6.11238e-06
6.07755e-06
6.1143e-06
6.09699e-06
6.14452e-06
3.76015e-06
6.07254e-06
0.0154584
6.79309e-06
6.1215e-06
6.11482e-06
6.54674e-06
2.29931e-05
6.07015e-06
6.11617e-06
6.14101e-06
6.18631e-06
6.08842e-06
6.12659e-06
6.07103e-06
6.14214e-06
6.08858e-06
6.08854e-06
6.50118e-06
6.08813e-06
6.08829e-06
6.19999e-06
6.11235e-06
6.13886e-06
6.17106e-06
0.00261509
0.000542028
0.000140469
6.11885e-06
6.07211e-06
6.09279e-06
6.08747e-06
6.06881e-06
6.13854e-06
6.10742e-06
6.09106e-06
7.53197e-06
6.10607e-06
6.1971e-06
6.10922e-06
6.15863e-06
7.30233e-06
6.08659e-06
6.16973e-06
0.00787953
0.00370561
0.000587964
5.86409e-06
6.08436e-06
0.0074299
6.12666e-06
0.00972359
5.95576e-06
6.06829e-06
6.07152e-06
6.07622e-06
6.07695e-06
6.25152e-06
0.0169027
7.32165e-06
6.18172e-06
6.12266e-06
0.0025034
6.05583e-06
0.00396954
6.48189e-06
0.0154363
6.09383e-06
6.10147e-06
6.09682e-06
0.000380869
6.2647e-06
6.26634e-06
6.29742e-06
6.06806e-06
6.13749e-06
6.07623e-06
6.15159e-06
6.93163e-06
5.94915e-06
6.11899e-06
6.11206e-06
6.06781e-06
6.1354e-06
6.06794e-06
6.10726e-06
0.00127596
6.12679e-06
0.000154012
6.32358e-06
6.11931e-06
6.07097e-06
6.07495e-06
6.11709e-06
6.1697e-06
6.31974e-06
0.00753371
6.18972e-06
3.46166e-07
6.10506e-06
6.07141e-06
6.07362e-06
6.08334e-06
6.10651e-06
6.12538e-06
6.09035e-06
6.11217e-06
6.37237e-06
7.74566e-06
6.36026e-06
6.08561e-06
6.20115e-06
6.24591e-06
6.06921e-06
6.20671e-06
6.18888e-06
6.15335e-06
6.11457e-06
6.07115e-06
6.18161e-06
6.09491e-06
6.13619e-06
6.25386e-06
0.00106349
6.10361e-06
6.06797e-06
6.14962e-06
6.09185e-06
6.12905e-06
6.10357e-06
6.1382e-06
6.08833e-06
6.13414e-06
6.24138e-06
6.11365e-06
6.18771e-06
6.10279e-06
6.33362e-06
6.07315e-06
0.0168623
6.13081e-06
6.08773e-06
6.09735e-06
6.09603e-06
6.31414e-06
0.0150362
6.07834e-06
6.08729e-06
6.06899e-06
6.07556e-06
6.06826e-06
6.07523e-06
6.10458e-06
6.12346e-06
6.08375e-06
6.23822e-06
6.07288e-06
0.000233668
6.10556e-06
1.08752e-06
0.0142353
6.0706e-06
0.00645732
6.0687e-06
6.07836e-06
6.14258e-06
6.08539e-06
6.07654e-06
6.13646e-06
6.07577e-06
0.0083168
6.16236e-06
6.09038e-06
6.08745e-06
6.23067e-06
6.22528e-06
0.00565844
6.06856e-06
6.13007e-06
6.11126e-06
6.08632e-06
6.06808e-06
6.07896e-06
6.10073e-06
6.24206e-06
6.09382e-06
0.000828063
6.1061e-06
6.08672e-06
6.11138e-06
6.07186e-06
0.0163723
6.08255e-06
0.00034146
6.06858e-06
6.09762e-06
6.0775e-06
7.01469e-06
6.11102e-06
1.91812e-06
6.07195e-06
6.11631e-06
6.09553e-06
6.08925e-06
6.17558e-06
6.07996e-06
0.000718631
0.00972532
6.09245e-06
6.07587e-06
6.08235e-06
3.91117e-06
6.07852e-06
6.10569e-06
6.08666e-06
0.00139381
6.13086e-06
6.12242e-06
0.0137713
6.09037e-06
0.000819449
6.08362e-06
6.13556e-06
6.08409e-06
6.08744e-06
4.74184e-06
6.17182e-06
0.00820263
6.05622e-06
6.10835e-06
6.11421e-06
6.09186e-06
6.06933e-06
6.0814e-06
6.07407e-06
6.06891e-06
6.13086e-06
6.22219e-06
6.07306e-06
6.08536e-06
6.30542e-06
6.17938e-06
7.61836e-08
6.48011e-05
0.000165395
0.00753321
6.06956e-06
6.23377e-06
6.10791e-06
0.00926908
6.09488e-06
6.13521e-06
6.07547e-06
0.0163579
6.08748e-06
6.13224e-06
6.132e-06
0.014062
6.08515e-06
1.66562e-06
6.10597e-06
6.09799e-06
6.06841e-06
6.10937e-06
0.00687575
6.13678e-06
6.08812e-06
6.19269e-06
6.28173e-06
6.09457e-06
6.12626e-06
6.06897e-06
0.0158869
6.11236e-06
6.08616e-06
3.9232e-06
5.41557e-06
6.08168e-06
0.000320591
0.000854928
0.00051263
6.21251e-06
6.0717e-06
6.11848e-06
6.1245e-06
0.0134533
6.20755e-06
0.000177946
6.12281e-06
0.0111667
6.19435e-06
1.88173e-05
6.06838e-06
6.09743e-06
6.09736e-06
6.21498e-06
6.07223e-06
0.00083473
6.08149e-06
0.0158313
0.0129551
6.06813e-06
5.49822e-06
6.06979e-06
6.10411e-06
6.07349e-06
6.26832e-06
6.10404e-06
6.07173e-06
6.08233e-06
6.1343e-06
6.09548e-06
6.76677e-06
6.11248e-06
6.06984e-06
6.08863e-06
0.0134854
6.09933e-06
6.13382e-06
6.09388e-06
6.08215e-06
6.08376e-06
6.07009e-06
6.21344e-06
5.99829e-06
6.08048e-06
0.0131791
6.08382e-06
6.08351e-06
6.09768e-06
1.07646e-05
6.07244e-06
6.10127e-06
6.06916e-06
6.07344e-06
6.09587e-06
6.07111e-06
4.6841e-06
6.0902e-06
0.00200908
1.15566e-06
6.10484e-06
6.11414e-06
6.38038e-06
6.19612e-06
6.17869e-06
5.34175e-06
1.24333e-05
6.0959e-06
1.55852e-06
1.65457e-05
6.07825e-06
6.18013e-06
3.38863e-07
6.07404e-06
6.10064e-06
6.08917e-06
6.24988e-06
5.93363e-06
6.10363e-06
0.000264875
5.89416e-06
0.000495083
6.07195e-06
0.00278098
6.09831e-06
6.20242e-06
1.72992e-05
0.00030201
7.11655e-06
6.08134e-06
6.10421e-06
6.0825e-06
6.07455e-06
6.2695e-06
6.08396e-06
6.17147e-06
6.0729e-06
6.07956e-06
6.2209e-06
6.11109e-06
6.06792e-06
6.06844e-06
6.07271e-06
6.18148e-06
6.07406e-06
6.06775e-06
6.09607e-06
6.07076e-06
6.09238e-06
6.06892e-06
6.06805e-06
6.09015e-06
6.07344e-06
6.08164e-06
6.07676e-06
0.010089
6.10228e-06
6.09856e-06
6.1979e-06
6.1857e-06
6.06838e-06
6.07251e-06
6.07796e-06
0.000957561
9.87303e-12
6.26593e-06
6.07158e-06
6.15273e-06
6.0787e-06
6.24591e-06
9.17028e-08
6.0899e-06
0.00124294
6.09308e-06
6.0698e-06
6.08918e-06
6.08706e-06
6.17121e-06
6.27138e-06
6.14002e-06
7.93539e-06
0.00852185
6.07068e-06
6.23018e-06
0.00699371
6.07048e-06
6.08221e-06
6.07046e-06
0.00638181
2.94516e-07
6.00205e-06
6.11351e-06
6.09461e-06
6.07285e-06
6.07587e-06
6.15883e-06
6.26459e-06
6.07007e-06
6.06777e-06
7.98741e-05
6.06797e-06
6.12257e-06
6.09242e-06
6.06808e-06
6.08741e-06
6.07571e-06
6.07562e-06
6.0981e-06
6.07472e-06
0.00174824
6.07292e-06
6.16383e-06
6.13595e-06
6.06955e-06
6.07137e-06
0.00560331
6.09526e-06
6.0812e-06
5.7203e-06
6.11816e-06
0.00436696
6.105e-06
6.12009e-06
6.0765e-06
9.34833e-06
6.35709e-06
0.00681274
0.000548035
6.15247e-06
6.0757e-06
6.08357e-06
0.00554689
6.06874e-06
0.00802936
6.07875e-06
6.1907e-06
0.00781173
0.00556682
6.07958e-06
7.05761e-06
6.14256e-06
6.14183e-06
6.12035e-06
6.07663e-06
6.09044e-06
6.13412e-06
6.0907e-06
6.10121e-06
6.0767e-06
6.10529e-06
1.18354e-05
6.09948e-06
6.09462e-06
0.00585299
6.15693e-06
6.10689e-06
6.1719e-06
6.09651e-06
6.07565e-06
0.00573924
6.06919e-06
6.21053e-06
6.17317e-06
0.00696261
6.09331e-06
6.08724e-06
6.07561e-06
6.07259e-06
6.07068e-06
6.07172e-06
3.0003e-09
0.00603
0.0076863
8.5314e-05
6.09584e-06
6.1014e-06
6.09974e-06
6.08158e-06
6.13414e-06
9.71647e-07
6.07466e-06
6.0694e-06
6.20248e-06
6.08223e-06
6.09201e-06
6.08629e-06
6.07126e-06
6.09973e-06
6.06885e-06
6.26945e-06
6.09424e-06
6.11916e-06
6.07943e-06
6.09505e-06
6.26537e-06
0.0018024
0.00686956
6.11848e-06
0.00677375
6.08248e-06
6.09215e-06
6.06813e-06
6.13527e-06
6.0751e-06
6.07217e-06
6.07993e-06
6.08269e-06
7.51204e-06
6.08835e-06
6.07031e-06
6.06955e-06
6.31025e-06
6.65229e-07
6.07593e-06
6.1115e-06
6.41217e-06
6.22381e-06
6.22368e-06
6.09862e-06
6.08754e-06
6.06819e-06
6.06933e-06
6.072e-06
6.20843e-06
6.07435e-06
6.07008e-06
6.07575e-06
6.06794e-06
6.07506e-06
6.13628e-06
6.09023e-06
0.00786224
6.07069e-06
6.22896e-06
0.00021601
6.06794e-06
6.08127e-06
6.0883e-06
6.09359e-06
0.0119378
6.23431e-06
6.23665e-06
6.10376e-06
6.08542e-06
6.07138e-06
6.07168e-06
6.20693e-06
3.66631e-06
6.09335e-06
6.14783e-06
6.16928e-06
6.07047e-06
6.09825e-06
0.000208666
6.06807e-06
6.10429e-06
6.08356e-06
6.23101e-06
6.08584e-06
6.13281e-06
0.00744741
6.07175e-06
0.00411483
6.10443e-06
6.07144e-06
6.09315e-06
6.12274e-06
3.75177e-06
6.14171e-06
6.11549e-06
6.24289e-06
0.00662489
6.08138e-06
6.0693e-06
0.00615609
6.0692e-06
0.00497712
6.12036e-06
6.26749e-06
6.18615e-06
6.18789e-06
6.15818e-06
6.0929e-06
6.16826e-06
6.13139e-06
6.07769e-06
0.00761881
6.07243e-06
6.07365e-06
6.10883e-06
6.08476e-06
6.13345e-06
5.8583e-06
6.07078e-06
6.07142e-06
6.11403e-06
6.09689e-06
6.1066e-06
6.06788e-06
6.0953e-06
6.08149e-06
1.07756e-05
1.87192e-05
3.08531e-06
6.08385e-06
0.0027095
6.24934e-06
6.07873e-06
7.52894e-06
6.08715e-06
6.10894e-06
6.26172e-06
7.63502e-06
6.06895e-06
0.00498736
5.91487e-06
6.07475e-06
6.12187e-06
3.79183e-06
6.06836e-06
6.08416e-06
6.13372e-06
6.1249e-06
6.07658e-06
6.11928e-06
6.11646e-06
6.08127e-06
9.95961e-06
6.06953e-06
6.071e-06
6.10036e-06
6.07087e-06
6.18068e-06
3.41051e-05
0.0066826
6.08543e-06
0.00696708
0.00775659
6.07262e-06
0.0070862
0.0072473
6.08393e-06
6.73415e-06
6.07762e-06
8.22712e-05
6.0997e-06
6.06943e-06
6.06973e-06
6.09759e-06
6.08244e-06
6.11841e-06
6.10801e-06
6.07162e-06
6.07052e-06
6.10452e-06
6.06803e-06
6.07185e-06
6.07237e-06
6.09315e-06
6.1106e-06
6.08213e-06
6.07789e-06
6.07909e-06
0.00790711
6.11106e-06
0.00236961
6.10282e-06
6.08651e-06
0.00674682
0.000673009
6.0703e-06
6.40868e-06
6.07597e-06
6.08567e-06
6.06935e-06
6.09622e-06
6.10032e-06
6.07812e-06
6.11109e-06
6.21687e-06
6.06915e-06
6.07447e-06
6.08288e-06
6.06864e-06
6.09243e-06
5.39041e-06
6.16613e-06
6.07073e-06
6.07565e-06
6.08579e-06
6.12635e-06
6.11149e-06
6.20037e-06
6.06822e-06
6.0958e-06
6.09449e-06
6.09164e-06
6.07514e-06
6.0708e-06
0.000742483
6.08629e-06
0.00476976
6.06889e-06
6.19024e-06
6.12075e-06
6.0682e-06
0.00245486
6.0883e-06
6.1706e-06
6.06851e-06
0.00016479
6.06907e-06
6.10019e-06
6.09693e-06
2.65345e-09
6.07555e-06
6.07193e-06
6.10419e-06
6.08849e-06
6.07282e-06
6.07871e-06
6.07186e-06
6.12079e-06
6.09315e-06
6.06792e-06
6.09875e-06
6.07136e-06
6.09077e-06
6.08408e-06
6.0713e-06
6.06868e-06
6.07568e-06
0.00369494
6.0958e-06
6.09615e-06
6.07722e-06
6.08055e-06
6.26345e-06
0.000129974
6.13863e-06
6.32437e-06
6.10814e-06
6.0771e-06
6.12144e-06
6.1527e-06
6.08295e-06
6.07032e-06
6.09555e-06
6.08931e-06
6.11168e-06
6.08765e-06
2.23595e-06
6.08791e-06
6.07808e-06
6.09122e-06
6.07701e-06
6.11603e-06
6.14036e-06
6.07264e-06
6.08142e-06
6.07536e-06
6.12245e-06
6.08872e-06
6.07291e-06
6.06969e-06
6.1657e-06
7.73089e-08
0.00764303
6.07285e-06
6.2292e-06
6.13391e-06
6.62711e-05
6.07383e-06
6.13535e-06
6.16669e-06
6.06897e-06
6.10243e-06
0.00521684
6.08133e-06
6.0854e-06
3.36108e-06
6.07696e-06
6.09017e-06
6.07085e-06
6.07449e-06
0.00262627
6.07163e-06
6.08263e-06
6.17749e-06
6.07014e-06
0.0128548
6.20876e-06
6.06869e-06
1.6074e-06
6.10658e-06
6.1017e-06
6.06822e-06
6.12112e-06
6.07552e-06
6.10852e-06
6.08435e-06
6.26734e-06
6.19074e-06
6.08246e-06
6.08042e-06
6.11205e-06
6.07414e-06
6.18331e-06
6.07359e-06
6.08344e-06
6.11051e-06
0.00409604
6.12987e-06
6.07528e-06
6.07132e-06
7.01977e-06
6.06812e-06
5.43449e-06
6.07374e-06
6.12844e-06
6.08649e-06
6.20355e-06
6.07177e-06
6.07733e-06
1.71817e-08
6.0845e-06
6.09122e-06
0.000237096
6.07188e-06
6.07739e-06
6.07002e-06
6.08286e-06
6.26777e-06
6.06944e-06
6.08213e-06
6.2264e-06
0.0112618
0.00978804
6.10066e-06
6.07822e-06
0.00173395
6.0896e-06
6.08559e-06
6.08747e-06
6.10437e-06
6.09077e-06
6.46119e-06
6.08977e-06
1.18819e-05
0.00375411
6.09973e-06
6.0792e-06
6.08885e-06
6.09265e-06
1.04548e-05
8.16887e-07
6.11837e-06
6.07242e-06
6.08131e-06
0.000258898
6.07993e-06
6.2271e-06
6.26506e-06
6.06945e-06
6.2212e-06
0.00765549
3.53598e-09
6.0792e-06
6.10346e-06
6.15409e-06
6.06812e-06
6.66067e-06
6.18364e-06
6.07901e-06
0.0012413
0.00582828
0.00011572
6.09207e-06
6.08889e-06
6.08858e-06
6.12931e-06
6.07039e-06
6.13243e-06
6.11849e-06
6.07131e-06
6.07298e-06
6.09744e-06
6.08163e-06
6.07067e-06
3.51569e-07
6.07792e-06
6.07037e-06
6.08909e-06
0.00416221
6.09142e-06
6.08492e-06
0.00315048
6.08375e-06
6.23924e-06
6.0962e-06
6.07021e-06
6.32454e-06
5.86583e-06
7.43616e-07
6.33541e-06
6.09713e-06
6.0712e-06
6.06834e-06
0.00607416
0.00577793
6.06882e-06
4.46757e-07
0.000947237
6.1596e-06
6.07431e-06
6.0696e-06
6.08112e-06
6.26745e-06
6.07857e-06
6.08855e-06
1.67852e-06
2.56101e-06
6.07335e-06
6.13127e-06
6.23492e-06
6.29018e-06
6.06811e-06
6.11855e-06
6.06958e-06
6.09107e-06
6.17583e-06
6.07965e-06
0.00389084
6.07767e-06
6.19768e-06
6.16258e-06
6.0894e-06
6.07364e-06
6.33613e-06
6.07007e-06
6.07769e-06
6.06847e-06
0.00528278
6.08256e-06
6.07896e-06
6.07391e-06
6.06947e-06
6.06837e-06
6.22855e-06
6.13193e-06
6.08958e-06
6.08769e-06
6.07851e-06
6.09114e-06
6.06938e-06
6.09746e-06
6.08222e-06
1.60214e-06
6.08107e-06
6.06912e-06
3.73834e-08
6.11749e-06
6.07832e-06
6.07547e-06
6.17984e-06
6.06868e-06
6.08489e-06
6.06846e-06
6.12479e-06
5.71934e-06
6.17594e-06
6.09464e-06
6.13407e-06
6.24804e-06
6.07821e-06
6.07689e-06
6.17506e-06
6.07878e-06
6.07603e-06
6.07019e-06
6.09104e-06
6.33413e-06
6.12008e-06
6.17091e-06
6.07735e-06
6.06966e-06
6.07191e-06
6.25369e-06
6.07724e-06
6.07569e-06
6.08973e-06
6.13414e-06
6.10733e-06
6.42671e-06
6.0853e-06
6.21667e-06
6.06815e-06
0.00213267
6.07398e-06
6.17363e-06
6.15396e-06
6.0718e-06
9.32874e-06
6.08443e-06
6.07391e-06
6.12804e-06
6.24423e-06
6.12904e-06
6.07878e-06
6.07056e-06
6.14828e-06
6.07122e-06
0.00487191
6.0811e-06
6.17234e-06
6.07127e-06
6.09537e-06
6.09962e-06
6.07151e-06
6.18183e-06
1.48031e-05
6.07374e-06
0.00739274
6.2232e-06
6.07359e-06
6.09044e-06
6.06961e-06
6.07051e-06
6.07596e-06
6.11831e-06
6.10036e-06
6.13169e-06
6.07646e-06
6.12686e-06
6.13574e-06
6.06998e-06
6.12823e-06
6.27344e-06
6.07283e-06
6.42515e-06
6.13202e-06
6.07065e-06
6.21904e-06
6.11695e-06
6.06854e-06
7.06004e-06
6.07023e-06
6.08724e-06
6.09166e-06
6.08163e-06
6.12021e-06
6.06997e-06
0.0131381
6.09409e-06
2.39272e-06
6.11608e-06
6.07082e-06
6.09812e-06
6.13469e-06
6.08207e-06
6.13249e-06
6.08372e-06
6.07114e-06
0.00675517
0.000300691
2.6916e-06
7.54646e-06
6.0704e-06
6.08706e-06
6.07384e-06
6.07357e-06
6.07024e-06
6.07231e-06
0.0112025
6.08199e-06
6.27343e-06
6.07534e-06
6.07049e-06
6.07904e-06
5.96676e-06
6.12612e-06
0.0031576
5.95553e-06
6.12173e-06
0.000189933
0.00718691
6.12545e-06
6.14682e-06
6.07033e-06
6.08813e-06
6.12871e-06
6.07381e-06
6.06829e-06
6.06821e-06
6.06963e-06
6.07106e-06
6.18588e-06
1.19535e-05
6.07014e-06
0.00156278
6.07405e-06
6.09587e-06
0.000699327
6.07344e-06
6.08364e-06
6.08145e-06
6.06807e-06
6.08933e-06
6.19918e-06
6.07182e-06
6.09212e-06
6.07527e-06
6.11984e-06
6.09306e-06
6.07003e-06
6.11136e-06
6.08844e-06
6.09383e-06
6.06807e-06
0.0024484
6.0749e-06
6.09297e-06
6.10668e-06
6.07558e-06
6.13366e-06
6.06328e-06
2.61802e-06
6.07128e-06
6.09603e-06
6.08567e-06
6.07766e-06
6.06846e-06
5.94103e-06
6.06847e-06
6.08043e-06
6.09372e-06
6.95224e-06
6.09367e-06
6.08378e-06
6.111e-06
6.23897e-06
9.28718e-06
6.20759e-06
6.06825e-06
6.07532e-06
6.16493e-06
6.26966e-06
0.00433397
6.08269e-06
6.08101e-06
6.0792e-06
6.08786e-06
6.07897e-06
6.06491e-06
6.23721e-06
6.14817e-06
6.07036e-06
6.17546e-06
5.82842e-06
6.08415e-06
6.07098e-06
6.13081e-06
6.08348e-06
6.07152e-06
6.11844e-06
6.07753e-06
6.06924e-06
5.31984e-09
6.12276e-06
6.07225e-06
6.06864e-06
6.08238e-06
6.07424e-06
6.08177e-06
6.27193e-06
3.37001e-06
6.07035e-06
6.0703e-06
6.06904e-06
6.1013e-06
6.07142e-06
6.12951e-06
6.17263e-06
6.07444e-06
6.08633e-06
4.85884e-06
1.47833e-06
6.07505e-06
6.0751e-06
6.08257e-06
6.08522e-06
6.07416e-06
6.09381e-06
6.12454e-06
6.12694e-06
6.08002e-06
6.11935e-06
6.11784e-06
6.07004e-06
6.11823e-06
6.07493e-06
6.07253e-06
6.07742e-06
6.08792e-06
6.11805e-06
6.17001e-06
6.06999e-06
6.09441e-06
6.07249e-06
0.00239175
6.12477e-06
6.09261e-06
0.00226618
0.00148564
0.00388837
6.07031e-06
)
;

boundaryField
{
    frontAndBack
    {
        type            empty;
    }
    inlet
    {
        type            freestream;
        freestreamValue uniform 6e-06;
        value           uniform 6e-06;
    }
    outlet
    {
        type            freestream;
        freestreamValue uniform 6e-06;
        value           nonuniform List<scalar> 
32
(
6.06996e-06
6.06992e-06
6.07057e-06
6.07103e-06
6.06928e-06
0.000100092
6.07072e-06
3.43111e-06
6.07148e-06
6.10696e-06
6.10877e-06
6.07085e-06
3.53236e-06
6.07025e-06
6.06842e-06
6.07119e-06
5.05648e-06
6.06997e-06
6.07096e-06
1.02942e-05
6.91529e-06
6.06894e-06
0.000109921
6.06959e-06
5.84988e-06
6.06357e-06
6.07181e-06
6.07172e-06
7.15467e-06
5.81928e-06
6.06514e-06
6.07105e-06
)
;
    }
    walls
    {
        type            nutUSpaldingWallFunction;
        Cmu             0.09;
        kappa           0.41;
        E               9.8;
        value           nonuniform List<scalar> 
205
(
4.81267e-06
9.71091e-06
1.09493e-05
9.97596e-06
9.17793e-06
7.66947e-06
1.05086e-05
9.55506e-06
8.82508e-06
8.54779e-06
8.29244e-06
8.05317e-06
7.85926e-06
6.24569e-06
7.52211e-06
7.38662e-06
7.24815e-06
7.11223e-06
6.98283e-06
6.86137e-06
6.74459e-06
6.6379e-06
6.53601e-06
6.43624e-06
6.34002e-06
5.11819e-06
5.07486e-06
6.17001e-06
6.09839e-06
6.02307e-06
5.94757e-06
5.87724e-06
5.80741e-06
5.7515e-06
5.68978e-06
5.62539e-06
5.57788e-06
5.52e-06
5.48319e-06
5.45171e-06
5.41954e-06
5.38541e-06
5.35179e-06
5.31508e-06
5.30225e-06
5.27417e-06
5.22978e-06
5.19695e-06
5.15446e-06
1.76538e-06
1.67132e-06
1.54274e-06
1.39297e-06
1.19302e-06
5.03045e-06
4.99171e-06
4.95949e-06
4.92225e-06
4.87979e-06
4.84378e-06
4.80283e-06
4.7616e-06
4.72425e-06
4.68087e-06
4.63635e-06
4.5932e-06
4.54271e-06
4.49242e-06
4.43175e-06
8.9673e-06
9.08692e-06
4.37382e-06
4.32771e-06
4.27269e-06
4.2069e-06
4.14069e-06
4.0538e-06
3.95829e-06
3.85733e-06
3.74755e-06
3.6355e-06
3.51918e-06
3.387e-06
3.25096e-06
3.11064e-06
2.97236e-06
2.82421e-06
2.69042e-06
2.55525e-06
2.41692e-06
2.29601e-06
2.19552e-06
2.08756e-06
2.01383e-06
1.93349e-06
1.89933e-06
1.86708e-06
1.84289e-06
1.86149e-06
1.91151e-06
1.82124e-06
8.49651e-06
8.56483e-06
8.64794e-06
8.73289e-06
8.84647e-06
9.20453e-06
9.64583e-07
7.57029e-07
3.57894e-07
5.27321e-07
1.94742e-06
1.78364e-06
2.27764e-06
2.46872e-06
2.71189e-06
2.90072e-06
3.07417e-06
3.2278e-06
3.36611e-06
3.50876e-06
3.64931e-06
3.76326e-06
3.86118e-06
3.97387e-06
4.07482e-06
4.16191e-06
4.24959e-06
4.33259e-06
4.41389e-06
4.49664e-06
4.56838e-06
4.64106e-06
4.71215e-06
4.77199e-06
4.8359e-06
4.90617e-06
4.96151e-06
5.00797e-06
5.07278e-06
5.13558e-06
5.17976e-06
5.23148e-06
5.27603e-06
5.32592e-06
5.38044e-06
5.43028e-06
5.47367e-06
5.52575e-06
5.57845e-06
5.62434e-06
5.67189e-06
5.72366e-06
5.77621e-06
5.82281e-06
5.87003e-06
5.9193e-06
5.96891e-06
6.01838e-06
6.07039e-06
6.12543e-06
6.17495e-06
6.22438e-06
6.27668e-06
6.33425e-06
6.39744e-06
6.46153e-06
6.52759e-06
6.59138e-06
6.66691e-06
6.75233e-06
6.82673e-06
6.90014e-06
6.98199e-06
7.05753e-06
7.13175e-06
7.20362e-06
7.27315e-06
7.34206e-06
7.40932e-06
7.4754e-06
7.53902e-06
7.59976e-06
7.65688e-06
7.71688e-06
7.79049e-06
7.8574e-06
7.91994e-06
7.9964e-06
8.06925e-06
8.1388e-06
8.20152e-06
8.26392e-06
8.3345e-06
8.42035e-06
9.30683e-06
9.41282e-06
9.53481e-06
9.67346e-06
9.81071e-06
9.93858e-06
9.98878e-06
9.43037e-06
6.98794e-06
1.71616e-06
)
;
    }
}


// ************************************************************************* //
