/*--------------------------------*- C++ -*----------------------------------*\
  =========                 |
  \\      /  F ield         | OpenFOAM: The Open Source CFD Toolbox
   \\    /   O peration     | Website:  https://openfoam.org
    \\  /    A nd           | Version:  dev
     \\/     M anipulation  |
\*---------------------------------------------------------------------------*/
FoamFile
{
    format      ascii;
    class       volScalarField;
    location    "650";
    object      p;
}
// * * * * * * * * * * * * * * * * * * * * * * * * * * * * * * * * * * * * * //

dimensions      [0 2 -2 0 0 0 0];

internalField   nonuniform List<scalar> 
25458
(
285.622
285.317
285.047
284.253
282.824
280.611
277.468
272.973
266.545
259.172
254.453
32.2479
38.5058
45.6349
52.9881
60.8492
69.0524
77.3798
85.4042
92.5736
99.2675
106.527
-88.9959
-83.63
-77.983
-71.6651
-64.3114
-56.0125
-46.7681
-36.6959
-26.0241
-14.644
-2.24333
-102.944
-101.458
-99.7361
-97.4155
-94.6034
-91.3856
-87.6309
-83.3068
-78.3389
-72.5174
-65.8529
-115.892
-115.236
-114.315
-113.005
-111.328
-109.321
-106.923
-104.101
-100.768
-96.8165
-92.0307
-105.65
-105.469
-105.219
-104.867
-104.364
-103.68
-102.82
-101.786
-100.55
-99.0601
-97.2221
-102.786
-99.9409
-97.0695
-93.5221
-89.2206
-84.2585
-78.4984
-71.871
-64.3145
-55.6644
-45.9398
-111.021
-110.115
-108.884
-107.16
-105.037
-102.576
-99.6789
-96.3375
-92.5048
-88.0389
-82.6475
-115.992
-115.485
-114.79
-113.792
-112.468
-110.849
-108.921
-106.65
-103.949
-100.736
-96.8797
-114.726
-114.331
-113.793
-113.016
-111.953
-110.622
-109.039
-107.175
-104.951
-102.289
-99.0776
-113.13
-112.825
-112.395
-111.774
-110.904
-109.789
-108.452
-106.87
-104.979
-102.708
-99.9491
-111.072
-110.816
-110.461
-109.956
-109.237
-108.296
-107.151
-105.792
-104.167
-102.212
-99.8259
-108.435
-108.223
-107.928
-107.51
-106.913
-106.114
-105.126
-103.945
-102.531
-100.824
-98.7193
-71.9253
-71.8868
-71.8289
-71.7497
-71.641
-71.4929
-71.2935
-71.0229
-70.6777
-70.2485
-69.723
-102.825
-102.661
-102.447
-102.146
-101.719
-101.128
-100.376
-99.4624
-98.3678
-97.0478
-95.4198
-99.8882
-99.7525
-99.5707
-99.3137
-98.9508
-98.4447
-97.7906
-96.986
-96.0209
-94.8564
-93.4165
-96.9923
-96.8781
-96.7177
-96.4914
-96.1736
-95.7305
-95.1487
-94.4258
-93.5565
-92.5075
-91.2135
-94.021
-93.9241
-93.7844
-93.5882
-93.3133
-92.9311
-92.4203
-91.7793
-91.0033
-90.0649
-88.903
-91.1422
-91.0565
-90.9314
-90.7563
-90.5118
-90.1737
-89.7161
-89.1378
-88.4325
-87.5806
-86.5222
-88.2605
-88.1862
-88.0764
-87.9232
-87.7097
-87.416
-87.0147
-86.503
-85.873
-85.1135
-84.1786
-85.4412
-85.3739
-85.2746
-85.1365
-84.9446
-84.6816
-84.321
-83.8563
-83.2793
-82.58
-81.7221
-82.5923
-82.5323
-82.4446
-82.3226
-82.1533
-81.9215
-81.6038
-81.1884
-80.6693
-80.0359
-79.2554
-79.8627
-79.8102
-79.7304
-79.6195
-79.4661
-79.2564
-78.9706
-78.5925
-78.1189
-77.5386
-76.8202
-77.1433
-77.0985
-77.0279
-76.9298
-76.7945
-76.6097
-76.359
-76.0227
-75.5995
-75.0777
-74.4288
-74.5426
-74.5029
-74.4374
-74.3468
-74.2222
-74.0525
-73.8236
-73.5144
-73.1235
-72.6399
-72.0383
-32.5699
-32.5602
-32.5429
-32.5194
-32.4879
-32.4458
-32.3898
-32.3153
-32.2159
-32.0866
-31.8975
-31.1804
-31.1753
-31.1604
-31.14
-31.1128
-31.0766
-31.0286
-30.965
-30.881
-30.7738
-30.6195
-69.4343
-69.3937
-69.3395
-69.2654
-69.1636
-69.0251
-68.8393
-68.5876
-68.2634
-67.8567
-67.3561
-66.8814
-66.8491
-66.8029
-66.7388
-66.6506
-66.5307
-66.3694
-66.151
-65.8657
-65.506
-65.0571
-64.5413
-64.5137
-64.4694
-64.4081
-64.3246
-64.2115
-64.0602
-63.8573
-63.5907
-63.2568
-62.8373
-62.1545
-62.1315
-62.0929
-62.0397
-61.9673
-61.8689
-61.7367
-61.5592
-61.3217
-61.0233
-60.6422
-59.9204
-59.8994
-59.8628
-59.8127
-59.7447
-59.6528
-59.5297
-59.3659
-59.1458
-58.87
-58.5177
-57.7435
-57.7223
-57.6896
-57.6453
-57.5849
-57.5033
-57.3939
-57.2487
-57.0522
-56.8052
-56.4847
-55.6013
-55.5823
-55.5536
-55.5143
-55.4611
-55.3892
-55.293
-55.1657
-54.9931
-54.7761
-54.4891
-53.618
-53.6039
-53.5767
-53.5391
-53.4887
-53.4212
-53.3316
-53.2139
-53.0561
-52.8592
-52.6089
-51.5121
-51.4977
-51.4741
-51.4423
-51.3993
-51.3411
-51.2629
-51.1586
-51.0163
-50.8315
-50.595
-49.6304
-49.6166
-49.5938
-49.5626
-49.5205
-49.4639
-49.3886
-49.2892
-49.1565
-48.9825
-48.7716
-47.7504
-47.739
-47.7199
-47.6937
-47.6582
-47.61
-47.5451
-47.4584
-47.3422
-47.1837
-46.9712
-46.0644
-46.0491
-46.0316
-46.0082
-45.9763
-45.9332
-45.8758
-45.7996
-45.6998
-45.5684
-45.3883
-44.4605
-44.4478
-44.4322
-44.4104
-44.3805
-44.3399
-44.2852
-44.2119
-44.1137
-43.9823
-43.8096
-42.9363
-42.9295
-42.918
-42.9014
-42.8787
-42.848
-42.8065
-42.751
-42.6773
-42.5787
-42.4481
-41.6451
-41.6397
-41.6275
-41.6103
-41.587
-41.5556
-41.5137
-41.4581
-41.3848
-41.2879
-41.1629
-40.4126
-40.4087
-40.3951
-40.3758
-40.3495
-40.3136
-40.2647
-40.1986
-40.1092
-39.9869
-39.8203
-39.2641
-39.2585
-39.2462
-39.2291
-39.2053
-39.1724
-39.1273
-39.0659
-38.9829
-38.8706
-38.7129
-38.4146
-38.4047
-38.3899
-38.3697
-38.3423
-38.3053
-38.2563
-38.1918
-38.1082
-38.0018
-37.8583
-37.6393
-37.6283
-37.6064
-37.5767
-37.5372
-37.4851
-37.4169
-37.3284
-37.2138
-37.0681
-36.8744
-36.4138
-36.4009
-36.3796
-36.3512
-36.3132
-36.2623
-36.1947
-36.1049
-35.9856
-35.8289
-35.6112
-35.0979
-35.0871
-35.0694
-35.0456
-35.0137
-34.9712
-34.9149
-34.8408
-34.7436
-34.6193
-34.4446
-33.8958
-33.8859
-33.8689
-33.8461
-33.8158
-33.776
-33.7238
-33.656
-33.5684
-33.4591
-33.3044
35.256
35.2587
35.267
35.2764
35.2868
35.2982
35.3102
35.322
35.3331
35.3418
35.3409
37.7857
37.7888
37.797
37.8053
37.8133
37.8201
37.8238
37.8215
37.8085
37.7746
37.6936
40.8342
40.8379
40.8479
40.8582
40.8688
40.8787
40.8868
40.8909
40.8893
40.8793
40.8341
44.0492
44.0529
44.063
44.0738
44.0852
44.0965
44.1062
44.1117
44.1098
44.0975
44.0618
47.9626
47.9669
47.9792
47.9898
47.9975
48.0001
47.9934
47.9715
47.9254
47.8427
47.7064
-30.0258
-30.0172
-30.002
-29.9826
-29.9574
-29.9248
-29.8831
-29.8305
-29.7648
-29.688
-29.5833
-28.5539
-28.5427
-28.5281
-28.5087
-28.4827
-28.4477
-28.4011
-28.3388
-28.2549
-28.1435
-27.9749
-27.0941
-27.0854
-27.073
-27.056
-27.0333
-27.003
-26.963
-26.9105
-26.8418
-26.7555
-26.6299
-25.8714
-25.864
-25.8514
-25.8345
-25.8124
-25.7838
-25.7469
-25.7
-25.6407
-25.5698
-25.469
-24.4044
-24.3984
-24.3866
-24.3706
-24.3489
-24.3197
-24.2804
-24.2274
-24.1553
-24.0591
-23.9141
-23.0404
-23.0351
-23.0243
-23.0097
-22.9904
-22.9648
-22.9313
-22.8875
-22.8304
-22.7589
-22.6615
-21.9278
-21.9215
-21.9111
-21.8978
-21.8809
-21.8594
-21.8329
-21.8007
-21.7626
-21.721
-21.6701
-20.3823
-20.3756
-20.3657
-20.3523
-20.3344
-20.3102
-20.2778
-20.2339
-20.1738
-20.0913
-19.9662
-19.0385
-19.0329
-19.0235
-19.0107
-18.994
-18.9722
-18.944
-18.9081
-18.8629
-18.8083
-18.7374
-17.7452
-17.7419
-17.7332
-17.7213
-17.7058
-17.6852
-17.6582
-17.6228
-17.5765
-17.5159
-17.4255
-16.3841
-16.3809
-16.3727
-16.3617
-16.3473
-16.328
-16.3025
-16.2688
-16.2244
-16.1665
-16.0769
-15.2324
-15.228
-15.22
-15.2099
-15.1973
-15.1813
-15.1618
-15.1382
-15.1112
-15.0838
-15.0471
-13.8637
-13.8595
-13.8522
-13.8426
-13.8301
-13.8138
-13.7927
-13.7653
-13.7293
-13.6839
-13.6212
-12.4584
-12.4544
-12.4471
-12.4378
-12.4259
-12.4109
-12.3922
-12.369
-12.3403
-12.3059
-12.2695
-11.1986
-11.1945
-11.1874
-11.1785
-11.1672
-11.1532
-11.136
-11.1154
-11.0917
-11.0639
-11.0192
-164.107
-163.812
-163.395
-162.802
-161.964
-160.878
-159.561
-157.982
-156.082
-153.756
-150.975
-159.375
-159.033
-158.561
-157.887
-156.946
-155.748
-154.312
-152.597
-150.532
-148.015
-145.064
-9.51934
-9.51571
-9.50842
-9.49789
-9.48291
-9.46155
-9.43102
-9.38704
-9.32327
-9.22989
-9.07659
-8.50195
-8.49895
-8.49341
-8.48606
-8.47649
-8.46421
-8.44889
-8.43043
-8.40966
-8.3912
-8.37798
-7.5048
-7.50197
-7.49688
-7.49042
-7.48226
-7.47199
-7.45925
-7.44357
-7.42412
-7.40012
-7.36697
-6.27327
-6.27036
-6.26492
-6.25788
-6.24879
-6.23703
-6.22191
-6.20253
-6.17758
-6.14487
-6.09865
-5.1012
-5.09845
-5.09337
-5.0872
-5.07983
-5.0711
-5.06108
-5.05018
-5.03963
-5.03147
-5.02211
-3.92062
-3.9179
-3.91286
-3.90694
-3.9001
-3.89229
-3.88373
-3.87486
-3.86703
-3.86417
-3.86529
-2.36607
-2.36306
-2.3569
-2.34865
-2.33767
-2.32289
-2.30288
-2.27534
-2.2365
-2.18135
-2.10417
-1.13836
-1.13606
-1.13137
-1.1255
-1.11821
-1.10923
-1.09844
-1.086
-1.0723
-1.05887
-1.05496
0.0661827
0.0686176
0.0735486
0.0798685
0.0879113
0.0981865
0.111248
0.12782
0.149194
0.179001
0.222181
1.3752
1.37749
1.3823
1.38867
1.39705
1.40814
1.42281
1.44222
1.46789
1.50322
1.55928
2.48074
2.48263
2.48652
2.491
2.49603
2.50148
2.50693
2.51149
2.51311
2.50778
2.49504
3.65559
3.65794
3.66258
3.6679
3.6739
3.68053
3.6875
3.69433
3.69986
3.70043
3.69611
5.22665
5.22902
5.23426
5.24111
5.25007
5.26195
5.27784
5.29951
5.33003
5.37296
5.42805
6.45829
6.46034
6.46473
6.47009
6.47653
6.48418
6.49294
6.50242
6.51203
6.52033
6.51445
7.74484
7.7469
7.75149
7.75722
7.76435
7.77327
7.78438
7.7982
7.8158
7.84079
7.87642
9.06832
9.07034
9.07488
9.08061
9.08781
9.0969
9.10828
9.12242
9.13968
9.1615
9.19489
10.3472
10.3491
10.3534
10.3585
10.3646
10.3718
10.38
10.3893
10.3988
10.4064
10.4158
11.5768
11.579
11.5834
11.5884
11.594
11.6003
11.6068
11.613
11.6183
11.6191
11.6019
13.136
13.1382
13.1432
13.1494
13.1572
13.1669
13.1791
13.1945
13.215
13.2443
13.2826
14.4148
14.4167
14.4212
14.426
14.431
14.4358
14.4396
14.4409
14.4365
14.4203
14.3817
16.089
16.0915
16.0972
16.1044
16.1136
16.1253
16.1405
16.1607
16.1885
16.2285
16.2825
17.6001
17.6023
17.6072
17.6132
17.6203
17.6287
17.6383
17.6489
17.6598
17.6701
17.6713
19.0914
19.0937
19.0988
19.1048
19.1117
19.1195
19.1281
19.1372
19.146
19.1535
19.1624
20.6968
20.6994
20.7047
20.711
20.7183
20.7266
20.7359
20.7458
20.756
20.7639
20.761
22.4789
22.4814
22.487
22.4935
22.5008
22.509
22.5179
22.527
22.5358
22.5432
22.5447
24.1467
24.1491
24.1549
24.1609
24.1669
24.1724
24.176
24.1761
24.1689
24.1447
24.0871
26.3637
26.3664
26.3737
26.3827
26.3938
26.4077
26.4251
26.4475
26.4786
26.5229
26.5573
28.375
28.3773
28.3839
28.3915
28.4004
28.4105
28.4214
28.4323
28.4423
28.4526
28.452
30.392
30.3948
30.4014
30.4087
30.4164
30.4244
30.4318
30.4371
30.438
30.4306
30.4135
32.6378
32.6407
32.6482
32.6563
32.665
32.6738
32.6821
32.6884
32.6909
32.6844
32.6527
-178.657
-178.461
-178.197
-177.826
-177.308
-176.592
-175.672
-174.537
-173.175
-171.527
-169.545
-176.742
-176.529
-176.238
-175.831
-175.259
-174.473
-173.473
-172.249
-170.775
-168.981
-166.782
-174.536
-174.306
-173.994
-173.557
-172.94
-172.1
-171.043
-169.761
-168.219
-166.339
-164.06
-171.874
-171.626
-171.282
-170.799
-170.117
-169.202
-168.066
-166.699
-165.058
-163.065
-160.672
-168.328
-168.066
-167.689
-167.157
-166.405
-165.413
-164.196
-162.739
-160.992
-158.867
-156.304
-153.433
-153.035
-152.503
-151.738
-150.689
-149.38
-147.823
-145.969
-143.74
-141.049
-137.913
50.9196
50.9299
50.9422
50.9551
50.9698
50.9855
50.9996
51.0074
50.9997
50.9563
50.8438
58.7454
58.7812
58.822
58.8684
58.9188
58.9662
58.9975
58.9906
58.9109
58.7043
58.192
55.9805
55.782
55.504
55.2633
55.0259
54.7665
54.4943
54.2243
53.9775
53.7629
53.7946
45.407
45.5547
45.8032
46.0176
46.2095
46.4247
46.6741
46.9588
47.3029
47.7317
48.5052
50.0789
50.0719
50.0992
50.1401
50.1875
50.2382
50.286
50.3166
50.3054
50.207
49.7992
38.7256
38.7221
38.7472
38.7832
38.8288
38.8862
38.9556
39.0344
39.1156
39.1789
39.1763
33.4093
33.412
33.4377
33.4696
33.501
33.5295
33.5508
33.5579
33.5415
33.4857
33.3579
26.3188
26.3257
26.3493
26.381
26.4169
26.4568
26.4992
26.5418
26.5806
26.6062
26.5961
20.1115
20.1217
20.1449
20.1752
20.2087
20.2442
20.2797
20.3114
20.3319
20.3272
20.2976
14.2453
14.2568
14.2796
14.3097
14.3447
14.3844
14.428
14.474
14.5192
14.5624
14.6155
8.58781
8.60039
8.62312
8.65316
8.68838
8.72889
8.77405
8.82233
8.87154
8.92124
8.96275
3.44442
3.45779
3.48087
3.51184
3.5494
3.59441
3.64743
3.70881
3.77928
3.86188
3.95436
-1.5975
-1.58323
-1.55981
-1.52834
-1.48964
-1.44241
-1.38548
-1.31753
-1.23658
-1.14023
-1.03586
-6.73559
-6.7198
-6.69514
-6.66235
-6.62209
-6.57293
-6.51338
-6.44122
-6.3528
-6.24427
-6.11548
-11.7143
-11.6993
-11.6775
-11.6494
-11.6164
-11.5784
-11.5365
-11.4928
-11.4522
-11.4262
-11.4295
-15.6558
-15.641
-15.6183
-15.5875
-15.5484
-15.4995
-15.439
-15.365
-15.2753
-15.1639
-15.0185
-19.9607
-19.9447
-19.9203
-19.8867
-19.8432
-19.7874
-19.716
-19.6244
-19.5039
-19.3407
-19.1426
-24.3705
-24.3544
-24.3315
-24.3015
-24.2643
-24.2191
-24.1652
-24.1018
-24.0292
-23.9546
-23.897
-28.1188
-28.1015
-28.0776
-28.0458
-28.0053
-27.9543
-27.8908
-27.8123
-27.7163
-27.6009
-27.4583
-31.9204
-31.9028
-31.879
-31.8472
-31.8061
-31.7537
-31.6874
-31.6038
-31.498
-31.3617
-31.184
-35.5942
-35.5763
-35.5519
-35.5195
-35.4779
-35.4252
-35.3592
-35.2772
-35.1756
-35.0505
-34.9071
-38.995
-38.9775
-38.953
-38.92
-38.8769
-38.8213
-38.75
-38.6589
-38.5427
-38.3947
-38.2044
-42.6191
-42.6003
-42.5747
-42.5403
-42.4957
-42.438
-42.3641
-42.2695
-42.1476
-41.9883
-41.7783
-46.0878
-46.0687
-46.0443
-46.0121
-45.971
-45.9191
-45.8546
-45.7757
-45.681
-45.568
-45.4386
-49.1792
-49.1596
-49.1337
-49.0988
-49.0526
-48.9923
-48.914
-48.8122
-48.6781
-48.4983
-48.2746
-52.6446
-52.6246
-52.5988
-52.5644
-52.5198
-52.4626
-52.39
-52.298
-52.1819
-52.0395
-51.8771
-55.6454
-55.6253
-55.6
-55.5663
-55.5222
-55.4653
-55.3927
-55.3006
-55.1847
-55.0407
-54.8512
-58.5923
-58.5706
-58.5433
-58.5064
-58.4576
-58.3934
-58.3101
-58.2022
-58.063
-57.8827
-57.6488
-61.7672
-61.7454
-61.7181
-61.6815
-61.633
-61.5693
-61.4859
-61.3766
-61.2316
-61.0368
-60.7753
-65.0866
-65.0646
-65.0379
-65.0033
-64.959
-64.9031
-64.8339
-64.7496
-64.6487
-64.5314
-64.4012
-67.4403
-67.4193
-67.3927
-67.357
-67.3094
-67.247
-67.166
-67.0618
-66.9287
-66.7586
-66.5481
-70.2418
-70.2196
-70.1899
-70.1492
-70.0941
-70.02
-69.9206
-69.7869
-69.6044
-69.3519
-69.0101
-73.5277
-73.5058
-73.4774
-73.4403
-73.3921
-73.3306
-73.253
-73.1559
-73.0356
-72.8927
-72.7311
-76.048
-76.0258
-75.9979
-75.9609
-75.9119
-75.8481
-75.7657
-75.6598
-75.5247
-75.356
-75.1376
-78.7129
-78.6896
-78.6596
-78.6192
-78.5652
-78.4938
-78.4001
-78.2774
-78.1174
-77.9083
-77.6181
-81.3014
-81.2786
-81.2494
-81.2102
-81.1577
-81.0883
-80.9975
-80.8791
-80.7251
-80.5236
-80.2489
-83.8858
-83.8612
-83.8302
-83.7885
-83.7326
-83.6585
-83.5611
-83.4337
-83.2676
-83.0506
-82.766
-86.636
-86.6114
-86.5793
-86.5363
-86.4786
-86.402
-86.3008
-86.167
-85.9889
-85.7502
-85.4298
-89.4858
-89.4629
-89.4323
-89.3922
-89.3395
-89.2711
-89.1834
-89.0721
-88.9319
-88.7594
-88.5474
-91.7522
-91.7295
-91.6967
-91.6526
-91.5935
-91.5151
-91.412
-91.2772
-91.1013
-90.8742
-90.5775
-94.2578
-94.2346
-94.2014
-94.1563
-94.0954
-94.0135
-93.9043
-93.7585
-93.5629
-93.3005
-92.9355
-97.0235
-96.9998
-96.9661
-96.9213
-96.8619
-96.7837
-96.6818
-96.5499
-96.3798
-96.1644
-95.8836
-99.4224
-99.3987
-99.364
-99.3175
-99.2552
-99.1726
-99.064
-98.9213
-98.7344
-98.491
-98.1579
-101.833
-101.81
-101.775
-101.729
-101.666
-101.583
-101.473
-101.329
-101.139
-100.895
-100.564
-104.272
-104.246
-104.209
-104.158
-104.09
-103.998
-103.875
-103.712
-103.493
-103.203
-102.801
-106.953
-106.928
-106.891
-106.842
-106.776
-106.689
-106.574
-106.423
-106.226
-105.972
-105.624
-109.4
-109.375
-109.337
-109.287
-109.22
-109.131
-109.015
-108.862
-108.663
-108.409
-108.06
-111.759
-111.733
-111.693
-111.64
-111.567
-111.47
-111.341
-111.17
-110.943
-110.646
-110.224
-114.21
-114.184
-114.145
-114.091
-114.019
-113.923
-113.795
-113.626
-113.401
-113.107
-112.693
-116.714
-116.686
-116.645
-116.589
-116.514
-116.413
-116.28
-116.103
-115.87
-115.568
-115.146
-119.149
-119.121
-119.078
-119.021
-118.944
-118.841
-118.704
-118.523
-118.284
-117.973
-117.538
-121.566
-121.538
-121.495
-121.436
-121.358
-121.252
-121.112
-120.926
-120.679
-120.358
-119.911
-124.073
-124.043
-123.998
-123.936
-123.852
-123.739
-123.589
-123.39
-123.124
-122.776
-122.293
-126.603
-126.572
-126.526
-126.465
-126.382
-126.271
-126.124
-125.929
-125.67
-125.336
-124.876
-129.061
-129.028
-128.981
-128.917
-128.831
-128.716
-128.562
-128.358
-128.089
-127.74
-127.256
-131.473
-131.44
-131.39
-131.322
-131.231
-131.108
-130.943
-130.724
-130.434
-130.052
-129.525
-133.912
-133.88
-133.83
-133.762
-133.669
-133.544
-133.376
-133.153
-132.855
-132.462
-131.927
-136.47
-136.438
-136.385
-136.312
-136.214
-136.082
-135.906
-135.67
-135.358
-134.946
-134.393
-139.024
-138.992
-138.938
-138.864
-138.763
-138.628
-138.447
-138.206
-137.886
-137.461
-136.895
-141.666
-141.633
-141.576
-141.499
-141.395
-141.254
-141.065
-140.812
-140.477
-140.031
-139.442
-144.287
-144.251
-144.192
-144.111
-144
-143.851
-143.653
-143.388
-143.038
-142.575
-141.966
-146.923
-146.887
-146.831
-146.753
-146.648
-146.504
-146.311
-146.05
-145.7
-145.23
-144.605
-150.317
-150.268
-150.198
-150.102
-149.972
-149.797
-149.562
-149.25
-148.835
-148.282
-147.561
-153.511
-153.452
-153.37
-153.258
-153.107
-152.905
-152.636
-152.281
-151.815
-151.201
-150.417
-156.276
-156.217
-156.135
-156.023
-155.872
-155.667
-155.394
-155.029
-154.545
-153.903
-153.079
-159.261
-159.197
-159.106
-158.982
-158.813
-158.586
-158.283
-157.881
-157.35
-156.649
-155.761
-161.864
-161.799
-161.703
-161.573
-161.395
-161.156
-160.837
-160.414
-159.853
-159.117
-158.19
-164.247
-164.181
-164.082
-163.949
-163.766
-163.519
-163.189
-162.75
-162.166
-161.403
-160.443
-166.511
-166.442
-166.341
-166.201
-166.011
-165.754
-165.41
-164.952
-164.342
-163.548
-162.556
-168.624
-168.552
-168.447
-168.303
-168.107
-167.841
-167.485
-167.01
-166.378
-165.56
-164.543
-170.582
-170.507
-170.398
-170.249
-170.045
-169.769
-169.397
-168.904
-168.247
-167.405
-166.36
-172.352
-172.273
-172.16
-172.005
-171.792
-171.502
-171.113
-170.595
-169.905
-169.024
-167.929
-174.047
-173.964
-173.847
-173.686
-173.464
-173.163
-172.758
-172.217
-171.499
-170.584
-169.451
-175.682
-175.595
-175.473
-175.305
-175.075
-174.761
-174.34
-173.777
-173.036
-172.096
-170.943
-177.132
-177.04
-176.913
-176.739
-176.499
-176.172
-175.733
-175.146
-174.378
-173.411
-172.231
-178.389
-178.291
-178.16
-177.979
-177.728
-177.387
-176.929
-176.314
-175.514
-174.511
-173.289
-179.556
-179.453
-179.314
-179.123
-178.859
-178.5
-178.016
-177.368
-176.53
-175.484
-174.208
-180.586
-180.484
-180.339
-180.141
-179.867
-179.492
-178.989
-178.314
-177.448
-176.37
-175.055
-181.479
-181.375
-181.224
-181.016
-180.728
-180.335
-179.807
-179.102
-178.207
-177.103
-175.765
-182.125
-182.011
-181.853
-181.634
-181.331
-180.918
-180.36
-179.618
-178.678
-177.52
-176.109
-182.661
-182.544
-182.378
-182.149
-181.832
-181.398
-180.813
-180.039
-179.068
-177.88
-176.438
-182.993
-182.872
-182.697
-182.455
-182.118
-181.658
-181.036
-180.221
-179.203
-177.961
-176.45
-183.121
-182.992
-182.81
-182.557
-182.204
-181.723
-181.071
-180.224
-179.174
-177.896
-176.337
-183.078
-182.936
-182.742
-182.471
-182.094
-181.58
-180.885
-179.991
-178.892
-177.555
-175.93
-182.735
-182.583
-182.379
-182.096
-181.7
-181.157
-180.426
-179.492
-178.349
-176.954
-175.259
-182.259
-182.096
-181.876
-181.571
-181.145
-180.561
-179.782
-178.797
-177.604
-176.152
-174.398
-181.277
-181.114
-180.883
-180.561
-180.11
-179.49
-178.67
-177.641
-176.397
-174.883
-173.048
-180.19
-180.014
-179.764
-179.414
-178.925
-178.25
-177.368
-176.269
-174.943
-173.324
-171.357
-146.025
-145.556
-144.938
-144.049
-142.86
-141.403
-139.677
-137.628
-135.168
-132.208
-128.725
-137.02
-136.464
-135.729
-134.68
-133.315
-131.674
-129.728
-127.427
-124.675
-121.384
-117.548
-126.139
-125.471
-124.579
-123.33
-121.749
-119.874
-117.643
-115.008
-111.86
-108.083
-103.608
-111.646
-110.822
-109.723
-108.221
-106.383
-104.235
-101.693
-98.7292
-95.2458
-91.1362
-86.4164
-91.2535
-90.1672
-88.7789
-86.9348
-84.7334
-82.1885
-79.1979
-75.7375
-71.6949
-66.9372
-61.5188
-67.4962
-65.9288
-64.1273
-61.8331
-59.1277
-56.0488
-52.499
-48.4469
-43.7432
-38.2683
-32.2915
-39.8469
-37.279
-34.6158
-31.4622
-27.7226
-23.4703
-18.6368
-13.1644
-6.89103
0.0266888
6.70762
14.2151
18.5543
23.0041
27.7718
33.1818
39.1382
45.6105
52.5566
59.8793
66.9181
72.9761
156.028
159.26
162.888
166.518
170.206
173.759
177.009
179.645
181.148
181.275
180.915
337.045
335.904
334.323
331.979
328.779
324.57
319.221
312.252
302.938
292.417
285.457
15.1999
-10.8708
-47.8119
78.2875
-10.2865
-57.5104
-27.1188
-16.8214
0.443825
-56.5837
1.68805
9.9016
2.00028
-68.8695
-20.5421
5.43089
4.14622
-116.388
-56.1322
29.7338
-10.2164
4.03835
-3.1794
-2.28471
-44.758
2.93597
-68.4418
38.7798
24.6384
-10.8543
2.97042
-87.1407
-0.0994521
0.865462
-30.7225
15.8543
-0.183112
2.94769
-88.1898
-44.213
-77.1393
-7.90991
0.053585
-40.3852
233.496
-19.6529
-67.7952
0.0772644
8.04132
-3.97255
-98.3296
-55.867
1.81909
-70.432
-41.2702
5.83914
17.767
-33.4861
4.43576
-2.04323
6.70233
18.207
12.5081
-64.1291
20.4553
-0.321926
5.91984
-2.93161
2.04001
-5.23861
32.7394
-79.6068
6.53458
29.3455
-9.91201
-0.806786
6.86138
-0.204329
23.6438
-5.74863
-29.1586
-20.6045
2.7786
72.8354
12.1258
-0.247685
-54.0244
35.5201
-2.54064
0.166766
21.6622
-2.2116
-15.5418
2.35158
-2.74571
0.120126
-9.79354
6.59595
0.510296
0.125427
0.72903
6.15865
8.72114
2.8207
13.0083
20.0416
51.4901
-5.61109
-17.3346
-20.3245
3.35246
10.1969
-96.9783
-29.9206
78.7372
-66.917
24.6653
15.2041
-17.407
25.9748
1.31064
-23.738
13.1825
-82.3343
-5.59693
-155.054
35.4081
32.3687
9.41683
6.84229
16.263
14.0005
3.8275
32.051
5.97071
-41.4186
-23.4506
-13.7618
28.485
-2.83644
21.6701
-4.55062
26.55
2.70518
-17.6458
6.9779
-93.908
-29.1811
58.7698
-29.6016
-39.4575
12.9221
28.6595
18.4734
-19.9726
-1.8062
-8.18834
29.3986
-1.75822
-17.4068
-19.235
-18.3983
-9.39022
-0.0123098
46.0959
-57.1274
9.57733
2.9079
79.5854
-0.954634
-130.602
76.128
-14.0112
-1.72379
0.472925
14.5316
13.5058
-1.17817
-31.2938
102.491
-1.96658
2.80728
5.10864
37.9698
-25.5686
15.5835
-0.698928
17.2566
11.5472
9.41607
-2.67777
-1.7872
3.83442
-28.4916
-22.5728
-0.377902
-4.69905
14.3488
-43.5301
-1.72354
6.65808
3.59025
-16.2424
-81.3124
-28.9557
8.66631
-90.1461
-3.80498
13.2031
-1.28304
-29.8471
14.1704
2.1771
11.8893
17.4105
49.7018
1.16036
-52.4729
-6.03068
20.9483
0.61678
31.7163
-18.6683
-10.6986
-0.323087
29.0305
-0.382561
9.71451
31.5063
1.7647
-65.605
-1.82412
-7.79242
-2.02037
24.1944
31.947
4.26803
16.7102
19.0231
-75.354
-12.8822
-14.2799
-3.38769
-39.527
31.6632
-0.862589
-72.1773
-50.0342
-8.34845
-29.2228
3.59704
-79.2392
27.8961
4.15546
64.7956
26.9443
1.63585
-79.5641
6.14518
31.1204
9.00333
0.114829
-3.50367
0.554979
3.17367
2.98604
19.3378
3.60984
-70.7954
1.86999
40.7367
-12.1395
-6.46353
6.30474
14.2205
19.9506
3.1633
-0.453102
22.3011
-36.9176
-4.16917
-105.446
14.3827
-10.8831
-11.2493
10.6466
-23.1651
-20.5806
-20.6387
2.93498
-78.4083
14.5589
8.44513
1.71375
-0.48049
-90.6573
15.2686
6.40155
-116.758
-20.5175
7.78511
-62.977
12.2737
-7.40077
20.1219
27.1167
-3.28044
-67.6659
-68.247
-45.8515
-0.885226
82.4586
61.0688
7.21123
-24.0178
-11.3033
-75.8389
7.84831
0.0875103
-42.3478
3.07704
1.46174
17.6152
-55.2494
14.3724
8.23574
10.9977
14.515
-46.4124
-23.8054
29.2595
17.776
0.0748086
-25.4838
-66.9208
-36.4877
-24.8689
12.0393
1.39964
-0.339969
11.9606
3.27993
32.4686
33.878
-6.03472
0.201049
24.3219
-31.4747
4.49368
-36.2451
-66.6686
-51.7247
175.289
-6.55134
-131.539
-71.4223
-40.4525
-29.8273
-9.27409
55.3481
11.0774
-25.8202
28.0226
-0.34128
12.9563
15.5543
-3.17062
-2.2816
93.9969
-0.949931
-6.54221
13.3368
28.3447
-2.66077
-0.98764
33.9468
-11.3304
18.1494
8.76888
8.4453
-28.8817
-49.2757
-2.84032
-11.2692
8.63648
-0.13989
12.8896
-1.26382
-3.66317
-29.536
1.42193
-7.24067
112.846
-5.45639
-0.955084
24.8759
127.875
-1.85267
-1.20633
1.57711
39.0303
3.82849
-0.940911
-32.3864
-68.9145
-42.9539
6.1561
3.51471
7.9272
-1.32346
-70.5156
-1.55763
1.10127
-26.3129
1.44989
-27.8421
-22.8324
-5.43651
0.458772
-66.1034
14.5956
29.919
33.8866
-7.35156
80.392
19.6592
34.8434
-54.7958
-156.257
6.19909
-86.5229
18.3641
-30.7468
1.68879
11.8579
22.2858
7.52618
-25.9384
41.7334
13.8978
-0.195964
-77.2578
3.43788
-10.7265
-78.1773
85.0395
2.61037
0.790151
-131.415
16.606
11.9442
-115.016
22.4894
0.00857701
-2.44003
9.71419
40.0101
-10.6894
0.592261
11.2001
0.121145
10.3075
1.68237
32.3039
22.9097
5.41578
0.189756
11.3159
-22.7546
24.9626
31.8888
-27.1035
22.576
-0.353343
-30.8685
-0.395816
8.32373
-19.1218
5.97691
0.547975
0.48323
-0.2193
-2.29053
40.1234
19.8047
3.2655
-0.77855
0.693945
-2.17546
-2.39396
-68.7489
-0.00677435
1.63204
33.3014
-8.56606
0.353548
-5.66537
-3.55656
-23.0364
26.57
14.0183
-1.26595
19.8698
8.63894
74.8935
33.6947
-5.05123
-21.9949
6.11932
40.001
29.5768
15.3605
10.5338
-18.5329
36.5002
35.9715
52.3819
33.6566
-0.67628
-69.2357
23.5025
-14.6449
4.14144
-0.505811
-9.92184
-129.125
8.86165
20.7078
-8.26821
5.08473
-69.8537
-0.746114
11.9047
-0.223324
-9.26418
-2.4504
-11.1812
-40.9009
-119.721
1.39629
-2.98943
-19.5671
5.8712
6.21493
-46.5864
4.59753
6.78302
9.20633
36.3561
-1.39985
-2.51746
8.91416
53.3949
124.609
-109.028
-5.21978
-14.651
25.5034
90.817
-1.05264
-24.9643
41.2508
-9.84633
10.9844
19.565
-19.225
6.44587
29.5404
0.694157
17.1849
0.0863808
-134.697
44.5291
1.87442
78.0695
26.7572
20.1936
4.05947
31.9325
1.92435
-80.8713
4.07455
7.55522
9.09273
19.1881
26.3358
3.37219
-0.264785
3.42436
9.31842
-22.9462
26.9029
-40.887
-5.16894
-23.8787
19.3953
-1.0358
-48.6531
-66.7887
-0.83635
-3.71232
1.63895
-4.31995
35.7912
58.7681
0.346124
-31.0265
-56.2912
2.3984
70.2848
0.76521
-42.4842
0.477951
12.309
-33.1927
12.5391
32.4528
4.04464
-58.301
-8.5106
3.20418
-6.08982
-15.9058
23.5152
17.7705
-36.3614
5.98737
-24.3682
26.2735
-54.9023
-15.7295
-2.73269
-9.76525
3.72121
2.75116
-3.12034
-39.7276
1.73383
0.40656
25.5545
0.503115
32.0461
-0.624493
28.0244
42.2021
-30.0895
-56.4954
-18.7117
0.490507
-35.1897
8.67209
-76.9942
-9.28796
-6.48784
-0.349622
-7.7428
3.15447
7.91167
-47.1542
7.56362
30.6049
2.41407
-75.671
53.0073
1.62186
-42.1689
15.9907
-0.145829
-22.4953
15.7754
4.19697
30.5224
0.0457002
18.6033
1.75959
-8.75736
62.3166
-62.0996
-33.4291
-35.7555
-0.472493
-37.8721
18.4857
23.8748
-52.7646
-1.57902
-1.27811
-25.4754
-0.780692
8.32263
19.6637
-9.4133
15.5524
-7.45281
15.5329
-8.55967
-99.5251
-32.1044
0.262293
8.81611
6.04206
-62.5464
13.3883
3.75747
-71.9206
-72.2402
-39.1911
-6.18701
-25.0849
12.7029
5.36983
-83.1753
-12.7845
-94.7506
-43.3448
-82.3882
-135.921
-54.732
-18.6777
47.5935
19.7171
10.2906
14.8976
-100.733
-14.7195
15.9542
-43.3741
-11.9086
0.961028
-28.1738
0.162432
0.49441
1.42306
-13.935
17.3343
4.17255
26.2706
78.6214
19.8085
-18.2166
5.0782
-6.55229
21.1337
-0.427311
16.4287
4.35603
6.32074
-43.786
24.9645
18.0873
25.9501
-19.2793
-6.39588
0.880466
-23.5692
-22.6092
0.887309
-5.67276
27.6682
-66.7557
88.4296
-1.95003
-17.3317
21.8204
-1.42515
18.2927
1.36577
26.1594
4.00494
10.8257
93.384
26.2285
-73.059
3.62401
2.82514
-34.3768
0.104214
-28.6877
-4.05886
-29.9004
-0.896775
-2.43532
-29.9237
24.9057
-27.6843
0.744726
-1.8654
34.5948
-1.80843
0.218658
-87.8343
6.41298
2.59487
18.93
-15.054
-30.7009
2.24069
-1.58417
-0.742778
18.0162
-41.6477
-9.74253
-69.7602
32.5261
23.8893
16.6606
-8.50117
-79.3783
12.8887
-0.291386
-65.8416
-53.6338
4.5961
0.490301
-80.266
-6.02509
-1.44561
-4.02595
17.5588
26.8343
44.3594
31.9517
-6.72765
-4.70998
-1.86385
-6.07475
-5.48603
-5.3509
0.351719
-2.44824
24.377
4.39074
243.066
8.5751
-33.0435
0.988228
-43.2745
-0.308116
16.1155
32.0625
2.38499
3.88286
2.39332
-0.0328338
0.838495
-12.4289
-7.126
2.41464
0.952435
31.8776
4.17678
1.82782
20.6035
2.6861
11.2
-6.41876
-6.50192
-2.23762
1.3358
-21.102
110.091
13.4346
-54.9392
-0.264619
12.4169
-16.3002
-11.5735
24.5308
19.8632
-63.8255
-2.4767
-59.6556
-75.9084
12.2075
4.10536
10.0213
12.6207
3.1221
3.05911
-0.739207
-42.1129
33.4236
22.5209
-17.1854
-0.49233
-3.14517
-6.29023
-2.17232
-5.43985
59.9259
-10.0501
21.9476
3.02291
-89.1681
-11.195
-2.3713
10.0245
4.80052
19.1672
5.30329
22.2929
-6.54123
13.9793
6.58871
-129.143
2.18548
12.2171
12.3034
15.1752
20.8635
1.79772
-59.8723
18.3784
-66.6439
-71.8746
43.7304
-85.2078
-1.52919
-7.64145
-9.74912
46.2789
6.602
44.6439
7.07491
45.7598
10.0227
-1.12755
-65.6581
-77.7151
-18.6618
2.78077
-5.06929
-27.1038
-158.749
-54.7659
-24.0819
-1.83154
19.7741
17.7298
-26.8423
0.413635
5.16425
2.77101
-1.14314
6.47149
100.065
-33.1541
139.618
-33.908
3.99783
-21.0001
4.73335
2.95859
224.036
18.7961
5.7369
-14.1184
31.7643
-7.24546
-51.1798
-5.31388
-77.6523
-18.948
7.64684
4.19106
-0.0726595
30.4125
-9.94886
32.5516
2.92024
-30.2104
5.39345
-0.864612
7.22107
-6.84598
2.32853
-0.306682
-8.93181
-44.8895
-1.5683
-0.0738346
-38.2646
-0.0653437
-43.2804
-2.50478
-8.77643
-35.8383
-20.9832
1.12313
-72.9319
9.17085
-2.84912
7.98961
-53.8492
5.84061
0.465222
26.4009
-30.3115
-5.19759
-0.136808
3.35617
-19.732
6.60609
15.4926
-27.108
25.2164
6.31528
43.0896
10.8152
45.9397
-7.3551
-0.200659
-37.7374
-0.47906
0.506474
-1.50104
-14.3804
33.1436
11.7128
-6.68465
-8.45559
-58.9149
13.3368
-163.359
-2.05927
17.2615
-0.329819
0.893328
-0.480929
-83.1461
13.7976
-0.628138
8.39216
-55.9469
16.3399
12.621
-6.59172
-4.96764
-10.7767
8.0018
-5.53375
-3.30462
1.18907
0.752485
-29.8115
-32.0133
0.490126
-0.588718
-10.2491
170.189
-27.2659
6.2161
0.454256
17.3644
0.236899
1.34996
16.3252
82.3185
-11.8575
-50.5575
8.88628
0.778603
-3.9021
0.796627
4.29842
0.336289
27.8261
-2.79035
0.435358
3.60388
2.45305
31.2212
-21.2424
-1.98571
14.2893
23.4466
-158.624
11.138
-53.0302
-56.6448
11.3518
6.46333
5.47692
5.43154
-82.2462
-0.396231
-20.1247
15.0205
27.033
1.0365
17.1578
0.328453
31.7277
-55.9691
28.1258
21.2003
16.953
-19.6233
58.548
17.6567
-0.587622
16.2326
-23.1494
0.268699
5.20211
-26.9201
40.9771
-0.553984
-133.549
18.4677
-92.0844
0.429863
-0.390343
0.716668
17.9495
-60.7306
19.4548
-25.2486
-4.6632
0.829981
-6.63489
-5.20014
22.6639
-31.8269
1.73466
15.7184
0.640623
-44.8146
3.3871
31.2429
0.126301
9.42815
8.03994
-101.939
-48.6372
32.0078
-22.9904
26.6005
27.2255
4.19781
0.458499
-34.5162
18.9759
-1.26023
-6.83084
60.3336
59.5809
-5.15595
-6.39188
1.6298
5.72618
53.1287
33.4753
-32.497
-49.7647
-10.7517
13.8113
28.2192
-140.478
63.2725
6.50914
1.49439
-28.0361
0.825112
-100.808
0.86126
-8.63531
-17.2178
12.9344
-36.8409
-18.2562
37.7171
-5.38961
3.09854
-37.4192
-9.02769
0.311311
17.0127
8.35377
-0.370344
18.0995
0.446195
-1.31973
-37.7078
-56.0014
-66.4386
15.7823
-52.1195
-52.4541
0.756471
11.9428
-16.0824
9.90802
-48.5823
136.125
-158.422
-67.8931
26.5823
2.63206
4.22843
50.4408
0.850724
-6.32021
-1.17557
-11.2254
32.8061
32.3723
-10.8443
-1.3394
-66.88
21.3092
4.13385
-1.67685
-53.69
-84.6933
2.15942
8.29092
21.521
2.29483
0.856931
-80.448
-0.703763
6.0817
11.3337
-4.284
1.04909
-3.08056
-34.1846
3.36997
5.56413
-2.90804
28.579
8.8864
3.98924
-19.6206
19.2342
-4.01169
-4.27774
-26.2585
53.5948
-38.9983
3.37141
-8.84674
-25.4048
-6.6109
5.31315
5.91632
-7.42334
21.7355
29.3185
3.04602
-18.9476
-31.2129
33.5661
-27.6411
-74.2835
-16.3605
-83.9984
13.3712
13.3127
20.6016
-23.8813
-2.03573
-75.6555
-96.5798
1.75491
32.0598
4.86859
-0.891787
7.01303
-143.218
4.29155
-17.5947
18.0754
6.99097
3.73825
21.0309
10.5106
-28.3679
1.50819
-3.02456
20.8846
0.842488
-81.8675
-37.5896
12.6862
275.067
-0.419836
-2.97194
-15.0184
9.55236
22.469
10.747
20.3249
-150.769
9.58273
22.3216
-5.12432
41.3448
15.5949
-0.549238
-0.252453
-53.4477
2.47255
0.537195
-8.72749
12.5187
-11.8138
-64.8324
4.8033
-55.307
0.55473
-14.1199
10.3388
-46.8479
-1.18744
0.600946
10.1238
-106.614
-0.381096
1.6979
-1.3591
28.9471
3.10352
1.56173
3.17644
0.508897
-17.5264
15.1535
14.6805
-45.9031
1.51571
6.7832
-2.00348
3.11102
-55.8571
-129.24
15.041
19.5993
-43.4076
-11.81
-81.7353
17.7148
-17.7984
0.339766
0.0479808
-57.2972
19.7628
-21.2048
14.254
9.04926
-39.1894
-70.3405
2.83652
-1.45182
2.22551
2.66973
-29.2715
-43.6365
-1.60557
-83.3289
3.925
6.21889
-75.5194
7.05369
-3.44562
9.15138
8.14124
-1.26807
1.18391
6.72823
0.49888
0.48475
-8.11296
9.14449
-1.15906
-12.2257
-1.31004
-0.895803
-2.56015
56.4617
-87.479
-30.804
-17.091
-85.2933
14.5609
6.9778
-0.360014
57.3253
8.23274
14.1985
-33.9111
5.21251
2.29967
-157.635
-44.3471
-140.679
-1.6528
-54.7059
-126.956
22.7911
-96.4867
3.37797
1.98478
21.1517
-26.221
2.37754
6.13496
11.9088
-39.4642
1.14925
20.2178
-36.4325
3.95008
0.0352804
3.69637
13.7753
2.84695
54.0411
1.98497
17.6133
11.8551
59.997
-2.64317
-36.7806
-87.2164
-12.7884
148.597
-14.1782
20.4668
10.0296
1.9911
-2.80826
-9.07534
-23.1077
3.03043
-133.485
19.1259
44.0462
42.3992
-61.8601
-1.658
-63.8255
-1.1782
0.607576
24.0716
21.2342
-1.95271
16.2867
-51.9773
33.4375
0.824527
-63.4967
-20.7828
15.6394
-7.56277
20.3514
3.00089
1.96966
12.1522
-6.20433
-6.83848
85.8579
-35.4821
-25.8633
14.1981
-105.868
-16.2837
8.18311
-63.4686
25.1582
-131.349
3.30945
11.6445
-0.02169
-7.43871
5.06264
32.8089
22.115
-47.2293
39.373
-0.928281
35.3164
1.45388
-151.12
4.88628
-1.16093
18.204
-13.7647
-0.164437
-18.5989
2.81853
14.5493
-18.7432
179.573
-14.326
-0.300785
-14.1466
-1.00719
-34.9607
-50.396
-0.628732
-28.4676
6.0213
14.1707
-5.72338
-3.99757
16.1676
17.1795
-135.846
-55.3176
0.24732
135.11
20.0646
0.956608
-15.027
7.3701
4.69798
24.7209
23.4784
2.38141
-9.83933
-24.1458
178.031
31.3835
34.9689
-30.3541
0.362277
-1.40942
-22.1852
-3.76758
36.2915
-4.26102
5.18922
0.531459
-17.3862
-0.888163
1.12905
-78.21
-68.3201
23.145
-1.19312
-1.22074
32.1423
1.94197
-8.44133
-10.6597
34.2866
60.1537
-14.5916
25.6357
21.7767
10.0647
-9.92213
-30.3631
-94.7755
-92.5882
-17.2557
2.62557
-11.7665
51.3741
16.6223
-50.412
20.0658
3.84632
-6.91881
-104.874
14.2384
-0.520644
-41.8867
-0.142001
19.8725
-12.7469
21.6792
-4.68282
-21.7355
2.75589
-6.30003
-31.0098
-17.99
31.8405
1.2673
0.30086
88.7069
12.573
9.86039
-0.384633
2.66505
-4.58459
-0.332359
-44.0367
-0.213241
19.1133
-80.5468
-23.0921
31.919
18.2861
-77.742
-19.5836
35.894
-2.81524
-61.693
-49.2572
22.7122
0.0502817
123.698
-41.5605
8.74788
14.7457
18.0899
-15.7493
3.55956
-53.7482
22.0511
-0.226802
35.7284
16.3799
-24.3978
-61.1599
13.6578
-3.44125
0.769003
-93.4882
-43.5186
-15.8898
0.459455
-4.28236
17.2573
-66.0221
3.27235
-2.47937
193.211
31.9995
-29.4388
12.3294
0.208131
-26.9199
36.3215
-85.2147
31.2882
-12.5362
12.2512
-20.7983
-0.480624
-0.978495
-15.6215
-65.5133
13.4512
-74.4059
15.7262
7.85362
-9.17762
-49.3385
7.09167
0.51566
-50.8213
-56.255
6.95384
8.60741
0.0386325
-0.270155
-24.499
-140.489
19.7916
-19.1856
30.0935
20.2396
14.3795
-5.48548
2.04744
72.7593
-91.7357
1.1342
-0.0314675
39.2705
10.3351
7.13877
-1.03187
11.1291
-0.778731
16.4028
2.29327
32.7615
-3.05266
4.5898
-7.77416
14.9785
6.32996
24.4708
-96.0522
-35.612
-12.8761
34.8992
8.10639
2.83432
-0.227755
-0.260503
-0.589396
-76.2669
-20.4009
29.5952
42.7688
20.8093
31.1665
-91.2035
-43.2189
-30.206
-25.7169
4.3438
-83.2506
19.3063
-7.99778
5.43452
66.0877
47.2507
1.91723
3.95493
-87.8962
14.9282
-94.2728
-6.56511
5.9542
-52.3437
0.182313
-63.2621
-18.3819
-72.2541
-0.759578
4.07102
35.9772
-26.6266
154.064
-23.786
-143.097
20.7406
13.2502
-0.899343
-15.3741
2.77172
0.313469
-68.1154
16.214
12.4352
-86.6115
3.48065
-0.0517977
0.0226688
131.169
0.524234
-1.5007
12.4296
-1.58679
45.8874
-36.4996
-79.6933
3.0276
5.36637
-3.23362
0.153439
-24.4081
31.0167
-16.6304
46.9618
-1.99617
-5.53667
-51.9896
0.4422
-28.7734
55.5164
70.9812
-14.6282
-2.21101
-3.53594
-16.8616
17.7645
-34.1596
0.177027
0.691303
5.51374
15.2974
-78.3322
14.5086
2.09872
24.7841
1.05471
12.4436
-5.15884
13.6098
-8.17596
0.531263
-32.3003
4.63268
35.4575
8.74859
0.790917
-4.59564
58.6744
1.40475
-1.67887
12.444
12.6584
-33.4658
-10.4086
5.50876
0.509241
18.0573
-19.3179
0.814646
2.94721
2.3144
5.99483
-33.7733
-87.6649
-0.433122
-10.6289
-63.8599
-51.698
17.4873
3.7845
5.92105
21.967
12.3458
2.46845
-64.4747
-35.7806
-40.635
15.8915
47.4077
18.8135
1.37498
3.63701
-20.6722
6.64206
1.24113
12.7884
5.78525
1.53132
11.8332
8.50185
2.07659
10.8762
-3.36778
-0.219791
-1.34783
-0.156408
-92.3152
-0.707798
23.4263
-89.0855
-2.48228
18.9594
-0.980746
11.1084
-3.40017
1.34841
6.04942
6.50453
5.62479
5.18937
7.0189
-89.7101
-4.18738
4.76206
-77.9256
10.1573
0.216108
35.5788
1.61068
-4.94684
5.75358
5.1157
28.8796
1.09244
-1.80359
6.69339
0.919457
-16.4312
-5.46687
10.144
9.62067
-78.7112
-76.9021
5.33014
-6.18064
17.1605
-90.4574
-66.3922
8.20922
-37.5773
-0.56209
22.3776
-8.63597
93.9338
-25.6217
0.966163
18.002
0.044926
-4.91619
-72.4453
15.9746
4.39753
-1.00438
14.3385
14.1235
-38.0638
2.30312
12.4512
-79.5311
0.312695
-53.8005
17.9905
-28.9086
18.1432
0.106152
22.9004
-5.8257
9.06283
14.463
18.7719
1.50101
-1.00824
0.796458
1.70395
10.8883
12.8987
2.6113
1.8074
30.6825
57.394
-7.45634
-3.68103
-0.697547
6.25343
-3.49315
15.3547
21.5036
-17.9335
-2.56275
4.7291
17.3504
-10.5682
5.19505
-1.43969
-7.53511
-51.1437
9.00304
-22.8165
29.2497
-2.17332
-0.719074
0.304944
-1.24867
2.59488
-48.5428
-7.82775
-62.5745
14.7982
4.26738
-21.653
6.47298
-154.553
-31.032
-11.1375
-5.57854
-1.3443
15.2364
144.945
43.2327
-90.3384
-7.10125
22.2755
-7.88912
-59.2911
40.9821
-34.3028
-0.220471
-12.9414
2.18267
2.44961
1.92329
-37.2261
-0.504841
11.6476
58.5115
-1.31668
-15.2268
13.3207
-64.7524
23.2687
15.0102
-78.357
10.2016
42.3189
16.9071
-8.51683
19.0099
-0.821841
-0.110752
2.39788
0.222266
10.1932
5.1661
2.56179
9.56752
-68.2345
44.9533
-1.23001
-0.0850127
-0.569513
26.7045
-0.433215
2.02308
13.2652
-96.1862
-0.75264
0.823693
-2.23055
-0.614234
0.213782
29.9452
-145.714
-66.3873
-78.8533
10.6171
-0.619975
21.239
-9.07427
90.6134
-5.16381
-0.125214
-31.3802
-4.71531
-1.17722
-138.167
8.09382
-0.683191
13.1625
42.0515
41.717
0.513182
6.17831
11.5438
9.57896
-4.13101
-30.8911
-58.0553
-12.0183
-160.354
-58.4326
-96.9887
-30.9707
-3.31567
1.61964
0.344757
22.1267
9.75421
3.76854
1.14978
-65.8189
13.026
-11.115
10.9747
1.89269
-51.0929
-2.51779
-46.7769
28.315
-1.63
5.21806
-23.1062
-6.13196
16.6322
-5.48584
6.84897
-23.65
19.1164
7.3015
65.4424
-1.51925
-0.918302
8.58549
4.27847
-1.44249
7.48958
6.65636
27.4052
19.914
6.22587
7.03083
5.76058
-107.386
5.35515
4.22219
4.97422
-0.184972
-8.023
5.70608
31.2395
-5.50358
29.8723
-64.5893
-30.9669
-118.126
3.48411
14.047
7.5905
-0.0711712
33.7079
-4.49637
52.8202
45.119
13.6076
8.6535
11.2883
53.9316
-84.4877
25.1384
24.8365
7.66025
-13.9044
-14.6753
1.86391
3.7382
-9.42711
47.459
-22.5475
-63.936
-0.268372
-12.082
-6.29831
9.70946
76.7046
-0.808353
25.0898
-8.20966
-0.846461
1.06386
0.169291
0.415974
-27.3027
4.2509
-5.80352
3.5984
9.93558
13.7231
21.1116
52.357
14.3664
-10.0836
-2.91693
8.70513
2.48978
0.576574
0.0870657
10.9039
-12.066
21.103
14.4898
-8.04884
5.55888
-85.2861
0.412591
-19.101
-18.998
0.814424
-2.41672
11.5397
-56.394
7.16073
31.5362
-13.744
6.70251
14.697
-58.2598
40.077
-21.7408
75.888
11.8736
-28.3254
-17.701
18.7085
-1.01464
2.97229
-23.2997
6.413
-0.380858
1.06123
-1.12697
20.8786
-19.7259
-1.82997
34.3026
-137.97
-61.0008
4.55648
27.4601
0.408244
4.03262
39.1547
-0.080485
1.29215
23.8841
-0.197508
20.1512
8.72353
9.62044
-4.13972
-6.0369
16.2326
-2.46312
5.40562
-3.36217
0.433491
1.42509
-13.3866
0.977027
8.72237
-7.95822
-4.66203
4.36646
-2.53126
2.18259
21.8651
-40.6844
-30.8101
-1.23926
1.19379
19.8156
-15.4953
2.76843
3.47974
1.50582
-0.381402
-23.2371
-4.44518
19.5287
-32.6112
-1.98723
40.6784
-42.5938
3.31801
-14.2497
-0.962853
-18.5012
9.23419
-13.8108
-18.6279
3.37992
8.99989
18.8362
-1.18991
-17.364
-18.6095
13.7987
-47.6809
-25.2637
0.115331
9.50469
32.2687
-0.417358
-19.8418
-18.0797
5.17127
4.0057
66.3665
21.2144
16.6752
18.5551
1.90338
-9.55274
-64.2534
0.836144
-10.716
2.80814
-14.5656
-2.05214
1.23325
39.7055
3.4602
2.31888
8.10685
6.16986
-30.3637
-165.949
-47.0958
-3.46628
43.4041
-19.2035
29.3047
-25.0172
-53.2144
0.947469
10.5207
-8.33999
17.5223
5.82649
-23.4992
-58.7594
86.0964
40.6417
36.1498
-6.62078
-18.7745
-35.3642
28.0071
-63.7817
0.06759
-14.6385
-68.3312
-65.3929
3.8393
-72.468
-109.564
7.05566
-76.1806
1.70892
-9.76081
19.0388
3.76134
-9.43935
-162.936
12.5892
4.10161
27.8416
1.11509
-1.83951
-9.59114
-41.5793
37.5901
29.916
-27.7201
10.7736
-36.4116
1.32919
8.33405
-24.619
-60.5203
-89.0286
4.72196
-67.6564
-15.5011
3.60132
1.17685
50.4984
-7.41802
-0.0538311
-35.3584
-37.2409
6.88082
-0.310084
-0.0071437
-65.5238
34.0587
16.8718
-7.07294
17.7623
-1.06564
-2.80867
4.68289
3.12844
2.76416
0.471576
1.77068
26.1036
-29.7624
18.9105
4.03841
-3.89599
13.6809
16.1503
26.5339
-2.93718
-1.95973
-3.11527
-30.3155
34.9629
19.4556
-1.24395
-0.159286
5.02348
-6.17165
-4.01758
-8.66109
-74.1439
-2.58456
3.81802
13.3774
-19.3657
-20.1383
8.84622
-159.082
-77.7232
12.8728
-0.798572
8.00099
41.2474
-15.4423
20.2956
0.365848
-11.0502
1.83112
12.4122
-17.6101
20.1314
-1.69918
-1.35066
-3.38476
3.97755
-23.5082
22.4037
-3.75209
-71.0162
11.1959
53.4768
-33.4936
-19.984
19.2725
2.50337
-37.9318
-1.00759
-27.0053
17.6497
-13.8675
7.49939
7.64682
16.2343
-1.36423
32.0895
-1.53035
-12.6489
-68.0301
-38.0265
-19.6672
-9.64481
-0.666129
-126.695
13.0853
14.2287
15.0211
8.66712
-4.39922
-4.05538
-73.0166
4.8417
-35.3128
21.5071
28.0416
-18.5938
-9.14145
-33.2007
19.2954
-80.4171
-35.7543
-33.1904
2.08763
9.5892
4.8341
12.4072
-0.620655
0.0378324
7.34714
0.690551
0.145009
-0.45802
6.10715
-23.8392
6.51999
-11.1581
-73.0728
21.6712
2.54869
15.6474
0.343224
-3.91134
-27.0987
28.1914
-83.0476
13.3884
10.3592
-64.3228
0.508422
-63.1428
7.24146
-21.1158
17.5985
16.7123
-66.7226
-0.259193
-101.404
-36.4215
32.4214
-4.31469
-4.56495
-0.828482
10.9234
-15.9546
-1.42051
-76.5198
30.9559
-68.5896
-0.298162
7.77699
5.98224
90.1317
-104.288
-0.321368
5.09267
10.5406
11.1875
-9.49588
-24.9319
-22.6583
-0.541744
-71.9636
-24.0755
-2.43883
6.6477
18.4762
17.7065
2.76311
14.3955
10.9431
2.47022
0.850914
8.72637
-9.72868
-11.9492
-43.7985
3.50759
137.469
26.7804
-37.4824
12.1073
16.9849
-26.1135
-96.2716
-0.494719
-35.3294
16.7607
7.92902
-10.8254
3.67741
4.16025
1.54917
-6.78765
26.8705
7.0006
-33.8329
-89.1899
38.669
19.6196
28.9986
5.97709
13.3002
-8.73257
15.208
15.3073
10.798
-32.5102
-11.986
4.64282
13.0796
4.96552
0.430061
-7.57954
-24.4322
-44.7457
2.74542
-143.05
-1.41222
14.2625
19.2445
1.91733
3.62902
-36.3169
-0.998203
-45.7461
4.40901
34.2862
-61.3775
17.0805
-0.459727
-1.30128
19.0691
43.4611
-127.065
-38.2605
21.6338
-1.60045
3.29546
-3.25593
19.8958
-10.2587
-8.31085
6.27844
22.1545
-2.07492
5.67183
6.52317
-17.484
-145.544
6.70593
15.9102
1.78384
-2.8265
1.46459
-1.78539
-23.8439
9.25765
35.3337
-11.1456
-6.63757
4.08997
-57.8012
10.3296
-15.4225
27.6646
21.4948
84.8174
4.58201
7.77759
17.4168
7.92939
-67.5561
14.7932
13.5811
11.4886
28.8652
-0.506922
-1.15334
2.43222
2.88994
0.379622
33.3378
1.82829
12.2037
21.3527
-22.1506
6.23326
18.8568
-11.8138
-52.0866
18.2491
-27.5858
-31.4398
21.6555
-0.855819
-28.3198
16.9372
-0.364218
5.68459
0.776751
4.12947
0.0117527
-4.63002
-99.9419
11.5286
0.0325397
21.5275
12.3087
19.2292
14.2669
-161.899
12.7972
29.192
-57.9497
-18.339
10.0979
-38.6723
9.81885
-2.14376
-68.9479
0.439603
-37.8232
-2.62439
-10.6101
16.2789
8.77307
-71.1764
7.17137
2.58538
-69.0662
8.98766
-0.235749
-33.5658
-2.37957
1.17585
41.4406
-6.78169
30.6887
7.73891
-4.03733
-0.960636
16.312
-3.97505
3.24055
-26.7883
2.66741
-52.648
-4.30532
-28.6632
16.0526
2.76133
11.593
1.81429
1.46386
-10.5926
4.11771
-32.7794
-35.5211
10.08
-7.59189
5.5156
-28.7638
-18.7165
-0.690182
20.3716
-38.9567
-87.9174
-2.09289
-0.0945159
18.5995
-10.1812
4.05906
1.61529
232.718
2.26514
-20.8048
53.5871
-16.1123
0.308202
16.8276
0.895667
-0.645138
7.84937
-24.3724
4.02577
21.6872
-69.667
16.966
1.98193
-49.7732
1.74242
-5.78883
34.55
0.886072
7.49242
-9.46697
-0.581182
-2.85412
-2.21665
-15.7302
-5.91963
9.6544
-73.2224
11.0425
12.4661
18.6765
-11.6143
3.67107
8.75572
-11.3647
-2.19312
27.633
5.63884
7.8053
-2.99114
5.54524
12.9789
9.18324
17.1986
-2.15192
-7.92892
-3.0701
4.1087
-3.28065
-20.1031
10.1482
41.7273
27.0599
41.3763
-0.911661
-22.5496
-6.64345
-18.8299
4.63916
7.91491
41.9765
-0.106259
-2.4802
-50.2921
14.7923
-13.2917
0.771145
-26.2612
22.1132
24.8533
-38.7411
7.83652
-21.015
-38.2259
0.900343
0.779307
33.3899
19.8831
-8.51706
-2.20081
2.9622
2.55458
-94.7788
12.468
-0.759688
18.4489
8.64551
11.7657
20.6769
7.50574
-0.349576
0.475846
-1.06165
0.0418097
20.4642
-89.2858
-34.3411
-27.4652
-1.29072
22.7145
3.70785
0.581554
33.1939
6.21053
9.71155
-4.30011
2.77587
19.262
36.597
32.4447
7.15522
-0.974077
-32.1118
-0.497525
-50.9728
-1.84648
-0.939607
23.124
-0.588316
14.0722
3.27007
15.4016
32.306
14.7089
3.60671
17.5382
15.9045
-4.15957
5.3084
1.83259
11.4711
17.1211
19.2944
4.78426
-19.877
-14.7344
-5.19298
-1.02982
-9.77978
-81.0576
-0.735031
8.64454
9.52575
17.9294
13.219
-14.8435
22.7678
2.08723
44.4128
19.7116
-4.64495
23.5589
-7.38111
-6.02987
19.9676
8.1599
-56.065
1.98405
-12.9185
-27.7456
-62.8225
-11.7626
-16.6969
14.4194
-57.3062
48.0472
-1.09165
26.1716
15.578
3.56379
22.9529
1.11029
4.34664
0.472265
12.9534
-17.6832
9.98725
-63.7265
-16.2318
2.5987
-0.905047
1.14028
-22.4566
11.5626
4.15997
0.612082
5.81616
-6.88119
-76.2965
0.721754
-0.684804
38.8025
-0.559844
2.1851
-3.1549
-24.5053
-43.9591
82.8687
5.71568
-5.75532
0.992799
11.0749
-1.10292
16.012
-9.80472
8.36691
10.0299
-12.483
-33.234
-112.993
-27.0837
-72.0027
3.27886
-95.735
20.0774
-9.38894
3.78783
-4.4171
19.4949
-28.8665
-35.7539
-0.513924
38.428
-45.4329
-7.29477
-2.28291
-15.0073
-19.546
3.22832
-6.97736
-46.391
-37.4084
-85.9253
3.70944
8.30448
-36.9891
-1.26468
1.92203
-85.1525
3.23746
-40.9434
-1.75818
31.7667
2.77494
14.389
13.1936
10.8454
19.0947
-34.5
-9.67258
-68.6778
5.21127
3.97121
-14.0094
-20.2459
-99.3621
8.97851
-42.0127
-1.49836
-0.628577
-70.0001
7.72018
16.3825
-83.9944
-15.2636
43.0939
26.8636
12.894
0.917735
-27.6561
-6.41347
0.459625
1.47542
2.2842
-10.4843
-3.15554
-16.071
17.1258
1.58311
7.46286
-14.6116
11.7894
23.0959
-6.72322
-5.34644
-35.1464
-11.2138
-70.7178
-0.0460947
-1.16635
-36.0589
33.2715
-2.12012
-80.288
-7.4137
86.9196
-10.4495
10.3799
-77.513
-110.95
3.34458
-22.39
1.50386
-8.38008
19.2105
-4.99707
-3.67549
-17.2077
-11.4951
-3.50325
-62.6593
3.18561
-19.1393
-1.07989
-58.9973
26.3252
18.32
2.12285
-34.0226
-139.641
-3.13802
-0.85263
5.29202
1.17768
-42.2309
6.59608
-10.6117
-63.1646
-10.1635
-62.2307
22.7509
1.19222
44.4637
-4.59379
-15.5187
5.04286
-0.627539
0.203854
-0.0689358
-29.488
-0.834203
-24.1242
18.489
2.77855
24.1522
2.08646
3.21172
3.80121
39.5589
-2.08588
-0.58496
-64.4175
47.3273
12.2005
-12.0732
8.69016
20.0375
12.4108
-61.0838
-6.46591
9.47944
15.1178
-90.6019
-33.3274
2.02188
-12.9115
9.39132
21.6632
10.1798
16.7002
-7.46211
-5.5127
-25.6163
2.07665
6.31807
-5.81045
3.59865
26.3859
7.9025
4.56998
-102.36
-1.92269
-0.959625
-98.1671
5.95569
21.0604
23.8306
32.2135
5.62834
-60.2483
-47.678
1.57367
-26.1468
23.979
24.3323
-12.2005
-1.7225
-103.232
0.727816
16.2306
22.1044
0.333972
-70.1881
0.594967
-6.87011
14.3671
39.3166
34.5452
-82.2654
-6.45093
0.329808
10.759
68.4423
65.9665
12.4222
23.8238
-26.4845
-3.04341
-86.9796
3.74426
1.38302
15.7048
-27.9748
-0.154258
20.4366
-80.5327
-1.44015
19.4851
-16.7171
5.39383
26.2238
-25.9082
2.82587
18.6083
6.66221
7.1799
28.592
-0.0778159
-3.47007
-17.4454
-8.82267
7.58296
-84.8186
1.75942
3.75666
-61.9434
20.401
8.64529
3.6832
-1.93966
1.00896
-5.69794
-5.45976
68.6856
31.1301
0.341181
-32.8728
2.78506
21.3137
-18.6676
2.21529
3.98097
-23.038
14.4933
-0.854824
-1.81041
2.8666
-73.9206
19.1738
11.0978
14.4514
-0.873966
32.537
-32.4033
1.73602
0.924726
-42.3995
0.574534
-24.5897
35.4495
1.41036
-79.4273
-10.5888
12.7242
-2.84207
15.2967
-1.15591
-7.39719
-59.9903
2.05047
-4.43186
-35.8435
8.02344
17.8558
7.49078
3.78043
-27.01
-5.63363
-122.716
9.3232
42.3335
11.1273
1.88248
34.9216
178.503
0.562716
-70.6824
-55.0076
5.30135
-0.758709
3.78518
0.777215
-2.42827
19.8585
-6.4384
0.524901
0.31755
-102.444
22.2653
-6.47189
11.0211
52.556
53.7535
-7.3247
12.4589
-0.399916
-4.58468
19.9641
-55.4009
7.3097
-4.12889
-8.79549
0.760042
15.5726
-0.930132
-22.5089
-1.99557
-63.7932
50.6073
6.21001
-88.7148
0.491785
-5.16583
2.45051
-18.6121
0.197616
-24.9435
-1.02186
14.4144
3.34224
-0.726762
19.7674
-86.6184
5.46499
-49.8153
14.7616
9.72542
0.380649
-7.36741
-87.8993
3.16914
0.762646
3.20905
2.77186
13.8783
13.4691
8.19808
-89.1776
22.8568
1.74761
26.1357
-13.5725
-29.1558
-10.5032
-19.218
2.5062
-44.2739
0.798055
-13.2171
18.6859
0.205089
8.52702
3.25936
-44.6203
1.51608
3.28432
8.69887
-0.589936
0.118571
11.8817
3.56981
-30.993
-10.5959
6.08151
-61.839
15.3254
-46.8436
-4.37406
41.8247
-38.7734
-2.26398
-8.86261
5.73487
-39.2493
-65.4976
0.144879
5.4092
6.74043
-29.4397
13.7505
-70.259
-55.4235
4.97846
0.0572281
-83.6953
22.8624
3.60638
-13.5101
-5.73421
-12.1619
-13.9389
-16.3637
19.5812
11.5924
37.6334
12.2329
0.888628
40.1802
3.26945
1.58366
2.15423
-76.812
88.1551
23.2554
-11.626
11.4335
-2.84762
-8.393
-2.78117
4.65608
-5.30701
-13.4554
12.5348
45.748
38.6357
0.0830858
18.3844
49.1816
-42.1063
0.791837
36.3777
20.8094
-27.1929
2.95451
4.18555
-91.8739
165.776
-91.0296
1.31103
-116.975
-141.365
-52.0105
4.90442
1.14082
4.46877
-0.593432
12.703
9.37032
13.6915
2.46762
11.7614
10.483
-14.5716
11.6127
24.2294
14.1596
-43.7867
2.19273
4.15688
10.4099
-3.26543
-148.155
0.246985
-6.68907
-15.4176
73.5151
-85.5154
4.50056
19.2066
42.3092
-23.5862
-32.6938
-0.236273
-0.552158
-16.3679
10.8108
-22.2854
10.7565
-0.385067
-4.86814
11.0396
-16.7436
67.1535
-1.20205
-10.9995
19.1874
-1.39258
-17.3508
65.7389
7.81222
3.88646
-17.649
-14.362
-0.0623497
-28.4157
-17.8258
4.07635
-17.988
-17.8878
-17.7671
-22.9219
-17.8908
-25.6649
-0.516381
0.127106
-4.21847
39.7503
2.84494
19.2658
28.5615
-86.2308
-17.5002
-33.0098
-145.8
17.8509
-5.63594
-3.77862
-28.2341
-25.2017
0.61179
7.98871
20.3313
-36.2849
8.58568
16.3408
-5.67004
1.8753
-0.488357
-3.69621
8.23857
-43.5089
6.58482
36.3539
-5.503
-8.36
-121.895
1.58999
-11.6004
-91.1068
1.64551
3.91689
-23.9722
0.380533
4.25589
-49.6898
5.30612
-0.375226
1.29277
-18.2515
-114.83
2.77835
17.9259
20.5311
20.8913
-15.4866
5.75517
17.7359
3.47002
0.232974
0.345862
-0.367001
13.9542
5.38225
4.88266
-1.45901
-60.2573
-4.82706
-73.4676
-0.757007
0.96811
-4.08497
-91.6587
4.28355
-61.2731
1.90891
-40.375
-22.4684
3.02432
-1.22665
-21.077
4.21538
0.843048
18.8108
25.768
1.84303
-1.52389
-42.3883
17.4289
-17.6792
1.4909
-0.849767
39.6861
-50.7201
1.43185
0.140567
7.79024
-25.1833
16.5051
31.6621
2.4419
0.588977
14.9067
-40.841
-28.2085
23.313
-5.58453
-45.1416
-142.257
10.9458
-1.10829
16.039
-9.2218
-0.274973
8.65242
6.69198
-1.66057
1.56198
4.09002
-147.696
-0.711103
-0.210952
-5.58905
-124.861
35.4724
-79.3162
-21.099
-15.3845
0.805617
-7.13208
9.30697
30.8329
-0.531667
0.742718
16.1212
-2.39699
12.1022
-48.2565
-63.5474
1.48087
-2.49653
29.7594
-29.2968
-2.61247
3.32871
4.88731
-7.32985
23.879
-0.462518
19.8552
-43.512
-1.45254
18.3714
16.2056
12.9732
4.83813
-1.34408
32.7434
-22.0672
-93.2886
18.2713
-86.2304
19.6594
39.4542
24.491
-78.4882
-22.3267
-68.207
-46.5429
-36.5786
0.804408
26.6924
14.1214
14.7362
-7.39538
38.3014
-23.1034
19.2619
7.70081
-28.4802
-84.7901
33.3025
27.4706
-65.6459
-24.5799
-62.8367
-19.4496
-49.4943
-36.0507
-49.0863
-25.3816
-0.233661
24.7509
-16.1598
4.41463
-5.90335
23.3174
-5.50185
9.63003
-0.0135429
-0.455153
-1.44443
-36.5569
-52.4072
-81.9909
30.1374
15.5931
-83.4819
-29.5747
-0.380396
22.4608
-32.5556
-1.12548
-28.4396
3.71222
-12.8518
-55.1446
11.2224
18.0945
-102.431
17.7105
21.1929
4.78409
20.6748
-17.9735
-60.6427
30.2296
12.4732
18.2004
16.2011
-58.771
1.05935
-0.432852
-57.7772
80.5497
0.208779
-38.1947
7.42847
-9.22897
88.0356
-31.8061
-25.193
-25.9496
-70.2871
21.8545
-60.2445
17.9232
4.01119
4.64935
-35.1183
21.9042
21.2752
2.47097
0.521454
-62.7409
-4.17424
-4.37535
0.584787
-39.2523
16.0874
-11.7305
-34.947
-34.6001
-60.1525
-64.9833
22.0816
-48.8302
-15.8157
15.0026
8.96862
-38.512
12.0249
-2.58485
-4.47044
6.46605
-80.8752
27.9026
27.452
-43.4726
-67.3046
-37.2654
-64.5749
-12.5097
16.691
30.3284
21.8207
1.30127
4.69384
-13.7046
-17.0665
-24.2852
25.3559
-69.4223
-2.89958
16.7311
4.89848
17.18
0.497661
9.69964
20.7654
-9.81981
-9.22155
0.719282
-3.60217
20.8029
-71.3975
-6.1869
1.51265
-94.5156
4.19964
-6.21997
57.6189
40.9937
17.9499
17.0775
-52.8417
4.62526
-14.6283
5.91455
-23.4827
-19.997
-41.3203
3.81705
-1.28139
39.75
4.35237
-14.6136
-4.24303
-143.105
-73.2339
-3.6398
-82.35
-75.0003
-11.9459
7.76128
-0.778823
-39.8801
28.6955
-5.44964
4.3373
-45.8526
-12.6679
-74.9279
5.854
5.49337
7.37075
-11.5787
14.5799
4.88581
12.0611
4.00158
5.9115
4.58144
-0.763008
1.28928
-1.45392
17.2977
-7.05092
3.9866
20.7828
10.8287
-35.1717
5.02416
23.6826
-2.06998
-3.64956
-65.8145
-1.67577
-6.04372
16.6
17.4987
4.58615
-28.1404
-52.0926
-33.8981
11.5912
-1.63709
5.41246
9.59575
-0.394617
-34.2049
-21.5365
-2.41127
16.3205
-2.96143
17.2104
4.43005
0.807324
-90.125
-6.10137
-34.5509
1.34064
1.60554
15.2473
14.368
-0.0328765
3.67599
10.4049
7.55177
21.6696
18.5535
0.00533265
-7.77278
21.6886
11.7132
0.856369
-24.3382
-25.3125
13.9895
-6.90845
-5.88176
0.382024
46.7668
3.69147
13.0533
-66.1029
-120.01
-41.5013
0.922339
5.90394
-17.9342
-8.55032
8.9255
-75.7911
-8.3018
48.3183
3.10319
-44.3555
0.136176
5.15552
-94.512
-96.4478
-5.21227
-5.42843
9.07205
10.7939
39.2694
-67.1531
3.41388
2.94357
1.94358
-4.66475
19.8446
7.02524
16.5261
-25.8446
-61.0735
-3.9917
-64.6042
-43.5218
2.49978
10.9739
28.1636
1.2876
2.52939
15.3028
16.9785
-12.4052
2.93195
-20.1139
-14.2513
12.4386
-15.2514
-53.3518
5.3951
9.14224
26.4788
-2.26829
-90.2147
-3.80412
8.77657
9.73634
10.7435
1.88575
2.40549
12.9632
-1.90166
-8.78019
-36.5453
8.00154
0.444058
16.1987
-44.0091
-15.6531
-28.4092
0.156907
-2.20871
14.0608
2.38239
-0.662355
-39.6382
-41.3539
-13.0018
3.16526
3.22587
-22.0292
-67.6345
10.9619
-70.5904
-53.2984
12.4681
0.83377
2.18521
-2.73157
11.4694
16.1905
-41.773
-100.698
-0.579237
0.501715
-16.9424
-90.2931
-29.1834
15.099
5.69531
-1.0474
0.847513
5.93376
19.0384
-79.8477
-31.5737
0.680791
5.15655
6.35797
-18.8853
3.11228
-3.95986
6.05907
-2.41925
7.34318
-6.01663
-101.634
5.85149
7.42911
6.87172
3.90865
-8.59541
3.80144
26.9264
-7.19432
7.40119
-0.0847619
-3.13284
2.54608
5.00433
21.3445
3.52313
5.05651
0.809874
5.2484
-47.3809
-4.51068
12.6675
10.1278
-7.19617
24.2031
-23.1407
-73.9428
3.82338
6.04379
29.1709
0.0614008
-84.2272
17.2513
-1.25064
-2.17805
-24.8138
-21.4637
22.2798
38.2914
13.1577
8.54077
2.65176
0.321057
0.177542
-65.5235
1.11413
-50.4171
-0.458675
-29.0565
2.28803
-1.4608
20.7191
-67.427
0.346337
3.29348
-15.5158
39.421
-37.6418
-37.6069
42.8421
22.0819
6.9725
0.902791
-25.4259
26.0585
0.47643
-3.21015
-2.92171
-4.64476
-4.80222
0.951615
-4.09116
-66.7761
9.63137
19.0772
-36.7574
19.8174
12.3752
-24.093
-87.7317
-153.752
-1.25166
7.72268
-6.43983
21.3787
-8.86143
-1.96761
-12.1756
-0.490018
-0.0760532
1.47721
0.815417
-2.02804
-13.9404
27.1082
5.30908
-60.6945
-7.44438
-5.99482
14.1703
1.81302
13.7364
-23.3569
18.6528
-36.6406
-37.1918
19.0407
-0.421173
-6.71092
22.405
-99.4833
-87.4036
0.368471
18.7585
2.61953
26.2213
8.37441
-35.9683
14.1151
6.43625
-2.39265
-10.681
-42.9676
21.4567
-36.5597
-4.58903
-24.3313
-12.4318
-0.351042
3.55744
-22.8682
-74.5221
1.57541
1.72138
-64.8774
-1.68707
-79.3358
-5.70853
17.3427
14.2237
23.1801
5.23972
15.1281
-21.1252
-1.18318
22.0322
20.0386
20.112
-58.4592
-72.3354
-85.0049
-129.202
2.30333
2.79797
18.3562
79.9987
5.63489
44.5355
9.76341
33.159
-57.9172
-15.0137
7.17142
45.2463
3.26453
3.60755
5.74416
2.76494
-31.8089
-20.1217
-8.10939
1.51988
-42.4475
83.6828
25.1921
-51.8772
9.59939
3.49933
-6.84227
14.638
3.16125
0.651691
3.14491
-1.3836
-37.3223
40.7131
-0.380646
0.46026
-65.3908
35.0166
-8.74477
-42.2724
-79.3087
-4.42457
-2.47368
-83.6551
45.5025
18.3832
-16.6073
2.40062
19.0675
3.08471
8.142
6.59834
-48.7673
-0.404557
1.60525
-67.1581
-26.503
-38.2258
5.49302
2.57566
-2.34463
18.0425
34.6626
3.23641
-4.67959
-2.86362
-1.30243
-17.0508
-0.0190511
-3.12885
3.77511
6.58486
2.7733
-13.8493
-35.8328
-44.1546
4.71017
-87.2121
21.236
13.56
-2.38661
23.3875
0.524692
1.08012
17.5209
-9.72291
-7.03019
-100.447
37.6755
5.0871
-62.1548
-0.864042
-110.972
1.80184
-59.3392
-20.7928
16.2207
-3.1986
-73.056
-10.9219
139.356
174.104
16.9515
2.11315
2.35504
11.6018
14.132
3.36702
41.2933
-38.7083
2.10812
-11.1566
-40.3152
-71.6487
-0.201203
-2.10906
0.89125
23.4391
-8.72306
8.02158
0.2418
28.4751
-3.10138
-48.9686
4.69402
-63.6668
-38.2298
0.173649
20.4549
-62.3587
-5.59221
3.6047
-0.819304
10.9271
-53.544
-0.497585
19.3315
2.46213
49.6555
-103.446
10.9718
-134.643
13.8217
-0.517048
-8.46491
-40.4327
33.6934
-89.4378
-0.0248552
-135.515
2.90509
-55.2664
-13.7807
-16.495
7.79095
-37.4174
1.87802
-1.09464
-46.658
23.2961
-13.8211
33.8092
20.6145
-33.5316
-5.59326
10.4472
-7.19188
7.79051
2.96566
4.84855
17.8606
-149.93
1.01595
7.05744
26.6044
33.9674
-20.5308
9.70156
4.35627
43.0636
-21.7267
-14.0561
-0.517727
7.00019
26.4625
-0.287743
1.93536
-4.7895
17.2369
-7.10319
19.8525
53.0114
-24.1172
17.0083
1.16455
-109.049
18.7013
-8.7196
46.2862
-3.24143
21.8071
3.8119
-94.4302
-5.35447
-10.2858
-43.2607
-3.811
45.1034
37.0198
5.24129
24.8937
43.7887
0.365565
42.1762
-11.7497
-22.5469
7.4001
-6.46604
-150.372
-69.3581
-88.1082
-13.3114
27.4715
0.66357
72.2991
17.5276
28.1988
-3.19945
40.6947
1.80304
-82.3474
33.712
2.6584
-0.421413
-8.5771
37.4249
-153.703
38.1025
1.90841
0.475837
2.3661
19.4971
4.26837
11.5048
25.0157
7.59548
3.71821
-10.9358
5.16917
20.5966
4.34408
-0.945012
-6.07103
14.5912
23.8725
-85.5737
17.4472
23.0957
-1.12833
-84.9676
1.33991
-0.223625
0.0954828
-3.35124
17.6375
-20.1553
7.46464
30.3905
-7.7617
2.94911
8.34785
-3.75506
16.27
-2.81269
-1.71738
8.17428
-67.4359
17.0825
-0.421124
3.86617
17.8072
2.95034
-21.2284
-18.23
-1.0063
2.17779
7.91776
-27.4227
24.1135
37.2835
-6.20393
0.495597
31.1042
-3.28197
4.51916
2.55463
7.49974
-140.898
21.7111
-63.1522
6.77842
6.16947
18.8698
-56.032
-18.1734
17.8101
-28.6863
-1.92293
1.1034
1.98383
18.2629
3.49888
-0.940378
16.496
-92.0482
-35.3687
-33.2905
-12.102
-39.8524
18.32
-5.97588
2.3957
7.50439
-24.0352
2.17616
-21.7064
2.25072
-0.245683
-1.25971
-28.5601
33.5432
-152.501
0.0132181
32.4462
-74.8846
15.01
3.86461
3.26039
-0.848793
-73.3112
-10.5322
9.5836
-7.34724
-2.22718
7.68726
3.1124
2.41796
-15.6694
17.1983
4.3419
3.28588
-1.64664
-13.4327
-27.0927
22.5035
0.302038
-1.32384
5.72778
0.2011
-58.161
-50.9193
41.6077
38.3924
11.4557
178.092
35.9498
-18.054
-1.43215
11.6882
24.0187
-73.7918
-20.9514
-0.0551567
-52.7193
4.64032
-5.6424
-98.1553
-11.3351
34.8891
-0.183141
-61.8548
-0.246035
-76.776
5.63427
0.952758
21.9494
1.23512
7.7596
-25.0781
6.12102
36.5348
4.65223
-5.25971
17.6272
3.45391
14.949
-0.319719
-49.159
4.99613
15.8859
-87.5174
41.819
0.136251
21.9084
-65.7788
12.9142
9.07105
14.126
-61.2608
-52.5843
0.463982
1.06616
18.8031
1.22121
-54.3371
6.04879
-35.2618
-17.2895
0.471507
-26.5134
-55.6338
18.6504
19.614
-4.37627
0.995951
15.9375
-5.48043
-15.9273
-60.7067
-3.383
-17.4477
-51.4078
-25.6715
-0.447788
8.37386
-5.68654
-114.959
10.9083
24.2646
-18.1149
-5.16834
-35.4013
0.183925
14.7892
14.6697
-8.27059
43.5615
0.0784546
27.6392
0.884479
25.0714
17.5248
5.04882
5.41111
-6.66355
-7.60198
3.67171
3.81741
-59.6269
3.41443
-25.9716
22.9166
-66.2155
-1.79856
-18.3099
0.376415
8.98487
5.63652
0.0035911
-10.2935
-37.417
2.08055
2.20465
22.8016
37.6535
23.0903
-6.42194
-47.1035
4.35774
-80.7649
-53.4401
-1.21726
-62.2225
53.4552
-71.0156
-6.11735
1.56003
2.61581
36.0012
-11.9464
-10.1418
25.7042
13.7679
-4.14826
-36.2302
3.86286
11.297
2.84253
-89.7163
7.71474
3.47056
-2.09615
40.2315
3.42233
-23.5508
0.898825
-22.1978
-5.32891
44.2257
58.9591
17.6987
27.7794
-1.0547
-1.14826
-4.27664
-3.1766
-24.2649
17.1567
-4.66463
-1.72365
22.1029
-9.92298
0.838188
0.077032
-4.23452
-6.63085
-15.3141
23.9183
7.71204
-88.2
20.0763
-17.8954
-31.6638
0.993127
2.34075
22.3558
24.3693
1.22703
-6.4886
-0.706913
-0.25814
-42.0631
-34.8431
-83.9034
14.8147
-35.6849
-32.5707
39.7266
7.67782
10.0674
18.9227
6.94565
-112.918
-23.2871
5.86628
6.1432
4.16018
-54.1301
-32.8671
0.51298
1.94258
4.58378
-18.0061
0.273391
-19.1949
6.90863
-19.4415
44.6322
23.5708
20.9758
9.01227
-0.368839
-3.49384
16.681
-170.277
-161.227
-7.93186
-22.3359
12.1163
-0.195083
-5.25384
2.94769
-0.881638
-21.0237
25.0199
33.9145
-2.72119
-46.3554
-3.16675
18.8651
23.774
-1.03665
-8.22768
9.60007
16.2479
-43.5644
-26.6477
-80.317
1.45005
-17.0173
36.806
-0.682156
20.519
4.35697
9.80195
5.32453
7.723
24.7705
-21.8574
24.5215
18.2351
-28.2148
1.45643
29.8801
43.0574
22.2173
40.5405
5.15617
-24.2473
-134.151
-7.70292
51.9339
-50.9607
19.0134
-57.7853
-86.4559
-3.82352
-34.2343
-8.18293
-67.6949
10.3724
-43.0841
33.4123
7.70371
-3.84895
23.5077
-17.4746
3.46511
-0.883741
39.2685
-13.0474
-37.2191
-83.3468
5.81827
20.1601
53.1115
19.9541
-11.3465
-2.10503
-26.7593
1.36946
-29.0886
-3.30082
16.1993
-16.4132
-17.9928
-103.855
-1.53324
17.4687
18.3021
-75.1301
0.208897
0.374992
-138.014
10.6274
-1.0198
3.72911
13.4287
14.236
-0.400217
-137.588
26.8041
-0.601698
-147.819
0.313035
2.05671
0.575585
53.4797
43.2732
22.1006
12.3983
0.602395
85.1651
-36.3472
-17.6158
-14.5114
13.8667
-1.2494
-13.645
11.7775
-58.2252
10.4196
2.03757
103.514
23.6455
15.0426
-31.7974
-45.2167
1.31627
-72.9648
35.6946
15.7051
-14.7132
44.0168
-83.8152
3.6369
13.725
-46.3336
-40.0608
3.81871
0.643821
3.0553
-4.34486
3.58748
23.1242
0.757277
5.92263
-2.94388
-1.05903
0.878959
-9.41856
24.2878
22.2874
-51.8916
-150.913
3.5011
17.7851
-0.804606
4.82079
-10.2933
-153.297
10.9144
16.8291
4.8499
-6.46083
-26.4393
44.2935
11.5515
0.71626
9.89232
3.19722
-19.8246
12.6311
-33.5524
-100.206
-50.3052
9.07691
1.45126
-55.5153
-82.673
20.0455
-24.2431
0.669637
31.5634
2.24036
-14.0553
0.709798
-165.388
23.3645
9.92709
2.54485
7.82639
0.725536
-27.297
-135.522
-5.32209
-12.9316
-81.3121
-165.384
10.3958
-13.0966
-126.941
2.89623
-14.1248
2.5894
14.5416
-13.432
2.87032
0.332536
-60.1471
2.72341
18.3485
-154.53
-9.52962
-3.71735
0.0565004
7.479
24.8333
0.323098
-102.41
-3.56162
6.69965
-43.5544
0.281667
26.2883
3.15224
-103.956
-11.2848
-1.6299
-19.0777
1.76375
0.325745
-57.2551
21.0952
-99.1721
21.0695
38.3345
1.45405
24.5164
-104.533
-27.6467
-3.88792
-11.0254
24.6131
17.8354
-50.0881
11.3787
-1.98629
39.4992
7.78194
13.0792
38.094
-5.86775
-111.865
-4.8461
-23.4868
-166.559
1.21119
9.09417
-3.36512
-74.8721
37.2197
0.77759
-74.0737
-38.6401
26.2054
-18.731
-5.66422
-3.57231
-5.16942
8.49735
-17.3493
18.6786
16.5884
-0.938399
-23.7154
39.0319
8.36801
-45.411
-12.3994
14.3126
0.7894
3.73427
-3.56638
-2.20556
-3.87508
22.6314
24.825
-155.538
3.45106
-59.9667
22.5555
0.22308
8.8687
15.7757
-44.2003
39.6982
0.854363
42.8785
-19.3673
17.5703
-10.5162
91.2781
6.2943
-160.781
0.836189
-13.6453
1.62265
3.99796
-47.4229
4.079
-7.60321
-106.835
16.5405
13.1602
-68.4838
12.155
-4.04939
0.241458
22.5475
9.93559
12.2258
-7.6191
11.0598
18.7657
13.3278
-38.698
28.3897
28.8376
19.704
-18.9121
-0.335471
-0.276662
-26.8626
-18.9704
-2.26698
-0.112048
-43.3684
-14.624
-135.883
-18.9967
17.2944
-42.3729
18.5201
-4.81747
24.2272
41.1227
20.9807
21.2843
15.0146
45.5887
15.1366
17.6882
-15.5238
-90.6862
10.8168
17.3948
-77.9467
-3.41422
-3.88938
0.0686268
-1.04297
5.13531
30.6464
-143.757
20.0949
0.940013
-77.3119
9.89578
40.0635
0.812186
-13.7668
20.1555
19.6609
-16.0619
3.78954
-90.7854
-36.3455
17.3364
-47.3148
-10.8248
2.37005
0.124416
-16.7352
3.80776
14.1433
-88.8563
2.98782
-17.0678
3.49073
-0.681935
-0.119689
-159.514
1.63501
39.916
-15.5936
-12.7621
-0.0129586
-17.317
10.8823
9.8065
-17.454
1.99732
-2.85787
-17.5812
-2.19863
6.03931
20.9267
23.3593
4.39412
-17.4845
-17.544
17.9356
-15.2361
21.6257
13.5864
17.3125
-70.6225
-121.102
-0.495851
18.434
-17.2792
-27.525
15.142
-0.636096
-12.756
-0.225672
0.765971
-19.9107
-28.3327
11.0984
-88.7477
-91.7588
-15.5483
3.41532
24.2873
32.962
21.6868
0.737148
-1.01539
-3.95486
1.44149
-149.016
64.8137
-99.1802
-99.8011
-1.5765
12.143
-101.79
13.6408
-36.6539
2.56592
8.75942
17.4505
0.640184
-151.998
-0.205079
22.4197
-155.688
-24.9986
3.48474
-170.661
20.3253
-54.8704
3.08694
-82.8391
-23.0578
-0.706563
15.2725
42.3422
-6.57478
20.4885
-45.3914
-2.26478
20.6164
-53.3893
-89.8304
10.6836
-114.076
0.235118
19.097
-3.09441
15.5455
-2.46949
-80.4375
11.9438
7.25559
26.602
-17.9463
9.99695
-0.0883029
23.3199
16.5857
-40.2816
43.0501
0.881842
39.1496
45.2279
-5.73851
1.75989
-20.1197
-1.16096
-17.7864
37.0978
3.14865
20.2942
19.9189
1.62823
-66.8615
2.93833
10.6962
3.9888
2.7043
37.4415
-5.25103
-1.61528
3.74967
-169.681
23.5762
-72.3118
37.0668
-109.816
29.1184
27.6375
2.43555
0.604164
0.980684
2.04823
45.2665
-39.9321
-39.0538
21.5541
-12.2864
39.6981
-24.2752
-2.01926
6.43574
-3.64065
2.92488
22.8588
4.37563
37.9869
42.4127
-0.469289
18.6302
-85.3965
9.45493
-21.0842
47.3352
17.8155
19.7574
18.9281
5.69937
-46.7781
12.0778
9.97809
18.9091
-0.144695
10.4867
-16.004
-1.8716
2.80826
-169.705
6.64131
-0.944031
-6.68833
-35.9777
16.2923
-17.6491
-42.8039
41.077
40.9621
23.3324
-19.6673
44.6751
1.24853
15.4081
2.35637
9.46709
0.332506
40.1114
27.9303
6.94023
-85.1822
-6.92942
-83.7804
12.2219
-14.5254
-0.639403
58.3848
2.19302
2.57828
43.1753
-137.865
-46.7079
-103.245
-84.955
-168.097
-0.368639
-70.7044
13.3345
-46.0455
7.81985
10.0365
-157.653
-30.8068
22.2954
-110.659
2.92534
-62.9446
9.40138
38.5775
-41.6983
3.19539
1.74806
49.0227
3.41399
42.3136
-164.307
1.00958
23.7212
15.8306
-0.886085
21.6473
-6.51239
-21.0222
-82.9462
2.14258
22.8196
6.06166
-10.3254
-4.8012
34.3732
19.5448
-2.89153
-83.9059
32.6775
13.8145
-162.658
-95.7348
-5.47976
46.7984
15.4804
10.7125
-4.22181
-48.7848
-172.347
-39.8754
10.7603
4.41554
-44.6995
-21.0445
9.58971
27.9404
17.1364
23.823
-48.4006
-27.1606
11.4749
-47.3843
-14.8129
-87.058
9.46687
-64.2257
33.062
20.6012
0.0254741
8.2073
3.59795
45.3654
16.4069
26.6557
5.09294
22.5308
-47.7012
-161.454
20.0296
-23.8722
12.5248
88.5201
-42.4963
37.5133
15.9302
6.57627
-86.6968
-21.8506
-49.9526
-112.094
-23.3542
-109.604
52.3906
-50.5824
-63.8663
-113.089
4.89489
45.1286
-92.5044
-20.3801
-158.187
-11.7289
-84.4663
20.3208
-83.2941
-79.5892
-27.0733
-150.915
-18.7348
13.322
-20.1971
-77.028
-85.3452
11.9733
-26.9433
-25.3694
-3.71964
-57.7651
8.43894
-53.3397
18.1232
-22.8507
4.56496
-39.942
1.98462
1.04478
-36.9684
-8.85647
-4.92395
134.64
194.322
-51.3186
-2.35325
-29.9864
-55.9948
-4.26359
46.777
14.6906
-3.17056
9.2143
-74.6397
0.00029007
3.69505
47.0658
12.286
15.6434
-168.236
0.699485
-81.0222
2.27695
20.9936
39.8868
-129.865
-111.138
18.3921
-58.5471
-39.3695
-17.8883
9.2456
-21.3916
44.716
-88.0554
36.4144
-11.0666
-94.8381
3.40409
10.5371
0.343634
0.602267
15.6888
0.144484
-33.3501
13.7834
16.916
-154.498
43.4995
75.0996
54.9818
0.652688
10.4338
-61.0043
-83.5356
3.26381
-0.770553
51.8068
0.394457
-87.2794
-0.613746
25.282
-18.2246
-1.70055
-87.3171
30.9548
16.9642
-101.613
50.1213
-20.6623
15.0371
17.9719
-29.6885
16.7328
-0.648835
-85.4076
15.0173
-79.0393
-0.574824
-13.6956
18.3087
-63.2872
-63.1983
-0.647155
20.253
-87.5954
-3.23864
-138.434
-145.797
12.6746
5.23224
-10.9172
-23.0653
38.5978
11.0565
-0.1973
-65.6221
9.49592
-0.222202
-14.4105
-21.963
-2.32809
32.113
20.2381
-104.897
0.654425
11.9448
-1.94727
-1.20401
-29.2788
-67.7535
-130.928
15.05
8.61933
44.0298
37.2845
-0.131815
-53.7178
-52.1433
-81.1585
-155.546
52.1129
17.6045
2.06133
18.1166
-36.0818
-56.7485
-62.354
-69.7981
-10.7861
-144.406
38.478
0.306245
-8.67341
0.694953
39.0302
12.0151
-0.494097
8.36536
5.67359
-3.92395
38.6765
-71.7205
1.62295
-153.768
23.1734
-7.09698
0.724819
7.40145
-0.0637478
-41.5929
12.5336
23.6726
-85.5326
-2.64352
19.2548
-91.5322
-13.7033
39.9251
-45.1385
-71.9023
-74.744
4.16693
3.65918
6.43046
-43.3217
1.96723
-0.561399
-73.5278
3.55162
0.124874
-45.8432
-25.8187
9.26727
-66.2274
23.8238
23.6865
0.0338269
12.8651
-34.2863
-14.2212
-61.8413
-168.972
3.30494
10.8685
-146.511
-18.1131
-12.2985
-14.3009
-77.0691
4.63132
0.473139
-53.6024
-145.191
6.51961
-158.254
23.6415
16.4294
-84.4179
23.5587
-64.9709
-0.301556
-81.639
2.2001
-156.249
37.4678
25.7217
21.9479
1.6543
13.7912
11.8214
-43.0079
-72.689
3.21786
-171.032
-0.35451
-4.32353
-82.5554
-96.8548
-2.76719
-5.43211
30.2127
-0.152417
-49.9897
-36.3488
-47.3405
-93.7118
43.0209
-13.2927
-46.0778
-12.7262
18.7723
38.584
-0.429127
-1.0658
4.82053
-77.9906
-0.147478
-45.6743
-35.3557
17.6214
23.7471
12.2736
1.49979
13.6384
44.0704
-173.051
-0.208237
8.84865
-86.7422
-123.742
-74.0598
-24.5942
-23.5087
-13.9028
-36.1784
-6.41481
3.02938
-91.3894
-13.4505
-81.5366
-64.5432
-114.483
-3.0605
-157.104
-81.1264
-86.2985
1.16115
-119.07
16.6322
16.9417
-37.7177
15.9227
-33.0909
22.5602
12.6857
-159.031
-117.815
-38.3203
35.1299
-172.528
8.1267
-1.86085
-133.66
-24.1272
-107.317
-165.298
-13.0082
-117.624
-4.08339
-114.454
-56.1362
41.2363
11.7061
-53.4053
0.104097
13.6954
-5.19037
-110.856
-172.288
9.58749
18.2837
18.0851
0.484271
-2.97739
-109.364
35.2684
-74.9444
12.8556
4.69479
2.63852
0.226984
41.0164
13.4568
-13.4034
-168.296
-106.207
-102.987
1.86425
-170.558
-2.63087
-88.5585
-32.9009
43.304
-32.1704
11.0881
-42.8363
-8.89845
-17.5618
-33.0108
24.9158
23.6478
-97.9618
-167.203
-86.6194
11.4826
48.3756
26.4427
18.1683
21.7501
-29.9216
-146.105
-5.67666
38.2158
-13.7605
-170.34
-162.748
10.0502
24.0107
-164.005
4.00465
8.05439
-72.7644
-78.3217
5.05118
-170.561
5.02372
42.1243
41.1413
-8.1903
-74.2899
31.3816
-93.4843
-32.4678
30.9989
-64.4683
-85.261
-86.3884
-39.3183
-160.315
21.0139
-60.7635
40.368
45.8341
42.4582
44.6604
-30.0001
-7.75977
4.73044
-170.836
-72.9374
1.35236
13.0934
23.2088
-148.557
20.0864
40.3927
49.7147
50.8265
1.89699
36.3646
-2.53639
-4.12559
-113.365
-170.881
4.87004
46.9286
47.9426
2.24953
-23.9523
-5.2548
-172.858
-0.907191
-158.062
-65.7863
-82.898
-49.333
-46.4453
28.1879
-62.3384
19.1967
-86.7126
-22.3663
-22.5256
-168.799
-17.0852
-13.6272
-34.5325
43.1666
46.5961
-155.565
-173.259
14.4277
-165.562
-69.7616
-82.375
-79.7377
-28.0223
-2.16719
119.443
183.7
0.919061
-104.238
-70.8167
16.0948
16.8329
-172.929
-79.7097
3.29319
21.28
-80.7645
18.5399
20.4582
-115.374
-10.0135
35.9391
9.01514
21.412
48.0868
-17.5328
-162.608
-60.4512
6.67644
-171.346
-4.07826
-12.3208
3.19224
24.6436
14.7843
-64.3579
-26.3034
-138.263
-135.972
-159.53
-16.1664
-15.5607
-169.66
3.59477
32.9907
2.7408
0.175094
1.11278
-2.39234
-1.02701
-94.1336
-164.901
-31.2693
17.4348
-23.7689
-62.0647
33.1303
-57.5422
3.54181
12.5386
-2.83753
-36.4083
6.58568
1.836
-165.353
19.6232
-57.0883
-81.8652
36.1599
9.57869
-80.3793
10.2255
5.17622
-58.0406
19.2142
-54.2227
-10.0787
-162.239
13.6311
-26.0245
25.9167
-95.1589
-68.223
-48.5229
24.1376
-148.363
-126.057
-156.047
13.8207
-121.253
-10.6516
-49.3622
-85.7097
-19.5834
18.088
-17.226
0.181391
-87.6972
-90.3292
12.2047
12.1382
-116.627
-31.4529
-69.3325
-1.26871
1.18155
-47.232
-45.6371
-55.4559
-151.124
-75.1405
-46.6834
-29.6222
-25.2805
26.5552
39.1893
-25.3048
29.9082
3.1656
-99.9074
5.42279
-152.399
10.9229
-2.33023
23.0255
-39.0891
0.605231
-131.453
-115.668
-82.1971
37.4369
-66.4176
-2.23326
-30.7845
-66.0547
-37.7314
18.7832
-74.5526
-0.13459
-60.1693
5.29176
2.17775
-62.147
-88.3354
-73.7648
-145.826
-17.748
24.1383
23.5042
0.139056
18.3467
39.5611
36.7746
23.1082
3.34823
42.4786
-63.5881
45.4948
45.3591
-38.1844
-96.7731
28.6877
-126.26
-5.05807
-138.056
-60.9958
48.2644
47.6537
-5.43481
3.3242
-67.8535
-84.6631
-83.5522
-86.4315
28.9607
-121.374
-87.9896
-23.3466
-133.243
47.1511
-152.266
-163.425
-163.04
-64.2215
-28.4767
-128.408
-14.9137
-116.792
109.178
167.306
189.121
115.313
-11.779
17.9614
-5.05031
21.2995
24.3438
10.4367
9.78608
-123.868
-61.608
6.73015
25.1826
-64.551
-65.2558
-29.1401
37.3396
8.22442
-119.804
32.5717
34.3658
-118.967
-89.1665
-2.68781
-0.540005
46.308
-57.2188
-114.272
-100.017
29.1074
6.77997
36.2655
-58.209
-66.21
24.2585
-107.291
47.2314
2.79749
-97.5394
-98.357
-101.983
-86.7935
45.9489
33.0104
-19.1612
12.9385
23.8907
47.3595
-97.4175
-82.4635
-28.2966
20.3593
-44.5327
-47.9583
-98.8391
3.9924
-45.5569
-48.771
-95.2559
-27.5141
-89.8789
-25.263
10.3118
6.04972
-73.4394
-35.0141
-26.2155
2.43118
-84.7616
-65.9095
-57.6684
23.4613
23.0367
-11.3654
-114.007
2.48162
-1.5941
-18.8429
-76.962
-72.2796
19.123
-26.9775
6.62177
-34.6693
-57.1197
-64.0928
-68.305
-41.3223
-18.2899
-17.3758
-36.3915
23.8072
24.2755
-27.4837
-47.8156
-54.2993
-34.5903
25.5511
10.4609
41.0079
36.6809
-51.821
46.9901
45.2562
25.9567
-3.47456
-6.2871
48.7602
48.2377
-4.59277
-6.37791
-68.6025
-85.3134
30.4876
28.2047
-88.6237
-90.1324
-55.2675
-89.2824
-23.7277
46.2088
48.6493
-149.652
-7.3798
-27.8404
120.356
209.304
157.537
96.1187
18.4258
21.8631
-24.7437
25.2067
-65.7131
-64.9809
3.67591
3.95394
35.3554
31.1488
-23.5125
-0.283723
-3.24437
-2.55189
-35.5803
-38.5586
-64.0895
-58.0889
7.64741
-82.0032
24.7101
-88.1078
-24.4562
-3.09279
13.2626
43.6417
50.3258
-49.091
-44.1888
-97.0565
12.6651
-50.046
-49.7916
-26.0146
-6.90522
-7.46542
-26.4139
-26.9795
2.54311
22.5913
23.4459
-112.104
19.665
3.74651
7.34139
-23.9078
-104.374
-17.5085
24.7887
23.6301
19.9232
42.5902
47.7876
4.10723
-7.29236
50.2723
49.4981
-6.49965
-86.5644
31.264
-90.6212
12.256
13.1061
46.5877
49.7138
-150.674
-28.247
83.6296
114.198
144.83
16.9838
20.6077
22.5636
21.6428
23.3041
-65.8503
-65.8373
36.8124
-59.2402
8.29058
7.84264
-13.2732
24.8042
-88.3418
23.2283
24.2305
13.9966
-78.6073
44.3325
-43.1606
-49.4723
-49.8625
-52.0207
-26.7812
-27.9432
-26.8233
1.73344
3.39396
22.5424
-111.811
-110.634
-9.33513
20.0203
19.851
6.70044
8.7301
-25.5984
-17.1146
24.9124
23.9061
25.1572
11.2969
42.7977
-17.6465
46.785
49.502
-8.54487
-7.12375
50.8525
49.436
26.7049
-88.4022
-90.5799
-91.9658
24.5187
24.1997
51.3846
-148.341
79.3719
74.4429
104.836
-59.0302
-98.2586
21.0813
22.8159
21.1782
-66.9482
37.897
9.19679
7.14662
10.8985
11.234
-16.8152
-17.2081
25.3225
14.2751
14.4862
46.0417
-49.4592
-51.1341
25.0214
-52.9055
-27.5538
-27.6644
3.48885
0.912864
-57.5428
22.0725
-109.835
-110.839
-61.1645
44.4888
46.321
20.5356
19.8248
9.26462
9.58585
-16.5895
-17.2114
25.6979
23.6987
44.5332
-99.3509
50.5675
47.3803
-9.66339
-8.61929
50.6925
48.2021
-88.992
-89.7423
-91.9269
-91.9301
51.763
52.5382
-148.953
-26.0127
63.5693
23.5116
20.8829
23.9385
-67.9782
9.88126
9.82174
7.40525
25.6735
25.3054
-18.5394
14.9856
49.7377
43.0614
-50.3248
25.3556
-54.86
-28.3276
-27.1298
0.110788
4.49887
22.0444
-109.216
20.839
11.0075
-16.7857
-17.7556
26.071
23.9524
44.7061
46.3781
52.4808
46.2134
-10.8932
50.544
-90.8446
-89.0726
-91.8531
-93.2906
-98.7744
54.4723
-146.513
24.8991
22.8956
21.4652
23.8087
-69.0773
10.7201
9.50922
25.8043
15.2638
39.7251
-49.9258
25.8778
-55.511
-56.2677
-29.1456
0.0893056
22.4241
-107.322
21.3951
11.9728
-16.8903
23.722
25.8786
24.4449
46.5395
46.4989
53.3798
-12.0875
-91.3515
-90.4192
-93.2218
-94.7966
-93.3047
-143.66
-147.172
27.3361
24.6918
21.1895
24.4349
-69.1348
11.1837
11.2694
25.8289
15.9434
14.759
-50.728
26.2203
-58.4104
-54.1072
-29.9444
-29.2024
-0.819219
-15.0569
21.6625
21.6928
13.4404
-16.4588
23.934
26.2174
46.8044
48.3672
-13.2958
-12.1458
-89.9529
-92.4365
-93.2192
-96.1012
-91.7681
-144.904
28.5987
28.1374
24.6079
23.4713
20.5442
-70.2516
12.2581
16.4666
14.9611
-51.8361
-60.0253
-29.9467
-30.157
-1.47704
-0.901898
22.2685
21.4196
13.8005
14.564
-15.9442
-16.5436
23.6737
48.9021
44.6687
3.81822
-14.5565
-13.173
-93.8835
-93.659
-91.6198
-97.6717
-145.078
-23.6277
-23.9986
30.8785
27.5941
24.2563
20.2895
24.7112
24.6678
-70.3783
-71.2836
12.9389
-62.2737
-30.0107
-30.6971
-41.8957
-2.39752
0.10113
22.5517
14.1663
15.1479
0.683247
-16.0982
-17.0803
23.8629
5.28856
4.6361
48.8187
4.33636
-24.732
-24.6913
3.67621
3.35947
-15.7294
1.69608
2.35692
2.69553
-95.5058
-95.9965
-93.1186
-43.1224
-18.7494
-99.1891
-92.9524
-97.8256
-142.68
-16.7008
31.96
25.3935
25.7984
20.7412
19.6091
24.9219
-42.0197
-69.3919
-71.5187
-44.5251
12.3178
-26.1633
-25.7877
-26.869
6.21711
1.33175
-64.0698
-62.7947
-30.6229
-3.29
-102.688
23.151
15.3807
15.4076
-1.30715
-16.1709
24.3408
23.5757
50.8787
-17.1187
-97.0824
-96.665
-94.5687
-95.8609
-100.618
-92.924
-142.962
-140.042
34.3843
26.471
19.2039
24.174
20.4383
25.1359
-71.4398
5.57319
12.7458
-63.4969
-66.3485
-31.3586
-17.1624
3.34827
23.4972
23.4108
-47.1497
17.0113
14.9689
14.3254
16.6147
-15.7143
23.732
-18.2494
-17.4525
-40.982
-94.2895
-93.7178
-97.6931
-140.464
-22.824
35.7098
35.1891
26.257
20.8818
18.557
3.69257
2.69258
-72.4923
13.5833
-65.2824
-31.1913
-32.3019
23.0255
23.9995
13.1648
18.4396
16.7507
-15.7637
-15.2015
-18.9494
-17.8584
-97.9327
-91.5254
-95.1876
-140.411
33.8322
37.5963
21.6492
24.7065
20.5318
23.183
-15.294
-73.677
-13.8703
14.0958
21.7754
-39.1727
-64.6751
-31.8811
24.2475
17.8166
20.1511
12.5361
-4.3027
-14.7466
-16.2895
-2.9621
-81.394
-85.4807
1.45936
0.0620406
4.9745
-83.035
7.33036
-99.2184
-18.8645
-19.3683
-97.7629
9.03179
-94.2049
-99.7806
-97.5156
-96.0864
-73.4872
12.0413
-73.462
10.2793
-6.91602
13.2014
-69.5001
-69.4115
-5.66371
-90.0571
34.5203
15.013
19.7694
-68.0574
20.9553
26.0075
-88.6721
-5.633
-1.56636
-67.9332
-74.907
-63.979
-81.6623
-63.7911
-94.6618
-80.2318
15.9692
-62.4062
-1.42598
-62.181
-82.702
23.71
-81.4969
3.02095
-91.6346
20.6582
-78.8755
-60.7717
6.4337
3.3019
-72.1149
6.01678
-70.8307
21.3839
-74.8105
-93.4294
-82.9387
-66.5659
-62.0965
23.6745
16.059
-31.725
-93.0415
-84.1557
23.2158
20.8005
-66.5554
23.3791
-52.9142
22.1489
22.1191
-76.1511
-65.34
-77.4909
-62.3521
24.8498
-52.501
21.5682
-59.6286
21.7368
13.8542
10.5518
18.9647
15.0952
23.1993
-8.11444
22.367
-51.0061
17.6773
-51.1568
-16.3366
-14.2515
20.0166
-60.508
20.52
26.0276
-43.8719
21.931
19.0523
18.8052
22.9801
22.6698
21.8538
21.5581
-39.8668
-44.4506
24.4821
-60.8274
20.4746
22.6428
-61.415
-61.6861
-21.0177
-20.2172
-18.4292
-18.0258
-58.123
37.8503
-99.9648
16.9189
-95.6721
-101.49
-94.8725
18.3195
-91.8158
-55.4839
20.201
-56.9709
-54.3821
22.1309
23.7284
25.1329
21.4314
17.6966
33.2018
20.5369
17.6456
15.956
27.4524
14.7798
-35.2899
29.2823
22.3014
11.0487
-74.9488
-75.8446
13.951
13.493
-77.527
14.1907
-50.5506
21.2549
27.4593
-51.6217
31.4717
-39.2071
33.5845
42.3257
29.4826
31.1712
5.69273
20.5367
-20.1081
13.778
13.2532
-49.5825
21.5628
15.9977
31.8521
34.9912
19.2925
-76.0996
6.94281
38.2684
32.8382
-28.3707
24.7131
-32.9959
31.5902
-86.9801
19.7701
23.1588
20.9673
14.0967
25.772
-32.1992
22.7442
19.4452
-62.6276
-27.7311
15.2997
22.9927
5.85421
24.2393
-34.5477
-48.5283
26.3875
41.438
15.2662
-6.93436
21.0225
37.0743
-46.9769
38.0581
-148.925
29.6954
36.0354
-69.2705
-65.6533
30.3855
35.768
-30.8344
14.0777
45.4681
-32.352
42.734
32.5955
15.9002
43.9635
-45.9785
6.58606
25.8657
5.68372
38.8742
-24.9759
-29.9114
14.5868
43.1219
8.23896
7.71079
30.2667
-40.5089
-26.9276
33.3517
48.4172
41.5914
4.00563
25.3041
-0.251086
-59.9376
25.289
0.418838
22.1594
43.3796
25.0404
26.6939
13.5189
20.0482
21.5407
23.2448
9.47395
-78.9071
-76.1541
-42.3159
-26.2317
30.7854
7.41212
36.8065
-4.65908
-18.2672
13.2986
-151.966
-13.8044
16.3144
33.6067
-16.8759
6.00799
32.0895
35.4465
30.5809
16.5615
29.9225
36.2865
31.4499
-151.682
32.4122
9.36463
30.7681
35.4069
-59.6767
-15.8792
49.8187
6.72737
-74.8002
7.09178
8.27334
29.7387
2.703
26.4871
25.3087
24.6795
-98.6149
39.4776
-148.921
34.4206
27.8052
17.9027
26.9602
-4.2615
-19.3202
-21.536
-22.2799
32.8604
-45.1082
16.9072
25.5722
25.8107
-17.1949
-19.8879
3.98722
-77.4522
-38.7444
-20.8986
13.0109
5.51457
-103.38
-94.6291
18.377
23.9535
-30.6204
11.1672
-98.2133
3.3513
-16.7655
29.1454
16.4482
-51.246
-14.129
36.7522
32.4093
36.2091
-18.3563
-92.4352
35.5419
-18.8423
31.9054
-20.1891
18.6146
24.5839
-43.3855
5.2014
28.6889
-37.3724
17.9176
-33.0491
30.3156
29.2931
34.0595
-39.0062
-96.9495
-38.8189
33.6292
-19.5268
42.1203
35.1072
20.9383
2.34113
-15.8495
9.71886
-34.8412
-41.3959
39.0218
23.983
34.6503
39.6191
28.2627
23.2805
-2.922
24.7165
-4.83839
10.0928
-59.0733
15.8109
-84.8795
33.6792
29.912
6.02307
13.0596
-18.9804
5.89723
19.9152
4.71783
30.3287
50.7325
-35.8536
-14.6599
-18.7023
15.277
25.982
-42.3738
42.429
23.4092
1.20955
14.7352
-76.0043
5.99632
27.0712
15.8475
37.4065
31.0394
44.5119
27.6247
-28.5824
25.8808
-50.4153
29.7509
2.38161
-19.2752
-65.6575
27.3176
36.8072
31.2688
29.9089
32.8082
42.4845
-49.154
26.4533
-99.0721
15.552
1.72634
31.5965
25.734
-17.122
-22.4032
4.37621
-20.5764
-101.235
30.9996
-37.6299
20.5543
12.2888
35.0427
42.9743
21.1104
-19.006
34.6903
-11.6952
-51.8631
26.2962
42.9936
6.82725
16.527
-80.2647
-83.1777
11.2054
43.4775
19.3637
29.0041
-32.657
-97.3223
39.9129
-44.8506
-92.0858
-18.1778
-10.9904
26.585
17.4888
-27.3749
-18.0398
-50.8761
-49.8439
-85.8985
-61.2597
15.4372
-11.2355
4.02143
18.7975
-56.2405
-0.851149
-53.3553
6.85482
16.5787
-40.8613
23.6207
17.2625
26.8004
-3.41652
21.9464
-7.44919
-0.564305
2.68305
11.8047
10.9698
-28.0316
21.7853
-92.8216
17.0376
10.3723
28.5893
-11.3382
17.0605
42.2227
14.3061
7.37375
27.1255
13.515
4.47296
-15.6427
-114.624
26.5708
-55.3379
-10.9541
5.87529
19.3566
6.40007
8.24747
-139.628
-3.75816
-20.2529
29.1501
-80.0393
-24.8671
1.80282
-6.98985
-79.9575
-32.1371
9.62201
-55.7905
-55.1027
23.929
-67.837
-80.9961
-60.76
24.5151
26.1249
19.5145
6.99622
-21.2893
32.1614
9.21031
6.46277
-6.07569
6.94261
-19.303
22.1452
-32.6101
20.304
-81.7896
31.1338
-33.1792
-23.3859
-98.0032
-70.7881
-36.8158
11.653
10.2236
-37.0055
19.2757
-15.86
-16.4246
9.03694
-23.6797
-10.6381
11.4087
4.14586
-24.2695
-33.1872
-38.3037
37.0951
-96.9904
-99.9252
35.0585
18.9628
-82.2387
-32.1383
-145.787
22.3456
-19.8506
-15.3931
24.5967
13.0857
-78.6416
-19.3231
-1.32305
-12.936
30.0506
-96.3445
-54.7533
16.4082
-10.8582
25.0129
-30.5117
-105.884
-72.2082
6.32693
-87.4193
15.0266
46.6656
1.626
-78.903
23.0344
-17.0935
28.9458
34.6366
21.2049
-37.0827
41.2209
-24.6799
26.6827
15.3713
-7.7665
-13.8705
-6.1566
-16.9184
10.5331
-13.3271
-14.0066
-15.3179
13.7275
2.32145
-79.6076
9.44825
-34.271
39.4401
-6.62612
-83.2738
-13.8467
24.2779
-8.83189
26.2314
8.41115
-82.5631
7.73319
-95.1894
34.1881
20.8039
33.1312
12.5464
41.2057
-89.2106
-73.4915
7.68236
-12.3063
25.6532
39.636
-17.3693
13.1367
-95.7292
-33.4804
-84.2466
2.59663
24.3739
38.4599
-35.8281
-83.27
-82.0563
-105.931
32.7599
0.625306
-20.567
25.3795
-10.1798
-18.5219
-64.939
-87.4933
18.6748
-17.27
-35.6714
-30.9739
10.2169
24.3426
11.3096
33.4474
-2.21992
-96.8424
-99.3516
-23.1779
32.6656
-104.939
36.7684
-14.8826
-6.43409
-17.16
38.5357
-78.9028
53.5742
-2.08967
27.1967
9.05486
-74.0376
33.6361
19.0054
-127.663
-11.2185
21.4995
-83.1887
23.974
-18.372
-57.4189
-52.3541
20.0167
-17.6882
9.59953
-21.7228
-11.3366
-25.0872
26.689
-55.0208
28.3627
12.5681
26.7258
-53.6861
-17.5877
22.0576
5.76955
30.6069
22.0509
-99.2885
-17.7077
-84.7751
-122.363
-18.86
-30.3501
-139.373
-53.0155
-23.358
46.0252
-6.69931
-41.1216
-96.1357
-66.0826
-85.2156
20.332
-13.8549
-24.9856
28.5564
6.9232
-64.3034
11.426
-80.1943
-98.3117
35.8494
-1.22992
-66.1773
-84.7308
21.3178
34.6435
4.33495
30.7314
-21.5634
-105.228
27.3816
31.9605
-36.5073
11.8791
12.0957
-47.0169
9.39616
16.522
-18.5793
7.07737
-39.6459
-92.2624
-43.6066
-104.107
14.7274
-15.1962
41.5501
28.6487
-113.544
-10.7432
-69.6498
9.26323
23.058
18.4056
4.261
-97.139
-19.3265
-67.2625
27.9113
-142.712
-36.6963
-87.6852
-1.76637
-9.19463
-78.7991
32.2186
38.0081
11.2883
-16.8254
-5.6979
-41.713
19.3912
-11.5836
2.2663
31.9568
-25.5747
-18.625
21.4868
-75.8369
-123.56
-86.4572
-37.8111
-98.2335
-19.3059
-32.5746
-16.8864
-17.3958
-7.38467
-94.1002
-56.6347
-24.706
-14.2256
31.1769
-1.46114
-85.7036
-21.1519
-71.788
35.4155
-40.612
-10.1126
-25.068
-103.96
-7.34457
-26.3041
-79.8386
-19.8129
21.8185
9.88293
32.6141
2.66082
35.6204
41.1941
-96.0104
14.8536
-6.71
24.694
-83.1274
-26.7329
-83.5938
-91.2285
23.7324
-4.66551
-70.7235
-86.4093
-41.1633
-27.2195
-99.8413
-59.468
-115.576
-126.663
-126.209
34.7518
-27.0133
-20.2927
9.95747
24.2235
-18.4459
29.651
8.91671
33.8853
-46.5105
-24.5876
20.1152
-58.7696
-78.4986
-6.19612
-121.684
34.8459
-63.6528
-2.39735
26.156
30.9546
-2.53323
-75.9728
34.4863
34.8618
4.77863
-46.5786
-8.90703
-24.2988
-41.9121
-19.1454
21.6086
-75.9152
26.7178
4.29808
-35.1425
-12.3495
-14.4151
-123.803
20.0968
21.8172
-78.3813
-25.3019
-71.8912
-19.4472
16.3848
20.4431
-4.83795
-74.7013
-2.86494
-9.83664
-94.2979
-7.22923
-7.88135
-9.22697
24.6024
-1.49618
-1.13382
-77.5233
-20.699
-86.4135
-27.0303
-97.0469
-9.33372
-14.7573
23.2236
-23.7371
-23.1107
1.53918
-34.9513
0.0396879
-86.3782
-79.4545
-0.109426
2.35838
-9.28864
-31.8984
34.8906
17.9826
-2.18025
-111.61
-75.1502
7.16576
-119.948
-37.9033
10.3014
17.6793
-120.909
20.3057
13.716
16.9492
19.5007
-77.2478
-5.77599
-11.899
-106.465
4.77411
-11.3086
-3.1858
-47.762
28.2821
-20.76
-41.4331
28.6672
-77.5706
-7.4576
2.62301
-17.1838
-36.3104
-13.8791
-38.4035
-9.2342
23.617
-21.7315
-71.0676
12.8118
41.5934
33.1244
29.7232
-67.9876
-22.0836
18.9856
31.5518
-107.636
30.135
-26.4874
52.5994
-22.9487
20.0615
37.0882
-23.8418
-9.04153
-85.9528
-90.233
-38.2407
-107.161
-33.0717
-51.6377
-16.8779
-5.97963
-108.342
27.6733
-8.43692
-126.431
-24.6645
-30.211
-46.0344
-20.5482
-35.5788
-101.695
-105.314
-18.7248
5.02895
28.4028
-100.793
6.54059
-17.8494
-2.08781
-140.646
-0.281258
-11.7888
-23.5442
25.5023
-27.9832
-22.0385
10.9078
-70.8854
9.69711
-1.83821
39.7964
-6.85689
-0.665209
-10.7491
-110.656
-13.2229
26.2049
-62.4033
17.2848
-19.1171
4.79731
16.6517
-20.524
24.2498
-25.9982
-3.389
-107.743
-9.95219
-35.7536
-57.3121
28.6828
-125.594
5.44647
-111.539
-83.0549
-25.1597
-32.7553
-40.7811
-116.754
14.3588
3.73134
-67.3943
8.46703
6.6369
-23.2756
-17.563
-149.587
-110.946
-128.027
-35.4354
-97.5823
-60.0362
-21.8947
-121.16
16.9121
-62.6955
-84.8593
-81.7563
6.2966
-85.6219
34.0631
-75.8261
-78.3132
-32.8187
-41.5655
-117.636
34.6609
-26.6202
28.4682
-36.0268
-95.3836
32.1356
-23.5923
-118.924
16.0911
-0.222689
-36.7052
47.1107
-64.9928
-136.82
-12.8383
29.022
-9.49336
-23.2791
10.7525
-24.5042
-26.12
-0.652754
-16.2318
-103.476
20.1605
28.3913
27.2752
17.5904
-5.71648
3.38464
-68.1962
20.1005
-21.3894
-145.672
-104.629
-10.9862
-108.05
11.7823
6.9995
0.0406095
-62.3797
-88.721
-107.135
32.6153
-23.8981
-3.30972
34.2353
-111.127
-34.4757
35.2946
-35.8774
-35.7218
-66.1675
-23.8454
-21.1799
-17.4709
17.1107
-14.9803
35.8623
25.3652
-2.88677
-34.2592
22.3631
1.53605
24.6781
-32.592
34.9347
14.4898
-87.4438
-54.4154
29.7828
-102.922
-32.5793
-6.65844
-23.7918
11.5223
-11.3752
-5.36904
0.091581
-18.0751
-32.9825
4.80151
-89.3227
-109.317
-95.4842
28.8335
-100.374
-23.655
-13.3021
-7.30265
-107.533
6.58256
-93.32
-109.035
-10.4986
34.3765
-41.2132
31.9093
-22.1387
-53.4642
26.7042
0.661972
-23.6222
45.4574
-69.6801
-27.1495
-42.1938
-8.12715
38.8933
42.5603
-78.8464
25.4188
33.1778
32.3024
-38.8995
35.3114
-21.2497
-50.7798
29.9175
-29.4216
7.66989
8.0323
-46.5383
-28.8573
-21.3407
-29.4905
-6.9797
-62.4322
-130.271
-37.49
17.0173
39.7844
-113.132
16.1421
-23.1263
-21.7948
-36.6032
-36.4685
-114.233
28.5848
15.9486
-12.8858
-119.362
43.5312
-33.3704
29.1861
-34.3275
-123.196
39.8999
-149.122
-8.11505
-138.273
-14.0111
28.822
-34.2678
30.4019
31.4539
8.57632
-72.0773
33.6442
-13.1686
-124.823
-47.0354
-16.4127
-60.5456
-60.3436
15.6491
35.5494
39.7461
-14.7115
-15.6364
-49.558
-24.05
-66.1025
33.0974
-4.5906
49.0189
-113.485
-86.2129
12.0796
-23.8177
-131.224
-7.0336
-100.016
1.80386
16.1945
-99.4606
33.8377
18.9489
37.1428
-32.2326
-32.1668
39.5876
14.0141
-20.5632
-61.248
-107.963
-14.0499
-105.244
13.5636
43.0102
-106.915
12.2991
33.5534
-102.759
-39.2972
-47.476
-23.0097
-149.199
27.7361
-63.857
17.3646
-38.223
16.5496
-134.976
-3.24821
-9.36019
-89.8671
20.8198
-2.26049
-57.7758
-12.2839
-7.62463
-67.2974
-98.7055
27.7988
-104.246
-8.75185
-19.6774
-107.273
-34.495
26.1468
44.7982
-84.9557
1.00526
-16.4795
-10.3614
-6.91358
-76.4462
-35.1284
-9.34019
7.42924
-51.3615
24.8877
-88.8266
-1.78833
-22.7144
-7.9565
38.8738
-1.74894
2.39056
-101.732
8.07314
-7.90417
-7.75083
-9.32066
21.8151
-51.1514
-30.3196
-26.2243
9.36921
-107.145
-62.1614
-0.256863
12.7548
-29.4659
21.1091
-19.9331
-137.965
-6.88039
-81.0113
-104.997
-52.5043
-24.0004
0.932967
7.67205
-100.119
-133.405
-3.93483
53.2453
-133.953
30.7993
-16.4379
-96.3428
-14.3361
-120.057
-21.9741
-15.9222
-120.107
-16.3012
-37.2465
22.2262
-130.802
-37.5819
-95.9657
6.37983
17.0905
-24.2061
-127.96
10.973
-103.069
-99.535
-19.7316
-86.1096
17.6833
-82.0317
-45.0495
30.4489
-134.124
-82.8114
22.961
-56.5163
-63.7443
27.9948
-15.2265
12.649
-101.731
-87.631
19.8341
-34.9672
1.38807
9.63481
11.8109
-29.1533
-5.74506
-56.6026
11.81
-11.293
28.3593
43.1265
-39.4376
-20.903
-30.0611
-65.0492
20.8356
35.2905
-56.4316
-105.351
-88.2688
33.9964
32.7362
-48.6352
-44.7395
14.8452
5.77923
-138.651
19.6123
3.55819
-43.0467
18.1059
-140.133
9.00329
8.70543
33.9873
39.9627
-65.0031
-52.7511
16.0017
36.4147
-24.4498
31.4152
26.3764
-20.8107
-69.4792
-7.29379
-29.3262
-52.2099
-47.5158
-99.8274
-84.5881
-48.4977
9.8956
-27.3847
-43.3015
-72.1907
-49.3633
37.7821
-58.7723
-52.264
-79.0266
-6.20703
-53.8583
-15.0821
47.9199
-39.7067
-46.4171
-25.6985
27.7504
7.97449
-126.844
-100.566
-20.4828
36.1604
31.1521
-30.0869
-80.1647
-26.9336
17.8175
19.3467
-70.8003
-102.656
-17.3703
-106.114
-13.5888
-12.2434
37.6376
32.9922
26.9775
-29.5588
14.4168
11.7437
31.564
-102.119
21.0269
32.9767
15.494
-93.9407
-41.7669
1.53062
-90.533
-58.5776
-94.988
74.6027
-15.8138
8.54243
32.0571
-147.866
4.71411
-19.192
38.4045
-52.0189
6.48239
-77.1048
29.254
-114.894
20.9737
16.0157
-49.6795
25.0057
-155.305
4.18557
-64.2192
25.8165
-29.1301
27.8138
-43.0353
-14.2769
-40.0494
-52.9382
-16.3123
29.15
28.2462
-76.0538
-43.5622
-9.76694
-21.7206
18.0346
-13.3369
-126.91
-124.538
-7.06135
-11.9831
-81.5825
27.8783
14.2106
6.46938
-23.2066
-11.6893
-106.766
21.8528
-36.0658
-49.4153
-58.6093
17.3002
31.0947
29.9565
-82.1927
27.2264
-120.446
-32.5307
-27.3825
29.7445
-89.8855
8.17332
-83.2949
39.2524
1.42571
-117.022
-24.85
26.4585
-6.05123
-129.361
-62.8089
5.246
20.1737
-27.9745
27.1861
14.3235
-87.2245
-45.7118
38.9883
-46.9125
29.9247
-0.284424
-8.65798
-8.40426
-68.3536
8.95294
6.15942
-37.2454
-74.7267
-88.1259
72.9986
9.79195
29.9513
30.8874
5.56545
-82.2755
-126.671
-13.8035
31.7506
-100.027
1.5224
-23.4061
-151.829
31.8233
-19.68
-97.4529
28.0751
-81.1627
-24.2925
-42.0057
-119.692
28.234
28.9004
12.2463
9.71212
-112.143
29.6425
-7.27562
-101.687
-1.29353
-8.8977
-21.2114
-14.3568
30.0326
-134.144
-90.3859
-92.268
-94.0531
-83.8468
-69.359
-22.3202
27.7208
-26.8289
-61.8178
-13.2361
-22.6627
-10.2764
-110.053
-130.709
36.1907
-10.2617
-89.2323
-50.1144
-36.3964
-35.1899
-43.5184
-131.886
-37.9913
-53.1656
-29.8295
-44.301
-26.1425
-52.611
0.730394
-15.9221
-109.974
30.0356
-16.1702
29.4378
13.7826
-122.969
-12.7834
-17.862
-126.189
-114.721
-37.2785
-78.7679
-33.2819
-98.9957
-84.8432
-19.9506
0.787576
-84.3042
-96.2272
10.9546
20.5169
17.2364
-102.376
-75.5546
-115.985
-95.506
-4.96314
22.9517
-12.3251
-12.9586
21.1351
-22.8021
4.36218
-0.773695
3.3113
6.36716
-7.73848
-124.318
-14.1177
-13.075
-53.1935
-21.6597
-34.8307
-45.9317
14.8496
14.4222
-42.0351
-2.65588
17.3095
25.585
-13.0749
22.2815
-59.7925
-7.96786
-38.8576
-72.0024
-9.62822
-75.8763
2.93613
32.991
-58.6316
-33.2578
-34.2103
-37.2837
-105.628
10.5553
41.4713
-74.2727
-1.39083
-69.1081
-77.9764
-57.9433
-135.447
-16.9034
-0.385011
-82.1678
-61.4654
-32.6014
-10.7495
-2.94636
-115.582
13.3979
16.9797
-110.732
-95.0106
-109.505
33.25
14.8987
-38.6416
-18.7133
26.4234
-13.4616
-4.37174
11.4027
6.02407
-82.3854
-22.4909
50.6105
-7.6552
32.7139
-36.076
28.2154
-81.1878
-9.06533
43.1879
-94.5632
-8.55733
-20.6337
-96.0272
-123.249
-47.9469
-17.82
8.90396
-14.9494
13.0922
-5.81816
-85.1563
14.8896
-24.827
-4.23849
15.471
-92.6908
-118.355
-34.465
25.0931
57.2411
16.2078
8.822
6.02452
-24.6301
42.0934
-2.52581
-26.4172
-21.081
-12.4075
36.442
72.5928
-136.124
7.67452
10.1011
-105.161
18.0287
-25.2525
-22.6062
-26.5798
-95.2271
-30.9004
15.7089
28.5303
-69.7188
43.7879
-138.766
-22.6977
-49.9714
-33.3385
30.743
26.3188
-27.4841
-78.2019
-16.6888
-100.34
-22.156
18.4165
-33.6495
32.8943
13.8653
9.43748
-12.3787
39.2616
6.37492
-26.8615
-29.7664
-13.6943
28.6433
-74.1892
17.5936
17.9357
15.9758
-56.5267
-21.0235
-13.3802
-10.8192
-106.552
-3.99252
40.6996
-69.7756
-40.135
-12.9042
10.9434
-52.4954
-78.1005
-70.8838
-21.4592
-83.6278
-69.9608
-33.3349
-9.51396
23.6027
-133.243
10.6252
-96.5672
-22.9641
7.82175
5.0945
26.883
23.6741
-51.6578
-148.452
-91.0025
-22.4113
-59.6576
18.1269
-13.2156
-17.4091
-2.5662
-110.577
27.0475
-62.3104
-2.29607
8.23472
18.2641
-11.2024
22.9313
-97.2624
-46.8056
34.4278
-46.4318
-101.068
-34.6379
27.6764
-32.6397
10.1668
-100.111
-31.1241
-7.07423
-6.46218
-5.16399
-4.46176
-1.65302
-0.727041
-0.800535
0.959805
8.39624
10.3599
27.1012
-132.026
-81.7302
-74.243
-3.0828
-89.9776
-26.0135
-111.532
4.40589
10.651
30.5494
-68.5179
1.80222
3.51425
6.26585
-13.9911
-15.2425
-33.0582
-60.4339
-1.00886
-56.0433
-23.011
3.29791
-51.8813
13.3711
8.54586
24.3585
10.773
11.6491
20.8825
-77.2779
-76.1188
-54.9802
-24.3414
-92.4662
-98.5259
-107.261
-123.936
-59.0216
-39.2376
-20.8812
-108.364
20.1587
-7.89284
-123.463
2.15302
-16.9881
-24.7318
8.68721
-8.15359
-8.61798
-102.156
22.2751
-7.79461
24.4173
-71.5907
-97.8177
2.7515
24.5837
5.13534
-13.6663
-93.8824
5.41321
25.8914
27.5015
32.6257
-0.877305
-36.2162
-49.0589
-43.2423
-64.9938
-60.445
-117.51
31.802
-71.7441
-40.3376
7.89508
-104.036
24.1325
-64.7971
-48.7317
60.0734
24.4736
-42.856
-48.6266
6.76337
-30.8634
-63.8872
27.4299
-35.0428
-83.8809
-90.9388
-5.52845
-4.12441
12.6061
-100.937
5.08738
5.38058
15.5802
-102.289
-57.843
25.1923
25.3506
-135.405
-45.6642
-50.0546
-10.2552
-38.8141
-7.75619
17.639
9.83128
-15.4907
34.6739
6.65521
-25.0062
37.6423
-77.424
-20.5035
-23.705
-151.593
43.8625
35.7264
-64.6676
-44.4177
-40.6077
-9.7537
29.0762
62.5891
8.50796
-17.4741
-11.7059
-50.3996
67.862
-93.5816
-90.7333
6.84481
31.1902
-18.0347
-67.2913
-100.4
-70.6835
-18.3399
-45.2224
-48.7534
1.98463
-37.1441
-26.5638
-76.8066
-80.9749
2.89802
-124.869
-56.2518
-108.446
-69.7196
-1.9555
24.9196
-32.9768
-34.9024
-9.47793
-94.5224
-49.2674
-7.47722
-113.158
7.99922
-5.96359
-95.7544
-15.7442
-29.3212
-118.522
-128.796
-134.401
-130.123
29.0135
11.2717
28.9014
29.7034
-42.5164
68.7541
-68.503
-36.2227
-4.2997
2.1466
-46.1625
-10.6979
-120.665
-57.0036
-4.10616
-53.8569
-128.197
0.0865342
9.18295
-88.3233
-84.9307
-30.8153
-35.2512
-24.6067
10.9226
-11.5989
-134.406
-96.9276
-73.5884
-65.325
-23.0815
-127.76
-103.838
-84.5979
-33.9313
-120.524
-44.6017
15.1402
3.95469
-89.9349
-1.22905
13.3212
-81.8064
-15.9553
-46.6163
-83.018
-2.99297
-2.87366
31.16
-18.5785
27.7651
-19.9411
7.50093
-48.124
-32.7947
-17.9202
-45.989
101.985
-24.9062
-88.2727
-91.6437
25.0674
-27.3591
-28.1613
-107.088
-104.716
-54.4153
38.9464
-6.32215
-15.5032
34.7653
-110.21
-130.15
-48.8476
-122.431
-33.9271
-65.8302
28.3989
-58.7735
-83.9909
-100.85
-17.5779
-16.4306
-39.1075
-23.1705
-81.0701
-76.3985
-79.1579
-33.2192
-17.956
-83.2999
-83.1841
-71.6995
-45.0805
-37.1247
-41.8749
-112.53
28.2608
-116.911
-96.9357
-89.3988
-101.156
-21.5836
-28.3636
-28.4135
-120.934
-114.805
-80.3595
15.8789
-98.4625
-112.091
-30.757
57.3726
-119.858
18.9527
-33.0942
-12.4247
-6.83855
-1.04808
0.140532
6.01937
-9.39765
-39.1009
106.301
-119.763
-9.16714
-22.8409
-142.594
-61.7315
-14.6544
-12.4507
-8.98435
13.559
-21.606
-58.9612
-130.549
-77.7699
-24.9655
-31.0951
-99.322
9.56189
-101.604
74.3033
38.948
40.0287
-100.04
-81.4009
-39.9439
-31.0103
28.0122
-20.4905
27.4974
3.32788
10.2322
28.9549
3.14737
-0.957962
-57.3573
-66.0244
-73.3308
-21.624
-82.5669
-87.8069
-105.216
32.0515
-9.95685
41.6422
-81.649
-106.525
-4.05044
25.3265
-150.977
0.275441
-33.0732
107.764
-22.7998
-29.591
-54.6918
-52.4554
-65.3804
-54.2758
36.4744
13.5055
-84.388
-68.6347
-34.4352
67.218
-107.679
14.2313
18.8752
-24.2226
-5.55244
-23.8866
-99.9166
-132.034
-49.8755
-18.6294
12.2261
7.04844
-3.96758
-40.8994
-61.0688
-63.4332
-10.2355
-99.9931
-105.399
-111.412
-107.72
-109.938
-112.247
10.4734
-13.8906
-96.1562
65.0462
25.4771
-32.9727
-36.759
17.4729
32.6256
17.0866
-97.8136
-134.187
-38.662
-38.0154
-21.8026
-7.15883
-86.6476
-109.549
-34.8006
-44.2937
-43.6379
-46.5194
-40.3724
-46.1273
-18.1499
37.0141
6.67023
-3.5821
-36.0342
39.1184
-22.283
27.692
-105.452
-59.4575
-37.2751
-5.60445
-14.4973
-80.6829
-88.8955
-116.705
35.0486
37.3448
-37.3259
-35.2022
-48.1436
-117.251
-58.8826
22.6974
22.6334
-12.5446
-60.0004
-71.7592
-21.8201
-30.2563
28.5265
-39.0457
-46.5589
29.9222
-26.0684
-28.0499
-29.2241
-108.783
-106.365
-100.174
-78.3524
-78.2763
78.0479
14.759
-23.3173
100.714
-32.7383
-50.8849
-110.176
-86.1942
-70.5373
-148.364
-143.601
37.8181
-50.7412
-36.3107
-140.467
-68.892
-98.9487
34.4865
44.8174
-34.3359
24.4006
25.6581
6.35031
-22.7968
-24.5004
-19.1967
-32.3637
-111.145
-109.527
-123.881
11.3792
-24.3956
-24.8135
-27.9251
-89.0659
-83.5412
-93.1196
41.7247
-38.6501
-0.954049
-17.5653
28.5826
-36.4968
-37.3992
-97.7315
-39.9813
-38.1825
-19.877
-22.2917
-23.9854
-28.0608
-50.6213
-94.7123
-82.3104
-38.1143
40.1959
-99.3417
-63.3233
-25.2103
-23.1881
-13.3083
32.2006
-127.337
29.3663
12.5406
-62.9515
-41.7168
-30.3344
-44.4812
-48.3598
-68.4897
-3.95788
-26.7961
-27.1265
-27.7844
1.80861
24.5487
-102.46
-61.7525
59.102
-84.5776
51.3612
-30.0227
-123.909
-7.51133
-8.77427
-27.5269
-27.6031
-29.6032
-27.6684
-40.6
-90.2294
-82.0969
70.202
-26.7453
-25.8213
-25.2246
-125.85
-39.4264
40.66
-15.4825
10.7317
-128.058
-26.6066
-10.4889
-8.89582
-22.5204
-130.538
-101.941
-99.2545
-98.7107
-92.0785
-22.3589
-21.563
-140.242
-34.1552
-148.199
-46.0646
101.824
-111.617
-33.1143
-139.758
-51.5688
26.0547
-25.3358
-33.1641
-59.9929
-69.6308
-84.8627
-13.3198
14.0237
-35.1873
-102.827
-103.483
6.13987
-44.997
96.7941
-31.6021
-21.8412
-22.2901
-22.5946
-43.5099
-111.499
-58.3691
-127.895
2.12834
-82.2213
-6.75454
-22.6979
-66.5693
-47.1949
29.4478
-29.7302
-18.0326
-28.2929
-35.473
-36.6719
33.2527
36.53
-35.1816
-38.147
-38.763
-39.2468
-11.5463
2.64715
-27.8746
-29.2771
-27.3205
-26.9047
-25.8894
11.4385
105.396
-23.4274
-130.63
-138.21
-124.45
-6.75075
5.77329
27.0667
-2.59617
-65.1005
-34.9046
-120.419
-5.50287
-21.5532
-59.0697
-63.2995
-64.7891
-9.69928
-1.75013
-41.3273
-119.051
-119.036
-94.2133
11.9315
-15.6766
-48.6243
-99.681
29.639
-17.3384
-123.148
-77.3291
-75.6726
-45.6367
-22.2965
-133.003
-23.9935
-38.1571
58.7226
-40.9827
62.8016
-39.8532
-104.626
-39.9939
21.524
-27.6266
-25.5266
-28.9744
-26.6585
-34.0481
-27.1865
-18.3899
32.9632
-9.16369
-29.7341
-91.9888
-8.18017
-20.9417
-83.9864
-45.6199
27.6415
46.271
-66.4352
-32.4447
-36.4122
-90.0927
-39.2772
-116.833
-18.0743
-123.484
-128.027
-95.7225
-88.6424
-7.71616
2.75645
65.525
-64.8304
-117.017
-43.6491
-75.5969
-3.00466
-3.11625
-35.0983
-34.3688
-35.4343
39.5421
-36.3735
-37.2074
-35.7824
-37.8792
-35.4737
-29.0382
-24.7474
-23.1565
-113.196
-117.904
-109.943
-96.5091
18.718
-2.73945
-85.0983
-77.9024
-75.5555
-78.2103
-39.7255
-37.563
-38.8233
-12.1875
12.8002
-59.2551
-103.154
-10.2326
-131.87
-60.9418
-108.315
-72.119
49.1217
49.4844
48.2242
-40.2539
17.751
-33.5612
1.38833
-124.25
-19.9188
30.5075
-33.9898
-111.993
53.1316
-16.198
-48.9923
28.3403
-11.9861
18.4147
-134.852
-65.4922
-28.2305
-90.5889
-23.667
-30.789
-13.6169
-131.348
-137.696
-146.072
-71.6023
-7.40633
-146.211
19.1317
-1.63633
35.4265
-22.7951
27.2691
-12.6499
53.5798
-26.3764
-28.3958
-26.8526
-38.3912
-40.107
-15.2313
-5.03423
-3.0166
47.9042
-1.88461
20.6871
34.4979
-16.7376
-18.0216
-28.8865
-72.1715
-33.1643
-29.7141
-30.4911
-22.6246
-19.8454
-104.617
-118.681
5.91185
-19.8373
-16.3635
-24.0457
-25.3566
-28.3175
-36.9534
-22.3859
17.6198
42.7083
-138.265
-1.60502
-9.09558
-4.34391
-76.6748
25.2322
-48.7819
19.6547
-104.099
-23.034
-119.992
54.3038
-33.4657
-35.8609
-2.33705
-5.95796
-19.7183
-20.281
-38.4716
-47.8431
-55.0468
-56.2759
38.6243
41.6954
69.7058
-68.4544
-20.7837
-94.9695
-105.381
-116.705
-6.84435
6.14645
16.0827
-120.525
-114.082
-110.628
-111.814
-112.919
-104.926
-100.255
-95.5038
-87.845
-74.7011
-112.802
-93.0176
-79.2456
33.997
89.1019
-14.4116
7.81776
3.87063
10.6274
-55.8336
-26.332
-78.4492
-0.371602
-51.4144
-30.4706
-116.566
-150.204
-143.939
-119.451
-66.7769
-112.314
-9.61493
-41.912
35.5573
-19.1821
-121.545
-17.8738
-32.4926
-44.6375
79.6058
-19.7887
66.8512
-141.802
-86.6346
-26.0236
-62.3093
-68.3037
-71.5631
-25.9215
27.6208
3.41585
-8.17104
-21.0528
-54.7109
-26.3321
-27.871
-29.4276
-34.2933
-38.6399
-36.0224
-93.3569
-96.0646
-26.8101
-101.465
-105.645
-107.531
-107.741
-104.903
-108.568
-104.768
-108.708
-110.716
-111.243
-103.978
-109.71
-113.486
-114.37
-114.549
-24.9532
13.6969
5.67857
-11.3587
-94.0286
-18.7473
-27.7649
-42.6461
40.2131
40.3352
-20.6921
-9.51704
-49.4532
-25.7688
-114.313
1.39951
43.5248
-126.907
138.445
-27.2991
-95.3387
-57.9888
-10.4761
-31.1254
-116.221
6.19262
-113.672
68.6701
-73.724
35.1431
38.5105
-46.6346
18.8427
1.02502
30.1268
-81.0117
-129.904
-17.5923
65.2637
72.0577
63.6247
-70.9256
-73.3911
-20.209
-25.9015
-31.0731
-12.4685
-105.837
-109.752
-107.442
-18.7439
12.2851
-92.0344
-77.8544
-71.416
-60.9327
-36.043
39.6043
-11.6478
-25.6767
-54.5924
8.6526
15.5124
18.9344
-8.96025
-98.1031
-29.5168
104.814
-27.0594
-49.6035
58.2089
-56.7367
57.5848
19.5872
-143.021
71.4424
113.955
125.855
-25.0145
-141.548
-51.823
-93.0381
-12.0235
-135.868
-48.4699
-13.855
-66.7931
45.6285
-74.7903
-29.4896
15.3872
-0.470757
-42.3727
-32.882
58.2558
59.1644
-7.17679
-5.31864
-19.2379
0.0809592
18.9084
-44.7657
-46.7236
11.5802
70.5135
-8.40334
-17.7086
-23.8456
146.274
-83.7068
22.9679
-56.2738
-13.701
30.367
-62.7842
-124.055
-15.5771
-125.438
-21.6128
-23.5406
-25.3879
-27.1116
62.634
-77.9375
-80.6559
-8.05456
-6.80385
1.51128
67.0458
63.7145
-31.3608
84.0992
-6.22886
101.464
-39.0068
-11.7274
-124.456
-145.425
-82.2261
-32.4489
-127.328
-132.323
-23.6895
-22.0751
-145.245
3.65814
-88.1349
50.2525
-38.6227
-45.7459
-73.3878
-46.7267
0.797922
-9.24043
64.3683
-104.439
-84.8082
-64.8707
-87.4405
-15.0507
-34.3995
-101.411
-145.672
-91.8234
-155.848
-48.1539
-45.0289
-110.156
-42.9053
-64.6909
-31.8141
-33.1816
-32.2233
49.0847
52.7183
55.639
66.7409
71.4285
60.7501
-73.0591
-40.1247
-98.843
-22.4833
-15.6333
-108.684
-22.2259
-3.92345
-27.2866
-117.382
-113.911
-86.3599
-83.9276
-81.6925
32.2458
-67.9061
-61.233
12.0614
-54.9986
-57.3557
-55.9465
-88.3928
-91.6517
-77.0253
-78.9781
-124.752
-106.546
-121.783
17.4372
29.8008
-95.5517
34.461
-21.2575
-28.1804
-131.571
-30.1245
-46.6363
-50.3383
76.7138
36.7469
109.346
107.301
-12.3197
-52.3798
-59.1597
56.032
-6.18659
5.33819
91.7602
96.0761
73.6152
-50.1417
-129.659
-50.7556
-16.0926
-53.8263
-152.064
-22.2831
3.16611
-90.6811
8.57362
104.901
83.589
25.2182
-47.9887
14.2363
12.5183
44.9391
-42.7071
27.0105
55.0639
26.0018
-69.8879
-75.2235
-76.2859
-34.3643
19.778
-12.7797
50.5089
-25.9421
-21.8154
-104.327
-110.529
-102.147
-4.99194
16.8694
-111.404
-108.988
-110.769
-101.829
-97.2062
-90.0794
-84.462
-80.4776
-78.0868
-64.6203
-110.788
-88.8284
-122.279
-43.8258
24.8688
-81.2623
-91.9421
-54.0812
-123.817
-52.944
-86.6204
49.5108
-67.0989
42.8706
-38.0523
-30.5217
139.247
-95.7032
-22.0199
-53.4883
-30.6959
-31.6189
1.74477
-119.037
-22.6969
3.60541
-110.265
26.6172
-117.226
-32.7746
60.3958
-33.4861
-81.1422
41.0381
-91.9485
37.4957
9.67936
-90.2108
-76.492
-23.1255
-35.0739
-46.4934
-143.866
34.6138
-89.061
87.8581
-29.4239
105.901
-59.7935
-36.7139
28.8651
-24.7881
54.3596
64.841
68.346
67.342
69.4529
54.4291
-101.057
-105.769
-107.76
-106.713
-108.663
-105.523
58.6233
-10.6632
-6.58536
-4.64882
9.06755
17.3494
18.1889
0.695063
8.41879
20.9702
-48.048
-84.2776
-6.71588
-32.8401
-48.3839
30.3827
45.3923
47.8208
65.097
82.6958
-16.2329
-50.5178
-44.7195
-52.4544
8.68079
-15.1415
-37.4378
110.56
99.7981
118.678
-80.2832
-24.035
98.8577
-31.9891
77.5588
-83.242
-7.30545
-22.832
-16.1835
-131.585
93.9239
1.96353
148.413
-57.9407
-33.1248
-79.7877
-8.47512
71.9802
-52.639
121.29
-132.445
-133.218
-39.3965
-35.2874
-28.0002
-23.0046
-97.3853
-71.2393
-71.601
14.2895
-145.009
-21.4559
118.707
78.0372
79.2381
-6.87066
-130.747
27.143
44.0763
-58.1487
23.8566
31.3573
57.5156
54.9672
5.75819
-6.89769
46.5784
-21.2436
69.6768
64.6255
63.3444
58.5012
74.8688
75.123
62.3065
-86.7811
63.3906
22.897
-25.7286
8.33497
5.83422
21.0981
-49.1006
-50.5788
76.7026
74.8002
-6.43413
114.465
-1.89749
-103.026
76.7379
-75.9555
2.27958
-62.9879
-6.37361
8.73376
-119.417
-132.834
-55.2267
-11.3293
125.72
77.9967
-11.2453
-0.269018
-67.5296
-26.616
-28.4036
-30.0629
-33.0316
-33.9439
39.718
46.0597
48.9703
51.9391
59.3177
61.9744
60.7942
65.7675
65.5677
-48.8378
-37.4319
-47.0539
-47.6251
-5.46042
-49.9481
-50.287
58.4429
-11.7062
-17.2644
-48.5158
-53.7747
-51.4609
38.5346
37.5598
116.049
111.984
-88.0454
-21.0783
-11.0701
-13.4274
-21.4032
-139.203
-52.4917
-54.2051
-27.6991
-7.72899
30.3887
-0.686098
-138.246
90.6018
9.98918
111.397
-83.256
-36.3758
-33.2858
-57.0699
-29.7729
-139.417
-30.4811
-8.72922
0.239447
66.7157
-36.6693
-38.2479
-33.4084
-34.996
-28.9992
-16.6029
29.406
6.54145
-70.7058
61.775
-60.5692
10.5214
-2.00778
80.6547
32.7856
-45.5338
38.6392
57.4764
79.1557
86.3177
20.4951
25.3021
-1.65944
-32.3154
69.7581
26.9953
28.6168
67.8719
65.1745
56.7001
42.876
-6.73602
33.8857
13.9915
-119.399
25.9333
39.7108
117.452
121.811
123.283
108.411
-98.3227
130.16
33.7001
88.0133
29.7566
-0.827443
1.9686
-2.64825
-66.5577
-1.36153
-29.1801
-33.1284
-22.8701
65.1195
61.0455
65.27
56.0349
72.3668
-88.9959
59.3863
62.9841
-12.7536
61.2848
58.2151
53.6504
47.108
10.6418
1.69467
-28.078
14.7495
8.2901
37.2181
-120.51
-101.912
-71.3032
28.6077
2.25501
-45.7132
-6.12754
-51.6702
23.3358
-78.2664
42.6332
50.8368
73.1424
84.0282
93.7666
-25.2761
-9.62449
-11.3326
-54.5663
-54.7546
3.68188
-11.1383
102.827
35.8103
-38.81
109.585
132.048
128.139
-80.815
-6.77232
-13.7023
13.5662
-10.8192
-21.5763
-31.4191
-116.037
-112.196
20.3362
-7.85652
-51.6284
2.74573
0.291751
8.0473
8.20728
-45.5147
110.276
106.973
-77.0771
-130.66
80.67
-99.3722
-52.0988
-53.1998
-62.2004
-53.6879
-131.192
-142.429
17.3676
18.7857
-21.4675
96.3229
82.6909
82.8477
-69.3197
-48.6029
-65.2777
-67.1602
21.1596
-19.2963
-123.363
40.5884
53.6627
-57.4015
-49.7377
-42.5187
21.7887
22.5127
-75.1778
35.3921
38.5889
-106.867
60.5032
1.86964
15.1599
-31.7143
-35.0093
-60.8599
-60.3729
-84.7188
4.87463
-11.4675
-26.61
29.1101
64.2579
-15.6225
-119.183
-10.3825
-10.2099
-9.17731
-3.24233
-0.968067
-0.164447
-27.3412
-29.2347
-113.434
-28.466
-100.163
-99.8637
-99.347
27.6782
-110.626
-7.5461
-94.5837
-94.7818
-89.1509
-26.6368
12.1359
-24.9346
-40.2482
-25.2377
-26.5841
-52.089
-89.6403
-34.4933
72.7209
121.19
-34.0575
1.86095
0.208774
-46.217
-12.7348
-20.7076
68.6272
-77.6941
5.8563
-31.9241
95.6362
84.8159
-152.372
66.4225
71.6908
63.7047
-32.0165
-64.9562
-74.2769
-0.990735
-6.07747
77.8505
36.885
-3.61915
-139.768
-38.8892
63.1527
-8.13412
-59.025
28.4154
27.5807
19.5687
16.3405
-18.2661
-32.1322
-36.6711
42.3844
47.1341
53.0628
55.913
59.0466
-40.4982
-37.9993
63.2098
-92.2779
-28.335
-27.3137
-38.2392
77.5044
-3.66991
-26.6115
-26.9983
6.07143
-27.9421
7.55037
-36.3509
45.0726
79.0984
-40.2533
-26.436
79.0447
86.1104
94.7719
-95.4345
-12.5916
77.692
-107.47
-101.422
-0.495599
-6.56522
73.7711
-94.2052
13.1247
-135.898
67.9556
-148.626
86.493
13.0166
67.2602
62.4482
64.1234
-3.07835
-129.254
24.3291
-17.7091
-66.9378
-123.094
-105.906
-14.6965
1.3417
-34.3164
52.2329
52.1606
61.5281
60.2291
54.2658
62.7762
-24.0948
-28.1796
-20.7193
-18.2898
65.3595
-18.6861
2.34116
-119.654
-109.411
-113.916
-115.051
-104.548
-52.881
-91.5218
-87.6175
-84.0158
-80.6622
-77.5033
-41.346
34.3988
74.0682
-132.593
-18.4366
-36.6314
-51.7748
5.28446
98.7045
-30.4182
102.749
-18.1302
33.2567
-4.46929
73.6552
49.2367
-9.81406
-52.5668
77.9651
-99.5256
-124.403
-136.705
-42.0177
-46.0882
-40.6686
-41.7097
-49.682
91.6187
99.2727
23.9079
-23.3011
-47.4097
-8.46881
-5.69211
-59.5889
-59.4116
21.6243
95.8951
-40.4185
41.7894
-12.5857
38.1511
-36.638
-65.5017
-42.1891
-86.9496
-77.1488
20.6117
0.245217
44.5037
46.9608
48.2377
57.6436
-39.1499
-102.52
62.4072
68.9422
49.0156
49.2656
20.8153
-24.5078
13.0311
-28.4516
35.351
-27.6641
-95.7232
-101.808
-101.489
-94.417
-106.923
-83.3962
-87.1748
-82.484
-50.4716
-123.812
-112.879
-7.79663
-44.7226
-8.6944
-78.2888
54.9824
-93.1651
-119.386
91.4316
-6.62018
-24.439
-136.24
100.799
-34.5908
136.999
99.5376
-76.1426
-93.4032
-8.24349
-109.092
61.9737
50.2399
47.6708
44.8907
-13.4318
-3.42563
4.86271
-31.2145
-140.664
3.0682
-104.652
-144.805
81.0888
-31.1292
-144.056
-16.0847
10.3114
-147.691
-3.72344
55.0428
-102.74
17.118
32.6479
-32.9651
-33.0763
-106.572
-112.627
26.6624
-21.0091
-15.8273
-17.9503
-35.3807
-37.8186
-38.4289
-92.8363
-98.2836
-39.4193
-110.314
-109.974
-109.504
-117.053
-126.247
-1.43104
8.00147
-114.718
-92.8527
-90.8699
-81.6396
-129.815
-93.0856
-91.6596
-81.0158
49.1279
58.3443
-37.6787
-137.068
-5.81568
-13.5497
-30.0533
-118.221
-105.137
-104.334
119.653
-21.7218
-31.5479
-23.0354
-156.638
-45.1362
-65.3954
-0.0378388
29.6545
-122.305
18.8495
-50.0662
38.4441
44.9554
51.5172
52.1421
56.7559
64.3564
-108.166
-10.7404
-8.6059
-4.66382
8.85468
18.8502
-123.74
35.3142
-115.512
10.7135
0.143261
-4.5989
-94.5178
-21.8004
-24.9779
-28.5359
-52.0588
-102.07
47.0127
26.8926
0.723091
66.8656
43.5739
0.20005
-10.0407
-99.627
-44.1269
0.438686
105.37
-76.56
-42.5906
-46.2846
-27.187
-83.7882
-90.6417
-111.21
5.13013
39.463
83.1504
43.5456
-37.9822
52.5637
-117.838
29.592
-9.20504
-20.5697
61.8629
64.3869
61.978
60.4201
-35.868
64.3925
-98.2455
-32.7722
70.0459
64.5891
72.2803
-107.282
-109.034
-113.783
67.672
71.2843
64.1866
53.3686
-9.23833
-2.62908
-1.61823
3.20988
-15.7106
-24.5137
-28.4339
-115.712
20.8795
-76.3841
-11.2641
-52.1207
-48.2697
39.1976
-40.9929
-40.5843
-21.9161
-32.1563
31.8744
-21.1817
83.8504
-6.27597
-19.6873
-19.45
-33.5285
-35.0736
-53.2781
-53.8427
-113.442
-100.368
-68.5839
-4.98952
-1.3914
5.95798
-64.3084
-75.7453
-24.547
-141.29
-54.2396
-47.6401
-6.62458
-8.46475
-54.8249
-11.7295
-147.803
-11.9578
-5.6218
-64.2909
10.0481
-37.4926
-152.287
-68.2092
0.658385
-115.857
57.0001
14.5942
-68.2598
41.4054
-63.905
82.5824
-23.5287
-22.845
-29.3379
45.5631
60.3417
-37.7297
14.5125
-51.0067
19.9511
49.1455
-47.4672
12.985
-115.51
45.5874
-49.169
-25.9225
-41.3509
-142.095
-22.6738
-25.2516
-141.548
-39.8694
-57.0629
27.0822
33.2469
39.4394
45.4726
56.786
-40.5534
-37.0381
-15.6569
31.9224
62.9561
61.2263
56.5
-21.0854
-111.439
-106.317
40.1845
-116.256
-112.687
-88.9003
-3.22501
-50.5693
-52.3216
6.42843
-9.79234
-10.0701
-126.515
-124.248
-3.66196
-15.699
107.004
-32.5004
-29.6897
-142.424
-132.628
-135.818
-25.839
19.5996
3.79173
-121.005
7.19122
16.3727
84.4636
-36.4451
4.81951
0.779519
-77.5814
-110.475
50.2969
-48.3328
-26.9655
-0.122744
-52.0406
-46.1673
9.79227
-36.5578
23.8228
-11.8334
-51.7232
-55.9537
-35.4767
54.9731
67.2549
69.8774
63.647
-37.6748
-74.4281
-41.0741
-2.91824
11.2345
-23.4642
0.853111
-1.0203
6.10574
-86.5129
25.1376
-0.596454
-110.728
-49.6851
-11.7438
35.6222
36.4714
-123.196
37.6412
28.9623
-92.1545
-7.84421
-35.8348
-82.9044
-84.508
-11.4146
114.622
-84.8551
-50.9373
-60.9342
-49.0068
-13.4448
-42.0253
-38.7519
-46.5087
-51.1146
-11.052
-1.03
-46.8627
-22.9681
-53.403
-17.231
-18.1871
8.13311
-64.7241
2.22959
29.3389
-126.098
-26.2131
-108.099
-104.643
41.0993
66.3336
-83.9011
29.7956
58.0053
61.2583
54.9242
61.0179
58.6559
-108.683
-11.9877
0.695238
2.37295
4.08543
-15.0299
10.1016
-13.1826
22.1884
13.1724
-39.0519
56.1777
-32.7361
-66.8929
-83.2689
-50.077
-21.8203
-45.284
-6.21657
5.89511
-71.4559
-71.5591
-155.328
-1.86442
-34.4586
-58.5838
-25.204
-29.2739
11.0759
-109.481
18.9612
4.60926
-80.1375
-125.273
-91.6143
-79.295
-108.31
-22.5094
-46.4449
-54.3962
-67.6245
-155.221
20.2855
17.4188
-19.3597
-28.8167
-30.4145
-29.5472
35.3481
49.5735
50.3662
54.8312
63.1149
-70.8984
-77.037
-113.658
-38.06
-25.6516
-27.1634
-113.211
-92.5017
12.8354
6.32841
29.9325
26.3707
7.34475
12.0709
-12.971
-53.856
-116.888
-116.249
45.0542
-25.2791
-76.8001
-30.0487
-48.3267
-46.5223
-0.645926
-23.1624
19.5083
-129.179
-60.7915
3.00328
84.184
56.0269
-51.782
-75.3401
63.3758
-32.831
-145.546
-43.5087
-55.9706
-4.3808
18.3231
-95.0767
-37.7822
-56.2387
-101.892
41.7944
-85.7213
-35.6107
-51.4382
-2.56449
63.5946
-115.822
-81.4168
43.9552
-13.3766
-118.178
-46.077
-117.006
-12.7006
38.9536
-12.3041
17.1338
120.504
-54.5245
-77.0168
-118.931
57.5208
-75.8764
-57.0136
34.261
70.4606
-63.3709
-140.396
-147.767
-16.6126
-127.13
-129.746
-56.1954
-22.8465
8.90084
-4.59353
24.4246
-3.21066
15.9689
-63.1218
29.5154
-32.6559
-34.1418
-17.9702
-108.576
-104.895
-122.418
-107.98
-105.084
-95.8172
-38.5015
14.5045
-0.490472
-12.6155
-30.4998
61.1245
69.5308
-9.79893
-8.30954
-17.5089
4.98583
-21.0171
-17.5293
-24.1302
-29.0218
-13.799
-27.2027
-36.4995
-9.79153
-56.5363
14.0107
-56.8549
-1.30575
-55.1595
-40.2807
-52.2778
-145.164
-13.0363
-13.3405
-87.7642
-20.4906
-6.98889
-87.7069
31.5666
51.0561
-30.4762
-110.539
-66.9397
22.8215
-78.3913
-41.8352
-44.8144
-34.1226
-5.66584
-39.8294
-96.8942
-33.6633
-78.9168
-81.8276
-9.8237
-2.06322
-9.6077
-128.913
-143.633
-32.1534
5.14033
-142.472
-52.3299
11.5377
21.7308
-68.1778
-74.6801
-80.4669
-52.2911
-10.4275
-5.08773
-126.943
-76.9644
-95.3064
-128.273
-94.4568
-138.886
-147.065
-114.862
-11.3932
-57.1904
-106.903
-121.532
-18.1074
3.46694
-15.6466
-126.244
12.1239
-91.193
-93.4738
-10.2521
-44.3692
-34.6523
-39.6697
38.5641
79.6306
-37.6453
-54.9706
-119.975
-79.4672
-54.012
-47.5533
-51.6593
-127.06
-21.7539
-38.3
-48.4084
-49.0407
-64.6025
35.3284
-149.017
-23.5011
-23.6906
-62.2748
-68.0373
-28.0196
-37.2488
-35.177
-28.4232
-60.1355
52.9798
67.4345
-76.9121
-41.19
-18.1583
-17.5735
-16.9596
-39.5234
-27.9832
29.7393
-88.6945
-21.8561
-9.92864
-97.6491
-130.147
-136.737
-145.46
-7.33401
-84.5819
-47.8177
-51.6698
72.1655
-34.4859
-31.5468
-67.3865
-31.5864
-36.9673
-39.9169
-39.7606
-9.79303
-71.4009
-78.6311
77.237
-46.6057
-52.0061
-153.395
-50.4818
-61.7018
-30.625
-26.7264
69.9319
-38.845
-72.1707
-16.317
-17.4945
-23.9464
-25.1976
-28.0182
21.4407
-41.9887
-26.3348
-39.3383
-7.07643
6.17602
5.38329
-6.0258
-6.01227
-5.3055
-36.5774
-17.7909
69.3998
8.66196
-35.0811
-23.1665
-80.0522
-54.3724
-12.8835
-29.5118
12.5512
13.4264
8.28189
-6.0554
-16.5585
-22.3534
59.9348
-22.1269
-19.7184
-110.202
-20.3375
15.0153
-26.4374
-27.3744
-27.858
-27.4318
-126.35
-27.1318
-40.2942
-8.20408
-6.87378
6.98463
-5.13463
111.395
-54.2877
-25.618
-25.8296
-80.3433
-28.2186
16.9857
43.3322
-35.0052
-30.6484
-128.19
-24.5542
-55.4464
-136.214
-92.2373
-91.7988
-47.398
-20.778
5.45496
-53.431
-121.739
-73.1592
-39.347
-39.3734
-108.924
-10.5889
-2.63099
17.4461
-38.8423
-75.5403
-40.7252
-100.145
-22.8377
-14.8485
-92.3395
18.0439
19.65
-27.0722
26.5786
28.8008
-5.03982
-7.13662
57.104
-21.0692
-18.1718
-113.494
15.6599
-126.343
-119.154
-98.5635
-79.2599
-25.6093
-22.9326
118.146
-34.6994
20.1983
-24.4555
-42.8115
-21.3485
-15.5008
23.5471
-39.6093
9.45711
-53.5879
-82.6874
-29.482
-107.6
-110.195
-118.45
-121.502
-97.4507
8.15112
-28.2436
-125.925
-116.085
-96.9655
-105.222
-92.2962
-79.4557
-12.199
9.50424
91.6424
93.4941
-7.08975
36.6767
14.9854
19.0979
-81.947
-9.53495
-72.7855
-131.908
-94.4609
-5.21899
-9.08366
-22.085
-63.1773
-3.153
-33.4879
-19.3461
5.88689
-124.043
28.1142
-43.0241
-51.0279
-34.7182
-75.6002
-79.1001
-81.6428
-100.654
-110.483
17.904
-37.8837
11.6204
-97.4548
-22.4503
-25.8824
10.1224
-41.1132
-124.514
-37.6369
-3.11182
68.1388
-36.2615
-12.8176
-66.0334
-22.7386
-152.623
-99.9764
-61.8924
-94.3316
-37.7174
-110.546
-111.401
-116.22
8.78175
-30.7323
-39.2019
44.5986
-55.8529
-47.7797
21.3293
-46.4273
-46.7684
-131.617
-139.502
-59.5835
15.6221
-68.3983
-78.0192
-33.1503
91.4604
24.6149
-32.969
-123.043
18.3764
48.6229
-102.151
8.12249
-105.157
3.76602
-14.8588
59.0375
-7.92174
-3.04548
-3.93612
0.984168
14.6043
-11.9525
10.4724
10.9878
-10.5773
75.2408
11.079
-13.6071
-132.036
-45.7028
-31.0338
-74.5267
-39.5513
-50.1649
-29.1132
-0.345302
22.8012
-92.9072
-43.4163
-23.0345
-33.5543
-122.883
24.2342
13.7653
-46.0874
-33.8101
-86.9119
-10.6565
-10.1625
-9.64896
-4.48087
-3.774
-105.841
-67.9401
34.9699
30.8248
15.2771
51.9283
-80.3722
1.6022
33.5182
-5.41503
-46.769
-105.906
-38.0191
-114.873
-33.7063
-127.107
-118.303
-2.782
-3.84184
60.1764
-12.405
-116.847
-12.4026
-11.1065
-7.99467
-1.52269
7.23609
16.0958
19.4789
-26.9013
10.0706
-10.8252
-71.539
-77.2021
-27.4709
-0.214457
-124.676
23.599
43.3524
-20.168
-63.9142
6.15052
-81.9986
-37.9392
-119.077
-5.82526
-95.8602
-93.1869
-73.3701
-31.5506
-2.66177
-43.7146
28.0683
-120.85
27.2808
29.6423
68.3661
-86.0012
-11.1263
-8.23007
-7.66079
-7.9555
3.16936
-17.5837
20.8242
22.2301
-91.1736
12.0077
-19.9395
86.4905
-8.37442
22.4863
-92.8481
27.3362
-26.6766
-157.491
27.6954
-63.3872
24.022
-79.4404
-36.8843
-31.9483
62.9965
-98.9157
22.171
-12.8294
-106.094
-50.1747
15.4389
-24.4703
-28.3481
-42.4913
-49.3004
-20.3262
-19.6585
-22.0204
-22.9666
-40.3141
5.64094
8.71704
-37.1253
-55.5855
-30.6458
-40.8836
-117.563
-96.9554
-133.975
-109.026
26.2434
22.7723
-85.6705
-115.94
-104.98
-15.1163
-127.001
-104.598
12.7402
-37.9677
18.2736
-103.057
9.18319
3.86546
-27.6102
6.30464
-100.319
-30.4037
-130.746
74.6419
-25.4086
-39.7776
-32.3979
59.8135
-11.0845
-10.1081
-8.48375
-120.976
-25.1719
-63.5998
-21.862
-131.87
-75.4903
-33.1393
25.9171
-27.4085
4.33141
-65.1411
-81.2329
-49.3183
-31.6694
-10.2296
1.04222
62.7252
-130.397
-40.3602
-18.4278
-80.2491
26.1409
-83.6716
0.340036
-20.3964
-107.991
-33.6728
-22.5138
24.6194
-52.7097
29.2028
-46.6405
5.86748
-116.36
-116.981
-35.2356
-20.5231
1.12122
-17.023
-20.0144
-21.202
-27.1018
-110.301
-110.737
26.6193
-75.0247
-78.9321
-5.36317
-1.72794
4.43006
-79.0376
-21.8518
-112.264
-78.0987
-95.3028
-15.7393
-67.2032
-69.6757
-106.862
-128.161
10.4783
-107.032
-80.0535
-124.996
9.92219
-122.441
45.3435
-42.8715
-10.3726
36.0011
-23.7496
-57.6901
33.2252
27.9204
-86.6251
-116.878
-9.26087
9.78626
35.4834
37.7667
40.208
-2.57356
-88.4153
-69.727
-87.5413
-71.8325
-60.0835
-58.8786
-61.406
-134.777
5.52142
-85.5746
-78.6936
-23.0595
-107.687
31.3652
-8.67612
7.47264
-102.72
-151.698
-6.40179
-113.177
-72.1081
-85.4841
23.5867
-8.536
-9.53805
-92.1364
-49.9809
-63.9502
-23.3551
-32.8146
27.266
10.0984
4.36868
-36.4792
-117.735
4.62305
-23.4585
13.0689
-69.8981
-32.114
-0.909845
-18.6066
-12.0971
-11.1807
-38.201
33.5715
-86.6136
-20.2194
32.5054
-4.99662
-109.689
-55.1303
-83.4275
-84.2243
-22.0947
-0.17787
29.7608
-36.713
4.43708
12.1807
-4.48033
-2.14814
14.5645
-72.7486
-0.622108
20.5515
-25.2009
-22.4599
-101.879
33.1676
-13.5895
-54.0492
-146.001
-20.1961
37.5716
-103.506
-25.9932
-3.63879
17.8669
-9.33824
37.0091
-2.79704
40.0182
36.5764
-90.2288
2.47953
-3.47211
-23.61
-45.155
-100.227
-84.8573
-46.2359
19.1078
-37.5941
-104.61
-0.571554
-17.9185
-1.13117
-88.9209
-75.6149
-22.5442
17.9424
-46.8159
-74.7332
-29.6585
-15.3575
0.221151
-73.0142
-42.2384
-25.1617
-133.074
-86.4797
-128.771
-61.9704
-121.154
-11.8944
22.971
-36.1303
27.8857
17.1958
-10.2228
60.4378
-29.6546
-4.32351
-19.3201
-66.43
2.1581
-6.48729
-40.6623
28.4674
2.32431
-1.57575
-19.1506
-22.0657
-107.009
-47.4812
-26.7956
44.6265
32.7091
-76.0801
-50.0022
-66.3956
-22.0761
22.2974
26.1295
29.3702
-8.54431
-1.84729
10.2026
-54.2944
-19.89
-18.1348
-10.8743
-23.5941
-19.0982
36.7191
-54.5847
-57.0193
-90.4873
-23.4967
-40.9722
-33.1704
-107.131
-34.4093
-120.689
-70.2147
57.4606
-121.391
-21.2145
24.7043
-15.6359
3.417
-64.2234
34.4469
3.71927
-106.989
-23.1819
-24.6326
-12.1348
-93.153
2.16225
-113.938
-37.7719
-72.6412
-124.413
-71.3903
-2.50594
24.1481
-132.055
27.6721
37.3639
-19.9784
-50.1928
-57.1096
-71.4999
-107.07
-85.4122
-22.3751
-35.5359
41.8584
41.6172
2.30696
3.64275
-22.6508
-86.2869
-70.4777
-20.6249
-17.0188
25.6446
21.5725
-22.7682
-64.4516
-103.003
-45.3346
35.683
-51.7915
-100.538
-133.925
27.6283
62.6023
-0.656044
6.86449
-12.4488
-8.71044
-3.18345
-50.6354
-56.4774
-77.4703
-84.5656
3.74859
-19.7981
-64.7947
53.352
22.6209
-30.837
-112.725
-89.0789
21.2597
-43.2799
-84.451
-121.506
14.8522
7.4289
-91.2626
57.639
-24.0088
-97.6215
-85.7421
-25.6624
31.2179
-36.2038
-89.445
-72.0543
8.65943
-100.796
-42.2079
-44.3563
-5.10265
-13.8315
30.6851
0.780169
4.60107
-21.3298
-1.71636
7.61881
-112.628
-131.258
-119.544
-57.0273
-93.9477
-21.8238
-112.73
-151.305
6.94562
-61.5679
6.44205
-26.6023
-87.8394
-50.2389
-34.3771
5.91041
44.6577
7.84496
10.7249
14.495
8.17841
-58.2829
28.7228
-34.027
26.9651
-53.6718
-49.2823
-96.718
28.4858
-92.755
-32.2137
-111.055
5.06962
-25.432
14.0801
-49.6606
-93.6093
33.3767
-114.093
-85.3129
-133.402
19.341
11.9787
15.2204
-27.2899
-116.096
-57.1875
-147.073
-135.452
-83.3926
-11.0563
7.46611
-7.47169
-54.9373
-12.0553
-106.106
-81.8034
0.372548
22.7197
21.6033
-45.5479
-6.51038
29.422
-28.7542
-110.099
-117.107
-39.5772
-11.9902
27.0739
-32.3775
-60.915
-14.3224
-81.723
-58.2489
-24.2623
-83.6715
-30.3355
-47.0402
14.8502
7.08321
-73.3022
17.3494
-28.7907
-61.4918
-82.4802
40.5047
-45.7302
-13.6677
29.0469
-29.7826
-108.511
22.2338
30.3329
-112.893
-3.53711
46.8809
-74.7576
-38.8467
-4.05383
11.4058
-102.931
39.5205
-15.6499
18.273
19.0693
16.2035
-64.0004
-95.3079
-79.9215
-78.6807
16.3623
-8.62737
14.9922
-144.011
-104.946
8.43694
5.40613
-21.6485
28.7232
-8.43661
29.8372
29.5648
-57.1366
-21.0188
-29.2584
-74.3797
-137.275
19.6843
-88.6364
-18.4327
-13.7659
11.6346
37.0769
-76.649
-94.8279
-25.8519
45.5417
1.75365
-46.147
-2.75754
-6.38408
-12.1996
-139.305
-149.21
7.95025
-45.2889
1.5382
-29.4459
-12
-103.176
-98.6997
-16.1289
-8.80483
21.3504
-44.4208
-54.0648
-25.7827
-49.0731
-6.66637
10.3229
-8.26794
-21.1638
-68.3401
29.1897
-29.0237
-96.9968
-116.49
-59.5137
0.658657
-12.7449
-52.2633
-20.9859
-18.3216
28.6654
28.1598
-8.18863
-21.2492
-47.769
-10.7143
25.2327
-56.8063
-13.1233
-24.9897
-81.4278
-63.2904
25.9349
-101.784
-14.2352
-10.1469
6.82552
11.7625
-59.2588
-140.743
-12.8566
-1.39073
1.79274
-102.146
27.669
-67.6431
-96.5196
28.5114
-74.9856
-22.5726
-38.0949
-134.049
-32.0294
-62.0202
-21.6648
-22.2223
-23.7196
-44.0208
-30.8568
-142.426
-22.4968
6.04053
-154.999
-100.246
-35.4836
0.725661
11.6811
48.5839
-142.939
-23.9835
13.697
-33.1889
22.0662
-108.471
-66.8021
-2.84724
8.19113
14.0228
16.4596
18.5166
-10.1442
-7.68094
-7.52669
-101.174
-111.659
-11.9959
-35.5776
1.23972
-55.1968
-4.29477
9.87052
5.70361
-22.4735
-141.503
-126.982
44.5557
39.3898
-17.7808
-77.7261
5.32279
13.2074
45.0296
18.6546
23.5409
-56.3694
-41.6029
-25.8652
-24.5705
-61.8486
23.6942
-30.7373
-136.692
-36.9727
-11.5402
4.15231
22.6943
-18.1515
4.71934
-15.4047
28.5319
-113.62
-48.0288
-49.1107
8.10405
7.12172
-122.878
-44.2589
-26.3829
-10.4863
-11.2021
28.5023
-97.0045
11.1079
31.2131
-117.733
-106.327
-15.0756
28.9778
-45.2371
-37.026
32.3933
-34.273
-88.7615
-34.4777
-53.1493
20.0007
9.52632
8.31339
-32.1327
12.5855
-141.892
4.38331
18.7989
-151.02
33.2267
12.1012
-143.23
35.5535
13.3944
-96.1514
7.94595
-5.88706
48.7239
16.9303
-14.374
-21.5278
-60.5147
-20.202
41.8152
-11.4231
-78.22
-30.3507
3.33306
-96.6353
45.2474
-91.3353
58.622
-36.1779
-47.6763
-46.1393
-41.068
4.35927
-67.3262
-48.4642
-135.038
30.5031
26.5557
-47.2257
-97.7487
33.03
-3.01869
46.058
29.0705
-26.6569
-55.4034
40.7751
-97.647
-103.946
-21.5115
23.4803
-70.3536
36.4726
-90.5049
-119.221
41.0805
-27.9721
-108.227
-99.3165
-25.5485
-32.3148
-17.7581
-91.192
-22.9316
-69.0613
59.3859
-26.0288
38.7161
35.2766
-25.5092
-82.9823
-85.8642
40.9541
-117.913
18.2196
-15.2311
-79.875
18.5173
-2.46731
-103.345
38.1959
-21.0343
-42.2865
-76.3765
-45.2735
20.2713
-87.4819
-60.0505
30.3473
-114.563
18.7577
-14.6771
-17.6485
26.124
-40.8517
22.9756
-120.1
32.6218
-103.625
-15.3899
-26.0661
28.7785
18.6373
-90.8261
-24.5849
-111.617
28.6315
-105.058
27.5346
10.0217
-18.3698
-26.4183
-61.3395
44.6842
-101.896
25.4165
1.45394
35.3355
18.877
-13.9988
-50.319
-11.3948
34.2186
-116.64
3.29913
-11.3227
-41.3216
35.2831
38.6175
-43.3603
-43.7093
-12.2429
30.5879
20.3641
-141.545
-4.81019
54.4668
-79.9851
-17.0221
-125.611
-33.2389
-89.372
31.0104
-3.2279
43.6506
7.48802
-8.60336
-21.2076
0.753945
8.06503
-16.4521
-14.5721
-38.1437
-26.8408
2.68951
39.3537
-66.9458
-55.7623
-27.7948
5.32118
-108.421
20.5747
20.6556
-3.4795
-20.8845
-35.4648
25.165
34.8865
-47.0155
-26.101
-46.5544
-0.258302
-21.8955
9.94755
8.95298
-9.10811
22.3815
-37.5057
1.7975
-10.5173
1.79961
25.9955
-110.744
15.7554
-68.4543
0.186835
3.12635
22.7392
28.3569
-102.179
0.739434
-98.6783
-44.0364
15.9407
-67.4754
21.8579
24.9376
28.7891
-103.034
40.9491
15.538
-48.2015
42.6202
-23.2746
2.48979
36.6422
-51.4717
-123.426
26.1681
-44.0713
4.92709
35.0028
7.18834
-57.5717
5.12948
-47.4962
-11.5481
-8.25599
-58.2368
-9.06957
49.0567
-34.7348
30.6279
-58.0401
35.4709
26.5202
-59.2105
-21.0696
-112.698
-89.6082
-29.2114
25.9352
-20.1343
-21.8435
-23.7675
-22.5156
-117.802
-2.65173
-67.1308
-49.6671
-43.4621
-9.28342
-8.07758
14.2363
-0.141728
-97.8204
-8.00207
31.8803
-23.1417
-70.9431
50.4058
30.8343
7.54553
-22.5133
20.3518
10.1042
-47.2825
-49.4444
-44.6687
15.7731
-99.7176
25.2195
-68.7564
-6.65422
26.8028
-72.6024
47.1566
-128.767
-10.5897
-27.2495
-62.6546
29.6676
-78.927
48.6205
-24.9512
0.492595
2.70447
-8.3121
-38.658
19.8144
33.9215
-113.832
-87.0814
-16.9839
3.24722
-34.8667
27.8085
-18.7456
-26.1487
18.7353
-73.1235
-27.3344
-94.3567
38.0021
-3.20122
-40.5973
55.6829
30.5465
35.8517
-32.3213
28.5368
28.1343
-97.9953
-45.5672
-65.7491
31.6029
-88.0489
33.6463
47.48
29.5453
-114.7
31.6706
-1.85076
-90.7157
-4.10001
38.4415
-102.798
40.4368
-91.5021
-69.3347
4.37159
54.1024
29.042
48.7567
-34.7337
-58.1713
-15.1463
31.2653
-73.474
-79.8071
36.6649
-29.9752
0.363244
-61.4854
37.5527
-18.8281
-72.2864
-118.569
-90.2287
24.1243
-12.0448
-28.5643
-20.4908
14.7738
-8.16373
32.7357
-98.9391
-3.62108
21.2638
-26.6335
-101.581
28.3714
13.4071
-42.8342
-28.6426
-76.6158
-115.668
-117.598
-0.816783
25.085
-23.3787
-3.79381
19.1632
26.6163
38.0896
-20.111
30.2709
-125.559
16.5312
30.1877
-54.5961
4.8068
37.3575
-11.0676
-4.96124
-95.0812
-104.81
-102.982
-123.52
10.8767
23.0508
-14.2288
-43.1191
33.5977
-72.0384
-17.0043
-13.1409
-20.4192
-4.82716
-124.645
23.8302
-10.904
-32.2541
-90.5211
-25.9368
-110.649
25.2518
-21.705
-118.643
15.4179
-22.4044
44.3368
-105.791
-32.5119
-19.6671
14.9295
-124.725
-97.33
-15.8534
-78.469
-52.7679
-95.8391
-92.0806
-111.592
-96.9632
28.7338
42.9134
19.4283
-22.443
46.1009
-26.7294
0.173887
-97.2399
-40.3358
-3.68827
-75.4667
25.6265
-80.3137
-89.6506
14.8623
49.19
37.704
-39.6313
-39.616
-13.4757
-1.23645
-66.8296
30.0625
-11.9206
20.0806
42.2406
-41.6886
-97.6199
-94.0336
30.9828
-126.156
-15.9202
-4.39388
-114.396
-3.32784
-70.1921
-102.012
50.6917
-42.0061
-67.3278
26.3845
-11.982
-2.17376
5.3277
-10.8568
38.7798
-56.8896
32.2606
-77.5828
-117.403
-14.8786
51.6793
-43.1642
25.4619
-113.698
11.3458
-38.7734
-117.003
-123.875
-36.8941
2.02844
-19.1786
-11.413
-0.891713
-5.06195
-23.9626
9.60689
8.77149
12.9213
-11.5499
0.827985
-15.9074
26.2049
28.0742
-19.7506
5.22784
-16.0089
13.9065
-119.173
-2.41328
-79.4241
-19.0753
12.3739
-11.1268
-28.2077
-65.8563
19.2042
-41.7723
14.9853
-1.81788
-70.5874
14.3411
-31.2167
-128.034
-24.7482
21.1966
24.518
-14.7468
12.2683
32.9705
-43.8268
5.82075
-57.7636
-20.1941
43.039
5.43379
-1.21752
11.4164
-10.467
-24.1159
-102.072
-120.094
-89.2959
-112.224
-20.8065
-15.1692
-32.129
-25.2061
-80.3252
29.8209
-36.8795
-112.256
6.79077
32.2041
-25.9378
19.4368
7.8402
-33.0243
34.978
-91.7364
-25.321
-91.5465
-72.1971
-17.9116
35.3135
-2.66783
-12.5804
-6.6485
-18.6926
18.6854
19.1686
12.9363
-96.748
-67.5404
9.00111
-122.762
-117.89
-76.0787
5.79958
-42.6948
-39.934
-57.8837
-87.7357
32.8441
-10.4029
-142.804
-118.635
-2.59234
30.9934
-117.771
-79.301
17.1454
-89.6847
-21.7423
-114.031
-121.226
-125.724
36.3809
-15.0493
-89.1977
-74.6506
-14.1703
-23.1044
24.1027
-9.03924
-21.7646
-16.4675
-83.8126
-10.094
-40.6441
-1.56187
0.232955
-3.78455
-4.37225
-80.3502
-59.8799
-5.45478
12.4188
-5.99978
-90.7894
-122.733
13.225
-21.7516
14.4357
7.84449
-120.939
-123.301
8.50521
38.743
-6.85111
-119.389
11.8595
-22.0763
-26.2659
24.497
-11.5897
7.34426
-115.205
33.0934
11.9632
-14.373
4.89791
28.6601
-74.5758
-0.054631
-70.9531
-9.84521
-32.8718
-47.4251
-116.81
-23.9554
8.02864
-63.1374
-23.6462
-93.3884
-18.6424
12.515
-82.3032
-12.7791
19.4095
27.7888
-19.3402
20.7783
-19.3442
53.7568
-71.1841
16.0086
-14.8495
-112.782
-22.4006
41.7822
-7.4176
-42.3479
-87.8429
5.63975
-92.0761
-14.2723
-99.7337
-10.2037
-15.2219
-130.482
-40.1036
-32.8753
-2.80524
23.4267
-18.9451
7.24006
22.1754
-89.9833
-24.5951
-14.4051
-80.6449
-2.35007
22.1001
27.1383
12.3993
-79.2843
-64.6001
-14.2189
13.6398
-88.1355
-37.6507
-25.0615
7.50201
-96.471
-63.6874
-62.5038
-28.2125
-11.5766
-91.1819
-15.3159
20.6484
25.3446
-12.6773
38.3404
-12.0707
-118.707
31.6462
26.8403
19.401
-114.724
15.4189
-64.1232
-92.1406
-28.8554
2.66818
-99.0279
-120.573
30.071
-127.599
-5.22264
-1.24336
23.8518
-30.3771
-16.4703
-76.7775
-24.4206
-69.1929
6.15079
-57.4359
-14.8318
30.4516
34.6712
-17.9278
32.8491
37.447
-21.1836
-19.9475
34.3905
-32.9901
-94.6977
-29.6322
-12.4014
-89.0683
39.2216
5.32775
-92.9125
-93.7205
31.7546
45.8186
-112.68
5.34516
-48.876
-114.839
-14.0268
-77.3737
-15.9283
-116.167
-21.1524
-19.5128
-114.804
-127.208
32.8888
-116.426
-80.9168
-11.5086
-18.5089
-16.0105
-12.7892
20.9771
-120.38
-28.9824
24.3431
-123.699
-11.2008
30.1484
38.7313
24.7441
-34.5176
-9.92168
17.0962
21.6712
-47.9894
-40.663
2.38398
29.1503
-93.3017
-16.6905
-74.0152
-4.53218
10.7254
5.64127
12.7748
-59.6282
-39.9165
-136.235
-9.28992
-119.658
-116.476
-57.0566
-15.399
-66.1769
36.8453
23.7027
-15.3485
-49.6506
-113.319
-48.0109
4.01272
33.0919
-4.234
-0.00181731
-42.694
34.2144
4.67601
-128.453
-93.087
-73.8361
-121.485
-121.181
9.23041
-112.911
-19.9278
1.79645
-10.2933
-11.6971
-90.1646
-20.5569
-56.6382
-40.9563
-117.438
-14.8233
-17.9836
-76.9271
13.4792
-125.735
-8.40717
21.5003
16.299
35.0277
26.969
-43.9771
-70.1416
25.5231
-134.032
-48.5457
33.2764
-25.9898
-89.3488
-16.5521
-0.58724
-94.3734
-71.3131
-116.53
-136.839
-29.3803
-62.7126
-128.245
28.8156
-128.794
29.9836
-10.4007
-8.14843
-15.4348
-8.97564
27.9065
-136.441
-93.6703
24.8963
25.6071
-131.064
15.9261
29.9215
26.0191
-12.2397
11.2637
30.6
18.25
-12.32
41.7213
-17.3896
23.5565
-128.617
-20.1211
36.6462
-8.85918
-23.5593
12.3429
24.4475
12.4434
-57.9402
29.4209
29.9716
-16.42
18.5859
-57.4823
-7.85706
23.1595
31.9694
8.66585
21.9127
53.695
23.2
-21.4605
-27.245
-94.8287
-4.86573
7.17176
-18.5554
-19.4253
-114.242
29.7942
13.6882
-115.027
7.51497
26.8844
20.9441
-60.4496
-27.4867
20.6759
14.69
28.6203
17.9766
11.9605
30.8608
13.2277
12.0809
-27.4264
-41.3337
-126.248
40.1212
38.3467
-18.1406
-145.779
-62.009
-23.9973
20.7749
12.6136
17.108
-19.544
13.5174
22.8822
27.4603
12.6493
-136.868
-117.901
30.9122
33.247
-8.64526
26.7185
28.6798
30.7434
11.8397
8.86513
-49.0279
38.0233
36.3493
34.7212
9.6319
18.8839
-133.146
21.7505
-75.8503
-21.7533
-27.9552
-64.3625
13.1185
18.6434
51.0298
-21.3853
-27.7848
-19.6743
13.6462
-95.296
33.8132
-115.705
-133.412
43.8294
-24.6874
8.44905
21.3177
25.0395
41.3644
-0.441476
28.9685
17.255
23.6529
-133.435
-36.9396
28.6216
36.3741
18.2118
-38.4484
-121.923
-127.577
-15.5292
45.4095
-120.046
-1.34325
-0.516525
7.88972
-28.1599
17.5098
17.6362
-15.7881
49.1927
-0.731312
-0.81519
-124.318
24.9673
-136.202
-7.03918
-120.987
19.8053
21.4014
40.1392
-27.9779
-25.6094
-15.3802
-15.4145
18.2642
-94.9154
-17.4892
28.2501
37.4582
44.5331
-40.2173
24.031
-61.4321
7.52977
14.4715
-25.3217
-59.8322
20.5783
22.7891
11.9861
15.4947
-1.40249
-22.83
39.0184
44.2775
27.145
2.16162
-133.745
-136.7
8.47151
7.34749
0.309885
-18.9205
-128.826
15.8915
14.8498
-6.99085
25.3978
36.3596
-13.7999
29.1319
15.4542
28.1027
-136.886
-25.6614
37.5586
-13.1715
16.406
16.5482
-59.1911
-131.457
38.9176
45.5334
21.7539
-125.467
47.193
-13.2424
-123.032
12.7448
7.87199
-26.5337
-128.792
-49.2973
-50.6553
-13.4594
-39.0839
-44.6713
17.2374
45.6385
-61.7084
40.1057
-42.9996
34.492
37.477
-100.681
35.3375
45.0539
-38.3781
10.8472
-131.007
25.9187
-23.8014
-12.9635
30.9694
-14.0224
35.0111
47.3689
35.6607
22.9072
-37.8544
28.5439
26.9887
22.2624
-26.574
-35.3551
28.9327
9.68066
8.65835
22.9677
37.2663
9.15631
20.3015
28.7503
26.1258
-58.7142
1.83741
5.85403
18.3688
20.1586
-134.151
-131.423
32.2752
-27.1093
45.4042
31.4778
16.7745
38.2317
36.5998
13.9179
31.4889
32.3001
44.2991
-77.0772
-60.3708
31.1065
12.3919
32.5621
45.0133
18.3042
52.7009
33.509
-14.8654
48.5588
25.8072
26.7829
46.3991
45.3198
13.3686
14.9673
48.7902
-77.0789
33.8993
12.9042
23.5848
49.3585
30.8031
14.3948
52.7829
-21.1628
10.2398
46.1832
12.1477
32.8528
12.9652
-14.2156
37.2666
35.9363
-22.7684
37.072
-16.8679
14.9409
-20.5554
48.2961
24.1553
-20.6163
46.5709
45.3215
46.3478
17.8373
-13.7369
-15.4388
36.3123
18.0763
0.595109
16.5537
12.5362
-101.712
24.5115
5.40814
-87.1411
12.9991
-103.533
48.9537
16.186
-78.1193
11.0572
-8.12142
-61.4283
-0.880633
-1.13337
10.2336
2.22369
4.01884
15.3236
-5.80901
14.3599
-105.35
-63.1959
6.73705
1.55968
-21.4528
-18.9418
12.6618
-85.7741
-101.752
4.49881
-0.375907
-13.7473
10.298
8.91441
11.0083
7.84782
-5.72691
-2.02983
3.99194
19.3441
-4.68141
1.2148
-84.2876
2.75801
-6.97083
8.76247
0.451804
-62.584
8.11128
19.7238
-0.0776232
3.54793
-2.37784
20.3208
-4.49569
-4.31533
-3.47529
-3.31396
21.7207
19.3077
-2.91197
-14.7865
38.1894
22.2521
-90.6032
-13.3859
36.6627
-91.9211
23.1258
36.9426
-15.329
-42.8882
-1.04321
-10.0098
-3.04529
-90.9357
-5.03845
-13.5941
-19.6682
-10.4413
-14.8478
0.280446
-13.3754
-25.6053
-5.57728
16.3901
-45.0436
-12.9167
-22.2135
-41.7458
-20.1432
0.645002
-59.3626
24.0937
-13.8766
-41.1034
24.3635
-68.5002
-26.8858
-13.8342
0.203242
18.1956
-12.4503
-14.3233
-14.3455
-67.8725
-0.958116
-20.7326
-21.7087
-24.439
-43.716
-43.4353
-11.4992
-13.3907
-11.3833
-8.86282
-9.28164
15.8911
-12.9124
38.2954
-6.17935
25.0018
-11.4665
39.1726
-10.0687
19.7204
-99.0102
-11.9872
-70.0752
-103.001
-23.1966
-10.9347
-22.5582
-99.3545
1.78861
-10.377
-18.1796
-12.4111
-104.479
-7.61956
-8.02409
-25.4579
-43.8671
-11.9212
-27.1481
-8.95271
-11.8835
-5.02999
-28.8352
-5.62228
-12.4329
-11.9724
-9.18642
-24.8487
-10.5462
-4.46764
-5.95947
-6.2815
-6.67115
-10.9831
2.39074
-4.43497
-27.7505
-5.4224
-7.73947
2.69828
-9.52276
-5.82365
-5.42211
-101.253
-24.714
-23.4229
-3.76971
-4.82073
-7.89837
-25.5366
-9.79405
-4.95706
-3.92328
-3.42992
-19.223
-6.43185
21.7308
-8.35755
-1.39983
-104.094
-30.1666
-6.51488
-8.55437
0.540575
-1.92348
-5.78806
-32.2808
-27.9361
6.48614
1.49634
-9.87394
-9.44887
-31.719
-89.6736
-4.84996
-27.4703
-7.09734
2.39303
28.4443
2.68558
-6.00124
-7.21841
1.45595
-24.8628
-5.22916
-8.66496
-8.25326
-4.26639
-5.74237
-0.0160133
-25.058
-24.0414
-27.2714
-25.8055
-26.1563
-24.7363
-24.0401
-31.2119
5.49744
-29.7752
-6.96255
-7.35953
-5.61788
0.195502
-4.99975
-4.60637
1.47717
-40.5416
-29.1958
-39.1101
-3.99752
-33.1071
-34.2548
11.4645
-4.15517
-5.18045
-4.07963
-31.6819
-43.3027
-25.6262
-2.40342
0.867861
-45.2799
5.22155
-27.0686
3.30925
-2.28728
-33.8125
-5.22479
3.63177
-0.418543
-35.7559
-40.9053
-4.64312
5.14833
-65.2524
-39.6555
-16.7645
6.12128
0.902631
-36.4549
-37.7381
-33.4718
1.67705
1.77478
-35.1074
1.24887
-42.6379
-0.34968
1.64479
3.28057
3.59789
-4.78091
-46.8813
4.20175
-37.5369
4.58991
-45.7294
-45.0242
-39.1438
-64.8856
-18.8413
-34.8542
-36.0765
-44.7598
0.558035
-26.9114
-23.7055
-25.7753
-39.2271
-47.8461
-66.6607
-2.03296
-36.5996
-61.0667
0.584936
-40.5722
-41.0841
-37.895
4.53492
4.25255
-42.9661
-41.8125
-0.0761796
-37.9339
-40.2848
1.23089
-41.8191
-44.6136
-42.8847
-44.3864
1.17664
-45.6121
-43.7703
-40.0963
-44.0599
-41.2336
-40.0138
-40.3515
-41.6833
-72.284
-39.3953
-17.3094
-42.2334
0.460985
-43.4528
-45.4078
28.618
-17.7901
-17.712
-47.7517
-41.6802
-72.4765
-47.0904
-45.6399
-47.874
-45.0068
-18.3544
-43.0629
30.4724
-42.7931
-47.0641
-45.6913
-60.2352
30.7961
-42.6443
-44.9603
-41.5788
-43.4998
-14.2483
-42.6474
-41.1914
-45.2604
-41.9226
-44.4538
-44.8877
-43.2376
25.5182
27.5797
-42.4492
-43.584
-42.4776
-16.2067
-42.1011
-18.425
-44.4284
-43.8899
-15.4422
-44.0593
-42.8857
-43.0298
-44.8383
-41.6482
-43.2672
-41.9431
-42.4035
-41.1333
-42.5781
-15.5128
-41.3797
-40.5687
-41.7412
-40.7631
-39.9557
-41.1877
-43.6628
21.717
-14.6514
-15.5865
-42.7675
-73.5987
22.2199
31.6449
-10.5838
18.8535
27.3989
16.0495
-16.5313
-97.7582
16.2909
20.3252
-15.1479
24.6699
22.4585
21.4515
17.2979
-13.4762
18.9768
25.5396
-91.017
-16.4563
-14.7755
18.9489
-15.2358
22.2405
10.2517
12.546
-12.1674
-12.1536
21.9678
22.5659
20.1867
17.6307
21.2613
17.7587
-90.1826
-16.1901
-67.0796
-13.6789
20.1891
11.9778
21.5803
23.1668
-8.0944
16.7984
16.1041
15.5934
10.0683
-19.8905
21.9916
10.9103
25.9031
19.0738
20.0877
24.351
42.9572
42.9432
-17.866
11.442
-18.0848
-17.4289
19.4652
26.582
-19.1136
-19.4447
-18.8655
-17.5302
-19.0086
-68.144
25.1519
-19.5731
24.634
24.6891
-95.1362
-16.1597
10.576
20.0192
-91.6801
-16.2481
-68.2673
13.0943
11.4628
-92.2732
20.5507
24.4226
-4.77749
15.2575
15.4289
-93.1094
-100.279
-96.6555
-15.8304
2.56926
12.7824
20.8396
24.5018
24.0601
25.2102
-95.7262
-8.2502
25.4535
25.9943
16.1692
-10.7942
-9.59807
-94.2072
-96.3319
-101.981
-94.7179
-9.20078
7.55412
20.403
-93.4588
4.03056
2.29892
9.34439
-79.1991
-6.63436
-6.35628
-93.3842
-101.47
9.02459
-56.2189
20.7632
25.3163
50.2625
48.9983
-103.217
22.3137
1.03866
-10.8169
13.8275
-94.8748
8.73157
49.5971
-59.4466
1.76151
12.2069
-7.60436
52.1102
9.46302
2.61498
4.52458
4.61971
3.08339
11.0118
9.93023
21.3126
-96.1066
-87.9531
3.31362
3.88601
0.94437
14.0902
-94.6931
-26.892
22.3473
-94.7177
-24.4891
10.4511
25.0456
22.896
4.82407
55.9615
56.2583
61.4233
23.3736
-52.3477
23.4874
3.36529
50.9508
22.9514
40.9384
-56.995
55.9983
22.0156
-53.2887
-156.524
26.8239
41.0882
-26.4011
-53.9554
-20.427
-59.2546
25.9366
23.2577
24.0666
22.7164
24.3831
22.9242
-55.4524
26.3728
24.0385
-3.25553
38.5766
22.3786
24.7768
22.9568
-57.6386
-87.1472
-88.2246
-18.4441
27.2529
-24.5677
-4.23961
23.6798
-40.4352
23.027
-18.7355
-85.9185
-18.0403
0.0405602
-18.9038
24.4498
22.7027
-28.7781
-19.7435
-26.7771
-26.6922
-1.78405
3.66133
16.2436
1.20045
-19.4196
-20.0082
7.45527
23.5315
10.1746
-87.6956
9.30107
10.3579
10.7515
27.5338
-55.7829
-60.781
8.99353
0.980033
-60.676
-18.1765
-77.4854
-78.956
-5.26221
22.3026
22.0836
-20.1738
-167.209
-26.005
-123.215
2.32813
-0.577912
40.0206
47.02
11.1511
-29.099
-82.9571
-24.6148
10.6696
8.91528
20.5393
27.627
-73.5437
47.8734
29.9646
103.734
12.1823
2.30023
-27.1089
-25.3108
95.5832
-73.0199
-8.08328
5.06084
41.2501
-33.0235
-27.4682
8.51999
7.19285
21.3113
-40.9679
139.313
23.7013
25.3324
-25.718
-26.6242
-46.4128
-29.0112
-26.773
-25.8797
18.2027
-30.3213
-24.88
-61.7768
-60.0405
-24.5982
39.5969
-54.4422
-59.6098
11.4179
12.9016
-66.5835
18.8319
-34.1132
24.4717
2.53477
26.0226
-29.0254
23.3349
7.48642
-27.5087
4.37782
38.0498
-47.564
-68.5252
100.712
-72.7733
17.2848
-0.134484
-150.196
-13.1757
-14.3526
24.3016
-12.1484
-12.4004
-14.4963
-11.2567
2.9825
-28.3272
-29.7588
13.3285
3.257
-29.329
-17.2111
-18.5113
49.6095
-30.9102
-56.6009
-28.5314
-29.1215
-27.8335
46.7437
39.2126
-0.0538525
3.30498
-62.5327
-80.0124
-0.593904
19.5197
-64.0351
-0.174587
19.3956
19.3236
-87.9261
-46.9563
-15.8394
-26.4261
-61.8854
-46.944
-5.56381
-13.2353
5.52533
-78.1395
12.3963
45.588
20.2498
8.46616
39.9642
18.7097
0.27925
41.1646
-32.7099
-59.8033
2.28462
-56.1122
-28.108
-28.1767
23.5503
10.123
-62.1606
0.0145502
-57.7184
24.9961
27.3856
-14.3766
-24.9985
-76.4267
-75.4875
87.5768
-64.1499
22.4728
2.33718
-3.6138
-19.7299
-27.0781
24.6803
20.844
-28.0901
-30.1565
-53.7114
-63.8707
22.1053
19.2576
-25.6593
-3.4616
-25.6934
-90.5353
-89.2888
-1.82953
-36.4859
-58.645
18.4131
-6.29064
-8.26811
-35.1766
-48.2764
-60.0944
5.43873
-10.3092
-48.3145
-13.2988
3.03582
-33.0047
22.7812
-7.77609
-2.48241
1.78415
-28.6482
-58.9906
-5.51299
13.9989
2.24193
-29.43
-87.1536
5.94241
-97.8773
-101.12
-4.78143
8.71038
-11.2241
-13.5321
-58.1019
-43.4391
-69.8781
-25.3117
-60.1363
-82.377
-5.06854
-39.484
22.0211
-1.91871
-54.2702
-21.6276
-24.6606
25.1298
-18.6766
22.0054
22.1512
10.5007
-50.2269
2.21874
23.0636
19.1282
16.934
-15.9282
16.7882
-15.0143
55.7954
8.9927
-27.6867
50.5409
-1.42689
47.3049
-12.3073
43.8674
40.6552
-83.351
-8.40792
35.4263
-6.0472
30.4771
28.3719
11.5493
3.23295
26.6099
-30.6388
-3.6908
-3.82392
22.5857
-1.11572
19.2524
17.6381
1.6694
2.41596
16.4431
3.76897
14.3427
13.3819
6.44156
5.58251
11.5652
9.26544
2.51562
9.29953
-84.0703
19.7167
-86.5532
42.4536
4.10056
42.3932
45.6098
0.799042
7.34085
4.76831
-4.55271
-19.0831
1.12108
-2.63145
-2.7324
49.3025
3.80205
-34.2568
4.07965
-21.3192
29.9887
24.7567
16.6638
29.5113
40.5974
-24.275
-0.918296
-33.1488
1.01406
64.3891
52.3587
7.52051
4.59805
17.3183
-28.6947
4.13495
-31.2821
15.2097
25.1993
0.54252
26.2916
24.6076
-59.3993
22.1415
18.6572
29.6919
2.30452
-69.7662
-3.00584
49.4884
-35.226
25.476
-29.9283
-67.6779
-72.7302
-29.3008
20.569
11.8601
-0.755259
0.130706
21.2823
-31.0103
12.8617
-22.9557
-23.7206
-24.7089
-3.49871
-25.4237
24.4051
0.184791
6.33801
1.8
7.22664
4.47554
-79.7455
-30.6244
0.896102
-25.0837
40.6903
-25.4919
-90.578
-21.6937
-0.108801
-2.59946
22.952
-31.606
3.93483
-18.6823
1.65226
20.214
3.45781
-7.24689
-1.27168
11.1459
-58.5085
-1.39901
-1.05072
2.32708
-16.2467
43.4171
30.8035
6.84931
-29.7469
50.9872
-30.1224
-20.022
-31.2976
22.5373
-108.916
22.1735
-14.7082
14.689
-18.8134
12.5644
10.1045
21.9707
-5.7872
18.2774
-46.2206
47.7651
3.7939
0.296891
12.8337
-13.746
1.90467
-85.9037
13.1602
2.09671
-99.4178
-29.8623
-31.8589
7.66443
-31.7747
-22.8764
-42.8191
49.392
48.9942
-8.66365
30.8184
30.342
-22.6867
-15.2606
-7.20083
0.351719
-29.9185
-74.6726
51.7449
-7.87126
-0.332736
-71.9693
48.7478
2.7822
45.0611
-47.6444
42.0478
-65.0565
12.4883
-0.178741
-30.4176
-5.08835
-31.5263
16.8692
17.8678
-0.755667
-54.707
-29.3304
-5.29184
1.81697
-22.2592
50.4139
7.91653
-1.88249
0.309124
-1.28081
-22.9173
29.7218
25.4335
-4.1294
26.6621
-16.0512
19.6038
10.2635
10.0973
-24.6184
18.6021
22.2807
17.2282
2.06496
2.52058
16.3475
13.5185
12.2765
6.21364
5.67442
14.8853
38.0933
0.360817
-28.6562
27.303
-30.1226
-32.0536
3.68641
-2.19836
7.03113
-5.17885
-9.97516
26.2936
31.2936
-8.77409
-2.33814
-26.8927
3.33463
3.96417
-98.1583
-29.1143
3.14135
-1.94264
56.1502
50.2664
-76.601
-0.787361
-29.5307
18.1958
18.4555
30.3478
-86.0286
-88.9647
-30.6463
-31.6768
11.652
25.9871
5.50683
43.1096
16.8887
0.787734
1.76311
19.7746
-5.95903
28.674
25.1983
12.2029
2.71575
3.15126
5.26584
-9.78913
0.444676
28.5901
-16.5779
-14.0206
9.50137
1.62205
-46.118
-10.9889
-1.0853
-44.1204
12.1123
-3.36783
-30.31
-32.1671
31.534
-24.6714
-38.3574
18.4135
5.2893
56.2727
-23.5874
-131.004
17.6058
19.4856
-128.529
-4.38529
-9.80722
-10.2404
-19.2508
1.91946
-28.6173
-30.8003
-31.7587
7.42478
8.41987
56.9027
43.4926
0.0251274
2.96617
1.5249
23.4271
10.5654
52.6727
-87.6761
-24.3306
5.43179
-1.86179
-17.0622
-30.432
-32.214
13.3138
3.88254
0.889041
60.8712
60.8985
74.9843
-1.25044
-22.1596
9.43238
-1.1907
-2.69864
-58.5846
-8.90226
-30.8892
-31.7754
17.3375
-113.005
6.03719
-20.7547
1.34257
0.497821
0.109666
68.8825
65.3875
-60.3717
-107.005
-25.8037
3.13774
-59.883
-23.0884
10.008
-30.4904
-32.1949
15.1118
6.49689
99.8522
-23.5008
-126.252
-58.1921
-24.8742
0.443452
-80.7813
0.118583
19.6926
-30.9136
-31.7282
14.5938
4.61875
28.3243
-7.1283
15.7583
-1.78918
18.0655
13.9796
-52.9745
14.6941
-7.85081
-19.9488
-6.39254
-35.0024
-34.9995
-8.18525
-30.4866
-32.1104
-1.83032
2.60829
-5.31591
45.5177
-86.423
0.990809
-87.6914
25.7986
-48.2845
0.465127
-20.637
5.14018
26.1809
2.48335
-4.51162
-12.7609
0.0890856
-0.0581646
0.30142
0.459436
-0.355456
0.182699
0.021867
-0.376915
0.255964
0.30118
-0.00883351
0.159411
-0.0185477
0.388576
-0.36373
0.0316617
-0.145381
0.475024
-0.151288
0.00373481
-0.252859
-0.213269
0.36329
0.0452132
-0.31033
0.480551
-100.875
-102.835
-2.85669
2.26252
-31.6189
-30.8759
-2.21685
26.8815
-165.668
-56.2068
-0.462121
1.42743
-7.32483
-7.37137
-78.7179
22.982
0.701007
3.27306
0.389795
-2.05339
28.3152
4.28082
-19.4734
-30.4212
-31.9672
0.701415
9.39047
56.6588
58.3965
-7.64171
16.4582
9.50575
12.1021
-42.1606
-6.31032
26.1091
18.7664
-18.2493
-16.3498
-1.29682
20.7708
29.1117
12.7995
22.0362
-5.02773
10.2989
24.6145
0.864187
-30.7776
-1.20313
-93.5078
-82.3444
-106.863
7.97124
-15.1625
-15.2791
18.6045
14.9834
-53.7996
-91.2654
-72.3906
-2.11511
-31.2509
3.88179
-92.5482
-90.4125
0.668936
0.168312
13.2438
-17.3753
-30.2993
-11.1757
-10.3802
-48.7624
50.1374
19.7872
-17.8243
0.0382124
30.2122
1.10566
21.885
5.50323
-63.5345
-61.2416
-30.1248
-50.4107
45.5859
47.0943
13.2567
23.6841
14.8843
2.34218
18.967
6.26321
37.5337
-65.4984
-94.9637
-0.230249
-1.92921
1.05114
21.8844
-5.94276
3.34154
36.0069
-1.15071
0.627723
-89.7504
-13.8595
0.47825
-54.4228
-56.5028
-63.7211
0.352213
17.3994
8.0772
-1.03805
-145.608
-51.2616
-28.8452
4.9603
55.3093
4.33862
0.0344059
26.468
-45.3389
21.7665
4.58598
-57.1123
18.1993
1.36121
-84.525
8.18761
-84.5844
-7.4792
26.0132
23.8212
2.79901
12.6537
23.2561
14.184
26.8608
-83.7503
11.0184
-28.9473
-45.9617
18.1377
0.574163
3.36538
-44.7935
-47.846
120.345
29.8881
3.42807
-48.6781
25.5855
-20.0627
4.66382
51.706
25.4381
6.09698
-0.436614
-50.6065
-7.91484
-5.50688
9.0919
-19.6499
-0.0540824
55.2703
-20.8606
-1.60904
25.7786
-20.4362
-86.8726
-4.93079
-96.7336
3.07535
14.5645
15.7152
37.4298
7.05487
-58.1867
25.2225
30.2685
21.6545
92.8542
2.40494
-12.4639
10.8556
-2.7461
-17.2461
8.04647
28.9295
-0.96052
3.71926
2.65958
-29.6365
0.641119
-26.7401
3.16784
0.602071
13.2426
-27.5027
5.16409
-159.507
-25.062
2.26393
-102.12
-11.7246
-84.5847
-17.1191
23.3565
23.4465
16.0895
-97.1593
1.97187
0.804064
0.489795
0.259261
18.8856
19.9239
-87.7493
39.1144
34.9196
-83.4972
-29.5426
-15.2544
26.3572
-20.5584
7.91514
11.876
-7.54545
20.6046
2.80971
-26.6121
14.5519
-40.3018
18.5193
-7.75752
8.15809
-2.92962
4.04202
2.62781
-0.0323556
22.1744
7.30158
23.1658
-47.9458
41.481
-92.5059
-121.405
3.38704
-27.95
-107.329
-21.5448
-40.6767
-28.724
-168.378
16.4225
165.853
-27.5309
0.204132
18.4135
-8.47743
-8.92708
-4.6081
0.561071
-5.23722
21.7249
-34.4822
-95.5915
0.910281
-41.1957
15.8494
2.5781
9.17084
-80.8478
-13.464
-29.4394
-2.20248
-28.1642
-22.4672
-2.08004
-13.2087
-40.2805
9.80125
-92.6971
-52.2375
-164.926
-58.8785
2.66286
-18.3728
42.5984
-11.7621
-31.9127
-10.552
-89.0828
-0.314879
13.0757
0.696113
-1.69636
62.0832
-55.677
1.03593
-87.3662
26.5549
-3.0867
41.8086
-75.4022
23.2332
72.441
-62.119
-78.9965
10.2442
-4.27038
-9.27084
5.18761
-156.607
0.500301
-88.1116
-134.496
-135.3
-2.62727
-33.8622
-26.6699
-0.768905
0.274445
0.322251
-66.0498
-165.112
-67.2416
21.5861
-69.0592
-28.5949
4.78941
49.1038
33.0609
0.247817
11.437
-6.52472
-6.63411
1.45528
-41.0328
-7.29175
-7.78256
1.16522
-34.2318
3.20305
2.92229
0.592957
4.97837
22.1402
66.205
18.2916
23.0349
-61.9407
9.59118
22.7287
22.6834
-15.687
7.03149
-0.350842
-0.38138
-14.6451
-30.4216
-87.6846
-74.4674
107.232
-54.7525
0.38706
8.46731
14.9893
-6.71465
-116.17
18.8084
-0.907137
17.6158
-1.13216
-152.808
-3.84829
-88.4725
-49.5798
10.3973
4.67023
-85.452
0.581535
25.9354
-70.7392
-7.59988
0.468211
98.4266
-13.6021
-19.962
-120.915
14.7316
-0.0859977
4.1512
-11.4329
23.2173
10.748
14.0029
17.153
-52.2326
-14.8168
2.72149
12.4517
-5.8875
-83.8741
-69.1797
-105.149
-2.91104
-28.2956
10.2016
29.1479
-37.4068
-93.0091
-90.3138
21.8864
-85.3644
-79.4685
-8.68532
18.1051
-84.917
-39.3948
0.0932689
-5.08268
20.7799
-9.00519
-34.762
14.4088
-73.3741
-62.5176
-11.5574
-8.27767
-22.8557
5.53081
-145.699
-11.2504
-1.74312
4.17845
24.0504
23.238
19.0375
-88.3423
-34.5254
-75.4894
8.7396
-76.3781
-117.07
12.7802
22.1265
-4.30737
-57.9179
23.3235
24.0452
-4.8531
6.89143
8.86287
55.2109
-0.862881
-2.42345
-42.0318
2.90416
-65.0253
-20.2432
2.86163
46.1794
8.45772
5.30901
-39.911
17.7929
-101.092
-2.0165
46.6117
-75.285
-95.1618
39.8031
-87.0475
-5.2635
-21.6174
1.42864
-63.625
-54.2004
-0.0654189
19.3361
-29.5889
-53.3135
-163.786
1.45293
22.5397
-20.3362
-40.4989
-17.7409
44.6607
-26.1773
-74.9956
-130.767
-1.5915
-16.3876
157.852
12.672
2.47229
0.964145
21.5603
-10.7961
-27.7339
-3.91883
0.867646
-28.1515
23.2603
1.97809
0.963523
-4.53235
-1.23865
-87.2146
-66.1586
58.8439
13.6127
8.32007
28.9509
16.6967
19.3576
66.2443
29.5074
-5.43486
21.3694
-3.7117
-5.45294
-0.800097
-62.0613
7.4994
5.86045
-0.232547
-0.514312
1.14034
19.2142
26.344
14.0379
-22.0343
72.0367
70.3762
-31.9316
56.3298
26.2402
0.269561
1.36842
-119.027
1.66729
44.2423
-0.803426
19.4637
38.5333
6.50062
18.8577
-16.0279
6.04525
-4.69126
1.62413
4.59932
-9.57468
-61.7207
-29.8008
0.363513
0.918388
-75.0748
-41.9978
8.99683
-18.3343
-26.7512
-47.6518
5.27903
-92.188
-32.9134
-45.0122
35.6043
-10.4487
-1.98496
-52.923
-0.162339
-84.0411
1.56308
-40.678
5.24875
-87.8423
-17.9651
16.7972
-0.699832
-16.6263
-163.422
41.1246
-22.4494
30.3292
18.2426
43.5116
-6.54633
63.7123
-84.8472
7.63824
6.26693
-7.63152
0.512611
7.64759
-21.017
-105.847
-104.519
-28.9597
-22.6481
21.6958
-26.2855
-70.8129
-84.3916
-56.1127
47.2669
-110.82
-109.017
-27.6607
-2.02932
-36.6633
-122.285
1.30223
-34.1685
5.81662
-53.1295
6.46433
7.16196
4.14398
-20.2626
6.83196
2.44354
20.0196
8.07966
8.64272
31.7899
-16.1133
5.94779
-43.9836
5.4408
-65.533
-0.597984
-68.2195
-91.5173
44.779
5.12325
1.63877
40.3125
1.01792
16.637
0.22106
-54.0039
-102.702
4.24149
23.2248
-3.95232
2.43731
-19.3969
-5.72381
-6.32006
-10.2764
-51.6314
24.1091
-0.48664
-33.6152
-122.698
-126.359
14.3611
-22.6334
-19.1215
3.88641
-17.81
0.726623
8.95101
25.6045
24.3298
-17.8844
-99.7773
-101.462
-57.5555
-5.29779
-64.912
-3.03903
3.13393
-65.5915
36.009
-37.4321
-37.197
-11.167
-12.6685
3.97999
-3.23872
-16.2951
1.50032
-2.31826
-10.3315
15.6388
-14.2879
-4.46201
-22.9792
-98.8478
11.8179
-25.103
-23.3945
-0.110083
0.184747
28.448
-7.78419
-43.7358
1.84039
8.24383
-6.4149
5.97197
52.4894
13.8824
-24.9598
23.5105
-84.1083
10.2072
-72.2737
-74.5626
-22.1704
19.5477
-153.054
-55.6787
-166.24
-68.8197
6.55231
-75.3522
-46.2572
17.6669
0.700786
-71.5961
-9.09178
19.4519
-22.7786
-10.425
-19.9471
0.154404
47.6952
-88.4517
217.566
4.35286
-1.70861
-13.0261
-0.143306
-1.49203
20.1506
15.0534
0.00606997
-112.773
1.96262
10.767
-41.5206
0.232188
-12.5162
-15.1938
-78.1383
-0.669895
23.0608
-0.449562
-47.3346
-65.8419
-19.7009
-17.5053
-14.4558
-55.8438
42.3263
-19.6556
-18.7308
44.8615
34.1337
-17.081
40.5365
-14.701
-64.7118
10.0912
21.0637
-19.8091
25.8362
18.1592
-51.4863
-7.79415
3.72221
-0.888191
24.5702
23.2972
-23.9784
0.801359
-50.9086
0.0545141
-53.2705
0.0166665
-62.5066
3.60928
55.3526
3.90887
17.4444
26.9549
-2.79909
11.6042
41.1217
-9.75409
1.54554
10.1252
-14.1467
-0.94199
-12.8986
19.5731
20.6692
37.7278
-12.0017
16.5945
-81.8141
11.738
-85.1834
-13.8099
27.4211
-53.754
-85.5203
40.337
-79.5304
-72.9435
4.07721
3.35395
3.80762
-76.8583
-11.5259
-11.9512
-3.22416
-0.82529
-29.4292
-1.21623
15.2515
-114.984
1.2752
1.35683
-10.26
-12.938
-48.0802
2.71212
-5.68772
29.9294
-9.20649
25.9336
0.363865
43.7981
4.91007
-21.0672
4.54241
-21.9563
8.28309
-72.7842
-62.9508
-133.796
-85.9382
-70.369
-67.3104
48.9373
52.3377
-21.8097
-16.3713
153.684
38.2677
19.2322
-66.0014
0.973538
-81.5921
-105.691
-29.7447
74.9431
12.3888
-21.3456
2.87164
33.73
-17.9833
23.2282
-16.0143
-82.1456
-21.7483
2.76737
-0.0520191
6.5898
-8.15075
-33.7646
0.868365
-2.21537
-25.5667
-95.1043
-89.1735
-20.8359
-84.9214
0.620312
-1.01028
3.35124
-0.501847
9.411
-70.8366
-103.572
-135.682
0.754707
17.7496
17.3264
-16.1714
-4.08426
-133.343
-0.0339038
-99.9602
-16.3333
-55.3008
-87.1973
0.818195
-1.41437
-45.6094
0.459689
-72.5902
-94.3738
-96.134
-68.9427
28.7655
7.84206
-1.62096
46.8549
1.98161
-17.8274
-14.8397
-16.6872
13.8678
0.448749
25.7608
-75.8246
22.0026
-26.1652
15.9352
2.95692
-3.31727
-18.0713
19.4574
2.48911
-4.05488
15.9604
7.22434
-63.8835
-53.4355
-55.2092
59.2537
35.0275
31.9655
8.2067
70.9722
-90.1399
-1.41487
21.9216
1.44616
-130.772
4.95569
25.3653
24.7765
-27.0766
-96.8333
38.7114
-31.0361
17.2995
-17.2231
-0.528199
-0.32175
-17.6982
-87.4986
-23.8663
41.1788
1.16611
2.39449
55.4401
21.4425
12.1533
26.6704
3.5904
3.72142
-71.5809
-20.2592
-23.7089
-75.3381
39.6423
-12.1905
-155.181
-153.725
-121.54
0.159008
22.9923
1.78452
-25.4356
-41.0194
-40.3272
15.3077
-15.7411
1.15768
1.66396
35.5785
-13.1057
-3.40299
-28.5564
10.6554
1.80072
-28.3693
-34.2609
-76.0792
-10.7217
-74.5446
17.694
0.93677
-80.2645
12.3134
-61.0773
-18.4434
-20.1191
10.0881
4.84537
-0.856989
19.537
-110.65
-15.8977
14.9243
0.418811
-30.9655
2.18623
-60.5964
-106.504
1.27499
-26.7509
-27.0855
44.8075
22.8805
21.4911
6.45575
-68.2977
-69.4401
17.5945
0.409168
2.1648
47.5291
3.69061
19.932
-84.2725
0.74548
-15.7925
26.0149
-0.592745
19.0685
-4.55784
21.8609
14.0447
-14.6703
17.7565
-50.1993
-22.1885
22.2764
-23.9099
-11.1947
24.9142
-11.3841
-68.846
0.500891
-88.5779
-85.4768
-8.60501
9.75949
47.7503
-6.10406
0.889743
-16.0092
0.829215
13.7375
43.7709
19.2125
3.62938
-4.69039
1.18805
-25.1517
-6.00191
0.0549158
-15.9173
-12.3858
-62.6889
-8.59053
-4.52994
-31.2327
26.6618
-5.9788
-38.7633
-24.9343
9.63486
-7.82046
-77.928
-0.815136
-3.30532
13.5625
-11.4604
34.7424
-20.4355
-77.1226
17.0042
1.51813
-101.238
-7.58361
-4.4128
-17.3033
-58.9567
-4.97903
-6.25067
1.22924
-45.4693
-80.7023
-49.9365
15.4888
-13.6873
-48.7544
-3.75274
-5.74964
-133.744
6.47014
-50.2544
3.04709
-81.7984
43.1432
-0.938499
3.59914
13.4747
-92.5201
-37.4114
159.922
-69.3289
7.55025
38.2951
20.5981
-84.5767
-2.38716
-24.7306
-55.608
3.58816
-19.8446
-27.3083
1.73915
-3.96155
-59.588
-8.36397
-10.7037
-56.4437
19.671
-80.0373
-88.7262
1.03455
33.6571
5.50064
-32.1725
11.7748
39.4051
5.55583
-123.49
7.2401
-105.275
10.1391
-76.4884
-5.49301
-32.4305
-21.3698
63.6751
2.58499
-75.0118
11.5679
19.5505
3.11592
6.78905
-77.4552
-1.6831
-135.818
-75.5923
10.1048
3.02535
-34.5688
-108.824
-119.252
14.9781
-16.2313
-45.6083
14.6261
7.24819
-7.6205
-1.10276
-38.5527
-65.1094
-0.477033
0.549582
-76.5242
11.9428
3.41024
-72.5177
50.4478
0.368365
0.814024
2.36863
8.25823
1.02286
1.76161
6.23516
13.6036
3.81718
30.2874
4.95841
2.75711
-15.4988
-0.378319
16.1652
-0.3215
-85.4204
1.26796
-1.79175
-53.5969
3.34257
-103.946
-105.657
23.0281
-70.0775
-1.61776
9.74391
9.01617
-0.282144
-35.6694
-2.93794
-13.5083
5.04893
9.70206
-5.85058
-1.57407
-62.8045
-66.4019
-60.541
-52.0558
23.0323
-80.7158
-84.067
-62.6851
7.3739
22.115
-6.60222
-7.45352
-11.2422
35.0588
32.5306
-9.31013
3.579
10.2699
34.6735
-10.3213
50.1133
-7.45684
-149.634
-0.00241558
-16.7139
9.06407
-144.322
-148.111
24.549
-116.79
-4.7924
6.85776
-13.4237
-2.63311
-85.8893
5.52719
2.22883
15.8979
-1.71623
-21.0265
-16.5961
0.156582
-125.047
28.3633
-14.6313
-0.113047
9.45982
-16.4768
-25.4156
37.5307
22.4384
13.9365
-1.49991
0.277594
13.5215
-12.4987
-35.1741
2.63788
8.25483
27.5237
4.69454
-13.7377
1.11462
11.2041
16.1229
-1.95123
-0.410806
0.339398
-6.06503
19.2769
-23.4918
3.25114
2.44514
-71.2837
-27.7913
2.35869
-104.015
-38.3374
23.0055
-70.748
18.9543
-34.8973
1.90808
-61.9482
-50.8712
70.2128
-15.2029
-22.8711
-116.205
23.1264
-5.27749
-3.0245
-29.2526
-27.4299
0.139876
3.57566
-0.103202
21.2283
34.5793
-21.9624
11.5709
-89.5921
3.63055
10.1853
0.293904
-0.222612
14.2996
-14.0178
3.28416
37.3746
6.83637
-46.7243
-5.09474
-83.9076
1.83858
-54.7828
15.0426
-104.179
0.0939556
13.3204
1.57448
-46.5636
0.344912
44.4196
18.6973
-22.6989
21.0161
5.71237
-1.81715
1.60169
-10.861
-143.389
-14.2961
-9.22107
0.497973
23.8405
-47.5751
-7.4659
111.507
100.716
-2.84124
8.45903
-47.242
53.3476
1.45354
-79.363
4.71908
-72.8617
-4.02812
-61.8819
-62.937
-43.7645
55.4884
-1.0272
-67.8953
10.5018
3.97449
0.735912
-5.28006
-6.40872
2.60533
-50.9344
16.8193
10.7172
2.92142
-119.295
13.5158
17.6387
-78.835
-0.488373
12.4961
-15.0064
-70.7811
15.3844
3.18848
42.907
-3.56031
11.9119
-9.68436
-2.69901
4.50573
40.7829
8.08652
-1.23557
-19.3058
23.6701
-0.577588
3.74465
-47.5158
-48.8062
-32.5058
-2.73275
0.0740091
5.41457
3.73465
-18.4687
57.8207
-84.3964
-49.1201
29.6995
47.0569
140.933
-119.498
-47.5738
95.1104
-13.9334
14.8542
30.2096
29.9303
21.0957
-60.4932
6.00599
2.03895
0.911039
16.7463
8.20588
-81.612
2.26863
-3.7696
-131.722
16.7269
-14.5863
5.32871
4.82963
6.37367
-22.1028
-3.95167
-10.2522
49.374
-43.6277
8.58383
1.56319
23.9648
-83.9546
2.68652
-16.2154
-52.4054
3.45849
4.57093
14.928
14.0064
-4.70034
15.5763
-2.29789
5.35629
1.43065
0.756495
1.93382
-30.9726
55.6791
13.3155
-51.7404
19.3244
25.9222
24.3512
-8.44008
-23.422
-59.4957
-6.1221
-62.0911
41.0945
11.3134
17.4975
6.76718
-0.338338
-8.0697
-8.57194
12.6073
-12.0211
-55.4761
3.49994
19.1066
6.21472
-48.8416
-1.42101
-3.13254
8.59427
-21.2964
0.405684
1.67876
-13.8664
16.3823
-161.116
9.27592
-0.90074
-3.28356
-62.8682
-104.887
-0.145323
-0.774909
-30.0205
-49.6861
0.589387
-12.3004
1.05496
2.18664
-27.9087
15.3937
3.49343
-2.75636
-7.09769
-45.8802
-44.757
14.2766
-99.2128
12.1182
1.53278
35.5198
-76.9489
35.5855
-83.21
-1.01394
-50.5936
2.89517
-11.0042
-18.4425
58.2827
1.15065
21.284
5.77124
3.41365
-60.8137
-44.1311
41.7666
-2.1529
-1.45054
21.5446
2.41098
55.8744
21.1577
-19.8443
-63.8105
35.9534
10.886
33.0817
-40.389
-34.4983
10.4558
-1.84046
9.37923
-4.80338
39.5916
-1.39275
-1.92003
0.360384
-2.88714
-72.7697
-70.9996
-5.18453
-10.5483
25.5447
13.0854
19.1153
1.61083
-8.99255
5.34859
20.1298
-2.11377
75.6964
40.2516
-22.2627
35.373
-20.9025
2.36059
3.45039
-56.1457
-68.6687
5.28481
-30.1083
58.9029
14.1487
13.9803
5.42638
3.385
0.0367177
0.965587
0.420818
-29.0156
16.7136
-42.1948
6.99155
-30.8541
-0.406702
38.6687
32.2909
19.692
25.9161
-162.599
-0.434199
0.901107
18.8658
-22.3976
3.3969
13.0288
-9.59876
-7.36439
69.4898
-2.35166
2.89316
-107.581
26.7568
-51.7475
-0.770465
-90.2329
0.866178
-21.6012
-6.9431
16.6929
7.28358
29.7303
-7.39268
33.3996
0.875907
21.351
-0.215167
1.74236
-22.1889
-78.8796
13.4382
1.79088
-19.5465
-0.0584939
12.3314
16.9456
-27.4177
-13.5221
-23.544
1.69663
-36.2084
-16.91
-56.8085
-72.5156
48.3031
10.1416
8.13644
8.70072
-0.885699
-25.6883
7.69047
27.0939
-25.1416
-8.93586
7.23264
-25.0663
29.3213
28.0384
21.1759
46.6263
3.99132
-30.999
20.7672
-31.3704
-47.5124
-39.9775
-112.354
0.342313
-13.3441
11.8769
-1.00017
-18.6126
6.51308
24.9758
2.29624
0.573398
1.94451
19.3749
37.5629
31.8208
-5.59895
-3.41253
0.993725
-16.5558
9.85115
-46.9238
69.134
-0.448422
-35.5301
0.280714
-9.77948
0.116062
-82.3472
-89.978
3.27133
94.7511
95.7603
-24.8021
-61.4667
-54.6245
5.57208
-13.4463
3.61202
26.942
-15.4129
27.5335
24.5081
19.4125
1.13087
-50.9368
-68.5118
20.1966
29.1734
1.23813
-37.5341
-17.1947
19.9101
1.00893
-147.144
8.45816
23.0317
-11.5245
-42.8388
17.3048
22.802
27.1499
-20.2722
3.04002
-36.268
-88.5076
-84.1533
0.347809
-3.73229
-16.8424
-9.67216
-0.858994
-55.1938
-1.50547
23.0509
-39.5238
-8.64387
19.652
-43.7555
5.20048
39.1687
19.4487
36.3436
0.249823
-36.9285
10.074
5.86872
56.8945
-81.5315
-18.6837
-104.305
4.001
-31.4945
6.96618
90.015
14.5111
-36.5142
-7.48733
-104.186
7.16046
8.35136
-28.8285
-63.4338
12.144
43.8164
-0.874887
18.3299
1.30383
15.4712
-85.5232
-12.8461
9.08738
8.94483
-71.4604
-14.5019
22.3754
24.8054
-5.6264
2.48644
2.41064
-108.86
0.415219
-1.77952
5.83808
-67.994
-74.0333
1.9921
15.3404
-36.4889
-80.302
-0.359492
-51.4624
11.495
-157.183
-59.3639
-12.1887
12.2747
10.0061
-69.9553
-50.2289
-34.2603
7.92049
0.160825
1.75203
-111.554
-29.9244
3.48143
47.3932
-5.07501
-70.2565
8.92946
-0.342259
-17.3592
-70.5228
2.55296
33.3625
10.6251
7.61028
-76.6676
20.6039
-36.141
-2.07507
-18.0403
2.78592
-123.494
-91.5646
19.9838
-158.409
-0.292425
12.7472
42.4572
-0.629243
27.1166
1.81747
2.31241
18.9578
2.8805
-45.166
26.7716
26.7627
-100.442
10.3946
1.82992
13.1949
51.8585
16.2851
38.1612
-16.5104
85.5031
-46.9506
-79.959
-82.2202
24.4847
3.62581
-22.8319
31.0256
1.60927
3.6006
24.9156
1.20624
-52.5796
-6.21918
5.04404
-67.2973
5.47252
1.50097
-3.98877
16.4274
-52.2265
-32.0304
-17.422
-35.3429
-19.5396
0.164223
-124.05
-32.6198
0.272854
-46.9595
-16.3523
6.91693
-0.279665
51.4296
34.1202
133.451
-17.9567
0.219786
-2.43071
-12.1993
-13.8291
3.52774
-0.310665
8.3305
11.1836
43.0249
26.851
5.31584
-21.2746
-86.3344
22.4841
-0.0591802
-16.5935
6.18502
25.7513
0.497955
49.9839
-3.09467
-3.39521
-0.10044
65.8015
2.32487
-0.518655
-157.885
14.4436
0.222282
-15.0003
38.6098
-0.372334
30.5961
-37.8415
60.0403
-5.65194
-20.043
-9.44529
159.946
1.05517
6.32154
1.26247
2.1585
-122.48
52.7128
2.90542
-6.26836
-157.232
-29.8944
8.95256
-11.9151
39.4629
-25.9491
-6.59269
-4.95178
-56.2916
-10.7532
45.1985
-125.009
5.9353
7.10635
-58.1822
-8.19777
-24.6035
-22.57
4.09166
-27.8096
18.2669
-1.45769
34.2443
4.5069
-28.379
-72.4903
1.4155
5.56831
-23.8116
-88.6282
-46.9092
-93.4697
2.16511
40.9411
-21.5001
35.9903
-31.0922
33.1987
-29.6927
4.30732
15.7574
1.7191
-25.6287
-105.362
-102.265
3.2343
2.79246
9.27012
48.132
49.4312
10.554
-30.8598
-73.5306
-3.73138
21.2379
21.6068
3.07797
-10.7071
-1.13154
19.6642
30.6652
-0.734318
-62.5452
1.15872
-31.4906
12.5748
-33.6428
-5.96113
-87.8227
-27.0963
-19.3205
-80.5887
5.78345
-1.55008
-11.5042
-7.32121
14.3318
-0.796569
0.392612
-24.2096
0.362456
-62.6516
3.82003
-8.93133
-44.0911
1.02663
-132.326
-85.8744
5.11767
21.018
-24.3021
12.633
0.975342
25.8066
4.26025
-73.6595
-72.8226
11.4047
-21.028
11.1115
-34.6709
-3.4951
2.66089
4.82828
26.8597
54.5893
49.0406
22.7058
22.6556
-5.04894
-1.77316
-14.753
21.2918
-19.1036
-14.7824
15.6531
10.1102
16.0713
16.2708
-15.4478
-51.5425
0.464161
-114.378
-22.4917
-77.0422
-75.0515
12.6641
0.479192
6.14701
8.94951
3.38057
-6.2745
-64.6053
5.94918
-0.0974305
21.5404
-91.6183
-83.8036
10.6563
-1.48448
-7.68854
-9.40146
-101.501
-3.02629
-77.6489
-21.7108
-8.74102
1.83909
-0.281406
-38.3953
-21.4417
-1.80586
30.4395
-1.62751
0.657727
-18.6961
29.9669
-15.718
-8.89596
10.4076
7.91357
6.36164
6.65136
-0.443365
26.374
1.01705
0.42589
40.6365
-7.7433
1.63471
-0.0502168
11.3584
26.1937
-40.7771
26.7856
-33.3147
-11.3314
2.24441
4.24551
2.79083
-69.6029
-8.08943
-16.9766
11.0627
3.08641
7.21187
2.4176
6.22784
-75.4595
-24.326
-21.9874
-81.1104
1.42183
32.4246
-105.877
0.154557
-4.62018
3.09134
-32.3271
-39.75
20.8175
1.68271
-2.30987
0.506498
-20.0106
-21.7909
27.1356
-52.7445
19.0144
5.63798
0.9579
-53.3996
23.5075
-12.4628
27.3288
20.3784
42.9496
11.2638
0.805391
-0.682898
-153.924
-14.5572
5.33076
-17.4061
0.730885
-106.578
-59.3306
43.9275
-0.772627
-51.6259
30.3308
-57.2478
0.291891
85.9019
0.228425
-57.7053
-31.4706
6.41093
-61.0186
5.59423
16.8935
-1.33794
-29.4754
-0.224926
33.8881
-36.7809
-0.0317278
13.1876
-27.573
95.863
45.539
-18.5128
8.76275
-3.72225
8.04701
1.58516
-44.9634
3.1684
-1.10666
0.670038
0.963061
-6.28698
-82.7578
1.29081
32.4508
-51.5497
-17.5267
0.62862
-3.16608
27.0031
-19.4896
0.058607
17.5848
3.83811
3.15283
27.0036
23.3971
-10.2924
0.211411
77.0351
-89.1201
11.1526
-85.2569
-0.270806
-17.324
-60.2617
91.1194
3.94665
0.423475
-54.444
-20.0337
5.90912
-125.224
68.7967
1.00386
5.79516
22.5985
0.0744451
15.9143
-0.988137
20.8536
22.9906
-59.9712
-31.2403
11.0599
-12.2784
2.1065
-3.09115
17.9087
-5.05222
-47.9053
1.79881
13.7353
-114.921
17.7052
1.76821
-11.8577
-19.7594
-70.0863
-59.18
-21.6005
1.43624
9.41688
4.28726
-58.3713
21.4601
17.041
33.1017
3.91685
0.552453
35.0731
55.8489
19.2933
-37.5664
-21.4041
-7.98048
175.945
-4.89608
-37.7197
7.24022
-48.905
-88.4856
2.33524
-78.3068
-13.5425
-8.43712
2.45706
20.8006
-24.5108
16.4646
-0.152694
-1.31418
-2.61588
-9.39747
26.3335
52.0091
0.993021
16.749
10.9907
0.775433
-56.3393
-0.650224
9.65478
30.4831
-138.197
-144.317
60.0236
3.68007
0.863048
14.2865
4.7466
-30.9276
3.25317
52.649
-0.680987
-1.92997
-54.5485
-54.9333
-60.1874
-54.8489
0.560916
24.3165
-0.69063
-0.465904
31.5008
4.46849
26.6377
-108.161
5.13918
0.31755
1.9222
-5.77518
-3.57072
-3.62824
40.6005
1.36059
0.82173
2.73504
-157.091
-57.7073
-54.1938
57.7037
-0.400918
-3.42905
11.9871
-47.8129
-22.0391
-78.4446
-24.4538
-39.5111
-15.8479
2.48573
1.18155
0.8112
-6.04033
23.8968
14.2779
-1.62859
21.7522
-9.9767
-6.4867
-137.818
3.90293
-92.3619
-2.58613
-67.3916
-0.60628
-51.7584
-2.91425
8.16798
-165.273
-34.1725
-64.8641
9.86011
-4.29916
-59.8347
-13.4112
-12.9149
157.028
21.9758
23.2836
14.9448
-53.2077
35.9713
-2.76716
30.2947
3.88418
80.137
0.427099
-12.0167
-4.68984
33.9714
1.68488
11.8579
19.3232
-12.6103
-10.6085
11.5868
3.9104
-49.1818
-91.213
134.858
-42.1082
146.948
6.17679
-49.3767
-27.8275
26.8011
-0.241985
0.6148
-1.61714
7.97322
-15.7302
0.963767
2.33174
15.7464
0.954808
-87.0646
31.6107
32.1862
-94.5921
34.6031
30.662
122.67
-45.7432
17.3264
-52.8704
-52.0514
28.7463
-31.5562
-3.46172
3.95082
2.77203
47.4508
-17.1353
-46.4088
-91.54
4.41884
-10.7946
46.6764
-35.91
-52.3643
-16.7405
48.037
17.2605
-5.82168
-6.00432
17.0293
6.95805
17.3317
-26.3776
0.487198
15.2941
-163.125
26.5202
-89.4868
-110.767
38.6635
3.54523
-0.592098
-2.38587
3.15497
-12.2946
11.1446
2.14462
-36.5367
2.37896
-9.96284
14.7036
-5.27214
7.3226
-30.7737
-112.842
20.9844
-5.56916
-14.5954
17.6735
36.3109
7.78048
13.5896
6.05401
17.2065
0.765238
-3.44709
-23.7386
-0.708465
-35.9832
-24.1059
12.5171
-6.86219
29.6747
9.8209
-90.7033
63.494
-1.24919
32.6287
13.5772
6.3512
35.3155
1.08378
-81.4402
15.3797
-78.2729
2.59654
-84.0056
-65.8911
-1.96209
7.53928
-29.3223
4.24995
1.42003
-1.5549
2.71719
-32.1156
22.84
-73.5715
16.0161
22.1278
11.047
-35.3223
-34.6215
17.831
-9.21485
0.35189
12.9493
15.3654
-31.117
-44.1361
-1.48785
7.02262
-63.0363
-25.2598
-52.1744
15.9838
-8.49505
34.3806
17.7037
25.5662
-22.0075
-25.6399
0.554019
-16.7981
14.0118
-60.3547
12.0008
13.5799
-108.79
19.6201
-19.0525
110.09
-4.61981
2.14671
0.0505907
-46.9554
-47.1056
-123.593
50.4218
-97.2348
-20.6739
-127.143
19.9902
-0.336549
0.384018
43.845
28.6623
-1.76969
47.895
3.42698
21.4611
-45.5434
22.5151
1.11459
-0.667498
-46.6787
24.1589
-6.74429
18.9619
22.9864
-43.6422
48.3502
-7.11391
7.53834
16.3629
-4.57577
-0.0624944
-88.0791
14.5333
-20.973
4.90296
-11.0329
-32.5288
-46.4099
-6.65188
0.911659
5.7582
2.5882
9.59442
24.5871
15.1931
29.003
-31.8309
2.85585
-62.8548
-0.335541
-33.7519
-12.7834
13.4033
0.762849
3.32812
-71.1684
-0.43425
-52.3866
21.136
-31.5952
-0.281895
-5.99202
2.22846
-66.8649
-2.38351
29.3388
29.9111
15.7807
30.7828
0.102352
4.41814
21.4171
-152.649
-1.95313
-0.0164428
-29.5323
-81.3331
-108.76
-32.9436
7.54732
0.556977
5.49993
0.342608
-35.669
-2.05008
22.9735
4.94876
-55.3619
91.9962
6.53731
-32.7674
1.42635
3.96445
35.1161
38.583
10.0476
-7.33686
-7.14806
17.9314
25.4809
-36.6332
-4.94952
8.19374
-12.4507
0.0363507
-5.06083
-11.103
1.94077
20.4626
8.79935
-30.2664
-107.462
3.93721
38.4098
-5.37662
-10.3154
-21.7245
90.0476
82.5774
-2.11014
3.37695
17.7011
-36.0022
0.249121
27.2114
-41.6431
-92.9748
8.72723
-1.13669
-25.131
-17.7697
-4.07233
-0.211992
-4.09552
32.8661
28.7882
-37.2026
2.96108
3.79947
-0.150289
-64.2319
40.1566
-69.6754
72.5504
30.4684
75.1528
-128.533
-75.0569
6.15744
7.93817
-2.5669
-11.6704
-70.0799
-139.576
3.22206
-37.42
-57.1342
-6.24488
-29.3543
-10.2064
17.5326
-52.5925
-16.5781
1.20454
-110.061
7.98265
-39.7581
-6.71617
13.1084
-92.9947
-111.524
-108.442
46.0295
-112.669
33.5243
10.0836
-1.65804
22.0943
2.48433
-138.202
0.593728
-11.3116
-40.3681
-107.047
-84.5136
-22.9177
28.1091
1.6039
-0.508486
-1.93563
-13.824
-59.7846
-28.3661
-13.3313
-10.0053
3.43706
10.8929
-14.7774
-5.69841
-0.735181
1.26989
-14.9235
59.1816
8.14437
-6.06451
3.33059
-37.5937
2.97143
-12.3559
-4.58067
6.7927
-11.984
18.5031
6.35861
-60.8208
-0.0253418
-38.0785
-69.4953
0.110105
15.0515
20.4137
-135.629
6.50377
-32.9427
-75.079
-73.3853
-82.8902
-2.23994
-6.54075
-15.8614
7.0517
-0.355178
-0.086005
-0.18591
2.51267
-111.191
45.6669
-75.556
-16.1693
30.8279
0.504228
10.4743
-8.93488
4.89874
-16.6635
0.57208
1.05185
-36.6742
1.38685
0.694438
-10.7035
0.393971
-58.679
5.12145
-62.7052
2.03882
51.1995
0.456745
-161.969
-0.340432
78.2053
-9.02813
-16.809
-8.45576
-33.4377
-3.77491
-20.9614
-16.647
-53.5586
-45.9181
27.1084
3.99389
-50.6238
4.34552
-73.7572
3.29723
-1.51016
17.3351
0.171839
-0.274206
23.9124
-14.338
19.2073
85.4794
-14.5754
7.14659
-10.9891
57.6706
54.6167
13.6055
-4.26585
18.9727
-2.32368
-12.2917
17.6081
-48.8429
-35.1694
-60.2415
-41.8251
-40.472
34.8516
-7.65839
87.9093
-52.2222
0.737999
-8.79673
22.8092
1.47322
4.70377
30.601
30.5514
50.4757
0.434015
-78.3959
-1.08925
-35.9673
7.34948
37.8545
36.3919
13.2016
27.1332
21.3676
-6.41628
-140.421
-141.674
-15.5713
-75.41
-74.79
-4.01322
0.231711
-20.2919
-33.3312
78.6823
0.202975
-41.2032
-41.9474
-17.7853
-19.4316
-2.32546
0.862818
-34.2775
6.47238
5.61379
-0.189319
-80.8881
-55.1382
-38.3384
-0.44637
0.0312498
-1.42204
3.727
4.77128
0.344193
0.788073
24.5966
-2.9116
9.2344
-8.72734
-2.65957
14.9644
0.755415
-0.481666
-25.7611
5.89732
15.5555
2.11078
-27.2724
1.28182
19.3329
53.6817
12.7192
-18.5335
38.9965
58.3817
-121.478
-124.812
-12.7196
70.9057
88.6165
-77.4427
4.01043
-1.59928
23.7417
22.5644
-72.5206
5.48749
87.0356
-38.1176
-33.776
1.74616
-15.7915
56.0119
-62.1222
0.114043
-8.41717
35.6256
40.3606
5.13552
3.29253
-153.698
1.88835
5.44773
-81.7263
27.1085
26.7535
52.0135
51.9278
79.4333
83.3872
-59.2223
-76.4526
-56.7694
-59.5346
-75.7892
30.8426
-10.0849
-80.2288
-7.73567
-50.0246
2.87645
-6.22695
2.31989
-0.163565
6.99939
12.1818
7.09694
-11.0735
-146.714
143.104
6.46556
54.563
6.17008
-70.0932
-2.24219
-73.7733
10.9513
14.4456
-84.2074
-59.063
-12.0681
-33.2378
20.0387
-76.769
35.5262
-83.1851
18.0698
1.64469
28.3645
0.622425
-54.1062
-28.9651
0.842363
-8.05075
0.744281
17.2475
1.02703
20.9695
-7.99998
-6.86281
-75.5972
16.8425
-0.0910504
-1.46087
-63.6878
-1.06113
17.9652
-3.1175
0.517624
-74.1668
55.2
90.5247
-25.8529
5.43389
8.89825
-15.2158
-46.6491
15.4382
17.742
4.74912
-163.747
8.38135
-21.8435
-1.29456
20.7289
14.728
-5.10901
-66.8784
-21.636
7.25118
-13.135
16.6001
59.5615
-24.6392
5.40462
38.6391
-55.5629
-24.5734
-166.057
1.62425
38.7975
-48.2214
-26.4889
-13.7322
0.803034
3.15708
-0.230484
36.1827
21.3755
-138.397
53.6133
0.521263
4.59729
-0.403183
-8.80165
-72.0361
0.111711
-21.358
-44.1816
9.81344
12.0826
11.1864
0.988284
18.6139
-79.8132
-1.18885
3.29787
5.09337
5.29149
5.76081
-21.0719
13.2065
-21.0996
-82.0582
-1.07702
-1.00083
-21.2873
-0.471655
0.96617
25.3102
21.9587
26.2035
10.354
8.76436
-49.7485
0.633957
-0.538594
2.65473
15.2784
0.0821055
-0.00442188
-135.611
0.62843
94.0551
-27.1554
2.00441
16.3143
-14.1096
1.84275
1.2897
11.7034
-0.0654247
16.998
-6.69067
4.47484
14.9447
-9.72995
6.5415
27.8328
3.22993
18.2342
0.592276
0.103592
-2.37902
-0.371187
5.73865
1.837
-11.0834
4.93548
-6.68426
21.3391
22.5003
0.299346
-57.6734
-74.136
-94.1008
3.0348
19.8506
-0.152289
6.72402
22.4907
0.684934
-33.1088
0.507407
4.68467
-3.25445
77.0834
1.03638
13.3063
-1.45875
13.4213
-40.7739
18.7695
-15.2591
-67.5375
3.73197
-48.4916
7.38796
4.47931
4.98464
-3.16484
13.2932
-62.2093
-66.9526
-59.2757
-68.7231
37.4039
-33.5308
2.27874
-23.7698
-26.2255
19.0375
11.9164
-26.4673
23.2345
22.9908
20.5522
0.962095
11.8486
38.0507
2.15356
27.3851
4.9526
-3.41651
15.6793
-0.0648336
-0.493806
-10.6662
1.83551
-64.028
-68.5085
-52.4956
-96.1008
-38.9583
-14.5862
0.38642
-63.1198
2.58618
2.28418
10.7508
12.3154
-17.8341
24.753
2.61164
-3.46528
0.0426401
27.546
29.0573
20.4823
-15.6257
-72.2876
34.7228
-15.3766
11.2959
-59.451
-80.3007
-0.129341
3.40975
-2.14006
22.6797
8.20806
-35.9443
3.6098
-103.4
1.93494
10.7209
0.654777
-0.833614
14.0043
2.28952
-10.4493
9.79754
2.63696
0.391242
1.67915
-15.1543
21.1562
-21.392
7.45854
-59.3317
17.4612
63.7704
7.75599
-21.8217
0.447828
-32.3137
-122.117
-75.723
14.2174
-15.5469
2.68339
-14.1396
10.9995
-41.3586
-18.3141
27.5987
-0.713966
21.5806
-0.509894
1.46994
-1.29567
4.18543
20.8451
-39.6562
2.66361
2.28193
-3.76056
-5.66591
-3.06083
-0.0943023
-4.44194
-4.36289
3.37549
-60.347
3.23051
8.10275
11.1474
-1.25837
-53.3532
3.91755
10.2448
1.6191
-0.0171674
-20.9925
1.8507
-31.0477
-0.665777
-7.16322
31.0033
-14.1082
-2.26993
4.57492
13.799
5.74712
-153.495
2.06247
4.1584
-52.1783
-90.0529
1.93621
0.553938
20.5818
3.1044
3.53061
78.5914
8.12643
0.688083
32.2561
-48.505
-6.86681
18.3782
10.5433
-75.8249
13.0416
16.7424
-11.0396
-64.1774
-29.1271
4.45515
2.40369
0.175715
-8.15689
0.00280183
-1.10336
16.4872
-0.15574
-5.07398
13.4701
7.70084
-74.4919
31.6068
0.759527
0.872266
-13.3961
9.87182
-77.321
-20.0658
4.77531
33.9264
-14.1302
-1.98684
-10.4534
-54.5136
-0.171751
7.87366
5.70714
5.19036
-1.1903
-60.4205
-46.3106
13.9668
13.8542
13.4877
2.29344
3.87801
-4.51544
3.94891
0.00572685
8.31217
-43.9756
9.92814
5.58613
37.491
-66.3145
2.94943
0.678418
0.560049
0.0528711
19.2332
39.1933
6.64058
-5.46255
90.4368
-14.0978
-23.7657
18.2087
16.4242
10.8346
22.5708
-99.6489
-57.3818
-15.5667
-7.19118
-50.3276
2.44786
-30.8622
-0.158908
2.73633
84.5046
-11.0285
21.0895
8.59172
-34.9402
-0.223971
0.421487
-2.57572
-58.5882
-10.1892
-1.94212
-23.6257
-12.9896
0.655971
3.22105
-11.7054
-6.56713
19.2878
-5.277
-58.5902
-40.9207
14.8023
19.9715
-32.8411
8.92494
-14.4537
-63.862
26.3948
-1.85653
31.3654
11.4861
-23.5125
-32.8047
5.6831
1.76033
-0.471696
-82.8055
-0.881481
-6.95044
12.2724
-7.22266
1.18229
-0.266516
-52.9525
-0.364201
14.3371
-21.5927
1.62849
10.7013
12.9323
-12.6265
-131.622
-138.588
3.08669
-2.87806
-14.7209
-40.8623
-52.5833
-48.4233
36.8941
-159.619
26.988
1.73528
1.82452
9.01483
-21.8155
3.2229
12.6204
-58.0454
4.81496
12.2228
-65.2079
7.10632
28.4928
11.5471
17.874
-22.1519
7.40622
-40.7789
-9.29758
1.19485
49.7219
0.555505
-68.9178
1.97142
-0.257907
0.525322
-39.7492
13.2361
-150.842
12.8587
47.931
11.045
8.71282
-3.03944
-47.7939
16.9723
-0.0132565
-5.14012
-145.252
2.25166
30.3303
0.264261
5.46408
-40.6257
-2.51863
3.29475
-43.0332
133.932
-11.4003
-8.72147
6.24708
9.56859
5.94423
12.7817
-19.1444
36.4831
-78.0181
2.77086
0.629119
0.0642276
-32.6738
13.9706
24.6608
3.68947
4.13947
-9.48283
7.27086
13.3365
-25.9914
-40.3632
4.406
-71.3836
3.46095
0.364554
3.428
0.28019
6.25485
29.7062
-10.4995
-21.4947
-0.529555
0.487013
-0.198705
20.2159
2.64065
-51.0502
17.3944
9.19919
-52.895
-46.7515
-48.0575
-39.0611
-0.660565
-22.4262
-1.28047
-79.3883
-96.3066
23.101
-32.2057
3.46633
-71.962
21.9763
2.49758
1.80172
21.4168
19.501
-7.55743
6.54729
2.81303
18.3417
-16.6285
26.0487
20.6164
3.29603
1.678
4.19234
-0.515689
-92.078
-23.0536
3.42128
-12.6099
-66.3662
-0.522322
-0.379457
-79.312
-21.576
0.610995
19.016
-16.0321
-21.6397
20.6104
-73.0902
-95.9222
1.17494
-0.494858
24.6951
-3.25364
6.99096
13.8565
-9.8982
-46.308
5.96611
-0.504983
-0.460187
-14.6417
-24.9869
-0.329105
0.351216
0.119161
-0.32414
0.243331
-0.0235299
0.284821
-0.365888
-0.205901
-0.177591
-0.0137319
0.016869
-0.281621
0.115599
1.007
-7.0397
-1.46833
3.96879
7.11005
8.40399
0.763285
22.1223
-16.0197
2.08533
11.6372
-24.8644
3.49112
18.6779
-45.153
130.423
3.3607
3.32073
-7.40291
11.5885
1.29782
-71.197
-0.146238
20.4616
-3.61692
-27.9428
4.38151
7.66485
1.34416
17.1606
10.2748
-14.1869
14.6776
3.26817
-34.3766
-82.5469
-60.6326
-79.6533
-11.8618
11.4604
-1.66742
-152.71
24.6494
-2.04722
17.5613
0.106719
0.918249
51.6607
-5.40054
1.15368
40.1833
-41.4599
-0.0420264
1.44883
-34.1283
14.8853
-1.50949
0.0786795
-118.679
-0.743318
1.37971
-4.94833
1.90902
-2.5366
-54.5635
34.0676
-28.2092
3.42984
-161.005
2.34798
1.41172
2.36526
-0.602689
-57.2982
29.5389
-49.9601
-12.8116
-2.38332
74
16.9041
17.08
-47.8612
-14.0184
1.5285
-0.117444
9.70359
0.476142
-52.9835
-16.1742
-13.8938
-4.83323
12.9507
-13.323
-9.63295
2.04502
-17.403
0.50761
-28.2751
-3.09506
-31.3946
-35.0144
-15.674
7.53988
18.1598
4.70054
6.98207
-7.25939
-0.788804
41.9305
10.4512
-1.00356
-11.7756
-1.1052
-16.1027
0.29727
1.61634
4.69462
-2.54933
15.8614
3.52941
-19.273
-81.6049
26.6823
-0.178433
-59.2971
-16.9022
2.13414
3.75012
-71.2106
-157.745
-34.6703
0.456731
-28.6471
-38.0698
3.27705
0.0383523
-35.458
-2.26213
-82.8774
7.18521
-16.1497
-9.01425
-8.64059
17.8552
75.7987
8.72592
25.5276
25.3642
-34.216
0.998896
1.03639
26.5633
-33.8968
-35.5573
-83.2319
16.037
1.80176
-1.13916
-0.797205
22.8462
-13.0725
1.44474
-69.9932
-6.03247
-18.1111
-0.587959
1.18832
25.0694
-35.1122
2.75986
14.2402
0.0274049
0.468822
37.4923
-35.4323
0.558732
0.0921124
-27.2142
-88.0592
-68.4355
9.04816
-22.0402
-32.4787
24.844
-0.307029
14.5522
-7.27757
1.01618
-21.3945
-106.266
-16.0882
0.932764
-7.43989
20.7357
0.195399
31.2982
-40.0507
-99.9206
-34.9295
9.41032
-1.64412
-1.85027
1.77186
0.0681082
32.3546
8.27227
23.0064
-8.45078
6.85128
0.299043
104.36
-11.1921
13.448
0.68198
-20.0608
-12.415
10.977
5.6804
51.6898
-66.8139
-0.384395
9.22181
-1.29319
-19.0817
9.9958
10.4921
-0.331769
54.9353
-0.708304
-23.0133
-17.8101
-13.4492
-10.2398
-24.8281
6.83572
3.52172
15.8206
5.07457
1.64928
-20.9147
-16.2109
-30.851
19.5719
-62.9829
-20.6215
23.7212
-0.257503
-27.9659
0.459729
-33.3904
57.8946
-68.337
-15.1743
33.461
2.19311
5.5522
-15.0581
11.7912
3.10991
-2.00322
8.82843
21.3142
-3.64472
-1.26074
-23.1015
16.1143
-0.904727
-22.235
-0.742172
-23.1248
1.31306
7.93251
-8.89359
-12.6935
-36.8721
-40.4743
6.24582
45.9967
-90.335
-88.8061
-42.6655
20.3703
-28.235
-64.1782
-68.6784
-9.61472
-10.6779
-23.9729
-33.7276
4.58252
0.549959
18.402
52.8109
-43.6259
37.5915
8.47738
0.893193
0.677574
-0.456585
0.626028
-15.1888
-0.180206
12.6855
-35.4038
1.45254
5.14629
-55.2498
-82.5738
-19.2362
-32.9888
0.862184
16.3563
35.9223
-81.2959
14.5688
13.4336
6.57514
-71.9969
1.26798
33.1539
0.58518
-75.8895
15.2913
11.2504
0.335844
1.2058
0.218174
-15.0289
-11.3416
0.594249
10.2006
3.05846
12.3946
-72.9493
16.5618
24.563
-22.6457
1.8732
-74.4088
-15.7871
-52.8508
-0.612336
5.58032
2.62891
-61.6081
1.43925
15.6805
1.3444
-16
1.68869
36.9242
0.402457
1.44824
-12.4099
-136.315
3.22887
-7.40473
-51.856
-0.937431
0.655013
-5.15624
0.160118
-148.503
-19.9973
45.7394
10.013
15.5831
0.887767
7.48647
0.675004
3.05616
1.73724
1.18468
-12.0652
-16.9039
0.302399
-19.7973
-0.623254
-82.964
2.419
-4.19632
0.658817
17.0142
9.37606
1.09798
24.5447
12.6463
-17.5861
8.56221
5.34507
-21.3503
-0.327916
-12.6931
0.725173
16.921
3.16163
3.38048
20.8046
13.4925
7.96544
0.436343
0.279668
47.0143
28.1643
-1.09855
53.0324
19.6869
20.8639
1.2712
-55.4112
3.58001
11.4781
91.8564
5.13724
-24.1033
1.38942
1.20141
1.32525
5.47472
-1.05271
4.42459
3.33527
-6.14905
2.08535
2.07305
1.84362
0.0342656
16.9282
1.5928
28.6638
-10.1453
0.38601
56.2953
-0.950627
24.3144
1.14454
-44.0821
-11.1784
20.532
-8.66642
-27.4661
1.05949
-4.1339
2.82887
-2.87128
-10.5239
5.46023
-1.64796
-0.696913
-6.86991
4.13002
2.9935
3.09011
-12.0204
144.645
-0.144583
-2.68939
-2.43679
-13.1023
-14.2398
-24.3212
0.159071
1.48775
-1.40819
-3.66708
0.618083
14.5469
-36.6921
-4.05638
2.13717
33.5738
-2.61481
2.31988
94.5026
-11.5033
22.3661
27.434
0.271748
15.194
40.7338
11.7334
-21.5965
1.71581
7.81463
8.82482
-140.137
-0.928573
0.755058
-4.45963
-14.5632
5.24872
-73.4694
-8.54687
12.8857
-3.08064
28.3347
-0.937046
-7.81492
15.927
-7.47298
-14.674
-0.777878
-0.420304
-4.90927
-3.60865
-34.5873
8.52289
-0.28983
-1.15566
0.941588
2.09088
23.4574
-9.26984
4.09754
0.327173
0.194473
0.275419
0.00625211
-0.360439
0.384041
-0.380264
0.0586514
-0.38232
-0.313239
0.0306128
0.215833
0.00344515
0.242065
0.148675
-0.299061
-0.184677
-0.0594698
-0.0887102
-0.243218
0.0130546
0.00734794
0.076407
-0.240269
21.584
-74.0978
26.523
37.366
8.79024
-78.2866
32.4756
0.384056
-78.5401
5.39463
14.4687
-79.1022
-4.49366
-14.5257
-0.737912
52.6861
3.8199
22.2453
-75.315
-5.87352
0.804471
-0.772288
-3.33986
12.9576
-18.3811
-0.545778
-4.38097
14.4821
-0.423439
-72.1461
7.35528
2.52565
-68.8054
17.3099
-1.55573
-14.4649
7.72185
-0.784201
16.064
0.162202
15.3923
1.27245
21.8489
2.94415
-9.82325
4.43428
-65.3666
-49.1525
-16.5656
2.20119
-61.6544
-7.72507
2.84523
31.0905
-0.141564
-47.441
-20.7792
-14.7361
6.38409
6.01529
-11.24
-48.0156
-0.36747
-0.784307
8.35365
3.77766
1.67438
-74.5317
9.13102
56.1091
8.67899
-0.49275
-5.55208
15.4714
13.8814
3.86227
-50.0928
9.86961
3.03899
17.7765
-1.34029
16.2317
-0.386354
-0.861041
-13.5224
10.2371
0.264016
0.623407
-1.5117
0.720109
-58.9454
1.50026
19.8611
-12.4969
-1.3265
-57.2828
2.11602
1.05944
7.21629
-33.5568
1.6439
13.3763
5.86228
0.787469
3.02389
-80.8949
28.8618
-0.0209346
18.6962
-39.807
-20.6055
1.60467
-7.30705
-63.3128
27.4503
-0.645638
3.14143
19.8167
-53.5654
-1.45379
0.481787
21.8636
-73.8807
25.9823
-9.43227
-76.1738
21.8902
-16.797
8.2528
5.4424
2.76664
22.4245
2.83185
-62.5278
0.354681
3.28702
26.38
-0.0737097
-12.5385
0.483181
73.0124
-23.1161
1.50183
-0.121518
-0.48314
2.63608
-3.37166
-4.31599
-75.546
10.3682
-10.0768
-4.20355
3.35964
16.8303
-10.2732
-16.6913
1.18585
1.80967
2.45388
-0.148006
-0.622258
22.6952
1.40113
0.286679
3.63285
4.95081
-20.2556
-43.2608
-4.64056
-11.6172
-18.7104
-11.3509
-1.45361
0.69816
-44.2605
26.6256
15.2608
-19.4492
14.9821
-13.8233
1.71297
0.708454
16.1187
-66.0383
-16.2935
-17.0027
-45.4987
0.19265
-10.3658
-71.158
6.20787
-15.5044
17.5106
-48.3356
7.1854
5.73943
-15.2705
-2.17797
35.9742
1.80992
-9.35717
-0.206788
-52.3067
0.464752
41.9791
1.58151
-10.7268
4.39171
-31.786
-0.602659
3.64183
-29.7619
-2.00524
17.165
-3.83277
10.3413
6.26057
54.2237
11.1626
-25.5401
-43.4783
5.18447
-14.8606
-13.4487
-4.3444
1.21827
-55.7681
29.1133
32.2136
4.0179
-50.8002
-0.476554
-3.64058
-11.8799
15.1968
1.88675
-9.16158
-4.51287
0.773311
-29.095
-17.4905
-7.77188
2.63338
-2.26861
-3.15644
-6.20574
-4.32379
0.16388
5.02953
0.227024
16.054
21.5112
-73.6475
4.85922
8.91408
3.68724
-47.6371
-52.5715
14.5821
-10.7879
0.397883
3.31364
-3.33411
-56.6908
-10.8392
20.7274
3.39254
-35.3718
-68.1804
4.77154
-15.7381
-159.831
6.30715
-71.8041
-2.16574
8.29905
14.9948
-5.65721
-0.554976
-19.0128
14.3726
2.28907
-2.42271
-45.824
1.33545
-31.6858
10.6001
0.140242
-10.8192
-14.0909
24.9145
20.2405
-0.269665
1.24256
-62.0286
1.84858
-55.2787
3.53187
-62.0548
19.1139
13.1891
-3.30894
-1.15235
11.3497
15.7589
27.6427
-16.2052
-13.6771
21.0796
-13.2362
2.56277
-44.5953
11.1846
25.6768
2.34197
11.1156
-1.22133
-58.1694
-10.2532
-32.6226
-1.27786
27.6299
27.4426
-40.8622
-2.16076
0.0188921
-12.2209
15.8978
4.72023
-1.46951
-37.2183
-9.9014
0.694318
-3.87825
20.0615
-63.8122
-7.39798
-11.1118
-8.67052
-0.0320223
-4.87683
-20.7661
-33.9401
0.555991
4.19129
-9.59597
3.676
-30.7557
-4.69122
-1.23795
25.6577
6.11508
-5.23107
-1.09541
-59.814
-3.12945
4.58413
-18.8933
-8.32953
0.0838896
8.6157
13.2714
0.852631
7.7127
-17.7717
3.11441
-30.9892
10.3224
-3.80412
13.9869
9.08699
16.9471
38.4075
12.1404
-80.3011
-1.92738
3.55378
11.3826
14.8225
-1.76708
-44.7116
14.4541
11.4013
32.3956
10.636
9.8866
-77.1547
12.8671
-20.525
-13.834
16.4021
15.0357
0.865434
-9.17869
-2.0756
-6.90191
-9.75026
-8.62253
-2.56311
27.2268
-60.4593
36.469
-70.7094
-7.94941
20.8984
0.120489
3.13229
1.92315
11.5063
0.0498198
-51.851
1.51759
-18.9378
-66.6943
0.556563
-3.16568
-11.0502
31.946
15.011
14.0612
-75.4965
-3.93023
-1.52633
-7.17105
-74.8601
-29.192
2.17942
18.4916
13.1121
-0.153599
-20.1251
2.54403
0.397905
0.211318
-3.35238
0.821052
34.4794
7.90151
-12.9157
-24.0938
0.672664
-17.7649
12.6888
-0.989106
0.441642
18.3495
15.7117
-28.3589
-0.0800868
1.56665
-17.6856
-12.8518
2.26156
3.15614
4.79096
-72.9671
-79.2173
0.623553
13.505
20.2601
28.308
16.0861
2.19741
0.0137103
-0.984752
2.75109
12.7357
0.0151109
11.4846
27.5829
-15.644
-70.4117
8.85805
22.4786
9.80358
-86.1649
8.32969
3.68867
3.69611
24.5026
11.8747
10.223
6.08738
10.8812
-69.7492
3.69016
-56.1624
2.84562
33.225
-0.0599329
-12.0293
29.2584
0.447264
3.60976
11.1613
-30.0348
1.60539
2.02249
0.554794
14.4249
17.6709
-59.9722
-8.58198
5.01393
4.66968
26.9501
33.7202
2.43139
-59.8795
2.31853
0.595419
0.96864
12.0932
-0.635052
-14.0118
-33.5344
4.62275
-77.2335
6.99262
8.64522
-59.6843
45.7518
11.0627
-3.82681
0.783419
3.07835
-81.8068
-0.0688871
15.092
-4.65875
0.313825
2.58395
10.2622
11.8049
1.11923
-78.1674
23.8726
-3.30607
26.7167
1.00785
-49.212
-0.118217
35.6408
-72.4649
-2.65004
-59.4306
10.2457
9.23987
54.981
-9.13674
-71.7139
3.60415
-12.1002
-20.3972
-7.28363
14.5054
13.6491
-7.52162
-68.7485
15.4692
27.5091
-9.07495
2.65736
-39.9916
12.7716
0.575404
-70.643
21.6688
-4.6721
11.7326
1.34363
1.56954
-4.10929
-53.9599
2.05859
8.37009
-4.11295
-16.8242
1.94239
-6.62304
0.449512
-75.4987
17.1323
-57.4832
1.3702
-73.9895
-21.4485
-3.32819
-4.40873
62.7208
-16.5603
-2.64099
-13.4918
0.51086
9.37758
4.95307
31.3048
-47.531
-3.29853
-9.73314
-2.92144
-2.24874
3.17512
-3.79657
-0.00536204
-42.5976
-52.6275
2.8899
12.6321
3.26115
-68.8895
12.8819
20.8103
2.78694
13.5595
6.61676
-9.66485
2.00048
-9.20917
14.5664
-8.62673
-6.45906
-8.01682
-10.2311
-78.77
51.5584
10.8205
8.84603
3.38754
5.40976
12.0323
9.7846
11.2787
10.5014
0.432716
-2.51173
-33.7536
-1.35051
3.30924
-80.3524
20.0002
1.53359
4.45046
-2.76846
-79.5512
-58.5817
-22.0707
-1.71442
30.3077
-3.01021
24.0729
18.4179
-1.83408
2.11889
-31.608
-39.8767
-21.1443
21.4455
-64.1141
-46.8547
3.11509
4.28155
-12.5163
-52.1103
4.79112
38.0934
-6.52822
-39.6708
-69.6525
-19.4545
-47.6332
0.339051
-32.9472
-7.82262
-9.0457
-11.4323
-39.5536
-36.0901
19.6282
-10.2658
0.0509428
10.0235
11.8438
-39.5674
1.9273
-52.4857
-43.2136
3.12595
0.629038
34.9854
20.5918
-60.2849
-4.26584
16.2188
1.40587
-39.3394
13.4404
-56.67
18.8181
54.5805
-0.597516
0.92845
2.49472
-0.144173
6.34427
-45.9335
-50.7973
31.7142
3.57921
1.52579
-15.993
-14.2241
-31.3225
-38.8991
1.2545
-57.3004
1.40743
1.10321
18.851
-15.9178
16.0954
-12.0027
0.713874
-79.7197
0.267662
-15.6145
5.06351
-15.4016
-1.52981
-30.6329
1.35814
10.0286
-81.4508
-0.541227
24.7794
1.05932
8.32134
27.1393
7.451
10.6378
-17.1778
14.1358
-29.0369
-0.642136
-19.0234
3.01478
2.76637
20.5238
-33.949
1.31853
-25.535
10.8736
-44.5811
-26.0985
2.91288
-15.8621
-20.5021
1.35164
-75.5579
13.4738
-1.23337
22.992
2.52424
1.97744
2.71317
2.01007
4.94231
-0.103426
12.459
9.39227
5.76361
27.4878
-10.9038
9.61343
19.2268
8.028
-46.0939
-10.5107
-0.794248
-6.72284
-0.746766
-0.754772
29.6038
21.8244
-13.4854
39.8177
-14.7113
2.52368
0.948762
-1.06817
0.630961
-59.6438
-35.6736
14.1333
-0.891921
3.77874
-73.6598
8.54118
8.64903
-63.3975
6.74144
1.22897
-0.396287
-70.3568
-0.81202
0.988147
-66.9554
-1.05438
-0.865732
0.809662
-76.8053
-0.269918
8.56932
-15.1095
1.10486
-0.853223
7.79653
-74.479
-15.0201
6.4919
-1.05043
-25.9161
-9.56589
-22.9141
-2.9269
2.41209
0.538137
4.36014
-72.036
-16.6741
13.0402
-8.22837
-0.446816
-31.4465
-0.330867
8.09546
-30.7259
-58.7769
17.2634
24.4568
4.7552
-162.781
-0.150912
-1.52824
6.50699
-1.18955
-99.7624
-56.6049
10.3963
-0.374867
2.4575
-56.4037
10.9261
-19.0507
-28.0328
0.126147
11.091
35.3834
-91.7192
24.2663
4.70218
-15.5659
1.31638
0.705934
8.51014
-79.703
2.80172
-4.60259
27.8608
0.0940191
1.89084
-64.2274
13.8586
-10.0993
-8.77268
-29.7104
-38.6302
-19.0563
7.70063
-36.3648
-1.78879
-3.18422
-132.094
-34.103
26.1505
0.00844169
-0.135388
15.2434
-14.957
27.6709
2.42682
23.2531
27.9148
-32.4207
34.2619
16.8574
48.6008
-0.155115
-107.128
33.0267
-1.77147
76.4688
27.7007
0.0390451
9.01477
-154.535
-54.056
8.02558
11.1247
-16.6449
-19.0953
16.8595
-0.654963
27.9936
30.608
-44.4784
-13.8596
55.7764
-13.069
46.6827
3.49734
27.733
-109.652
-78.0906
-34.1039
-1.37447
27.9757
0.130617
-2.55206
-3.758
21.342
12.6395
35.8089
10.5684
-45.4842
3.51252
1.12528
-18.3652
-24.1784
-11.7737
-0.966976
27.1465
-68.3948
-65.7164
-18.456
28.7294
-44.8859
22.9232
1.20025
-44.3701
-85.9374
49.011
-30.8364
-30.7105
3.05428
15.5766
15.5272
27.582
-15.7459
-3.73303
-55.7978
0.12808
-15.1281
75.2521
4.06548
-42.7827
9.96819
0.00443135
-9.76504
-64.6099
11.3637
-4.78678
-0.429316
32.6198
-0.245224
0.881195
-8.7507
-1.69363
0.539055
-56.2165
0.598582
-0.477966
0.666041
-127.961
-6.23227
-21.1241
-49.5629
3.87501
-158.715
22.6941
-2.29952
16.2237
-30.0198
-73.2939
8.42033
-0.515418
-58.7597
-43.393
-71.4861
98.6228
-5.26075
-56.3467
-10.7905
-41.943
12.1022
27.745
-3.5288
35.2492
1.43529
-34.3651
9.10265
-50.3555
26.6059
-55.8642
-10.6614
8.85248
3.18829
-60.7234
14.0051
-38.4799
2.90673
27.0645
6.3187
-4.16663
-0.100726
7.58055
-17.7967
-9.07753
2.37252
78.5874
3.75576
-16.7895
0.463504
3.12638
-16.4588
-156.359
13.7547
-10.1313
-98.9408
-75.3408
0.75751
6.93923
-69.5852
-2.30758
22.4147
-2.44454
9.27688
11.7736
24.4245
-81.5188
-36.6903
27.3682
49.3092
-83.4262
3.08684
17.6433
23.384
-32.3857
-44.9238
-0.678437
1.56786
-15.5833
19.9008
-57.8816
-5.65262
-79.2222
0.728157
-80.733
47.0306
0.455723
-4.8727
5.46991
17.1318
1.36001
18.3752
-2.3918
-37.198
21.4872
-6.16295
1.43991
29.4561
2.50882
25.1719
2.9279
2.97453
5.24847
23.1443
0.584791
51.1888
87.1948
0.369018
-3.61413
26.1172
-18.6062
-20.6303
-21.3525
6.60299
-84.2592
0.859466
2.56322
-16.7842
-29.3289
-33.4115
-11.6079
-8.2562
-9.09583
-0.422203
20.8872
6.66611
0.314479
-29.5775
-5.5716
7.05234
1.50933
-22.9194
5.83974
27.4723
-0.209587
-14.4268
1.08766
-56.0897
13.9584
33.5866
-0.36041
7.16876
2.53526
-39.9734
-0.727841
7.01477
18.6224
-4.11367
-0.419392
0.0709866
19.1914
-1.31637
-0.0783835
-29.714
-41.3278
-19.0595
28.3205
-85.9639
-70.783
-58.0169
-33.906
0.193403
17.2208
1.99072
-24.1677
-12.9008
-1.56091
4.66826
-20.0435
-20.945
-57.5352
12.626
2.43071
-14.5166
23.3994
6.09997
22.083
-136.229
1.56107
-78.5591
2.04709
0.043338
-54.9956
-11.5395
26.6778
-30.0979
-29.8533
-1.35378
0.724973
-59.9813
-15.7149
-16.4497
-2.07138
-0.250467
0.510094
-0.857604
3.59414
-97.9074
-88.5141
26.7583
-7.96183
-66.6394
24.79
-107.722
-17.568
20.5635
-0.367563
0.653785
-34.0986
-0.287333
5.78442
-0.0514561
-0.701429
18.3127
-70.533
0.448168
-70.2042
2.34875
3.43189
-20.346
3.59811
-58.7133
6.83996
-0.561374
-111.67
30.9301
-59.2581
-14.5968
15.7812
-10.6772
4.63674
-2.82221
-159.097
-29.4673
12.0271
-72.7222
4.00664
-1.90318
28.9149
-57.1632
13.7775
-18.4161
14.9542
4.31336
34.3821
-39.416
3.46086
0.587269
23.6936
-21.5994
15.3409
-93.5896
3.91616
-29.401
-30.6158
6.16571
2.8765
-93.2206
-46.0173
1.06811
-6.88785
16.6611
0.110222
-0.42399
-28.9914
0.89642
13.493
36.6505
6.53119
-20.1408
7.98855
-83.0825
25.0541
18.6799
15.5467
30.5227
-67.2305
0.59056
2.00209
0.347292
-8.91739
-50.7165
-58.3028
33.6473
8.9531
9.282
-19.4438
24.5108
-2.44638
-0.871728
-3.79095
1.30859
-36.6987
-6.4744
5.14749
0.420464
-0.224867
-11.8901
-0.119984
-9.20734
49.7686
-1.19802
-13.9044
26.7032
-67.4891
18.1068
-31.6505
25.1656
24.024
0.268813
0.0131894
-0.0111496
43.9562
-80.7783
-39.8668
3.38252
0.106876
0.575451
-69.1719
-87.3598
24.6185
-29.6927
-7.73642
-0.328238
-0.0382661
36.0239
0.241478
-70.7174
-13.2073
0.57278
-0.932196
8.78994
0.191783
-81.5161
-1.51048
-0.339636
-1.96484
33.5602
-3.82444
2.95298
25.7056
3.71324
0.00715101
-57.216
2.19353
0.489326
-74.2275
0.959149
68.0951
0.597405
3.26789
7.0661
26.5152
33.4576
-26.2557
18.8706
3.04517
-3.22777
-6.28617
15.1196
15.6849
-1.0277
-0.00634713
-20.2467
-0.0150455
-2.73287
-2.13404
29.3468
-0.476856
0.611673
1.10848
3.00337
-36.2015
-34.5322
-1.47554
44.447
2.18094
-3.74759
-7.87339
13.0892
-20.1854
-19.8736
-0.426092
-0.569515
-40.8973
1.00718
-21.4642
-59.3813
-6.28345
4.37272
-1.99365
28.2047
9.5906
-3.30559
4.26494
-4.13843
-11.5015
-44.5103
0.443271
-18.1181
0.561968
-13.119
7.52656
-48.9983
-70.6687
4.56271
-12.854
-0.0403993
-52.3179
0.452892
11.3855
-5.23032
-15.5015
14.0685
4.76065
0.456456
0.422474
3.50268
-2.99477
-1.70994
2.90022
18.8389
3.39488
-32.5131
2.07929
50.5527
-4.7819
-29.3005
10.6233
33.2328
0.0978287
0.283061
22.0926
17.6556
-3.89284
6.10554
-2.55523
17.8899
0.145216
2.63637
2.25681
-65.1554
3.40402
2.1358
4.58947
-26.5853
48.169
32.8446
-61.0501
0.209444
-5.30782
2.11846
-7.26255
163.55
25.941
1.37195
-0.514161
-0.230271
-15.882
-16.3178
-19.7139
15.5889
-34.746
-0.639956
12.8426
0.379043
-53.9963
-46.5421
31.0067
-31.6322
-1.71467
14.8672
24.342
1.28402
5.96576
-12.5469
5.68569
-38.8357
21.7815
9.37604
-29.5446
39.0813
0.326792
9.68168
27.0605
5.19835
6.82732
1.49024
2.87468
7.34121
0.265679
16.1563
22.8648
0.105027
-1.41841
-4.73926
20.4386
-64.7552
-19.9482
7.61034
-0.0990638
-1.14891
15.9694
-77.6316
-2.57967
-1.09225
18.5736
4.93084
-69.6231
25.3738
-9.75517
80.2831
1.85534
30.7923
-1.82092
-18.3897
1.08671
6.91674
-0.0810021
13.1781
3.6718
9.41631
-1.95424
-136.501
79.3946
-13.4261
3.34984
7.77964
-1.69523
14.6508
-3.71998
1.37059
-73.9699
0.0866691
3.08681
13.4163
-13.0321
0.101903
-0.450619
2.71677
-53.914
24.3835
139.817
52.3649
3.00062
4.69979
22.3016
1.17562
30.5943
-76.1878
-57.7321
-1.22408
3.44745
-45.5567
-3.15444
8.73539
21.6642
15.9204
6.49284
33.8364
24.449
-24.1526
16.4204
53.2072
1.70284
55.0033
-0.916309
-9.24757
4.08777
-32.251
1.99283
-38.6426
-55.5767
-76.904
-16.8518
2.51683
-13.8231
1.91094
13.303
-5.23181
-0.758756
-92.1695
-41.0182
16.0733
7.49584
1.3128
16.7228
-90.0899
0.262364
0.28634
-3.64455
3.52577
4.70297
2.21617
19.4172
-1.84215
-1.46206
25.6698
-7.63427
22.5645
52.7596
4.0304
5.81348
-61.2385
-0.355769
1.26797
20.6001
-10.2715
-0.345172
-1.41442
21.5009
12.5589
-101.285
-76.2934
-16.3007
0.580144
12.9181
1.62122
-80.3835
-99.4418
0.111049
-54.3967
-80.2947
-104.928
-54.23
21.6783
3.53225
9.44815
8.7965
15.1577
-56.0374
-8.97244
-25.0827
0.2014
1.05927
0.761029
-37.884
-22.9062
-16.4791
14.3212
1.28657
0.626163
4.49298
-11.9583
-16.1672
-16.4156
-17.0445
-8.74387
-45.0816
40.5115
-2.12595
-104.808
4.47409
19.0793
4.59993
3.08764
11.7601
11.3276
0.718391
-12.7455
-14.4939
25.6835
-22.3392
-39.554
-79.5416
-23.845
-28.5692
-71.1845
7.98351
57.5164
9.03238
-162.627
11.5501
-23.1549
-0.196106
-43.6083
-87.7343
-2.7227
-8.67813
-8.20164
23.1483
-58.2799
-67.1598
0.905658
-58.6156
3.45755
20.7784
-7.60757
22.3037
31.0554
-0.590312
-53.1997
-14.4522
-36.2027
4.45183
-58.2928
-58.4274
-15.2766
23.1762
2.00569
-13.6914
-33.5857
-0.000769964
3.83737
30.5344
3.62793
26.0144
-10.1845
-1.58463
1.38321
-11.4812
-31.4955
-27.4948
18.5418
-39.5768
16.4574
-12.7958
-77.0315
-0.0113466
-92.7438
-7.60836
25.4252
-20.8085
-68.675
-20.1036
24.3303
84.3792
-24.725
-72.3841
18.6814
14.5332
0.788914
-28.4556
25.1981
-0.145581
-75.1397
5.19638
0.463002
-7.32796
-91.8743
-0.316885
-23.5359
32.6128
17.4754
0.556897
-10.9171
-17.1725
-68.9077
-75.8088
-15.2848
6.81935
-1.83199
0.724236
-80.3673
-6.48953
-31.1397
22.6688
-36.617
-20.2986
11.2697
16.6316
21.157
-56.2937
-68.9212
-56.5438
12.8911
-55.444
-1.64793
-0.629671
-71.6996
37.4661
15.6571
22.6184
-59.0458
-0.634475
-1.2687
11.4389
-2.43819
21.061
-73.3261
3.40063
-3.37193
30.2279
4.27798
1.3357
0.00442485
-0.442314
90.6913
-77.8612
-44.0927
-100.491
31.1533
5.35301
-48.6669
25.0363
1.93669
-0.0902694
-5.68049
-46.9047
-12.8352
-73.2879
-44.4467
35.7541
-129.769
-32.2693
13.713
-0.584032
-67.3548
-134.736
3.0177
1.16201
-29.4115
96.8586
-36.0954
-0.195789
-32.9829
-42.5668
3.9789
73.6269
11.1819
12.8262
0.67092
-45.0209
-47.3384
26.0411
-19.1216
6.34639
-3.68671
28.5171
-72.4463
8.33734
-11.7422
-25.5954
35.4121
7.42201
-62.9458
42.2771
0.707223
18.0901
27.3997
-21.722
30.6482
21.6513
18.1337
-1.66565
-5.14953
-78.778
-74.433
-0.338942
30.3144
2.2063
-55.9087
55.6748
4.22316
1.53899
-31.492
11.7759
-22.2345
3.23643
-158.887
1.49228
-0.0155564
14.7233
-7.4595
-60.6049
2.51194
-45.4803
3.39105
14.9297
41.8253
25.1474
0.253444
109.838
2.279
-2.56319
9.56514
9.17591
1.49641
42.2964
1.49115
26.3831
52.2048
-2.06611
0.520528
9.51236
2.81187
1.09127
-5.2045
-9.22628
-66.939
9.22913
0.605903
-4.54492
-8.80912
3.99157
-19.879
2.94547
28.4646
1.91412
7.28023
13.4248
-10.535
1.82023
-15.7922
-7.73215
-0.706621
161.808
-70.7922
-3.10983
2.70801
20.9263
-2.03213
26.6691
62.8542
4.91795
-11.7765
-142.867
20.1643
18.4057
-42.8238
-21.1705
0.603554
-6.78263
9.16596
6.816
-16.5166
23.5802
3.64942
1.6388
46.7633
-26.7531
-20.4171
-53.7431
47.0751
16.3488
-46.5775
0.676131
0.292662
0.537714
50.8809
0.587586
14.0029
-6.4659
-26.2599
-91.0445
1.22178
-38.0688
16.9963
-24.536
16.4342
-0.0220807
6.58861
-2.05508
2.01037
6.42748
3.18637
3.67048
-81.4865
0.00545315
1.07778
-3.57617
26.327
3.79174
36.7849
-17.471
-0.31466
21.2496
11.3452
-9.99521
-25.7091
-22.0446
-0.218169
2.6146
-0.07615
17.3999
55.6959
6.2797
1.76091
1.75814
24.985
-0.604087
9.33798
9.63121
48.799
34.3463
-19.2294
3.10976
-34.3041
7.95395
-2.81167
1.30638
1.07486
5.48696
3.06395
-87.3025
-0.455183
1.09508
-13.0725
-29.1733
18.0133
-72.4457
-66.6753
-1.45141
3.26683
4.93527
13.7708
-0.199443
-14.4562
-59.5035
0.355397
14.7783
-72.4612
34.9694
12.3264
-18.2765
-0.284425
25.3847
-67.2942
-50.8334
-41.5503
51.5453
4.09572
12.12
4.35722
-6.21255
-3.79288
-4.46414
22.865
12.6788
2.17846
2.4533
-138.818
1.31033
30.9138
34.6114
-3.21078
-11.3165
3.86939
15.0035
-81.575
-9.91484
-30.4128
-2.24859
3.05301
15.5843
2.94092
10.5941
-13.3917
-4.88512
10.6329
22.409
0.490957
0.433106
0.250662
29.7969
50.7691
1.37304
-53.8177
-11.4806
51.3442
-134.227
-0.510279
29.2885
-6.65762
17.466
-3.315
-12.7
43.805
-30.9188
6.27489
0.131738
1.01223
0.50306
-120.25
-0.0711167
-13.8002
17.8632
-65.277
-84.4346
-73.9615
-0.200268
-20.8841
-75.5631
1.04364
10.4524
-102.196
12.4357
-68.2336
3.64105
20.821
-0.901962
6.34119
22.4947
4.38119
-0.350108
-49.8406
2.01282
7.02267
16.3066
-0.295797
23.9935
23.8704
-80.1835
-4.12858
7.16619
-4.04106
-14.0496
-10.4778
92.4416
-12.7137
2.26795
12.5206
-31.5604
-9.19573
-63.1204
-77.304
17.9584
-57.8918
-31.7891
-7.81821
-24.1105
-6.89921
-88.6419
-0.215983
-70.8496
-0.408322
-48.1064
-85.4788
12.1118
-82.2863
4.22716
12.9276
-0.0535071
-12.8982
4.53071
-19.0086
-41.9184
0.332221
-2.91843
-55.0225
-14.0393
-45.6065
-65.8337
13.3715
3.25185
-2.00772
-1.6766
3.36426
-12.8678
-2.91652
-0.148368
-14.3002
3.23022
32.5134
-4.33023
13.279
-41.6833
15.7084
-13.7177
4.52401
13.5522
-6.09509
27.9864
2.1119
-31.767
0.197133
12.1836
-31.8588
-39.3463
-138.301
-47.1082
1.84389
-0.460207
26.9635
20.0421
-93.0019
37.6928
26.8486
7.47721
4.71891
-7.73686
-6.46865
-72.1021
0.0330791
0.887593
-7.44202
-42.3722
-0.00043057
2.40413
-4.46382
7.1789
21.0447
8.48928
16.2165
0.0421543
-1.09737
0.473267
-13.6187
-74.0916
-5.46095
2.08863
-22.7939
-0.113075
1.6493
4.52357
-3.38154
5.22163
-0.292175
21.0895
-32.3214
-22.9344
15.8429
3.46543
-68.6083
-2.66031
5.05617
0.033731
0.912302
3.87506
0.875109
-0.587633
77.1288
2.50596
-87.2022
20.9968
3.98752
-61.7198
-8.49411
-93.7575
5.55941
-0.0328226
1.99207
-10.6352
-0.721661
-25.4111
0.0396575
-75.4718
-54.4069
-1.38468
-27.4824
14.0623
2.00994
-70.7409
-6.05031
-2.53128
3.58447
1.07047
0.401049
22.4157
0.0925751
-7.91694
-81.6922
-85.8731
-10.4795
29.1705
0.321073
16.6502
-19.8376
-77.3779
-0.672617
17.7842
187.971
9.81326
12.1667
-0.750113
-1.96067
4.06294
2.22519
17.3672
0.147145
-30.9208
-0.934093
-0.346477
-4.91088
128.364
26.2489
0.242127
26.0484
1.36856
138.052
-3.29971
6.92361
5.04896
23.1919
11.7593
3.54362
-39.775
-43.2364
1.69686
-18.7694
-15.5433
18.0984
-27.3488
35.8748
0.401521
14.6554
-63.6913
22.2017
-0.322652
-10.7256
-18.0161
9.04995
11.6667
0.745207
-2.69602
19.5506
-11.4841
1.20696
24.7731
-14.6545
-125.272
33.4093
-16.4589
-2.78207
-6.23195
3.77233
-68.5944
-16.9741
-0.69488
32.4693
17.7337
-109.004
-1.05092
91.8146
-3.6291
5.45394
9.49262
14.4067
-4.51919
8.66655
18.5206
-13.193
26.2861
32.0518
5.05507
-2.34039
52.8948
4.96516
1.99734
2.05315
-14.5386
-20.0938
-11.9103
-66.7925
54.5385
-73.6084
-26.2629
1.27209
-3.35103
-5.04404
-51.6786
5.66966
-51.5933
-42.0304
-19.7082
-56.5435
-5.29116
-3.95026
-1.68166
-8.31129
3.86487
21.2201
15.424
-6.10901
-15.6787
-4.57078
0.676995
0.101385
14.3581
-10.1416
-46.8857
18.9112
-6.60159
2.61711
11.6507
17.3308
20.2837
-10.2813
-1.52896
-14.7688
2.85598
-47.7435
-75.7041
-17.3367
-9.86504
-41.7885
-16.5871
0.572745
0.878285
-2.72602
0.0291365
0.20783
0.239999
-3.80208
-157.814
3.09766
49.1915
7.64255
0.3129
-0.0170482
-2.48171
-0.605876
7.08919
-24.5298
7.78665
-50.6974
-20.3174
-75.5964
-0.206995
7.72439
29.0823
0.73093
18.8096
-13.8273
-12.5053
2.33985
25.4203
25.3401
0.00796261
-1.55137
9.39485
-0.723831
-89.0848
-47.2623
10.7197
4.96213
13.6172
-0.387881
-0.0329968
-15.0046
-71.996
19.5854
-31.1094
-78.5065
-22.1616
-83.2031
41.9825
-57.1419
9.57328
2.56788
1.11844
-81.5498
-58.8417
0.283675
17.4006
27.2312
15.7369
1.33551
44.4635
-20.2042
7.42942
17.8763
-1.62331
3.91156
6.42985
20.4214
-3.13655
18.4437
-54.5909
6.47417
0.382855
-6.7971
1.69643
0.521017
-5.84236
0.0443542
-31.6541
4.0515
0.128147
5.65224
3.72731
-37.4803
15.5623
1.87171
-14.1675
12.4574
15.327
-62.7394
-63.2516
1.93193
1.61214
6.82659
17.1432
-60.5203
19.1423
14.5267
2.92598
-36.612
-22.3132
-50.5323
-14.8476
-30.8255
0.300557
2.33568
-0.086764
5.98241
-15.4195
-66.8672
4.87924
-0.0845462
35.9983
15.9711
1.44679
-45.5716
8.99243
-15.4769
47.7817
-31.0356
-59.8339
4.49236
0.793231
3.01661
2.6046
-7.1046
26.3832
-9.41282
-18.9336
3.68942
23.141
1.30277
-20.1386
204.822
0.768063
2.76919
-0.104421
1.19844
-8.36634
9.48527
2.37927
-28.3157
21.2113
-81.6162
-3.33508
2.29593
3.2848
1.01041
7.81262
-67.3827
-78.2163
15.0166
3.08035
1.42296
17.6189
3.07502
-35.4841
4.29248
-3.1536
-10.0563
16.9681
4.2081
-12.1825
-31.9056
24.8763
11.4484
-79.5095
-0.540955
0.602974
10.059
1.58662
35.5648
-0.637772
11.1769
-4.34269
-25.2963
12.1978
61.5395
4.30473
6.74144
-0.0302967
-39.9752
8.51164
22.3065
-3.30946
-37.0886
13.1958
-73.8455
-48.7665
-46.3035
-13.0097
-35.7253
8.45117
-48.3657
1.64239
3.56896
8.58757
-12.7587
4.40525
-57.9948
-12.3948
-11.7911
-9.58406
-52.5934
22.3625
-0.0401975
-4.04252
7.09594
7.78587
-25.4732
-0.105628
-44.3189
60.0264
-0.260056
-4.4081
-50.0302
26.6235
1.31479
-27.9893
121.606
-18.3781
-0.554208
0.848503
-117.129
23.3875
-4.931
-37.4398
-13.5134
8.69156
-20.3209
-3.70455
39.7381
1.30596
0.701703
-79.1076
1.12101
-12.276
-11.8194
2.24944
49.0285
-65.1234
25.1136
36.9997
27.8663
-1.26175
-43.4564
-122.057
3.75466
-0.348665
3.10688
0.268988
-55.749
-96.8277
0.68659
-0.0470337
21.0263
1.04494
42.5723
-32.921
1.28117
-77.3996
-0.451513
-74.3167
0.684313
-16.1515
-4.1726
-0.0158963
-161.993
15.4536
3.6342
-0.0228364
7.51857
2.59055
-13.4812
-73.7643
-74.201
48.1695
-0.216411
-20.0219
-24.5413
-77.3915
-34.0852
-58.276
5.47655
1.85432
-19.7916
-21.4741
-73.4095
-8.99867
-85.825
3.01508
43.0596
-40.3991
4.03191
-57.3076
32.482
38.1888
-2.47156
-13.726
-8.16951
-6.81933
-69.1005
-50.601
115.216
-0.330893
-73.1343
-66.7786
-56.8345
26.0969
-19.5492
0.454447
20.5492
14.2395
3.79074
-0.26681
-0.419431
0.955332
0.210623
2.22505
0.018415
-12.1176
7.02269
-3.52274
-81.3168
-31.692
31.2184
0.785655
12.8571
-6.18852
1.20892
-69.9073
-42.3733
-2.73983
-0.10136
-12.5675
0.320542
-47.0951
-7.79697
10.1748
-122.087
0.422449
-12.355
7.90734
27.0507
2.02498
26.9675
-77.2279
4.49648
-67.0804
22.7235
12.58
-14.3409
-37.7177
1.96728
18.7119
25.3666
-11.8182
2.30368
-34.014
2.56018
2.22836
18.4409
16.8064
3.19216
9.86301
-36.2481
1.6365
0.15706
2.20673
-26.3673
-42.8859
-158.967
15.17
-31.7567
-68.5184
0.229363
-10.7672
-0.183787
-0.192386
2.42781
60.6983
-29.7476
-141.935
3.31639
-2.52138
-0.584415
0.887345
20.891
7.77795
16.4017
0.221644
21.1213
-12.2959
-83.1346
29.3179
7.63294
-28.5145
18.636
19.9061
1.55302
5.27856
-12.1114
11.2728
0.221584
15.8979
-70.5389
1.05683
-51.3209
-10.2894
42.7359
-2.5014
0.163067
-28.6195
-100.39
0.377558
-109.016
-0.220519
0.410375
-76.5945
4.5531
43.5574
2.33859
10.7228
-55.528
22.8591
4.51859
-29.7717
-1.84516
-6.00077
17.2557
0.0132603
-34.8002
0.344193
28.1154
16.7625
36.3683
-6.88028
-54.7302
-32.6917
20.5948
-21.3404
-49.7415
-0.38635
-3.94235
-0.79253
-18.4695
54.2113
19.5837
17.2959
-50.696
10.2291
3.00375
25.0369
-3.1399
4.61312
-87.1214
5.13414
-149.214
-5.01278
-0.159159
-0.68014
0.564764
5.6785
-24.164
-16.879
-1.88005
-4.19132
-0.267407
-25.4226
34.9866
44.82
-1.55093
-13.3865
-0.311304
0.393815
-8.924
-68.4465
-0.86772
11.1691
1.09246
10.1484
5.4832
-1.20257
1.49076
-0.114413
-19.5614
1.46614
-12.5061
5.02833
4.19017
3.21974
8.67593
0.419601
0.272309
0.364084
3.3193
6.70042
4.07508
83.7383
-0.573731
-24.0982
3.54034
16.9563
4.44767
-25.1588
9.6301
27.3552
32.121
-0.214177
5.04249
0.206985
23.0806
0.0605417
-71.1306
96.0019
-2.12091
-0.347352
16.7613
-1.03824
-66.6833
-14.2603
-13.2484
-24.7193
-18.6077
1.58566
1.23405
-42.7222
31.4404
-39.5071
-44.5803
-57.6223
-34.6659
-73.6682
-70.8117
20.642
20.2451
-126.451
-10.8448
0.38489
16.3639
-111.974
7.08815
-23.8932
24.6075
-21.1459
-86.697
-29.1582
-55.5427
-68.5435
-142.274
8.93627
-54.9064
0.421739
-0.012158
-0.870558
4.21914
-16.9231
-80.4324
-71.2239
3.35818
-0.0327871
-20.8011
9.82273
28.7363
4.12715
25.0327
-3.18045
16.9115
2.54389
4.12704
19.553
2.83171
6.60939
25.2595
9.04112
-0.828556
-9.02059
-38.4412
11.1254
1.61892
-1.41919
-60.938
4.77688
10.3226
0.174518
-93.0833
-11.8506
-109.897
2.57059
2.0836
2.35707
-12.298
-8.36316
12.2653
-64.919
-68.7857
-27.7858
11.0905
0.0435876
-167.486
6.97445
-37.2485
-0.309438
-12.0004
-10.2284
-83.2627
29.4927
-56.1009
-20.7284
20.5045
0.37848
-1.88349
-45.9626
6.58234
8.96463
-0.315573
10.8689
-10.5035
10.6648
-45.4792
21.7638
9.49988
0.522277
-49.0823
-22.7004
-24.9696
-9.03932
-16.7365
-52.1506
-10.8442
-2.53092
-136.99
4.90189
24.2704
-1.82405
-0.794859
-32.6307
28.021
21.2692
-81.8605
2.35976
52.1923
-32.4782
19.6097
-163.014
-69.7226
56.941
-65.4879
13.3294
-10.8719
-5.04262
-59.7234
11.0216
-7.81427
-47.6084
0.148031
14.9594
23.3871
-3.92336
18.8557
-23.6458
-0.00220893
-24.3813
-27.3854
-34.7997
-32.5219
1.19695
-32.7847
-6.92918
-45.0934
22.0434
-72.6387
-83.8947
-157.964
11.6189
22.5536
4.42418
-153.731
22.2688
28.9258
-3.68209
-22.5845
7.15109
0.254597
14.2508
38.125
-43.2392
43.5758
3.30453
3.43497
-3.31348
43.7538
12.9481
-65.1494
-4.03532
1.38283
-8.51063
-0.0574475
-56.5958
-84.7572
-103.728
-0.30054
3.06023
30.9721
16.0004
-1.46448
34.7693
0.716187
7.59538
-4.45659
-9.37603
7.17732
-82.8515
24.6374
-64.7452
3.80838
1.7252
-1.21714
34.6377
-3.64336
42.7142
36.1463
6.21666
6.98025
0.117942
-0.376723
-80.661
2.0689
22.265
4.96655
-61.663
-4.81653
-4.78821
-82.1743
1.72494
-6.89657
1.4893
-21.551
28.2947
14.5902
-6.12776
-46.03
0.065569
3.32954
2.64697
12.416
6.28971
35.3222
-58.6181
-0.0196567
13.7248
-54.1762
1.05451
-81.7473
-3.71863
-97.3237
-18.9426
-0.458101
-23.481
29.5029
-44.6465
24.3702
-1.27311
8.6644
1.89311
10.2139
-20.5912
21.2616
0.166497
-0.411133
54.8985
3.05366
-10.8571
34.8138
-12.0796
-0.310225
-4.34048
-28.5322
87.6194
-29.747
-1.62578
-161.384
-46.882
2.4223
-57.3124
-35.8428
-4.46459
-81.2621
30.3804
1.83868
42.7099
0.512798
-73.243
-6.87188
-64.1382
33.5641
-53.4475
15.4135
11.8103
-10.4497
5.02822
-12.2629
-33.4571
5.72059
0.978431
0.929176
10.6685
-20.4694
-1.91147
-59.2732
11.5127
-142.501
-0.747671
0.350471
9.9326
34.4644
2.45045
-129.717
-21.0037
-3.97053
5.48621
8.90015
20.8193
-9.12718
-142.693
15.6723
-14.6536
-76.2766
22.5745
1.05403
28.9436
-2.05682
-94.0192
-40.698
33.6956
37.1896
-57.839
-57.1027
17.9289
6.93757
-6.76036
-30.0259
-4.1678
11.9598
24.8907
-3.71387
3.14282
-3.51904
-54.9247
-8.83829
-127.568
3.40116
29.6568
15.4653
-41.1614
-3.05754
-48.6012
-17.6515
-0.691968
-2.83582
-33.5779
-0.32694
-6.89478
-77.9536
2.73128
-81.8475
6.56297
-24.0197
-167.18
-0.162732
-29.3507
10.873
-61.5374
-8.59919
-0.578729
11.3398
1.44973
0.793259
-1.44079
3.37067
-2.85257
30.3921
-0.227422
-87.8113
-63.3695
-2.22583
14.2214
-31.0976
1.32954
-3.43714
12.9344
15.7085
1.40504
10.2245
20.0292
9.55973
7.30356
4.35712
39.7496
20.2115
-39.6121
20.8057
7.51921
0.853548
1.32775
-7.22376
4.74359
-152.369
29.1677
12.0672
-75.2063
-73.9594
24.1649
1.10907
15.4146
-33.2412
30.2387
-25.5673
-8.51564
53.8623
-39.0671
-149.937
1.39373
0.630418
-0.331409
-15.0656
5.88557
79.9323
10.9388
7.76793
-76.5363
2.319
0.387441
-12.3811
0.610313
-64.5565
16.3189
-54.11
36.1566
-151.764
-1.14293
2.47317
9.20044
-72.2989
-69.3547
-73.7956
13.5108
-1.15467
-28.0481
86.9569
-1.73461
4.59793
41.2366
-27.7223
-33.1389
-21.4049
-70.3649
10.8836
14.5885
-33.416
6.09472
-1.82321
-41.5809
0.681846
-5.59419
50.3907
-69.694
-31.3227
2.47794
-46.7102
-13.3429
115.659
-154.436
-51.4845
3.2635
0.530403
-84.7773
51.9462
-49.9483
0.0316473
-82.9735
38.6039
-8.49135
-47.3141
84.4817
-5.68371
2.60821
-75.02
6.90491
29.7862
-48.9286
38.689
57.8513
-53.9328
-63.9188
30.313
22.43
7.23939
1.07689
12.2963
0.832934
-1.34635
-13.6355
-20.5821
41.2804
-57.9749
-0.491058
1.09101
-50.6314
18.998
22.3103
-1.1305
21.7936
0.18837
-9.08239
122.8
39.9485
4.43518
-74.573
10.7372
24.9475
1.26259
32.5774
1.00525
-54.7868
0.721733
20.5417
0.26867
-97.4848
-0.677208
39.8371
0.335023
4.71348
-15.3051
-145.251
-39.0685
14.0405
-12.4506
47.4622
10.8301
4.36836
29.9707
42.7893
38.9024
0.21426
9.42486
5.42948
-47.2337
-4.88528
-27.6568
-0.524231
13.6976
-4.52635
-8.59988
-63.1134
-9.75054
31.8282
27.247
54.5137
13.2137
19.2599
-34.4542
-9.14543
-67.122
39.8994
43.3238
-19.972
-0.403514
56.4248
-16.8764
6.68868
42.8433
-75.1291
23.6241
-6.30718
-38.9807
2.78783
24.0817
13.9245
-69.5307
-24.0992
22.5057
1.27923
6.41738
3.38334
1.00101
-50.4638
2.41451
-4.21338
41.1689
-67.9594
-3.43697
14.9523
32.753
36.0845
21.2467
1.05735
-122.106
59.5424
37.6951
11.0786
-89.1322
8.57753
30.6105
5.00492
13.7872
-49.2665
18.9142
43.9042
6.83431
-28.7223
-33.1432
0.28113
-32.785
21.1955
-86.5717
41.0316
-0.630586
-18.3647
44.8933
-55.2065
1.01806
30.7687
-60.2331
21.4991
-104.616
7.45499
6.66887
19.6172
6.56585
12.2348
-62.258
-1.55782
-33.4443
-65.3182
23.7456
10.9988
0.076612
-36.6316
29.82
-26.2715
0.159725
0.792474
59.1605
55.7909
17.0404
1.96242
23.2186
20.6225
31.2289
52.333
0.235646
6.83716
1.46296
-34.3654
-4.57081
-19.4945
-17.5428
3.41324
-12.9358
-30.1217
-55.829
10.22
-19.1826
0.485088
24.3159
24.1999
-27.4468
-42.0764
44.8491
0.278949
-4.02472
-1.28865
9.36049
-0.0284689
6.06776
24.7482
16.0424
-15.3663
-43.6893
-82.4183
3.44496
-2.59491
1.07795
4.19533
-9.95598
0.0778062
0.577533
-7.30946
13.356
0.211871
-1.28546
-69.2676
-66.8051
-138.824
-14.8055
6.25109
13.5103
-4.01046
2.34836
14.1205
9.60835
-72.0553
-16.7081
-7.44351
-1.6467
29.1965
-20.7355
-0.0365055
-21.2344
-1.84607
0.682162
5.70984
-4.02265
17.8972
-2.22612
41.9691
-19.8364
13.9179
0.261811
-3.01684
0.328138
24.0368
9.56978
-1.24639
28.2014
-7.14829
-5.81444
-1.13541
-51.5051
-18.9262
0.678941
-0.267539
1.72898
-2.88506
7.24811
-0.330854
-51.0227
1.87377
43.4829
0.19568
0.462001
-17.7699
-6.08648
6.7051
-4.75338
20.6561
-46.7798
-12.4852
-71.9772
-1.3349
0.730404
-4.21369
-2.86482
14.9406
11.9575
4.08885
2.70345
-0.0613862
-4.65898
1.42562
12.4554
31.1667
7.02916
-12.5157
1.43308
37.3333
8.26617
-0.43077
-14.7202
1.40264
10.0053
20.3551
2.15209
11.6393
22.1626
1.56046
25.3906
2.10457
21.3571
0.50505
-0.0115242
0.841134
44.6547
-1.76405
8.64793
-30.2032
-21.7891
1.29521
-0.0593852
12.6559
0.642044
-70.6527
-6.71763
0.28763
6.6017
-3.2469
2.26586
70.7346
2.91922
6.30688
1.83709
-76.0626
-19.4799
1.39207
1.81758
13.4667
46.977
20.7371
-0.00282652
1.77573
16.3603
-36.9831
8.50169
12.5401
0.567785
-159.058
22.6514
1.08961
-74.8763
-6.82312
-3.01056
20.284
0.628427
23.6874
0.517826
5.29091
22.837
20.3664
-8.19074
15.3258
-84.8921
-11.2146
-71.8364
-7.09276
-1.41264
-18.0245
-15.6896
-8.93954
-6.15286
-20.9155
3.48434
-2.81296
-56.1056
22.281
-3.8666
-14.1513
-3.56123
-17.6134
20.4405
20.7141
1.11282
-141.096
0.235253
22.2841
41.6071
36.2648
10.17
2.24334
2.11063
-3.68632
18.6312
20.9942
22.6479
0.195613
-14.1344
56.7554
4.98312
13.8583
-74.829
1.81227
3.29286
1.00536
11.2404
25.1787
-10.0555
6.14914
2.56878
-22.3086
-0.146335
0.0895831
-9.84685
-26.1076
-8.53396
-15.2905
-1.47174
12.7836
22.6898
-9.22671
20.4271
14.4363
-4.71762
0.522614
-45.3072
3.21753
3.80145
-1.76926
-13.673
0.884156
-28.291
-0.845535
-1.04301
-157.109
-101.672
3.96808
-23.282
-142.262
-45.9844
3.36265
-54.7554
7.26973
-0.405198
0.175081
3.38025
-51.0933
-7.52251
1.66967
-11.5214
0.589207
-2.48342
-12.0114
-8.20186
22.6359
2.14666
-6.63596
0.00312489
-0.337394
10.7587
5.57259
43.3962
21.4859
-50.8576
-38.565
-13.7126
13.5374
-2.10956
3.22737
-63.2482
16.0026
42.9093
0.960046
12.1687
2.17005
-53.822
-39.9946
0.596935
-35.2145
9.36374
3.71757
30.2127
-18.9391
22.4775
3.59385
22.1295
-11.6505
1.73249
-12.4578
-76.2745
14.0096
126.306
84.268
3.11314
21.0115
7.7608
0.943969
20.6623
1.12711
16.6803
-1.27201
0.626633
-19.8552
-74.0533
-1.2368
45.4238
-0.216184
-35.1036
4.69719
21.9368
3.39791
5.18329
-65.0353
14.18
111.106
11.8491
2.07346
3.56516
-67.3195
-16.1438
-13.8675
0.612933
-56.442
-2.50747
9.24294
34.2379
-39.5635
9.70785
17.1407
-37.8642
16.5807
14.1131
30.3247
-2.74299
-13.4754
-0.03402
1.20302
12.881
3.65055
9.20918
-73.243
0.109912
0.221155
24.2042
-15.7364
-77.6092
4.61746
-71.8767
-5.74468
4.69213
5.15531
0.961595
3.0356
-3.42098
-1.5358
4.72447
1.03494
22.1226
-26.2324
21.8387
22.4236
1.11921
21.3302
21.3127
-25.3743
0.0663646
4.42127
-0.00852486
-30.7761
0.869904
1.50399
-23.1232
4.15693
-69.0861
-57.1955
3.37155
1.21709
-38.1482
0.400034
-3.94464
-3.02287
-6.28933
-22.6747
6.96323
15.9484
24.1624
23.0682
-71.8251
15.8106
-49.251
-4.07306
21.7397
13.5864
1.33015
14.9228
-5.93031
-23.4818
0.737248
-14.6569
-9.63374
2.49091
-49.6815
-49.9593
1.0273
7.64251
26.0525
0.96113
-53.8176
6.55803
-18.1123
-0.563092
3.13484
-30.0856
-63.9415
-19.3721
-70.7059
0.0714021
-41.1244
-40.396
-1.16962
2.60689
2.0283
53.4705
-1.51556
20.1163
1.02726
-71.5549
-73.81
0.501747
16.1809
-7.98394
8.29017
-0.237428
0.0772007
-0.186278
-32.6199
-21.9458
8.55098
13.7673
3.82757
-20.857
3.11612
3.41884
-12.8349
3.67501
9.0853
-46.6691
0.147948
-54.1833
2.84085
-0.748921
24.4113
3.06684
4.50333
-2.96607
16.5213
56.5354
9.82588
1.20952
6.35864
-20.7107
-2.96883
-85.9207
-62.5496
-65.4974
-2.06357
-70.3027
-7.74551
6.64818
1.97139
-14.0024
38.4942
-36.5269
-26.2498
1.42108
24.6873
4.81205
34.9542
-3.58546
-0.251448
-86.0418
3.46312
6.7138
-1.21145
-74.0908
-22.6228
3.37606
0.496159
-13.117
11.0121
22.4632
-1.91578
-56.59
-35.3078
1.27698
3.45402
-90.3106
-7.71505
0.928172
-49.0815
12.9599
11.624
7.07262
-106.047
3.51921
37.2501
2.37132
-0.263226
13.5609
4.27288
-5.13323
-72.8522
1.72702
25.2207
-59.7481
0.979498
1.09011
-41.3017
-52.9545
-0.227508
-68.2553
1.11312
-33.661
28.2338
2.77988
10.2191
4.50581
28.5345
-68.3158
-5.65942
-18.4906
-4.70016
22.5061
-56.2012
15.9733
-79.1512
2.68002
-1.89993
9.65461
0.151501
14.4291
3.73327
-20.1337
-19.3989
-20.0476
-2.25384
5.28206
19.6541
-19.497
41.1104
1.4441
3.9071
21.1953
1.50995
23.4785
-148.591
1.08353
23.3231
-56.6604
57.3918
55.6347
-52.2718
0.525489
6.30219
36.2578
11.8192
7.57536
-21.5547
-2.62515
17.451
38.7925
17.4659
15.3021
1.27572
-8.15095
9.30594
-11.6098
6.83763
-0.0190639
-66.2942
-1.67042
12.3394
10.7544
31.4892
-3.85123
-0.991628
0.814137
5.29547
20.1638
6.38726
15.862
-20.1848
-77.9138
0.105157
7.92266
9.70983
-9.5084
12.3152
20.6721
0.113236
49.4694
15.0574
37.9931
-78.4953
-1.70906
-65.2149
-71.2253
2.57669
-5.63874
-3.01064
3.25637
-1.60734
11.4863
-13.2392
-0.496132
5.36
16.1432
-4.48617
24.0328
23.9312
27.1443
-50.9214
-14.5106
-0.111183
6.27343
10.7985
0.0897464
-32.2814
-61.5282
-1.85798
-0.303403
19.8559
20.784
0.592649
-20.379
17.3379
0.728895
-6.04926
1.31629
6.62711
-1.71342
3.49562
16.0744
0.119077
0.0563339
7.78102
-73.4186
-29.3604
11.9811
-0.301138
-24.4865
1.34472
-19.7325
11.4759
-2.05963
15.2965
-11.9158
-59.7556
-3.10376
35.2398
6.90787
-101.264
1.45187
4.48945
-0.287316
19.1534
3.69697
1.15845
8.55688
-0.108084
0.261366
-36.9772
-43.5922
-22.1073
15.8701
-10.2534
43.09
0.669793
-40.7626
-13.5286
11.0677
6.41927
1.04437
19.0106
-8.55084
4.72555
-6.31679
-76.4567
0.993893
32.2814
0.331421
-76.9005
11.9655
-2.04918
-8.59575
-7.11818
3.52557
-0.0772478
6.56731
-2.55437
-1.28232
7.66995
1.59773
-2.16218
-65.8101
-42.4096
7.1835
1.24079
1.56642
-3.692
-63.5979
5.9262
-6.93544
39.3615
-48.2576
-47.6358
-164.491
22.8976
4.7194
-0.404814
17.4001
7.95304
8.90858
2.28538
4.13161
6.55403
8.97744
-5.50202
-67.9611
-36.654
-19.9174
-5.56286
1.29177
-84.4821
0.544495
23.0707
32.1657
-77.948
1.62727
-52.9636
-29.2519
3.6277
-16.0922
13.4481
8.30769
22.0119
190.438
7.56334
30.0807
0.431581
1.96859
4.54084
-70.1337
-30.0958
-9.5811
6.49229
-20.7313
-76.2523
-0.524861
-20.7753
7.35891
4.30728
-32.4133
-8.9758
-1.38919
-38.1411
-28.7475
-0.314992
10.025
-1.68886
7.39157
-5.3647
-2.7108
-74.6864
1.44274
24.2913
54.1161
0.0724312
-29.9442
2.67607
70.5174
-58.4902
6.94294
-8.1159
7.16251
-1.89037
22.0129
4.42944
-0.0278669
-0.0548835
-0.56006
-3.64682
8.70461
7.40795
-0.180619
-4.95705
20.9504
13.1374
-21.8528
-1.47411
-1.95567
-10.331
13.2783
-54.9916
6.94525
11.628
-70.8026
11.3976
21.2942
-20.9062
-86.8869
-1.81915
23.7087
-77.861
7.09055
0.289935
-0.487101
-1.12385
-1.75065
9.9218
13.9622
1.44111
12.9407
8.97738
-32.218
51.789
8.19884
2.97895
4.30577
-0.35418
37.3917
180.908
-3.54213
-10.1606
3.06311
-73.0164
-50.2385
1.50348
-55.2972
-8.61868
-8.77522
0.493034
12.8547
-7.21326
-11.0005
-35.4807
-7.4357
-8.4396
13.8509
-0.0141096
-1.69858
-11.593
-19.2366
4.6846
0.280014
0.314375
0.19291
-12.4079
-9.70603
11.3364
-11.7035
-4.96276
-65.3609
-49.113
6.27232
11.9998
-0.510186
-6.93489
-2.56621
-12.8818
16.5169
14.2472
-13.4223
23.1666
-26.2711
22.7104
1.07343
-50.1746
-85.5113
2.09062
9.13837
0.451006
3.51577
2.63083
-9.61661
-2.17658
3.77311
-9.19781
1.13399
0.614866
8.87791
-9.68502
-4.53441
0.933773
13.2077
8.96845
24.5843
2.45858
1.23485
1.13885
1.27317
0.911244
-52.8853
-1.96049
-20.3097
0.169001
-6.55145
-2.99101
-0.00421853
-35.1712
2.93493
2.91282
-2.40983
-18.028
0.96239
-4.60876
-20.5586
-0.682568
-10.0503
-70.7896
-0.492338
0.122066
-27.495
-0.771694
-5.21933
13.323
-25.066
-27.4356
-0.559788
0.0923162
-30.6667
-5.05956
8.32467
-20.0374
-5.04547
5.308
49.0533
53.3981
1.79534
)
;

boundaryField
{
    frontAndBack
    {
        type            empty;
    }
    inlet
    {
        type            freestreamPressure;
        freestreamValue uniform 0;
        supersonic      false;
        value           nonuniform List<scalar> 
32
(
0.296646
0.411669
0.385539
0.414229
-0.283603
0.182589
-0.21616
0.296667
0.369922
-0.259634
0.339043
-0.144025
-0.227979
0.208249
0.0449685
0.401632
-0.27506
0.340951
-0.170086
0.242014
-0.277002
-0.191254
0.115529
0.239865
0.35183
-0.234047
-0.257484
-0.084228
-0.0224942
0.391738
0.147403
-0.205655
)
;
    }
    outlet
    {
        type            freestreamPressure;
        freestreamValue uniform 0;
        supersonic      false;
        value           nonuniform List<scalar> 
32
(
-0.0164058
0.00963716
0.0145645
-0.00757656
0.143229
1.47136e-05
0.0967733
-0.000135256
0.0386223
-0.00133132
0.00223277
-0.0354192
5.47572e-05
-0.0708233
-0.147634
0.0240046
-0.000132111
0.121412
-0.0509417
-7.16419e-05
0.000485695
-0.12025
1.47496e-05
-0.0975809
0.000650774
0.00381497
0.0640198
0.0547751
-0.000188372
-0.000730606
-0.00300291
-0.0214335
)
;
    }
    walls
    {
        type            zeroGradient;
    }
}


// ************************************************************************* //
